t_s,count,theta_rad,x_m
0.0000,0,0.000000,0.000000
0.0020,0,0.000000,0.000000
0.0040,0,0.000000,0.000000
0.0080,0,0.000000,0.000000
0.0100,0,0.000000,0.000000
0.0120,0,0.000000,0.000000
0.0140,0,0.000000,0.000000
0.0170,0,0.000000,0.000000
0.0190,0,0.000000,0.000000
0.0210,0,0.000000,0.000000
0.0240,0,0.000000,0.000000
0.0260,0,0.000000,0.000000
0.0280,0,0.000000,0.000000
0.0300,0,0.000000,0.000000
0.0330,0,0.000000,0.000000
0.0350,0,0.000000,0.000000
0.0370,0,0.000000,0.000000
0.0390,0,0.000000,0.000000
0.0420,0,0.000000,0.000000
0.0440,0,0.000000,0.000000
0.0460,0,0.000000,0.000000
0.0500,0,0.000000,0.000000
0.0520,0,0.000000,0.000000
0.0540,0,0.000000,0.000000
0.0560,0,0.000000,0.000000
0.0590,0,0.000000,0.000000
0.0610,0,0.000000,0.000000
0.0630,0,0.000000,0.000000
0.0650,0,0.000000,0.000000
0.0680,0,0.000000,0.000000
0.0700,0,0.000000,0.000000
0.0720,0,0.000000,0.000000
0.0750,0,0.000000,0.000000
0.0770,0,0.000000,0.000000
0.0790,0,0.000000,0.000000
0.0810,0,0.000000,0.000000
0.0840,0,0.000000,0.000000
0.0860,0,0.000000,0.000000
0.0880,0,0.000000,0.000000
0.0900,0,0.000000,0.000000
0.0940,0,0.000000,0.000000
0.0960,0,0.000000,0.000000
0.0980,0,0.000000,0.000000
0.1010,0,0.000000,0.000000
0.1030,0,0.000000,0.000000
0.1050,0,0.000000,0.000000
0.1070,0,0.000000,0.000000
0.1100,0,0.000000,0.000000
0.1120,0,0.000000,0.000000
0.1140,0,0.000000,0.000000
0.1160,0,0.000000,0.000000
0.1190,0,0.000000,0.000000
0.1210,0,0.000000,0.000000
0.1230,0,0.000000,0.000000
0.1260,0,0.000000,0.000000
0.1280,0,0.000000,0.000000
0.1300,0,0.000000,0.000000
0.1320,0,0.000000,0.000000
0.1360,0,0.000000,0.000000
0.1380,0,0.000000,0.000000
0.1400,0,0.000000,0.000000
0.1430,0,0.000000,0.000000
0.1450,0,0.000000,0.000000
0.1470,0,0.000000,0.000000
0.1500,0,0.000000,0.000000
0.1520,0,0.000000,0.000000
0.1540,0,0.000000,0.000000
0.1570,0,0.000000,0.000000
0.1590,0,0.000000,0.000000
0.1610,0,0.000000,0.000000
0.1640,0,0.000000,0.000000
0.1660,0,0.000000,0.000000
0.1680,0,0.000000,0.000000
0.1710,0,0.000000,0.000000
0.1730,0,0.000000,0.000000
0.1750,0,0.000000,0.000000
0.1790,0,0.000000,0.000000
0.1810,0,0.000000,0.000000
0.1830,0,0.000000,0.000000
0.1860,0,0.000000,0.000000
0.1880,0,0.000000,0.000000
0.1900,0,0.000000,0.000000
0.1930,0,0.000000,0.000000
0.1950,0,0.000000,0.000000
0.1970,0,0.000000,0.000000
0.2000,0,0.000000,0.000000
0.2020,0,0.000000,0.000000
0.2040,0,0.000000,0.000000
0.2070,0,0.000000,0.000000
0.2090,0,0.000000,0.000000
0.2110,0,0.000000,0.000000
0.2140,0,0.000000,0.000000
0.2160,0,0.000000,0.000000
0.2180,0,0.000000,0.000000
0.2210,0,0.000000,0.000000
0.2240,0,0.000000,0.000000
0.2260,0,0.000000,0.000000
0.2280,0,0.000000,0.000000
0.2310,0,0.000000,0.000000
0.2330,0,0.000000,0.000000
0.2350,0,0.000000,0.000000
0.2380,0,0.000000,0.000000
0.2400,0,0.000000,0.000000
0.2420,0,0.000000,0.000000
0.2450,0,0.000000,0.000000
0.2470,0,0.000000,0.000000
0.2490,0,0.000000,0.000000
0.2520,0,0.000000,0.000000
0.2540,0,0.000000,0.000000
0.2560,0,0.000000,0.000000
0.2590,0,0.000000,0.000000
0.2610,0,0.000000,0.000000
0.2640,0,0.000000,0.000000
0.2670,0,0.000000,0.000000
0.2690,0,0.000000,0.000000
0.2710,0,0.000000,0.000000
0.2740,0,0.000000,0.000000
0.2760,0,0.000000,0.000000
0.2780,0,0.000000,0.000000
0.2810,0,0.000000,0.000000
0.2830,0,0.000000,0.000000
0.2850,0,0.000000,0.000000
0.2880,0,0.000000,0.000000
0.2900,0,0.000000,0.000000
0.2920,0,0.000000,0.000000
0.2950,0,0.000000,0.000000
0.2970,0,0.000000,0.000000
0.2990,0,0.000000,0.000000
0.3020,0,0.000000,0.000000
0.3050,0,0.000000,0.000000
0.3070,0,0.000000,0.000000
0.3090,0,0.000000,0.000000
0.3120,0,0.000000,0.000000
0.3140,0,0.000000,0.000000
0.3160,0,0.000000,0.000000
0.3190,0,0.000000,0.000000
0.3210,0,0.000000,0.000000
0.3230,0,0.000000,0.000000
0.3260,0,0.000000,0.000000
0.3280,0,0.000000,0.000000
0.3300,0,0.000000,0.000000
0.3330,0,0.000000,0.000000
0.3350,0,0.000000,0.000000
0.3370,0,0.000000,0.000000
0.3400,0,0.000000,0.000000
0.3420,0,0.000000,0.000000
0.3440,0,0.000000,0.000000
0.3480,0,0.000000,0.000000
0.3500,0,0.000000,0.000000
0.3520,0,0.000000,0.000000
0.3550,0,0.000000,0.000000
0.3570,0,0.000000,0.000000
0.3590,0,0.000000,0.000000
0.3620,0,0.000000,0.000000
0.3640,0,0.000000,0.000000
0.3660,0,0.000000,0.000000
0.3690,0,0.000000,0.000000
0.3710,0,0.000000,0.000000
0.3730,0,0.000000,0.000000
0.3760,0,0.000000,0.000000
0.3780,0,0.000000,0.000000
0.3800,0,0.000000,0.000000
0.3830,0,0.000000,0.000000
0.3850,0,0.000000,0.000000
0.3870,0,0.000000,0.000000
0.3910,0,0.000000,0.000000
0.3930,0,0.000000,0.000000
0.3950,0,0.000000,0.000000
0.3970,0,0.000000,0.000000
0.4000,0,0.000000,0.000000
0.4020,0,0.000000,0.000000
0.4040,0,0.000000,0.000000
0.4070,0,0.000000,0.000000
0.4090,0,0.000000,0.000000
0.4110,0,0.000000,0.000000
0.4140,0,0.000000,0.000000
0.4160,0,0.000000,0.000000
0.4180,0,0.000000,0.000000
0.4210,0,0.000000,0.000000
0.4230,0,0.000000,0.000000
0.4250,0,0.000000,0.000000
0.4280,0,0.000000,0.000000
0.4300,0,0.000000,0.000000
0.4330,0,0.000000,0.000000
0.4360,0,0.000000,0.000000
0.4380,0,0.000000,0.000000
0.4400,0,0.000000,0.000000
0.4430,0,0.000000,0.000000
0.4450,0,0.000000,0.000000
0.4470,0,0.000000,0.000000
0.4500,0,0.000000,0.000000
0.4520,0,0.000000,0.000000
0.4540,0,0.000000,0.000000
0.4570,0,0.000000,0.000000
0.4590,0,0.000000,0.000000
0.4610,0,0.000000,0.000000
0.4640,0,0.000000,0.000000
0.4660,0,0.000000,0.000000
0.4680,0,0.000000,0.000000
0.4710,0,0.000000,0.000000
0.4730,0,0.000000,0.000000
0.4760,0,0.000000,0.000000
0.4790,0,0.000000,0.000000
0.4810,0,0.000000,0.000000
0.4830,0,0.000000,0.000000
0.4850,0,0.000000,0.000000
0.4880,0,0.000000,0.000000
0.4900,0,0.000000,0.000000
0.4920,0,0.000000,0.000000
0.4950,0,0.000000,0.000000
0.4970,0,0.000000,0.000000
0.4990,0,0.000000,0.000000
0.5020,0,0.000000,0.000000
0.5040,0,0.000000,0.000000
0.5060,0,0.000000,0.000000
0.5090,0,0.000000,0.000000
0.5110,0,0.000000,0.000000
0.5130,0,0.000000,0.000000
0.5160,0,0.000000,0.000000
0.5190,0,0.000000,0.000000
0.5210,0,0.000000,0.000000
0.5240,0,0.000000,0.000000
0.5260,0,0.000000,0.000000
0.5280,0,0.000000,0.000000
0.5310,0,0.000000,0.000000
0.5330,0,0.000000,0.000000
0.5350,0,0.000000,0.000000
0.5380,0,0.000000,0.000000
0.5400,0,0.000000,0.000000
0.5420,0,0.000000,0.000000
0.5450,0,0.000000,0.000000
0.5470,0,0.000000,0.000000
0.5490,0,0.000000,0.000000
0.5520,0,0.000000,0.000000
0.5540,0,0.000000,0.000000
0.5560,0,0.000000,0.000000
0.5590,0,0.000000,0.000000
0.5620,0,0.000000,0.000000
0.5640,0,0.000000,0.000000
0.5660,0,0.000000,0.000000
0.5690,0,0.000000,0.000000
0.5710,0,0.000000,0.000000
0.5730,0,0.000000,0.000000
0.5760,0,0.000000,0.000000
0.5780,0,0.000000,0.000000
0.5800,0,0.000000,0.000000
0.5830,0,0.000000,0.000000
0.5850,0,0.000000,0.000000
0.5870,0,0.000000,0.000000
0.5900,0,0.000000,0.000000
0.5920,0,0.000000,0.000000
0.5940,0,0.000000,0.000000
0.5970,0,0.000000,0.000000
0.5990,0,0.000000,0.000000
0.6010,0,0.000000,0.000000
0.6050,0,0.000000,0.000000
0.6070,0,0.000000,0.000000
0.6090,0,0.000000,0.000000
0.6120,0,0.000000,0.000000
0.6140,0,0.000000,0.000000
0.6160,0,0.000000,0.000000
0.6210,0,0.000000,0.000000
0.6310,0,0.000000,0.000000
0.6410,0,0.000000,0.000000
0.6510,0,0.000000,0.000000
0.6610,0,0.000000,0.000000
0.6710,0,0.000000,0.000000
0.6810,0,0.000000,0.000000
0.6910,0,0.000000,0.000000
0.7010,0,0.000000,0.000000
0.7110,0,0.000000,0.000000
0.7210,0,0.000000,0.000000
0.7320,0,0.000000,0.000000
0.7410,0,0.000000,0.000000
0.7510,-1,-0.002618,-0.000033
0.7610,-1,-0.002618,-0.000033
0.7710,-1,-0.002618,-0.000033
0.7810,-1,-0.002618,-0.000033
0.7910,-1,-0.002618,-0.000033
0.8010,-1,-0.002618,-0.000033
0.8110,-1,-0.002618,-0.000033
0.8210,-1,-0.002618,-0.000033
0.8310,-1,-0.002618,-0.000033
0.8410,-1,-0.002618,-0.000033
0.8510,-1,-0.002618,-0.000033
0.8610,-1,-0.002618,-0.000033
0.8710,-1,-0.002618,-0.000033
0.8810,-1,-0.002618,-0.000033
0.8910,-1,-0.002618,-0.000033
0.9010,-1,-0.002618,-0.000033
0.9110,-1,-0.002618,-0.000033
0.9210,-1,-0.002618,-0.000033
0.9310,-1,-0.002618,-0.000033
0.9410,-1,-0.002618,-0.000033
0.9510,-1,-0.002618,-0.000033
0.9610,-1,-0.002618,-0.000033
0.9710,-1,-0.002618,-0.000033
0.9810,-1,-0.002618,-0.000033
0.9910,-1,-0.002618,-0.000033
1.0010,-1,-0.002618,-0.000033
1.0110,-1,-0.002618,-0.000033
1.0210,-1,-0.002618,-0.000033
1.0310,-1,-0.002618,-0.000033
1.0410,-1,-0.002618,-0.000033
1.0510,-1,-0.002618,-0.000033
1.0610,-1,-0.002618,-0.000033
1.0710,-1,-0.002618,-0.000033
1.0810,-1,-0.002618,-0.000033
1.0910,-1,-0.002618,-0.000033
1.1010,-1,-0.002618,-0.000033
1.1110,-1,-0.002618,-0.000033
1.1210,-1,-0.002618,-0.000033
1.1310,-1,-0.002618,-0.000033
1.1410,-1,-0.002618,-0.000033
1.1510,-1,-0.002618,-0.000033
1.1610,-1,-0.002618,-0.000033
1.1710,-1,-0.002618,-0.000033
1.1810,-1,-0.002618,-0.000033
1.1910,-1,-0.002618,-0.000033
1.2010,-1,-0.002618,-0.000033
1.2110,-1,-0.002618,-0.000033
1.2210,-1,-0.002618,-0.000033
1.2310,-1,-0.002618,-0.000033
1.2410,-1,-0.002618,-0.000033
1.2510,-1,-0.002618,-0.000033
1.2610,-1,-0.002618,-0.000033
1.2710,-1,-0.002618,-0.000033
1.2810,-1,-0.002618,-0.000033
1.2910,-1,-0.002618,-0.000033
1.3010,-1,-0.002618,-0.000033
1.3110,-1,-0.002618,-0.000033
1.3210,-1,-0.002618,-0.000033
1.3310,-1,-0.002618,-0.000033
1.3410,-1,-0.002618,-0.000033
1.3510,-1,-0.002618,-0.000033
1.3610,-1,-0.002618,-0.000033
1.3720,-1,-0.002618,-0.000033
1.3810,-1,-0.002618,-0.000033
1.3910,-1,-0.002618,-0.000033
1.4010,0,0.000000,0.000000
1.4110,0,0.000000,0.000000
1.4210,0,0.000000,0.000000
1.4310,0,0.000000,0.000000
1.4410,0,0.000000,0.000000
1.4510,0,0.000000,0.000000
1.4610,0,0.000000,0.000000
1.4710,0,0.000000,0.000000
1.4810,0,0.000000,0.000000
1.4910,0,0.000000,0.000000
1.5010,0,0.000000,0.000000
1.5110,0,0.000000,0.000000
1.5210,0,0.000000,0.000000
1.5310,0,0.000000,0.000000
1.5410,0,0.000000,0.000000
1.5510,0,0.000000,0.000000
1.5610,0,0.000000,0.000000
1.5710,0,0.000000,0.000000
1.5810,0,0.000000,0.000000
1.5910,0,0.000000,0.000000
1.6010,0,0.000000,0.000000
1.6110,0,0.000000,0.000000
1.6210,0,0.000000,0.000000
1.6310,0,0.000000,0.000000
1.6410,0,0.000000,0.000000
1.6510,0,0.000000,0.000000
1.6610,0,0.000000,0.000000
1.6710,0,0.000000,0.000000
1.6810,0,0.000000,0.000000
1.6910,0,0.000000,0.000000
1.7010,0,0.000000,0.000000
1.7110,0,0.000000,0.000000
1.7210,0,0.000000,0.000000
1.7310,0,0.000000,0.000000
1.7410,0,0.000000,0.000000
1.7510,0,0.000000,0.000000
1.7610,0,0.000000,0.000000
1.7710,0,0.000000,0.000000
1.7810,0,0.000000,0.000000
1.7910,0,0.000000,0.000000
1.8010,0,0.000000,0.000000
1.8110,0,0.000000,0.000000
1.8210,0,0.000000,0.000000
1.8310,0,0.000000,0.000000
1.8410,0,0.000000,0.000000
1.8510,0,0.000000,0.000000
1.8610,0,0.000000,0.000000
1.8710,0,0.000000,0.000000
1.8810,0,0.000000,0.000000
1.8910,0,0.000000,0.000000
1.9010,0,0.000000,0.000000
1.9110,0,0.000000,0.000000
1.9210,0,0.000000,0.000000
1.9310,0,0.000000,0.000000
1.9410,0,0.000000,0.000000
1.9510,0,0.000000,0.000000
1.9610,0,0.000000,0.000000
1.9710,0,0.000000,0.000000
1.9810,0,0.000000,0.000000
1.9910,0,0.000000,0.000000
2.0010,0,0.000000,0.000000
2.0120,0,0.000000,0.000000
2.0210,0,0.000000,0.000000
2.0310,0,0.000000,0.000000
2.0410,0,0.000000,0.000000
2.0510,0,0.000000,0.000000
2.0610,0,0.000000,0.000000
2.0710,0,0.000000,0.000000
2.0810,0,0.000000,0.000000
2.0910,0,0.000000,0.000000
2.1010,0,0.000000,0.000000
2.1110,0,0.000000,0.000000
2.1210,-1,-0.002618,-0.000033
2.1310,-1,-0.002618,-0.000033
2.1410,-1,-0.002618,-0.000033
2.1510,-1,-0.002618,-0.000033
2.1610,-1,-0.002618,-0.000033
2.1710,-1,-0.002618,-0.000033
2.1810,-1,-0.002618,-0.000033
2.1910,-1,-0.002618,-0.000033
2.2010,-1,-0.002618,-0.000033
2.2110,-1,-0.002618,-0.000033
2.2210,-1,-0.002618,-0.000033
2.2310,-1,-0.002618,-0.000033
2.2410,-1,-0.002618,-0.000033
2.2510,-1,-0.002618,-0.000033
2.2610,-1,-0.002618,-0.000033
2.2710,-1,-0.002618,-0.000033
2.2810,-1,-0.002618,-0.000033
2.2910,-1,-0.002618,-0.000033
2.3010,-1,-0.002618,-0.000033
2.3110,-1,-0.002618,-0.000033
2.3210,-1,-0.002618,-0.000033
2.3310,-1,-0.002618,-0.000033
2.3410,-1,-0.002618,-0.000033
2.3510,-2,-0.005236,-0.000065
2.3610,-2,-0.005236,-0.000065
2.3710,-2,-0.005236,-0.000065
2.3810,-2,-0.005236,-0.000065
2.3910,-2,-0.005236,-0.000065
2.4010,-2,-0.005236,-0.000065
2.4110,-2,-0.005236,-0.000065
2.4210,-1,-0.002618,-0.000033
2.4310,-1,-0.002618,-0.000033
2.4410,-1,-0.002618,-0.000033
2.4510,-2,-0.005236,-0.000065
2.4610,-2,-0.005236,-0.000065
2.4710,-3,-0.007854,-0.000098
2.4810,-3,-0.007854,-0.000098
2.4910,-4,-0.010472,-0.000131
2.5010,-4,-0.010472,-0.000131
2.5110,-4,-0.010472,-0.000131
2.5210,-3,-0.007854,-0.000098
2.5310,-3,-0.007854,-0.000098
2.5410,-3,-0.007854,-0.000098
2.5510,-2,-0.005236,-0.000065
2.5610,-2,-0.005236,-0.000065
2.5710,-2,-0.005236,-0.000065
2.5810,-2,-0.005236,-0.000065
2.5910,-3,-0.007854,-0.000098
2.6010,-3,-0.007854,-0.000098
2.6110,-4,-0.010472,-0.000131
2.6210,-4,-0.010472,-0.000131
2.6310,-4,-0.010472,-0.000131
2.6410,-4,-0.010472,-0.000131
2.6520,-4,-0.010472,-0.000131
2.6610,-4,-0.010472,-0.000131
2.6710,-3,-0.007854,-0.000098
2.6810,-3,-0.007854,-0.000098
2.6910,-3,-0.007854,-0.000098
2.7010,-3,-0.007854,-0.000098
2.7110,-3,-0.007854,-0.000098
2.7210,-4,-0.010472,-0.000131
2.7310,-4,-0.010472,-0.000131
2.7410,-5,-0.013090,-0.000164
2.7510,-5,-0.013090,-0.000164
2.7610,-5,-0.013090,-0.000164
2.7710,-6,-0.015708,-0.000196
2.7810,-6,-0.015708,-0.000196
2.7910,-5,-0.013090,-0.000164
2.8010,-5,-0.013090,-0.000164
2.8110,-5,-0.013090,-0.000164
2.8210,-5,-0.013090,-0.000164
2.8310,-5,-0.013090,-0.000164
2.8410,-4,-0.010472,-0.000131
2.8510,-4,-0.010472,-0.000131
2.8610,-5,-0.013090,-0.000164
2.8710,-5,-0.013090,-0.000164
2.8810,-6,-0.015708,-0.000196
2.8910,-6,-0.015708,-0.000196
2.9010,-7,-0.018326,-0.000229
2.9110,-7,-0.018326,-0.000229
2.9210,-7,-0.018326,-0.000229
2.9310,-7,-0.018326,-0.000229
2.9410,-6,-0.015708,-0.000196
2.9510,-6,-0.015708,-0.000196
2.9610,-6,-0.015708,-0.000196
2.9710,-6,-0.015708,-0.000196
2.9810,-6,-0.015708,-0.000196
2.9910,-6,-0.015708,-0.000196
3.0010,-7,-0.018326,-0.000229
3.0110,-7,-0.018326,-0.000229
3.0210,-8,-0.020944,-0.000262
3.0310,-8,-0.020944,-0.000262
3.0410,-8,-0.020944,-0.000262
3.0510,-9,-0.023562,-0.000295
3.0610,-9,-0.023562,-0.000295
3.0710,-8,-0.020944,-0.000262
3.0810,-8,-0.020944,-0.000262
3.0910,-8,-0.020944,-0.000262
3.1010,-8,-0.020944,-0.000262
3.1110,-8,-0.020944,-0.000262
3.1210,-8,-0.020944,-0.000262
3.1310,-8,-0.020944,-0.000262
3.1410,-9,-0.023562,-0.000295
3.1510,-9,-0.023562,-0.000295
3.1610,-9,-0.023562,-0.000295
3.1710,-10,-0.026180,-0.000327
3.1810,-10,-0.026180,-0.000327
3.1910,-10,-0.026180,-0.000327
3.2010,-10,-0.026180,-0.000327
3.2110,-10,-0.026180,-0.000327
3.2210,-10,-0.026180,-0.000327
3.2310,-9,-0.023562,-0.000295
3.2410,-9,-0.023562,-0.000295
3.2510,-9,-0.023562,-0.000295
3.2610,-9,-0.023562,-0.000295
3.2710,-9,-0.023562,-0.000295
3.2810,-11,-0.028798,-0.000360
3.2920,-11,-0.028798,-0.000360
3.3010,-11,-0.028798,-0.000360
3.3110,-11,-0.028798,-0.000360
3.3210,-12,-0.031416,-0.000393
3.3310,-12,-0.031416,-0.000393
3.3410,-12,-0.031416,-0.000393
3.3510,-12,-0.031416,-0.000393
3.3610,-11,-0.028798,-0.000360
3.3710,-11,-0.028798,-0.000360
3.3810,-11,-0.028798,-0.000360
3.3910,-11,-0.028798,-0.000360
3.4010,-11,-0.028798,-0.000360
3.4110,-11,-0.028798,-0.000360
3.4210,-12,-0.031416,-0.000393
3.4310,-12,-0.031416,-0.000393
3.4410,-13,-0.034034,-0.000425
3.4510,-13,-0.034034,-0.000425
3.4610,-13,-0.034034,-0.000425
3.4710,-13,-0.034034,-0.000425
3.4810,-13,-0.034034,-0.000425
3.4910,-13,-0.034034,-0.000425
3.5010,-12,-0.031416,-0.000393
3.5110,-12,-0.031416,-0.000393
3.5210,-12,-0.031416,-0.000393
3.5310,-12,-0.031416,-0.000393
3.5410,-12,-0.031416,-0.000393
3.5510,-12,-0.031416,-0.000393
3.5610,-13,-0.034034,-0.000425
3.5710,-13,-0.034034,-0.000425
3.5810,-13,-0.034034,-0.000425
3.5910,-13,-0.034034,-0.000425
3.6010,-13,-0.034034,-0.000425
3.6110,-13,-0.034034,-0.000425
3.6210,-13,-0.034034,-0.000425
3.6310,-13,-0.034034,-0.000425
3.6410,-13,-0.034034,-0.000425
3.6510,-13,-0.034034,-0.000425
3.6610,-13,-0.034034,-0.000425
3.6710,-13,-0.034034,-0.000425
3.6810,-13,-0.034034,-0.000425
3.6910,-13,-0.034034,-0.000425
3.7010,-13,-0.034034,-0.000425
3.7110,-13,-0.034034,-0.000425
3.7210,-14,-0.036652,-0.000458
3.7310,-14,-0.036652,-0.000458
3.7410,-14,-0.036652,-0.000458
3.7510,-14,-0.036652,-0.000458
3.7610,-14,-0.036652,-0.000458
3.7710,-14,-0.036652,-0.000458
3.7810,-13,-0.034034,-0.000425
3.7910,-13,-0.034034,-0.000425
3.8010,-13,-0.034034,-0.000425
3.8110,-13,-0.034034,-0.000425
3.8210,-13,-0.034034,-0.000425
3.8310,-13,-0.034034,-0.000425
3.8410,-14,-0.036652,-0.000458
3.8510,-14,-0.036652,-0.000458
3.8610,-14,-0.036652,-0.000458
3.8710,-14,-0.036652,-0.000458
3.8810,-14,-0.036652,-0.000458
3.8910,-14,-0.036652,-0.000458
3.9010,-14,-0.036652,-0.000458
3.9110,-14,-0.036652,-0.000458
3.9210,-14,-0.036652,-0.000458
3.9320,-14,-0.036652,-0.000458
3.9410,-14,-0.036652,-0.000458
3.9510,-14,-0.036652,-0.000458
3.9610,-14,-0.036652,-0.000458
3.9710,-14,-0.036652,-0.000458
3.9810,-14,-0.036652,-0.000458
3.9910,-14,-0.036652,-0.000458
4.0010,-15,-0.039270,-0.000491
4.0110,-15,-0.039270,-0.000491
4.0210,-15,-0.039270,-0.000491
4.0310,-15,-0.039270,-0.000491
4.0410,-15,-0.039270,-0.000491
4.0510,-15,-0.039270,-0.000491
4.0610,-14,-0.036652,-0.000458
4.0710,-14,-0.036652,-0.000458
4.0810,-14,-0.036652,-0.000458
4.0910,-14,-0.036652,-0.000458
4.1010,-14,-0.036652,-0.000458
4.1110,-15,-0.039270,-0.000491
4.1210,-15,-0.039270,-0.000491
4.1310,-15,-0.039270,-0.000491
4.1410,-15,-0.039270,-0.000491
4.1510,-15,-0.039270,-0.000491
4.1610,-15,-0.039270,-0.000491
4.1710,-15,-0.039270,-0.000491
4.1810,-15,-0.039270,-0.000491
4.1910,-15,-0.039270,-0.000491
4.2010,-14,-0.036652,-0.000458
4.2110,-14,-0.036652,-0.000458
4.2210,-14,-0.036652,-0.000458
4.2310,-14,-0.036652,-0.000458
4.2410,-14,-0.036652,-0.000458
4.2510,-15,-0.039270,-0.000491
4.2610,-15,-0.039270,-0.000491
4.2710,-15,-0.039270,-0.000491
4.2810,-15,-0.039270,-0.000491
4.2910,-15,-0.039270,-0.000491
4.3010,-15,-0.039270,-0.000491
4.3110,-15,-0.039270,-0.000491
4.3210,-15,-0.039270,-0.000491
4.3310,-15,-0.039270,-0.000491
4.3410,-14,-0.036652,-0.000458
4.3510,-14,-0.036652,-0.000458
4.3610,-14,-0.036652,-0.000458
4.3710,-14,-0.036652,-0.000458
4.3810,-14,-0.036652,-0.000458
4.3910,-15,-0.039270,-0.000491
4.4010,-15,-0.039270,-0.000491
4.4110,-15,-0.039270,-0.000491
4.4210,-15,-0.039270,-0.000491
4.4310,-15,-0.039270,-0.000491
4.4410,-15,-0.039270,-0.000491
4.4510,-15,-0.039270,-0.000491
4.4610,-15,-0.039270,-0.000491
4.4710,-15,-0.039270,-0.000491
4.4810,-15,-0.039270,-0.000491
4.4910,-15,-0.039270,-0.000491
4.5010,-15,-0.039270,-0.000491
4.5110,-15,-0.039270,-0.000491
4.5210,-15,-0.039270,-0.000491
4.5310,-15,-0.039270,-0.000491
4.5410,-15,-0.039270,-0.000491
4.5510,-15,-0.039270,-0.000491
4.5610,-16,-0.041888,-0.000524
4.5720,-16,-0.041888,-0.000524
4.5810,-16,-0.041888,-0.000524
4.5910,-16,-0.041888,-0.000524
4.6010,-16,-0.041888,-0.000524
4.6110,-16,-0.041888,-0.000524
4.6210,-15,-0.039270,-0.000491
4.6310,-15,-0.039270,-0.000491
4.6410,-15,-0.039270,-0.000491
4.6510,-15,-0.039270,-0.000491
4.6610,-15,-0.039270,-0.000491
4.6710,-16,-0.041888,-0.000524
4.6810,-16,-0.041888,-0.000524
4.6910,-16,-0.041888,-0.000524
4.7010,-16,-0.041888,-0.000524
4.7110,-16,-0.041888,-0.000524
4.7210,-16,-0.041888,-0.000524
4.7310,-16,-0.041888,-0.000524
4.7410,-16,-0.041888,-0.000524
4.7510,-16,-0.041888,-0.000524
4.7610,-16,-0.041888,-0.000524
4.7710,-16,-0.041888,-0.000524
4.7810,-16,-0.041888,-0.000524
4.7910,-16,-0.041888,-0.000524
4.8010,-16,-0.041888,-0.000524
4.8110,-17,-0.044506,-0.000556
4.8210,-17,-0.044506,-0.000556
4.8310,-17,-0.044506,-0.000556
4.8410,-17,-0.044506,-0.000556
4.8510,-17,-0.044506,-0.000556
4.8610,-17,-0.044506,-0.000556
4.8710,-17,-0.044506,-0.000556
4.8810,-17,-0.044506,-0.000556
4.8910,-17,-0.044506,-0.000556
4.9010,-17,-0.044506,-0.000556
4.9110,-17,-0.044506,-0.000556
4.9210,-17,-0.044506,-0.000556
4.9310,-17,-0.044506,-0.000556
4.9410,-17,-0.044506,-0.000556
4.9510,-17,-0.044506,-0.000556
4.9610,-17,-0.044506,-0.000556
4.9710,-17,-0.044506,-0.000556
4.9810,-17,-0.044506,-0.000556
4.9910,-17,-0.044506,-0.000556
5.0010,-17,-0.044506,-0.000556
5.0110,-17,-0.044506,-0.000556
5.0210,-17,-0.044506,-0.000556
5.0310,-17,-0.044506,-0.000556
5.0410,-17,-0.044506,-0.000556
5.0510,-17,-0.044506,-0.000556
5.0610,-17,-0.044506,-0.000556
5.0710,-17,-0.044506,-0.000556
5.0810,-17,-0.044506,-0.000556
5.0910,-17,-0.044506,-0.000556
5.1010,-17,-0.044506,-0.000556
5.1110,-18,-0.047124,-0.000589
5.1210,-18,-0.047124,-0.000589
5.1310,-18,-0.047124,-0.000589
5.1410,-18,-0.047124,-0.000589
5.1510,-18,-0.047124,-0.000589
5.1610,-18,-0.047124,-0.000589
5.1710,-18,-0.047124,-0.000589
5.1810,-19,-0.049742,-0.000622
5.1910,-19,-0.049742,-0.000622
5.2010,-19,-0.049742,-0.000622
5.2120,-19,-0.049742,-0.000622
5.2210,-19,-0.049742,-0.000622
5.2310,-19,-0.049742,-0.000622
5.2410,-19,-0.049742,-0.000622
5.2510,-20,-0.052360,-0.000654
5.2610,-20,-0.052360,-0.000654
5.2710,-20,-0.052360,-0.000654
5.2810,-20,-0.052360,-0.000654
5.2910,-20,-0.052360,-0.000654
5.3010,-20,-0.052360,-0.000654
5.3110,-20,-0.052360,-0.000654
5.3210,-20,-0.052360,-0.000654
5.3310,-20,-0.052360,-0.000654
5.3410,-20,-0.052360,-0.000654
5.3510,-20,-0.052360,-0.000654
5.3610,-20,-0.052360,-0.000654
5.3710,-20,-0.052360,-0.000654
5.3810,-21,-0.054978,-0.000687
5.3910,-21,-0.054978,-0.000687
5.4010,-21,-0.054978,-0.000687
5.4110,-21,-0.054978,-0.000687
5.4210,-21,-0.054978,-0.000687
5.4310,-21,-0.054978,-0.000687
5.4410,-21,-0.054978,-0.000687
5.4510,-21,-0.054978,-0.000687
5.4610,-21,-0.054978,-0.000687
5.4710,-20,-0.052360,-0.000654
5.4810,-20,-0.052360,-0.000654
5.4910,-20,-0.052360,-0.000654
5.5010,-21,-0.054978,-0.000687
5.5110,-21,-0.054978,-0.000687
5.5210,-21,-0.054978,-0.000687
5.5310,-21,-0.054978,-0.000687
5.5410,-22,-0.057596,-0.000720
5.5510,-22,-0.057596,-0.000720
5.5610,-22,-0.057596,-0.000720
5.5710,-21,-0.054978,-0.000687
5.5810,-21,-0.054978,-0.000687
5.5910,-21,-0.054978,-0.000687
5.6010,-21,-0.054978,-0.000687
5.6110,-21,-0.054978,-0.000687
5.6210,-21,-0.054978,-0.000687
5.6310,-21,-0.054978,-0.000687
5.6410,-21,-0.054978,-0.000687
5.6510,-21,-0.054978,-0.000687
5.6610,-22,-0.057596,-0.000720
5.6710,-22,-0.057596,-0.000720
5.6810,-22,-0.057596,-0.000720
5.6910,-22,-0.057596,-0.000720
5.7010,-22,-0.057596,-0.000720
5.7110,-21,-0.054978,-0.000687
5.7210,-21,-0.054978,-0.000687
5.7310,-21,-0.054978,-0.000687
5.7410,-21,-0.054978,-0.000687
5.7510,-21,-0.054978,-0.000687
5.7610,-21,-0.054978,-0.000687
5.7710,-21,-0.054978,-0.000687
5.7810,-22,-0.057596,-0.000720
5.7910,-22,-0.057596,-0.000720
5.8010,-22,-0.057596,-0.000720
5.8110,-22,-0.057596,-0.000720
5.8210,-22,-0.057596,-0.000720
5.8310,-22,-0.057596,-0.000720
5.8410,-22,-0.057596,-0.000720
5.8520,-22,-0.057596,-0.000720
5.8610,-22,-0.057596,-0.000720
5.8710,-21,-0.054978,-0.000687
5.8810,-21,-0.054978,-0.000687
5.8910,-21,-0.054978,-0.000687
5.9010,-22,-0.057596,-0.000720
5.9110,-22,-0.057596,-0.000720
5.9210,-22,-0.057596,-0.000720
5.9310,-22,-0.057596,-0.000720
5.9410,-23,-0.060214,-0.000753
5.9510,-23,-0.060214,-0.000753
5.9610,-23,-0.060214,-0.000753
5.9710,-23,-0.060214,-0.000753
5.9810,-23,-0.060214,-0.000753
5.9910,-23,-0.060214,-0.000753
6.0010,-22,-0.057596,-0.000720
6.0110,-22,-0.057596,-0.000720
6.0210,-22,-0.057596,-0.000720
6.0310,-22,-0.057596,-0.000720
6.0410,-23,-0.060214,-0.000753
6.0510,-23,-0.060214,-0.000753
6.0610,-23,-0.060214,-0.000753
6.0710,-23,-0.060214,-0.000753
6.0810,-23,-0.060214,-0.000753
6.0910,-23,-0.060214,-0.000753
6.1010,-24,-0.062832,-0.000785
6.1110,-24,-0.062832,-0.000785
6.1210,-24,-0.062832,-0.000785
6.1310,-24,-0.062832,-0.000785
6.1410,-23,-0.060214,-0.000753
6.1510,-23,-0.060214,-0.000753
6.1610,-23,-0.060214,-0.000753
6.1710,-23,-0.060214,-0.000753
6.1810,-23,-0.060214,-0.000753
6.1910,-24,-0.062832,-0.000785
6.2010,-24,-0.062832,-0.000785
6.2110,-24,-0.062832,-0.000785
6.2210,-24,-0.062832,-0.000785
6.2310,-24,-0.062832,-0.000785
6.2410,-24,-0.062832,-0.000785
6.2510,-24,-0.062832,-0.000785
6.2610,-24,-0.062832,-0.000785
6.2710,-24,-0.062832,-0.000785
6.2810,-24,-0.062832,-0.000785
6.2910,-24,-0.062832,-0.000785
6.3010,-24,-0.062832,-0.000785
6.3110,-24,-0.062832,-0.000785
6.3210,-24,-0.062832,-0.000785
6.3310,-24,-0.062832,-0.000785
6.3410,-25,-0.065450,-0.000818
6.3510,-25,-0.065450,-0.000818
6.3610,-25,-0.065450,-0.000818
6.3710,-25,-0.065450,-0.000818
6.3810,-25,-0.065450,-0.000818
6.3910,-25,-0.065450,-0.000818
6.4010,-25,-0.065450,-0.000818
6.4110,-25,-0.065450,-0.000818
6.4210,-25,-0.065450,-0.000818
6.4310,-25,-0.065450,-0.000818
6.4410,-25,-0.065450,-0.000818
6.4510,-25,-0.065450,-0.000818
6.4610,-25,-0.065450,-0.000818
6.4710,-25,-0.065450,-0.000818
6.4810,-25,-0.065450,-0.000818
6.4920,-25,-0.065450,-0.000818
6.5010,-25,-0.065450,-0.000818
6.5110,-25,-0.065450,-0.000818
6.5210,-25,-0.065450,-0.000818
6.5310,-25,-0.065450,-0.000818
6.5410,-25,-0.065450,-0.000818
6.5510,-25,-0.065450,-0.000818
6.5610,-25,-0.065450,-0.000818
6.5710,-25,-0.065450,-0.000818
6.5810,-25,-0.065450,-0.000818
6.5910,-25,-0.065450,-0.000818
6.6010,-25,-0.065450,-0.000818
6.6110,-25,-0.065450,-0.000818
6.6210,-25,-0.065450,-0.000818
6.6310,-26,-0.068068,-0.000851
6.6410,-26,-0.068068,-0.000851
6.6510,-26,-0.068068,-0.000851
6.6610,-26,-0.068068,-0.000851
6.6710,-26,-0.068068,-0.000851
6.6810,-26,-0.068068,-0.000851
6.6910,-26,-0.068068,-0.000851
6.7010,-26,-0.068068,-0.000851
6.7110,-26,-0.068068,-0.000851
6.7210,-25,-0.065450,-0.000818
6.7310,-25,-0.065450,-0.000818
6.7410,-25,-0.065450,-0.000818
6.7510,-26,-0.068068,-0.000851
6.7610,-26,-0.068068,-0.000851
6.7710,-26,-0.068068,-0.000851
6.7810,-26,-0.068068,-0.000851
6.7910,-26,-0.068068,-0.000851
6.8010,-26,-0.068068,-0.000851
6.8110,-26,-0.068068,-0.000851
6.8210,-26,-0.068068,-0.000851
6.8310,-26,-0.068068,-0.000851
6.8410,-26,-0.068068,-0.000851
6.8510,-26,-0.068068,-0.000851
6.8610,-26,-0.068068,-0.000851
6.8710,-26,-0.068068,-0.000851
6.8810,-26,-0.068068,-0.000851
6.8910,-26,-0.068068,-0.000851
6.9010,-26,-0.068068,-0.000851
6.9110,-27,-0.070686,-0.000884
6.9210,-27,-0.070686,-0.000884
6.9310,-27,-0.070686,-0.000884
6.9410,-27,-0.070686,-0.000884
6.9510,-27,-0.070686,-0.000884
6.9610,-27,-0.070686,-0.000884
6.9710,-26,-0.068068,-0.000851
6.9810,-26,-0.068068,-0.000851
6.9910,-26,-0.068068,-0.000851
7.0010,-26,-0.068068,-0.000851
7.0110,-26,-0.068068,-0.000851
7.0210,-26,-0.068068,-0.000851
7.0310,-27,-0.070686,-0.000884
7.0410,-27,-0.070686,-0.000884
7.0510,-27,-0.070686,-0.000884
7.0610,-27,-0.070686,-0.000884
7.0710,-27,-0.070686,-0.000884
7.0810,-27,-0.070686,-0.000884
7.0910,-27,-0.070686,-0.000884
7.1010,-27,-0.070686,-0.000884
7.1110,-27,-0.070686,-0.000884
7.1210,-27,-0.070686,-0.000884
7.1320,-26,-0.068068,-0.000851
7.1410,-26,-0.068068,-0.000851
7.1510,-26,-0.068068,-0.000851
7.1610,-27,-0.070686,-0.000884
7.1710,-27,-0.070686,-0.000884
7.1810,-27,-0.070686,-0.000884
7.1910,-27,-0.070686,-0.000884
7.2010,-27,-0.070686,-0.000884
7.2110,-27,-0.070686,-0.000884
7.2210,-27,-0.070686,-0.000884
7.2310,-27,-0.070686,-0.000884
7.2410,-27,-0.070686,-0.000884
7.2510,-27,-0.070686,-0.000884
7.2610,-27,-0.070686,-0.000884
7.2710,-27,-0.070686,-0.000884
7.2810,-27,-0.070686,-0.000884
7.2910,-27,-0.070686,-0.000884
7.3010,-27,-0.070686,-0.000884
7.3110,-28,-0.073304,-0.000916
7.3210,-28,-0.073304,-0.000916
7.3310,-28,-0.073304,-0.000916
7.3410,-28,-0.073304,-0.000916
7.3510,-28,-0.073304,-0.000916
7.3610,-28,-0.073304,-0.000916
7.3710,-28,-0.073304,-0.000916
7.3810,-28,-0.073304,-0.000916
7.3910,-28,-0.073304,-0.000916
7.4010,-28,-0.073304,-0.000916
7.4110,-28,-0.073304,-0.000916
7.4210,-28,-0.073304,-0.000916
7.4310,-28,-0.073304,-0.000916
7.4410,-28,-0.073304,-0.000916
7.4510,-29,-0.075922,-0.000949
7.4610,-29,-0.075922,-0.000949
7.4710,-29,-0.075922,-0.000949
7.4810,-29,-0.075922,-0.000949
7.4910,-29,-0.075922,-0.000949
7.5010,-29,-0.075922,-0.000949
7.5110,-29,-0.075922,-0.000949
7.5210,-29,-0.075922,-0.000949
7.5310,-29,-0.075922,-0.000949
7.5410,-29,-0.075922,-0.000949
7.5510,-29,-0.075922,-0.000949
7.5610,-29,-0.075922,-0.000949
7.5710,-29,-0.075922,-0.000949
7.5810,-29,-0.075922,-0.000949
7.5910,-29,-0.075922,-0.000949
7.6010,-30,-0.078540,-0.000982
7.6110,-30,-0.078540,-0.000982
7.6210,-30,-0.078540,-0.000982
7.6310,-30,-0.078540,-0.000982
7.6410,-30,-0.078540,-0.000982
7.6510,-30,-0.078540,-0.000982
7.6610,-30,-0.078540,-0.000982
7.6710,-30,-0.078540,-0.000982
7.6810,-30,-0.078540,-0.000982
7.6910,-30,-0.078540,-0.000982
7.7010,-30,-0.078540,-0.000982
7.7110,-30,-0.078540,-0.000982
7.7210,-30,-0.078540,-0.000982
7.7310,-30,-0.078540,-0.000982
7.7410,-31,-0.081158,-0.001014
7.7510,-31,-0.081158,-0.001014
7.7610,-31,-0.081158,-0.001014
7.7720,-31,-0.081158,-0.001014
7.7810,-31,-0.081158,-0.001014
7.7910,-31,-0.081158,-0.001014
7.8010,-31,-0.081158,-0.001014
7.8110,-31,-0.081158,-0.001014
7.8210,-31,-0.081158,-0.001014
7.8310,-30,-0.078540,-0.000982
7.8410,-30,-0.078540,-0.000982
7.8510,-30,-0.078540,-0.000982
7.8610,-31,-0.081158,-0.001014
7.8710,-31,-0.081158,-0.001014
7.8810,-31,-0.081158,-0.001014
7.8910,-31,-0.081158,-0.001014
7.9010,-32,-0.083776,-0.001047
7.9110,-32,-0.083776,-0.001047
7.9210,-32,-0.083776,-0.001047
7.9310,-32,-0.083776,-0.001047
7.9410,-31,-0.081158,-0.001014
7.9510,-31,-0.081158,-0.001014
7.9610,-31,-0.081158,-0.001014
7.9710,-31,-0.081158,-0.001014
7.9810,-31,-0.081158,-0.001014
7.9910,-31,-0.081158,-0.001014
8.0010,-32,-0.083776,-0.001047
8.0110,-32,-0.083776,-0.001047
8.0210,-32,-0.083776,-0.001047
8.0310,-32,-0.083776,-0.001047
8.0410,-33,-0.086394,-0.001080
8.0510,-33,-0.086394,-0.001080
8.0610,-33,-0.086394,-0.001080
8.0710,-32,-0.083776,-0.001047
8.0810,-32,-0.083776,-0.001047
8.0910,-32,-0.083776,-0.001047
8.1010,-32,-0.083776,-0.001047
8.1110,-32,-0.083776,-0.001047
8.1210,-32,-0.083776,-0.001047
8.1310,-32,-0.083776,-0.001047
8.1410,-33,-0.086394,-0.001080
8.1510,-33,-0.086394,-0.001080
8.1610,-33,-0.086394,-0.001080
8.1710,-33,-0.086394,-0.001080
8.1810,-33,-0.086394,-0.001080
8.1910,-33,-0.086394,-0.001080
8.2010,-33,-0.086394,-0.001080
8.2110,-33,-0.086394,-0.001080
8.2210,-33,-0.086394,-0.001080
8.2310,-33,-0.086394,-0.001080
8.2410,-33,-0.086394,-0.001080
8.2510,-33,-0.086394,-0.001080
8.2610,-33,-0.086394,-0.001080
8.2710,-33,-0.086394,-0.001080
8.2810,-33,-0.086394,-0.001080
8.2910,-33,-0.086394,-0.001080
8.3010,-34,-0.089012,-0.001113
8.3110,-34,-0.089012,-0.001113
8.3210,-34,-0.089012,-0.001113
8.3310,-34,-0.089012,-0.001113
8.3410,-34,-0.089012,-0.001113
8.3510,-34,-0.089012,-0.001113
8.3610,-33,-0.086394,-0.001080
8.3710,-33,-0.086394,-0.001080
8.3810,-33,-0.086394,-0.001080
8.3910,-33,-0.086394,-0.001080
8.4010,-33,-0.086394,-0.001080
8.4120,-34,-0.089012,-0.001113
8.4210,-34,-0.089012,-0.001113
8.4310,-34,-0.089012,-0.001113
8.4410,-34,-0.089012,-0.001113
8.4510,-34,-0.089012,-0.001113
8.4610,-34,-0.089012,-0.001113
8.4710,-34,-0.089012,-0.001113
8.4810,-34,-0.089012,-0.001113
8.4910,-34,-0.089012,-0.001113
8.5010,-34,-0.089012,-0.001113
8.5110,-34,-0.089012,-0.001113
8.5210,-34,-0.089012,-0.001113
8.5310,-34,-0.089012,-0.001113
8.5410,-34,-0.089012,-0.001113
8.5510,-34,-0.089012,-0.001113
8.5610,-34,-0.089012,-0.001113
8.5710,-35,-0.091630,-0.001145
8.5810,-35,-0.091630,-0.001145
8.5910,-35,-0.091630,-0.001145
8.6010,-35,-0.091630,-0.001145
8.6110,-35,-0.091630,-0.001145
8.6210,-35,-0.091630,-0.001145
8.6310,-35,-0.091630,-0.001145
8.6410,-34,-0.089012,-0.001113
8.6510,-34,-0.089012,-0.001113
8.6610,-34,-0.089012,-0.001113
8.6710,-34,-0.089012,-0.001113
8.6810,-34,-0.089012,-0.001113
8.6910,-35,-0.091630,-0.001145
8.7010,-35,-0.091630,-0.001145
8.7110,-35,-0.091630,-0.001145
8.7210,-36,-0.094248,-0.001178
8.7310,-36,-0.094248,-0.001178
8.7410,-36,-0.094248,-0.001178
8.7510,-36,-0.094248,-0.001178
8.7610,-36,-0.094248,-0.001178
8.7710,-36,-0.094248,-0.001178
8.7810,-35,-0.091630,-0.001145
8.7910,-35,-0.091630,-0.001145
8.8010,-35,-0.091630,-0.001145
8.8110,-35,-0.091630,-0.001145
8.8210,-35,-0.091630,-0.001145
8.8310,-36,-0.094248,-0.001178
8.8410,-36,-0.094248,-0.001178
8.8510,-37,-0.096866,-0.001211
8.8610,-37,-0.096866,-0.001211
8.8710,-37,-0.096866,-0.001211
8.8810,-37,-0.096866,-0.001211
8.8910,-37,-0.096866,-0.001211
8.9010,-37,-0.096866,-0.001211
8.9110,-37,-0.096866,-0.001211
8.9210,-37,-0.096866,-0.001211
8.9310,-37,-0.096866,-0.001211
8.9410,-36,-0.094248,-0.001178
8.9510,-37,-0.096866,-0.001211
8.9610,-37,-0.096866,-0.001211
8.9710,-37,-0.096866,-0.001211
8.9810,-37,-0.096866,-0.001211
8.9910,-38,-0.099484,-0.001244
9.0010,-38,-0.099484,-0.001244
9.0110,-38,-0.099484,-0.001244
9.0210,-38,-0.099484,-0.001244
9.0310,-38,-0.099484,-0.001244
9.0410,-38,-0.099484,-0.001244
9.0520,-38,-0.099484,-0.001244
9.0610,-37,-0.096866,-0.001211
9.0710,-37,-0.096866,-0.001211
9.0810,-37,-0.096866,-0.001211
9.0910,-37,-0.096866,-0.001211
9.1010,-37,-0.096866,-0.001211
9.1110,-38,-0.099484,-0.001244
9.1210,-38,-0.099484,-0.001244
9.1310,-39,-0.102102,-0.001276
9.1410,-39,-0.102102,-0.001276
9.1510,-39,-0.102102,-0.001276
9.1610,-39,-0.102102,-0.001276
9.1710,-39,-0.102102,-0.001276
9.1810,-39,-0.102102,-0.001276
9.1910,-39,-0.102102,-0.001276
9.2010,-38,-0.099484,-0.001244
9.2110,-38,-0.099484,-0.001244
9.2210,-38,-0.099484,-0.001244
9.2310,-38,-0.099484,-0.001244
9.2410,-38,-0.099484,-0.001244
9.2510,-39,-0.102102,-0.001276
9.2610,-39,-0.102102,-0.001276
9.2710,-39,-0.102102,-0.001276
9.2810,-39,-0.102102,-0.001276
9.2910,-40,-0.104720,-0.001309
9.3010,-40,-0.104720,-0.001309
9.3110,-40,-0.104720,-0.001309
9.3210,-39,-0.102102,-0.001276
9.3310,-39,-0.102102,-0.001276
9.3410,-39,-0.102102,-0.001276
9.3510,-39,-0.102102,-0.001276
9.3610,-39,-0.102102,-0.001276
9.3710,-39,-0.102102,-0.001276
9.3810,-39,-0.102102,-0.001276
9.3910,-40,-0.104720,-0.001309
9.4010,-40,-0.104720,-0.001309
9.4110,-40,-0.104720,-0.001309
9.4210,-40,-0.104720,-0.001309
9.4310,-40,-0.104720,-0.001309
9.4410,-40,-0.104720,-0.001309
9.4510,-40,-0.104720,-0.001309
9.4610,-40,-0.104720,-0.001309
9.4710,-40,-0.104720,-0.001309
9.4810,-40,-0.104720,-0.001309
9.4910,-40,-0.104720,-0.001309
9.5010,-40,-0.104720,-0.001309
9.5110,-40,-0.104720,-0.001309
9.5210,-40,-0.104720,-0.001309
9.5310,-40,-0.104720,-0.001309
9.5410,-41,-0.107338,-0.001342
9.5510,-41,-0.107338,-0.001342
9.5610,-41,-0.107338,-0.001342
9.5710,-41,-0.107338,-0.001342
9.5810,-41,-0.107338,-0.001342
9.5910,-41,-0.107338,-0.001342
9.6010,-41,-0.107338,-0.001342
9.6110,-41,-0.107338,-0.001342
9.6210,-41,-0.107338,-0.001342
9.6310,-40,-0.104720,-0.001309
9.6410,-40,-0.104720,-0.001309
9.6510,-40,-0.104720,-0.001309
9.6610,-41,-0.107338,-0.001342
9.6710,-41,-0.107338,-0.001342
9.6810,-41,-0.107338,-0.001342
9.6920,-41,-0.107338,-0.001342
9.7010,-41,-0.107338,-0.001342
9.7110,-42,-0.109956,-0.001374
9.7210,-42,-0.109956,-0.001374
9.7310,-41,-0.107338,-0.001342
9.7410,-41,-0.107338,-0.001342
9.7510,-41,-0.107338,-0.001342
9.7610,-41,-0.107338,-0.001342
9.7710,-41,-0.107338,-0.001342
9.7810,-41,-0.107338,-0.001342
9.7910,-41,-0.107338,-0.001342
9.8010,-41,-0.107338,-0.001342
9.8110,-41,-0.107338,-0.001342
9.8210,-42,-0.109956,-0.001374
9.8310,-42,-0.109956,-0.001374
9.8410,-42,-0.109956,-0.001374
9.8510,-42,-0.109956,-0.001374
9.8610,-42,-0.109956,-0.001374
9.8710,-42,-0.109956,-0.001374
9.8810,-42,-0.109956,-0.001374
9.8910,-41,-0.107338,-0.001342
9.9010,-41,-0.107338,-0.001342
9.9110,-41,-0.107338,-0.001342
9.9210,-41,-0.107338,-0.001342
9.9310,-41,-0.107338,-0.001342
9.9410,-42,-0.109956,-0.001374
9.9510,-42,-0.109956,-0.001374
9.9610,-43,-0.112574,-0.001407
9.9710,-43,-0.112574,-0.001407
9.9810,-43,-0.112574,-0.001407
9.9910,-43,-0.112574,-0.001407
10.0010,-43,-0.112574,-0.001407
10.0110,-43,-0.112574,-0.001407
10.0210,-43,-0.112574,-0.001407
10.0310,-42,-0.109956,-0.001374
10.0410,-42,-0.109956,-0.001374
10.0510,-42,-0.109956,-0.001374
10.0610,-42,-0.109956,-0.001374
10.0710,-42,-0.109956,-0.001374
10.0810,-43,-0.112574,-0.001407
10.0910,-43,-0.112574,-0.001407
10.1010,-44,-0.115192,-0.001440
10.1110,-44,-0.115192,-0.001440
10.1210,-44,-0.115192,-0.001440
10.1310,-44,-0.115192,-0.001440
10.1410,-44,-0.115192,-0.001440
10.1510,-44,-0.115192,-0.001440
10.1610,-44,-0.115192,-0.001440
10.1710,-43,-0.112574,-0.001407
10.1810,-43,-0.112574,-0.001407
10.1910,-43,-0.112574,-0.001407
10.2010,-43,-0.112574,-0.001407
10.2110,-43,-0.112574,-0.001407
10.2210,-44,-0.115192,-0.001440
10.2310,-45,-0.117810,-0.001473
10.2410,-45,-0.117810,-0.001473
10.2510,-45,-0.117810,-0.001473
10.2610,-45,-0.117810,-0.001473
10.2710,-45,-0.117810,-0.001473
10.2810,-45,-0.117810,-0.001473
10.2910,-45,-0.117810,-0.001473
10.3010,-45,-0.117810,-0.001473
10.3110,-45,-0.117810,-0.001473
10.3210,-45,-0.117810,-0.001473
10.3320,-45,-0.117810,-0.001473
10.3410,-45,-0.117810,-0.001473
10.3510,-45,-0.117810,-0.001473
10.3610,-46,-0.120428,-0.001505
10.3710,-46,-0.120428,-0.001505
10.3810,-47,-0.123046,-0.001538
10.3910,-47,-0.123046,-0.001538
10.4010,-47,-0.123046,-0.001538
10.4110,-47,-0.123046,-0.001538
10.4210,-47,-0.123046,-0.001538
10.4310,-47,-0.123046,-0.001538
10.4410,-47,-0.123046,-0.001538
10.4510,-46,-0.120428,-0.001505
10.4610,-46,-0.120428,-0.001505
10.4710,-46,-0.120428,-0.001505
10.4810,-46,-0.120428,-0.001505
10.4910,-47,-0.123046,-0.001538
10.5010,-47,-0.123046,-0.001538
10.5110,-48,-0.125664,-0.001571
10.5210,-48,-0.125664,-0.001571
10.5310,-48,-0.125664,-0.001571
10.5410,-49,-0.128282,-0.001604
10.5510,-49,-0.128282,-0.001604
10.5610,-49,-0.128282,-0.001604
10.5710,-49,-0.128282,-0.001604
10.5810,-48,-0.125664,-0.001571
10.5910,-48,-0.125664,-0.001571
10.6010,-48,-0.125664,-0.001571
10.6110,-48,-0.125664,-0.001571
10.6210,-48,-0.125664,-0.001571
10.6310,-48,-0.125664,-0.001571
10.6410,-49,-0.128282,-0.001604
10.6510,-49,-0.128282,-0.001604
10.6610,-50,-0.130900,-0.001636
10.6710,-51,-0.133518,-0.001669
10.6810,-51,-0.133518,-0.001669
10.6910,-51,-0.133518,-0.001669
10.7010,-51,-0.133518,-0.001669
10.7110,-51,-0.133518,-0.001669
10.7210,-51,-0.133518,-0.001669
10.7310,-51,-0.133518,-0.001669
10.7410,-50,-0.130900,-0.001636
10.7510,-50,-0.130900,-0.001636
10.7610,-50,-0.130900,-0.001636
10.7710,-51,-0.133518,-0.001669
10.7810,-51,-0.133518,-0.001669
10.7910,-52,-0.136136,-0.001702
10.8010,-53,-0.138754,-0.001734
10.8110,-53,-0.138754,-0.001734
10.8210,-53,-0.138754,-0.001734
10.8310,-53,-0.138754,-0.001734
10.8410,-53,-0.138754,-0.001734
10.8510,-53,-0.138754,-0.001734
10.8610,-53,-0.138754,-0.001734
10.8710,-53,-0.138754,-0.001734
10.8810,-52,-0.136136,-0.001702
10.8910,-52,-0.136136,-0.001702
10.9010,-52,-0.136136,-0.001702
10.9110,-53,-0.138754,-0.001734
10.9210,-53,-0.138754,-0.001734
10.9310,-54,-0.141372,-0.001767
10.9410,-54,-0.141372,-0.001767
10.9510,-55,-0.143990,-0.001800
10.9610,-55,-0.143990,-0.001800
10.9720,-55,-0.143990,-0.001800
10.9810,-55,-0.143990,-0.001800
10.9910,-55,-0.143990,-0.001800
11.0010,-54,-0.141372,-0.001767
11.0110,-54,-0.141372,-0.001767
11.0210,-54,-0.141372,-0.001767
11.0310,-54,-0.141372,-0.001767
11.0410,-54,-0.141372,-0.001767
11.0510,-55,-0.143990,-0.001800
11.0610,-55,-0.143990,-0.001800
11.0710,-56,-0.146608,-0.001833
11.0810,-56,-0.146608,-0.001833
11.0910,-56,-0.146608,-0.001833
11.1010,-56,-0.146608,-0.001833
11.1110,-56,-0.146608,-0.001833
11.1210,-56,-0.146608,-0.001833
11.1310,-56,-0.146608,-0.001833
11.1410,-55,-0.143990,-0.001800
11.1510,-55,-0.143990,-0.001800
11.1610,-55,-0.143990,-0.001800
11.1710,-55,-0.143990,-0.001800
11.1810,-55,-0.143990,-0.001800
11.1910,-56,-0.146608,-0.001833
11.2010,-56,-0.146608,-0.001833
11.2110,-57,-0.149226,-0.001865
11.2210,-57,-0.149226,-0.001865
11.2310,-57,-0.149226,-0.001865
11.2410,-57,-0.149226,-0.001865
11.2510,-57,-0.149226,-0.001865
11.2610,-57,-0.149226,-0.001865
11.2710,-57,-0.149226,-0.001865
11.2810,-56,-0.146608,-0.001833
11.2910,-56,-0.146608,-0.001833
11.3010,-56,-0.146608,-0.001833
11.3110,-56,-0.146608,-0.001833
11.3210,-56,-0.146608,-0.001833
11.3310,-57,-0.149226,-0.001865
11.3410,-57,-0.149226,-0.001865
11.3510,-58,-0.151844,-0.001898
11.3610,-58,-0.151844,-0.001898
11.3710,-58,-0.151844,-0.001898
11.3810,-58,-0.151844,-0.001898
11.3910,-58,-0.151844,-0.001898
11.4010,-58,-0.151844,-0.001898
11.4110,-57,-0.149226,-0.001865
11.4210,-57,-0.149226,-0.001865
11.4310,-57,-0.149226,-0.001865
11.4410,-57,-0.149226,-0.001865
11.4510,-57,-0.149226,-0.001865
11.4610,-57,-0.149226,-0.001865
11.4710,-58,-0.151844,-0.001898
11.4810,-59,-0.154462,-0.001931
11.4910,-59,-0.154462,-0.001931
11.5010,-59,-0.154462,-0.001931
11.5110,-59,-0.154462,-0.001931
11.5210,-59,-0.154462,-0.001931
11.5310,-59,-0.154462,-0.001931
11.5410,-59,-0.154462,-0.001931
11.5510,-59,-0.154462,-0.001931
11.5610,-59,-0.154462,-0.001931
11.5710,-59,-0.154462,-0.001931
11.5810,-59,-0.154462,-0.001931
11.5910,-59,-0.154462,-0.001931
11.6010,-59,-0.154462,-0.001931
11.6120,-60,-0.157080,-0.001963
11.6210,-60,-0.157080,-0.001963
11.6310,-61,-0.159698,-0.001996
11.6410,-61,-0.159698,-0.001996
11.6510,-61,-0.159698,-0.001996
11.6610,-61,-0.159698,-0.001996
11.6710,-61,-0.159698,-0.001996
11.6810,-61,-0.159698,-0.001996
11.6910,-61,-0.159698,-0.001996
11.7010,-61,-0.159698,-0.001996
11.7110,-61,-0.159698,-0.001996
11.7210,-61,-0.159698,-0.001996
11.7310,-61,-0.159698,-0.001996
11.7410,-61,-0.159698,-0.001996
11.7510,-62,-0.162316,-0.002029
11.7610,-62,-0.162316,-0.002029
11.7710,-63,-0.164934,-0.002062
11.7810,-63,-0.164934,-0.002062
11.7910,-63,-0.164934,-0.002062
11.8010,-63,-0.164934,-0.002062
11.8110,-63,-0.164934,-0.002062
11.8210,-63,-0.164934,-0.002062
11.8310,-63,-0.164934,-0.002062
11.8410,-62,-0.162316,-0.002029
11.8510,-62,-0.162316,-0.002029
11.8610,-62,-0.162316,-0.002029
11.8710,-62,-0.162316,-0.002029
11.8810,-63,-0.164934,-0.002062
11.8910,-63,-0.164934,-0.002062
11.9010,-64,-0.167552,-0.002094
11.9110,-64,-0.167552,-0.002094
11.9210,-64,-0.167552,-0.002094
11.9310,-64,-0.167552,-0.002094
11.9410,-64,-0.167552,-0.002094
11.9510,-64,-0.167552,-0.002094
11.9610,-64,-0.167552,-0.002094
11.9710,-64,-0.167552,-0.002094
11.9810,-64,-0.167552,-0.002094
11.9910,-63,-0.164934,-0.002062
12.0010,-63,-0.164934,-0.002062
12.0110,-64,-0.167552,-0.002094
12.0210,-65,-0.170170,-0.002127
12.0310,-65,-0.170170,-0.002127
12.0410,-65,-0.170170,-0.002127
12.0510,-65,-0.170170,-0.002127
12.0610,-66,-0.172788,-0.002160
12.0710,-66,-0.172788,-0.002160
12.0810,-66,-0.172788,-0.002160
12.0910,-66,-0.172788,-0.002160
12.1010,-66,-0.172788,-0.002160
12.1110,-65,-0.170170,-0.002127
12.1210,-65,-0.170170,-0.002127
12.1310,-65,-0.170170,-0.002127
12.1410,-65,-0.170170,-0.002127
12.1510,-65,-0.170170,-0.002127
12.1610,-66,-0.172788,-0.002160
12.1710,-66,-0.172788,-0.002160
12.1810,-67,-0.175406,-0.002193
12.1910,-67,-0.175406,-0.002193
12.2010,-67,-0.175406,-0.002193
12.2110,-67,-0.175406,-0.002193
12.2210,-67,-0.175406,-0.002193
12.2310,-67,-0.175406,-0.002193
12.2410,-67,-0.175406,-0.002193
12.2520,-67,-0.175406,-0.002193
12.2610,-67,-0.175406,-0.002193
12.2710,-66,-0.172788,-0.002160
12.2810,-67,-0.175406,-0.002193
12.2910,-67,-0.175406,-0.002193
12.3010,-67,-0.175406,-0.002193
12.3110,-68,-0.178024,-0.002225
12.3210,-68,-0.178024,-0.002225
12.3310,-68,-0.178024,-0.002225
12.3410,-69,-0.180642,-0.002258
12.3510,-69,-0.180642,-0.002258
12.3610,-69,-0.180642,-0.002258
12.3710,-68,-0.178024,-0.002225
12.3810,-68,-0.178024,-0.002225
12.3910,-68,-0.178024,-0.002225
12.4010,-68,-0.178024,-0.002225
12.4110,-68,-0.178024,-0.002225
12.4210,-68,-0.178024,-0.002225
12.4310,-68,-0.178024,-0.002225
12.4410,-69,-0.180642,-0.002258
12.4510,-69,-0.180642,-0.002258
12.4610,-69,-0.180642,-0.002258
12.4710,-69,-0.180642,-0.002258
12.4810,-69,-0.180642,-0.002258
12.4910,-69,-0.180642,-0.002258
12.5010,-69,-0.180642,-0.002258
12.5110,-69,-0.180642,-0.002258
12.5210,-69,-0.180642,-0.002258
12.5310,-69,-0.180642,-0.002258
12.5410,-69,-0.180642,-0.002258
12.5510,-68,-0.178024,-0.002225
12.5610,-69,-0.180642,-0.002258
12.5710,-69,-0.180642,-0.002258
12.5810,-69,-0.180642,-0.002258
12.5910,-69,-0.180642,-0.002258
12.6010,-70,-0.183260,-0.002291
12.6110,-70,-0.183260,-0.002291
12.6210,-70,-0.183260,-0.002291
12.6310,-70,-0.183260,-0.002291
12.6410,-70,-0.183260,-0.002291
12.6510,-69,-0.180642,-0.002258
12.6610,-69,-0.180642,-0.002258
12.6710,-69,-0.180642,-0.002258
12.6810,-69,-0.180642,-0.002258
12.6910,-69,-0.180642,-0.002258
12.7010,-69,-0.180642,-0.002258
12.7110,-69,-0.180642,-0.002258
12.7210,-70,-0.183260,-0.002291
12.7310,-70,-0.183260,-0.002291
12.7410,-71,-0.185878,-0.002323
12.7510,-71,-0.185878,-0.002323
12.7610,-71,-0.185878,-0.002323
12.7710,-71,-0.185878,-0.002323
12.7810,-71,-0.185878,-0.002323
12.7910,-70,-0.183260,-0.002291
12.8010,-70,-0.183260,-0.002291
12.8110,-70,-0.183260,-0.002291
12.8210,-70,-0.183260,-0.002291
12.8310,-70,-0.183260,-0.002291
12.8410,-70,-0.183260,-0.002291
12.8510,-71,-0.185878,-0.002323
12.8610,-71,-0.185878,-0.002323
12.8710,-71,-0.185878,-0.002323
12.8810,-72,-0.188496,-0.002356
12.8920,-72,-0.188496,-0.002356
12.9010,-72,-0.188496,-0.002356
12.9110,-72,-0.188496,-0.002356
12.9210,-72,-0.188496,-0.002356
12.9310,-72,-0.188496,-0.002356
12.9410,-71,-0.185878,-0.002323
12.9510,-71,-0.185878,-0.002323
12.9610,-71,-0.185878,-0.002323
12.9710,-71,-0.185878,-0.002323
12.9810,-71,-0.185878,-0.002323
12.9910,-72,-0.188496,-0.002356
13.0010,-72,-0.188496,-0.002356
13.0110,-73,-0.191114,-0.002389
13.0210,-73,-0.191114,-0.002389
13.0310,-73,-0.191114,-0.002389
13.0410,-73,-0.191114,-0.002389
13.0510,-73,-0.191114,-0.002389
13.0610,-73,-0.191114,-0.002389
13.0710,-73,-0.191114,-0.002389
13.0810,-73,-0.191114,-0.002389
13.0910,-73,-0.191114,-0.002389
13.1010,-73,-0.191114,-0.002389
13.1110,-73,-0.191114,-0.002389
13.1210,-73,-0.191114,-0.002389
13.1310,-74,-0.193732,-0.002422
13.1410,-74,-0.193732,-0.002422
13.1510,-74,-0.193732,-0.002422
13.1610,-75,-0.196350,-0.002454
13.1710,-75,-0.196350,-0.002454
13.1810,-75,-0.196350,-0.002454
13.1910,-75,-0.196350,-0.002454
13.2010,-75,-0.196350,-0.002454
13.2110,-75,-0.196350,-0.002454
13.2210,-74,-0.193732,-0.002422
13.2310,-74,-0.193732,-0.002422
13.2410,-74,-0.193732,-0.002422
13.2510,-74,-0.193732,-0.002422
13.2610,-74,-0.193732,-0.002422
13.2710,-75,-0.196350,-0.002454
13.2810,-75,-0.196350,-0.002454
13.2910,-76,-0.198968,-0.002487
13.3010,-76,-0.198968,-0.002487
13.3110,-76,-0.198968,-0.002487
13.3210,-76,-0.198968,-0.002487
13.3310,-76,-0.198968,-0.002487
13.3410,-76,-0.198968,-0.002487
13.3510,-76,-0.198968,-0.002487
13.3610,-75,-0.196350,-0.002454
13.3710,-75,-0.196350,-0.002454
13.3810,-75,-0.196350,-0.002454
13.3910,-75,-0.196350,-0.002454
13.4010,-75,-0.196350,-0.002454
13.4110,-76,-0.198968,-0.002487
13.4210,-76,-0.198968,-0.002487
13.4310,-77,-0.201586,-0.002520
13.4410,-77,-0.201586,-0.002520
13.4510,-77,-0.201586,-0.002520
13.4610,-77,-0.201586,-0.002520
13.4710,-77,-0.201586,-0.002520
13.4810,-77,-0.201586,-0.002520
13.4910,-77,-0.201586,-0.002520
13.5010,-76,-0.198968,-0.002487
13.5110,-76,-0.198968,-0.002487
13.5210,-76,-0.198968,-0.002487
13.5320,-76,-0.198968,-0.002487
13.5410,-76,-0.198968,-0.002487
13.5510,-77,-0.201586,-0.002520
13.5610,-77,-0.201586,-0.002520
13.5710,-77,-0.201586,-0.002520
13.5810,-77,-0.201586,-0.002520
13.5910,-78,-0.204204,-0.002553
13.6010,-78,-0.204204,-0.002553
13.6110,-78,-0.204204,-0.002553
13.6210,-78,-0.204204,-0.002553
13.6310,-77,-0.201586,-0.002520
13.6410,-77,-0.201586,-0.002520
13.6510,-77,-0.201586,-0.002520
13.6610,-77,-0.201586,-0.002520
13.6710,-77,-0.201586,-0.002520
13.6810,-77,-0.201586,-0.002520
13.6910,-78,-0.204204,-0.002553
13.7010,-78,-0.204204,-0.002553
13.7110,-78,-0.204204,-0.002553
13.7210,-78,-0.204204,-0.002553
13.7310,-79,-0.206822,-0.002585
13.7410,-79,-0.206822,-0.002585
13.7510,-78,-0.204204,-0.002553
13.7610,-78,-0.204204,-0.002553
13.7710,-78,-0.204204,-0.002553
13.7810,-78,-0.204204,-0.002553
13.7910,-78,-0.204204,-0.002553
13.8010,-78,-0.204204,-0.002553
13.8110,-78,-0.204204,-0.002553
13.8210,-78,-0.204204,-0.002553
13.8310,-78,-0.204204,-0.002553
13.8410,-79,-0.206822,-0.002585
13.8510,-79,-0.206822,-0.002585
13.8610,-79,-0.206822,-0.002585
13.8710,-79,-0.206822,-0.002585
13.8810,-79,-0.206822,-0.002585
13.8910,-79,-0.206822,-0.002585
13.9010,-79,-0.206822,-0.002585
13.9110,-78,-0.204204,-0.002553
13.9210,-78,-0.204204,-0.002553
13.9310,-78,-0.204204,-0.002553
13.9410,-78,-0.204204,-0.002553
13.9510,-78,-0.204204,-0.002553
13.9610,-79,-0.206822,-0.002585
13.9710,-79,-0.206822,-0.002585
13.9810,-79,-0.206822,-0.002585
13.9910,-79,-0.206822,-0.002585
14.0010,-79,-0.206822,-0.002585
14.0110,-79,-0.206822,-0.002585
14.0210,-79,-0.206822,-0.002585
14.0310,-79,-0.206822,-0.002585
14.0410,-79,-0.206822,-0.002585
14.0510,-79,-0.206822,-0.002585
14.0610,-79,-0.206822,-0.002585
14.0710,-79,-0.206822,-0.002585
14.0810,-79,-0.206822,-0.002585
14.0910,-79,-0.206822,-0.002585
14.1010,-79,-0.206822,-0.002585
14.1110,-79,-0.206822,-0.002585
14.1210,-80,-0.209440,-0.002618
14.1310,-80,-0.209440,-0.002618
14.1410,-80,-0.209440,-0.002618
14.1510,-80,-0.209440,-0.002618
14.1610,-80,-0.209440,-0.002618
14.1720,-80,-0.209440,-0.002618
14.1810,-80,-0.209440,-0.002618
14.1910,-80,-0.209440,-0.002618
14.2010,-79,-0.206822,-0.002585
14.2110,-79,-0.206822,-0.002585
14.2210,-79,-0.206822,-0.002585
14.2310,-79,-0.206822,-0.002585
14.2410,-80,-0.209440,-0.002618
14.2510,-80,-0.209440,-0.002618
14.2610,-80,-0.209440,-0.002618
14.2710,-81,-0.212058,-0.002651
14.2810,-81,-0.212058,-0.002651
14.2910,-81,-0.212058,-0.002651
14.3010,-81,-0.212058,-0.002651
14.3110,-81,-0.212058,-0.002651
14.3210,-81,-0.212058,-0.002651
14.3310,-81,-0.212058,-0.002651
14.3410,-81,-0.212058,-0.002651
14.3510,-80,-0.209440,-0.002618
14.3610,-81,-0.212058,-0.002651
14.3710,-81,-0.212058,-0.002651
14.3810,-81,-0.212058,-0.002651
14.3910,-81,-0.212058,-0.002651
14.4010,-82,-0.214676,-0.002683
14.4110,-82,-0.214676,-0.002683
14.4210,-82,-0.214676,-0.002683
14.4310,-82,-0.214676,-0.002683
14.4410,-82,-0.214676,-0.002683
14.4510,-82,-0.214676,-0.002683
14.4610,-82,-0.214676,-0.002683
14.4710,-82,-0.214676,-0.002683
14.4810,-82,-0.214676,-0.002683
14.4910,-82,-0.214676,-0.002683
14.5010,-82,-0.214676,-0.002683
14.5110,-82,-0.214676,-0.002683
14.5210,-83,-0.217294,-0.002716
14.5310,-83,-0.217294,-0.002716
14.5410,-83,-0.217294,-0.002716
14.5510,-83,-0.217294,-0.002716
14.5610,-83,-0.217294,-0.002716
14.5710,-83,-0.217294,-0.002716
14.5810,-83,-0.217294,-0.002716
14.5910,-83,-0.217294,-0.002716
14.6010,-83,-0.217294,-0.002716
14.6110,-83,-0.217294,-0.002716
14.6210,-83,-0.217294,-0.002716
14.6310,-83,-0.217294,-0.002716
14.6410,-83,-0.217294,-0.002716
14.6510,-83,-0.217294,-0.002716
14.6610,-84,-0.219912,-0.002749
14.6710,-84,-0.219912,-0.002749
14.6810,-84,-0.219912,-0.002749
14.6910,-84,-0.219912,-0.002749
14.7010,-85,-0.222529,-0.002782
14.7110,-85,-0.222529,-0.002782
14.7210,-85,-0.222529,-0.002782
14.7310,-84,-0.219912,-0.002749
14.7410,-84,-0.219912,-0.002749
14.7510,-84,-0.219912,-0.002749
14.7610,-84,-0.219912,-0.002749
14.7710,-84,-0.219912,-0.002749
14.7810,-84,-0.219912,-0.002749
14.7910,-84,-0.219912,-0.002749
14.8010,-85,-0.222529,-0.002782
14.8120,-85,-0.222529,-0.002782
14.8210,-85,-0.222529,-0.002782
14.8310,-85,-0.222529,-0.002782
14.8410,-85,-0.222529,-0.002782
14.8510,-85,-0.222529,-0.002782
14.8610,-85,-0.222529,-0.002782
14.8710,-85,-0.222529,-0.002782
14.8810,-85,-0.222529,-0.002782
14.8910,-85,-0.222529,-0.002782
14.9010,-85,-0.222529,-0.002782
14.9110,-85,-0.222529,-0.002782
14.9210,-85,-0.222529,-0.002782
14.9310,-85,-0.222529,-0.002782
14.9410,-85,-0.222529,-0.002782
14.9510,-85,-0.222529,-0.002782
14.9610,-86,-0.225147,-0.002814
14.9710,-86,-0.225147,-0.002814
14.9810,-86,-0.225147,-0.002814
14.9910,-86,-0.225147,-0.002814
15.0010,-86,-0.225147,-0.002814
15.0110,-86,-0.225147,-0.002814
15.0210,-85,-0.222529,-0.002782
15.0310,-85,-0.222529,-0.002782
15.0410,-85,-0.222529,-0.002782
15.0510,-85,-0.222529,-0.002782
15.0610,-85,-0.222529,-0.002782
15.0710,-86,-0.225147,-0.002814
15.0810,-86,-0.225147,-0.002814
15.0910,-86,-0.225147,-0.002814
15.1010,-87,-0.227765,-0.002847
15.1110,-87,-0.227765,-0.002847
15.1210,-87,-0.227765,-0.002847
15.1310,-87,-0.227765,-0.002847
15.1410,-87,-0.227765,-0.002847
15.1510,-87,-0.227765,-0.002847
15.1610,-87,-0.227765,-0.002847
15.1710,-87,-0.227765,-0.002847
15.1810,-86,-0.225147,-0.002814
15.1910,-86,-0.225147,-0.002814
15.2010,-86,-0.225147,-0.002814
15.2110,-87,-0.227765,-0.002847
15.2210,-87,-0.227765,-0.002847
15.2310,-88,-0.230383,-0.002880
15.2410,-88,-0.230383,-0.002880
15.2510,-88,-0.230383,-0.002880
15.2610,-88,-0.230383,-0.002880
15.2710,-88,-0.230383,-0.002880
15.2810,-88,-0.230383,-0.002880
15.2910,-88,-0.230383,-0.002880
15.3010,-87,-0.227765,-0.002847
15.3110,-87,-0.227765,-0.002847
15.3210,-87,-0.227765,-0.002847
15.3310,-87,-0.227765,-0.002847
15.3410,-87,-0.227765,-0.002847
15.3510,-88,-0.230383,-0.002880
15.3610,-88,-0.230383,-0.002880
15.3710,-88,-0.230383,-0.002880
15.3810,-89,-0.233001,-0.002913
15.3910,-89,-0.233001,-0.002913
15.4010,-89,-0.233001,-0.002913
15.4110,-89,-0.233001,-0.002913
15.4210,-89,-0.233001,-0.002913
15.4310,-88,-0.230383,-0.002880
15.4410,-88,-0.230383,-0.002880
15.4520,-88,-0.230383,-0.002880
15.4610,-88,-0.230383,-0.002880
15.4710,-88,-0.230383,-0.002880
15.4810,-88,-0.230383,-0.002880
15.4910,-89,-0.233001,-0.002913
15.5010,-89,-0.233001,-0.002913
15.5110,-89,-0.233001,-0.002913
15.5210,-89,-0.233001,-0.002913
15.5310,-89,-0.233001,-0.002913
15.5410,-89,-0.233001,-0.002913
15.5510,-89,-0.233001,-0.002913
15.5610,-89,-0.233001,-0.002913
15.5710,-89,-0.233001,-0.002913
15.5810,-89,-0.233001,-0.002913
15.5910,-89,-0.233001,-0.002913
15.6010,-89,-0.233001,-0.002913
15.6110,-89,-0.233001,-0.002913
15.6210,-89,-0.233001,-0.002913
15.6310,-89,-0.233001,-0.002913
15.6410,-89,-0.233001,-0.002913
15.6510,-90,-0.235619,-0.002945
15.6610,-90,-0.235619,-0.002945
15.6710,-90,-0.235619,-0.002945
15.6810,-90,-0.235619,-0.002945
15.6910,-90,-0.235619,-0.002945
15.7010,-90,-0.235619,-0.002945
15.7110,-90,-0.235619,-0.002945
15.7210,-89,-0.233001,-0.002913
15.7310,-89,-0.233001,-0.002913
15.7410,-89,-0.233001,-0.002913
15.7510,-90,-0.235619,-0.002945
15.7610,-90,-0.235619,-0.002945
15.7710,-90,-0.235619,-0.002945
15.7810,-90,-0.235619,-0.002945
15.7910,-91,-0.238237,-0.002978
15.8010,-91,-0.238237,-0.002978
15.8110,-91,-0.238237,-0.002978
15.8210,-91,-0.238237,-0.002978
15.8310,-91,-0.238237,-0.002978
15.8410,-91,-0.238237,-0.002978
15.8510,-91,-0.238237,-0.002978
15.8610,-91,-0.238237,-0.002978
15.8710,-91,-0.238237,-0.002978
15.8810,-91,-0.238237,-0.002978
15.8910,-91,-0.238237,-0.002978
15.9010,-91,-0.238237,-0.002978
15.9110,-91,-0.238237,-0.002978
15.9210,-91,-0.238237,-0.002978
15.9310,-92,-0.240855,-0.003011
15.9410,-92,-0.240855,-0.003011
15.9510,-92,-0.240855,-0.003011
15.9610,-92,-0.240855,-0.003011
15.9710,-92,-0.240855,-0.003011
15.9810,-92,-0.240855,-0.003011
15.9910,-92,-0.240855,-0.003011
16.0010,-92,-0.240855,-0.003011
16.0110,-92,-0.240855,-0.003011
16.0210,-92,-0.240855,-0.003011
16.0310,-92,-0.240855,-0.003011
16.0410,-92,-0.240855,-0.003011
16.0510,-92,-0.240855,-0.003011
16.0610,-92,-0.240855,-0.003011
16.0710,-93,-0.243473,-0.003043
16.0810,-93,-0.243473,-0.003043
16.0920,-93,-0.243473,-0.003043
16.1010,-93,-0.243473,-0.003043
16.1110,-93,-0.243473,-0.003043
16.1210,-93,-0.243473,-0.003043
16.1310,-92,-0.240855,-0.003011
16.1410,-92,-0.240855,-0.003011
16.1510,-92,-0.240855,-0.003011
16.1610,-92,-0.240855,-0.003011
16.1710,-92,-0.240855,-0.003011
16.1810,-93,-0.243473,-0.003043
16.1910,-93,-0.243473,-0.003043
16.2010,-93,-0.243473,-0.003043
16.2110,-93,-0.243473,-0.003043
16.2210,-93,-0.243473,-0.003043
16.2310,-93,-0.243473,-0.003043
16.2410,-93,-0.243473,-0.003043
16.2510,-93,-0.243473,-0.003043
16.2610,-93,-0.243473,-0.003043
16.2710,-93,-0.243473,-0.003043
16.2810,-93,-0.243473,-0.003043
16.2910,-93,-0.243473,-0.003043
16.3010,-93,-0.243473,-0.003043
16.3110,-93,-0.243473,-0.003043
16.3210,-93,-0.243473,-0.003043
16.3310,-93,-0.243473,-0.003043
16.3410,-93,-0.243473,-0.003043
16.3510,-93,-0.243473,-0.003043
16.3610,-93,-0.243473,-0.003043
16.3710,-94,-0.246091,-0.003076
16.3810,-94,-0.246091,-0.003076
16.3910,-93,-0.243473,-0.003043
16.4010,-93,-0.243473,-0.003043
16.4110,-93,-0.243473,-0.003043
16.4210,-93,-0.243473,-0.003043
16.4310,-93,-0.243473,-0.003043
16.4410,-93,-0.243473,-0.003043
16.4510,-93,-0.243473,-0.003043
16.4610,-94,-0.246091,-0.003076
16.4710,-94,-0.246091,-0.003076
16.4810,-94,-0.246091,-0.003076
16.4910,-94,-0.246091,-0.003076
16.5010,-94,-0.246091,-0.003076
16.5110,-94,-0.246091,-0.003076
16.5210,-94,-0.246091,-0.003076
16.5310,-94,-0.246091,-0.003076
16.5410,-94,-0.246091,-0.003076
16.5510,-94,-0.246091,-0.003076
16.5610,-94,-0.246091,-0.003076
16.5710,-94,-0.246091,-0.003076
16.5810,-94,-0.246091,-0.003076
16.5910,-94,-0.246091,-0.003076
16.6010,-94,-0.246091,-0.003076
16.6110,-94,-0.246091,-0.003076
16.6210,-94,-0.246091,-0.003076
16.6310,-94,-0.246091,-0.003076
16.6410,-94,-0.246091,-0.003076
16.6510,-94,-0.246091,-0.003076
16.6610,-94,-0.246091,-0.003076
16.6710,-94,-0.246091,-0.003076
16.6810,-94,-0.246091,-0.003076
16.6910,-94,-0.246091,-0.003076
16.7010,-94,-0.246091,-0.003076
16.7110,-94,-0.246091,-0.003076
16.7210,-94,-0.246091,-0.003076
16.7320,-94,-0.246091,-0.003076
16.7410,-94,-0.246091,-0.003076
16.7510,-94,-0.246091,-0.003076
16.7610,-95,-0.248709,-0.003109
16.7710,-95,-0.248709,-0.003109
16.7810,-95,-0.248709,-0.003109
16.7910,-95,-0.248709,-0.003109
16.8010,-95,-0.248709,-0.003109
16.8110,-94,-0.246091,-0.003076
16.8210,-94,-0.246091,-0.003076
16.8310,-94,-0.246091,-0.003076
16.8410,-94,-0.246091,-0.003076
16.8510,-94,-0.246091,-0.003076
16.8610,-94,-0.246091,-0.003076
16.8710,-94,-0.246091,-0.003076
16.8810,-94,-0.246091,-0.003076
16.8910,-94,-0.246091,-0.003076
16.9010,-95,-0.248709,-0.003109
16.9110,-95,-0.248709,-0.003109
16.9210,-95,-0.248709,-0.003109
16.9310,-95,-0.248709,-0.003109
16.9410,-95,-0.248709,-0.003109
16.9510,-95,-0.248709,-0.003109
16.9610,-94,-0.246091,-0.003076
16.9710,-94,-0.246091,-0.003076
16.9810,-94,-0.246091,-0.003076
16.9910,-94,-0.246091,-0.003076
17.0010,-94,-0.246091,-0.003076
17.0110,-94,-0.246091,-0.003076
17.0210,-95,-0.248709,-0.003109
17.0310,-95,-0.248709,-0.003109
17.0410,-95,-0.248709,-0.003109
17.0510,-95,-0.248709,-0.003109
17.0610,-95,-0.248709,-0.003109
17.0710,-95,-0.248709,-0.003109
17.0810,-95,-0.248709,-0.003109
17.0910,-95,-0.248709,-0.003109
17.1010,-95,-0.248709,-0.003109
17.1110,-95,-0.248709,-0.003109
17.1210,-95,-0.248709,-0.003109
17.1310,-95,-0.248709,-0.003109
17.1410,-95,-0.248709,-0.003109
17.1510,-95,-0.248709,-0.003109
17.1610,-95,-0.248709,-0.003109
17.1710,-95,-0.248709,-0.003109
17.1810,-96,-0.251327,-0.003142
17.1910,-96,-0.251327,-0.003142
17.2010,-96,-0.251327,-0.003142
17.2110,-96,-0.251327,-0.003142
17.2210,-96,-0.251327,-0.003142
17.2310,-96,-0.251327,-0.003142
17.2410,-96,-0.251327,-0.003142
17.2510,-96,-0.251327,-0.003142
17.2610,-96,-0.251327,-0.003142
17.2710,-96,-0.251327,-0.003142
17.2810,-96,-0.251327,-0.003142
17.2910,-96,-0.251327,-0.003142
17.3010,-96,-0.251327,-0.003142
17.3110,-96,-0.251327,-0.003142
17.3210,-97,-0.253945,-0.003174
17.3310,-97,-0.253945,-0.003174
17.3410,-97,-0.253945,-0.003174
17.3510,-97,-0.253945,-0.003174
17.3610,-97,-0.253945,-0.003174
17.3720,-97,-0.253945,-0.003174
17.3810,-96,-0.251327,-0.003142
17.3910,-96,-0.251327,-0.003142
17.4010,-96,-0.251327,-0.003142
17.4110,-96,-0.251327,-0.003142
17.4210,-96,-0.251327,-0.003142
17.4310,-97,-0.253945,-0.003174
17.4410,-97,-0.253945,-0.003174
17.4510,-97,-0.253945,-0.003174
17.4610,-97,-0.253945,-0.003174
17.4710,-97,-0.253945,-0.003174
17.4810,-97,-0.253945,-0.003174
17.4910,-97,-0.253945,-0.003174
17.5010,-97,-0.253945,-0.003174
17.5110,-97,-0.253945,-0.003174
17.5210,-97,-0.253945,-0.003174
17.5310,-97,-0.253945,-0.003174
17.5410,-97,-0.253945,-0.003174
17.5510,-97,-0.253945,-0.003174
17.5610,-97,-0.253945,-0.003174
17.5710,-97,-0.253945,-0.003174
17.5810,-97,-0.253945,-0.003174
17.5910,-97,-0.253945,-0.003174
17.6010,-97,-0.253945,-0.003174
17.6110,-98,-0.256563,-0.003207
17.6210,-98,-0.256563,-0.003207
17.6310,-98,-0.256563,-0.003207
17.6410,-97,-0.253945,-0.003174
17.6510,-97,-0.253945,-0.003174
17.6610,-97,-0.253945,-0.003174
17.6710,-97,-0.253945,-0.003174
17.6810,-97,-0.253945,-0.003174
17.6910,-97,-0.253945,-0.003174
17.7010,-97,-0.253945,-0.003174
17.7110,-98,-0.256563,-0.003207
17.7210,-98,-0.256563,-0.003207
17.7310,-98,-0.256563,-0.003207
17.7410,-98,-0.256563,-0.003207
17.7510,-98,-0.256563,-0.003207
17.7610,-98,-0.256563,-0.003207
17.7710,-98,-0.256563,-0.003207
17.7810,-98,-0.256563,-0.003207
17.7910,-98,-0.256563,-0.003207
17.8010,-98,-0.256563,-0.003207
17.8110,-98,-0.256563,-0.003207
17.8210,-98,-0.256563,-0.003207
17.8310,-98,-0.256563,-0.003207
17.8410,-98,-0.256563,-0.003207
17.8510,-98,-0.256563,-0.003207
17.8610,-98,-0.256563,-0.003207
17.8710,-98,-0.256563,-0.003207
17.8810,-98,-0.256563,-0.003207
17.8910,-98,-0.256563,-0.003207
17.9010,-98,-0.256563,-0.003207
17.9110,-98,-0.256563,-0.003207
17.9210,-98,-0.256563,-0.003207
17.9310,-98,-0.256563,-0.003207
17.9410,-98,-0.256563,-0.003207
17.9510,-98,-0.256563,-0.003207
17.9610,-98,-0.256563,-0.003207
17.9710,-98,-0.256563,-0.003207
17.9810,-98,-0.256563,-0.003207
17.9910,-98,-0.256563,-0.003207
18.0010,-98,-0.256563,-0.003207
18.0120,-99,-0.259181,-0.003240
18.0210,-99,-0.259181,-0.003240
18.0310,-99,-0.259181,-0.003240
18.0410,-99,-0.259181,-0.003240
18.0510,-99,-0.259181,-0.003240
18.0610,-99,-0.259181,-0.003240
18.0710,-98,-0.256563,-0.003207
18.0810,-98,-0.256563,-0.003207
18.0910,-98,-0.256563,-0.003207
18.1010,-98,-0.256563,-0.003207
18.1110,-98,-0.256563,-0.003207
18.1210,-98,-0.256563,-0.003207
18.1310,-99,-0.259181,-0.003240
18.1410,-99,-0.259181,-0.003240
18.1510,-99,-0.259181,-0.003240
18.1610,-99,-0.259181,-0.003240
18.1710,-99,-0.259181,-0.003240
18.1810,-99,-0.259181,-0.003240
18.1910,-99,-0.259181,-0.003240
18.2010,-99,-0.259181,-0.003240
18.2110,-98,-0.256563,-0.003207
18.2210,-98,-0.256563,-0.003207
18.2310,-98,-0.256563,-0.003207
18.2410,-98,-0.256563,-0.003207
18.2510,-98,-0.256563,-0.003207
18.2610,-98,-0.256563,-0.003207
18.2710,-99,-0.259181,-0.003240
18.2810,-99,-0.259181,-0.003240
18.2910,-99,-0.259181,-0.003240
18.3010,-99,-0.259181,-0.003240
18.3110,-99,-0.259181,-0.003240
18.3210,-99,-0.259181,-0.003240
18.3310,-99,-0.259181,-0.003240
18.3410,-99,-0.259181,-0.003240
18.3510,-99,-0.259181,-0.003240
18.3610,-99,-0.259181,-0.003240
18.3710,-98,-0.256563,-0.003207
18.3810,-98,-0.256563,-0.003207
18.3910,-98,-0.256563,-0.003207
18.4010,-99,-0.259181,-0.003240
18.4110,-99,-0.259181,-0.003240
18.4210,-99,-0.259181,-0.003240
18.4310,-99,-0.259181,-0.003240
18.4410,-99,-0.259181,-0.003240
18.4510,-99,-0.259181,-0.003240
18.4610,-99,-0.259181,-0.003240
18.4710,-99,-0.259181,-0.003240
18.4810,-99,-0.259181,-0.003240
18.4910,-99,-0.259181,-0.003240
18.5010,-99,-0.259181,-0.003240
18.5110,-99,-0.259181,-0.003240
18.5210,-99,-0.259181,-0.003240
18.5310,-99,-0.259181,-0.003240
18.5410,-99,-0.259181,-0.003240
18.5510,-100,-0.261799,-0.003272
18.5610,-100,-0.261799,-0.003272
18.5710,-100,-0.261799,-0.003272
18.5810,-100,-0.261799,-0.003272
18.5910,-100,-0.261799,-0.003272
18.6010,-100,-0.261799,-0.003272
18.6110,-100,-0.261799,-0.003272
18.6210,-100,-0.261799,-0.003272
18.6310,-100,-0.261799,-0.003272
18.6410,-100,-0.261799,-0.003272
18.6520,-100,-0.261799,-0.003272
18.6610,-100,-0.261799,-0.003272
18.6710,-100,-0.261799,-0.003272
18.6810,-100,-0.261799,-0.003272
18.6910,-100,-0.261799,-0.003272
18.7010,-101,-0.264417,-0.003305
18.7110,-101,-0.264417,-0.003305
18.7210,-101,-0.264417,-0.003305
18.7310,-101,-0.264417,-0.003305
18.7410,-101,-0.264417,-0.003305
18.7510,-101,-0.264417,-0.003305
18.7610,-101,-0.264417,-0.003305
18.7710,-101,-0.264417,-0.003305
18.7810,-101,-0.264417,-0.003305
18.7910,-101,-0.264417,-0.003305
18.8010,-101,-0.264417,-0.003305
18.8110,-101,-0.264417,-0.003305
18.8210,-101,-0.264417,-0.003305
18.8310,-101,-0.264417,-0.003305
18.8410,-101,-0.264417,-0.003305
18.8510,-101,-0.264417,-0.003305
18.8610,-101,-0.264417,-0.003305
18.8710,-101,-0.264417,-0.003305
18.8810,-101,-0.264417,-0.003305
18.8910,-101,-0.264417,-0.003305
18.9010,-101,-0.264417,-0.003305
18.9110,-101,-0.264417,-0.003305
18.9210,-101,-0.264417,-0.003305
18.9310,-101,-0.264417,-0.003305
18.9410,-101,-0.264417,-0.003305
18.9510,-101,-0.264417,-0.003305
18.9610,-101,-0.264417,-0.003305
18.9710,-101,-0.264417,-0.003305
18.9810,-102,-0.267035,-0.003338
18.9910,-102,-0.267035,-0.003338
19.0010,-102,-0.267035,-0.003338
19.0110,-102,-0.267035,-0.003338
19.0210,-102,-0.267035,-0.003338
19.0310,-102,-0.267035,-0.003338
19.0410,-101,-0.264417,-0.003305
19.0510,-101,-0.264417,-0.003305
19.0610,-101,-0.264417,-0.003305
19.0710,-101,-0.264417,-0.003305
19.0810,-101,-0.264417,-0.003305
19.0910,-101,-0.264417,-0.003305
19.1010,-102,-0.267035,-0.003338
19.1110,-102,-0.267035,-0.003338
19.1210,-102,-0.267035,-0.003338
19.1310,-102,-0.267035,-0.003338
19.1410,-102,-0.267035,-0.003338
19.1510,-102,-0.267035,-0.003338
19.1610,-102,-0.267035,-0.003338
19.1710,-102,-0.267035,-0.003338
19.1810,-102,-0.267035,-0.003338
19.1910,-102,-0.267035,-0.003338
19.2010,-102,-0.267035,-0.003338
19.2110,-102,-0.267035,-0.003338
19.2210,-102,-0.267035,-0.003338
19.2310,-102,-0.267035,-0.003338
19.2410,-102,-0.267035,-0.003338
19.2510,-102,-0.267035,-0.003338
19.2610,-102,-0.267035,-0.003338
19.2710,-102,-0.267035,-0.003338
19.2810,-103,-0.269653,-0.003371
19.2920,-103,-0.269653,-0.003371
19.3010,-103,-0.269653,-0.003371
19.3110,-102,-0.267035,-0.003338
19.3210,-102,-0.267035,-0.003338
19.3310,-102,-0.267035,-0.003338
19.3410,-102,-0.267035,-0.003338
19.3510,-102,-0.267035,-0.003338
19.3610,-102,-0.267035,-0.003338
19.3710,-102,-0.267035,-0.003338
19.3810,-103,-0.269653,-0.003371
19.3910,-103,-0.269653,-0.003371
19.4010,-103,-0.269653,-0.003371
19.4110,-103,-0.269653,-0.003371
19.4210,-103,-0.269653,-0.003371
19.4310,-103,-0.269653,-0.003371
19.4410,-103,-0.269653,-0.003371
19.4510,-103,-0.269653,-0.003371
19.4610,-102,-0.267035,-0.003338
19.4710,-102,-0.267035,-0.003338
19.4810,-102,-0.267035,-0.003338
19.4910,-102,-0.267035,-0.003338
19.5010,-102,-0.267035,-0.003338
19.5110,-103,-0.269653,-0.003371
19.5210,-103,-0.269653,-0.003371
19.5310,-103,-0.269653,-0.003371
19.5410,-103,-0.269653,-0.003371
19.5510,-103,-0.269653,-0.003371
19.5610,-103,-0.269653,-0.003371
19.5710,-103,-0.269653,-0.003371
19.5810,-103,-0.269653,-0.003371
19.5910,-103,-0.269653,-0.003371
19.6010,-103,-0.269653,-0.003371
19.6110,-103,-0.269653,-0.003371
19.6210,-102,-0.267035,-0.003338
19.6310,-102,-0.267035,-0.003338
19.6410,-102,-0.267035,-0.003338
19.6510,-103,-0.269653,-0.003371
19.6610,-103,-0.269653,-0.003371
19.6710,-103,-0.269653,-0.003371
19.6810,-103,-0.269653,-0.003371
19.6910,-103,-0.269653,-0.003371
19.7010,-103,-0.269653,-0.003371
19.7110,-103,-0.269653,-0.003371
19.7210,-103,-0.269653,-0.003371
19.7310,-103,-0.269653,-0.003371
19.7410,-103,-0.269653,-0.003371
19.7510,-103,-0.269653,-0.003371
19.7610,-103,-0.269653,-0.003371
19.7710,-103,-0.269653,-0.003371
19.7810,-103,-0.269653,-0.003371
19.7910,-103,-0.269653,-0.003371
19.8010,-103,-0.269653,-0.003371
19.8110,-103,-0.269653,-0.003371
19.8210,-103,-0.269653,-0.003371
19.8310,-103,-0.269653,-0.003371
19.8410,-103,-0.269653,-0.003371
19.8510,-103,-0.269653,-0.003371
19.8610,-103,-0.269653,-0.003371
19.8710,-103,-0.269653,-0.003371
19.8810,-103,-0.269653,-0.003371
19.8910,-103,-0.269653,-0.003371
19.9010,-103,-0.269653,-0.003371
19.9110,-103,-0.269653,-0.003371
19.9210,-103,-0.269653,-0.003371
19.9320,-103,-0.269653,-0.003371
19.9410,-103,-0.269653,-0.003371
19.9510,-104,-0.272271,-0.003403
19.9610,-104,-0.272271,-0.003403
19.9710,-104,-0.272271,-0.003403
19.9810,-104,-0.272271,-0.003403
19.9910,-104,-0.272271,-0.003403
20.0010,-104,-0.272271,-0.003403
20.0110,-104,-0.272271,-0.003403
20.0210,-104,-0.272271,-0.003403
20.0310,-104,-0.272271,-0.003403
20.0410,-104,-0.272271,-0.003403
20.0510,-104,-0.272271,-0.003403
20.0610,-104,-0.272271,-0.003403
20.0710,-104,-0.272271,-0.003403
20.0810,-104,-0.272271,-0.003403
20.0910,-104,-0.272271,-0.003403
20.1010,-104,-0.272271,-0.003403
20.1110,-105,-0.274889,-0.003436
20.1210,-105,-0.274889,-0.003436
20.1310,-105,-0.274889,-0.003436
20.1410,-105,-0.274889,-0.003436
20.1510,-105,-0.274889,-0.003436
20.1610,-104,-0.272271,-0.003403
20.1710,-104,-0.272271,-0.003403
20.1810,-104,-0.272271,-0.003403
20.1910,-104,-0.272271,-0.003403
20.2010,-104,-0.272271,-0.003403
20.2110,-105,-0.274889,-0.003436
20.2210,-105,-0.274889,-0.003436
20.2310,-105,-0.274889,-0.003436
20.2410,-105,-0.274889,-0.003436
20.2510,-105,-0.274889,-0.003436
20.2610,-105,-0.274889,-0.003436
20.2710,-105,-0.274889,-0.003436
20.2810,-105,-0.274889,-0.003436
20.2910,-105,-0.274889,-0.003436
20.3010,-105,-0.274889,-0.003436
20.3110,-105,-0.274889,-0.003436
20.3210,-105,-0.274889,-0.003436
20.3310,-105,-0.274889,-0.003436
20.3410,-105,-0.274889,-0.003436
20.3510,-105,-0.274889,-0.003436
20.3610,-105,-0.274889,-0.003436
20.3710,-105,-0.274889,-0.003436
20.3810,-105,-0.274889,-0.003436
20.3910,-105,-0.274889,-0.003436
20.4010,-105,-0.274889,-0.003436
20.4110,-105,-0.274889,-0.003436
20.4210,-105,-0.274889,-0.003436
20.4310,-105,-0.274889,-0.003436
20.4410,-105,-0.274889,-0.003436
20.4510,-105,-0.274889,-0.003436
20.4610,-105,-0.274889,-0.003436
20.4710,-105,-0.274889,-0.003436
20.4810,-105,-0.274889,-0.003436
20.4910,-105,-0.274889,-0.003436
20.5010,-105,-0.274889,-0.003436
20.5110,-106,-0.277507,-0.003469
20.5210,-106,-0.277507,-0.003469
20.5310,-106,-0.277507,-0.003469
20.5410,-106,-0.277507,-0.003469
20.5510,-106,-0.277507,-0.003469
20.5610,-106,-0.277507,-0.003469
20.5720,-105,-0.274889,-0.003436
20.5810,-105,-0.274889,-0.003436
20.5910,-105,-0.274889,-0.003436
20.6010,-105,-0.274889,-0.003436
20.6110,-105,-0.274889,-0.003436
20.6210,-106,-0.277507,-0.003469
20.6310,-106,-0.277507,-0.003469
20.6410,-106,-0.277507,-0.003469
20.6510,-106,-0.277507,-0.003469
20.6610,-106,-0.277507,-0.003469
20.6710,-106,-0.277507,-0.003469
20.6810,-106,-0.277507,-0.003469
20.6910,-106,-0.277507,-0.003469
20.7010,-106,-0.277507,-0.003469
20.7110,-106,-0.277507,-0.003469
20.7210,-106,-0.277507,-0.003469
20.7310,-106,-0.277507,-0.003469
20.7410,-106,-0.277507,-0.003469
20.7510,-106,-0.277507,-0.003469
20.7610,-106,-0.277507,-0.003469
20.7710,-106,-0.277507,-0.003469
20.7810,-106,-0.277507,-0.003469
20.7910,-106,-0.277507,-0.003469
20.8010,-106,-0.277507,-0.003469
20.8110,-106,-0.277507,-0.003469
20.8210,-106,-0.277507,-0.003469
20.8310,-106,-0.277507,-0.003469
20.8410,-106,-0.277507,-0.003469
20.8510,-106,-0.277507,-0.003469
20.8610,-106,-0.277507,-0.003469
20.8710,-106,-0.277507,-0.003469
20.8810,-106,-0.277507,-0.003469
20.8910,-106,-0.277507,-0.003469
20.9010,-106,-0.277507,-0.003469
20.9110,-106,-0.277507,-0.003469
20.9210,-106,-0.277507,-0.003469
20.9310,-106,-0.277507,-0.003469
20.9410,-106,-0.277507,-0.003469
20.9510,-106,-0.277507,-0.003469
20.9610,-106,-0.277507,-0.003469
20.9710,-106,-0.277507,-0.003469
20.9810,-106,-0.277507,-0.003469
20.9910,-106,-0.277507,-0.003469
21.0010,-106,-0.277507,-0.003469
21.0110,-106,-0.277507,-0.003469
21.0210,-106,-0.277507,-0.003469
21.0310,-106,-0.277507,-0.003469
21.0410,-106,-0.277507,-0.003469
21.0510,-106,-0.277507,-0.003469
21.0610,-106,-0.277507,-0.003469
21.0710,-106,-0.277507,-0.003469
21.0810,-106,-0.277507,-0.003469
21.0910,-106,-0.277507,-0.003469
21.1010,-106,-0.277507,-0.003469
21.1110,-106,-0.277507,-0.003469
21.1210,-106,-0.277507,-0.003469
21.1310,-106,-0.277507,-0.003469
21.1410,-106,-0.277507,-0.003469
21.1510,-106,-0.277507,-0.003469
21.1610,-106,-0.277507,-0.003469
21.1710,-106,-0.277507,-0.003469
21.1810,-106,-0.277507,-0.003469
21.1910,-106,-0.277507,-0.003469
21.2010,-106,-0.277507,-0.003469
21.2120,-106,-0.277507,-0.003469
21.2210,-106,-0.277507,-0.003469
21.2310,-106,-0.277507,-0.003469
21.2410,-106,-0.277507,-0.003469
21.2510,-106,-0.277507,-0.003469
21.2610,-106,-0.277507,-0.003469
21.2710,-106,-0.277507,-0.003469
21.2810,-106,-0.277507,-0.003469
21.2910,-106,-0.277507,-0.003469
21.3010,-106,-0.277507,-0.003469
21.3110,-106,-0.277507,-0.003469
21.3210,-106,-0.277507,-0.003469
21.3310,-106,-0.277507,-0.003469
21.3410,-107,-0.280125,-0.003502
21.3510,-107,-0.280125,-0.003502
21.3610,-107,-0.280125,-0.003502
21.3710,-107,-0.280125,-0.003502
21.3810,-107,-0.280125,-0.003502
21.3910,-107,-0.280125,-0.003502
21.4010,-107,-0.280125,-0.003502
21.4110,-107,-0.280125,-0.003502
21.4210,-107,-0.280125,-0.003502
21.4310,-107,-0.280125,-0.003502
21.4410,-107,-0.280125,-0.003502
21.4510,-107,-0.280125,-0.003502
21.4610,-107,-0.280125,-0.003502
21.4710,-107,-0.280125,-0.003502
21.4810,-107,-0.280125,-0.003502
21.4910,-107,-0.280125,-0.003502
21.5010,-108,-0.282743,-0.003534
21.5110,-108,-0.282743,-0.003534
21.5210,-108,-0.282743,-0.003534
21.5310,-108,-0.282743,-0.003534
21.5410,-107,-0.280125,-0.003502
21.5510,-107,-0.280125,-0.003502
21.5610,-107,-0.280125,-0.003502
21.5710,-107,-0.280125,-0.003502
21.5810,-107,-0.280125,-0.003502
21.5910,-108,-0.282743,-0.003534
21.6010,-108,-0.282743,-0.003534
21.6110,-108,-0.282743,-0.003534
21.6210,-108,-0.282743,-0.003534
21.6310,-108,-0.282743,-0.003534
21.6410,-108,-0.282743,-0.003534
21.6510,-108,-0.282743,-0.003534
21.6610,-108,-0.282743,-0.003534
21.6710,-108,-0.282743,-0.003534
21.6810,-108,-0.282743,-0.003534
21.6910,-108,-0.282743,-0.003534
21.7010,-108,-0.282743,-0.003534
21.7110,-108,-0.282743,-0.003534
21.7210,-108,-0.282743,-0.003534
21.7310,-108,-0.282743,-0.003534
21.7410,-108,-0.282743,-0.003534
21.7510,-108,-0.282743,-0.003534
21.7610,-108,-0.282743,-0.003534
21.7710,-108,-0.282743,-0.003534
21.7810,-108,-0.282743,-0.003534
21.7910,-108,-0.282743,-0.003534
21.8010,-108,-0.282743,-0.003534
21.8110,-108,-0.282743,-0.003534
21.8210,-108,-0.282743,-0.003534
21.8310,-108,-0.282743,-0.003534
21.8410,-108,-0.282743,-0.003534
21.8520,-108,-0.282743,-0.003534
21.8610,-108,-0.282743,-0.003534
21.8710,-108,-0.282743,-0.003534
21.8810,-108,-0.282743,-0.003534
21.8910,-108,-0.282743,-0.003534
21.9010,-109,-0.285361,-0.003567
21.9110,-109,-0.285361,-0.003567
21.9210,-109,-0.285361,-0.003567
21.9310,-109,-0.285361,-0.003567
21.9410,-109,-0.285361,-0.003567
21.9510,-109,-0.285361,-0.003567
21.9610,-108,-0.282743,-0.003534
21.9710,-108,-0.282743,-0.003534
21.9810,-108,-0.282743,-0.003534
21.9910,-108,-0.282743,-0.003534
22.0010,-108,-0.282743,-0.003534
22.0110,-109,-0.285361,-0.003567
22.0210,-109,-0.285361,-0.003567
22.0310,-109,-0.285361,-0.003567
22.0410,-109,-0.285361,-0.003567
22.0510,-109,-0.285361,-0.003567
22.0610,-109,-0.285361,-0.003567
22.0710,-109,-0.285361,-0.003567
22.0810,-109,-0.285361,-0.003567
22.0910,-109,-0.285361,-0.003567
22.1010,-109,-0.285361,-0.003567
22.1110,-109,-0.285361,-0.003567
22.1210,-109,-0.285361,-0.003567
22.1310,-109,-0.285361,-0.003567
22.1410,-109,-0.285361,-0.003567
22.1510,-109,-0.285361,-0.003567
22.1610,-109,-0.285361,-0.003567
22.1710,-109,-0.285361,-0.003567
22.1810,-109,-0.285361,-0.003567
22.1910,-109,-0.285361,-0.003567
22.2010,-109,-0.285361,-0.003567
22.2110,-109,-0.285361,-0.003567
22.2210,-109,-0.285361,-0.003567
22.2310,-109,-0.285361,-0.003567
22.2410,-109,-0.285361,-0.003567
22.2510,-109,-0.285361,-0.003567
22.2610,-109,-0.285361,-0.003567
22.2710,-109,-0.285361,-0.003567
22.2810,-109,-0.285361,-0.003567
22.2910,-109,-0.285361,-0.003567
22.3010,-109,-0.285361,-0.003567
22.3110,-109,-0.285361,-0.003567
22.3210,-109,-0.285361,-0.003567
22.3310,-109,-0.285361,-0.003567
22.3410,-109,-0.285361,-0.003567
22.3510,-109,-0.285361,-0.003567
22.3610,-109,-0.285361,-0.003567
22.3710,-109,-0.285361,-0.003567
22.3810,-109,-0.285361,-0.003567
22.3910,-109,-0.285361,-0.003567
22.4010,-109,-0.285361,-0.003567
22.4110,-109,-0.285361,-0.003567
22.4210,-109,-0.285361,-0.003567
22.4310,-109,-0.285361,-0.003567
22.4410,-109,-0.285361,-0.003567
22.4510,-109,-0.285361,-0.003567
22.4610,-109,-0.285361,-0.003567
22.4710,-109,-0.285361,-0.003567
22.4810,-109,-0.285361,-0.003567
22.4920,-109,-0.285361,-0.003567
22.5010,-109,-0.285361,-0.003567
22.5110,-109,-0.285361,-0.003567
22.5210,-109,-0.285361,-0.003567
22.5310,-109,-0.285361,-0.003567
22.5410,-109,-0.285361,-0.003567
22.5510,-109,-0.285361,-0.003567
22.5610,-109,-0.285361,-0.003567
22.5710,-109,-0.285361,-0.003567
22.5810,-109,-0.285361,-0.003567
22.5910,-109,-0.285361,-0.003567
22.6010,-109,-0.285361,-0.003567
22.6110,-109,-0.285361,-0.003567
22.6210,-109,-0.285361,-0.003567
22.6310,-109,-0.285361,-0.003567
22.6410,-109,-0.285361,-0.003567
22.6510,-109,-0.285361,-0.003567
22.6610,-109,-0.285361,-0.003567
22.6710,-109,-0.285361,-0.003567
22.6810,-109,-0.285361,-0.003567
22.6910,-109,-0.285361,-0.003567
22.7010,-109,-0.285361,-0.003567
22.7110,-109,-0.285361,-0.003567
22.7210,-109,-0.285361,-0.003567
22.7310,-110,-0.287979,-0.003600
22.7410,-110,-0.287979,-0.003600
22.7510,-110,-0.287979,-0.003600
22.7610,-110,-0.287979,-0.003600
22.7710,-110,-0.287979,-0.003600
22.7810,-110,-0.287979,-0.003600
22.7910,-110,-0.287979,-0.003600
22.8010,-110,-0.287979,-0.003600
22.8110,-110,-0.287979,-0.003600
22.8210,-109,-0.285361,-0.003567
22.8310,-110,-0.287979,-0.003600
22.8410,-110,-0.287979,-0.003600
22.8510,-110,-0.287979,-0.003600
22.8610,-110,-0.287979,-0.003600
22.8710,-110,-0.287979,-0.003600
22.8810,-110,-0.287979,-0.003600
22.8910,-110,-0.287979,-0.003600
22.9010,-110,-0.287979,-0.003600
22.9110,-110,-0.287979,-0.003600
22.9210,-110,-0.287979,-0.003600
22.9310,-110,-0.287979,-0.003600
22.9410,-110,-0.287979,-0.003600
22.9510,-110,-0.287979,-0.003600
22.9610,-110,-0.287979,-0.003600
22.9710,-110,-0.287979,-0.003600
22.9810,-111,-0.290597,-0.003632
22.9910,-111,-0.290597,-0.003632
23.0010,-111,-0.290597,-0.003632
23.0110,-111,-0.290597,-0.003632
23.0210,-111,-0.290597,-0.003632
23.0310,-111,-0.290597,-0.003632
23.0410,-111,-0.290597,-0.003632
23.0510,-111,-0.290597,-0.003632
23.0610,-111,-0.290597,-0.003632
23.0710,-111,-0.290597,-0.003632
23.0810,-111,-0.290597,-0.003632
23.0910,-111,-0.290597,-0.003632
23.1010,-111,-0.290597,-0.003632
23.1110,-111,-0.290597,-0.003632
23.1210,-111,-0.290597,-0.003632
23.1320,-111,-0.290597,-0.003632
23.1410,-111,-0.290597,-0.003632
23.1510,-111,-0.290597,-0.003632
23.1610,-111,-0.290597,-0.003632
23.1710,-111,-0.290597,-0.003632
23.1810,-111,-0.290597,-0.003632
23.1910,-111,-0.290597,-0.003632
23.2010,-111,-0.290597,-0.003632
23.2110,-111,-0.290597,-0.003632
23.2210,-111,-0.290597,-0.003632
23.2310,-111,-0.290597,-0.003632
23.2410,-111,-0.290597,-0.003632
23.2510,-111,-0.290597,-0.003632
23.2610,-111,-0.290597,-0.003632
23.2710,-111,-0.290597,-0.003632
23.2810,-112,-0.293215,-0.003665
23.2910,-112,-0.293215,-0.003665
23.3010,-112,-0.293215,-0.003665
23.3110,-112,-0.293215,-0.003665
23.3210,-112,-0.293215,-0.003665
23.3310,-112,-0.293215,-0.003665
23.3410,-112,-0.293215,-0.003665
23.3510,-111,-0.290597,-0.003632
23.3610,-111,-0.290597,-0.003632
23.3710,-111,-0.290597,-0.003632
23.3810,-111,-0.290597,-0.003632
23.3910,-111,-0.290597,-0.003632
23.4010,-112,-0.293215,-0.003665
23.4110,-112,-0.293215,-0.003665
23.4210,-112,-0.293215,-0.003665
23.4310,-112,-0.293215,-0.003665
23.4410,-112,-0.293215,-0.003665
23.4510,-112,-0.293215,-0.003665
23.4610,-112,-0.293215,-0.003665
23.4710,-112,-0.293215,-0.003665
23.4810,-112,-0.293215,-0.003665
23.4910,-112,-0.293215,-0.003665
23.5010,-112,-0.293215,-0.003665
23.5110,-112,-0.293215,-0.003665
23.5210,-112,-0.293215,-0.003665
23.5310,-112,-0.293215,-0.003665
23.5410,-112,-0.293215,-0.003665
23.5510,-112,-0.293215,-0.003665
23.5610,-112,-0.293215,-0.003665
23.5710,-112,-0.293215,-0.003665
23.5810,-112,-0.293215,-0.003665
23.5910,-112,-0.293215,-0.003665
23.6010,-112,-0.293215,-0.003665
23.6110,-112,-0.293215,-0.003665
23.6210,-112,-0.293215,-0.003665
23.6310,-112,-0.293215,-0.003665
23.6410,-112,-0.293215,-0.003665
23.6510,-112,-0.293215,-0.003665
23.6610,-112,-0.293215,-0.003665
23.6710,-112,-0.293215,-0.003665
23.6810,-112,-0.293215,-0.003665
23.6910,-112,-0.293215,-0.003665
23.7010,-112,-0.293215,-0.003665
23.7110,-112,-0.293215,-0.003665
23.7210,-112,-0.293215,-0.003665
23.7310,-112,-0.293215,-0.003665
23.7410,-112,-0.293215,-0.003665
23.7510,-112,-0.293215,-0.003665
23.7610,-112,-0.293215,-0.003665
23.7720,-112,-0.293215,-0.003665
23.7810,-112,-0.293215,-0.003665
23.7910,-112,-0.293215,-0.003665
23.8010,-112,-0.293215,-0.003665
23.8110,-112,-0.293215,-0.003665
23.8210,-112,-0.293215,-0.003665
23.8310,-112,-0.293215,-0.003665
23.8410,-112,-0.293215,-0.003665
23.8510,-112,-0.293215,-0.003665
23.8610,-112,-0.293215,-0.003665
23.8710,-112,-0.293215,-0.003665
23.8810,-112,-0.293215,-0.003665
23.8910,-112,-0.293215,-0.003665
23.9010,-112,-0.293215,-0.003665
23.9110,-112,-0.293215,-0.003665
23.9210,-112,-0.293215,-0.003665
23.9310,-112,-0.293215,-0.003665
23.9410,-112,-0.293215,-0.003665
23.9510,-112,-0.293215,-0.003665
23.9610,-112,-0.293215,-0.003665
23.9710,-112,-0.293215,-0.003665
23.9810,-112,-0.293215,-0.003665
23.9910,-112,-0.293215,-0.003665
24.0010,-112,-0.293215,-0.003665
24.0110,-112,-0.293215,-0.003665
24.0210,-112,-0.293215,-0.003665
24.0310,-112,-0.293215,-0.003665
24.0410,-112,-0.293215,-0.003665
24.0510,-112,-0.293215,-0.003665
24.0610,-112,-0.293215,-0.003665
24.0710,-112,-0.293215,-0.003665
24.0810,-112,-0.293215,-0.003665
24.0910,-113,-0.295833,-0.003698
24.1010,-113,-0.295833,-0.003698
24.1110,-113,-0.295833,-0.003698
24.1210,-113,-0.295833,-0.003698
24.1310,-113,-0.295833,-0.003698
24.1410,-113,-0.295833,-0.003698
24.1510,-113,-0.295833,-0.003698
24.1610,-113,-0.295833,-0.003698
24.1710,-113,-0.295833,-0.003698
24.1810,-113,-0.295833,-0.003698
24.1910,-113,-0.295833,-0.003698
24.2010,-113,-0.295833,-0.003698
24.2110,-113,-0.295833,-0.003698
24.2210,-113,-0.295833,-0.003698
24.2310,-113,-0.295833,-0.003698
24.2410,-113,-0.295833,-0.003698
24.2510,-113,-0.295833,-0.003698
24.2610,-113,-0.295833,-0.003698
24.2710,-113,-0.295833,-0.003698
24.2810,-113,-0.295833,-0.003698
24.2910,-113,-0.295833,-0.003698
24.3010,-113,-0.295833,-0.003698
24.3110,-113,-0.295833,-0.003698
24.3210,-113,-0.295833,-0.003698
24.3310,-113,-0.295833,-0.003698
24.3410,-113,-0.295833,-0.003698
24.3510,-113,-0.295833,-0.003698
24.3610,-113,-0.295833,-0.003698
24.3710,-114,-0.298451,-0.003731
24.3810,-114,-0.298451,-0.003731
24.3910,-114,-0.298451,-0.003731
24.4010,-114,-0.298451,-0.003731
24.4120,-114,-0.298451,-0.003731
24.4210,-114,-0.298451,-0.003731
24.4310,-114,-0.298451,-0.003731
24.4410,-114,-0.298451,-0.003731
24.4510,-114,-0.298451,-0.003731
24.4610,-114,-0.298451,-0.003731
24.4710,-114,-0.298451,-0.003731
24.4810,-114,-0.298451,-0.003731
24.4910,-114,-0.298451,-0.003731
24.5010,-114,-0.298451,-0.003731
24.5110,-114,-0.298451,-0.003731
24.5210,-114,-0.298451,-0.003731
24.5310,-114,-0.298451,-0.003731
24.5410,-114,-0.298451,-0.003731
24.5510,-114,-0.298451,-0.003731
24.5610,-114,-0.298451,-0.003731
24.5710,-114,-0.298451,-0.003731
24.5810,-114,-0.298451,-0.003731
24.5910,-114,-0.298451,-0.003731
24.6010,-114,-0.298451,-0.003731
24.6110,-114,-0.298451,-0.003731
24.6210,-114,-0.298451,-0.003731
24.6310,-114,-0.298451,-0.003731
24.6410,-114,-0.298451,-0.003731
24.6510,-114,-0.298451,-0.003731
24.6610,-114,-0.298451,-0.003731
24.6710,-115,-0.301069,-0.003763
24.6810,-115,-0.301069,-0.003763
24.6910,-115,-0.301069,-0.003763
24.7010,-115,-0.301069,-0.003763
24.7110,-115,-0.301069,-0.003763
24.7210,-115,-0.301069,-0.003763
24.7310,-114,-0.298451,-0.003731
24.7410,-114,-0.298451,-0.003731
24.7510,-114,-0.298451,-0.003731
24.7610,-114,-0.298451,-0.003731
24.7710,-114,-0.298451,-0.003731
24.7810,-114,-0.298451,-0.003731
24.7910,-115,-0.301069,-0.003763
24.8010,-115,-0.301069,-0.003763
24.8110,-115,-0.301069,-0.003763
24.8210,-115,-0.301069,-0.003763
24.8310,-115,-0.301069,-0.003763
24.8410,-115,-0.301069,-0.003763
24.8510,-115,-0.301069,-0.003763
24.8610,-115,-0.301069,-0.003763
24.8710,-115,-0.301069,-0.003763
24.8810,-115,-0.301069,-0.003763
24.8910,-115,-0.301069,-0.003763
24.9010,-115,-0.301069,-0.003763
24.9110,-115,-0.301069,-0.003763
24.9210,-115,-0.301069,-0.003763
24.9310,-115,-0.301069,-0.003763
24.9410,-115,-0.301069,-0.003763
24.9510,-115,-0.301069,-0.003763
24.9610,-115,-0.301069,-0.003763
24.9710,-115,-0.301069,-0.003763
24.9810,-115,-0.301069,-0.003763
24.9910,-115,-0.301069,-0.003763
25.0010,-115,-0.301069,-0.003763
25.0110,-115,-0.301069,-0.003763
25.0210,-115,-0.301069,-0.003763
25.0310,-115,-0.301069,-0.003763
25.0410,-115,-0.301069,-0.003763
25.0520,-115,-0.301069,-0.003763
25.0610,-115,-0.301069,-0.003763
25.0710,-115,-0.301069,-0.003763
25.0810,-115,-0.301069,-0.003763
25.0910,-115,-0.301069,-0.003763
25.1010,-115,-0.301069,-0.003763
25.1110,-115,-0.301069,-0.003763
25.1210,-115,-0.301069,-0.003763
25.1310,-115,-0.301069,-0.003763
25.1410,-115,-0.301069,-0.003763
25.1510,-115,-0.301069,-0.003763
25.1610,-115,-0.301069,-0.003763
25.1710,-115,-0.301069,-0.003763
25.1810,-115,-0.301069,-0.003763
25.1910,-115,-0.301069,-0.003763
25.2010,-115,-0.301069,-0.003763
25.2110,-115,-0.301069,-0.003763
25.2210,-115,-0.301069,-0.003763
25.2310,-115,-0.301069,-0.003763
25.2410,-115,-0.301069,-0.003763
25.2510,-115,-0.301069,-0.003763
25.2610,-115,-0.301069,-0.003763
25.2710,-115,-0.301069,-0.003763
25.2810,-115,-0.301069,-0.003763
25.2910,-115,-0.301069,-0.003763
25.3010,-115,-0.301069,-0.003763
25.3110,-115,-0.301069,-0.003763
25.3210,-115,-0.301069,-0.003763
25.3310,-115,-0.301069,-0.003763
25.3410,-115,-0.301069,-0.003763
25.3510,-115,-0.301069,-0.003763
25.3610,-115,-0.301069,-0.003763
25.3710,-115,-0.301069,-0.003763
25.3810,-115,-0.301069,-0.003763
25.3910,-115,-0.301069,-0.003763
25.4010,-115,-0.301069,-0.003763
25.4110,-115,-0.301069,-0.003763
25.4210,-115,-0.301069,-0.003763
25.4310,-115,-0.301069,-0.003763
25.4410,-115,-0.301069,-0.003763
25.4510,-115,-0.301069,-0.003763
25.4610,-115,-0.301069,-0.003763
25.4710,-115,-0.301069,-0.003763
25.4810,-115,-0.301069,-0.003763
25.4910,-115,-0.301069,-0.003763
25.5010,-115,-0.301069,-0.003763
25.5110,-115,-0.301069,-0.003763
25.5210,-116,-0.303687,-0.003796
25.5310,-116,-0.303687,-0.003796
25.5410,-116,-0.303687,-0.003796
25.5510,-116,-0.303687,-0.003796
25.5610,-116,-0.303687,-0.003796
25.5710,-115,-0.301069,-0.003763
25.5810,-115,-0.301069,-0.003763
25.5910,-115,-0.301069,-0.003763
25.6010,-115,-0.301069,-0.003763
25.6110,-115,-0.301069,-0.003763
25.6210,-116,-0.303687,-0.003796
25.6310,-116,-0.303687,-0.003796
25.6410,-116,-0.303687,-0.003796
25.6510,-116,-0.303687,-0.003796
25.6610,-116,-0.303687,-0.003796
25.6710,-116,-0.303687,-0.003796
25.6810,-116,-0.303687,-0.003796
25.6920,-116,-0.303687,-0.003796
25.7010,-116,-0.303687,-0.003796
25.7110,-116,-0.303687,-0.003796
25.7210,-116,-0.303687,-0.003796
25.7310,-116,-0.303687,-0.003796
25.7410,-116,-0.303687,-0.003796
25.7510,-116,-0.303687,-0.003796
25.7610,-117,-0.306305,-0.003829
25.7710,-117,-0.306305,-0.003829
25.7810,-117,-0.306305,-0.003829
25.7910,-117,-0.306305,-0.003829
25.8010,-117,-0.306305,-0.003829
25.8110,-117,-0.306305,-0.003829
25.8210,-117,-0.306305,-0.003829
25.8310,-117,-0.306305,-0.003829
25.8410,-117,-0.306305,-0.003829
25.8510,-117,-0.306305,-0.003829
25.8610,-117,-0.306305,-0.003829
25.8710,-117,-0.306305,-0.003829
25.8810,-117,-0.306305,-0.003829
25.8910,-117,-0.306305,-0.003829
25.9010,-117,-0.306305,-0.003829
25.9110,-117,-0.306305,-0.003829
25.9210,-117,-0.306305,-0.003829
25.9310,-117,-0.306305,-0.003829
25.9410,-117,-0.306305,-0.003829
25.9510,-117,-0.306305,-0.003829
25.9610,-117,-0.306305,-0.003829
25.9710,-117,-0.306305,-0.003829
25.9810,-117,-0.306305,-0.003829
25.9910,-117,-0.306305,-0.003829
26.0010,-117,-0.306305,-0.003829
26.0110,-117,-0.306305,-0.003829
26.0210,-117,-0.306305,-0.003829
26.0310,-117,-0.306305,-0.003829
26.0410,-117,-0.306305,-0.003829
26.0510,-117,-0.306305,-0.003829
26.0610,-117,-0.306305,-0.003829
26.0710,-117,-0.306305,-0.003829
26.0810,-117,-0.306305,-0.003829
26.0910,-117,-0.306305,-0.003829
26.1010,-117,-0.306305,-0.003829
26.1110,-117,-0.306305,-0.003829
26.1210,-117,-0.306305,-0.003829
26.1310,-117,-0.306305,-0.003829
26.1410,-117,-0.306305,-0.003829
26.1510,-117,-0.306305,-0.003829
26.1610,-117,-0.306305,-0.003829
26.1710,-117,-0.306305,-0.003829
26.1810,-117,-0.306305,-0.003829
26.1910,-117,-0.306305,-0.003829
26.2010,-118,-0.308923,-0.003862
26.2110,-118,-0.308923,-0.003862
26.2210,-118,-0.308923,-0.003862
26.2310,-118,-0.308923,-0.003862
26.2410,-118,-0.308923,-0.003862
26.2510,-118,-0.308923,-0.003862
26.2610,-117,-0.306305,-0.003829
26.2710,-117,-0.306305,-0.003829
26.2810,-117,-0.306305,-0.003829
26.2910,-117,-0.306305,-0.003829
26.3010,-117,-0.306305,-0.003829
26.3110,-118,-0.308923,-0.003862
26.3210,-118,-0.308923,-0.003862
26.3320,-118,-0.308923,-0.003862
26.3410,-118,-0.308923,-0.003862
26.3510,-118,-0.308923,-0.003862
26.3610,-118,-0.308923,-0.003862
26.3710,-118,-0.308923,-0.003862
26.3810,-118,-0.308923,-0.003862
26.3910,-118,-0.308923,-0.003862
26.4010,-118,-0.308923,-0.003862
26.4110,-118,-0.308923,-0.003862
26.4210,-118,-0.308923,-0.003862
26.4310,-117,-0.306305,-0.003829
26.4410,-118,-0.308923,-0.003862
26.4510,-118,-0.308923,-0.003862
26.4610,-118,-0.308923,-0.003862
26.4710,-118,-0.308923,-0.003862
26.4810,-118,-0.308923,-0.003862
26.4910,-118,-0.308923,-0.003862
26.5010,-118,-0.308923,-0.003862
26.5110,-118,-0.308923,-0.003862
26.5210,-118,-0.308923,-0.003862
26.5310,-118,-0.308923,-0.003862
26.5410,-118,-0.308923,-0.003862
26.5510,-118,-0.308923,-0.003862
26.5610,-118,-0.308923,-0.003862
26.5710,-118,-0.308923,-0.003862
26.5810,-118,-0.308923,-0.003862
26.5910,-118,-0.308923,-0.003862
26.6010,-118,-0.308923,-0.003862
26.6110,-118,-0.308923,-0.003862
26.6210,-118,-0.308923,-0.003862
26.6310,-118,-0.308923,-0.003862
26.6410,-118,-0.308923,-0.003862
26.6510,-118,-0.308923,-0.003862
26.6610,-118,-0.308923,-0.003862
26.6710,-118,-0.308923,-0.003862
26.6810,-118,-0.308923,-0.003862
26.6910,-118,-0.308923,-0.003862
26.7010,-118,-0.308923,-0.003862
26.7110,-118,-0.308923,-0.003862
26.7210,-118,-0.308923,-0.003862
26.7310,-118,-0.308923,-0.003862
26.7410,-118,-0.308923,-0.003862
26.7510,-118,-0.308923,-0.003862
26.7610,-118,-0.308923,-0.003862
26.7710,-118,-0.308923,-0.003862
26.7810,-118,-0.308923,-0.003862
26.7910,-118,-0.308923,-0.003862
26.8010,-118,-0.308923,-0.003862
26.8110,-118,-0.308923,-0.003862
26.8210,-118,-0.308923,-0.003862
26.8310,-118,-0.308923,-0.003862
26.8410,-118,-0.308923,-0.003862
26.8510,-118,-0.308923,-0.003862
26.8610,-118,-0.308923,-0.003862
26.8710,-118,-0.308923,-0.003862
26.8810,-118,-0.308923,-0.003862
26.8910,-119,-0.311541,-0.003894
26.9010,-119,-0.311541,-0.003894
26.9110,-119,-0.311541,-0.003894
26.9210,-119,-0.311541,-0.003894
26.9310,-119,-0.311541,-0.003894
26.9410,-119,-0.311541,-0.003894
26.9510,-119,-0.311541,-0.003894
26.9610,-118,-0.308923,-0.003862
26.9720,-118,-0.308923,-0.003862
26.9810,-118,-0.308923,-0.003862
26.9910,-118,-0.308923,-0.003862
27.0010,-119,-0.311541,-0.003894
27.0110,-119,-0.311541,-0.003894
27.0210,-119,-0.311541,-0.003894
27.0310,-119,-0.311541,-0.003894
27.0410,-119,-0.311541,-0.003894
27.0510,-119,-0.311541,-0.003894
27.0610,-119,-0.311541,-0.003894
27.0710,-119,-0.311541,-0.003894
27.0810,-119,-0.311541,-0.003894
27.0910,-119,-0.311541,-0.003894
27.1010,-119,-0.311541,-0.003894
27.1110,-119,-0.311541,-0.003894
27.1210,-119,-0.311541,-0.003894
27.1310,-119,-0.311541,-0.003894
27.1410,-119,-0.311541,-0.003894
27.1510,-120,-0.314159,-0.003927
27.1610,-120,-0.314159,-0.003927
27.1710,-120,-0.314159,-0.003927
27.1810,-120,-0.314159,-0.003927
27.1910,-120,-0.314159,-0.003927
27.2010,-120,-0.314159,-0.003927
27.2110,-120,-0.314159,-0.003927
27.2210,-120,-0.314159,-0.003927
27.2310,-120,-0.314159,-0.003927
27.2410,-120,-0.314159,-0.003927
27.2510,-120,-0.314159,-0.003927
27.2610,-120,-0.314159,-0.003927
27.2710,-120,-0.314159,-0.003927
27.2810,-120,-0.314159,-0.003927
27.2910,-120,-0.314159,-0.003927
27.3010,-120,-0.314159,-0.003927
27.3110,-121,-0.316777,-0.003960
27.3210,-121,-0.316777,-0.003960
27.3310,-121,-0.316777,-0.003960
27.3410,-121,-0.316777,-0.003960
27.3510,-121,-0.316777,-0.003960
27.3610,-121,-0.316777,-0.003960
27.3710,-120,-0.314159,-0.003927
27.3810,-120,-0.314159,-0.003927
27.3910,-120,-0.314159,-0.003927
27.4010,-120,-0.314159,-0.003927
27.4110,-120,-0.314159,-0.003927
27.4210,-121,-0.316777,-0.003960
27.4310,-121,-0.316777,-0.003960
27.4410,-121,-0.316777,-0.003960
27.4510,-121,-0.316777,-0.003960
27.4610,-121,-0.316777,-0.003960
27.4710,-121,-0.316777,-0.003960
27.4810,-121,-0.316777,-0.003960
27.4910,-121,-0.316777,-0.003960
27.5010,-121,-0.316777,-0.003960
27.5110,-121,-0.316777,-0.003960
27.5210,-121,-0.316777,-0.003960
27.5310,-121,-0.316777,-0.003960
27.5410,-121,-0.316777,-0.003960
27.5510,-121,-0.316777,-0.003960
27.5610,-121,-0.316777,-0.003960
27.5710,-121,-0.316777,-0.003960
27.5810,-121,-0.316777,-0.003960
27.5910,-121,-0.316777,-0.003960
27.6010,-121,-0.316777,-0.003960
27.6120,-121,-0.316777,-0.003960
27.6210,-121,-0.316777,-0.003960
27.6310,-121,-0.316777,-0.003960
27.6410,-121,-0.316777,-0.003960
27.6510,-121,-0.316777,-0.003960
27.6610,-121,-0.316777,-0.003960
27.6710,-121,-0.316777,-0.003960
27.6810,-121,-0.316777,-0.003960
27.6910,-121,-0.316777,-0.003960
27.7010,-122,-0.319395,-0.003992
27.7110,-122,-0.319395,-0.003992
27.7210,-122,-0.319395,-0.003992
27.7310,-122,-0.319395,-0.003992
27.7410,-122,-0.319395,-0.003992
27.7510,-122,-0.319395,-0.003992
27.7610,-122,-0.319395,-0.003992
27.7710,-122,-0.319395,-0.003992
27.7810,-122,-0.319395,-0.003992
27.7910,-122,-0.319395,-0.003992
27.8010,-122,-0.319395,-0.003992
27.8110,-121,-0.316777,-0.003960
27.8210,-121,-0.316777,-0.003960
27.8310,-121,-0.316777,-0.003960
27.8410,-122,-0.319395,-0.003992
27.8510,-122,-0.319395,-0.003992
27.8610,-122,-0.319395,-0.003992
27.8710,-122,-0.319395,-0.003992
27.8810,-122,-0.319395,-0.003992
27.8910,-122,-0.319395,-0.003992
27.9010,-122,-0.319395,-0.003992
27.9110,-122,-0.319395,-0.003992
27.9210,-122,-0.319395,-0.003992
27.9310,-122,-0.319395,-0.003992
27.9410,-122,-0.319395,-0.003992
27.9510,-122,-0.319395,-0.003992
27.9610,-122,-0.319395,-0.003992
27.9710,-122,-0.319395,-0.003992
27.9810,-123,-0.322013,-0.004025
27.9910,-123,-0.322013,-0.004025
28.0010,-123,-0.322013,-0.004025
28.0110,-123,-0.322013,-0.004025
28.0210,-123,-0.322013,-0.004025
28.0310,-123,-0.322013,-0.004025
28.0410,-123,-0.322013,-0.004025
28.0510,-123,-0.322013,-0.004025
28.0610,-123,-0.322013,-0.004025
28.0710,-123,-0.322013,-0.004025
28.0810,-123,-0.322013,-0.004025
28.0910,-123,-0.322013,-0.004025
28.1010,-123,-0.322013,-0.004025
28.1110,-123,-0.322013,-0.004025
28.1210,-123,-0.322013,-0.004025
28.1310,-123,-0.322013,-0.004025
28.1410,-124,-0.324631,-0.004058
28.1510,-124,-0.324631,-0.004058
28.1610,-124,-0.324631,-0.004058
28.1710,-124,-0.324631,-0.004058
28.1810,-124,-0.324631,-0.004058
28.1910,-124,-0.324631,-0.004058
28.2010,-124,-0.324631,-0.004058
28.2110,-124,-0.324631,-0.004058
28.2210,-124,-0.324631,-0.004058
28.2310,-123,-0.322013,-0.004025
28.2410,-124,-0.324631,-0.004058
28.2520,-124,-0.324631,-0.004058
28.2610,-124,-0.324631,-0.004058
28.2710,-125,-0.327249,-0.004091
28.2810,-125,-0.327249,-0.004091
28.2910,-125,-0.327249,-0.004091
28.3010,-125,-0.327249,-0.004091
28.3110,-125,-0.327249,-0.004091
28.3210,-125,-0.327249,-0.004091
28.3310,-125,-0.327249,-0.004091
28.3410,-125,-0.327249,-0.004091
28.3510,-125,-0.327249,-0.004091
28.3610,-125,-0.327249,-0.004091
28.3710,-125,-0.327249,-0.004091
28.3810,-125,-0.327249,-0.004091
28.3910,-125,-0.327249,-0.004091
28.4010,-126,-0.329867,-0.004123
28.4110,-126,-0.329867,-0.004123
28.4210,-126,-0.329867,-0.004123
28.4310,-127,-0.332485,-0.004156
28.4410,-127,-0.332485,-0.004156
28.4510,-127,-0.332485,-0.004156
28.4610,-127,-0.332485,-0.004156
28.4710,-127,-0.332485,-0.004156
28.4810,-126,-0.329867,-0.004123
28.4910,-126,-0.329867,-0.004123
28.5010,-126,-0.329867,-0.004123
28.5110,-126,-0.329867,-0.004123
28.5210,-126,-0.329867,-0.004123
28.5310,-127,-0.332485,-0.004156
28.5410,-127,-0.332485,-0.004156
28.5510,-127,-0.332485,-0.004156
28.5610,-128,-0.335103,-0.004189
28.5710,-128,-0.335103,-0.004189
28.5810,-128,-0.335103,-0.004189
28.5910,-128,-0.335103,-0.004189
28.6010,-128,-0.335103,-0.004189
28.6110,-128,-0.335103,-0.004189
28.6210,-128,-0.335103,-0.004189
28.6310,-128,-0.335103,-0.004189
28.6410,-127,-0.332485,-0.004156
28.6510,-127,-0.332485,-0.004156
28.6610,-127,-0.332485,-0.004156
28.6710,-128,-0.335103,-0.004189
28.6810,-128,-0.335103,-0.004189
28.6910,-129,-0.337721,-0.004222
28.7010,-129,-0.337721,-0.004222
28.7110,-129,-0.337721,-0.004222
28.7210,-129,-0.337721,-0.004222
28.7310,-129,-0.337721,-0.004222
28.7410,-129,-0.337721,-0.004222
28.7510,-129,-0.337721,-0.004222
28.7610,-129,-0.337721,-0.004222
28.7710,-129,-0.337721,-0.004222
28.7810,-129,-0.337721,-0.004222
28.7910,-129,-0.337721,-0.004222
28.8010,-129,-0.337721,-0.004222
28.8110,-129,-0.337721,-0.004222
28.8210,-129,-0.337721,-0.004222
28.8310,-130,-0.340339,-0.004254
28.8410,-130,-0.340339,-0.004254
28.8510,-130,-0.340339,-0.004254
28.8610,-130,-0.340339,-0.004254
28.8710,-130,-0.340339,-0.004254
28.8810,-130,-0.340339,-0.004254
28.8920,-130,-0.340339,-0.004254
28.9010,-130,-0.340339,-0.004254
28.9110,-130,-0.340339,-0.004254
28.9210,-129,-0.337721,-0.004222
28.9310,-130,-0.340339,-0.004254
28.9410,-130,-0.340339,-0.004254
28.9510,-130,-0.340339,-0.004254
28.9610,-131,-0.342957,-0.004287
28.9710,-131,-0.342957,-0.004287
28.9810,-131,-0.342957,-0.004287
28.9910,-131,-0.342957,-0.004287
29.0010,-131,-0.342957,-0.004287
29.0110,-131,-0.342957,-0.004287
29.0210,-131,-0.342957,-0.004287
29.0310,-132,-0.345575,-0.004320
29.0410,-132,-0.345575,-0.004320
29.0510,-133,-0.348193,-0.004352
29.0610,-133,-0.348193,-0.004352
29.0710,-134,-0.350811,-0.004385
29.0810,-135,-0.353429,-0.004418
29.0910,-137,-0.358665,-0.004483
29.1010,-138,-0.361283,-0.004516
29.1110,-139,-0.363901,-0.004549
29.1210,-139,-0.363901,-0.004549
29.1310,-140,-0.366519,-0.004581
29.1410,-140,-0.366519,-0.004581
29.1510,-140,-0.366519,-0.004581
29.1610,-140,-0.366519,-0.004581
29.1710,-140,-0.366519,-0.004581
29.1810,-140,-0.366519,-0.004581
29.1910,-140,-0.366519,-0.004581
29.2010,-139,-0.363901,-0.004549
29.2110,-139,-0.363901,-0.004549
29.2210,-140,-0.366519,-0.004581
29.2310,-141,-0.369137,-0.004614
29.2410,-142,-0.371755,-0.004647
29.2510,-143,-0.374373,-0.004680
29.2610,-143,-0.374373,-0.004680
29.2710,-144,-0.376991,-0.004712
29.2810,-144,-0.376991,-0.004712
29.2910,-144,-0.376991,-0.004712
29.3010,-144,-0.376991,-0.004712
29.3110,-144,-0.376991,-0.004712
29.3210,-144,-0.376991,-0.004712
29.3310,-143,-0.374373,-0.004680
29.3410,-143,-0.374373,-0.004680
29.3510,-143,-0.374373,-0.004680
29.3610,-144,-0.376991,-0.004712
29.3710,-145,-0.379609,-0.004745
29.3810,-145,-0.379609,-0.004745
29.3910,-146,-0.382227,-0.004778
29.4010,-147,-0.384845,-0.004811
29.4110,-147,-0.384845,-0.004811
29.4210,-148,-0.387463,-0.004843
29.4310,-148,-0.387463,-0.004843
29.4410,-148,-0.387463,-0.004843
29.4510,-147,-0.384845,-0.004811
29.4610,-147,-0.384845,-0.004811
29.4710,-147,-0.384845,-0.004811
29.4810,-146,-0.382227,-0.004778
29.4910,-146,-0.382227,-0.004778
29.5010,-147,-0.384845,-0.004811
29.5110,-148,-0.387463,-0.004843
29.5210,-149,-0.390081,-0.004876
29.5320,-150,-0.392699,-0.004909
29.5410,-151,-0.395317,-0.004941
29.5510,-151,-0.395317,-0.004941
29.5610,-151,-0.395317,-0.004941
29.5710,-151,-0.395317,-0.004941
29.5810,-151,-0.395317,-0.004941
29.5910,-151,-0.395317,-0.004941
29.6010,-151,-0.395317,-0.004941
29.6110,-151,-0.395317,-0.004941
29.6210,-151,-0.395317,-0.004941
29.6310,-151,-0.395317,-0.004941
29.6410,-152,-0.397935,-0.004974
29.6510,-153,-0.400553,-0.005007
29.6610,-154,-0.403171,-0.005040
29.6710,-155,-0.405789,-0.005072
29.6810,-155,-0.405789,-0.005072
29.6910,-156,-0.408407,-0.005105
29.7010,-156,-0.408407,-0.005105
29.7110,-156,-0.408407,-0.005105
29.7210,-156,-0.408407,-0.005105
29.7310,-155,-0.405789,-0.005072
29.7410,-155,-0.405789,-0.005072
29.7510,-155,-0.405789,-0.005072
29.7610,-155,-0.405789,-0.005072
29.7710,-155,-0.405789,-0.005072
29.7810,-156,-0.408407,-0.005105
29.7910,-157,-0.411025,-0.005138
29.8010,-158,-0.413643,-0.005171
29.8110,-158,-0.413643,-0.005171
29.8210,-159,-0.416261,-0.005203
29.8310,-159,-0.416261,-0.005203
29.8410,-159,-0.416261,-0.005203
29.8510,-159,-0.416261,-0.005203
29.8610,-159,-0.416261,-0.005203
29.8710,-159,-0.416261,-0.005203
29.8810,-159,-0.416261,-0.005203
29.8910,-158,-0.413643,-0.005171
29.9010,-158,-0.413643,-0.005171
29.9110,-158,-0.413643,-0.005171
29.9210,-160,-0.418879,-0.005236
29.9310,-160,-0.418879,-0.005236
29.9410,-161,-0.421497,-0.005269
29.9510,-161,-0.421497,-0.005269
29.9610,-162,-0.424115,-0.005301
29.9710,-162,-0.424115,-0.005301
29.9810,-162,-0.424115,-0.005301
29.9910,-161,-0.421497,-0.005269
30.0010,-161,-0.421497,-0.005269
30.0110,-161,-0.421497,-0.005269
30.0210,-161,-0.421497,-0.005269
30.0310,-161,-0.421497,-0.005269
30.0410,-161,-0.421497,-0.005269
30.0510,-161,-0.421497,-0.005269
30.0610,-162,-0.424115,-0.005301
30.0710,-162,-0.424115,-0.005301
30.0810,-163,-0.426733,-0.005334
30.0910,-163,-0.426733,-0.005334
30.1010,-163,-0.426733,-0.005334
30.1110,-163,-0.426733,-0.005334
30.1210,-163,-0.426733,-0.005334
30.1310,-163,-0.426733,-0.005334
30.1410,-163,-0.426733,-0.005334
30.1510,-162,-0.424115,-0.005301
30.1610,-162,-0.424115,-0.005301
30.1720,-162,-0.424115,-0.005301
30.1810,-162,-0.424115,-0.005301
30.1910,-162,-0.424115,-0.005301
30.2010,-163,-0.426733,-0.005334
30.2110,-163,-0.426733,-0.005334
30.2210,-164,-0.429351,-0.005367
30.2310,-164,-0.429351,-0.005367
30.2410,-164,-0.429351,-0.005367
30.2510,-164,-0.429351,-0.005367
30.2610,-164,-0.429351,-0.005367
30.2710,-164,-0.429351,-0.005367
30.2810,-164,-0.429351,-0.005367
30.2910,-164,-0.429351,-0.005367
30.3010,-164,-0.429351,-0.005367
30.3110,-163,-0.426733,-0.005334
30.3210,-164,-0.429351,-0.005367
30.3310,-164,-0.429351,-0.005367
30.3410,-164,-0.429351,-0.005367
30.3510,-165,-0.431969,-0.005400
30.3610,-165,-0.431969,-0.005400
30.3710,-165,-0.431969,-0.005400
30.3810,-165,-0.431969,-0.005400
30.3910,-165,-0.431969,-0.005400
30.4010,-165,-0.431969,-0.005400
30.4110,-165,-0.431969,-0.005400
30.4210,-165,-0.431969,-0.005400
30.4310,-165,-0.431969,-0.005400
30.4410,-165,-0.431969,-0.005400
30.4510,-165,-0.431969,-0.005400
30.4610,-165,-0.431969,-0.005400
30.4710,-165,-0.431969,-0.005400
30.4810,-165,-0.431969,-0.005400
30.4910,-166,-0.434587,-0.005432
30.5010,-166,-0.434587,-0.005432
30.5110,-166,-0.434587,-0.005432
30.5210,-166,-0.434587,-0.005432
30.5310,-166,-0.434587,-0.005432
30.5410,-166,-0.434587,-0.005432
30.5510,-166,-0.434587,-0.005432
30.5610,-166,-0.434587,-0.005432
30.5710,-166,-0.434587,-0.005432
30.5810,-166,-0.434587,-0.005432
30.5910,-165,-0.431969,-0.005400
30.6010,-166,-0.434587,-0.005432
30.6110,-166,-0.434587,-0.005432
30.6210,-166,-0.434587,-0.005432
30.6310,-167,-0.437205,-0.005465
30.6410,-167,-0.437205,-0.005465
30.6510,-167,-0.437205,-0.005465
30.6610,-167,-0.437205,-0.005465
30.6710,-167,-0.437205,-0.005465
30.6810,-167,-0.437205,-0.005465
30.6910,-167,-0.437205,-0.005465
30.7010,-167,-0.437205,-0.005465
30.7110,-167,-0.437205,-0.005465
30.7210,-166,-0.434587,-0.005432
30.7310,-166,-0.434587,-0.005432
30.7410,-166,-0.434587,-0.005432
30.7510,-167,-0.437205,-0.005465
30.7610,-167,-0.437205,-0.005465
30.7710,-167,-0.437205,-0.005465
30.7810,-168,-0.439823,-0.005498
30.7910,-168,-0.439823,-0.005498
30.8010,-168,-0.439823,-0.005498
30.8120,-168,-0.439823,-0.005498
30.8210,-168,-0.439823,-0.005498
30.8310,-168,-0.439823,-0.005498
30.8410,-167,-0.437205,-0.005465
30.8510,-167,-0.437205,-0.005465
30.8610,-167,-0.437205,-0.005465
30.8710,-167,-0.437205,-0.005465
30.8810,-167,-0.437205,-0.005465
30.8910,-168,-0.439823,-0.005498
30.9010,-168,-0.439823,-0.005498
30.9110,-168,-0.439823,-0.005498
30.9210,-168,-0.439823,-0.005498
30.9310,-169,-0.442441,-0.005531
30.9410,-169,-0.442441,-0.005531
30.9510,-169,-0.442441,-0.005531
30.9610,-169,-0.442441,-0.005531
30.9710,-168,-0.439823,-0.005498
30.9810,-168,-0.439823,-0.005498
30.9910,-168,-0.439823,-0.005498
31.0010,-168,-0.439823,-0.005498
31.0110,-168,-0.439823,-0.005498
31.0210,-168,-0.439823,-0.005498
31.0310,-169,-0.442441,-0.005531
31.0410,-169,-0.442441,-0.005531
31.0510,-169,-0.442441,-0.005531
31.0610,-169,-0.442441,-0.005531
31.0710,-170,-0.445059,-0.005563
31.0810,-170,-0.445059,-0.005563
31.0910,-170,-0.445059,-0.005563
31.1010,-170,-0.445059,-0.005563
31.1110,-170,-0.445059,-0.005563
31.1210,-169,-0.442441,-0.005531
31.1310,-169,-0.442441,-0.005531
31.1410,-169,-0.442441,-0.005531
31.1510,-169,-0.442441,-0.005531
31.1610,-169,-0.442441,-0.005531
31.1710,-170,-0.445059,-0.005563
31.1810,-170,-0.445059,-0.005563
31.1910,-171,-0.447677,-0.005596
31.2010,-171,-0.447677,-0.005596
31.2110,-171,-0.447677,-0.005596
31.2210,-171,-0.447677,-0.005596
31.2310,-171,-0.447677,-0.005596
31.2410,-171,-0.447677,-0.005596
31.2510,-171,-0.447677,-0.005596
31.2610,-171,-0.447677,-0.005596
31.2710,-171,-0.447677,-0.005596
31.2810,-171,-0.447677,-0.005596
31.2910,-171,-0.447677,-0.005596
31.3010,-171,-0.447677,-0.005596
31.3110,-172,-0.450295,-0.005629
31.3210,-172,-0.450295,-0.005629
31.3310,-173,-0.452913,-0.005661
31.3410,-173,-0.452913,-0.005661
31.3510,-173,-0.452913,-0.005661
31.3610,-173,-0.452913,-0.005661
31.3710,-173,-0.452913,-0.005661
31.3810,-173,-0.452913,-0.005661
31.3910,-173,-0.452913,-0.005661
31.4010,-173,-0.452913,-0.005661
31.4110,-172,-0.450295,-0.005629
31.4210,-172,-0.450295,-0.005629
31.4310,-172,-0.450295,-0.005629
31.4410,-173,-0.452913,-0.005661
31.4520,-173,-0.452913,-0.005661
31.4610,-173,-0.452913,-0.005661
31.4710,-174,-0.455531,-0.005694
31.4810,-174,-0.455531,-0.005694
31.4910,-174,-0.455531,-0.005694
31.5010,-174,-0.455531,-0.005694
31.5110,-174,-0.455531,-0.005694
31.5210,-174,-0.455531,-0.005694
31.5310,-174,-0.455531,-0.005694
31.5410,-174,-0.455531,-0.005694
31.5510,-174,-0.455531,-0.005694
31.5610,-173,-0.452913,-0.005661
31.5710,-174,-0.455531,-0.005694
31.5810,-174,-0.455531,-0.005694
31.5910,-174,-0.455531,-0.005694
31.6010,-175,-0.458149,-0.005727
31.6110,-175,-0.458149,-0.005727
31.6210,-175,-0.458149,-0.005727
31.6310,-175,-0.458149,-0.005727
31.6410,-175,-0.458149,-0.005727
31.6510,-175,-0.458149,-0.005727
31.6610,-175,-0.458149,-0.005727
31.6710,-175,-0.458149,-0.005727
31.6810,-175,-0.458149,-0.005727
31.6910,-175,-0.458149,-0.005727
31.7010,-175,-0.458149,-0.005727
31.7110,-175,-0.458149,-0.005727
31.7210,-175,-0.458149,-0.005727
31.7310,-175,-0.458149,-0.005727
31.7410,-176,-0.460767,-0.005760
31.7510,-176,-0.460767,-0.005760
31.7610,-176,-0.460767,-0.005760
31.7710,-176,-0.460767,-0.005760
31.7810,-176,-0.460767,-0.005760
31.7910,-176,-0.460767,-0.005760
31.8010,-176,-0.460767,-0.005760
31.8110,-176,-0.460767,-0.005760
31.8210,-176,-0.460767,-0.005760
31.8310,-176,-0.460767,-0.005760
31.8410,-176,-0.460767,-0.005760
31.8510,-176,-0.460767,-0.005760
31.8610,-176,-0.460767,-0.005760
31.8710,-176,-0.460767,-0.005760
31.8810,-177,-0.463385,-0.005792
31.8910,-177,-0.463385,-0.005792
31.9010,-177,-0.463385,-0.005792
31.9110,-177,-0.463385,-0.005792
31.9210,-177,-0.463385,-0.005792
31.9310,-177,-0.463385,-0.005792
31.9410,-177,-0.463385,-0.005792
31.9510,-177,-0.463385,-0.005792
31.9610,-177,-0.463385,-0.005792
31.9710,-177,-0.463385,-0.005792
31.9810,-177,-0.463385,-0.005792
31.9910,-177,-0.463385,-0.005792
32.0010,-177,-0.463385,-0.005792
32.0110,-177,-0.463385,-0.005792
32.0210,-177,-0.463385,-0.005792
32.0310,-177,-0.463385,-0.005792
32.0410,-178,-0.466003,-0.005825
32.0510,-178,-0.466003,-0.005825
32.0610,-178,-0.466003,-0.005825
32.0710,-177,-0.463385,-0.005792
32.0810,-177,-0.463385,-0.005792
32.0920,-177,-0.463385,-0.005792
32.1010,-177,-0.463385,-0.005792
32.1110,-177,-0.463385,-0.005792
32.1210,-177,-0.463385,-0.005792
32.1310,-177,-0.463385,-0.005792
32.1410,-177,-0.463385,-0.005792
32.1510,-177,-0.463385,-0.005792
32.1610,-178,-0.466003,-0.005825
32.1710,-178,-0.466003,-0.005825
32.1810,-178,-0.466003,-0.005825
32.1910,-178,-0.466003,-0.005825
32.2010,-178,-0.466003,-0.005825
32.2110,-177,-0.463385,-0.005792
32.2210,-177,-0.463385,-0.005792
32.2310,-177,-0.463385,-0.005792
32.2410,-177,-0.463385,-0.005792
32.2510,-177,-0.463385,-0.005792
32.2610,-177,-0.463385,-0.005792
32.2710,-177,-0.463385,-0.005792
32.2810,-178,-0.466003,-0.005825
32.2910,-178,-0.466003,-0.005825
32.3010,-178,-0.466003,-0.005825
32.3110,-178,-0.466003,-0.005825
32.3210,-178,-0.466003,-0.005825
32.3310,-178,-0.466003,-0.005825
32.3410,-178,-0.466003,-0.005825
32.3510,-178,-0.466003,-0.005825
32.3610,-178,-0.466003,-0.005825
32.3710,-178,-0.466003,-0.005825
32.3810,-178,-0.466003,-0.005825
32.3910,-177,-0.463385,-0.005792
32.4010,-178,-0.466003,-0.005825
32.4110,-178,-0.466003,-0.005825
32.4210,-178,-0.466003,-0.005825
32.4310,-178,-0.466003,-0.005825
32.4410,-178,-0.466003,-0.005825
32.4510,-178,-0.466003,-0.005825
32.4610,-178,-0.466003,-0.005825
32.4710,-178,-0.466003,-0.005825
32.4810,-178,-0.466003,-0.005825
32.4910,-178,-0.466003,-0.005825
32.5010,-178,-0.466003,-0.005825
32.5110,-178,-0.466003,-0.005825
32.5210,-178,-0.466003,-0.005825
32.5310,-178,-0.466003,-0.005825
32.5410,-178,-0.466003,-0.005825
32.5510,-178,-0.466003,-0.005825
32.5610,-179,-0.468621,-0.005858
32.5710,-179,-0.468621,-0.005858
32.5810,-179,-0.468621,-0.005858
32.5910,-179,-0.468621,-0.005858
32.6010,-179,-0.468621,-0.005858
32.6110,-179,-0.468621,-0.005858
32.6210,-179,-0.468621,-0.005858
32.6310,-179,-0.468621,-0.005858
32.6410,-179,-0.468621,-0.005858
32.6510,-179,-0.468621,-0.005858
32.6610,-179,-0.468621,-0.005858
32.6710,-179,-0.468621,-0.005858
32.6810,-179,-0.468621,-0.005858
32.6910,-179,-0.468621,-0.005858
32.7010,-180,-0.471239,-0.005890
32.7110,-180,-0.471239,-0.005890
32.7210,-180,-0.471239,-0.005890
32.7320,-180,-0.471239,-0.005890
32.7410,-180,-0.471239,-0.005890
32.7510,-180,-0.471239,-0.005890
32.7610,-180,-0.471239,-0.005890
32.7710,-180,-0.471239,-0.005890
32.7810,-180,-0.471239,-0.005890
32.7910,-180,-0.471239,-0.005890
32.8010,-180,-0.471239,-0.005890
32.8110,-180,-0.471239,-0.005890
32.8210,-180,-0.471239,-0.005890
32.8310,-180,-0.471239,-0.005890
32.8410,-180,-0.471239,-0.005890
32.8510,-180,-0.471239,-0.005890
32.8610,-180,-0.471239,-0.005890
32.8710,-180,-0.471239,-0.005890
32.8810,-181,-0.473857,-0.005923
32.8910,-181,-0.473857,-0.005923
32.9010,-180,-0.471239,-0.005890
32.9110,-180,-0.471239,-0.005890
32.9210,-180,-0.471239,-0.005890
32.9310,-180,-0.471239,-0.005890
32.9410,-180,-0.471239,-0.005890
32.9510,-180,-0.471239,-0.005890
32.9610,-180,-0.471239,-0.005890
32.9710,-181,-0.473857,-0.005923
32.9810,-181,-0.473857,-0.005923
32.9910,-181,-0.473857,-0.005923
33.0010,-181,-0.473857,-0.005923
33.0110,-181,-0.473857,-0.005923
33.0210,-181,-0.473857,-0.005923
33.0310,-181,-0.473857,-0.005923
33.0410,-181,-0.473857,-0.005923
33.0510,-181,-0.473857,-0.005923
33.0610,-181,-0.473857,-0.005923
33.0710,-181,-0.473857,-0.005923
33.0810,-180,-0.471239,-0.005890
33.0910,-180,-0.471239,-0.005890
33.1010,-180,-0.471239,-0.005890
33.1110,-181,-0.473857,-0.005923
33.1210,-181,-0.473857,-0.005923
33.1310,-181,-0.473857,-0.005923
33.1410,-181,-0.473857,-0.005923
33.1510,-181,-0.473857,-0.005923
33.1610,-181,-0.473857,-0.005923
33.1710,-181,-0.473857,-0.005923
33.1810,-181,-0.473857,-0.005923
33.1910,-181,-0.473857,-0.005923
33.2010,-181,-0.473857,-0.005923
33.2110,-181,-0.473857,-0.005923
33.2210,-181,-0.473857,-0.005923
33.2310,-181,-0.473857,-0.005923
33.2410,-181,-0.473857,-0.005923
33.2510,-181,-0.473857,-0.005923
33.2610,-181,-0.473857,-0.005923
33.2710,-181,-0.473857,-0.005923
33.2810,-181,-0.473857,-0.005923
33.2910,-181,-0.473857,-0.005923
33.3010,-181,-0.473857,-0.005923
33.3110,-181,-0.473857,-0.005923
33.3210,-181,-0.473857,-0.005923
33.3310,-181,-0.473857,-0.005923
33.3410,-181,-0.473857,-0.005923
33.3510,-181,-0.473857,-0.005923
33.3610,-181,-0.473857,-0.005923
33.3720,-181,-0.473857,-0.005923
33.3810,-181,-0.473857,-0.005923
33.3910,-181,-0.473857,-0.005923
33.4010,-181,-0.473857,-0.005923
33.4110,-182,-0.476475,-0.005956
33.4210,-182,-0.476475,-0.005956
33.4310,-182,-0.476475,-0.005956
33.4410,-182,-0.476475,-0.005956
33.4510,-182,-0.476475,-0.005956
33.4610,-182,-0.476475,-0.005956
33.4710,-181,-0.473857,-0.005923
33.4810,-181,-0.473857,-0.005923
33.4910,-181,-0.473857,-0.005923
33.5010,-181,-0.473857,-0.005923
33.5110,-181,-0.473857,-0.005923
33.5210,-181,-0.473857,-0.005923
33.5310,-182,-0.476475,-0.005956
33.5410,-182,-0.476475,-0.005956
33.5510,-182,-0.476475,-0.005956
33.5610,-182,-0.476475,-0.005956
33.5710,-182,-0.476475,-0.005956
33.5810,-182,-0.476475,-0.005956
33.5910,-182,-0.476475,-0.005956
33.6010,-182,-0.476475,-0.005956
33.6110,-181,-0.473857,-0.005923
33.6210,-181,-0.473857,-0.005923
33.6310,-181,-0.473857,-0.005923
33.6410,-181,-0.473857,-0.005923
33.6510,-181,-0.473857,-0.005923
33.6610,-181,-0.473857,-0.005923
33.6710,-182,-0.476475,-0.005956
33.6810,-182,-0.476475,-0.005956
33.6910,-182,-0.476475,-0.005956
33.7010,-182,-0.476475,-0.005956
33.7110,-182,-0.476475,-0.005956
33.7210,-182,-0.476475,-0.005956
33.7310,-182,-0.476475,-0.005956
33.7410,-182,-0.476475,-0.005956
33.7510,-181,-0.473857,-0.005923
33.7610,-181,-0.473857,-0.005923
33.7710,-181,-0.473857,-0.005923
33.7810,-181,-0.473857,-0.005923
33.7910,-181,-0.473857,-0.005923
33.8010,-182,-0.476475,-0.005956
33.8110,-182,-0.476475,-0.005956
33.8210,-182,-0.476475,-0.005956
33.8310,-182,-0.476475,-0.005956
33.8410,-182,-0.476475,-0.005956
33.8510,-182,-0.476475,-0.005956
33.8610,-182,-0.476475,-0.005956
33.8710,-182,-0.476475,-0.005956
33.8810,-182,-0.476475,-0.005956
33.8910,-182,-0.476475,-0.005956
33.9010,-182,-0.476475,-0.005956
33.9110,-182,-0.476475,-0.005956
33.9210,-182,-0.476475,-0.005956
33.9310,-182,-0.476475,-0.005956
33.9410,-182,-0.476475,-0.005956
33.9510,-182,-0.476475,-0.005956
33.9610,-183,-0.479093,-0.005989
33.9710,-183,-0.479093,-0.005989
33.9810,-183,-0.479093,-0.005989
33.9910,-183,-0.479093,-0.005989
34.0010,-183,-0.479093,-0.005989
34.0120,-183,-0.479093,-0.005989
34.0210,-183,-0.479093,-0.005989
34.0310,-183,-0.479093,-0.005989
34.0410,-183,-0.479093,-0.005989
34.0510,-183,-0.479093,-0.005989
34.0610,-183,-0.479093,-0.005989
34.0710,-183,-0.479093,-0.005989
34.0810,-183,-0.479093,-0.005989
34.0910,-183,-0.479093,-0.005989
34.1010,-183,-0.479093,-0.005989
34.1110,-183,-0.479093,-0.005989
34.1210,-184,-0.481711,-0.006021
34.1310,-184,-0.481711,-0.006021
34.1410,-184,-0.481711,-0.006021
34.1510,-184,-0.481711,-0.006021
34.1610,-184,-0.481711,-0.006021
34.1710,-183,-0.479093,-0.005989
34.1810,-183,-0.479093,-0.005989
34.1910,-183,-0.479093,-0.005989
34.2010,-183,-0.479093,-0.005989
34.2110,-183,-0.479093,-0.005989
34.2210,-184,-0.481711,-0.006021
34.2310,-184,-0.481711,-0.006021
34.2410,-184,-0.481711,-0.006021
34.2510,-184,-0.481711,-0.006021
34.2610,-184,-0.481711,-0.006021
34.2710,-184,-0.481711,-0.006021
34.2810,-184,-0.481711,-0.006021
34.2910,-184,-0.481711,-0.006021
34.3010,-184,-0.481711,-0.006021
34.3110,-184,-0.481711,-0.006021
34.3210,-184,-0.481711,-0.006021
34.3310,-184,-0.481711,-0.006021
34.3410,-184,-0.481711,-0.006021
34.3510,-184,-0.481711,-0.006021
34.3610,-184,-0.481711,-0.006021
34.3710,-184,-0.481711,-0.006021
34.3810,-185,-0.484329,-0.006054
34.3910,-185,-0.484329,-0.006054
34.4010,-185,-0.484329,-0.006054
34.4110,-185,-0.484329,-0.006054
34.4210,-185,-0.484329,-0.006054
34.4310,-185,-0.484329,-0.006054
34.4410,-185,-0.484329,-0.006054
34.4510,-184,-0.481711,-0.006021
34.4610,-184,-0.481711,-0.006021
34.4710,-184,-0.481711,-0.006021
34.4810,-184,-0.481711,-0.006021
34.4910,-184,-0.481711,-0.006021
34.5010,-185,-0.484329,-0.006054
34.5110,-185,-0.484329,-0.006054
34.5210,-185,-0.484329,-0.006054
34.5310,-185,-0.484329,-0.006054
34.5410,-185,-0.484329,-0.006054
34.5510,-185,-0.484329,-0.006054
34.5610,-185,-0.484329,-0.006054
34.5710,-185,-0.484329,-0.006054
34.5810,-185,-0.484329,-0.006054
34.5910,-185,-0.484329,-0.006054
34.6010,-185,-0.484329,-0.006054
34.6110,-185,-0.484329,-0.006054
34.6210,-185,-0.484329,-0.006054
34.6310,-185,-0.484329,-0.006054
34.6410,-185,-0.484329,-0.006054
34.6520,-185,-0.484329,-0.006054
34.6610,-185,-0.484329,-0.006054
34.6710,-185,-0.484329,-0.006054
34.6810,-186,-0.486947,-0.006087
34.6910,-186,-0.486947,-0.006087
34.7010,-186,-0.486947,-0.006087
34.7110,-186,-0.486947,-0.006087
34.7210,-185,-0.484329,-0.006054
34.7310,-185,-0.484329,-0.006054
34.7410,-185,-0.484329,-0.006054
34.7510,-185,-0.484329,-0.006054
34.7610,-185,-0.484329,-0.006054
34.7710,-185,-0.484329,-0.006054
34.7810,-186,-0.486947,-0.006087
34.7910,-186,-0.486947,-0.006087
34.8010,-186,-0.486947,-0.006087
34.8110,-186,-0.486947,-0.006087
34.8210,-186,-0.486947,-0.006087
34.8310,-186,-0.486947,-0.006087
34.8410,-186,-0.486947,-0.006087
34.8510,-186,-0.486947,-0.006087
34.8610,-186,-0.486947,-0.006087
34.8710,-186,-0.486947,-0.006087
34.8810,-186,-0.486947,-0.006087
34.8910,-186,-0.486947,-0.006087
34.9010,-186,-0.486947,-0.006087
34.9110,-186,-0.486947,-0.006087
34.9210,-186,-0.486947,-0.006087
34.9310,-186,-0.486947,-0.006087
34.9410,-187,-0.489565,-0.006120
34.9510,-187,-0.489565,-0.006120
34.9610,-187,-0.489565,-0.006120
34.9710,-187,-0.489565,-0.006120
34.9810,-187,-0.489565,-0.006120
34.9910,-186,-0.486947,-0.006087
35.0010,-186,-0.486947,-0.006087
35.0110,-186,-0.486947,-0.006087
35.0210,-186,-0.486947,-0.006087
35.0310,-186,-0.486947,-0.006087
35.0410,-186,-0.486947,-0.006087
35.0510,-187,-0.489565,-0.006120
35.0610,-187,-0.489565,-0.006120
35.0710,-187,-0.489565,-0.006120
35.0810,-187,-0.489565,-0.006120
35.0910,-187,-0.489565,-0.006120
35.1010,-187,-0.489565,-0.006120
35.1110,-187,-0.489565,-0.006120
35.1210,-187,-0.489565,-0.006120
35.1310,-187,-0.489565,-0.006120
35.1410,-187,-0.489565,-0.006120
35.1510,-187,-0.489565,-0.006120
35.1610,-187,-0.489565,-0.006120
35.1710,-187,-0.489565,-0.006120
35.1810,-187,-0.489565,-0.006120
35.1910,-187,-0.489565,-0.006120
35.2010,-187,-0.489565,-0.006120
35.2110,-187,-0.489565,-0.006120
35.2210,-187,-0.489565,-0.006120
35.2310,-188,-0.492183,-0.006152
35.2410,-188,-0.492183,-0.006152
35.2510,-188,-0.492183,-0.006152
35.2610,-188,-0.492183,-0.006152
35.2710,-188,-0.492183,-0.006152
35.2810,-187,-0.489565,-0.006120
35.2920,-187,-0.489565,-0.006120
35.3010,-187,-0.489565,-0.006120
35.3110,-187,-0.489565,-0.006120
35.3210,-187,-0.489565,-0.006120
35.3310,-188,-0.492183,-0.006152
35.3410,-188,-0.492183,-0.006152
35.3510,-188,-0.492183,-0.006152
35.3610,-189,-0.494801,-0.006185
35.3710,-189,-0.494801,-0.006185
35.3810,-189,-0.494801,-0.006185
35.3910,-189,-0.494801,-0.006185
35.4010,-189,-0.494801,-0.006185
35.4110,-189,-0.494801,-0.006185
35.4210,-189,-0.494801,-0.006185
35.4310,-189,-0.494801,-0.006185
35.4410,-188,-0.492183,-0.006152
35.4510,-189,-0.494801,-0.006185
35.4610,-189,-0.494801,-0.006185
35.4710,-189,-0.494801,-0.006185
35.4810,-189,-0.494801,-0.006185
35.4910,-190,-0.497419,-0.006218
35.5010,-190,-0.497419,-0.006218
35.5110,-190,-0.497419,-0.006218
35.5210,-190,-0.497419,-0.006218
35.5310,-190,-0.497419,-0.006218
35.5410,-190,-0.497419,-0.006218
35.5510,-190,-0.497419,-0.006218
35.5610,-190,-0.497419,-0.006218
35.5710,-190,-0.497419,-0.006218
35.5810,-189,-0.494801,-0.006185
35.5910,-189,-0.494801,-0.006185
35.6010,-189,-0.494801,-0.006185
35.6110,-190,-0.497419,-0.006218
35.6210,-190,-0.497419,-0.006218
35.6310,-191,-0.500037,-0.006250
35.6410,-191,-0.500037,-0.006250
35.6510,-191,-0.500037,-0.006250
35.6610,-191,-0.500037,-0.006250
35.6710,-191,-0.500037,-0.006250
35.6810,-191,-0.500037,-0.006250
35.6910,-191,-0.500037,-0.006250
35.7010,-191,-0.500037,-0.006250
35.7110,-191,-0.500037,-0.006250
35.7210,-191,-0.500037,-0.006250
35.7310,-191,-0.500037,-0.006250
35.7410,-191,-0.500037,-0.006250
35.7510,-191,-0.500037,-0.006250
35.7610,-191,-0.500037,-0.006250
35.7710,-192,-0.502655,-0.006283
35.7810,-192,-0.502655,-0.006283
35.7910,-192,-0.502655,-0.006283
35.8010,-192,-0.502655,-0.006283
35.8110,-192,-0.502655,-0.006283
35.8210,-192,-0.502655,-0.006283
35.8310,-192,-0.502655,-0.006283
35.8410,-192,-0.502655,-0.006283
35.8510,-192,-0.502655,-0.006283
35.8610,-191,-0.500037,-0.006250
35.8710,-191,-0.500037,-0.006250
35.8810,-192,-0.502655,-0.006283
35.8910,-192,-0.502655,-0.006283
35.9010,-192,-0.502655,-0.006283
35.9110,-193,-0.505273,-0.006316
35.9210,-193,-0.505273,-0.006316
35.9320,-193,-0.505273,-0.006316
35.9410,-193,-0.505273,-0.006316
35.9510,-193,-0.505273,-0.006316
35.9610,-193,-0.505273,-0.006316
35.9710,-192,-0.502655,-0.006283
35.9810,-192,-0.502655,-0.006283
35.9910,-192,-0.502655,-0.006283
36.0010,-192,-0.502655,-0.006283
36.0110,-192,-0.502655,-0.006283
36.0210,-193,-0.505273,-0.006316
36.0310,-193,-0.505273,-0.006316
36.0410,-193,-0.505273,-0.006316
36.0510,-193,-0.505273,-0.006316
36.0610,-193,-0.505273,-0.006316
36.0710,-193,-0.505273,-0.006316
36.0810,-193,-0.505273,-0.006316
36.0910,-193,-0.505273,-0.006316
36.1010,-193,-0.505273,-0.006316
36.1110,-193,-0.505273,-0.006316
36.1210,-193,-0.505273,-0.006316
36.1310,-193,-0.505273,-0.006316
36.1410,-193,-0.505273,-0.006316
36.1510,-193,-0.505273,-0.006316
36.1610,-193,-0.505273,-0.006316
36.1710,-194,-0.507891,-0.006349
36.1810,-194,-0.507891,-0.006349
36.1910,-194,-0.507891,-0.006349
36.2010,-194,-0.507891,-0.006349
36.2110,-194,-0.507891,-0.006349
36.2210,-194,-0.507891,-0.006349
36.2310,-194,-0.507891,-0.006349
36.2410,-194,-0.507891,-0.006349
36.2510,-194,-0.507891,-0.006349
36.2610,-194,-0.507891,-0.006349
36.2710,-193,-0.505273,-0.006316
36.2810,-193,-0.505273,-0.006316
36.2910,-193,-0.505273,-0.006316
36.3010,-194,-0.507891,-0.006349
36.3110,-194,-0.507891,-0.006349
36.3210,-194,-0.507891,-0.006349
36.3310,-194,-0.507891,-0.006349
36.3410,-194,-0.507891,-0.006349
36.3510,-194,-0.507891,-0.006349
36.3610,-194,-0.507891,-0.006349
36.3710,-194,-0.507891,-0.006349
36.3810,-194,-0.507891,-0.006349
36.3910,-194,-0.507891,-0.006349
36.4010,-194,-0.507891,-0.006349
36.4110,-194,-0.507891,-0.006349
36.4210,-194,-0.507891,-0.006349
36.4310,-194,-0.507891,-0.006349
36.4410,-194,-0.507891,-0.006349
36.4510,-194,-0.507891,-0.006349
36.4610,-195,-0.510509,-0.006381
36.4710,-195,-0.510509,-0.006381
36.4810,-195,-0.510509,-0.006381
36.4910,-195,-0.510509,-0.006381
36.5010,-195,-0.510509,-0.006381
36.5110,-194,-0.507891,-0.006349
36.5210,-194,-0.507891,-0.006349
36.5310,-194,-0.507891,-0.006349
36.5410,-194,-0.507891,-0.006349
36.5510,-194,-0.507891,-0.006349
36.5610,-194,-0.507891,-0.006349
36.5720,-194,-0.507891,-0.006349
36.5810,-195,-0.510509,-0.006381
36.5910,-195,-0.510509,-0.006381
36.6010,-195,-0.510509,-0.006381
36.6110,-195,-0.510509,-0.006381
36.6210,-195,-0.510509,-0.006381
36.6310,-195,-0.510509,-0.006381
36.6410,-195,-0.510509,-0.006381
36.6510,-195,-0.510509,-0.006381
36.6610,-195,-0.510509,-0.006381
36.6710,-195,-0.510509,-0.006381
36.6810,-195,-0.510509,-0.006381
36.6910,-195,-0.510509,-0.006381
36.7010,-195,-0.510509,-0.006381
36.7110,-195,-0.510509,-0.006381
36.7210,-195,-0.510509,-0.006381
36.7310,-195,-0.510509,-0.006381
36.7410,-196,-0.513127,-0.006414
36.7510,-196,-0.513127,-0.006414
36.7610,-196,-0.513127,-0.006414
36.7710,-196,-0.513127,-0.006414
36.7810,-196,-0.513127,-0.006414
36.7910,-196,-0.513127,-0.006414
36.8010,-196,-0.513127,-0.006414
36.8110,-196,-0.513127,-0.006414
36.8210,-196,-0.513127,-0.006414
36.8310,-196,-0.513127,-0.006414
36.8410,-196,-0.513127,-0.006414
36.8510,-196,-0.513127,-0.006414
36.8610,-196,-0.513127,-0.006414
36.8710,-196,-0.513127,-0.006414
36.8810,-196,-0.513127,-0.006414
36.8910,-196,-0.513127,-0.006414
36.9010,-197,-0.515745,-0.006447
36.9110,-197,-0.515745,-0.006447
36.9210,-197,-0.515745,-0.006447
36.9310,-197,-0.515745,-0.006447
36.9410,-196,-0.513127,-0.006414
36.9510,-196,-0.513127,-0.006414
36.9610,-196,-0.513127,-0.006414
36.9710,-196,-0.513127,-0.006414
36.9810,-196,-0.513127,-0.006414
36.9910,-197,-0.515745,-0.006447
37.0010,-197,-0.515745,-0.006447
37.0110,-197,-0.515745,-0.006447
37.0210,-198,-0.518363,-0.006480
37.0310,-198,-0.518363,-0.006480
37.0410,-198,-0.518363,-0.006480
37.0510,-198,-0.518363,-0.006480
37.0610,-198,-0.518363,-0.006480
37.0710,-198,-0.518363,-0.006480
37.0810,-198,-0.518363,-0.006480
37.0910,-198,-0.518363,-0.006480
37.1010,-198,-0.518363,-0.006480
37.1110,-198,-0.518363,-0.006480
37.1210,-198,-0.518363,-0.006480
37.1310,-198,-0.518363,-0.006480
37.1410,-199,-0.520981,-0.006512
37.1510,-199,-0.520981,-0.006512
37.1610,-199,-0.520981,-0.006512
37.1710,-199,-0.520981,-0.006512
37.1810,-199,-0.520981,-0.006512
37.1910,-199,-0.520981,-0.006512
37.2010,-199,-0.520981,-0.006512
37.2120,-199,-0.520981,-0.006512
37.2210,-199,-0.520981,-0.006512
37.2310,-199,-0.520981,-0.006512
37.2410,-199,-0.520981,-0.006512
37.2510,-199,-0.520981,-0.006512
37.2610,-199,-0.520981,-0.006512
37.2710,-199,-0.520981,-0.006512
37.2810,-199,-0.520981,-0.006512
37.2910,-200,-0.523599,-0.006545
37.3010,-200,-0.523599,-0.006545
37.3110,-200,-0.523599,-0.006545
37.3210,-200,-0.523599,-0.006545
37.3310,-200,-0.523599,-0.006545
37.3410,-200,-0.523599,-0.006545
37.3510,-200,-0.523599,-0.006545
37.3610,-200,-0.523599,-0.006545
37.3710,-200,-0.523599,-0.006545
37.3810,-200,-0.523599,-0.006545
37.3910,-200,-0.523599,-0.006545
37.4010,-200,-0.523599,-0.006545
37.4110,-200,-0.523599,-0.006545
37.4210,-200,-0.523599,-0.006545
37.4310,-200,-0.523599,-0.006545
37.4410,-201,-0.526217,-0.006578
37.4510,-201,-0.526217,-0.006578
37.4610,-201,-0.526217,-0.006578
37.4710,-201,-0.526217,-0.006578
37.4810,-201,-0.526217,-0.006578
37.4910,-200,-0.523599,-0.006545
37.5010,-200,-0.523599,-0.006545
37.5110,-200,-0.523599,-0.006545
37.5210,-200,-0.523599,-0.006545
37.5310,-200,-0.523599,-0.006545
37.5410,-200,-0.523599,-0.006545
37.5510,-201,-0.526217,-0.006578
37.5610,-201,-0.526217,-0.006578
37.5710,-201,-0.526217,-0.006578
37.5810,-201,-0.526217,-0.006578
37.5910,-201,-0.526217,-0.006578
37.6010,-201,-0.526217,-0.006578
37.6110,-201,-0.526217,-0.006578
37.6210,-201,-0.526217,-0.006578
37.6310,-201,-0.526217,-0.006578
37.6410,-201,-0.526217,-0.006578
37.6510,-201,-0.526217,-0.006578
37.6610,-201,-0.526217,-0.006578
37.6710,-201,-0.526217,-0.006578
37.6810,-201,-0.526217,-0.006578
37.6910,-201,-0.526217,-0.006578
37.7010,-201,-0.526217,-0.006578
37.7110,-201,-0.526217,-0.006578
37.7210,-201,-0.526217,-0.006578
37.7310,-201,-0.526217,-0.006578
37.7410,-201,-0.526217,-0.006578
37.7510,-201,-0.526217,-0.006578
37.7610,-201,-0.526217,-0.006578
37.7710,-201,-0.526217,-0.006578
37.7810,-201,-0.526217,-0.006578
37.7910,-201,-0.526217,-0.006578
37.8010,-201,-0.526217,-0.006578
37.8110,-201,-0.526217,-0.006578
37.8210,-201,-0.526217,-0.006578
37.8310,-201,-0.526217,-0.006578
37.8410,-201,-0.526217,-0.006578
37.8520,-201,-0.526217,-0.006578
37.8610,-201,-0.526217,-0.006578
37.8710,-201,-0.526217,-0.006578
37.8810,-201,-0.526217,-0.006578
37.8910,-201,-0.526217,-0.006578
37.9010,-201,-0.526217,-0.006578
37.9110,-201,-0.526217,-0.006578
37.9210,-201,-0.526217,-0.006578
37.9310,-201,-0.526217,-0.006578
37.9410,-201,-0.526217,-0.006578
37.9510,-201,-0.526217,-0.006578
37.9610,-201,-0.526217,-0.006578
37.9710,-202,-0.528835,-0.006610
37.9810,-202,-0.528835,-0.006610
37.9910,-202,-0.528835,-0.006610
38.0010,-202,-0.528835,-0.006610
38.0110,-202,-0.528835,-0.006610
38.0210,-202,-0.528835,-0.006610
38.0310,-202,-0.528835,-0.006610
38.0410,-202,-0.528835,-0.006610
38.0510,-202,-0.528835,-0.006610
38.0610,-202,-0.528835,-0.006610
38.0710,-202,-0.528835,-0.006610
38.0810,-202,-0.528835,-0.006610
38.0910,-202,-0.528835,-0.006610
38.1010,-202,-0.528835,-0.006610
38.1110,-202,-0.528835,-0.006610
38.1210,-202,-0.528835,-0.006610
38.1310,-203,-0.531453,-0.006643
38.1410,-203,-0.531453,-0.006643
38.1510,-203,-0.531453,-0.006643
38.1610,-203,-0.531453,-0.006643
38.1710,-203,-0.531453,-0.006643
38.1810,-203,-0.531453,-0.006643
38.1910,-202,-0.528835,-0.006610
38.2010,-202,-0.528835,-0.006610
38.2110,-202,-0.528835,-0.006610
38.2210,-202,-0.528835,-0.006610
38.2310,-202,-0.528835,-0.006610
38.2410,-203,-0.531453,-0.006643
38.2510,-203,-0.531453,-0.006643
38.2610,-203,-0.531453,-0.006643
38.2710,-203,-0.531453,-0.006643
38.2810,-203,-0.531453,-0.006643
38.2910,-203,-0.531453,-0.006643
38.3010,-203,-0.531453,-0.006643
38.3110,-203,-0.531453,-0.006643
38.3210,-203,-0.531453,-0.006643
38.3310,-203,-0.531453,-0.006643
38.3410,-203,-0.531453,-0.006643
38.3510,-203,-0.531453,-0.006643
38.3610,-203,-0.531453,-0.006643
38.3710,-203,-0.531453,-0.006643
38.3810,-204,-0.534071,-0.006676
38.3910,-204,-0.534071,-0.006676
38.4010,-204,-0.534071,-0.006676
38.4110,-204,-0.534071,-0.006676
38.4210,-204,-0.534071,-0.006676
38.4310,-204,-0.534071,-0.006676
38.4410,-204,-0.534071,-0.006676
38.4510,-204,-0.534071,-0.006676
38.4610,-204,-0.534071,-0.006676
38.4710,-204,-0.534071,-0.006676
38.4810,-204,-0.534071,-0.006676
38.4920,-204,-0.534071,-0.006676
38.5010,-204,-0.534071,-0.006676
38.5110,-204,-0.534071,-0.006676
38.5210,-204,-0.534071,-0.006676
38.5310,-204,-0.534071,-0.006676
38.5410,-204,-0.534071,-0.006676
38.5510,-205,-0.536689,-0.006709
38.5610,-205,-0.536689,-0.006709
38.5710,-205,-0.536689,-0.006709
38.5810,-205,-0.536689,-0.006709
38.5910,-205,-0.536689,-0.006709
38.6010,-204,-0.534071,-0.006676
38.6110,-204,-0.534071,-0.006676
38.6210,-204,-0.534071,-0.006676
38.6310,-204,-0.534071,-0.006676
38.6410,-204,-0.534071,-0.006676
38.6510,-204,-0.534071,-0.006676
38.6610,-205,-0.536689,-0.006709
38.6710,-205,-0.536689,-0.006709
38.6810,-205,-0.536689,-0.006709
38.6910,-205,-0.536689,-0.006709
38.7010,-205,-0.536689,-0.006709
38.7110,-205,-0.536689,-0.006709
38.7210,-205,-0.536689,-0.006709
38.7310,-205,-0.536689,-0.006709
38.7410,-205,-0.536689,-0.006709
38.7510,-205,-0.536689,-0.006709
38.7610,-205,-0.536689,-0.006709
38.7710,-205,-0.536689,-0.006709
38.7810,-205,-0.536689,-0.006709
38.7910,-205,-0.536689,-0.006709
38.8010,-205,-0.536689,-0.006709
38.8110,-205,-0.536689,-0.006709
38.8210,-205,-0.536689,-0.006709
38.8310,-205,-0.536689,-0.006709
38.8410,-205,-0.536689,-0.006709
38.8510,-205,-0.536689,-0.006709
38.8610,-205,-0.536689,-0.006709
38.8710,-205,-0.536689,-0.006709
38.8810,-205,-0.536689,-0.006709
38.8910,-205,-0.536689,-0.006709
38.9010,-205,-0.536689,-0.006709
38.9110,-205,-0.536689,-0.006709
38.9210,-205,-0.536689,-0.006709
38.9310,-205,-0.536689,-0.006709
38.9410,-205,-0.536689,-0.006709
38.9510,-205,-0.536689,-0.006709
38.9610,-206,-0.539307,-0.006741
38.9710,-206,-0.539307,-0.006741
38.9810,-206,-0.539307,-0.006741
38.9910,-206,-0.539307,-0.006741
39.0010,-206,-0.539307,-0.006741
39.0110,-206,-0.539307,-0.006741
39.0210,-206,-0.539307,-0.006741
39.0310,-205,-0.536689,-0.006709
39.0410,-205,-0.536689,-0.006709
39.0510,-205,-0.536689,-0.006709
39.0610,-205,-0.536689,-0.006709
39.0710,-205,-0.536689,-0.006709
39.0810,-206,-0.539307,-0.006741
39.0910,-206,-0.539307,-0.006741
39.1010,-206,-0.539307,-0.006741
39.1110,-206,-0.539307,-0.006741
39.1210,-206,-0.539307,-0.006741
39.1320,-206,-0.539307,-0.006741
39.1410,-206,-0.539307,-0.006741
39.1510,-206,-0.539307,-0.006741
39.1610,-206,-0.539307,-0.006741
39.1710,-206,-0.539307,-0.006741
39.1810,-206,-0.539307,-0.006741
39.1910,-205,-0.536689,-0.006709
39.2010,-206,-0.539307,-0.006741
39.2110,-206,-0.539307,-0.006741
39.2210,-206,-0.539307,-0.006741
39.2310,-206,-0.539307,-0.006741
39.2410,-206,-0.539307,-0.006741
39.2510,-206,-0.539307,-0.006741
39.2610,-206,-0.539307,-0.006741
39.2710,-206,-0.539307,-0.006741
39.2810,-206,-0.539307,-0.006741
39.2910,-206,-0.539307,-0.006741
39.3010,-206,-0.539307,-0.006741
39.3110,-206,-0.539307,-0.006741
39.3210,-206,-0.539307,-0.006741
39.3310,-206,-0.539307,-0.006741
39.3410,-206,-0.539307,-0.006741
39.3510,-206,-0.539307,-0.006741
39.3610,-206,-0.539307,-0.006741
39.3710,-206,-0.539307,-0.006741
39.3810,-206,-0.539307,-0.006741
39.3910,-206,-0.539307,-0.006741
39.4010,-206,-0.539307,-0.006741
39.4110,-206,-0.539307,-0.006741
39.4210,-206,-0.539307,-0.006741
39.4310,-206,-0.539307,-0.006741
39.4410,-206,-0.539307,-0.006741
39.4510,-206,-0.539307,-0.006741
39.4610,-206,-0.539307,-0.006741
39.4710,-206,-0.539307,-0.006741
39.4810,-206,-0.539307,-0.006741
39.4910,-206,-0.539307,-0.006741
39.5010,-207,-0.541925,-0.006774
39.5110,-207,-0.541925,-0.006774
39.5210,-207,-0.541925,-0.006774
39.5310,-207,-0.541925,-0.006774
39.5410,-207,-0.541925,-0.006774
39.5510,-207,-0.541925,-0.006774
39.5610,-207,-0.541925,-0.006774
39.5710,-207,-0.541925,-0.006774
39.5810,-207,-0.541925,-0.006774
39.5910,-207,-0.541925,-0.006774
39.6010,-207,-0.541925,-0.006774
39.6110,-207,-0.541925,-0.006774
39.6210,-207,-0.541925,-0.006774
39.6310,-207,-0.541925,-0.006774
39.6410,-207,-0.541925,-0.006774
39.6510,-207,-0.541925,-0.006774
39.6610,-207,-0.541925,-0.006774
39.6710,-208,-0.544543,-0.006807
39.6810,-208,-0.544543,-0.006807
39.6910,-208,-0.544543,-0.006807
39.7010,-208,-0.544543,-0.006807
39.7110,-208,-0.544543,-0.006807
39.7210,-207,-0.541925,-0.006774
39.7310,-207,-0.541925,-0.006774
39.7410,-207,-0.541925,-0.006774
39.7510,-207,-0.541925,-0.006774
39.7610,-207,-0.541925,-0.006774
39.7720,-208,-0.544543,-0.006807
39.7810,-208,-0.544543,-0.006807
39.7910,-208,-0.544543,-0.006807
39.8010,-208,-0.544543,-0.006807
39.8110,-208,-0.544543,-0.006807
39.8210,-208,-0.544543,-0.006807
39.8310,-208,-0.544543,-0.006807
39.8410,-208,-0.544543,-0.006807
39.8510,-208,-0.544543,-0.006807
39.8610,-208,-0.544543,-0.006807
39.8710,-208,-0.544543,-0.006807
39.8810,-208,-0.544543,-0.006807
39.8910,-208,-0.544543,-0.006807
39.9010,-208,-0.544543,-0.006807
39.9110,-208,-0.544543,-0.006807
39.9210,-208,-0.544543,-0.006807
39.9310,-209,-0.547161,-0.006840
39.9410,-209,-0.547161,-0.006840
39.9510,-209,-0.547161,-0.006840
39.9610,-209,-0.547161,-0.006840
39.9710,-209,-0.547161,-0.006840
39.9810,-209,-0.547161,-0.006840
39.9910,-209,-0.547161,-0.006840
40.0010,-208,-0.544543,-0.006807
40.0110,-208,-0.544543,-0.006807
40.0210,-208,-0.544543,-0.006807
40.0310,-208,-0.544543,-0.006807
40.0410,-208,-0.544543,-0.006807
40.0510,-209,-0.547161,-0.006840
40.0610,-209,-0.547161,-0.006840
40.0710,-209,-0.547161,-0.006840
40.0810,-209,-0.547161,-0.006840
40.0910,-209,-0.547161,-0.006840
40.1010,-209,-0.547161,-0.006840
40.1110,-209,-0.547161,-0.006840
40.1210,-209,-0.547161,-0.006840
40.1310,-209,-0.547161,-0.006840
40.1410,-209,-0.547161,-0.006840
40.1510,-209,-0.547161,-0.006840
40.1610,-209,-0.547161,-0.006840
40.1710,-209,-0.547161,-0.006840
40.1810,-209,-0.547161,-0.006840
40.1910,-209,-0.547161,-0.006840
40.2010,-209,-0.547161,-0.006840
40.2110,-209,-0.547161,-0.006840
40.2210,-209,-0.547161,-0.006840
40.2310,-209,-0.547161,-0.006840
40.2410,-209,-0.547161,-0.006840
40.2510,-209,-0.547161,-0.006840
40.2610,-209,-0.547161,-0.006840
40.2710,-209,-0.547161,-0.006840
40.2810,-209,-0.547161,-0.006840
40.2910,-209,-0.547161,-0.006840
40.3010,-209,-0.547161,-0.006840
40.3110,-209,-0.547161,-0.006840
40.3210,-209,-0.547161,-0.006840
40.3310,-210,-0.549779,-0.006872
40.3410,-210,-0.549779,-0.006872
40.3510,-210,-0.549779,-0.006872
40.3610,-210,-0.549779,-0.006872
40.3710,-210,-0.549779,-0.006872
40.3810,-210,-0.549779,-0.006872
40.3910,-210,-0.549779,-0.006872
40.4010,-210,-0.549779,-0.006872
40.4120,-209,-0.547161,-0.006840
40.4210,-209,-0.547161,-0.006840
40.4310,-209,-0.547161,-0.006840
40.4410,-209,-0.547161,-0.006840
40.4510,-209,-0.547161,-0.006840
40.4610,-210,-0.549779,-0.006872
40.4710,-210,-0.549779,-0.006872
40.4810,-210,-0.549779,-0.006872
40.4910,-210,-0.549779,-0.006872
40.5010,-210,-0.549779,-0.006872
40.5110,-210,-0.549779,-0.006872
40.5210,-210,-0.549779,-0.006872
40.5310,-210,-0.549779,-0.006872
40.5410,-210,-0.549779,-0.006872
40.5510,-210,-0.549779,-0.006872
40.5610,-210,-0.549779,-0.006872
40.5710,-210,-0.549779,-0.006872
40.5810,-209,-0.547161,-0.006840
40.5910,-210,-0.549779,-0.006872
40.6010,-210,-0.549779,-0.006872
40.6110,-210,-0.549779,-0.006872
40.6210,-210,-0.549779,-0.006872
40.6310,-210,-0.549779,-0.006872
40.6410,-210,-0.549779,-0.006872
40.6510,-210,-0.549779,-0.006872
40.6610,-210,-0.549779,-0.006872
40.6710,-210,-0.549779,-0.006872
40.6810,-210,-0.549779,-0.006872
40.6910,-210,-0.549779,-0.006872
40.7010,-210,-0.549779,-0.006872
40.7110,-210,-0.549779,-0.006872
40.7210,-210,-0.549779,-0.006872
40.7310,-210,-0.549779,-0.006872
40.7410,-210,-0.549779,-0.006872
40.7510,-210,-0.549779,-0.006872
40.7610,-210,-0.549779,-0.006872
40.7710,-210,-0.549779,-0.006872
40.7810,-210,-0.549779,-0.006872
40.7910,-210,-0.549779,-0.006872
40.8010,-210,-0.549779,-0.006872
40.8110,-210,-0.549779,-0.006872
40.8210,-210,-0.549779,-0.006872
40.8310,-210,-0.549779,-0.006872
40.8410,-210,-0.549779,-0.006872
40.8510,-210,-0.549779,-0.006872
40.8610,-210,-0.549779,-0.006872
40.8710,-210,-0.549779,-0.006872
40.8810,-211,-0.552397,-0.006905
40.8910,-211,-0.552397,-0.006905
40.9010,-211,-0.552397,-0.006905
40.9110,-211,-0.552397,-0.006905
40.9210,-211,-0.552397,-0.006905
40.9310,-211,-0.552397,-0.006905
40.9410,-211,-0.552397,-0.006905
40.9510,-211,-0.552397,-0.006905
40.9610,-211,-0.552397,-0.006905
40.9710,-211,-0.552397,-0.006905
40.9810,-211,-0.552397,-0.006905
40.9910,-211,-0.552397,-0.006905
41.0010,-211,-0.552397,-0.006905
41.0110,-211,-0.552397,-0.006905
41.0210,-211,-0.552397,-0.006905
41.0310,-211,-0.552397,-0.006905
41.0410,-212,-0.555015,-0.006938
41.0520,-212,-0.555015,-0.006938
41.0610,-212,-0.555015,-0.006938
41.0710,-212,-0.555015,-0.006938
41.0810,-212,-0.555015,-0.006938
41.0910,-212,-0.555015,-0.006938
41.1010,-212,-0.555015,-0.006938
41.1110,-212,-0.555015,-0.006938
41.1210,-212,-0.555015,-0.006938
41.1310,-211,-0.552397,-0.006905
41.1410,-212,-0.555015,-0.006938
41.1510,-212,-0.555015,-0.006938
41.1610,-212,-0.555015,-0.006938
41.1710,-212,-0.555015,-0.006938
41.1810,-212,-0.555015,-0.006938
41.1910,-212,-0.555015,-0.006938
41.2010,-213,-0.557633,-0.006970
41.2110,-213,-0.557633,-0.006970
41.2210,-213,-0.557633,-0.006970
41.2310,-213,-0.557633,-0.006970
41.2410,-212,-0.555015,-0.006938
41.2510,-212,-0.555015,-0.006938
41.2610,-212,-0.555015,-0.006938
41.2710,-212,-0.555015,-0.006938
41.2810,-212,-0.555015,-0.006938
41.2910,-212,-0.555015,-0.006938
41.3010,-213,-0.557633,-0.006970
41.3110,-213,-0.557633,-0.006970
41.3210,-213,-0.557633,-0.006970
41.3310,-213,-0.557633,-0.006970
41.3410,-213,-0.557633,-0.006970
41.3510,-213,-0.557633,-0.006970
41.3610,-213,-0.557633,-0.006970
41.3710,-213,-0.557633,-0.006970
41.3810,-213,-0.557633,-0.006970
41.3910,-213,-0.557633,-0.006970
41.4010,-213,-0.557633,-0.006970
41.4110,-213,-0.557633,-0.006970
41.4210,-213,-0.557633,-0.006970
41.4310,-213,-0.557633,-0.006970
41.4410,-213,-0.557633,-0.006970
41.4510,-213,-0.557633,-0.006970
41.4610,-213,-0.557633,-0.006970
41.4710,-213,-0.557633,-0.006970
41.4810,-213,-0.557633,-0.006970
41.4910,-213,-0.557633,-0.006970
41.5010,-213,-0.557633,-0.006970
41.5110,-213,-0.557633,-0.006970
41.5210,-213,-0.557633,-0.006970
41.5310,-213,-0.557633,-0.006970
41.5410,-213,-0.557633,-0.006970
41.5510,-213,-0.557633,-0.006970
41.5610,-213,-0.557633,-0.006970
41.5710,-213,-0.557633,-0.006970
41.5810,-214,-0.560251,-0.007003
41.5910,-214,-0.560251,-0.007003
41.6010,-214,-0.560251,-0.007003
41.6110,-214,-0.560251,-0.007003
41.6210,-214,-0.560251,-0.007003
41.6310,-214,-0.560251,-0.007003
41.6410,-214,-0.560251,-0.007003
41.6510,-214,-0.560251,-0.007003
41.6610,-214,-0.560251,-0.007003
41.6710,-214,-0.560251,-0.007003
41.6810,-214,-0.560251,-0.007003
41.6920,-214,-0.560251,-0.007003
41.7010,-214,-0.560251,-0.007003
41.7110,-214,-0.560251,-0.007003
41.7210,-214,-0.560251,-0.007003
41.7310,-214,-0.560251,-0.007003
41.7410,-215,-0.562869,-0.007036
41.7510,-215,-0.562869,-0.007036
41.7610,-215,-0.562869,-0.007036
41.7710,-215,-0.562869,-0.007036
41.7810,-215,-0.562869,-0.007036
41.7910,-215,-0.562869,-0.007036
41.8010,-214,-0.560251,-0.007003
41.8110,-214,-0.560251,-0.007003
41.8210,-214,-0.560251,-0.007003
41.8310,-214,-0.560251,-0.007003
41.8410,-214,-0.560251,-0.007003
41.8510,-215,-0.562869,-0.007036
41.8610,-215,-0.562869,-0.007036
41.8710,-215,-0.562869,-0.007036
41.8810,-215,-0.562869,-0.007036
41.8910,-215,-0.562869,-0.007036
41.9010,-215,-0.562869,-0.007036
41.9110,-215,-0.562869,-0.007036
41.9210,-215,-0.562869,-0.007036
41.9310,-215,-0.562869,-0.007036
41.9410,-215,-0.562869,-0.007036
41.9510,-215,-0.562869,-0.007036
41.9610,-215,-0.562869,-0.007036
41.9710,-215,-0.562869,-0.007036
41.9810,-215,-0.562869,-0.007036
41.9910,-215,-0.562869,-0.007036
42.0010,-215,-0.562869,-0.007036
42.0110,-216,-0.565487,-0.007069
42.0210,-216,-0.565487,-0.007069
42.0310,-216,-0.565487,-0.007069
42.0410,-216,-0.565487,-0.007069
42.0510,-216,-0.565487,-0.007069
42.0610,-216,-0.565487,-0.007069
42.0710,-216,-0.565487,-0.007069
42.0810,-216,-0.565487,-0.007069
42.0910,-216,-0.565487,-0.007069
42.1010,-215,-0.562869,-0.007036
42.1110,-215,-0.562869,-0.007036
42.1210,-215,-0.562869,-0.007036
42.1310,-216,-0.565487,-0.007069
42.1410,-216,-0.565487,-0.007069
42.1510,-216,-0.565487,-0.007069
42.1610,-216,-0.565487,-0.007069
42.1710,-217,-0.568105,-0.007101
42.1810,-217,-0.568105,-0.007101
42.1910,-217,-0.568105,-0.007101
42.2010,-216,-0.565487,-0.007069
42.2110,-216,-0.565487,-0.007069
42.2210,-216,-0.565487,-0.007069
42.2310,-216,-0.565487,-0.007069
42.2410,-216,-0.565487,-0.007069
42.2510,-216,-0.565487,-0.007069
42.2610,-216,-0.565487,-0.007069
42.2710,-217,-0.568105,-0.007101
42.2810,-217,-0.568105,-0.007101
42.2910,-217,-0.568105,-0.007101
42.3010,-217,-0.568105,-0.007101
42.3110,-217,-0.568105,-0.007101
42.3210,-217,-0.568105,-0.007101
42.3320,-217,-0.568105,-0.007101
42.3410,-217,-0.568105,-0.007101
42.3510,-217,-0.568105,-0.007101
42.3610,-217,-0.568105,-0.007101
42.3710,-217,-0.568105,-0.007101
42.3810,-217,-0.568105,-0.007101
42.3910,-217,-0.568105,-0.007101
42.4010,-217,-0.568105,-0.007101
42.4110,-218,-0.570723,-0.007134
42.4210,-218,-0.570723,-0.007134
42.4310,-218,-0.570723,-0.007134
42.4410,-218,-0.570723,-0.007134
42.4510,-218,-0.570723,-0.007134
42.4610,-218,-0.570723,-0.007134
42.4710,-218,-0.570723,-0.007134
42.4810,-218,-0.570723,-0.007134
42.4910,-218,-0.570723,-0.007134
42.5010,-218,-0.570723,-0.007134
42.5110,-218,-0.570723,-0.007134
42.5210,-218,-0.570723,-0.007134
42.5310,-218,-0.570723,-0.007134
42.5410,-218,-0.570723,-0.007134
42.5510,-219,-0.573341,-0.007167
42.5610,-219,-0.573341,-0.007167
42.5710,-219,-0.573341,-0.007167
42.5810,-219,-0.573341,-0.007167
42.5910,-219,-0.573341,-0.007167
42.6010,-219,-0.573341,-0.007167
42.6110,-219,-0.573341,-0.007167
42.6210,-219,-0.573341,-0.007167
42.6310,-219,-0.573341,-0.007167
42.6410,-219,-0.573341,-0.007167
42.6510,-219,-0.573341,-0.007167
42.6610,-219,-0.573341,-0.007167
42.6710,-219,-0.573341,-0.007167
42.6810,-219,-0.573341,-0.007167
42.6910,-219,-0.573341,-0.007167
42.7010,-219,-0.573341,-0.007167
42.7110,-220,-0.575959,-0.007199
42.7210,-220,-0.575959,-0.007199
42.7310,-220,-0.575959,-0.007199
42.7410,-220,-0.575959,-0.007199
42.7510,-220,-0.575959,-0.007199
42.7610,-220,-0.575959,-0.007199
42.7710,-219,-0.573341,-0.007167
42.7810,-219,-0.573341,-0.007167
42.7910,-219,-0.573341,-0.007167
42.8010,-219,-0.573341,-0.007167
42.8110,-219,-0.573341,-0.007167
42.8210,-220,-0.575959,-0.007199
42.8310,-220,-0.575959,-0.007199
42.8410,-220,-0.575959,-0.007199
42.8510,-220,-0.575959,-0.007199
42.8610,-220,-0.575959,-0.007199
42.8710,-220,-0.575959,-0.007199
42.8810,-220,-0.575959,-0.007199
42.8910,-220,-0.575959,-0.007199
42.9010,-220,-0.575959,-0.007199
42.9110,-220,-0.575959,-0.007199
42.9210,-220,-0.575959,-0.007199
42.9310,-220,-0.575959,-0.007199
42.9410,-220,-0.575959,-0.007199
42.9510,-220,-0.575959,-0.007199
42.9610,-220,-0.575959,-0.007199
42.9720,-220,-0.575959,-0.007199
42.9810,-220,-0.575959,-0.007199
42.9910,-221,-0.578577,-0.007232
43.0010,-221,-0.578577,-0.007232
43.0110,-221,-0.578577,-0.007232
43.0210,-221,-0.578577,-0.007232
43.0310,-221,-0.578577,-0.007232
43.0410,-221,-0.578577,-0.007232
43.0510,-220,-0.575959,-0.007199
43.0610,-220,-0.575959,-0.007199
43.0710,-220,-0.575959,-0.007199
43.0810,-220,-0.575959,-0.007199
43.0910,-220,-0.575959,-0.007199
43.1010,-221,-0.578577,-0.007232
43.1110,-221,-0.578577,-0.007232
43.1210,-221,-0.578577,-0.007232
43.1310,-221,-0.578577,-0.007232
43.1410,-221,-0.578577,-0.007232
43.1510,-221,-0.578577,-0.007232
43.1610,-221,-0.578577,-0.007232
43.1710,-221,-0.578577,-0.007232
43.1810,-221,-0.578577,-0.007232
43.1910,-221,-0.578577,-0.007232
43.2010,-221,-0.578577,-0.007232
43.2110,-221,-0.578577,-0.007232
43.2210,-221,-0.578577,-0.007232
43.2310,-221,-0.578577,-0.007232
43.2410,-221,-0.578577,-0.007232
43.2510,-221,-0.578577,-0.007232
43.2610,-221,-0.578577,-0.007232
43.2710,-221,-0.578577,-0.007232
43.2810,-221,-0.578577,-0.007232
43.2910,-221,-0.578577,-0.007232
43.3010,-221,-0.578577,-0.007232
43.3110,-221,-0.578577,-0.007232
43.3210,-221,-0.578577,-0.007232
43.3310,-221,-0.578577,-0.007232
43.3410,-221,-0.578577,-0.007232
43.3510,-221,-0.578577,-0.007232
43.3610,-221,-0.578577,-0.007232
43.3710,-221,-0.578577,-0.007232
43.3810,-221,-0.578577,-0.007232
43.3910,-221,-0.578577,-0.007232
43.4010,-221,-0.578577,-0.007232
43.4110,-221,-0.578577,-0.007232
43.4210,-221,-0.578577,-0.007232
43.4310,-221,-0.578577,-0.007232
43.4410,-221,-0.578577,-0.007232
43.4510,-221,-0.578577,-0.007232
43.4610,-221,-0.578577,-0.007232
43.4710,-221,-0.578577,-0.007232
43.4810,-221,-0.578577,-0.007232
43.4910,-221,-0.578577,-0.007232
43.5010,-221,-0.578577,-0.007232
43.5110,-221,-0.578577,-0.007232
43.5210,-221,-0.578577,-0.007232
43.5310,-221,-0.578577,-0.007232
43.5410,-221,-0.578577,-0.007232
43.5510,-221,-0.578577,-0.007232
43.5610,-221,-0.578577,-0.007232
43.5710,-221,-0.578577,-0.007232
43.5810,-221,-0.578577,-0.007232
43.5910,-221,-0.578577,-0.007232
43.6010,-221,-0.578577,-0.007232
43.6120,-221,-0.578577,-0.007232
43.6210,-221,-0.578577,-0.007232
43.6310,-221,-0.578577,-0.007232
43.6410,-221,-0.578577,-0.007232
43.6510,-221,-0.578577,-0.007232
43.6610,-222,-0.581195,-0.007265
43.6710,-222,-0.581195,-0.007265
43.6810,-222,-0.581195,-0.007265
43.6910,-222,-0.581195,-0.007265
43.7010,-222,-0.581195,-0.007265
43.7110,-222,-0.581195,-0.007265
43.7210,-222,-0.581195,-0.007265
43.7310,-222,-0.581195,-0.007265
43.7410,-222,-0.581195,-0.007265
43.7510,-222,-0.581195,-0.007265
43.7610,-222,-0.581195,-0.007265
43.7710,-222,-0.581195,-0.007265
43.7810,-222,-0.581195,-0.007265
43.7910,-222,-0.581195,-0.007265
43.8010,-222,-0.581195,-0.007265
43.8110,-222,-0.581195,-0.007265
43.8210,-223,-0.583813,-0.007298
43.8310,-223,-0.583813,-0.007298
43.8410,-223,-0.583813,-0.007298
43.8510,-223,-0.583813,-0.007298
43.8610,-223,-0.583813,-0.007298
43.8710,-223,-0.583813,-0.007298
43.8810,-223,-0.583813,-0.007298
43.8910,-223,-0.583813,-0.007298
43.9010,-222,-0.581195,-0.007265
43.9110,-222,-0.581195,-0.007265
43.9210,-223,-0.583813,-0.007298
43.9310,-223,-0.583813,-0.007298
43.9410,-223,-0.583813,-0.007298
43.9510,-223,-0.583813,-0.007298
43.9610,-223,-0.583813,-0.007298
43.9710,-223,-0.583813,-0.007298
43.9810,-223,-0.583813,-0.007298
43.9910,-223,-0.583813,-0.007298
44.0010,-223,-0.583813,-0.007298
44.0110,-223,-0.583813,-0.007298
44.0210,-223,-0.583813,-0.007298
44.0310,-223,-0.583813,-0.007298
44.0410,-223,-0.583813,-0.007298
44.0510,-223,-0.583813,-0.007298
44.0610,-223,-0.583813,-0.007298
44.0710,-224,-0.586431,-0.007330
44.0810,-224,-0.586431,-0.007330
44.0910,-224,-0.586431,-0.007330
44.1010,-224,-0.586431,-0.007330
44.1110,-224,-0.586431,-0.007330
44.1210,-224,-0.586431,-0.007330
44.1310,-224,-0.586431,-0.007330
44.1410,-224,-0.586431,-0.007330
44.1510,-224,-0.586431,-0.007330
44.1610,-224,-0.586431,-0.007330
44.1710,-224,-0.586431,-0.007330
44.1810,-223,-0.583813,-0.007298
44.1910,-224,-0.586431,-0.007330
44.2010,-224,-0.586431,-0.007330
44.2110,-224,-0.586431,-0.007330
44.2210,-224,-0.586431,-0.007330
44.2310,-224,-0.586431,-0.007330
44.2410,-224,-0.586431,-0.007330
44.2520,-224,-0.586431,-0.007330
44.2610,-224,-0.586431,-0.007330
44.2710,-224,-0.586431,-0.007330
44.2810,-224,-0.586431,-0.007330
44.2910,-224,-0.586431,-0.007330
44.3010,-224,-0.586431,-0.007330
44.3110,-224,-0.586431,-0.007330
44.3210,-224,-0.586431,-0.007330
44.3310,-224,-0.586431,-0.007330
44.3410,-224,-0.586431,-0.007330
44.3510,-224,-0.586431,-0.007330
44.3610,-224,-0.586431,-0.007330
44.3710,-224,-0.586431,-0.007330
44.3810,-224,-0.586431,-0.007330
44.3910,-224,-0.586431,-0.007330
44.4010,-224,-0.586431,-0.007330
44.4110,-224,-0.586431,-0.007330
44.4210,-224,-0.586431,-0.007330
44.4310,-224,-0.586431,-0.007330
44.4410,-224,-0.586431,-0.007330
44.4510,-224,-0.586431,-0.007330
44.4610,-224,-0.586431,-0.007330
44.4710,-224,-0.586431,-0.007330
44.4810,-224,-0.586431,-0.007330
44.4910,-225,-0.589049,-0.007363
44.5010,-225,-0.589049,-0.007363
44.5110,-225,-0.589049,-0.007363
44.5210,-225,-0.589049,-0.007363
44.5310,-225,-0.589049,-0.007363
44.5410,-225,-0.589049,-0.007363
44.5510,-225,-0.589049,-0.007363
44.5610,-225,-0.589049,-0.007363
44.5710,-225,-0.589049,-0.007363
44.5810,-225,-0.589049,-0.007363
44.5910,-225,-0.589049,-0.007363
44.6010,-224,-0.586431,-0.007330
44.6110,-224,-0.586431,-0.007330
44.6210,-225,-0.589049,-0.007363
44.6310,-225,-0.589049,-0.007363
44.6410,-225,-0.589049,-0.007363
44.6510,-225,-0.589049,-0.007363
44.6610,-225,-0.589049,-0.007363
44.6710,-225,-0.589049,-0.007363
44.6810,-225,-0.589049,-0.007363
44.6910,-225,-0.589049,-0.007363
44.7010,-225,-0.589049,-0.007363
44.7110,-225,-0.589049,-0.007363
44.7210,-225,-0.589049,-0.007363
44.7310,-225,-0.589049,-0.007363
44.7410,-225,-0.589049,-0.007363
44.7510,-225,-0.589049,-0.007363
44.7610,-225,-0.589049,-0.007363
44.7710,-225,-0.589049,-0.007363
44.7810,-225,-0.589049,-0.007363
44.7910,-225,-0.589049,-0.007363
44.8010,-225,-0.589049,-0.007363
44.8110,-225,-0.589049,-0.007363
44.8210,-225,-0.589049,-0.007363
44.8310,-225,-0.589049,-0.007363
44.8410,-225,-0.589049,-0.007363
44.8510,-225,-0.589049,-0.007363
44.8610,-225,-0.589049,-0.007363
44.8710,-225,-0.589049,-0.007363
44.8810,-225,-0.589049,-0.007363
44.8920,-225,-0.589049,-0.007363
44.9010,-225,-0.589049,-0.007363
44.9110,-225,-0.589049,-0.007363
44.9210,-225,-0.589049,-0.007363
44.9310,-225,-0.589049,-0.007363
44.9410,-225,-0.589049,-0.007363
44.9510,-225,-0.589049,-0.007363
44.9610,-225,-0.589049,-0.007363
44.9710,-225,-0.589049,-0.007363
44.9810,-225,-0.589049,-0.007363
44.9910,-225,-0.589049,-0.007363
45.0010,-225,-0.589049,-0.007363
45.0110,-225,-0.589049,-0.007363
45.0210,-225,-0.589049,-0.007363
45.0310,-225,-0.589049,-0.007363
45.0410,-225,-0.589049,-0.007363
45.0510,-225,-0.589049,-0.007363
45.0610,-225,-0.589049,-0.007363
45.0710,-225,-0.589049,-0.007363
45.0810,-225,-0.589049,-0.007363
45.0910,-225,-0.589049,-0.007363
45.1010,-225,-0.589049,-0.007363
45.1110,-225,-0.589049,-0.007363
45.1210,-225,-0.589049,-0.007363
45.1310,-225,-0.589049,-0.007363
45.1410,-225,-0.589049,-0.007363
45.1510,-225,-0.589049,-0.007363
45.1610,-225,-0.589049,-0.007363
45.1710,-225,-0.589049,-0.007363
45.1810,-226,-0.591667,-0.007396
45.1910,-226,-0.591667,-0.007396
45.2010,-226,-0.591667,-0.007396
45.2110,-226,-0.591667,-0.007396
45.2210,-226,-0.591667,-0.007396
45.2310,-226,-0.591667,-0.007396
45.2410,-226,-0.591667,-0.007396
45.2510,-226,-0.591667,-0.007396
45.2610,-226,-0.591667,-0.007396
45.2710,-226,-0.591667,-0.007396
45.2810,-226,-0.591667,-0.007396
45.2910,-226,-0.591667,-0.007396
45.3010,-226,-0.591667,-0.007396
45.3110,-226,-0.591667,-0.007396
45.3210,-226,-0.591667,-0.007396
45.3310,-226,-0.591667,-0.007396
45.3410,-226,-0.591667,-0.007396
45.3510,-226,-0.591667,-0.007396
45.3610,-227,-0.594285,-0.007429
45.3710,-227,-0.594285,-0.007429
45.3810,-227,-0.594285,-0.007429
45.3910,-227,-0.594285,-0.007429
45.4010,-227,-0.594285,-0.007429
45.4110,-226,-0.591667,-0.007396
45.4210,-226,-0.591667,-0.007396
45.4310,-226,-0.591667,-0.007396
45.4410,-226,-0.591667,-0.007396
45.4510,-226,-0.591667,-0.007396
45.4610,-227,-0.594285,-0.007429
45.4710,-227,-0.594285,-0.007429
45.4810,-227,-0.594285,-0.007429
45.4910,-227,-0.594285,-0.007429
45.5010,-227,-0.594285,-0.007429
45.5110,-227,-0.594285,-0.007429
45.5210,-227,-0.594285,-0.007429
45.5320,-227,-0.594285,-0.007429
45.5410,-227,-0.594285,-0.007429
45.5510,-227,-0.594285,-0.007429
45.5610,-227,-0.594285,-0.007429
45.5710,-227,-0.594285,-0.007429
45.5810,-227,-0.594285,-0.007429
45.5910,-227,-0.594285,-0.007429
45.6010,-227,-0.594285,-0.007429
45.6110,-227,-0.594285,-0.007429
45.6210,-227,-0.594285,-0.007429
45.6310,-227,-0.594285,-0.007429
45.6410,-228,-0.596903,-0.007461
45.6510,-228,-0.596903,-0.007461
45.6610,-228,-0.596903,-0.007461
45.6710,-227,-0.594285,-0.007429
45.6810,-227,-0.594285,-0.007429
45.6910,-227,-0.594285,-0.007429
45.7010,-227,-0.594285,-0.007429
45.7110,-227,-0.594285,-0.007429
45.7210,-227,-0.594285,-0.007429
45.7310,-227,-0.594285,-0.007429
45.7410,-228,-0.596903,-0.007461
45.7510,-228,-0.596903,-0.007461
45.7610,-228,-0.596903,-0.007461
45.7710,-228,-0.596903,-0.007461
45.7810,-228,-0.596903,-0.007461
45.7910,-228,-0.596903,-0.007461
45.8010,-228,-0.596903,-0.007461
45.8110,-228,-0.596903,-0.007461
45.8210,-228,-0.596903,-0.007461
45.8310,-228,-0.596903,-0.007461
45.8410,-228,-0.596903,-0.007461
45.8510,-227,-0.594285,-0.007429
45.8610,-228,-0.596903,-0.007461
45.8710,-228,-0.596903,-0.007461
45.8810,-228,-0.596903,-0.007461
45.8910,-228,-0.596903,-0.007461
45.9010,-228,-0.596903,-0.007461
45.9110,-228,-0.596903,-0.007461
45.9210,-228,-0.596903,-0.007461
45.9310,-228,-0.596903,-0.007461
45.9410,-228,-0.596903,-0.007461
45.9510,-228,-0.596903,-0.007461
45.9610,-228,-0.596903,-0.007461
45.9710,-228,-0.596903,-0.007461
45.9810,-228,-0.596903,-0.007461
45.9910,-228,-0.596903,-0.007461
46.0010,-228,-0.596903,-0.007461
46.0110,-228,-0.596903,-0.007461
46.0210,-228,-0.596903,-0.007461
46.0310,-228,-0.596903,-0.007461
46.0410,-228,-0.596903,-0.007461
46.0510,-228,-0.596903,-0.007461
46.0610,-228,-0.596903,-0.007461
46.0710,-228,-0.596903,-0.007461
46.0810,-228,-0.596903,-0.007461
46.0910,-228,-0.596903,-0.007461
46.1010,-228,-0.596903,-0.007461
46.1110,-228,-0.596903,-0.007461
46.1210,-228,-0.596903,-0.007461
46.1310,-228,-0.596903,-0.007461
46.1410,-228,-0.596903,-0.007461
46.1510,-228,-0.596903,-0.007461
46.1610,-228,-0.596903,-0.007461
46.1720,-228,-0.596903,-0.007461
46.1810,-228,-0.596903,-0.007461
46.1910,-228,-0.596903,-0.007461
46.2010,-228,-0.596903,-0.007461
46.2110,-228,-0.596903,-0.007461
46.2210,-228,-0.596903,-0.007461
46.2310,-228,-0.596903,-0.007461
46.2410,-228,-0.596903,-0.007461
46.2510,-228,-0.596903,-0.007461
46.2610,-228,-0.596903,-0.007461
46.2710,-228,-0.596903,-0.007461
46.2810,-228,-0.596903,-0.007461
46.2910,-228,-0.596903,-0.007461
46.3010,-228,-0.596903,-0.007461
46.3110,-228,-0.596903,-0.007461
46.3210,-229,-0.599521,-0.007494
46.3310,-229,-0.599521,-0.007494
46.3410,-229,-0.599521,-0.007494
46.3510,-229,-0.599521,-0.007494
46.3610,-228,-0.596903,-0.007461
46.3710,-228,-0.596903,-0.007461
46.3810,-228,-0.596903,-0.007461
46.3910,-228,-0.596903,-0.007461
46.4010,-228,-0.596903,-0.007461
46.4110,-228,-0.596903,-0.007461
46.4210,-228,-0.596903,-0.007461
46.4310,-229,-0.599521,-0.007494
46.4410,-229,-0.599521,-0.007494
46.4510,-229,-0.599521,-0.007494
46.4610,-229,-0.599521,-0.007494
46.4710,-229,-0.599521,-0.007494
46.4810,-229,-0.599521,-0.007494
46.4910,-229,-0.599521,-0.007494
46.5010,-229,-0.599521,-0.007494
46.5110,-229,-0.599521,-0.007494
46.5210,-229,-0.599521,-0.007494
46.5310,-229,-0.599521,-0.007494
46.5410,-229,-0.599521,-0.007494
46.5510,-229,-0.599521,-0.007494
46.5610,-229,-0.599521,-0.007494
46.5710,-229,-0.599521,-0.007494
46.5810,-229,-0.599521,-0.007494
46.5910,-229,-0.599521,-0.007494
46.6010,-229,-0.599521,-0.007494
46.6110,-229,-0.599521,-0.007494
46.6210,-229,-0.599521,-0.007494
46.6310,-229,-0.599521,-0.007494
46.6410,-229,-0.599521,-0.007494
46.6510,-229,-0.599521,-0.007494
46.6610,-229,-0.599521,-0.007494
46.6710,-229,-0.599521,-0.007494
46.6810,-229,-0.599521,-0.007494
46.6910,-229,-0.599521,-0.007494
46.7010,-229,-0.599521,-0.007494
46.7110,-230,-0.602139,-0.007527
46.7210,-230,-0.602139,-0.007527
46.7310,-230,-0.602139,-0.007527
46.7410,-230,-0.602139,-0.007527
46.7510,-230,-0.602139,-0.007527
46.7610,-230,-0.602139,-0.007527
46.7710,-230,-0.602139,-0.007527
46.7810,-230,-0.602139,-0.007527
46.7910,-230,-0.602139,-0.007527
46.8010,-230,-0.602139,-0.007527
46.8120,-230,-0.602139,-0.007527
46.8210,-230,-0.602139,-0.007527
46.8310,-230,-0.602139,-0.007527
46.8410,-230,-0.602139,-0.007527
46.8510,-230,-0.602139,-0.007527
46.8610,-230,-0.602139,-0.007527
46.8710,-231,-0.604757,-0.007559
46.8810,-231,-0.604757,-0.007559
46.8910,-231,-0.604757,-0.007559
46.9010,-231,-0.604757,-0.007559
46.9110,-231,-0.604757,-0.007559
46.9210,-231,-0.604757,-0.007559
46.9310,-230,-0.602139,-0.007527
46.9410,-230,-0.602139,-0.007527
46.9510,-230,-0.602139,-0.007527
46.9610,-230,-0.602139,-0.007527
46.9710,-230,-0.602139,-0.007527
46.9810,-231,-0.604757,-0.007559
46.9910,-231,-0.604757,-0.007559
47.0010,-231,-0.604757,-0.007559
47.0110,-231,-0.604757,-0.007559
47.0210,-231,-0.604757,-0.007559
47.0310,-231,-0.604757,-0.007559
47.0410,-231,-0.604757,-0.007559
47.0510,-231,-0.604757,-0.007559
47.0610,-231,-0.604757,-0.007559
47.0710,-231,-0.604757,-0.007559
47.0810,-231,-0.604757,-0.007559
47.0910,-231,-0.604757,-0.007559
47.1010,-231,-0.604757,-0.007559
47.1110,-231,-0.604757,-0.007559
47.1210,-231,-0.604757,-0.007559
47.1310,-231,-0.604757,-0.007559
47.1410,-231,-0.604757,-0.007559
47.1510,-231,-0.604757,-0.007559
47.1610,-231,-0.604757,-0.007559
47.1710,-231,-0.604757,-0.007559
47.1810,-231,-0.604757,-0.007559
47.1910,-231,-0.604757,-0.007559
47.2010,-231,-0.604757,-0.007559
47.2110,-231,-0.604757,-0.007559
47.2210,-231,-0.604757,-0.007559
47.2310,-231,-0.604757,-0.007559
47.2410,-231,-0.604757,-0.007559
47.2510,-231,-0.604757,-0.007559
47.2610,-231,-0.604757,-0.007559
47.2710,-231,-0.604757,-0.007559
47.2810,-232,-0.607375,-0.007592
47.2910,-232,-0.607375,-0.007592
47.3010,-232,-0.607375,-0.007592
47.3110,-232,-0.607375,-0.007592
47.3210,-232,-0.607375,-0.007592
47.3310,-232,-0.607375,-0.007592
47.3410,-232,-0.607375,-0.007592
47.3510,-231,-0.604757,-0.007559
47.3610,-231,-0.604757,-0.007559
47.3710,-231,-0.604757,-0.007559
47.3810,-231,-0.604757,-0.007559
47.3910,-231,-0.604757,-0.007559
47.4010,-232,-0.607375,-0.007592
47.4110,-232,-0.607375,-0.007592
47.4210,-232,-0.607375,-0.007592
47.4310,-232,-0.607375,-0.007592
47.4410,-232,-0.607375,-0.007592
47.4520,-232,-0.607375,-0.007592
47.4610,-232,-0.607375,-0.007592
47.4710,-232,-0.607375,-0.007592
47.4810,-232,-0.607375,-0.007592
47.4910,-232,-0.607375,-0.007592
47.5010,-232,-0.607375,-0.007592
47.5110,-232,-0.607375,-0.007592
47.5210,-232,-0.607375,-0.007592
47.5310,-232,-0.607375,-0.007592
47.5410,-232,-0.607375,-0.007592
47.5510,-232,-0.607375,-0.007592
47.5610,-233,-0.609993,-0.007625
47.5710,-233,-0.609993,-0.007625
47.5810,-233,-0.609993,-0.007625
47.5910,-233,-0.609993,-0.007625
47.6010,-233,-0.609993,-0.007625
47.6110,-232,-0.607375,-0.007592
47.6210,-232,-0.607375,-0.007592
47.6310,-232,-0.607375,-0.007592
47.6410,-232,-0.607375,-0.007592
47.6510,-232,-0.607375,-0.007592
47.6610,-232,-0.607375,-0.007592
47.6710,-232,-0.607375,-0.007592
47.6810,-232,-0.607375,-0.007592
47.6910,-232,-0.607375,-0.007592
47.7010,-233,-0.609993,-0.007625
47.7110,-233,-0.609993,-0.007625
47.7210,-233,-0.609993,-0.007625
47.7310,-233,-0.609993,-0.007625
47.7410,-233,-0.609993,-0.007625
47.7510,-232,-0.607375,-0.007592
47.7610,-232,-0.607375,-0.007592
47.7710,-232,-0.607375,-0.007592
47.7810,-232,-0.607375,-0.007592
47.7910,-232,-0.607375,-0.007592
47.8010,-232,-0.607375,-0.007592
47.8110,-232,-0.607375,-0.007592
47.8210,-233,-0.609993,-0.007625
47.8310,-233,-0.609993,-0.007625
47.8410,-233,-0.609993,-0.007625
47.8510,-233,-0.609993,-0.007625
47.8610,-233,-0.609993,-0.007625
47.8710,-233,-0.609993,-0.007625
47.8810,-233,-0.609993,-0.007625
47.8910,-233,-0.609993,-0.007625
47.9010,-233,-0.609993,-0.007625
47.9110,-233,-0.609993,-0.007625
47.9210,-233,-0.609993,-0.007625
47.9310,-233,-0.609993,-0.007625
47.9410,-233,-0.609993,-0.007625
47.9510,-233,-0.609993,-0.007625
47.9610,-233,-0.609993,-0.007625
47.9710,-233,-0.609993,-0.007625
47.9810,-233,-0.609993,-0.007625
47.9910,-233,-0.609993,-0.007625
48.0010,-233,-0.609993,-0.007625
48.0110,-233,-0.609993,-0.007625
48.0210,-233,-0.609993,-0.007625
48.0310,-233,-0.609993,-0.007625
48.0410,-233,-0.609993,-0.007625
48.0510,-233,-0.609993,-0.007625
48.0610,-233,-0.609993,-0.007625
48.0710,-233,-0.609993,-0.007625
48.0810,-233,-0.609993,-0.007625
48.0920,-234,-0.612611,-0.007658
48.1010,-234,-0.612611,-0.007658
48.1110,-234,-0.612611,-0.007658
48.1210,-234,-0.612611,-0.007658
48.1310,-234,-0.612611,-0.007658
48.1410,-234,-0.612611,-0.007658
48.1510,-234,-0.612611,-0.007658
48.1610,-234,-0.612611,-0.007658
48.1710,-234,-0.612611,-0.007658
48.1810,-234,-0.612611,-0.007658
48.1910,-234,-0.612611,-0.007658
48.2010,-234,-0.612611,-0.007658
48.2110,-234,-0.612611,-0.007658
48.2210,-234,-0.612611,-0.007658
48.2310,-235,-0.615229,-0.007690
48.2410,-235,-0.615229,-0.007690
48.2510,-235,-0.615229,-0.007690
48.2610,-235,-0.615229,-0.007690
48.2710,-235,-0.615229,-0.007690
48.2810,-235,-0.615229,-0.007690
48.2910,-235,-0.615229,-0.007690
48.3010,-235,-0.615229,-0.007690
48.3110,-235,-0.615229,-0.007690
48.3210,-235,-0.615229,-0.007690
48.3310,-235,-0.615229,-0.007690
48.3410,-235,-0.615229,-0.007690
48.3510,-235,-0.615229,-0.007690
48.3610,-235,-0.615229,-0.007690
48.3710,-235,-0.615229,-0.007690
48.3810,-235,-0.615229,-0.007690
48.3910,-235,-0.615229,-0.007690
48.4010,-235,-0.615229,-0.007690
48.4110,-236,-0.617847,-0.007723
48.4210,-236,-0.617847,-0.007723
48.4310,-236,-0.617847,-0.007723
48.4410,-235,-0.615229,-0.007690
48.4510,-235,-0.615229,-0.007690
48.4610,-235,-0.615229,-0.007690
48.4710,-235,-0.615229,-0.007690
48.4810,-235,-0.615229,-0.007690
48.4910,-235,-0.615229,-0.007690
48.5010,-235,-0.615229,-0.007690
48.5110,-236,-0.617847,-0.007723
48.5210,-236,-0.617847,-0.007723
48.5310,-236,-0.617847,-0.007723
48.5410,-236,-0.617847,-0.007723
48.5510,-236,-0.617847,-0.007723
48.5610,-236,-0.617847,-0.007723
48.5710,-236,-0.617847,-0.007723
48.5810,-236,-0.617847,-0.007723
48.5910,-236,-0.617847,-0.007723
48.6010,-236,-0.617847,-0.007723
48.6110,-236,-0.617847,-0.007723
48.6210,-236,-0.617847,-0.007723
48.6310,-236,-0.617847,-0.007723
48.6410,-236,-0.617847,-0.007723
48.6510,-236,-0.617847,-0.007723
48.6610,-236,-0.617847,-0.007723
48.6710,-236,-0.617847,-0.007723
48.6810,-236,-0.617847,-0.007723
48.6910,-236,-0.617847,-0.007723
48.7010,-236,-0.617847,-0.007723
48.7110,-236,-0.617847,-0.007723
48.7210,-236,-0.617847,-0.007723
48.7320,-236,-0.617847,-0.007723
48.7410,-236,-0.617847,-0.007723
48.7510,-236,-0.617847,-0.007723
48.7610,-236,-0.617847,-0.007723
48.7710,-236,-0.617847,-0.007723
48.7810,-236,-0.617847,-0.007723
48.7910,-237,-0.620465,-0.007756
48.8010,-237,-0.620465,-0.007756
48.8110,-237,-0.620465,-0.007756
48.8210,-237,-0.620465,-0.007756
48.8310,-237,-0.620465,-0.007756
48.8410,-237,-0.620465,-0.007756
48.8510,-237,-0.620465,-0.007756
48.8610,-237,-0.620465,-0.007756
48.8710,-237,-0.620465,-0.007756
48.8810,-237,-0.620465,-0.007756
48.8910,-237,-0.620465,-0.007756
48.9010,-236,-0.617847,-0.007723
48.9110,-236,-0.617847,-0.007723
48.9210,-236,-0.617847,-0.007723
48.9310,-237,-0.620465,-0.007756
48.9410,-237,-0.620465,-0.007756
48.9510,-237,-0.620465,-0.007756
48.9610,-237,-0.620465,-0.007756
48.9710,-237,-0.620465,-0.007756
48.9810,-237,-0.620465,-0.007756
48.9910,-237,-0.620465,-0.007756
49.0010,-237,-0.620465,-0.007756
49.0110,-237,-0.620465,-0.007756
49.0210,-237,-0.620465,-0.007756
49.0310,-237,-0.620465,-0.007756
49.0410,-237,-0.620465,-0.007756
49.0510,-237,-0.620465,-0.007756
49.0610,-237,-0.620465,-0.007756
49.0710,-237,-0.620465,-0.007756
49.0810,-237,-0.620465,-0.007756
49.0910,-237,-0.620465,-0.007756
49.1010,-237,-0.620465,-0.007756
49.1110,-237,-0.620465,-0.007756
49.1210,-237,-0.620465,-0.007756
49.1310,-237,-0.620465,-0.007756
49.1410,-237,-0.620465,-0.007756
49.1510,-237,-0.620465,-0.007756
49.1610,-237,-0.620465,-0.007756
49.1710,-237,-0.620465,-0.007756
49.1810,-237,-0.620465,-0.007756
49.1910,-237,-0.620465,-0.007756
49.2010,-237,-0.620465,-0.007756
49.2110,-237,-0.620465,-0.007756
49.2210,-237,-0.620465,-0.007756
49.2310,-238,-0.623083,-0.007789
49.2410,-238,-0.623083,-0.007789
49.2510,-238,-0.623083,-0.007789
49.2610,-238,-0.623083,-0.007789
49.2710,-238,-0.623083,-0.007789
49.2810,-238,-0.623083,-0.007789
49.2910,-237,-0.620465,-0.007756
49.3010,-237,-0.620465,-0.007756
49.3110,-237,-0.620465,-0.007756
49.3210,-237,-0.620465,-0.007756
49.3310,-237,-0.620465,-0.007756
49.3410,-238,-0.623083,-0.007789
49.3510,-238,-0.623083,-0.007789
49.3610,-238,-0.623083,-0.007789
49.3720,-238,-0.623083,-0.007789
49.3810,-238,-0.623083,-0.007789
49.3910,-238,-0.623083,-0.007789
49.4010,-238,-0.623083,-0.007789
49.4110,-238,-0.623083,-0.007789
49.4210,-238,-0.623083,-0.007789
49.4310,-238,-0.623083,-0.007789
49.4410,-238,-0.623083,-0.007789
49.4510,-238,-0.623083,-0.007789
49.4610,-238,-0.623083,-0.007789
49.4710,-238,-0.623083,-0.007789
49.4810,-239,-0.625701,-0.007821
49.4910,-239,-0.625701,-0.007821
49.5010,-239,-0.625701,-0.007821
49.5110,-239,-0.625701,-0.007821
49.5210,-239,-0.625701,-0.007821
49.5310,-239,-0.625701,-0.007821
49.5410,-239,-0.625701,-0.007821
49.5510,-239,-0.625701,-0.007821
49.5610,-239,-0.625701,-0.007821
49.5710,-239,-0.625701,-0.007821
49.5810,-239,-0.625701,-0.007821
49.5910,-239,-0.625701,-0.007821
49.6010,-239,-0.625701,-0.007821
49.6110,-239,-0.625701,-0.007821
49.6210,-240,-0.628319,-0.007854
49.6310,-240,-0.628319,-0.007854
49.6410,-240,-0.628319,-0.007854
49.6510,-240,-0.628319,-0.007854
49.6610,-240,-0.628319,-0.007854
49.6710,-240,-0.628319,-0.007854
49.6810,-240,-0.628319,-0.007854
49.6910,-240,-0.628319,-0.007854
49.7010,-240,-0.628319,-0.007854
49.7110,-240,-0.628319,-0.007854
49.7210,-240,-0.628319,-0.007854
49.7310,-240,-0.628319,-0.007854
49.7410,-240,-0.628319,-0.007854
49.7510,-240,-0.628319,-0.007854
49.7610,-240,-0.628319,-0.007854
49.7710,-240,-0.628319,-0.007854
49.7810,-240,-0.628319,-0.007854
49.7910,-240,-0.628319,-0.007854
49.8010,-241,-0.630937,-0.007887
49.8110,-241,-0.630937,-0.007887
49.8210,-241,-0.630937,-0.007887
49.8310,-240,-0.628319,-0.007854
49.8410,-240,-0.628319,-0.007854
49.8510,-240,-0.628319,-0.007854
49.8610,-240,-0.628319,-0.007854
49.8710,-240,-0.628319,-0.007854
49.8810,-240,-0.628319,-0.007854
49.8910,-240,-0.628319,-0.007854
49.9010,-241,-0.630937,-0.007887
49.9110,-241,-0.630937,-0.007887
49.9210,-241,-0.630937,-0.007887
49.9310,-241,-0.630937,-0.007887
49.9410,-241,-0.630937,-0.007887
49.9510,-241,-0.630937,-0.007887
49.9610,-241,-0.630937,-0.007887
49.9710,-241,-0.630937,-0.007887
49.9810,-241,-0.630937,-0.007887
49.9910,-241,-0.630937,-0.007887
50.0010,-241,-0.630937,-0.007887
50.0120,-241,-0.630937,-0.007887
50.0210,-241,-0.630937,-0.007887
50.0310,-241,-0.630937,-0.007887
50.0410,-241,-0.630937,-0.007887
50.0510,-241,-0.630937,-0.007887
50.0610,-242,-0.633554,-0.007919
50.0710,-242,-0.633554,-0.007919
50.0810,-242,-0.633554,-0.007919
50.0910,-242,-0.633554,-0.007919
50.1010,-242,-0.633554,-0.007919
50.1110,-242,-0.633554,-0.007919
50.1210,-241,-0.630937,-0.007887
50.1310,-241,-0.630937,-0.007887
50.1410,-241,-0.630937,-0.007887
50.1510,-241,-0.630937,-0.007887
50.1610,-241,-0.630937,-0.007887
50.1710,-241,-0.630937,-0.007887
50.1810,-242,-0.633554,-0.007919
50.1910,-242,-0.633554,-0.007919
50.2010,-242,-0.633554,-0.007919
50.2110,-242,-0.633554,-0.007919
50.2210,-242,-0.633554,-0.007919
50.2310,-242,-0.633554,-0.007919
50.2410,-242,-0.633554,-0.007919
50.2510,-242,-0.633554,-0.007919
50.2610,-242,-0.633554,-0.007919
50.2710,-242,-0.633554,-0.007919
50.2810,-242,-0.633554,-0.007919
50.2910,-242,-0.633554,-0.007919
50.3010,-242,-0.633554,-0.007919
50.3110,-242,-0.633554,-0.007919
50.3210,-242,-0.633554,-0.007919
50.3310,-242,-0.633554,-0.007919
50.3410,-242,-0.633554,-0.007919
50.3510,-242,-0.633554,-0.007919
50.3610,-242,-0.633554,-0.007919
50.3710,-242,-0.633554,-0.007919
50.3810,-242,-0.633554,-0.007919
50.3910,-242,-0.633554,-0.007919
50.4010,-242,-0.633554,-0.007919
50.4110,-242,-0.633554,-0.007919
50.4210,-242,-0.633554,-0.007919
50.4310,-242,-0.633554,-0.007919
50.4410,-242,-0.633554,-0.007919
50.4510,-242,-0.633554,-0.007919
50.4610,-242,-0.633554,-0.007919
50.4710,-242,-0.633554,-0.007919
50.4810,-242,-0.633554,-0.007919
50.4910,-242,-0.633554,-0.007919
50.5010,-242,-0.633554,-0.007919
50.5110,-242,-0.633554,-0.007919
50.5210,-242,-0.633554,-0.007919
50.5310,-242,-0.633554,-0.007919
50.5410,-242,-0.633554,-0.007919
50.5510,-242,-0.633554,-0.007919
50.5610,-242,-0.633554,-0.007919
50.5710,-242,-0.633554,-0.007919
50.5810,-242,-0.633554,-0.007919
50.5910,-242,-0.633554,-0.007919
50.6010,-242,-0.633554,-0.007919
50.6110,-242,-0.633554,-0.007919
50.6210,-243,-0.636173,-0.007952
50.6310,-243,-0.636173,-0.007952
50.6410,-243,-0.636173,-0.007952
50.6520,-243,-0.636173,-0.007952
50.6610,-243,-0.636173,-0.007952
50.6710,-243,-0.636173,-0.007952
50.6810,-242,-0.633554,-0.007919
50.6910,-242,-0.633554,-0.007919
50.7010,-242,-0.633554,-0.007919
50.7110,-242,-0.633554,-0.007919
50.7210,-242,-0.633554,-0.007919
50.7310,-243,-0.636173,-0.007952
50.7410,-243,-0.636173,-0.007952
50.7510,-243,-0.636173,-0.007952
50.7610,-243,-0.636173,-0.007952
50.7710,-243,-0.636173,-0.007952
50.7810,-243,-0.636173,-0.007952
50.7910,-243,-0.636173,-0.007952
50.8010,-243,-0.636173,-0.007952
50.8110,-243,-0.636173,-0.007952
50.8210,-243,-0.636173,-0.007952
50.8310,-243,-0.636173,-0.007952
50.8410,-243,-0.636173,-0.007952
50.8510,-243,-0.636173,-0.007952
50.8610,-243,-0.636173,-0.007952
50.8710,-244,-0.638791,-0.007985
50.8810,-244,-0.638791,-0.007985
50.8910,-244,-0.638791,-0.007985
50.9010,-244,-0.638791,-0.007985
50.9110,-244,-0.638791,-0.007985
50.9210,-244,-0.638791,-0.007985
50.9310,-244,-0.638791,-0.007985
50.9410,-244,-0.638791,-0.007985
50.9510,-244,-0.638791,-0.007985
50.9610,-244,-0.638791,-0.007985
50.9710,-244,-0.638791,-0.007985
50.9810,-244,-0.638791,-0.007985
50.9910,-244,-0.638791,-0.007985
51.0010,-244,-0.638791,-0.007985
51.0110,-245,-0.641408,-0.008018
51.0210,-245,-0.641408,-0.008018
51.0310,-245,-0.641408,-0.008018
51.0410,-245,-0.641408,-0.008018
51.0510,-245,-0.641408,-0.008018
51.0610,-245,-0.641408,-0.008018
51.0710,-245,-0.641408,-0.008018
51.0810,-245,-0.641408,-0.008018
51.0910,-245,-0.641408,-0.008018
51.1010,-245,-0.641408,-0.008018
51.1110,-245,-0.641408,-0.008018
51.1210,-245,-0.641408,-0.008018
51.1310,-245,-0.641408,-0.008018
51.1410,-245,-0.641408,-0.008018
51.1510,-245,-0.641408,-0.008018
51.1610,-245,-0.641408,-0.008018
51.1710,-246,-0.644026,-0.008050
51.1810,-246,-0.644026,-0.008050
51.1910,-246,-0.644026,-0.008050
51.2010,-246,-0.644026,-0.008050
51.2110,-246,-0.644026,-0.008050
51.2210,-246,-0.644026,-0.008050
51.2310,-245,-0.641408,-0.008018
51.2410,-245,-0.641408,-0.008018
51.2510,-245,-0.641408,-0.008018
51.2610,-245,-0.641408,-0.008018
51.2710,-245,-0.641408,-0.008018
51.2810,-245,-0.641408,-0.008018
51.2920,-246,-0.644026,-0.008050
51.3010,-246,-0.644026,-0.008050
51.3110,-246,-0.644026,-0.008050
51.3210,-246,-0.644026,-0.008050
51.3310,-247,-0.646644,-0.008083
51.3410,-247,-0.646644,-0.008083
51.3510,-247,-0.646644,-0.008083
51.3610,-247,-0.646644,-0.008083
51.3710,-246,-0.644026,-0.008050
51.3810,-246,-0.644026,-0.008050
51.3910,-246,-0.644026,-0.008050
51.4010,-246,-0.644026,-0.008050
51.4110,-246,-0.644026,-0.008050
51.4210,-247,-0.646644,-0.008083
51.4310,-247,-0.646644,-0.008083
51.4410,-247,-0.646644,-0.008083
51.4510,-247,-0.646644,-0.008083
51.4610,-247,-0.646644,-0.008083
51.4710,-247,-0.646644,-0.008083
51.4810,-247,-0.646644,-0.008083
51.4910,-247,-0.646644,-0.008083
51.5010,-247,-0.646644,-0.008083
51.5110,-247,-0.646644,-0.008083
51.5210,-247,-0.646644,-0.008083
51.5310,-247,-0.646644,-0.008083
51.5410,-247,-0.646644,-0.008083
51.5510,-247,-0.646644,-0.008083
51.5610,-247,-0.646644,-0.008083
51.5710,-248,-0.649262,-0.008116
51.5810,-248,-0.649262,-0.008116
51.5910,-248,-0.649262,-0.008116
51.6010,-248,-0.649262,-0.008116
51.6110,-248,-0.649262,-0.008116
51.6210,-248,-0.649262,-0.008116
51.6310,-248,-0.649262,-0.008116
51.6410,-248,-0.649262,-0.008116
51.6510,-248,-0.649262,-0.008116
51.6610,-248,-0.649262,-0.008116
51.6710,-248,-0.649262,-0.008116
51.6810,-248,-0.649262,-0.008116
51.6910,-248,-0.649262,-0.008116
51.7010,-248,-0.649262,-0.008116
51.7110,-248,-0.649262,-0.008116
51.7210,-249,-0.651880,-0.008149
51.7310,-249,-0.651880,-0.008149
51.7410,-249,-0.651880,-0.008149
51.7510,-249,-0.651880,-0.008149
51.7610,-249,-0.651880,-0.008149
51.7710,-249,-0.651880,-0.008149
51.7810,-249,-0.651880,-0.008149
51.7910,-249,-0.651880,-0.008149
51.8010,-249,-0.651880,-0.008149
51.8110,-249,-0.651880,-0.008149
51.8210,-249,-0.651880,-0.008149
51.8310,-249,-0.651880,-0.008149
51.8410,-249,-0.651880,-0.008149
51.8510,-249,-0.651880,-0.008149
51.8610,-250,-0.654498,-0.008181
51.8710,-250,-0.654498,-0.008181
51.8810,-250,-0.654498,-0.008181
51.8910,-250,-0.654498,-0.008181
51.9010,-250,-0.654498,-0.008181
51.9110,-250,-0.654498,-0.008181
51.9210,-250,-0.654498,-0.008181
51.9320,-250,-0.654498,-0.008181
51.9410,-250,-0.654498,-0.008181
51.9510,-250,-0.654498,-0.008181
51.9610,-250,-0.654498,-0.008181
51.9710,-250,-0.654498,-0.008181
51.9810,-250,-0.654498,-0.008181
51.9910,-250,-0.654498,-0.008181
52.0010,-251,-0.657116,-0.008214
52.0110,-251,-0.657116,-0.008214
52.0210,-251,-0.657116,-0.008214
52.0310,-251,-0.657116,-0.008214
52.0410,-251,-0.657116,-0.008214
52.0510,-251,-0.657116,-0.008214
52.0610,-251,-0.657116,-0.008214
52.0710,-251,-0.657116,-0.008214
52.0810,-251,-0.657116,-0.008214
52.0910,-251,-0.657116,-0.008214
52.1010,-251,-0.657116,-0.008214
52.1110,-251,-0.657116,-0.008214
52.1210,-251,-0.657116,-0.008214
52.1310,-251,-0.657116,-0.008214
52.1410,-252,-0.659734,-0.008247
52.1510,-252,-0.659734,-0.008247
52.1610,-252,-0.659734,-0.008247
52.1710,-252,-0.659734,-0.008247
52.1810,-252,-0.659734,-0.008247
52.1910,-252,-0.659734,-0.008247
52.2010,-252,-0.659734,-0.008247
52.2110,-252,-0.659734,-0.008247
52.2210,-252,-0.659734,-0.008247
52.2310,-252,-0.659734,-0.008247
52.2410,-252,-0.659734,-0.008247
52.2510,-252,-0.659734,-0.008247
52.2610,-253,-0.662352,-0.008279
52.2710,-253,-0.662352,-0.008279
52.2810,-254,-0.664970,-0.008312
52.2910,-254,-0.664970,-0.008312
52.3010,-254,-0.664970,-0.008312
52.3110,-254,-0.664970,-0.008312
52.3210,-254,-0.664970,-0.008312
52.3310,-254,-0.664970,-0.008312
52.3410,-254,-0.664970,-0.008312
52.3510,-254,-0.664970,-0.008312
52.3610,-254,-0.664970,-0.008312
52.3710,-254,-0.664970,-0.008312
52.3810,-254,-0.664970,-0.008312
52.3910,-254,-0.664970,-0.008312
52.4010,-255,-0.667588,-0.008345
52.4110,-256,-0.670206,-0.008378
52.4210,-256,-0.670206,-0.008378
52.4310,-257,-0.672824,-0.008410
52.4410,-257,-0.672824,-0.008410
52.4510,-257,-0.672824,-0.008410
52.4610,-257,-0.672824,-0.008410
52.4710,-257,-0.672824,-0.008410
52.4810,-257,-0.672824,-0.008410
52.4910,-257,-0.672824,-0.008410
52.5010,-257,-0.672824,-0.008410
52.5110,-257,-0.672824,-0.008410
52.5210,-257,-0.672824,-0.008410
52.5310,-257,-0.672824,-0.008410
52.5410,-258,-0.675442,-0.008443
52.5510,-259,-0.678060,-0.008476
52.5610,-260,-0.680678,-0.008508
52.5720,-260,-0.680678,-0.008508
52.5810,-261,-0.683296,-0.008541
52.5910,-261,-0.683296,-0.008541
52.6010,-261,-0.683296,-0.008541
52.6110,-261,-0.683296,-0.008541
52.6210,-261,-0.683296,-0.008541
52.6310,-261,-0.683296,-0.008541
52.6410,-260,-0.680678,-0.008508
52.6510,-260,-0.680678,-0.008508
52.6610,-260,-0.680678,-0.008508
52.6710,-260,-0.680678,-0.008508
52.6810,-261,-0.683296,-0.008541
52.6910,-261,-0.683296,-0.008541
52.7010,-262,-0.685914,-0.008574
52.7110,-262,-0.685914,-0.008574
52.7210,-263,-0.688532,-0.008607
52.7310,-263,-0.688532,-0.008607
52.7410,-263,-0.688532,-0.008607
52.7510,-263,-0.688532,-0.008607
52.7610,-262,-0.685914,-0.008574
52.7710,-262,-0.685914,-0.008574
52.7810,-261,-0.683296,-0.008541
52.7910,-261,-0.683296,-0.008541
52.8010,-261,-0.683296,-0.008541
52.8110,-262,-0.685914,-0.008574
52.8210,-263,-0.688532,-0.008607
52.8310,-264,-0.691150,-0.008639
52.8410,-264,-0.691150,-0.008639
52.8510,-265,-0.693768,-0.008672
52.8610,-265,-0.693768,-0.008672
52.8710,-265,-0.693768,-0.008672
52.8810,-265,-0.693768,-0.008672
52.8910,-265,-0.693768,-0.008672
52.9010,-264,-0.691150,-0.008639
52.9110,-264,-0.691150,-0.008639
52.9210,-264,-0.691150,-0.008639
52.9310,-264,-0.691150,-0.008639
52.9410,-264,-0.691150,-0.008639
52.9510,-265,-0.693768,-0.008672
52.9610,-266,-0.696386,-0.008705
52.9710,-267,-0.699004,-0.008738
52.9810,-268,-0.701622,-0.008770
52.9910,-268,-0.701622,-0.008770
53.0010,-269,-0.704240,-0.008803
53.0110,-269,-0.704240,-0.008803
53.0210,-269,-0.704240,-0.008803
53.0310,-269,-0.704240,-0.008803
53.0410,-268,-0.701622,-0.008770
53.0510,-268,-0.701622,-0.008770
53.0610,-268,-0.701622,-0.008770
53.0710,-268,-0.701622,-0.008770
53.0810,-268,-0.701622,-0.008770
53.0910,-269,-0.704240,-0.008803
53.1010,-269,-0.704240,-0.008803
53.1110,-270,-0.706858,-0.008836
53.1210,-271,-0.709476,-0.008868
53.1310,-272,-0.712094,-0.008901
53.1410,-272,-0.712094,-0.008901
53.1510,-272,-0.712094,-0.008901
53.1610,-272,-0.712094,-0.008901
53.1710,-271,-0.709476,-0.008868
53.1810,-271,-0.709476,-0.008868
53.1910,-271,-0.709476,-0.008868
53.2010,-270,-0.706858,-0.008836
53.2120,-270,-0.706858,-0.008836
53.2210,-270,-0.706858,-0.008836
53.2310,-271,-0.709476,-0.008868
53.2410,-272,-0.712094,-0.008901
53.2510,-273,-0.714712,-0.008934
53.2610,-273,-0.714712,-0.008934
53.2710,-274,-0.717330,-0.008967
53.2810,-274,-0.717330,-0.008967
53.2910,-274,-0.717330,-0.008967
53.3010,-274,-0.717330,-0.008967
53.3110,-273,-0.714712,-0.008934
53.3210,-273,-0.714712,-0.008934
53.3310,-273,-0.714712,-0.008934
53.3410,-272,-0.712094,-0.008901
53.3510,-272,-0.712094,-0.008901
53.3610,-272,-0.712094,-0.008901
53.3710,-273,-0.714712,-0.008934
53.3810,-274,-0.717330,-0.008967
53.3910,-275,-0.719948,-0.008999
53.4010,-275,-0.719948,-0.008999
53.4110,-275,-0.719948,-0.008999
53.4210,-275,-0.719948,-0.008999
53.4310,-275,-0.719948,-0.008999
53.4410,-275,-0.719948,-0.008999
53.4510,-274,-0.717330,-0.008967
53.4610,-274,-0.717330,-0.008967
53.4710,-274,-0.717330,-0.008967
53.4810,-274,-0.717330,-0.008967
53.4910,-274,-0.717330,-0.008967
53.5010,-275,-0.719948,-0.008999
53.5110,-275,-0.719948,-0.008999
53.5210,-276,-0.722566,-0.009032
53.5310,-276,-0.722566,-0.009032
53.5410,-277,-0.725184,-0.009065
53.5510,-277,-0.725184,-0.009065
53.5610,-277,-0.725184,-0.009065
53.5710,-277,-0.725184,-0.009065
53.5810,-276,-0.722566,-0.009032
53.5910,-276,-0.722566,-0.009032
53.6010,-276,-0.722566,-0.009032
53.6110,-276,-0.722566,-0.009032
53.6210,-276,-0.722566,-0.009032
53.6310,-276,-0.722566,-0.009032
53.6410,-277,-0.725184,-0.009065
53.6510,-277,-0.725184,-0.009065
53.6610,-277,-0.725184,-0.009065
53.6710,-278,-0.727802,-0.009098
53.6810,-278,-0.727802,-0.009098
53.6910,-278,-0.727802,-0.009098
53.7010,-278,-0.727802,-0.009098
53.7110,-278,-0.727802,-0.009098
53.7210,-278,-0.727802,-0.009098
53.7310,-277,-0.725184,-0.009065
53.7410,-277,-0.725184,-0.009065
53.7510,-277,-0.725184,-0.009065
53.7610,-277,-0.725184,-0.009065
53.7710,-277,-0.725184,-0.009065
53.7810,-278,-0.727802,-0.009098
53.7910,-279,-0.730420,-0.009130
53.8010,-279,-0.730420,-0.009130
53.8110,-279,-0.730420,-0.009130
53.8210,-279,-0.730420,-0.009130
53.8310,-279,-0.730420,-0.009130
53.8410,-279,-0.730420,-0.009130
53.8520,-279,-0.730420,-0.009130
53.8610,-279,-0.730420,-0.009130
53.8710,-279,-0.730420,-0.009130
53.8810,-279,-0.730420,-0.009130
53.8910,-279,-0.730420,-0.009130
53.9010,-279,-0.730420,-0.009130
53.9110,-279,-0.730420,-0.009130
53.9210,-280,-0.733038,-0.009163
53.9310,-280,-0.733038,-0.009163
53.9410,-280,-0.733038,-0.009163
53.9510,-280,-0.733038,-0.009163
53.9610,-280,-0.733038,-0.009163
53.9710,-280,-0.733038,-0.009163
53.9810,-280,-0.733038,-0.009163
53.9910,-280,-0.733038,-0.009163
54.0010,-280,-0.733038,-0.009163
54.0110,-280,-0.733038,-0.009163
54.0210,-280,-0.733038,-0.009163
54.0310,-280,-0.733038,-0.009163
54.0410,-280,-0.733038,-0.009163
54.0510,-280,-0.733038,-0.009163
54.0610,-281,-0.735656,-0.009196
54.0710,-281,-0.735656,-0.009196
54.0810,-281,-0.735656,-0.009196
54.0910,-281,-0.735656,-0.009196
54.1010,-281,-0.735656,-0.009196
54.1110,-281,-0.735656,-0.009196
54.1210,-281,-0.735656,-0.009196
54.1310,-281,-0.735656,-0.009196
54.1410,-281,-0.735656,-0.009196
54.1510,-281,-0.735656,-0.009196
54.1610,-281,-0.735656,-0.009196
54.1710,-281,-0.735656,-0.009196
54.1810,-281,-0.735656,-0.009196
54.1910,-281,-0.735656,-0.009196
54.2010,-281,-0.735656,-0.009196
54.2110,-281,-0.735656,-0.009196
54.2210,-282,-0.738274,-0.009228
54.2310,-282,-0.738274,-0.009228
54.2410,-282,-0.738274,-0.009228
54.2510,-282,-0.738274,-0.009228
54.2610,-282,-0.738274,-0.009228
54.2710,-282,-0.738274,-0.009228
54.2810,-282,-0.738274,-0.009228
54.2910,-282,-0.738274,-0.009228
54.3010,-282,-0.738274,-0.009228
54.3110,-281,-0.735656,-0.009196
54.3210,-281,-0.735656,-0.009196
54.3310,-281,-0.735656,-0.009196
54.3410,-282,-0.738274,-0.009228
54.3510,-283,-0.740892,-0.009261
54.3610,-283,-0.740892,-0.009261
54.3710,-283,-0.740892,-0.009261
54.3810,-284,-0.743510,-0.009294
54.3910,-284,-0.743510,-0.009294
54.4010,-284,-0.743510,-0.009294
54.4110,-284,-0.743510,-0.009294
54.4210,-283,-0.740892,-0.009261
54.4310,-283,-0.740892,-0.009261
54.4410,-283,-0.740892,-0.009261
54.4510,-283,-0.740892,-0.009261
54.4610,-283,-0.740892,-0.009261
54.4710,-283,-0.740892,-0.009261
54.4810,-284,-0.743510,-0.009294
54.4920,-285,-0.746128,-0.009327
54.5010,-286,-0.748746,-0.009359
54.5110,-286,-0.748746,-0.009359
54.5210,-287,-0.751364,-0.009392
54.5310,-287,-0.751364,-0.009392
54.5410,-287,-0.751364,-0.009392
54.5510,-287,-0.751364,-0.009392
54.5610,-287,-0.751364,-0.009392
54.5710,-287,-0.751364,-0.009392
54.5810,-286,-0.748746,-0.009359
54.5910,-286,-0.748746,-0.009359
54.6010,-286,-0.748746,-0.009359
54.6110,-286,-0.748746,-0.009359
54.6210,-287,-0.751364,-0.009392
54.6310,-288,-0.753982,-0.009425
54.6410,-289,-0.756600,-0.009458
54.6510,-290,-0.759218,-0.009490
54.6610,-291,-0.761836,-0.009523
54.6710,-291,-0.761836,-0.009523
54.6810,-291,-0.761836,-0.009523
54.6910,-290,-0.759218,-0.009490
54.7010,-290,-0.759218,-0.009490
54.7110,-289,-0.756600,-0.009458
54.7210,-289,-0.756600,-0.009458
54.7310,-289,-0.756600,-0.009458
54.7410,-289,-0.756600,-0.009458
54.7510,-289,-0.756600,-0.009458
54.7610,-290,-0.759218,-0.009490
54.7710,-291,-0.761836,-0.009523
54.7810,-292,-0.764454,-0.009556
54.7910,-293,-0.767072,-0.009588
54.8010,-293,-0.767072,-0.009588
54.8110,-293,-0.767072,-0.009588
54.8210,-293,-0.767072,-0.009588
54.8310,-293,-0.767072,-0.009588
54.8410,-292,-0.764454,-0.009556
54.8510,-292,-0.764454,-0.009556
54.8610,-291,-0.761836,-0.009523
54.8710,-291,-0.761836,-0.009523
54.8810,-291,-0.761836,-0.009523
54.8910,-292,-0.764454,-0.009556
54.9010,-293,-0.767072,-0.009588
54.9110,-294,-0.769690,-0.009621
54.9210,-295,-0.772308,-0.009654
54.9310,-296,-0.774926,-0.009687
54.9410,-296,-0.774926,-0.009687
54.9510,-297,-0.777544,-0.009719
54.9610,-297,-0.777544,-0.009719
54.9710,-296,-0.774926,-0.009687
54.9810,-296,-0.774926,-0.009687
54.9910,-295,-0.772308,-0.009654
55.0010,-295,-0.772308,-0.009654
55.0110,-295,-0.772308,-0.009654
55.0210,-295,-0.772308,-0.009654
55.0310,-296,-0.774926,-0.009687
55.0410,-297,-0.777544,-0.009719
55.0510,-299,-0.782780,-0.009785
55.0610,-300,-0.785398,-0.009817
55.0710,-301,-0.788016,-0.009850
55.0810,-302,-0.790634,-0.009883
55.0910,-303,-0.793252,-0.009916
55.1010,-303,-0.793252,-0.009916
55.1110,-303,-0.793252,-0.009916
55.1210,-303,-0.793252,-0.009916
55.1320,-303,-0.793252,-0.009916
55.1410,-303,-0.793252,-0.009916
55.1510,-303,-0.793252,-0.009916
55.1610,-303,-0.793252,-0.009916
55.1710,-305,-0.798488,-0.009981
55.1810,-306,-0.801106,-0.010014
55.1910,-308,-0.806342,-0.010079
55.2010,-309,-0.808960,-0.010112
55.2110,-311,-0.814196,-0.010177
55.2210,-312,-0.816814,-0.010210
55.2310,-312,-0.816814,-0.010210
55.2410,-312,-0.816814,-0.010210
55.2510,-312,-0.816814,-0.010210
55.2610,-312,-0.816814,-0.010210
55.2710,-311,-0.814196,-0.010177
55.2810,-310,-0.811578,-0.010145
55.2910,-310,-0.811578,-0.010145
55.3010,-310,-0.811578,-0.010145
55.3110,-311,-0.814196,-0.010177
55.3210,-313,-0.819432,-0.010243
55.3310,-314,-0.822050,-0.010276
55.3410,-315,-0.824668,-0.010308
55.3510,-316,-0.827286,-0.010341
55.3610,-317,-0.829904,-0.010374
55.3710,-317,-0.829904,-0.010374
55.3810,-317,-0.829904,-0.010374
55.3910,-317,-0.829904,-0.010374
55.4010,-316,-0.827286,-0.010341
55.4110,-315,-0.824668,-0.010308
55.4210,-315,-0.824668,-0.010308
55.4310,-315,-0.824668,-0.010308
55.4410,-315,-0.824668,-0.010308
55.4510,-316,-0.827286,-0.010341
55.4610,-317,-0.829904,-0.010374
55.4710,-318,-0.832522,-0.010407
55.4810,-319,-0.835140,-0.010439
55.4910,-319,-0.835140,-0.010439
55.5010,-320,-0.837758,-0.010472
55.5110,-320,-0.837758,-0.010472
55.5210,-319,-0.835140,-0.010439
55.5310,-318,-0.832522,-0.010407
55.5410,-318,-0.832522,-0.010407
55.5510,-317,-0.829904,-0.010374
55.5610,-317,-0.829904,-0.010374
55.5710,-317,-0.829904,-0.010374
55.5810,-317,-0.829904,-0.010374
55.5910,-319,-0.835140,-0.010439
55.6010,-319,-0.835140,-0.010439
55.6110,-320,-0.837758,-0.010472
55.6210,-321,-0.840376,-0.010505
55.6310,-321,-0.840376,-0.010505
55.6410,-321,-0.840376,-0.010505
55.6510,-321,-0.840376,-0.010505
55.6610,-320,-0.837758,-0.010472
55.6710,-320,-0.837758,-0.010472
55.6810,-319,-0.835140,-0.010439
55.6910,-319,-0.835140,-0.010439
55.7010,-319,-0.835140,-0.010439
55.7110,-319,-0.835140,-0.010439
55.7210,-320,-0.837758,-0.010472
55.7310,-321,-0.840376,-0.010505
55.7410,-321,-0.840376,-0.010505
55.7510,-322,-0.842994,-0.010537
55.7610,-322,-0.842994,-0.010537
55.7720,-322,-0.842994,-0.010537
55.7810,-322,-0.842994,-0.010537
55.7910,-321,-0.840376,-0.010505
55.8010,-321,-0.840376,-0.010505
55.8110,-321,-0.840376,-0.010505
55.8210,-321,-0.840376,-0.010505
55.8310,-321,-0.840376,-0.010505
55.8410,-321,-0.840376,-0.010505
55.8510,-321,-0.840376,-0.010505
55.8610,-321,-0.840376,-0.010505
55.8710,-322,-0.842994,-0.010537
55.8810,-322,-0.842994,-0.010537
55.8910,-323,-0.845612,-0.010570
55.9010,-323,-0.845612,-0.010570
55.9110,-323,-0.845612,-0.010570
55.9210,-323,-0.845612,-0.010570
55.9310,-322,-0.842994,-0.010537
55.9410,-322,-0.842994,-0.010537
55.9510,-322,-0.842994,-0.010537
55.9610,-322,-0.842994,-0.010537
55.9710,-322,-0.842994,-0.010537
55.9810,-322,-0.842994,-0.010537
55.9910,-322,-0.842994,-0.010537
56.0010,-323,-0.845612,-0.010570
56.0110,-323,-0.845612,-0.010570
56.0210,-323,-0.845612,-0.010570
56.0310,-324,-0.848230,-0.010603
56.0410,-324,-0.848230,-0.010603
56.0510,-324,-0.848230,-0.010603
56.0610,-324,-0.848230,-0.010603
56.0710,-323,-0.845612,-0.010570
56.0810,-323,-0.845612,-0.010570
56.0910,-323,-0.845612,-0.010570
56.1010,-323,-0.845612,-0.010570
56.1110,-323,-0.845612,-0.010570
56.1210,-323,-0.845612,-0.010570
56.1310,-323,-0.845612,-0.010570
56.1410,-324,-0.848230,-0.010603
56.1510,-324,-0.848230,-0.010603
56.1610,-324,-0.848230,-0.010603
56.1710,-324,-0.848230,-0.010603
56.1810,-324,-0.848230,-0.010603
56.1910,-324,-0.848230,-0.010603
56.2010,-324,-0.848230,-0.010603
56.2110,-324,-0.848230,-0.010603
56.2210,-324,-0.848230,-0.010603
56.2310,-324,-0.848230,-0.010603
56.2410,-324,-0.848230,-0.010603
56.2510,-324,-0.848230,-0.010603
56.2610,-324,-0.848230,-0.010603
56.2710,-324,-0.848230,-0.010603
56.2810,-324,-0.848230,-0.010603
56.2910,-324,-0.848230,-0.010603
56.3010,-325,-0.850848,-0.010636
56.3110,-325,-0.850848,-0.010636
56.3210,-325,-0.850848,-0.010636
56.3310,-325,-0.850848,-0.010636
56.3410,-325,-0.850848,-0.010636
56.3510,-325,-0.850848,-0.010636
56.3610,-325,-0.850848,-0.010636
56.3710,-325,-0.850848,-0.010636
56.3810,-325,-0.850848,-0.010636
56.3910,-325,-0.850848,-0.010636
56.4010,-325,-0.850848,-0.010636
56.4120,-325,-0.850848,-0.010636
56.4210,-325,-0.850848,-0.010636
56.4310,-325,-0.850848,-0.010636
56.4410,-326,-0.853466,-0.010668
56.4510,-326,-0.853466,-0.010668
56.4610,-326,-0.853466,-0.010668
56.4710,-326,-0.853466,-0.010668
56.4810,-326,-0.853466,-0.010668
56.4910,-326,-0.853466,-0.010668
56.5010,-326,-0.853466,-0.010668
56.5110,-326,-0.853466,-0.010668
56.5210,-326,-0.853466,-0.010668
56.5310,-326,-0.853466,-0.010668
56.5410,-326,-0.853466,-0.010668
56.5510,-326,-0.853466,-0.010668
56.5610,-327,-0.856084,-0.010701
56.5710,-327,-0.856084,-0.010701
56.5810,-327,-0.856084,-0.010701
56.5910,-327,-0.856084,-0.010701
56.6010,-328,-0.858702,-0.010734
56.6110,-328,-0.858702,-0.010734
56.6210,-328,-0.858702,-0.010734
56.6310,-328,-0.858702,-0.010734
56.6410,-329,-0.861320,-0.010767
56.6510,-329,-0.861320,-0.010767
56.6610,-330,-0.863938,-0.010799
56.6710,-331,-0.866556,-0.010832
56.6810,-332,-0.869174,-0.010865
56.6910,-333,-0.871792,-0.010897
56.7010,-336,-0.879646,-0.010996
56.7110,-339,-0.887500,-0.011094
56.7210,-343,-0.897972,-0.011225
56.7310,-346,-0.905826,-0.011323
56.7410,-350,-0.916298,-0.011454
56.7510,-354,-0.926770,-0.011585
56.7610,-358,-0.937242,-0.011716
56.7710,-361,-0.945096,-0.011814
56.7810,-365,-0.955568,-0.011945
56.7910,-368,-0.963422,-0.012043
56.8010,-369,-0.966040,-0.012075
56.8110,-371,-0.971276,-0.012141
56.8210,-373,-0.976512,-0.012206
56.8310,-374,-0.979130,-0.012239
56.8410,-377,-0.986984,-0.012337
56.8510,-380,-0.994838,-0.012435
56.8610,-385,-1.007928,-0.012599
56.8710,-391,-1.023636,-0.012795
56.8810,-397,-1.039344,-0.012992
56.8910,-404,-1.057669,-0.013221
56.9010,-412,-1.078613,-0.013483
56.9110,-421,-1.102175,-0.013777
56.9210,-432,-1.130973,-0.014137
56.9310,-444,-1.162389,-0.014530
56.9410,-457,-1.196423,-0.014955
56.9510,-469,-1.227839,-0.015348
56.9610,-483,-1.264491,-0.015806
56.9710,-495,-1.295907,-0.016199
56.9810,-512,-1.340413,-0.016755
56.9910,-529,-1.384919,-0.017311
57.0010,-546,-1.429425,-0.017868
57.0110,-564,-1.476549,-0.018457
57.0210,-584,-1.528908,-0.019111
57.0310,-606,-1.586504,-0.019831
57.0410,-627,-1.641482,-0.020519
57.0520,-651,-1.704314,-0.021304
57.0610,-674,-1.764528,-0.022057
57.0710,-701,-1.835214,-0.022940
57.0810,-729,-1.908518,-0.023856
57.0910,-756,-1.979203,-0.024740
57.1010,-780,-2.042035,-0.025525
57.1110,-811,-2.123193,-0.026540
57.1210,-845,-2.212205,-0.027653
57.1310,-878,-2.298599,-0.028732
57.1410,-905,-2.369285,-0.029616
57.1510,-934,-2.445206,-0.030565
57.1610,-960,-2.513274,-0.031416
57.1710,-980,-2.565634,-0.032070
57.1810,-995,-2.604904,-0.032561
57.1910,-1008,-2.638938,-0.032987
57.2010,-1017,-2.662500,-0.033281
57.2110,-1022,-2.675590,-0.033445
57.2210,-1023,-2.678208,-0.033478
57.2310,-1022,-2.675590,-0.033445
57.2410,-1020,-2.670354,-0.033379
57.2510,-1019,-2.667736,-0.033347
57.2610,-1018,-2.665118,-0.033314
57.2710,-1019,-2.667736,-0.033347
57.2810,-1020,-2.670354,-0.033379
57.2910,-1023,-2.678208,-0.033478
57.3010,-1026,-2.686062,-0.033576
57.3110,-1028,-2.691298,-0.033641
57.3210,-1030,-2.696534,-0.033707
57.3310,-1030,-2.696534,-0.033707
57.3410,-1030,-2.696534,-0.033707
57.3510,-1029,-2.693916,-0.033674
57.3610,-1027,-2.688680,-0.033608
57.3710,-1025,-2.683444,-0.033543
57.3810,-1024,-2.680826,-0.033510
57.3910,-1024,-2.680826,-0.033510
57.4010,-1024,-2.680826,-0.033510
57.4110,-1025,-2.683444,-0.033543
57.4210,-1026,-2.686062,-0.033576
57.4310,-1028,-2.691298,-0.033641
57.4410,-1030,-2.696534,-0.033707
57.4510,-1031,-2.699152,-0.033739
57.4610,-1031,-2.699152,-0.033739
57.4710,-1031,-2.699152,-0.033739
57.4810,-1031,-2.699152,-0.033739
57.4910,-1030,-2.696534,-0.033707
57.5010,-1028,-2.691298,-0.033641
57.5110,-1027,-2.688680,-0.033608
57.5210,-1027,-2.688680,-0.033608
57.5310,-1027,-2.688680,-0.033608
57.5410,-1028,-2.691298,-0.033641
57.5510,-1030,-2.696534,-0.033707
57.5610,-1032,-2.701770,-0.033772
57.5710,-1034,-2.707006,-0.033838
57.5810,-1036,-2.712242,-0.033903
57.5910,-1037,-2.714860,-0.033936
57.6010,-1038,-2.717478,-0.033968
57.6110,-1038,-2.717478,-0.033968
57.6210,-1038,-2.717478,-0.033968
57.6310,-1037,-2.714860,-0.033936
57.6410,-1036,-2.712242,-0.033903
57.6510,-1036,-2.712242,-0.033903
57.6610,-1035,-2.709624,-0.033870
57.6710,-1036,-2.712242,-0.033903
57.6810,-1037,-2.714860,-0.033936
57.6920,-1038,-2.717478,-0.033968
57.7010,-1039,-2.720096,-0.034001
57.7110,-1040,-2.722714,-0.034034
57.7210,-1041,-2.725332,-0.034067
57.7310,-1042,-2.727950,-0.034099
57.7410,-1042,-2.727950,-0.034099
57.7510,-1042,-2.727950,-0.034099
57.7610,-1041,-2.725332,-0.034067
57.7710,-1041,-2.725332,-0.034067
57.7810,-1040,-2.722714,-0.034034
57.7910,-1040,-2.722714,-0.034034
57.8010,-1040,-2.722714,-0.034034
57.8110,-1041,-2.725332,-0.034067
57.8210,-1041,-2.725332,-0.034067
57.8310,-1042,-2.727950,-0.034099
57.8410,-1043,-2.730568,-0.034132
57.8510,-1044,-2.733186,-0.034165
57.8610,-1045,-2.735804,-0.034198
57.8710,-1045,-2.735804,-0.034198
57.8810,-1045,-2.735804,-0.034198
57.8910,-1044,-2.733186,-0.034165
57.9010,-1044,-2.733186,-0.034165
57.9110,-1043,-2.730568,-0.034132
57.9210,-1043,-2.730568,-0.034132
57.9310,-1043,-2.730568,-0.034132
57.9410,-1043,-2.730568,-0.034132
57.9510,-1044,-2.733186,-0.034165
57.9610,-1045,-2.735804,-0.034198
57.9710,-1045,-2.735804,-0.034198
57.9810,-1046,-2.738422,-0.034230
57.9910,-1047,-2.741040,-0.034263
58.0010,-1047,-2.741040,-0.034263
58.0110,-1047,-2.741040,-0.034263
58.0210,-1046,-2.738422,-0.034230
58.0310,-1046,-2.738422,-0.034230
58.0410,-1046,-2.738422,-0.034230
58.0510,-1045,-2.735804,-0.034198
58.0610,-1045,-2.735804,-0.034198
58.0710,-1045,-2.735804,-0.034198
58.0810,-1045,-2.735804,-0.034198
58.0910,-1046,-2.738422,-0.034230
58.1010,-1047,-2.741040,-0.034263
58.1110,-1047,-2.741040,-0.034263
58.1210,-1048,-2.743658,-0.034296
58.1310,-1048,-2.743658,-0.034296
58.1410,-1048,-2.743658,-0.034296
58.1510,-1048,-2.743658,-0.034296
58.1610,-1048,-2.743658,-0.034296
58.1710,-1047,-2.741040,-0.034263
58.1810,-1047,-2.741040,-0.034263
58.1910,-1047,-2.741040,-0.034263
58.2010,-1047,-2.741040,-0.034263
58.2110,-1047,-2.741040,-0.034263
58.2210,-1047,-2.741040,-0.034263
58.2310,-1048,-2.743658,-0.034296
58.2410,-1048,-2.743658,-0.034296
58.2510,-1049,-2.746276,-0.034328
58.2610,-1049,-2.746276,-0.034328
58.2710,-1049,-2.746276,-0.034328
58.2810,-1049,-2.746276,-0.034328
58.2910,-1049,-2.746276,-0.034328
58.3010,-1049,-2.746276,-0.034328
58.3110,-1048,-2.743658,-0.034296
58.3210,-1048,-2.743658,-0.034296
58.3320,-1048,-2.743658,-0.034296
58.3410,-1048,-2.743658,-0.034296
58.3510,-1048,-2.743658,-0.034296
58.3610,-1049,-2.746276,-0.034328
58.3710,-1049,-2.746276,-0.034328
58.3810,-1049,-2.746276,-0.034328
58.3910,-1050,-2.748894,-0.034361
58.4010,-1050,-2.748894,-0.034361
58.4110,-1050,-2.748894,-0.034361
58.4210,-1050,-2.748894,-0.034361
58.4310,-1050,-2.748894,-0.034361
58.4410,-1050,-2.748894,-0.034361
58.4510,-1049,-2.746276,-0.034328
58.4610,-1049,-2.746276,-0.034328
58.4710,-1049,-2.746276,-0.034328
58.4810,-1049,-2.746276,-0.034328
58.4910,-1049,-2.746276,-0.034328
58.5010,-1050,-2.748894,-0.034361
58.5110,-1050,-2.748894,-0.034361
58.5210,-1051,-2.751512,-0.034394
58.5310,-1051,-2.751512,-0.034394
58.5410,-1051,-2.751512,-0.034394
58.5510,-1051,-2.751512,-0.034394
58.5610,-1051,-2.751512,-0.034394
58.5710,-1051,-2.751512,-0.034394
58.5810,-1051,-2.751512,-0.034394
58.5910,-1051,-2.751512,-0.034394
58.6010,-1051,-2.751512,-0.034394
58.6110,-1051,-2.751512,-0.034394
58.6210,-1051,-2.751512,-0.034394
58.6310,-1051,-2.751512,-0.034394
58.6410,-1052,-2.754130,-0.034427
58.6510,-1052,-2.754130,-0.034427
58.6610,-1052,-2.754130,-0.034427
58.6710,-1053,-2.756748,-0.034459
58.6810,-1053,-2.756748,-0.034459
58.6910,-1053,-2.756748,-0.034459
58.7010,-1053,-2.756748,-0.034459
58.7110,-1053,-2.756748,-0.034459
58.7210,-1053,-2.756748,-0.034459
58.7310,-1053,-2.756748,-0.034459
58.7410,-1053,-2.756748,-0.034459
58.7510,-1053,-2.756748,-0.034459
58.7610,-1053,-2.756748,-0.034459
58.7710,-1053,-2.756748,-0.034459
58.7810,-1053,-2.756748,-0.034459
58.7910,-1054,-2.759366,-0.034492
58.8010,-1054,-2.759366,-0.034492
58.8110,-1055,-2.761984,-0.034525
58.8210,-1055,-2.761984,-0.034525
58.8310,-1055,-2.761984,-0.034525
58.8410,-1055,-2.761984,-0.034525
58.8510,-1055,-2.761984,-0.034525
58.8610,-1055,-2.761984,-0.034525
58.8710,-1055,-2.761984,-0.034525
58.8810,-1055,-2.761984,-0.034525
58.8910,-1055,-2.761984,-0.034525
58.9010,-1055,-2.761984,-0.034525
58.9110,-1055,-2.761984,-0.034525
58.9210,-1055,-2.761984,-0.034525
58.9310,-1055,-2.761984,-0.034525
58.9410,-1056,-2.764602,-0.034558
58.9510,-1056,-2.764602,-0.034558
58.9610,-1057,-2.767220,-0.034590
58.9720,-1057,-2.767220,-0.034590
58.9810,-1057,-2.767220,-0.034590
58.9910,-1056,-2.764602,-0.034558
59.0010,-1056,-2.764602,-0.034558
59.0110,-1056,-2.764602,-0.034558
59.0210,-1056,-2.764602,-0.034558
59.0310,-1055,-2.761984,-0.034525
59.0410,-1055,-2.761984,-0.034525
59.0510,-1056,-2.764602,-0.034558
59.0610,-1056,-2.764602,-0.034558
59.0710,-1056,-2.764602,-0.034558
59.0810,-1057,-2.767220,-0.034590
59.0910,-1057,-2.767220,-0.034590
59.1010,-1057,-2.767220,-0.034590
59.1110,-1057,-2.767220,-0.034590
59.1210,-1057,-2.767220,-0.034590
59.1310,-1057,-2.767220,-0.034590
59.1410,-1057,-2.767220,-0.034590
59.1510,-1057,-2.767220,-0.034590
59.1610,-1057,-2.767220,-0.034590
59.1710,-1057,-2.767220,-0.034590
59.1810,-1057,-2.767220,-0.034590
59.1910,-1057,-2.767220,-0.034590
59.2010,-1057,-2.767220,-0.034590
59.2110,-1058,-2.769838,-0.034623
59.2210,-1058,-2.769838,-0.034623
59.2310,-1058,-2.769838,-0.034623
59.2410,-1058,-2.769838,-0.034623
59.2510,-1058,-2.769838,-0.034623
59.2610,-1058,-2.769838,-0.034623
59.2710,-1058,-2.769838,-0.034623
59.2810,-1058,-2.769838,-0.034623
59.2910,-1058,-2.769838,-0.034623
59.3010,-1058,-2.769838,-0.034623
59.3110,-1058,-2.769838,-0.034623
59.3210,-1058,-2.769838,-0.034623
59.3310,-1059,-2.772455,-0.034656
59.3410,-1059,-2.772455,-0.034656
59.3510,-1059,-2.772455,-0.034656
59.3610,-1059,-2.772455,-0.034656
59.3710,-1059,-2.772455,-0.034656
59.3810,-1060,-2.775074,-0.034688
59.3910,-1060,-2.775074,-0.034688
59.4010,-1060,-2.775074,-0.034688
59.4110,-1060,-2.775074,-0.034688
59.4210,-1059,-2.772455,-0.034656
59.4310,-1059,-2.772455,-0.034656
59.4410,-1059,-2.772455,-0.034656
59.4510,-1059,-2.772455,-0.034656
59.4610,-1059,-2.772455,-0.034656
59.4710,-1060,-2.775074,-0.034688
59.4810,-1060,-2.775074,-0.034688
59.4910,-1060,-2.775074,-0.034688
59.5010,-1060,-2.775074,-0.034688
59.5110,-1061,-2.777692,-0.034721
59.5210,-1061,-2.777692,-0.034721
59.5310,-1061,-2.777692,-0.034721
59.5410,-1061,-2.777692,-0.034721
59.5510,-1061,-2.777692,-0.034721
59.5610,-1061,-2.777692,-0.034721
59.5710,-1061,-2.777692,-0.034721
59.5810,-1060,-2.775074,-0.034688
59.5910,-1060,-2.775074,-0.034688
59.6010,-1060,-2.775074,-0.034688
59.6120,-1061,-2.777692,-0.034721
59.6210,-1061,-2.777692,-0.034721
59.6310,-1061,-2.777692,-0.034721
59.6410,-1061,-2.777692,-0.034721
59.6510,-1062,-2.780309,-0.034754
59.6610,-1062,-2.780309,-0.034754
59.6710,-1062,-2.780309,-0.034754
59.6810,-1062,-2.780309,-0.034754
59.6910,-1062,-2.780309,-0.034754
59.7010,-1062,-2.780309,-0.034754
59.7110,-1062,-2.780309,-0.034754
59.7210,-1061,-2.777692,-0.034721
59.7310,-1061,-2.777692,-0.034721
59.7410,-1061,-2.777692,-0.034721
59.7510,-1062,-2.780309,-0.034754
59.7610,-1062,-2.780309,-0.034754
59.7710,-1063,-2.782927,-0.034787
59.7810,-1063,-2.782927,-0.034787
59.7910,-1063,-2.782927,-0.034787
59.8010,-1063,-2.782927,-0.034787
59.8110,-1063,-2.782927,-0.034787
59.8210,-1063,-2.782927,-0.034787
59.8310,-1063,-2.782927,-0.034787
59.8410,-1063,-2.782927,-0.034787
59.8510,-1063,-2.782927,-0.034787
59.8610,-1062,-2.780309,-0.034754
59.8710,-1062,-2.780309,-0.034754
59.8810,-1062,-2.780309,-0.034754
59.8910,-1063,-2.782927,-0.034787
59.9010,-1063,-2.782927,-0.034787
59.9110,-1063,-2.782927,-0.034787
59.9210,-1063,-2.782927,-0.034787
59.9310,-1064,-2.785546,-0.034819
59.9410,-1064,-2.785546,-0.034819
59.9510,-1064,-2.785546,-0.034819
59.9610,-1064,-2.785546,-0.034819
59.9710,-1064,-2.785546,-0.034819
59.9810,-1063,-2.782927,-0.034787
59.9910,-1063,-2.782927,-0.034787
60.0010,-1063,-2.782927,-0.034787
60.0110,-1063,-2.782927,-0.034787
60.0210,-1063,-2.782927,-0.034787
60.0310,-1064,-2.785546,-0.034819
60.0410,-1064,-2.785546,-0.034819
60.0510,-1064,-2.785546,-0.034819
60.0610,-1064,-2.785546,-0.034819
60.0710,-1064,-2.785546,-0.034819
60.0810,-1064,-2.785546,-0.034819
60.0910,-1064,-2.785546,-0.034819
60.1010,-1064,-2.785546,-0.034819
60.1110,-1064,-2.785546,-0.034819
60.1210,-1064,-2.785546,-0.034819
60.1310,-1064,-2.785546,-0.034819
60.1410,-1064,-2.785546,-0.034819
60.1510,-1064,-2.785546,-0.034819
60.1610,-1064,-2.785546,-0.034819
60.1710,-1065,-2.788163,-0.034852
60.1810,-1065,-2.788163,-0.034852
60.1910,-1065,-2.788163,-0.034852
60.2010,-1065,-2.788163,-0.034852
60.2110,-1065,-2.788163,-0.034852
60.2210,-1065,-2.788163,-0.034852
60.2310,-1065,-2.788163,-0.034852
60.2410,-1065,-2.788163,-0.034852
60.2520,-1065,-2.788163,-0.034852
60.2610,-1065,-2.788163,-0.034852
60.2710,-1065,-2.788163,-0.034852
60.2810,-1065,-2.788163,-0.034852
60.2910,-1065,-2.788163,-0.034852
60.3010,-1065,-2.788163,-0.034852
60.3110,-1065,-2.788163,-0.034852
60.3210,-1065,-2.788163,-0.034852
60.3310,-1065,-2.788163,-0.034852
60.3410,-1065,-2.788163,-0.034852
60.3510,-1065,-2.788163,-0.034852
60.3610,-1065,-2.788163,-0.034852
60.3710,-1065,-2.788163,-0.034852
60.3810,-1065,-2.788163,-0.034852
60.3910,-1065,-2.788163,-0.034852
60.4010,-1065,-2.788163,-0.034852
60.4110,-1065,-2.788163,-0.034852
60.4210,-1065,-2.788163,-0.034852
60.4310,-1065,-2.788163,-0.034852
60.4410,-1065,-2.788163,-0.034852
60.4510,-1065,-2.788163,-0.034852
60.4610,-1065,-2.788163,-0.034852
60.4710,-1065,-2.788163,-0.034852
60.4810,-1065,-2.788163,-0.034852
60.4910,-1065,-2.788163,-0.034852
60.5010,-1065,-2.788163,-0.034852
60.5110,-1065,-2.788163,-0.034852
60.5210,-1065,-2.788163,-0.034852
60.5310,-1065,-2.788163,-0.034852
60.5410,-1065,-2.788163,-0.034852
60.5510,-1065,-2.788163,-0.034852
60.5610,-1065,-2.788163,-0.034852
60.5710,-1065,-2.788163,-0.034852
60.5810,-1066,-2.790781,-0.034885
60.5910,-1066,-2.790781,-0.034885
60.6010,-1066,-2.790781,-0.034885
60.6110,-1066,-2.790781,-0.034885
60.6210,-1066,-2.790781,-0.034885
60.6310,-1066,-2.790781,-0.034885
60.6410,-1066,-2.790781,-0.034885
60.6510,-1066,-2.790781,-0.034885
60.6610,-1066,-2.790781,-0.034885
60.6710,-1066,-2.790781,-0.034885
60.6810,-1066,-2.790781,-0.034885
60.6910,-1066,-2.790781,-0.034885
60.7010,-1066,-2.790781,-0.034885
60.7110,-1066,-2.790781,-0.034885
60.7210,-1066,-2.790781,-0.034885
60.7310,-1066,-2.790781,-0.034885
60.7410,-1066,-2.790781,-0.034885
60.7510,-1066,-2.790781,-0.034885
60.7610,-1066,-2.790781,-0.034885
60.7710,-1067,-2.793400,-0.034917
60.7810,-1067,-2.793400,-0.034917
60.7910,-1067,-2.793400,-0.034917
60.8010,-1067,-2.793400,-0.034917
60.8110,-1067,-2.793400,-0.034917
60.8210,-1067,-2.793400,-0.034917
60.8310,-1066,-2.790781,-0.034885
60.8410,-1066,-2.790781,-0.034885
60.8510,-1066,-2.790781,-0.034885
60.8610,-1067,-2.793400,-0.034917
60.8710,-1067,-2.793400,-0.034917
60.8810,-1067,-2.793400,-0.034917
60.8920,-1067,-2.793400,-0.034917
60.9010,-1067,-2.793400,-0.034917
60.9110,-1067,-2.793400,-0.034917
60.9210,-1067,-2.793400,-0.034917
60.9310,-1067,-2.793400,-0.034917
60.9410,-1067,-2.793400,-0.034917
60.9510,-1067,-2.793400,-0.034917
60.9610,-1067,-2.793400,-0.034917
60.9710,-1067,-2.793400,-0.034917
60.9810,-1067,-2.793400,-0.034917
60.9910,-1067,-2.793400,-0.034917
61.0010,-1068,-2.796017,-0.034950
61.0110,-1068,-2.796017,-0.034950
61.0210,-1068,-2.796017,-0.034950
61.0310,-1068,-2.796017,-0.034950
61.0410,-1068,-2.796017,-0.034950
61.0510,-1068,-2.796017,-0.034950
61.0610,-1068,-2.796017,-0.034950
61.0710,-1068,-2.796017,-0.034950
61.0810,-1068,-2.796017,-0.034950
61.0910,-1068,-2.796017,-0.034950
61.1010,-1068,-2.796017,-0.034950
61.1110,-1068,-2.796017,-0.034950
61.1210,-1068,-2.796017,-0.034950
61.1310,-1068,-2.796017,-0.034950
61.1410,-1068,-2.796017,-0.034950
61.1510,-1068,-2.796017,-0.034950
61.1610,-1068,-2.796017,-0.034950
61.1710,-1068,-2.796017,-0.034950
61.1810,-1068,-2.796017,-0.034950
61.1910,-1068,-2.796017,-0.034950
61.2010,-1068,-2.796017,-0.034950
61.2110,-1068,-2.796017,-0.034950
61.2210,-1068,-2.796017,-0.034950
61.2310,-1068,-2.796017,-0.034950
61.2410,-1068,-2.796017,-0.034950
61.2510,-1068,-2.796017,-0.034950
61.2610,-1068,-2.796017,-0.034950
61.2710,-1068,-2.796017,-0.034950
61.2810,-1068,-2.796017,-0.034950
61.2910,-1068,-2.796017,-0.034950
61.3010,-1069,-2.798635,-0.034983
61.3110,-1069,-2.798635,-0.034983
61.3210,-1069,-2.798635,-0.034983
61.3310,-1069,-2.798635,-0.034983
61.3410,-1069,-2.798635,-0.034983
61.3510,-1069,-2.798635,-0.034983
61.3610,-1069,-2.798635,-0.034983
61.3710,-1069,-2.798635,-0.034983
61.3810,-1069,-2.798635,-0.034983
61.3910,-1068,-2.796017,-0.034950
61.4010,-1068,-2.796017,-0.034950
61.4110,-1068,-2.796017,-0.034950
61.4210,-1069,-2.798635,-0.034983
61.4310,-1069,-2.798635,-0.034983
61.4410,-1069,-2.798635,-0.034983
61.4510,-1069,-2.798635,-0.034983
61.4610,-1069,-2.798635,-0.034983
61.4710,-1069,-2.798635,-0.034983
61.4810,-1069,-2.798635,-0.034983
61.4910,-1069,-2.798635,-0.034983
61.5010,-1069,-2.798635,-0.034983
61.5110,-1069,-2.798635,-0.034983
61.5210,-1069,-2.798635,-0.034983
61.5320,-1069,-2.798635,-0.034983
61.5410,-1069,-2.798635,-0.034983
61.5510,-1069,-2.798635,-0.034983
61.5610,-1069,-2.798635,-0.034983
61.5710,-1069,-2.798635,-0.034983
61.5810,-1069,-2.798635,-0.034983
61.5910,-1069,-2.798635,-0.034983
61.6010,-1069,-2.798635,-0.034983
61.6110,-1069,-2.798635,-0.034983
61.6210,-1069,-2.798635,-0.034983
61.6310,-1069,-2.798635,-0.034983
61.6410,-1069,-2.798635,-0.034983
61.6510,-1069,-2.798635,-0.034983
61.6610,-1069,-2.798635,-0.034983
61.6710,-1069,-2.798635,-0.034983
61.6810,-1069,-2.798635,-0.034983
61.6910,-1069,-2.798635,-0.034983
61.7010,-1069,-2.798635,-0.034983
61.7110,-1069,-2.798635,-0.034983
61.7210,-1069,-2.798635,-0.034983
61.7310,-1069,-2.798635,-0.034983
61.7410,-1069,-2.798635,-0.034983
61.7510,-1069,-2.798635,-0.034983
61.7610,-1069,-2.798635,-0.034983
61.7710,-1069,-2.798635,-0.034983
61.7810,-1069,-2.798635,-0.034983
61.7910,-1069,-2.798635,-0.034983
61.8010,-1069,-2.798635,-0.034983
61.8110,-1069,-2.798635,-0.034983
61.8210,-1069,-2.798635,-0.034983
61.8310,-1069,-2.798635,-0.034983
61.8410,-1069,-2.798635,-0.034983
61.8510,-1069,-2.798635,-0.034983
61.8610,-1069,-2.798635,-0.034983
61.8710,-1069,-2.798635,-0.034983
61.8810,-1069,-2.798635,-0.034983
61.8910,-1069,-2.798635,-0.034983
61.9010,-1069,-2.798635,-0.034983
61.9110,-1069,-2.798635,-0.034983
61.9210,-1069,-2.798635,-0.034983
61.9310,-1069,-2.798635,-0.034983
61.9410,-1069,-2.798635,-0.034983
61.9510,-1069,-2.798635,-0.034983
61.9610,-1069,-2.798635,-0.034983
61.9710,-1070,-2.801254,-0.035016
61.9810,-1070,-2.801254,-0.035016
61.9910,-1070,-2.801254,-0.035016
62.0010,-1070,-2.801254,-0.035016
62.0110,-1070,-2.801254,-0.035016
62.0210,-1070,-2.801254,-0.035016
62.0310,-1070,-2.801254,-0.035016
62.0410,-1070,-2.801254,-0.035016
62.0510,-1070,-2.801254,-0.035016
62.0610,-1070,-2.801254,-0.035016
62.0710,-1070,-2.801254,-0.035016
62.0810,-1070,-2.801254,-0.035016
62.0910,-1070,-2.801254,-0.035016
62.1010,-1070,-2.801254,-0.035016
62.1110,-1070,-2.801254,-0.035016
62.1210,-1070,-2.801254,-0.035016
62.1310,-1070,-2.801254,-0.035016
62.1410,-1070,-2.801254,-0.035016
62.1510,-1070,-2.801254,-0.035016
62.1610,-1070,-2.801254,-0.035016
62.1720,-1070,-2.801254,-0.035016
62.1810,-1070,-2.801254,-0.035016
62.1910,-1070,-2.801254,-0.035016
62.2010,-1070,-2.801254,-0.035016
62.2110,-1070,-2.801254,-0.035016
62.2210,-1070,-2.801254,-0.035016
62.2310,-1070,-2.801254,-0.035016
62.2410,-1070,-2.801254,-0.035016
62.2510,-1071,-2.803871,-0.035048
62.2610,-1071,-2.803871,-0.035048
62.2710,-1071,-2.803871,-0.035048
62.2810,-1071,-2.803871,-0.035048
62.2910,-1071,-2.803871,-0.035048
62.3010,-1071,-2.803871,-0.035048
62.3110,-1071,-2.803871,-0.035048
62.3210,-1071,-2.803871,-0.035048
62.3310,-1071,-2.803871,-0.035048
62.3410,-1071,-2.803871,-0.035048
62.3510,-1071,-2.803871,-0.035048
62.3610,-1071,-2.803871,-0.035048
62.3710,-1071,-2.803871,-0.035048
62.3810,-1071,-2.803871,-0.035048
62.3910,-1071,-2.803871,-0.035048
62.4010,-1071,-2.803871,-0.035048
62.4110,-1071,-2.803871,-0.035048
62.4210,-1071,-2.803871,-0.035048
62.4310,-1071,-2.803871,-0.035048
62.4410,-1071,-2.803871,-0.035048
62.4510,-1071,-2.803871,-0.035048
62.4610,-1071,-2.803871,-0.035048
62.4710,-1071,-2.803871,-0.035048
62.4810,-1071,-2.803871,-0.035048
62.4910,-1071,-2.803871,-0.035048
62.5010,-1071,-2.803871,-0.035048
62.5110,-1071,-2.803871,-0.035048
62.5210,-1071,-2.803871,-0.035048
62.5310,-1072,-2.806489,-0.035081
62.5410,-1072,-2.806489,-0.035081
62.5510,-1072,-2.806489,-0.035081
62.5610,-1072,-2.806489,-0.035081
62.5710,-1072,-2.806489,-0.035081
62.5810,-1072,-2.806489,-0.035081
62.5910,-1072,-2.806489,-0.035081
62.6010,-1072,-2.806489,-0.035081
62.6110,-1072,-2.806489,-0.035081
62.6210,-1072,-2.806489,-0.035081
62.6310,-1072,-2.806489,-0.035081
62.6410,-1072,-2.806489,-0.035081
62.6510,-1072,-2.806489,-0.035081
62.6610,-1072,-2.806489,-0.035081
62.6710,-1072,-2.806489,-0.035081
62.6810,-1072,-2.806489,-0.035081
62.6910,-1072,-2.806489,-0.035081
62.7010,-1072,-2.806489,-0.035081
62.7110,-1072,-2.806489,-0.035081
62.7210,-1072,-2.806489,-0.035081
62.7310,-1072,-2.806489,-0.035081
62.7410,-1072,-2.806489,-0.035081
62.7510,-1072,-2.806489,-0.035081
62.7610,-1072,-2.806489,-0.035081
62.7710,-1072,-2.806489,-0.035081
62.7810,-1072,-2.806489,-0.035081
62.7910,-1072,-2.806489,-0.035081
62.8010,-1072,-2.806489,-0.035081
62.8120,-1072,-2.806489,-0.035081
62.8210,-1072,-2.806489,-0.035081
62.8310,-1072,-2.806489,-0.035081
62.8410,-1072,-2.806489,-0.035081
62.8510,-1072,-2.806489,-0.035081
62.8610,-1072,-2.806489,-0.035081
62.8710,-1072,-2.806489,-0.035081
62.8810,-1072,-2.806489,-0.035081
62.8910,-1072,-2.806489,-0.035081
62.9010,-1072,-2.806489,-0.035081
62.9110,-1072,-2.806489,-0.035081
62.9210,-1072,-2.806489,-0.035081
62.9310,-1072,-2.806489,-0.035081
62.9410,-1073,-2.809107,-0.035114
62.9510,-1073,-2.809107,-0.035114
62.9610,-1073,-2.809107,-0.035114
62.9710,-1073,-2.809107,-0.035114
62.9810,-1073,-2.809107,-0.035114
62.9910,-1073,-2.809107,-0.035114
63.0010,-1073,-2.809107,-0.035114
63.0110,-1073,-2.809107,-0.035114
63.0210,-1073,-2.809107,-0.035114
63.0310,-1073,-2.809107,-0.035114
63.0410,-1073,-2.809107,-0.035114
63.0510,-1072,-2.806489,-0.035081
63.0610,-1072,-2.806489,-0.035081
63.0710,-1072,-2.806489,-0.035081
63.0810,-1073,-2.809107,-0.035114
63.0910,-1073,-2.809107,-0.035114
63.1010,-1073,-2.809107,-0.035114
63.1110,-1073,-2.809107,-0.035114
63.1210,-1073,-2.809107,-0.035114
63.1310,-1073,-2.809107,-0.035114
63.1410,-1073,-2.809107,-0.035114
63.1510,-1073,-2.809107,-0.035114
63.1610,-1073,-2.809107,-0.035114
63.1710,-1073,-2.809107,-0.035114
63.1810,-1073,-2.809107,-0.035114
63.1910,-1073,-2.809107,-0.035114
63.2010,-1073,-2.809107,-0.035114
63.2110,-1073,-2.809107,-0.035114
63.2210,-1073,-2.809107,-0.035114
63.2310,-1073,-2.809107,-0.035114
63.2410,-1073,-2.809107,-0.035114
63.2510,-1073,-2.809107,-0.035114
63.2610,-1073,-2.809107,-0.035114
63.2710,-1073,-2.809107,-0.035114
63.2810,-1073,-2.809107,-0.035114
63.2910,-1073,-2.809107,-0.035114
63.3010,-1073,-2.809107,-0.035114
63.3110,-1073,-2.809107,-0.035114
63.3210,-1073,-2.809107,-0.035114
63.3310,-1073,-2.809107,-0.035114
63.3410,-1073,-2.809107,-0.035114
63.3510,-1073,-2.809107,-0.035114
63.3610,-1073,-2.809107,-0.035114
63.3710,-1073,-2.809107,-0.035114
63.3810,-1073,-2.809107,-0.035114
63.3910,-1073,-2.809107,-0.035114
63.4010,-1073,-2.809107,-0.035114
63.4110,-1073,-2.809107,-0.035114
63.4210,-1073,-2.809107,-0.035114
63.4310,-1073,-2.809107,-0.035114
63.4410,-1073,-2.809107,-0.035114
63.4520,-1073,-2.809107,-0.035114
63.4610,-1073,-2.809107,-0.035114
63.4710,-1073,-2.809107,-0.035114
63.4810,-1073,-2.809107,-0.035114
63.4910,-1073,-2.809107,-0.035114
63.5010,-1073,-2.809107,-0.035114
63.5110,-1073,-2.809107,-0.035114
63.5210,-1073,-2.809107,-0.035114
63.5310,-1073,-2.809107,-0.035114
63.5410,-1073,-2.809107,-0.035114
63.5510,-1073,-2.809107,-0.035114
63.5610,-1073,-2.809107,-0.035114
63.5710,-1073,-2.809107,-0.035114
63.5810,-1073,-2.809107,-0.035114
63.5910,-1073,-2.809107,-0.035114
63.6010,-1073,-2.809107,-0.035114
63.6110,-1073,-2.809107,-0.035114
63.6210,-1073,-2.809107,-0.035114
63.6310,-1073,-2.809107,-0.035114
63.6410,-1073,-2.809107,-0.035114
63.6510,-1073,-2.809107,-0.035114
63.6610,-1073,-2.809107,-0.035114
63.6710,-1073,-2.809107,-0.035114
63.6810,-1074,-2.811725,-0.035147
63.6910,-1074,-2.811725,-0.035147
63.7010,-1074,-2.811725,-0.035147
63.7110,-1074,-2.811725,-0.035147
63.7210,-1074,-2.811725,-0.035147
63.7310,-1074,-2.811725,-0.035147
63.7410,-1074,-2.811725,-0.035147
63.7510,-1074,-2.811725,-0.035147
63.7610,-1074,-2.811725,-0.035147
63.7710,-1074,-2.811725,-0.035147
63.7810,-1074,-2.811725,-0.035147
63.7910,-1074,-2.811725,-0.035147
63.8010,-1074,-2.811725,-0.035147
63.8110,-1074,-2.811725,-0.035147
63.8210,-1074,-2.811725,-0.035147
63.8310,-1074,-2.811725,-0.035147
63.8410,-1074,-2.811725,-0.035147
63.8510,-1074,-2.811725,-0.035147
63.8610,-1074,-2.811725,-0.035147
63.8710,-1074,-2.811725,-0.035147
63.8810,-1074,-2.811725,-0.035147
63.8910,-1074,-2.811725,-0.035147
63.9010,-1074,-2.811725,-0.035147
63.9110,-1074,-2.811725,-0.035147
63.9210,-1075,-2.814343,-0.035179
63.9310,-1075,-2.814343,-0.035179
63.9410,-1075,-2.814343,-0.035179
63.9510,-1075,-2.814343,-0.035179
63.9610,-1075,-2.814343,-0.035179
63.9710,-1075,-2.814343,-0.035179
63.9810,-1075,-2.814343,-0.035179
63.9910,-1075,-2.814343,-0.035179
64.0010,-1075,-2.814343,-0.035179
64.0110,-1075,-2.814343,-0.035179
64.0210,-1075,-2.814343,-0.035179
64.0310,-1075,-2.814343,-0.035179
64.0410,-1075,-2.814343,-0.035179
64.0510,-1075,-2.814343,-0.035179
64.0610,-1075,-2.814343,-0.035179
64.0710,-1075,-2.814343,-0.035179
64.0810,-1075,-2.814343,-0.035179
64.0920,-1075,-2.814343,-0.035179
64.1010,-1075,-2.814343,-0.035179
64.1110,-1075,-2.814343,-0.035179
64.1210,-1075,-2.814343,-0.035179
64.1310,-1075,-2.814343,-0.035179
64.1410,-1075,-2.814343,-0.035179
64.1510,-1075,-2.814343,-0.035179
64.1610,-1075,-2.814343,-0.035179
64.1710,-1075,-2.814343,-0.035179
64.1810,-1075,-2.814343,-0.035179
64.1910,-1075,-2.814343,-0.035179
64.2010,-1075,-2.814343,-0.035179
64.2110,-1075,-2.814343,-0.035179
64.2210,-1075,-2.814343,-0.035179
64.2310,-1075,-2.814343,-0.035179
64.2410,-1075,-2.814343,-0.035179
64.2510,-1075,-2.814343,-0.035179
64.2610,-1075,-2.814343,-0.035179
64.2710,-1075,-2.814343,-0.035179
64.2810,-1075,-2.814343,-0.035179
64.2910,-1075,-2.814343,-0.035179
64.3010,-1075,-2.814343,-0.035179
64.3110,-1075,-2.814343,-0.035179
64.3210,-1075,-2.814343,-0.035179
64.3310,-1075,-2.814343,-0.035179
64.3410,-1075,-2.814343,-0.035179
64.3510,-1075,-2.814343,-0.035179
64.3610,-1075,-2.814343,-0.035179
64.3710,-1075,-2.814343,-0.035179
64.3810,-1075,-2.814343,-0.035179
64.3910,-1075,-2.814343,-0.035179
64.4010,-1075,-2.814343,-0.035179
64.4110,-1075,-2.814343,-0.035179
64.4210,-1075,-2.814343,-0.035179
64.4310,-1075,-2.814343,-0.035179
64.4410,-1075,-2.814343,-0.035179
64.4510,-1075,-2.814343,-0.035179
64.4610,-1075,-2.814343,-0.035179
64.4710,-1075,-2.814343,-0.035179
64.4810,-1075,-2.814343,-0.035179
64.4910,-1075,-2.814343,-0.035179
64.5010,-1075,-2.814343,-0.035179
64.5110,-1075,-2.814343,-0.035179
64.5210,-1075,-2.814343,-0.035179
64.5310,-1075,-2.814343,-0.035179
64.5410,-1075,-2.814343,-0.035179
64.5510,-1075,-2.814343,-0.035179
64.5610,-1075,-2.814343,-0.035179
64.5710,-1075,-2.814343,-0.035179
64.5810,-1075,-2.814343,-0.035179
64.5910,-1075,-2.814343,-0.035179
64.6010,-1075,-2.814343,-0.035179
64.6110,-1075,-2.814343,-0.035179
64.6210,-1075,-2.814343,-0.035179
64.6310,-1075,-2.814343,-0.035179
64.6410,-1075,-2.814343,-0.035179
64.6510,-1075,-2.814343,-0.035179
64.6610,-1075,-2.814343,-0.035179
64.6710,-1075,-2.814343,-0.035179
64.6810,-1075,-2.814343,-0.035179
64.6910,-1075,-2.814343,-0.035179
64.7010,-1075,-2.814343,-0.035179
64.7110,-1075,-2.814343,-0.035179
64.7210,-1075,-2.814343,-0.035179
64.7320,-1075,-2.814343,-0.035179
64.7410,-1075,-2.814343,-0.035179
64.7510,-1075,-2.814343,-0.035179
64.7610,-1075,-2.814343,-0.035179
64.7710,-1075,-2.814343,-0.035179
64.7810,-1075,-2.814343,-0.035179
64.7910,-1075,-2.814343,-0.035179
64.8010,-1075,-2.814343,-0.035179
64.8110,-1075,-2.814343,-0.035179
64.8210,-1075,-2.814343,-0.035179
64.8310,-1075,-2.814343,-0.035179
64.8410,-1075,-2.814343,-0.035179
64.8510,-1075,-2.814343,-0.035179
64.8610,-1075,-2.814343,-0.035179
64.8710,-1075,-2.814343,-0.035179
64.8810,-1075,-2.814343,-0.035179
64.8910,-1076,-2.816962,-0.035212
64.9010,-1076,-2.816962,-0.035212
64.9110,-1076,-2.816962,-0.035212
64.9210,-1076,-2.816962,-0.035212
64.9310,-1076,-2.816962,-0.035212
64.9410,-1076,-2.816962,-0.035212
64.9510,-1076,-2.816962,-0.035212
64.9610,-1076,-2.816962,-0.035212
64.9710,-1075,-2.814343,-0.035179
64.9810,-1075,-2.814343,-0.035179
64.9910,-1075,-2.814343,-0.035179
65.0010,-1075,-2.814343,-0.035179
65.0110,-1075,-2.814343,-0.035179
65.0210,-1076,-2.816962,-0.035212
65.0310,-1076,-2.816962,-0.035212
65.0410,-1076,-2.816962,-0.035212
65.0510,-1076,-2.816962,-0.035212
65.0610,-1076,-2.816962,-0.035212
65.0710,-1076,-2.816962,-0.035212
65.0810,-1076,-2.816962,-0.035212
65.0910,-1076,-2.816962,-0.035212
65.1010,-1076,-2.816962,-0.035212
65.1110,-1076,-2.816962,-0.035212
65.1210,-1076,-2.816962,-0.035212
65.1310,-1076,-2.816962,-0.035212
65.1410,-1076,-2.816962,-0.035212
65.1510,-1076,-2.816962,-0.035212
65.1610,-1076,-2.816962,-0.035212
65.1710,-1076,-2.816962,-0.035212
65.1810,-1076,-2.816962,-0.035212
65.1910,-1076,-2.816962,-0.035212
65.2010,-1076,-2.816962,-0.035212
65.2110,-1076,-2.816962,-0.035212
65.2210,-1076,-2.816962,-0.035212
65.2310,-1076,-2.816962,-0.035212
65.2410,-1076,-2.816962,-0.035212
65.2510,-1076,-2.816962,-0.035212
65.2610,-1076,-2.816962,-0.035212
65.2710,-1076,-2.816962,-0.035212
65.2810,-1076,-2.816962,-0.035212
65.2910,-1076,-2.816962,-0.035212
65.3010,-1077,-2.819579,-0.035245
65.3110,-1077,-2.819579,-0.035245
65.3210,-1077,-2.819579,-0.035245
65.3310,-1077,-2.819579,-0.035245
65.3410,-1077,-2.819579,-0.035245
65.3510,-1077,-2.819579,-0.035245
65.3610,-1077,-2.819579,-0.035245
65.3720,-1077,-2.819579,-0.035245
65.3810,-1077,-2.819579,-0.035245
65.3910,-1077,-2.819579,-0.035245
65.4010,-1077,-2.819579,-0.035245
65.4110,-1077,-2.819579,-0.035245
65.4210,-1077,-2.819579,-0.035245
65.4310,-1077,-2.819579,-0.035245
65.4410,-1077,-2.819579,-0.035245
65.4510,-1077,-2.819579,-0.035245
65.4610,-1077,-2.819579,-0.035245
65.4710,-1077,-2.819579,-0.035245
65.4810,-1077,-2.819579,-0.035245
65.4910,-1077,-2.819579,-0.035245
65.5010,-1077,-2.819579,-0.035245
65.5110,-1077,-2.819579,-0.035245
65.5210,-1077,-2.819579,-0.035245
65.5310,-1077,-2.819579,-0.035245
65.5410,-1077,-2.819579,-0.035245
65.5510,-1077,-2.819579,-0.035245
65.5610,-1077,-2.819579,-0.035245
65.5710,-1077,-2.819579,-0.035245
65.5810,-1077,-2.819579,-0.035245
65.5910,-1077,-2.819579,-0.035245
65.6010,-1077,-2.819579,-0.035245
65.6110,-1077,-2.819579,-0.035245
65.6210,-1077,-2.819579,-0.035245
65.6310,-1077,-2.819579,-0.035245
65.6410,-1077,-2.819579,-0.035245
65.6510,-1077,-2.819579,-0.035245
65.6610,-1077,-2.819579,-0.035245
65.6710,-1077,-2.819579,-0.035245
65.6810,-1077,-2.819579,-0.035245
65.6910,-1077,-2.819579,-0.035245
65.7010,-1077,-2.819579,-0.035245
65.7110,-1077,-2.819579,-0.035245
65.7210,-1077,-2.819579,-0.035245
65.7310,-1077,-2.819579,-0.035245
65.7410,-1077,-2.819579,-0.035245
65.7510,-1077,-2.819579,-0.035245
65.7610,-1077,-2.819579,-0.035245
65.7710,-1077,-2.819579,-0.035245
65.7810,-1077,-2.819579,-0.035245
65.7910,-1077,-2.819579,-0.035245
65.8010,-1077,-2.819579,-0.035245
65.8110,-1077,-2.819579,-0.035245
65.8210,-1077,-2.819579,-0.035245
65.8310,-1077,-2.819579,-0.035245
65.8410,-1077,-2.819579,-0.035245
65.8510,-1077,-2.819579,-0.035245
65.8610,-1077,-2.819579,-0.035245
65.8710,-1077,-2.819579,-0.035245
65.8810,-1077,-2.819579,-0.035245
65.8910,-1077,-2.819579,-0.035245
65.9010,-1077,-2.819579,-0.035245
65.9110,-1077,-2.819579,-0.035245
65.9210,-1077,-2.819579,-0.035245
65.9310,-1077,-2.819579,-0.035245
65.9410,-1077,-2.819579,-0.035245
65.9510,-1077,-2.819579,-0.035245
65.9610,-1077,-2.819579,-0.035245
65.9710,-1077,-2.819579,-0.035245
65.9810,-1077,-2.819579,-0.035245
65.9910,-1077,-2.819579,-0.035245
66.0010,-1077,-2.819579,-0.035245
66.0120,-1077,-2.819579,-0.035245
66.0210,-1077,-2.819579,-0.035245
66.0310,-1077,-2.819579,-0.035245
66.0410,-1077,-2.819579,-0.035245
66.0510,-1077,-2.819579,-0.035245
66.0610,-1077,-2.819579,-0.035245
66.0710,-1077,-2.819579,-0.035245
66.0810,-1077,-2.819579,-0.035245
66.0910,-1077,-2.819579,-0.035245
66.1010,-1077,-2.819579,-0.035245
66.1110,-1077,-2.819579,-0.035245
66.1210,-1077,-2.819579,-0.035245
66.1310,-1077,-2.819579,-0.035245
66.1410,-1077,-2.819579,-0.035245
66.1510,-1077,-2.819579,-0.035245
66.1610,-1077,-2.819579,-0.035245
66.1710,-1077,-2.819579,-0.035245
66.1810,-1077,-2.819579,-0.035245
66.1910,-1077,-2.819579,-0.035245
66.2010,-1077,-2.819579,-0.035245
66.2110,-1077,-2.819579,-0.035245
66.2210,-1077,-2.819579,-0.035245
66.2310,-1077,-2.819579,-0.035245
66.2410,-1077,-2.819579,-0.035245
66.2510,-1077,-2.819579,-0.035245
66.2610,-1077,-2.819579,-0.035245
66.2710,-1077,-2.819579,-0.035245
66.2810,-1077,-2.819579,-0.035245
66.2910,-1077,-2.819579,-0.035245
66.3010,-1077,-2.819579,-0.035245
66.3110,-1077,-2.819579,-0.035245
66.3210,-1077,-2.819579,-0.035245
66.3310,-1077,-2.819579,-0.035245
66.3410,-1077,-2.819579,-0.035245
66.3510,-1077,-2.819579,-0.035245
66.3610,-1077,-2.819579,-0.035245
66.3710,-1077,-2.819579,-0.035245
66.3810,-1077,-2.819579,-0.035245
66.3910,-1077,-2.819579,-0.035245
66.4010,-1077,-2.819579,-0.035245
66.4110,-1077,-2.819579,-0.035245
66.4210,-1077,-2.819579,-0.035245
66.4310,-1077,-2.819579,-0.035245
66.4410,-1077,-2.819579,-0.035245
66.4510,-1077,-2.819579,-0.035245
66.4610,-1077,-2.819579,-0.035245
66.4710,-1077,-2.819579,-0.035245
66.4810,-1077,-2.819579,-0.035245
66.4910,-1077,-2.819579,-0.035245
66.5010,-1077,-2.819579,-0.035245
66.5110,-1077,-2.819579,-0.035245
66.5210,-1077,-2.819579,-0.035245
66.5310,-1077,-2.819579,-0.035245
66.5410,-1077,-2.819579,-0.035245
66.5510,-1078,-2.822197,-0.035277
66.5610,-1078,-2.822197,-0.035277
66.5710,-1078,-2.822197,-0.035277
66.5810,-1078,-2.822197,-0.035277
66.5910,-1079,-2.824815,-0.035310
66.6010,-1079,-2.824815,-0.035310
66.6110,-1079,-2.824815,-0.035310
66.6210,-1079,-2.824815,-0.035310
66.6310,-1079,-2.824815,-0.035310
66.6410,-1079,-2.824815,-0.035310
66.6520,-1079,-2.824815,-0.035310
66.6610,-1078,-2.822197,-0.035277
66.6710,-1078,-2.822197,-0.035277
66.6810,-1078,-2.822197,-0.035277
66.6910,-1079,-2.824815,-0.035310
66.7010,-1079,-2.824815,-0.035310
66.7110,-1079,-2.824815,-0.035310
66.7210,-1079,-2.824815,-0.035310
66.7310,-1079,-2.824815,-0.035310
66.7410,-1079,-2.824815,-0.035310
66.7510,-1079,-2.824815,-0.035310
66.7610,-1079,-2.824815,-0.035310
66.7710,-1079,-2.824815,-0.035310
66.7810,-1079,-2.824815,-0.035310
66.7910,-1079,-2.824815,-0.035310
66.8010,-1079,-2.824815,-0.035310
66.8110,-1079,-2.824815,-0.035310
66.8210,-1079,-2.824815,-0.035310
66.8310,-1079,-2.824815,-0.035310
66.8410,-1079,-2.824815,-0.035310
66.8510,-1079,-2.824815,-0.035310
66.8610,-1079,-2.824815,-0.035310
66.8710,-1079,-2.824815,-0.035310
66.8810,-1079,-2.824815,-0.035310
66.8910,-1079,-2.824815,-0.035310
66.9010,-1079,-2.824815,-0.035310
66.9110,-1079,-2.824815,-0.035310
66.9210,-1079,-2.824815,-0.035310
66.9310,-1079,-2.824815,-0.035310
66.9410,-1079,-2.824815,-0.035310
66.9510,-1079,-2.824815,-0.035310
66.9610,-1079,-2.824815,-0.035310
66.9710,-1079,-2.824815,-0.035310
66.9810,-1079,-2.824815,-0.035310
66.9910,-1079,-2.824815,-0.035310
67.0010,-1079,-2.824815,-0.035310
67.0110,-1079,-2.824815,-0.035310
67.0210,-1079,-2.824815,-0.035310
67.0310,-1079,-2.824815,-0.035310
67.0410,-1079,-2.824815,-0.035310
67.0510,-1079,-2.824815,-0.035310
67.0610,-1079,-2.824815,-0.035310
67.0710,-1079,-2.824815,-0.035310
67.0810,-1079,-2.824815,-0.035310
67.0910,-1079,-2.824815,-0.035310
67.1010,-1080,-2.827433,-0.035343
67.1110,-1080,-2.827433,-0.035343
67.1210,-1080,-2.827433,-0.035343
67.1310,-1080,-2.827433,-0.035343
67.1410,-1080,-2.827433,-0.035343
67.1510,-1080,-2.827433,-0.035343
67.1610,-1080,-2.827433,-0.035343
67.1710,-1080,-2.827433,-0.035343
67.1810,-1080,-2.827433,-0.035343
67.1910,-1080,-2.827433,-0.035343
67.2010,-1080,-2.827433,-0.035343
67.2110,-1080,-2.827433,-0.035343
67.2210,-1080,-2.827433,-0.035343
67.2310,-1080,-2.827433,-0.035343
67.2410,-1080,-2.827433,-0.035343
67.2510,-1080,-2.827433,-0.035343
67.2610,-1080,-2.827433,-0.035343
67.2710,-1080,-2.827433,-0.035343
67.2810,-1080,-2.827433,-0.035343
67.2920,-1080,-2.827433,-0.035343
67.3010,-1080,-2.827433,-0.035343
67.3110,-1080,-2.827433,-0.035343
67.3210,-1080,-2.827433,-0.035343
67.3310,-1080,-2.827433,-0.035343
67.3410,-1080,-2.827433,-0.035343
67.3510,-1080,-2.827433,-0.035343
67.3610,-1080,-2.827433,-0.035343
67.3710,-1080,-2.827433,-0.035343
67.3810,-1080,-2.827433,-0.035343
67.3910,-1080,-2.827433,-0.035343
67.4010,-1080,-2.827433,-0.035343
67.4110,-1080,-2.827433,-0.035343
67.4210,-1080,-2.827433,-0.035343
67.4310,-1080,-2.827433,-0.035343
67.4410,-1080,-2.827433,-0.035343
67.4510,-1080,-2.827433,-0.035343
67.4610,-1080,-2.827433,-0.035343
67.4710,-1080,-2.827433,-0.035343
67.4810,-1080,-2.827433,-0.035343
67.4910,-1080,-2.827433,-0.035343
67.5010,-1080,-2.827433,-0.035343
67.5110,-1080,-2.827433,-0.035343
67.5210,-1080,-2.827433,-0.035343
67.5310,-1080,-2.827433,-0.035343
67.5410,-1080,-2.827433,-0.035343
67.5510,-1080,-2.827433,-0.035343
67.5610,-1080,-2.827433,-0.035343
67.5710,-1080,-2.827433,-0.035343
67.5810,-1080,-2.827433,-0.035343
67.5910,-1080,-2.827433,-0.035343
67.6010,-1080,-2.827433,-0.035343
67.6110,-1080,-2.827433,-0.035343
67.6210,-1080,-2.827433,-0.035343
67.6310,-1080,-2.827433,-0.035343
67.6410,-1080,-2.827433,-0.035343
67.6510,-1080,-2.827433,-0.035343
67.6610,-1080,-2.827433,-0.035343
67.6710,-1080,-2.827433,-0.035343
67.6810,-1080,-2.827433,-0.035343
67.6910,-1080,-2.827433,-0.035343
67.7010,-1080,-2.827433,-0.035343
67.7110,-1080,-2.827433,-0.035343
67.7210,-1080,-2.827433,-0.035343
67.7310,-1080,-2.827433,-0.035343
67.7410,-1080,-2.827433,-0.035343
67.7510,-1080,-2.827433,-0.035343
67.7610,-1080,-2.827433,-0.035343
67.7710,-1080,-2.827433,-0.035343
67.7810,-1080,-2.827433,-0.035343
67.7910,-1080,-2.827433,-0.035343
67.8010,-1080,-2.827433,-0.035343
67.8110,-1080,-2.827433,-0.035343
67.8210,-1080,-2.827433,-0.035343
67.8310,-1080,-2.827433,-0.035343
67.8410,-1080,-2.827433,-0.035343
67.8510,-1080,-2.827433,-0.035343
67.8610,-1080,-2.827433,-0.035343
67.8710,-1080,-2.827433,-0.035343
67.8810,-1080,-2.827433,-0.035343
67.8910,-1080,-2.827433,-0.035343
67.9010,-1080,-2.827433,-0.035343
67.9110,-1080,-2.827433,-0.035343
67.9210,-1080,-2.827433,-0.035343
67.9320,-1080,-2.827433,-0.035343
67.9410,-1081,-2.830051,-0.035376
67.9510,-1081,-2.830051,-0.035376
67.9610,-1081,-2.830051,-0.035376
67.9710,-1081,-2.830051,-0.035376
67.9810,-1081,-2.830051,-0.035376
67.9910,-1081,-2.830051,-0.035376
68.0010,-1081,-2.830051,-0.035376
68.0110,-1081,-2.830051,-0.035376
68.0210,-1081,-2.830051,-0.035376
68.0310,-1081,-2.830051,-0.035376
68.0410,-1081,-2.830051,-0.035376
68.0510,-1081,-2.830051,-0.035376
68.0610,-1081,-2.830051,-0.035376
68.0710,-1081,-2.830051,-0.035376
68.0810,-1081,-2.830051,-0.035376
68.0910,-1081,-2.830051,-0.035376
68.1010,-1081,-2.830051,-0.035376
68.1110,-1081,-2.830051,-0.035376
68.1210,-1081,-2.830051,-0.035376
68.1310,-1081,-2.830051,-0.035376
68.1410,-1081,-2.830051,-0.035376
68.1510,-1081,-2.830051,-0.035376
68.1610,-1081,-2.830051,-0.035376
68.1710,-1081,-2.830051,-0.035376
68.1810,-1081,-2.830051,-0.035376
68.1910,-1081,-2.830051,-0.035376
68.2010,-1081,-2.830051,-0.035376
68.2110,-1082,-2.832669,-0.035408
68.2210,-1082,-2.832669,-0.035408
68.2310,-1082,-2.832669,-0.035408
68.2410,-1083,-2.835287,-0.035441
68.2510,-1083,-2.835287,-0.035441
68.2610,-1084,-2.837905,-0.035474
68.2710,-1084,-2.837905,-0.035474
68.2810,-1084,-2.837905,-0.035474
68.2910,-1085,-2.840523,-0.035507
68.3010,-1085,-2.840523,-0.035507
68.3110,-1085,-2.840523,-0.035507
68.3210,-1085,-2.840523,-0.035507
68.3310,-1085,-2.840523,-0.035507
68.3410,-1085,-2.840523,-0.035507
68.3510,-1085,-2.840523,-0.035507
68.3610,-1085,-2.840523,-0.035507
68.3710,-1086,-2.843141,-0.035539
68.3810,-1086,-2.843141,-0.035539
68.3910,-1086,-2.843141,-0.035539
68.4010,-1087,-2.845759,-0.035572
68.4110,-1087,-2.845759,-0.035572
68.4210,-1087,-2.845759,-0.035572
68.4310,-1087,-2.845759,-0.035572
68.4410,-1087,-2.845759,-0.035572
68.4510,-1087,-2.845759,-0.035572
68.4610,-1087,-2.845759,-0.035572
68.4710,-1087,-2.845759,-0.035572
68.4810,-1086,-2.843141,-0.035539
68.4910,-1087,-2.845759,-0.035572
68.5010,-1087,-2.845759,-0.035572
68.5110,-1087,-2.845759,-0.035572
68.5210,-1087,-2.845759,-0.035572
68.5310,-1088,-2.848377,-0.035605
68.5410,-1088,-2.848377,-0.035605
68.5510,-1088,-2.848377,-0.035605
68.5610,-1088,-2.848377,-0.035605
68.5720,-1088,-2.848377,-0.035605
68.5810,-1088,-2.848377,-0.035605
68.5910,-1088,-2.848377,-0.035605
68.6010,-1088,-2.848377,-0.035605
68.6110,-1088,-2.848377,-0.035605
68.6210,-1088,-2.848377,-0.035605
68.6310,-1088,-2.848377,-0.035605
68.6410,-1088,-2.848377,-0.035605
68.6510,-1089,-2.850996,-0.035637
68.6610,-1089,-2.850996,-0.035637
68.6710,-1089,-2.850996,-0.035637
68.6810,-1089,-2.850996,-0.035637
68.6910,-1089,-2.850996,-0.035637
68.7010,-1089,-2.850996,-0.035637
68.7110,-1089,-2.850996,-0.035637
68.7210,-1089,-2.850996,-0.035637
68.7310,-1089,-2.850996,-0.035637
68.7410,-1089,-2.850996,-0.035637
68.7510,-1089,-2.850996,-0.035637
68.7610,-1089,-2.850996,-0.035637
68.7710,-1089,-2.850996,-0.035637
68.7810,-1089,-2.850996,-0.035637
68.7910,-1090,-2.853613,-0.035670
68.8010,-1090,-2.853613,-0.035670
68.8110,-1091,-2.856231,-0.035703
68.8210,-1091,-2.856231,-0.035703
68.8310,-1091,-2.856231,-0.035703
68.8410,-1093,-2.861467,-0.035768
68.8510,-1096,-2.869321,-0.035867
68.8610,-1100,-2.879793,-0.035997
68.8710,-1103,-2.887647,-0.036096
68.8810,-1106,-2.895501,-0.036194
68.8910,-1110,-2.905973,-0.036325
68.9010,-1113,-2.913827,-0.036423
68.9110,-1118,-2.926917,-0.036586
68.9210,-1121,-2.934771,-0.036685
68.9310,-1123,-2.940007,-0.036750
68.9410,-1125,-2.945243,-0.036816
68.9510,-1126,-2.947861,-0.036848
68.9610,-1128,-2.953097,-0.036914
68.9710,-1131,-2.960951,-0.037012
68.9810,-1136,-2.974041,-0.037176
68.9910,-1142,-2.989749,-0.037372
69.0010,-1148,-3.005457,-0.037568
69.0110,-1155,-3.023783,-0.037797
69.0210,-1163,-3.044727,-0.038059
69.0310,-1171,-3.065671,-0.038321
69.0410,-1177,-3.081379,-0.038517
69.0510,-1185,-3.102323,-0.038779
69.0610,-1190,-3.115413,-0.038943
69.0710,-1195,-3.128503,-0.039106
69.0810,-1197,-3.133739,-0.039172
69.0910,-1199,-3.138975,-0.039237
69.1010,-1200,-3.141593,-0.039270
69.1110,-1200,-3.141593,-0.039270
69.1210,-1200,-3.141593,-0.039270
69.1310,-1200,-3.141593,-0.039270
69.1410,-1200,-3.141593,-0.039270
69.1510,-1200,-3.141593,-0.039270
69.1610,-1201,-3.144211,-0.039303
69.1710,-1202,-3.146829,-0.039335
69.1810,-1203,-3.149447,-0.039368
69.1910,-1205,-3.154683,-0.039434
69.2010,-1207,-3.159919,-0.039499
69.2120,-1209,-3.165155,-0.039564
69.2210,-1210,-3.167773,-0.039597
69.2310,-1212,-3.173009,-0.039663
69.2410,-1212,-3.173009,-0.039663
69.2510,-1213,-3.175627,-0.039695
69.2610,-1213,-3.175627,-0.039695
69.2710,-1214,-3.178245,-0.039728
69.2810,-1214,-3.178245,-0.039728
69.2910,-1214,-3.178245,-0.039728
69.3010,-1215,-3.180863,-0.039761
69.3110,-1215,-3.180863,-0.039761
69.3210,-1216,-3.183480,-0.039794
69.3310,-1217,-3.186099,-0.039826
69.3410,-1219,-3.191335,-0.039892
69.3510,-1220,-3.193953,-0.039924
69.3610,-1223,-3.201807,-0.040023
69.3710,-1224,-3.204425,-0.040055
69.3810,-1226,-3.209661,-0.040121
69.3910,-1227,-3.212279,-0.040153
69.4010,-1228,-3.214896,-0.040186
69.4110,-1229,-3.217515,-0.040219
69.4210,-1229,-3.217515,-0.040219
69.4310,-1229,-3.217515,-0.040219
69.4410,-1230,-3.220133,-0.040252
69.4510,-1230,-3.220133,-0.040252
69.4610,-1231,-3.222751,-0.040284
69.4710,-1232,-3.225368,-0.040317
69.4810,-1233,-3.227987,-0.040350
69.4910,-1235,-3.233223,-0.040415
69.5010,-1237,-3.238459,-0.040481
69.5110,-1239,-3.243695,-0.040546
69.5210,-1242,-3.251548,-0.040644
69.5310,-1245,-3.259402,-0.040743
69.5410,-1249,-3.269875,-0.040873
69.5510,-1252,-3.277728,-0.040972
69.5610,-1257,-3.290818,-0.041135
69.5710,-1261,-3.301290,-0.041266
69.5810,-1268,-3.319616,-0.041495
69.5910,-1275,-3.337942,-0.041724
69.6010,-1283,-3.358886,-0.041986
69.6110,-1297,-3.395538,-0.042444
69.6210,-1318,-3.450516,-0.043131
69.6310,-1346,-3.523820,-0.044048
69.6410,-1375,-3.599742,-0.044997
69.6510,-1412,-3.696607,-0.046208
69.6610,-1448,-3.790855,-0.047386
69.6710,-1479,-3.872013,-0.048400
69.6810,-1510,-3.953171,-0.049415
69.6910,-1542,-4.036947,-0.050462
69.7010,-1568,-4.105014,-0.051313
69.7110,-1586,-4.152139,-0.051902
69.7210,-1602,-4.194026,-0.052425
69.7310,-1612,-4.220206,-0.052753
69.7410,-1618,-4.235914,-0.052949
69.7510,-1618,-4.235914,-0.052949
69.7610,-1617,-4.233296,-0.052916
69.7710,-1616,-4.230678,-0.052883
69.7810,-1616,-4.230678,-0.052883
69.7910,-1618,-4.235914,-0.052949
69.8010,-1620,-4.241150,-0.053014
69.8110,-1623,-4.249004,-0.053113
69.8210,-1626,-4.256858,-0.053211
69.8310,-1628,-4.262094,-0.053276
69.8410,-1630,-4.267330,-0.053342
69.8520,-1630,-4.267330,-0.053342
69.8610,-1630,-4.267330,-0.053342
69.8710,-1628,-4.262094,-0.053276
69.8810,-1628,-4.262094,-0.053276
69.8910,-1626,-4.256858,-0.053211
69.9010,-1626,-4.256858,-0.053211
69.9110,-1625,-4.254240,-0.053178
69.9210,-1626,-4.256858,-0.053211
69.9310,-1627,-4.259476,-0.053243
69.9410,-1628,-4.262094,-0.053276
69.9510,-1630,-4.267330,-0.053342
69.9610,-1631,-4.269948,-0.053374
69.9710,-1632,-4.272566,-0.053407
69.9810,-1632,-4.272566,-0.053407
69.9910,-1632,-4.272566,-0.053407
70.0010,-1632,-4.272566,-0.053407
70.0110,-1630,-4.267330,-0.053342
70.0210,-1630,-4.267330,-0.053342
70.0310,-1630,-4.267330,-0.053342
70.0410,-1630,-4.267330,-0.053342
70.0510,-1630,-4.267330,-0.053342
70.0610,-1631,-4.269948,-0.053374
70.0710,-1632,-4.272566,-0.053407
70.0810,-1633,-4.275184,-0.053440
70.0910,-1634,-4.277802,-0.053473
70.1010,-1634,-4.277802,-0.053473
70.1110,-1634,-4.277802,-0.053473
70.1210,-1634,-4.277802,-0.053473
70.1310,-1633,-4.275184,-0.053440
70.1410,-1633,-4.275184,-0.053440
70.1510,-1632,-4.272566,-0.053407
70.1610,-1632,-4.272566,-0.053407
70.1710,-1632,-4.272566,-0.053407
70.1810,-1633,-4.275184,-0.053440
70.1910,-1633,-4.275184,-0.053440
70.2010,-1634,-4.277802,-0.053473
70.2110,-1635,-4.280420,-0.053505
70.2210,-1635,-4.280420,-0.053505
70.2310,-1636,-4.283038,-0.053538
70.2410,-1636,-4.283038,-0.053538
70.2510,-1636,-4.283038,-0.053538
70.2610,-1635,-4.280420,-0.053505
70.2710,-1635,-4.280420,-0.053505
70.2810,-1635,-4.280420,-0.053505
70.2910,-1634,-4.277802,-0.053473
70.3010,-1634,-4.277802,-0.053473
70.3110,-1635,-4.280420,-0.053505
70.3210,-1635,-4.280420,-0.053505
70.3310,-1636,-4.283038,-0.053538
70.3410,-1636,-4.283038,-0.053538
70.3510,-1637,-4.285656,-0.053571
70.3610,-1637,-4.285656,-0.053571
70.3710,-1637,-4.285656,-0.053571
70.3810,-1637,-4.285656,-0.053571
70.3910,-1637,-4.285656,-0.053571
70.4010,-1636,-4.283038,-0.053538
70.4110,-1636,-4.283038,-0.053538
70.4210,-1636,-4.283038,-0.053538
70.4310,-1636,-4.283038,-0.053538
70.4410,-1636,-4.283038,-0.053538
70.4510,-1636,-4.283038,-0.053538
70.4610,-1637,-4.285656,-0.053571
70.4710,-1637,-4.285656,-0.053571
70.4810,-1638,-4.288274,-0.053603
70.4920,-1638,-4.288274,-0.053603
70.5010,-1638,-4.288274,-0.053603
70.5110,-1638,-4.288274,-0.053603
70.5210,-1637,-4.285656,-0.053571
70.5310,-1637,-4.285656,-0.053571
70.5410,-1637,-4.285656,-0.053571
70.5510,-1637,-4.285656,-0.053571
70.5610,-1637,-4.285656,-0.053571
70.5710,-1637,-4.285656,-0.053571
70.5810,-1637,-4.285656,-0.053571
70.5910,-1638,-4.288274,-0.053603
70.6010,-1638,-4.288274,-0.053603
70.6110,-1639,-4.290892,-0.053636
70.6210,-1639,-4.290892,-0.053636
70.6310,-1639,-4.290892,-0.053636
70.6410,-1639,-4.290892,-0.053636
70.6510,-1639,-4.290892,-0.053636
70.6610,-1638,-4.288274,-0.053603
70.6710,-1638,-4.288274,-0.053603
70.6810,-1638,-4.288274,-0.053603
70.6910,-1638,-4.288274,-0.053603
70.7010,-1638,-4.288274,-0.053603
70.7110,-1638,-4.288274,-0.053603
70.7210,-1638,-4.288274,-0.053603
70.7310,-1639,-4.290892,-0.053636
70.7410,-1639,-4.290892,-0.053636
70.7510,-1640,-4.293510,-0.053669
70.7610,-1640,-4.293510,-0.053669
70.7710,-1640,-4.293510,-0.053669
70.7810,-1640,-4.293510,-0.053669
70.7910,-1639,-4.290892,-0.053636
70.8010,-1639,-4.290892,-0.053636
70.8110,-1639,-4.290892,-0.053636
70.8210,-1639,-4.290892,-0.053636
70.8310,-1639,-4.290892,-0.053636
70.8410,-1639,-4.290892,-0.053636
70.8510,-1640,-4.293510,-0.053669
70.8610,-1640,-4.293510,-0.053669
70.8710,-1640,-4.293510,-0.053669
70.8810,-1640,-4.293510,-0.053669
70.8910,-1641,-4.296128,-0.053702
70.9010,-1641,-4.296128,-0.053702
70.9110,-1641,-4.296128,-0.053702
70.9210,-1641,-4.296128,-0.053702
70.9310,-1641,-4.296128,-0.053702
70.9410,-1640,-4.293510,-0.053669
70.9510,-1640,-4.293510,-0.053669
70.9610,-1640,-4.293510,-0.053669
70.9710,-1640,-4.293510,-0.053669
70.9810,-1640,-4.293510,-0.053669
70.9910,-1641,-4.296128,-0.053702
71.0010,-1641,-4.296128,-0.053702
71.0110,-1641,-4.296128,-0.053702
71.0210,-1641,-4.296128,-0.053702
71.0310,-1642,-4.298746,-0.053734
71.0410,-1642,-4.298746,-0.053734
71.0510,-1642,-4.298746,-0.053734
71.0610,-1642,-4.298746,-0.053734
71.0710,-1642,-4.298746,-0.053734
71.0810,-1641,-4.296128,-0.053702
71.0910,-1641,-4.296128,-0.053702
71.1010,-1641,-4.296128,-0.053702
71.1110,-1641,-4.296128,-0.053702
71.1210,-1641,-4.296128,-0.053702
71.1320,-1642,-4.298746,-0.053734
71.1410,-1642,-4.298746,-0.053734
71.1510,-1643,-4.301364,-0.053767
71.1610,-1643,-4.301364,-0.053767
71.1710,-1643,-4.301364,-0.053767
71.1810,-1643,-4.301364,-0.053767
71.1910,-1643,-4.301364,-0.053767
71.2010,-1643,-4.301364,-0.053767
71.2110,-1643,-4.301364,-0.053767
71.2210,-1643,-4.301364,-0.053767
71.2310,-1643,-4.301364,-0.053767
71.2410,-1642,-4.298746,-0.053734
71.2510,-1642,-4.298746,-0.053734
71.2610,-1642,-4.298746,-0.053734
71.2710,-1643,-4.301364,-0.053767
71.2810,-1643,-4.301364,-0.053767
71.2910,-1643,-4.301364,-0.053767
71.3010,-1644,-4.303982,-0.053800
71.3110,-1644,-4.303982,-0.053800
71.3210,-1644,-4.303982,-0.053800
71.3310,-1644,-4.303982,-0.053800
71.3410,-1644,-4.303982,-0.053800
71.3510,-1644,-4.303982,-0.053800
71.3610,-1644,-4.303982,-0.053800
71.3710,-1643,-4.301364,-0.053767
71.3810,-1643,-4.301364,-0.053767
71.3910,-1643,-4.301364,-0.053767
71.4010,-1643,-4.301364,-0.053767
71.4110,-1644,-4.303982,-0.053800
71.4210,-1644,-4.303982,-0.053800
71.4310,-1644,-4.303982,-0.053800
71.4410,-1645,-4.306600,-0.053833
71.4510,-1645,-4.306600,-0.053833
71.4610,-1645,-4.306600,-0.053833
71.4710,-1645,-4.306600,-0.053833
71.4810,-1645,-4.306600,-0.053833
71.4910,-1645,-4.306600,-0.053833
71.5010,-1645,-4.306600,-0.053833
71.5110,-1644,-4.303982,-0.053800
71.5210,-1644,-4.303982,-0.053800
71.5310,-1644,-4.303982,-0.053800
71.5410,-1645,-4.306600,-0.053833
71.5510,-1645,-4.306600,-0.053833
71.5610,-1645,-4.306600,-0.053833
71.5710,-1645,-4.306600,-0.053833
71.5810,-1645,-4.306600,-0.053833
71.5910,-1645,-4.306600,-0.053833
71.6010,-1645,-4.306600,-0.053833
71.6110,-1645,-4.306600,-0.053833
71.6210,-1645,-4.306600,-0.053833
71.6310,-1645,-4.306600,-0.053833
71.6410,-1645,-4.306600,-0.053833
71.6510,-1645,-4.306600,-0.053833
71.6610,-1645,-4.306600,-0.053833
71.6710,-1645,-4.306600,-0.053833
71.6810,-1645,-4.306600,-0.053833
71.6910,-1645,-4.306600,-0.053833
71.7010,-1646,-4.309218,-0.053865
71.7110,-1646,-4.309218,-0.053865
71.7210,-1646,-4.309218,-0.053865
71.7310,-1646,-4.309218,-0.053865
71.7410,-1646,-4.309218,-0.053865
71.7510,-1646,-4.309218,-0.053865
71.7610,-1646,-4.309218,-0.053865
71.7720,-1646,-4.309218,-0.053865
71.7810,-1646,-4.309218,-0.053865
71.7910,-1646,-4.309218,-0.053865
71.8010,-1646,-4.309218,-0.053865
71.8110,-1646,-4.309218,-0.053865
71.8210,-1646,-4.309218,-0.053865
71.8310,-1646,-4.309218,-0.053865
71.8410,-1646,-4.309218,-0.053865
71.8510,-1647,-4.311836,-0.053898
71.8610,-1647,-4.311836,-0.053898
71.8710,-1647,-4.311836,-0.053898
71.8810,-1647,-4.311836,-0.053898
71.8910,-1647,-4.311836,-0.053898
71.9010,-1647,-4.311836,-0.053898
71.9110,-1646,-4.309218,-0.053865
71.9210,-1646,-4.309218,-0.053865
71.9310,-1646,-4.309218,-0.053865
71.9410,-1646,-4.309218,-0.053865
71.9510,-1646,-4.309218,-0.053865
71.9610,-1647,-4.311836,-0.053898
71.9710,-1647,-4.311836,-0.053898
71.9810,-1647,-4.311836,-0.053898
71.9910,-1647,-4.311836,-0.053898
72.0010,-1647,-4.311836,-0.053898
72.0110,-1647,-4.311836,-0.053898
72.0210,-1647,-4.311836,-0.053898
72.0310,-1647,-4.311836,-0.053898
72.0410,-1647,-4.311836,-0.053898
72.0510,-1647,-4.311836,-0.053898
72.0610,-1647,-4.311836,-0.053898
72.0710,-1647,-4.311836,-0.053898
72.0810,-1647,-4.311836,-0.053898
72.0910,-1647,-4.311836,-0.053898
72.1010,-1647,-4.311836,-0.053898
72.1110,-1647,-4.311836,-0.053898
72.1210,-1647,-4.311836,-0.053898
72.1310,-1647,-4.311836,-0.053898
72.1410,-1648,-4.314454,-0.053931
72.1510,-1648,-4.314454,-0.053931
72.1610,-1648,-4.314454,-0.053931
72.1710,-1648,-4.314454,-0.053931
72.1810,-1647,-4.311836,-0.053898
72.1910,-1647,-4.311836,-0.053898
72.2010,-1647,-4.311836,-0.053898
72.2110,-1647,-4.311836,-0.053898
72.2210,-1647,-4.311836,-0.053898
72.2310,-1647,-4.311836,-0.053898
72.2410,-1648,-4.314454,-0.053931
72.2510,-1648,-4.314454,-0.053931
72.2610,-1648,-4.314454,-0.053931
72.2710,-1648,-4.314454,-0.053931
72.2810,-1648,-4.314454,-0.053931
72.2910,-1648,-4.314454,-0.053931
72.3010,-1648,-4.314454,-0.053931
72.3110,-1648,-4.314454,-0.053931
72.3210,-1648,-4.314454,-0.053931
72.3310,-1648,-4.314454,-0.053931
72.3410,-1648,-4.314454,-0.053931
72.3510,-1648,-4.314454,-0.053931
72.3610,-1648,-4.314454,-0.053931
72.3710,-1648,-4.314454,-0.053931
72.3810,-1649,-4.317072,-0.053963
72.3910,-1649,-4.317072,-0.053963
72.4010,-1649,-4.317072,-0.053963
72.4120,-1649,-4.317072,-0.053963
72.4210,-1649,-4.317072,-0.053963
72.4310,-1649,-4.317072,-0.053963
72.4410,-1649,-4.317072,-0.053963
72.4510,-1649,-4.317072,-0.053963
72.4610,-1649,-4.317072,-0.053963
72.4710,-1649,-4.317072,-0.053963
72.4810,-1649,-4.317072,-0.053963
72.4910,-1649,-4.317072,-0.053963
72.5010,-1649,-4.317072,-0.053963
72.5110,-1649,-4.317072,-0.053963
72.5210,-1649,-4.317072,-0.053963
72.5310,-1650,-4.319690,-0.053996
72.5410,-1650,-4.319690,-0.053996
72.5510,-1650,-4.319690,-0.053996
72.5610,-1650,-4.319690,-0.053996
72.5710,-1650,-4.319690,-0.053996
72.5810,-1650,-4.319690,-0.053996
72.5910,-1650,-4.319690,-0.053996
72.6010,-1650,-4.319690,-0.053996
72.6110,-1650,-4.319690,-0.053996
72.6210,-1650,-4.319690,-0.053996
72.6310,-1650,-4.319690,-0.053996
72.6410,-1650,-4.319690,-0.053996
72.6510,-1650,-4.319690,-0.053996
72.6610,-1650,-4.319690,-0.053996
72.6710,-1651,-4.322308,-0.054029
72.6810,-1651,-4.322308,-0.054029
72.6910,-1651,-4.322308,-0.054029
72.7010,-1651,-4.322308,-0.054029
72.7110,-1651,-4.322308,-0.054029
72.7210,-1651,-4.322308,-0.054029
72.7310,-1651,-4.322308,-0.054029
72.7410,-1651,-4.322308,-0.054029
72.7510,-1651,-4.322308,-0.054029
72.7610,-1651,-4.322308,-0.054029
72.7710,-1651,-4.322308,-0.054029
72.7810,-1651,-4.322308,-0.054029
72.7910,-1651,-4.322308,-0.054029
72.8010,-1652,-4.324926,-0.054062
72.8110,-1652,-4.324926,-0.054062
72.8210,-1652,-4.324926,-0.054062
72.8310,-1653,-4.327544,-0.054094
72.8410,-1653,-4.327544,-0.054094
72.8510,-1653,-4.327544,-0.054094
72.8610,-1653,-4.327544,-0.054094
72.8710,-1653,-4.327544,-0.054094
72.8810,-1653,-4.327544,-0.054094
72.8910,-1653,-4.327544,-0.054094
72.9010,-1652,-4.324926,-0.054062
72.9110,-1652,-4.324926,-0.054062
72.9210,-1652,-4.324926,-0.054062
72.9310,-1653,-4.327544,-0.054094
72.9410,-1653,-4.327544,-0.054094
72.9510,-1653,-4.327544,-0.054094
72.9610,-1654,-4.330162,-0.054127
72.9710,-1654,-4.330162,-0.054127
72.9810,-1654,-4.330162,-0.054127
72.9910,-1654,-4.330162,-0.054127
73.0010,-1654,-4.330162,-0.054127
73.0110,-1654,-4.330162,-0.054127
73.0210,-1654,-4.330162,-0.054127
73.0310,-1654,-4.330162,-0.054127
73.0410,-1654,-4.330162,-0.054127
73.0520,-1654,-4.330162,-0.054127
73.0610,-1654,-4.330162,-0.054127
73.0710,-1655,-4.332780,-0.054160
73.0810,-1655,-4.332780,-0.054160
73.0910,-1655,-4.332780,-0.054160
73.1010,-1655,-4.332780,-0.054160
73.1110,-1656,-4.335398,-0.054192
73.1210,-1656,-4.335398,-0.054192
73.1310,-1656,-4.335398,-0.054192
73.1410,-1656,-4.335398,-0.054192
73.1510,-1656,-4.335398,-0.054192
73.1610,-1656,-4.335398,-0.054192
73.1710,-1656,-4.335398,-0.054192
73.1810,-1655,-4.332780,-0.054160
73.1910,-1655,-4.332780,-0.054160
73.2010,-1655,-4.332780,-0.054160
73.2110,-1656,-4.335398,-0.054192
73.2210,-1656,-4.335398,-0.054192
73.2310,-1657,-4.338016,-0.054225
73.2410,-1657,-4.338016,-0.054225
73.2510,-1657,-4.338016,-0.054225
73.2610,-1657,-4.338016,-0.054225
73.2710,-1657,-4.338016,-0.054225
73.2810,-1657,-4.338016,-0.054225
73.2910,-1657,-4.338016,-0.054225
73.3010,-1657,-4.338016,-0.054225
73.3110,-1657,-4.338016,-0.054225
73.3210,-1657,-4.338016,-0.054225
73.3310,-1657,-4.338016,-0.054225
73.3410,-1657,-4.338016,-0.054225
73.3510,-1657,-4.338016,-0.054225
73.3610,-1657,-4.338016,-0.054225
73.3710,-1658,-4.340634,-0.054258
73.3810,-1658,-4.340634,-0.054258
73.3910,-1658,-4.340634,-0.054258
73.4010,-1658,-4.340634,-0.054258
73.4110,-1658,-4.340634,-0.054258
73.4210,-1658,-4.340634,-0.054258
73.4310,-1658,-4.340634,-0.054258
73.4410,-1658,-4.340634,-0.054258
73.4510,-1658,-4.340634,-0.054258
73.4610,-1658,-4.340634,-0.054258
73.4710,-1658,-4.340634,-0.054258
73.4810,-1658,-4.340634,-0.054258
73.4910,-1658,-4.340634,-0.054258
73.5010,-1658,-4.340634,-0.054258
73.5110,-1659,-4.343252,-0.054291
73.5210,-1659,-4.343252,-0.054291
73.5310,-1659,-4.343252,-0.054291
73.5410,-1659,-4.343252,-0.054291
73.5510,-1659,-4.343252,-0.054291
73.5610,-1659,-4.343252,-0.054291
73.5710,-1659,-4.343252,-0.054291
73.5810,-1659,-4.343252,-0.054291
73.5910,-1658,-4.340634,-0.054258
73.6010,-1658,-4.340634,-0.054258
73.6110,-1658,-4.340634,-0.054258
73.6210,-1659,-4.343252,-0.054291
73.6310,-1659,-4.343252,-0.054291
73.6410,-1659,-4.343252,-0.054291
73.6510,-1660,-4.345870,-0.054323
73.6610,-1660,-4.345870,-0.054323
73.6710,-1660,-4.345870,-0.054323
73.6810,-1660,-4.345870,-0.054323
73.6920,-1660,-4.345870,-0.054323
73.7010,-1660,-4.345870,-0.054323
73.7110,-1660,-4.345870,-0.054323
73.7210,-1660,-4.345870,-0.054323
73.7310,-1660,-4.345870,-0.054323
73.7410,-1660,-4.345870,-0.054323
73.7510,-1660,-4.345870,-0.054323
73.7610,-1660,-4.345870,-0.054323
73.7710,-1661,-4.348488,-0.054356
73.7810,-1661,-4.348488,-0.054356
73.7910,-1661,-4.348488,-0.054356
73.8010,-1662,-4.351106,-0.054389
73.8110,-1662,-4.351106,-0.054389
73.8210,-1662,-4.351106,-0.054389
73.8310,-1662,-4.351106,-0.054389
73.8410,-1662,-4.351106,-0.054389
73.8510,-1662,-4.351106,-0.054389
73.8610,-1662,-4.351106,-0.054389
73.8710,-1661,-4.348488,-0.054356
73.8810,-1661,-4.348488,-0.054356
73.8910,-1661,-4.348488,-0.054356
73.9010,-1662,-4.351106,-0.054389
73.9110,-1662,-4.351106,-0.054389
73.9210,-1663,-4.353724,-0.054422
73.9310,-1663,-4.353724,-0.054422
73.9410,-1664,-4.356342,-0.054454
73.9510,-1664,-4.356342,-0.054454
73.9610,-1664,-4.356342,-0.054454
73.9710,-1664,-4.356342,-0.054454
73.9810,-1664,-4.356342,-0.054454
73.9910,-1664,-4.356342,-0.054454
74.0010,-1664,-4.356342,-0.054454
74.0110,-1664,-4.356342,-0.054454
74.0210,-1664,-4.356342,-0.054454
74.0310,-1664,-4.356342,-0.054454
74.0410,-1664,-4.356342,-0.054454
74.0510,-1664,-4.356342,-0.054454
74.0610,-1665,-4.358960,-0.054487
74.0710,-1665,-4.358960,-0.054487
74.0810,-1665,-4.358960,-0.054487
74.0910,-1666,-4.361578,-0.054520
74.1010,-1666,-4.361578,-0.054520
74.1110,-1666,-4.361578,-0.054520
74.1210,-1666,-4.361578,-0.054520
74.1310,-1665,-4.358960,-0.054487
74.1410,-1665,-4.358960,-0.054487
74.1510,-1665,-4.358960,-0.054487
74.1610,-1665,-4.358960,-0.054487
74.1710,-1665,-4.358960,-0.054487
74.1810,-1666,-4.361578,-0.054520
74.1910,-1666,-4.361578,-0.054520
74.2010,-1666,-4.361578,-0.054520
74.2110,-1666,-4.361578,-0.054520
74.2210,-1667,-4.364196,-0.054552
74.2310,-1667,-4.364196,-0.054552
74.2410,-1667,-4.364196,-0.054552
74.2510,-1667,-4.364196,-0.054552
74.2610,-1667,-4.364196,-0.054552
74.2710,-1667,-4.364196,-0.054552
74.2810,-1667,-4.364196,-0.054552
74.2910,-1666,-4.361578,-0.054520
74.3010,-1667,-4.364196,-0.054552
74.3110,-1667,-4.364196,-0.054552
74.3210,-1669,-4.369432,-0.054618
74.3320,-1669,-4.369432,-0.054618
74.3410,-1670,-4.372050,-0.054651
74.3510,-1671,-4.374668,-0.054683
74.3610,-1672,-4.377286,-0.054716
74.3710,-1672,-4.377286,-0.054716
74.3810,-1672,-4.377286,-0.054716
74.3910,-1672,-4.377286,-0.054716
74.4010,-1671,-4.374668,-0.054683
74.4110,-1671,-4.374668,-0.054683
74.4210,-1671,-4.374668,-0.054683
74.4310,-1670,-4.372050,-0.054651
74.4410,-1670,-4.372050,-0.054651
74.4510,-1670,-4.372050,-0.054651
74.4610,-1671,-4.374668,-0.054683
74.4710,-1672,-4.377286,-0.054716
74.4810,-1673,-4.379904,-0.054749
74.4910,-1673,-4.379904,-0.054749
74.5010,-1673,-4.379904,-0.054749
74.5110,-1673,-4.379904,-0.054749
74.5210,-1673,-4.379904,-0.054749
74.5310,-1673,-4.379904,-0.054749
74.5410,-1673,-4.379904,-0.054749
74.5510,-1673,-4.379904,-0.054749
74.5610,-1672,-4.377286,-0.054716
74.5710,-1672,-4.377286,-0.054716
74.5810,-1672,-4.377286,-0.054716
74.5910,-1672,-4.377286,-0.054716
74.6010,-1674,-4.382522,-0.054782
74.6110,-1676,-4.387758,-0.054847
74.6210,-1677,-4.390376,-0.054880
74.6310,-1677,-4.390376,-0.054880
74.6410,-1678,-4.392994,-0.054912
74.6510,-1679,-4.395612,-0.054945
74.6610,-1679,-4.395612,-0.054945
74.6710,-1679,-4.395612,-0.054945
74.6810,-1679,-4.395612,-0.054945
74.6910,-1678,-4.392994,-0.054912
74.7010,-1677,-4.390376,-0.054880
74.7110,-1677,-4.390376,-0.054880
74.7210,-1677,-4.390376,-0.054880
74.7310,-1677,-4.390376,-0.054880
74.7410,-1678,-4.392994,-0.054912
74.7510,-1679,-4.395612,-0.054945
74.7610,-1679,-4.395612,-0.054945
74.7710,-1680,-4.398230,-0.054978
74.7810,-1680,-4.398230,-0.054978
74.7910,-1681,-4.400848,-0.055011
74.8010,-1681,-4.400848,-0.055011
74.8110,-1680,-4.398230,-0.054978
74.8210,-1680,-4.398230,-0.054978
74.8310,-1680,-4.398230,-0.054978
74.8410,-1679,-4.395612,-0.054945
74.8510,-1679,-4.395612,-0.054945
74.8610,-1679,-4.395612,-0.054945
74.8710,-1679,-4.395612,-0.054945
74.8810,-1680,-4.398230,-0.054978
74.8910,-1680,-4.398230,-0.054978
74.9010,-1681,-4.400848,-0.055011
74.9110,-1681,-4.400848,-0.055011
74.9210,-1681,-4.400848,-0.055011
74.9310,-1681,-4.400848,-0.055011
74.9410,-1681,-4.400848,-0.055011
74.9510,-1681,-4.400848,-0.055011
74.9610,-1681,-4.400848,-0.055011
74.9720,-1681,-4.400848,-0.055011
74.9810,-1680,-4.398230,-0.054978
74.9910,-1680,-4.398230,-0.054978
75.0010,-1680,-4.398230,-0.054978
75.0110,-1681,-4.400848,-0.055011
75.0210,-1681,-4.400848,-0.055011
75.0310,-1681,-4.400848,-0.055011
75.0410,-1682,-4.403466,-0.055043
75.0510,-1682,-4.403466,-0.055043
75.0610,-1682,-4.403466,-0.055043
75.0710,-1682,-4.403466,-0.055043
75.0810,-1682,-4.403466,-0.055043
75.0910,-1682,-4.403466,-0.055043
75.1010,-1681,-4.400848,-0.055011
75.1110,-1681,-4.400848,-0.055011
75.1210,-1681,-4.400848,-0.055011
75.1310,-1681,-4.400848,-0.055011
75.1410,-1681,-4.400848,-0.055011
75.1510,-1682,-4.403466,-0.055043
75.1610,-1682,-4.403466,-0.055043
75.1710,-1683,-4.406084,-0.055076
75.1810,-1683,-4.406084,-0.055076
75.1910,-1683,-4.406084,-0.055076
75.2010,-1683,-4.406084,-0.055076
75.2110,-1683,-4.406084,-0.055076
75.2210,-1683,-4.406084,-0.055076
75.2310,-1683,-4.406084,-0.055076
75.2410,-1683,-4.406084,-0.055076
75.2510,-1683,-4.406084,-0.055076
75.2610,-1682,-4.403466,-0.055043
75.2710,-1682,-4.403466,-0.055043
75.2810,-1682,-4.403466,-0.055043
75.2910,-1683,-4.406084,-0.055076
75.3010,-1683,-4.406084,-0.055076
75.3110,-1684,-4.408702,-0.055109
75.3210,-1684,-4.408702,-0.055109
75.3310,-1684,-4.408702,-0.055109
75.3410,-1684,-4.408702,-0.055109
75.3510,-1684,-4.408702,-0.055109
75.3610,-1684,-4.408702,-0.055109
75.3710,-1684,-4.408702,-0.055109
75.3810,-1684,-4.408702,-0.055109
75.3910,-1684,-4.408702,-0.055109
75.4010,-1683,-4.406084,-0.055076
75.4110,-1683,-4.406084,-0.055076
75.4210,-1683,-4.406084,-0.055076
75.4310,-1684,-4.408702,-0.055109
75.4410,-1684,-4.408702,-0.055109
75.4510,-1685,-4.411320,-0.055141
75.4610,-1685,-4.411320,-0.055141
75.4710,-1685,-4.411320,-0.055141
75.4810,-1685,-4.411320,-0.055141
75.4910,-1685,-4.411320,-0.055141
75.5010,-1685,-4.411320,-0.055141
75.5110,-1685,-4.411320,-0.055141
75.5210,-1685,-4.411320,-0.055141
75.5310,-1685,-4.411320,-0.055141
75.5410,-1684,-4.408702,-0.055109
75.5510,-1684,-4.408702,-0.055109
75.5610,-1684,-4.408702,-0.055109
75.5710,-1685,-4.411320,-0.055141
75.5810,-1685,-4.411320,-0.055141
75.5910,-1685,-4.411320,-0.055141
75.6010,-1685,-4.411320,-0.055141
75.6120,-1685,-4.411320,-0.055141
75.6210,-1685,-4.411320,-0.055141
75.6310,-1685,-4.411320,-0.055141
75.6410,-1685,-4.411320,-0.055141
75.6510,-1685,-4.411320,-0.055141
75.6610,-1685,-4.411320,-0.055141
75.6710,-1685,-4.411320,-0.055141
75.6810,-1685,-4.411320,-0.055141
75.6910,-1685,-4.411320,-0.055141
75.7010,-1685,-4.411320,-0.055141
75.7110,-1686,-4.413938,-0.055174
75.7210,-1686,-4.413938,-0.055174
75.7310,-1686,-4.413938,-0.055174
75.7410,-1686,-4.413938,-0.055174
75.7510,-1686,-4.413938,-0.055174
75.7610,-1686,-4.413938,-0.055174
75.7710,-1686,-4.413938,-0.055174
75.7810,-1686,-4.413938,-0.055174
75.7910,-1686,-4.413938,-0.055174
75.8010,-1686,-4.413938,-0.055174
75.8110,-1686,-4.413938,-0.055174
75.8210,-1686,-4.413938,-0.055174
75.8310,-1686,-4.413938,-0.055174
75.8410,-1686,-4.413938,-0.055174
75.8510,-1687,-4.416556,-0.055207
75.8610,-1687,-4.416556,-0.055207
75.8710,-1687,-4.416556,-0.055207
75.8810,-1687,-4.416556,-0.055207
75.8910,-1688,-4.419174,-0.055240
75.9010,-1688,-4.419174,-0.055240
75.9110,-1688,-4.419174,-0.055240
75.9210,-1688,-4.419174,-0.055240
75.9310,-1687,-4.416556,-0.055207
75.9410,-1687,-4.416556,-0.055207
75.9510,-1687,-4.416556,-0.055207
75.9610,-1687,-4.416556,-0.055207
75.9710,-1687,-4.416556,-0.055207
75.9810,-1688,-4.419174,-0.055240
75.9910,-1688,-4.419174,-0.055240
76.0010,-1688,-4.419174,-0.055240
76.0110,-1689,-4.421792,-0.055272
76.0210,-1689,-4.421792,-0.055272
76.0310,-1689,-4.421792,-0.055272
76.0410,-1689,-4.421792,-0.055272
76.0510,-1689,-4.421792,-0.055272
76.0610,-1689,-4.421792,-0.055272
76.0710,-1689,-4.421792,-0.055272
76.0810,-1689,-4.421792,-0.055272
76.0910,-1689,-4.421792,-0.055272
76.1010,-1689,-4.421792,-0.055272
76.1110,-1689,-4.421792,-0.055272
76.1210,-1689,-4.421792,-0.055272
76.1310,-1690,-4.424410,-0.055305
76.1410,-1690,-4.424410,-0.055305
76.1510,-1691,-4.427028,-0.055338
76.1610,-1691,-4.427028,-0.055338
76.1710,-1691,-4.427028,-0.055338
76.1810,-1691,-4.427028,-0.055338
76.1910,-1691,-4.427028,-0.055338
76.2010,-1691,-4.427028,-0.055338
76.2110,-1691,-4.427028,-0.055338
76.2210,-1691,-4.427028,-0.055338
76.2310,-1691,-4.427028,-0.055338
76.2410,-1691,-4.427028,-0.055338
76.2520,-1691,-4.427028,-0.055338
76.2610,-1691,-4.427028,-0.055338
76.2710,-1692,-4.429646,-0.055371
76.2810,-1693,-4.432264,-0.055403
76.2910,-1693,-4.432264,-0.055403
76.3010,-1694,-4.434882,-0.055436
76.3110,-1694,-4.434882,-0.055436
76.3210,-1695,-4.437500,-0.055469
76.3310,-1695,-4.437500,-0.055469
76.3410,-1695,-4.437500,-0.055469
76.3510,-1695,-4.437500,-0.055469
76.3610,-1695,-4.437500,-0.055469
76.3710,-1694,-4.434882,-0.055436
76.3810,-1694,-4.434882,-0.055436
76.3910,-1694,-4.434882,-0.055436
76.4010,-1695,-4.437500,-0.055469
76.4110,-1696,-4.440118,-0.055501
76.4210,-1697,-4.442736,-0.055534
76.4310,-1698,-4.445353,-0.055567
76.4410,-1700,-4.450590,-0.055632
76.4510,-1701,-4.453208,-0.055665
76.4610,-1703,-4.458444,-0.055731
76.4710,-1704,-4.461061,-0.055763
76.4810,-1705,-4.463680,-0.055796
76.4910,-1706,-4.466298,-0.055829
76.5010,-1707,-4.468916,-0.055861
76.5110,-1708,-4.471533,-0.055894
76.5210,-1709,-4.474152,-0.055927
76.5310,-1710,-4.476769,-0.055960
76.5410,-1713,-4.484623,-0.056058
76.5510,-1715,-4.489860,-0.056123
76.5610,-1718,-4.497714,-0.056221
76.5710,-1721,-4.505568,-0.056320
76.5810,-1723,-4.510804,-0.056385
76.5910,-1725,-4.516039,-0.056450
76.6010,-1727,-4.521275,-0.056516
76.6110,-1728,-4.523894,-0.056549
76.6210,-1729,-4.526512,-0.056581
76.6310,-1729,-4.526512,-0.056581
76.6410,-1728,-4.523894,-0.056549
76.6510,-1727,-4.521275,-0.056516
76.6610,-1727,-4.521275,-0.056516
76.6710,-1726,-4.518658,-0.056483
76.6810,-1726,-4.518658,-0.056483
76.6910,-1727,-4.521275,-0.056516
76.7010,-1728,-4.523894,-0.056549
76.7110,-1729,-4.526512,-0.056581
76.7210,-1731,-4.531747,-0.056647
76.7310,-1732,-4.534366,-0.056680
76.7410,-1733,-4.536983,-0.056712
76.7510,-1734,-4.539602,-0.056745
76.7610,-1734,-4.539602,-0.056745
76.7710,-1734,-4.539602,-0.056745
76.7810,-1733,-4.536983,-0.056712
76.7910,-1733,-4.536983,-0.056712
76.8010,-1732,-4.534366,-0.056680
76.8110,-1732,-4.534366,-0.056680
76.8210,-1733,-4.536983,-0.056712
76.8310,-1735,-4.542220,-0.056778
76.8410,-1737,-4.547455,-0.056843
76.8510,-1739,-4.552691,-0.056909
76.8610,-1741,-4.557928,-0.056974
76.8710,-1744,-4.565782,-0.057072
76.8810,-1747,-4.573636,-0.057170
76.8920,-1754,-4.591961,-0.057400
76.9010,-1765,-4.620759,-0.057759
76.9110,-1781,-4.662647,-0.058283
76.9210,-1802,-4.717625,-0.058970
76.9310,-1827,-4.783075,-0.059788
76.9410,-1847,-4.835435,-0.060443
76.9510,-1871,-4.898267,-0.061228
76.9610,-1897,-4.966334,-0.062079
76.9710,-1921,-5.029166,-0.062865
76.9810,-1940,-5.078908,-0.063486
76.9910,-1958,-5.126032,-0.064075
77.0010,-1972,-5.162684,-0.064534
77.0110,-1979,-5.181010,-0.064763
77.0210,-1980,-5.183628,-0.064795
77.0310,-1979,-5.181010,-0.064763
77.0410,-1976,-5.173156,-0.064664
77.0510,-1973,-5.165302,-0.064566
77.0610,-1969,-5.154830,-0.064435
77.0710,-1968,-5.152212,-0.064403
77.0810,-1968,-5.152212,-0.064403
77.0910,-1969,-5.154830,-0.064435
77.1010,-1973,-5.165302,-0.064566
77.1110,-1976,-5.173156,-0.064664
77.1210,-1980,-5.183628,-0.064795
77.1310,-1984,-5.194100,-0.064926
77.1410,-1985,-5.196718,-0.064959
77.1510,-1986,-5.199336,-0.064992
77.1610,-1986,-5.199336,-0.064992
77.1710,-1984,-5.194100,-0.064926
77.1810,-1981,-5.186246,-0.064828
77.1910,-1979,-5.181010,-0.064763
77.2010,-1977,-5.175774,-0.064697
77.2110,-1976,-5.173156,-0.064664
77.2210,-1976,-5.173156,-0.064664
77.2310,-1977,-5.175774,-0.064697
77.2410,-1979,-5.181010,-0.064763
77.2510,-1982,-5.188864,-0.064861
77.2610,-1984,-5.194100,-0.064926
77.2710,-1986,-5.199336,-0.064992
77.2810,-1987,-5.201954,-0.065024
77.2910,-1987,-5.201954,-0.065024
77.3010,-1987,-5.201954,-0.065024
77.3110,-1986,-5.199336,-0.064992
77.3210,-1984,-5.194100,-0.064926
77.3310,-1982,-5.188864,-0.064861
77.3410,-1981,-5.186246,-0.064828
77.3510,-1981,-5.186246,-0.064828
77.3610,-1981,-5.186246,-0.064828
77.3710,-1982,-5.188864,-0.064861
77.3810,-1983,-5.191482,-0.064894
77.3910,-1985,-5.196718,-0.064959
77.4010,-1987,-5.201954,-0.065024
77.4110,-1988,-5.204572,-0.065057
77.4210,-1988,-5.204572,-0.065057
77.4310,-1988,-5.204572,-0.065057
77.4410,-1988,-5.204572,-0.065057
77.4510,-1987,-5.201954,-0.065024
77.4610,-1985,-5.196718,-0.064959
77.4710,-1985,-5.196718,-0.064959
77.4810,-1984,-5.194100,-0.064926
77.4910,-1984,-5.194100,-0.064926
77.5010,-1984,-5.194100,-0.064926
77.5110,-1985,-5.196718,-0.064959
77.5210,-1987,-5.201954,-0.065024
77.5320,-1988,-5.204572,-0.065057
77.5410,-1989,-5.207190,-0.065090
77.5510,-1990,-5.209808,-0.065123
77.5610,-1990,-5.209808,-0.065123
77.5710,-1990,-5.209808,-0.065123
77.5810,-1989,-5.207190,-0.065090
77.5910,-1988,-5.204572,-0.065057
77.6010,-1987,-5.201954,-0.065024
77.6110,-1987,-5.201954,-0.065024
77.6210,-1986,-5.199336,-0.064992
77.6310,-1987,-5.201954,-0.065024
77.6410,-1987,-5.201954,-0.065024
77.6510,-1988,-5.204572,-0.065057
77.6610,-1989,-5.207190,-0.065090
77.6710,-1990,-5.209808,-0.065123
77.6810,-1991,-5.212426,-0.065155
77.6910,-1992,-5.215044,-0.065188
77.7010,-1992,-5.215044,-0.065188
77.7110,-1992,-5.215044,-0.065188
77.7210,-1991,-5.212426,-0.065155
77.7310,-1991,-5.212426,-0.065155
77.7410,-1990,-5.209808,-0.065123
77.7510,-1989,-5.207190,-0.065090
77.7610,-1989,-5.207190,-0.065090
77.7710,-1989,-5.207190,-0.065090
77.7810,-1990,-5.209808,-0.065123
77.7910,-1991,-5.212426,-0.065155
77.8010,-1991,-5.212426,-0.065155
77.8110,-1992,-5.215044,-0.065188
77.8210,-1993,-5.217662,-0.065221
77.8310,-1993,-5.217662,-0.065221
77.8410,-1993,-5.217662,-0.065221
77.8510,-1993,-5.217662,-0.065221
77.8610,-1993,-5.217662,-0.065221
77.8710,-1992,-5.215044,-0.065188
77.8810,-1992,-5.215044,-0.065188
77.8910,-1991,-5.212426,-0.065155
77.9010,-1991,-5.212426,-0.065155
77.9110,-1991,-5.212426,-0.065155
77.9210,-1992,-5.215044,-0.065188
77.9310,-1993,-5.217662,-0.065221
77.9410,-1993,-5.217662,-0.065221
77.9510,-1994,-5.220280,-0.065253
77.9610,-1994,-5.220280,-0.065253
77.9710,-1994,-5.220280,-0.065253
77.9810,-1994,-5.220280,-0.065253
77.9910,-1994,-5.220280,-0.065253
78.0010,-1994,-5.220280,-0.065253
78.0110,-1993,-5.217662,-0.065221
78.0210,-1993,-5.217662,-0.065221
78.0310,-1993,-5.217662,-0.065221
78.0410,-1993,-5.217662,-0.065221
78.0510,-1993,-5.217662,-0.065221
78.0610,-1993,-5.217662,-0.065221
78.0710,-1994,-5.220280,-0.065253
78.0810,-1995,-5.222898,-0.065286
78.0910,-1995,-5.222898,-0.065286
78.1010,-1995,-5.222898,-0.065286
78.1110,-1996,-5.225516,-0.065319
78.1210,-1996,-5.225516,-0.065319
78.1310,-1996,-5.225516,-0.065319
78.1410,-1996,-5.225516,-0.065319
78.1510,-1995,-5.222898,-0.065286
78.1610,-1995,-5.222898,-0.065286
78.1720,-1995,-5.222898,-0.065286
78.1810,-1995,-5.222898,-0.065286
78.1910,-1995,-5.222898,-0.065286
78.2010,-1996,-5.225516,-0.065319
78.2110,-1996,-5.225516,-0.065319
78.2210,-1997,-5.228134,-0.065352
78.2310,-1997,-5.228134,-0.065352
78.2410,-1997,-5.228134,-0.065352
78.2510,-1998,-5.230752,-0.065384
78.2610,-1998,-5.230752,-0.065384
78.2710,-1998,-5.230752,-0.065384
78.2810,-1998,-5.230752,-0.065384
78.2910,-1998,-5.230752,-0.065384
78.3010,-1998,-5.230752,-0.065384
78.3110,-1997,-5.228134,-0.065352
78.3210,-1997,-5.228134,-0.065352
78.3310,-1997,-5.228134,-0.065352
78.3410,-1998,-5.230752,-0.065384
78.3510,-1999,-5.233370,-0.065417
78.3610,-1999,-5.233370,-0.065417
78.3710,-2000,-5.235988,-0.065450
78.3810,-2000,-5.235988,-0.065450
78.3910,-2001,-5.238606,-0.065483
78.4010,-2001,-5.238606,-0.065483
78.4110,-2001,-5.238606,-0.065483
78.4210,-2001,-5.238606,-0.065483
78.4310,-2001,-5.238606,-0.065483
78.4410,-2001,-5.238606,-0.065483
78.4510,-2001,-5.238606,-0.065483
78.4610,-2001,-5.238606,-0.065483
78.4710,-2001,-5.238606,-0.065483
78.4810,-2002,-5.241224,-0.065515
78.4910,-2003,-5.243842,-0.065548
78.5010,-2004,-5.246460,-0.065581
78.5110,-2004,-5.246460,-0.065581
78.5210,-2005,-5.249078,-0.065613
78.5310,-2005,-5.249078,-0.065613
78.5410,-2005,-5.249078,-0.065613
78.5510,-2005,-5.249078,-0.065613
78.5610,-2006,-5.251696,-0.065646
78.5710,-2006,-5.251696,-0.065646
78.5810,-2006,-5.251696,-0.065646
78.5910,-2005,-5.249078,-0.065613
78.6010,-2005,-5.249078,-0.065613
78.6110,-2005,-5.249078,-0.065613
78.6210,-2006,-5.251696,-0.065646
78.6310,-2007,-5.254314,-0.065679
78.6410,-2008,-5.256932,-0.065712
78.6510,-2009,-5.259550,-0.065744
78.6610,-2010,-5.262167,-0.065777
78.6710,-2012,-5.267404,-0.065843
78.6810,-2013,-5.270022,-0.065875
78.6910,-2014,-5.272640,-0.065908
78.7010,-2016,-5.277875,-0.065973
78.7110,-2017,-5.280494,-0.066006
78.7210,-2018,-5.283112,-0.066039
78.7310,-2019,-5.285730,-0.066072
78.7410,-2020,-5.288348,-0.066104
78.7510,-2021,-5.290966,-0.066137
78.7610,-2023,-5.296202,-0.066203
78.7710,-2024,-5.298820,-0.066235
78.7810,-2025,-5.301438,-0.066268
78.7910,-2026,-5.304056,-0.066301
78.8010,-2027,-5.306674,-0.066333
78.8120,-2027,-5.306674,-0.066333
78.8210,-2027,-5.306674,-0.066333
78.8310,-2027,-5.306674,-0.066333
78.8410,-2027,-5.306674,-0.066333
78.8510,-2027,-5.306674,-0.066333
78.8610,-2027,-5.306674,-0.066333
78.8710,-2027,-5.306674,-0.066333
78.8810,-2028,-5.309292,-0.066366
78.8910,-2028,-5.309292,-0.066366
78.9010,-2029,-5.311910,-0.066399
78.9110,-2029,-5.311910,-0.066399
78.9210,-2030,-5.314528,-0.066432
78.9310,-2031,-5.317146,-0.066464
78.9410,-2031,-5.317146,-0.066464
78.9510,-2031,-5.317146,-0.066464
78.9610,-2032,-5.319764,-0.066497
78.9710,-2032,-5.319764,-0.066497
78.9810,-2031,-5.317146,-0.066464
78.9910,-2031,-5.317146,-0.066464
79.0010,-2031,-5.317146,-0.066464
79.0110,-2031,-5.317146,-0.066464
79.0210,-2031,-5.317146,-0.066464
79.0310,-2031,-5.317146,-0.066464
79.0410,-2032,-5.319764,-0.066497
79.0510,-2032,-5.319764,-0.066497
79.0610,-2033,-5.322381,-0.066530
79.0710,-2033,-5.322381,-0.066530
79.0810,-2034,-5.325000,-0.066562
79.0910,-2034,-5.325000,-0.066562
79.1010,-2034,-5.325000,-0.066562
79.1110,-2034,-5.325000,-0.066562
79.1210,-2034,-5.325000,-0.066562
79.1310,-2034,-5.325000,-0.066562
79.1410,-2034,-5.325000,-0.066562
79.1510,-2034,-5.325000,-0.066562
79.1610,-2034,-5.325000,-0.066562
79.1710,-2035,-5.327618,-0.066595
79.1810,-2035,-5.327618,-0.066595
79.1910,-2036,-5.330236,-0.066628
79.2010,-2037,-5.332854,-0.066661
79.2110,-2038,-5.335472,-0.066693
79.2210,-2038,-5.335472,-0.066693
79.2310,-2039,-5.338089,-0.066726
79.2410,-2039,-5.338089,-0.066726
79.2510,-2039,-5.338089,-0.066726
79.2610,-2039,-5.338089,-0.066726
79.2710,-2039,-5.338089,-0.066726
79.2810,-2039,-5.338089,-0.066726
79.2910,-2039,-5.338089,-0.066726
79.3010,-2039,-5.338089,-0.066726
79.3110,-2040,-5.340708,-0.066759
79.3210,-2042,-5.345944,-0.066824
79.3310,-2045,-5.353797,-0.066922
79.3410,-2049,-5.364270,-0.067053
79.3510,-2052,-5.372124,-0.067152
79.3610,-2055,-5.379978,-0.067250
79.3710,-2058,-5.387832,-0.067348
79.3810,-2061,-5.395686,-0.067446
79.3910,-2063,-5.400921,-0.067512
79.4010,-2065,-5.406157,-0.067577
79.4110,-2066,-5.408776,-0.067610
79.4210,-2067,-5.411393,-0.067642
79.4310,-2069,-5.416629,-0.067708
79.4410,-2069,-5.416629,-0.067708
79.4520,-2071,-5.421865,-0.067773
79.4610,-2073,-5.427101,-0.067839
79.4710,-2076,-5.434956,-0.067937
79.4810,-2080,-5.445427,-0.068068
79.4910,-2083,-5.453281,-0.068166
79.5010,-2087,-5.463753,-0.068297
79.5110,-2090,-5.471607,-0.068395
79.5210,-2093,-5.479461,-0.068493
79.5310,-2096,-5.487315,-0.068591
79.5410,-2098,-5.492551,-0.068657
79.5510,-2099,-5.495169,-0.068690
79.5610,-2100,-5.497787,-0.068722
79.5710,-2102,-5.503023,-0.068788
79.5810,-2103,-5.505641,-0.068821
79.5910,-2106,-5.513495,-0.068919
79.6010,-2109,-5.521349,-0.069017
79.6110,-2112,-5.529203,-0.069115
79.6210,-2116,-5.539675,-0.069246
79.6310,-2119,-5.547529,-0.069344
79.6410,-2123,-5.558001,-0.069475
79.6510,-2127,-5.568473,-0.069606
79.6610,-2131,-5.578945,-0.069737
79.6710,-2135,-5.589417,-0.069868
79.6810,-2140,-5.602507,-0.070031
79.6910,-2145,-5.615597,-0.070195
79.7010,-2150,-5.628687,-0.070359
79.7110,-2155,-5.641777,-0.070522
79.7210,-2159,-5.652249,-0.070653
79.7310,-2165,-5.667957,-0.070849
79.7410,-2171,-5.683665,-0.071046
79.7510,-2177,-5.699373,-0.071242
79.7610,-2185,-5.720317,-0.071504
79.7710,-2194,-5.743879,-0.071798
79.7810,-2202,-5.764823,-0.072060
79.7910,-2209,-5.783149,-0.072289
79.8010,-2216,-5.801475,-0.072518
79.8110,-2226,-5.827654,-0.072846
79.8210,-2238,-5.859070,-0.073238
79.8310,-2253,-5.898341,-0.073729
79.8410,-2269,-5.940228,-0.074253
79.8510,-2286,-5.984734,-0.074809
79.8610,-2300,-6.021386,-0.075267
79.8710,-2314,-6.058038,-0.075725
79.8810,-2326,-6.089454,-0.076118
79.8910,-2337,-6.118252,-0.076478
79.9010,-2346,-6.141814,-0.076773
79.9110,-2351,-6.154904,-0.076936
79.9210,-2352,-6.157522,-0.076969
79.9310,-2351,-6.154904,-0.076936
79.9410,-2348,-6.147050,-0.076838
79.9510,-2344,-6.136578,-0.076707
79.9610,-2340,-6.126106,-0.076576
79.9710,-2338,-6.120870,-0.076511
79.9810,-2337,-6.118252,-0.076478
79.9910,-2337,-6.118252,-0.076478
80.0010,-2339,-6.123488,-0.076544
80.0110,-2343,-6.133960,-0.076674
80.0210,-2346,-6.141814,-0.076773
80.0310,-2350,-6.152286,-0.076904
80.0410,-2353,-6.160140,-0.077002
80.0510,-2354,-6.162758,-0.077034
80.0610,-2354,-6.162758,-0.077034
80.0710,-2353,-6.160140,-0.077002
80.0810,-2351,-6.154904,-0.076936
80.0920,-2349,-6.149668,-0.076871
80.1010,-2347,-6.144432,-0.076805
80.1110,-2345,-6.139196,-0.076740
80.1210,-2345,-6.139196,-0.076740
80.1310,-2345,-6.139196,-0.076740
80.1410,-2346,-6.141814,-0.076773
80.1510,-2349,-6.149668,-0.076871
80.1610,-2351,-6.154904,-0.076936
80.1710,-2353,-6.160140,-0.077002
80.1810,-2354,-6.162758,-0.077034
80.1910,-2355,-6.165376,-0.077067
80.2010,-2355,-6.165376,-0.077067
80.2110,-2355,-6.165376,-0.077067
80.2210,-2354,-6.162758,-0.077034
80.2310,-2353,-6.160140,-0.077002
80.2410,-2352,-6.157522,-0.076969
80.2510,-2351,-6.154904,-0.076936
80.2610,-2351,-6.154904,-0.076936
80.2710,-2352,-6.157522,-0.076969
80.2810,-2353,-6.160140,-0.077002
80.2910,-2355,-6.165376,-0.077067
80.3010,-2356,-6.167994,-0.077100
80.3110,-2357,-6.170612,-0.077133
80.3210,-2358,-6.173230,-0.077165
80.3310,-2359,-6.175848,-0.077198
80.3410,-2359,-6.175848,-0.077198
80.3510,-2358,-6.173230,-0.077165
80.3610,-2357,-6.170612,-0.077133
80.3710,-2356,-6.167994,-0.077100
80.3810,-2356,-6.167994,-0.077100
80.3910,-2355,-6.165376,-0.077067
80.4010,-2355,-6.165376,-0.077067
80.4110,-2356,-6.167994,-0.077100
80.4210,-2357,-6.170612,-0.077133
80.4310,-2358,-6.173230,-0.077165
80.4410,-2359,-6.175848,-0.077198
80.4510,-2360,-6.178466,-0.077231
80.4610,-2361,-6.181084,-0.077264
80.4710,-2361,-6.181084,-0.077264
80.4810,-2361,-6.181084,-0.077264
80.4910,-2361,-6.181084,-0.077264
80.5010,-2361,-6.181084,-0.077264
80.5110,-2360,-6.178466,-0.077231
80.5210,-2360,-6.178466,-0.077231
80.5310,-2359,-6.175848,-0.077198
80.5410,-2359,-6.175848,-0.077198
80.5510,-2360,-6.178466,-0.077231
80.5610,-2360,-6.178466,-0.077231
80.5710,-2361,-6.181084,-0.077264
80.5810,-2362,-6.183702,-0.077296
80.5910,-2362,-6.183702,-0.077296
80.6010,-2362,-6.183702,-0.077296
80.6110,-2363,-6.186320,-0.077329
80.6210,-2363,-6.186320,-0.077329
80.6310,-2362,-6.183702,-0.077296
80.6410,-2362,-6.183702,-0.077296
80.6510,-2362,-6.183702,-0.077296
80.6610,-2362,-6.183702,-0.077296
80.6710,-2361,-6.181084,-0.077264
80.6810,-2361,-6.181084,-0.077264
80.6910,-2361,-6.181084,-0.077264
80.7010,-2362,-6.183702,-0.077296
80.7110,-2363,-6.186320,-0.077329
80.7210,-2363,-6.186320,-0.077329
80.7320,-2363,-6.186320,-0.077329
80.7410,-2364,-6.188938,-0.077362
80.7510,-2364,-6.188938,-0.077362
80.7610,-2364,-6.188938,-0.077362
80.7710,-2363,-6.186320,-0.077329
80.7810,-2363,-6.186320,-0.077329
80.7910,-2363,-6.186320,-0.077329
80.8010,-2363,-6.186320,-0.077329
80.8110,-2363,-6.186320,-0.077329
80.8210,-2363,-6.186320,-0.077329
80.8310,-2363,-6.186320,-0.077329
80.8410,-2363,-6.186320,-0.077329
80.8510,-2364,-6.188938,-0.077362
80.8610,-2364,-6.188938,-0.077362
80.8710,-2364,-6.188938,-0.077362
80.8810,-2364,-6.188938,-0.077362
80.8910,-2364,-6.188938,-0.077362
80.9010,-2364,-6.188938,-0.077362
80.9110,-2364,-6.188938,-0.077362
80.9210,-2364,-6.188938,-0.077362
80.9310,-2364,-6.188938,-0.077362
80.9410,-2364,-6.188938,-0.077362
80.9510,-2363,-6.186320,-0.077329
80.9610,-2363,-6.186320,-0.077329
80.9710,-2364,-6.188938,-0.077362
80.9810,-2364,-6.188938,-0.077362
80.9910,-2364,-6.188938,-0.077362
81.0010,-2364,-6.188938,-0.077362
81.0110,-2365,-6.191555,-0.077394
81.0210,-2365,-6.191555,-0.077394
81.0310,-2365,-6.191555,-0.077394
81.0410,-2365,-6.191555,-0.077394
81.0510,-2365,-6.191555,-0.077394
81.0610,-2364,-6.188938,-0.077362
81.0710,-2364,-6.188938,-0.077362
81.0810,-2364,-6.188938,-0.077362
81.0910,-2364,-6.188938,-0.077362
81.1010,-2364,-6.188938,-0.077362
81.1110,-2364,-6.188938,-0.077362
81.1210,-2365,-6.191555,-0.077394
81.1310,-2365,-6.191555,-0.077394
81.1410,-2365,-6.191555,-0.077394
81.1510,-2365,-6.191555,-0.077394
81.1610,-2365,-6.191555,-0.077394
81.1710,-2365,-6.191555,-0.077394
81.1810,-2365,-6.191555,-0.077394
81.1910,-2365,-6.191555,-0.077394
81.2010,-2365,-6.191555,-0.077394
81.2110,-2365,-6.191555,-0.077394
81.2210,-2365,-6.191555,-0.077394
81.2310,-2365,-6.191555,-0.077394
81.2410,-2365,-6.191555,-0.077394
81.2510,-2365,-6.191555,-0.077394
81.2610,-2366,-6.194174,-0.077427
81.2710,-2366,-6.194174,-0.077427
81.2810,-2366,-6.194174,-0.077427
81.2910,-2366,-6.194174,-0.077427
81.3010,-2366,-6.194174,-0.077427
81.3110,-2366,-6.194174,-0.077427
81.3210,-2366,-6.194174,-0.077427
81.3310,-2366,-6.194174,-0.077427
81.3410,-2366,-6.194174,-0.077427
81.3510,-2366,-6.194174,-0.077427
81.3610,-2366,-6.194174,-0.077427
81.3720,-2366,-6.194174,-0.077427
81.3810,-2366,-6.194174,-0.077427
81.3910,-2366,-6.194174,-0.077427
81.4010,-2367,-6.196792,-0.077460
81.4110,-2367,-6.196792,-0.077460
81.4210,-2367,-6.196792,-0.077460
81.4310,-2367,-6.196792,-0.077460
81.4410,-2367,-6.196792,-0.077460
81.4510,-2367,-6.196792,-0.077460
81.4610,-2367,-6.196792,-0.077460
81.4710,-2367,-6.196792,-0.077460
81.4810,-2367,-6.196792,-0.077460
81.4910,-2367,-6.196792,-0.077460
81.5010,-2367,-6.196792,-0.077460
81.5110,-2367,-6.196792,-0.077460
81.5210,-2367,-6.196792,-0.077460
81.5310,-2368,-6.199410,-0.077493
81.5410,-2368,-6.199410,-0.077493
81.5510,-2368,-6.199410,-0.077493
81.5610,-2368,-6.199410,-0.077493
81.5710,-2368,-6.199410,-0.077493
81.5810,-2368,-6.199410,-0.077493
81.5910,-2368,-6.199410,-0.077493
81.6010,-2369,-6.202028,-0.077525
81.6110,-2369,-6.202028,-0.077525
81.6210,-2368,-6.199410,-0.077493
81.6310,-2368,-6.199410,-0.077493
81.6410,-2368,-6.199410,-0.077493
81.6510,-2368,-6.199410,-0.077493
81.6610,-2368,-6.199410,-0.077493
81.6710,-2369,-6.202028,-0.077525
81.6810,-2369,-6.202028,-0.077525
81.6910,-2369,-6.202028,-0.077525
81.7010,-2369,-6.202028,-0.077525
81.7110,-2369,-6.202028,-0.077525
81.7210,-2369,-6.202028,-0.077525
81.7310,-2369,-6.202028,-0.077525
81.7410,-2369,-6.202028,-0.077525
81.7510,-2369,-6.202028,-0.077525
81.7610,-2369,-6.202028,-0.077525
81.7710,-2369,-6.202028,-0.077525
81.7810,-2369,-6.202028,-0.077525
81.7910,-2369,-6.202028,-0.077525
81.8010,-2369,-6.202028,-0.077525
81.8110,-2369,-6.202028,-0.077525
81.8210,-2369,-6.202028,-0.077525
81.8310,-2370,-6.204646,-0.077558
81.8410,-2370,-6.204646,-0.077558
81.8510,-2370,-6.204646,-0.077558
81.8610,-2370,-6.204646,-0.077558
81.8710,-2370,-6.204646,-0.077558
81.8810,-2370,-6.204646,-0.077558
81.8910,-2370,-6.204646,-0.077558
81.9010,-2370,-6.204646,-0.077558
81.9110,-2370,-6.204646,-0.077558
81.9210,-2369,-6.202028,-0.077525
81.9310,-2369,-6.202028,-0.077525
81.9410,-2369,-6.202028,-0.077525
81.9510,-2370,-6.204646,-0.077558
81.9610,-2370,-6.204646,-0.077558
81.9710,-2370,-6.204646,-0.077558
81.9810,-2370,-6.204646,-0.077558
81.9910,-2371,-6.207263,-0.077591
82.0010,-2371,-6.207263,-0.077591
82.0120,-2371,-6.207263,-0.077591
82.0210,-2371,-6.207263,-0.077591
82.0310,-2371,-6.207263,-0.077591
82.0410,-2370,-6.204646,-0.077558
82.0510,-2370,-6.204646,-0.077558
82.0610,-2370,-6.204646,-0.077558
82.0710,-2370,-6.204646,-0.077558
82.0810,-2370,-6.204646,-0.077558
82.0910,-2371,-6.207263,-0.077591
82.1010,-2371,-6.207263,-0.077591
82.1110,-2371,-6.207263,-0.077591
82.1210,-2371,-6.207263,-0.077591
82.1310,-2371,-6.207263,-0.077591
82.1410,-2371,-6.207263,-0.077591
82.1510,-2371,-6.207263,-0.077591
82.1610,-2371,-6.207263,-0.077591
82.1710,-2371,-6.207263,-0.077591
82.1810,-2371,-6.207263,-0.077591
82.1910,-2371,-6.207263,-0.077591
82.2010,-2371,-6.207263,-0.077591
82.2110,-2371,-6.207263,-0.077591
82.2210,-2371,-6.207263,-0.077591
82.2310,-2371,-6.207263,-0.077591
82.2410,-2371,-6.207263,-0.077591
82.2510,-2371,-6.207263,-0.077591
82.2610,-2372,-6.209882,-0.077624
82.2710,-2372,-6.209882,-0.077624
82.2810,-2372,-6.209882,-0.077624
82.2910,-2372,-6.209882,-0.077624
82.3010,-2372,-6.209882,-0.077624
82.3110,-2372,-6.209882,-0.077624
82.3210,-2372,-6.209882,-0.077624
82.3310,-2371,-6.207263,-0.077591
82.3410,-2371,-6.207263,-0.077591
82.3510,-2371,-6.207263,-0.077591
82.3610,-2371,-6.207263,-0.077591
82.3710,-2372,-6.209882,-0.077624
82.3810,-2372,-6.209882,-0.077624
82.3910,-2372,-6.209882,-0.077624
82.4010,-2372,-6.209882,-0.077624
82.4110,-2372,-6.209882,-0.077624
82.4210,-2372,-6.209882,-0.077624
82.4310,-2372,-6.209882,-0.077624
82.4410,-2372,-6.209882,-0.077624
82.4510,-2372,-6.209882,-0.077624
82.4610,-2372,-6.209882,-0.077624
82.4710,-2372,-6.209882,-0.077624
82.4810,-2372,-6.209882,-0.077624
82.4910,-2372,-6.209882,-0.077624
82.5010,-2372,-6.209882,-0.077624
82.5110,-2372,-6.209882,-0.077624
82.5210,-2372,-6.209882,-0.077624
82.5310,-2372,-6.209882,-0.077624
82.5410,-2373,-6.212500,-0.077656
82.5510,-2373,-6.212500,-0.077656
82.5610,-2373,-6.212500,-0.077656
82.5710,-2373,-6.212500,-0.077656
82.5810,-2373,-6.212500,-0.077656
82.5910,-2372,-6.209882,-0.077624
82.6010,-2372,-6.209882,-0.077624
82.6110,-2372,-6.209882,-0.077624
82.6210,-2372,-6.209882,-0.077624
82.6310,-2372,-6.209882,-0.077624
82.6410,-2373,-6.212500,-0.077656
82.6520,-2373,-6.212500,-0.077656
82.6610,-2373,-6.212500,-0.077656
82.6710,-2373,-6.212500,-0.077656
82.6810,-2373,-6.212500,-0.077656
82.6910,-2373,-6.212500,-0.077656
82.7010,-2373,-6.212500,-0.077656
82.7110,-2373,-6.212500,-0.077656
82.7210,-2373,-6.212500,-0.077656
82.7310,-2373,-6.212500,-0.077656
82.7410,-2373,-6.212500,-0.077656
82.7510,-2373,-6.212500,-0.077656
82.7610,-2373,-6.212500,-0.077656
82.7710,-2373,-6.212500,-0.077656
82.7810,-2373,-6.212500,-0.077656
82.7910,-2373,-6.212500,-0.077656
82.8010,-2374,-6.215118,-0.077689
82.8110,-2374,-6.215118,-0.077689
82.8210,-2374,-6.215118,-0.077689
82.8310,-2374,-6.215118,-0.077689
82.8410,-2374,-6.215118,-0.077689
82.8510,-2374,-6.215118,-0.077689
82.8610,-2374,-6.215118,-0.077689
82.8710,-2374,-6.215118,-0.077689
82.8810,-2374,-6.215118,-0.077689
82.8910,-2374,-6.215118,-0.077689
82.9010,-2374,-6.215118,-0.077689
82.9110,-2374,-6.215118,-0.077689
82.9210,-2374,-6.215118,-0.077689
82.9310,-2374,-6.215118,-0.077689
82.9410,-2374,-6.215118,-0.077689
82.9510,-2374,-6.215118,-0.077689
82.9610,-2375,-6.217735,-0.077722
82.9710,-2375,-6.217735,-0.077722
82.9810,-2375,-6.217735,-0.077722
82.9910,-2375,-6.217735,-0.077722
83.0010,-2375,-6.217735,-0.077722
83.0110,-2375,-6.217735,-0.077722
83.0210,-2375,-6.217735,-0.077722
83.0310,-2375,-6.217735,-0.077722
83.0410,-2375,-6.217735,-0.077722
83.0510,-2375,-6.217735,-0.077722
83.0610,-2375,-6.217735,-0.077722
83.0710,-2375,-6.217735,-0.077722
83.0810,-2375,-6.217735,-0.077722
83.0910,-2375,-6.217735,-0.077722
83.1010,-2375,-6.217735,-0.077722
83.1110,-2375,-6.217735,-0.077722
83.1210,-2375,-6.217735,-0.077722
83.1310,-2375,-6.217735,-0.077722
83.1410,-2375,-6.217735,-0.077722
83.1510,-2375,-6.217735,-0.077722
83.1610,-2375,-6.217735,-0.077722
83.1710,-2375,-6.217735,-0.077722
83.1810,-2375,-6.217735,-0.077722
83.1910,-2375,-6.217735,-0.077722
83.2010,-2376,-6.220354,-0.077754
83.2110,-2376,-6.220354,-0.077754
83.2210,-2376,-6.220354,-0.077754
83.2310,-2376,-6.220354,-0.077754
83.2410,-2376,-6.220354,-0.077754
83.2510,-2376,-6.220354,-0.077754
83.2610,-2376,-6.220354,-0.077754
83.2710,-2376,-6.220354,-0.077754
83.2810,-2376,-6.220354,-0.077754
83.2920,-2376,-6.220354,-0.077754
83.3010,-2376,-6.220354,-0.077754
83.3110,-2376,-6.220354,-0.077754
83.3210,-2376,-6.220354,-0.077754
83.3310,-2376,-6.220354,-0.077754
83.3410,-2377,-6.222971,-0.077787
83.3510,-2377,-6.222971,-0.077787
83.3610,-2377,-6.222971,-0.077787
83.3710,-2378,-6.225590,-0.077820
83.3810,-2378,-6.225590,-0.077820
83.3910,-2379,-6.228208,-0.077853
83.4010,-2379,-6.228208,-0.077853
83.4110,-2379,-6.228208,-0.077853
83.4210,-2380,-6.230825,-0.077885
83.4310,-2380,-6.230825,-0.077885
83.4410,-2381,-6.233443,-0.077918
83.4510,-2384,-6.241298,-0.078016
83.4610,-2387,-6.249151,-0.078114
83.4710,-2390,-6.257006,-0.078213
83.4810,-2396,-6.272714,-0.078409
83.4910,-2401,-6.285803,-0.078573
83.5010,-2407,-6.301512,-0.078769
83.5110,-2411,-6.311984,-0.078900
83.5210,-2416,-6.325073,-0.079063
83.5310,-2421,-6.338163,-0.079227
83.5410,-2426,-6.351253,-0.079391
83.5510,-2431,-6.364343,-0.079554
83.5610,-2436,-6.377433,-0.079718
83.5710,-2442,-6.393141,-0.079914
83.5810,-2448,-6.408849,-0.080111
83.5910,-2453,-6.421939,-0.080274
83.6010,-2457,-6.432411,-0.080405
83.6110,-2462,-6.445501,-0.080569
83.6210,-2467,-6.458591,-0.080732
83.6310,-2471,-6.469063,-0.080863
83.6410,-2473,-6.474298,-0.080929
83.6510,-2475,-6.479535,-0.080994
83.6610,-2475,-6.479535,-0.080994
83.6710,-2474,-6.476917,-0.080961
83.6810,-2473,-6.474298,-0.080929
83.6910,-2472,-6.471681,-0.080896
83.7010,-2471,-6.469063,-0.080863
83.7110,-2471,-6.469063,-0.080863
83.7210,-2471,-6.469063,-0.080863
83.7310,-2472,-6.471681,-0.080896
83.7410,-2473,-6.474298,-0.080929
83.7510,-2476,-6.482153,-0.081027
83.7610,-2478,-6.487389,-0.081092
83.7710,-2480,-6.492625,-0.081158
83.7810,-2481,-6.495244,-0.081191
83.7910,-2482,-6.497861,-0.081223
83.8010,-2482,-6.497861,-0.081223
83.8110,-2482,-6.497861,-0.081223
83.8210,-2482,-6.497861,-0.081223
83.8310,-2481,-6.495244,-0.081191
83.8410,-2481,-6.495244,-0.081191
83.8510,-2481,-6.495244,-0.081191
83.8610,-2481,-6.495244,-0.081191
83.8710,-2481,-6.495244,-0.081191
83.8810,-2482,-6.497861,-0.081223
83.8910,-2484,-6.503097,-0.081289
83.9010,-2485,-6.505715,-0.081321
83.9110,-2487,-6.510951,-0.081387
83.9210,-2488,-6.513569,-0.081420
83.9320,-2489,-6.516187,-0.081452
83.9410,-2489,-6.516187,-0.081452
83.9510,-2489,-6.516187,-0.081452
83.9610,-2489,-6.516187,-0.081452
83.9710,-2489,-6.516187,-0.081452
83.9810,-2489,-6.516187,-0.081452
83.9910,-2489,-6.516187,-0.081452
84.0010,-2489,-6.516187,-0.081452
84.0110,-2489,-6.516187,-0.081452
84.0210,-2489,-6.516187,-0.081452
84.0310,-2491,-6.521423,-0.081518
84.0410,-2492,-6.524041,-0.081551
84.0510,-2493,-6.526659,-0.081583
84.0610,-2494,-6.529277,-0.081616
84.0710,-2495,-6.531895,-0.081649
84.0810,-2496,-6.534512,-0.081681
84.0910,-2497,-6.537131,-0.081714
84.1010,-2497,-6.537131,-0.081714
84.1110,-2497,-6.537131,-0.081714
84.1210,-2497,-6.537131,-0.081714
84.1310,-2497,-6.537131,-0.081714
84.1410,-2497,-6.537131,-0.081714
84.1510,-2497,-6.537131,-0.081714
84.1610,-2497,-6.537131,-0.081714
84.1710,-2499,-6.542367,-0.081780
84.1810,-2501,-6.547603,-0.081845
84.1910,-2503,-6.552839,-0.081910
84.2010,-2505,-6.558075,-0.081976
84.2110,-2507,-6.563311,-0.082041
84.2210,-2509,-6.568547,-0.082107
84.2310,-2511,-6.573783,-0.082172
84.2410,-2513,-6.579019,-0.082238
84.2510,-2515,-6.584255,-0.082303
84.2610,-2516,-6.586873,-0.082336
84.2710,-2517,-6.589491,-0.082369
84.2810,-2518,-6.592109,-0.082401
84.2910,-2519,-6.594727,-0.082434
84.3010,-2519,-6.594727,-0.082434
84.3110,-2521,-6.599963,-0.082500
84.3210,-2522,-6.602581,-0.082532
84.3310,-2523,-6.605198,-0.082565
84.3410,-2524,-6.607816,-0.082598
84.3510,-2525,-6.610435,-0.082630
84.3610,-2526,-6.613053,-0.082663
84.3710,-2527,-6.615671,-0.082696
84.3810,-2528,-6.618288,-0.082729
84.3910,-2529,-6.620907,-0.082761
84.4010,-2529,-6.620907,-0.082761
84.4110,-2529,-6.620907,-0.082761
84.4210,-2529,-6.620907,-0.082761
84.4310,-2529,-6.620907,-0.082761
84.4410,-2530,-6.623525,-0.082794
84.4510,-2531,-6.626142,-0.082827
84.4610,-2532,-6.628760,-0.082860
84.4710,-2533,-6.631379,-0.082892
84.4810,-2534,-6.633996,-0.082925
84.4910,-2535,-6.636614,-0.082958
84.5010,-2536,-6.639232,-0.082990
84.5110,-2537,-6.641851,-0.083023
84.5210,-2538,-6.644469,-0.083056
84.5310,-2538,-6.644469,-0.083056
84.5410,-2539,-6.647087,-0.083089
84.5510,-2539,-6.647087,-0.083089
84.5610,-2539,-6.647087,-0.083089
84.5720,-2539,-6.647087,-0.083089
84.5810,-2540,-6.649704,-0.083121
84.5910,-2542,-6.654941,-0.083187
84.6010,-2545,-6.662795,-0.083285
84.6110,-2549,-6.673267,-0.083416
84.6210,-2554,-6.686357,-0.083579
84.6310,-2560,-6.702065,-0.083776
84.6410,-2565,-6.715155,-0.083939
84.6510,-2569,-6.725626,-0.084070
84.6610,-2573,-6.736099,-0.084201
84.6710,-2576,-6.743953,-0.084299
84.6810,-2578,-6.749188,-0.084365
84.6910,-2579,-6.751806,-0.084398
84.7010,-2579,-6.751806,-0.084398
84.7110,-2578,-6.749188,-0.084365
84.7210,-2578,-6.749188,-0.084365
84.7310,-2578,-6.749188,-0.084365
84.7410,-2578,-6.749188,-0.084365
84.7510,-2580,-6.754425,-0.084430
84.7610,-2582,-6.759660,-0.084496
84.7710,-2586,-6.770132,-0.084627
84.7810,-2592,-6.785840,-0.084823
84.7910,-2597,-6.798930,-0.084987
84.8010,-2604,-6.817256,-0.085216
84.8110,-2611,-6.835582,-0.085445
84.8210,-2618,-6.853908,-0.085674
84.8310,-2623,-6.866998,-0.085837
84.8410,-2630,-6.885324,-0.086067
84.8510,-2640,-6.911504,-0.086394
84.8610,-2657,-6.956010,-0.086950
84.8710,-2676,-7.005752,-0.087572
84.8810,-2701,-7.071201,-0.088390
84.8910,-2725,-7.134033,-0.089175
84.9010,-2752,-7.204719,-0.090059
84.9110,-2783,-7.285877,-0.091073
84.9210,-2814,-7.367035,-0.092088
84.9310,-2849,-7.458665,-0.093233
84.9410,-2884,-7.550295,-0.094379
84.9510,-2915,-7.631452,-0.095393
84.9610,-2940,-7.696902,-0.096211
84.9710,-2961,-7.751880,-0.096899
84.9810,-2979,-7.799004,-0.097488
84.9910,-2989,-7.825184,-0.097815
85.0010,-2995,-7.840892,-0.098011
85.0110,-3000,-7.853982,-0.098175
85.0210,-3006,-7.869690,-0.098371
85.0310,-3012,-7.885398,-0.098567
85.0410,-3020,-7.906342,-0.098829
85.0510,-3030,-7.932522,-0.099157
85.0610,-3044,-7.969173,-0.099615
85.0710,-3060,-8.011062,-0.100138
85.0810,-3078,-8.058186,-0.100727
85.0910,-3097,-8.107928,-0.101349
85.1010,-3120,-8.168141,-0.102102
85.1110,-3144,-8.230973,-0.102887
85.1210,-3174,-8.309514,-0.103869
85.1310,-3205,-8.390671,-0.104883
85.1410,-3239,-8.479683,-0.105996
85.1510,-3268,-8.555604,-0.106945
85.1610,-3292,-8.618436,-0.107730
85.1710,-3310,-8.665561,-0.108320
85.1810,-3330,-8.717921,-0.108974
85.1910,-3350,-8.770280,-0.109628
85.2010,-3365,-8.809550,-0.110119
85.2120,-3375,-8.835730,-0.110447
85.2210,-3384,-8.859292,-0.110741
85.2310,-3396,-8.890707,-0.111134
85.2410,-3409,-8.924742,-0.111559
85.2510,-3417,-8.945686,-0.111821
85.2610,-3425,-8.966630,-0.112083
85.2710,-3435,-8.992810,-0.112410
85.2810,-3452,-9.037316,-0.112966
85.2910,-3472,-9.089675,-0.113621
85.3010,-3489,-9.134181,-0.114177
85.3110,-3506,-9.178688,-0.114734
85.3210,-3521,-9.217957,-0.115224
85.3310,-3537,-9.259845,-0.115748
85.3410,-3549,-9.291261,-0.116141
85.3510,-3563,-9.327913,-0.116599
85.3610,-3581,-9.375037,-0.117188
85.3710,-3596,-9.414307,-0.117679
85.3810,-3613,-9.458812,-0.118235
85.3910,-3628,-9.498083,-0.118726
85.4010,-3647,-9.547824,-0.119348
85.4110,-3671,-9.610656,-0.120133
85.4210,-3700,-9.686578,-0.121082
85.4310,-3725,-9.752028,-0.121900
85.4410,-3753,-9.825332,-0.122817
85.4510,-3778,-9.890782,-0.123635
85.4610,-3802,-9.953614,-0.124420
85.4710,-3822,-10.005973,-0.125075
85.4810,-3842,-10.058333,-0.125729
85.4910,-3860,-10.105457,-0.126318
85.5010,-3879,-10.155200,-0.126940
85.5110,-3896,-10.199705,-0.127496
85.5210,-3913,-10.244211,-0.128053
85.5310,-3926,-10.278245,-0.128478
85.5410,-3939,-10.312278,-0.128903
85.5510,-3954,-10.351549,-0.129394
85.5610,-3973,-10.401290,-0.130016
85.5710,-3997,-10.464122,-0.130802
85.5810,-4019,-10.521718,-0.131521
85.5910,-4042,-10.581932,-0.132274
85.6010,-4064,-10.639528,-0.132994
85.6110,-4089,-10.704977,-0.133812
85.6210,-4111,-10.762574,-0.134532
85.6310,-4132,-10.817552,-0.135219
85.6410,-4145,-10.851585,-0.135645
85.6510,-4155,-10.877765,-0.135972
85.6610,-4162,-10.896091,-0.136201
85.6710,-4165,-10.903945,-0.136299
85.6810,-4165,-10.903945,-0.136299
85.6910,-4162,-10.896091,-0.136201
85.7010,-4159,-10.888237,-0.136103
85.7110,-4154,-10.875147,-0.135939
85.7210,-4150,-10.864675,-0.135808
85.7310,-4148,-10.859439,-0.135743
85.7410,-4147,-10.856822,-0.135710
85.7510,-4148,-10.859439,-0.135743
85.7610,-4151,-10.867294,-0.135841
85.7710,-4155,-10.877765,-0.135972
85.7810,-4160,-10.890855,-0.136136
85.7910,-4164,-10.901328,-0.136267
85.8010,-4167,-10.909181,-0.136365
85.8110,-4168,-10.911799,-0.136397
85.8210,-4168,-10.911799,-0.136397
85.8310,-4168,-10.911799,-0.136397
85.8410,-4166,-10.906563,-0.136332
85.8520,-4163,-10.898710,-0.136234
85.8610,-4161,-10.893473,-0.136168
85.8710,-4160,-10.890855,-0.136136
85.8810,-4160,-10.890855,-0.136136
85.8910,-4161,-10.893473,-0.136168
85.9010,-4163,-10.898710,-0.136234
85.9110,-4166,-10.906563,-0.136332
85.9210,-4169,-10.914417,-0.136430
85.9310,-4173,-10.924889,-0.136561
85.9410,-4175,-10.930126,-0.136627
85.9510,-4176,-10.932744,-0.136659
85.9610,-4177,-10.935361,-0.136692
85.9710,-4178,-10.937979,-0.136725
85.9810,-4178,-10.937979,-0.136725
85.9910,-4177,-10.935361,-0.136692
86.0010,-4176,-10.932744,-0.136659
86.0110,-4176,-10.932744,-0.136659
86.0210,-4176,-10.932744,-0.136659
86.0310,-4176,-10.932744,-0.136659
86.0410,-4177,-10.935361,-0.136692
86.0510,-4178,-10.937979,-0.136725
86.0610,-4179,-10.940597,-0.136757
86.0710,-4181,-10.945833,-0.136823
86.0810,-4181,-10.945833,-0.136823
86.0910,-4182,-10.948451,-0.136856
86.1010,-4182,-10.948451,-0.136856
86.1110,-4182,-10.948451,-0.136856
86.1210,-4183,-10.951069,-0.136888
86.1310,-4183,-10.951069,-0.136888
86.1410,-4183,-10.951069,-0.136888
86.1510,-4183,-10.951069,-0.136888
86.1610,-4184,-10.953687,-0.136921
86.1710,-4185,-10.956305,-0.136954
86.1810,-4185,-10.956305,-0.136954
86.1910,-4186,-10.958923,-0.136987
86.2010,-4187,-10.961542,-0.137019
86.2110,-4187,-10.961542,-0.137019
86.2210,-4187,-10.961542,-0.137019
86.2310,-4188,-10.964159,-0.137052
86.2410,-4188,-10.964159,-0.137052
86.2510,-4189,-10.966777,-0.137085
86.2610,-4189,-10.966777,-0.137085
86.2710,-4189,-10.966777,-0.137085
86.2810,-4190,-10.969395,-0.137117
86.2910,-4191,-10.972013,-0.137150
86.3010,-4192,-10.974631,-0.137183
86.3110,-4192,-10.974631,-0.137183
86.3210,-4193,-10.977249,-0.137216
86.3310,-4193,-10.977249,-0.137216
86.3410,-4194,-10.979866,-0.137248
86.3510,-4194,-10.979866,-0.137248
86.3610,-4194,-10.979866,-0.137248
86.3710,-4194,-10.979866,-0.137248
86.3810,-4194,-10.979866,-0.137248
86.3910,-4195,-10.982485,-0.137281
86.4010,-4195,-10.982485,-0.137281
86.4110,-4196,-10.985103,-0.137314
86.4210,-4196,-10.985103,-0.137314
86.4310,-4197,-10.987721,-0.137347
86.4410,-4198,-10.990339,-0.137379
86.4510,-4198,-10.990339,-0.137379
86.4610,-4199,-10.992958,-0.137412
86.4710,-4199,-10.992958,-0.137412
86.4810,-4199,-10.992958,-0.137412
86.4920,-4198,-10.990339,-0.137379
86.5010,-4198,-10.990339,-0.137379
86.5110,-4198,-10.990339,-0.137379
86.5210,-4197,-10.987721,-0.137347
86.5310,-4198,-10.990339,-0.137379
86.5410,-4198,-10.990339,-0.137379
86.5510,-4199,-10.992958,-0.137412
86.5610,-4199,-10.992958,-0.137412
86.5710,-4200,-10.995575,-0.137445
86.5810,-4201,-10.998193,-0.137477
86.5910,-4201,-10.998193,-0.137477
86.6010,-4201,-10.998193,-0.137477
86.6110,-4201,-10.998193,-0.137477
86.6210,-4201,-10.998193,-0.137477
86.6310,-4201,-10.998193,-0.137477
86.6410,-4200,-10.995575,-0.137445
86.6510,-4200,-10.995575,-0.137445
86.6610,-4200,-10.995575,-0.137445
86.6710,-4201,-10.998193,-0.137477
86.6810,-4201,-10.998193,-0.137477
86.6910,-4201,-10.998193,-0.137477
86.7010,-4202,-11.000811,-0.137510
86.7110,-4203,-11.003429,-0.137543
86.7210,-4203,-11.003429,-0.137543
86.7310,-4203,-11.003429,-0.137543
86.7410,-4203,-11.003429,-0.137543
86.7510,-4203,-11.003429,-0.137543
86.7610,-4203,-11.003429,-0.137543
86.7710,-4203,-11.003429,-0.137543
86.7810,-4203,-11.003429,-0.137543
86.7910,-4202,-11.000811,-0.137510
86.8010,-4202,-11.000811,-0.137510
86.8110,-4203,-11.003429,-0.137543
86.8210,-4203,-11.003429,-0.137543
86.8310,-4204,-11.006047,-0.137576
86.8410,-4204,-11.006047,-0.137576
86.8510,-4205,-11.008665,-0.137608
86.8610,-4205,-11.008665,-0.137608
86.8710,-4205,-11.008665,-0.137608
86.8810,-4205,-11.008665,-0.137608
86.8910,-4205,-11.008665,-0.137608
86.9010,-4205,-11.008665,-0.137608
86.9110,-4204,-11.006047,-0.137576
86.9210,-4204,-11.006047,-0.137576
86.9310,-4204,-11.006047,-0.137576
86.9410,-4204,-11.006047,-0.137576
86.9510,-4204,-11.006047,-0.137576
86.9610,-4205,-11.008665,-0.137608
86.9710,-4205,-11.008665,-0.137608
86.9810,-4206,-11.011283,-0.137641
86.9910,-4206,-11.011283,-0.137641
87.0010,-4206,-11.011283,-0.137641
87.0110,-4206,-11.011283,-0.137641
87.0210,-4206,-11.011283,-0.137641
87.0310,-4206,-11.011283,-0.137641
87.0410,-4206,-11.011283,-0.137641
87.0510,-4205,-11.008665,-0.137608
87.0610,-4205,-11.008665,-0.137608
87.0710,-4205,-11.008665,-0.137608
87.0810,-4205,-11.008665,-0.137608
87.0910,-4205,-11.008665,-0.137608
87.1010,-4206,-11.011283,-0.137641
87.1110,-4206,-11.011283,-0.137641
87.1210,-4207,-11.013901,-0.137674
87.1320,-4207,-11.013901,-0.137674
87.1410,-4207,-11.013901,-0.137674
87.1510,-4207,-11.013901,-0.137674
87.1610,-4207,-11.013901,-0.137674
87.1710,-4207,-11.013901,-0.137674
87.1810,-4207,-11.013901,-0.137674
87.1910,-4206,-11.011283,-0.137641
87.2010,-4206,-11.011283,-0.137641
87.2110,-4206,-11.011283,-0.137641
87.2210,-4207,-11.013901,-0.137674
87.2310,-4207,-11.013901,-0.137674
87.2410,-4207,-11.013901,-0.137674
87.2510,-4208,-11.016519,-0.137706
87.2610,-4208,-11.016519,-0.137706
87.2710,-4208,-11.016519,-0.137706
87.2810,-4208,-11.016519,-0.137706
87.2910,-4208,-11.016519,-0.137706
87.3010,-4208,-11.016519,-0.137706
87.3110,-4208,-11.016519,-0.137706
87.3210,-4208,-11.016519,-0.137706
87.3310,-4207,-11.013901,-0.137674
87.3410,-4207,-11.013901,-0.137674
87.3510,-4207,-11.013901,-0.137674
87.3610,-4208,-11.016519,-0.137706
87.3710,-4208,-11.016519,-0.137706
87.3810,-4209,-11.019137,-0.137739
87.3910,-4209,-11.019137,-0.137739
87.4010,-4209,-11.019137,-0.137739
87.4110,-4209,-11.019137,-0.137739
87.4210,-4209,-11.019137,-0.137739
87.4310,-4209,-11.019137,-0.137739
87.4410,-4209,-11.019137,-0.137739
87.4510,-4209,-11.019137,-0.137739
87.4610,-4209,-11.019137,-0.137739
87.4710,-4208,-11.016519,-0.137706
87.4810,-4208,-11.016519,-0.137706
87.4910,-4208,-11.016519,-0.137706
87.5010,-4209,-11.019137,-0.137739
87.5110,-4209,-11.019137,-0.137739
87.5210,-4210,-11.021756,-0.137772
87.5310,-4210,-11.021756,-0.137772
87.5410,-4210,-11.021756,-0.137772
87.5510,-4210,-11.021756,-0.137772
87.5610,-4210,-11.021756,-0.137772
87.5710,-4210,-11.021756,-0.137772
87.5810,-4210,-11.021756,-0.137772
87.5910,-4210,-11.021756,-0.137772
87.6010,-4210,-11.021756,-0.137772
87.6110,-4209,-11.019137,-0.137739
87.6210,-4209,-11.019137,-0.137739
87.6310,-4210,-11.021756,-0.137772
87.6410,-4210,-11.021756,-0.137772
87.6510,-4210,-11.021756,-0.137772
87.6610,-4211,-11.024374,-0.137805
87.6710,-4211,-11.024374,-0.137805
87.6810,-4212,-11.026991,-0.137837
87.6910,-4212,-11.026991,-0.137837
87.7010,-4212,-11.026991,-0.137837
87.7110,-4212,-11.026991,-0.137837
87.7210,-4211,-11.024374,-0.137805
87.7310,-4211,-11.024374,-0.137805
87.7410,-4211,-11.024374,-0.137805
87.7510,-4211,-11.024374,-0.137805
87.7610,-4211,-11.024374,-0.137805
87.7720,-4211,-11.024374,-0.137805
87.7810,-4211,-11.024374,-0.137805
87.7910,-4212,-11.026991,-0.137837
87.8010,-4212,-11.026991,-0.137837
87.8110,-4212,-11.026991,-0.137837
87.8210,-4213,-11.029609,-0.137870
87.8310,-4213,-11.029609,-0.137870
87.8410,-4213,-11.029609,-0.137870
87.8510,-4213,-11.029609,-0.137870
87.8610,-4212,-11.026991,-0.137837
87.8710,-4212,-11.026991,-0.137837
87.8810,-4212,-11.026991,-0.137837
87.8910,-4212,-11.026991,-0.137837
87.9010,-4212,-11.026991,-0.137837
87.9110,-4212,-11.026991,-0.137837
87.9210,-4212,-11.026991,-0.137837
87.9310,-4213,-11.029609,-0.137870
87.9410,-4213,-11.029609,-0.137870
87.9510,-4213,-11.029609,-0.137870
87.9610,-4213,-11.029609,-0.137870
87.9710,-4213,-11.029609,-0.137870
87.9810,-4213,-11.029609,-0.137870
87.9910,-4213,-11.029609,-0.137870
88.0010,-4213,-11.029609,-0.137870
88.0110,-4213,-11.029609,-0.137870
88.0210,-4213,-11.029609,-0.137870
88.0310,-4213,-11.029609,-0.137870
88.0410,-4213,-11.029609,-0.137870
88.0510,-4213,-11.029609,-0.137870
88.0610,-4213,-11.029609,-0.137870
88.0710,-4214,-11.032227,-0.137903
88.0810,-4214,-11.032227,-0.137903
88.0910,-4214,-11.032227,-0.137903
88.1010,-4215,-11.034845,-0.137936
88.1110,-4215,-11.034845,-0.137936
88.1210,-4215,-11.034845,-0.137936
88.1310,-4214,-11.032227,-0.137903
88.1410,-4214,-11.032227,-0.137903
88.1510,-4214,-11.032227,-0.137903
88.1610,-4214,-11.032227,-0.137903
88.1710,-4214,-11.032227,-0.137903
88.1810,-4214,-11.032227,-0.137903
88.1910,-4214,-11.032227,-0.137903
88.2010,-4214,-11.032227,-0.137903
88.2110,-4215,-11.034845,-0.137936
88.2210,-4215,-11.034845,-0.137936
88.2310,-4215,-11.034845,-0.137936
88.2410,-4216,-11.037463,-0.137968
88.2510,-4216,-11.037463,-0.137968
88.2610,-4216,-11.037463,-0.137968
88.2710,-4215,-11.034845,-0.137936
88.2810,-4215,-11.034845,-0.137936
88.2910,-4215,-11.034845,-0.137936
88.3010,-4215,-11.034845,-0.137936
88.3110,-4215,-11.034845,-0.137936
88.3210,-4215,-11.034845,-0.137936
88.3310,-4215,-11.034845,-0.137936
88.3410,-4215,-11.034845,-0.137936
88.3510,-4216,-11.037463,-0.137968
88.3610,-4216,-11.037463,-0.137968
88.3710,-4217,-11.040081,-0.138001
88.3810,-4217,-11.040081,-0.138001
88.3910,-4217,-11.040081,-0.138001
88.4010,-4217,-11.040081,-0.138001
88.4120,-4216,-11.037463,-0.137968
88.4210,-4216,-11.037463,-0.137968
88.4310,-4216,-11.037463,-0.137968
88.4410,-4216,-11.037463,-0.137968
88.4510,-4216,-11.037463,-0.137968
88.4610,-4216,-11.037463,-0.137968
88.4710,-4216,-11.037463,-0.137968
88.4810,-4217,-11.040081,-0.138001
88.4910,-4217,-11.040081,-0.138001
88.5010,-4217,-11.040081,-0.138001
88.5110,-4218,-11.042699,-0.138034
88.5210,-4218,-11.042699,-0.138034
88.5310,-4218,-11.042699,-0.138034
88.5410,-4218,-11.042699,-0.138034
88.5510,-4218,-11.042699,-0.138034
88.5610,-4217,-11.040081,-0.138001
88.5710,-4217,-11.040081,-0.138001
88.5810,-4217,-11.040081,-0.138001
88.5910,-4217,-11.040081,-0.138001
88.6010,-4217,-11.040081,-0.138001
88.6110,-4217,-11.040081,-0.138001
88.6210,-4218,-11.042699,-0.138034
88.6310,-4218,-11.042699,-0.138034
88.6410,-4219,-11.045317,-0.138066
88.6510,-4219,-11.045317,-0.138066
88.6610,-4219,-11.045317,-0.138066
88.6710,-4219,-11.045317,-0.138066
88.6810,-4219,-11.045317,-0.138066
88.6910,-4219,-11.045317,-0.138066
88.7010,-4219,-11.045317,-0.138066
88.7110,-4219,-11.045317,-0.138066
88.7210,-4218,-11.042699,-0.138034
88.7310,-4218,-11.042699,-0.138034
88.7410,-4218,-11.042699,-0.138034
88.7510,-4219,-11.045317,-0.138066
88.7610,-4219,-11.045317,-0.138066
88.7710,-4220,-11.047935,-0.138099
88.7810,-4220,-11.047935,-0.138099
88.7910,-4221,-11.050553,-0.138132
88.8010,-4221,-11.050553,-0.138132
88.8110,-4221,-11.050553,-0.138132
88.8210,-4221,-11.050553,-0.138132
88.8310,-4221,-11.050553,-0.138132
88.8410,-4221,-11.050553,-0.138132
88.8510,-4221,-11.050553,-0.138132
88.8610,-4220,-11.047935,-0.138099
88.8710,-4220,-11.047935,-0.138099
88.8810,-4221,-11.050553,-0.138132
88.8910,-4222,-11.053172,-0.138165
88.9010,-4223,-11.055789,-0.138197
88.9110,-4224,-11.058407,-0.138230
88.9210,-4225,-11.061025,-0.138263
88.9310,-4226,-11.063643,-0.138296
88.9410,-4228,-11.068879,-0.138361
88.9510,-4229,-11.071496,-0.138394
88.9610,-4232,-11.079351,-0.138492
88.9710,-4234,-11.084588,-0.138557
88.9810,-4236,-11.089822,-0.138623
88.9910,-4238,-11.095059,-0.138688
89.0010,-4241,-11.102912,-0.138786
89.0110,-4244,-11.110767,-0.138885
89.0210,-4247,-11.118620,-0.138983
89.0310,-4251,-11.129093,-0.139114
89.0410,-4256,-11.142183,-0.139277
89.0520,-4261,-11.155272,-0.139441
89.0610,-4266,-11.168363,-0.139605
89.0710,-4273,-11.186688,-0.139834
89.0810,-4282,-11.210250,-0.140128
89.0910,-4293,-11.239048,-0.140488
89.1010,-4305,-11.270464,-0.140881
89.1110,-4320,-11.309734,-0.141372
89.1210,-4339,-11.359476,-0.141993
89.1310,-4363,-11.422307,-0.142779
89.1410,-4386,-11.482522,-0.143532
89.1510,-4408,-11.540118,-0.144251
89.1610,-4428,-11.592478,-0.144906
89.1710,-4446,-11.639601,-0.145495
89.1810,-4461,-11.678872,-0.145986
89.1910,-4476,-11.718141,-0.146477
89.2010,-4490,-11.754793,-0.146935
89.2110,-4503,-11.788827,-0.147360
89.2210,-4521,-11.835951,-0.147949
89.2310,-4538,-11.880457,-0.148506
89.2410,-4557,-11.930198,-0.149127
89.2510,-4572,-11.969469,-0.149618
89.2610,-4590,-12.016592,-0.150207
89.2710,-4607,-12.061099,-0.150764
89.2810,-4628,-12.116076,-0.151451
89.2910,-4647,-12.165818,-0.152073
89.3010,-4666,-12.215560,-0.152695
89.3110,-4684,-12.262684,-0.153284
89.3210,-4704,-12.315044,-0.153938
89.3310,-4725,-12.370022,-0.154625
89.3410,-4741,-12.411910,-0.155149
89.3510,-4750,-12.435471,-0.155443
89.3610,-4757,-12.453798,-0.155672
89.3710,-4762,-12.466887,-0.155836
89.3810,-4768,-12.482596,-0.156032
89.3910,-4772,-12.493067,-0.156163
89.4010,-4774,-12.498303,-0.156229
89.4110,-4775,-12.500922,-0.156262
89.4210,-4775,-12.500922,-0.156262
89.4310,-4774,-12.498303,-0.156229
89.4410,-4774,-12.498303,-0.156229
89.4510,-4773,-12.495685,-0.156196
89.4610,-4772,-12.493067,-0.156163
89.4710,-4772,-12.493067,-0.156163
89.4810,-4773,-12.495685,-0.156196
89.4910,-4775,-12.500922,-0.156262
89.5010,-4777,-12.506157,-0.156327
89.5110,-4779,-12.511394,-0.156392
89.5210,-4781,-12.516630,-0.156458
89.5310,-4782,-12.519248,-0.156491
89.5410,-4783,-12.521865,-0.156523
89.5510,-4782,-12.519248,-0.156491
89.5610,-4782,-12.519248,-0.156491
89.5710,-4781,-12.516630,-0.156458
89.5810,-4781,-12.516630,-0.156458
89.5910,-4780,-12.514012,-0.156425
89.6010,-4780,-12.514012,-0.156425
89.6110,-4780,-12.514012,-0.156425
89.6210,-4781,-12.516630,-0.156458
89.6310,-4782,-12.519248,-0.156491
89.6410,-4784,-12.524483,-0.156556
89.6510,-4785,-12.527101,-0.156589
89.6610,-4786,-12.529719,-0.156621
89.6710,-4787,-12.532338,-0.156654
89.6810,-4787,-12.532338,-0.156654
89.6920,-4787,-12.532338,-0.156654
89.7010,-4787,-12.532338,-0.156654
89.7110,-4786,-12.529719,-0.156621
89.7210,-4786,-12.529719,-0.156621
89.7310,-4786,-12.529719,-0.156621
89.7410,-4787,-12.532338,-0.156654
89.7510,-4788,-12.534955,-0.156687
89.7610,-4789,-12.537573,-0.156720
89.7710,-4790,-12.540191,-0.156752
89.7810,-4791,-12.542810,-0.156785
89.7910,-4792,-12.545428,-0.156818
89.8010,-4793,-12.548046,-0.156851
89.8110,-4793,-12.548046,-0.156851
89.8210,-4794,-12.550663,-0.156883
89.8310,-4793,-12.548046,-0.156851
89.8410,-4793,-12.548046,-0.156851
89.8510,-4792,-12.545428,-0.156818
89.8610,-4793,-12.548046,-0.156851
89.8710,-4793,-12.548046,-0.156851
89.8810,-4793,-12.548046,-0.156851
89.8910,-4794,-12.550663,-0.156883
89.9010,-4795,-12.553281,-0.156916
89.9110,-4796,-12.555899,-0.156949
89.9210,-4796,-12.555899,-0.156949
89.9310,-4797,-12.558517,-0.156981
89.9410,-4797,-12.558517,-0.156981
89.9510,-4797,-12.558517,-0.156981
89.9610,-4797,-12.558517,-0.156981
89.9710,-4797,-12.558517,-0.156981
89.9810,-4796,-12.555899,-0.156949
89.9910,-4796,-12.555899,-0.156949
90.0010,-4796,-12.555899,-0.156949
90.0110,-4796,-12.555899,-0.156949
90.0210,-4797,-12.558517,-0.156981
90.0310,-4797,-12.558517,-0.156981
90.0410,-4798,-12.561135,-0.157014
90.0510,-4799,-12.563754,-0.157047
90.0610,-4799,-12.563754,-0.157047
90.0710,-4800,-12.566371,-0.157080
90.0810,-4800,-12.566371,-0.157080
90.0910,-4800,-12.566371,-0.157080
90.1010,-4799,-12.563754,-0.157047
90.1110,-4799,-12.563754,-0.157047
90.1210,-4799,-12.563754,-0.157047
90.1310,-4798,-12.561135,-0.157014
90.1410,-4799,-12.563754,-0.157047
90.1510,-4799,-12.563754,-0.157047
90.1610,-4800,-12.566371,-0.157080
90.1710,-4800,-12.566371,-0.157080
90.1810,-4801,-12.568990,-0.157112
90.1910,-4802,-12.571607,-0.157145
90.2010,-4802,-12.571607,-0.157145
90.2110,-4803,-12.574226,-0.157178
90.2210,-4803,-12.574226,-0.157178
90.2310,-4803,-12.574226,-0.157178
90.2410,-4802,-12.571607,-0.157145
90.2510,-4802,-12.571607,-0.157145
90.2610,-4801,-12.568990,-0.157112
90.2710,-4802,-12.571607,-0.157145
90.2810,-4802,-12.571607,-0.157145
90.2910,-4802,-12.571607,-0.157145
90.3010,-4803,-12.574226,-0.157178
90.3110,-4804,-12.576844,-0.157211
90.3210,-4804,-12.576844,-0.157211
90.3320,-4805,-12.579462,-0.157243
90.3410,-4805,-12.579462,-0.157243
90.3510,-4805,-12.579462,-0.157243
90.3610,-4805,-12.579462,-0.157243
90.3710,-4805,-12.579462,-0.157243
90.3810,-4804,-12.576844,-0.157211
90.3910,-4804,-12.576844,-0.157211
90.4010,-4804,-12.576844,-0.157211
90.4110,-4804,-12.576844,-0.157211
90.4210,-4804,-12.576844,-0.157211
90.4310,-4805,-12.579462,-0.157243
90.4410,-4805,-12.579462,-0.157243
90.4510,-4806,-12.582079,-0.157276
90.4610,-4807,-12.584697,-0.157309
90.4710,-4808,-12.587315,-0.157341
90.4810,-4808,-12.587315,-0.157341
90.4910,-4808,-12.587315,-0.157341
90.5010,-4808,-12.587315,-0.157341
90.5110,-4808,-12.587315,-0.157341
90.5210,-4807,-12.584697,-0.157309
90.5310,-4807,-12.584697,-0.157309
90.5410,-4807,-12.584697,-0.157309
90.5510,-4807,-12.584697,-0.157309
90.5610,-4807,-12.584697,-0.157309
90.5710,-4808,-12.587315,-0.157341
90.5810,-4809,-12.589934,-0.157374
90.5910,-4809,-12.589934,-0.157374
90.6010,-4810,-12.592551,-0.157407
90.6110,-4811,-12.595170,-0.157440
90.6210,-4811,-12.595170,-0.157440
90.6310,-4811,-12.595170,-0.157440
90.6410,-4811,-12.595170,-0.157440
90.6510,-4811,-12.595170,-0.157440
90.6610,-4810,-12.592551,-0.157407
90.6710,-4810,-12.592551,-0.157407
90.6810,-4810,-12.592551,-0.157407
90.6910,-4811,-12.595170,-0.157440
90.7010,-4811,-12.595170,-0.157440
90.7110,-4812,-12.597788,-0.157472
90.7210,-4813,-12.600405,-0.157505
90.7310,-4814,-12.603024,-0.157538
90.7410,-4814,-12.603024,-0.157538
90.7510,-4815,-12.605641,-0.157571
90.7610,-4815,-12.605641,-0.157571
90.7710,-4815,-12.605641,-0.157571
90.7810,-4815,-12.605641,-0.157571
90.7910,-4815,-12.605641,-0.157571
90.8010,-4814,-12.603024,-0.157538
90.8110,-4814,-12.603024,-0.157538
90.8210,-4814,-12.603024,-0.157538
90.8310,-4815,-12.605641,-0.157571
90.8410,-4815,-12.605641,-0.157571
90.8510,-4816,-12.608260,-0.157603
90.8610,-4817,-12.610877,-0.157636
90.8710,-4817,-12.610877,-0.157636
90.8810,-4818,-12.613495,-0.157669
90.8910,-4818,-12.613495,-0.157669
90.9010,-4818,-12.613495,-0.157669
90.9110,-4818,-12.613495,-0.157669
90.9210,-4818,-12.613495,-0.157669
90.9310,-4818,-12.613495,-0.157669
90.9410,-4817,-12.610877,-0.157636
90.9510,-4817,-12.610877,-0.157636
90.9610,-4817,-12.610877,-0.157636
90.9720,-4818,-12.613495,-0.157669
90.9810,-4818,-12.613495,-0.157669
90.9910,-4819,-12.616113,-0.157701
91.0010,-4820,-12.618732,-0.157734
91.0110,-4821,-12.621349,-0.157767
91.0210,-4821,-12.621349,-0.157767
91.0310,-4821,-12.621349,-0.157767
91.0410,-4821,-12.621349,-0.157767
91.0510,-4821,-12.621349,-0.157767
91.0610,-4821,-12.621349,-0.157767
91.0710,-4821,-12.621349,-0.157767
91.0810,-4820,-12.618732,-0.157734
91.0910,-4820,-12.618732,-0.157734
91.1010,-4820,-12.618732,-0.157734
91.1110,-4821,-12.621349,-0.157767
91.1210,-4822,-12.623968,-0.157800
91.1310,-4826,-12.634439,-0.157930
91.1410,-4830,-12.644911,-0.158061
91.1510,-4834,-12.655383,-0.158192
91.1610,-4839,-12.668473,-0.158356
91.1710,-4844,-12.681564,-0.158520
91.1810,-4851,-12.699890,-0.158749
91.1910,-4857,-12.715598,-0.158945
91.2010,-4863,-12.731305,-0.159141
91.2110,-4869,-12.747013,-0.159338
91.2210,-4876,-12.765339,-0.159567
91.2310,-4884,-12.786283,-0.159829
91.2410,-4893,-12.809844,-0.160123
91.2510,-4903,-12.836026,-0.160450
91.2610,-4913,-12.862205,-0.160778
91.2710,-4921,-12.883149,-0.161039
91.2810,-4931,-12.909329,-0.161367
91.2910,-4943,-12.940745,-0.161759
91.3010,-4953,-12.966925,-0.162087
91.3110,-4965,-12.998340,-0.162479
91.3210,-4977,-13.029756,-0.162872
91.3310,-4991,-13.066409,-0.163330
91.3410,-5006,-13.105678,-0.163821
91.3510,-5023,-13.150184,-0.164377
91.3610,-5040,-13.194689,-0.164934
91.3710,-5063,-13.254904,-0.165686
91.3810,-5088,-13.320353,-0.166504
91.3910,-5109,-13.375332,-0.167192
91.4010,-5124,-13.414602,-0.167683
91.4110,-5141,-13.459108,-0.168239
91.4210,-5156,-13.498377,-0.168730
91.4310,-5165,-13.521940,-0.169024
91.4410,-5169,-13.532411,-0.169155
91.4510,-5170,-13.535029,-0.169188
91.4610,-5169,-13.532411,-0.169155
91.4710,-5165,-13.521940,-0.169024
91.4810,-5160,-13.508850,-0.168861
91.4910,-5155,-13.495759,-0.168697
91.5010,-5152,-13.487906,-0.168599
91.5110,-5150,-13.482668,-0.168533
91.5210,-5151,-13.485287,-0.168566
91.5310,-5153,-13.490523,-0.168632
91.5410,-5157,-13.500996,-0.168762
91.5510,-5162,-13.514085,-0.168926
91.5610,-5167,-13.527175,-0.169090
91.5710,-5170,-13.535029,-0.169188
91.5810,-5172,-13.540265,-0.169253
91.5910,-5173,-13.542883,-0.169286
91.6010,-5171,-13.537647,-0.169221
91.6120,-5168,-13.529794,-0.169122
91.6210,-5165,-13.521940,-0.169024
91.6310,-5161,-13.511466,-0.168893
91.6410,-5159,-13.506232,-0.168828
91.6510,-5158,-13.503613,-0.168795
91.6610,-5158,-13.503613,-0.168795
91.6710,-5159,-13.506232,-0.168828
91.6810,-5162,-13.514085,-0.168926
91.6910,-5165,-13.521940,-0.169024
91.7010,-5168,-13.529794,-0.169122
91.7110,-5170,-13.535029,-0.169188
91.7210,-5171,-13.537647,-0.169221
91.7310,-5171,-13.537647,-0.169221
91.7410,-5171,-13.537647,-0.169221
91.7510,-5169,-13.532411,-0.169155
91.7610,-5166,-13.524557,-0.169057
91.7710,-5164,-13.519321,-0.168992
91.7810,-5162,-13.514085,-0.168926
91.7910,-5161,-13.511466,-0.168893
91.8010,-5161,-13.511466,-0.168893
91.8110,-5162,-13.514085,-0.168926
91.8210,-5164,-13.519321,-0.168992
91.8310,-5166,-13.524557,-0.169057
91.8410,-5168,-13.529794,-0.169122
91.8510,-5170,-13.535029,-0.169188
91.8610,-5171,-13.537647,-0.169221
91.8710,-5171,-13.537647,-0.169221
91.8810,-5170,-13.535029,-0.169188
91.8910,-5169,-13.532411,-0.169155
91.9010,-5167,-13.527175,-0.169090
91.9110,-5165,-13.521940,-0.169024
91.9210,-5164,-13.519321,-0.168992
91.9310,-5163,-13.516702,-0.168959
91.9410,-5164,-13.519321,-0.168992
91.9510,-5165,-13.521940,-0.169024
91.9610,-5166,-13.524557,-0.169057
91.9710,-5167,-13.527175,-0.169090
91.9810,-5169,-13.532411,-0.169155
91.9910,-5170,-13.535029,-0.169188
92.0010,-5170,-13.535029,-0.169188
92.0110,-5170,-13.535029,-0.169188
92.0210,-5170,-13.535029,-0.169188
92.0310,-5169,-13.532411,-0.169155
92.0410,-5167,-13.527175,-0.169090
92.0510,-5166,-13.524557,-0.169057
92.0610,-5165,-13.521940,-0.169024
92.0710,-5165,-13.521940,-0.169024
92.0810,-5165,-13.521940,-0.169024
92.0910,-5166,-13.524557,-0.169057
92.1010,-5167,-13.527175,-0.169090
92.1110,-5168,-13.529794,-0.169122
92.1210,-5169,-13.532411,-0.169155
92.1310,-5170,-13.535029,-0.169188
92.1410,-5170,-13.535029,-0.169188
92.1510,-5170,-13.535029,-0.169188
92.1610,-5170,-13.535029,-0.169188
92.1710,-5169,-13.532411,-0.169155
92.1810,-5168,-13.529794,-0.169122
92.1910,-5167,-13.527175,-0.169090
92.2010,-5167,-13.527175,-0.169090
92.2110,-5167,-13.527175,-0.169090
92.2210,-5167,-13.527175,-0.169090
92.2310,-5168,-13.529794,-0.169122
92.2410,-5169,-13.532411,-0.169155
92.2520,-5169,-13.532411,-0.169155
92.2610,-5170,-13.535029,-0.169188
92.2710,-5170,-13.535029,-0.169188
92.2810,-5171,-13.537647,-0.169221
92.2910,-5171,-13.537647,-0.169221
92.3010,-5170,-13.535029,-0.169188
92.3110,-5169,-13.532411,-0.169155
92.3210,-5169,-13.532411,-0.169155
92.3310,-5168,-13.529794,-0.169122
92.3410,-5168,-13.529794,-0.169122
92.3510,-5168,-13.529794,-0.169122
92.3610,-5169,-13.532411,-0.169155
92.3710,-5169,-13.532411,-0.169155
92.3810,-5170,-13.535029,-0.169188
92.3910,-5171,-13.537647,-0.169221
92.4010,-5171,-13.537647,-0.169221
92.4110,-5171,-13.537647,-0.169221
92.4210,-5171,-13.537647,-0.169221
92.4310,-5171,-13.537647,-0.169221
92.4410,-5170,-13.535029,-0.169188
92.4510,-5170,-13.535029,-0.169188
92.4610,-5169,-13.532411,-0.169155
92.4710,-5169,-13.532411,-0.169155
92.4810,-5169,-13.532411,-0.169155
92.4910,-5169,-13.532411,-0.169155
92.5010,-5170,-13.535029,-0.169188
92.5110,-5170,-13.535029,-0.169188
92.5210,-5171,-13.537647,-0.169221
92.5310,-5171,-13.537647,-0.169221
92.5410,-5172,-13.540265,-0.169253
92.5510,-5172,-13.540265,-0.169253
92.5610,-5172,-13.540265,-0.169253
92.5710,-5171,-13.537647,-0.169221
92.5810,-5171,-13.537647,-0.169221
92.5910,-5171,-13.537647,-0.169221
92.6010,-5170,-13.535029,-0.169188
92.6110,-5170,-13.535029,-0.169188
92.6210,-5170,-13.535029,-0.169188
92.6310,-5170,-13.535029,-0.169188
92.6410,-5171,-13.537647,-0.169221
92.6510,-5171,-13.537647,-0.169221
92.6610,-5171,-13.537647,-0.169221
92.6710,-5172,-13.540265,-0.169253
92.6810,-5172,-13.540265,-0.169253
92.6910,-5172,-13.540265,-0.169253
92.7010,-5172,-13.540265,-0.169253
92.7110,-5172,-13.540265,-0.169253
92.7210,-5171,-13.537647,-0.169221
92.7310,-5171,-13.537647,-0.169221
92.7410,-5171,-13.537647,-0.169221
92.7510,-5171,-13.537647,-0.169221
92.7610,-5171,-13.537647,-0.169221
92.7710,-5171,-13.537647,-0.169221
92.7810,-5171,-13.537647,-0.169221
92.7910,-5172,-13.540265,-0.169253
92.8010,-5172,-13.540265,-0.169253
92.8110,-5173,-13.542883,-0.169286
92.8210,-5173,-13.542883,-0.169286
92.8310,-5173,-13.542883,-0.169286
92.8410,-5172,-13.540265,-0.169253
92.8510,-5172,-13.540265,-0.169253
92.8610,-5172,-13.540265,-0.169253
92.8710,-5172,-13.540265,-0.169253
92.8810,-5171,-13.537647,-0.169221
92.8920,-5171,-13.537647,-0.169221
92.9010,-5171,-13.537647,-0.169221
92.9110,-5172,-13.540265,-0.169253
92.9210,-5172,-13.540265,-0.169253
92.9310,-5173,-13.542883,-0.169286
92.9410,-5173,-13.542883,-0.169286
92.9510,-5173,-13.542883,-0.169286
92.9610,-5173,-13.542883,-0.169286
92.9710,-5173,-13.542883,-0.169286
92.9810,-5173,-13.542883,-0.169286
92.9910,-5173,-13.542883,-0.169286
93.0010,-5172,-13.540265,-0.169253
93.0110,-5172,-13.540265,-0.169253
93.0210,-5172,-13.540265,-0.169253
93.0310,-5172,-13.540265,-0.169253
93.0410,-5172,-13.540265,-0.169253
93.0510,-5173,-13.542883,-0.169286
93.0610,-5173,-13.542883,-0.169286
93.0710,-5173,-13.542883,-0.169286
93.0810,-5173,-13.542883,-0.169286
93.0910,-5173,-13.542883,-0.169286
93.1010,-5173,-13.542883,-0.169286
93.1110,-5173,-13.542883,-0.169286
93.1210,-5173,-13.542883,-0.169286
93.1310,-5173,-13.542883,-0.169286
93.1410,-5173,-13.542883,-0.169286
93.1510,-5173,-13.542883,-0.169286
93.1610,-5172,-13.540265,-0.169253
93.1710,-5172,-13.540265,-0.169253
93.1810,-5173,-13.542883,-0.169286
93.1910,-5173,-13.542883,-0.169286
93.2010,-5173,-13.542883,-0.169286
93.2110,-5173,-13.542883,-0.169286
93.2210,-5174,-13.545500,-0.169319
93.2310,-5174,-13.545500,-0.169319
93.2410,-5174,-13.545500,-0.169319
93.2510,-5174,-13.545500,-0.169319
93.2610,-5174,-13.545500,-0.169319
93.2710,-5173,-13.542883,-0.169286
93.2810,-5173,-13.542883,-0.169286
93.2910,-5173,-13.542883,-0.169286
93.3010,-5173,-13.542883,-0.169286
93.3110,-5173,-13.542883,-0.169286
93.3210,-5173,-13.542883,-0.169286
93.3310,-5173,-13.542883,-0.169286
93.3410,-5174,-13.545500,-0.169319
93.3510,-5174,-13.545500,-0.169319
93.3610,-5174,-13.545500,-0.169319
93.3710,-5174,-13.545500,-0.169319
93.3810,-5174,-13.545500,-0.169319
93.3910,-5174,-13.545500,-0.169319
93.4010,-5174,-13.545500,-0.169319
93.4110,-5174,-13.545500,-0.169319
93.4210,-5173,-13.542883,-0.169286
93.4310,-5173,-13.542883,-0.169286
93.4410,-5173,-13.542883,-0.169286
93.4510,-5173,-13.542883,-0.169286
93.4610,-5174,-13.545500,-0.169319
93.4710,-5174,-13.545500,-0.169319
93.4810,-5174,-13.545500,-0.169319
93.4910,-5174,-13.545500,-0.169319
93.5010,-5174,-13.545500,-0.169319
93.5110,-5174,-13.545500,-0.169319
93.5210,-5174,-13.545500,-0.169319
93.5320,-5174,-13.545500,-0.169319
93.5410,-5174,-13.545500,-0.169319
93.5510,-5174,-13.545500,-0.169319
93.5610,-5174,-13.545500,-0.169319
93.5710,-5174,-13.545500,-0.169319
93.5810,-5174,-13.545500,-0.169319
93.5910,-5174,-13.545500,-0.169319
93.6010,-5174,-13.545500,-0.169319
93.6110,-5174,-13.545500,-0.169319
93.6210,-5174,-13.545500,-0.169319
93.6310,-5175,-13.548119,-0.169351
93.6410,-5175,-13.548119,-0.169351
93.6510,-5175,-13.548119,-0.169351
93.6610,-5175,-13.548119,-0.169351
93.6710,-5175,-13.548119,-0.169351
93.6810,-5175,-13.548119,-0.169351
93.6910,-5174,-13.545500,-0.169319
93.7010,-5174,-13.545500,-0.169319
93.7110,-5174,-13.545500,-0.169319
93.7210,-5174,-13.545500,-0.169319
93.7310,-5174,-13.545500,-0.169319
93.7410,-5175,-13.548119,-0.169351
93.7510,-5175,-13.548119,-0.169351
93.7610,-5175,-13.548119,-0.169351
93.7710,-5175,-13.548119,-0.169351
93.7810,-5175,-13.548119,-0.169351
93.7910,-5175,-13.548119,-0.169351
93.8010,-5175,-13.548119,-0.169351
93.8110,-5175,-13.548119,-0.169351
93.8210,-5175,-13.548119,-0.169351
93.8310,-5175,-13.548119,-0.169351
93.8410,-5175,-13.548119,-0.169351
93.8510,-5175,-13.548119,-0.169351
93.8610,-5175,-13.548119,-0.169351
93.8710,-5175,-13.548119,-0.169351
93.8810,-5175,-13.548119,-0.169351
93.8910,-5175,-13.548119,-0.169351
93.9010,-5176,-13.550738,-0.169384
93.9110,-5176,-13.550738,-0.169384
93.9210,-5176,-13.550738,-0.169384
93.9310,-5176,-13.550738,-0.169384
93.9410,-5176,-13.550738,-0.169384
93.9510,-5176,-13.550738,-0.169384
93.9610,-5176,-13.550738,-0.169384
93.9710,-5175,-13.548119,-0.169351
93.9810,-5175,-13.548119,-0.169351
93.9910,-5175,-13.548119,-0.169351
94.0010,-5175,-13.548119,-0.169351
94.0110,-5175,-13.548119,-0.169351
94.0210,-5176,-13.550738,-0.169384
94.0310,-5176,-13.550738,-0.169384
94.0410,-5176,-13.550738,-0.169384
94.0510,-5176,-13.550738,-0.169384
94.0610,-5176,-13.550738,-0.169384
94.0710,-5176,-13.550738,-0.169384
94.0810,-5176,-13.550738,-0.169384
94.0910,-5176,-13.550738,-0.169384
94.1010,-5176,-13.550738,-0.169384
94.1110,-5176,-13.550738,-0.169384
94.1210,-5176,-13.550738,-0.169384
94.1310,-5176,-13.550738,-0.169384
94.1410,-5176,-13.550738,-0.169384
94.1510,-5176,-13.550738,-0.169384
94.1610,-5176,-13.550738,-0.169384
94.1720,-5176,-13.550738,-0.169384
94.1810,-5177,-13.553355,-0.169417
94.1910,-5177,-13.553355,-0.169417
94.2010,-5177,-13.553355,-0.169417
94.2110,-5177,-13.553355,-0.169417
94.2210,-5177,-13.553355,-0.169417
94.2310,-5177,-13.553355,-0.169417
94.2410,-5177,-13.553355,-0.169417
94.2510,-5177,-13.553355,-0.169417
94.2610,-5176,-13.550738,-0.169384
94.2710,-5176,-13.550738,-0.169384
94.2810,-5176,-13.550738,-0.169384
94.2910,-5177,-13.553355,-0.169417
94.3010,-5177,-13.553355,-0.169417
94.3110,-5177,-13.553355,-0.169417
94.3210,-5177,-13.553355,-0.169417
94.3310,-5177,-13.553355,-0.169417
94.3410,-5177,-13.553355,-0.169417
94.3510,-5177,-13.553355,-0.169417
94.3610,-5177,-13.553355,-0.169417
94.3710,-5177,-13.553355,-0.169417
94.3810,-5177,-13.553355,-0.169417
94.3910,-5177,-13.553355,-0.169417
94.4010,-5177,-13.553355,-0.169417
94.4110,-5177,-13.553355,-0.169417
94.4210,-5177,-13.553355,-0.169417
94.4310,-5177,-13.553355,-0.169417
94.4410,-5177,-13.553355,-0.169417
94.4510,-5177,-13.553355,-0.169417
94.4610,-5177,-13.553355,-0.169417
94.4710,-5177,-13.553355,-0.169417
94.4810,-5178,-13.555974,-0.169450
94.4910,-5178,-13.555974,-0.169450
94.5010,-5177,-13.553355,-0.169417
94.5110,-5177,-13.553355,-0.169417
94.5210,-5177,-13.553355,-0.169417
94.5310,-5177,-13.553355,-0.169417
94.5410,-5177,-13.553355,-0.169417
94.5510,-5177,-13.553355,-0.169417
94.5610,-5177,-13.553355,-0.169417
94.5710,-5177,-13.553355,-0.169417
94.5810,-5177,-13.553355,-0.169417
94.5910,-5178,-13.555974,-0.169450
94.6010,-5178,-13.555974,-0.169450
94.6110,-5178,-13.555974,-0.169450
94.6210,-5178,-13.555974,-0.169450
94.6310,-5178,-13.555974,-0.169450
94.6410,-5178,-13.555974,-0.169450
94.6510,-5178,-13.555974,-0.169450
94.6610,-5177,-13.553355,-0.169417
94.6710,-5177,-13.553355,-0.169417
94.6810,-5177,-13.553355,-0.169417
94.6910,-5177,-13.553355,-0.169417
94.7010,-5177,-13.553355,-0.169417
94.7110,-5178,-13.555974,-0.169450
94.7210,-5178,-13.555974,-0.169450
94.7310,-5178,-13.555974,-0.169450
94.7410,-5178,-13.555974,-0.169450
94.7510,-5178,-13.555974,-0.169450
94.7610,-5178,-13.555974,-0.169450
94.7710,-5178,-13.555974,-0.169450
94.7810,-5178,-13.555974,-0.169450
94.7910,-5178,-13.555974,-0.169450
94.8010,-5178,-13.555974,-0.169450
94.8120,-5178,-13.555974,-0.169450
94.8210,-5177,-13.553355,-0.169417
94.8310,-5177,-13.553355,-0.169417
94.8410,-5177,-13.553355,-0.169417
94.8510,-5178,-13.555974,-0.169450
94.8610,-5178,-13.555974,-0.169450
94.8710,-5178,-13.555974,-0.169450
94.8810,-5178,-13.555974,-0.169450
94.8910,-5178,-13.555974,-0.169450
94.9010,-5178,-13.555974,-0.169450
94.9110,-5178,-13.555974,-0.169450
94.9210,-5178,-13.555974,-0.169450
94.9310,-5178,-13.555974,-0.169450
94.9410,-5178,-13.555974,-0.169450
94.9510,-5178,-13.555974,-0.169450
94.9610,-5178,-13.555974,-0.169450
94.9710,-5178,-13.555974,-0.169450
94.9810,-5178,-13.555974,-0.169450
94.9910,-5178,-13.555974,-0.169450
95.0010,-5178,-13.555974,-0.169450
95.0110,-5178,-13.555974,-0.169450
95.0210,-5178,-13.555974,-0.169450
95.0310,-5178,-13.555974,-0.169450
95.0410,-5179,-13.558592,-0.169482
95.0510,-5179,-13.558592,-0.169482
95.0610,-5178,-13.555974,-0.169450
95.0710,-5178,-13.555974,-0.169450
95.0810,-5178,-13.555974,-0.169450
95.0910,-5178,-13.555974,-0.169450
95.1010,-5178,-13.555974,-0.169450
95.1110,-5178,-13.555974,-0.169450
95.1210,-5178,-13.555974,-0.169450
95.1310,-5178,-13.555974,-0.169450
95.1410,-5178,-13.555974,-0.169450
95.1510,-5179,-13.558592,-0.169482
95.1610,-5179,-13.558592,-0.169482
95.1710,-5179,-13.558592,-0.169482
95.1810,-5179,-13.558592,-0.169482
95.1910,-5179,-13.558592,-0.169482
95.2010,-5179,-13.558592,-0.169482
95.2110,-5178,-13.555974,-0.169450
95.2210,-5178,-13.555974,-0.169450
95.2310,-5178,-13.555974,-0.169450
95.2410,-5178,-13.555974,-0.169450
95.2510,-5178,-13.555974,-0.169450
95.2610,-5178,-13.555974,-0.169450
95.2710,-5179,-13.558592,-0.169482
95.2810,-5179,-13.558592,-0.169482
95.2910,-5179,-13.558592,-0.169482
95.3010,-5179,-13.558592,-0.169482
95.3110,-5179,-13.558592,-0.169482
95.3210,-5179,-13.558592,-0.169482
95.3310,-5179,-13.558592,-0.169482
95.3410,-5179,-13.558592,-0.169482
95.3510,-5179,-13.558592,-0.169482
95.3610,-5178,-13.555974,-0.169450
95.3710,-5178,-13.555974,-0.169450
95.3810,-5178,-13.555974,-0.169450
95.3910,-5178,-13.555974,-0.169450
95.4010,-5179,-13.558592,-0.169482
95.4110,-5179,-13.558592,-0.169482
95.4210,-5179,-13.558592,-0.169482
95.4310,-5179,-13.558592,-0.169482
95.4410,-5179,-13.558592,-0.169482
95.4520,-5179,-13.558592,-0.169482
95.4610,-5179,-13.558592,-0.169482
95.4710,-5179,-13.558592,-0.169482
95.4810,-5179,-13.558592,-0.169482
95.4910,-5179,-13.558592,-0.169482
95.5010,-5179,-13.558592,-0.169482
95.5110,-5179,-13.558592,-0.169482
95.5210,-5179,-13.558592,-0.169482
95.5310,-5179,-13.558592,-0.169482
95.5410,-5179,-13.558592,-0.169482
95.5510,-5179,-13.558592,-0.169482
95.5610,-5179,-13.558592,-0.169482
95.5710,-5180,-13.561209,-0.169515
95.5810,-5180,-13.561209,-0.169515
95.5910,-5180,-13.561209,-0.169515
95.6010,-5180,-13.561209,-0.169515
95.6110,-5180,-13.561209,-0.169515
95.6210,-5180,-13.561209,-0.169515
95.6310,-5179,-13.558592,-0.169482
95.6410,-5179,-13.558592,-0.169482
95.6510,-5179,-13.558592,-0.169482
95.6610,-5179,-13.558592,-0.169482
95.6710,-5179,-13.558592,-0.169482
95.6810,-5180,-13.561209,-0.169515
95.6910,-5180,-13.561209,-0.169515
95.7010,-5180,-13.561209,-0.169515
95.7110,-5180,-13.561209,-0.169515
95.7210,-5180,-13.561209,-0.169515
95.7310,-5180,-13.561209,-0.169515
95.7410,-5180,-13.561209,-0.169515
95.7510,-5180,-13.561209,-0.169515
95.7610,-5180,-13.561209,-0.169515
95.7710,-5180,-13.561209,-0.169515
95.7810,-5180,-13.561209,-0.169515
95.7910,-5180,-13.561209,-0.169515
95.8010,-5180,-13.561209,-0.169515
95.8110,-5180,-13.561209,-0.169515
95.8210,-5180,-13.561209,-0.169515
95.8310,-5180,-13.561209,-0.169515
95.8410,-5180,-13.561209,-0.169515
95.8510,-5180,-13.561209,-0.169515
95.8610,-5180,-13.561209,-0.169515
95.8710,-5180,-13.561209,-0.169515
95.8810,-5180,-13.561209,-0.169515
95.8910,-5180,-13.561209,-0.169515
95.9010,-5180,-13.561209,-0.169515
95.9110,-5180,-13.561209,-0.169515
95.9210,-5180,-13.561209,-0.169515
95.9310,-5180,-13.561209,-0.169515
95.9410,-5180,-13.561209,-0.169515
95.9510,-5180,-13.561209,-0.169515
95.9610,-5180,-13.561209,-0.169515
95.9710,-5180,-13.561209,-0.169515
95.9810,-5181,-13.563827,-0.169548
95.9910,-5181,-13.563827,-0.169548
96.0010,-5181,-13.563827,-0.169548
96.0110,-5181,-13.563827,-0.169548
96.0210,-5181,-13.563827,-0.169548
96.0310,-5181,-13.563827,-0.169548
96.0410,-5181,-13.563827,-0.169548
96.0510,-5180,-13.561209,-0.169515
96.0610,-5180,-13.561209,-0.169515
96.0710,-5180,-13.561209,-0.169515
96.0810,-5180,-13.561209,-0.169515
96.0920,-5180,-13.561209,-0.169515
96.1010,-5181,-13.563827,-0.169548
96.1110,-5181,-13.563827,-0.169548
96.1210,-5181,-13.563827,-0.169548
96.1310,-5181,-13.563827,-0.169548
96.1410,-5181,-13.563827,-0.169548
96.1510,-5181,-13.563827,-0.169548
96.1610,-5181,-13.563827,-0.169548
96.1710,-5181,-13.563827,-0.169548
96.1810,-5181,-13.563827,-0.169548
96.1910,-5181,-13.563827,-0.169548
96.2010,-5181,-13.563827,-0.169548
96.2110,-5180,-13.561209,-0.169515
96.2210,-5180,-13.561209,-0.169515
96.2310,-5180,-13.561209,-0.169515
96.2410,-5181,-13.563827,-0.169548
96.2510,-5181,-13.563827,-0.169548
96.2610,-5181,-13.563827,-0.169548
96.2710,-5181,-13.563827,-0.169548
96.2810,-5181,-13.563827,-0.169548
96.2910,-5181,-13.563827,-0.169548
96.3010,-5181,-13.563827,-0.169548
96.3110,-5181,-13.563827,-0.169548
96.3210,-5181,-13.563827,-0.169548
96.3310,-5181,-13.563827,-0.169548
96.3410,-5181,-13.563827,-0.169548
96.3510,-5181,-13.563827,-0.169548
96.3610,-5181,-13.563827,-0.169548
96.3710,-5181,-13.563827,-0.169548
96.3810,-5181,-13.563827,-0.169548
96.3910,-5181,-13.563827,-0.169548
96.4010,-5181,-13.563827,-0.169548
96.4110,-5181,-13.563827,-0.169548
96.4210,-5181,-13.563827,-0.169548
96.4310,-5181,-13.563827,-0.169548
96.4410,-5181,-13.563827,-0.169548
96.4510,-5181,-13.563827,-0.169548
96.4610,-5181,-13.563827,-0.169548
96.4710,-5181,-13.563827,-0.169548
96.4810,-5181,-13.563827,-0.169548
96.4910,-5181,-13.563827,-0.169548
96.5010,-5181,-13.563827,-0.169548
96.5110,-5181,-13.563827,-0.169548
96.5210,-5181,-13.563827,-0.169548
96.5310,-5181,-13.563827,-0.169548
96.5410,-5181,-13.563827,-0.169548
96.5510,-5181,-13.563827,-0.169548
96.5610,-5181,-13.563827,-0.169548
96.5710,-5181,-13.563827,-0.169548
96.5810,-5181,-13.563827,-0.169548
96.5910,-5181,-13.563827,-0.169548
96.6010,-5181,-13.563827,-0.169548
96.6110,-5181,-13.563827,-0.169548
96.6210,-5181,-13.563827,-0.169548
96.6310,-5181,-13.563827,-0.169548
96.6410,-5181,-13.563827,-0.169548
96.6510,-5181,-13.563827,-0.169548
96.6610,-5181,-13.563827,-0.169548
96.6710,-5181,-13.563827,-0.169548
96.6810,-5181,-13.563827,-0.169548
96.6910,-5181,-13.563827,-0.169548
96.7010,-5181,-13.563827,-0.169548
96.7110,-5181,-13.563827,-0.169548
96.7210,-5181,-13.563827,-0.169548
96.7320,-5181,-13.563827,-0.169548
96.7410,-5181,-13.563827,-0.169548
96.7510,-5181,-13.563827,-0.169548
96.7610,-5181,-13.563827,-0.169548
96.7710,-5181,-13.563827,-0.169548
96.7810,-5181,-13.563827,-0.169548
96.7910,-5181,-13.563827,-0.169548
96.8010,-5181,-13.563827,-0.169548
96.8110,-5181,-13.563827,-0.169548
96.8210,-5182,-13.566445,-0.169581
96.8310,-5182,-13.566445,-0.169581
96.8410,-5182,-13.566445,-0.169581
96.8510,-5182,-13.566445,-0.169581
96.8610,-5181,-13.563827,-0.169548
96.8710,-5181,-13.563827,-0.169548
96.8810,-5181,-13.563827,-0.169548
96.8910,-5181,-13.563827,-0.169548
96.9010,-5181,-13.563827,-0.169548
96.9110,-5181,-13.563827,-0.169548
96.9210,-5181,-13.563827,-0.169548
96.9310,-5182,-13.566445,-0.169581
96.9410,-5182,-13.566445,-0.169581
96.9510,-5182,-13.566445,-0.169581
96.9610,-5182,-13.566445,-0.169581
96.9710,-5182,-13.566445,-0.169581
96.9810,-5182,-13.566445,-0.169581
96.9910,-5182,-13.566445,-0.169581
97.0010,-5182,-13.566445,-0.169581
97.0110,-5182,-13.566445,-0.169581
97.0210,-5181,-13.563827,-0.169548
97.0310,-5181,-13.563827,-0.169548
97.0410,-5181,-13.563827,-0.169548
97.0510,-5181,-13.563827,-0.169548
97.0610,-5181,-13.563827,-0.169548
97.0710,-5182,-13.566445,-0.169581
97.0810,-5182,-13.566445,-0.169581
97.0910,-5182,-13.566445,-0.169581
97.1010,-5182,-13.566445,-0.169581
97.1110,-5182,-13.566445,-0.169581
97.1210,-5182,-13.566445,-0.169581
97.1310,-5182,-13.566445,-0.169581
97.1410,-5182,-13.566445,-0.169581
97.1510,-5182,-13.566445,-0.169581
97.1610,-5182,-13.566445,-0.169581
97.1710,-5182,-13.566445,-0.169581
97.1810,-5182,-13.566445,-0.169581
97.1910,-5182,-13.566445,-0.169581
97.2010,-5182,-13.566445,-0.169581
97.2110,-5182,-13.566445,-0.169581
97.2210,-5182,-13.566445,-0.169581
97.2310,-5183,-13.569063,-0.169613
97.2410,-5183,-13.569063,-0.169613
97.2510,-5183,-13.569063,-0.169613
97.2610,-5183,-13.569063,-0.169613
97.2710,-5183,-13.569063,-0.169613
97.2810,-5183,-13.569063,-0.169613
97.2910,-5183,-13.569063,-0.169613
97.3010,-5182,-13.566445,-0.169581
97.3110,-5182,-13.566445,-0.169581
97.3210,-5182,-13.566445,-0.169581
97.3310,-5182,-13.566445,-0.169581
97.3410,-5182,-13.566445,-0.169581
97.3510,-5183,-13.569063,-0.169613
97.3610,-5183,-13.569063,-0.169613
97.3720,-5183,-13.569063,-0.169613
97.3810,-5183,-13.569063,-0.169613
97.3910,-5183,-13.569063,-0.169613
97.4010,-5183,-13.569063,-0.169613
97.4110,-5183,-13.569063,-0.169613
97.4210,-5183,-13.569063,-0.169613
97.4310,-5183,-13.569063,-0.169613
97.4410,-5183,-13.569063,-0.169613
97.4510,-5183,-13.569063,-0.169613
97.4610,-5183,-13.569063,-0.169613
97.4710,-5183,-13.569063,-0.169613
97.4810,-5183,-13.569063,-0.169613
97.4910,-5183,-13.569063,-0.169613
97.5010,-5183,-13.569063,-0.169613
97.5110,-5183,-13.569063,-0.169613
97.5210,-5183,-13.569063,-0.169613
97.5310,-5183,-13.569063,-0.169613
97.5410,-5183,-13.569063,-0.169613
97.5510,-5183,-13.569063,-0.169613
97.5610,-5183,-13.569063,-0.169613
97.5710,-5183,-13.569063,-0.169613
97.5810,-5183,-13.569063,-0.169613
97.5910,-5183,-13.569063,-0.169613
97.6010,-5183,-13.569063,-0.169613
97.6110,-5183,-13.569063,-0.169613
97.6210,-5183,-13.569063,-0.169613
97.6310,-5183,-13.569063,-0.169613
97.6410,-5183,-13.569063,-0.169613
97.6510,-5183,-13.569063,-0.169613
97.6610,-5183,-13.569063,-0.169613
97.6710,-5184,-13.571681,-0.169646
97.6810,-5184,-13.571681,-0.169646
97.6910,-5184,-13.571681,-0.169646
97.7010,-5183,-13.569063,-0.169613
97.7110,-5183,-13.569063,-0.169613
97.7210,-5183,-13.569063,-0.169613
97.7310,-5183,-13.569063,-0.169613
97.7410,-5183,-13.569063,-0.169613
97.7510,-5183,-13.569063,-0.169613
97.7610,-5183,-13.569063,-0.169613
97.7710,-5184,-13.571681,-0.169646
97.7810,-5184,-13.571681,-0.169646
97.7910,-5184,-13.571681,-0.169646
97.8010,-5184,-13.571681,-0.169646
97.8110,-5184,-13.571681,-0.169646
97.8210,-5184,-13.571681,-0.169646
97.8310,-5184,-13.571681,-0.169646
97.8410,-5184,-13.571681,-0.169646
97.8510,-5183,-13.569063,-0.169613
97.8610,-5183,-13.569063,-0.169613
97.8710,-5183,-13.569063,-0.169613
97.8810,-5183,-13.569063,-0.169613
97.8910,-5183,-13.569063,-0.169613
97.9010,-5184,-13.571681,-0.169646
97.9110,-5184,-13.571681,-0.169646
97.9210,-5184,-13.571681,-0.169646
97.9310,-5184,-13.571681,-0.169646
97.9410,-5184,-13.571681,-0.169646
97.9510,-5184,-13.571681,-0.169646
97.9610,-5184,-13.571681,-0.169646
97.9710,-5184,-13.571681,-0.169646
97.9810,-5184,-13.571681,-0.169646
97.9910,-5184,-13.571681,-0.169646
98.0010,-5184,-13.571681,-0.169646
98.0120,-5184,-13.571681,-0.169646
98.0210,-5184,-13.571681,-0.169646
98.0310,-5184,-13.571681,-0.169646
98.0410,-5184,-13.571681,-0.169646
98.0510,-5184,-13.571681,-0.169646
98.0610,-5184,-13.571681,-0.169646
98.0710,-5184,-13.571681,-0.169646
98.0810,-5184,-13.571681,-0.169646
98.0910,-5184,-13.571681,-0.169646
98.1010,-5184,-13.571681,-0.169646
98.1110,-5184,-13.571681,-0.169646
98.1210,-5184,-13.571681,-0.169646
98.1310,-5184,-13.571681,-0.169646
98.1410,-5184,-13.571681,-0.169646
98.1510,-5184,-13.571681,-0.169646
98.1610,-5184,-13.571681,-0.169646
98.1710,-5184,-13.571681,-0.169646
98.1810,-5184,-13.571681,-0.169646
98.1910,-5184,-13.571681,-0.169646
98.2010,-5184,-13.571681,-0.169646
98.2110,-5184,-13.571681,-0.169646
98.2210,-5184,-13.571681,-0.169646
98.2310,-5184,-13.571681,-0.169646
98.2410,-5184,-13.571681,-0.169646
98.2510,-5184,-13.571681,-0.169646
98.2610,-5184,-13.571681,-0.169646
98.2710,-5184,-13.571681,-0.169646
98.2810,-5184,-13.571681,-0.169646
98.2910,-5184,-13.571681,-0.169646
98.3010,-5184,-13.571681,-0.169646
98.3110,-5184,-13.571681,-0.169646
98.3210,-5184,-13.571681,-0.169646
98.3310,-5184,-13.571681,-0.169646
98.3410,-5184,-13.571681,-0.169646
98.3510,-5184,-13.571681,-0.169646
98.3610,-5184,-13.571681,-0.169646
98.3710,-5184,-13.571681,-0.169646
98.3810,-5184,-13.571681,-0.169646
98.3910,-5184,-13.571681,-0.169646
98.4010,-5184,-13.571681,-0.169646
98.4110,-5184,-13.571681,-0.169646
98.4210,-5184,-13.571681,-0.169646
98.4310,-5184,-13.571681,-0.169646
98.4410,-5184,-13.571681,-0.169646
98.4510,-5184,-13.571681,-0.169646
98.4610,-5184,-13.571681,-0.169646
98.4710,-5184,-13.571681,-0.169646
98.4810,-5184,-13.571681,-0.169646
98.4910,-5184,-13.571681,-0.169646
98.5010,-5185,-13.574298,-0.169679
98.5110,-5185,-13.574298,-0.169679
98.5210,-5185,-13.574298,-0.169679
98.5310,-5184,-13.571681,-0.169646
98.5410,-5184,-13.571681,-0.169646
98.5510,-5184,-13.571681,-0.169646
98.5610,-5184,-13.571681,-0.169646
98.5710,-5184,-13.571681,-0.169646
98.5810,-5184,-13.571681,-0.169646
98.5910,-5184,-13.571681,-0.169646
98.6010,-5184,-13.571681,-0.169646
98.6110,-5184,-13.571681,-0.169646
98.6210,-5185,-13.574298,-0.169679
98.6310,-5185,-13.574298,-0.169679
98.6410,-5185,-13.574298,-0.169679
98.6520,-5185,-13.574298,-0.169679
98.6610,-5185,-13.574298,-0.169679
98.6710,-5185,-13.574298,-0.169679
98.6810,-5185,-13.574298,-0.169679
98.6910,-5184,-13.571681,-0.169646
98.7010,-5184,-13.571681,-0.169646
98.7110,-5184,-13.571681,-0.169646
98.7210,-5184,-13.571681,-0.169646
98.7310,-5185,-13.574298,-0.169679
98.7410,-5185,-13.574298,-0.169679
98.7510,-5185,-13.574298,-0.169679
98.7610,-5185,-13.574298,-0.169679
98.7710,-5185,-13.574298,-0.169679
98.7810,-5185,-13.574298,-0.169679
98.7910,-5185,-13.574298,-0.169679
98.8010,-5185,-13.574298,-0.169679
98.8110,-5185,-13.574298,-0.169679
98.8210,-5185,-13.574298,-0.169679
98.8310,-5185,-13.574298,-0.169679
98.8410,-5185,-13.574298,-0.169679
98.8510,-5185,-13.574298,-0.169679
98.8610,-5185,-13.574298,-0.169679
98.8710,-5185,-13.574298,-0.169679
98.8810,-5185,-13.574298,-0.169679
98.8910,-5185,-13.574298,-0.169679
98.9010,-5185,-13.574298,-0.169679
98.9110,-5185,-13.574298,-0.169679
98.9210,-5185,-13.574298,-0.169679
98.9310,-5185,-13.574298,-0.169679
98.9410,-5185,-13.574298,-0.169679
98.9510,-5185,-13.574298,-0.169679
98.9610,-5185,-13.574298,-0.169679
98.9710,-5185,-13.574298,-0.169679
98.9810,-5185,-13.574298,-0.169679
98.9910,-5185,-13.574298,-0.169679
99.0010,-5185,-13.574298,-0.169679
99.0110,-5185,-13.574298,-0.169679
99.0210,-5186,-13.576917,-0.169711
99.0310,-5186,-13.576917,-0.169711
99.0410,-5186,-13.576917,-0.169711
99.0510,-5186,-13.576917,-0.169711
99.0610,-5186,-13.576917,-0.169711
99.0710,-5186,-13.576917,-0.169711
99.0810,-5186,-13.576917,-0.169711
99.0910,-5186,-13.576917,-0.169711
99.1010,-5186,-13.576917,-0.169711
99.1110,-5186,-13.576917,-0.169711
99.1210,-5185,-13.574298,-0.169679
99.1310,-5185,-13.574298,-0.169679
99.1410,-5185,-13.574298,-0.169679
99.1510,-5186,-13.576917,-0.169711
99.1610,-5186,-13.576917,-0.169711
99.1710,-5186,-13.576917,-0.169711
99.1810,-5186,-13.576917,-0.169711
99.1910,-5186,-13.576917,-0.169711
99.2010,-5186,-13.576917,-0.169711
99.2110,-5186,-13.576917,-0.169711
99.2210,-5186,-13.576917,-0.169711
99.2310,-5186,-13.576917,-0.169711
99.2410,-5186,-13.576917,-0.169711
99.2510,-5186,-13.576917,-0.169711
99.2610,-5186,-13.576917,-0.169711
99.2710,-5186,-13.576917,-0.169711
99.2810,-5186,-13.576917,-0.169711
99.2920,-5186,-13.576917,-0.169711
99.3010,-5186,-13.576917,-0.169711
99.3110,-5186,-13.576917,-0.169711
99.3210,-5186,-13.576917,-0.169711
99.3310,-5187,-13.579536,-0.169744
99.3410,-5187,-13.579536,-0.169744
99.3510,-5187,-13.579536,-0.169744
99.3610,-5186,-13.576917,-0.169711
99.3710,-5186,-13.576917,-0.169711
99.3810,-5186,-13.576917,-0.169711
99.3910,-5186,-13.576917,-0.169711
99.4010,-5186,-13.576917,-0.169711
99.4110,-5186,-13.576917,-0.169711
99.4210,-5186,-13.576917,-0.169711
99.4310,-5186,-13.576917,-0.169711
99.4410,-5186,-13.576917,-0.169711
99.4510,-5187,-13.579536,-0.169744
99.4610,-5187,-13.579536,-0.169744
99.4710,-5187,-13.579536,-0.169744
99.4810,-5187,-13.579536,-0.169744
99.4910,-5187,-13.579536,-0.169744
99.5010,-5187,-13.579536,-0.169744
99.5110,-5187,-13.579536,-0.169744
99.5210,-5186,-13.576917,-0.169711
99.5310,-5186,-13.576917,-0.169711
99.5410,-5186,-13.576917,-0.169711
99.5510,-5186,-13.576917,-0.169711
99.5610,-5186,-13.576917,-0.169711
99.5710,-5187,-13.579536,-0.169744
99.5810,-5187,-13.579536,-0.169744
99.5910,-5187,-13.579536,-0.169744
99.6010,-5187,-13.579536,-0.169744
99.6110,-5187,-13.579536,-0.169744
99.6210,-5187,-13.579536,-0.169744
99.6310,-5187,-13.579536,-0.169744
99.6410,-5187,-13.579536,-0.169744
99.6510,-5187,-13.579536,-0.169744
99.6610,-5187,-13.579536,-0.169744
99.6710,-5187,-13.579536,-0.169744
99.6810,-5186,-13.576917,-0.169711
99.6910,-5186,-13.576917,-0.169711
99.7010,-5186,-13.576917,-0.169711
99.7110,-5187,-13.579536,-0.169744
99.7210,-5187,-13.579536,-0.169744
99.7310,-5187,-13.579536,-0.169744
99.7410,-5187,-13.579536,-0.169744
99.7510,-5187,-13.579536,-0.169744
99.7610,-5187,-13.579536,-0.169744
99.7710,-5187,-13.579536,-0.169744
99.7810,-5187,-13.579536,-0.169744
99.7910,-5187,-13.579536,-0.169744
99.8010,-5187,-13.579536,-0.169744
99.8110,-5187,-13.579536,-0.169744
99.8210,-5187,-13.579536,-0.169744
99.8310,-5187,-13.579536,-0.169744
99.8410,-5187,-13.579536,-0.169744
99.8510,-5187,-13.579536,-0.169744
99.8610,-5187,-13.579536,-0.169744
99.8710,-5187,-13.579536,-0.169744
99.8810,-5187,-13.579536,-0.169744
99.8910,-5187,-13.579536,-0.169744
99.9010,-5187,-13.579536,-0.169744
99.9110,-5187,-13.579536,-0.169744
99.9210,-5187,-13.579536,-0.169744
99.9320,-5187,-13.579536,-0.169744
99.9410,-5187,-13.579536,-0.169744
99.9510,-5187,-13.579536,-0.169744
99.9610,-5187,-13.579536,-0.169744
99.9710,-5187,-13.579536,-0.169744
99.9810,-5187,-13.579536,-0.169744
99.9910,-5187,-13.579536,-0.169744
100.0010,-5187,-13.579536,-0.169744
100.0110,-5187,-13.579536,-0.169744
100.0210,-5187,-13.579536,-0.169744
100.0310,-5187,-13.579536,-0.169744
100.0410,-5187,-13.579536,-0.169744
100.0510,-5187,-13.579536,-0.169744
100.0610,-5187,-13.579536,-0.169744
100.0710,-5187,-13.579536,-0.169744
100.0810,-5187,-13.579536,-0.169744
100.0910,-5187,-13.579536,-0.169744
100.1010,-5187,-13.579536,-0.169744
100.1110,-5187,-13.579536,-0.169744
100.1210,-5187,-13.579536,-0.169744
100.1310,-5187,-13.579536,-0.169744
100.1410,-5187,-13.579536,-0.169744
100.1510,-5187,-13.579536,-0.169744
100.1610,-5187,-13.579536,-0.169744
100.1710,-5188,-13.582153,-0.169777
100.1810,-5188,-13.582153,-0.169777
100.1910,-5187,-13.579536,-0.169744
100.2010,-5187,-13.579536,-0.169744
100.2110,-5187,-13.579536,-0.169744
100.2210,-5187,-13.579536,-0.169744
100.2310,-5187,-13.579536,-0.169744
100.2410,-5187,-13.579536,-0.169744
100.2510,-5187,-13.579536,-0.169744
100.2610,-5188,-13.582153,-0.169777
100.2710,-5188,-13.582153,-0.169777
100.2810,-5188,-13.582153,-0.169777
100.2910,-5188,-13.582153,-0.169777
100.3010,-5188,-13.582153,-0.169777
100.3110,-5188,-13.582153,-0.169777
100.3210,-5188,-13.582153,-0.169777
100.3310,-5188,-13.582153,-0.169777
100.3410,-5188,-13.582153,-0.169777
100.3510,-5188,-13.582153,-0.169777
100.3610,-5188,-13.582153,-0.169777
100.3710,-5187,-13.579536,-0.169744
100.3810,-5187,-13.579536,-0.169744
100.3910,-5187,-13.579536,-0.169744
100.4010,-5188,-13.582153,-0.169777
100.4110,-5188,-13.582153,-0.169777
100.4210,-5188,-13.582153,-0.169777
100.4310,-5188,-13.582153,-0.169777
100.4410,-5188,-13.582153,-0.169777
100.4510,-5188,-13.582153,-0.169777
100.4610,-5188,-13.582153,-0.169777
100.4710,-5188,-13.582153,-0.169777
100.4810,-5188,-13.582153,-0.169777
100.4910,-5188,-13.582153,-0.169777
100.5010,-5188,-13.582153,-0.169777
100.5110,-5188,-13.582153,-0.169777
100.5210,-5188,-13.582153,-0.169777
100.5310,-5188,-13.582153,-0.169777
100.5410,-5188,-13.582153,-0.169777
100.5510,-5188,-13.582153,-0.169777
100.5610,-5189,-13.584772,-0.169810
100.5720,-5189,-13.584772,-0.169810
100.5810,-5189,-13.584772,-0.169810
100.5910,-5189,-13.584772,-0.169810
100.6010,-5189,-13.584772,-0.169810
100.6110,-5189,-13.584772,-0.169810
100.6210,-5189,-13.584772,-0.169810
100.6310,-5188,-13.582153,-0.169777
100.6410,-5188,-13.582153,-0.169777
100.6510,-5188,-13.582153,-0.169777
100.6610,-5188,-13.582153,-0.169777
100.6710,-5188,-13.582153,-0.169777
100.6810,-5189,-13.584772,-0.169810
100.6910,-5189,-13.584772,-0.169810
100.7010,-5189,-13.584772,-0.169810
100.7110,-5189,-13.584772,-0.169810
100.7210,-5189,-13.584772,-0.169810
100.7310,-5189,-13.584772,-0.169810
100.7410,-5189,-13.584772,-0.169810
100.7510,-5189,-13.584772,-0.169810
100.7610,-5189,-13.584772,-0.169810
100.7710,-5189,-13.584772,-0.169810
100.7810,-5189,-13.584772,-0.169810
100.7910,-5189,-13.584772,-0.169810
100.8010,-5189,-13.584772,-0.169810
100.8110,-5189,-13.584772,-0.169810
100.8210,-5189,-13.584772,-0.169810
100.8310,-5189,-13.584772,-0.169810
100.8410,-5189,-13.584772,-0.169810
100.8510,-5189,-13.584772,-0.169810
100.8610,-5189,-13.584772,-0.169810
100.8710,-5189,-13.584772,-0.169810
100.8810,-5189,-13.584772,-0.169810
100.8910,-5189,-13.584772,-0.169810
100.9010,-5189,-13.584772,-0.169810
100.9110,-5189,-13.584772,-0.169810
100.9210,-5189,-13.584772,-0.169810
100.9310,-5189,-13.584772,-0.169810
100.9410,-5189,-13.584772,-0.169810
100.9510,-5189,-13.584772,-0.169810
100.9610,-5189,-13.584772,-0.169810
100.9710,-5189,-13.584772,-0.169810
100.9810,-5190,-13.587388,-0.169842
100.9910,-5190,-13.587388,-0.169842
101.0010,-5190,-13.587388,-0.169842
101.0110,-5190,-13.587388,-0.169842
101.0210,-5190,-13.587388,-0.169842
101.0310,-5190,-13.587388,-0.169842
101.0410,-5189,-13.584772,-0.169810
101.0510,-5189,-13.584772,-0.169810
101.0610,-5189,-13.584772,-0.169810
101.0710,-5189,-13.584772,-0.169810
101.0810,-5189,-13.584772,-0.169810
101.0910,-5189,-13.584772,-0.169810
101.1010,-5190,-13.587388,-0.169842
101.1110,-5190,-13.587388,-0.169842
101.1210,-5190,-13.587388,-0.169842
101.1310,-5190,-13.587388,-0.169842
101.1410,-5190,-13.587388,-0.169842
101.1510,-5190,-13.587388,-0.169842
101.1610,-5190,-13.587388,-0.169842
101.1710,-5190,-13.587388,-0.169842
101.1810,-5190,-13.587388,-0.169842
101.1910,-5190,-13.587388,-0.169842
101.2010,-5189,-13.584772,-0.169810
101.2120,-5189,-13.584772,-0.169810
101.2210,-5189,-13.584772,-0.169810
101.2310,-5190,-13.587388,-0.169842
101.2410,-5190,-13.587388,-0.169842
101.2510,-5190,-13.587388,-0.169842
101.2610,-5190,-13.587388,-0.169842
101.2710,-5190,-13.587388,-0.169842
101.2810,-5190,-13.587388,-0.169842
101.2910,-5190,-13.587388,-0.169842
101.3010,-5190,-13.587388,-0.169842
101.3110,-5190,-13.587388,-0.169842
101.3210,-5190,-13.587388,-0.169842
101.3310,-5190,-13.587388,-0.169842
101.3410,-5190,-13.587388,-0.169842
101.3510,-5190,-13.587388,-0.169842
101.3610,-5190,-13.587388,-0.169842
101.3710,-5190,-13.587388,-0.169842
101.3810,-5190,-13.587388,-0.169842
101.3910,-5190,-13.587388,-0.169842
101.4010,-5190,-13.587388,-0.169842
101.4110,-5190,-13.587388,-0.169842
101.4210,-5190,-13.587388,-0.169842
101.4310,-5190,-13.587388,-0.169842
101.4410,-5190,-13.587388,-0.169842
101.4510,-5190,-13.587388,-0.169842
101.4610,-5190,-13.587388,-0.169842
101.4710,-5190,-13.587388,-0.169842
101.4810,-5190,-13.587388,-0.169842
101.4910,-5190,-13.587388,-0.169842
101.5010,-5190,-13.587388,-0.169842
101.5110,-5190,-13.587388,-0.169842
101.5210,-5190,-13.587388,-0.169842
101.5310,-5190,-13.587388,-0.169842
101.5410,-5190,-13.587388,-0.169842
101.5510,-5190,-13.587388,-0.169842
101.5610,-5191,-13.590007,-0.169875
101.5710,-5191,-13.590007,-0.169875
101.5810,-5190,-13.587388,-0.169842
101.5910,-5190,-13.587388,-0.169842
101.6010,-5190,-13.587388,-0.169842
101.6110,-5190,-13.587388,-0.169842
101.6210,-5190,-13.587388,-0.169842
101.6310,-5190,-13.587388,-0.169842
101.6410,-5190,-13.587388,-0.169842
101.6510,-5190,-13.587388,-0.169842
101.6610,-5190,-13.587388,-0.169842
101.6710,-5191,-13.590007,-0.169875
101.6810,-5191,-13.590007,-0.169875
101.6910,-5191,-13.590007,-0.169875
101.7010,-5191,-13.590007,-0.169875
101.7110,-5191,-13.590007,-0.169875
101.7210,-5190,-13.587388,-0.169842
101.7310,-5190,-13.587388,-0.169842
101.7410,-5190,-13.587388,-0.169842
101.7510,-5190,-13.587388,-0.169842
101.7610,-5190,-13.587388,-0.169842
101.7710,-5190,-13.587388,-0.169842
101.7810,-5190,-13.587388,-0.169842
101.7910,-5191,-13.590007,-0.169875
101.8010,-5191,-13.590007,-0.169875
101.8110,-5191,-13.590007,-0.169875
101.8210,-5191,-13.590007,-0.169875
101.8310,-5191,-13.590007,-0.169875
101.8410,-5191,-13.590007,-0.169875
101.8520,-5191,-13.590007,-0.169875
101.8610,-5191,-13.590007,-0.169875
101.8710,-5191,-13.590007,-0.169875
101.8810,-5190,-13.587388,-0.169842
101.8910,-5190,-13.587388,-0.169842
101.9010,-5190,-13.587388,-0.169842
101.9110,-5190,-13.587388,-0.169842
101.9210,-5190,-13.587388,-0.169842
101.9310,-5191,-13.590007,-0.169875
101.9410,-5191,-13.590007,-0.169875
101.9510,-5191,-13.590007,-0.169875
101.9610,-5191,-13.590007,-0.169875
101.9710,-5191,-13.590007,-0.169875
101.9810,-5191,-13.590007,-0.169875
101.9910,-5191,-13.590007,-0.169875
102.0010,-5191,-13.590007,-0.169875
102.0110,-5191,-13.590007,-0.169875
102.0210,-5191,-13.590007,-0.169875
102.0310,-5191,-13.590007,-0.169875
102.0410,-5191,-13.590007,-0.169875
102.0510,-5191,-13.590007,-0.169875
102.0610,-5191,-13.590007,-0.169875
102.0710,-5191,-13.590007,-0.169875
102.0810,-5191,-13.590007,-0.169875
102.0910,-5191,-13.590007,-0.169875
102.1010,-5191,-13.590007,-0.169875
102.1110,-5192,-13.592625,-0.169908
102.1210,-5192,-13.592625,-0.169908
102.1310,-5192,-13.592625,-0.169908
102.1410,-5192,-13.592625,-0.169908
102.1510,-5191,-13.590007,-0.169875
102.1610,-5191,-13.590007,-0.169875
102.1710,-5191,-13.590007,-0.169875
102.1810,-5191,-13.590007,-0.169875
102.1910,-5191,-13.590007,-0.169875
102.2010,-5191,-13.590007,-0.169875
102.2110,-5192,-13.592625,-0.169908
102.2210,-5192,-13.592625,-0.169908
102.2310,-5192,-13.592625,-0.169908
102.2410,-5192,-13.592625,-0.169908
102.2510,-5192,-13.592625,-0.169908
102.2610,-5192,-13.592625,-0.169908
102.2710,-5192,-13.592625,-0.169908
102.2810,-5192,-13.592625,-0.169908
102.2910,-5192,-13.592625,-0.169908
102.3010,-5192,-13.592625,-0.169908
102.3110,-5192,-13.592625,-0.169908
102.3210,-5192,-13.592625,-0.169908
102.3310,-5192,-13.592625,-0.169908
102.3410,-5192,-13.592625,-0.169908
102.3510,-5192,-13.592625,-0.169908
102.3610,-5192,-13.592625,-0.169908
102.3710,-5192,-13.592625,-0.169908
102.3810,-5192,-13.592625,-0.169908
102.3910,-5192,-13.592625,-0.169908
102.4010,-5192,-13.592625,-0.169908
102.4110,-5192,-13.592625,-0.169908
102.4210,-5192,-13.592625,-0.169908
102.4310,-5192,-13.592625,-0.169908
102.4410,-5192,-13.592625,-0.169908
102.4510,-5192,-13.592625,-0.169908
102.4610,-5192,-13.592625,-0.169908
102.4710,-5192,-13.592625,-0.169908
102.4810,-5192,-13.592625,-0.169908
102.4920,-5192,-13.592625,-0.169908
102.5010,-5193,-13.595243,-0.169941
102.5110,-5193,-13.595243,-0.169941
102.5210,-5193,-13.595243,-0.169941
102.5310,-5193,-13.595243,-0.169941
102.5410,-5193,-13.595243,-0.169941
102.5510,-5193,-13.595243,-0.169941
102.5610,-5193,-13.595243,-0.169941
102.5710,-5192,-13.592625,-0.169908
102.5810,-5192,-13.592625,-0.169908
102.5910,-5192,-13.592625,-0.169908
102.6010,-5192,-13.592625,-0.169908
102.6110,-5192,-13.592625,-0.169908
102.6210,-5193,-13.595243,-0.169941
102.6310,-5193,-13.595243,-0.169941
102.6410,-5193,-13.595243,-0.169941
102.6510,-5193,-13.595243,-0.169941
102.6610,-5193,-13.595243,-0.169941
102.6710,-5193,-13.595243,-0.169941
102.6810,-5193,-13.595243,-0.169941
102.6910,-5193,-13.595243,-0.169941
102.7010,-5193,-13.595243,-0.169941
102.7110,-5193,-13.595243,-0.169941
102.7210,-5193,-13.595243,-0.169941
102.7310,-5192,-13.592625,-0.169908
102.7410,-5193,-13.595243,-0.169941
102.7510,-5193,-13.595243,-0.169941
102.7610,-5193,-13.595243,-0.169941
102.7710,-5193,-13.595243,-0.169941
102.7810,-5193,-13.595243,-0.169941
102.7910,-5193,-13.595243,-0.169941
102.8010,-5193,-13.595243,-0.169941
102.8110,-5193,-13.595243,-0.169941
102.8210,-5193,-13.595243,-0.169941
102.8310,-5193,-13.595243,-0.169941
102.8410,-5193,-13.595243,-0.169941
102.8510,-5193,-13.595243,-0.169941
102.8610,-5193,-13.595243,-0.169941
102.8710,-5193,-13.595243,-0.169941
102.8810,-5193,-13.595243,-0.169941
102.8910,-5193,-13.595243,-0.169941
102.9010,-5193,-13.595243,-0.169941
102.9110,-5193,-13.595243,-0.169941
102.9210,-5193,-13.595243,-0.169941
102.9310,-5193,-13.595243,-0.169941
102.9410,-5193,-13.595243,-0.169941
102.9510,-5193,-13.595243,-0.169941
102.9610,-5193,-13.595243,-0.169941
102.9710,-5193,-13.595243,-0.169941
102.9810,-5193,-13.595243,-0.169941
102.9910,-5193,-13.595243,-0.169941
103.0010,-5193,-13.595243,-0.169941
103.0110,-5193,-13.595243,-0.169941
103.0210,-5193,-13.595243,-0.169941
103.0310,-5193,-13.595243,-0.169941
103.0410,-5193,-13.595243,-0.169941
103.0510,-5193,-13.595243,-0.169941
103.0610,-5193,-13.595243,-0.169941
103.0710,-5193,-13.595243,-0.169941
103.0810,-5193,-13.595243,-0.169941
103.0910,-5193,-13.595243,-0.169941
103.1010,-5193,-13.595243,-0.169941
103.1110,-5193,-13.595243,-0.169941
103.1210,-5193,-13.595243,-0.169941
103.1320,-5193,-13.595243,-0.169941
103.1410,-5193,-13.595243,-0.169941
103.1510,-5193,-13.595243,-0.169941
103.1610,-5193,-13.595243,-0.169941
103.1710,-5193,-13.595243,-0.169941
103.1810,-5193,-13.595243,-0.169941
103.1910,-5193,-13.595243,-0.169941
103.2010,-5193,-13.595243,-0.169941
103.2110,-5193,-13.595243,-0.169941
103.2210,-5194,-13.597861,-0.169973
103.2310,-5194,-13.597861,-0.169973
103.2410,-5193,-13.595243,-0.169941
103.2510,-5193,-13.595243,-0.169941
103.2610,-5193,-13.595243,-0.169941
103.2710,-5193,-13.595243,-0.169941
103.2810,-5193,-13.595243,-0.169941
103.2910,-5193,-13.595243,-0.169941
103.3010,-5193,-13.595243,-0.169941
103.3110,-5193,-13.595243,-0.169941
103.3210,-5193,-13.595243,-0.169941
103.3310,-5193,-13.595243,-0.169941
103.3410,-5194,-13.597861,-0.169973
103.3510,-5194,-13.597861,-0.169973
103.3610,-5194,-13.597861,-0.169973
103.3710,-5194,-13.597861,-0.169973
103.3810,-5194,-13.597861,-0.169973
103.3910,-5194,-13.597861,-0.169973
103.4010,-5193,-13.595243,-0.169941
103.4110,-5193,-13.595243,-0.169941
103.4210,-5193,-13.595243,-0.169941
103.4310,-5193,-13.595243,-0.169941
103.4410,-5193,-13.595243,-0.169941
103.4510,-5194,-13.597861,-0.169973
103.4610,-5194,-13.597861,-0.169973
103.4710,-5194,-13.597861,-0.169973
103.4810,-5194,-13.597861,-0.169973
103.4910,-5194,-13.597861,-0.169973
103.5010,-5194,-13.597861,-0.169973
103.5110,-5194,-13.597861,-0.169973
103.5210,-5194,-13.597861,-0.169973
103.5310,-5194,-13.597861,-0.169973
103.5410,-5194,-13.597861,-0.169973
103.5510,-5194,-13.597861,-0.169973
103.5610,-5193,-13.595243,-0.169941
103.5710,-5193,-13.595243,-0.169941
103.5810,-5193,-13.595243,-0.169941
103.5910,-5194,-13.597861,-0.169973
103.6010,-5194,-13.597861,-0.169973
103.6110,-5194,-13.597861,-0.169973
103.6210,-5194,-13.597861,-0.169973
103.6310,-5194,-13.597861,-0.169973
103.6410,-5194,-13.597861,-0.169973
103.6510,-5194,-13.597861,-0.169973
103.6610,-5194,-13.597861,-0.169973
103.6710,-5194,-13.597861,-0.169973
103.6810,-5194,-13.597861,-0.169973
103.6910,-5194,-13.597861,-0.169973
103.7010,-5194,-13.597861,-0.169973
103.7110,-5194,-13.597861,-0.169973
103.7210,-5194,-13.597861,-0.169973
103.7310,-5194,-13.597861,-0.169973
103.7410,-5194,-13.597861,-0.169973
103.7510,-5195,-13.600480,-0.170006
103.7610,-5195,-13.600480,-0.170006
103.7720,-5195,-13.600480,-0.170006
103.7810,-5195,-13.600480,-0.170006
103.7910,-5195,-13.600480,-0.170006
103.8010,-5195,-13.600480,-0.170006
103.8110,-5195,-13.600480,-0.170006
103.8210,-5195,-13.600480,-0.170006
103.8310,-5195,-13.600480,-0.170006
103.8410,-5194,-13.597861,-0.169973
103.8510,-5194,-13.597861,-0.169973
103.8610,-5194,-13.597861,-0.169973
103.8710,-5195,-13.600480,-0.170006
103.8810,-5195,-13.600480,-0.170006
103.8910,-5195,-13.600480,-0.170006
103.9010,-5195,-13.600480,-0.170006
103.9110,-5195,-13.600480,-0.170006
103.9210,-5195,-13.600480,-0.170006
103.9310,-5195,-13.600480,-0.170006
103.9410,-5195,-13.600480,-0.170006
103.9510,-5195,-13.600480,-0.170006
103.9610,-5195,-13.600480,-0.170006
103.9710,-5195,-13.600480,-0.170006
103.9810,-5195,-13.600480,-0.170006
103.9910,-5195,-13.600480,-0.170006
104.0010,-5195,-13.600480,-0.170006
104.0110,-5195,-13.600480,-0.170006
104.0210,-5195,-13.600480,-0.170006
104.0310,-5195,-13.600480,-0.170006
104.0410,-5195,-13.600480,-0.170006
104.0510,-5196,-13.603096,-0.170039
104.0610,-5196,-13.603096,-0.170039
104.0710,-5196,-13.603096,-0.170039
104.0810,-5195,-13.600480,-0.170006
104.0910,-5195,-13.600480,-0.170006
104.1010,-5195,-13.600480,-0.170006
104.1110,-5195,-13.600480,-0.170006
104.1210,-5195,-13.600480,-0.170006
104.1310,-5195,-13.600480,-0.170006
104.1410,-5195,-13.600480,-0.170006
104.1510,-5195,-13.600480,-0.170006
104.1610,-5195,-13.600480,-0.170006
104.1710,-5196,-13.603096,-0.170039
104.1810,-5196,-13.603096,-0.170039
104.1910,-5196,-13.603096,-0.170039
104.2010,-5196,-13.603096,-0.170039
104.2110,-5196,-13.603096,-0.170039
104.2210,-5196,-13.603096,-0.170039
104.2310,-5195,-13.600480,-0.170006
104.2410,-5195,-13.600480,-0.170006
104.2510,-5195,-13.600480,-0.170006
104.2610,-5195,-13.600480,-0.170006
104.2710,-5195,-13.600480,-0.170006
104.2810,-5195,-13.600480,-0.170006
104.2910,-5196,-13.603096,-0.170039
104.3010,-5196,-13.603096,-0.170039
104.3110,-5196,-13.603096,-0.170039
104.3210,-5196,-13.603096,-0.170039
104.3310,-5196,-13.603096,-0.170039
104.3410,-5196,-13.603096,-0.170039
104.3510,-5196,-13.603096,-0.170039
104.3610,-5196,-13.603096,-0.170039
104.3710,-5196,-13.603096,-0.170039
104.3810,-5196,-13.603096,-0.170039
104.3910,-5196,-13.603096,-0.170039
104.4010,-5195,-13.600480,-0.170006
104.4120,-5195,-13.600480,-0.170006
104.4210,-5196,-13.603096,-0.170039
104.4310,-5196,-13.603096,-0.170039
104.4410,-5196,-13.603096,-0.170039
104.4510,-5196,-13.603096,-0.170039
104.4610,-5196,-13.603096,-0.170039
104.4710,-5196,-13.603096,-0.170039
104.4810,-5196,-13.603096,-0.170039
104.4910,-5196,-13.603096,-0.170039
104.5010,-5196,-13.603096,-0.170039
104.5110,-5196,-13.603096,-0.170039
104.5210,-5196,-13.603096,-0.170039
104.5310,-5196,-13.603096,-0.170039
104.5410,-5196,-13.603096,-0.170039
104.5510,-5196,-13.603096,-0.170039
104.5610,-5196,-13.603096,-0.170039
104.5710,-5196,-13.603096,-0.170039
104.5810,-5196,-13.603096,-0.170039
104.5910,-5196,-13.603096,-0.170039
104.6010,-5196,-13.603096,-0.170039
104.6110,-5196,-13.603096,-0.170039
104.6210,-5196,-13.603096,-0.170039
104.6310,-5196,-13.603096,-0.170039
104.6410,-5196,-13.603096,-0.170039
104.6510,-5196,-13.603096,-0.170039
104.6610,-5196,-13.603096,-0.170039
104.6710,-5196,-13.603096,-0.170039
104.6810,-5196,-13.603096,-0.170039
104.6910,-5196,-13.603096,-0.170039
104.7010,-5196,-13.603096,-0.170039
104.7110,-5196,-13.603096,-0.170039
104.7210,-5196,-13.603096,-0.170039
104.7310,-5196,-13.603096,-0.170039
104.7410,-5196,-13.603096,-0.170039
104.7510,-5196,-13.603096,-0.170039
104.7610,-5196,-13.603096,-0.170039
104.7710,-5196,-13.603096,-0.170039
104.7810,-5196,-13.603096,-0.170039
104.7910,-5196,-13.603096,-0.170039
104.8010,-5196,-13.603096,-0.170039
104.8110,-5196,-13.603096,-0.170039
104.8210,-5196,-13.603096,-0.170039
104.8310,-5196,-13.603096,-0.170039
104.8410,-5196,-13.603096,-0.170039
104.8510,-5196,-13.603096,-0.170039
104.8610,-5196,-13.603096,-0.170039
104.8710,-5196,-13.603096,-0.170039
104.8810,-5196,-13.603096,-0.170039
104.8910,-5196,-13.603096,-0.170039
104.9010,-5196,-13.603096,-0.170039
104.9110,-5196,-13.603096,-0.170039
104.9210,-5196,-13.603096,-0.170039
104.9310,-5196,-13.603096,-0.170039
104.9410,-5196,-13.603096,-0.170039
104.9510,-5196,-13.603096,-0.170039
104.9610,-5196,-13.603096,-0.170039
104.9710,-5196,-13.603096,-0.170039
104.9810,-5196,-13.603096,-0.170039
104.9910,-5196,-13.603096,-0.170039
105.0010,-5197,-13.605715,-0.170071
105.0110,-5197,-13.605715,-0.170071
105.0210,-5197,-13.605715,-0.170071
105.0310,-5197,-13.605715,-0.170071
105.0410,-5197,-13.605715,-0.170071
105.0520,-5196,-13.603096,-0.170039
105.0610,-5196,-13.603096,-0.170039
105.0710,-5196,-13.603096,-0.170039
105.0810,-5196,-13.603096,-0.170039
105.0910,-5196,-13.603096,-0.170039
105.1010,-5196,-13.603096,-0.170039
105.1110,-5196,-13.603096,-0.170039
105.1210,-5197,-13.605715,-0.170071
105.1310,-5197,-13.605715,-0.170071
105.1410,-5197,-13.605715,-0.170071
105.1510,-5197,-13.605715,-0.170071
105.1610,-5197,-13.605715,-0.170071
105.1710,-5197,-13.605715,-0.170071
105.1810,-5197,-13.605715,-0.170071
105.1910,-5197,-13.605715,-0.170071
105.2010,-5197,-13.605715,-0.170071
105.2110,-5196,-13.603096,-0.170039
105.2210,-5196,-13.603096,-0.170039
105.2310,-5196,-13.603096,-0.170039
105.2410,-5196,-13.603096,-0.170039
105.2510,-5196,-13.603096,-0.170039
105.2610,-5197,-13.605715,-0.170071
105.2710,-5197,-13.605715,-0.170071
105.2810,-5197,-13.605715,-0.170071
105.2910,-5197,-13.605715,-0.170071
105.3010,-5197,-13.605715,-0.170071
105.3110,-5197,-13.605715,-0.170071
105.3210,-5197,-13.605715,-0.170071
105.3310,-5197,-13.605715,-0.170071
105.3410,-5197,-13.605715,-0.170071
105.3510,-5197,-13.605715,-0.170071
105.3610,-5197,-13.605715,-0.170071
105.3710,-5197,-13.605715,-0.170071
105.3810,-5197,-13.605715,-0.170071
105.3910,-5197,-13.605715,-0.170071
105.4010,-5197,-13.605715,-0.170071
105.4110,-5197,-13.605715,-0.170071
105.4210,-5197,-13.605715,-0.170071
105.4310,-5197,-13.605715,-0.170071
105.4410,-5197,-13.605715,-0.170071
105.4510,-5197,-13.605715,-0.170071
105.4610,-5197,-13.605715,-0.170071
105.4710,-5197,-13.605715,-0.170071
105.4810,-5197,-13.605715,-0.170071
105.4910,-5197,-13.605715,-0.170071
105.5010,-5197,-13.605715,-0.170071
105.5110,-5197,-13.605715,-0.170071
105.5210,-5197,-13.605715,-0.170071
105.5310,-5197,-13.605715,-0.170071
105.5410,-5197,-13.605715,-0.170071
105.5510,-5197,-13.605715,-0.170071
105.5610,-5198,-13.608332,-0.170104
105.5710,-5198,-13.608332,-0.170104
105.5810,-5198,-13.608332,-0.170104
105.5910,-5198,-13.608332,-0.170104
105.6010,-5198,-13.608332,-0.170104
105.6110,-5198,-13.608332,-0.170104
105.6210,-5197,-13.605715,-0.170071
105.6310,-5197,-13.605715,-0.170071
105.6410,-5197,-13.605715,-0.170071
105.6510,-5197,-13.605715,-0.170071
105.6610,-5197,-13.605715,-0.170071
105.6710,-5198,-13.608332,-0.170104
105.6810,-5198,-13.608332,-0.170104
105.6920,-5198,-13.608332,-0.170104
105.7010,-5198,-13.608332,-0.170104
105.7110,-5198,-13.608332,-0.170104
105.7210,-5198,-13.608332,-0.170104
105.7310,-5198,-13.608332,-0.170104
105.7410,-5198,-13.608332,-0.170104
105.7510,-5198,-13.608332,-0.170104
105.7610,-5198,-13.608332,-0.170104
105.7710,-5198,-13.608332,-0.170104
105.7810,-5198,-13.608332,-0.170104
105.7910,-5198,-13.608332,-0.170104
105.8010,-5198,-13.608332,-0.170104
105.8110,-5198,-13.608332,-0.170104
105.8210,-5198,-13.608332,-0.170104
105.8310,-5198,-13.608332,-0.170104
105.8410,-5198,-13.608332,-0.170104
105.8510,-5198,-13.608332,-0.170104
105.8610,-5198,-13.608332,-0.170104
105.8710,-5198,-13.608332,-0.170104
105.8810,-5198,-13.608332,-0.170104
105.8910,-5198,-13.608332,-0.170104
105.9010,-5198,-13.608332,-0.170104
105.9110,-5198,-13.608332,-0.170104
105.9210,-5198,-13.608332,-0.170104
105.9310,-5198,-13.608332,-0.170104
105.9410,-5198,-13.608332,-0.170104
105.9510,-5198,-13.608332,-0.170104
105.9610,-5198,-13.608332,-0.170104
105.9710,-5198,-13.608332,-0.170104
105.9810,-5198,-13.608332,-0.170104
105.9910,-5198,-13.608332,-0.170104
106.0010,-5199,-13.610951,-0.170137
106.0110,-5199,-13.610951,-0.170137
106.0210,-5198,-13.608332,-0.170104
106.0310,-5198,-13.608332,-0.170104
106.0410,-5198,-13.608332,-0.170104
106.0510,-5198,-13.608332,-0.170104
106.0610,-5198,-13.608332,-0.170104
106.0710,-5198,-13.608332,-0.170104
106.0810,-5198,-13.608332,-0.170104
106.0910,-5198,-13.608332,-0.170104
106.1010,-5198,-13.608332,-0.170104
106.1110,-5199,-13.610951,-0.170137
106.1210,-5199,-13.610951,-0.170137
106.1310,-5199,-13.610951,-0.170137
106.1410,-5199,-13.610951,-0.170137
106.1510,-5199,-13.610951,-0.170137
106.1610,-5199,-13.610951,-0.170137
106.1710,-5198,-13.608332,-0.170104
106.1810,-5198,-13.608332,-0.170104
106.1910,-5198,-13.608332,-0.170104
106.2010,-5198,-13.608332,-0.170104
106.2110,-5198,-13.608332,-0.170104
106.2210,-5198,-13.608332,-0.170104
106.2310,-5199,-13.610951,-0.170137
106.2410,-5199,-13.610951,-0.170137
106.2510,-5199,-13.610951,-0.170137
106.2610,-5199,-13.610951,-0.170137
106.2710,-5199,-13.610951,-0.170137
106.2810,-5199,-13.610951,-0.170137
106.2910,-5199,-13.610951,-0.170137
106.3010,-5199,-13.610951,-0.170137
106.3110,-5199,-13.610951,-0.170137
106.3210,-5198,-13.608332,-0.170104
106.3320,-5198,-13.608332,-0.170104
106.3410,-5198,-13.608332,-0.170104
106.3510,-5198,-13.608332,-0.170104
106.3610,-5198,-13.608332,-0.170104
106.3710,-5199,-13.610951,-0.170137
106.3810,-5199,-13.610951,-0.170137
106.3910,-5199,-13.610951,-0.170137
106.4010,-5199,-13.610951,-0.170137
106.4110,-5199,-13.610951,-0.170137
106.4210,-5199,-13.610951,-0.170137
106.4310,-5199,-13.610951,-0.170137
106.4410,-5199,-13.610951,-0.170137
106.4510,-5199,-13.610951,-0.170137
106.4610,-5198,-13.608332,-0.170104
106.4710,-5198,-13.608332,-0.170104
106.4810,-5198,-13.608332,-0.170104
106.4910,-5198,-13.608332,-0.170104
106.5010,-5199,-13.610951,-0.170137
106.5110,-5199,-13.610951,-0.170137
106.5210,-5199,-13.610951,-0.170137
106.5310,-5199,-13.610951,-0.170137
106.5410,-5199,-13.610951,-0.170137
106.5510,-5199,-13.610951,-0.170137
106.5610,-5199,-13.610951,-0.170137
106.5710,-5199,-13.610951,-0.170137
106.5810,-5199,-13.610951,-0.170137
106.5910,-5199,-13.610951,-0.170137
106.6010,-5199,-13.610951,-0.170137
106.6110,-5198,-13.608332,-0.170104
106.6210,-5198,-13.608332,-0.170104
106.6310,-5198,-13.608332,-0.170104
106.6410,-5199,-13.610951,-0.170137
106.6510,-5199,-13.610951,-0.170137
106.6610,-5199,-13.610951,-0.170137
106.6710,-5199,-13.610951,-0.170137
106.6810,-5199,-13.610951,-0.170137
106.6910,-5199,-13.610951,-0.170137
106.7010,-5199,-13.610951,-0.170137
106.7110,-5199,-13.610951,-0.170137
106.7210,-5199,-13.610951,-0.170137
106.7310,-5199,-13.610951,-0.170137
106.7410,-5199,-13.610951,-0.170137
106.7510,-5199,-13.610951,-0.170137
106.7610,-5199,-13.610951,-0.170137
106.7710,-5199,-13.610951,-0.170137
106.7810,-5199,-13.610951,-0.170137
106.7910,-5199,-13.610951,-0.170137
106.8010,-5199,-13.610951,-0.170137
106.8110,-5199,-13.610951,-0.170137
106.8210,-5199,-13.610951,-0.170137
106.8310,-5199,-13.610951,-0.170137
106.8410,-5199,-13.610951,-0.170137
106.8510,-5199,-13.610951,-0.170137
106.8610,-5199,-13.610951,-0.170137
106.8710,-5199,-13.610951,-0.170137
106.8810,-5199,-13.610951,-0.170137
106.8910,-5199,-13.610951,-0.170137
106.9010,-5199,-13.610951,-0.170137
106.9110,-5199,-13.610951,-0.170137
106.9210,-5199,-13.610951,-0.170137
106.9310,-5199,-13.610951,-0.170137
106.9410,-5199,-13.610951,-0.170137
106.9510,-5200,-13.613570,-0.170170
106.9610,-5200,-13.613570,-0.170170
106.9720,-5200,-13.613570,-0.170170
106.9810,-5200,-13.613570,-0.170170
106.9910,-5200,-13.613570,-0.170170
107.0010,-5200,-13.613570,-0.170170
107.0110,-5199,-13.610951,-0.170137
107.0210,-5199,-13.610951,-0.170137
107.0310,-5199,-13.610951,-0.170137
107.0410,-5199,-13.610951,-0.170137
107.0510,-5199,-13.610951,-0.170137
107.0610,-5200,-13.613570,-0.170170
107.0710,-5200,-13.613570,-0.170170
107.0810,-5200,-13.613570,-0.170170
107.0910,-5200,-13.613570,-0.170170
107.1010,-5200,-13.613570,-0.170170
107.1110,-5200,-13.613570,-0.170170
107.1210,-5200,-13.613570,-0.170170
107.1310,-5200,-13.613570,-0.170170
107.1410,-5200,-13.613570,-0.170170
107.1510,-5200,-13.613570,-0.170170
107.1610,-5200,-13.613570,-0.170170
107.1710,-5200,-13.613570,-0.170170
107.1810,-5200,-13.613570,-0.170170
107.1910,-5200,-13.613570,-0.170170
107.2010,-5200,-13.613570,-0.170170
107.2110,-5200,-13.613570,-0.170170
107.2210,-5200,-13.613570,-0.170170
107.2310,-5200,-13.613570,-0.170170
107.2410,-5200,-13.613570,-0.170170
107.2510,-5200,-13.613570,-0.170170
107.2610,-5200,-13.613570,-0.170170
107.2710,-5200,-13.613570,-0.170170
107.2810,-5200,-13.613570,-0.170170
107.2910,-5200,-13.613570,-0.170170
107.3010,-5200,-13.613570,-0.170170
107.3110,-5200,-13.613570,-0.170170
107.3210,-5200,-13.613570,-0.170170
107.3310,-5200,-13.613570,-0.170170
107.3410,-5200,-13.613570,-0.170170
107.3510,-5200,-13.613570,-0.170170
107.3610,-5200,-13.613570,-0.170170
107.3710,-5201,-13.616187,-0.170202
107.3810,-5201,-13.616187,-0.170202
107.3910,-5201,-13.616187,-0.170202
107.4010,-5201,-13.616187,-0.170202
107.4110,-5201,-13.616187,-0.170202
107.4210,-5200,-13.613570,-0.170170
107.4310,-5200,-13.613570,-0.170170
107.4410,-5200,-13.613570,-0.170170
107.4510,-5200,-13.613570,-0.170170
107.4610,-5200,-13.613570,-0.170170
107.4710,-5200,-13.613570,-0.170170
107.4810,-5201,-13.616187,-0.170202
107.4910,-5201,-13.616187,-0.170202
107.5010,-5201,-13.616187,-0.170202
107.5110,-5201,-13.616187,-0.170202
107.5210,-5201,-13.616187,-0.170202
107.5310,-5201,-13.616187,-0.170202
107.5410,-5201,-13.616187,-0.170202
107.5510,-5201,-13.616187,-0.170202
107.5610,-5200,-13.613570,-0.170170
107.5710,-5200,-13.613570,-0.170170
107.5810,-5200,-13.613570,-0.170170
107.5910,-5200,-13.613570,-0.170170
107.6010,-5200,-13.613570,-0.170170
107.6120,-5201,-13.616187,-0.170202
107.6210,-5201,-13.616187,-0.170202
107.6310,-5201,-13.616187,-0.170202
107.6410,-5201,-13.616187,-0.170202
107.6510,-5201,-13.616187,-0.170202
107.6610,-5201,-13.616187,-0.170202
107.6710,-5201,-13.616187,-0.170202
107.6810,-5201,-13.616187,-0.170202
107.6910,-5201,-13.616187,-0.170202
107.7010,-5201,-13.616187,-0.170202
107.7110,-5201,-13.616187,-0.170202
107.7210,-5200,-13.613570,-0.170170
107.7310,-5200,-13.613570,-0.170170
107.7410,-5200,-13.613570,-0.170170
107.7510,-5201,-13.616187,-0.170202
107.7610,-5201,-13.616187,-0.170202
107.7710,-5201,-13.616187,-0.170202
107.7810,-5201,-13.616187,-0.170202
107.7910,-5201,-13.616187,-0.170202
107.8010,-5201,-13.616187,-0.170202
107.8110,-5201,-13.616187,-0.170202
107.8210,-5201,-13.616187,-0.170202
107.8310,-5201,-13.616187,-0.170202
107.8410,-5201,-13.616187,-0.170202
107.8510,-5201,-13.616187,-0.170202
107.8610,-5201,-13.616187,-0.170202
107.8710,-5201,-13.616187,-0.170202
107.8810,-5201,-13.616187,-0.170202
107.8910,-5201,-13.616187,-0.170202
107.9010,-5201,-13.616187,-0.170202
107.9110,-5201,-13.616187,-0.170202
107.9210,-5201,-13.616187,-0.170202
107.9310,-5201,-13.616187,-0.170202
107.9410,-5201,-13.616187,-0.170202
107.9510,-5201,-13.616187,-0.170202
107.9610,-5201,-13.616187,-0.170202
107.9710,-5201,-13.616187,-0.170202
107.9810,-5201,-13.616187,-0.170202
107.9910,-5201,-13.616187,-0.170202
108.0010,-5201,-13.616187,-0.170202
108.0110,-5201,-13.616187,-0.170202
108.0210,-5201,-13.616187,-0.170202
108.0310,-5201,-13.616187,-0.170202
108.0410,-5201,-13.616187,-0.170202
108.0510,-5201,-13.616187,-0.170202
108.0610,-5201,-13.616187,-0.170202
108.0710,-5201,-13.616187,-0.170202
108.0810,-5201,-13.616187,-0.170202
108.0910,-5201,-13.616187,-0.170202
108.1010,-5201,-13.616187,-0.170202
108.1110,-5201,-13.616187,-0.170202
108.1210,-5201,-13.616187,-0.170202
108.1310,-5201,-13.616187,-0.170202
108.1410,-5201,-13.616187,-0.170202
108.1510,-5201,-13.616187,-0.170202
108.1610,-5201,-13.616187,-0.170202
108.1710,-5201,-13.616187,-0.170202
108.1810,-5201,-13.616187,-0.170202
108.1910,-5201,-13.616187,-0.170202
108.2010,-5201,-13.616187,-0.170202
108.2110,-5201,-13.616187,-0.170202
108.2210,-5201,-13.616187,-0.170202
108.2310,-5201,-13.616187,-0.170202
108.2410,-5201,-13.616187,-0.170202
108.2520,-5201,-13.616187,-0.170202
108.2610,-5201,-13.616187,-0.170202
108.2710,-5201,-13.616187,-0.170202
108.2810,-5201,-13.616187,-0.170202
108.2910,-5201,-13.616187,-0.170202
108.3010,-5201,-13.616187,-0.170202
108.3110,-5201,-13.616187,-0.170202
108.3210,-5201,-13.616187,-0.170202
108.3310,-5201,-13.616187,-0.170202
108.3410,-5201,-13.616187,-0.170202
108.3510,-5201,-13.616187,-0.170202
108.3610,-5201,-13.616187,-0.170202
108.3710,-5201,-13.616187,-0.170202
108.3810,-5201,-13.616187,-0.170202
108.3910,-5201,-13.616187,-0.170202
108.4010,-5201,-13.616187,-0.170202
108.4110,-5201,-13.616187,-0.170202
108.4210,-5201,-13.616187,-0.170202
108.4310,-5201,-13.616187,-0.170202
108.4410,-5201,-13.616187,-0.170202
108.4510,-5201,-13.616187,-0.170202
108.4610,-5201,-13.616187,-0.170202
108.4710,-5202,-13.618805,-0.170235
108.4810,-5202,-13.618805,-0.170235
108.4910,-5202,-13.618805,-0.170235
108.5010,-5202,-13.618805,-0.170235
108.5110,-5202,-13.618805,-0.170235
108.5210,-5202,-13.618805,-0.170235
108.5310,-5201,-13.616187,-0.170202
108.5410,-5201,-13.616187,-0.170202
108.5510,-5201,-13.616187,-0.170202
108.5610,-5201,-13.616187,-0.170202
108.5710,-5201,-13.616187,-0.170202
108.5810,-5201,-13.616187,-0.170202
108.5910,-5202,-13.618805,-0.170235
108.6010,-5202,-13.618805,-0.170235
108.6110,-5202,-13.618805,-0.170235
108.6210,-5202,-13.618805,-0.170235
108.6310,-5202,-13.618805,-0.170235
108.6410,-5202,-13.618805,-0.170235
108.6510,-5202,-13.618805,-0.170235
108.6610,-5202,-13.618805,-0.170235
108.6710,-5202,-13.618805,-0.170235
108.6810,-5202,-13.618805,-0.170235
108.6910,-5202,-13.618805,-0.170235
108.7010,-5202,-13.618805,-0.170235
108.7110,-5202,-13.618805,-0.170235
108.7210,-5202,-13.618805,-0.170235
108.7310,-5202,-13.618805,-0.170235
108.7410,-5202,-13.618805,-0.170235
108.7510,-5202,-13.618805,-0.170235
108.7610,-5202,-13.618805,-0.170235
108.7710,-5203,-13.621423,-0.170268
108.7810,-5203,-13.621423,-0.170268
108.7910,-5202,-13.618805,-0.170235
108.8010,-5202,-13.618805,-0.170235
108.8110,-5202,-13.618805,-0.170235
108.8210,-5202,-13.618805,-0.170235
108.8310,-5202,-13.618805,-0.170235
108.8410,-5202,-13.618805,-0.170235
108.8510,-5202,-13.618805,-0.170235
108.8610,-5202,-13.618805,-0.170235
108.8710,-5203,-13.621423,-0.170268
108.8810,-5203,-13.621423,-0.170268
108.8920,-5203,-13.621423,-0.170268
108.9010,-5203,-13.621423,-0.170268
108.9110,-5203,-13.621423,-0.170268
108.9210,-5203,-13.621423,-0.170268
108.9310,-5203,-13.621423,-0.170268
108.9410,-5203,-13.621423,-0.170268
108.9510,-5203,-13.621423,-0.170268
108.9610,-5203,-13.621423,-0.170268
108.9710,-5202,-13.618805,-0.170235
108.9810,-5202,-13.618805,-0.170235
108.9910,-5202,-13.618805,-0.170235
109.0010,-5203,-13.621423,-0.170268
109.0110,-5203,-13.621423,-0.170268
109.0210,-5203,-13.621423,-0.170268
109.0310,-5203,-13.621423,-0.170268
109.0410,-5203,-13.621423,-0.170268
109.0510,-5203,-13.621423,-0.170268
109.0610,-5203,-13.621423,-0.170268
109.0710,-5203,-13.621423,-0.170268
109.0810,-5203,-13.621423,-0.170268
109.0910,-5203,-13.621423,-0.170268
109.1010,-5203,-13.621423,-0.170268
109.1110,-5203,-13.621423,-0.170268
109.1210,-5203,-13.621423,-0.170268
109.1310,-5203,-13.621423,-0.170268
109.1410,-5203,-13.621423,-0.170268
109.1510,-5203,-13.621423,-0.170268
109.1610,-5203,-13.621423,-0.170268
109.1710,-5203,-13.621423,-0.170268
109.1810,-5203,-13.621423,-0.170268
109.1910,-5203,-13.621423,-0.170268
109.2010,-5203,-13.621423,-0.170268
109.2110,-5203,-13.621423,-0.170268
109.2210,-5203,-13.621423,-0.170268
109.2310,-5203,-13.621423,-0.170268
109.2410,-5203,-13.621423,-0.170268
109.2510,-5203,-13.621423,-0.170268
109.2610,-5203,-13.621423,-0.170268
109.2710,-5203,-13.621423,-0.170268
109.2810,-5203,-13.621423,-0.170268
109.2910,-5203,-13.621423,-0.170268
109.3010,-5203,-13.621423,-0.170268
109.3110,-5203,-13.621423,-0.170268
109.3210,-5204,-13.624041,-0.170301
109.3310,-5204,-13.624041,-0.170301
109.3410,-5204,-13.624041,-0.170301
109.3510,-5203,-13.621423,-0.170268
109.3610,-5203,-13.621423,-0.170268
109.3710,-5203,-13.621423,-0.170268
109.3810,-5203,-13.621423,-0.170268
109.3910,-5203,-13.621423,-0.170268
109.4010,-5203,-13.621423,-0.170268
109.4110,-5203,-13.621423,-0.170268
109.4210,-5203,-13.621423,-0.170268
109.4310,-5203,-13.621423,-0.170268
109.4410,-5204,-13.624041,-0.170301
109.4510,-5204,-13.624041,-0.170301
109.4610,-5204,-13.624041,-0.170301
109.4710,-5204,-13.624041,-0.170301
109.4810,-5204,-13.624041,-0.170301
109.4910,-5204,-13.624041,-0.170301
109.5010,-5203,-13.621423,-0.170268
109.5110,-5203,-13.621423,-0.170268
109.5210,-5203,-13.621423,-0.170268
109.5320,-5203,-13.621423,-0.170268
109.5410,-5203,-13.621423,-0.170268
109.5510,-5203,-13.621423,-0.170268
109.5610,-5204,-13.624041,-0.170301
109.5710,-5204,-13.624041,-0.170301
109.5810,-5204,-13.624041,-0.170301
109.5910,-5204,-13.624041,-0.170301
109.6010,-5204,-13.624041,-0.170301
109.6110,-5204,-13.624041,-0.170301
109.6210,-5204,-13.624041,-0.170301
109.6310,-5204,-13.624041,-0.170301
109.6410,-5203,-13.621423,-0.170268
109.6510,-5203,-13.621423,-0.170268
109.6610,-5203,-13.621423,-0.170268
109.6710,-5203,-13.621423,-0.170268
109.6810,-5203,-13.621423,-0.170268
109.6910,-5203,-13.621423,-0.170268
109.7010,-5204,-13.624041,-0.170301
109.7110,-5204,-13.624041,-0.170301
109.7210,-5204,-13.624041,-0.170301
109.7310,-5204,-13.624041,-0.170301
109.7410,-5204,-13.624041,-0.170301
109.7510,-5204,-13.624041,-0.170301
109.7610,-5204,-13.624041,-0.170301
109.7710,-5204,-13.624041,-0.170301
109.7810,-5203,-13.621423,-0.170268
109.7910,-5203,-13.621423,-0.170268
109.8010,-5203,-13.621423,-0.170268
109.8110,-5203,-13.621423,-0.170268
109.8210,-5203,-13.621423,-0.170268
109.8310,-5203,-13.621423,-0.170268
109.8410,-5204,-13.624041,-0.170301
109.8510,-5204,-13.624041,-0.170301
109.8610,-5204,-13.624041,-0.170301
109.8710,-5204,-13.624041,-0.170301
109.8810,-5204,-13.624041,-0.170301
109.8910,-5204,-13.624041,-0.170301
109.9010,-5204,-13.624041,-0.170301
109.9110,-5204,-13.624041,-0.170301
109.9210,-5204,-13.624041,-0.170301
109.9310,-5204,-13.624041,-0.170301
109.9410,-5203,-13.621423,-0.170268
109.9510,-5203,-13.621423,-0.170268
109.9610,-5203,-13.621423,-0.170268
109.9710,-5204,-13.624041,-0.170301
109.9810,-5204,-13.624041,-0.170301
109.9910,-5204,-13.624041,-0.170301
110.0010,-5204,-13.624041,-0.170301
110.0110,-5204,-13.624041,-0.170301
110.0210,-5204,-13.624041,-0.170301
110.0310,-5204,-13.624041,-0.170301
110.0410,-5204,-13.624041,-0.170301
110.0510,-5204,-13.624041,-0.170301
110.0610,-5204,-13.624041,-0.170301
110.0710,-5204,-13.624041,-0.170301
110.0810,-5204,-13.624041,-0.170301
110.0910,-5204,-13.624041,-0.170301
110.1010,-5204,-13.624041,-0.170301
110.1110,-5204,-13.624041,-0.170301
110.1210,-5204,-13.624041,-0.170301
110.1310,-5204,-13.624041,-0.170301
110.1410,-5204,-13.624041,-0.170301
110.1510,-5204,-13.624041,-0.170301
110.1610,-5204,-13.624041,-0.170301
110.1720,-5204,-13.624041,-0.170301
110.1810,-5204,-13.624041,-0.170301
110.1910,-5204,-13.624041,-0.170301
110.2010,-5204,-13.624041,-0.170301
110.2110,-5204,-13.624041,-0.170301
110.2210,-5204,-13.624041,-0.170301
110.2310,-5204,-13.624041,-0.170301
110.2410,-5204,-13.624041,-0.170301
110.2510,-5204,-13.624041,-0.170301
110.2610,-5204,-13.624041,-0.170301
110.2710,-5205,-13.626659,-0.170333
110.2810,-5205,-13.626659,-0.170333
110.2910,-5205,-13.626659,-0.170333
110.3010,-5205,-13.626659,-0.170333
110.3110,-5205,-13.626659,-0.170333
110.3210,-5205,-13.626659,-0.170333
110.3310,-5205,-13.626659,-0.170333
110.3410,-5205,-13.626659,-0.170333
110.3510,-5205,-13.626659,-0.170333
110.3610,-5204,-13.624041,-0.170301
110.3710,-5204,-13.624041,-0.170301
110.3810,-5204,-13.624041,-0.170301
110.3910,-5205,-13.626659,-0.170333
110.4010,-5205,-13.626659,-0.170333
110.4110,-5205,-13.626659,-0.170333
110.4210,-5205,-13.626659,-0.170333
110.4310,-5205,-13.626659,-0.170333
110.4410,-5205,-13.626659,-0.170333
110.4510,-5205,-13.626659,-0.170333
110.4610,-5205,-13.626659,-0.170333
110.4710,-5205,-13.626659,-0.170333
110.4810,-5205,-13.626659,-0.170333
110.4910,-5205,-13.626659,-0.170333
110.5010,-5205,-13.626659,-0.170333
110.5110,-5205,-13.626659,-0.170333
110.5210,-5205,-13.626659,-0.170333
110.5310,-5205,-13.626659,-0.170333
110.5410,-5205,-13.626659,-0.170333
110.5510,-5205,-13.626659,-0.170333
110.5610,-5205,-13.626659,-0.170333
110.5710,-5205,-13.626659,-0.170333
110.5810,-5205,-13.626659,-0.170333
110.5910,-5205,-13.626659,-0.170333
110.6010,-5205,-13.626659,-0.170333
110.6110,-5205,-13.626659,-0.170333
110.6210,-5205,-13.626659,-0.170333
110.6310,-5205,-13.626659,-0.170333
110.6410,-5205,-13.626659,-0.170333
110.6510,-5205,-13.626659,-0.170333
110.6610,-5205,-13.626659,-0.170333
110.6710,-5205,-13.626659,-0.170333
110.6810,-5205,-13.626659,-0.170333
110.6910,-5205,-13.626659,-0.170333
110.7010,-5205,-13.626659,-0.170333
110.7110,-5205,-13.626659,-0.170333
110.7210,-5205,-13.626659,-0.170333
110.7310,-5205,-13.626659,-0.170333
110.7410,-5205,-13.626659,-0.170333
110.7510,-5205,-13.626659,-0.170333
110.7610,-5205,-13.626659,-0.170333
110.7710,-5205,-13.626659,-0.170333
110.7810,-5205,-13.626659,-0.170333
110.7910,-5205,-13.626659,-0.170333
110.8010,-5205,-13.626659,-0.170333
110.8120,-5205,-13.626659,-0.170333
110.8210,-5205,-13.626659,-0.170333
110.8310,-5206,-13.629277,-0.170366
110.8410,-5206,-13.629277,-0.170366
110.8510,-5206,-13.629277,-0.170366
110.8610,-5206,-13.629277,-0.170366
110.8710,-5206,-13.629277,-0.170366
110.8810,-5206,-13.629277,-0.170366
110.8910,-5205,-13.626659,-0.170333
110.9010,-5205,-13.626659,-0.170333
110.9110,-5205,-13.626659,-0.170333
110.9210,-5205,-13.626659,-0.170333
110.9310,-5205,-13.626659,-0.170333
110.9410,-5205,-13.626659,-0.170333
110.9510,-5206,-13.629277,-0.170366
110.9610,-5206,-13.629277,-0.170366
110.9710,-5206,-13.629277,-0.170366
110.9810,-5206,-13.629277,-0.170366
110.9910,-5206,-13.629277,-0.170366
111.0010,-5206,-13.629277,-0.170366
111.0110,-5206,-13.629277,-0.170366
111.0210,-5206,-13.629277,-0.170366
111.0310,-5205,-13.626659,-0.170333
111.0410,-5205,-13.626659,-0.170333
111.0510,-5205,-13.626659,-0.170333
111.0610,-5205,-13.626659,-0.170333
111.0710,-5205,-13.626659,-0.170333
111.0810,-5206,-13.629277,-0.170366
111.0910,-5206,-13.629277,-0.170366
111.1010,-5206,-13.629277,-0.170366
111.1110,-5206,-13.629277,-0.170366
111.1210,-5206,-13.629277,-0.170366
111.1310,-5206,-13.629277,-0.170366
111.1410,-5206,-13.629277,-0.170366
111.1510,-5206,-13.629277,-0.170366
111.1610,-5206,-13.629277,-0.170366
111.1710,-5206,-13.629277,-0.170366
111.1810,-5206,-13.629277,-0.170366
111.1910,-5205,-13.626659,-0.170333
111.2010,-5205,-13.626659,-0.170333
111.2110,-5205,-13.626659,-0.170333
111.2210,-5206,-13.629277,-0.170366
111.2310,-5206,-13.629277,-0.170366
111.2410,-5206,-13.629277,-0.170366
111.2510,-5206,-13.629277,-0.170366
111.2610,-5206,-13.629277,-0.170366
111.2710,-5206,-13.629277,-0.170366
111.2810,-5206,-13.629277,-0.170366
111.2910,-5206,-13.629277,-0.170366
111.3010,-5206,-13.629277,-0.170366
111.3110,-5206,-13.629277,-0.170366
111.3210,-5206,-13.629277,-0.170366
111.3310,-5205,-13.626659,-0.170333
111.3410,-5205,-13.626659,-0.170333
111.3510,-5205,-13.626659,-0.170333
111.3610,-5206,-13.629277,-0.170366
111.3710,-5206,-13.629277,-0.170366
111.3810,-5206,-13.629277,-0.170366
111.3910,-5206,-13.629277,-0.170366
111.4010,-5206,-13.629277,-0.170366
111.4110,-5206,-13.629277,-0.170366
111.4210,-5206,-13.629277,-0.170366
111.4310,-5206,-13.629277,-0.170366
111.4410,-5206,-13.629277,-0.170366
111.4520,-5206,-13.629277,-0.170366
111.4610,-5206,-13.629277,-0.170366
111.4710,-5205,-13.626659,-0.170333
111.4810,-5205,-13.626659,-0.170333
111.4910,-5205,-13.626659,-0.170333
111.5010,-5206,-13.629277,-0.170366
111.5110,-5206,-13.629277,-0.170366
111.5210,-5206,-13.629277,-0.170366
111.5310,-5206,-13.629277,-0.170366
111.5410,-5206,-13.629277,-0.170366
111.5510,-5206,-13.629277,-0.170366
111.5610,-5206,-13.629277,-0.170366
111.5710,-5206,-13.629277,-0.170366
111.5810,-5206,-13.629277,-0.170366
111.5910,-5206,-13.629277,-0.170366
111.6010,-5206,-13.629277,-0.170366
111.6110,-5205,-13.626659,-0.170333
111.6210,-5206,-13.629277,-0.170366
111.6310,-5206,-13.629277,-0.170366
111.6410,-5206,-13.629277,-0.170366
111.6510,-5206,-13.629277,-0.170366
111.6610,-5206,-13.629277,-0.170366
111.6710,-5206,-13.629277,-0.170366
111.6810,-5206,-13.629277,-0.170366
111.6910,-5206,-13.629277,-0.170366
111.7010,-5206,-13.629277,-0.170366
111.7110,-5206,-13.629277,-0.170366
111.7210,-5206,-13.629277,-0.170366
111.7310,-5206,-13.629277,-0.170366
111.7410,-5206,-13.629277,-0.170366
111.7510,-5206,-13.629277,-0.170366
111.7610,-5206,-13.629277,-0.170366
111.7710,-5206,-13.629277,-0.170366
111.7810,-5206,-13.629277,-0.170366
111.7910,-5206,-13.629277,-0.170366
111.8010,-5206,-13.629277,-0.170366
111.8110,-5206,-13.629277,-0.170366
111.8210,-5206,-13.629277,-0.170366
111.8310,-5206,-13.629277,-0.170366
111.8410,-5206,-13.629277,-0.170366
111.8510,-5206,-13.629277,-0.170366
111.8610,-5206,-13.629277,-0.170366
111.8710,-5206,-13.629277,-0.170366
111.8810,-5206,-13.629277,-0.170366
111.8910,-5206,-13.629277,-0.170366
111.9010,-5206,-13.629277,-0.170366
111.9110,-5206,-13.629277,-0.170366
111.9210,-5207,-13.631895,-0.170399
111.9310,-5207,-13.631895,-0.170399
111.9410,-5207,-13.631895,-0.170399
111.9510,-5207,-13.631895,-0.170399
111.9610,-5207,-13.631895,-0.170399
111.9710,-5207,-13.631895,-0.170399
111.9810,-5207,-13.631895,-0.170399
111.9910,-5207,-13.631895,-0.170399
112.0010,-5207,-13.631895,-0.170399
112.0110,-5207,-13.631895,-0.170399
112.0210,-5206,-13.629277,-0.170366
112.0310,-5206,-13.629277,-0.170366
112.0410,-5206,-13.629277,-0.170366
112.0510,-5207,-13.631895,-0.170399
112.0610,-5207,-13.631895,-0.170399
112.0710,-5207,-13.631895,-0.170399
112.0810,-5207,-13.631895,-0.170399
112.0920,-5207,-13.631895,-0.170399
112.1010,-5207,-13.631895,-0.170399
112.1110,-5207,-13.631895,-0.170399
112.1210,-5207,-13.631895,-0.170399
112.1310,-5207,-13.631895,-0.170399
112.1410,-5207,-13.631895,-0.170399
112.1510,-5207,-13.631895,-0.170399
112.1610,-5207,-13.631895,-0.170399
112.1710,-5207,-13.631895,-0.170399
112.1810,-5207,-13.631895,-0.170399
112.1910,-5207,-13.631895,-0.170399
112.2010,-5207,-13.631895,-0.170399
112.2110,-5207,-13.631895,-0.170399
112.2210,-5207,-13.631895,-0.170399
112.2310,-5207,-13.631895,-0.170399
112.2410,-5207,-13.631895,-0.170399
112.2510,-5207,-13.631895,-0.170399
112.2610,-5207,-13.631895,-0.170399
112.2710,-5207,-13.631895,-0.170399
112.2810,-5207,-13.631895,-0.170399
112.2910,-5207,-13.631895,-0.170399
112.3010,-5207,-13.631895,-0.170399
112.3110,-5207,-13.631895,-0.170399
112.3210,-5207,-13.631895,-0.170399
112.3310,-5207,-13.631895,-0.170399
112.3410,-5207,-13.631895,-0.170399
112.3510,-5207,-13.631895,-0.170399
112.3610,-5207,-13.631895,-0.170399
112.3710,-5207,-13.631895,-0.170399
112.3810,-5207,-13.631895,-0.170399
112.3910,-5207,-13.631895,-0.170399
112.4010,-5207,-13.631895,-0.170399
112.4110,-5207,-13.631895,-0.170399
112.4210,-5207,-13.631895,-0.170399
112.4310,-5207,-13.631895,-0.170399
112.4410,-5207,-13.631895,-0.170399
112.4510,-5207,-13.631895,-0.170399
112.4610,-5207,-13.631895,-0.170399
112.4710,-5207,-13.631895,-0.170399
112.4810,-5207,-13.631895,-0.170399
112.4910,-5207,-13.631895,-0.170399
112.5010,-5207,-13.631895,-0.170399
112.5110,-5207,-13.631895,-0.170399
112.5210,-5207,-13.631895,-0.170399
112.5310,-5207,-13.631895,-0.170399
112.5410,-5207,-13.631895,-0.170399
112.5510,-5207,-13.631895,-0.170399
112.5610,-5207,-13.631895,-0.170399
112.5710,-5207,-13.631895,-0.170399
112.5810,-5207,-13.631895,-0.170399
112.5910,-5207,-13.631895,-0.170399
112.6010,-5207,-13.631895,-0.170399
112.6110,-5207,-13.631895,-0.170399
112.6210,-5207,-13.631895,-0.170399
112.6310,-5208,-13.634513,-0.170431
112.6410,-5208,-13.634513,-0.170431
112.6510,-5208,-13.634513,-0.170431
112.6610,-5208,-13.634513,-0.170431
112.6710,-5208,-13.634513,-0.170431
112.6810,-5207,-13.631895,-0.170399
112.6910,-5207,-13.631895,-0.170399
112.7010,-5207,-13.631895,-0.170399
112.7110,-5207,-13.631895,-0.170399
112.7210,-5207,-13.631895,-0.170399
112.7320,-5207,-13.631895,-0.170399
112.7410,-5207,-13.631895,-0.170399
112.7510,-5207,-13.631895,-0.170399
112.7610,-5207,-13.631895,-0.170399
112.7710,-5208,-13.634513,-0.170431
112.7810,-5208,-13.634513,-0.170431
112.7910,-5208,-13.634513,-0.170431
112.8010,-5208,-13.634513,-0.170431
112.8110,-5208,-13.634513,-0.170431
112.8210,-5208,-13.634513,-0.170431
112.8310,-5207,-13.631895,-0.170399
112.8410,-5207,-13.631895,-0.170399
112.8510,-5207,-13.631895,-0.170399
112.8610,-5207,-13.631895,-0.170399
112.8710,-5207,-13.631895,-0.170399
112.8810,-5207,-13.631895,-0.170399
112.8910,-5208,-13.634513,-0.170431
112.9010,-5208,-13.634513,-0.170431
112.9110,-5208,-13.634513,-0.170431
112.9210,-5208,-13.634513,-0.170431
112.9310,-5208,-13.634513,-0.170431
112.9410,-5208,-13.634513,-0.170431
112.9510,-5208,-13.634513,-0.170431
112.9610,-5208,-13.634513,-0.170431
112.9710,-5207,-13.631895,-0.170399
112.9810,-5207,-13.631895,-0.170399
112.9910,-5207,-13.631895,-0.170399
113.0010,-5207,-13.631895,-0.170399
113.0110,-5207,-13.631895,-0.170399
113.0210,-5207,-13.631895,-0.170399
113.0310,-5208,-13.634513,-0.170431
113.0410,-5208,-13.634513,-0.170431
113.0510,-5208,-13.634513,-0.170431
113.0610,-5208,-13.634513,-0.170431
113.0710,-5208,-13.634513,-0.170431
113.0810,-5208,-13.634513,-0.170431
113.0910,-5208,-13.634513,-0.170431
113.1010,-5208,-13.634513,-0.170431
113.1110,-5207,-13.631895,-0.170399
113.1210,-5207,-13.631895,-0.170399
113.1310,-5207,-13.631895,-0.170399
113.1410,-5207,-13.631895,-0.170399
113.1510,-5207,-13.631895,-0.170399
113.1610,-5207,-13.631895,-0.170399
113.1710,-5208,-13.634513,-0.170431
113.1810,-5208,-13.634513,-0.170431
113.1910,-5208,-13.634513,-0.170431
113.2010,-5208,-13.634513,-0.170431
113.2110,-5208,-13.634513,-0.170431
113.2210,-5208,-13.634513,-0.170431
113.2310,-5208,-13.634513,-0.170431
113.2410,-5208,-13.634513,-0.170431
113.2510,-5208,-13.634513,-0.170431
113.2610,-5208,-13.634513,-0.170431
113.2710,-5207,-13.631895,-0.170399
113.2810,-5207,-13.631895,-0.170399
113.2910,-5207,-13.631895,-0.170399
113.3010,-5208,-13.634513,-0.170431
113.3110,-5208,-13.634513,-0.170431
113.3210,-5208,-13.634513,-0.170431
113.3310,-5208,-13.634513,-0.170431
113.3410,-5208,-13.634513,-0.170431
113.3510,-5208,-13.634513,-0.170431
113.3610,-5208,-13.634513,-0.170431
113.3720,-5208,-13.634513,-0.170431
113.3810,-5208,-13.634513,-0.170431
113.3910,-5208,-13.634513,-0.170431
113.4010,-5208,-13.634513,-0.170431
113.4110,-5208,-13.634513,-0.170431
113.4210,-5208,-13.634513,-0.170431
113.4310,-5208,-13.634513,-0.170431
113.4410,-5209,-13.637130,-0.170464
113.4510,-5209,-13.637130,-0.170464
113.4610,-5209,-13.637130,-0.170464
113.4710,-5209,-13.637130,-0.170464
113.4810,-5209,-13.637130,-0.170464
113.4910,-5209,-13.637130,-0.170464
113.5010,-5209,-13.637130,-0.170464
113.5110,-5209,-13.637130,-0.170464
113.5210,-5209,-13.637130,-0.170464
113.5310,-5209,-13.637130,-0.170464
113.5410,-5209,-13.637130,-0.170464
113.5510,-5209,-13.637130,-0.170464
113.5610,-5209,-13.637130,-0.170464
113.5710,-5209,-13.637130,-0.170464
113.5810,-5209,-13.637130,-0.170464
113.5910,-5209,-13.637130,-0.170464
113.6010,-5209,-13.637130,-0.170464
113.6110,-5209,-13.637130,-0.170464
113.6210,-5209,-13.637130,-0.170464
113.6310,-5209,-13.637130,-0.170464
113.6410,-5209,-13.637130,-0.170464
113.6510,-5209,-13.637130,-0.170464
113.6610,-5209,-13.637130,-0.170464
113.6710,-5209,-13.637130,-0.170464
113.6810,-5209,-13.637130,-0.170464
113.6910,-5209,-13.637130,-0.170464
113.7010,-5209,-13.637130,-0.170464
113.7110,-5209,-13.637130,-0.170464
113.7210,-5209,-13.637130,-0.170464
113.7310,-5209,-13.637130,-0.170464
113.7410,-5210,-13.639749,-0.170497
113.7510,-5210,-13.639749,-0.170497
113.7610,-5210,-13.639749,-0.170497
113.7710,-5210,-13.639749,-0.170497
113.7810,-5210,-13.639749,-0.170497
113.7910,-5210,-13.639749,-0.170497
113.8010,-5210,-13.639749,-0.170497
113.8110,-5210,-13.639749,-0.170497
113.8210,-5210,-13.639749,-0.170497
113.8310,-5209,-13.637130,-0.170464
113.8410,-5209,-13.637130,-0.170464
113.8510,-5209,-13.637130,-0.170464
113.8610,-5210,-13.639749,-0.170497
113.8710,-5210,-13.639749,-0.170497
113.8810,-5210,-13.639749,-0.170497
113.8910,-5210,-13.639749,-0.170497
113.9010,-5210,-13.639749,-0.170497
113.9110,-5210,-13.639749,-0.170497
113.9210,-5210,-13.639749,-0.170497
113.9310,-5210,-13.639749,-0.170497
113.9410,-5210,-13.639749,-0.170497
113.9510,-5210,-13.639749,-0.170497
113.9610,-5210,-13.639749,-0.170497
113.9710,-5210,-13.639749,-0.170497
113.9810,-5210,-13.639749,-0.170497
113.9910,-5210,-13.639749,-0.170497
114.0010,-5210,-13.639749,-0.170497
114.0120,-5210,-13.639749,-0.170497
114.0210,-5211,-13.642368,-0.170530
114.0310,-5211,-13.642368,-0.170530
114.0410,-5211,-13.642368,-0.170530
114.0510,-5211,-13.642368,-0.170530
114.0610,-5211,-13.642368,-0.170530
114.0710,-5211,-13.642368,-0.170530
114.0810,-5211,-13.642368,-0.170530
114.0910,-5211,-13.642368,-0.170530
114.1010,-5211,-13.642368,-0.170530
114.1110,-5211,-13.642368,-0.170530
114.1210,-5211,-13.642368,-0.170530
114.1310,-5211,-13.642368,-0.170530
114.1410,-5211,-13.642368,-0.170530
114.1510,-5211,-13.642368,-0.170530
114.1610,-5212,-13.644985,-0.170562
114.1710,-5212,-13.644985,-0.170562
114.1810,-5212,-13.644985,-0.170562
114.1910,-5212,-13.644985,-0.170562
114.2010,-5212,-13.644985,-0.170562
114.2110,-5212,-13.644985,-0.170562
114.2210,-5212,-13.644985,-0.170562
114.2310,-5212,-13.644985,-0.170562
114.2410,-5211,-13.642368,-0.170530
114.2510,-5211,-13.642368,-0.170530
114.2610,-5211,-13.642368,-0.170530
114.2710,-5212,-13.644985,-0.170562
114.2810,-5212,-13.644985,-0.170562
114.2910,-5212,-13.644985,-0.170562
114.3010,-5213,-13.647603,-0.170595
114.3110,-5213,-13.647603,-0.170595
114.3210,-5213,-13.647603,-0.170595
114.3310,-5213,-13.647603,-0.170595
114.3410,-5213,-13.647603,-0.170595
114.3510,-5213,-13.647603,-0.170595
114.3610,-5213,-13.647603,-0.170595
114.3710,-5213,-13.647603,-0.170595
114.3810,-5212,-13.644985,-0.170562
114.3910,-5212,-13.644985,-0.170562
114.4010,-5212,-13.644985,-0.170562
114.4110,-5213,-13.647603,-0.170595
114.4210,-5213,-13.647603,-0.170595
114.4310,-5213,-13.647603,-0.170595
114.4410,-5213,-13.647603,-0.170595
114.4510,-5214,-13.650220,-0.170628
114.4610,-5214,-13.650220,-0.170628
114.4710,-5214,-13.650220,-0.170628
114.4810,-5214,-13.650220,-0.170628
114.4910,-5214,-13.650220,-0.170628
114.5010,-5213,-13.647603,-0.170595
114.5110,-5213,-13.647603,-0.170595
114.5210,-5213,-13.647603,-0.170595
114.5310,-5213,-13.647603,-0.170595
114.5410,-5213,-13.647603,-0.170595
114.5510,-5214,-13.650220,-0.170628
114.5610,-5214,-13.650220,-0.170628
114.5710,-5214,-13.650220,-0.170628
114.5810,-5214,-13.650220,-0.170628
114.5910,-5214,-13.650220,-0.170628
114.6010,-5214,-13.650220,-0.170628
114.6110,-5214,-13.650220,-0.170628
114.6210,-5214,-13.650220,-0.170628
114.6310,-5214,-13.650220,-0.170628
114.6410,-5214,-13.650220,-0.170628
114.6520,-5214,-13.650220,-0.170628
114.6610,-5214,-13.650220,-0.170628
114.6710,-5214,-13.650220,-0.170628
114.6810,-5214,-13.650220,-0.170628
114.6910,-5214,-13.650220,-0.170628
114.7010,-5214,-13.650220,-0.170628
114.7110,-5215,-13.652839,-0.170660
114.7210,-5215,-13.652839,-0.170660
114.7310,-5215,-13.652839,-0.170660
114.7410,-5215,-13.652839,-0.170660
114.7510,-5215,-13.652839,-0.170660
114.7610,-5215,-13.652839,-0.170660
114.7710,-5215,-13.652839,-0.170660
114.7810,-5214,-13.650220,-0.170628
114.7910,-5214,-13.650220,-0.170628
114.8010,-5214,-13.650220,-0.170628
114.8110,-5214,-13.650220,-0.170628
114.8210,-5214,-13.650220,-0.170628
114.8310,-5215,-13.652839,-0.170660
114.8410,-5215,-13.652839,-0.170660
114.8510,-5215,-13.652839,-0.170660
114.8610,-5215,-13.652839,-0.170660
114.8710,-5215,-13.652839,-0.170660
114.8810,-5216,-13.655457,-0.170693
114.8910,-5216,-13.655457,-0.170693
114.9010,-5215,-13.652839,-0.170660
114.9110,-5215,-13.652839,-0.170660
114.9210,-5215,-13.652839,-0.170660
114.9310,-5215,-13.652839,-0.170660
114.9410,-5215,-13.652839,-0.170660
114.9510,-5215,-13.652839,-0.170660
114.9610,-5215,-13.652839,-0.170660
114.9710,-5215,-13.652839,-0.170660
114.9810,-5215,-13.652839,-0.170660
114.9910,-5216,-13.655457,-0.170693
115.0010,-5216,-13.655457,-0.170693
115.0110,-5216,-13.655457,-0.170693
115.0210,-5216,-13.655457,-0.170693
115.0310,-5216,-13.655457,-0.170693
115.0410,-5216,-13.655457,-0.170693
115.0510,-5216,-13.655457,-0.170693
115.0610,-5216,-13.655457,-0.170693
115.0710,-5216,-13.655457,-0.170693
115.0810,-5215,-13.652839,-0.170660
115.0910,-5216,-13.655457,-0.170693
115.1010,-5216,-13.655457,-0.170693
115.1110,-5216,-13.655457,-0.170693
115.1210,-5216,-13.655457,-0.170693
115.1310,-5217,-13.658075,-0.170726
115.1410,-5217,-13.658075,-0.170726
115.1510,-5217,-13.658075,-0.170726
115.1610,-5217,-13.658075,-0.170726
115.1710,-5217,-13.658075,-0.170726
115.1810,-5217,-13.658075,-0.170726
115.1910,-5217,-13.658075,-0.170726
115.2010,-5216,-13.655457,-0.170693
115.2110,-5216,-13.655457,-0.170693
115.2210,-5216,-13.655457,-0.170693
115.2310,-5216,-13.655457,-0.170693
115.2410,-5216,-13.655457,-0.170693
115.2510,-5217,-13.658075,-0.170726
115.2610,-5217,-13.658075,-0.170726
115.2710,-5217,-13.658075,-0.170726
115.2810,-5217,-13.658075,-0.170726
115.2920,-5217,-13.658075,-0.170726
115.3010,-5217,-13.658075,-0.170726
115.3110,-5217,-13.658075,-0.170726
115.3210,-5217,-13.658075,-0.170726
115.3310,-5217,-13.658075,-0.170726
115.3410,-5217,-13.658075,-0.170726
115.3510,-5217,-13.658075,-0.170726
115.3610,-5217,-13.658075,-0.170726
115.3710,-5217,-13.658075,-0.170726
115.3810,-5217,-13.658075,-0.170726
115.3910,-5217,-13.658075,-0.170726
115.4010,-5217,-13.658075,-0.170726
115.4110,-5218,-13.660693,-0.170759
115.4210,-5218,-13.660693,-0.170759
115.4310,-5218,-13.660693,-0.170759
115.4410,-5218,-13.660693,-0.170759
115.4510,-5218,-13.660693,-0.170759
115.4610,-5218,-13.660693,-0.170759
115.4710,-5217,-13.658075,-0.170726
115.4810,-5217,-13.658075,-0.170726
115.4910,-5217,-13.658075,-0.170726
115.5010,-5217,-13.658075,-0.170726
115.5110,-5217,-13.658075,-0.170726
115.5210,-5218,-13.660693,-0.170759
115.5310,-5218,-13.660693,-0.170759
115.5410,-5218,-13.660693,-0.170759
115.5510,-5218,-13.660693,-0.170759
115.5610,-5218,-13.660693,-0.170759
115.5710,-5218,-13.660693,-0.170759
115.5810,-5218,-13.660693,-0.170759
115.5910,-5218,-13.660693,-0.170759
115.6010,-5218,-13.660693,-0.170759
115.6110,-5218,-13.660693,-0.170759
115.6210,-5218,-13.660693,-0.170759
115.6310,-5218,-13.660693,-0.170759
115.6410,-5218,-13.660693,-0.170759
115.6510,-5218,-13.660693,-0.170759
115.6610,-5218,-13.660693,-0.170759
115.6710,-5218,-13.660693,-0.170759
115.6810,-5219,-13.663311,-0.170791
115.6910,-5219,-13.663311,-0.170791
115.7010,-5219,-13.663311,-0.170791
115.7110,-5219,-13.663311,-0.170791
115.7210,-5219,-13.663311,-0.170791
115.7310,-5219,-13.663311,-0.170791
115.7410,-5219,-13.663311,-0.170791
115.7510,-5219,-13.663311,-0.170791
115.7610,-5219,-13.663311,-0.170791
115.7710,-5218,-13.660693,-0.170759
115.7810,-5218,-13.660693,-0.170759
115.7910,-5218,-13.660693,-0.170759
115.8010,-5219,-13.663311,-0.170791
115.8110,-5219,-13.663311,-0.170791
115.8210,-5219,-13.663311,-0.170791
115.8310,-5219,-13.663311,-0.170791
115.8410,-5219,-13.663311,-0.170791
115.8510,-5219,-13.663311,-0.170791
115.8610,-5219,-13.663311,-0.170791
115.8710,-5219,-13.663311,-0.170791
115.8810,-5219,-13.663311,-0.170791
115.8910,-5219,-13.663311,-0.170791
115.9010,-5219,-13.663311,-0.170791
115.9110,-5219,-13.663311,-0.170791
115.9210,-5219,-13.663311,-0.170791
115.9320,-5219,-13.663311,-0.170791
115.9410,-5219,-13.663311,-0.170791
115.9510,-5219,-13.663311,-0.170791
115.9610,-5220,-13.665928,-0.170824
115.9710,-5220,-13.665928,-0.170824
115.9810,-5220,-13.665928,-0.170824
115.9910,-5220,-13.665928,-0.170824
116.0010,-5220,-13.665928,-0.170824
116.0110,-5220,-13.665928,-0.170824
116.0210,-5220,-13.665928,-0.170824
116.0310,-5220,-13.665928,-0.170824
116.0410,-5220,-13.665928,-0.170824
116.0510,-5219,-13.663311,-0.170791
116.0610,-5219,-13.663311,-0.170791
116.0710,-5219,-13.663311,-0.170791
116.0810,-5220,-13.665928,-0.170824
116.0910,-5220,-13.665928,-0.170824
116.1010,-5221,-13.668547,-0.170857
116.1110,-5221,-13.668547,-0.170857
116.1210,-5221,-13.668547,-0.170857
116.1310,-5221,-13.668547,-0.170857
116.1410,-5221,-13.668547,-0.170857
116.1510,-5221,-13.668547,-0.170857
116.1610,-5221,-13.668547,-0.170857
116.1710,-5220,-13.665928,-0.170824
116.1810,-5220,-13.665928,-0.170824
116.1910,-5220,-13.665928,-0.170824
116.2010,-5220,-13.665928,-0.170824
116.2110,-5220,-13.665928,-0.170824
116.2210,-5221,-13.668547,-0.170857
116.2310,-5221,-13.668547,-0.170857
116.2410,-5221,-13.668547,-0.170857
116.2510,-5222,-13.671164,-0.170890
116.2610,-5222,-13.671164,-0.170890
116.2710,-5222,-13.671164,-0.170890
116.2810,-5222,-13.671164,-0.170890
116.2910,-5222,-13.671164,-0.170890
116.3010,-5222,-13.671164,-0.170890
116.3110,-5222,-13.671164,-0.170890
116.3210,-5222,-13.671164,-0.170890
116.3310,-5222,-13.671164,-0.170890
116.3410,-5222,-13.671164,-0.170890
116.3510,-5222,-13.671164,-0.170890
116.3610,-5223,-13.673783,-0.170922
116.3710,-5223,-13.673783,-0.170922
116.3810,-5224,-13.676402,-0.170955
116.3910,-5224,-13.676402,-0.170955
116.4010,-5224,-13.676402,-0.170955
116.4110,-5224,-13.676402,-0.170955
116.4210,-5224,-13.676402,-0.170955
116.4310,-5224,-13.676402,-0.170955
116.4410,-5224,-13.676402,-0.170955
116.4510,-5224,-13.676402,-0.170955
116.4610,-5224,-13.676402,-0.170955
116.4710,-5224,-13.676402,-0.170955
116.4810,-5224,-13.676402,-0.170955
116.4910,-5224,-13.676402,-0.170955
116.5010,-5224,-13.676402,-0.170955
116.5110,-5225,-13.679018,-0.170988
116.5210,-5225,-13.679018,-0.170988
116.5310,-5226,-13.681637,-0.171020
116.5410,-5226,-13.681637,-0.171020
116.5510,-5226,-13.681637,-0.171020
116.5610,-5226,-13.681637,-0.171020
116.5720,-5226,-13.681637,-0.171020
116.5810,-5226,-13.681637,-0.171020
116.5910,-5226,-13.681637,-0.171020
116.6010,-5225,-13.679018,-0.170988
116.6110,-5225,-13.679018,-0.170988
116.6210,-5225,-13.679018,-0.170988
116.6310,-5226,-13.681637,-0.171020
116.6410,-5226,-13.681637,-0.171020
116.6510,-5227,-13.684255,-0.171053
116.6610,-5227,-13.684255,-0.171053
116.6710,-5228,-13.686873,-0.171086
116.6810,-5228,-13.686873,-0.171086
116.6910,-5228,-13.686873,-0.171086
116.7010,-5228,-13.686873,-0.171086
116.7110,-5228,-13.686873,-0.171086
116.7210,-5228,-13.686873,-0.171086
116.7310,-5227,-13.684255,-0.171053
116.7410,-5227,-13.684255,-0.171053
116.7510,-5227,-13.684255,-0.171053
116.7610,-5227,-13.684255,-0.171053
116.7710,-5227,-13.684255,-0.171053
116.7810,-5228,-13.686873,-0.171086
116.7910,-5228,-13.686873,-0.171086
116.8010,-5229,-13.689491,-0.171119
116.8110,-5229,-13.689491,-0.171119
116.8210,-5229,-13.689491,-0.171119
116.8310,-5229,-13.689491,-0.171119
116.8410,-5229,-13.689491,-0.171119
116.8510,-5229,-13.689491,-0.171119
116.8610,-5229,-13.689491,-0.171119
116.8710,-5229,-13.689491,-0.171119
116.8810,-5228,-13.686873,-0.171086
116.8910,-5228,-13.686873,-0.171086
116.9010,-5228,-13.686873,-0.171086
116.9110,-5229,-13.689491,-0.171119
116.9210,-5229,-13.689491,-0.171119
116.9310,-5230,-13.692108,-0.171151
116.9410,-5230,-13.692108,-0.171151
116.9510,-5231,-13.694726,-0.171184
116.9610,-5231,-13.694726,-0.171184
116.9710,-5231,-13.694726,-0.171184
116.9810,-5231,-13.694726,-0.171184
116.9910,-5231,-13.694726,-0.171184
117.0010,-5230,-13.692108,-0.171151
117.0110,-5230,-13.692108,-0.171151
117.0210,-5230,-13.692108,-0.171151
117.0310,-5230,-13.692108,-0.171151
117.0410,-5230,-13.692108,-0.171151
117.0510,-5230,-13.692108,-0.171151
117.0610,-5230,-13.692108,-0.171151
117.0710,-5231,-13.694726,-0.171184
117.0810,-5231,-13.694726,-0.171184
117.0910,-5232,-13.697345,-0.171217
117.1010,-5232,-13.697345,-0.171217
117.1110,-5232,-13.697345,-0.171217
117.1210,-5232,-13.697345,-0.171217
117.1310,-5232,-13.697345,-0.171217
117.1410,-5231,-13.694726,-0.171184
117.1510,-5231,-13.694726,-0.171184
117.1610,-5231,-13.694726,-0.171184
117.1710,-5231,-13.694726,-0.171184
117.1810,-5231,-13.694726,-0.171184
117.1910,-5231,-13.694726,-0.171184
117.2010,-5232,-13.697345,-0.171217
117.2120,-5232,-13.697345,-0.171217
117.2210,-5233,-13.699962,-0.171250
117.2310,-5233,-13.699962,-0.171250
117.2410,-5233,-13.699962,-0.171250
117.2510,-5233,-13.699962,-0.171250
117.2610,-5233,-13.699962,-0.171250
117.2710,-5233,-13.699962,-0.171250
117.2810,-5233,-13.699962,-0.171250
117.2910,-5232,-13.697345,-0.171217
117.3010,-5232,-13.697345,-0.171217
117.3110,-5232,-13.697345,-0.171217
117.3210,-5232,-13.697345,-0.171217
117.3310,-5233,-13.699962,-0.171250
117.3410,-5233,-13.699962,-0.171250
117.3510,-5233,-13.699962,-0.171250
117.3610,-5234,-13.702581,-0.171282
117.3710,-5234,-13.702581,-0.171282
117.3810,-5234,-13.702581,-0.171282
117.3910,-5234,-13.702581,-0.171282
117.4010,-5234,-13.702581,-0.171282
117.4110,-5234,-13.702581,-0.171282
117.4210,-5233,-13.699962,-0.171250
117.4310,-5233,-13.699962,-0.171250
117.4410,-5233,-13.699962,-0.171250
117.4510,-5233,-13.699962,-0.171250
117.4610,-5233,-13.699962,-0.171250
117.4710,-5234,-13.702581,-0.171282
117.4810,-5234,-13.702581,-0.171282
117.4910,-5235,-13.705200,-0.171315
117.5010,-5235,-13.705200,-0.171315
117.5110,-5236,-13.707817,-0.171348
117.5210,-5236,-13.707817,-0.171348
117.5310,-5236,-13.707817,-0.171348
117.5410,-5236,-13.707817,-0.171348
117.5510,-5235,-13.705200,-0.171315
117.5610,-5235,-13.705200,-0.171315
117.5710,-5235,-13.705200,-0.171315
117.5810,-5235,-13.705200,-0.171315
117.5910,-5235,-13.705200,-0.171315
117.6010,-5235,-13.705200,-0.171315
117.6110,-5236,-13.707817,-0.171348
117.6210,-5237,-13.710435,-0.171380
117.6310,-5238,-13.713052,-0.171413
117.6410,-5238,-13.713052,-0.171413
117.6510,-5239,-13.715671,-0.171446
117.6610,-5239,-13.715671,-0.171446
117.6710,-5240,-13.718289,-0.171479
117.6810,-5240,-13.718289,-0.171479
117.6910,-5240,-13.718289,-0.171479
117.7010,-5240,-13.718289,-0.171479
117.7110,-5240,-13.718289,-0.171479
117.7210,-5240,-13.718289,-0.171479
117.7310,-5240,-13.718289,-0.171479
117.7410,-5241,-13.720906,-0.171511
117.7510,-5243,-13.726143,-0.171577
117.7610,-5244,-13.728760,-0.171610
117.7710,-5245,-13.731379,-0.171642
117.7810,-5247,-13.736615,-0.171708
117.7910,-5248,-13.739233,-0.171740
117.8010,-5250,-13.744469,-0.171806
117.8110,-5251,-13.747087,-0.171839
117.8210,-5253,-13.752323,-0.171904
117.8310,-5255,-13.757558,-0.171969
117.8410,-5259,-13.768032,-0.172100
117.8520,-5262,-13.775885,-0.172199
117.8610,-5267,-13.788975,-0.172362
117.8710,-5271,-13.799447,-0.172493
117.8810,-5277,-13.815155,-0.172689
117.8910,-5286,-13.838717,-0.172984
117.9010,-5297,-13.867514,-0.173344
117.9110,-5317,-13.919875,-0.173998
117.9210,-5334,-13.964381,-0.174555
117.9310,-5353,-14.014122,-0.175177
117.9410,-5369,-14.056011,-0.175700
117.9510,-5389,-14.108369,-0.176355
117.9610,-5410,-14.163348,-0.177042
117.9710,-5431,-14.218325,-0.177729
117.9810,-5452,-14.273304,-0.178416
117.9910,-5478,-14.341371,-0.179267
118.0010,-5497,-14.391114,-0.179889
118.0110,-5514,-14.435619,-0.180445
118.0210,-5533,-14.485361,-0.181067
118.0310,-5551,-14.532485,-0.181656
118.0410,-5568,-14.576991,-0.182212
118.0510,-5585,-14.621497,-0.182769
118.0610,-5600,-14.660766,-0.183260
118.0710,-5611,-14.689564,-0.183620
118.0810,-5623,-14.720981,-0.184012
118.0910,-5635,-14.752396,-0.184405
118.1010,-5647,-14.783813,-0.184798
118.1110,-5655,-14.804757,-0.185059
118.1210,-5661,-14.820465,-0.185256
118.1310,-5663,-14.825700,-0.185321
118.1410,-5665,-14.830936,-0.185387
118.1510,-5665,-14.830936,-0.185387
118.1610,-5667,-14.836172,-0.185452
118.1710,-5666,-14.833555,-0.185419
118.1810,-5665,-14.830936,-0.185387
118.1910,-5665,-14.830936,-0.185387
118.2010,-5664,-14.828317,-0.185354
118.2110,-5664,-14.828317,-0.185354
118.2210,-5665,-14.830936,-0.185387
118.2310,-5665,-14.830936,-0.185387
118.2410,-5666,-14.833555,-0.185419
118.2510,-5667,-14.836172,-0.185452
118.2610,-5669,-14.841409,-0.185518
118.2710,-5669,-14.841409,-0.185518
118.2810,-5670,-14.844026,-0.185550
118.2910,-5670,-14.844026,-0.185550
118.3010,-5671,-14.846645,-0.185583
118.3110,-5670,-14.844026,-0.185550
118.3210,-5670,-14.844026,-0.185550
118.3310,-5669,-14.841409,-0.185518
118.3410,-5669,-14.841409,-0.185518
118.3510,-5669,-14.841409,-0.185518
118.3610,-5670,-14.844026,-0.185550
118.3710,-5670,-14.844026,-0.185550
118.3810,-5671,-14.846645,-0.185583
118.3910,-5671,-14.846645,-0.185583
118.4010,-5672,-14.849262,-0.185616
118.4110,-5672,-14.849262,-0.185616
118.4210,-5672,-14.849262,-0.185616
118.4310,-5672,-14.849262,-0.185616
118.4410,-5673,-14.851880,-0.185648
118.4510,-5673,-14.851880,-0.185648
118.4610,-5673,-14.851880,-0.185648
118.4710,-5673,-14.851880,-0.185648
118.4810,-5673,-14.851880,-0.185648
118.4920,-5673,-14.851880,-0.185648
118.5010,-5673,-14.851880,-0.185648
118.5110,-5674,-14.854498,-0.185681
118.5210,-5674,-14.854498,-0.185681
118.5310,-5674,-14.854498,-0.185681
118.5410,-5674,-14.854498,-0.185681
118.5510,-5674,-14.854498,-0.185681
118.5610,-5674,-14.854498,-0.185681
118.5710,-5674,-14.854498,-0.185681
118.5810,-5674,-14.854498,-0.185681
118.5910,-5674,-14.854498,-0.185681
118.6010,-5674,-14.854498,-0.185681
118.6110,-5675,-14.857115,-0.185714
118.6210,-5675,-14.857115,-0.185714
118.6310,-5675,-14.857115,-0.185714
118.6410,-5675,-14.857115,-0.185714
118.6510,-5676,-14.859734,-0.185747
118.6610,-5676,-14.859734,-0.185747
118.6710,-5676,-14.859734,-0.185747
118.6810,-5676,-14.859734,-0.185747
118.6910,-5675,-14.857115,-0.185714
118.7010,-5675,-14.857115,-0.185714
118.7110,-5675,-14.857115,-0.185714
118.7210,-5676,-14.859734,-0.185747
118.7310,-5676,-14.859734,-0.185747
118.7410,-5676,-14.859734,-0.185747
118.7510,-5676,-14.859734,-0.185747
118.7610,-5677,-14.862353,-0.185779
118.7710,-5677,-14.862353,-0.185779
118.7810,-5677,-14.862353,-0.185779
118.7910,-5677,-14.862353,-0.185779
118.8010,-5677,-14.862353,-0.185779
118.8110,-5677,-14.862353,-0.185779
118.8210,-5677,-14.862353,-0.185779
118.8310,-5677,-14.862353,-0.185779
118.8410,-5677,-14.862353,-0.185779
118.8510,-5677,-14.862353,-0.185779
118.8610,-5677,-14.862353,-0.185779
118.8710,-5677,-14.862353,-0.185779
118.8810,-5677,-14.862353,-0.185779
118.8910,-5678,-14.864970,-0.185812
118.9010,-5678,-14.864970,-0.185812
118.9110,-5678,-14.864970,-0.185812
118.9210,-5678,-14.864970,-0.185812
118.9310,-5678,-14.864970,-0.185812
118.9410,-5678,-14.864970,-0.185812
118.9510,-5678,-14.864970,-0.185812
118.9610,-5678,-14.864970,-0.185812
118.9710,-5677,-14.862353,-0.185779
118.9810,-5677,-14.862353,-0.185779
118.9910,-5678,-14.864970,-0.185812
119.0010,-5678,-14.864970,-0.185812
119.0110,-5678,-14.864970,-0.185812
119.0210,-5678,-14.864970,-0.185812
119.0310,-5679,-14.867588,-0.185845
119.0410,-5679,-14.867588,-0.185845
119.0510,-5679,-14.867588,-0.185845
119.0610,-5679,-14.867588,-0.185845
119.0710,-5679,-14.867588,-0.185845
119.0810,-5679,-14.867588,-0.185845
119.0910,-5679,-14.867588,-0.185845
119.1010,-5679,-14.867588,-0.185845
119.1110,-5679,-14.867588,-0.185845
119.1210,-5678,-14.864970,-0.185812
119.1320,-5679,-14.867588,-0.185845
119.1410,-5679,-14.867588,-0.185845
119.1510,-5679,-14.867588,-0.185845
119.1610,-5679,-14.867588,-0.185845
119.1710,-5680,-14.870205,-0.185878
119.1810,-5680,-14.870205,-0.185878
119.1910,-5680,-14.870205,-0.185878
119.2010,-5680,-14.870205,-0.185878
119.2110,-5680,-14.870205,-0.185878
119.2210,-5680,-14.870205,-0.185878
119.2310,-5680,-14.870205,-0.185878
119.2410,-5679,-14.867588,-0.185845
119.2510,-5679,-14.867588,-0.185845
119.2610,-5679,-14.867588,-0.185845
119.2710,-5680,-14.870205,-0.185878
119.2810,-5680,-14.870205,-0.185878
119.2910,-5680,-14.870205,-0.185878
119.3010,-5681,-14.872824,-0.185910
119.3110,-5681,-14.872824,-0.185910
119.3210,-5681,-14.872824,-0.185910
119.3310,-5681,-14.872824,-0.185910
119.3410,-5681,-14.872824,-0.185910
119.3510,-5681,-14.872824,-0.185910
119.3610,-5681,-14.872824,-0.185910
119.3710,-5681,-14.872824,-0.185910
119.3810,-5680,-14.870205,-0.185878
119.3910,-5680,-14.870205,-0.185878
119.4010,-5680,-14.870205,-0.185878
119.4110,-5681,-14.872824,-0.185910
119.4210,-5681,-14.872824,-0.185910
119.4310,-5681,-14.872824,-0.185910
119.4410,-5681,-14.872824,-0.185910
119.4510,-5682,-14.875443,-0.185943
119.4610,-5682,-14.875443,-0.185943
119.4710,-5682,-14.875443,-0.185943
119.4810,-5682,-14.875443,-0.185943
119.4910,-5682,-14.875443,-0.185943
119.5010,-5682,-14.875443,-0.185943
119.5110,-5681,-14.872824,-0.185910
119.5210,-5681,-14.872824,-0.185910
119.5310,-5681,-14.872824,-0.185910
119.5410,-5681,-14.872824,-0.185910
119.5510,-5682,-14.875443,-0.185943
119.5610,-5682,-14.875443,-0.185943
119.5710,-5682,-14.875443,-0.185943
119.5810,-5682,-14.875443,-0.185943
119.5910,-5683,-14.878060,-0.185976
119.6010,-5683,-14.878060,-0.185976
119.6110,-5683,-14.878060,-0.185976
119.6210,-5683,-14.878060,-0.185976
119.6310,-5683,-14.878060,-0.185976
119.6410,-5683,-14.878060,-0.185976
119.6510,-5682,-14.875443,-0.185943
119.6610,-5682,-14.875443,-0.185943
119.6710,-5682,-14.875443,-0.185943
119.6810,-5682,-14.875443,-0.185943
119.6910,-5683,-14.878060,-0.185976
119.7010,-5683,-14.878060,-0.185976
119.7110,-5683,-14.878060,-0.185976
119.7210,-5683,-14.878060,-0.185976
119.7310,-5684,-14.880678,-0.186008
119.7410,-5684,-14.880678,-0.186008
119.7510,-5684,-14.880678,-0.186008
119.7610,-5684,-14.880678,-0.186008
119.7720,-5684,-14.880678,-0.186008
119.7810,-5684,-14.880678,-0.186008
119.7910,-5683,-14.878060,-0.185976
119.8010,-5683,-14.878060,-0.185976
119.8110,-5683,-14.878060,-0.185976
119.8210,-5683,-14.878060,-0.185976
119.8310,-5684,-14.880678,-0.186008
119.8410,-5684,-14.880678,-0.186008
119.8510,-5684,-14.880678,-0.186008
119.8610,-5685,-14.883296,-0.186041
119.8710,-5685,-14.883296,-0.186041
119.8810,-5685,-14.883296,-0.186041
119.8910,-5685,-14.883296,-0.186041
119.9010,-5685,-14.883296,-0.186041
119.9110,-5685,-14.883296,-0.186041
119.9210,-5685,-14.883296,-0.186041
119.9310,-5684,-14.880678,-0.186008
119.9410,-5684,-14.880678,-0.186008
119.9510,-5684,-14.880678,-0.186008
119.9610,-5685,-14.883296,-0.186041
119.9710,-5685,-14.883296,-0.186041
119.9810,-5685,-14.883296,-0.186041
119.9910,-5685,-14.883296,-0.186041
120.0010,-5686,-14.885913,-0.186074
120.0110,-5686,-14.885913,-0.186074
120.0210,-5686,-14.885913,-0.186074
120.0310,-5686,-14.885913,-0.186074
120.0410,-5686,-14.885913,-0.186074
120.0510,-5686,-14.885913,-0.186074
120.0610,-5686,-14.885913,-0.186074
120.0710,-5685,-14.883296,-0.186041
120.0810,-5685,-14.883296,-0.186041
120.0910,-5685,-14.883296,-0.186041
120.1010,-5686,-14.885913,-0.186074
120.1110,-5686,-14.885913,-0.186074
120.1210,-5686,-14.885913,-0.186074
120.1310,-5687,-14.888532,-0.186107
120.1410,-5687,-14.888532,-0.186107
120.1510,-5687,-14.888532,-0.186107
120.1610,-5687,-14.888532,-0.186107
120.1710,-5687,-14.888532,-0.186107
120.1810,-5687,-14.888532,-0.186107
120.1910,-5687,-14.888532,-0.186107
120.2010,-5687,-14.888532,-0.186107
120.2110,-5687,-14.888532,-0.186107
120.2210,-5687,-14.888532,-0.186107
120.2310,-5687,-14.888532,-0.186107
120.2410,-5687,-14.888532,-0.186107
120.2510,-5687,-14.888532,-0.186107
120.2610,-5688,-14.891149,-0.186139
120.2710,-5688,-14.891149,-0.186139
120.2810,-5689,-14.893768,-0.186172
120.2910,-5689,-14.893768,-0.186172
120.3010,-5690,-14.896387,-0.186205
120.3110,-5691,-14.899003,-0.186238
120.3210,-5692,-14.901622,-0.186270
120.3310,-5693,-14.904241,-0.186303
120.3410,-5694,-14.906858,-0.186336
120.3510,-5694,-14.906858,-0.186336
120.3610,-5696,-14.912094,-0.186401
120.3710,-5696,-14.912094,-0.186401
120.3810,-5698,-14.917330,-0.186467
120.3910,-5699,-14.919947,-0.186499
120.4010,-5700,-14.922566,-0.186532
120.4120,-5700,-14.922566,-0.186532
120.4210,-5700,-14.922566,-0.186532
120.4310,-5700,-14.922566,-0.186532
120.4410,-5700,-14.922566,-0.186532
120.4510,-5700,-14.922566,-0.186532
120.4610,-5700,-14.922566,-0.186532
120.4710,-5700,-14.922566,-0.186532
120.4810,-5700,-14.922566,-0.186532
120.4910,-5700,-14.922566,-0.186532
120.5010,-5700,-14.922566,-0.186532
120.5110,-5700,-14.922566,-0.186532
120.5210,-5702,-14.927802,-0.186598
120.5310,-5702,-14.927802,-0.186598
120.5410,-5703,-14.930420,-0.186630
120.5510,-5703,-14.930420,-0.186630
120.5610,-5704,-14.933038,-0.186663
120.5710,-5704,-14.933038,-0.186663
120.5810,-5704,-14.933038,-0.186663
120.5910,-5704,-14.933038,-0.186663
120.6010,-5704,-14.933038,-0.186663
120.6110,-5704,-14.933038,-0.186663
120.6210,-5704,-14.933038,-0.186663
120.6310,-5704,-14.933038,-0.186663
120.6410,-5704,-14.933038,-0.186663
120.6510,-5704,-14.933038,-0.186663
120.6610,-5705,-14.935656,-0.186696
120.6710,-5705,-14.935656,-0.186696
120.6810,-5706,-14.938274,-0.186728
120.6910,-5706,-14.938274,-0.186728
120.7010,-5707,-14.940892,-0.186761
120.7110,-5707,-14.940892,-0.186761
120.7210,-5707,-14.940892,-0.186761
120.7310,-5707,-14.940892,-0.186761
120.7410,-5707,-14.940892,-0.186761
120.7510,-5706,-14.938274,-0.186728
120.7610,-5706,-14.938274,-0.186728
120.7710,-5706,-14.938274,-0.186728
120.7810,-5706,-14.938274,-0.186728
120.7910,-5706,-14.938274,-0.186728
120.8010,-5707,-14.940892,-0.186761
120.8110,-5707,-14.940892,-0.186761
120.8210,-5707,-14.940892,-0.186761
120.8310,-5708,-14.943510,-0.186794
120.8410,-5708,-14.943510,-0.186794
120.8510,-5708,-14.943510,-0.186794
120.8610,-5708,-14.943510,-0.186794
120.8710,-5708,-14.943510,-0.186794
120.8810,-5708,-14.943510,-0.186794
120.8910,-5708,-14.943510,-0.186794
120.9010,-5707,-14.940892,-0.186761
120.9110,-5707,-14.940892,-0.186761
120.9210,-5707,-14.940892,-0.186761
120.9310,-5708,-14.943510,-0.186794
120.9410,-5708,-14.943510,-0.186794
120.9510,-5708,-14.943510,-0.186794
120.9610,-5709,-14.946128,-0.186827
120.9710,-5709,-14.946128,-0.186827
120.9810,-5709,-14.946128,-0.186827
120.9910,-5709,-14.946128,-0.186827
121.0010,-5709,-14.946128,-0.186827
121.0110,-5709,-14.946128,-0.186827
121.0210,-5709,-14.946128,-0.186827
121.0310,-5709,-14.946128,-0.186827
121.0410,-5709,-14.946128,-0.186827
121.0520,-5709,-14.946128,-0.186827
121.0610,-5709,-14.946128,-0.186827
121.0710,-5709,-14.946128,-0.186827
121.0810,-5709,-14.946128,-0.186827
121.0910,-5709,-14.946128,-0.186827
121.1010,-5710,-14.948745,-0.186859
121.1110,-5710,-14.948745,-0.186859
121.1210,-5710,-14.948745,-0.186859
121.1310,-5710,-14.948745,-0.186859
121.1410,-5710,-14.948745,-0.186859
121.1510,-5710,-14.948745,-0.186859
121.1610,-5710,-14.948745,-0.186859
121.1710,-5710,-14.948745,-0.186859
121.1810,-5709,-14.946128,-0.186827
121.1910,-5709,-14.946128,-0.186827
121.2010,-5709,-14.946128,-0.186827
121.2110,-5710,-14.948745,-0.186859
121.2210,-5710,-14.948745,-0.186859
121.2310,-5711,-14.951364,-0.186892
121.2410,-5711,-14.951364,-0.186892
121.2510,-5711,-14.951364,-0.186892
121.2610,-5711,-14.951364,-0.186892
121.2710,-5711,-14.951364,-0.186892
121.2810,-5711,-14.951364,-0.186892
121.2910,-5711,-14.951364,-0.186892
121.3010,-5711,-14.951364,-0.186892
121.3110,-5711,-14.951364,-0.186892
121.3210,-5711,-14.951364,-0.186892
121.3310,-5711,-14.951364,-0.186892
121.3410,-5711,-14.951364,-0.186892
121.3510,-5711,-14.951364,-0.186892
121.3610,-5711,-14.951364,-0.186892
121.3710,-5712,-14.953983,-0.186925
121.3810,-5712,-14.953983,-0.186925
121.3910,-5713,-14.956600,-0.186958
121.4010,-5713,-14.956600,-0.186958
121.4110,-5713,-14.956600,-0.186958
121.4210,-5713,-14.956600,-0.186958
121.4310,-5713,-14.956600,-0.186958
121.4410,-5713,-14.956600,-0.186958
121.4510,-5712,-14.953983,-0.186925
121.4610,-5712,-14.953983,-0.186925
121.4710,-5712,-14.953983,-0.186925
121.4810,-5712,-14.953983,-0.186925
121.4910,-5713,-14.956600,-0.186958
121.5010,-5713,-14.956600,-0.186958
121.5110,-5713,-14.956600,-0.186958
121.5210,-5713,-14.956600,-0.186958
121.5310,-5714,-14.959218,-0.186990
121.5410,-5714,-14.959218,-0.186990
121.5510,-5714,-14.959218,-0.186990
121.5610,-5714,-14.959218,-0.186990
121.5710,-5714,-14.959218,-0.186990
121.5810,-5714,-14.959218,-0.186990
121.5910,-5713,-14.956600,-0.186958
121.6010,-5713,-14.956600,-0.186958
121.6110,-5713,-14.956600,-0.186958
121.6210,-5713,-14.956600,-0.186958
121.6310,-5714,-14.959218,-0.186990
121.6410,-5714,-14.959218,-0.186990
121.6510,-5715,-14.961835,-0.187023
121.6610,-5715,-14.961835,-0.187023
121.6710,-5715,-14.961835,-0.187023
121.6810,-5715,-14.961835,-0.187023
121.6920,-5715,-14.961835,-0.187023
121.7010,-5715,-14.961835,-0.187023
121.7110,-5715,-14.961835,-0.187023
121.7210,-5715,-14.961835,-0.187023
121.7310,-5715,-14.961835,-0.187023
121.7410,-5714,-14.959218,-0.186990
121.7510,-5714,-14.959218,-0.186990
121.7610,-5714,-14.959218,-0.186990
121.7710,-5715,-14.961835,-0.187023
121.7810,-5715,-14.961835,-0.187023
121.7910,-5716,-14.964454,-0.187056
121.8010,-5716,-14.964454,-0.187056
121.8110,-5717,-14.967072,-0.187088
121.8210,-5717,-14.967072,-0.187088
121.8310,-5717,-14.967072,-0.187088
121.8410,-5717,-14.967072,-0.187088
121.8510,-5716,-14.964454,-0.187056
121.8610,-5716,-14.964454,-0.187056
121.8710,-5716,-14.964454,-0.187056
121.8810,-5716,-14.964454,-0.187056
121.8910,-5716,-14.964454,-0.187056
121.9010,-5716,-14.964454,-0.187056
121.9110,-5716,-14.964454,-0.187056
121.9210,-5717,-14.967072,-0.187088
121.9310,-5717,-14.967072,-0.187088
121.9410,-5717,-14.967072,-0.187088
121.9510,-5718,-14.969690,-0.187121
121.9610,-5718,-14.969690,-0.187121
121.9710,-5718,-14.969690,-0.187121
121.9810,-5718,-14.969690,-0.187121
121.9910,-5718,-14.969690,-0.187121
122.0010,-5717,-14.967072,-0.187088
122.0110,-5717,-14.967072,-0.187088
122.0210,-5717,-14.967072,-0.187088
122.0310,-5717,-14.967072,-0.187088
122.0410,-5717,-14.967072,-0.187088
122.0510,-5718,-14.969690,-0.187121
122.0610,-5718,-14.969690,-0.187121
122.0710,-5719,-14.972308,-0.187154
122.0810,-5719,-14.972308,-0.187154
122.0910,-5719,-14.972308,-0.187154
122.1010,-5719,-14.972308,-0.187154
122.1110,-5719,-14.972308,-0.187154
122.1210,-5719,-14.972308,-0.187154
122.1310,-5719,-14.972308,-0.187154
122.1410,-5719,-14.972308,-0.187154
122.1510,-5718,-14.969690,-0.187121
122.1610,-5718,-14.969690,-0.187121
122.1710,-5718,-14.969690,-0.187121
122.1810,-5719,-14.972308,-0.187154
122.1910,-5719,-14.972308,-0.187154
122.2010,-5719,-14.972308,-0.187154
122.2110,-5720,-14.974926,-0.187187
122.2210,-5720,-14.974926,-0.187187
122.2310,-5720,-14.974926,-0.187187
122.2410,-5720,-14.974926,-0.187187
122.2510,-5720,-14.974926,-0.187187
122.2610,-5720,-14.974926,-0.187187
122.2710,-5720,-14.974926,-0.187187
122.2810,-5720,-14.974926,-0.187187
122.2910,-5719,-14.972308,-0.187154
122.3010,-5719,-14.972308,-0.187154
122.3110,-5719,-14.972308,-0.187154
122.3210,-5720,-14.974926,-0.187187
122.3320,-5720,-14.974926,-0.187187
122.3410,-5721,-14.977543,-0.187219
122.3510,-5721,-14.977543,-0.187219
122.3610,-5721,-14.977543,-0.187219
122.3710,-5721,-14.977543,-0.187219
122.3810,-5721,-14.977543,-0.187219
122.3910,-5721,-14.977543,-0.187219
122.4010,-5721,-14.977543,-0.187219
122.4110,-5721,-14.977543,-0.187219
122.4210,-5721,-14.977543,-0.187219
122.4310,-5720,-14.974926,-0.187187
122.4410,-5720,-14.974926,-0.187187
122.4510,-5720,-14.974926,-0.187187
122.4610,-5721,-14.977543,-0.187219
122.4710,-5721,-14.977543,-0.187219
122.4810,-5721,-14.977543,-0.187219
122.4910,-5722,-14.980162,-0.187252
122.5010,-5722,-14.980162,-0.187252
122.5110,-5722,-14.980162,-0.187252
122.5210,-5722,-14.980162,-0.187252
122.5310,-5722,-14.980162,-0.187252
122.5410,-5722,-14.980162,-0.187252
122.5510,-5722,-14.980162,-0.187252
122.5610,-5722,-14.980162,-0.187252
122.5710,-5721,-14.977543,-0.187219
122.5810,-5721,-14.977543,-0.187219
122.5910,-5721,-14.977543,-0.187219
122.6010,-5722,-14.980162,-0.187252
122.6110,-5722,-14.980162,-0.187252
122.6210,-5723,-14.982779,-0.187285
122.6310,-5723,-14.982779,-0.187285
122.6410,-5723,-14.982779,-0.187285
122.6510,-5723,-14.982779,-0.187285
122.6610,-5723,-14.982779,-0.187285
122.6710,-5723,-14.982779,-0.187285
122.6810,-5723,-14.982779,-0.187285
122.6910,-5723,-14.982779,-0.187285
122.7010,-5722,-14.980162,-0.187252
122.7110,-5722,-14.980162,-0.187252
122.7210,-5722,-14.980162,-0.187252
122.7310,-5722,-14.980162,-0.187252
122.7410,-5723,-14.982779,-0.187285
122.7510,-5723,-14.982779,-0.187285
122.7610,-5723,-14.982779,-0.187285
122.7710,-5723,-14.982779,-0.187285
122.7810,-5724,-14.985398,-0.187317
122.7910,-5724,-14.985398,-0.187317
122.8010,-5724,-14.985398,-0.187317
122.8110,-5724,-14.985398,-0.187317
122.8210,-5724,-14.985398,-0.187317
122.8310,-5723,-14.982779,-0.187285
122.8410,-5723,-14.982779,-0.187285
122.8510,-5723,-14.982779,-0.187285
122.8610,-5723,-14.982779,-0.187285
122.8710,-5723,-14.982779,-0.187285
122.8810,-5724,-14.985398,-0.187317
122.8910,-5724,-14.985398,-0.187317
122.9010,-5724,-14.985398,-0.187317
122.9110,-5724,-14.985398,-0.187317
122.9210,-5725,-14.988017,-0.187350
122.9310,-5725,-14.988017,-0.187350
122.9410,-5725,-14.988017,-0.187350
122.9510,-5725,-14.988017,-0.187350
122.9610,-5724,-14.985398,-0.187317
122.9720,-5724,-14.985398,-0.187317
122.9810,-5724,-14.985398,-0.187317
122.9910,-5724,-14.985398,-0.187317
123.0010,-5724,-14.985398,-0.187317
123.0110,-5724,-14.985398,-0.187317
123.0210,-5724,-14.985398,-0.187317
123.0310,-5724,-14.985398,-0.187317
123.0410,-5725,-14.988017,-0.187350
123.0510,-5725,-14.988017,-0.187350
123.0610,-5725,-14.988017,-0.187350
123.0710,-5725,-14.988017,-0.187350
123.0810,-5725,-14.988017,-0.187350
123.0910,-5725,-14.988017,-0.187350
123.1010,-5725,-14.988017,-0.187350
123.1110,-5725,-14.988017,-0.187350
123.1210,-5725,-14.988017,-0.187350
123.1310,-5725,-14.988017,-0.187350
123.1410,-5725,-14.988017,-0.187350
123.1510,-5725,-14.988017,-0.187350
123.1610,-5725,-14.988017,-0.187350
123.1710,-5725,-14.988017,-0.187350
123.1810,-5726,-14.990633,-0.187383
123.1910,-5726,-14.990633,-0.187383
123.2010,-5726,-14.990633,-0.187383
123.2110,-5726,-14.990633,-0.187383
123.2210,-5726,-14.990633,-0.187383
123.2310,-5726,-14.990633,-0.187383
123.2410,-5726,-14.990633,-0.187383
123.2510,-5726,-14.990633,-0.187383
123.2610,-5725,-14.988017,-0.187350
123.2710,-5725,-14.988017,-0.187350
123.2810,-5725,-14.988017,-0.187350
123.2910,-5726,-14.990633,-0.187383
123.3010,-5726,-14.990633,-0.187383
123.3110,-5726,-14.990633,-0.187383
123.3210,-5727,-14.993252,-0.187416
123.3310,-5727,-14.993252,-0.187416
123.3410,-5727,-14.993252,-0.187416
123.3510,-5727,-14.993252,-0.187416
123.3610,-5727,-14.993252,-0.187416
123.3710,-5727,-14.993252,-0.187416
123.3810,-5727,-14.993252,-0.187416
123.3910,-5727,-14.993252,-0.187416
123.4010,-5726,-14.990633,-0.187383
123.4110,-5726,-14.990633,-0.187383
123.4210,-5726,-14.990633,-0.187383
123.4310,-5727,-14.993252,-0.187416
123.4410,-5727,-14.993252,-0.187416
123.4510,-5727,-14.993252,-0.187416
123.4610,-5728,-14.995870,-0.187448
123.4710,-5728,-14.995870,-0.187448
123.4810,-5728,-14.995870,-0.187448
123.4910,-5728,-14.995870,-0.187448
123.5010,-5728,-14.995870,-0.187448
123.5110,-5728,-14.995870,-0.187448
123.5210,-5728,-14.995870,-0.187448
123.5310,-5728,-14.995870,-0.187448
123.5410,-5727,-14.993252,-0.187416
123.5510,-5727,-14.993252,-0.187416
123.5610,-5727,-14.993252,-0.187416
123.5710,-5728,-14.995870,-0.187448
123.5810,-5728,-14.995870,-0.187448
123.5910,-5729,-14.998488,-0.187481
123.6010,-5729,-14.998488,-0.187481
123.6120,-5729,-14.998488,-0.187481
123.6210,-5729,-14.998488,-0.187481
123.6310,-5729,-14.998488,-0.187481
123.6410,-5729,-14.998488,-0.187481
123.6510,-5729,-14.998488,-0.187481
123.6610,-5729,-14.998488,-0.187481
123.6710,-5729,-14.998488,-0.187481
123.6810,-5728,-14.995870,-0.187448
123.6910,-5728,-14.995870,-0.187448
123.7010,-5728,-14.995870,-0.187448
123.7110,-5729,-14.998488,-0.187481
123.7210,-5729,-14.998488,-0.187481
123.7310,-5729,-14.998488,-0.187481
123.7410,-5729,-14.998488,-0.187481
123.7510,-5730,-15.001106,-0.187514
123.7610,-5730,-15.001106,-0.187514
123.7710,-5730,-15.001106,-0.187514
123.7810,-5730,-15.001106,-0.187514
123.7910,-5730,-15.001106,-0.187514
123.8010,-5729,-14.998488,-0.187481
123.8110,-5729,-14.998488,-0.187481
123.8210,-5729,-14.998488,-0.187481
123.8310,-5729,-14.998488,-0.187481
123.8410,-5729,-14.998488,-0.187481
123.8510,-5730,-15.001106,-0.187514
123.8610,-5730,-15.001106,-0.187514
123.8710,-5730,-15.001106,-0.187514
123.8810,-5730,-15.001106,-0.187514
123.8910,-5731,-15.003724,-0.187547
123.9010,-5731,-15.003724,-0.187547
123.9110,-5731,-15.003724,-0.187547
123.9210,-5731,-15.003724,-0.187547
123.9310,-5730,-15.001106,-0.187514
123.9410,-5730,-15.001106,-0.187514
123.9510,-5730,-15.001106,-0.187514
123.9610,-5730,-15.001106,-0.187514
123.9710,-5730,-15.001106,-0.187514
123.9810,-5730,-15.001106,-0.187514
123.9910,-5731,-15.003724,-0.187547
124.0010,-5731,-15.003724,-0.187547
124.0110,-5731,-15.003724,-0.187547
124.0210,-5731,-15.003724,-0.187547
124.0310,-5732,-15.006341,-0.187579
124.0410,-5732,-15.006341,-0.187579
124.0510,-5732,-15.006341,-0.187579
124.0610,-5732,-15.006341,-0.187579
124.0710,-5731,-15.003724,-0.187547
124.0810,-5731,-15.003724,-0.187547
124.0910,-5731,-15.003724,-0.187547
124.1010,-5731,-15.003724,-0.187547
124.1110,-5731,-15.003724,-0.187547
124.1210,-5731,-15.003724,-0.187547
124.1310,-5732,-15.006341,-0.187579
124.1410,-5732,-15.006341,-0.187579
124.1510,-5733,-15.008960,-0.187612
124.1610,-5733,-15.008960,-0.187612
124.1710,-5733,-15.008960,-0.187612
124.1810,-5733,-15.008960,-0.187612
124.1910,-5733,-15.008960,-0.187612
124.2010,-5733,-15.008960,-0.187612
124.2110,-5733,-15.008960,-0.187612
124.2210,-5733,-15.008960,-0.187612
124.2310,-5733,-15.008960,-0.187612
124.2410,-5733,-15.008960,-0.187612
124.2520,-5733,-15.008960,-0.187612
124.2610,-5733,-15.008960,-0.187612
124.2710,-5733,-15.008960,-0.187612
124.2810,-5734,-15.011577,-0.187645
124.2910,-5734,-15.011577,-0.187645
124.3010,-5734,-15.011577,-0.187645
124.3110,-5735,-15.014196,-0.187677
124.3210,-5735,-15.014196,-0.187677
124.3310,-5735,-15.014196,-0.187677
124.3410,-5735,-15.014196,-0.187677
124.3510,-5735,-15.014196,-0.187677
124.3610,-5735,-15.014196,-0.187677
124.3710,-5734,-15.011577,-0.187645
124.3810,-5734,-15.011577,-0.187645
124.3910,-5734,-15.011577,-0.187645
124.4010,-5734,-15.011577,-0.187645
124.4110,-5735,-15.014196,-0.187677
124.4210,-5735,-15.014196,-0.187677
124.4310,-5736,-15.016815,-0.187710
124.4410,-5736,-15.016815,-0.187710
124.4510,-5737,-15.019432,-0.187743
124.4610,-5737,-15.019432,-0.187743
124.4710,-5737,-15.019432,-0.187743
124.4810,-5737,-15.019432,-0.187743
124.4910,-5736,-15.016815,-0.187710
124.5010,-5736,-15.016815,-0.187710
124.5110,-5736,-15.016815,-0.187710
124.5210,-5736,-15.016815,-0.187710
124.5310,-5736,-15.016815,-0.187710
124.5410,-5736,-15.016815,-0.187710
124.5510,-5737,-15.019432,-0.187743
124.5610,-5737,-15.019432,-0.187743
124.5710,-5737,-15.019432,-0.187743
124.5810,-5738,-15.022050,-0.187776
124.5910,-5739,-15.024667,-0.187808
124.6010,-5739,-15.024667,-0.187808
124.6110,-5739,-15.024667,-0.187808
124.6210,-5739,-15.024667,-0.187808
124.6310,-5739,-15.024667,-0.187808
124.6410,-5739,-15.024667,-0.187808
124.6510,-5738,-15.022050,-0.187776
124.6610,-5738,-15.022050,-0.187776
124.6710,-5738,-15.022050,-0.187776
124.6810,-5739,-15.024667,-0.187808
124.6910,-5739,-15.024667,-0.187808
124.7010,-5740,-15.027286,-0.187841
124.7110,-5741,-15.029904,-0.187874
124.7210,-5741,-15.029904,-0.187874
124.7310,-5742,-15.032522,-0.187907
124.7410,-5743,-15.035140,-0.187939
124.7510,-5743,-15.035140,-0.187939
124.7610,-5743,-15.035140,-0.187939
124.7710,-5743,-15.035140,-0.187939
124.7810,-5743,-15.035140,-0.187939
124.7910,-5742,-15.032522,-0.187907
124.8010,-5742,-15.032522,-0.187907
124.8110,-5742,-15.032522,-0.187907
124.8210,-5743,-15.035140,-0.187939
124.8310,-5743,-15.035140,-0.187939
124.8410,-5744,-15.037758,-0.187972
124.8510,-5744,-15.037758,-0.187972
124.8610,-5745,-15.040375,-0.188005
124.8710,-5745,-15.040375,-0.188005
124.8810,-5745,-15.040375,-0.188005
124.8920,-5745,-15.040375,-0.188005
124.9010,-5745,-15.040375,-0.188005
124.9110,-5745,-15.040375,-0.188005
124.9210,-5745,-15.040375,-0.188005
124.9310,-5744,-15.037758,-0.187972
124.9410,-5744,-15.037758,-0.187972
124.9510,-5744,-15.037758,-0.187972
124.9610,-5745,-15.040375,-0.188005
124.9710,-5745,-15.040375,-0.188005
124.9810,-5745,-15.040375,-0.188005
124.9910,-5746,-15.042994,-0.188037
125.0010,-5746,-15.042994,-0.188037
125.0110,-5747,-15.045611,-0.188070
125.0210,-5747,-15.045611,-0.188070
125.0310,-5747,-15.045611,-0.188070
125.0410,-5747,-15.045611,-0.188070
125.0510,-5747,-15.045611,-0.188070
125.0610,-5746,-15.042994,-0.188037
125.0710,-5746,-15.042994,-0.188037
125.0810,-5746,-15.042994,-0.188037
125.0910,-5745,-15.040375,-0.188005
125.1010,-5746,-15.042994,-0.188037
125.1110,-5746,-15.042994,-0.188037
125.1210,-5747,-15.045611,-0.188070
125.1310,-5747,-15.045611,-0.188070
125.1410,-5748,-15.048230,-0.188103
125.1510,-5748,-15.048230,-0.188103
125.1610,-5748,-15.048230,-0.188103
125.1710,-5748,-15.048230,-0.188103
125.1810,-5748,-15.048230,-0.188103
125.1910,-5748,-15.048230,-0.188103
125.2010,-5748,-15.048230,-0.188103
125.2110,-5747,-15.045611,-0.188070
125.2210,-5747,-15.045611,-0.188070
125.2310,-5747,-15.045611,-0.188070
125.2410,-5748,-15.048230,-0.188103
125.2510,-5748,-15.048230,-0.188103
125.2610,-5749,-15.050848,-0.188136
125.2710,-5749,-15.050848,-0.188136
125.2810,-5749,-15.050848,-0.188136
125.2910,-5749,-15.050848,-0.188136
125.3010,-5749,-15.050848,-0.188136
125.3110,-5749,-15.050848,-0.188136
125.3210,-5749,-15.050848,-0.188136
125.3310,-5749,-15.050848,-0.188136
125.3410,-5749,-15.050848,-0.188136
125.3510,-5748,-15.048230,-0.188103
125.3610,-5748,-15.048230,-0.188103
125.3710,-5749,-15.050848,-0.188136
125.3810,-5749,-15.050848,-0.188136
125.3910,-5749,-15.050848,-0.188136
125.4010,-5749,-15.050848,-0.188136
125.4110,-5750,-15.053465,-0.188168
125.4210,-5750,-15.053465,-0.188168
125.4310,-5750,-15.053465,-0.188168
125.4410,-5750,-15.053465,-0.188168
125.4510,-5750,-15.053465,-0.188168
125.4610,-5750,-15.053465,-0.188168
125.4710,-5750,-15.053465,-0.188168
125.4810,-5749,-15.050848,-0.188136
125.4910,-5749,-15.050848,-0.188136
125.5010,-5749,-15.050848,-0.188136
125.5110,-5750,-15.053465,-0.188168
125.5210,-5750,-15.053465,-0.188168
125.5320,-5750,-15.053465,-0.188168
125.5410,-5750,-15.053465,-0.188168
125.5510,-5751,-15.056084,-0.188201
125.5610,-5751,-15.056084,-0.188201
125.5710,-5751,-15.056084,-0.188201
125.5810,-5751,-15.056084,-0.188201
125.5910,-5751,-15.056084,-0.188201
125.6010,-5751,-15.056084,-0.188201
125.6110,-5750,-15.053465,-0.188168
125.6210,-5750,-15.053465,-0.188168
125.6310,-5750,-15.053465,-0.188168
125.6410,-5750,-15.053465,-0.188168
125.6510,-5751,-15.056084,-0.188201
125.6610,-5751,-15.056084,-0.188201
125.6710,-5751,-15.056084,-0.188201
125.6810,-5751,-15.056084,-0.188201
125.6910,-5752,-15.058702,-0.188234
125.7010,-5752,-15.058702,-0.188234
125.7110,-5752,-15.058702,-0.188234
125.7210,-5752,-15.058702,-0.188234
125.7310,-5752,-15.058702,-0.188234
125.7410,-5751,-15.056084,-0.188201
125.7510,-5751,-15.056084,-0.188201
125.7610,-5751,-15.056084,-0.188201
125.7710,-5751,-15.056084,-0.188201
125.7810,-5751,-15.056084,-0.188201
125.7910,-5751,-15.056084,-0.188201
125.8010,-5751,-15.056084,-0.188201
125.8110,-5752,-15.058702,-0.188234
125.8210,-5752,-15.058702,-0.188234
125.8310,-5752,-15.058702,-0.188234
125.8410,-5752,-15.058702,-0.188234
125.8510,-5752,-15.058702,-0.188234
125.8610,-5752,-15.058702,-0.188234
125.8710,-5752,-15.058702,-0.188234
125.8810,-5752,-15.058702,-0.188234
125.8910,-5752,-15.058702,-0.188234
125.9010,-5751,-15.056084,-0.188201
125.9110,-5751,-15.056084,-0.188201
125.9210,-5751,-15.056084,-0.188201
125.9310,-5752,-15.058702,-0.188234
125.9410,-5752,-15.058702,-0.188234
125.9510,-5753,-15.061320,-0.188267
125.9610,-5753,-15.061320,-0.188267
125.9710,-5753,-15.061320,-0.188267
125.9810,-5753,-15.061320,-0.188267
125.9910,-5753,-15.061320,-0.188267
126.0010,-5753,-15.061320,-0.188267
126.0110,-5753,-15.061320,-0.188267
126.0210,-5753,-15.061320,-0.188267
126.0310,-5752,-15.058702,-0.188234
126.0410,-5752,-15.058702,-0.188234
126.0510,-5752,-15.058702,-0.188234
126.0610,-5752,-15.058702,-0.188234
126.0710,-5753,-15.061320,-0.188267
126.0810,-5753,-15.061320,-0.188267
126.0910,-5753,-15.061320,-0.188267
126.1010,-5753,-15.061320,-0.188267
126.1110,-5754,-15.063938,-0.188299
126.1210,-5754,-15.063938,-0.188299
126.1310,-5754,-15.063938,-0.188299
126.1410,-5754,-15.063938,-0.188299
126.1510,-5753,-15.061320,-0.188267
126.1610,-5753,-15.061320,-0.188267
126.1720,-5753,-15.061320,-0.188267
126.1810,-5753,-15.061320,-0.188267
126.1910,-5753,-15.061320,-0.188267
126.2010,-5753,-15.061320,-0.188267
126.2110,-5753,-15.061320,-0.188267
126.2210,-5753,-15.061320,-0.188267
126.2310,-5754,-15.063938,-0.188299
126.2410,-5754,-15.063938,-0.188299
126.2510,-5754,-15.063938,-0.188299
126.2610,-5754,-15.063938,-0.188299
126.2710,-5754,-15.063938,-0.188299
126.2810,-5754,-15.063938,-0.188299
126.2910,-5754,-15.063938,-0.188299
126.3010,-5754,-15.063938,-0.188299
126.3110,-5754,-15.063938,-0.188299
126.3210,-5753,-15.061320,-0.188267
126.3310,-5753,-15.061320,-0.188267
126.3410,-5754,-15.063938,-0.188299
126.3510,-5754,-15.063938,-0.188299
126.3610,-5754,-15.063938,-0.188299
126.3710,-5755,-15.066555,-0.188332
126.3810,-5755,-15.066555,-0.188332
126.3910,-5755,-15.066555,-0.188332
126.4010,-5755,-15.066555,-0.188332
126.4110,-5755,-15.066555,-0.188332
126.4210,-5755,-15.066555,-0.188332
126.4310,-5755,-15.066555,-0.188332
126.4410,-5755,-15.066555,-0.188332
126.4510,-5754,-15.063938,-0.188299
126.4610,-5754,-15.063938,-0.188299
126.4710,-5754,-15.063938,-0.188299
126.4810,-5755,-15.066555,-0.188332
126.4910,-5755,-15.066555,-0.188332
126.5010,-5755,-15.066555,-0.188332
126.5110,-5755,-15.066555,-0.188332
126.5210,-5755,-15.066555,-0.188332
126.5310,-5756,-15.069173,-0.188365
126.5410,-5756,-15.069173,-0.188365
126.5510,-5756,-15.069173,-0.188365
126.5610,-5756,-15.069173,-0.188365
126.5710,-5755,-15.066555,-0.188332
126.5810,-5755,-15.066555,-0.188332
126.5910,-5755,-15.066555,-0.188332
126.6010,-5755,-15.066555,-0.188332
126.6110,-5755,-15.066555,-0.188332
126.6210,-5756,-15.069173,-0.188365
126.6310,-5756,-15.069173,-0.188365
126.6410,-5756,-15.069173,-0.188365
126.6510,-5756,-15.069173,-0.188365
126.6610,-5756,-15.069173,-0.188365
126.6710,-5757,-15.071792,-0.188397
126.6810,-5757,-15.071792,-0.188397
126.6910,-5757,-15.071792,-0.188397
126.7010,-5757,-15.071792,-0.188397
126.7110,-5756,-15.069173,-0.188365
126.7210,-5756,-15.069173,-0.188365
126.7310,-5756,-15.069173,-0.188365
126.7410,-5756,-15.069173,-0.188365
126.7510,-5756,-15.069173,-0.188365
126.7610,-5757,-15.071792,-0.188397
126.7710,-5757,-15.071792,-0.188397
126.7810,-5757,-15.071792,-0.188397
126.7910,-5757,-15.071792,-0.188397
126.8010,-5757,-15.071792,-0.188397
126.8120,-5757,-15.071792,-0.188397
126.8210,-5757,-15.071792,-0.188397
126.8310,-5757,-15.071792,-0.188397
126.8410,-5757,-15.071792,-0.188397
126.8510,-5757,-15.071792,-0.188397
126.8610,-5757,-15.071792,-0.188397
126.8710,-5757,-15.071792,-0.188397
126.8810,-5757,-15.071792,-0.188397
126.8910,-5757,-15.071792,-0.188397
126.9010,-5757,-15.071792,-0.188397
126.9110,-5757,-15.071792,-0.188397
126.9210,-5758,-15.074409,-0.188430
126.9310,-5758,-15.074409,-0.188430
126.9410,-5758,-15.074409,-0.188430
126.9510,-5758,-15.074409,-0.188430
126.9610,-5758,-15.074409,-0.188430
126.9710,-5758,-15.074409,-0.188430
126.9810,-5758,-15.074409,-0.188430
126.9910,-5758,-15.074409,-0.188430
127.0010,-5758,-15.074409,-0.188430
127.0110,-5757,-15.071792,-0.188397
127.0210,-5757,-15.071792,-0.188397
127.0310,-5757,-15.071792,-0.188397
127.0410,-5758,-15.074409,-0.188430
127.0510,-5758,-15.074409,-0.188430
127.0610,-5759,-15.077028,-0.188463
127.0710,-5759,-15.077028,-0.188463
127.0810,-5759,-15.077028,-0.188463
127.0910,-5759,-15.077028,-0.188463
127.1010,-5759,-15.077028,-0.188463
127.1110,-5759,-15.077028,-0.188463
127.1210,-5759,-15.077028,-0.188463
127.1310,-5759,-15.077028,-0.188463
127.1410,-5759,-15.077028,-0.188463
127.1510,-5758,-15.074409,-0.188430
127.1610,-5758,-15.074409,-0.188430
127.1710,-5758,-15.074409,-0.188430
127.1810,-5759,-15.077028,-0.188463
127.1910,-5759,-15.077028,-0.188463
127.2010,-5759,-15.077028,-0.188463
127.2110,-5759,-15.077028,-0.188463
127.2210,-5760,-15.079647,-0.188496
127.2310,-5760,-15.079647,-0.188496
127.2410,-5760,-15.079647,-0.188496
127.2510,-5760,-15.079647,-0.188496
127.2610,-5760,-15.079647,-0.188496
127.2710,-5759,-15.077028,-0.188463
127.2810,-5759,-15.077028,-0.188463
127.2910,-5759,-15.077028,-0.188463
127.3010,-5759,-15.077028,-0.188463
127.3110,-5759,-15.077028,-0.188463
127.3210,-5760,-15.079647,-0.188496
127.3310,-5760,-15.079647,-0.188496
127.3410,-5760,-15.079647,-0.188496
127.3510,-5760,-15.079647,-0.188496
127.3610,-5761,-15.082263,-0.188528
127.3710,-5761,-15.082263,-0.188528
127.3810,-5761,-15.082263,-0.188528
127.3910,-5761,-15.082263,-0.188528
127.4010,-5760,-15.079647,-0.188496
127.4110,-5760,-15.079647,-0.188496
127.4210,-5760,-15.079647,-0.188496
127.4310,-5760,-15.079647,-0.188496
127.4410,-5760,-15.079647,-0.188496
127.4520,-5760,-15.079647,-0.188496
127.4610,-5761,-15.082263,-0.188528
127.4710,-5761,-15.082263,-0.188528
127.4810,-5761,-15.082263,-0.188528
127.4910,-5761,-15.082263,-0.188528
127.5010,-5761,-15.082263,-0.188528
127.5110,-5761,-15.082263,-0.188528
127.5210,-5761,-15.082263,-0.188528
127.5310,-5761,-15.082263,-0.188528
127.5410,-5761,-15.082263,-0.188528
127.5510,-5761,-15.082263,-0.188528
127.5610,-5761,-15.082263,-0.188528
127.5710,-5761,-15.082263,-0.188528
127.5810,-5761,-15.082263,-0.188528
127.5910,-5761,-15.082263,-0.188528
127.6010,-5761,-15.082263,-0.188528
127.6110,-5761,-15.082263,-0.188528
127.6210,-5762,-15.084882,-0.188561
127.6310,-5762,-15.084882,-0.188561
127.6410,-5762,-15.084882,-0.188561
127.6510,-5762,-15.084882,-0.188561
127.6610,-5762,-15.084882,-0.188561
127.6710,-5762,-15.084882,-0.188561
127.6810,-5762,-15.084882,-0.188561
127.6910,-5762,-15.084882,-0.188561
127.7010,-5761,-15.082263,-0.188528
127.7110,-5761,-15.082263,-0.188528
127.7210,-5761,-15.082263,-0.188528
127.7310,-5762,-15.084882,-0.188561
127.7410,-5762,-15.084882,-0.188561
127.7510,-5762,-15.084882,-0.188561
127.7610,-5763,-15.087499,-0.188594
127.7710,-5763,-15.087499,-0.188594
127.7810,-5763,-15.087499,-0.188594
127.7910,-5763,-15.087499,-0.188594
127.8010,-5763,-15.087499,-0.188594
127.8110,-5763,-15.087499,-0.188594
127.8210,-5763,-15.087499,-0.188594
127.8310,-5763,-15.087499,-0.188594
127.8410,-5762,-15.084882,-0.188561
127.8510,-5762,-15.084882,-0.188561
127.8610,-5762,-15.084882,-0.188561
127.8710,-5763,-15.087499,-0.188594
127.8810,-5763,-15.087499,-0.188594
127.8910,-5763,-15.087499,-0.188594
127.9010,-5763,-15.087499,-0.188594
127.9110,-5764,-15.090117,-0.188626
127.9210,-5764,-15.090117,-0.188626
127.9310,-5764,-15.090117,-0.188626
127.9410,-5764,-15.090117,-0.188626
127.9510,-5764,-15.090117,-0.188626
127.9610,-5763,-15.087499,-0.188594
127.9710,-5763,-15.087499,-0.188594
127.9810,-5763,-15.087499,-0.188594
127.9910,-5763,-15.087499,-0.188594
128.0010,-5763,-15.087499,-0.188594
128.0110,-5764,-15.090117,-0.188626
128.0210,-5764,-15.090117,-0.188626
128.0310,-5764,-15.090117,-0.188626
128.0410,-5765,-15.092736,-0.188659
128.0510,-5765,-15.092736,-0.188659
128.0610,-5765,-15.092736,-0.188659
128.0710,-5766,-15.095353,-0.188692
128.0810,-5766,-15.095353,-0.188692
128.0920,-5766,-15.095353,-0.188692
128.1010,-5766,-15.095353,-0.188692
128.1110,-5766,-15.095353,-0.188692
128.1210,-5765,-15.092736,-0.188659
128.1310,-5765,-15.092736,-0.188659
128.1410,-5765,-15.092736,-0.188659
128.1510,-5766,-15.095353,-0.188692
128.1610,-5767,-15.097971,-0.188725
128.1710,-5767,-15.097971,-0.188725
128.1810,-5767,-15.097971,-0.188725
128.1910,-5768,-15.100590,-0.188757
128.2010,-5768,-15.100590,-0.188757
128.2110,-5769,-15.103207,-0.188790
128.2210,-5769,-15.103207,-0.188790
128.2310,-5769,-15.103207,-0.188790
128.2410,-5769,-15.103207,-0.188790
128.2510,-5768,-15.100590,-0.188757
128.2610,-5768,-15.100590,-0.188757
128.2710,-5768,-15.100590,-0.188757
128.2810,-5768,-15.100590,-0.188757
128.2910,-5769,-15.103207,-0.188790
128.3010,-5769,-15.103207,-0.188790
128.3110,-5769,-15.103207,-0.188790
128.3210,-5770,-15.105826,-0.188823
128.3310,-5771,-15.108443,-0.188856
128.3410,-5771,-15.108443,-0.188856
128.3510,-5771,-15.108443,-0.188856
128.3610,-5771,-15.108443,-0.188856
128.3710,-5771,-15.108443,-0.188856
128.3810,-5771,-15.108443,-0.188856
128.3910,-5770,-15.105826,-0.188823
128.4010,-5770,-15.105826,-0.188823
128.4110,-5770,-15.105826,-0.188823
128.4210,-5770,-15.105826,-0.188823
128.4310,-5771,-15.108443,-0.188856
128.4410,-5771,-15.108443,-0.188856
128.4510,-5772,-15.111062,-0.188888
128.4610,-5772,-15.111062,-0.188888
128.4710,-5773,-15.113680,-0.188921
128.4810,-5773,-15.113680,-0.188921
128.4910,-5773,-15.113680,-0.188921
128.5010,-5773,-15.113680,-0.188921
128.5110,-5773,-15.113680,-0.188921
128.5210,-5773,-15.113680,-0.188921
128.5310,-5773,-15.113680,-0.188921
128.5410,-5773,-15.113680,-0.188921
128.5510,-5773,-15.113680,-0.188921
128.5610,-5772,-15.111062,-0.188888
128.5710,-5773,-15.113680,-0.188921
128.5810,-5774,-15.116297,-0.188954
128.5910,-5775,-15.118915,-0.188986
128.6010,-5775,-15.118915,-0.188986
128.6110,-5776,-15.121534,-0.189019
128.6210,-5777,-15.124151,-0.189052
128.6310,-5777,-15.124151,-0.189052
128.6410,-5777,-15.124151,-0.189052
128.6510,-5777,-15.124151,-0.189052
128.6610,-5777,-15.124151,-0.189052
128.6710,-5776,-15.121534,-0.189019
128.6810,-5776,-15.121534,-0.189019
128.6910,-5776,-15.121534,-0.189019
128.7010,-5776,-15.121534,-0.189019
128.7110,-5777,-15.124151,-0.189052
128.7210,-5779,-15.129388,-0.189117
128.7320,-5780,-15.132005,-0.189150
128.7410,-5781,-15.134624,-0.189183
128.7510,-5782,-15.137241,-0.189216
128.7610,-5783,-15.139860,-0.189248
128.7710,-5784,-15.142478,-0.189281
128.7810,-5785,-15.145095,-0.189314
128.7910,-5785,-15.145095,-0.189314
128.8010,-5786,-15.147713,-0.189346
128.8110,-5787,-15.150332,-0.189379
128.8210,-5788,-15.152949,-0.189412
128.8310,-5791,-15.160803,-0.189510
128.8410,-5795,-15.171277,-0.189641
128.8510,-5800,-15.184366,-0.189805
128.8610,-5804,-15.194837,-0.189935
128.8710,-5808,-15.205309,-0.190066
128.8810,-5812,-15.215781,-0.190197
128.8910,-5816,-15.226254,-0.190328
128.9010,-5819,-15.234107,-0.190426
128.9110,-5821,-15.239343,-0.190492
128.9210,-5822,-15.241961,-0.190525
128.9310,-5822,-15.241961,-0.190525
128.9410,-5821,-15.239343,-0.190492
128.9510,-5820,-15.236725,-0.190459
128.9610,-5819,-15.234107,-0.190426
128.9710,-5817,-15.228871,-0.190361
128.9810,-5818,-15.231490,-0.190394
128.9910,-5818,-15.231490,-0.190394
129.0010,-5819,-15.234107,-0.190426
129.0110,-5821,-15.239343,-0.190492
129.0210,-5823,-15.244579,-0.190557
129.0310,-5824,-15.247198,-0.190590
129.0410,-5826,-15.252433,-0.190655
129.0510,-5827,-15.255052,-0.190688
129.0610,-5827,-15.255052,-0.190688
129.0710,-5827,-15.255052,-0.190688
129.0810,-5827,-15.255052,-0.190688
129.0910,-5826,-15.252433,-0.190655
129.1010,-5825,-15.249814,-0.190623
129.1110,-5825,-15.249814,-0.190623
129.1210,-5825,-15.249814,-0.190623
129.1310,-5826,-15.252433,-0.190655
129.1410,-5828,-15.257669,-0.190721
129.1510,-5829,-15.260288,-0.190754
129.1610,-5830,-15.262905,-0.190786
129.1710,-5832,-15.268141,-0.190852
129.1810,-5833,-15.270759,-0.190884
129.1910,-5833,-15.270759,-0.190884
129.2010,-5834,-15.273377,-0.190917
129.2110,-5833,-15.270759,-0.190884
129.2210,-5833,-15.270759,-0.190884
129.2310,-5832,-15.268141,-0.190852
129.2410,-5831,-15.265523,-0.190819
129.2510,-5830,-15.262905,-0.190786
129.2610,-5831,-15.265523,-0.190819
129.2710,-5831,-15.265523,-0.190819
129.2810,-5831,-15.265523,-0.190819
129.2910,-5832,-15.268141,-0.190852
129.3010,-5833,-15.270759,-0.190884
129.3110,-5834,-15.273377,-0.190917
129.3210,-5835,-15.275996,-0.190950
129.3310,-5835,-15.275996,-0.190950
129.3410,-5835,-15.275996,-0.190950
129.3510,-5835,-15.275996,-0.190950
129.3610,-5834,-15.273377,-0.190917
129.3720,-5833,-15.270759,-0.190884
129.3810,-5833,-15.270759,-0.190884
129.3910,-5832,-15.268141,-0.190852
129.4010,-5832,-15.268141,-0.190852
129.4110,-5833,-15.270759,-0.190884
129.4210,-5833,-15.270759,-0.190884
129.4310,-5834,-15.273377,-0.190917
129.4410,-5835,-15.275996,-0.190950
129.4510,-5835,-15.275996,-0.190950
129.4610,-5836,-15.278613,-0.190983
129.4710,-5836,-15.278613,-0.190983
129.4810,-5836,-15.278613,-0.190983
129.4910,-5836,-15.278613,-0.190983
129.5010,-5835,-15.275996,-0.190950
129.5110,-5834,-15.273377,-0.190917
129.5210,-5834,-15.273377,-0.190917
129.5310,-5834,-15.273377,-0.190917
129.5410,-5834,-15.273377,-0.190917
129.5510,-5834,-15.273377,-0.190917
129.5610,-5835,-15.275996,-0.190950
129.5710,-5836,-15.278613,-0.190983
129.5810,-5836,-15.278613,-0.190983
129.5910,-5837,-15.281231,-0.191015
129.6010,-5837,-15.281231,-0.191015
129.6110,-5837,-15.281231,-0.191015
129.6210,-5837,-15.281231,-0.191015
129.6310,-5837,-15.281231,-0.191015
129.6410,-5836,-15.278613,-0.190983
129.6510,-5836,-15.278613,-0.190983
129.6610,-5835,-15.275996,-0.190950
129.6710,-5835,-15.275996,-0.190950
129.6810,-5836,-15.278613,-0.190983
129.6910,-5836,-15.278613,-0.190983
129.7010,-5837,-15.281231,-0.191015
129.7110,-5837,-15.281231,-0.191015
129.7210,-5838,-15.283848,-0.191048
129.7310,-5838,-15.283848,-0.191048
129.7410,-5838,-15.283848,-0.191048
129.7510,-5838,-15.283848,-0.191048
129.7610,-5838,-15.283848,-0.191048
129.7710,-5838,-15.283848,-0.191048
129.7810,-5837,-15.281231,-0.191015
129.7910,-5837,-15.281231,-0.191015
129.8010,-5837,-15.281231,-0.191015
129.8110,-5837,-15.281231,-0.191015
129.8210,-5837,-15.281231,-0.191015
129.8310,-5838,-15.283848,-0.191048
129.8410,-5838,-15.283848,-0.191048
129.8510,-5839,-15.286467,-0.191081
129.8610,-5839,-15.286467,-0.191081
129.8710,-5839,-15.286467,-0.191081
129.8810,-5840,-15.289086,-0.191114
129.8910,-5840,-15.289086,-0.191114
129.9010,-5839,-15.286467,-0.191081
129.9110,-5839,-15.286467,-0.191081
129.9210,-5839,-15.286467,-0.191081
129.9310,-5839,-15.286467,-0.191081
129.9410,-5839,-15.286467,-0.191081
129.9510,-5839,-15.286467,-0.191081
129.9610,-5839,-15.286467,-0.191081
129.9710,-5839,-15.286467,-0.191081
129.9810,-5840,-15.289086,-0.191114
129.9910,-5841,-15.291703,-0.191146
130.0010,-5841,-15.291703,-0.191146
130.0120,-5841,-15.291703,-0.191146
130.0210,-5841,-15.291703,-0.191146
130.0310,-5841,-15.291703,-0.191146
130.0410,-5841,-15.291703,-0.191146
130.0510,-5841,-15.291703,-0.191146
130.0610,-5840,-15.289086,-0.191114
130.0710,-5840,-15.289086,-0.191114
130.0810,-5840,-15.289086,-0.191114
130.0910,-5840,-15.289086,-0.191114
130.1010,-5840,-15.289086,-0.191114
130.1110,-5841,-15.291703,-0.191146
130.1210,-5841,-15.291703,-0.191146
130.1310,-5842,-15.294322,-0.191179
130.1410,-5842,-15.294322,-0.191179
130.1510,-5842,-15.294322,-0.191179
130.1610,-5842,-15.294322,-0.191179
130.1710,-5842,-15.294322,-0.191179
130.1810,-5842,-15.294322,-0.191179
130.1910,-5842,-15.294322,-0.191179
130.2010,-5841,-15.291703,-0.191146
130.2110,-5841,-15.291703,-0.191146
130.2210,-5841,-15.291703,-0.191146
130.2310,-5842,-15.294322,-0.191179
130.2410,-5842,-15.294322,-0.191179
130.2510,-5842,-15.294322,-0.191179
130.2610,-5843,-15.296939,-0.191212
130.2710,-5843,-15.296939,-0.191212
130.2810,-5843,-15.296939,-0.191212
130.2910,-5843,-15.296939,-0.191212
130.3010,-5843,-15.296939,-0.191212
130.3110,-5843,-15.296939,-0.191212
130.3210,-5843,-15.296939,-0.191212
130.3310,-5843,-15.296939,-0.191212
130.3410,-5843,-15.296939,-0.191212
130.3510,-5843,-15.296939,-0.191212
130.3610,-5843,-15.296939,-0.191212
130.3710,-5843,-15.296939,-0.191212
130.3810,-5843,-15.296939,-0.191212
130.3910,-5844,-15.299557,-0.191244
130.4010,-5844,-15.299557,-0.191244
130.4110,-5845,-15.302175,-0.191277
130.4210,-5845,-15.302175,-0.191277
130.4310,-5845,-15.302175,-0.191277
130.4410,-5845,-15.302175,-0.191277
130.4510,-5845,-15.302175,-0.191277
130.4610,-5845,-15.302175,-0.191277
130.4710,-5844,-15.299557,-0.191244
130.4810,-5844,-15.299557,-0.191244
130.4910,-5844,-15.299557,-0.191244
130.5010,-5844,-15.299557,-0.191244
130.5110,-5845,-15.302175,-0.191277
130.5210,-5845,-15.302175,-0.191277
130.5310,-5845,-15.302175,-0.191277
130.5410,-5845,-15.302175,-0.191277
130.5510,-5846,-15.304792,-0.191310
130.5610,-5846,-15.304792,-0.191310
130.5710,-5846,-15.304792,-0.191310
130.5810,-5846,-15.304792,-0.191310
130.5910,-5846,-15.304792,-0.191310
130.6010,-5846,-15.304792,-0.191310
130.6110,-5846,-15.304792,-0.191310
130.6210,-5845,-15.302175,-0.191277
130.6310,-5845,-15.302175,-0.191277
130.6410,-5845,-15.302175,-0.191277
130.6520,-5846,-15.304792,-0.191310
130.6610,-5846,-15.304792,-0.191310
130.6710,-5847,-15.307411,-0.191343
130.6810,-5847,-15.307411,-0.191343
130.6910,-5847,-15.307411,-0.191343
130.7010,-5847,-15.307411,-0.191343
130.7110,-5847,-15.307411,-0.191343
130.7210,-5847,-15.307411,-0.191343
130.7310,-5847,-15.307411,-0.191343
130.7410,-5847,-15.307411,-0.191343
130.7510,-5847,-15.307411,-0.191343
130.7610,-5847,-15.307411,-0.191343
130.7710,-5847,-15.307411,-0.191343
130.7810,-5847,-15.307411,-0.191343
130.7910,-5847,-15.307411,-0.191343
130.8010,-5847,-15.307411,-0.191343
130.8110,-5848,-15.310029,-0.191375
130.8210,-5848,-15.310029,-0.191375
130.8310,-5849,-15.312646,-0.191408
130.8410,-5849,-15.312646,-0.191408
130.8510,-5849,-15.312646,-0.191408
130.8610,-5849,-15.312646,-0.191408
130.8710,-5848,-15.310029,-0.191375
130.8810,-5848,-15.310029,-0.191375
130.8910,-5848,-15.310029,-0.191375
130.9010,-5848,-15.310029,-0.191375
130.9110,-5848,-15.310029,-0.191375
130.9210,-5848,-15.310029,-0.191375
130.9310,-5848,-15.310029,-0.191375
130.9410,-5849,-15.312646,-0.191408
130.9510,-5849,-15.312646,-0.191408
130.9610,-5849,-15.312646,-0.191408
130.9710,-5849,-15.312646,-0.191408
130.9810,-5849,-15.312646,-0.191408
130.9910,-5849,-15.312646,-0.191408
131.0010,-5849,-15.312646,-0.191408
131.0110,-5849,-15.312646,-0.191408
131.0210,-5849,-15.312646,-0.191408
131.0310,-5849,-15.312646,-0.191408
131.0410,-5849,-15.312646,-0.191408
131.0510,-5849,-15.312646,-0.191408
131.0610,-5849,-15.312646,-0.191408
131.0710,-5849,-15.312646,-0.191408
131.0810,-5849,-15.312646,-0.191408
131.0910,-5850,-15.315265,-0.191441
131.1010,-5850,-15.315265,-0.191441
131.1110,-5850,-15.315265,-0.191441
131.1210,-5850,-15.315265,-0.191441
131.1310,-5850,-15.315265,-0.191441
131.1410,-5850,-15.315265,-0.191441
131.1510,-5850,-15.315265,-0.191441
131.1610,-5850,-15.315265,-0.191441
131.1710,-5849,-15.312646,-0.191408
131.1810,-5849,-15.312646,-0.191408
131.1910,-5849,-15.312646,-0.191408
131.2010,-5850,-15.315265,-0.191441
131.2110,-5850,-15.315265,-0.191441
131.2210,-5850,-15.315265,-0.191441
131.2310,-5851,-15.317884,-0.191474
131.2410,-5851,-15.317884,-0.191474
131.2510,-5851,-15.317884,-0.191474
131.2610,-5851,-15.317884,-0.191474
131.2710,-5851,-15.317884,-0.191474
131.2810,-5851,-15.317884,-0.191474
131.2920,-5851,-15.317884,-0.191474
131.3010,-5851,-15.317884,-0.191474
131.3110,-5850,-15.315265,-0.191441
131.3210,-5850,-15.315265,-0.191441
131.3310,-5850,-15.315265,-0.191441
131.3410,-5851,-15.317884,-0.191474
131.3510,-5851,-15.317884,-0.191474
131.3610,-5851,-15.317884,-0.191474
131.3710,-5851,-15.317884,-0.191474
131.3810,-5852,-15.320501,-0.191506
131.3910,-5852,-15.320501,-0.191506
131.4010,-5852,-15.320501,-0.191506
131.4110,-5852,-15.320501,-0.191506
131.4210,-5852,-15.320501,-0.191506
131.4310,-5852,-15.320501,-0.191506
131.4410,-5852,-15.320501,-0.191506
131.4510,-5851,-15.317884,-0.191474
131.4610,-5851,-15.317884,-0.191474
131.4710,-5851,-15.317884,-0.191474
131.4810,-5852,-15.320501,-0.191506
131.4910,-5852,-15.320501,-0.191506
131.5010,-5853,-15.323120,-0.191539
131.5110,-5853,-15.323120,-0.191539
131.5210,-5853,-15.323120,-0.191539
131.5310,-5853,-15.323120,-0.191539
131.5410,-5853,-15.323120,-0.191539
131.5510,-5853,-15.323120,-0.191539
131.5610,-5853,-15.323120,-0.191539
131.5710,-5853,-15.323120,-0.191539
131.5810,-5853,-15.323120,-0.191539
131.5910,-5852,-15.320501,-0.191506
131.6010,-5852,-15.320501,-0.191506
131.6110,-5852,-15.320501,-0.191506
131.6210,-5853,-15.323120,-0.191539
131.6310,-5853,-15.323120,-0.191539
131.6410,-5854,-15.325737,-0.191572
131.6510,-5854,-15.325737,-0.191572
131.6610,-5854,-15.325737,-0.191572
131.6710,-5854,-15.325737,-0.191572
131.6810,-5854,-15.325737,-0.191572
131.6910,-5854,-15.325737,-0.191572
131.7010,-5854,-15.325737,-0.191572
131.7110,-5854,-15.325737,-0.191572
131.7210,-5854,-15.325737,-0.191572
131.7310,-5853,-15.323120,-0.191539
131.7410,-5853,-15.323120,-0.191539
131.7510,-5853,-15.323120,-0.191539
131.7610,-5854,-15.325737,-0.191572
131.7710,-5854,-15.325737,-0.191572
131.7810,-5855,-15.328355,-0.191604
131.7910,-5855,-15.328355,-0.191604
131.8010,-5855,-15.328355,-0.191604
131.8110,-5855,-15.328355,-0.191604
131.8210,-5855,-15.328355,-0.191604
131.8310,-5855,-15.328355,-0.191604
131.8410,-5855,-15.328355,-0.191604
131.8510,-5855,-15.328355,-0.191604
131.8610,-5855,-15.328355,-0.191604
131.8710,-5855,-15.328355,-0.191604
131.8810,-5855,-15.328355,-0.191604
131.8910,-5855,-15.328355,-0.191604
131.9010,-5856,-15.330973,-0.191637
131.9110,-5856,-15.330973,-0.191637
131.9210,-5857,-15.333590,-0.191670
131.9320,-5857,-15.333590,-0.191670
131.9410,-5857,-15.333590,-0.191670
131.9510,-5857,-15.333590,-0.191670
131.9610,-5857,-15.333590,-0.191670
131.9710,-5857,-15.333590,-0.191670
131.9810,-5857,-15.333590,-0.191670
131.9910,-5857,-15.333590,-0.191670
132.0010,-5857,-15.333590,-0.191670
132.0110,-5857,-15.333590,-0.191670
132.0210,-5857,-15.333590,-0.191670
132.0310,-5857,-15.333590,-0.191670
132.0410,-5857,-15.333590,-0.191670
132.0510,-5857,-15.333590,-0.191670
132.0610,-5858,-15.336209,-0.191703
132.0710,-5858,-15.336209,-0.191703
132.0810,-5858,-15.336209,-0.191703
132.0910,-5858,-15.336209,-0.191703
132.1010,-5858,-15.336209,-0.191703
132.1110,-5858,-15.336209,-0.191703
132.1210,-5858,-15.336209,-0.191703
132.1310,-5858,-15.336209,-0.191703
132.1410,-5858,-15.336209,-0.191703
132.1510,-5858,-15.336209,-0.191703
132.1610,-5858,-15.336209,-0.191703
132.1710,-5858,-15.336209,-0.191703
132.1810,-5858,-15.336209,-0.191703
132.1910,-5859,-15.338828,-0.191735
132.2010,-5859,-15.338828,-0.191735
132.2110,-5860,-15.341444,-0.191768
132.2210,-5860,-15.341444,-0.191768
132.2310,-5860,-15.341444,-0.191768
132.2410,-5860,-15.341444,-0.191768
132.2510,-5860,-15.341444,-0.191768
132.2610,-5860,-15.341444,-0.191768
132.2710,-5860,-15.341444,-0.191768
132.2810,-5859,-15.338828,-0.191735
132.2910,-5859,-15.338828,-0.191735
132.3010,-5859,-15.338828,-0.191735
132.3110,-5860,-15.341444,-0.191768
132.3210,-5860,-15.341444,-0.191768
132.3310,-5860,-15.341444,-0.191768
132.3410,-5861,-15.344063,-0.191801
132.3510,-5861,-15.344063,-0.191801
132.3610,-5861,-15.344063,-0.191801
132.3710,-5861,-15.344063,-0.191801
132.3810,-5861,-15.344063,-0.191801
132.3910,-5861,-15.344063,-0.191801
132.4010,-5861,-15.344063,-0.191801
132.4110,-5861,-15.344063,-0.191801
132.4210,-5861,-15.344063,-0.191801
132.4310,-5861,-15.344063,-0.191801
132.4410,-5861,-15.344063,-0.191801
132.4510,-5861,-15.344063,-0.191801
132.4610,-5861,-15.344063,-0.191801
132.4710,-5861,-15.344063,-0.191801
132.4810,-5862,-15.346682,-0.191834
132.4910,-5862,-15.346682,-0.191834
132.5010,-5862,-15.346682,-0.191834
132.5110,-5862,-15.346682,-0.191834
132.5210,-5862,-15.346682,-0.191834
132.5310,-5862,-15.346682,-0.191834
132.5410,-5862,-15.346682,-0.191834
132.5510,-5862,-15.346682,-0.191834
132.5610,-5861,-15.344063,-0.191801
132.5720,-5861,-15.344063,-0.191801
132.5810,-5861,-15.344063,-0.191801
132.5910,-5862,-15.346682,-0.191834
132.6010,-5862,-15.346682,-0.191834
132.6110,-5863,-15.349299,-0.191866
132.6210,-5863,-15.349299,-0.191866
132.6310,-5863,-15.349299,-0.191866
132.6410,-5863,-15.349299,-0.191866
132.6510,-5863,-15.349299,-0.191866
132.6610,-5863,-15.349299,-0.191866
132.6710,-5863,-15.349299,-0.191866
132.6810,-5863,-15.349299,-0.191866
132.6910,-5863,-15.349299,-0.191866
132.7010,-5863,-15.349299,-0.191866
132.7110,-5863,-15.349299,-0.191866
132.7210,-5862,-15.346682,-0.191834
132.7310,-5863,-15.349299,-0.191866
132.7410,-5863,-15.349299,-0.191866
132.7510,-5864,-15.351918,-0.191899
132.7610,-5864,-15.351918,-0.191899
132.7710,-5864,-15.351918,-0.191899
132.7810,-5864,-15.351918,-0.191899
132.7910,-5864,-15.351918,-0.191899
132.8010,-5864,-15.351918,-0.191899
132.8110,-5864,-15.351918,-0.191899
132.8210,-5864,-15.351918,-0.191899
132.8310,-5864,-15.351918,-0.191899
132.8410,-5864,-15.351918,-0.191899
132.8510,-5864,-15.351918,-0.191899
132.8610,-5864,-15.351918,-0.191899
132.8710,-5864,-15.351918,-0.191899
132.8810,-5864,-15.351918,-0.191899
132.8910,-5865,-15.354535,-0.191932
132.9010,-5865,-15.354535,-0.191932
132.9110,-5865,-15.354535,-0.191932
132.9210,-5866,-15.357153,-0.191964
132.9310,-5866,-15.357153,-0.191964
132.9410,-5866,-15.357153,-0.191964
132.9510,-5865,-15.354535,-0.191932
132.9610,-5865,-15.354535,-0.191932
132.9710,-5865,-15.354535,-0.191932
132.9810,-5865,-15.354535,-0.191932
132.9910,-5865,-15.354535,-0.191932
133.0010,-5865,-15.354535,-0.191932
133.0110,-5866,-15.357153,-0.191964
133.0210,-5866,-15.357153,-0.191964
133.0310,-5867,-15.359771,-0.191997
133.0410,-5867,-15.359771,-0.191997
133.0510,-5868,-15.362388,-0.192030
133.0610,-5868,-15.362388,-0.192030
133.0710,-5868,-15.362388,-0.192030
133.0810,-5868,-15.362388,-0.192030
133.0910,-5868,-15.362388,-0.192030
133.1010,-5868,-15.362388,-0.192030
133.1110,-5868,-15.362388,-0.192030
133.1210,-5868,-15.362388,-0.192030
133.1310,-5869,-15.365007,-0.192063
133.1410,-5870,-15.367626,-0.192095
133.1510,-5873,-15.375478,-0.192193
133.1610,-5877,-15.385951,-0.192324
133.1710,-5879,-15.391186,-0.192390
133.1810,-5882,-15.399041,-0.192488
133.1910,-5884,-15.404276,-0.192553
133.2010,-5886,-15.409514,-0.192619
133.2120,-5887,-15.412131,-0.192652
133.2210,-5888,-15.414749,-0.192684
133.2310,-5888,-15.414749,-0.192684
133.2410,-5888,-15.414749,-0.192684
133.2510,-5886,-15.409514,-0.192619
133.2610,-5885,-15.406895,-0.192586
133.2710,-5884,-15.404276,-0.192553
133.2810,-5884,-15.404276,-0.192553
133.2910,-5884,-15.404276,-0.192553
133.3010,-5885,-15.406895,-0.192586
133.3110,-5886,-15.409514,-0.192619
133.3210,-5887,-15.412131,-0.192652
133.3310,-5889,-15.417366,-0.192717
133.3410,-5890,-15.419984,-0.192750
133.3510,-5891,-15.422603,-0.192783
133.3610,-5891,-15.422603,-0.192783
133.3710,-5891,-15.422603,-0.192783
133.3810,-5891,-15.422603,-0.192783
133.3910,-5889,-15.417366,-0.192717
133.4010,-5889,-15.417366,-0.192717
133.4110,-5888,-15.414749,-0.192684
133.4210,-5888,-15.414749,-0.192684
133.4310,-5888,-15.414749,-0.192684
133.4410,-5888,-15.414749,-0.192684
133.4510,-5889,-15.417366,-0.192717
133.4610,-5890,-15.419984,-0.192750
133.4710,-5891,-15.422603,-0.192783
133.4810,-5892,-15.425220,-0.192815
133.4910,-5892,-15.425220,-0.192815
133.5010,-5892,-15.425220,-0.192815
133.5110,-5892,-15.425220,-0.192815
133.5210,-5892,-15.425220,-0.192815
133.5310,-5891,-15.422603,-0.192783
133.5410,-5890,-15.419984,-0.192750
133.5510,-5889,-15.417366,-0.192717
133.5610,-5890,-15.419984,-0.192750
133.5710,-5890,-15.419984,-0.192750
133.5810,-5890,-15.419984,-0.192750
133.5910,-5891,-15.422603,-0.192783
133.6010,-5892,-15.425220,-0.192815
133.6110,-5892,-15.425220,-0.192815
133.6210,-5893,-15.427839,-0.192848
133.6310,-5893,-15.427839,-0.192848
133.6410,-5893,-15.427839,-0.192848
133.6510,-5893,-15.427839,-0.192848
133.6610,-5892,-15.425220,-0.192815
133.6710,-5892,-15.425220,-0.192815
133.6810,-5892,-15.425220,-0.192815
133.6910,-5891,-15.422603,-0.192783
133.7010,-5891,-15.422603,-0.192783
133.7110,-5891,-15.422603,-0.192783
133.7210,-5892,-15.425220,-0.192815
133.7310,-5892,-15.425220,-0.192815
133.7410,-5893,-15.427839,-0.192848
133.7510,-5893,-15.427839,-0.192848
133.7610,-5894,-15.430458,-0.192881
133.7710,-5894,-15.430458,-0.192881
133.7810,-5894,-15.430458,-0.192881
133.7910,-5893,-15.427839,-0.192848
133.8010,-5893,-15.427839,-0.192848
133.8110,-5893,-15.427839,-0.192848
133.8210,-5893,-15.427839,-0.192848
133.8310,-5892,-15.425220,-0.192815
133.8410,-5893,-15.427839,-0.192848
133.8520,-5893,-15.427839,-0.192848
133.8610,-5893,-15.427839,-0.192848
133.8710,-5893,-15.427839,-0.192848
133.8810,-5894,-15.430458,-0.192881
133.8910,-5894,-15.430458,-0.192881
133.9010,-5894,-15.430458,-0.192881
133.9110,-5894,-15.430458,-0.192881
133.9210,-5894,-15.430458,-0.192881
133.9310,-5894,-15.430458,-0.192881
133.9410,-5894,-15.430458,-0.192881
133.9510,-5893,-15.427839,-0.192848
133.9610,-5893,-15.427839,-0.192848
133.9710,-5893,-15.427839,-0.192848
133.9810,-5893,-15.427839,-0.192848
133.9910,-5894,-15.430458,-0.192881
134.0010,-5894,-15.430458,-0.192881
134.0110,-5894,-15.430458,-0.192881
134.0210,-5895,-15.433074,-0.192913
134.0310,-5895,-15.433074,-0.192913
134.0410,-5895,-15.433074,-0.192913
134.0510,-5895,-15.433074,-0.192913
134.0610,-5895,-15.433074,-0.192913
134.0710,-5895,-15.433074,-0.192913
134.0810,-5894,-15.430458,-0.192881
134.0910,-5894,-15.430458,-0.192881
134.1010,-5894,-15.430458,-0.192881
134.1110,-5894,-15.430458,-0.192881
134.1210,-5894,-15.430458,-0.192881
134.1310,-5895,-15.433074,-0.192913
134.1410,-5895,-15.433074,-0.192913
134.1510,-5895,-15.433074,-0.192913
134.1610,-5896,-15.435693,-0.192946
134.1710,-5896,-15.435693,-0.192946
134.1810,-5896,-15.435693,-0.192946
134.1910,-5896,-15.435693,-0.192946
134.2010,-5895,-15.433074,-0.192913
134.2110,-5895,-15.433074,-0.192913
134.2210,-5895,-15.433074,-0.192913
134.2310,-5895,-15.433074,-0.192913
134.2410,-5895,-15.433074,-0.192913
134.2510,-5895,-15.433074,-0.192913
134.2610,-5895,-15.433074,-0.192913
134.2710,-5895,-15.433074,-0.192913
134.2810,-5896,-15.435693,-0.192946
134.2910,-5896,-15.435693,-0.192946
134.3010,-5896,-15.435693,-0.192946
134.3110,-5896,-15.435693,-0.192946
134.3210,-5896,-15.435693,-0.192946
134.3310,-5896,-15.435693,-0.192946
134.3410,-5896,-15.435693,-0.192946
134.3510,-5896,-15.435693,-0.192946
134.3610,-5895,-15.433074,-0.192913
134.3710,-5895,-15.433074,-0.192913
134.3810,-5895,-15.433074,-0.192913
134.3910,-5896,-15.435693,-0.192946
134.4010,-5896,-15.435693,-0.192946
134.4110,-5896,-15.435693,-0.192946
134.4210,-5896,-15.435693,-0.192946
134.4310,-5897,-15.438310,-0.192979
134.4410,-5897,-15.438310,-0.192979
134.4510,-5897,-15.438310,-0.192979
134.4610,-5897,-15.438310,-0.192979
134.4710,-5897,-15.438310,-0.192979
134.4810,-5896,-15.435693,-0.192946
134.4920,-5896,-15.435693,-0.192946
134.5010,-5896,-15.435693,-0.192946
134.5110,-5896,-15.435693,-0.192946
134.5210,-5896,-15.435693,-0.192946
134.5310,-5896,-15.435693,-0.192946
134.5410,-5896,-15.435693,-0.192946
134.5510,-5897,-15.438310,-0.192979
134.5610,-5897,-15.438310,-0.192979
134.5710,-5897,-15.438310,-0.192979
134.5810,-5897,-15.438310,-0.192979
134.5910,-5897,-15.438310,-0.192979
134.6010,-5897,-15.438310,-0.192979
134.6110,-5897,-15.438310,-0.192979
134.6210,-5897,-15.438310,-0.192979
134.6310,-5897,-15.438310,-0.192979
134.6410,-5897,-15.438310,-0.192979
134.6510,-5897,-15.438310,-0.192979
134.6610,-5897,-15.438310,-0.192979
134.6710,-5897,-15.438310,-0.192979
134.6810,-5897,-15.438310,-0.192979
134.6910,-5897,-15.438310,-0.192979
134.7010,-5897,-15.438310,-0.192979
134.7110,-5898,-15.440929,-0.193012
134.7210,-5898,-15.440929,-0.193012
134.7310,-5898,-15.440929,-0.193012
134.7410,-5898,-15.440929,-0.193012
134.7510,-5898,-15.440929,-0.193012
134.7610,-5897,-15.438310,-0.192979
134.7710,-5897,-15.438310,-0.192979
134.7810,-5897,-15.438310,-0.192979
134.7910,-5897,-15.438310,-0.192979
134.8010,-5897,-15.438310,-0.192979
134.8110,-5898,-15.440929,-0.193012
134.8210,-5898,-15.440929,-0.193012
134.8310,-5898,-15.440929,-0.193012
134.8410,-5898,-15.440929,-0.193012
134.8510,-5898,-15.440929,-0.193012
134.8610,-5898,-15.440929,-0.193012
134.8710,-5898,-15.440929,-0.193012
134.8810,-5898,-15.440929,-0.193012
134.8910,-5898,-15.440929,-0.193012
134.9010,-5898,-15.440929,-0.193012
134.9110,-5898,-15.440929,-0.193012
134.9210,-5898,-15.440929,-0.193012
134.9310,-5898,-15.440929,-0.193012
134.9410,-5898,-15.440929,-0.193012
134.9510,-5899,-15.443547,-0.193044
134.9610,-5899,-15.443547,-0.193044
134.9710,-5899,-15.443547,-0.193044
134.9810,-5899,-15.443547,-0.193044
134.9910,-5899,-15.443547,-0.193044
135.0010,-5899,-15.443547,-0.193044
135.0110,-5899,-15.443547,-0.193044
135.0210,-5899,-15.443547,-0.193044
135.0310,-5899,-15.443547,-0.193044
135.0410,-5899,-15.443547,-0.193044
135.0510,-5899,-15.443547,-0.193044
135.0610,-5899,-15.443547,-0.193044
135.0710,-5899,-15.443547,-0.193044
135.0810,-5899,-15.443547,-0.193044
135.0910,-5899,-15.443547,-0.193044
135.1010,-5899,-15.443547,-0.193044
135.1110,-5900,-15.446165,-0.193077
135.1210,-5900,-15.446165,-0.193077
135.1320,-5900,-15.446165,-0.193077
135.1410,-5900,-15.446165,-0.193077
135.1510,-5900,-15.446165,-0.193077
135.1610,-5900,-15.446165,-0.193077
135.1710,-5900,-15.446165,-0.193077
135.1810,-5900,-15.446165,-0.193077
135.1910,-5900,-15.446165,-0.193077
135.2010,-5900,-15.446165,-0.193077
135.2110,-5900,-15.446165,-0.193077
135.2210,-5900,-15.446165,-0.193077
135.2310,-5900,-15.446165,-0.193077
135.2410,-5900,-15.446165,-0.193077
135.2510,-5901,-15.448782,-0.193110
135.2610,-5901,-15.448782,-0.193110
135.2710,-5901,-15.448782,-0.193110
135.2810,-5901,-15.448782,-0.193110
135.2910,-5901,-15.448782,-0.193110
135.3010,-5901,-15.448782,-0.193110
135.3110,-5901,-15.448782,-0.193110
135.3210,-5901,-15.448782,-0.193110
135.3310,-5900,-15.446165,-0.193077
135.3410,-5900,-15.446165,-0.193077
135.3510,-5900,-15.446165,-0.193077
135.3610,-5901,-15.448782,-0.193110
135.3710,-5901,-15.448782,-0.193110
135.3810,-5901,-15.448782,-0.193110
135.3910,-5901,-15.448782,-0.193110
135.4010,-5901,-15.448782,-0.193110
135.4110,-5902,-15.451401,-0.193143
135.4210,-5902,-15.451401,-0.193143
135.4310,-5902,-15.451401,-0.193143
135.4410,-5902,-15.451401,-0.193143
135.4510,-5901,-15.448782,-0.193110
135.4610,-5901,-15.448782,-0.193110
135.4710,-5901,-15.448782,-0.193110
135.4810,-5901,-15.448782,-0.193110
135.4910,-5901,-15.448782,-0.193110
135.5010,-5902,-15.451401,-0.193143
135.5110,-5902,-15.451401,-0.193143
135.5210,-5902,-15.451401,-0.193143
135.5310,-5902,-15.451401,-0.193143
135.5410,-5902,-15.451401,-0.193143
135.5510,-5903,-15.454018,-0.193175
135.5610,-5903,-15.454018,-0.193175
135.5710,-5903,-15.454018,-0.193175
135.5810,-5903,-15.454018,-0.193175
135.5910,-5902,-15.451401,-0.193143
135.6010,-5902,-15.451401,-0.193143
135.6110,-5902,-15.451401,-0.193143
135.6210,-5902,-15.451401,-0.193143
135.6310,-5902,-15.451401,-0.193143
135.6410,-5903,-15.454018,-0.193175
135.6510,-5903,-15.454018,-0.193175
135.6610,-5903,-15.454018,-0.193175
135.6710,-5903,-15.454018,-0.193175
135.6810,-5903,-15.454018,-0.193175
135.6910,-5903,-15.454018,-0.193175
135.7010,-5903,-15.454018,-0.193175
135.7110,-5903,-15.454018,-0.193175
135.7210,-5903,-15.454018,-0.193175
135.7310,-5903,-15.454018,-0.193175
135.7410,-5903,-15.454018,-0.193175
135.7510,-5903,-15.454018,-0.193175
135.7610,-5903,-15.454018,-0.193175
135.7720,-5903,-15.454018,-0.193175
135.7810,-5903,-15.454018,-0.193175
135.7910,-5903,-15.454018,-0.193175
135.8010,-5904,-15.456637,-0.193208
135.8110,-5904,-15.456637,-0.193208
135.8210,-5904,-15.456637,-0.193208
135.8310,-5904,-15.456637,-0.193208
135.8410,-5904,-15.456637,-0.193208
135.8510,-5904,-15.456637,-0.193208
135.8610,-5904,-15.456637,-0.193208
135.8710,-5904,-15.456637,-0.193208
135.8810,-5904,-15.456637,-0.193208
135.8910,-5904,-15.456637,-0.193208
135.9010,-5904,-15.456637,-0.193208
135.9110,-5904,-15.456637,-0.193208
135.9210,-5904,-15.456637,-0.193208
135.9310,-5904,-15.456637,-0.193208
135.9410,-5904,-15.456637,-0.193208
135.9510,-5904,-15.456637,-0.193208
135.9610,-5905,-15.459254,-0.193241
135.9710,-5905,-15.459254,-0.193241
135.9810,-5905,-15.459254,-0.193241
135.9910,-5905,-15.459254,-0.193241
136.0010,-5905,-15.459254,-0.193241
136.0110,-5905,-15.459254,-0.193241
136.0210,-5905,-15.459254,-0.193241
136.0310,-5904,-15.456637,-0.193208
136.0410,-5904,-15.456637,-0.193208
136.0510,-5904,-15.456637,-0.193208
136.0610,-5905,-15.459254,-0.193241
136.0710,-5905,-15.459254,-0.193241
136.0810,-5905,-15.459254,-0.193241
136.0910,-5905,-15.459254,-0.193241
136.1010,-5905,-15.459254,-0.193241
136.1110,-5905,-15.459254,-0.193241
136.1210,-5905,-15.459254,-0.193241
136.1310,-5905,-15.459254,-0.193241
136.1410,-5905,-15.459254,-0.193241
136.1510,-5905,-15.459254,-0.193241
136.1610,-5905,-15.459254,-0.193241
136.1710,-5905,-15.459254,-0.193241
136.1810,-5905,-15.459254,-0.193241
136.1910,-5905,-15.459254,-0.193241
136.2010,-5905,-15.459254,-0.193241
136.2110,-5905,-15.459254,-0.193241
136.2210,-5906,-15.461873,-0.193273
136.2310,-5906,-15.461873,-0.193273
136.2410,-5906,-15.461873,-0.193273
136.2510,-5906,-15.461873,-0.193273
136.2610,-5906,-15.461873,-0.193273
136.2710,-5906,-15.461873,-0.193273
136.2810,-5906,-15.461873,-0.193273
136.2910,-5906,-15.461873,-0.193273
136.3010,-5906,-15.461873,-0.193273
136.3110,-5906,-15.461873,-0.193273
136.3210,-5906,-15.461873,-0.193273
136.3310,-5906,-15.461873,-0.193273
136.3410,-5906,-15.461873,-0.193273
136.3510,-5906,-15.461873,-0.193273
136.3610,-5906,-15.461873,-0.193273
136.3710,-5907,-15.464491,-0.193306
136.3810,-5907,-15.464491,-0.193306
136.3910,-5907,-15.464491,-0.193306
136.4010,-5907,-15.464491,-0.193306
136.4120,-5907,-15.464491,-0.193306
136.4210,-5907,-15.464491,-0.193306
136.4310,-5907,-15.464491,-0.193306
136.4410,-5906,-15.461873,-0.193273
136.4510,-5906,-15.461873,-0.193273
136.4610,-5906,-15.461873,-0.193273
136.4710,-5907,-15.464491,-0.193306
136.4810,-5907,-15.464491,-0.193306
136.4910,-5907,-15.464491,-0.193306
136.5010,-5907,-15.464491,-0.193306
136.5110,-5907,-15.464491,-0.193306
136.5210,-5908,-15.467108,-0.193339
136.5310,-5908,-15.467108,-0.193339
136.5410,-5908,-15.467108,-0.193339
136.5510,-5908,-15.467108,-0.193339
136.5610,-5907,-15.464491,-0.193306
136.5710,-5907,-15.464491,-0.193306
136.5810,-5907,-15.464491,-0.193306
136.5910,-5907,-15.464491,-0.193306
136.6010,-5907,-15.464491,-0.193306
136.6110,-5908,-15.467108,-0.193339
136.6210,-5908,-15.467108,-0.193339
136.6310,-5908,-15.467108,-0.193339
136.6410,-5908,-15.467108,-0.193339
136.6510,-5908,-15.467108,-0.193339
136.6610,-5908,-15.467108,-0.193339
136.6710,-5908,-15.467108,-0.193339
136.6810,-5908,-15.467108,-0.193339
136.6910,-5908,-15.467108,-0.193339
136.7010,-5908,-15.467108,-0.193339
136.7110,-5908,-15.467108,-0.193339
136.7210,-5908,-15.467108,-0.193339
136.7310,-5908,-15.467108,-0.193339
136.7410,-5908,-15.467108,-0.193339
136.7510,-5908,-15.467108,-0.193339
136.7610,-5908,-15.467108,-0.193339
136.7710,-5909,-15.469727,-0.193372
136.7810,-5909,-15.469727,-0.193372
136.7910,-5909,-15.469727,-0.193372
136.8010,-5909,-15.469727,-0.193372
136.8110,-5909,-15.469727,-0.193372
136.8210,-5909,-15.469727,-0.193372
136.8310,-5909,-15.469727,-0.193372
136.8410,-5909,-15.469727,-0.193372
136.8510,-5909,-15.469727,-0.193372
136.8610,-5909,-15.469727,-0.193372
136.8710,-5909,-15.469727,-0.193372
136.8810,-5909,-15.469727,-0.193372
136.8910,-5909,-15.469727,-0.193372
136.9010,-5909,-15.469727,-0.193372
136.9110,-5910,-15.472345,-0.193404
136.9210,-5910,-15.472345,-0.193404
136.9310,-5910,-15.472345,-0.193404
136.9410,-5910,-15.472345,-0.193404
136.9510,-5910,-15.472345,-0.193404
136.9610,-5910,-15.472345,-0.193404
136.9710,-5910,-15.472345,-0.193404
136.9810,-5910,-15.472345,-0.193404
136.9910,-5910,-15.472345,-0.193404
137.0010,-5910,-15.472345,-0.193404
137.0110,-5910,-15.472345,-0.193404
137.0210,-5910,-15.472345,-0.193404
137.0310,-5910,-15.472345,-0.193404
137.0410,-5910,-15.472345,-0.193404
137.0520,-5911,-15.474963,-0.193437
137.0610,-5911,-15.474963,-0.193437
137.0710,-5911,-15.474963,-0.193437
137.0810,-5911,-15.474963,-0.193437
137.0910,-5911,-15.474963,-0.193437
137.1010,-5911,-15.474963,-0.193437
137.1110,-5911,-15.474963,-0.193437
137.1210,-5911,-15.474963,-0.193437
137.1310,-5911,-15.474963,-0.193437
137.1410,-5911,-15.474963,-0.193437
137.1510,-5911,-15.474963,-0.193437
137.1610,-5911,-15.474963,-0.193437
137.1710,-5911,-15.474963,-0.193437
137.1810,-5911,-15.474963,-0.193437
137.1910,-5912,-15.477581,-0.193470
137.2010,-5912,-15.477581,-0.193470
137.2110,-5912,-15.477581,-0.193470
137.2210,-5912,-15.477581,-0.193470
137.2310,-5912,-15.477581,-0.193470
137.2410,-5912,-15.477581,-0.193470
137.2510,-5912,-15.477581,-0.193470
137.2610,-5912,-15.477581,-0.193470
137.2710,-5912,-15.477581,-0.193470
137.2810,-5912,-15.477581,-0.193470
137.2910,-5912,-15.477581,-0.193470
137.3010,-5912,-15.477581,-0.193470
137.3110,-5912,-15.477581,-0.193470
137.3210,-5912,-15.477581,-0.193470
137.3310,-5913,-15.480198,-0.193502
137.3410,-5913,-15.480198,-0.193502
137.3510,-5913,-15.480198,-0.193502
137.3610,-5913,-15.480198,-0.193502
137.3710,-5913,-15.480198,-0.193502
137.3810,-5913,-15.480198,-0.193502
137.3910,-5913,-15.480198,-0.193502
137.4010,-5913,-15.480198,-0.193502
137.4110,-5913,-15.480198,-0.193502
137.4210,-5913,-15.480198,-0.193502
137.4310,-5913,-15.480198,-0.193502
137.4410,-5913,-15.480198,-0.193502
137.4510,-5913,-15.480198,-0.193502
137.4610,-5913,-15.480198,-0.193502
137.4710,-5914,-15.482816,-0.193535
137.4810,-5915,-15.485435,-0.193568
137.4910,-5915,-15.485435,-0.193568
137.5010,-5915,-15.485435,-0.193568
137.5110,-5915,-15.485435,-0.193568
137.5210,-5915,-15.485435,-0.193568
137.5310,-5915,-15.485435,-0.193568
137.5410,-5915,-15.485435,-0.193568
137.5510,-5915,-15.485435,-0.193568
137.5610,-5915,-15.485435,-0.193568
137.5710,-5915,-15.485435,-0.193568
137.5810,-5915,-15.485435,-0.193568
137.5910,-5916,-15.488052,-0.193601
137.6010,-5916,-15.488052,-0.193601
137.6110,-5916,-15.488052,-0.193601
137.6210,-5917,-15.490671,-0.193633
137.6310,-5917,-15.490671,-0.193633
137.6410,-5917,-15.490671,-0.193633
137.6510,-5917,-15.490671,-0.193633
137.6610,-5917,-15.490671,-0.193633
137.6710,-5917,-15.490671,-0.193633
137.6810,-5917,-15.490671,-0.193633
137.6920,-5917,-15.490671,-0.193633
137.7010,-5917,-15.490671,-0.193633
137.7110,-5917,-15.490671,-0.193633
137.7210,-5918,-15.493289,-0.193666
137.7310,-5919,-15.495906,-0.193699
137.7410,-5920,-15.498525,-0.193732
137.7510,-5920,-15.498525,-0.193732
137.7610,-5921,-15.501142,-0.193764
137.7710,-5922,-15.503761,-0.193797
137.7810,-5922,-15.503761,-0.193797
137.7910,-5922,-15.503761,-0.193797
137.8010,-5922,-15.503761,-0.193797
137.8110,-5922,-15.503761,-0.193797
137.8210,-5922,-15.503761,-0.193797
137.8310,-5922,-15.503761,-0.193797
137.8410,-5922,-15.503761,-0.193797
137.8510,-5922,-15.503761,-0.193797
137.8610,-5922,-15.503761,-0.193797
137.8710,-5923,-15.506379,-0.193830
137.8810,-5923,-15.506379,-0.193830
137.8910,-5924,-15.508996,-0.193862
137.9010,-5925,-15.511614,-0.193895
137.9110,-5925,-15.511614,-0.193895
137.9210,-5925,-15.511614,-0.193895
137.9310,-5925,-15.511614,-0.193895
137.9410,-5925,-15.511614,-0.193895
137.9510,-5925,-15.511614,-0.193895
137.9610,-5925,-15.511614,-0.193895
137.9710,-5925,-15.511614,-0.193895
137.9810,-5925,-15.511614,-0.193895
137.9910,-5924,-15.508996,-0.193862
138.0010,-5925,-15.511614,-0.193895
138.0110,-5925,-15.511614,-0.193895
138.0210,-5926,-15.514233,-0.193928
138.0310,-5926,-15.514233,-0.193928
138.0410,-5927,-15.516850,-0.193961
138.0510,-5927,-15.516850,-0.193961
138.0610,-5928,-15.519469,-0.193993
138.0710,-5928,-15.519469,-0.193993
138.0810,-5928,-15.519469,-0.193993
138.0910,-5928,-15.519469,-0.193993
138.1010,-5928,-15.519469,-0.193993
138.1110,-5928,-15.519469,-0.193993
138.1210,-5928,-15.519469,-0.193993
138.1310,-5928,-15.519469,-0.193993
138.1410,-5928,-15.519469,-0.193993
138.1510,-5928,-15.519469,-0.193993
138.1610,-5929,-15.522088,-0.194026
138.1710,-5929,-15.522088,-0.194026
138.1810,-5930,-15.524704,-0.194059
138.1910,-5930,-15.524704,-0.194059
138.2010,-5930,-15.524704,-0.194059
138.2110,-5930,-15.524704,-0.194059
138.2210,-5930,-15.524704,-0.194059
138.2310,-5930,-15.524704,-0.194059
138.2410,-5929,-15.522088,-0.194026
138.2510,-5929,-15.522088,-0.194026
138.2610,-5929,-15.522088,-0.194026
138.2710,-5929,-15.522088,-0.194026
138.2810,-5930,-15.524704,-0.194059
138.2910,-5930,-15.524704,-0.194059
138.3010,-5930,-15.524704,-0.194059
138.3110,-5930,-15.524704,-0.194059
138.3210,-5931,-15.527323,-0.194092
138.3320,-5931,-15.527323,-0.194092
138.3410,-5931,-15.527323,-0.194092
138.3510,-5931,-15.527323,-0.194092
138.3610,-5931,-15.527323,-0.194092
138.3710,-5931,-15.527323,-0.194092
138.3810,-5931,-15.527323,-0.194092
138.3910,-5930,-15.524704,-0.194059
138.4010,-5930,-15.524704,-0.194059
138.4110,-5930,-15.524704,-0.194059
138.4210,-5931,-15.527323,-0.194092
138.4310,-5931,-15.527323,-0.194092
138.4410,-5931,-15.527323,-0.194092
138.4510,-5932,-15.529940,-0.194124
138.4610,-5932,-15.529940,-0.194124
138.4710,-5932,-15.529940,-0.194124
138.4810,-5932,-15.529940,-0.194124
138.4910,-5932,-15.529940,-0.194124
138.5010,-5932,-15.529940,-0.194124
138.5110,-5932,-15.529940,-0.194124
138.5210,-5932,-15.529940,-0.194124
138.5310,-5932,-15.529940,-0.194124
138.5410,-5932,-15.529940,-0.194124
138.5510,-5932,-15.529940,-0.194124
138.5610,-5932,-15.529940,-0.194124
138.5710,-5932,-15.529940,-0.194124
138.5810,-5933,-15.532559,-0.194157
138.5910,-5933,-15.532559,-0.194157
138.6010,-5933,-15.532559,-0.194157
138.6110,-5933,-15.532559,-0.194157
138.6210,-5933,-15.532559,-0.194157
138.6310,-5933,-15.532559,-0.194157
138.6410,-5933,-15.532559,-0.194157
138.6510,-5933,-15.532559,-0.194157
138.6610,-5933,-15.532559,-0.194157
138.6710,-5933,-15.532559,-0.194157
138.6810,-5933,-15.532559,-0.194157
138.6910,-5933,-15.532559,-0.194157
138.7010,-5933,-15.532559,-0.194157
138.7110,-5934,-15.535177,-0.194190
138.7210,-5934,-15.535177,-0.194190
138.7310,-5934,-15.535177,-0.194190
138.7410,-5935,-15.537795,-0.194222
138.7510,-5935,-15.537795,-0.194222
138.7610,-5935,-15.537795,-0.194222
138.7710,-5935,-15.537795,-0.194222
138.7810,-5934,-15.535177,-0.194190
138.7910,-5934,-15.535177,-0.194190
138.8010,-5934,-15.535177,-0.194190
138.8110,-5934,-15.535177,-0.194190
138.8210,-5934,-15.535177,-0.194190
138.8310,-5934,-15.535177,-0.194190
138.8410,-5934,-15.535177,-0.194190
138.8510,-5935,-15.537795,-0.194222
138.8610,-5935,-15.537795,-0.194222
138.8710,-5936,-15.540412,-0.194255
138.8810,-5936,-15.540412,-0.194255
138.8910,-5936,-15.540412,-0.194255
138.9010,-5936,-15.540412,-0.194255
138.9110,-5936,-15.540412,-0.194255
138.9210,-5936,-15.540412,-0.194255
138.9310,-5936,-15.540412,-0.194255
138.9410,-5936,-15.540412,-0.194255
138.9510,-5936,-15.540412,-0.194255
138.9610,-5936,-15.540412,-0.194255
138.9720,-5936,-15.540412,-0.194255
138.9810,-5936,-15.540412,-0.194255
138.9910,-5937,-15.543031,-0.194288
139.0010,-5937,-15.543031,-0.194288
139.0110,-5937,-15.543031,-0.194288
139.0210,-5937,-15.543031,-0.194288
139.0310,-5937,-15.543031,-0.194288
139.0410,-5937,-15.543031,-0.194288
139.0510,-5937,-15.543031,-0.194288
139.0610,-5937,-15.543031,-0.194288
139.0710,-5937,-15.543031,-0.194288
139.0810,-5937,-15.543031,-0.194288
139.0910,-5937,-15.543031,-0.194288
139.1010,-5937,-15.543031,-0.194288
139.1110,-5937,-15.543031,-0.194288
139.1210,-5937,-15.543031,-0.194288
139.1310,-5937,-15.543031,-0.194288
139.1410,-5937,-15.543031,-0.194288
139.1510,-5938,-15.545648,-0.194321
139.1610,-5938,-15.545648,-0.194321
139.1710,-5938,-15.545648,-0.194321
139.1810,-5938,-15.545648,-0.194321
139.1910,-5938,-15.545648,-0.194321
139.2010,-5938,-15.545648,-0.194321
139.2110,-5938,-15.545648,-0.194321
139.2210,-5937,-15.543031,-0.194288
139.2310,-5937,-15.543031,-0.194288
139.2410,-5937,-15.543031,-0.194288
139.2510,-5938,-15.545648,-0.194321
139.2610,-5938,-15.545648,-0.194321
139.2710,-5938,-15.545648,-0.194321
139.2810,-5938,-15.545648,-0.194321
139.2910,-5939,-15.548267,-0.194353
139.3010,-5939,-15.548267,-0.194353
139.3110,-5939,-15.548267,-0.194353
139.3210,-5939,-15.548267,-0.194353
139.3310,-5939,-15.548267,-0.194353
139.3410,-5938,-15.545648,-0.194321
139.3510,-5938,-15.545648,-0.194321
139.3610,-5938,-15.545648,-0.194321
139.3710,-5938,-15.545648,-0.194321
139.3810,-5938,-15.545648,-0.194321
139.3910,-5938,-15.545648,-0.194321
139.4010,-5938,-15.545648,-0.194321
139.4110,-5939,-15.548267,-0.194353
139.4210,-5939,-15.548267,-0.194353
139.4310,-5939,-15.548267,-0.194353
139.4410,-5939,-15.548267,-0.194353
139.4510,-5939,-15.548267,-0.194353
139.4610,-5939,-15.548267,-0.194353
139.4710,-5939,-15.548267,-0.194353
139.4810,-5939,-15.548267,-0.194353
139.4910,-5939,-15.548267,-0.194353
139.5010,-5939,-15.548267,-0.194353
139.5110,-5939,-15.548267,-0.194353
139.5210,-5939,-15.548267,-0.194353
139.5310,-5939,-15.548267,-0.194353
139.5410,-5939,-15.548267,-0.194353
139.5510,-5939,-15.548267,-0.194353
139.5610,-5939,-15.548267,-0.194353
139.5710,-5940,-15.550884,-0.194386
139.5810,-5940,-15.550884,-0.194386
139.5910,-5940,-15.550884,-0.194386
139.6010,-5940,-15.550884,-0.194386
139.6120,-5939,-15.548267,-0.194353
139.6210,-5939,-15.548267,-0.194353
139.6310,-5939,-15.548267,-0.194353
139.6410,-5939,-15.548267,-0.194353
139.6510,-5939,-15.548267,-0.194353
139.6610,-5939,-15.548267,-0.194353
139.6710,-5940,-15.550884,-0.194386
139.6810,-5940,-15.550884,-0.194386
139.6910,-5940,-15.550884,-0.194386
139.7010,-5940,-15.550884,-0.194386
139.7110,-5940,-15.550884,-0.194386
139.7210,-5940,-15.550884,-0.194386
139.7310,-5940,-15.550884,-0.194386
139.7410,-5940,-15.550884,-0.194386
139.7510,-5940,-15.550884,-0.194386
139.7610,-5940,-15.550884,-0.194386
139.7710,-5940,-15.550884,-0.194386
139.7810,-5940,-15.550884,-0.194386
139.7910,-5940,-15.550884,-0.194386
139.8010,-5940,-15.550884,-0.194386
139.8110,-5940,-15.550884,-0.194386
139.8210,-5940,-15.550884,-0.194386
139.8310,-5941,-15.553503,-0.194419
139.8410,-5941,-15.553503,-0.194419
139.8510,-5941,-15.553503,-0.194419
139.8610,-5941,-15.553503,-0.194419
139.8710,-5941,-15.553503,-0.194419
139.8810,-5941,-15.553503,-0.194419
139.8910,-5941,-15.553503,-0.194419
139.9010,-5941,-15.553503,-0.194419
139.9110,-5941,-15.553503,-0.194419
139.9210,-5941,-15.553503,-0.194419
139.9310,-5941,-15.553503,-0.194419
139.9410,-5941,-15.553503,-0.194419
139.9510,-5941,-15.553503,-0.194419
139.9610,-5941,-15.553503,-0.194419
139.9710,-5941,-15.553503,-0.194419
139.9810,-5941,-15.553503,-0.194419
139.9910,-5941,-15.553503,-0.194419
140.0010,-5941,-15.553503,-0.194419
140.0110,-5941,-15.553503,-0.194419
140.0210,-5941,-15.553503,-0.194419
140.0310,-5941,-15.553503,-0.194419
140.0410,-5941,-15.553503,-0.194419
140.0510,-5941,-15.553503,-0.194419
140.0610,-5941,-15.553503,-0.194419
140.0710,-5941,-15.553503,-0.194419
140.0810,-5941,-15.553503,-0.194419
140.0910,-5941,-15.553503,-0.194419
140.1010,-5941,-15.553503,-0.194419
140.1110,-5942,-15.556121,-0.194452
140.1210,-5942,-15.556121,-0.194452
140.1310,-5942,-15.556121,-0.194452
140.1410,-5942,-15.556121,-0.194452
140.1510,-5942,-15.556121,-0.194452
140.1610,-5942,-15.556121,-0.194452
140.1710,-5942,-15.556121,-0.194452
140.1810,-5942,-15.556121,-0.194452
140.1910,-5942,-15.556121,-0.194452
140.2010,-5942,-15.556121,-0.194452
140.2110,-5942,-15.556121,-0.194452
140.2210,-5942,-15.556121,-0.194452
140.2310,-5942,-15.556121,-0.194452
140.2410,-5942,-15.556121,-0.194452
140.2520,-5942,-15.556121,-0.194452
140.2610,-5942,-15.556121,-0.194452
140.2710,-5942,-15.556121,-0.194452
140.2810,-5942,-15.556121,-0.194452
140.2910,-5942,-15.556121,-0.194452
140.3010,-5942,-15.556121,-0.194452
140.3110,-5942,-15.556121,-0.194452
140.3210,-5942,-15.556121,-0.194452
140.3310,-5942,-15.556121,-0.194452
140.3410,-5942,-15.556121,-0.194452
140.3510,-5942,-15.556121,-0.194452
140.3610,-5943,-15.558738,-0.194484
140.3710,-5943,-15.558738,-0.194484
140.3810,-5943,-15.558738,-0.194484
140.3910,-5943,-15.558738,-0.194484
140.4010,-5943,-15.558738,-0.194484
140.4110,-5943,-15.558738,-0.194484
140.4210,-5943,-15.558738,-0.194484
140.4310,-5943,-15.558738,-0.194484
140.4410,-5943,-15.558738,-0.194484
140.4510,-5943,-15.558738,-0.194484
140.4610,-5943,-15.558738,-0.194484
140.4710,-5943,-15.558738,-0.194484
140.4810,-5943,-15.558738,-0.194484
140.4910,-5943,-15.558738,-0.194484
140.5010,-5943,-15.558738,-0.194484
140.5110,-5943,-15.558738,-0.194484
140.5210,-5943,-15.558738,-0.194484
140.5310,-5943,-15.558738,-0.194484
140.5410,-5943,-15.558738,-0.194484
140.5510,-5943,-15.558738,-0.194484
140.5610,-5943,-15.558738,-0.194484
140.5710,-5943,-15.558738,-0.194484
140.5810,-5943,-15.558738,-0.194484
140.5910,-5943,-15.558738,-0.194484
140.6010,-5943,-15.558738,-0.194484
140.6110,-5943,-15.558738,-0.194484
140.6210,-5943,-15.558738,-0.194484
140.6310,-5943,-15.558738,-0.194484
140.6410,-5943,-15.558738,-0.194484
140.6510,-5943,-15.558738,-0.194484
140.6610,-5944,-15.561357,-0.194517
140.6710,-5944,-15.561357,-0.194517
140.6810,-5944,-15.561357,-0.194517
140.6910,-5944,-15.561357,-0.194517
140.7010,-5944,-15.561357,-0.194517
140.7110,-5944,-15.561357,-0.194517
140.7210,-5944,-15.561357,-0.194517
140.7310,-5944,-15.561357,-0.194517
140.7410,-5944,-15.561357,-0.194517
140.7510,-5944,-15.561357,-0.194517
140.7610,-5944,-15.561357,-0.194517
140.7710,-5944,-15.561357,-0.194517
140.7810,-5944,-15.561357,-0.194517
140.7910,-5944,-15.561357,-0.194517
140.8010,-5944,-15.561357,-0.194517
140.8110,-5944,-15.561357,-0.194517
140.8210,-5944,-15.561357,-0.194517
140.8310,-5944,-15.561357,-0.194517
140.8410,-5944,-15.561357,-0.194517
140.8510,-5944,-15.561357,-0.194517
140.8610,-5944,-15.561357,-0.194517
140.8710,-5944,-15.561357,-0.194517
140.8810,-5944,-15.561357,-0.194517
140.8920,-5944,-15.561357,-0.194517
140.9010,-5944,-15.561357,-0.194517
140.9110,-5944,-15.561357,-0.194517
140.9210,-5944,-15.561357,-0.194517
140.9310,-5944,-15.561357,-0.194517
140.9410,-5944,-15.561357,-0.194517
140.9510,-5944,-15.561357,-0.194517
140.9610,-5945,-15.563975,-0.194550
140.9710,-5945,-15.563975,-0.194550
140.9810,-5945,-15.563975,-0.194550
140.9910,-5945,-15.563975,-0.194550
141.0010,-5945,-15.563975,-0.194550
141.0110,-5945,-15.563975,-0.194550
141.0210,-5944,-15.561357,-0.194517
141.0310,-5944,-15.561357,-0.194517
141.0410,-5944,-15.561357,-0.194517
141.0510,-5945,-15.563975,-0.194550
141.0610,-5945,-15.563975,-0.194550
141.0710,-5945,-15.563975,-0.194550
141.0810,-5945,-15.563975,-0.194550
141.0910,-5945,-15.563975,-0.194550
141.1010,-5945,-15.563975,-0.194550
141.1110,-5945,-15.563975,-0.194550
141.1210,-5945,-15.563975,-0.194550
141.1310,-5945,-15.563975,-0.194550
141.1410,-5945,-15.563975,-0.194550
141.1510,-5945,-15.563975,-0.194550
141.1610,-5945,-15.563975,-0.194550
141.1710,-5945,-15.563975,-0.194550
141.1810,-5945,-15.563975,-0.194550
141.1910,-5945,-15.563975,-0.194550
141.2010,-5945,-15.563975,-0.194550
141.2110,-5945,-15.563975,-0.194550
141.2210,-5945,-15.563975,-0.194550
141.2310,-5945,-15.563975,-0.194550
141.2410,-5945,-15.563975,-0.194550
141.2510,-5945,-15.563975,-0.194550
141.2610,-5945,-15.563975,-0.194550
141.2710,-5945,-15.563975,-0.194550
141.2810,-5945,-15.563975,-0.194550
141.2910,-5945,-15.563975,-0.194550
141.3010,-5945,-15.563975,-0.194550
141.3110,-5945,-15.563975,-0.194550
141.3210,-5945,-15.563975,-0.194550
141.3310,-5945,-15.563975,-0.194550
141.3410,-5945,-15.563975,-0.194550
141.3510,-5945,-15.563975,-0.194550
141.3610,-5945,-15.563975,-0.194550
141.3710,-5946,-15.566593,-0.194582
141.3810,-5946,-15.566593,-0.194582
141.3910,-5946,-15.566593,-0.194582
141.4010,-5946,-15.566593,-0.194582
141.4110,-5946,-15.566593,-0.194582
141.4210,-5946,-15.566593,-0.194582
141.4310,-5946,-15.566593,-0.194582
141.4410,-5945,-15.563975,-0.194550
141.4510,-5945,-15.563975,-0.194550
141.4610,-5945,-15.563975,-0.194550
141.4710,-5946,-15.566593,-0.194582
141.4810,-5946,-15.566593,-0.194582
141.4910,-5946,-15.566593,-0.194582
141.5010,-5946,-15.566593,-0.194582
141.5110,-5946,-15.566593,-0.194582
141.5210,-5946,-15.566593,-0.194582
141.5320,-5946,-15.566593,-0.194582
141.5410,-5946,-15.566593,-0.194582
141.5510,-5946,-15.566593,-0.194582
141.5610,-5946,-15.566593,-0.194582
141.5710,-5946,-15.566593,-0.194582
141.5810,-5946,-15.566593,-0.194582
141.5910,-5946,-15.566593,-0.194582
141.6010,-5946,-15.566593,-0.194582
141.6110,-5946,-15.566593,-0.194582
141.6210,-5946,-15.566593,-0.194582
141.6310,-5947,-15.569211,-0.194615
141.6410,-5947,-15.569211,-0.194615
141.6510,-5947,-15.569211,-0.194615
141.6610,-5947,-15.569211,-0.194615
141.6710,-5947,-15.569211,-0.194615
141.6810,-5947,-15.569211,-0.194615
141.6910,-5947,-15.569211,-0.194615
141.7010,-5947,-15.569211,-0.194615
141.7110,-5947,-15.569211,-0.194615
141.7210,-5947,-15.569211,-0.194615
141.7310,-5947,-15.569211,-0.194615
141.7410,-5947,-15.569211,-0.194615
141.7510,-5947,-15.569211,-0.194615
141.7610,-5947,-15.569211,-0.194615
141.7710,-5947,-15.569211,-0.194615
141.7810,-5947,-15.569211,-0.194615
141.7910,-5947,-15.569211,-0.194615
141.8010,-5947,-15.569211,-0.194615
141.8110,-5947,-15.569211,-0.194615
141.8210,-5947,-15.569211,-0.194615
141.8310,-5947,-15.569211,-0.194615
141.8410,-5947,-15.569211,-0.194615
141.8510,-5947,-15.569211,-0.194615
141.8610,-5947,-15.569211,-0.194615
141.8710,-5947,-15.569211,-0.194615
141.8810,-5947,-15.569211,-0.194615
141.8910,-5947,-15.569211,-0.194615
141.9010,-5947,-15.569211,-0.194615
141.9110,-5947,-15.569211,-0.194615
141.9210,-5947,-15.569211,-0.194615
141.9310,-5948,-15.571827,-0.194648
141.9410,-5948,-15.571827,-0.194648
141.9510,-5948,-15.571827,-0.194648
141.9610,-5948,-15.571827,-0.194648
141.9710,-5948,-15.571827,-0.194648
141.9810,-5948,-15.571827,-0.194648
141.9910,-5947,-15.569211,-0.194615
142.0010,-5947,-15.569211,-0.194615
142.0110,-5947,-15.569211,-0.194615
142.0210,-5948,-15.571827,-0.194648
142.0310,-5948,-15.571827,-0.194648
142.0410,-5948,-15.571827,-0.194648
142.0510,-5948,-15.571827,-0.194648
142.0610,-5948,-15.571827,-0.194648
142.0710,-5948,-15.571827,-0.194648
142.0810,-5948,-15.571827,-0.194648
142.0910,-5948,-15.571827,-0.194648
142.1010,-5948,-15.571827,-0.194648
142.1110,-5948,-15.571827,-0.194648
142.1210,-5948,-15.571827,-0.194648
142.1310,-5948,-15.571827,-0.194648
142.1410,-5948,-15.571827,-0.194648
142.1510,-5948,-15.571827,-0.194648
142.1610,-5948,-15.571827,-0.194648
142.1720,-5948,-15.571827,-0.194648
142.1810,-5948,-15.571827,-0.194648
142.1910,-5948,-15.571827,-0.194648
142.2010,-5948,-15.571827,-0.194648
142.2110,-5948,-15.571827,-0.194648
142.2210,-5948,-15.571827,-0.194648
142.2310,-5948,-15.571827,-0.194648
142.2410,-5948,-15.571827,-0.194648
142.2510,-5948,-15.571827,-0.194648
142.2610,-5948,-15.571827,-0.194648
142.2710,-5948,-15.571827,-0.194648
142.2810,-5948,-15.571827,-0.194648
142.2910,-5948,-15.571827,-0.194648
142.3010,-5948,-15.571827,-0.194648
142.3110,-5948,-15.571827,-0.194648
142.3210,-5948,-15.571827,-0.194648
142.3310,-5948,-15.571827,-0.194648
142.3410,-5948,-15.571827,-0.194648
142.3510,-5949,-15.574446,-0.194681
142.3610,-5949,-15.574446,-0.194681
142.3710,-5949,-15.574446,-0.194681
142.3810,-5949,-15.574446,-0.194681
142.3910,-5949,-15.574446,-0.194681
142.4010,-5949,-15.574446,-0.194681
142.4110,-5948,-15.571827,-0.194648
142.4210,-5948,-15.571827,-0.194648
142.4310,-5948,-15.571827,-0.194648
142.4410,-5949,-15.574446,-0.194681
142.4510,-5949,-15.574446,-0.194681
142.4610,-5949,-15.574446,-0.194681
142.4710,-5949,-15.574446,-0.194681
142.4810,-5949,-15.574446,-0.194681
142.4910,-5949,-15.574446,-0.194681
142.5010,-5949,-15.574446,-0.194681
142.5110,-5949,-15.574446,-0.194681
142.5210,-5949,-15.574446,-0.194681
142.5310,-5949,-15.574446,-0.194681
142.5410,-5949,-15.574446,-0.194681
142.5510,-5949,-15.574446,-0.194681
142.5610,-5949,-15.574446,-0.194681
142.5710,-5949,-15.574446,-0.194681
142.5810,-5949,-15.574446,-0.194681
142.5910,-5949,-15.574446,-0.194681
142.6010,-5949,-15.574446,-0.194681
142.6110,-5949,-15.574446,-0.194681
142.6210,-5949,-15.574446,-0.194681
142.6310,-5949,-15.574446,-0.194681
142.6410,-5949,-15.574446,-0.194681
142.6510,-5949,-15.574446,-0.194681
142.6610,-5949,-15.574446,-0.194681
142.6710,-5949,-15.574446,-0.194681
142.6810,-5949,-15.574446,-0.194681
142.6910,-5949,-15.574446,-0.194681
142.7010,-5949,-15.574446,-0.194681
142.7110,-5949,-15.574446,-0.194681
142.7210,-5949,-15.574446,-0.194681
142.7310,-5949,-15.574446,-0.194681
142.7410,-5949,-15.574446,-0.194681
142.7510,-5949,-15.574446,-0.194681
142.7610,-5949,-15.574446,-0.194681
142.7710,-5949,-15.574446,-0.194681
142.7810,-5949,-15.574446,-0.194681
142.7910,-5949,-15.574446,-0.194681
142.8010,-5949,-15.574446,-0.194681
142.8120,-5949,-15.574446,-0.194681
142.8210,-5949,-15.574446,-0.194681
142.8310,-5949,-15.574446,-0.194681
142.8410,-5949,-15.574446,-0.194681
142.8510,-5949,-15.574446,-0.194681
142.8610,-5949,-15.574446,-0.194681
142.8710,-5949,-15.574446,-0.194681
142.8810,-5949,-15.574446,-0.194681
142.8910,-5949,-15.574446,-0.194681
142.9010,-5949,-15.574446,-0.194681
142.9110,-5949,-15.574446,-0.194681
142.9210,-5949,-15.574446,-0.194681
142.9310,-5949,-15.574446,-0.194681
142.9410,-5949,-15.574446,-0.194681
142.9510,-5949,-15.574446,-0.194681
142.9610,-5949,-15.574446,-0.194681
142.9710,-5949,-15.574446,-0.194681
142.9810,-5949,-15.574446,-0.194681
142.9910,-5949,-15.574446,-0.194681
143.0010,-5949,-15.574446,-0.194681
143.0110,-5949,-15.574446,-0.194681
143.0210,-5949,-15.574446,-0.194681
143.0310,-5949,-15.574446,-0.194681
143.0410,-5949,-15.574446,-0.194681
143.0510,-5949,-15.574446,-0.194681
143.0610,-5949,-15.574446,-0.194681
143.0710,-5949,-15.574446,-0.194681
143.0810,-5949,-15.574446,-0.194681
143.0910,-5949,-15.574446,-0.194681
143.1010,-5949,-15.574446,-0.194681
143.1110,-5949,-15.574446,-0.194681
143.1210,-5949,-15.574446,-0.194681
143.1310,-5949,-15.574446,-0.194681
143.1410,-5950,-15.577065,-0.194713
143.1510,-5950,-15.577065,-0.194713
143.1610,-5950,-15.577065,-0.194713
143.1710,-5950,-15.577065,-0.194713
143.1810,-5950,-15.577065,-0.194713
143.1910,-5950,-15.577065,-0.194713
143.2010,-5950,-15.577065,-0.194713
143.2110,-5950,-15.577065,-0.194713
143.2210,-5950,-15.577065,-0.194713
143.2310,-5950,-15.577065,-0.194713
143.2410,-5950,-15.577065,-0.194713
143.2510,-5950,-15.577065,-0.194713
143.2610,-5950,-15.577065,-0.194713
143.2710,-5950,-15.577065,-0.194713
143.2810,-5950,-15.577065,-0.194713
143.2910,-5950,-15.577065,-0.194713
143.3010,-5950,-15.577065,-0.194713
143.3110,-5950,-15.577065,-0.194713
143.3210,-5950,-15.577065,-0.194713
143.3310,-5950,-15.577065,-0.194713
143.3410,-5950,-15.577065,-0.194713
143.3510,-5950,-15.577065,-0.194713
143.3610,-5950,-15.577065,-0.194713
143.3710,-5950,-15.577065,-0.194713
143.3810,-5950,-15.577065,-0.194713
143.3910,-5950,-15.577065,-0.194713
143.4010,-5950,-15.577065,-0.194713
143.4110,-5950,-15.577065,-0.194713
143.4210,-5950,-15.577065,-0.194713
143.4310,-5950,-15.577065,-0.194713
143.4410,-5950,-15.577065,-0.194713
143.4520,-5951,-15.579682,-0.194746
143.4610,-5951,-15.579682,-0.194746
143.4710,-5951,-15.579682,-0.194746
143.4810,-5951,-15.579682,-0.194746
143.4910,-5951,-15.579682,-0.194746
143.5010,-5951,-15.579682,-0.194746
143.5110,-5951,-15.579682,-0.194746
143.5210,-5951,-15.579682,-0.194746
143.5310,-5951,-15.579682,-0.194746
143.5410,-5951,-15.579682,-0.194746
143.5510,-5951,-15.579682,-0.194746
143.5610,-5951,-15.579682,-0.194746
143.5710,-5951,-15.579682,-0.194746
143.5810,-5951,-15.579682,-0.194746
143.5910,-5951,-15.579682,-0.194746
143.6010,-5951,-15.579682,-0.194746
143.6110,-5951,-15.579682,-0.194746
143.6210,-5951,-15.579682,-0.194746
143.6310,-5951,-15.579682,-0.194746
143.6410,-5951,-15.579682,-0.194746
143.6510,-5951,-15.579682,-0.194746
143.6610,-5951,-15.579682,-0.194746
143.6710,-5951,-15.579682,-0.194746
143.6810,-5951,-15.579682,-0.194746
143.6910,-5951,-15.579682,-0.194746
143.7010,-5951,-15.579682,-0.194746
143.7110,-5951,-15.579682,-0.194746
143.7210,-5951,-15.579682,-0.194746
143.7310,-5951,-15.579682,-0.194746
143.7410,-5951,-15.579682,-0.194746
143.7510,-5951,-15.579682,-0.194746
143.7610,-5951,-15.579682,-0.194746
143.7710,-5951,-15.579682,-0.194746
143.7810,-5951,-15.579682,-0.194746
143.7910,-5951,-15.579682,-0.194746
143.8010,-5951,-15.579682,-0.194746
143.8110,-5951,-15.579682,-0.194746
143.8210,-5951,-15.579682,-0.194746
143.8310,-5951,-15.579682,-0.194746
143.8410,-5951,-15.579682,-0.194746
143.8510,-5951,-15.579682,-0.194746
143.8610,-5951,-15.579682,-0.194746
143.8710,-5951,-15.579682,-0.194746
143.8810,-5951,-15.579682,-0.194746
143.8910,-5951,-15.579682,-0.194746
143.9010,-5951,-15.579682,-0.194746
143.9110,-5951,-15.579682,-0.194746
143.9210,-5951,-15.579682,-0.194746
143.9310,-5951,-15.579682,-0.194746
143.9410,-5951,-15.579682,-0.194746
143.9510,-5951,-15.579682,-0.194746
143.9610,-5951,-15.579682,-0.194746
143.9710,-5951,-15.579682,-0.194746
143.9810,-5951,-15.579682,-0.194746
143.9910,-5951,-15.579682,-0.194746
144.0010,-5951,-15.579682,-0.194746
144.0110,-5951,-15.579682,-0.194746
144.0210,-5951,-15.579682,-0.194746
144.0310,-5951,-15.579682,-0.194746
144.0410,-5951,-15.579682,-0.194746
144.0510,-5951,-15.579682,-0.194746
144.0610,-5951,-15.579682,-0.194746
144.0710,-5951,-15.579682,-0.194746
144.0810,-5951,-15.579682,-0.194746
144.0920,-5951,-15.579682,-0.194746
144.1010,-5951,-15.579682,-0.194746
144.1110,-5952,-15.582301,-0.194779
144.1210,-5952,-15.582301,-0.194779
144.1310,-5952,-15.582301,-0.194779
144.1410,-5952,-15.582301,-0.194779
144.1510,-5952,-15.582301,-0.194779
144.1610,-5952,-15.582301,-0.194779
144.1710,-5952,-15.582301,-0.194779
144.1810,-5952,-15.582301,-0.194779
144.1910,-5952,-15.582301,-0.194779
144.2010,-5952,-15.582301,-0.194779
144.2110,-5952,-15.582301,-0.194779
144.2210,-5952,-15.582301,-0.194779
144.2310,-5952,-15.582301,-0.194779
144.2410,-5952,-15.582301,-0.194779
144.2510,-5952,-15.582301,-0.194779
144.2610,-5952,-15.582301,-0.194779
144.2710,-5952,-15.582301,-0.194779
144.2810,-5952,-15.582301,-0.194779
144.2910,-5952,-15.582301,-0.194779
144.3010,-5952,-15.582301,-0.194779
144.3110,-5952,-15.582301,-0.194779
144.3210,-5952,-15.582301,-0.194779
144.3310,-5952,-15.582301,-0.194779
144.3410,-5952,-15.582301,-0.194779
144.3510,-5952,-15.582301,-0.194779
144.3610,-5952,-15.582301,-0.194779
144.3710,-5952,-15.582301,-0.194779
144.3810,-5952,-15.582301,-0.194779
144.3910,-5952,-15.582301,-0.194779
144.4010,-5952,-15.582301,-0.194779
144.4110,-5952,-15.582301,-0.194779
144.4210,-5952,-15.582301,-0.194779
144.4310,-5952,-15.582301,-0.194779
144.4410,-5952,-15.582301,-0.194779
144.4510,-5952,-15.582301,-0.194779
144.4610,-5952,-15.582301,-0.194779
144.4710,-5952,-15.582301,-0.194779
144.4810,-5952,-15.582301,-0.194779
144.4910,-5952,-15.582301,-0.194779
144.5010,-5952,-15.582301,-0.194779
144.5110,-5952,-15.582301,-0.194779
144.5210,-5952,-15.582301,-0.194779
144.5310,-5952,-15.582301,-0.194779
144.5410,-5952,-15.582301,-0.194779
144.5510,-5952,-15.582301,-0.194779
144.5610,-5952,-15.582301,-0.194779
144.5710,-5952,-15.582301,-0.194779
144.5810,-5952,-15.582301,-0.194779
144.5910,-5952,-15.582301,-0.194779
144.6010,-5952,-15.582301,-0.194779
144.6110,-5952,-15.582301,-0.194779
144.6210,-5952,-15.582301,-0.194779
144.6310,-5952,-15.582301,-0.194779
144.6410,-5952,-15.582301,-0.194779
144.6510,-5952,-15.582301,-0.194779
144.6610,-5952,-15.582301,-0.194779
144.6710,-5952,-15.582301,-0.194779
144.6810,-5952,-15.582301,-0.194779
144.6910,-5952,-15.582301,-0.194779
144.7010,-5952,-15.582301,-0.194779
144.7110,-5952,-15.582301,-0.194779
144.7210,-5952,-15.582301,-0.194779
144.7320,-5952,-15.582301,-0.194779
144.7410,-5952,-15.582301,-0.194779
144.7510,-5952,-15.582301,-0.194779
144.7610,-5952,-15.582301,-0.194779
144.7710,-5952,-15.582301,-0.194779
144.7810,-5952,-15.582301,-0.194779
144.7910,-5952,-15.582301,-0.194779
144.8010,-5953,-15.584919,-0.194812
144.8110,-5953,-15.584919,-0.194812
144.8210,-5953,-15.584919,-0.194812
144.8310,-5953,-15.584919,-0.194812
144.8410,-5953,-15.584919,-0.194812
144.8510,-5953,-15.584919,-0.194812
144.8610,-5953,-15.584919,-0.194812
144.8710,-5953,-15.584919,-0.194812
144.8810,-5953,-15.584919,-0.194812
144.8910,-5953,-15.584919,-0.194812
144.9010,-5953,-15.584919,-0.194812
144.9110,-5953,-15.584919,-0.194812
144.9210,-5953,-15.584919,-0.194812
144.9310,-5953,-15.584919,-0.194812
144.9410,-5953,-15.584919,-0.194812
144.9510,-5953,-15.584919,-0.194812
144.9610,-5953,-15.584919,-0.194812
144.9710,-5953,-15.584919,-0.194812
144.9810,-5953,-15.584919,-0.194812
144.9910,-5953,-15.584919,-0.194812
145.0010,-5953,-15.584919,-0.194812
145.0110,-5953,-15.584919,-0.194812
145.0210,-5953,-15.584919,-0.194812
145.0310,-5953,-15.584919,-0.194812
145.0410,-5953,-15.584919,-0.194812
145.0510,-5953,-15.584919,-0.194812
145.0610,-5953,-15.584919,-0.194812
145.0710,-5953,-15.584919,-0.194812
145.0810,-5953,-15.584919,-0.194812
145.0910,-5953,-15.584919,-0.194812
145.1010,-5953,-15.584919,-0.194812
145.1110,-5953,-15.584919,-0.194812
145.1210,-5953,-15.584919,-0.194812
145.1310,-5953,-15.584919,-0.194812
145.1410,-5953,-15.584919,-0.194812
145.1510,-5953,-15.584919,-0.194812
145.1610,-5953,-15.584919,-0.194812
145.1710,-5953,-15.584919,-0.194812
145.1810,-5953,-15.584919,-0.194812
145.1910,-5953,-15.584919,-0.194812
145.2010,-5953,-15.584919,-0.194812
145.2110,-5953,-15.584919,-0.194812
145.2210,-5953,-15.584919,-0.194812
145.2310,-5953,-15.584919,-0.194812
145.2410,-5954,-15.587536,-0.194844
145.2510,-5954,-15.587536,-0.194844
145.2610,-5954,-15.587536,-0.194844
145.2710,-5954,-15.587536,-0.194844
145.2810,-5954,-15.587536,-0.194844
145.2910,-5954,-15.587536,-0.194844
145.3010,-5954,-15.587536,-0.194844
145.3110,-5954,-15.587536,-0.194844
145.3210,-5954,-15.587536,-0.194844
145.3310,-5954,-15.587536,-0.194844
145.3410,-5954,-15.587536,-0.194844
145.3510,-5954,-15.587536,-0.194844
145.3610,-5954,-15.587536,-0.194844
145.3720,-5954,-15.587536,-0.194844
145.3810,-5954,-15.587536,-0.194844
145.3910,-5954,-15.587536,-0.194844
145.4010,-5954,-15.587536,-0.194844
145.4110,-5954,-15.587536,-0.194844
145.4210,-5954,-15.587536,-0.194844
145.4310,-5954,-15.587536,-0.194844
145.4410,-5954,-15.587536,-0.194844
145.4510,-5954,-15.587536,-0.194844
145.4610,-5954,-15.587536,-0.194844
145.4710,-5954,-15.587536,-0.194844
145.4810,-5954,-15.587536,-0.194844
145.4910,-5954,-15.587536,-0.194844
145.5010,-5954,-15.587536,-0.194844
145.5110,-5954,-15.587536,-0.194844
145.5210,-5954,-15.587536,-0.194844
145.5310,-5954,-15.587536,-0.194844
145.5410,-5954,-15.587536,-0.194844
145.5510,-5954,-15.587536,-0.194844
145.5610,-5954,-15.587536,-0.194844
145.5710,-5954,-15.587536,-0.194844
145.5810,-5954,-15.587536,-0.194844
145.5910,-5954,-15.587536,-0.194844
145.6010,-5954,-15.587536,-0.194844
145.6110,-5954,-15.587536,-0.194844
145.6210,-5954,-15.587536,-0.194844
145.6310,-5954,-15.587536,-0.194844
145.6410,-5954,-15.587536,-0.194844
145.6510,-5954,-15.587536,-0.194844
145.6610,-5954,-15.587536,-0.194844
145.6710,-5954,-15.587536,-0.194844
145.6810,-5954,-15.587536,-0.194844
145.6910,-5954,-15.587536,-0.194844
145.7010,-5954,-15.587536,-0.194844
145.7110,-5954,-15.587536,-0.194844
145.7210,-5954,-15.587536,-0.194844
145.7310,-5954,-15.587536,-0.194844
145.7410,-5954,-15.587536,-0.194844
145.7510,-5954,-15.587536,-0.194844
145.7610,-5954,-15.587536,-0.194844
145.7710,-5954,-15.587536,-0.194844
145.7810,-5954,-15.587536,-0.194844
145.7910,-5954,-15.587536,-0.194844
145.8010,-5955,-15.590155,-0.194877
145.8110,-5955,-15.590155,-0.194877
145.8210,-5955,-15.590155,-0.194877
145.8310,-5955,-15.590155,-0.194877
145.8410,-5955,-15.590155,-0.194877
145.8510,-5955,-15.590155,-0.194877
145.8610,-5955,-15.590155,-0.194877
145.8710,-5955,-15.590155,-0.194877
145.8810,-5955,-15.590155,-0.194877
145.8910,-5955,-15.590155,-0.194877
145.9010,-5955,-15.590155,-0.194877
145.9110,-5955,-15.590155,-0.194877
145.9210,-5955,-15.590155,-0.194877
145.9310,-5955,-15.590155,-0.194877
145.9410,-5955,-15.590155,-0.194877
145.9510,-5955,-15.590155,-0.194877
145.9610,-5955,-15.590155,-0.194877
145.9710,-5955,-15.590155,-0.194877
145.9810,-5955,-15.590155,-0.194877
145.9910,-5955,-15.590155,-0.194877
146.0010,-5955,-15.590155,-0.194877
146.0120,-5955,-15.590155,-0.194877
146.0210,-5955,-15.590155,-0.194877
146.0310,-5955,-15.590155,-0.194877
146.0410,-5955,-15.590155,-0.194877
146.0510,-5955,-15.590155,-0.194877
146.0610,-5955,-15.590155,-0.194877
146.0710,-5955,-15.590155,-0.194877
146.0810,-5955,-15.590155,-0.194877
146.0910,-5955,-15.590155,-0.194877
146.1010,-5955,-15.590155,-0.194877
146.1110,-5955,-15.590155,-0.194877
146.1210,-5955,-15.590155,-0.194877
146.1310,-5955,-15.590155,-0.194877
146.1410,-5955,-15.590155,-0.194877
146.1510,-5955,-15.590155,-0.194877
146.1610,-5955,-15.590155,-0.194877
146.1710,-5955,-15.590155,-0.194877
146.1810,-5955,-15.590155,-0.194877
146.1910,-5955,-15.590155,-0.194877
146.2010,-5955,-15.590155,-0.194877
146.2110,-5955,-15.590155,-0.194877
146.2210,-5955,-15.590155,-0.194877
146.2310,-5955,-15.590155,-0.194877
146.2410,-5955,-15.590155,-0.194877
146.2510,-5955,-15.590155,-0.194877
146.2610,-5955,-15.590155,-0.194877
146.2710,-5955,-15.590155,-0.194877
146.2810,-5955,-15.590155,-0.194877
146.2910,-5955,-15.590155,-0.194877
146.3010,-5955,-15.590155,-0.194877
146.3110,-5955,-15.590155,-0.194877
146.3210,-5955,-15.590155,-0.194877
146.3310,-5955,-15.590155,-0.194877
146.3410,-5955,-15.590155,-0.194877
146.3510,-5955,-15.590155,-0.194877
146.3610,-5955,-15.590155,-0.194877
146.3710,-5955,-15.590155,-0.194877
146.3810,-5955,-15.590155,-0.194877
146.3910,-5955,-15.590155,-0.194877
146.4010,-5955,-15.590155,-0.194877
146.4110,-5955,-15.590155,-0.194877
146.4210,-5955,-15.590155,-0.194877
146.4310,-5955,-15.590155,-0.194877
146.4410,-5955,-15.590155,-0.194877
146.4510,-5955,-15.590155,-0.194877
146.4610,-5956,-15.592772,-0.194910
146.4710,-5956,-15.592772,-0.194910
146.4810,-5956,-15.592772,-0.194910
146.4910,-5956,-15.592772,-0.194910
146.5010,-5956,-15.592772,-0.194910
146.5110,-5956,-15.592772,-0.194910
146.5210,-5956,-15.592772,-0.194910
146.5310,-5956,-15.592772,-0.194910
146.5410,-5956,-15.592772,-0.194910
146.5510,-5956,-15.592772,-0.194910
146.5610,-5956,-15.592772,-0.194910
146.5710,-5956,-15.592772,-0.194910
146.5810,-5956,-15.592772,-0.194910
146.5910,-5956,-15.592772,-0.194910
146.6010,-5956,-15.592772,-0.194910
146.6110,-5956,-15.592772,-0.194910
146.6210,-5956,-15.592772,-0.194910
146.6310,-5956,-15.592772,-0.194910
146.6410,-5956,-15.592772,-0.194910
146.6520,-5956,-15.592772,-0.194910
146.6610,-5956,-15.592772,-0.194910
146.6710,-5956,-15.592772,-0.194910
146.6810,-5956,-15.592772,-0.194910
146.6910,-5956,-15.592772,-0.194910
146.7010,-5956,-15.592772,-0.194910
146.7110,-5956,-15.592772,-0.194910
146.7210,-5956,-15.592772,-0.194910
146.7310,-5956,-15.592772,-0.194910
146.7410,-5957,-15.595391,-0.194942
146.7510,-5957,-15.595391,-0.194942
146.7610,-5957,-15.595391,-0.194942
146.7710,-5957,-15.595391,-0.194942
146.7810,-5957,-15.595391,-0.194942
146.7910,-5957,-15.595391,-0.194942
146.8010,-5957,-15.595391,-0.194942
146.8110,-5957,-15.595391,-0.194942
146.8210,-5957,-15.595391,-0.194942
146.8310,-5957,-15.595391,-0.194942
146.8410,-5957,-15.595391,-0.194942
146.8510,-5957,-15.595391,-0.194942
146.8610,-5957,-15.595391,-0.194942
146.8710,-5957,-15.595391,-0.194942
146.8810,-5957,-15.595391,-0.194942
146.8910,-5957,-15.595391,-0.194942
146.9010,-5957,-15.595391,-0.194942
146.9110,-5957,-15.595391,-0.194942
146.9210,-5957,-15.595391,-0.194942
146.9310,-5957,-15.595391,-0.194942
146.9410,-5957,-15.595391,-0.194942
146.9510,-5957,-15.595391,-0.194942
146.9610,-5957,-15.595391,-0.194942
146.9710,-5957,-15.595391,-0.194942
146.9810,-5957,-15.595391,-0.194942
146.9910,-5957,-15.595391,-0.194942
147.0010,-5957,-15.595391,-0.194942
147.0110,-5957,-15.595391,-0.194942
147.0210,-5957,-15.595391,-0.194942
147.0310,-5957,-15.595391,-0.194942
147.0410,-5958,-15.598009,-0.194975
147.0510,-5958,-15.598009,-0.194975
147.0610,-5958,-15.598009,-0.194975
147.0710,-5958,-15.598009,-0.194975
147.0810,-5958,-15.598009,-0.194975
147.0910,-5958,-15.598009,-0.194975
147.1010,-5958,-15.598009,-0.194975
147.1110,-5958,-15.598009,-0.194975
147.1210,-5958,-15.598009,-0.194975
147.1310,-5958,-15.598009,-0.194975
147.1410,-5958,-15.598009,-0.194975
147.1510,-5958,-15.598009,-0.194975
147.1610,-5958,-15.598009,-0.194975
147.1710,-5958,-15.598009,-0.194975
147.1810,-5958,-15.598009,-0.194975
147.1910,-5958,-15.598009,-0.194975
147.2010,-5958,-15.598009,-0.194975
147.2110,-5958,-15.598009,-0.194975
147.2210,-5958,-15.598009,-0.194975
147.2310,-5958,-15.598009,-0.194975
147.2410,-5958,-15.598009,-0.194975
147.2510,-5958,-15.598009,-0.194975
147.2610,-5958,-15.598009,-0.194975
147.2710,-5958,-15.598009,-0.194975
147.2810,-5958,-15.598009,-0.194975
147.2920,-5958,-15.598009,-0.194975
147.3010,-5958,-15.598009,-0.194975
147.3110,-5958,-15.598009,-0.194975
147.3210,-5959,-15.600625,-0.195008
147.3310,-5959,-15.600625,-0.195008
147.3410,-5959,-15.600625,-0.195008
147.3510,-5959,-15.600625,-0.195008
147.3610,-5959,-15.600625,-0.195008
147.3710,-5959,-15.600625,-0.195008
147.3810,-5959,-15.600625,-0.195008
147.3910,-5959,-15.600625,-0.195008
147.4010,-5959,-15.600625,-0.195008
147.4110,-5959,-15.600625,-0.195008
147.4210,-5959,-15.600625,-0.195008
147.4310,-5959,-15.600625,-0.195008
147.4410,-5959,-15.600625,-0.195008
147.4510,-5959,-15.600625,-0.195008
147.4610,-5959,-15.600625,-0.195008
147.4710,-5959,-15.600625,-0.195008
147.4810,-5960,-15.603244,-0.195041
147.4910,-5960,-15.603244,-0.195041
147.5010,-5960,-15.603244,-0.195041
147.5110,-5960,-15.603244,-0.195041
147.5210,-5960,-15.603244,-0.195041
147.5310,-5960,-15.603244,-0.195041
147.5410,-5960,-15.603244,-0.195041
147.5510,-5959,-15.600625,-0.195008
147.5610,-5959,-15.600625,-0.195008
147.5710,-5960,-15.603244,-0.195041
147.5810,-5960,-15.603244,-0.195041
147.5910,-5960,-15.603244,-0.195041
147.6010,-5960,-15.603244,-0.195041
147.6110,-5961,-15.605863,-0.195073
147.6210,-5961,-15.605863,-0.195073
147.6310,-5961,-15.605863,-0.195073
147.6410,-5961,-15.605863,-0.195073
147.6510,-5961,-15.605863,-0.195073
147.6610,-5961,-15.605863,-0.195073
147.6710,-5961,-15.605863,-0.195073
147.6810,-5961,-15.605863,-0.195073
147.6910,-5961,-15.605863,-0.195073
147.7010,-5961,-15.605863,-0.195073
147.7110,-5961,-15.605863,-0.195073
147.7210,-5961,-15.605863,-0.195073
147.7310,-5962,-15.608480,-0.195106
147.7410,-5962,-15.608480,-0.195106
147.7510,-5962,-15.608480,-0.195106
147.7610,-5963,-15.611099,-0.195139
147.7710,-5963,-15.611099,-0.195139
147.7810,-5963,-15.611099,-0.195139
147.7910,-5963,-15.611099,-0.195139
147.8010,-5963,-15.611099,-0.195139
147.8110,-5963,-15.611099,-0.195139
147.8210,-5963,-15.611099,-0.195139
147.8310,-5963,-15.611099,-0.195139
147.8410,-5963,-15.611099,-0.195139
147.8510,-5963,-15.611099,-0.195139
147.8610,-5964,-15.613716,-0.195171
147.8710,-5965,-15.616334,-0.195204
147.8810,-5965,-15.616334,-0.195204
147.8910,-5966,-15.618953,-0.195237
147.9010,-5967,-15.621570,-0.195270
147.9110,-5968,-15.624189,-0.195302
147.9210,-5968,-15.624189,-0.195302
147.9320,-5968,-15.624189,-0.195302
147.9410,-5968,-15.624189,-0.195302
147.9510,-5968,-15.624189,-0.195302
147.9610,-5968,-15.624189,-0.195302
147.9710,-5968,-15.624189,-0.195302
147.9810,-5968,-15.624189,-0.195302
147.9910,-5970,-15.629424,-0.195368
148.0010,-5971,-15.632042,-0.195401
148.0110,-5972,-15.634659,-0.195433
148.0210,-5973,-15.637278,-0.195466
148.0310,-5975,-15.642514,-0.195531
148.0410,-5976,-15.645133,-0.195564
148.0510,-5978,-15.650368,-0.195630
148.0610,-5979,-15.652987,-0.195662
148.0710,-5980,-15.655604,-0.195695
148.0810,-5980,-15.655604,-0.195695
148.0910,-5981,-15.658222,-0.195728
148.1010,-5982,-15.660840,-0.195761
148.1110,-5983,-15.663457,-0.195793
148.1210,-5983,-15.663457,-0.195793
148.1310,-5985,-15.668695,-0.195859
148.1410,-5986,-15.671312,-0.195891
148.1510,-5988,-15.676548,-0.195957
148.1610,-5989,-15.679166,-0.195990
148.1710,-5990,-15.681785,-0.196022
148.1810,-5991,-15.684402,-0.196055
148.1910,-5992,-15.687020,-0.196088
148.2010,-5992,-15.687020,-0.196088
148.2110,-5992,-15.687020,-0.196088
148.2210,-5992,-15.687020,-0.196088
148.2310,-5992,-15.687020,-0.196088
148.2410,-5992,-15.687020,-0.196088
148.2510,-5992,-15.687020,-0.196088
148.2610,-5991,-15.684402,-0.196055
148.2710,-5992,-15.687020,-0.196088
148.2810,-5993,-15.689639,-0.196120
148.2910,-5994,-15.692255,-0.196153
148.3010,-5995,-15.694874,-0.196186
148.3110,-5996,-15.697491,-0.196219
148.3210,-5996,-15.697491,-0.196219
148.3310,-5997,-15.700110,-0.196251
148.3410,-5997,-15.700110,-0.196251
148.3510,-5997,-15.700110,-0.196251
148.3610,-5997,-15.700110,-0.196251
148.3710,-5996,-15.697491,-0.196219
148.3810,-5996,-15.697491,-0.196219
148.3910,-5996,-15.697491,-0.196219
148.4010,-5995,-15.694874,-0.196186
148.4110,-5996,-15.697491,-0.196219
148.4210,-5996,-15.697491,-0.196219
148.4310,-5997,-15.700110,-0.196251
148.4410,-5997,-15.700110,-0.196251
148.4510,-5998,-15.702729,-0.196284
148.4610,-5998,-15.702729,-0.196284
148.4710,-5998,-15.702729,-0.196284
148.4810,-5998,-15.702729,-0.196284
148.4910,-5998,-15.702729,-0.196284
148.5010,-5998,-15.702729,-0.196284
148.5110,-5998,-15.702729,-0.196284
148.5210,-5998,-15.702729,-0.196284
148.5310,-5998,-15.702729,-0.196284
148.5410,-5997,-15.700110,-0.196251
148.5510,-5998,-15.702729,-0.196284
148.5610,-5998,-15.702729,-0.196284
148.5720,-5999,-15.705346,-0.196317
148.5810,-5999,-15.705346,-0.196317
148.5910,-5999,-15.705346,-0.196317
148.6010,-6000,-15.707964,-0.196350
148.6110,-6000,-15.707964,-0.196350
148.6210,-6000,-15.707964,-0.196350
148.6310,-6000,-15.707964,-0.196350
148.6410,-6000,-15.707964,-0.196350
148.6510,-5999,-15.705346,-0.196317
148.6610,-5999,-15.705346,-0.196317
148.6710,-5999,-15.705346,-0.196317
148.6810,-5999,-15.705346,-0.196317
148.6910,-5999,-15.705346,-0.196317
148.7010,-6000,-15.707964,-0.196350
148.7110,-6000,-15.707964,-0.196350
148.7210,-6000,-15.707964,-0.196350
148.7310,-6001,-15.710583,-0.196382
148.7410,-6001,-15.710583,-0.196382
148.7510,-6001,-15.710583,-0.196382
148.7610,-6001,-15.710583,-0.196382
148.7710,-6001,-15.710583,-0.196382
148.7810,-6001,-15.710583,-0.196382
148.7910,-6000,-15.707964,-0.196350
148.8010,-6000,-15.707964,-0.196350
148.8110,-6000,-15.707964,-0.196350
148.8210,-6000,-15.707964,-0.196350
148.8310,-6000,-15.707964,-0.196350
148.8410,-6001,-15.710583,-0.196382
148.8510,-6001,-15.710583,-0.196382
148.8610,-6002,-15.713200,-0.196415
148.8710,-6002,-15.713200,-0.196415
148.8810,-6002,-15.713200,-0.196415
148.8910,-6002,-15.713200,-0.196415
148.9010,-6002,-15.713200,-0.196415
148.9110,-6002,-15.713200,-0.196415
148.9210,-6002,-15.713200,-0.196415
148.9310,-6001,-15.710583,-0.196382
148.9410,-6001,-15.710583,-0.196382
148.9510,-6001,-15.710583,-0.196382
148.9610,-6001,-15.710583,-0.196382
148.9710,-6001,-15.710583,-0.196382
148.9810,-6002,-15.713200,-0.196415
148.9910,-6002,-15.713200,-0.196415
149.0010,-6003,-15.715818,-0.196448
149.0110,-6003,-15.715818,-0.196448
149.0210,-6003,-15.715818,-0.196448
149.0310,-6003,-15.715818,-0.196448
149.0410,-6003,-15.715818,-0.196448
149.0510,-6003,-15.715818,-0.196448
149.0610,-6003,-15.715818,-0.196448
149.0710,-6002,-15.713200,-0.196415
149.0810,-6002,-15.713200,-0.196415
149.0910,-6002,-15.713200,-0.196415
149.1010,-6003,-15.715818,-0.196448
149.1110,-6003,-15.715818,-0.196448
149.1210,-6003,-15.715818,-0.196448
149.1310,-6003,-15.715818,-0.196448
149.1410,-6004,-15.718437,-0.196480
149.1510,-6004,-15.718437,-0.196480
149.1610,-6004,-15.718437,-0.196480
149.1710,-6004,-15.718437,-0.196480
149.1810,-6004,-15.718437,-0.196480
149.1910,-6004,-15.718437,-0.196480
149.2010,-6004,-15.718437,-0.196480
149.2120,-6003,-15.715818,-0.196448
149.2210,-6003,-15.715818,-0.196448
149.2310,-6003,-15.715818,-0.196448
149.2410,-6004,-15.718437,-0.196480
149.2510,-6004,-15.718437,-0.196480
149.2610,-6004,-15.718437,-0.196480
149.2710,-6004,-15.718437,-0.196480
149.2810,-6005,-15.721054,-0.196513
149.2910,-6005,-15.721054,-0.196513
149.3010,-6005,-15.721054,-0.196513
149.3110,-6005,-15.721054,-0.196513
149.3210,-6005,-15.721054,-0.196513
149.3310,-6005,-15.721054,-0.196513
149.3410,-6005,-15.721054,-0.196513
149.3510,-6004,-15.718437,-0.196480
149.3610,-6004,-15.718437,-0.196480
149.3710,-6004,-15.718437,-0.196480
149.3810,-6005,-15.721054,-0.196513
149.3910,-6005,-15.721054,-0.196513
149.4010,-6005,-15.721054,-0.196513
149.4110,-6005,-15.721054,-0.196513
149.4210,-6005,-15.721054,-0.196513
149.4310,-6005,-15.721054,-0.196513
149.4410,-6005,-15.721054,-0.196513
149.4510,-6005,-15.721054,-0.196513
149.4610,-6005,-15.721054,-0.196513
149.4710,-6005,-15.721054,-0.196513
149.4810,-6005,-15.721054,-0.196513
149.4910,-6005,-15.721054,-0.196513
149.5010,-6005,-15.721054,-0.196513
149.5110,-6005,-15.721054,-0.196513
149.5210,-6006,-15.723672,-0.196546
149.5310,-6006,-15.723672,-0.196546
149.5410,-6006,-15.723672,-0.196546
149.5510,-6006,-15.723672,-0.196546
149.5610,-6007,-15.726289,-0.196579
149.5710,-6007,-15.726289,-0.196579
149.5810,-6007,-15.726289,-0.196579
149.5910,-6007,-15.726289,-0.196579
149.6010,-6007,-15.726289,-0.196579
149.6110,-6007,-15.726289,-0.196579
149.6210,-6006,-15.723672,-0.196546
149.6310,-6006,-15.723672,-0.196546
149.6410,-6006,-15.723672,-0.196546
149.6510,-6006,-15.723672,-0.196546
149.6610,-6007,-15.726289,-0.196579
149.6710,-6007,-15.726289,-0.196579
149.6810,-6007,-15.726289,-0.196579
149.6910,-6007,-15.726289,-0.196579
149.7010,-6008,-15.728908,-0.196611
149.7110,-6008,-15.728908,-0.196611
149.7210,-6008,-15.728908,-0.196611
149.7310,-6008,-15.728908,-0.196611
149.7410,-6008,-15.728908,-0.196611
149.7510,-6008,-15.728908,-0.196611
149.7610,-6007,-15.726289,-0.196579
149.7710,-6007,-15.726289,-0.196579
149.7810,-6007,-15.726289,-0.196579
149.7910,-6008,-15.728908,-0.196611
149.8010,-6008,-15.728908,-0.196611
149.8110,-6008,-15.728908,-0.196611
149.8210,-6008,-15.728908,-0.196611
149.8310,-6009,-15.731527,-0.196644
149.8410,-6009,-15.731527,-0.196644
149.8520,-6009,-15.731527,-0.196644
149.8610,-6009,-15.731527,-0.196644
149.8710,-6009,-15.731527,-0.196644
149.8810,-6009,-15.731527,-0.196644
149.8910,-6009,-15.731527,-0.196644
149.9010,-6009,-15.731527,-0.196644
149.9110,-6009,-15.731527,-0.196644
149.9210,-6009,-15.731527,-0.196644
149.9310,-6009,-15.731527,-0.196644
149.9410,-6009,-15.731527,-0.196644
149.9510,-6009,-15.731527,-0.196644
149.9610,-6009,-15.731527,-0.196644
149.9710,-6010,-15.734144,-0.196677
149.9810,-6010,-15.734144,-0.196677
149.9910,-6010,-15.734144,-0.196677
150.0010,-6010,-15.734144,-0.196677
150.0110,-6010,-15.734144,-0.196677
150.0210,-6010,-15.734144,-0.196677
150.0310,-6010,-15.734144,-0.196677
150.0410,-6009,-15.731527,-0.196644
150.0510,-6009,-15.731527,-0.196644
150.0610,-6009,-15.731527,-0.196644
150.0710,-6010,-15.734144,-0.196677
150.0810,-6010,-15.734144,-0.196677
150.0910,-6010,-15.734144,-0.196677
150.1010,-6010,-15.734144,-0.196677
150.1110,-6011,-15.736763,-0.196710
150.1210,-6011,-15.736763,-0.196710
150.1310,-6011,-15.736763,-0.196710
150.1410,-6011,-15.736763,-0.196710
150.1510,-6011,-15.736763,-0.196710
150.1610,-6011,-15.736763,-0.196710
150.1710,-6011,-15.736763,-0.196710
150.1810,-6010,-15.734144,-0.196677
150.1910,-6010,-15.734144,-0.196677
150.2010,-6010,-15.734144,-0.196677
150.2110,-6011,-15.736763,-0.196710
150.2210,-6011,-15.736763,-0.196710
150.2310,-6011,-15.736763,-0.196710
150.2410,-6011,-15.736763,-0.196710
150.2510,-6012,-15.739380,-0.196742
150.2610,-6012,-15.739380,-0.196742
150.2710,-6012,-15.739380,-0.196742
150.2810,-6012,-15.739380,-0.196742
150.2910,-6012,-15.739380,-0.196742
150.3010,-6012,-15.739380,-0.196742
150.3110,-6012,-15.739380,-0.196742
150.3210,-6011,-15.736763,-0.196710
150.3310,-6011,-15.736763,-0.196710
150.3410,-6011,-15.736763,-0.196710
150.3510,-6012,-15.739380,-0.196742
150.3610,-6012,-15.739380,-0.196742
150.3710,-6012,-15.739380,-0.196742
150.3810,-6012,-15.739380,-0.196742
150.3910,-6012,-15.739380,-0.196742
150.4010,-6012,-15.739380,-0.196742
150.4110,-6012,-15.739380,-0.196742
150.4210,-6012,-15.739380,-0.196742
150.4310,-6012,-15.739380,-0.196742
150.4410,-6012,-15.739380,-0.196742
150.4510,-6012,-15.739380,-0.196742
150.4610,-6012,-15.739380,-0.196742
150.4710,-6012,-15.739380,-0.196742
150.4810,-6012,-15.739380,-0.196742
150.4920,-6012,-15.739380,-0.196742
150.5010,-6012,-15.739380,-0.196742
150.5110,-6013,-15.741998,-0.196775
150.5210,-6013,-15.741998,-0.196775
150.5310,-6013,-15.741998,-0.196775
150.5410,-6013,-15.741998,-0.196775
150.5510,-6013,-15.741998,-0.196775
150.5610,-6013,-15.741998,-0.196775
150.5710,-6013,-15.741998,-0.196775
150.5810,-6013,-15.741998,-0.196775
150.5910,-6013,-15.741998,-0.196775
150.6010,-6013,-15.741998,-0.196775
150.6110,-6013,-15.741998,-0.196775
150.6210,-6013,-15.741998,-0.196775
150.6310,-6013,-15.741998,-0.196775
150.6410,-6013,-15.741998,-0.196775
150.6510,-6013,-15.741998,-0.196775
150.6610,-6013,-15.741998,-0.196775
150.6710,-6013,-15.741998,-0.196775
150.6810,-6013,-15.741998,-0.196775
150.6910,-6013,-15.741998,-0.196775
150.7010,-6013,-15.741998,-0.196775
150.7110,-6013,-15.741998,-0.196775
150.7210,-6013,-15.741998,-0.196775
150.7310,-6013,-15.741998,-0.196775
150.7410,-6013,-15.741998,-0.196775
150.7510,-6013,-15.741998,-0.196775
150.7610,-6013,-15.741998,-0.196775
150.7710,-6014,-15.744616,-0.196808
150.7810,-6014,-15.744616,-0.196808
150.7910,-6014,-15.744616,-0.196808
150.8010,-6014,-15.744616,-0.196808
150.8110,-6014,-15.744616,-0.196808
150.8210,-6014,-15.744616,-0.196808
150.8310,-6014,-15.744616,-0.196808
150.8410,-6014,-15.744616,-0.196808
150.8510,-6014,-15.744616,-0.196808
150.8610,-6014,-15.744616,-0.196808
150.8710,-6014,-15.744616,-0.196808
150.8810,-6014,-15.744616,-0.196808
150.8910,-6014,-15.744616,-0.196808
150.9010,-6014,-15.744616,-0.196808
150.9110,-6014,-15.744616,-0.196808
150.9210,-6014,-15.744616,-0.196808
150.9310,-6015,-15.747234,-0.196840
150.9410,-6015,-15.747234,-0.196840
150.9510,-6015,-15.747234,-0.196840
150.9610,-6015,-15.747234,-0.196840
150.9710,-6015,-15.747234,-0.196840
150.9810,-6015,-15.747234,-0.196840
150.9910,-6015,-15.747234,-0.196840
151.0010,-6015,-15.747234,-0.196840
151.0110,-6015,-15.747234,-0.196840
151.0210,-6015,-15.747234,-0.196840
151.0310,-6015,-15.747234,-0.196840
151.0410,-6015,-15.747234,-0.196840
151.0510,-6015,-15.747234,-0.196840
151.0610,-6015,-15.747234,-0.196840
151.0710,-6015,-15.747234,-0.196840
151.0810,-6016,-15.749852,-0.196873
151.0910,-6016,-15.749852,-0.196873
151.1010,-6016,-15.749852,-0.196873
151.1110,-6016,-15.749852,-0.196873
151.1210,-6016,-15.749852,-0.196873
151.1320,-6016,-15.749852,-0.196873
151.1410,-6016,-15.749852,-0.196873
151.1510,-6015,-15.747234,-0.196840
151.1610,-6015,-15.747234,-0.196840
151.1710,-6015,-15.747234,-0.196840
151.1810,-6016,-15.749852,-0.196873
151.1910,-6016,-15.749852,-0.196873
151.2010,-6016,-15.749852,-0.196873
151.2110,-6016,-15.749852,-0.196873
151.2210,-6016,-15.749852,-0.196873
151.2310,-6016,-15.749852,-0.196873
151.2410,-6016,-15.749852,-0.196873
151.2510,-6016,-15.749852,-0.196873
151.2610,-6016,-15.749852,-0.196873
151.2710,-6016,-15.749852,-0.196873
151.2810,-6016,-15.749852,-0.196873
151.2910,-6016,-15.749852,-0.196873
151.3010,-6016,-15.749852,-0.196873
151.3110,-6016,-15.749852,-0.196873
151.3210,-6017,-15.752470,-0.196906
151.3310,-6017,-15.752470,-0.196906
151.3410,-6017,-15.752470,-0.196906
151.3510,-6017,-15.752470,-0.196906
151.3610,-6017,-15.752470,-0.196906
151.3710,-6017,-15.752470,-0.196906
151.3810,-6017,-15.752470,-0.196906
151.3910,-6017,-15.752470,-0.196906
151.4010,-6017,-15.752470,-0.196906
151.4110,-6017,-15.752470,-0.196906
151.4210,-6017,-15.752470,-0.196906
151.4310,-6017,-15.752470,-0.196906
151.4410,-6017,-15.752470,-0.196906
151.4510,-6017,-15.752470,-0.196906
151.4610,-6017,-15.752470,-0.196906
151.4710,-6017,-15.752470,-0.196906
151.4810,-6018,-15.755087,-0.196939
151.4910,-6018,-15.755087,-0.196939
151.5010,-6018,-15.755087,-0.196939
151.5110,-6018,-15.755087,-0.196939
151.5210,-6018,-15.755087,-0.196939
151.5310,-6018,-15.755087,-0.196939
151.5410,-6018,-15.755087,-0.196939
151.5510,-6018,-15.755087,-0.196939
151.5610,-6018,-15.755087,-0.196939
151.5710,-6018,-15.755087,-0.196939
151.5810,-6018,-15.755087,-0.196939
151.5910,-6018,-15.755087,-0.196939
151.6010,-6018,-15.755087,-0.196939
151.6110,-6018,-15.755087,-0.196939
151.6210,-6019,-15.757706,-0.196971
151.6310,-6019,-15.757706,-0.196971
151.6410,-6019,-15.757706,-0.196971
151.6510,-6019,-15.757706,-0.196971
151.6610,-6019,-15.757706,-0.196971
151.6710,-6019,-15.757706,-0.196971
151.6810,-6019,-15.757706,-0.196971
151.6910,-6019,-15.757706,-0.196971
151.7010,-6019,-15.757706,-0.196971
151.7110,-6019,-15.757706,-0.196971
151.7210,-6019,-15.757706,-0.196971
151.7310,-6019,-15.757706,-0.196971
151.7410,-6019,-15.757706,-0.196971
151.7510,-6019,-15.757706,-0.196971
151.7610,-6020,-15.760325,-0.197004
151.7720,-6020,-15.760325,-0.197004
151.7810,-6020,-15.760325,-0.197004
151.7910,-6020,-15.760325,-0.197004
151.8010,-6020,-15.760325,-0.197004
151.8110,-6020,-15.760325,-0.197004
151.8210,-6020,-15.760325,-0.197004
151.8310,-6020,-15.760325,-0.197004
151.8410,-6020,-15.760325,-0.197004
151.8510,-6020,-15.760325,-0.197004
151.8610,-6020,-15.760325,-0.197004
151.8710,-6020,-15.760325,-0.197004
151.8810,-6020,-15.760325,-0.197004
151.8910,-6020,-15.760325,-0.197004
151.9010,-6021,-15.762942,-0.197037
151.9110,-6021,-15.762942,-0.197037
151.9210,-6021,-15.762942,-0.197037
151.9310,-6021,-15.762942,-0.197037
151.9410,-6021,-15.762942,-0.197037
151.9510,-6021,-15.762942,-0.197037
151.9610,-6021,-15.762942,-0.197037
151.9710,-6021,-15.762942,-0.197037
151.9810,-6021,-15.762942,-0.197037
151.9910,-6021,-15.762942,-0.197037
152.0010,-6021,-15.762942,-0.197037
152.0110,-6021,-15.762942,-0.197037
152.0210,-6021,-15.762942,-0.197037
152.0310,-6021,-15.762942,-0.197037
152.0410,-6021,-15.762942,-0.197037
152.0510,-6021,-15.762942,-0.197037
152.0610,-6021,-15.762942,-0.197037
152.0710,-6021,-15.762942,-0.197037
152.0810,-6021,-15.762942,-0.197037
152.0910,-6021,-15.762942,-0.197037
152.1010,-6021,-15.762942,-0.197037
152.1110,-6021,-15.762942,-0.197037
152.1210,-6021,-15.762942,-0.197037
152.1310,-6021,-15.762942,-0.197037
152.1410,-6021,-15.762942,-0.197037
152.1510,-6021,-15.762942,-0.197037
152.1610,-6021,-15.762942,-0.197037
152.1710,-6021,-15.762942,-0.197037
152.1810,-6022,-15.765561,-0.197070
152.1910,-6022,-15.765561,-0.197070
152.2010,-6022,-15.765561,-0.197070
152.2110,-6022,-15.765561,-0.197070
152.2210,-6022,-15.765561,-0.197070
152.2310,-6022,-15.765561,-0.197070
152.2410,-6022,-15.765561,-0.197070
152.2510,-6022,-15.765561,-0.197070
152.2610,-6022,-15.765561,-0.197070
152.2710,-6022,-15.765561,-0.197070
152.2810,-6022,-15.765561,-0.197070
152.2910,-6022,-15.765561,-0.197070
152.3010,-6022,-15.765561,-0.197070
152.3110,-6022,-15.765561,-0.197070
152.3210,-6022,-15.765561,-0.197070
152.3310,-6023,-15.768177,-0.197102
152.3410,-6023,-15.768177,-0.197102
152.3510,-6023,-15.768177,-0.197102
152.3610,-6023,-15.768177,-0.197102
152.3710,-6023,-15.768177,-0.197102
152.3810,-6023,-15.768177,-0.197102
152.3910,-6023,-15.768177,-0.197102
152.4010,-6023,-15.768177,-0.197102
152.4120,-6023,-15.768177,-0.197102
152.4210,-6023,-15.768177,-0.197102
152.4310,-6023,-15.768177,-0.197102
152.4410,-6023,-15.768177,-0.197102
152.4510,-6023,-15.768177,-0.197102
152.4610,-6023,-15.768177,-0.197102
152.4710,-6023,-15.768177,-0.197102
152.4810,-6023,-15.768177,-0.197102
152.4910,-6023,-15.768177,-0.197102
152.5010,-6023,-15.768177,-0.197102
152.5110,-6023,-15.768177,-0.197102
152.5210,-6023,-15.768177,-0.197102
152.5310,-6023,-15.768177,-0.197102
152.5410,-6023,-15.768177,-0.197102
152.5510,-6023,-15.768177,-0.197102
152.5610,-6023,-15.768177,-0.197102
152.5710,-6023,-15.768177,-0.197102
152.5810,-6023,-15.768177,-0.197102
152.5910,-6024,-15.770796,-0.197135
152.6010,-6024,-15.770796,-0.197135
152.6110,-6024,-15.770796,-0.197135
152.6210,-6024,-15.770796,-0.197135
152.6310,-6024,-15.770796,-0.197135
152.6410,-6024,-15.770796,-0.197135
152.6510,-6024,-15.770796,-0.197135
152.6610,-6024,-15.770796,-0.197135
152.6710,-6024,-15.770796,-0.197135
152.6810,-6024,-15.770796,-0.197135
152.6910,-6024,-15.770796,-0.197135
152.7010,-6024,-15.770796,-0.197135
152.7110,-6024,-15.770796,-0.197135
152.7210,-6024,-15.770796,-0.197135
152.7310,-6024,-15.770796,-0.197135
152.7410,-6024,-15.770796,-0.197135
152.7510,-6024,-15.770796,-0.197135
152.7610,-6024,-15.770796,-0.197135
152.7710,-6024,-15.770796,-0.197135
152.7810,-6024,-15.770796,-0.197135
152.7910,-6024,-15.770796,-0.197135
152.8010,-6024,-15.770796,-0.197135
152.8110,-6024,-15.770796,-0.197135
152.8210,-6024,-15.770796,-0.197135
152.8310,-6024,-15.770796,-0.197135
152.8410,-6024,-15.770796,-0.197135
152.8510,-6024,-15.770796,-0.197135
152.8610,-6024,-15.770796,-0.197135
152.8710,-6025,-15.773414,-0.197168
152.8810,-6025,-15.773414,-0.197168
152.8910,-6025,-15.773414,-0.197168
152.9010,-6025,-15.773414,-0.197168
152.9110,-6025,-15.773414,-0.197168
152.9210,-6025,-15.773414,-0.197168
152.9310,-6025,-15.773414,-0.197168
152.9410,-6025,-15.773414,-0.197168
152.9510,-6025,-15.773414,-0.197168
152.9610,-6025,-15.773414,-0.197168
152.9710,-6025,-15.773414,-0.197168
152.9810,-6025,-15.773414,-0.197168
152.9910,-6025,-15.773414,-0.197168
153.0010,-6025,-15.773414,-0.197168
153.0110,-6025,-15.773414,-0.197168
153.0210,-6025,-15.773414,-0.197168
153.0310,-6026,-15.776032,-0.197200
153.0410,-6026,-15.776032,-0.197200
153.0520,-6026,-15.776032,-0.197200
153.0610,-6026,-15.776032,-0.197200
153.0710,-6026,-15.776032,-0.197200
153.0810,-6026,-15.776032,-0.197200
153.0910,-6025,-15.773414,-0.197168
153.1010,-6025,-15.773414,-0.197168
153.1110,-6025,-15.773414,-0.197168
153.1210,-6026,-15.776032,-0.197200
153.1310,-6026,-15.776032,-0.197200
153.1410,-6026,-15.776032,-0.197200
153.1510,-6026,-15.776032,-0.197200
153.1610,-6026,-15.776032,-0.197200
153.1710,-6027,-15.778650,-0.197233
153.1810,-6027,-15.778650,-0.197233
153.1910,-6027,-15.778650,-0.197233
153.2010,-6027,-15.778650,-0.197233
153.2110,-6027,-15.778650,-0.197233
153.2210,-6027,-15.778650,-0.197233
153.2310,-6026,-15.776032,-0.197200
153.2410,-6026,-15.776032,-0.197200
153.2510,-6026,-15.776032,-0.197200
153.2610,-6027,-15.778650,-0.197233
153.2710,-6027,-15.778650,-0.197233
153.2810,-6027,-15.778650,-0.197233
153.2910,-6027,-15.778650,-0.197233
153.3010,-6027,-15.778650,-0.197233
153.3110,-6027,-15.778650,-0.197233
153.3210,-6027,-15.778650,-0.197233
153.3310,-6027,-15.778650,-0.197233
153.3410,-6027,-15.778650,-0.197233
153.3510,-6027,-15.778650,-0.197233
153.3610,-6027,-15.778650,-0.197233
153.3710,-6027,-15.778650,-0.197233
153.3810,-6027,-15.778650,-0.197233
153.3910,-6027,-15.778650,-0.197233
153.4010,-6028,-15.781269,-0.197266
153.4110,-6028,-15.781269,-0.197266
153.4210,-6028,-15.781269,-0.197266
153.4310,-6028,-15.781269,-0.197266
153.4410,-6028,-15.781269,-0.197266
153.4510,-6028,-15.781269,-0.197266
153.4610,-6028,-15.781269,-0.197266
153.4710,-6028,-15.781269,-0.197266
153.4810,-6028,-15.781269,-0.197266
153.4910,-6028,-15.781269,-0.197266
153.5010,-6028,-15.781269,-0.197266
153.5110,-6028,-15.781269,-0.197266
153.5210,-6028,-15.781269,-0.197266
153.5310,-6028,-15.781269,-0.197266
153.5410,-6028,-15.781269,-0.197266
153.5510,-6028,-15.781269,-0.197266
153.5610,-6029,-15.783885,-0.197299
153.5710,-6029,-15.783885,-0.197299
153.5810,-6029,-15.783885,-0.197299
153.5910,-6029,-15.783885,-0.197299
153.6010,-6029,-15.783885,-0.197299
153.6110,-6029,-15.783885,-0.197299
153.6210,-6029,-15.783885,-0.197299
153.6310,-6029,-15.783885,-0.197299
153.6410,-6029,-15.783885,-0.197299
153.6510,-6029,-15.783885,-0.197299
153.6610,-6029,-15.783885,-0.197299
153.6710,-6029,-15.783885,-0.197299
153.6810,-6029,-15.783885,-0.197299
153.6920,-6029,-15.783885,-0.197299
153.7010,-6030,-15.786504,-0.197331
153.7110,-6030,-15.786504,-0.197331
153.7210,-6030,-15.786504,-0.197331
153.7310,-6030,-15.786504,-0.197331
153.7410,-6030,-15.786504,-0.197331
153.7510,-6030,-15.786504,-0.197331
153.7610,-6030,-15.786504,-0.197331
153.7710,-6030,-15.786504,-0.197331
153.7810,-6030,-15.786504,-0.197331
153.7910,-6030,-15.786504,-0.197331
153.8010,-6030,-15.786504,-0.197331
153.8110,-6030,-15.786504,-0.197331
153.8210,-6030,-15.786504,-0.197331
153.8310,-6030,-15.786504,-0.197331
153.8410,-6031,-15.789121,-0.197364
153.8510,-6031,-15.789121,-0.197364
153.8610,-6031,-15.789121,-0.197364
153.8710,-6031,-15.789121,-0.197364
153.8810,-6031,-15.789121,-0.197364
153.8910,-6031,-15.789121,-0.197364
153.9010,-6031,-15.789121,-0.197364
153.9110,-6031,-15.789121,-0.197364
153.9210,-6031,-15.789121,-0.197364
153.9310,-6031,-15.789121,-0.197364
153.9410,-6031,-15.789121,-0.197364
153.9510,-6031,-15.789121,-0.197364
153.9610,-6031,-15.789121,-0.197364
153.9710,-6031,-15.789121,-0.197364
153.9810,-6031,-15.789121,-0.197364
153.9910,-6031,-15.789121,-0.197364
154.0010,-6032,-15.791740,-0.197397
154.0110,-6032,-15.791740,-0.197397
154.0210,-6032,-15.791740,-0.197397
154.0310,-6032,-15.791740,-0.197397
154.0410,-6032,-15.791740,-0.197397
154.0510,-6032,-15.791740,-0.197397
154.0610,-6032,-15.791740,-0.197397
154.0710,-6032,-15.791740,-0.197397
154.0810,-6032,-15.791740,-0.197397
154.0910,-6032,-15.791740,-0.197397
154.1010,-6032,-15.791740,-0.197397
154.1110,-6032,-15.791740,-0.197397
154.1210,-6033,-15.794359,-0.197429
154.1310,-6033,-15.794359,-0.197429
154.1410,-6033,-15.794359,-0.197429
154.1510,-6033,-15.794359,-0.197429
154.1610,-6033,-15.794359,-0.197429
154.1710,-6033,-15.794359,-0.197429
154.1810,-6033,-15.794359,-0.197429
154.1910,-6033,-15.794359,-0.197429
154.2010,-6033,-15.794359,-0.197429
154.2110,-6033,-15.794359,-0.197429
154.2210,-6033,-15.794359,-0.197429
154.2310,-6033,-15.794359,-0.197429
154.2410,-6033,-15.794359,-0.197429
154.2510,-6034,-15.796976,-0.197462
154.2610,-6034,-15.796976,-0.197462
154.2710,-6034,-15.796976,-0.197462
154.2810,-6035,-15.799594,-0.197495
154.2910,-6035,-15.799594,-0.197495
154.3010,-6035,-15.799594,-0.197495
154.3110,-6035,-15.799594,-0.197495
154.3210,-6036,-15.802212,-0.197528
154.3320,-6036,-15.802212,-0.197528
154.3410,-6036,-15.802212,-0.197528
154.3510,-6036,-15.802212,-0.197528
154.3610,-6036,-15.802212,-0.197528
154.3710,-6037,-15.804830,-0.197560
154.3810,-6038,-15.807448,-0.197593
154.3910,-6038,-15.807448,-0.197593
154.4010,-6039,-15.810066,-0.197626
154.4110,-6040,-15.812684,-0.197659
154.4210,-6040,-15.812684,-0.197659
154.4310,-6040,-15.812684,-0.197659
154.4410,-6040,-15.812684,-0.197659
154.4510,-6040,-15.812684,-0.197659
154.4610,-6040,-15.812684,-0.197659
154.4710,-6040,-15.812684,-0.197659
154.4810,-6040,-15.812684,-0.197659
154.4910,-6040,-15.812684,-0.197659
154.5010,-6040,-15.812684,-0.197659
154.5110,-6041,-15.815302,-0.197691
154.5210,-6041,-15.815302,-0.197691
154.5310,-6042,-15.817919,-0.197724
154.5410,-6042,-15.817919,-0.197724
154.5510,-6043,-15.820538,-0.197757
154.5610,-6043,-15.820538,-0.197757
154.5710,-6044,-15.823157,-0.197789
154.5810,-6044,-15.823157,-0.197789
154.5910,-6044,-15.823157,-0.197789
154.6010,-6044,-15.823157,-0.197789
154.6110,-6044,-15.823157,-0.197789
154.6210,-6044,-15.823157,-0.197789
154.6310,-6044,-15.823157,-0.197789
154.6410,-6043,-15.820538,-0.197757
154.6510,-6044,-15.823157,-0.197789
154.6610,-6045,-15.825774,-0.197822
154.6710,-6045,-15.825774,-0.197822
154.6810,-6045,-15.825774,-0.197822
154.6910,-6046,-15.828392,-0.197855
154.7010,-6047,-15.831009,-0.197888
154.7110,-6047,-15.831009,-0.197888
154.7210,-6047,-15.831009,-0.197888
154.7310,-6047,-15.831009,-0.197888
154.7410,-6047,-15.831009,-0.197888
154.7510,-6047,-15.831009,-0.197888
154.7610,-6047,-15.831009,-0.197888
154.7710,-6047,-15.831009,-0.197888
154.7810,-6046,-15.828392,-0.197855
154.7910,-6047,-15.831009,-0.197888
154.8010,-6047,-15.831009,-0.197888
154.8110,-6047,-15.831009,-0.197888
154.8210,-6048,-15.833628,-0.197920
154.8310,-6049,-15.836246,-0.197953
154.8410,-6049,-15.836246,-0.197953
154.8510,-6049,-15.836246,-0.197953
154.8610,-6049,-15.836246,-0.197953
154.8710,-6049,-15.836246,-0.197953
154.8810,-6049,-15.836246,-0.197953
154.8910,-6049,-15.836246,-0.197953
154.9010,-6049,-15.836246,-0.197953
154.9110,-6049,-15.836246,-0.197953
154.9210,-6049,-15.836246,-0.197953
154.9310,-6050,-15.838864,-0.197986
154.9410,-6050,-15.838864,-0.197986
154.9510,-6050,-15.838864,-0.197986
154.9610,-6051,-15.841482,-0.198019
154.9720,-6051,-15.841482,-0.198019
154.9810,-6051,-15.841482,-0.198019
154.9910,-6051,-15.841482,-0.198019
155.0010,-6051,-15.841482,-0.198019
155.0110,-6051,-15.841482,-0.198019
155.0210,-6051,-15.841482,-0.198019
155.0310,-6051,-15.841482,-0.198019
155.0410,-6051,-15.841482,-0.198019
155.0510,-6051,-15.841482,-0.198019
155.0610,-6051,-15.841482,-0.198019
155.0710,-6051,-15.841482,-0.198019
155.0810,-6052,-15.844100,-0.198051
155.0910,-6052,-15.844100,-0.198051
155.1010,-6052,-15.844100,-0.198051
155.1110,-6053,-15.846717,-0.198084
155.1210,-6053,-15.846717,-0.198084
155.1310,-6053,-15.846717,-0.198084
155.1410,-6053,-15.846717,-0.198084
155.1510,-6053,-15.846717,-0.198084
155.1610,-6053,-15.846717,-0.198084
155.1710,-6052,-15.844100,-0.198051
155.1810,-6052,-15.844100,-0.198051
155.1910,-6052,-15.844100,-0.198051
155.2010,-6052,-15.844100,-0.198051
155.2110,-6053,-15.846717,-0.198084
155.2210,-6053,-15.846717,-0.198084
155.2310,-6053,-15.846717,-0.198084
155.2410,-6053,-15.846717,-0.198084
155.2510,-6054,-15.849336,-0.198117
155.2610,-6054,-15.849336,-0.198117
155.2710,-6054,-15.849336,-0.198117
155.2810,-6054,-15.849336,-0.198117
155.2910,-6054,-15.849336,-0.198117
155.3010,-6054,-15.849336,-0.198117
155.3110,-6053,-15.846717,-0.198084
155.3210,-6053,-15.846717,-0.198084
155.3310,-6053,-15.846717,-0.198084
155.3410,-6054,-15.849336,-0.198117
155.3510,-6054,-15.849336,-0.198117
155.3610,-6054,-15.849336,-0.198117
155.3710,-6055,-15.851953,-0.198149
155.3810,-6055,-15.851953,-0.198149
155.3910,-6055,-15.851953,-0.198149
155.4010,-6055,-15.851953,-0.198149
155.4110,-6055,-15.851953,-0.198149
155.4210,-6055,-15.851953,-0.198149
155.4310,-6055,-15.851953,-0.198149
155.4410,-6055,-15.851953,-0.198149
155.4510,-6055,-15.851953,-0.198149
155.4610,-6055,-15.851953,-0.198149
155.4710,-6055,-15.851953,-0.198149
155.4810,-6055,-15.851953,-0.198149
155.4910,-6055,-15.851953,-0.198149
155.5010,-6056,-15.854572,-0.198182
155.5110,-6056,-15.854572,-0.198182
155.5210,-6057,-15.857191,-0.198215
155.5310,-6057,-15.857191,-0.198215
155.5410,-6057,-15.857191,-0.198215
155.5510,-6057,-15.857191,-0.198215
155.5610,-6057,-15.857191,-0.198215
155.5710,-6057,-15.857191,-0.198215
155.5810,-6057,-15.857191,-0.198215
155.5910,-6057,-15.857191,-0.198215
155.6010,-6057,-15.857191,-0.198215
155.6120,-6057,-15.857191,-0.198215
155.6210,-6057,-15.857191,-0.198215
155.6310,-6057,-15.857191,-0.198215
155.6410,-6058,-15.859807,-0.198248
155.6510,-6058,-15.859807,-0.198248
155.6610,-6059,-15.862426,-0.198280
155.6710,-6059,-15.862426,-0.198280
155.6810,-6059,-15.862426,-0.198280
155.6910,-6059,-15.862426,-0.198280
155.7010,-6059,-15.862426,-0.198280
155.7110,-6059,-15.862426,-0.198280
155.7210,-6059,-15.862426,-0.198280
155.7310,-6058,-15.859807,-0.198248
155.7410,-6058,-15.859807,-0.198248
155.7510,-6058,-15.859807,-0.198248
155.7610,-6059,-15.862426,-0.198280
155.7710,-6059,-15.862426,-0.198280
155.7810,-6059,-15.862426,-0.198280
155.7910,-6059,-15.862426,-0.198280
155.8010,-6060,-15.865044,-0.198313
155.8110,-6060,-15.865044,-0.198313
155.8210,-6060,-15.865044,-0.198313
155.8310,-6060,-15.865044,-0.198313
155.8410,-6060,-15.865044,-0.198313
155.8510,-6060,-15.865044,-0.198313
155.8610,-6060,-15.865044,-0.198313
155.8710,-6060,-15.865044,-0.198313
155.8810,-6060,-15.865044,-0.198313
155.8910,-6060,-15.865044,-0.198313
155.9010,-6060,-15.865044,-0.198313
155.9110,-6060,-15.865044,-0.198313
155.9210,-6061,-15.867661,-0.198346
155.9310,-6061,-15.867661,-0.198346
155.9410,-6061,-15.867661,-0.198346
155.9510,-6061,-15.867661,-0.198346
155.9610,-6061,-15.867661,-0.198346
155.9710,-6061,-15.867661,-0.198346
155.9810,-6061,-15.867661,-0.198346
155.9910,-6061,-15.867661,-0.198346
156.0010,-6061,-15.867661,-0.198346
156.0110,-6061,-15.867661,-0.198346
156.0210,-6061,-15.867661,-0.198346
156.0310,-6061,-15.867661,-0.198346
156.0410,-6061,-15.867661,-0.198346
156.0510,-6061,-15.867661,-0.198346
156.0610,-6062,-15.870280,-0.198378
156.0710,-6062,-15.870280,-0.198378
156.0810,-6062,-15.870280,-0.198378
156.0910,-6062,-15.870280,-0.198378
156.1010,-6062,-15.870280,-0.198378
156.1110,-6062,-15.870280,-0.198378
156.1210,-6062,-15.870280,-0.198378
156.1310,-6062,-15.870280,-0.198378
156.1410,-6062,-15.870280,-0.198378
156.1510,-6062,-15.870280,-0.198378
156.1610,-6062,-15.870280,-0.198378
156.1710,-6062,-15.870280,-0.198378
156.1810,-6062,-15.870280,-0.198378
156.1910,-6062,-15.870280,-0.198378
156.2010,-6063,-15.872897,-0.198411
156.2110,-6063,-15.872897,-0.198411
156.2210,-6063,-15.872897,-0.198411
156.2310,-6063,-15.872897,-0.198411
156.2410,-6063,-15.872897,-0.198411
156.2520,-6063,-15.872897,-0.198411
156.2610,-6063,-15.872897,-0.198411
156.2710,-6063,-15.872897,-0.198411
156.2810,-6063,-15.872897,-0.198411
156.2910,-6063,-15.872897,-0.198411
156.3010,-6063,-15.872897,-0.198411
156.3110,-6063,-15.872897,-0.198411
156.3210,-6063,-15.872897,-0.198411
156.3310,-6064,-15.875515,-0.198444
156.3410,-6064,-15.875515,-0.198444
156.3510,-6064,-15.875515,-0.198444
156.3610,-6064,-15.875515,-0.198444
156.3710,-6064,-15.875515,-0.198444
156.3810,-6064,-15.875515,-0.198444
156.3910,-6064,-15.875515,-0.198444
156.4010,-6064,-15.875515,-0.198444
156.4110,-6064,-15.875515,-0.198444
156.4210,-6064,-15.875515,-0.198444
156.4310,-6064,-15.875515,-0.198444
156.4410,-6064,-15.875515,-0.198444
156.4510,-6064,-15.875515,-0.198444
156.4610,-6065,-15.878134,-0.198477
156.4710,-6065,-15.878134,-0.198477
156.4810,-6065,-15.878134,-0.198477
156.4910,-6065,-15.878134,-0.198477
156.5010,-6066,-15.880751,-0.198509
156.5110,-6066,-15.880751,-0.198509
156.5210,-6066,-15.880751,-0.198509
156.5310,-6066,-15.880751,-0.198509
156.5410,-6066,-15.880751,-0.198509
156.5510,-6066,-15.880751,-0.198509
156.5610,-6065,-15.878134,-0.198477
156.5710,-6065,-15.878134,-0.198477
156.5810,-6065,-15.878134,-0.198477
156.5910,-6066,-15.880751,-0.198509
156.6010,-6066,-15.880751,-0.198509
156.6110,-6066,-15.880751,-0.198509
156.6210,-6067,-15.883370,-0.198542
156.6310,-6067,-15.883370,-0.198542
156.6410,-6067,-15.883370,-0.198542
156.6510,-6067,-15.883370,-0.198542
156.6610,-6067,-15.883370,-0.198542
156.6710,-6067,-15.883370,-0.198542
156.6810,-6067,-15.883370,-0.198542
156.6910,-6067,-15.883370,-0.198542
156.7010,-6067,-15.883370,-0.198542
156.7110,-6067,-15.883370,-0.198542
156.7210,-6067,-15.883370,-0.198542
156.7310,-6067,-15.883370,-0.198542
156.7410,-6067,-15.883370,-0.198542
156.7510,-6068,-15.885989,-0.198575
156.7610,-6068,-15.885989,-0.198575
156.7710,-6069,-15.888606,-0.198608
156.7810,-6069,-15.888606,-0.198608
156.7910,-6069,-15.888606,-0.198608
156.8010,-6069,-15.888606,-0.198608
156.8110,-6069,-15.888606,-0.198608
156.8210,-6069,-15.888606,-0.198608
156.8310,-6069,-15.888606,-0.198608
156.8410,-6068,-15.885989,-0.198575
156.8510,-6068,-15.885989,-0.198575
156.8610,-6068,-15.885989,-0.198575
156.8710,-6069,-15.888606,-0.198608
156.8810,-6069,-15.888606,-0.198608
156.8920,-6070,-15.891224,-0.198640
156.9010,-6071,-15.893841,-0.198673
156.9110,-6071,-15.893841,-0.198673
156.9210,-6072,-15.896459,-0.198706
156.9310,-6073,-15.899078,-0.198738
156.9410,-6073,-15.899078,-0.198738
156.9510,-6074,-15.901695,-0.198771
156.9610,-6075,-15.904314,-0.198804
156.9710,-6077,-15.909549,-0.198869
156.9810,-6080,-15.917404,-0.198968
156.9910,-6083,-15.925257,-0.199066
157.0010,-6086,-15.933112,-0.199164
157.0110,-6092,-15.948821,-0.199360
157.0210,-6097,-15.961910,-0.199524
157.0310,-6104,-15.980236,-0.199753
157.0410,-6111,-15.998562,-0.199982
157.0510,-6119,-16.019506,-0.200244
157.0610,-6128,-16.043066,-0.200538
157.0710,-6137,-16.066629,-0.200833
157.0810,-6147,-16.092807,-0.201160
157.0910,-6157,-16.118988,-0.201487
157.1010,-6167,-16.145168,-0.201815
157.1110,-6177,-16.171348,-0.202142
157.1210,-6186,-16.194911,-0.202436
157.1310,-6194,-16.215854,-0.202698
157.1410,-6203,-16.239416,-0.202993
157.1510,-6214,-16.268215,-0.203353
157.1610,-6229,-16.307485,-0.203844
157.1710,-6248,-16.357225,-0.204465
157.1810,-6263,-16.396495,-0.204956
157.1910,-6275,-16.427911,-0.205349
157.2010,-6290,-16.467182,-0.205840
157.2110,-6304,-16.503833,-0.206298
157.2210,-6318,-16.540485,-0.206756
157.2310,-6333,-16.579755,-0.207247
157.2410,-6347,-16.616407,-0.207705
157.2510,-6365,-16.663532,-0.208294
157.2610,-6379,-16.700183,-0.208752
157.2710,-6388,-16.723745,-0.209047
157.2810,-6396,-16.744689,-0.209309
157.2910,-6406,-16.770868,-0.209636
157.3010,-6417,-16.799667,-0.209996
157.3110,-6429,-16.831083,-0.210389
157.3210,-6439,-16.857263,-0.210716
157.3310,-6447,-16.878206,-0.210978
157.3410,-6453,-16.893915,-0.211174
157.3510,-6460,-16.912240,-0.211403
157.3610,-6465,-16.925331,-0.211567
157.3710,-6470,-16.938421,-0.211730
157.3810,-6473,-16.946273,-0.211828
157.3910,-6475,-16.951511,-0.211894
157.4010,-6476,-16.954128,-0.211927
157.4110,-6476,-16.954128,-0.211927
157.4210,-6476,-16.954128,-0.211927
157.4310,-6477,-16.956747,-0.211959
157.4410,-6477,-16.956747,-0.211959
157.4510,-6477,-16.956747,-0.211959
157.4610,-6478,-16.959365,-0.211992
157.4710,-6479,-16.961982,-0.212025
157.4810,-6481,-16.967218,-0.212090
157.4910,-6481,-16.967218,-0.212090
157.5010,-6483,-16.972455,-0.212156
157.5110,-6483,-16.972455,-0.212156
157.5210,-6484,-16.975072,-0.212188
157.5320,-6484,-16.975072,-0.212188
157.5410,-6484,-16.975072,-0.212188
157.5510,-6483,-16.972455,-0.212156
157.5610,-6484,-16.975072,-0.212188
157.5710,-6484,-16.975072,-0.212188
157.5810,-6484,-16.975072,-0.212188
157.5910,-6484,-16.975072,-0.212188
157.6010,-6485,-16.977691,-0.212221
157.6110,-6486,-16.980308,-0.212254
157.6210,-6486,-16.980308,-0.212254
157.6310,-6487,-16.982927,-0.212287
157.6410,-6488,-16.985544,-0.212319
157.6510,-6488,-16.985544,-0.212319
157.6610,-6488,-16.985544,-0.212319
157.6710,-6488,-16.985544,-0.212319
157.6810,-6488,-16.985544,-0.212319
157.6910,-6488,-16.985544,-0.212319
157.7010,-6488,-16.985544,-0.212319
157.7110,-6488,-16.985544,-0.212319
157.7210,-6489,-16.988162,-0.212352
157.7310,-6489,-16.988162,-0.212352
157.7410,-6490,-16.990779,-0.212385
157.7510,-6490,-16.990779,-0.212385
157.7610,-6491,-16.993398,-0.212417
157.7710,-6492,-16.996015,-0.212450
157.7810,-6492,-16.996015,-0.212450
157.7910,-6492,-16.996015,-0.212450
157.8010,-6492,-16.996015,-0.212450
157.8110,-6492,-16.996015,-0.212450
157.8210,-6491,-16.993398,-0.212417
157.8310,-6491,-16.993398,-0.212417
157.8410,-6491,-16.993398,-0.212417
157.8510,-6492,-16.996015,-0.212450
157.8610,-6492,-16.996015,-0.212450
157.8710,-6493,-16.998634,-0.212483
157.8810,-6494,-17.001253,-0.212516
157.8910,-6495,-17.003870,-0.212548
157.9010,-6495,-17.003870,-0.212548
157.9110,-6496,-17.006488,-0.212581
157.9210,-6496,-17.006488,-0.212581
157.9310,-6496,-17.006488,-0.212581
157.9410,-6496,-17.006488,-0.212581
157.9510,-6495,-17.003870,-0.212548
157.9610,-6495,-17.003870,-0.212548
157.9710,-6495,-17.003870,-0.212548
157.9810,-6495,-17.003870,-0.212548
157.9910,-6496,-17.006488,-0.212581
158.0010,-6496,-17.006488,-0.212581
158.0110,-6497,-17.009105,-0.212614
158.0210,-6498,-17.011724,-0.212647
158.0310,-6499,-17.014343,-0.212679
158.0410,-6500,-17.016960,-0.212712
158.0510,-6500,-17.016960,-0.212712
158.0610,-6500,-17.016960,-0.212712
158.0710,-6500,-17.016960,-0.212712
158.0810,-6500,-17.016960,-0.212712
158.0910,-6499,-17.014343,-0.212679
158.1010,-6499,-17.014343,-0.212679
158.1110,-6499,-17.014343,-0.212679
158.1210,-6499,-17.014343,-0.212679
158.1310,-6500,-17.016960,-0.212712
158.1410,-6500,-17.016960,-0.212712
158.1510,-6501,-17.019578,-0.212745
158.1610,-6502,-17.022197,-0.212777
158.1720,-6503,-17.024814,-0.212810
158.1810,-6503,-17.024814,-0.212810
158.1910,-6504,-17.027433,-0.212843
158.2010,-6504,-17.027433,-0.212843
158.2110,-6504,-17.027433,-0.212843
158.2210,-6503,-17.024814,-0.212810
158.2310,-6503,-17.024814,-0.212810
158.2410,-6503,-17.024814,-0.212810
158.2510,-6502,-17.022197,-0.212777
158.2610,-6503,-17.024814,-0.212810
158.2710,-6503,-17.024814,-0.212810
158.2810,-6504,-17.027433,-0.212843
158.2910,-6504,-17.027433,-0.212843
158.3010,-6505,-17.030050,-0.212876
158.3110,-6506,-17.032669,-0.212908
158.3210,-6506,-17.032669,-0.212908
158.3310,-6507,-17.035287,-0.212941
158.3410,-6507,-17.035287,-0.212941
158.3510,-6507,-17.035287,-0.212941
158.3610,-6506,-17.032669,-0.212908
158.3710,-6506,-17.032669,-0.212908
158.3810,-6506,-17.032669,-0.212908
158.3910,-6505,-17.030050,-0.212876
158.4010,-6506,-17.032669,-0.212908
158.4110,-6506,-17.032669,-0.212908
158.4210,-6507,-17.035287,-0.212941
158.4310,-6508,-17.037904,-0.212974
158.4410,-6509,-17.040523,-0.213007
158.4510,-6509,-17.040523,-0.213007
158.4610,-6509,-17.040523,-0.213007
158.4710,-6510,-17.043140,-0.213039
158.4810,-6510,-17.043140,-0.213039
158.4910,-6510,-17.043140,-0.213039
158.5010,-6509,-17.040523,-0.213007
158.5110,-6509,-17.040523,-0.213007
158.5210,-6509,-17.040523,-0.213007
158.5310,-6509,-17.040523,-0.213007
158.5410,-6509,-17.040523,-0.213007
158.5510,-6509,-17.040523,-0.213007
158.5610,-6510,-17.043140,-0.213039
158.5710,-6510,-17.043140,-0.213039
158.5810,-6511,-17.045759,-0.213072
158.5910,-6512,-17.048376,-0.213105
158.6010,-6512,-17.048376,-0.213105
158.6110,-6512,-17.048376,-0.213105
158.6210,-6512,-17.048376,-0.213105
158.6310,-6512,-17.048376,-0.213105
158.6410,-6511,-17.045759,-0.213072
158.6510,-6511,-17.045759,-0.213072
158.6610,-6511,-17.045759,-0.213072
158.6710,-6511,-17.045759,-0.213072
158.6810,-6511,-17.045759,-0.213072
158.6910,-6512,-17.048376,-0.213105
158.7010,-6512,-17.048376,-0.213105
158.7110,-6513,-17.050992,-0.213137
158.7210,-6514,-17.053611,-0.213170
158.7310,-6514,-17.053611,-0.213170
158.7410,-6514,-17.053611,-0.213170
158.7510,-6515,-17.056230,-0.213203
158.7610,-6515,-17.056230,-0.213203
158.7710,-6515,-17.056230,-0.213203
158.7810,-6514,-17.053611,-0.213170
158.7910,-6514,-17.053611,-0.213170
158.8010,-6513,-17.050992,-0.213137
158.8120,-6514,-17.053611,-0.213170
158.8210,-6514,-17.053611,-0.213170
158.8310,-6515,-17.056230,-0.213203
158.8410,-6515,-17.056230,-0.213203
158.8510,-6516,-17.058847,-0.213236
158.8610,-6517,-17.061466,-0.213268
158.8710,-6517,-17.061466,-0.213268
158.8810,-6518,-17.064085,-0.213301
158.8910,-6519,-17.066701,-0.213334
158.9010,-6519,-17.066701,-0.213334
158.9110,-6519,-17.066701,-0.213334
158.9210,-6519,-17.066701,-0.213334
158.9310,-6520,-17.069320,-0.213367
158.9410,-6520,-17.069320,-0.213367
158.9510,-6522,-17.074556,-0.213432
158.9610,-6525,-17.082410,-0.213530
158.9710,-6527,-17.087646,-0.213596
158.9810,-6532,-17.100736,-0.213759
158.9910,-6537,-17.113826,-0.213923
159.0010,-6546,-17.137388,-0.214217
159.0110,-6555,-17.160949,-0.214512
159.0210,-6565,-17.187129,-0.214839
159.0310,-6574,-17.210693,-0.215134
159.0410,-6586,-17.242107,-0.215526
159.0510,-6597,-17.270906,-0.215886
159.0610,-6608,-17.299703,-0.216246
159.0710,-6618,-17.325883,-0.216574
159.0810,-6628,-17.352064,-0.216901
159.0910,-6639,-17.380861,-0.217261
159.1010,-6647,-17.401805,-0.217523
159.1110,-6651,-17.412277,-0.217653
159.1210,-6655,-17.422748,-0.217784
159.1310,-6659,-17.433221,-0.217915
159.1410,-6662,-17.441076,-0.218013
159.1510,-6664,-17.446311,-0.218079
159.1610,-6665,-17.448930,-0.218112
159.1710,-6666,-17.451547,-0.218144
159.1810,-6667,-17.454166,-0.218177
159.1910,-6667,-17.454166,-0.218177
159.2010,-6668,-17.456783,-0.218210
159.2110,-6670,-17.462018,-0.218275
159.2210,-6671,-17.464637,-0.218308
159.2310,-6674,-17.472490,-0.218406
159.2410,-6677,-17.480344,-0.218504
159.2510,-6679,-17.485582,-0.218570
159.2610,-6683,-17.496053,-0.218701
159.2710,-6687,-17.506526,-0.218832
159.2810,-6690,-17.514379,-0.218930
159.2910,-6695,-17.527469,-0.219093
159.3010,-6700,-17.540559,-0.219257
159.3110,-6706,-17.556266,-0.219453
159.3210,-6714,-17.577211,-0.219715
159.3310,-6724,-17.603391,-0.220042
159.3410,-6737,-17.637426,-0.220468
159.3510,-6747,-17.663604,-0.220795
159.3610,-6754,-17.681932,-0.221024
159.3710,-6760,-17.697639,-0.221220
159.3810,-6766,-17.713346,-0.221417
159.3910,-6770,-17.723819,-0.221548
159.4010,-6772,-17.729055,-0.221613
159.4110,-6773,-17.731672,-0.221646
159.4210,-6771,-17.726436,-0.221580
159.4310,-6767,-17.715965,-0.221450
159.4410,-6764,-17.708110,-0.221351
159.4520,-6761,-17.700256,-0.221253
159.4610,-6759,-17.695022,-0.221188
159.4710,-6758,-17.692403,-0.221155
159.4810,-6758,-17.692403,-0.221155
159.4910,-6760,-17.697639,-0.221220
159.5010,-6763,-17.705492,-0.221319
159.5110,-6766,-17.713346,-0.221417
159.5210,-6769,-17.721200,-0.221515
159.5310,-6772,-17.729055,-0.221613
159.5410,-6773,-17.731672,-0.221646
159.5510,-6774,-17.734291,-0.221679
159.5610,-6774,-17.734291,-0.221679
159.5710,-6772,-17.729055,-0.221613
159.5810,-6770,-17.723819,-0.221548
159.5910,-6767,-17.715965,-0.221450
159.6010,-6765,-17.710727,-0.221384
159.6110,-6764,-17.708110,-0.221351
159.6210,-6764,-17.708110,-0.221351
159.6310,-6764,-17.708110,-0.221351
159.6410,-6767,-17.715965,-0.221450
159.6510,-6769,-17.721200,-0.221515
159.6610,-6771,-17.726436,-0.221580
159.6710,-6773,-17.731672,-0.221646
159.6810,-6774,-17.734291,-0.221679
159.6910,-6775,-17.736909,-0.221711
159.7010,-6775,-17.736909,-0.221711
159.7110,-6774,-17.734291,-0.221679
159.7210,-6773,-17.731672,-0.221646
159.7310,-6771,-17.726436,-0.221580
159.7410,-6770,-17.723819,-0.221548
159.7510,-6768,-17.718582,-0.221482
159.7610,-6768,-17.718582,-0.221482
159.7710,-6768,-17.718582,-0.221482
159.7810,-6769,-17.721200,-0.221515
159.7910,-6771,-17.726436,-0.221580
159.8010,-6772,-17.729055,-0.221613
159.8110,-6774,-17.734291,-0.221679
159.8210,-6775,-17.736909,-0.221711
159.8310,-6776,-17.739526,-0.221744
159.8410,-6777,-17.742145,-0.221777
159.8510,-6776,-17.739526,-0.221744
159.8610,-6776,-17.739526,-0.221744
159.8710,-6774,-17.734291,-0.221679
159.8810,-6773,-17.731672,-0.221646
159.8910,-6772,-17.729055,-0.221613
159.9010,-6772,-17.729055,-0.221613
159.9110,-6772,-17.729055,-0.221613
159.9210,-6773,-17.731672,-0.221646
159.9310,-6773,-17.731672,-0.221646
159.9410,-6775,-17.736909,-0.221711
159.9510,-6776,-17.739526,-0.221744
159.9610,-6777,-17.742145,-0.221777
159.9710,-6778,-17.744764,-0.221810
159.9810,-6778,-17.744764,-0.221810
159.9910,-6778,-17.744764,-0.221810
160.0010,-6778,-17.744764,-0.221810
160.0110,-6777,-17.742145,-0.221777
160.0210,-6776,-17.739526,-0.221744
160.0310,-6775,-17.736909,-0.221711
160.0410,-6775,-17.736909,-0.221711
160.0510,-6775,-17.736909,-0.221711
160.0610,-6775,-17.736909,-0.221711
160.0710,-6776,-17.739526,-0.221744
160.0810,-6777,-17.742145,-0.221777
160.0920,-6778,-17.744764,-0.221810
160.1010,-6779,-17.747381,-0.221842
160.1110,-6779,-17.747381,-0.221842
160.1210,-6780,-17.750000,-0.221875
160.1310,-6780,-17.750000,-0.221875
160.1410,-6779,-17.747381,-0.221842
160.1510,-6779,-17.747381,-0.221842
160.1610,-6778,-17.744764,-0.221810
160.1710,-6777,-17.742145,-0.221777
160.1810,-6777,-17.742145,-0.221777
160.1910,-6777,-17.742145,-0.221777
160.2010,-6777,-17.742145,-0.221777
160.2110,-6777,-17.742145,-0.221777
160.2210,-6778,-17.744764,-0.221810
160.2310,-6779,-17.747381,-0.221842
160.2410,-6780,-17.750000,-0.221875
160.2510,-6780,-17.750000,-0.221875
160.2610,-6781,-17.752616,-0.221908
160.2710,-6781,-17.752616,-0.221908
160.2810,-6780,-17.750000,-0.221875
160.2910,-6780,-17.750000,-0.221875
160.3010,-6779,-17.747381,-0.221842
160.3110,-6779,-17.747381,-0.221842
160.3210,-6778,-17.744764,-0.221810
160.3310,-6778,-17.744764,-0.221810
160.3410,-6779,-17.747381,-0.221842
160.3510,-6779,-17.747381,-0.221842
160.3610,-6780,-17.750000,-0.221875
160.3710,-6780,-17.750000,-0.221875
160.3810,-6781,-17.752616,-0.221908
160.3910,-6781,-17.752616,-0.221908
160.4010,-6781,-17.752616,-0.221908
160.4110,-6781,-17.752616,-0.221908
160.4210,-6781,-17.752616,-0.221908
160.4310,-6781,-17.752616,-0.221908
160.4410,-6780,-17.750000,-0.221875
160.4510,-6780,-17.750000,-0.221875
160.4610,-6780,-17.750000,-0.221875
160.4710,-6780,-17.750000,-0.221875
160.4810,-6780,-17.750000,-0.221875
160.4910,-6780,-17.750000,-0.221875
160.5010,-6781,-17.752616,-0.221908
160.5110,-6781,-17.752616,-0.221908
160.5210,-6782,-17.755235,-0.221940
160.5310,-6782,-17.755235,-0.221940
160.5410,-6782,-17.755235,-0.221940
160.5510,-6782,-17.755235,-0.221940
160.5610,-6782,-17.755235,-0.221940
160.5710,-6782,-17.755235,-0.221940
160.5810,-6781,-17.752616,-0.221908
160.5910,-6781,-17.752616,-0.221908
160.6010,-6781,-17.752616,-0.221908
160.6110,-6781,-17.752616,-0.221908
160.6210,-6781,-17.752616,-0.221908
160.6310,-6781,-17.752616,-0.221908
160.6410,-6782,-17.755235,-0.221940
160.6510,-6782,-17.755235,-0.221940
160.6610,-6783,-17.757852,-0.221973
160.6710,-6783,-17.757852,-0.221973
160.6810,-6783,-17.757852,-0.221973
160.6910,-6783,-17.757852,-0.221973
160.7010,-6783,-17.757852,-0.221973
160.7110,-6783,-17.757852,-0.221973
160.7210,-6782,-17.755235,-0.221940
160.7320,-6782,-17.755235,-0.221940
160.7410,-6782,-17.755235,-0.221940
160.7510,-6782,-17.755235,-0.221940
160.7610,-6782,-17.755235,-0.221940
160.7710,-6783,-17.757852,-0.221973
160.7810,-6783,-17.757852,-0.221973
160.7910,-6784,-17.760471,-0.222006
160.8010,-6784,-17.760471,-0.222006
160.8110,-6784,-17.760471,-0.222006
160.8210,-6785,-17.763088,-0.222039
160.8310,-6785,-17.763088,-0.222039
160.8410,-6784,-17.760471,-0.222006
160.8510,-6784,-17.760471,-0.222006
160.8610,-6783,-17.757852,-0.221973
160.8710,-6783,-17.757852,-0.221973
160.8810,-6783,-17.757852,-0.221973
160.8910,-6783,-17.757852,-0.221973
160.9010,-6783,-17.757852,-0.221973
160.9110,-6784,-17.760471,-0.222006
160.9210,-6784,-17.760471,-0.222006
160.9310,-6785,-17.763088,-0.222039
160.9410,-6785,-17.763088,-0.222039
160.9510,-6785,-17.763088,-0.222039
160.9610,-6785,-17.763088,-0.222039
160.9710,-6785,-17.763088,-0.222039
160.9810,-6785,-17.763088,-0.222039
160.9910,-6785,-17.763088,-0.222039
161.0010,-6784,-17.760471,-0.222006
161.0110,-6784,-17.760471,-0.222006
161.0210,-6784,-17.760471,-0.222006
161.0310,-6784,-17.760471,-0.222006
161.0410,-6784,-17.760471,-0.222006
161.0510,-6785,-17.763088,-0.222039
161.0610,-6785,-17.763088,-0.222039
161.0710,-6786,-17.765707,-0.222071
161.0810,-6786,-17.765707,-0.222071
161.0910,-6786,-17.765707,-0.222071
161.1010,-6786,-17.765707,-0.222071
161.1110,-6786,-17.765707,-0.222071
161.1210,-6786,-17.765707,-0.222071
161.1310,-6786,-17.765707,-0.222071
161.1410,-6785,-17.763088,-0.222039
161.1510,-6785,-17.763088,-0.222039
161.1610,-6785,-17.763088,-0.222039
161.1710,-6785,-17.763088,-0.222039
161.1810,-6785,-17.763088,-0.222039
161.1910,-6786,-17.765707,-0.222071
161.2010,-6786,-17.765707,-0.222071
161.2110,-6787,-17.768323,-0.222104
161.2210,-6787,-17.768323,-0.222104
161.2310,-6787,-17.768323,-0.222104
161.2410,-6787,-17.768323,-0.222104
161.2510,-6787,-17.768323,-0.222104
161.2610,-6787,-17.768323,-0.222104
161.2710,-6787,-17.768323,-0.222104
161.2810,-6786,-17.765707,-0.222071
161.2910,-6786,-17.765707,-0.222071
161.3010,-6786,-17.765707,-0.222071
161.3110,-6786,-17.765707,-0.222071
161.3210,-6786,-17.765707,-0.222071
161.3310,-6787,-17.768323,-0.222104
161.3410,-6787,-17.768323,-0.222104
161.3510,-6788,-17.770942,-0.222137
161.3610,-6788,-17.770942,-0.222137
161.3720,-6788,-17.770942,-0.222137
161.3810,-6788,-17.770942,-0.222137
161.3910,-6788,-17.770942,-0.222137
161.4010,-6788,-17.770942,-0.222137
161.4110,-6787,-17.768323,-0.222104
161.4210,-6787,-17.768323,-0.222104
161.4310,-6787,-17.768323,-0.222104
161.4410,-6787,-17.768323,-0.222104
161.4510,-6787,-17.768323,-0.222104
161.4610,-6787,-17.768323,-0.222104
161.4710,-6788,-17.770942,-0.222137
161.4810,-6788,-17.770942,-0.222137
161.4910,-6789,-17.773559,-0.222170
161.5010,-6789,-17.773559,-0.222170
161.5110,-6789,-17.773559,-0.222170
161.5210,-6789,-17.773559,-0.222170
161.5310,-6789,-17.773559,-0.222170
161.5410,-6789,-17.773559,-0.222170
161.5510,-6788,-17.770942,-0.222137
161.5610,-6788,-17.770942,-0.222137
161.5710,-6788,-17.770942,-0.222137
161.5810,-6788,-17.770942,-0.222137
161.5910,-6788,-17.770942,-0.222137
161.6010,-6789,-17.773559,-0.222170
161.6110,-6789,-17.773559,-0.222170
161.6210,-6789,-17.773559,-0.222170
161.6310,-6790,-17.776178,-0.222202
161.6410,-6790,-17.776178,-0.222202
161.6510,-6790,-17.776178,-0.222202
161.6610,-6790,-17.776178,-0.222202
161.6710,-6790,-17.776178,-0.222202
161.6810,-6790,-17.776178,-0.222202
161.6910,-6789,-17.773559,-0.222170
161.7010,-6789,-17.773559,-0.222170
161.7110,-6789,-17.773559,-0.222170
161.7210,-6789,-17.773559,-0.222170
161.7310,-6789,-17.773559,-0.222170
161.7410,-6790,-17.776178,-0.222202
161.7510,-6790,-17.776178,-0.222202
161.7610,-6791,-17.778797,-0.222235
161.7710,-6791,-17.778797,-0.222235
161.7810,-6791,-17.778797,-0.222235
161.7910,-6791,-17.778797,-0.222235
161.8010,-6791,-17.778797,-0.222235
161.8110,-6791,-17.778797,-0.222235
161.8210,-6791,-17.778797,-0.222235
161.8310,-6790,-17.776178,-0.222202
161.8410,-6790,-17.776178,-0.222202
161.8510,-6790,-17.776178,-0.222202
161.8610,-6790,-17.776178,-0.222202
161.8710,-6790,-17.776178,-0.222202
161.8810,-6791,-17.778797,-0.222235
161.8910,-6791,-17.778797,-0.222235
161.9010,-6792,-17.781414,-0.222268
161.9110,-6792,-17.781414,-0.222268
161.9210,-6792,-17.781414,-0.222268
161.9310,-6792,-17.781414,-0.222268
161.9410,-6792,-17.781414,-0.222268
161.9510,-6792,-17.781414,-0.222268
161.9610,-6792,-17.781414,-0.222268
161.9710,-6791,-17.778797,-0.222235
161.9810,-6791,-17.778797,-0.222235
161.9910,-6791,-17.778797,-0.222235
162.0010,-6791,-17.778797,-0.222235
162.0120,-6791,-17.778797,-0.222235
162.0210,-6792,-17.781414,-0.222268
162.0310,-6792,-17.781414,-0.222268
162.0410,-6793,-17.784032,-0.222300
162.0510,-6793,-17.784032,-0.222300
162.0610,-6793,-17.784032,-0.222300
162.0710,-6793,-17.784032,-0.222300
162.0810,-6793,-17.784032,-0.222300
162.0910,-6793,-17.784032,-0.222300
162.1010,-6793,-17.784032,-0.222300
162.1110,-6792,-17.781414,-0.222268
162.1210,-6792,-17.781414,-0.222268
162.1310,-6792,-17.781414,-0.222268
162.1410,-6792,-17.781414,-0.222268
162.1510,-6792,-17.781414,-0.222268
162.1610,-6793,-17.784032,-0.222300
162.1710,-6793,-17.784032,-0.222300
162.1810,-6793,-17.784032,-0.222300
162.1910,-6793,-17.784032,-0.222300
162.2010,-6794,-17.786651,-0.222333
162.2110,-6794,-17.786651,-0.222333
162.2210,-6794,-17.786651,-0.222333
162.2310,-6793,-17.784032,-0.222300
162.2410,-6793,-17.784032,-0.222300
162.2510,-6793,-17.784032,-0.222300
162.2610,-6793,-17.784032,-0.222300
162.2710,-6793,-17.784032,-0.222300
162.2810,-6793,-17.784032,-0.222300
162.2910,-6793,-17.784032,-0.222300
162.3010,-6793,-17.784032,-0.222300
162.3110,-6793,-17.784032,-0.222300
162.3210,-6794,-17.786651,-0.222333
162.3310,-6794,-17.786651,-0.222333
162.3410,-6794,-17.786651,-0.222333
162.3510,-6794,-17.786651,-0.222333
162.3610,-6794,-17.786651,-0.222333
162.3710,-6794,-17.786651,-0.222333
162.3810,-6794,-17.786651,-0.222333
162.3910,-6793,-17.784032,-0.222300
162.4010,-6793,-17.784032,-0.222300
162.4110,-6793,-17.784032,-0.222300
162.4210,-6794,-17.786651,-0.222333
162.4310,-6794,-17.786651,-0.222333
162.4410,-6794,-17.786651,-0.222333
162.4510,-6794,-17.786651,-0.222333
162.4610,-6795,-17.789268,-0.222366
162.4710,-6795,-17.789268,-0.222366
162.4810,-6795,-17.789268,-0.222366
162.4910,-6795,-17.789268,-0.222366
162.5010,-6795,-17.789268,-0.222366
162.5110,-6795,-17.789268,-0.222366
162.5210,-6795,-17.789268,-0.222366
162.5310,-6794,-17.786651,-0.222333
162.5410,-6794,-17.786651,-0.222333
162.5510,-6794,-17.786651,-0.222333
162.5610,-6795,-17.789268,-0.222366
162.5710,-6795,-17.789268,-0.222366
162.5810,-6795,-17.789268,-0.222366
162.5910,-6796,-17.791887,-0.222399
162.6010,-6796,-17.791887,-0.222399
162.6110,-6796,-17.791887,-0.222399
162.6210,-6797,-17.794504,-0.222431
162.6310,-6797,-17.794504,-0.222431
162.6410,-6797,-17.794504,-0.222431
162.6520,-6796,-17.791887,-0.222399
162.6610,-6796,-17.791887,-0.222399
162.6710,-6796,-17.791887,-0.222399
162.6810,-6796,-17.791887,-0.222399
162.6910,-6796,-17.791887,-0.222399
162.7010,-6796,-17.791887,-0.222399
162.7110,-6796,-17.791887,-0.222399
162.7210,-6797,-17.794504,-0.222431
162.7310,-6797,-17.794504,-0.222431
162.7410,-6798,-17.797122,-0.222464
162.7510,-6798,-17.797122,-0.222464
162.7610,-6798,-17.797122,-0.222464
162.7710,-6798,-17.797122,-0.222464
162.7810,-6798,-17.797122,-0.222464
162.7910,-6798,-17.797122,-0.222464
162.8010,-6798,-17.797122,-0.222464
162.8110,-6798,-17.797122,-0.222464
162.8210,-6797,-17.794504,-0.222431
162.8310,-6797,-17.794504,-0.222431
162.8410,-6798,-17.797122,-0.222464
162.8510,-6798,-17.797122,-0.222464
162.8610,-6799,-17.799741,-0.222497
162.8710,-6799,-17.799741,-0.222497
162.8810,-6800,-17.802358,-0.222529
162.8910,-6800,-17.802358,-0.222529
162.9010,-6800,-17.802358,-0.222529
162.9110,-6800,-17.802358,-0.222529
162.9210,-6800,-17.802358,-0.222529
162.9310,-6800,-17.802358,-0.222529
162.9410,-6799,-17.799741,-0.222497
162.9510,-6799,-17.799741,-0.222497
162.9610,-6799,-17.799741,-0.222497
162.9710,-6799,-17.799741,-0.222497
162.9810,-6799,-17.799741,-0.222497
162.9910,-6800,-17.802358,-0.222529
163.0010,-6800,-17.802358,-0.222529
163.0110,-6801,-17.804977,-0.222562
163.0210,-6801,-17.804977,-0.222562
163.0310,-6801,-17.804977,-0.222562
163.0410,-6801,-17.804977,-0.222562
163.0510,-6801,-17.804977,-0.222562
163.0610,-6801,-17.804977,-0.222562
163.0710,-6801,-17.804977,-0.222562
163.0810,-6801,-17.804977,-0.222562
163.0910,-6801,-17.804977,-0.222562
163.1010,-6800,-17.802358,-0.222529
163.1110,-6801,-17.804977,-0.222562
163.1210,-6801,-17.804977,-0.222562
163.1310,-6801,-17.804977,-0.222562
163.1410,-6801,-17.804977,-0.222562
163.1510,-6802,-17.807596,-0.222595
163.1610,-6803,-17.810213,-0.222628
163.1710,-6803,-17.810213,-0.222628
163.1810,-6803,-17.810213,-0.222628
163.1910,-6803,-17.810213,-0.222628
163.2010,-6803,-17.810213,-0.222628
163.2110,-6803,-17.810213,-0.222628
163.2210,-6802,-17.807596,-0.222595
163.2310,-6802,-17.807596,-0.222595
163.2410,-6802,-17.807596,-0.222595
163.2510,-6802,-17.807596,-0.222595
163.2610,-6802,-17.807596,-0.222595
163.2710,-6803,-17.810213,-0.222628
163.2810,-6803,-17.810213,-0.222628
163.2920,-6804,-17.812831,-0.222660
163.3010,-6804,-17.812831,-0.222660
163.3110,-6804,-17.812831,-0.222660
163.3210,-6804,-17.812831,-0.222660
163.3310,-6804,-17.812831,-0.222660
163.3410,-6804,-17.812831,-0.222660
163.3510,-6804,-17.812831,-0.222660
163.3610,-6803,-17.810213,-0.222628
163.3710,-6803,-17.810213,-0.222628
163.3810,-6803,-17.810213,-0.222628
163.3910,-6803,-17.810213,-0.222628
163.4010,-6803,-17.810213,-0.222628
163.4110,-6804,-17.812831,-0.222660
163.4210,-6804,-17.812831,-0.222660
163.4310,-6805,-17.815448,-0.222693
163.4410,-6805,-17.815448,-0.222693
163.4510,-6805,-17.815448,-0.222693
163.4610,-6805,-17.815448,-0.222693
163.4710,-6805,-17.815448,-0.222693
163.4810,-6805,-17.815448,-0.222693
163.4910,-6805,-17.815448,-0.222693
163.5010,-6804,-17.812831,-0.222660
163.5110,-6804,-17.812831,-0.222660
163.5210,-6804,-17.812831,-0.222660
163.5310,-6804,-17.812831,-0.222660
163.5410,-6805,-17.815448,-0.222693
163.5510,-6805,-17.815448,-0.222693
163.5610,-6805,-17.815448,-0.222693
163.5710,-6806,-17.818067,-0.222726
163.5810,-6806,-17.818067,-0.222726
163.5910,-6806,-17.818067,-0.222726
163.6010,-6806,-17.818067,-0.222726
163.6110,-6806,-17.818067,-0.222726
163.6210,-6806,-17.818067,-0.222726
163.6310,-6806,-17.818067,-0.222726
163.6410,-6805,-17.815448,-0.222693
163.6510,-6805,-17.815448,-0.222693
163.6610,-6805,-17.815448,-0.222693
163.6710,-6805,-17.815448,-0.222693
163.6810,-6805,-17.815448,-0.222693
163.6910,-6806,-17.818067,-0.222726
163.7010,-6806,-17.818067,-0.222726
163.7110,-6807,-17.820684,-0.222759
163.7210,-6807,-17.820684,-0.222759
163.7310,-6807,-17.820684,-0.222759
163.7410,-6807,-17.820684,-0.222759
163.7510,-6807,-17.820684,-0.222759
163.7610,-6807,-17.820684,-0.222759
163.7710,-6806,-17.818067,-0.222726
163.7810,-6806,-17.818067,-0.222726
163.7910,-6806,-17.818067,-0.222726
163.8010,-6806,-17.818067,-0.222726
163.8110,-6806,-17.818067,-0.222726
163.8210,-6806,-17.818067,-0.222726
163.8310,-6807,-17.820684,-0.222759
163.8410,-6807,-17.820684,-0.222759
163.8510,-6807,-17.820684,-0.222759
163.8610,-6807,-17.820684,-0.222759
163.8710,-6807,-17.820684,-0.222759
163.8810,-6807,-17.820684,-0.222759
163.8910,-6807,-17.820684,-0.222759
163.9010,-6807,-17.820684,-0.222759
163.9110,-6807,-17.820684,-0.222759
163.9210,-6807,-17.820684,-0.222759
163.9320,-6807,-17.820684,-0.222759
163.9410,-6807,-17.820684,-0.222759
163.9510,-6807,-17.820684,-0.222759
163.9610,-6807,-17.820684,-0.222759
163.9710,-6807,-17.820684,-0.222759
163.9810,-6807,-17.820684,-0.222759
163.9910,-6808,-17.823303,-0.222791
164.0010,-6808,-17.823303,-0.222791
164.0110,-6808,-17.823303,-0.222791
164.0210,-6808,-17.823303,-0.222791
164.0310,-6808,-17.823303,-0.222791
164.0410,-6808,-17.823303,-0.222791
164.0510,-6807,-17.820684,-0.222759
164.0610,-6807,-17.820684,-0.222759
164.0710,-6807,-17.820684,-0.222759
164.0810,-6807,-17.820684,-0.222759
164.0910,-6807,-17.820684,-0.222759
164.1010,-6807,-17.820684,-0.222759
164.1110,-6808,-17.823303,-0.222791
164.1210,-6808,-17.823303,-0.222791
164.1310,-6808,-17.823303,-0.222791
164.1410,-6808,-17.823303,-0.222791
164.1510,-6808,-17.823303,-0.222791
164.1610,-6808,-17.823303,-0.222791
164.1710,-6808,-17.823303,-0.222791
164.1810,-6808,-17.823303,-0.222791
164.1910,-6808,-17.823303,-0.222791
164.2010,-6808,-17.823303,-0.222791
164.2110,-6807,-17.820684,-0.222759
164.2210,-6808,-17.823303,-0.222791
164.2310,-6808,-17.823303,-0.222791
164.2410,-6808,-17.823303,-0.222791
164.2510,-6808,-17.823303,-0.222791
164.2610,-6809,-17.825920,-0.222824
164.2710,-6809,-17.825920,-0.222824
164.2810,-6809,-17.825920,-0.222824
164.2910,-6809,-17.825920,-0.222824
164.3010,-6809,-17.825920,-0.222824
164.3110,-6809,-17.825920,-0.222824
164.3210,-6809,-17.825920,-0.222824
164.3310,-6808,-17.823303,-0.222791
164.3410,-6808,-17.823303,-0.222791
164.3510,-6808,-17.823303,-0.222791
164.3610,-6808,-17.823303,-0.222791
164.3710,-6808,-17.823303,-0.222791
164.3810,-6809,-17.825920,-0.222824
164.3910,-6809,-17.825920,-0.222824
164.4010,-6809,-17.825920,-0.222824
164.4110,-6809,-17.825920,-0.222824
164.4210,-6809,-17.825920,-0.222824
164.4310,-6809,-17.825920,-0.222824
164.4410,-6809,-17.825920,-0.222824
164.4510,-6809,-17.825920,-0.222824
164.4610,-6809,-17.825920,-0.222824
164.4710,-6808,-17.823303,-0.222791
164.4810,-6808,-17.823303,-0.222791
164.4910,-6808,-17.823303,-0.222791
164.5010,-6809,-17.825920,-0.222824
164.5110,-6809,-17.825920,-0.222824
164.5210,-6809,-17.825920,-0.222824
164.5310,-6809,-17.825920,-0.222824
164.5410,-6809,-17.825920,-0.222824
164.5510,-6809,-17.825920,-0.222824
164.5610,-6809,-17.825920,-0.222824
164.5720,-6809,-17.825920,-0.222824
164.5810,-6809,-17.825920,-0.222824
164.5910,-6809,-17.825920,-0.222824
164.6010,-6809,-17.825920,-0.222824
164.6110,-6809,-17.825920,-0.222824
164.6210,-6809,-17.825920,-0.222824
164.6310,-6809,-17.825920,-0.222824
164.6410,-6809,-17.825920,-0.222824
164.6510,-6809,-17.825920,-0.222824
164.6610,-6809,-17.825920,-0.222824
164.6710,-6809,-17.825920,-0.222824
164.6810,-6810,-17.828538,-0.222857
164.6910,-6810,-17.828538,-0.222857
164.7010,-6810,-17.828538,-0.222857
164.7110,-6810,-17.828538,-0.222857
164.7210,-6810,-17.828538,-0.222857
164.7310,-6810,-17.828538,-0.222857
164.7410,-6809,-17.825920,-0.222824
164.7510,-6809,-17.825920,-0.222824
164.7610,-6809,-17.825920,-0.222824
164.7710,-6809,-17.825920,-0.222824
164.7810,-6809,-17.825920,-0.222824
164.7910,-6809,-17.825920,-0.222824
164.8010,-6810,-17.828538,-0.222857
164.8110,-6810,-17.828538,-0.222857
164.8210,-6810,-17.828538,-0.222857
164.8310,-6810,-17.828538,-0.222857
164.8410,-6810,-17.828538,-0.222857
164.8510,-6810,-17.828538,-0.222857
164.8610,-6810,-17.828538,-0.222857
164.8710,-6810,-17.828538,-0.222857
164.8810,-6810,-17.828538,-0.222857
164.8910,-6810,-17.828538,-0.222857
164.9010,-6810,-17.828538,-0.222857
164.9110,-6810,-17.828538,-0.222857
164.9210,-6810,-17.828538,-0.222857
164.9310,-6810,-17.828538,-0.222857
164.9410,-6811,-17.831155,-0.222889
164.9510,-6811,-17.831155,-0.222889
164.9610,-6811,-17.831155,-0.222889
164.9710,-6811,-17.831155,-0.222889
164.9810,-6811,-17.831155,-0.222889
164.9910,-6811,-17.831155,-0.222889
165.0010,-6811,-17.831155,-0.222889
165.0110,-6811,-17.831155,-0.222889
165.0210,-6810,-17.828538,-0.222857
165.0310,-6810,-17.828538,-0.222857
165.0410,-6810,-17.828538,-0.222857
165.0510,-6811,-17.831155,-0.222889
165.0610,-6811,-17.831155,-0.222889
165.0710,-6811,-17.831155,-0.222889
165.0810,-6811,-17.831155,-0.222889
165.0910,-6811,-17.831155,-0.222889
165.1010,-6812,-17.833774,-0.222922
165.1110,-6812,-17.833774,-0.222922
165.1210,-6812,-17.833774,-0.222922
165.1310,-6812,-17.833774,-0.222922
165.1410,-6811,-17.831155,-0.222889
165.1510,-6811,-17.831155,-0.222889
165.1610,-6811,-17.831155,-0.222889
165.1710,-6811,-17.831155,-0.222889
165.1810,-6811,-17.831155,-0.222889
165.1910,-6811,-17.831155,-0.222889
165.2010,-6811,-17.831155,-0.222889
165.2120,-6811,-17.831155,-0.222889
165.2210,-6812,-17.833774,-0.222922
165.2310,-6812,-17.833774,-0.222922
165.2410,-6812,-17.833774,-0.222922
165.2510,-6812,-17.833774,-0.222922
165.2610,-6812,-17.833774,-0.222922
165.2710,-6812,-17.833774,-0.222922
165.2810,-6812,-17.833774,-0.222922
165.2910,-6812,-17.833774,-0.222922
165.3010,-6812,-17.833774,-0.222922
165.3110,-6812,-17.833774,-0.222922
165.3210,-6812,-17.833774,-0.222922
165.3310,-6813,-17.836391,-0.222955
165.3410,-6813,-17.836391,-0.222955
165.3510,-6813,-17.836391,-0.222955
165.3610,-6814,-17.839010,-0.222988
165.3710,-6814,-17.839010,-0.222988
165.3810,-6815,-17.841629,-0.223020
165.3910,-6815,-17.841629,-0.223020
165.4010,-6815,-17.841629,-0.223020
165.4110,-6815,-17.841629,-0.223020
165.4210,-6815,-17.841629,-0.223020
165.4310,-6815,-17.841629,-0.223020
165.4410,-6814,-17.839010,-0.222988
165.4510,-6814,-17.839010,-0.222988
165.4610,-6814,-17.839010,-0.222988
165.4710,-6814,-17.839010,-0.222988
165.4810,-6814,-17.839010,-0.222988
165.4910,-6815,-17.841629,-0.223020
165.5010,-6815,-17.841629,-0.223020
165.5110,-6816,-17.844245,-0.223053
165.5210,-6816,-17.844245,-0.223053
165.5310,-6816,-17.844245,-0.223053
165.5410,-6816,-17.844245,-0.223053
165.5510,-6816,-17.844245,-0.223053
165.5610,-6816,-17.844245,-0.223053
165.5710,-6816,-17.844245,-0.223053
165.5810,-6815,-17.841629,-0.223020
165.5910,-6815,-17.841629,-0.223020
165.6010,-6815,-17.841629,-0.223020
165.6110,-6815,-17.841629,-0.223020
165.6210,-6815,-17.841629,-0.223020
165.6310,-6816,-17.844245,-0.223053
165.6410,-6816,-17.844245,-0.223053
165.6510,-6817,-17.846864,-0.223086
165.6610,-6817,-17.846864,-0.223086
165.6710,-6817,-17.846864,-0.223086
165.6810,-6817,-17.846864,-0.223086
165.6910,-6817,-17.846864,-0.223086
165.7010,-6817,-17.846864,-0.223086
165.7110,-6816,-17.844245,-0.223053
165.7210,-6816,-17.844245,-0.223053
165.7310,-6816,-17.844245,-0.223053
165.7410,-6816,-17.844245,-0.223053
165.7510,-6816,-17.844245,-0.223053
165.7610,-6816,-17.844245,-0.223053
165.7710,-6817,-17.846864,-0.223086
165.7810,-6817,-17.846864,-0.223086
165.7910,-6817,-17.846864,-0.223086
165.8010,-6817,-17.846864,-0.223086
165.8110,-6818,-17.849483,-0.223119
165.8210,-6818,-17.849483,-0.223119
165.8310,-6818,-17.849483,-0.223119
165.8410,-6817,-17.846864,-0.223086
165.8520,-6817,-17.846864,-0.223086
165.8610,-6817,-17.846864,-0.223086
165.8710,-6817,-17.846864,-0.223086
165.8810,-6817,-17.846864,-0.223086
165.8910,-6817,-17.846864,-0.223086
165.9010,-6817,-17.846864,-0.223086
165.9110,-6818,-17.849483,-0.223119
165.9210,-6818,-17.849483,-0.223119
165.9310,-6818,-17.849483,-0.223119
165.9410,-6818,-17.849483,-0.223119
165.9510,-6819,-17.852100,-0.223151
165.9610,-6819,-17.852100,-0.223151
165.9710,-6818,-17.849483,-0.223119
165.9810,-6818,-17.849483,-0.223119
165.9910,-6818,-17.849483,-0.223119
166.0010,-6818,-17.849483,-0.223119
166.0110,-6818,-17.849483,-0.223119
166.0210,-6818,-17.849483,-0.223119
166.0310,-6818,-17.849483,-0.223119
166.0410,-6818,-17.849483,-0.223119
166.0510,-6818,-17.849483,-0.223119
166.0610,-6819,-17.852100,-0.223151
166.0710,-6819,-17.852100,-0.223151
166.0810,-6819,-17.852100,-0.223151
166.0910,-6819,-17.852100,-0.223151
166.1010,-6819,-17.852100,-0.223151
166.1110,-6819,-17.852100,-0.223151
166.1210,-6819,-17.852100,-0.223151
166.1310,-6819,-17.852100,-0.223151
166.1410,-6818,-17.849483,-0.223119
166.1510,-6818,-17.849483,-0.223119
166.1610,-6818,-17.849483,-0.223119
166.1710,-6819,-17.852100,-0.223151
166.1810,-6819,-17.852100,-0.223151
166.1910,-6819,-17.852100,-0.223151
166.2010,-6819,-17.852100,-0.223151
166.2110,-6820,-17.854719,-0.223184
166.2210,-6820,-17.854719,-0.223184
166.2310,-6820,-17.854719,-0.223184
166.2410,-6820,-17.854719,-0.223184
166.2510,-6820,-17.854719,-0.223184
166.2610,-6820,-17.854719,-0.223184
166.2710,-6819,-17.852100,-0.223151
166.2810,-6819,-17.852100,-0.223151
166.2910,-6819,-17.852100,-0.223151
166.3010,-6819,-17.852100,-0.223151
166.3110,-6819,-17.852100,-0.223151
166.3210,-6820,-17.854719,-0.223184
166.3310,-6820,-17.854719,-0.223184
166.3410,-6820,-17.854719,-0.223184
166.3510,-6821,-17.857336,-0.223217
166.3610,-6821,-17.857336,-0.223217
166.3710,-6821,-17.857336,-0.223217
166.3810,-6821,-17.857336,-0.223217
166.3910,-6821,-17.857336,-0.223217
166.4010,-6820,-17.854719,-0.223184
166.4110,-6820,-17.854719,-0.223184
166.4210,-6820,-17.854719,-0.223184
166.4310,-6820,-17.854719,-0.223184
166.4410,-6820,-17.854719,-0.223184
166.4510,-6820,-17.854719,-0.223184
166.4610,-6821,-17.857336,-0.223217
166.4710,-6821,-17.857336,-0.223217
166.4810,-6821,-17.857336,-0.223217
166.4920,-6821,-17.857336,-0.223217
166.5010,-6822,-17.859954,-0.223249
166.5110,-6822,-17.859954,-0.223249
166.5210,-6822,-17.859954,-0.223249
166.5310,-6821,-17.857336,-0.223217
166.5410,-6821,-17.857336,-0.223217
166.5510,-6821,-17.857336,-0.223217
166.5610,-6821,-17.857336,-0.223217
166.5710,-6821,-17.857336,-0.223217
166.5810,-6821,-17.857336,-0.223217
166.5910,-6821,-17.857336,-0.223217
166.6010,-6822,-17.859954,-0.223249
166.6110,-6822,-17.859954,-0.223249
166.6210,-6822,-17.859954,-0.223249
166.6310,-6823,-17.862573,-0.223282
166.6410,-6823,-17.862573,-0.223282
166.6510,-6823,-17.862573,-0.223282
166.6610,-6823,-17.862573,-0.223282
166.6710,-6823,-17.862573,-0.223282
166.6810,-6823,-17.862573,-0.223282
166.6910,-6822,-17.859954,-0.223249
166.7010,-6822,-17.859954,-0.223249
166.7110,-6822,-17.859954,-0.223249
166.7210,-6822,-17.859954,-0.223249
166.7310,-6822,-17.859954,-0.223249
166.7410,-6823,-17.862573,-0.223282
166.7510,-6823,-17.862573,-0.223282
166.7610,-6824,-17.865190,-0.223315
166.7710,-6824,-17.865190,-0.223315
166.7810,-6824,-17.865190,-0.223315
166.7910,-6824,-17.865190,-0.223315
166.8010,-6824,-17.865190,-0.223315
166.8110,-6824,-17.865190,-0.223315
166.8210,-6824,-17.865190,-0.223315
166.8310,-6823,-17.862573,-0.223282
166.8410,-6823,-17.862573,-0.223282
166.8510,-6823,-17.862573,-0.223282
166.8610,-6823,-17.862573,-0.223282
166.8710,-6824,-17.865190,-0.223315
166.8810,-6824,-17.865190,-0.223315
166.8910,-6825,-17.867809,-0.223348
166.9010,-6825,-17.867809,-0.223348
166.9110,-6825,-17.867809,-0.223348
166.9210,-6825,-17.867809,-0.223348
166.9310,-6825,-17.867809,-0.223348
166.9410,-6825,-17.867809,-0.223348
166.9510,-6825,-17.867809,-0.223348
166.9610,-6825,-17.867809,-0.223348
166.9710,-6825,-17.867809,-0.223348
166.9810,-6825,-17.867809,-0.223348
166.9910,-6825,-17.867809,-0.223348
167.0010,-6825,-17.867809,-0.223348
167.0110,-6825,-17.867809,-0.223348
167.0210,-6826,-17.870428,-0.223380
167.0310,-6826,-17.870428,-0.223380
167.0410,-6826,-17.870428,-0.223380
167.0510,-6827,-17.873044,-0.223413
167.0610,-6827,-17.873044,-0.223413
167.0710,-6827,-17.873044,-0.223413
167.0810,-6827,-17.873044,-0.223413
167.0910,-6827,-17.873044,-0.223413
167.1010,-6826,-17.870428,-0.223380
167.1110,-6826,-17.870428,-0.223380
167.1210,-6826,-17.870428,-0.223380
167.1320,-6826,-17.870428,-0.223380
167.1410,-6826,-17.870428,-0.223380
167.1510,-6826,-17.870428,-0.223380
167.1610,-6827,-17.873044,-0.223413
167.1710,-6827,-17.873044,-0.223413
167.1810,-6827,-17.873044,-0.223413
167.1910,-6827,-17.873044,-0.223413
167.2010,-6828,-17.875663,-0.223446
167.2110,-6828,-17.875663,-0.223446
167.2210,-6828,-17.875663,-0.223446
167.2310,-6827,-17.873044,-0.223413
167.2410,-6827,-17.873044,-0.223413
167.2510,-6827,-17.873044,-0.223413
167.2610,-6827,-17.873044,-0.223413
167.2710,-6827,-17.873044,-0.223413
167.2810,-6827,-17.873044,-0.223413
167.2910,-6827,-17.873044,-0.223413
167.3010,-6827,-17.873044,-0.223413
167.3110,-6828,-17.875663,-0.223446
167.3210,-6828,-17.875663,-0.223446
167.3310,-6828,-17.875663,-0.223446
167.3410,-6828,-17.875663,-0.223446
167.3510,-6828,-17.875663,-0.223446
167.3610,-6828,-17.875663,-0.223446
167.3710,-6828,-17.875663,-0.223446
167.3810,-6828,-17.875663,-0.223446
167.3910,-6828,-17.875663,-0.223446
167.4010,-6827,-17.873044,-0.223413
167.4110,-6828,-17.875663,-0.223446
167.4210,-6828,-17.875663,-0.223446
167.4310,-6828,-17.875663,-0.223446
167.4410,-6828,-17.875663,-0.223446
167.4510,-6829,-17.878280,-0.223479
167.4610,-6829,-17.878280,-0.223479
167.4710,-6829,-17.878280,-0.223479
167.4810,-6829,-17.878280,-0.223479
167.4910,-6829,-17.878280,-0.223479
167.5010,-6829,-17.878280,-0.223479
167.5110,-6829,-17.878280,-0.223479
167.5210,-6828,-17.875663,-0.223446
167.5310,-6828,-17.875663,-0.223446
167.5410,-6828,-17.875663,-0.223446
167.5510,-6828,-17.875663,-0.223446
167.5610,-6828,-17.875663,-0.223446
167.5710,-6829,-17.878280,-0.223479
167.5810,-6829,-17.878280,-0.223479
167.5910,-6830,-17.880899,-0.223511
167.6010,-6830,-17.880899,-0.223511
167.6110,-6830,-17.880899,-0.223511
167.6210,-6830,-17.880899,-0.223511
167.6310,-6830,-17.880899,-0.223511
167.6410,-6830,-17.880899,-0.223511
167.6510,-6830,-17.880899,-0.223511
167.6610,-6829,-17.878280,-0.223479
167.6710,-6829,-17.878280,-0.223479
167.6810,-6829,-17.878280,-0.223479
167.6910,-6829,-17.878280,-0.223479
167.7010,-6829,-17.878280,-0.223479
167.7110,-6830,-17.880899,-0.223511
167.7210,-6830,-17.880899,-0.223511
167.7310,-6830,-17.880899,-0.223511
167.7410,-6831,-17.883516,-0.223544
167.7510,-6831,-17.883516,-0.223544
167.7610,-6831,-17.883516,-0.223544
167.7720,-6831,-17.883516,-0.223544
167.7810,-6830,-17.880899,-0.223511
167.7910,-6830,-17.880899,-0.223511
167.8010,-6830,-17.880899,-0.223511
167.8110,-6830,-17.880899,-0.223511
167.8210,-6829,-17.878280,-0.223479
167.8310,-6830,-17.880899,-0.223511
167.8410,-6830,-17.880899,-0.223511
167.8510,-6831,-17.883516,-0.223544
167.8610,-6831,-17.883516,-0.223544
167.8710,-6831,-17.883516,-0.223544
167.8810,-6831,-17.883516,-0.223544
167.8910,-6831,-17.883516,-0.223544
167.9010,-6831,-17.883516,-0.223544
167.9110,-6831,-17.883516,-0.223544
167.9210,-6831,-17.883516,-0.223544
167.9310,-6831,-17.883516,-0.223544
167.9410,-6830,-17.880899,-0.223511
167.9510,-6830,-17.880899,-0.223511
167.9610,-6830,-17.880899,-0.223511
167.9710,-6831,-17.883516,-0.223544
167.9810,-6831,-17.883516,-0.223544
167.9910,-6831,-17.883516,-0.223544
168.0010,-6831,-17.883516,-0.223544
168.0110,-6832,-17.886133,-0.223577
168.0210,-6832,-17.886133,-0.223577
168.0310,-6832,-17.886133,-0.223577
168.0410,-6832,-17.886133,-0.223577
168.0510,-6832,-17.886133,-0.223577
168.0610,-6832,-17.886133,-0.223577
168.0710,-6832,-17.886133,-0.223577
168.0810,-6831,-17.883516,-0.223544
168.0910,-6831,-17.883516,-0.223544
168.1010,-6831,-17.883516,-0.223544
168.1110,-6831,-17.883516,-0.223544
168.1210,-6832,-17.886133,-0.223577
168.1310,-6832,-17.886133,-0.223577
168.1410,-6832,-17.886133,-0.223577
168.1510,-6833,-17.888751,-0.223609
168.1610,-6833,-17.888751,-0.223609
168.1710,-6833,-17.888751,-0.223609
168.1810,-6833,-17.888751,-0.223609
168.1910,-6833,-17.888751,-0.223609
168.2010,-6833,-17.888751,-0.223609
168.2110,-6832,-17.886133,-0.223577
168.2210,-6832,-17.886133,-0.223577
168.2310,-6832,-17.886133,-0.223577
168.2410,-6832,-17.886133,-0.223577
168.2510,-6832,-17.886133,-0.223577
168.2610,-6833,-17.888751,-0.223609
168.2710,-6833,-17.888751,-0.223609
168.2810,-6833,-17.888751,-0.223609
168.2910,-6834,-17.891370,-0.223642
168.3010,-6834,-17.891370,-0.223642
168.3110,-6834,-17.891370,-0.223642
168.3210,-6834,-17.891370,-0.223642
168.3310,-6833,-17.888751,-0.223609
168.3410,-6833,-17.888751,-0.223609
168.3510,-6833,-17.888751,-0.223609
168.3610,-6833,-17.888751,-0.223609
168.3710,-6833,-17.888751,-0.223609
168.3810,-6833,-17.888751,-0.223609
168.3910,-6833,-17.888751,-0.223609
168.4010,-6833,-17.888751,-0.223609
168.4120,-6834,-17.891370,-0.223642
168.4210,-6834,-17.891370,-0.223642
168.4310,-6835,-17.893987,-0.223675
168.4410,-6835,-17.893987,-0.223675
168.4510,-6835,-17.893987,-0.223675
168.4610,-6835,-17.893987,-0.223675
168.4710,-6834,-17.891370,-0.223642
168.4810,-6834,-17.891370,-0.223642
168.4910,-6834,-17.891370,-0.223642
168.5010,-6834,-17.891370,-0.223642
168.5110,-6834,-17.891370,-0.223642
168.5210,-6834,-17.891370,-0.223642
168.5310,-6834,-17.891370,-0.223642
168.5410,-6834,-17.891370,-0.223642
168.5510,-6835,-17.893987,-0.223675
168.5610,-6835,-17.893987,-0.223675
168.5710,-6835,-17.893987,-0.223675
168.5810,-6836,-17.896606,-0.223708
168.5910,-6836,-17.896606,-0.223708
168.6010,-6836,-17.896606,-0.223708
168.6110,-6835,-17.893987,-0.223675
168.6210,-6835,-17.893987,-0.223675
168.6310,-6835,-17.893987,-0.223675
168.6410,-6835,-17.893987,-0.223675
168.6510,-6835,-17.893987,-0.223675
168.6610,-6835,-17.893987,-0.223675
168.6710,-6835,-17.893987,-0.223675
168.6810,-6835,-17.893987,-0.223675
168.6910,-6836,-17.896606,-0.223708
168.7010,-6836,-17.896606,-0.223708
168.7110,-6836,-17.896606,-0.223708
168.7210,-6836,-17.896606,-0.223708
168.7310,-6836,-17.896606,-0.223708
168.7410,-6836,-17.896606,-0.223708
168.7510,-6836,-17.896606,-0.223708
168.7610,-6836,-17.896606,-0.223708
168.7710,-6835,-17.893987,-0.223675
168.7810,-6835,-17.893987,-0.223675
168.7910,-6835,-17.893987,-0.223675
168.8010,-6836,-17.896606,-0.223708
168.8110,-6836,-17.896606,-0.223708
168.8210,-6836,-17.896606,-0.223708
168.8310,-6836,-17.896606,-0.223708
168.8410,-6837,-17.899225,-0.223740
168.8510,-6837,-17.899225,-0.223740
168.8610,-6837,-17.899225,-0.223740
168.8710,-6837,-17.899225,-0.223740
168.8810,-6837,-17.899225,-0.223740
168.8910,-6837,-17.899225,-0.223740
168.9010,-6837,-17.899225,-0.223740
168.9110,-6836,-17.896606,-0.223708
168.9210,-6836,-17.896606,-0.223708
168.9310,-6836,-17.896606,-0.223708
168.9410,-6837,-17.899225,-0.223740
168.9510,-6837,-17.899225,-0.223740
168.9610,-6837,-17.899225,-0.223740
168.9710,-6837,-17.899225,-0.223740
168.9810,-6838,-17.901842,-0.223773
168.9910,-6838,-17.901842,-0.223773
169.0010,-6838,-17.901842,-0.223773
169.0110,-6838,-17.901842,-0.223773
169.0210,-6838,-17.901842,-0.223773
169.0310,-6838,-17.901842,-0.223773
169.0410,-6838,-17.901842,-0.223773
169.0520,-6837,-17.899225,-0.223740
169.0610,-6837,-17.899225,-0.223740
169.0710,-6837,-17.899225,-0.223740
169.0810,-6837,-17.899225,-0.223740
169.0910,-6838,-17.901842,-0.223773
169.1010,-6838,-17.901842,-0.223773
169.1110,-6838,-17.901842,-0.223773
169.1210,-6839,-17.904460,-0.223806
169.1310,-6839,-17.904460,-0.223806
169.1410,-6839,-17.904460,-0.223806
169.1510,-6839,-17.904460,-0.223806
169.1610,-6839,-17.904460,-0.223806
169.1710,-6839,-17.904460,-0.223806
169.1810,-6838,-17.901842,-0.223773
169.1910,-6838,-17.901842,-0.223773
169.2010,-6838,-17.901842,-0.223773
169.2110,-6838,-17.901842,-0.223773
169.2210,-6838,-17.901842,-0.223773
169.2310,-6838,-17.901842,-0.223773
169.2410,-6839,-17.904460,-0.223806
169.2510,-6839,-17.904460,-0.223806
169.2610,-6840,-17.907077,-0.223838
169.2710,-6840,-17.907077,-0.223838
169.2810,-6840,-17.907077,-0.223838
169.2910,-6840,-17.907077,-0.223838
169.3010,-6840,-17.907077,-0.223838
169.3110,-6839,-17.904460,-0.223806
169.3210,-6839,-17.904460,-0.223806
169.3310,-6839,-17.904460,-0.223806
169.3410,-6839,-17.904460,-0.223806
169.3510,-6839,-17.904460,-0.223806
169.3610,-6839,-17.904460,-0.223806
169.3710,-6839,-17.904460,-0.223806
169.3810,-6840,-17.907077,-0.223838
169.3910,-6840,-17.907077,-0.223838
169.4010,-6840,-17.907077,-0.223838
169.4110,-6840,-17.907077,-0.223838
169.4210,-6840,-17.907077,-0.223838
169.4310,-6840,-17.907077,-0.223838
169.4410,-6840,-17.907077,-0.223838
169.4510,-6840,-17.907077,-0.223838
169.4610,-6840,-17.907077,-0.223838
169.4710,-6839,-17.904460,-0.223806
169.4810,-6839,-17.904460,-0.223806
169.4910,-6840,-17.907077,-0.223838
169.5010,-6840,-17.907077,-0.223838
169.5110,-6840,-17.907077,-0.223838
169.5210,-6840,-17.907077,-0.223838
169.5310,-6841,-17.909696,-0.223871
169.5410,-6841,-17.909696,-0.223871
169.5510,-6841,-17.909696,-0.223871
169.5610,-6841,-17.909696,-0.223871
169.5710,-6841,-17.909696,-0.223871
169.5810,-6841,-17.909696,-0.223871
169.5910,-6841,-17.909696,-0.223871
169.6010,-6840,-17.907077,-0.223838
169.6110,-6840,-17.907077,-0.223838
169.6210,-6840,-17.907077,-0.223838
169.6310,-6840,-17.907077,-0.223838
169.6410,-6840,-17.907077,-0.223838
169.6510,-6841,-17.909696,-0.223871
169.6610,-6841,-17.909696,-0.223871
169.6710,-6841,-17.909696,-0.223871
169.6810,-6841,-17.909696,-0.223871
169.6920,-6841,-17.909696,-0.223871
169.7010,-6841,-17.909696,-0.223871
169.7110,-6841,-17.909696,-0.223871
169.7210,-6841,-17.909696,-0.223871
169.7310,-6841,-17.909696,-0.223871
169.7410,-6841,-17.909696,-0.223871
169.7510,-6841,-17.909696,-0.223871
169.7610,-6840,-17.907077,-0.223838
169.7710,-6841,-17.909696,-0.223871
169.7810,-6841,-17.909696,-0.223871
169.7910,-6841,-17.909696,-0.223871
169.8010,-6841,-17.909696,-0.223871
169.8110,-6842,-17.912315,-0.223904
169.8210,-6842,-17.912315,-0.223904
169.8310,-6842,-17.912315,-0.223904
169.8410,-6842,-17.912315,-0.223904
169.8510,-6842,-17.912315,-0.223904
169.8610,-6842,-17.912315,-0.223904
169.8710,-6842,-17.912315,-0.223904
169.8810,-6841,-17.909696,-0.223871
169.8910,-6841,-17.909696,-0.223871
169.9010,-6841,-17.909696,-0.223871
169.9110,-6841,-17.909696,-0.223871
169.9210,-6841,-17.909696,-0.223871
169.9310,-6842,-17.912315,-0.223904
169.9410,-6842,-17.912315,-0.223904
169.9510,-6843,-17.914932,-0.223937
169.9610,-6843,-17.914932,-0.223937
169.9710,-6843,-17.914932,-0.223937
169.9810,-6843,-17.914932,-0.223937
169.9910,-6843,-17.914932,-0.223937
170.0010,-6843,-17.914932,-0.223937
170.0110,-6842,-17.912315,-0.223904
170.0210,-6842,-17.912315,-0.223904
170.0310,-6842,-17.912315,-0.223904
170.0410,-6842,-17.912315,-0.223904
170.0510,-6842,-17.912315,-0.223904
170.0610,-6842,-17.912315,-0.223904
170.0710,-6843,-17.914932,-0.223937
170.0810,-6843,-17.914932,-0.223937
170.0910,-6844,-17.917551,-0.223969
170.1010,-6844,-17.917551,-0.223969
170.1110,-6844,-17.917551,-0.223969
170.1210,-6844,-17.917551,-0.223969
170.1310,-6844,-17.917551,-0.223969
170.1410,-6843,-17.914932,-0.223937
170.1510,-6843,-17.914932,-0.223937
170.1610,-6843,-17.914932,-0.223937
170.1710,-6843,-17.914932,-0.223937
170.1810,-6843,-17.914932,-0.223937
170.1910,-6843,-17.914932,-0.223937
170.2010,-6843,-17.914932,-0.223937
170.2110,-6844,-17.917551,-0.223969
170.2210,-6844,-17.917551,-0.223969
170.2310,-6844,-17.917551,-0.223969
170.2410,-6844,-17.917551,-0.223969
170.2510,-6844,-17.917551,-0.223969
170.2610,-6844,-17.917551,-0.223969
170.2710,-6844,-17.917551,-0.223969
170.2810,-6844,-17.917551,-0.223969
170.2910,-6844,-17.917551,-0.223969
170.3010,-6844,-17.917551,-0.223969
170.3110,-6844,-17.917551,-0.223969
170.3210,-6843,-17.914932,-0.223937
170.3320,-6844,-17.917551,-0.223969
170.3410,-6844,-17.917551,-0.223969
170.3510,-6844,-17.917551,-0.223969
170.3610,-6845,-17.920169,-0.224002
170.3710,-6845,-17.920169,-0.224002
170.3810,-6845,-17.920169,-0.224002
170.3910,-6845,-17.920169,-0.224002
170.4010,-6845,-17.920169,-0.224002
170.4110,-6845,-17.920169,-0.224002
170.4210,-6845,-17.920169,-0.224002
170.4310,-6845,-17.920169,-0.224002
170.4410,-6844,-17.917551,-0.223969
170.4510,-6844,-17.917551,-0.223969
170.4610,-6844,-17.917551,-0.223969
170.4710,-6845,-17.920169,-0.224002
170.4810,-6845,-17.920169,-0.224002
170.4910,-6845,-17.920169,-0.224002
170.5010,-6845,-17.920169,-0.224002
170.5110,-6846,-17.922786,-0.224035
170.5210,-6846,-17.922786,-0.224035
170.5310,-6846,-17.922786,-0.224035
170.5410,-6846,-17.922786,-0.224035
170.5510,-6846,-17.922786,-0.224035
170.5610,-6845,-17.920169,-0.224002
170.5710,-6845,-17.920169,-0.224002
170.5810,-6845,-17.920169,-0.224002
170.5910,-6845,-17.920169,-0.224002
170.6010,-6845,-17.920169,-0.224002
170.6110,-6845,-17.920169,-0.224002
170.6210,-6845,-17.920169,-0.224002
170.6310,-6846,-17.922786,-0.224035
170.6410,-6846,-17.922786,-0.224035
170.6510,-6846,-17.922786,-0.224035
170.6610,-6846,-17.922786,-0.224035
170.6710,-6846,-17.922786,-0.224035
170.6810,-6846,-17.922786,-0.224035
170.6910,-6846,-17.922786,-0.224035
170.7010,-6846,-17.922786,-0.224035
170.7110,-6846,-17.922786,-0.224035
170.7210,-6846,-17.922786,-0.224035
170.7310,-6846,-17.922786,-0.224035
170.7410,-6846,-17.922786,-0.224035
170.7510,-6846,-17.922786,-0.224035
170.7610,-6846,-17.922786,-0.224035
170.7710,-6847,-17.925405,-0.224068
170.7810,-6847,-17.925405,-0.224068
170.7910,-6847,-17.925405,-0.224068
170.8010,-6847,-17.925405,-0.224068
170.8110,-6847,-17.925405,-0.224068
170.8210,-6847,-17.925405,-0.224068
170.8310,-6847,-17.925405,-0.224068
170.8410,-6847,-17.925405,-0.224068
170.8510,-6846,-17.922786,-0.224035
170.8610,-6846,-17.922786,-0.224035
170.8710,-6846,-17.922786,-0.224035
170.8810,-6847,-17.925405,-0.224068
170.8910,-6847,-17.925405,-0.224068
170.9010,-6847,-17.925405,-0.224068
170.9110,-6847,-17.925405,-0.224068
170.9210,-6848,-17.928022,-0.224100
170.9310,-6848,-17.928022,-0.224100
170.9410,-6848,-17.928022,-0.224100
170.9510,-6848,-17.928022,-0.224100
170.9610,-6848,-17.928022,-0.224100
170.9720,-6848,-17.928022,-0.224100
170.9810,-6847,-17.925405,-0.224068
170.9910,-6847,-17.925405,-0.224068
171.0010,-6847,-17.925405,-0.224068
171.0110,-6847,-17.925405,-0.224068
171.0210,-6847,-17.925405,-0.224068
171.0310,-6847,-17.925405,-0.224068
171.0410,-6848,-17.928022,-0.224100
171.0510,-6848,-17.928022,-0.224100
171.0610,-6848,-17.928022,-0.224100
171.0710,-6848,-17.928022,-0.224100
171.0810,-6849,-17.930641,-0.224133
171.0910,-6849,-17.930641,-0.224133
171.1010,-6849,-17.930641,-0.224133
171.1110,-6848,-17.928022,-0.224100
171.1210,-6848,-17.928022,-0.224100
171.1310,-6848,-17.928022,-0.224100
171.1410,-6848,-17.928022,-0.224100
171.1510,-6847,-17.925405,-0.224068
171.1610,-6848,-17.928022,-0.224100
171.1710,-6848,-17.928022,-0.224100
171.1810,-6848,-17.928022,-0.224100
171.1910,-6849,-17.930641,-0.224133
171.2010,-6849,-17.930641,-0.224133
171.2110,-6849,-17.930641,-0.224133
171.2210,-6849,-17.930641,-0.224133
171.2310,-6849,-17.930641,-0.224133
171.2410,-6849,-17.930641,-0.224133
171.2510,-6849,-17.930641,-0.224133
171.2610,-6849,-17.930641,-0.224133
171.2710,-6848,-17.928022,-0.224100
171.2810,-6848,-17.928022,-0.224100
171.2910,-6848,-17.928022,-0.224100
171.3010,-6849,-17.930641,-0.224133
171.3110,-6849,-17.930641,-0.224133
171.3210,-6849,-17.930641,-0.224133
171.3310,-6849,-17.930641,-0.224133
171.3410,-6850,-17.933259,-0.224166
171.3510,-6850,-17.933259,-0.224166
171.3610,-6850,-17.933259,-0.224166
171.3710,-6850,-17.933259,-0.224166
171.3810,-6850,-17.933259,-0.224166
171.3910,-6850,-17.933259,-0.224166
171.4010,-6849,-17.930641,-0.224133
171.4110,-6849,-17.930641,-0.224133
171.4210,-6849,-17.930641,-0.224133
171.4310,-6849,-17.930641,-0.224133
171.4410,-6849,-17.930641,-0.224133
171.4510,-6850,-17.933259,-0.224166
171.4610,-6850,-17.933259,-0.224166
171.4710,-6850,-17.933259,-0.224166
171.4810,-6851,-17.935876,-0.224198
171.4910,-6851,-17.935876,-0.224198
171.5010,-6851,-17.935876,-0.224198
171.5110,-6851,-17.935876,-0.224198
171.5210,-6851,-17.935876,-0.224198
171.5310,-6851,-17.935876,-0.224198
171.5410,-6851,-17.935876,-0.224198
171.5510,-6850,-17.933259,-0.224166
171.5610,-6850,-17.933259,-0.224166
171.5710,-6850,-17.933259,-0.224166
171.5810,-6851,-17.935876,-0.224198
171.5910,-6852,-17.938493,-0.224231
171.6010,-6853,-17.941112,-0.224264
171.6120,-6853,-17.941112,-0.224264
171.6210,-6854,-17.943729,-0.224297
171.6310,-6855,-17.946348,-0.224329
171.6410,-6855,-17.946348,-0.224329
171.6510,-6855,-17.946348,-0.224329
171.6610,-6855,-17.946348,-0.224329
171.6710,-6855,-17.946348,-0.224329
171.6810,-6855,-17.946348,-0.224329
171.6910,-6855,-17.946348,-0.224329
171.7010,-6855,-17.946348,-0.224329
171.7110,-6855,-17.946348,-0.224329
171.7210,-6856,-17.948965,-0.224362
171.7310,-6856,-17.948965,-0.224362
171.7410,-6857,-17.951583,-0.224395
171.7510,-6857,-17.951583,-0.224395
171.7610,-6858,-17.954202,-0.224428
171.7710,-6859,-17.956819,-0.224460
171.7810,-6859,-17.956819,-0.224460
171.7910,-6859,-17.956819,-0.224460
171.8010,-6859,-17.956819,-0.224460
171.8110,-6859,-17.956819,-0.224460
171.8210,-6859,-17.956819,-0.224460
171.8310,-6859,-17.956819,-0.224460
171.8410,-6858,-17.954202,-0.224428
171.8510,-6859,-17.956819,-0.224460
171.8610,-6859,-17.956819,-0.224460
171.8710,-6859,-17.956819,-0.224460
171.8810,-6860,-17.959438,-0.224493
171.8910,-6861,-17.962057,-0.224526
171.9010,-6861,-17.962057,-0.224526
171.9110,-6862,-17.964673,-0.224558
171.9210,-6862,-17.964673,-0.224558
171.9310,-6862,-17.964673,-0.224558
171.9410,-6862,-17.964673,-0.224558
171.9510,-6862,-17.964673,-0.224558
171.9610,-6862,-17.964673,-0.224558
171.9710,-6862,-17.964673,-0.224558
171.9810,-6861,-17.962057,-0.224526
171.9910,-6862,-17.964673,-0.224558
172.0010,-6862,-17.964673,-0.224558
172.0110,-6863,-17.967292,-0.224591
172.0210,-6863,-17.967292,-0.224591
172.0310,-6864,-17.969909,-0.224624
172.0410,-6865,-17.972528,-0.224657
172.0510,-6866,-17.975147,-0.224689
172.0610,-6866,-17.975147,-0.224689
172.0710,-6867,-17.977764,-0.224722
172.0810,-6867,-17.977764,-0.224722
172.0910,-6867,-17.977764,-0.224722
172.1010,-6866,-17.975147,-0.224689
172.1110,-6866,-17.975147,-0.224689
172.1210,-6865,-17.972528,-0.224657
172.1310,-6866,-17.975147,-0.224689
172.1410,-6866,-17.975147,-0.224689
172.1510,-6867,-17.977764,-0.224722
172.1610,-6868,-17.980382,-0.224755
172.1710,-6869,-17.983001,-0.224788
172.1810,-6871,-17.988237,-0.224853
172.1910,-6872,-17.990854,-0.224886
172.2010,-6872,-17.990854,-0.224886
172.2110,-6873,-17.993473,-0.224918
172.2210,-6873,-17.993473,-0.224918
172.2310,-6873,-17.993473,-0.224918
172.2410,-6872,-17.990854,-0.224886
172.2520,-6872,-17.990854,-0.224886
172.2610,-6871,-17.988237,-0.224853
172.2710,-6871,-17.988237,-0.224853
172.2810,-6872,-17.990854,-0.224886
172.2910,-6873,-17.993473,-0.224918
172.3010,-6873,-17.993473,-0.224918
172.3110,-6875,-17.998708,-0.224984
172.3210,-6876,-18.001325,-0.225017
172.3310,-6877,-18.003944,-0.225049
172.3410,-6878,-18.006561,-0.225082
172.3510,-6879,-18.009180,-0.225115
172.3610,-6879,-18.009180,-0.225115
172.3710,-6880,-18.011796,-0.225147
172.3810,-6880,-18.011796,-0.225147
172.3910,-6880,-18.011796,-0.225147
172.4010,-6879,-18.009180,-0.225115
172.4110,-6880,-18.011796,-0.225147
172.4210,-6881,-18.014415,-0.225180
172.4310,-6882,-18.017034,-0.225213
172.4410,-6883,-18.019651,-0.225246
172.4510,-6884,-18.022270,-0.225278
172.4610,-6885,-18.024888,-0.225311
172.4710,-6886,-18.027505,-0.225344
172.4810,-6887,-18.030124,-0.225377
172.4910,-6887,-18.030124,-0.225377
172.5010,-6887,-18.030124,-0.225377
172.5110,-6887,-18.030124,-0.225377
172.5210,-6886,-18.027505,-0.225344
172.5310,-6886,-18.027505,-0.225344
172.5410,-6885,-18.024888,-0.225311
172.5510,-6886,-18.027505,-0.225344
172.5610,-6886,-18.027505,-0.225344
172.5710,-6887,-18.030124,-0.225377
172.5810,-6888,-18.032741,-0.225409
172.5910,-6889,-18.035360,-0.225442
172.6010,-6890,-18.037979,-0.225475
172.6110,-6892,-18.043214,-0.225540
172.6210,-6892,-18.043214,-0.225540
172.6310,-6893,-18.045833,-0.225573
172.6410,-6893,-18.045833,-0.225573
172.6510,-6893,-18.045833,-0.225573
172.6610,-6893,-18.045833,-0.225573
172.6710,-6893,-18.045833,-0.225573
172.6810,-6892,-18.043214,-0.225540
172.6910,-6893,-18.045833,-0.225573
172.7010,-6893,-18.045833,-0.225573
172.7110,-6894,-18.048450,-0.225606
172.7210,-6895,-18.051069,-0.225638
172.7310,-6896,-18.053686,-0.225671
172.7410,-6897,-18.056304,-0.225704
172.7510,-6898,-18.058921,-0.225737
172.7610,-6899,-18.061540,-0.225769
172.7710,-6899,-18.061540,-0.225769
172.7810,-6899,-18.061540,-0.225769
172.7910,-6899,-18.061540,-0.225769
172.8010,-6899,-18.061540,-0.225769
172.8110,-6898,-18.058921,-0.225737
172.8210,-6899,-18.061540,-0.225769
172.8310,-6899,-18.061540,-0.225769
172.8410,-6899,-18.061540,-0.225769
172.8510,-6899,-18.061540,-0.225769
172.8610,-6900,-18.064157,-0.225802
172.8710,-6901,-18.066776,-0.225835
172.8810,-6902,-18.069393,-0.225867
172.8920,-6902,-18.069393,-0.225867
172.9010,-6902,-18.069393,-0.225867
172.9110,-6902,-18.069393,-0.225867
172.9210,-6902,-18.069393,-0.225867
172.9310,-6902,-18.069393,-0.225867
172.9410,-6902,-18.069393,-0.225867
172.9510,-6901,-18.066776,-0.225835
172.9610,-6901,-18.066776,-0.225835
172.9710,-6901,-18.066776,-0.225835
172.9810,-6901,-18.066776,-0.225835
172.9910,-6902,-18.069393,-0.225867
173.0010,-6903,-18.072011,-0.225900
173.0110,-6903,-18.072011,-0.225900
173.0210,-6904,-18.074630,-0.225933
173.0310,-6904,-18.074630,-0.225933
173.0410,-6904,-18.074630,-0.225933
173.0510,-6904,-18.074630,-0.225933
173.0610,-6904,-18.074630,-0.225933
173.0710,-6904,-18.074630,-0.225933
173.0810,-6904,-18.074630,-0.225933
173.0910,-6903,-18.072011,-0.225900
173.1010,-6904,-18.074630,-0.225933
173.1110,-6904,-18.074630,-0.225933
173.1210,-6905,-18.077247,-0.225966
173.1310,-6906,-18.079866,-0.225998
173.1410,-6908,-18.085102,-0.226064
173.1510,-6909,-18.087720,-0.226097
173.1610,-6910,-18.090337,-0.226129
173.1710,-6911,-18.092956,-0.226162
173.1810,-6911,-18.092956,-0.226162
173.1910,-6911,-18.092956,-0.226162
173.2010,-6911,-18.092956,-0.226162
173.2110,-6911,-18.092956,-0.226162
173.2210,-6911,-18.092956,-0.226162
173.2310,-6910,-18.090337,-0.226129
173.2410,-6911,-18.092956,-0.226162
173.2510,-6911,-18.092956,-0.226162
173.2610,-6912,-18.095575,-0.226195
173.2710,-6913,-18.098192,-0.226227
173.2810,-6914,-18.100811,-0.226260
173.2910,-6915,-18.103427,-0.226293
173.3010,-6916,-18.106046,-0.226326
173.3110,-6917,-18.108665,-0.226358
173.3210,-6917,-18.108665,-0.226358
173.3310,-6917,-18.108665,-0.226358
173.3410,-6917,-18.108665,-0.226358
173.3510,-6917,-18.108665,-0.226358
173.3610,-6917,-18.108665,-0.226358
173.3710,-6916,-18.106046,-0.226326
173.3810,-6917,-18.108665,-0.226358
173.3910,-6918,-18.111282,-0.226391
173.4010,-6920,-18.116518,-0.226456
173.4110,-6921,-18.119136,-0.226489
173.4210,-6923,-18.124370,-0.226555
173.4310,-6925,-18.129608,-0.226620
173.4410,-6928,-18.137462,-0.226718
173.4510,-6931,-18.145315,-0.226816
173.4610,-6932,-18.147933,-0.226849
173.4710,-6933,-18.150552,-0.226882
173.4810,-6934,-18.153169,-0.226915
173.4910,-6934,-18.153169,-0.226915
173.5010,-6934,-18.153169,-0.226915
173.5110,-6933,-18.150552,-0.226882
173.5210,-6934,-18.153169,-0.226915
173.5320,-6935,-18.155788,-0.226947
173.5410,-6936,-18.158407,-0.226980
173.5510,-6937,-18.161024,-0.227013
173.5610,-6938,-18.163642,-0.227046
173.5710,-6940,-18.168878,-0.227111
173.5810,-6941,-18.171497,-0.227144
173.5910,-6942,-18.174114,-0.227176
173.6010,-6943,-18.176733,-0.227209
173.6110,-6944,-18.179349,-0.227242
173.6210,-6944,-18.179349,-0.227242
173.6310,-6944,-18.179349,-0.227242
173.6410,-6943,-18.176733,-0.227209
173.6510,-6943,-18.176733,-0.227209
173.6610,-6943,-18.176733,-0.227209
173.6710,-6943,-18.176733,-0.227209
173.6810,-6943,-18.176733,-0.227209
173.6910,-6944,-18.179349,-0.227242
173.7010,-6945,-18.181966,-0.227275
173.7110,-6946,-18.184585,-0.227307
173.7210,-6947,-18.187202,-0.227340
173.7310,-6948,-18.189821,-0.227373
173.7410,-6948,-18.189821,-0.227373
173.7510,-6948,-18.189821,-0.227373
173.7610,-6949,-18.192440,-0.227406
173.7710,-6948,-18.189821,-0.227373
173.7810,-6948,-18.189821,-0.227373
173.7910,-6947,-18.187202,-0.227340
173.8010,-6947,-18.187202,-0.227340
173.8110,-6947,-18.187202,-0.227340
173.8210,-6948,-18.189821,-0.227373
173.8310,-6948,-18.189821,-0.227373
173.8410,-6949,-18.192440,-0.227406
173.8510,-6950,-18.195056,-0.227438
173.8610,-6951,-18.197675,-0.227471
173.8710,-6952,-18.200294,-0.227504
173.8810,-6952,-18.200294,-0.227504
173.8910,-6952,-18.200294,-0.227504
173.9010,-6952,-18.200294,-0.227504
173.9110,-6952,-18.200294,-0.227504
173.9210,-6951,-18.197675,-0.227471
173.9310,-6951,-18.197675,-0.227471
173.9410,-6951,-18.197675,-0.227471
173.9510,-6951,-18.197675,-0.227471
173.9610,-6951,-18.197675,-0.227471
173.9710,-6951,-18.197675,-0.227471
173.9810,-6952,-18.200294,-0.227504
173.9910,-6953,-18.202911,-0.227536
174.0010,-6953,-18.202911,-0.227536
174.0110,-6953,-18.202911,-0.227536
174.0210,-6953,-18.202911,-0.227536
174.0310,-6953,-18.202911,-0.227536
174.0410,-6953,-18.202911,-0.227536
174.0510,-6953,-18.202911,-0.227536
174.0610,-6952,-18.200294,-0.227504
174.0710,-6953,-18.202911,-0.227536
174.0810,-6953,-18.202911,-0.227536
174.0910,-6953,-18.202911,-0.227536
174.1010,-6953,-18.202911,-0.227536
174.1110,-6953,-18.202911,-0.227536
174.1210,-6954,-18.205530,-0.227569
174.1310,-6955,-18.208147,-0.227602
174.1410,-6956,-18.210765,-0.227635
174.1510,-6957,-18.213384,-0.227667
174.1610,-6958,-18.216001,-0.227700
174.1720,-6959,-18.218620,-0.227733
174.1810,-6959,-18.218620,-0.227733
174.1910,-6960,-18.221239,-0.227765
174.2010,-6961,-18.223855,-0.227798
174.2110,-6963,-18.229091,-0.227864
174.2210,-6965,-18.234327,-0.227929
174.2310,-6966,-18.236946,-0.227962
174.2410,-6969,-18.244798,-0.228060
174.2510,-6972,-18.252653,-0.228158
174.2610,-6975,-18.260507,-0.228256
174.2710,-6979,-18.270980,-0.228387
174.2810,-6984,-18.284070,-0.228551
174.2910,-6991,-18.302394,-0.228780
174.3010,-6999,-18.323339,-0.229042
174.3110,-7007,-18.344284,-0.229304
174.3210,-7014,-18.362609,-0.229533
174.3310,-7021,-18.380935,-0.229762
174.3410,-7028,-18.399261,-0.229991
174.3510,-7034,-18.414970,-0.230187
174.3610,-7039,-18.428058,-0.230351
174.3710,-7043,-18.438531,-0.230482
174.3810,-7045,-18.443767,-0.230547
174.3910,-7048,-18.451622,-0.230645
174.4010,-7049,-18.454238,-0.230678
174.4110,-7051,-18.459476,-0.230743
174.4210,-7051,-18.459476,-0.230743
174.4310,-7052,-18.462093,-0.230776
174.4410,-7054,-18.467330,-0.230842
174.4510,-7057,-18.475183,-0.230940
174.4610,-7060,-18.483036,-0.231038
174.4710,-7064,-18.493509,-0.231169
174.4810,-7069,-18.506599,-0.231332
174.4910,-7077,-18.527544,-0.231594
174.5010,-7085,-18.548486,-0.231856
174.5110,-7094,-18.572050,-0.232151
174.5210,-7104,-18.598228,-0.232478
174.5310,-7117,-18.632263,-0.232903
174.5410,-7136,-18.682004,-0.233525
174.5510,-7159,-18.742218,-0.234278
174.5610,-7182,-18.802433,-0.235030
174.5710,-7209,-18.873119,-0.235914
174.5810,-7243,-18.962129,-0.237027
174.5910,-7285,-19.072086,-0.238401
174.6010,-7326,-19.179424,-0.239743
174.6110,-7367,-19.286762,-0.241085
174.6210,-7404,-19.383626,-0.242295
174.6310,-7448,-19.498817,-0.243735
174.6410,-7493,-19.616628,-0.245208
174.6510,-7548,-19.760618,-0.247008
174.6610,-7592,-19.875810,-0.248448
174.6710,-7632,-19.980529,-0.249757
174.6810,-7660,-20.053833,-0.250673
174.6910,-7684,-20.116664,-0.251458
174.7010,-7707,-20.176879,-0.252211
174.7110,-7727,-20.229238,-0.252866
174.7210,-7742,-20.268508,-0.253356
174.7310,-7753,-20.297307,-0.253716
174.7410,-7764,-20.326105,-0.254076
174.7510,-7770,-20.341812,-0.254273
174.7610,-7774,-20.352285,-0.254404
174.7710,-7778,-20.362756,-0.254534
174.7810,-7783,-20.375846,-0.254698
174.7910,-7787,-20.386318,-0.254829
174.8010,-7791,-20.396789,-0.254960
174.8120,-7796,-20.409879,-0.255123
174.8210,-7799,-20.417734,-0.255222
174.8310,-7803,-20.428207,-0.255353
174.8410,-7806,-20.436061,-0.255451
174.8510,-7808,-20.441297,-0.255516
174.8610,-7809,-20.443914,-0.255549
174.8710,-7810,-20.446533,-0.255582
174.8810,-7809,-20.443914,-0.255549
174.8910,-7809,-20.443914,-0.255549
174.9010,-7808,-20.441297,-0.255516
174.9110,-7810,-20.446533,-0.255582
174.9210,-7811,-20.449150,-0.255614
174.9310,-7813,-20.454385,-0.255680
174.9410,-7815,-20.459621,-0.255745
174.9510,-7817,-20.464859,-0.255811
174.9610,-7820,-20.472713,-0.255909
174.9710,-7823,-20.480566,-0.256007
174.9810,-7825,-20.485803,-0.256073
174.9910,-7827,-20.491039,-0.256138
175.0010,-7829,-20.496274,-0.256203
175.0110,-7830,-20.498893,-0.256236
175.0210,-7831,-20.501510,-0.256269
175.0310,-7831,-20.501510,-0.256269
175.0410,-7834,-20.509365,-0.256367
175.0510,-7837,-20.517217,-0.256465
175.0610,-7840,-20.525072,-0.256563
175.0710,-7843,-20.532926,-0.256662
175.0810,-7848,-20.546016,-0.256825
175.0910,-7857,-20.569578,-0.257120
175.1010,-7868,-20.598377,-0.257480
175.1110,-7882,-20.635026,-0.257938
175.1210,-7901,-20.684770,-0.258560
175.1310,-7917,-20.726657,-0.259083
175.1410,-7935,-20.773782,-0.259672
175.1510,-7956,-20.828760,-0.260360
175.1610,-7976,-20.881118,-0.261014
175.1710,-8001,-20.946569,-0.261832
175.1810,-8028,-21.017255,-0.262716
175.1910,-8051,-21.077468,-0.263468
175.2010,-8073,-21.135065,-0.264188
175.2110,-8097,-21.197896,-0.264974
175.2210,-8121,-21.260728,-0.265759
175.2310,-8139,-21.307851,-0.266348
175.2410,-8157,-21.354976,-0.266937
175.2510,-8176,-21.404718,-0.267559
175.2610,-8194,-21.451843,-0.268148
175.2710,-8209,-21.491111,-0.268639
175.2810,-8221,-21.522527,-0.269032
175.2910,-8234,-21.556562,-0.269457
175.3010,-8246,-21.587976,-0.269850
175.3110,-8254,-21.608922,-0.270112
175.3210,-8261,-21.627248,-0.270341
175.3310,-8269,-21.648191,-0.270602
175.3410,-8279,-21.674371,-0.270930
175.3510,-8289,-21.700551,-0.271257
175.3610,-8303,-21.737203,-0.271715
175.3710,-8318,-21.776473,-0.272206
175.3810,-8335,-21.820980,-0.272762
175.3910,-8353,-21.868104,-0.273351
175.4010,-8372,-21.917844,-0.273973
175.4110,-8387,-21.957115,-0.274464
175.4210,-8403,-21.999002,-0.274988
175.4310,-8415,-22.030418,-0.275380
175.4410,-8428,-22.064453,-0.275806
175.4520,-8437,-22.088014,-0.276100
175.4610,-8445,-22.108959,-0.276362
175.4710,-8450,-22.122049,-0.276526
175.4810,-8450,-22.122049,-0.276526
175.4910,-8449,-22.119430,-0.276493
175.5010,-8447,-22.114194,-0.276427
175.5110,-8445,-22.108959,-0.276362
175.5210,-8444,-22.106342,-0.276329
175.5310,-8443,-22.103723,-0.276297
175.5410,-8444,-22.106342,-0.276329
175.5510,-8445,-22.108959,-0.276362
175.5610,-8447,-22.114194,-0.276427
175.5710,-8450,-22.122049,-0.276526
175.5810,-8453,-22.129901,-0.276624
175.5910,-8455,-22.135137,-0.276689
175.6010,-8458,-22.142992,-0.276787
175.6110,-8459,-22.145610,-0.276820
175.6210,-8459,-22.145610,-0.276820
175.6310,-8459,-22.145610,-0.276820
175.6410,-8459,-22.145610,-0.276820
175.6510,-8458,-22.142992,-0.276787
175.6610,-8457,-22.140375,-0.276755
175.6710,-8457,-22.140375,-0.276755
175.6810,-8457,-22.140375,-0.276755
175.6910,-8457,-22.140375,-0.276755
175.7010,-8457,-22.140375,-0.276755
175.7110,-8458,-22.142992,-0.276787
175.7210,-8459,-22.145610,-0.276820
175.7310,-8460,-22.148229,-0.276853
175.7410,-8462,-22.153465,-0.276918
175.7510,-8463,-22.156082,-0.276951
175.7610,-8463,-22.156082,-0.276951
175.7710,-8463,-22.156082,-0.276951
175.7810,-8463,-22.156082,-0.276951
175.7910,-8463,-22.156082,-0.276951
175.8010,-8463,-22.156082,-0.276951
175.8110,-8463,-22.156082,-0.276951
175.8210,-8463,-22.156082,-0.276951
175.8310,-8463,-22.156082,-0.276951
175.8410,-8463,-22.156082,-0.276951
175.8510,-8463,-22.156082,-0.276951
175.8610,-8463,-22.156082,-0.276951
175.8710,-8464,-22.158700,-0.276984
175.8810,-8465,-22.161319,-0.277016
175.8910,-8466,-22.163936,-0.277049
175.9010,-8467,-22.166555,-0.277082
175.9110,-8467,-22.166555,-0.277082
175.9210,-8468,-22.169174,-0.277115
175.9310,-8468,-22.169174,-0.277115
175.9410,-8469,-22.171791,-0.277147
175.9510,-8469,-22.171791,-0.277147
175.9610,-8469,-22.171791,-0.277147
175.9710,-8469,-22.171791,-0.277147
175.9810,-8469,-22.171791,-0.277147
175.9910,-8470,-22.174409,-0.277180
176.0010,-8470,-22.174409,-0.277180
176.0110,-8471,-22.177026,-0.277213
176.0210,-8473,-22.182262,-0.277278
176.0310,-8476,-22.190116,-0.277376
176.0410,-8478,-22.195352,-0.277442
176.0510,-8481,-22.203207,-0.277540
176.0610,-8484,-22.211061,-0.277638
176.0710,-8486,-22.216297,-0.277704
176.0810,-8488,-22.221532,-0.277769
176.0920,-8491,-22.229387,-0.277867
176.1010,-8493,-22.234622,-0.277933
176.1110,-8495,-22.239858,-0.277998
176.1210,-8497,-22.245094,-0.278064
176.1310,-8499,-22.250329,-0.278129
176.1410,-8500,-22.252948,-0.278162
176.1510,-8501,-22.255565,-0.278195
176.1610,-8503,-22.260803,-0.278260
176.1710,-8505,-22.266038,-0.278326
176.1810,-8507,-22.271274,-0.278391
176.1910,-8510,-22.279129,-0.278489
176.2010,-8514,-22.289600,-0.278620
176.2110,-8520,-22.305307,-0.278816
176.2210,-8525,-22.318397,-0.278980
176.2310,-8530,-22.331487,-0.279144
176.2410,-8537,-22.349815,-0.279373
176.2510,-8545,-22.370758,-0.279634
176.2610,-8553,-22.391702,-0.279896
176.2710,-8563,-22.417882,-0.280224
176.2810,-8578,-22.457153,-0.280714
176.2910,-8600,-22.514747,-0.281434
176.3010,-8633,-22.601140,-0.282514
176.3110,-8665,-22.684917,-0.283561
176.3210,-8700,-22.776546,-0.284707
176.3310,-8737,-22.873413,-0.285918
176.3410,-8775,-22.972896,-0.287161
176.3510,-8814,-23.074998,-0.288437
176.3610,-8861,-23.198043,-0.289976
176.3710,-8907,-23.318471,-0.291481
176.3810,-8954,-23.441516,-0.293019
176.3910,-8993,-23.543621,-0.294295
176.4010,-9032,-23.645721,-0.295572
176.4110,-9072,-23.750440,-0.296881
176.4210,-9108,-23.844690,-0.298059
176.4310,-9153,-23.962499,-0.299531
176.4410,-9191,-24.061983,-0.300775
176.4510,-9230,-24.164083,-0.302051
176.4610,-9264,-24.253095,-0.303164
176.4710,-9301,-24.349962,-0.304375
176.4810,-9335,-24.438974,-0.305487
176.4910,-9370,-24.530603,-0.306633
176.5010,-9405,-24.622234,-0.307778
176.5110,-9444,-24.724334,-0.309054
176.5210,-9481,-24.821199,-0.310265
176.5310,-9522,-24.928537,-0.311607
176.5410,-9560,-25.028022,-0.312850
176.5510,-9591,-25.109178,-0.313865
176.5610,-9617,-25.177248,-0.314716
176.5710,-9651,-25.266258,-0.315828
176.5810,-9684,-25.352651,-0.316908
176.5910,-9718,-25.441665,-0.318021
176.6010,-9747,-25.517587,-0.318970
176.6110,-9771,-25.580419,-0.319755
176.6210,-9801,-25.658956,-0.320737
176.6310,-9829,-25.732261,-0.321653
176.6410,-9849,-25.784624,-0.322308
176.6510,-9863,-25.821273,-0.322766
176.6610,-9879,-25.863162,-0.323290
176.6710,-9894,-25.902431,-0.323780
176.6810,-9912,-25.949556,-0.324369
176.6910,-9933,-26.004533,-0.325057
176.7010,-9955,-26.062129,-0.325777
176.7110,-9978,-26.122343,-0.326529
176.7210,-10003,-26.187793,-0.327347
176.7320,-10033,-26.266332,-0.328329
176.7410,-10063,-26.344875,-0.329311
176.7510,-10097,-26.433883,-0.330424
176.7610,-10131,-26.522897,-0.331536
176.7710,-10164,-26.609291,-0.332616
176.7810,-10191,-26.679977,-0.333500
176.7910,-10220,-26.755897,-0.334449
176.8010,-10249,-26.831819,-0.335398
176.8110,-10272,-26.892034,-0.336150
176.8210,-10293,-26.947011,-0.336838
176.8310,-10313,-26.999372,-0.337492
176.8410,-10335,-27.056968,-0.338212
176.8510,-10356,-27.111946,-0.338899
176.8610,-10377,-27.166923,-0.339587
176.8710,-10397,-27.219282,-0.340241
176.8810,-10417,-27.271640,-0.340896
176.8910,-10438,-27.326622,-0.341583
176.9010,-10458,-27.378980,-0.342237
176.9110,-10476,-27.426103,-0.342826
176.9210,-10497,-27.481082,-0.343514
176.9310,-10521,-27.543914,-0.344299
176.9410,-10551,-27.622453,-0.345281
176.9510,-10571,-27.674814,-0.345935
176.9610,-10585,-27.711465,-0.346393
176.9710,-10597,-27.742881,-0.346786
176.9810,-10607,-27.769062,-0.347113
176.9910,-10616,-27.792623,-0.347408
177.0010,-10626,-27.818801,-0.347735
177.0110,-10634,-27.839748,-0.347997
177.0210,-10641,-27.858074,-0.348226
177.0310,-10646,-27.871164,-0.348390
177.0410,-10652,-27.886873,-0.348586
177.0510,-10660,-27.907815,-0.348848
177.0610,-10666,-27.923522,-0.349044
177.0710,-10674,-27.944469,-0.349306
177.0810,-10680,-27.960174,-0.349502
177.0910,-10687,-27.978500,-0.349731
177.1010,-10694,-27.996828,-0.349960
177.1110,-10701,-28.015151,-0.350189
177.1210,-10709,-28.036096,-0.350451
177.1310,-10720,-28.064895,-0.350811
177.1410,-10732,-28.096311,-0.351204
177.1510,-10742,-28.122491,-0.351531
177.1610,-10752,-28.148670,-0.351858
177.1710,-10765,-28.182706,-0.352284
177.1810,-10778,-28.216737,-0.352709
177.1910,-10791,-28.250774,-0.353135
177.2010,-10803,-28.282186,-0.353527
177.2110,-10820,-28.326694,-0.354084
177.2210,-10837,-28.371200,-0.354640
177.2310,-10850,-28.405235,-0.355065
177.2410,-10861,-28.434034,-0.355425
177.2510,-10867,-28.449739,-0.355622
177.2610,-10874,-28.468065,-0.355851
177.2710,-10879,-28.481155,-0.356014
177.2810,-10882,-28.489011,-0.356113
177.2910,-10884,-28.494245,-0.356178
177.3010,-10885,-28.496864,-0.356211
177.3110,-10885,-28.496864,-0.356211
177.3210,-10887,-28.502099,-0.356276
177.3310,-10889,-28.507335,-0.356342
177.3410,-10891,-28.512571,-0.356407
177.3510,-10894,-28.520423,-0.356505
177.3610,-10899,-28.533517,-0.356669
177.3720,-10905,-28.549222,-0.356865
177.3810,-10912,-28.567550,-0.357094
177.3910,-10920,-28.588495,-0.357356
177.4010,-10930,-28.614675,-0.357683
177.4110,-10943,-28.648706,-0.358109
177.4210,-10955,-28.680124,-0.358502
177.4310,-10974,-28.729867,-0.359123
177.4410,-10995,-28.784845,-0.359811
177.4510,-11013,-28.831966,-0.360400
177.4610,-11028,-28.871236,-0.360890
177.4710,-11045,-28.915742,-0.361447
177.4810,-11065,-28.968105,-0.362101
177.4910,-11088,-29.028316,-0.362854
177.5010,-11111,-29.088531,-0.363607
177.5110,-11141,-29.167070,-0.364588
177.5210,-11173,-29.250844,-0.365636
177.5310,-11206,-29.337240,-0.366716
177.5410,-11238,-29.421014,-0.367763
177.5510,-11266,-29.494319,-0.368679
177.5610,-11290,-29.557153,-0.369464
177.5710,-11308,-29.604274,-0.370053
177.5810,-11326,-29.651399,-0.370643
177.5910,-11339,-29.685432,-0.371068
177.6010,-11354,-29.724704,-0.371559
177.6110,-11367,-29.758737,-0.371984
177.6210,-11384,-29.803243,-0.372541
177.6310,-11398,-29.839893,-0.372999
177.6410,-11411,-29.873929,-0.373424
177.6510,-11423,-29.905345,-0.373817
177.6610,-11439,-29.947233,-0.374340
177.6710,-11453,-29.983884,-0.374799
177.6810,-11469,-30.025772,-0.375322
177.6910,-11485,-30.067659,-0.375846
177.7010,-11500,-30.106929,-0.376337
177.7110,-11515,-30.146202,-0.376828
177.7210,-11526,-30.174997,-0.377187
177.7310,-11536,-30.201179,-0.377515
177.7410,-11545,-30.224740,-0.377809
177.7510,-11551,-30.240447,-0.378006
177.7610,-11554,-30.248300,-0.378104
177.7710,-11558,-30.258775,-0.378235
177.7810,-11560,-30.264009,-0.378300
177.7910,-11562,-30.269247,-0.378366
177.8010,-11565,-30.277099,-0.378464
177.8110,-11571,-30.292808,-0.378660
177.8210,-11581,-30.318986,-0.378987
177.8310,-11593,-30.350404,-0.379380
177.8410,-11608,-30.389673,-0.379871
177.8510,-11627,-30.439416,-0.380493
177.8610,-11650,-30.499628,-0.381245
177.8710,-11674,-30.562461,-0.382031
177.8810,-11698,-30.625291,-0.382816
177.8910,-11722,-30.688125,-0.383602
177.9010,-11753,-30.769283,-0.384616
177.9110,-11786,-30.855676,-0.385696
177.9210,-11821,-30.947305,-0.386841
177.9310,-11856,-31.038936,-0.387987
177.9410,-11892,-31.133184,-0.389165
177.9510,-11925,-31.219577,-0.390245
177.9610,-11950,-31.285026,-0.391063
177.9710,-11974,-31.347860,-0.391848
177.9810,-12003,-31.423780,-0.392797
177.9910,-12035,-31.507555,-0.393844
178.0010,-12069,-31.596569,-0.394957
178.0120,-12109,-31.701290,-0.396266
178.0210,-12141,-31.785064,-0.397313
178.0310,-12178,-31.881931,-0.398524
178.0410,-12223,-31.999738,-0.399997
178.0510,-12264,-32.107078,-0.401339
178.0610,-12297,-32.193473,-0.402418
178.0710,-12335,-32.292953,-0.403662
178.0810,-12376,-32.400295,-0.405004
178.0910,-12422,-32.520721,-0.406509
178.1010,-12464,-32.630676,-0.407883
178.1110,-12507,-32.743247,-0.409291
178.1210,-12549,-32.853206,-0.410665
178.1310,-12588,-32.955307,-0.411941
178.1410,-12617,-33.031230,-0.412890
178.1510,-12650,-33.117626,-0.413970
178.1610,-12677,-33.188308,-0.414854
178.1710,-12693,-33.230197,-0.415377
178.1810,-12708,-33.269466,-0.415868
178.1910,-12722,-33.306118,-0.416326
178.2010,-12740,-33.353244,-0.416916
178.2110,-12761,-33.408222,-0.417603
178.2210,-12782,-33.463199,-0.418290
178.2310,-12796,-33.499851,-0.418748
178.2410,-12811,-33.539123,-0.419239
178.2510,-12826,-33.578392,-0.419730
178.2610,-12840,-33.615039,-0.420188
178.2710,-12853,-33.649078,-0.420614
178.2810,-12867,-33.685726,-0.421072
178.2910,-12883,-33.727615,-0.421595
178.3010,-12900,-33.772121,-0.422152
178.3110,-12917,-33.816627,-0.422708
178.3210,-12933,-33.858516,-0.423231
178.3310,-12945,-33.889934,-0.423624
178.3410,-12956,-33.918731,-0.423984
178.3510,-12967,-33.947525,-0.424344
178.3610,-12976,-33.971088,-0.424639
178.3710,-12990,-34.007740,-0.425097
178.3810,-13007,-34.052246,-0.425653
178.3910,-13020,-34.086280,-0.426079
178.4010,-13031,-34.115081,-0.426439
178.4110,-13045,-34.151729,-0.426897
178.4210,-13062,-34.196239,-0.427453
178.4310,-13084,-34.253833,-0.428173
178.4410,-13103,-34.303573,-0.428795
178.4510,-13122,-34.353317,-0.429416
178.4610,-13139,-34.397819,-0.429973
178.4710,-13155,-34.439708,-0.430496
178.4810,-13168,-34.473743,-0.430922
178.4910,-13185,-34.518249,-0.431478
178.5010,-13202,-34.562755,-0.432034
178.5110,-13219,-34.607261,-0.432591
178.5210,-13232,-34.641296,-0.433016
178.5310,-13237,-34.654384,-0.433180
178.5410,-13241,-34.664855,-0.433311
178.5510,-13244,-34.672714,-0.433409
178.5610,-13246,-34.677947,-0.433474
178.5710,-13247,-34.680564,-0.433507
178.5810,-13247,-34.680564,-0.433507
178.5910,-13247,-34.680564,-0.433507
178.6010,-13246,-34.677947,-0.433474
178.6110,-13245,-34.675331,-0.433442
178.6210,-13244,-34.672714,-0.433409
178.6310,-13244,-34.672714,-0.433409
178.6410,-13244,-34.672714,-0.433409
178.6520,-13246,-34.677947,-0.433474
178.6610,-13247,-34.680564,-0.433507
178.6710,-13249,-34.685802,-0.433573
178.6810,-13251,-34.691036,-0.433638
178.6910,-13253,-34.696273,-0.433703
178.7010,-13254,-34.698890,-0.433736
178.7110,-13255,-34.701511,-0.433769
178.7210,-13255,-34.701511,-0.433769
178.7310,-13255,-34.701511,-0.433769
178.7410,-13254,-34.698890,-0.433736
178.7510,-13253,-34.696273,-0.433703
178.7610,-13251,-34.691036,-0.433638
178.7710,-13251,-34.691036,-0.433638
178.7810,-13250,-34.688419,-0.433605
178.7910,-13250,-34.688419,-0.433605
178.8010,-13250,-34.688419,-0.433605
178.8110,-13251,-34.691036,-0.433638
178.8210,-13252,-34.693653,-0.433671
178.8310,-13254,-34.698890,-0.433736
178.8410,-13255,-34.701511,-0.433769
178.8510,-13256,-34.704128,-0.433802
178.8610,-13256,-34.704128,-0.433802
178.8710,-13256,-34.704128,-0.433802
178.8810,-13256,-34.704128,-0.433802
178.8910,-13256,-34.704128,-0.433802
178.9010,-13255,-34.701511,-0.433769
178.9110,-13254,-34.698890,-0.433736
178.9210,-13253,-34.696273,-0.433703
178.9310,-13253,-34.696273,-0.433703
178.9410,-13253,-34.696273,-0.433703
178.9510,-13253,-34.696273,-0.433703
178.9610,-13254,-34.698890,-0.433736
178.9710,-13255,-34.701511,-0.433769
178.9810,-13255,-34.701511,-0.433769
178.9910,-13256,-34.704128,-0.433802
179.0010,-13257,-34.706745,-0.433834
179.0110,-13257,-34.706745,-0.433834
179.0210,-13257,-34.706745,-0.433834
179.0310,-13257,-34.706745,-0.433834
179.0410,-13257,-34.706745,-0.433834
179.0510,-13256,-34.704128,-0.433802
179.0610,-13256,-34.704128,-0.433802
179.0710,-13256,-34.704128,-0.433802
179.0810,-13256,-34.704128,-0.433802
179.0910,-13256,-34.704128,-0.433802
179.1010,-13256,-34.704128,-0.433802
179.1110,-13256,-34.704128,-0.433802
179.1210,-13256,-34.704128,-0.433802
179.1310,-13257,-34.706745,-0.433834
179.1410,-13257,-34.706745,-0.433834
179.1510,-13258,-34.709362,-0.433867
179.1610,-13258,-34.709362,-0.433867
179.1710,-13258,-34.709362,-0.433867
179.1810,-13258,-34.709362,-0.433867
179.1910,-13258,-34.709362,-0.433867
179.2010,-13257,-34.706745,-0.433834
179.2110,-13257,-34.706745,-0.433834
179.2210,-13257,-34.706745,-0.433834
179.2310,-13257,-34.706745,-0.433834
179.2410,-13257,-34.706745,-0.433834
179.2510,-13257,-34.706745,-0.433834
179.2610,-13257,-34.706745,-0.433834
179.2710,-13258,-34.709362,-0.433867
179.2810,-13258,-34.709362,-0.433867
179.2920,-13258,-34.709362,-0.433867
179.3010,-13259,-34.711982,-0.433900
179.3110,-13259,-34.711982,-0.433900
179.3210,-13259,-34.711982,-0.433900
179.3310,-13259,-34.711982,-0.433900
179.3410,-13258,-34.709362,-0.433867
179.3510,-13259,-34.711982,-0.433900
179.3610,-13259,-34.711982,-0.433900
179.3710,-13259,-34.711982,-0.433900
179.3810,-13259,-34.711982,-0.433900
179.3910,-13259,-34.711982,-0.433900
179.4010,-13259,-34.711982,-0.433900
179.4110,-13259,-34.711982,-0.433900
179.4210,-13259,-34.711982,-0.433900
179.4310,-13259,-34.711982,-0.433900
179.4410,-13260,-34.714599,-0.433933
179.4510,-13260,-34.714599,-0.433933
179.4610,-13260,-34.714599,-0.433933
179.4710,-13260,-34.714599,-0.433933
179.4810,-13259,-34.711982,-0.433900
179.4910,-13260,-34.714599,-0.433933
179.5010,-13260,-34.714599,-0.433933
179.5110,-13260,-34.714599,-0.433933
179.5210,-13260,-34.714599,-0.433933
179.5310,-13260,-34.714599,-0.433933
179.5410,-13260,-34.714599,-0.433933
179.5510,-13260,-34.714599,-0.433933
179.5610,-13260,-34.714599,-0.433933
179.5710,-13260,-34.714599,-0.433933
179.5810,-13260,-34.714599,-0.433933
179.5910,-13260,-34.714599,-0.433933
179.6010,-13260,-34.714599,-0.433933
179.6110,-13260,-34.714599,-0.433933
179.6210,-13260,-34.714599,-0.433933
179.6310,-13260,-34.714599,-0.433933
179.6410,-13260,-34.714599,-0.433933
179.6510,-13260,-34.714599,-0.433933
179.6610,-13260,-34.714599,-0.433933
179.6710,-13260,-34.714599,-0.433933
179.6810,-13261,-34.717220,-0.433965
179.6910,-13261,-34.717220,-0.433965
179.7010,-13261,-34.717220,-0.433965
179.7110,-13261,-34.717220,-0.433965
179.7210,-13261,-34.717220,-0.433965
179.7310,-13261,-34.717220,-0.433965
179.7410,-13261,-34.717220,-0.433965
179.7510,-13261,-34.717220,-0.433965
179.7610,-13261,-34.717220,-0.433965
179.7710,-13261,-34.717220,-0.433965
179.7810,-13261,-34.717220,-0.433965
179.7910,-13261,-34.717220,-0.433965
179.8010,-13261,-34.717220,-0.433965
179.8110,-13261,-34.717220,-0.433965
179.8210,-13261,-34.717220,-0.433965
179.8310,-13261,-34.717220,-0.433965
179.8410,-13261,-34.717220,-0.433965
179.8510,-13261,-34.717220,-0.433965
179.8610,-13261,-34.717220,-0.433965
179.8710,-13261,-34.717220,-0.433965
179.8810,-13261,-34.717220,-0.433965
179.8910,-13261,-34.717220,-0.433965
179.9010,-13262,-34.719833,-0.433998
179.9110,-13262,-34.719833,-0.433998
179.9210,-13262,-34.719833,-0.433998
179.9320,-13262,-34.719833,-0.433998
179.9410,-13262,-34.719833,-0.433998
179.9510,-13262,-34.719833,-0.433998
179.9610,-13262,-34.719833,-0.433998
179.9710,-13262,-34.719833,-0.433998
179.9810,-13262,-34.719833,-0.433998
179.9910,-13262,-34.719833,-0.433998
180.0010,-13262,-34.719833,-0.433998
180.0110,-13262,-34.719833,-0.433998
180.0210,-13262,-34.719833,-0.433998
180.0310,-13262,-34.719833,-0.433998
180.0410,-13262,-34.719833,-0.433998
180.0510,-13262,-34.719833,-0.433998
180.0610,-13262,-34.719833,-0.433998
180.0710,-13262,-34.719833,-0.433998
180.0810,-13263,-34.722454,-0.434031
180.0910,-13263,-34.722454,-0.434031
180.1010,-13263,-34.722454,-0.434031
180.1110,-13263,-34.722454,-0.434031
180.1210,-13263,-34.722454,-0.434031
180.1310,-13263,-34.722454,-0.434031
180.1410,-13263,-34.722454,-0.434031
180.1510,-13263,-34.722454,-0.434031
180.1610,-13263,-34.722454,-0.434031
180.1710,-13263,-34.722454,-0.434031
180.1810,-13263,-34.722454,-0.434031
180.1910,-13263,-34.722454,-0.434031
180.2010,-13263,-34.722454,-0.434031
180.2110,-13263,-34.722454,-0.434031
180.2210,-13263,-34.722454,-0.434031
180.2310,-13263,-34.722454,-0.434031
180.2410,-13263,-34.722454,-0.434031
180.2510,-13263,-34.722454,-0.434031
180.2610,-13263,-34.722454,-0.434031
180.2710,-13263,-34.722454,-0.434031
180.2810,-13263,-34.722454,-0.434031
180.2910,-13263,-34.722454,-0.434031
180.3010,-13263,-34.722454,-0.434031
180.3110,-13263,-34.722454,-0.434031
180.3210,-13263,-34.722454,-0.434031
180.3310,-13263,-34.722454,-0.434031
180.3410,-13263,-34.722454,-0.434031
180.3510,-13263,-34.722454,-0.434031
180.3610,-13264,-34.725070,-0.434063
180.3710,-13264,-34.725070,-0.434063
180.3810,-13264,-34.725070,-0.434063
180.3910,-13264,-34.725070,-0.434063
180.4010,-13264,-34.725070,-0.434063
180.4110,-13264,-34.725070,-0.434063
180.4210,-13264,-34.725070,-0.434063
180.4310,-13264,-34.725070,-0.434063
180.4410,-13264,-34.725070,-0.434063
180.4510,-13264,-34.725070,-0.434063
180.4610,-13264,-34.725070,-0.434063
180.4710,-13264,-34.725070,-0.434063
180.4810,-13264,-34.725070,-0.434063
180.4910,-13264,-34.725070,-0.434063
180.5010,-13264,-34.725070,-0.434063
180.5110,-13264,-34.725070,-0.434063
180.5210,-13265,-34.727691,-0.434096
180.5310,-13265,-34.727691,-0.434096
180.5410,-13265,-34.727691,-0.434096
180.5510,-13265,-34.727691,-0.434096
180.5610,-13265,-34.727691,-0.434096
180.5720,-13265,-34.727691,-0.434096
180.5810,-13265,-34.727691,-0.434096
180.5910,-13265,-34.727691,-0.434096
180.6010,-13265,-34.727691,-0.434096
180.6110,-13265,-34.727691,-0.434096
180.6210,-13265,-34.727691,-0.434096
180.6310,-13265,-34.727691,-0.434096
180.6410,-13265,-34.727691,-0.434096
180.6510,-13265,-34.727691,-0.434096
180.6610,-13265,-34.727691,-0.434096
180.6710,-13265,-34.727691,-0.434096
180.6810,-13265,-34.727691,-0.434096
180.6910,-13265,-34.727691,-0.434096
180.7010,-13265,-34.727691,-0.434096
180.7110,-13265,-34.727691,-0.434096
180.7210,-13265,-34.727691,-0.434096
180.7310,-13265,-34.727691,-0.434096
180.7410,-13265,-34.727691,-0.434096
180.7510,-13265,-34.727691,-0.434096
180.7610,-13265,-34.727691,-0.434096
180.7710,-13265,-34.727691,-0.434096
180.7810,-13266,-34.730308,-0.434129
180.7910,-13266,-34.730308,-0.434129
180.8010,-13266,-34.730308,-0.434129
180.8110,-13266,-34.730308,-0.434129
180.8210,-13266,-34.730308,-0.434129
180.8310,-13266,-34.730308,-0.434129
180.8410,-13266,-34.730308,-0.434129
180.8510,-13266,-34.730308,-0.434129
180.8610,-13266,-34.730308,-0.434129
180.8710,-13266,-34.730308,-0.434129
180.8810,-13266,-34.730308,-0.434129
180.8910,-13266,-34.730308,-0.434129
180.9010,-13266,-34.730308,-0.434129
180.9110,-13266,-34.730308,-0.434129
180.9210,-13266,-34.730308,-0.434129
180.9310,-13267,-34.732925,-0.434162
180.9410,-13267,-34.732925,-0.434162
180.9510,-13267,-34.732925,-0.434162
180.9610,-13267,-34.732925,-0.434162
180.9710,-13267,-34.732925,-0.434162
180.9810,-13267,-34.732925,-0.434162
180.9910,-13267,-34.732925,-0.434162
181.0010,-13267,-34.732925,-0.434162
181.0110,-13267,-34.732925,-0.434162
181.0210,-13267,-34.732925,-0.434162
181.0310,-13267,-34.732925,-0.434162
181.0410,-13267,-34.732925,-0.434162
181.0510,-13267,-34.732925,-0.434162
181.0610,-13267,-34.732925,-0.434162
181.0710,-13267,-34.732925,-0.434162
181.0810,-13267,-34.732925,-0.434162
181.0910,-13267,-34.732925,-0.434162
181.1010,-13267,-34.732925,-0.434162
181.1110,-13267,-34.732925,-0.434162
181.1210,-13267,-34.732925,-0.434162
181.1310,-13267,-34.732925,-0.434162
181.1410,-13267,-34.732925,-0.434162
181.1510,-13267,-34.732925,-0.434162
181.1610,-13267,-34.732925,-0.434162
181.1710,-13267,-34.732925,-0.434162
181.1810,-13267,-34.732925,-0.434162
181.1910,-13268,-34.735542,-0.434194
181.2010,-13268,-34.735542,-0.434194
181.2120,-13268,-34.735542,-0.434194
181.2210,-13268,-34.735542,-0.434194
181.2310,-13268,-34.735542,-0.434194
181.2410,-13268,-34.735542,-0.434194
181.2510,-13268,-34.735542,-0.434194
181.2610,-13268,-34.735542,-0.434194
181.2710,-13268,-34.735542,-0.434194
181.2810,-13268,-34.735542,-0.434194
181.2910,-13268,-34.735542,-0.434194
181.3010,-13268,-34.735542,-0.434194
181.3110,-13268,-34.735542,-0.434194
181.3210,-13268,-34.735542,-0.434194
181.3310,-13268,-34.735542,-0.434194
181.3410,-13268,-34.735542,-0.434194
181.3510,-13269,-34.738162,-0.434227
181.3610,-13269,-34.738162,-0.434227
181.3710,-13269,-34.738162,-0.434227
181.3810,-13269,-34.738162,-0.434227
181.3910,-13269,-34.738162,-0.434227
181.4010,-13269,-34.738162,-0.434227
181.4110,-13269,-34.738162,-0.434227
181.4210,-13268,-34.735542,-0.434194
181.4310,-13269,-34.738162,-0.434227
181.4410,-13269,-34.738162,-0.434227
181.4510,-13269,-34.738162,-0.434227
181.4610,-13269,-34.738162,-0.434227
181.4710,-13269,-34.738162,-0.434227
181.4810,-13269,-34.738162,-0.434227
181.4910,-13269,-34.738162,-0.434227
181.5010,-13269,-34.738162,-0.434227
181.5110,-13269,-34.738162,-0.434227
181.5210,-13269,-34.738162,-0.434227
181.5310,-13269,-34.738162,-0.434227
181.5410,-13269,-34.738162,-0.434227
181.5510,-13269,-34.738162,-0.434227
181.5610,-13269,-34.738162,-0.434227
181.5710,-13269,-34.738162,-0.434227
181.5810,-13269,-34.738162,-0.434227
181.5910,-13269,-34.738162,-0.434227
181.6010,-13269,-34.738162,-0.434227
181.6110,-13269,-34.738162,-0.434227
181.6210,-13269,-34.738162,-0.434227
181.6310,-13269,-34.738162,-0.434227
181.6410,-13270,-34.740779,-0.434260
181.6510,-13270,-34.740779,-0.434260
181.6610,-13270,-34.740779,-0.434260
181.6710,-13270,-34.740779,-0.434260
181.6810,-13270,-34.740779,-0.434260
181.6910,-13270,-34.740779,-0.434260
181.7010,-13269,-34.738162,-0.434227
181.7110,-13270,-34.740779,-0.434260
181.7210,-13270,-34.740779,-0.434260
181.7310,-13270,-34.740779,-0.434260
181.7410,-13270,-34.740779,-0.434260
181.7510,-13270,-34.740779,-0.434260
181.7610,-13270,-34.740779,-0.434260
181.7710,-13270,-34.740779,-0.434260
181.7810,-13270,-34.740779,-0.434260
181.7910,-13270,-34.740779,-0.434260
181.8010,-13270,-34.740779,-0.434260
181.8110,-13270,-34.740779,-0.434260
181.8210,-13270,-34.740779,-0.434260
181.8310,-13270,-34.740779,-0.434260
181.8410,-13270,-34.740779,-0.434260
181.8520,-13270,-34.740779,-0.434260
181.8610,-13270,-34.740779,-0.434260
181.8710,-13270,-34.740779,-0.434260
181.8810,-13270,-34.740779,-0.434260
181.8910,-13271,-34.743396,-0.434292
181.9010,-13271,-34.743396,-0.434292
181.9110,-13271,-34.743396,-0.434292
181.9210,-13271,-34.743396,-0.434292
181.9310,-13271,-34.743396,-0.434292
181.9410,-13271,-34.743396,-0.434292
181.9510,-13271,-34.743396,-0.434292
181.9610,-13271,-34.743396,-0.434292
181.9710,-13271,-34.743396,-0.434292
181.9810,-13271,-34.743396,-0.434292
181.9910,-13271,-34.743396,-0.434292
182.0010,-13271,-34.743396,-0.434292
182.0110,-13271,-34.743396,-0.434292
182.0210,-13271,-34.743396,-0.434292
182.0310,-13271,-34.743396,-0.434292
182.0410,-13271,-34.743396,-0.434292
182.0510,-13271,-34.743396,-0.434292
182.0610,-13271,-34.743396,-0.434292
182.0710,-13271,-34.743396,-0.434292
182.0810,-13271,-34.743396,-0.434292
182.0910,-13271,-34.743396,-0.434292
182.1010,-13271,-34.743396,-0.434292
182.1110,-13271,-34.743396,-0.434292
182.1210,-13271,-34.743396,-0.434292
182.1310,-13271,-34.743396,-0.434292
182.1410,-13271,-34.743396,-0.434292
182.1510,-13271,-34.743396,-0.434292
182.1610,-13271,-34.743396,-0.434292
182.1710,-13271,-34.743396,-0.434292
182.1810,-13271,-34.743396,-0.434292
182.1910,-13271,-34.743396,-0.434292
182.2010,-13272,-34.746017,-0.434325
182.2110,-13272,-34.746017,-0.434325
182.2210,-13272,-34.746017,-0.434325
182.2310,-13272,-34.746017,-0.434325
182.2410,-13272,-34.746017,-0.434325
182.2510,-13271,-34.743396,-0.434292
182.2610,-13272,-34.746017,-0.434325
182.2710,-13272,-34.746017,-0.434325
182.2810,-13272,-34.746017,-0.434325
182.2910,-13272,-34.746017,-0.434325
182.3010,-13272,-34.746017,-0.434325
182.3110,-13272,-34.746017,-0.434325
182.3210,-13272,-34.746017,-0.434325
182.3310,-13272,-34.746017,-0.434325
182.3410,-13272,-34.746017,-0.434325
182.3510,-13272,-34.746017,-0.434325
182.3610,-13272,-34.746017,-0.434325
182.3710,-13272,-34.746017,-0.434325
182.3810,-13272,-34.746017,-0.434325
182.3910,-13272,-34.746017,-0.434325
182.4010,-13272,-34.746017,-0.434325
182.4110,-13272,-34.746017,-0.434325
182.4210,-13272,-34.746017,-0.434325
182.4310,-13272,-34.746017,-0.434325
182.4410,-13272,-34.746017,-0.434325
182.4510,-13272,-34.746017,-0.434325
182.4610,-13272,-34.746017,-0.434325
182.4710,-13272,-34.746017,-0.434325
182.4810,-13272,-34.746017,-0.434325
182.4920,-13272,-34.746017,-0.434325
182.5010,-13272,-34.746017,-0.434325
182.5110,-13272,-34.746017,-0.434325
182.5210,-13272,-34.746017,-0.434325
182.5310,-13272,-34.746017,-0.434325
182.5410,-13272,-34.746017,-0.434325
182.5510,-13272,-34.746017,-0.434325
182.5610,-13272,-34.746017,-0.434325
182.5710,-13273,-34.748634,-0.434358
182.5810,-13273,-34.748634,-0.434358
182.5910,-13273,-34.748634,-0.434358
182.6010,-13273,-34.748634,-0.434358
182.6110,-13273,-34.748634,-0.434358
182.6210,-13273,-34.748634,-0.434358
182.6310,-13273,-34.748634,-0.434358
182.6410,-13273,-34.748634,-0.434358
182.6510,-13273,-34.748634,-0.434358
182.6610,-13273,-34.748634,-0.434358
182.6710,-13273,-34.748634,-0.434358
182.6810,-13273,-34.748634,-0.434358
182.6910,-13273,-34.748634,-0.434358
182.7010,-13273,-34.748634,-0.434358
182.7110,-13273,-34.748634,-0.434358
182.7210,-13273,-34.748634,-0.434358
182.7310,-13273,-34.748634,-0.434358
182.7410,-13273,-34.748634,-0.434358
182.7510,-13273,-34.748634,-0.434358
182.7610,-13273,-34.748634,-0.434358
182.7710,-13273,-34.748634,-0.434358
182.7810,-13273,-34.748634,-0.434358
182.7910,-13273,-34.748634,-0.434358
182.8010,-13273,-34.748634,-0.434358
182.8110,-13273,-34.748634,-0.434358
182.8210,-13273,-34.748634,-0.434358
182.8310,-13273,-34.748634,-0.434358
182.8410,-13273,-34.748634,-0.434358
182.8510,-13273,-34.748634,-0.434358
182.8610,-13274,-34.751251,-0.434391
182.8710,-13274,-34.751251,-0.434391
182.8810,-13274,-34.751251,-0.434391
182.8910,-13274,-34.751251,-0.434391
182.9010,-13274,-34.751251,-0.434391
182.9110,-13274,-34.751251,-0.434391
182.9210,-13274,-34.751251,-0.434391
182.9310,-13274,-34.751251,-0.434391
182.9410,-13274,-34.751251,-0.434391
182.9510,-13274,-34.751251,-0.434391
182.9610,-13274,-34.751251,-0.434391
182.9710,-13274,-34.751251,-0.434391
182.9810,-13274,-34.751251,-0.434391
182.9910,-13274,-34.751251,-0.434391
183.0010,-13274,-34.751251,-0.434391
183.0110,-13274,-34.751251,-0.434391
183.0210,-13274,-34.751251,-0.434391
183.0310,-13274,-34.751251,-0.434391
183.0410,-13274,-34.751251,-0.434391
183.0510,-13274,-34.751251,-0.434391
183.0610,-13274,-34.751251,-0.434391
183.0710,-13274,-34.751251,-0.434391
183.0810,-13274,-34.751251,-0.434391
183.0910,-13274,-34.751251,-0.434391
183.1010,-13274,-34.751251,-0.434391
183.1110,-13274,-34.751251,-0.434391
183.1210,-13274,-34.751251,-0.434391
183.1320,-13275,-34.753868,-0.434423
183.1410,-13275,-34.753868,-0.434423
183.1510,-13275,-34.753868,-0.434423
183.1610,-13275,-34.753868,-0.434423
183.1710,-13275,-34.753868,-0.434423
183.1810,-13275,-34.753868,-0.434423
183.1910,-13275,-34.753868,-0.434423
183.2010,-13275,-34.753868,-0.434423
183.2110,-13275,-34.753868,-0.434423
183.2210,-13275,-34.753868,-0.434423
183.2310,-13275,-34.753868,-0.434423
183.2410,-13275,-34.753868,-0.434423
183.2510,-13275,-34.753868,-0.434423
183.2610,-13275,-34.753868,-0.434423
183.2710,-13275,-34.753868,-0.434423
183.2810,-13275,-34.753868,-0.434423
183.2910,-13275,-34.753868,-0.434423
183.3010,-13275,-34.753868,-0.434423
183.3110,-13275,-34.753868,-0.434423
183.3210,-13275,-34.753868,-0.434423
183.3310,-13275,-34.753868,-0.434423
183.3410,-13275,-34.753868,-0.434423
183.3510,-13275,-34.753868,-0.434423
183.3610,-13275,-34.753868,-0.434423
183.3710,-13275,-34.753868,-0.434423
183.3810,-13275,-34.753868,-0.434423
183.3910,-13275,-34.753868,-0.434423
183.4010,-13275,-34.753868,-0.434423
183.4110,-13275,-34.753868,-0.434423
183.4210,-13275,-34.753868,-0.434423
183.4310,-13275,-34.753868,-0.434423
183.4410,-13275,-34.753868,-0.434423
183.4510,-13275,-34.753868,-0.434423
183.4610,-13275,-34.753868,-0.434423
183.4710,-13275,-34.753868,-0.434423
183.4810,-13275,-34.753868,-0.434423
183.4910,-13275,-34.753868,-0.434423
183.5010,-13275,-34.753868,-0.434423
183.5110,-13276,-34.756488,-0.434456
183.5210,-13276,-34.756488,-0.434456
183.5310,-13276,-34.756488,-0.434456
183.5410,-13276,-34.756488,-0.434456
183.5510,-13276,-34.756488,-0.434456
183.5610,-13276,-34.756488,-0.434456
183.5710,-13276,-34.756488,-0.434456
183.5810,-13276,-34.756488,-0.434456
183.5910,-13276,-34.756488,-0.434456
183.6010,-13276,-34.756488,-0.434456
183.6110,-13276,-34.756488,-0.434456
183.6210,-13276,-34.756488,-0.434456
183.6310,-13276,-34.756488,-0.434456
183.6410,-13276,-34.756488,-0.434456
183.6510,-13276,-34.756488,-0.434456
183.6610,-13276,-34.756488,-0.434456
183.6710,-13276,-34.756488,-0.434456
183.6810,-13276,-34.756488,-0.434456
183.6910,-13276,-34.756488,-0.434456
183.7010,-13276,-34.756488,-0.434456
183.7110,-13276,-34.756488,-0.434456
183.7210,-13276,-34.756488,-0.434456
183.7310,-13276,-34.756488,-0.434456
183.7410,-13276,-34.756488,-0.434456
183.7510,-13276,-34.756488,-0.434456
183.7610,-13276,-34.756488,-0.434456
183.7720,-13276,-34.756488,-0.434456
183.7810,-13276,-34.756488,-0.434456
183.7910,-13276,-34.756488,-0.434456
183.8010,-13276,-34.756488,-0.434456
183.8110,-13276,-34.756488,-0.434456
183.8210,-13276,-34.756488,-0.434456
183.8310,-13277,-34.759105,-0.434489
183.8410,-13277,-34.759105,-0.434489
183.8510,-13277,-34.759105,-0.434489
183.8610,-13277,-34.759105,-0.434489
183.8710,-13277,-34.759105,-0.434489
183.8810,-13277,-34.759105,-0.434489
183.8910,-13277,-34.759105,-0.434489
183.9010,-13277,-34.759105,-0.434489
183.9110,-13277,-34.759105,-0.434489
183.9210,-13276,-34.756488,-0.434456
183.9310,-13277,-34.759105,-0.434489
183.9410,-13277,-34.759105,-0.434489
183.9510,-13277,-34.759105,-0.434489
183.9610,-13277,-34.759105,-0.434489
183.9710,-13277,-34.759105,-0.434489
183.9810,-13277,-34.759105,-0.434489
183.9910,-13277,-34.759105,-0.434489
184.0010,-13277,-34.759105,-0.434489
184.0110,-13277,-34.759105,-0.434489
184.0210,-13277,-34.759105,-0.434489
184.0310,-13277,-34.759105,-0.434489
184.0410,-13277,-34.759105,-0.434489
184.0510,-13277,-34.759105,-0.434489
184.0610,-13277,-34.759105,-0.434489
184.0710,-13277,-34.759105,-0.434489
184.0810,-13277,-34.759105,-0.434489
184.0910,-13277,-34.759105,-0.434489
184.1010,-13277,-34.759105,-0.434489
184.1110,-13277,-34.759105,-0.434489
184.1210,-13277,-34.759105,-0.434489
184.1310,-13277,-34.759105,-0.434489
184.1410,-13277,-34.759105,-0.434489
184.1510,-13277,-34.759105,-0.434489
184.1610,-13277,-34.759105,-0.434489
184.1710,-13277,-34.759105,-0.434489
184.1810,-13277,-34.759105,-0.434489
184.1910,-13277,-34.759105,-0.434489
184.2010,-13277,-34.759105,-0.434489
184.2110,-13277,-34.759105,-0.434489
184.2210,-13277,-34.759105,-0.434489
184.2310,-13277,-34.759105,-0.434489
184.2410,-13277,-34.759105,-0.434489
184.2510,-13277,-34.759105,-0.434489
184.2610,-13277,-34.759105,-0.434489
184.2710,-13277,-34.759105,-0.434489
184.2810,-13277,-34.759105,-0.434489
184.2910,-13277,-34.759105,-0.434489
184.3010,-13277,-34.759105,-0.434489
184.3110,-13277,-34.759105,-0.434489
184.3210,-13277,-34.759105,-0.434489
184.3310,-13277,-34.759105,-0.434489
184.3410,-13277,-34.759105,-0.434489
184.3510,-13277,-34.759105,-0.434489
184.3610,-13277,-34.759105,-0.434489
184.3710,-13277,-34.759105,-0.434489
184.3810,-13278,-34.761722,-0.434522
184.3910,-13278,-34.761722,-0.434522
184.4010,-13278,-34.761722,-0.434522
184.4120,-13278,-34.761722,-0.434522
184.4210,-13278,-34.761722,-0.434522
184.4310,-13278,-34.761722,-0.434522
184.4410,-13278,-34.761722,-0.434522
184.4510,-13278,-34.761722,-0.434522
184.4610,-13278,-34.761722,-0.434522
184.4710,-13278,-34.761722,-0.434522
184.4810,-13278,-34.761722,-0.434522
184.4910,-13278,-34.761722,-0.434522
184.5010,-13278,-34.761722,-0.434522
184.5110,-13278,-34.761722,-0.434522
184.5210,-13278,-34.761722,-0.434522
184.5310,-13278,-34.761722,-0.434522
184.5410,-13278,-34.761722,-0.434522
184.5510,-13278,-34.761722,-0.434522
184.5610,-13278,-34.761722,-0.434522
184.5710,-13278,-34.761722,-0.434522
184.5810,-13278,-34.761722,-0.434522
184.5910,-13278,-34.761722,-0.434522
184.6010,-13278,-34.761722,-0.434522
184.6110,-13278,-34.761722,-0.434522
184.6210,-13278,-34.761722,-0.434522
184.6310,-13278,-34.761722,-0.434522
184.6410,-13278,-34.761722,-0.434522
184.6510,-13278,-34.761722,-0.434522
184.6610,-13279,-34.764339,-0.434554
184.6710,-13279,-34.764339,-0.434554
184.6810,-13279,-34.764339,-0.434554
184.6910,-13279,-34.764339,-0.434554
184.7010,-13279,-34.764339,-0.434554
184.7110,-13279,-34.764339,-0.434554
184.7210,-13279,-34.764339,-0.434554
184.7310,-13279,-34.764339,-0.434554
184.7410,-13279,-34.764339,-0.434554
184.7510,-13279,-34.764339,-0.434554
184.7610,-13279,-34.764339,-0.434554
184.7710,-13279,-34.764339,-0.434554
184.7810,-13279,-34.764339,-0.434554
184.7910,-13279,-34.764339,-0.434554
184.8010,-13279,-34.764339,-0.434554
184.8110,-13279,-34.764339,-0.434554
184.8210,-13279,-34.764339,-0.434554
184.8310,-13279,-34.764339,-0.434554
184.8410,-13279,-34.764339,-0.434554
184.8510,-13279,-34.764339,-0.434554
184.8610,-13279,-34.764339,-0.434554
184.8710,-13279,-34.764339,-0.434554
184.8810,-13279,-34.764339,-0.434554
184.8910,-13279,-34.764339,-0.434554
184.9010,-13279,-34.764339,-0.434554
184.9110,-13279,-34.764339,-0.434554
184.9210,-13279,-34.764339,-0.434554
184.9310,-13279,-34.764339,-0.434554
184.9410,-13280,-34.766960,-0.434587
184.9510,-13280,-34.766960,-0.434587
184.9610,-13280,-34.766960,-0.434587
184.9710,-13280,-34.766960,-0.434587
184.9810,-13280,-34.766960,-0.434587
184.9910,-13280,-34.766960,-0.434587
185.0010,-13280,-34.766960,-0.434587
185.0110,-13280,-34.766960,-0.434587
185.0210,-13280,-34.766960,-0.434587
185.0310,-13280,-34.766960,-0.434587
185.0410,-13280,-34.766960,-0.434587
185.0520,-13280,-34.766960,-0.434587
185.0610,-13280,-34.766960,-0.434587
185.0710,-13280,-34.766960,-0.434587
185.0810,-13280,-34.766960,-0.434587
185.0910,-13280,-34.766960,-0.434587
185.1010,-13280,-34.766960,-0.434587
185.1110,-13280,-34.766960,-0.434587
185.1210,-13280,-34.766960,-0.434587
185.1310,-13280,-34.766960,-0.434587
185.1410,-13280,-34.766960,-0.434587
185.1510,-13280,-34.766960,-0.434587
185.1610,-13280,-34.766960,-0.434587
185.1710,-13280,-34.766960,-0.434587
185.1810,-13280,-34.766960,-0.434587
185.1910,-13280,-34.766960,-0.434587
185.2010,-13280,-34.766960,-0.434587
185.2110,-13280,-34.766960,-0.434587
185.2210,-13280,-34.766960,-0.434587
185.2310,-13280,-34.766960,-0.434587
185.2410,-13280,-34.766960,-0.434587
185.2510,-13280,-34.766960,-0.434587
185.2610,-13280,-34.766960,-0.434587
185.2710,-13280,-34.766960,-0.434587
185.2810,-13280,-34.766960,-0.434587
185.2910,-13280,-34.766960,-0.434587
185.3010,-13280,-34.766960,-0.434587
185.3110,-13280,-34.766960,-0.434587
185.3210,-13280,-34.766960,-0.434587
185.3310,-13280,-34.766960,-0.434587
185.3410,-13280,-34.766960,-0.434587
185.3510,-13281,-34.769577,-0.434620
185.3610,-13281,-34.769577,-0.434620
185.3710,-13281,-34.769577,-0.434620
185.3810,-13281,-34.769577,-0.434620
185.3910,-13281,-34.769577,-0.434620
185.4010,-13281,-34.769577,-0.434620
185.4110,-13281,-34.769577,-0.434620
185.4210,-13281,-34.769577,-0.434620
185.4310,-13281,-34.769577,-0.434620
185.4410,-13281,-34.769577,-0.434620
185.4510,-13281,-34.769577,-0.434620
185.4610,-13281,-34.769577,-0.434620
185.4710,-13281,-34.769577,-0.434620
185.4810,-13281,-34.769577,-0.434620
185.4910,-13281,-34.769577,-0.434620
185.5010,-13281,-34.769577,-0.434620
185.5110,-13281,-34.769577,-0.434620
185.5210,-13281,-34.769577,-0.434620
185.5310,-13281,-34.769577,-0.434620
185.5410,-13281,-34.769577,-0.434620
185.5510,-13281,-34.769577,-0.434620
185.5610,-13281,-34.769577,-0.434620
185.5710,-13281,-34.769577,-0.434620
185.5810,-13281,-34.769577,-0.434620
185.5910,-13281,-34.769577,-0.434620
185.6010,-13281,-34.769577,-0.434620
185.6110,-13281,-34.769577,-0.434620
185.6210,-13281,-34.769577,-0.434620
185.6310,-13281,-34.769577,-0.434620
185.6410,-13281,-34.769577,-0.434620
185.6510,-13281,-34.769577,-0.434620
185.6610,-13281,-34.769577,-0.434620
185.6710,-13281,-34.769577,-0.434620
185.6810,-13281,-34.769577,-0.434620
185.6920,-13281,-34.769577,-0.434620
185.7010,-13281,-34.769577,-0.434620
185.7110,-13281,-34.769577,-0.434620
185.7210,-13281,-34.769577,-0.434620
185.7310,-13281,-34.769577,-0.434620
185.7410,-13281,-34.769577,-0.434620
185.7510,-13281,-34.769577,-0.434620
185.7610,-13281,-34.769577,-0.434620
185.7710,-13281,-34.769577,-0.434620
185.7810,-13281,-34.769577,-0.434620
185.7910,-13281,-34.769577,-0.434620
185.8010,-13281,-34.769577,-0.434620
185.8110,-13281,-34.769577,-0.434620
185.8210,-13281,-34.769577,-0.434620
185.8310,-13281,-34.769577,-0.434620
185.8410,-13281,-34.769577,-0.434620
185.8510,-13281,-34.769577,-0.434620
185.8610,-13281,-34.769577,-0.434620
185.8710,-13281,-34.769577,-0.434620
185.8810,-13281,-34.769577,-0.434620
185.8910,-13281,-34.769577,-0.434620
185.9010,-13281,-34.769577,-0.434620
185.9110,-13282,-34.772197,-0.434652
185.9210,-13282,-34.772197,-0.434652
185.9310,-13282,-34.772197,-0.434652
185.9410,-13282,-34.772197,-0.434652
185.9510,-13282,-34.772197,-0.434652
185.9610,-13282,-34.772197,-0.434652
185.9710,-13282,-34.772197,-0.434652
185.9810,-13282,-34.772197,-0.434652
185.9910,-13282,-34.772197,-0.434652
186.0010,-13282,-34.772197,-0.434652
186.0110,-13282,-34.772197,-0.434652
186.0210,-13282,-34.772197,-0.434652
186.0310,-13282,-34.772197,-0.434652
186.0410,-13282,-34.772197,-0.434652
186.0510,-13282,-34.772197,-0.434652
186.0610,-13282,-34.772197,-0.434652
186.0710,-13282,-34.772197,-0.434652
186.0810,-13282,-34.772197,-0.434652
186.0910,-13282,-34.772197,-0.434652
186.1010,-13282,-34.772197,-0.434652
186.1110,-13282,-34.772197,-0.434652
186.1210,-13282,-34.772197,-0.434652
186.1310,-13282,-34.772197,-0.434652
186.1410,-13282,-34.772197,-0.434652
186.1510,-13282,-34.772197,-0.434652
186.1610,-13282,-34.772197,-0.434652
186.1710,-13282,-34.772197,-0.434652
186.1810,-13282,-34.772197,-0.434652
186.1910,-13282,-34.772197,-0.434652
186.2010,-13282,-34.772197,-0.434652
186.2110,-13282,-34.772197,-0.434652
186.2210,-13282,-34.772197,-0.434652
186.2310,-13282,-34.772197,-0.434652
186.2410,-13282,-34.772197,-0.434652
186.2510,-13282,-34.772197,-0.434652
186.2610,-13282,-34.772197,-0.434652
186.2710,-13282,-34.772197,-0.434652
186.2810,-13282,-34.772197,-0.434652
186.2910,-13282,-34.772197,-0.434652
186.3010,-13282,-34.772197,-0.434652
186.3110,-13282,-34.772197,-0.434652
186.3210,-13283,-34.774814,-0.434685
186.3320,-13283,-34.774814,-0.434685
186.3410,-13283,-34.774814,-0.434685
186.3510,-13283,-34.774814,-0.434685
186.3610,-13283,-34.774814,-0.434685
186.3710,-13283,-34.774814,-0.434685
186.3810,-13283,-34.774814,-0.434685
186.3910,-13283,-34.774814,-0.434685
186.4010,-13283,-34.774814,-0.434685
186.4110,-13283,-34.774814,-0.434685
186.4210,-13283,-34.774814,-0.434685
186.4310,-13283,-34.774814,-0.434685
186.4410,-13283,-34.774814,-0.434685
186.4510,-13283,-34.774814,-0.434685
186.4610,-13283,-34.774814,-0.434685
186.4710,-13283,-34.774814,-0.434685
186.4810,-13283,-34.774814,-0.434685
186.4910,-13283,-34.774814,-0.434685
186.5010,-13283,-34.774814,-0.434685
186.5110,-13283,-34.774814,-0.434685
186.5210,-13283,-34.774814,-0.434685
186.5310,-13283,-34.774814,-0.434685
186.5410,-13283,-34.774814,-0.434685
186.5510,-13283,-34.774814,-0.434685
186.5610,-13283,-34.774814,-0.434685
186.5710,-13283,-34.774814,-0.434685
186.5810,-13283,-34.774814,-0.434685
186.5910,-13283,-34.774814,-0.434685
186.6010,-13284,-34.777431,-0.434718
186.6110,-13284,-34.777431,-0.434718
186.6210,-13284,-34.777431,-0.434718
186.6310,-13284,-34.777431,-0.434718
186.6410,-13284,-34.777431,-0.434718
186.6510,-13284,-34.777431,-0.434718
186.6610,-13284,-34.777431,-0.434718
186.6710,-13284,-34.777431,-0.434718
186.6810,-13284,-34.777431,-0.434718
186.6910,-13284,-34.777431,-0.434718
186.7010,-13284,-34.777431,-0.434718
186.7110,-13284,-34.777431,-0.434718
186.7210,-13284,-34.777431,-0.434718
186.7310,-13284,-34.777431,-0.434718
186.7410,-13284,-34.777431,-0.434718
186.7510,-13284,-34.777431,-0.434718
186.7610,-13284,-34.777431,-0.434718
186.7710,-13284,-34.777431,-0.434718
186.7810,-13284,-34.777431,-0.434718
186.7910,-13284,-34.777431,-0.434718
186.8010,-13284,-34.777431,-0.434718
186.8110,-13284,-34.777431,-0.434718
186.8210,-13284,-34.777431,-0.434718
186.8310,-13284,-34.777431,-0.434718
186.8410,-13284,-34.777431,-0.434718
186.8510,-13284,-34.777431,-0.434718
186.8610,-13284,-34.777431,-0.434718
186.8710,-13284,-34.777431,-0.434718
186.8810,-13284,-34.777431,-0.434718
186.8910,-13284,-34.777431,-0.434718
186.9010,-13285,-34.780048,-0.434751
186.9110,-13285,-34.780048,-0.434751
186.9210,-13285,-34.780048,-0.434751
186.9310,-13285,-34.780048,-0.434751
186.9410,-13285,-34.780048,-0.434751
186.9510,-13285,-34.780048,-0.434751
186.9610,-13285,-34.780048,-0.434751
186.9720,-13284,-34.777431,-0.434718
186.9810,-13285,-34.780048,-0.434751
186.9910,-13285,-34.780048,-0.434751
187.0010,-13285,-34.780048,-0.434751
187.0110,-13285,-34.780048,-0.434751
187.0210,-13285,-34.780048,-0.434751
187.0310,-13285,-34.780048,-0.434751
187.0410,-13285,-34.780048,-0.434751
187.0510,-13285,-34.780048,-0.434751
187.0610,-13285,-34.780048,-0.434751
187.0710,-13285,-34.780048,-0.434751
187.0810,-13285,-34.780048,-0.434751
187.0910,-13285,-34.780048,-0.434751
187.1010,-13285,-34.780048,-0.434751
187.1110,-13285,-34.780048,-0.434751
187.1210,-13285,-34.780048,-0.434751
187.1310,-13285,-34.780048,-0.434751
187.1410,-13285,-34.780048,-0.434751
187.1510,-13285,-34.780048,-0.434751
187.1610,-13285,-34.780048,-0.434751
187.1710,-13285,-34.780048,-0.434751
187.1810,-13285,-34.780048,-0.434751
187.1910,-13285,-34.780048,-0.434751
187.2010,-13285,-34.780048,-0.434751
187.2110,-13285,-34.780048,-0.434751
187.2210,-13285,-34.780048,-0.434751
187.2310,-13285,-34.780048,-0.434751
187.2410,-13285,-34.780048,-0.434751
187.2510,-13285,-34.780048,-0.434751
187.2610,-13285,-34.780048,-0.434751
187.2710,-13285,-34.780048,-0.434751
187.2810,-13285,-34.780048,-0.434751
187.2910,-13285,-34.780048,-0.434751
187.3010,-13285,-34.780048,-0.434751
187.3110,-13285,-34.780048,-0.434751
187.3210,-13285,-34.780048,-0.434751
187.3310,-13285,-34.780048,-0.434751
187.3410,-13285,-34.780048,-0.434751
187.3510,-13285,-34.780048,-0.434751
187.3610,-13285,-34.780048,-0.434751
187.3710,-13285,-34.780048,-0.434751
187.3810,-13285,-34.780048,-0.434751
187.3910,-13285,-34.780048,-0.434751
187.4010,-13285,-34.780048,-0.434751
187.4110,-13285,-34.780048,-0.434751
187.4210,-13285,-34.780048,-0.434751
187.4310,-13286,-34.782669,-0.434783
187.4410,-13286,-34.782669,-0.434783
187.4510,-13286,-34.782669,-0.434783
187.4610,-13286,-34.782669,-0.434783
187.4710,-13286,-34.782669,-0.434783
187.4810,-13286,-34.782669,-0.434783
187.4910,-13286,-34.782669,-0.434783
187.5010,-13286,-34.782669,-0.434783
187.5110,-13286,-34.782669,-0.434783
187.5210,-13286,-34.782669,-0.434783
187.5310,-13286,-34.782669,-0.434783
187.5410,-13286,-34.782669,-0.434783
187.5510,-13286,-34.782669,-0.434783
187.5610,-13286,-34.782669,-0.434783
187.5710,-13286,-34.782669,-0.434783
187.5810,-13286,-34.782669,-0.434783
187.5910,-13286,-34.782669,-0.434783
187.6010,-13286,-34.782669,-0.434783
187.6120,-13286,-34.782669,-0.434783
187.6210,-13286,-34.782669,-0.434783
187.6310,-13286,-34.782669,-0.434783
187.6410,-13286,-34.782669,-0.434783
187.6510,-13286,-34.782669,-0.434783
187.6610,-13286,-34.782669,-0.434783
187.6710,-13286,-34.782669,-0.434783
187.6810,-13286,-34.782669,-0.434783
187.6910,-13286,-34.782669,-0.434783
187.7010,-13286,-34.782669,-0.434783
187.7110,-13286,-34.782669,-0.434783
187.7210,-13286,-34.782669,-0.434783
187.7310,-13286,-34.782669,-0.434783
187.7410,-13286,-34.782669,-0.434783
187.7510,-13286,-34.782669,-0.434783
187.7610,-13286,-34.782669,-0.434783
187.7710,-13286,-34.782669,-0.434783
187.7810,-13286,-34.782669,-0.434783
187.7910,-13286,-34.782669,-0.434783
187.8010,-13286,-34.782669,-0.434783
187.8110,-13286,-34.782669,-0.434783
187.8210,-13286,-34.782669,-0.434783
187.8310,-13286,-34.782669,-0.434783
187.8410,-13286,-34.782669,-0.434783
187.8510,-13287,-34.785285,-0.434816
187.8610,-13287,-34.785285,-0.434816
187.8710,-13287,-34.785285,-0.434816
187.8810,-13287,-34.785285,-0.434816
187.8910,-13287,-34.785285,-0.434816
187.9010,-13287,-34.785285,-0.434816
187.9110,-13287,-34.785285,-0.434816
187.9210,-13287,-34.785285,-0.434816
187.9310,-13287,-34.785285,-0.434816
187.9410,-13286,-34.782669,-0.434783
187.9510,-13287,-34.785285,-0.434816
187.9610,-13287,-34.785285,-0.434816
187.9710,-13287,-34.785285,-0.434816
187.9810,-13287,-34.785285,-0.434816
187.9910,-13287,-34.785285,-0.434816
188.0010,-13287,-34.785285,-0.434816
188.0110,-13287,-34.785285,-0.434816
188.0210,-13287,-34.785285,-0.434816
188.0310,-13287,-34.785285,-0.434816
188.0410,-13287,-34.785285,-0.434816
188.0510,-13287,-34.785285,-0.434816
188.0610,-13287,-34.785285,-0.434816
188.0710,-13287,-34.785285,-0.434816
188.0810,-13287,-34.785285,-0.434816
188.0910,-13287,-34.785285,-0.434816
188.1010,-13287,-34.785285,-0.434816
188.1110,-13287,-34.785285,-0.434816
188.1210,-13287,-34.785285,-0.434816
188.1310,-13287,-34.785285,-0.434816
188.1410,-13287,-34.785285,-0.434816
188.1510,-13287,-34.785285,-0.434816
188.1610,-13287,-34.785285,-0.434816
188.1710,-13287,-34.785285,-0.434816
188.1810,-13287,-34.785285,-0.434816
188.1910,-13287,-34.785285,-0.434816
188.2010,-13287,-34.785285,-0.434816
188.2110,-13287,-34.785285,-0.434816
188.2210,-13287,-34.785285,-0.434816
188.2310,-13287,-34.785285,-0.434816
188.2410,-13287,-34.785285,-0.434816
188.2520,-13287,-34.785285,-0.434816
188.2610,-13287,-34.785285,-0.434816
188.2710,-13288,-34.787906,-0.434849
188.2810,-13288,-34.787906,-0.434849
188.2910,-13288,-34.787906,-0.434849
188.3010,-13288,-34.787906,-0.434849
188.3110,-13288,-34.787906,-0.434849
188.3210,-13288,-34.787906,-0.434849
188.3310,-13288,-34.787906,-0.434849
188.3410,-13288,-34.787906,-0.434849
188.3510,-13288,-34.787906,-0.434849
188.3610,-13288,-34.787906,-0.434849
188.3710,-13288,-34.787906,-0.434849
188.3810,-13288,-34.787906,-0.434849
188.3910,-13288,-34.787906,-0.434849
188.4010,-13288,-34.787906,-0.434849
188.4110,-13288,-34.787906,-0.434849
188.4210,-13288,-34.787906,-0.434849
188.4310,-13288,-34.787906,-0.434849
188.4410,-13288,-34.787906,-0.434849
188.4510,-13288,-34.787906,-0.434849
188.4610,-13288,-34.787906,-0.434849
188.4710,-13288,-34.787906,-0.434849
188.4810,-13288,-34.787906,-0.434849
188.4910,-13288,-34.787906,-0.434849
188.5010,-13288,-34.787906,-0.434849
188.5110,-13288,-34.787906,-0.434849
188.5210,-13288,-34.787906,-0.434849
188.5310,-13288,-34.787906,-0.434849
188.5410,-13288,-34.787906,-0.434849
188.5510,-13288,-34.787906,-0.434849
188.5610,-13289,-34.790519,-0.434882
188.5710,-13289,-34.790519,-0.434882
188.5810,-13289,-34.790519,-0.434882
188.5910,-13289,-34.790519,-0.434882
188.6010,-13289,-34.790519,-0.434882
188.6110,-13289,-34.790519,-0.434882
188.6210,-13289,-34.790519,-0.434882
188.6310,-13289,-34.790519,-0.434882
188.6410,-13289,-34.790519,-0.434882
188.6510,-13289,-34.790519,-0.434882
188.6610,-13289,-34.790519,-0.434882
188.6710,-13289,-34.790519,-0.434882
188.6810,-13289,-34.790519,-0.434882
188.6910,-13289,-34.790519,-0.434882
188.7010,-13289,-34.790519,-0.434882
188.7110,-13289,-34.790519,-0.434882
188.7210,-13289,-34.790519,-0.434882
188.7310,-13289,-34.790519,-0.434882
188.7410,-13289,-34.790519,-0.434882
188.7510,-13289,-34.790519,-0.434882
188.7610,-13289,-34.790519,-0.434882
188.7710,-13289,-34.790519,-0.434882
188.7810,-13289,-34.790519,-0.434882
188.7910,-13289,-34.790519,-0.434882
188.8010,-13289,-34.790519,-0.434882
188.8110,-13289,-34.790519,-0.434882
188.8210,-13289,-34.790519,-0.434882
188.8310,-13289,-34.790519,-0.434882
188.8410,-13289,-34.790519,-0.434882
188.8510,-13289,-34.790519,-0.434882
188.8610,-13289,-34.790519,-0.434882
188.8710,-13289,-34.790519,-0.434882
188.8810,-13289,-34.790519,-0.434882
188.8920,-13289,-34.790519,-0.434882
188.9010,-13289,-34.790519,-0.434882
188.9110,-13289,-34.790519,-0.434882
188.9210,-13289,-34.790519,-0.434882
188.9310,-13289,-34.790519,-0.434882
188.9410,-13289,-34.790519,-0.434882
188.9510,-13290,-34.793140,-0.434914
188.9610,-13290,-34.793140,-0.434914
188.9710,-13290,-34.793140,-0.434914
188.9810,-13290,-34.793140,-0.434914
188.9910,-13291,-34.795757,-0.434947
189.0010,-13291,-34.795757,-0.434947
189.0110,-13291,-34.795757,-0.434947
189.0210,-13291,-34.795757,-0.434947
189.0310,-13291,-34.795757,-0.434947
189.0410,-13292,-34.798377,-0.434980
189.0510,-13293,-34.800994,-0.435012
189.0610,-13295,-34.806228,-0.435078
189.0710,-13295,-34.806228,-0.435078
189.0810,-13296,-34.808845,-0.435111
189.0910,-13297,-34.811466,-0.435143
189.1010,-13298,-34.814083,-0.435176
189.1110,-13298,-34.814083,-0.435176
189.1210,-13299,-34.816703,-0.435209
189.1310,-13299,-34.816703,-0.435209
189.1410,-13299,-34.816703,-0.435209
189.1510,-13299,-34.816703,-0.435209
189.1610,-13299,-34.816703,-0.435209
189.1710,-13299,-34.816703,-0.435209
189.1810,-13300,-34.819316,-0.435241
189.1910,-13300,-34.819316,-0.435241
189.2010,-13301,-34.821937,-0.435274
189.2110,-13302,-34.824554,-0.435307
189.2210,-13303,-34.827175,-0.435340
189.2310,-13304,-34.829792,-0.435372
189.2410,-13305,-34.832408,-0.435405
189.2510,-13306,-34.835025,-0.435438
189.2610,-13306,-34.835025,-0.435438
189.2710,-13307,-34.837646,-0.435471
189.2810,-13308,-34.840263,-0.435503
189.2910,-13308,-34.840263,-0.435503
189.3010,-13308,-34.840263,-0.435503
189.3110,-13308,-34.840263,-0.435503
189.3210,-13308,-34.840263,-0.435503
189.3310,-13308,-34.840263,-0.435503
189.3410,-13309,-34.842884,-0.435536
189.3510,-13309,-34.842884,-0.435536
189.3610,-13311,-34.848117,-0.435601
189.3710,-13312,-34.850734,-0.435634
189.3810,-13315,-34.858589,-0.435732
189.3910,-13317,-34.863826,-0.435798
189.4010,-13319,-34.869060,-0.435863
189.4110,-13322,-34.876914,-0.435961
189.4210,-13324,-34.882152,-0.436027
189.4310,-13327,-34.890003,-0.436125
189.4410,-13329,-34.895240,-0.436191
189.4510,-13332,-34.903095,-0.436289
189.4610,-13335,-34.910949,-0.436387
189.4710,-13340,-34.924037,-0.436550
189.4810,-13345,-34.937129,-0.436714
189.4910,-13351,-34.952838,-0.436911
189.5010,-13358,-34.971164,-0.437140
189.5110,-13368,-34.997344,-0.437467
189.5210,-13380,-35.028759,-0.437860
189.5320,-13396,-35.070644,-0.438383
189.5410,-13412,-35.112533,-0.438907
189.5510,-13428,-35.154422,-0.439430
189.5610,-13445,-35.198928,-0.439987
189.5710,-13463,-35.246051,-0.440576
189.5810,-13478,-35.285320,-0.441067
189.5910,-13496,-35.332447,-0.441656
189.6010,-13511,-35.371715,-0.442146
189.6110,-13524,-35.405750,-0.442572
189.6210,-13533,-35.429313,-0.442866
189.6310,-13541,-35.450256,-0.443128
189.6410,-13548,-35.468582,-0.443357
189.6510,-13555,-35.486907,-0.443586
189.6610,-13559,-35.497379,-0.443717
189.6710,-13563,-35.507850,-0.443848
189.6810,-13565,-35.513088,-0.443914
189.6910,-13567,-35.518321,-0.443979
189.7010,-13569,-35.523559,-0.444045
189.7110,-13572,-35.531414,-0.444143
189.7210,-13574,-35.536647,-0.444208
189.7310,-13576,-35.541885,-0.444274
189.7410,-13578,-35.547119,-0.444339
189.7510,-13581,-35.554977,-0.444437
189.7610,-13584,-35.562828,-0.444535
189.7710,-13585,-35.565448,-0.444568
189.7810,-13586,-35.568065,-0.444601
189.7910,-13586,-35.568065,-0.444601
189.8010,-13586,-35.568065,-0.444601
189.8110,-13586,-35.568065,-0.444601
189.8210,-13586,-35.568065,-0.444601
189.8310,-13585,-35.565448,-0.444568
189.8410,-13585,-35.565448,-0.444568
189.8510,-13585,-35.565448,-0.444568
189.8610,-13585,-35.565448,-0.444568
189.8710,-13585,-35.565448,-0.444568
189.8810,-13586,-35.568065,-0.444601
189.8910,-13588,-35.573303,-0.444666
189.9010,-13589,-35.575920,-0.444699
189.9110,-13590,-35.578536,-0.444732
189.9210,-13591,-35.581153,-0.444764
189.9310,-13592,-35.583774,-0.444797
189.9410,-13592,-35.583774,-0.444797
189.9510,-13592,-35.583774,-0.444797
189.9610,-13592,-35.583774,-0.444797
189.9710,-13592,-35.583774,-0.444797
189.9810,-13592,-35.583774,-0.444797
189.9910,-13592,-35.583774,-0.444797
190.0010,-13591,-35.581153,-0.444764
190.0110,-13591,-35.581153,-0.444764
190.0210,-13591,-35.581153,-0.444764
190.0310,-13592,-35.583774,-0.444797
190.0410,-13592,-35.583774,-0.444797
190.0510,-13593,-35.586391,-0.444830
190.0610,-13594,-35.589008,-0.444863
190.0710,-13595,-35.591625,-0.444895
190.0810,-13595,-35.591625,-0.444895
190.0910,-13596,-35.594245,-0.444928
190.1010,-13596,-35.594245,-0.444928
190.1110,-13596,-35.594245,-0.444928
190.1210,-13596,-35.594245,-0.444928
190.1310,-13596,-35.594245,-0.444928
190.1410,-13595,-35.591625,-0.444895
190.1510,-13595,-35.591625,-0.444895
190.1610,-13594,-35.589008,-0.444863
190.1720,-13595,-35.591625,-0.444895
190.1810,-13595,-35.591625,-0.444895
190.1910,-13596,-35.594245,-0.444928
190.2010,-13596,-35.594245,-0.444928
190.2110,-13597,-35.596862,-0.444961
190.2210,-13597,-35.596862,-0.444961
190.2310,-13598,-35.599483,-0.444994
190.2410,-13598,-35.599483,-0.444994
190.2510,-13599,-35.602100,-0.445026
190.2610,-13599,-35.602100,-0.445026
190.2710,-13599,-35.602100,-0.445026
190.2810,-13598,-35.599483,-0.444994
190.2910,-13598,-35.599483,-0.444994
190.3010,-13598,-35.599483,-0.444994
190.3110,-13598,-35.599483,-0.444994
190.3210,-13598,-35.599483,-0.444994
190.3310,-13599,-35.602100,-0.445026
190.3410,-13599,-35.602100,-0.445026
190.3510,-13600,-35.604717,-0.445059
190.3610,-13600,-35.604717,-0.445059
190.3710,-13601,-35.607334,-0.445092
190.3810,-13601,-35.607334,-0.445092
190.3910,-13602,-35.609954,-0.445124
190.4010,-13602,-35.609954,-0.445124
190.4110,-13602,-35.609954,-0.445124
190.4210,-13602,-35.609954,-0.445124
190.4310,-13601,-35.607334,-0.445092
190.4410,-13601,-35.607334,-0.445092
190.4510,-13602,-35.609954,-0.445124
190.4610,-13602,-35.609954,-0.445124
190.4710,-13602,-35.609954,-0.445124
190.4810,-13602,-35.609954,-0.445124
190.4910,-13603,-35.612571,-0.445157
190.5010,-13604,-35.615192,-0.445190
190.5110,-13604,-35.615192,-0.445190
190.5210,-13605,-35.617805,-0.445223
190.5310,-13605,-35.617805,-0.445223
190.5410,-13605,-35.617805,-0.445223
190.5510,-13605,-35.617805,-0.445223
190.5610,-13605,-35.617805,-0.445223
190.5710,-13605,-35.617805,-0.445223
190.5810,-13605,-35.617805,-0.445223
190.5910,-13605,-35.617805,-0.445223
190.6010,-13605,-35.617805,-0.445223
190.6110,-13605,-35.617805,-0.445223
190.6210,-13605,-35.617805,-0.445223
190.6310,-13606,-35.620426,-0.445255
190.6410,-13606,-35.620426,-0.445255
190.6510,-13606,-35.620426,-0.445255
190.6610,-13607,-35.623043,-0.445288
190.6710,-13607,-35.623043,-0.445288
190.6810,-13607,-35.623043,-0.445288
190.6910,-13607,-35.623043,-0.445288
190.7010,-13607,-35.623043,-0.445288
190.7110,-13607,-35.623043,-0.445288
190.7210,-13607,-35.623043,-0.445288
190.7310,-13607,-35.623043,-0.445288
190.7410,-13607,-35.623043,-0.445288
190.7510,-13607,-35.623043,-0.445288
190.7610,-13608,-35.625663,-0.445321
190.7710,-13608,-35.625663,-0.445321
190.7810,-13608,-35.625663,-0.445321
190.7910,-13609,-35.628280,-0.445354
190.8010,-13609,-35.628280,-0.445354
190.8120,-13609,-35.628280,-0.445354
190.8210,-13609,-35.628280,-0.445354
190.8310,-13609,-35.628280,-0.445354
190.8410,-13609,-35.628280,-0.445354
190.8510,-13609,-35.628280,-0.445354
190.8610,-13610,-35.630897,-0.445386
190.8710,-13610,-35.630897,-0.445386
190.8810,-13610,-35.630897,-0.445386
190.8910,-13610,-35.630897,-0.445386
190.9010,-13610,-35.630897,-0.445386
190.9110,-13610,-35.630897,-0.445386
190.9210,-13610,-35.630897,-0.445386
190.9310,-13611,-35.633514,-0.445419
190.9410,-13611,-35.633514,-0.445419
190.9510,-13611,-35.633514,-0.445419
190.9610,-13611,-35.633514,-0.445419
190.9710,-13611,-35.633514,-0.445419
190.9810,-13611,-35.633514,-0.445419
190.9910,-13611,-35.633514,-0.445419
191.0010,-13612,-35.636135,-0.445452
191.0110,-13612,-35.636135,-0.445452
191.0210,-13612,-35.636135,-0.445452
191.0310,-13612,-35.636135,-0.445452
191.0410,-13612,-35.636135,-0.445452
191.0510,-13612,-35.636135,-0.445452
191.0610,-13613,-35.638751,-0.445484
191.0710,-13613,-35.638751,-0.445484
191.0810,-13613,-35.638751,-0.445484
191.0910,-13613,-35.638751,-0.445484
191.1010,-13613,-35.638751,-0.445484
191.1110,-13613,-35.638751,-0.445484
191.1210,-13613,-35.638751,-0.445484
191.1310,-13613,-35.638751,-0.445484
191.1410,-13614,-35.641368,-0.445517
191.1510,-13614,-35.641368,-0.445517
191.1610,-13614,-35.641368,-0.445517
191.1710,-13614,-35.641368,-0.445517
191.1810,-13615,-35.643989,-0.445550
191.1910,-13615,-35.643989,-0.445550
191.2010,-13615,-35.643989,-0.445550
191.2110,-13616,-35.646606,-0.445583
191.2210,-13616,-35.646606,-0.445583
191.2310,-13616,-35.646606,-0.445583
191.2410,-13617,-35.649223,-0.445615
191.2510,-13617,-35.649223,-0.445615
191.2610,-13617,-35.649223,-0.445615
191.2710,-13616,-35.646606,-0.445583
191.2810,-13617,-35.649223,-0.445615
191.2910,-13618,-35.651840,-0.445648
191.3010,-13619,-35.654460,-0.445681
191.3110,-13620,-35.657077,-0.445713
191.3210,-13621,-35.659694,-0.445746
191.3310,-13622,-35.662311,-0.445779
191.3410,-13623,-35.664932,-0.445812
191.3510,-13624,-35.667549,-0.445844
191.3610,-13625,-35.670169,-0.445877
191.3710,-13626,-35.672782,-0.445910
191.3810,-13627,-35.675403,-0.445943
191.3910,-13627,-35.675403,-0.445943
191.4010,-13627,-35.675403,-0.445943
191.4110,-13628,-35.678020,-0.445975
191.4210,-13629,-35.680641,-0.446008
191.4310,-13629,-35.680641,-0.446008
191.4410,-13630,-35.683258,-0.446041
191.4520,-13630,-35.683258,-0.446041
191.4610,-13630,-35.683258,-0.446041
191.4710,-13631,-35.685878,-0.446074
191.4810,-13631,-35.685878,-0.446074
191.4910,-13632,-35.688491,-0.446106
191.5010,-13632,-35.688491,-0.446106
191.5110,-13633,-35.691112,-0.446139
191.5210,-13633,-35.691112,-0.446139
191.5310,-13633,-35.691112,-0.446139
191.5410,-13633,-35.691112,-0.446139
191.5510,-13633,-35.691112,-0.446139
191.5610,-13634,-35.693729,-0.446172
191.5710,-13634,-35.693729,-0.446172
191.5810,-13634,-35.693729,-0.446172
191.5910,-13635,-35.696346,-0.446204
191.6010,-13635,-35.696346,-0.446204
191.6110,-13636,-35.698966,-0.446237
191.6210,-13636,-35.698966,-0.446237
191.6310,-13637,-35.701583,-0.446270
191.6410,-13637,-35.701583,-0.446270
191.6510,-13637,-35.701583,-0.446270
191.6610,-13638,-35.704200,-0.446302
191.6710,-13638,-35.704200,-0.446302
191.6810,-13638,-35.704200,-0.446302
191.6910,-13638,-35.704200,-0.446302
191.7010,-13638,-35.704200,-0.446302
191.7110,-13638,-35.704200,-0.446302
191.7210,-13639,-35.706817,-0.446335
191.7310,-13639,-35.706817,-0.446335
191.7410,-13639,-35.706817,-0.446335
191.7510,-13640,-35.709438,-0.446368
191.7610,-13640,-35.709438,-0.446368
191.7710,-13641,-35.712055,-0.446401
191.7810,-13641,-35.712055,-0.446401
191.7910,-13641,-35.712055,-0.446401
191.8010,-13641,-35.712055,-0.446401
191.8110,-13641,-35.712055,-0.446401
191.8210,-13641,-35.712055,-0.446401
191.8310,-13642,-35.714672,-0.446433
191.8410,-13642,-35.714672,-0.446433
191.8510,-13642,-35.714672,-0.446433
191.8610,-13642,-35.714672,-0.446433
191.8710,-13642,-35.714672,-0.446433
191.8810,-13643,-35.717288,-0.446466
191.8910,-13643,-35.717288,-0.446466
191.9010,-13644,-35.719909,-0.446499
191.9110,-13644,-35.719909,-0.446499
191.9210,-13644,-35.719909,-0.446499
191.9310,-13645,-35.722526,-0.446532
191.9410,-13645,-35.722526,-0.446532
191.9510,-13645,-35.722526,-0.446532
191.9610,-13645,-35.722526,-0.446532
191.9710,-13646,-35.725147,-0.446564
191.9810,-13646,-35.725147,-0.446564
191.9910,-13646,-35.725147,-0.446564
192.0010,-13646,-35.725147,-0.446564
192.0110,-13647,-35.727764,-0.446597
192.0210,-13647,-35.727764,-0.446597
192.0310,-13648,-35.730381,-0.446630
192.0410,-13648,-35.730381,-0.446630
192.0510,-13648,-35.730381,-0.446630
192.0610,-13649,-35.732997,-0.446662
192.0710,-13649,-35.732997,-0.446662
192.0810,-13649,-35.732997,-0.446662
192.0920,-13649,-35.732997,-0.446662
192.1010,-13649,-35.732997,-0.446662
192.1110,-13651,-35.738235,-0.446728
192.1210,-13652,-35.740856,-0.446761
192.1310,-13653,-35.743469,-0.446793
192.1410,-13655,-35.748706,-0.446859
192.1510,-13657,-35.753944,-0.446924
192.1610,-13659,-35.759178,-0.446990
192.1710,-13662,-35.767032,-0.447088
192.1810,-13665,-35.774887,-0.447186
192.1910,-13671,-35.790596,-0.447382
192.2010,-13678,-35.808921,-0.447612
192.2110,-13686,-35.829864,-0.447873
192.2210,-13693,-35.848190,-0.448102
192.2310,-13701,-35.869132,-0.448364
192.2410,-13709,-35.890079,-0.448626
192.2510,-13721,-35.921497,-0.449019
192.2610,-13732,-35.950294,-0.449379
192.2710,-13743,-35.979091,-0.449739
192.2810,-13758,-36.018360,-0.450230
192.2910,-13774,-36.060249,-0.450753
192.3010,-13789,-36.099517,-0.451244
192.3110,-13805,-36.141407,-0.451768
192.3210,-13829,-36.204238,-0.452553
192.3310,-13858,-36.280158,-0.453502
192.3410,-13888,-36.358699,-0.454484
192.3510,-13917,-36.434619,-0.455433
192.3610,-13948,-36.515777,-0.456447
192.3710,-13974,-36.583847,-0.457298
192.3810,-14000,-36.651916,-0.458149
192.3910,-14026,-36.719982,-0.459000
192.4010,-14056,-36.798522,-0.459982
192.4110,-14085,-36.874446,-0.460931
192.4210,-14113,-36.947750,-0.461847
192.4310,-14145,-37.031524,-0.462894
192.4410,-14178,-37.117916,-0.463974
192.4510,-14211,-37.204311,-0.465054
192.4610,-14241,-37.282852,-0.466036
192.4710,-14269,-37.356155,-0.466952
192.4810,-14293,-37.418987,-0.467737
192.4910,-14320,-37.489673,-0.468621
192.5010,-14351,-37.570831,-0.469635
192.5110,-14375,-37.633663,-0.470421
192.5210,-14395,-37.686023,-0.471075
192.5310,-14421,-37.754089,-0.471926
192.5410,-14448,-37.824775,-0.472810
192.5510,-14479,-37.905933,-0.473824
192.5610,-14506,-37.976619,-0.474708
192.5710,-14531,-38.042072,-0.475526
192.5810,-14556,-38.107521,-0.476344
192.5910,-14585,-38.183441,-0.477293
192.6010,-14615,-38.261981,-0.478275
192.6110,-14644,-38.337902,-0.479224
192.6210,-14670,-38.405971,-0.480075
192.6310,-14693,-38.466182,-0.480827
192.6410,-14713,-38.518547,-0.481482
192.6510,-14734,-38.573524,-0.482169
192.6610,-14755,-38.628501,-0.482856
192.6710,-14776,-38.683479,-0.483543
192.6810,-14793,-38.727985,-0.484100
192.6910,-14806,-38.762016,-0.484525
192.7010,-14819,-38.796054,-0.484951
192.7110,-14830,-38.824851,-0.485311
192.7210,-14837,-38.843173,-0.485540
192.7320,-14845,-38.864120,-0.485802
192.7410,-14852,-38.882446,-0.486031
192.7510,-14860,-38.903388,-0.486292
192.7610,-14870,-38.929569,-0.486620
192.7710,-14878,-38.950515,-0.486881
192.7810,-14886,-38.971458,-0.487143
192.7910,-14894,-38.992401,-0.487405
192.8010,-14901,-39.010726,-0.487634
192.8110,-14907,-39.026435,-0.487830
192.8210,-14913,-39.042144,-0.488027
192.8310,-14920,-39.060470,-0.488256
192.8410,-14924,-39.070941,-0.488387
192.8510,-14927,-39.078796,-0.488485
192.8610,-14929,-39.084030,-0.488550
192.8710,-14933,-39.094505,-0.488681
192.8810,-14937,-39.104976,-0.488812
192.8910,-14940,-39.112827,-0.488910
192.9010,-14943,-39.120685,-0.489009
192.9110,-14945,-39.125919,-0.489074
192.9210,-14949,-39.136394,-0.489205
192.9310,-14954,-39.149482,-0.489369
192.9410,-14962,-39.170425,-0.489630
192.9510,-14976,-39.207077,-0.490088
192.9610,-14993,-39.251583,-0.490645
192.9710,-15008,-39.290855,-0.491136
192.9810,-15026,-39.337978,-0.491725
192.9910,-15048,-39.395572,-0.492445
193.0010,-15078,-39.474109,-0.493426
193.0110,-15109,-39.555271,-0.494441
193.0210,-15143,-39.644283,-0.495554
193.0310,-15176,-39.730674,-0.496633
193.0410,-15215,-39.832778,-0.497910
193.0510,-15251,-39.927024,-0.499088
193.0610,-15286,-40.018657,-0.500233
193.0710,-15315,-40.094577,-0.501182
193.0810,-15348,-40.180969,-0.502262
193.0910,-15388,-40.285690,-0.503571
193.1010,-15430,-40.395648,-0.504946
193.1110,-15457,-40.466335,-0.505829
193.1210,-15485,-40.539634,-0.506745
193.1310,-15514,-40.615558,-0.507694
193.1410,-15542,-40.688861,-0.508611
193.1510,-15564,-40.746459,-0.509331
193.1610,-15580,-40.788345,-0.509854
193.1710,-15594,-40.824996,-0.510312
193.1810,-15609,-40.864265,-0.510803
193.1910,-15627,-40.911392,-0.511392
193.2010,-15643,-40.953277,-0.511916
193.2110,-15659,-40.995166,-0.512440
193.2210,-15674,-41.034435,-0.512930
193.2310,-15687,-41.068470,-0.513356
193.2410,-15700,-41.102504,-0.513781
193.2510,-15709,-41.126068,-0.514076
193.2610,-15719,-41.152248,-0.514403
193.2710,-15726,-41.170570,-0.514632
193.2810,-15734,-41.191516,-0.514894
193.2910,-15741,-41.209842,-0.515123
193.3010,-15748,-41.228168,-0.515352
193.3110,-15753,-41.241256,-0.515516
193.3210,-15755,-41.246494,-0.515581
193.3310,-15755,-41.246494,-0.515581
193.3410,-15755,-41.246494,-0.515581
193.3510,-15753,-41.241256,-0.515516
193.3610,-15753,-41.241256,-0.515516
193.3720,-15751,-41.236022,-0.515450
193.3810,-15749,-41.230785,-0.515385
193.3910,-15749,-41.230785,-0.515385
193.4010,-15749,-41.230785,-0.515385
193.4110,-15749,-41.230785,-0.515385
193.4210,-15751,-41.236022,-0.515450
193.4310,-15753,-41.241256,-0.515516
193.4410,-15755,-41.246494,-0.515581
193.4510,-15757,-41.251731,-0.515647
193.4610,-15758,-41.254348,-0.515679
193.4710,-15759,-41.256965,-0.515712
193.4810,-15760,-41.259582,-0.515745
193.4910,-15760,-41.259582,-0.515745
193.5010,-15760,-41.259582,-0.515745
193.5110,-15759,-41.256965,-0.515712
193.5210,-15758,-41.254348,-0.515679
193.5310,-15757,-41.251731,-0.515647
193.5410,-15757,-41.251731,-0.515647
193.5510,-15756,-41.249111,-0.515614
193.5610,-15756,-41.249111,-0.515614
193.5710,-15757,-41.251731,-0.515647
193.5810,-15757,-41.251731,-0.515647
193.5910,-15758,-41.254348,-0.515679
193.6010,-15759,-41.256965,-0.515712
193.6110,-15760,-41.259582,-0.515745
193.6210,-15761,-41.262203,-0.515778
193.6310,-15762,-41.264820,-0.515810
193.6410,-15762,-41.264820,-0.515810
193.6510,-15762,-41.264820,-0.515810
193.6610,-15762,-41.264820,-0.515810
193.6710,-15761,-41.262203,-0.515778
193.6810,-15761,-41.262203,-0.515778
193.6910,-15760,-41.259582,-0.515745
193.7010,-15760,-41.259582,-0.515745
193.7110,-15760,-41.259582,-0.515745
193.7210,-15760,-41.259582,-0.515745
193.7310,-15760,-41.259582,-0.515745
193.7410,-15761,-41.262203,-0.515778
193.7510,-15761,-41.262203,-0.515778
193.7610,-15762,-41.264820,-0.515810
193.7710,-15762,-41.264820,-0.515810
193.7810,-15763,-41.267440,-0.515843
193.7910,-15763,-41.267440,-0.515843
193.8010,-15763,-41.267440,-0.515843
193.8110,-15763,-41.267440,-0.515843
193.8210,-15763,-41.267440,-0.515843
193.8310,-15763,-41.267440,-0.515843
193.8410,-15763,-41.267440,-0.515843
193.8510,-15763,-41.267440,-0.515843
193.8610,-15763,-41.267440,-0.515843
193.8710,-15763,-41.267440,-0.515843
193.8810,-15763,-41.267440,-0.515843
193.8910,-15763,-41.267440,-0.515843
193.9010,-15763,-41.267440,-0.515843
193.9110,-15764,-41.270053,-0.515876
193.9210,-15764,-41.270053,-0.515876
193.9310,-15764,-41.270053,-0.515876
193.9410,-15764,-41.270053,-0.515876
193.9510,-15764,-41.270053,-0.515876
193.9610,-15765,-41.272674,-0.515908
193.9710,-15765,-41.272674,-0.515908
193.9810,-15765,-41.272674,-0.515908
193.9910,-15765,-41.272674,-0.515908
194.0010,-15764,-41.270053,-0.515876
194.0120,-15764,-41.270053,-0.515876
194.0210,-15764,-41.270053,-0.515876
194.0310,-15764,-41.270053,-0.515876
194.0410,-15764,-41.270053,-0.515876
194.0510,-15765,-41.272674,-0.515908
194.0610,-15765,-41.272674,-0.515908
194.0710,-15765,-41.272674,-0.515908
194.0810,-15765,-41.272674,-0.515908
194.0910,-15765,-41.272674,-0.515908
194.1010,-15765,-41.272674,-0.515908
194.1110,-15765,-41.272674,-0.515908
194.1210,-15765,-41.272674,-0.515908
194.1310,-15765,-41.272674,-0.515908
194.1410,-15765,-41.272674,-0.515908
194.1510,-15765,-41.272674,-0.515908
194.1610,-15765,-41.272674,-0.515908
194.1710,-15765,-41.272674,-0.515908
194.1810,-15765,-41.272674,-0.515908
194.1910,-15765,-41.272674,-0.515908
194.2010,-15765,-41.272674,-0.515908
194.2110,-15766,-41.275291,-0.515941
194.2210,-15766,-41.275291,-0.515941
194.2310,-15766,-41.275291,-0.515941
194.2410,-15766,-41.275291,-0.515941
194.2510,-15766,-41.275291,-0.515941
194.2610,-15766,-41.275291,-0.515941
194.2710,-15766,-41.275291,-0.515941
194.2810,-15766,-41.275291,-0.515941
194.2910,-15766,-41.275291,-0.515941
194.3010,-15766,-41.275291,-0.515941
194.3110,-15766,-41.275291,-0.515941
194.3210,-15766,-41.275291,-0.515941
194.3310,-15766,-41.275291,-0.515941
194.3410,-15766,-41.275291,-0.515941
194.3510,-15767,-41.277912,-0.515974
194.3610,-15767,-41.277912,-0.515974
194.3710,-15767,-41.277912,-0.515974
194.3810,-15767,-41.277912,-0.515974
194.3910,-15767,-41.277912,-0.515974
194.4010,-15767,-41.277912,-0.515974
194.4110,-15767,-41.277912,-0.515974
194.4210,-15767,-41.277912,-0.515974
194.4310,-15767,-41.277912,-0.515974
194.4410,-15767,-41.277912,-0.515974
194.4510,-15767,-41.277912,-0.515974
194.4610,-15767,-41.277912,-0.515974
194.4710,-15767,-41.277912,-0.515974
194.4810,-15767,-41.277912,-0.515974
194.4910,-15767,-41.277912,-0.515974
194.5010,-15767,-41.277912,-0.515974
194.5110,-15768,-41.280529,-0.516007
194.5210,-15768,-41.280529,-0.516007
194.5310,-15768,-41.280529,-0.516007
194.5410,-15768,-41.280529,-0.516007
194.5510,-15768,-41.280529,-0.516007
194.5610,-15768,-41.280529,-0.516007
194.5710,-15768,-41.280529,-0.516007
194.5810,-15768,-41.280529,-0.516007
194.5910,-15768,-41.280529,-0.516007
194.6010,-15768,-41.280529,-0.516007
194.6110,-15768,-41.280529,-0.516007
194.6210,-15768,-41.280529,-0.516007
194.6310,-15768,-41.280529,-0.516007
194.6410,-15768,-41.280529,-0.516007
194.6520,-15769,-41.283145,-0.516039
194.6610,-15769,-41.283145,-0.516039
194.6710,-15769,-41.283145,-0.516039
194.6810,-15769,-41.283145,-0.516039
194.6910,-15769,-41.283145,-0.516039
194.7010,-15769,-41.283145,-0.516039
194.7110,-15769,-41.283145,-0.516039
194.7210,-15769,-41.283145,-0.516039
194.7310,-15769,-41.283145,-0.516039
194.7410,-15769,-41.283145,-0.516039
194.7510,-15769,-41.283145,-0.516039
194.7610,-15769,-41.283145,-0.516039
194.7710,-15769,-41.283145,-0.516039
194.7810,-15769,-41.283145,-0.516039
194.7910,-15769,-41.283145,-0.516039
194.8010,-15769,-41.283145,-0.516039
194.8110,-15770,-41.285762,-0.516072
194.8210,-15770,-41.285762,-0.516072
194.8310,-15770,-41.285762,-0.516072
194.8410,-15770,-41.285762,-0.516072
194.8510,-15770,-41.285762,-0.516072
194.8610,-15770,-41.285762,-0.516072
194.8710,-15770,-41.285762,-0.516072
194.8810,-15770,-41.285762,-0.516072
194.8910,-15770,-41.285762,-0.516072
194.9010,-15770,-41.285762,-0.516072
194.9110,-15770,-41.285762,-0.516072
194.9210,-15770,-41.285762,-0.516072
194.9310,-15770,-41.285762,-0.516072
194.9410,-15770,-41.285762,-0.516072
194.9510,-15770,-41.285762,-0.516072
194.9610,-15770,-41.285762,-0.516072
194.9710,-15770,-41.285762,-0.516072
194.9810,-15771,-41.288383,-0.516105
194.9910,-15771,-41.288383,-0.516105
195.0010,-15771,-41.288383,-0.516105
195.0110,-15771,-41.288383,-0.516105
195.0210,-15771,-41.288383,-0.516105
195.0310,-15771,-41.288383,-0.516105
195.0410,-15771,-41.288383,-0.516105
195.0510,-15771,-41.288383,-0.516105
195.0610,-15771,-41.288383,-0.516105
195.0710,-15771,-41.288383,-0.516105
195.0810,-15771,-41.288383,-0.516105
195.0910,-15771,-41.288383,-0.516105
195.1010,-15771,-41.288383,-0.516105
195.1110,-15771,-41.288383,-0.516105
195.1210,-15771,-41.288383,-0.516105
195.1310,-15771,-41.288383,-0.516105
195.1410,-15771,-41.288383,-0.516105
195.1510,-15771,-41.288383,-0.516105
195.1610,-15771,-41.288383,-0.516105
195.1710,-15771,-41.288383,-0.516105
195.1810,-15771,-41.288383,-0.516105
195.1910,-15771,-41.288383,-0.516105
195.2010,-15772,-41.291000,-0.516138
195.2110,-15772,-41.291000,-0.516138
195.2210,-15772,-41.291000,-0.516138
195.2310,-15772,-41.291000,-0.516138
195.2410,-15772,-41.291000,-0.516138
195.2510,-15772,-41.291000,-0.516138
195.2610,-15772,-41.291000,-0.516138
195.2710,-15772,-41.291000,-0.516138
195.2810,-15772,-41.291000,-0.516138
195.2920,-15772,-41.291000,-0.516138
195.3010,-15772,-41.291000,-0.516138
195.3110,-15772,-41.291000,-0.516138
195.3210,-15772,-41.291000,-0.516138
195.3310,-15772,-41.291000,-0.516138
195.3410,-15772,-41.291000,-0.516138
195.3510,-15772,-41.291000,-0.516138
195.3610,-15773,-41.293621,-0.516170
195.3710,-15773,-41.293621,-0.516170
195.3810,-15773,-41.293621,-0.516170
195.3910,-15773,-41.293621,-0.516170
195.4010,-15773,-41.293621,-0.516170
195.4110,-15773,-41.293621,-0.516170
195.4210,-15773,-41.293621,-0.516170
195.4310,-15773,-41.293621,-0.516170
195.4410,-15773,-41.293621,-0.516170
195.4510,-15773,-41.293621,-0.516170
195.4610,-15773,-41.293621,-0.516170
195.4710,-15773,-41.293621,-0.516170
195.4810,-15773,-41.293621,-0.516170
195.4910,-15773,-41.293621,-0.516170
195.5010,-15773,-41.293621,-0.516170
195.5110,-15773,-41.293621,-0.516170
195.5210,-15773,-41.293621,-0.516170
195.5310,-15773,-41.293621,-0.516170
195.5410,-15773,-41.293621,-0.516170
195.5510,-15773,-41.293621,-0.516170
195.5610,-15773,-41.293621,-0.516170
195.5710,-15773,-41.293621,-0.516170
195.5810,-15773,-41.293621,-0.516170
195.5910,-15773,-41.293621,-0.516170
195.6010,-15773,-41.293621,-0.516170
195.6110,-15773,-41.293621,-0.516170
195.6210,-15773,-41.293621,-0.516170
195.6310,-15773,-41.293621,-0.516170
195.6410,-15773,-41.293621,-0.516170
195.6510,-15773,-41.293621,-0.516170
195.6610,-15773,-41.293621,-0.516170
195.6710,-15773,-41.293621,-0.516170
195.6810,-15773,-41.293621,-0.516170
195.6910,-15773,-41.293621,-0.516170
195.7010,-15773,-41.293621,-0.516170
195.7110,-15773,-41.293621,-0.516170
195.7210,-15774,-41.296237,-0.516203
195.7310,-15774,-41.296237,-0.516203
195.7410,-15774,-41.296237,-0.516203
195.7510,-15774,-41.296237,-0.516203
195.7610,-15774,-41.296237,-0.516203
195.7710,-15774,-41.296237,-0.516203
195.7810,-15774,-41.296237,-0.516203
195.7910,-15774,-41.296237,-0.516203
195.8010,-15774,-41.296237,-0.516203
195.8110,-15774,-41.296237,-0.516203
195.8210,-15774,-41.296237,-0.516203
195.8310,-15774,-41.296237,-0.516203
195.8410,-15774,-41.296237,-0.516203
195.8510,-15774,-41.296237,-0.516203
195.8610,-15774,-41.296237,-0.516203
195.8710,-15774,-41.296237,-0.516203
195.8810,-15774,-41.296237,-0.516203
195.8910,-15774,-41.296237,-0.516203
195.9010,-15774,-41.296237,-0.516203
195.9110,-15774,-41.296237,-0.516203
195.9210,-15775,-41.298854,-0.516236
195.9320,-15775,-41.298854,-0.516236
195.9410,-15775,-41.298854,-0.516236
195.9510,-15775,-41.298854,-0.516236
195.9610,-15775,-41.298854,-0.516236
195.9710,-15775,-41.298854,-0.516236
195.9810,-15775,-41.298854,-0.516236
195.9910,-15775,-41.298854,-0.516236
196.0010,-15775,-41.298854,-0.516236
196.0110,-15775,-41.298854,-0.516236
196.0210,-15775,-41.298854,-0.516236
196.0310,-15775,-41.298854,-0.516236
196.0410,-15775,-41.298854,-0.516236
196.0510,-15775,-41.298854,-0.516236
196.0610,-15775,-41.298854,-0.516236
196.0710,-15776,-41.301471,-0.516268
196.0810,-15776,-41.301471,-0.516268
196.0910,-15776,-41.301471,-0.516268
196.1010,-15776,-41.301471,-0.516268
196.1110,-15776,-41.301471,-0.516268
196.1210,-15776,-41.301471,-0.516268
196.1310,-15776,-41.301471,-0.516268
196.1410,-15777,-41.304092,-0.516301
196.1510,-15777,-41.304092,-0.516301
196.1610,-15777,-41.304092,-0.516301
196.1710,-15777,-41.304092,-0.516301
196.1810,-15777,-41.304092,-0.516301
196.1910,-15778,-41.306709,-0.516334
196.2010,-15778,-41.306709,-0.516334
196.2110,-15778,-41.306709,-0.516334
196.2210,-15778,-41.306709,-0.516334
196.2310,-15778,-41.306709,-0.516334
196.2410,-15778,-41.306709,-0.516334
196.2510,-15778,-41.306709,-0.516334
196.2610,-15778,-41.306709,-0.516334
196.2710,-15779,-41.309326,-0.516367
196.2810,-15779,-41.309326,-0.516367
196.2910,-15779,-41.309326,-0.516367
196.3010,-15779,-41.309326,-0.516367
196.3110,-15780,-41.311943,-0.516399
196.3210,-15780,-41.311943,-0.516399
196.3310,-15781,-41.314563,-0.516432
196.3410,-15781,-41.314563,-0.516432
196.3510,-15781,-41.314563,-0.516432
196.3610,-15782,-41.317180,-0.516465
196.3710,-15785,-41.325031,-0.516563
196.3810,-15785,-41.325031,-0.516563
196.3910,-15785,-41.325031,-0.516563
196.4010,-15785,-41.325031,-0.516563
196.4110,-15787,-41.330268,-0.516628
196.4210,-15788,-41.332889,-0.516661
196.4310,-15789,-41.335506,-0.516694
196.4410,-15790,-41.338127,-0.516727
196.4510,-15791,-41.340740,-0.516759
196.4610,-15791,-41.340740,-0.516759
196.4710,-15792,-41.343360,-0.516792
196.4810,-15792,-41.343360,-0.516792
196.4910,-15793,-41.345977,-0.516825
196.5010,-15794,-41.348598,-0.516858
196.5110,-15794,-41.348598,-0.516858
196.5210,-15794,-41.348598,-0.516858
196.5310,-15795,-41.351215,-0.516890
196.5410,-15795,-41.351215,-0.516890
196.5510,-15797,-41.356449,-0.516956
196.5610,-15798,-41.359069,-0.516988
196.5720,-15799,-41.361686,-0.517021
196.5810,-15799,-41.361686,-0.517021
196.5910,-15801,-41.366920,-0.517086
196.6010,-15803,-41.372158,-0.517152
196.6110,-15805,-41.377395,-0.517217
196.6210,-15807,-41.382629,-0.517283
196.6310,-15809,-41.387866,-0.517348
196.6410,-15813,-41.398338,-0.517479
196.6510,-15815,-41.403575,-0.517545
196.6610,-15816,-41.406192,-0.517577
196.6710,-15818,-41.411426,-0.517643
196.6810,-15819,-41.414047,-0.517676
196.6910,-15822,-41.421901,-0.517774
196.7010,-15823,-41.424518,-0.517806
196.7110,-15824,-41.427135,-0.517839
196.7210,-15825,-41.429756,-0.517872
196.7310,-15826,-41.432373,-0.517905
196.7410,-15826,-41.432373,-0.517905
196.7510,-15826,-41.432373,-0.517905
196.7610,-15826,-41.432373,-0.517905
196.7710,-15826,-41.432373,-0.517905
196.7810,-15826,-41.432373,-0.517905
196.7910,-15826,-41.432373,-0.517905
196.8010,-15826,-41.432373,-0.517905
196.8110,-15826,-41.432373,-0.517905
196.8210,-15827,-41.434989,-0.517937
196.8310,-15828,-41.437606,-0.517970
196.8410,-15829,-41.440223,-0.518003
196.8510,-15829,-41.440223,-0.518003
196.8610,-15830,-41.442844,-0.518036
196.8710,-15830,-41.442844,-0.518036
196.8810,-15831,-41.445461,-0.518068
196.8910,-15831,-41.445461,-0.518068
196.9010,-15831,-41.445461,-0.518068
196.9110,-15831,-41.445461,-0.518068
196.9210,-15831,-41.445461,-0.518068
196.9310,-15831,-41.445461,-0.518068
196.9410,-15831,-41.445461,-0.518068
196.9510,-15831,-41.445461,-0.518068
196.9610,-15831,-41.445461,-0.518068
196.9710,-15831,-41.445461,-0.518068
196.9810,-15832,-41.448081,-0.518101
196.9910,-15832,-41.448081,-0.518101
197.0010,-15833,-41.450698,-0.518134
197.0110,-15834,-41.453315,-0.518166
197.0210,-15834,-41.453315,-0.518166
197.0310,-15835,-41.455932,-0.518199
197.0410,-15836,-41.458553,-0.518232
197.0510,-15836,-41.458553,-0.518232
197.0610,-15836,-41.458553,-0.518232
197.0710,-15836,-41.458553,-0.518232
197.0810,-15836,-41.458553,-0.518232
197.0910,-15836,-41.458553,-0.518232
197.1010,-15836,-41.458553,-0.518232
197.1110,-15837,-41.461170,-0.518265
197.1210,-15837,-41.461170,-0.518265
197.1310,-15837,-41.461170,-0.518265
197.1410,-15838,-41.463790,-0.518297
197.1510,-15838,-41.463790,-0.518297
197.1610,-15839,-41.466403,-0.518330
197.1710,-15840,-41.469024,-0.518363
197.1810,-15841,-41.471641,-0.518395
197.1910,-15841,-41.471641,-0.518395
197.2010,-15844,-41.479496,-0.518494
197.2120,-15845,-41.482112,-0.518526
197.2210,-15848,-41.489967,-0.518625
197.2310,-15853,-41.503059,-0.518788
197.2410,-15858,-41.516147,-0.518952
197.2510,-15865,-41.534477,-0.519181
197.2610,-15871,-41.550182,-0.519377
197.2710,-15877,-41.565887,-0.519574
197.2810,-15886,-41.589454,-0.519868
197.2910,-15896,-41.615631,-0.520195
197.3010,-15908,-41.647048,-0.520588
197.3110,-15919,-41.675846,-0.520948
197.3210,-15931,-41.707260,-0.521341
197.3310,-15946,-41.746528,-0.521832
197.3410,-15963,-41.791038,-0.522388
197.3510,-15987,-41.853870,-0.523173
197.3610,-16013,-41.921936,-0.524024
197.3710,-16037,-41.984767,-0.524810
197.3810,-16059,-42.042362,-0.525530
197.3910,-16085,-42.110431,-0.526380
197.4010,-16119,-42.199443,-0.527493
197.4110,-16152,-42.285839,-0.528573
197.4210,-16183,-42.366996,-0.529587
197.4310,-16214,-42.448154,-0.530602
197.4410,-16252,-42.547637,-0.531845
197.4510,-16287,-42.639266,-0.532991
197.4610,-16321,-42.728279,-0.534103
197.4710,-16357,-42.822528,-0.535282
197.4810,-16395,-42.922012,-0.536525
197.4910,-16433,-43.021495,-0.537769
197.5010,-16465,-43.105270,-0.538816
197.5110,-16494,-43.181190,-0.539765
197.5210,-16533,-43.283294,-0.541041
197.5310,-16574,-43.390632,-0.542383
197.5410,-16611,-43.487495,-0.543594
197.5510,-16648,-43.584362,-0.544805
197.5610,-16681,-43.670757,-0.545884
197.5710,-16720,-43.772857,-0.547161
197.5810,-16754,-43.861873,-0.548273
197.5910,-16788,-43.950881,-0.549386
197.6010,-16822,-44.039894,-0.550499
197.6110,-16864,-44.149848,-0.551873
197.6210,-16908,-44.265041,-0.553313
197.6310,-16952,-44.380233,-0.554753
197.6410,-16985,-44.466625,-0.555833
197.6510,-17020,-44.558258,-0.556978
197.6610,-17059,-44.660358,-0.558254
197.6710,-17107,-44.786022,-0.559825
197.6810,-17145,-44.885505,-0.561069
197.6910,-17184,-44.987606,-0.562345
197.7010,-17219,-45.079238,-0.563490
197.7110,-17257,-45.178722,-0.564734
197.7210,-17289,-45.262496,-0.565781
197.7310,-17311,-45.320095,-0.566501
197.7410,-17330,-45.369834,-0.567123
197.7510,-17342,-45.401252,-0.567516
197.7610,-17351,-45.424812,-0.567810
197.7710,-17358,-45.443138,-0.568039
197.7810,-17366,-45.464080,-0.568301
197.7910,-17368,-45.469318,-0.568366
197.8010,-17369,-45.471939,-0.568399
197.8110,-17368,-45.469318,-0.568366
197.8210,-17367,-45.466701,-0.568334
197.8310,-17367,-45.466701,-0.568334
197.8410,-17368,-45.469318,-0.568366
197.8520,-17370,-45.474555,-0.568432
197.8610,-17374,-45.485027,-0.568563
197.8710,-17379,-45.498115,-0.568726
197.8810,-17385,-45.513824,-0.568923
197.8910,-17392,-45.532150,-0.569152
197.9010,-17397,-45.545242,-0.569316
197.9110,-17403,-45.560947,-0.569512
197.9210,-17408,-45.574039,-0.569675
197.9310,-17412,-45.584510,-0.569806
197.9410,-17417,-45.597602,-0.569970
197.9510,-17420,-45.605453,-0.570068
197.9610,-17425,-45.618541,-0.570232
197.9710,-17430,-45.631633,-0.570395
197.9810,-17437,-45.649959,-0.570625
197.9910,-17448,-45.678756,-0.570984
198.0010,-17459,-45.707557,-0.571344
198.0110,-17471,-45.738971,-0.571737
198.0210,-17489,-45.786094,-0.572326
198.0310,-17509,-45.838459,-0.572981
198.0410,-17533,-45.901287,-0.573766
198.0510,-17558,-45.966739,-0.574584
198.0610,-17585,-46.037422,-0.575468
198.0710,-17608,-46.097637,-0.576220
198.0810,-17631,-46.157852,-0.576973
198.0910,-17655,-46.220680,-0.577758
198.1010,-17684,-46.296604,-0.578708
198.1110,-17710,-46.364673,-0.579558
198.1210,-17731,-46.419651,-0.580246
198.1310,-17748,-46.464157,-0.580802
198.1410,-17768,-46.516513,-0.581456
198.1510,-17786,-46.563640,-0.582045
198.1610,-17803,-46.608146,-0.582602
198.1710,-17814,-46.636943,-0.582962
198.1810,-17824,-46.663124,-0.583289
198.1910,-17835,-46.691921,-0.583649
198.2010,-17843,-46.712863,-0.583911
198.2110,-17848,-46.725955,-0.584074
198.2210,-17852,-46.736427,-0.584205
198.2310,-17855,-46.744281,-0.584304
198.2410,-17857,-46.749519,-0.584369
198.2510,-17858,-46.752136,-0.584402
198.2610,-17858,-46.752136,-0.584402
198.2710,-17858,-46.752136,-0.584402
198.2810,-17857,-46.749519,-0.584369
198.2910,-17856,-46.746898,-0.584336
198.3010,-17856,-46.746898,-0.584336
198.3110,-17856,-46.746898,-0.584336
198.3210,-17855,-46.744281,-0.584304
198.3310,-17855,-46.744281,-0.584304
198.3410,-17856,-46.746898,-0.584336
198.3510,-17858,-46.752136,-0.584402
198.3610,-17859,-46.754753,-0.584434
198.3710,-17860,-46.757369,-0.584467
198.3810,-17861,-46.759990,-0.584500
198.3910,-17862,-46.762607,-0.584533
198.4010,-17863,-46.765228,-0.584565
198.4110,-17863,-46.765228,-0.584565
198.4210,-17863,-46.765228,-0.584565
198.4310,-17863,-46.765228,-0.584565
198.4410,-17862,-46.762607,-0.584533
198.4510,-17862,-46.762607,-0.584533
198.4610,-17861,-46.759990,-0.584500
198.4710,-17861,-46.759990,-0.584500
198.4810,-17861,-46.759990,-0.584500
198.4920,-17861,-46.759990,-0.584500
198.5010,-17862,-46.762607,-0.584533
198.5110,-17863,-46.765228,-0.584565
198.5210,-17864,-46.767841,-0.584598
198.5310,-17865,-46.770462,-0.584631
198.5410,-17865,-46.770462,-0.584631
198.5510,-17866,-46.773078,-0.584663
198.5610,-17866,-46.773078,-0.584663
198.5710,-17866,-46.773078,-0.584663
198.5810,-17866,-46.773078,-0.584663
198.5910,-17866,-46.773078,-0.584663
198.6010,-17866,-46.773078,-0.584663
198.6110,-17866,-46.773078,-0.584663
198.6210,-17865,-46.770462,-0.584631
198.6310,-17866,-46.773078,-0.584663
198.6410,-17866,-46.773078,-0.584663
198.6510,-17866,-46.773078,-0.584663
198.6610,-17867,-46.775699,-0.584696
198.6710,-17868,-46.778316,-0.584729
198.6810,-17868,-46.778316,-0.584729
198.6910,-17869,-46.780933,-0.584762
198.7010,-17870,-46.783550,-0.584794
198.7110,-17870,-46.783550,-0.584794
198.7210,-17871,-46.786170,-0.584827
198.7310,-17872,-46.788787,-0.584860
198.7410,-17874,-46.794025,-0.584925
198.7510,-17876,-46.799259,-0.584991
198.7610,-17878,-46.804496,-0.585056
198.7710,-17882,-46.814968,-0.585187
198.7810,-17888,-46.830677,-0.585383
198.7910,-17892,-46.841148,-0.585514
198.8010,-17896,-46.851619,-0.585645
198.8110,-17900,-46.862091,-0.585776
198.8210,-17905,-46.875183,-0.585940
198.8310,-17910,-46.888271,-0.586103
198.8410,-17914,-46.898742,-0.586234
198.8510,-17919,-46.911834,-0.586398
198.8610,-17922,-46.919689,-0.586496
198.8710,-17926,-46.930160,-0.586627
198.8810,-17928,-46.935394,-0.586692
198.8910,-17930,-46.940631,-0.586758
198.9010,-17931,-46.943248,-0.586791
198.9110,-17932,-46.945869,-0.586823
198.9210,-17933,-46.948486,-0.586856
198.9310,-17933,-46.948486,-0.586856
198.9410,-17934,-46.951103,-0.586889
198.9510,-17935,-46.953720,-0.586921
198.9610,-17935,-46.953720,-0.586921
198.9710,-17937,-46.958957,-0.586987
198.9810,-17937,-46.958957,-0.586987
198.9910,-17938,-46.961578,-0.587020
199.0010,-17939,-46.964191,-0.587052
199.0110,-17940,-46.966812,-0.587085
199.0210,-17941,-46.969429,-0.587118
199.0310,-17941,-46.969429,-0.587118
199.0410,-17942,-46.972049,-0.587151
199.0510,-17944,-46.977283,-0.587216
199.0610,-17947,-46.985137,-0.587314
199.0710,-17949,-46.990375,-0.587380
199.0810,-17952,-46.998226,-0.587478
199.0910,-17954,-47.003463,-0.587543
199.1010,-17957,-47.011318,-0.587641
199.1110,-17960,-47.019168,-0.587740
199.1210,-17964,-47.029644,-0.587871
199.1320,-17967,-47.037498,-0.587969
199.1410,-17969,-47.042732,-0.588034
199.1510,-17971,-47.047969,-0.588100
199.1610,-17973,-47.053203,-0.588165
199.1710,-17974,-47.055824,-0.588198
199.1810,-17975,-47.058441,-0.588231
199.1910,-17978,-47.066295,-0.588329
199.2010,-17980,-47.071533,-0.588394
199.2110,-17981,-47.074150,-0.588427
199.2210,-17983,-47.079383,-0.588492
199.2310,-17984,-47.082004,-0.588525
199.2410,-17985,-47.084621,-0.588558
199.2510,-17987,-47.089855,-0.588623
199.2610,-17989,-47.095092,-0.588689
199.2710,-17992,-47.102947,-0.588787
199.2810,-17996,-47.113418,-0.588918
199.2910,-17999,-47.121273,-0.589016
199.3010,-18003,-47.131744,-0.589147
199.3110,-18006,-47.139598,-0.589245
199.3210,-18012,-47.155307,-0.589441
199.3310,-18019,-47.173629,-0.589670
199.3410,-18027,-47.194576,-0.589932
199.3510,-18035,-47.215518,-0.590194
199.3610,-18044,-47.239082,-0.590489
199.3710,-18053,-47.262645,-0.590783
199.3810,-18063,-47.288822,-0.591110
199.3910,-18071,-47.309768,-0.591372
199.4010,-18081,-47.335948,-0.591699
199.4110,-18090,-47.359508,-0.591994
199.4210,-18099,-47.383075,-0.592288
199.4310,-18106,-47.401397,-0.592517
199.4410,-18116,-47.427577,-0.592845
199.4510,-18126,-47.453758,-0.593172
199.4610,-18140,-47.490409,-0.593630
199.4710,-18153,-47.524444,-0.594056
199.4810,-18163,-47.550624,-0.594383
199.4910,-18177,-47.587276,-0.594841
199.5010,-18192,-47.626544,-0.595332
199.5110,-18207,-47.665813,-0.595823
199.5210,-18215,-47.686759,-0.596085
199.5310,-18225,-47.712940,-0.596412
199.5410,-18237,-47.744358,-0.596805
199.5510,-18248,-47.773155,-0.597164
199.5610,-18254,-47.788864,-0.597361
199.5710,-18261,-47.807186,-0.597590
199.5810,-18266,-47.820278,-0.597753
199.5910,-18269,-47.828132,-0.597852
199.6010,-18274,-47.841220,-0.598015
199.6110,-18278,-47.851692,-0.598146
199.6210,-18282,-47.862163,-0.598277
199.6310,-18285,-47.870021,-0.598375
199.6410,-18288,-47.877872,-0.598473
199.6510,-18291,-47.885726,-0.598572
199.6610,-18293,-47.890960,-0.598637
199.6710,-18295,-47.896198,-0.598702
199.6810,-18297,-47.901435,-0.598768
199.6910,-18299,-47.906669,-0.598833
199.7010,-18300,-47.909290,-0.598866
199.7110,-18301,-47.911907,-0.598899
199.7210,-18301,-47.911907,-0.598899
199.7310,-18301,-47.911907,-0.598899
199.7410,-18303,-47.917140,-0.598964
199.7510,-18303,-47.917140,-0.598964
199.7610,-18303,-47.917140,-0.598964
199.7720,-18302,-47.914527,-0.598932
199.7810,-18302,-47.914527,-0.598932
199.7910,-18301,-47.911907,-0.598899
199.8010,-18300,-47.909290,-0.598866
199.8110,-18300,-47.909290,-0.598866
199.8210,-18299,-47.906669,-0.598833
199.8310,-18299,-47.906669,-0.598833
199.8410,-18298,-47.904052,-0.598801
199.8510,-18298,-47.904052,-0.598801
199.8610,-18298,-47.904052,-0.598801
199.8710,-18298,-47.904052,-0.598801
199.8810,-18298,-47.904052,-0.598801
199.8910,-18298,-47.904052,-0.598801
199.9010,-18298,-47.904052,-0.598801
199.9110,-18299,-47.906669,-0.598833
199.9210,-18299,-47.906669,-0.598833
199.9310,-18300,-47.909290,-0.598866
199.9410,-18300,-47.909290,-0.598866
199.9510,-18301,-47.911907,-0.598899
199.9610,-18301,-47.911907,-0.598899
199.9710,-18302,-47.914527,-0.598932
199.9810,-18303,-47.917140,-0.598964
199.9910,-18303,-47.917140,-0.598964
200.0010,-18304,-47.919761,-0.598997
200.0110,-18304,-47.919761,-0.598997
200.0210,-18305,-47.922378,-0.599030
200.0310,-18306,-47.924999,-0.599062
200.0410,-18306,-47.924999,-0.599062
200.0510,-18306,-47.924999,-0.599062
200.0610,-18306,-47.924999,-0.599062
200.0710,-18306,-47.924999,-0.599062
200.0810,-18306,-47.924999,-0.599062
200.0910,-18305,-47.922378,-0.599030
200.1010,-18305,-47.922378,-0.599030
200.1110,-18305,-47.922378,-0.599030
200.1210,-18304,-47.919761,-0.598997
200.1310,-18304,-47.919761,-0.598997
200.1410,-18304,-47.919761,-0.598997
200.1510,-18304,-47.919761,-0.598997
200.1610,-18304,-47.919761,-0.598997
200.1710,-18304,-47.919761,-0.598997
200.1810,-18304,-47.919761,-0.598997
200.1910,-18304,-47.919761,-0.598997
200.2010,-18304,-47.919761,-0.598997
200.2110,-18304,-47.919761,-0.598997
200.2210,-18305,-47.922378,-0.599030
200.2310,-18305,-47.922378,-0.599030
200.2410,-18305,-47.922378,-0.599030
200.2510,-18306,-47.924999,-0.599062
200.2610,-18306,-47.924999,-0.599062
200.2710,-18306,-47.924999,-0.599062
200.2810,-18307,-47.927616,-0.599095
200.2910,-18307,-47.927616,-0.599095
200.3010,-18308,-47.930233,-0.599128
200.3110,-18308,-47.930233,-0.599128
200.3210,-18308,-47.930233,-0.599128
200.3310,-18308,-47.930233,-0.599128
200.3410,-18308,-47.930233,-0.599128
200.3510,-18308,-47.930233,-0.599128
200.3610,-18308,-47.930233,-0.599128
200.3710,-18308,-47.930233,-0.599128
200.3810,-18308,-47.930233,-0.599128
200.3910,-18308,-47.930233,-0.599128
200.4010,-18307,-47.927616,-0.599095
200.4120,-18307,-47.927616,-0.599095
200.4210,-18307,-47.927616,-0.599095
200.4310,-18307,-47.927616,-0.599095
200.4410,-18307,-47.927616,-0.599095
200.4510,-18307,-47.927616,-0.599095
200.4610,-18307,-47.927616,-0.599095
200.4710,-18307,-47.927616,-0.599095
200.4810,-18307,-47.927616,-0.599095
200.4910,-18307,-47.927616,-0.599095
200.5010,-18307,-47.927616,-0.599095
200.5110,-18308,-47.930233,-0.599128
200.5210,-18308,-47.930233,-0.599128
200.5310,-18308,-47.930233,-0.599128
200.5410,-18308,-47.930233,-0.599128
200.5510,-18309,-47.932849,-0.599161
200.5610,-18309,-47.932849,-0.599161
200.5710,-18309,-47.932849,-0.599161
200.5810,-18310,-47.935470,-0.599193
200.5910,-18310,-47.935470,-0.599193
200.6010,-18310,-47.935470,-0.599193
200.6110,-18310,-47.935470,-0.599193
200.6210,-18310,-47.935470,-0.599193
200.6310,-18310,-47.935470,-0.599193
200.6410,-18310,-47.935470,-0.599193
200.6510,-18310,-47.935470,-0.599193
200.6610,-18309,-47.932849,-0.599161
200.6710,-18309,-47.932849,-0.599161
200.6810,-18309,-47.932849,-0.599161
200.6910,-18309,-47.932849,-0.599161
200.7010,-18309,-47.932849,-0.599161
200.7110,-18309,-47.932849,-0.599161
200.7210,-18309,-47.932849,-0.599161
200.7310,-18309,-47.932849,-0.599161
200.7410,-18309,-47.932849,-0.599161
200.7510,-18309,-47.932849,-0.599161
200.7610,-18310,-47.935470,-0.599193
200.7710,-18310,-47.935470,-0.599193
200.7810,-18310,-47.935470,-0.599193
200.7910,-18310,-47.935470,-0.599193
200.8010,-18310,-47.935470,-0.599193
200.8110,-18311,-47.938087,-0.599226
200.8210,-18311,-47.938087,-0.599226
200.8310,-18311,-47.938087,-0.599226
200.8410,-18311,-47.938087,-0.599226
200.8510,-18312,-47.940704,-0.599259
200.8610,-18312,-47.940704,-0.599259
200.8710,-18312,-47.940704,-0.599259
200.8810,-18312,-47.940704,-0.599259
200.8910,-18312,-47.940704,-0.599259
200.9010,-18312,-47.940704,-0.599259
200.9110,-18312,-47.940704,-0.599259
200.9210,-18312,-47.940704,-0.599259
200.9310,-18312,-47.940704,-0.599259
200.9410,-18312,-47.940704,-0.599259
200.9510,-18312,-47.940704,-0.599259
200.9610,-18312,-47.940704,-0.599259
200.9710,-18312,-47.940704,-0.599259
200.9810,-18312,-47.940704,-0.599259
200.9910,-18313,-47.943325,-0.599292
201.0010,-18313,-47.943325,-0.599292
201.0110,-18313,-47.943325,-0.599292
201.0210,-18313,-47.943325,-0.599292
201.0310,-18313,-47.943325,-0.599292
201.0410,-18314,-47.945941,-0.599324
201.0520,-18314,-47.945941,-0.599324
201.0610,-18314,-47.945941,-0.599324
201.0710,-18314,-47.945941,-0.599324
201.0810,-18314,-47.945941,-0.599324
201.0910,-18314,-47.945941,-0.599324
201.1010,-18314,-47.945941,-0.599324
201.1110,-18314,-47.945941,-0.599324
201.1210,-18314,-47.945941,-0.599324
201.1310,-18315,-47.948558,-0.599357
201.1410,-18315,-47.948558,-0.599357
201.1510,-18315,-47.948558,-0.599357
201.1610,-18315,-47.948558,-0.599357
201.1710,-18315,-47.948558,-0.599357
201.1810,-18315,-47.948558,-0.599357
201.1910,-18315,-47.948558,-0.599357
201.2010,-18315,-47.948558,-0.599357
201.2110,-18315,-47.948558,-0.599357
201.2210,-18315,-47.948558,-0.599357
201.2310,-18315,-47.948558,-0.599357
201.2410,-18315,-47.948558,-0.599357
201.2510,-18315,-47.948558,-0.599357
201.2610,-18315,-47.948558,-0.599357
201.2710,-18316,-47.951175,-0.599390
201.2810,-18316,-47.951175,-0.599390
201.2910,-18316,-47.951175,-0.599390
201.3010,-18316,-47.951175,-0.599390
201.3110,-18316,-47.951175,-0.599390
201.3210,-18316,-47.951175,-0.599390
201.3310,-18316,-47.951175,-0.599390
201.3410,-18316,-47.951175,-0.599390
201.3510,-18316,-47.951175,-0.599390
201.3610,-18316,-47.951175,-0.599390
201.3710,-18316,-47.951175,-0.599390
201.3810,-18316,-47.951175,-0.599390
201.3910,-18316,-47.951175,-0.599390
201.4010,-18316,-47.951175,-0.599390
201.4110,-18317,-47.953796,-0.599422
201.4210,-18317,-47.953796,-0.599422
201.4310,-18317,-47.953796,-0.599422
201.4410,-18317,-47.953796,-0.599422
201.4510,-18317,-47.953796,-0.599422
201.4610,-18317,-47.953796,-0.599422
201.4710,-18317,-47.953796,-0.599422
201.4810,-18317,-47.953796,-0.599422
201.4910,-18317,-47.953796,-0.599422
201.5010,-18317,-47.953796,-0.599422
201.5110,-18317,-47.953796,-0.599422
201.5210,-18317,-47.953796,-0.599422
201.5310,-18317,-47.953796,-0.599422
201.5410,-18317,-47.953796,-0.599422
201.5510,-18317,-47.953796,-0.599422
201.5610,-18317,-47.953796,-0.599422
201.5710,-18317,-47.953796,-0.599422
201.5810,-18317,-47.953796,-0.599422
201.5910,-18318,-47.956413,-0.599455
201.6010,-18318,-47.956413,-0.599455
201.6110,-18318,-47.956413,-0.599455
201.6210,-18318,-47.956413,-0.599455
201.6310,-18318,-47.956413,-0.599455
201.6410,-18318,-47.956413,-0.599455
201.6510,-18318,-47.956413,-0.599455
201.6610,-18318,-47.956413,-0.599455
201.6710,-18318,-47.956413,-0.599455
201.6810,-18318,-47.956413,-0.599455
201.6920,-18318,-47.956413,-0.599455
201.7010,-18318,-47.956413,-0.599455
201.7110,-18318,-47.956413,-0.599455
201.7210,-18318,-47.956413,-0.599455
201.7310,-18318,-47.956413,-0.599455
201.7410,-18318,-47.956413,-0.599455
201.7510,-18318,-47.956413,-0.599455
201.7610,-18318,-47.956413,-0.599455
201.7710,-18318,-47.956413,-0.599455
201.7810,-18318,-47.956413,-0.599455
201.7910,-18318,-47.956413,-0.599455
201.8010,-18318,-47.956413,-0.599455
201.8110,-18318,-47.956413,-0.599455
201.8210,-18319,-47.959030,-0.599488
201.8310,-18319,-47.959030,-0.599488
201.8410,-18319,-47.959030,-0.599488
201.8510,-18319,-47.959030,-0.599488
201.8610,-18319,-47.959030,-0.599488
201.8710,-18319,-47.959030,-0.599488
201.8810,-18319,-47.959030,-0.599488
201.8910,-18319,-47.959030,-0.599488
201.9010,-18319,-47.959030,-0.599488
201.9110,-18319,-47.959030,-0.599488
201.9210,-18319,-47.959030,-0.599488
201.9310,-18319,-47.959030,-0.599488
201.9410,-18319,-47.959030,-0.599488
201.9510,-18319,-47.959030,-0.599488
201.9610,-18319,-47.959030,-0.599488
201.9710,-18319,-47.959030,-0.599488
201.9810,-18319,-47.959030,-0.599488
201.9910,-18319,-47.959030,-0.599488
202.0010,-18319,-47.959030,-0.599488
202.0110,-18319,-47.959030,-0.599488
202.0210,-18319,-47.959030,-0.599488
202.0310,-18319,-47.959030,-0.599488
202.0410,-18319,-47.959030,-0.599488
202.0510,-18319,-47.959030,-0.599488
202.0610,-18320,-47.961647,-0.599521
202.0710,-18320,-47.961647,-0.599521
202.0810,-18320,-47.961647,-0.599521
202.0910,-18320,-47.961647,-0.599521
202.1010,-18320,-47.961647,-0.599521
202.1110,-18320,-47.961647,-0.599521
202.1210,-18320,-47.961647,-0.599521
202.1310,-18320,-47.961647,-0.599521
202.1410,-18320,-47.961647,-0.599521
202.1510,-18320,-47.961647,-0.599521
202.1610,-18320,-47.961647,-0.599521
202.1710,-18320,-47.961647,-0.599521
202.1810,-18320,-47.961647,-0.599521
202.1910,-18320,-47.961647,-0.599521
202.2010,-18320,-47.961647,-0.599521
202.2110,-18320,-47.961647,-0.599521
202.2210,-18320,-47.961647,-0.599521
202.2310,-18320,-47.961647,-0.599521
202.2410,-18321,-47.964267,-0.599553
202.2510,-18321,-47.964267,-0.599553
202.2610,-18321,-47.964267,-0.599553
202.2710,-18321,-47.964267,-0.599553
202.2810,-18321,-47.964267,-0.599553
202.2910,-18321,-47.964267,-0.599553
202.3010,-18321,-47.964267,-0.599553
202.3110,-18321,-47.964267,-0.599553
202.3210,-18321,-47.964267,-0.599553
202.3320,-18321,-47.964267,-0.599553
202.3410,-18321,-47.964267,-0.599553
202.3510,-18321,-47.964267,-0.599553
202.3610,-18321,-47.964267,-0.599553
202.3710,-18321,-47.964267,-0.599553
202.3810,-18321,-47.964267,-0.599553
202.3910,-18321,-47.964267,-0.599553
202.4010,-18321,-47.964267,-0.599553
202.4110,-18321,-47.964267,-0.599553
202.4210,-18321,-47.964267,-0.599553
202.4310,-18321,-47.964267,-0.599553
202.4410,-18321,-47.964267,-0.599553
202.4510,-18321,-47.964267,-0.599553
202.4610,-18321,-47.964267,-0.599553
202.4710,-18321,-47.964267,-0.599553
202.4810,-18321,-47.964267,-0.599553
202.4910,-18321,-47.964267,-0.599553
202.5010,-18321,-47.964267,-0.599553
202.5110,-18321,-47.964267,-0.599553
202.5210,-18322,-47.966884,-0.599586
202.5310,-18322,-47.966884,-0.599586
202.5410,-18322,-47.966884,-0.599586
202.5510,-18322,-47.966884,-0.599586
202.5610,-18322,-47.966884,-0.599586
202.5710,-18322,-47.966884,-0.599586
202.5810,-18322,-47.966884,-0.599586
202.5910,-18322,-47.966884,-0.599586
202.6010,-18322,-47.966884,-0.599586
202.6110,-18322,-47.966884,-0.599586
202.6210,-18322,-47.966884,-0.599586
202.6310,-18322,-47.966884,-0.599586
202.6410,-18322,-47.966884,-0.599586
202.6510,-18322,-47.966884,-0.599586
202.6610,-18322,-47.966884,-0.599586
202.6710,-18322,-47.966884,-0.599586
202.6810,-18322,-47.966884,-0.599586
202.6910,-18322,-47.966884,-0.599586
202.7010,-18322,-47.966884,-0.599586
202.7110,-18322,-47.966884,-0.599586
202.7210,-18322,-47.966884,-0.599586
202.7310,-18322,-47.966884,-0.599586
202.7410,-18322,-47.966884,-0.599586
202.7510,-18322,-47.966884,-0.599586
202.7610,-18322,-47.966884,-0.599586
202.7710,-18322,-47.966884,-0.599586
202.7810,-18322,-47.966884,-0.599586
202.7910,-18322,-47.966884,-0.599586
202.8010,-18322,-47.966884,-0.599586
202.8110,-18322,-47.966884,-0.599586
202.8210,-18322,-47.966884,-0.599586
202.8310,-18322,-47.966884,-0.599586
202.8410,-18322,-47.966884,-0.599586
202.8510,-18322,-47.966884,-0.599586
202.8610,-18322,-47.966884,-0.599586
202.8710,-18322,-47.966884,-0.599586
202.8810,-18322,-47.966884,-0.599586
202.8910,-18322,-47.966884,-0.599586
202.9010,-18322,-47.966884,-0.599586
202.9110,-18322,-47.966884,-0.599586
202.9210,-18322,-47.966884,-0.599586
202.9310,-18323,-47.969505,-0.599619
202.9410,-18323,-47.969505,-0.599619
202.9510,-18323,-47.969505,-0.599619
202.9610,-18323,-47.969505,-0.599619
202.9720,-18323,-47.969505,-0.599619
202.9810,-18323,-47.969505,-0.599619
202.9910,-18323,-47.969505,-0.599619
203.0010,-18323,-47.969505,-0.599619
203.0110,-18323,-47.969505,-0.599619
203.0210,-18323,-47.969505,-0.599619
203.0310,-18323,-47.969505,-0.599619
203.0410,-18323,-47.969505,-0.599619
203.0510,-18323,-47.969505,-0.599619
203.0610,-18323,-47.969505,-0.599619
203.0710,-18323,-47.969505,-0.599619
203.0810,-18323,-47.969505,-0.599619
203.0910,-18323,-47.969505,-0.599619
203.1010,-18323,-47.969505,-0.599619
203.1110,-18323,-47.969505,-0.599619
203.1210,-18323,-47.969505,-0.599619
203.1310,-18323,-47.969505,-0.599619
203.1410,-18323,-47.969505,-0.599619
203.1510,-18323,-47.969505,-0.599619
203.1610,-18323,-47.969505,-0.599619
203.1710,-18323,-47.969505,-0.599619
203.1810,-18323,-47.969505,-0.599619
203.1910,-18323,-47.969505,-0.599619
203.2010,-18323,-47.969505,-0.599619
203.2110,-18323,-47.969505,-0.599619
203.2210,-18323,-47.969505,-0.599619
203.2310,-18323,-47.969505,-0.599619
203.2410,-18323,-47.969505,-0.599619
203.2510,-18323,-47.969505,-0.599619
203.2610,-18323,-47.969505,-0.599619
203.2710,-18323,-47.969505,-0.599619
203.2810,-18323,-47.969505,-0.599619
203.2910,-18323,-47.969505,-0.599619
203.3010,-18323,-47.969505,-0.599619
203.3110,-18323,-47.969505,-0.599619
203.3210,-18323,-47.969505,-0.599619
203.3310,-18323,-47.969505,-0.599619
203.3410,-18323,-47.969505,-0.599619
203.3510,-18324,-47.972122,-0.599652
203.3610,-18324,-47.972122,-0.599652
203.3710,-18324,-47.972122,-0.599652
203.3810,-18324,-47.972122,-0.599652
203.3910,-18324,-47.972122,-0.599652
203.4010,-18324,-47.972122,-0.599652
203.4110,-18324,-47.972122,-0.599652
203.4210,-18324,-47.972122,-0.599652
203.4310,-18324,-47.972122,-0.599652
203.4410,-18324,-47.972122,-0.599652
203.4510,-18324,-47.972122,-0.599652
203.4610,-18324,-47.972122,-0.599652
203.4710,-18324,-47.972122,-0.599652
203.4810,-18324,-47.972122,-0.599652
203.4910,-18324,-47.972122,-0.599652
203.5010,-18324,-47.972122,-0.599652
203.5110,-18324,-47.972122,-0.599652
203.5210,-18324,-47.972122,-0.599652
203.5310,-18324,-47.972122,-0.599652
203.5410,-18324,-47.972122,-0.599652
203.5510,-18324,-47.972122,-0.599652
203.5610,-18324,-47.972122,-0.599652
203.5710,-18324,-47.972122,-0.599652
203.5810,-18324,-47.972122,-0.599652
203.5910,-18324,-47.972122,-0.599652
203.6010,-18324,-47.972122,-0.599652
203.6120,-18324,-47.972122,-0.599652
203.6210,-18324,-47.972122,-0.599652
203.6310,-18325,-47.974739,-0.599684
203.6410,-18325,-47.974739,-0.599684
203.6510,-18325,-47.974739,-0.599684
203.6610,-18325,-47.974739,-0.599684
203.6710,-18325,-47.974739,-0.599684
203.6810,-18325,-47.974739,-0.599684
203.6910,-18325,-47.974739,-0.599684
203.7010,-18325,-47.974739,-0.599684
203.7110,-18325,-47.974739,-0.599684
203.7210,-18325,-47.974739,-0.599684
203.7310,-18325,-47.974739,-0.599684
203.7410,-18325,-47.974739,-0.599684
203.7510,-18325,-47.974739,-0.599684
203.7610,-18325,-47.974739,-0.599684
203.7710,-18325,-47.974739,-0.599684
203.7810,-18325,-47.974739,-0.599684
203.7910,-18325,-47.974739,-0.599684
203.8010,-18325,-47.974739,-0.599684
203.8110,-18325,-47.974739,-0.599684
203.8210,-18325,-47.974739,-0.599684
203.8310,-18325,-47.974739,-0.599684
203.8410,-18325,-47.974739,-0.599684
203.8510,-18325,-47.974739,-0.599684
203.8610,-18325,-47.974739,-0.599684
203.8710,-18325,-47.974739,-0.599684
203.8810,-18325,-47.974739,-0.599684
203.8910,-18325,-47.974739,-0.599684
203.9010,-18325,-47.974739,-0.599684
203.9110,-18325,-47.974739,-0.599684
203.9210,-18325,-47.974739,-0.599684
203.9310,-18325,-47.974739,-0.599684
203.9410,-18325,-47.974739,-0.599684
203.9510,-18325,-47.974739,-0.599684
203.9610,-18325,-47.974739,-0.599684
203.9710,-18325,-47.974739,-0.599684
203.9810,-18325,-47.974739,-0.599684
203.9910,-18325,-47.974739,-0.599684
204.0010,-18325,-47.974739,-0.599684
204.0110,-18325,-47.974739,-0.599684
204.0210,-18325,-47.974739,-0.599684
204.0310,-18325,-47.974739,-0.599684
204.0410,-18326,-47.977355,-0.599717
204.0510,-18326,-47.977355,-0.599717
204.0610,-18326,-47.977355,-0.599717
204.0710,-18326,-47.977355,-0.599717
204.0810,-18326,-47.977355,-0.599717
204.0910,-18326,-47.977355,-0.599717
204.1010,-18326,-47.977355,-0.599717
204.1110,-18326,-47.977355,-0.599717
204.1210,-18326,-47.977355,-0.599717
204.1310,-18326,-47.977355,-0.599717
204.1410,-18326,-47.977355,-0.599717
204.1510,-18326,-47.977355,-0.599717
204.1610,-18326,-47.977355,-0.599717
204.1710,-18326,-47.977355,-0.599717
204.1810,-18326,-47.977355,-0.599717
204.1910,-18326,-47.977355,-0.599717
204.2010,-18326,-47.977355,-0.599717
204.2110,-18326,-47.977355,-0.599717
204.2210,-18326,-47.977355,-0.599717
204.2310,-18326,-47.977355,-0.599717
204.2410,-18326,-47.977355,-0.599717
204.2520,-18326,-47.977355,-0.599717
204.2610,-18326,-47.977355,-0.599717
204.2710,-18326,-47.977355,-0.599717
204.2810,-18326,-47.977355,-0.599717
204.2910,-18326,-47.977355,-0.599717
204.3010,-18326,-47.977355,-0.599717
204.3110,-18326,-47.977355,-0.599717
204.3210,-18327,-47.979976,-0.599750
204.3310,-18327,-47.979976,-0.599750
204.3410,-18327,-47.979976,-0.599750
204.3510,-18327,-47.979976,-0.599750
204.3610,-18327,-47.979976,-0.599750
204.3710,-18327,-47.979976,-0.599750
204.3810,-18327,-47.979976,-0.599750
204.3910,-18327,-47.979976,-0.599750
204.4010,-18327,-47.979976,-0.599750
204.4110,-18327,-47.979976,-0.599750
204.4210,-18327,-47.979976,-0.599750
204.4310,-18327,-47.979976,-0.599750
204.4410,-18327,-47.979976,-0.599750
204.4510,-18327,-47.979976,-0.599750
204.4610,-18327,-47.979976,-0.599750
204.4710,-18327,-47.979976,-0.599750
204.4810,-18327,-47.979976,-0.599750
204.4910,-18327,-47.979976,-0.599750
204.5010,-18327,-47.979976,-0.599750
204.5110,-18327,-47.979976,-0.599750
204.5210,-18327,-47.979976,-0.599750
204.5310,-18327,-47.979976,-0.599750
204.5410,-18327,-47.979976,-0.599750
204.5510,-18327,-47.979976,-0.599750
204.5610,-18327,-47.979976,-0.599750
204.5710,-18327,-47.979976,-0.599750
204.5810,-18327,-47.979976,-0.599750
204.5910,-18327,-47.979976,-0.599750
204.6010,-18328,-47.982593,-0.599782
204.6110,-18328,-47.982593,-0.599782
204.6210,-18328,-47.982593,-0.599782
204.6310,-18328,-47.982593,-0.599782
204.6410,-18328,-47.982593,-0.599782
204.6510,-18328,-47.982593,-0.599782
204.6610,-18328,-47.982593,-0.599782
204.6710,-18328,-47.982593,-0.599782
204.6810,-18328,-47.982593,-0.599782
204.6910,-18328,-47.982593,-0.599782
204.7010,-18328,-47.982593,-0.599782
204.7110,-18328,-47.982593,-0.599782
204.7210,-18328,-47.982593,-0.599782
204.7310,-18328,-47.982593,-0.599782
204.7410,-18328,-47.982593,-0.599782
204.7510,-18328,-47.982593,-0.599782
204.7610,-18328,-47.982593,-0.599782
204.7710,-18328,-47.982593,-0.599782
204.7810,-18328,-47.982593,-0.599782
204.7910,-18328,-47.982593,-0.599782
204.8010,-18328,-47.982593,-0.599782
204.8110,-18328,-47.982593,-0.599782
204.8210,-18328,-47.982593,-0.599782
204.8310,-18328,-47.982593,-0.599782
204.8410,-18328,-47.982593,-0.599782
204.8510,-18328,-47.982593,-0.599782
204.8610,-18328,-47.982593,-0.599782
204.8710,-18328,-47.982593,-0.599782
204.8810,-18328,-47.982593,-0.599782
204.8920,-18328,-47.982593,-0.599782
204.9010,-18328,-47.982593,-0.599782
204.9110,-18328,-47.982593,-0.599782
204.9210,-18328,-47.982593,-0.599782
204.9310,-18328,-47.982593,-0.599782
204.9410,-18328,-47.982593,-0.599782
204.9510,-18328,-47.982593,-0.599782
204.9610,-18328,-47.982593,-0.599782
204.9710,-18328,-47.982593,-0.599782
204.9810,-18328,-47.982593,-0.599782
204.9910,-18328,-47.982593,-0.599782
205.0010,-18328,-47.982593,-0.599782
205.0110,-18329,-47.985214,-0.599815
205.0210,-18329,-47.985214,-0.599815
205.0310,-18329,-47.985214,-0.599815
205.0410,-18329,-47.985214,-0.599815
205.0510,-18329,-47.985214,-0.599815
205.0610,-18329,-47.985214,-0.599815
205.0710,-18329,-47.985214,-0.599815
205.0810,-18329,-47.985214,-0.599815
205.0910,-18329,-47.985214,-0.599815
205.1010,-18329,-47.985214,-0.599815
205.1110,-18329,-47.985214,-0.599815
205.1210,-18329,-47.985214,-0.599815
205.1310,-18329,-47.985214,-0.599815
205.1410,-18329,-47.985214,-0.599815
205.1510,-18329,-47.985214,-0.599815
205.1610,-18329,-47.985214,-0.599815
205.1710,-18329,-47.985214,-0.599815
205.1810,-18329,-47.985214,-0.599815
205.1910,-18329,-47.985214,-0.599815
205.2010,-18329,-47.985214,-0.599815
205.2110,-18329,-47.985214,-0.599815
205.2210,-18329,-47.985214,-0.599815
205.2310,-18329,-47.985214,-0.599815
205.2410,-18329,-47.985214,-0.599815
205.2510,-18329,-47.985214,-0.599815
205.2610,-18329,-47.985214,-0.599815
205.2710,-18329,-47.985214,-0.599815
205.2810,-18329,-47.985214,-0.599815
205.2910,-18330,-47.987827,-0.599848
205.3010,-18330,-47.987827,-0.599848
205.3110,-18330,-47.987827,-0.599848
205.3210,-18330,-47.987827,-0.599848
205.3310,-18330,-47.987827,-0.599848
205.3410,-18330,-47.987827,-0.599848
205.3510,-18330,-47.987827,-0.599848
205.3610,-18330,-47.987827,-0.599848
205.3710,-18330,-47.987827,-0.599848
205.3810,-18330,-47.987827,-0.599848
205.3910,-18330,-47.987827,-0.599848
205.4010,-18330,-47.987827,-0.599848
205.4110,-18330,-47.987827,-0.599848
205.4210,-18330,-47.987827,-0.599848
205.4310,-18330,-47.987827,-0.599848
205.4410,-18330,-47.987827,-0.599848
205.4510,-18330,-47.987827,-0.599848
205.4610,-18330,-47.987827,-0.599848
205.4710,-18330,-47.987827,-0.599848
205.4810,-18330,-47.987827,-0.599848
205.4910,-18330,-47.987827,-0.599848
205.5010,-18330,-47.987827,-0.599848
205.5110,-18330,-47.987827,-0.599848
205.5210,-18330,-47.987827,-0.599848
205.5320,-18330,-47.987827,-0.599848
205.5410,-18330,-47.987827,-0.599848
205.5510,-18330,-47.987827,-0.599848
205.5610,-18330,-47.987827,-0.599848
205.5710,-18331,-47.990447,-0.599881
205.5810,-18331,-47.990447,-0.599881
205.5910,-18331,-47.990447,-0.599881
205.6010,-18331,-47.990447,-0.599881
205.6110,-18331,-47.990447,-0.599881
205.6210,-18331,-47.990447,-0.599881
205.6310,-18331,-47.990447,-0.599881
205.6410,-18331,-47.990447,-0.599881
205.6510,-18331,-47.990447,-0.599881
205.6610,-18331,-47.990447,-0.599881
205.6710,-18331,-47.990447,-0.599881
205.6810,-18331,-47.990447,-0.599881
205.6910,-18331,-47.990447,-0.599881
205.7010,-18331,-47.990447,-0.599881
205.7110,-18331,-47.990447,-0.599881
205.7210,-18331,-47.990447,-0.599881
205.7310,-18331,-47.990447,-0.599881
205.7410,-18331,-47.990447,-0.599881
205.7510,-18331,-47.990447,-0.599881
205.7610,-18331,-47.990447,-0.599881
205.7710,-18331,-47.990447,-0.599881
205.7810,-18331,-47.990447,-0.599881
205.7910,-18331,-47.990447,-0.599881
205.8010,-18331,-47.990447,-0.599881
205.8110,-18331,-47.990447,-0.599881
205.8210,-18331,-47.990447,-0.599881
205.8310,-18331,-47.990447,-0.599881
205.8410,-18331,-47.990447,-0.599881
205.8510,-18332,-47.993064,-0.599913
205.8610,-18332,-47.993064,-0.599913
205.8710,-18332,-47.993064,-0.599913
205.8810,-18332,-47.993064,-0.599913
205.8910,-18332,-47.993064,-0.599913
205.9010,-18332,-47.993064,-0.599913
205.9110,-18332,-47.993064,-0.599913
205.9210,-18332,-47.993064,-0.599913
205.9310,-18332,-47.993064,-0.599913
205.9410,-18332,-47.993064,-0.599913
205.9510,-18332,-47.993064,-0.599913
205.9610,-18332,-47.993064,-0.599913
205.9710,-18332,-47.993064,-0.599913
205.9810,-18333,-47.995681,-0.599946
205.9910,-18333,-47.995681,-0.599946
206.0010,-18333,-47.995681,-0.599946
206.0110,-18334,-47.998302,-0.599979
206.0210,-18334,-47.998302,-0.599979
206.0310,-18334,-47.998302,-0.599979
206.0410,-18334,-47.998302,-0.599979
206.0510,-18334,-47.998302,-0.599979
206.0610,-18334,-47.998302,-0.599979
206.0710,-18334,-47.998302,-0.599979
206.0810,-18335,-48.000919,-0.600012
206.0910,-18335,-48.000919,-0.600012
206.1010,-18335,-48.000919,-0.600012
206.1110,-18335,-48.000919,-0.600012
206.1210,-18336,-48.003536,-0.600044
206.1310,-18336,-48.003536,-0.600044
206.1410,-18337,-48.006153,-0.600077
206.1510,-18337,-48.006153,-0.600077
206.1610,-18337,-48.006153,-0.600077
206.1720,-18337,-48.006153,-0.600077
206.1810,-18337,-48.006153,-0.600077
206.1910,-18337,-48.006153,-0.600077
206.2010,-18337,-48.006153,-0.600077
206.2110,-18337,-48.006153,-0.600077
206.2210,-18337,-48.006153,-0.600077
206.2310,-18337,-48.006153,-0.600077
206.2410,-18337,-48.006153,-0.600077
206.2510,-18337,-48.006153,-0.600077
206.2610,-18339,-48.011390,-0.600142
206.2710,-18339,-48.011390,-0.600142
206.2810,-18339,-48.011390,-0.600142
206.2910,-18339,-48.011390,-0.600142
206.3010,-18339,-48.011390,-0.600142
206.3110,-18339,-48.011390,-0.600142
206.3210,-18339,-48.011390,-0.600142
206.3310,-18339,-48.011390,-0.600142
206.3410,-18339,-48.011390,-0.600142
206.3510,-18339,-48.011390,-0.600142
206.3610,-18340,-48.014011,-0.600175
206.3710,-18340,-48.014011,-0.600175
206.3810,-18340,-48.014011,-0.600175
206.3910,-18340,-48.014011,-0.600175
206.4010,-18341,-48.016624,-0.600208
206.4110,-18341,-48.016624,-0.600208
206.4210,-18341,-48.016624,-0.600208
206.4310,-18341,-48.016624,-0.600208
206.4410,-18341,-48.016624,-0.600208
206.4510,-18341,-48.016624,-0.600208
206.4610,-18341,-48.016624,-0.600208
206.4710,-18341,-48.016624,-0.600208
206.4810,-18341,-48.016624,-0.600208
206.4910,-18341,-48.016624,-0.600208
206.5010,-18341,-48.016624,-0.600208
206.5110,-18341,-48.016624,-0.600208
206.5210,-18341,-48.016624,-0.600208
206.5310,-18341,-48.016624,-0.600208
206.5410,-18343,-48.021862,-0.600273
206.5510,-18343,-48.021862,-0.600273
206.5610,-18344,-48.024482,-0.600306
206.5710,-18345,-48.027099,-0.600339
206.5810,-18346,-48.029716,-0.600371
206.5910,-18347,-48.032333,-0.600404
206.6010,-18347,-48.032333,-0.600404
206.6110,-18348,-48.034954,-0.600437
206.6210,-18349,-48.037570,-0.600470
206.6310,-18350,-48.040191,-0.600502
206.6410,-18351,-48.042804,-0.600535
206.6510,-18352,-48.045425,-0.600568
206.6610,-18353,-48.048042,-0.600601
206.6710,-18354,-48.050662,-0.600633
206.6810,-18356,-48.055896,-0.600699
206.6910,-18358,-48.061130,-0.600764
206.7010,-18359,-48.063751,-0.600797
206.7110,-18360,-48.066368,-0.600830
206.7210,-18361,-48.068988,-0.600862
206.7310,-18361,-48.068988,-0.600862
206.7410,-18361,-48.068988,-0.600862
206.7510,-18362,-48.071601,-0.600895
206.7610,-18362,-48.071601,-0.600895
206.7710,-18362,-48.071601,-0.600895
206.7810,-18362,-48.071601,-0.600895
206.7910,-18362,-48.071601,-0.600895
206.8010,-18362,-48.071601,-0.600895
206.8120,-18363,-48.074222,-0.600928
206.8210,-18364,-48.076839,-0.600960
206.8310,-18365,-48.079460,-0.600993
206.8410,-18365,-48.079460,-0.600993
206.8510,-18365,-48.079460,-0.600993
206.8610,-18365,-48.079460,-0.600993
206.8710,-18365,-48.079460,-0.600993
206.8810,-18365,-48.079460,-0.600993
206.8910,-18365,-48.079460,-0.600993
206.9010,-18365,-48.079460,-0.600993
206.9110,-18365,-48.079460,-0.600993
206.9210,-18365,-48.079460,-0.600993
206.9310,-18365,-48.079460,-0.600993
206.9410,-18365,-48.079460,-0.600993
206.9510,-18366,-48.082077,-0.601026
206.9610,-18367,-48.084693,-0.601059
206.9710,-18368,-48.087310,-0.601091
206.9810,-18368,-48.087310,-0.601091
206.9910,-18368,-48.087310,-0.601091
207.0010,-18369,-48.089931,-0.601124
207.0110,-18369,-48.089931,-0.601124
207.0210,-18369,-48.089931,-0.601124
207.0310,-18369,-48.089931,-0.601124
207.0410,-18369,-48.089931,-0.601124
207.0510,-18369,-48.089931,-0.601124
207.0610,-18369,-48.089931,-0.601124
207.0710,-18369,-48.089931,-0.601124
207.0810,-18369,-48.089931,-0.601124
207.0910,-18369,-48.089931,-0.601124
207.1010,-18370,-48.092548,-0.601157
207.1110,-18371,-48.095169,-0.601190
207.1210,-18371,-48.095169,-0.601190
207.1310,-18372,-48.097785,-0.601222
207.1410,-18372,-48.097785,-0.601222
207.1510,-18372,-48.097785,-0.601222
207.1610,-18373,-48.100402,-0.601255
207.1710,-18373,-48.100402,-0.601255
207.1810,-18373,-48.100402,-0.601255
207.1910,-18374,-48.103019,-0.601288
207.2010,-18374,-48.103019,-0.601288
207.2110,-18375,-48.105640,-0.601320
207.2210,-18375,-48.105640,-0.601320
207.2310,-18377,-48.110874,-0.601386
207.2410,-18378,-48.113491,-0.601419
207.2510,-18379,-48.116111,-0.601451
207.2610,-18380,-48.118728,-0.601484
207.2710,-18381,-48.121345,-0.601517
207.2810,-18381,-48.121345,-0.601517
207.2910,-18382,-48.123966,-0.601550
207.3010,-18382,-48.123966,-0.601550
207.3110,-18382,-48.123966,-0.601550
207.3210,-18382,-48.123966,-0.601550
207.3310,-18383,-48.126583,-0.601582
207.3410,-18383,-48.126583,-0.601582
207.3510,-18383,-48.126583,-0.601582
207.3610,-18383,-48.126583,-0.601582
207.3710,-18385,-48.131816,-0.601648
207.3810,-18385,-48.131816,-0.601648
207.3910,-18386,-48.134437,-0.601680
207.4010,-18386,-48.134437,-0.601680
207.4110,-18387,-48.137054,-0.601713
207.4210,-18388,-48.139675,-0.601746
207.4310,-18388,-48.139675,-0.601746
207.4410,-18389,-48.142288,-0.601779
207.4520,-18390,-48.144908,-0.601811
207.4610,-18390,-48.144908,-0.601811
207.4710,-18391,-48.147525,-0.601844
207.4810,-18392,-48.150146,-0.601877
207.4910,-18394,-48.155380,-0.601942
207.5010,-18394,-48.155380,-0.601942
207.5110,-18397,-48.163234,-0.602040
207.5210,-18399,-48.168472,-0.602106
207.5310,-18401,-48.173706,-0.602171
207.5410,-18402,-48.176322,-0.602204
207.5510,-18405,-48.184177,-0.602302
207.5610,-18408,-48.192031,-0.602400
207.5710,-18410,-48.197265,-0.602466
207.5810,-18410,-48.197265,-0.602466
207.5910,-18411,-48.199886,-0.602499
207.6010,-18412,-48.202503,-0.602531
207.6110,-18413,-48.205123,-0.602564
207.6210,-18413,-48.205123,-0.602564
207.6310,-18414,-48.207740,-0.602597
207.6410,-18414,-48.207740,-0.602597
207.6510,-18416,-48.212974,-0.602662
207.6610,-18417,-48.215595,-0.602695
207.6710,-18417,-48.215595,-0.602695
207.6810,-18417,-48.215595,-0.602695
207.6910,-18417,-48.215595,-0.602695
207.7010,-18417,-48.215595,-0.602695
207.7110,-18417,-48.215595,-0.602695
207.7210,-18417,-48.215595,-0.602695
207.7310,-18417,-48.215595,-0.602695
207.7410,-18417,-48.215595,-0.602695
207.7510,-18417,-48.215595,-0.602695
207.7610,-18417,-48.215595,-0.602695
207.7710,-18417,-48.215595,-0.602695
207.7810,-18417,-48.215595,-0.602695
207.7910,-18418,-48.218212,-0.602728
207.8010,-18418,-48.218212,-0.602728
207.8110,-18419,-48.220832,-0.602760
207.8210,-18419,-48.220832,-0.602760
207.8310,-18419,-48.220832,-0.602760
207.8410,-18419,-48.220832,-0.602760
207.8510,-18420,-48.223449,-0.602793
207.8610,-18420,-48.223449,-0.602793
207.8710,-18420,-48.223449,-0.602793
207.8810,-18420,-48.223449,-0.602793
207.8910,-18421,-48.226066,-0.602826
207.9010,-18421,-48.226066,-0.602826
207.9110,-18421,-48.226066,-0.602826
207.9210,-18421,-48.226066,-0.602826
207.9310,-18421,-48.226066,-0.602826
207.9410,-18421,-48.226066,-0.602826
207.9510,-18421,-48.226066,-0.602826
207.9610,-18421,-48.226066,-0.602826
207.9710,-18421,-48.226066,-0.602826
207.9810,-18421,-48.226066,-0.602826
207.9910,-18421,-48.226066,-0.602826
208.0010,-18421,-48.226066,-0.602826
208.0110,-18421,-48.226066,-0.602826
208.0210,-18421,-48.226066,-0.602826
208.0310,-18422,-48.228683,-0.602859
208.0410,-18422,-48.228683,-0.602859
208.0510,-18422,-48.228683,-0.602859
208.0610,-18423,-48.231304,-0.602891
208.0710,-18424,-48.233921,-0.602924
208.0810,-18424,-48.233921,-0.602924
208.0920,-18424,-48.233921,-0.602924
208.1010,-18424,-48.233921,-0.602924
208.1110,-18425,-48.236537,-0.602957
208.1210,-18425,-48.236537,-0.602957
208.1310,-18425,-48.236537,-0.602957
208.1410,-18425,-48.236537,-0.602957
208.1510,-18425,-48.236537,-0.602957
208.1610,-18425,-48.236537,-0.602957
208.1710,-18425,-48.236537,-0.602957
208.1810,-18425,-48.236537,-0.602957
208.1910,-18425,-48.236537,-0.602957
208.2010,-18425,-48.236537,-0.602957
208.2110,-18426,-48.239154,-0.602989
208.2210,-18426,-48.239154,-0.602989
208.2310,-18426,-48.239154,-0.602989
208.2410,-18426,-48.239154,-0.602989
208.2510,-18427,-48.241775,-0.603022
208.2610,-18427,-48.241775,-0.603022
208.2710,-18427,-48.241775,-0.603022
208.2810,-18427,-48.241775,-0.603022
208.2910,-18427,-48.241775,-0.603022
208.3010,-18427,-48.241775,-0.603022
208.3110,-18428,-48.244392,-0.603055
208.3210,-18428,-48.244392,-0.603055
208.3310,-18428,-48.244392,-0.603055
208.3410,-18429,-48.247009,-0.603088
208.3510,-18429,-48.247009,-0.603088
208.3610,-18430,-48.249629,-0.603120
208.3710,-18430,-48.249629,-0.603120
208.3810,-18430,-48.249629,-0.603120
208.3910,-18430,-48.249629,-0.603120
208.4010,-18430,-48.249629,-0.603120
208.4110,-18430,-48.249629,-0.603120
208.4210,-18430,-48.249629,-0.603120
208.4310,-18430,-48.249629,-0.603120
208.4410,-18430,-48.249629,-0.603120
208.4510,-18430,-48.249629,-0.603120
208.4610,-18430,-48.249629,-0.603120
208.4710,-18431,-48.252246,-0.603153
208.4810,-18432,-48.254863,-0.603186
208.4910,-18432,-48.254863,-0.603186
208.5010,-18433,-48.257480,-0.603218
208.5110,-18433,-48.257480,-0.603218
208.5210,-18433,-48.257480,-0.603218
208.5310,-18433,-48.257480,-0.603218
208.5410,-18433,-48.257480,-0.603218
208.5510,-18433,-48.257480,-0.603218
208.5610,-18433,-48.257480,-0.603218
208.5710,-18433,-48.257480,-0.603218
208.5810,-18434,-48.260101,-0.603251
208.5910,-18434,-48.260101,-0.603251
208.6010,-18434,-48.260101,-0.603251
208.6110,-18434,-48.260101,-0.603251
208.6210,-18435,-48.262718,-0.603284
208.6310,-18436,-48.265338,-0.603317
208.6410,-18437,-48.267951,-0.603349
208.6510,-18437,-48.267951,-0.603349
208.6610,-18437,-48.267951,-0.603349
208.6710,-18437,-48.267951,-0.603349
208.6810,-18438,-48.270572,-0.603382
208.6910,-18438,-48.270572,-0.603382
208.7010,-18438,-48.270572,-0.603382
208.7110,-18438,-48.270572,-0.603382
208.7210,-18438,-48.270572,-0.603382
208.7320,-18438,-48.270572,-0.603382
208.7410,-18439,-48.273189,-0.603415
208.7510,-18439,-48.273189,-0.603415
208.7610,-18440,-48.275810,-0.603448
208.7710,-18441,-48.278427,-0.603480
208.7810,-18443,-48.283660,-0.603546
208.7910,-18444,-48.286281,-0.603578
208.8010,-18445,-48.288898,-0.603611
208.8110,-18445,-48.288898,-0.603611
208.8210,-18445,-48.288898,-0.603611
208.8310,-18446,-48.291515,-0.603644
208.8410,-18446,-48.291515,-0.603644
208.8510,-18447,-48.294136,-0.603677
208.8610,-18447,-48.294136,-0.603677
208.8710,-18447,-48.294136,-0.603677
208.8810,-18448,-48.296752,-0.603709
208.8910,-18448,-48.296752,-0.603709
208.9010,-18450,-48.301986,-0.603775
208.9110,-18452,-48.307224,-0.603840
208.9210,-18453,-48.309841,-0.603873
208.9310,-18453,-48.309841,-0.603873
208.9410,-18453,-48.309841,-0.603873
208.9510,-18453,-48.309841,-0.603873
208.9610,-18453,-48.309841,-0.603873
208.9710,-18453,-48.309841,-0.603873
208.9810,-18453,-48.309841,-0.603873
208.9910,-18453,-48.309841,-0.603873
209.0010,-18454,-48.312458,-0.603906
209.0110,-18454,-48.312458,-0.603906
209.0210,-18454,-48.312458,-0.603906
209.0310,-18454,-48.312458,-0.603906
209.0410,-18455,-48.315078,-0.603939
209.0510,-18456,-48.317695,-0.603971
209.0610,-18456,-48.317695,-0.603971
209.0710,-18456,-48.317695,-0.603971
209.0810,-18456,-48.317695,-0.603971
209.0910,-18456,-48.317695,-0.603971
209.1010,-18456,-48.317695,-0.603971
209.1110,-18457,-48.320316,-0.604004
209.1210,-18457,-48.320316,-0.604004
209.1310,-18457,-48.320316,-0.604004
209.1410,-18457,-48.320316,-0.604004
209.1510,-18457,-48.320316,-0.604004
209.1610,-18457,-48.320316,-0.604004
209.1710,-18457,-48.320316,-0.604004
209.1810,-18458,-48.322933,-0.604037
209.1910,-18459,-48.325550,-0.604069
209.2010,-18459,-48.325550,-0.604069
209.2110,-18459,-48.325550,-0.604069
209.2210,-18459,-48.325550,-0.604069
209.2310,-18459,-48.325550,-0.604069
209.2410,-18459,-48.325550,-0.604069
209.2510,-18459,-48.325550,-0.604069
209.2610,-18459,-48.325550,-0.604069
209.2710,-18460,-48.328166,-0.604102
209.2810,-18460,-48.328166,-0.604102
209.2910,-18460,-48.328166,-0.604102
209.3010,-18460,-48.328166,-0.604102
209.3110,-18460,-48.328166,-0.604102
209.3210,-18461,-48.330787,-0.604135
209.3310,-18462,-48.333404,-0.604168
209.3410,-18462,-48.333404,-0.604168
209.3510,-18462,-48.333404,-0.604168
209.3610,-18462,-48.333404,-0.604168
209.3720,-18463,-48.336025,-0.604200
209.3810,-18463,-48.336025,-0.604200
209.3910,-18463,-48.336025,-0.604200
209.4010,-18463,-48.336025,-0.604200
209.4110,-18463,-48.336025,-0.604200
209.4210,-18463,-48.336025,-0.604200
209.4310,-18463,-48.336025,-0.604200
209.4410,-18463,-48.336025,-0.604200
209.4510,-18464,-48.338638,-0.604233
209.4610,-18465,-48.341259,-0.604266
209.4710,-18465,-48.341259,-0.604266
209.4810,-18465,-48.341259,-0.604266
209.4910,-18465,-48.341259,-0.604266
209.5010,-18465,-48.341259,-0.604266
209.5110,-18466,-48.343875,-0.604298
209.5210,-18466,-48.343875,-0.604298
209.5310,-18466,-48.343875,-0.604298
209.5410,-18466,-48.343875,-0.604298
209.5510,-18466,-48.343875,-0.604298
209.5610,-18466,-48.343875,-0.604298
209.5710,-18466,-48.343875,-0.604298
209.5810,-18466,-48.343875,-0.604298
209.5910,-18468,-48.349113,-0.604364
209.6010,-18468,-48.349113,-0.604364
209.6110,-18469,-48.351730,-0.604397
209.6210,-18469,-48.351730,-0.604397
209.6310,-18470,-48.354347,-0.604429
209.6410,-18471,-48.356967,-0.604462
209.6510,-18471,-48.356967,-0.604462
209.6610,-18471,-48.356967,-0.604462
209.6710,-18472,-48.359584,-0.604495
209.6810,-18472,-48.359584,-0.604495
209.6910,-18472,-48.359584,-0.604495
209.7010,-18472,-48.359584,-0.604495
209.7110,-18472,-48.359584,-0.604495
209.7210,-18472,-48.359584,-0.604495
209.7310,-18474,-48.364822,-0.604560
209.7410,-18474,-48.364822,-0.604560
209.7510,-18475,-48.367435,-0.604593
209.7610,-18475,-48.367435,-0.604593
209.7710,-18475,-48.367435,-0.604593
209.7810,-18475,-48.367435,-0.604593
209.7910,-18476,-48.370056,-0.604626
209.8010,-18476,-48.370056,-0.604626
209.8110,-18476,-48.370056,-0.604626
209.8210,-18476,-48.370056,-0.604626
209.8310,-18476,-48.370056,-0.604626
209.8410,-18476,-48.370056,-0.604626
209.8510,-18476,-48.370056,-0.604626
209.8610,-18476,-48.370056,-0.604626
209.8710,-18478,-48.375293,-0.604691
209.8810,-18478,-48.375293,-0.604691
209.8910,-18479,-48.377910,-0.604724
209.9010,-18479,-48.377910,-0.604724
209.9110,-18480,-48.380527,-0.604757
209.9210,-18481,-48.383144,-0.604789
209.9310,-18482,-48.385765,-0.604822
209.9410,-18484,-48.391002,-0.604888
209.9510,-18485,-48.393615,-0.604920
209.9610,-18486,-48.396236,-0.604953
209.9710,-18487,-48.398853,-0.604986
209.9810,-18489,-48.404090,-0.605051
209.9910,-18490,-48.406707,-0.605084
210.0010,-18492,-48.411945,-0.605149
210.0120,-18496,-48.422416,-0.605280
210.0210,-18500,-48.432888,-0.605411
210.0310,-18506,-48.448596,-0.605607
210.0410,-18511,-48.461688,-0.605771
210.0510,-18516,-48.474777,-0.605935
210.0610,-18520,-48.485248,-0.606066
210.0710,-18525,-48.498336,-0.606229
210.0810,-18530,-48.511428,-0.606393
210.0910,-18535,-48.524517,-0.606556
210.1010,-18541,-48.540225,-0.606753
210.1110,-18549,-48.561172,-0.607015
210.1210,-18555,-48.576877,-0.607211
210.1310,-18561,-48.592586,-0.607407
210.1410,-18565,-48.603057,-0.607538
210.1510,-18572,-48.621383,-0.607767
210.1610,-18577,-48.634471,-0.607931
210.1710,-18581,-48.644947,-0.608062
210.1810,-18584,-48.652801,-0.608160
210.1910,-18587,-48.660652,-0.608258
210.2010,-18588,-48.663269,-0.608291
210.2110,-18590,-48.668506,-0.608356
210.2210,-18591,-48.671127,-0.608389
210.2310,-18591,-48.671127,-0.608389
210.2410,-18591,-48.671127,-0.608389
210.2510,-18592,-48.673740,-0.608422
210.2610,-18592,-48.673740,-0.608422
210.2710,-18592,-48.673740,-0.608422
210.2810,-18592,-48.673740,-0.608422
210.2910,-18593,-48.676361,-0.608454
210.3010,-18595,-48.681598,-0.608520
210.3110,-18595,-48.681598,-0.608520
210.3210,-18595,-48.681598,-0.608520
210.3310,-18596,-48.684215,-0.608553
210.3410,-18596,-48.684215,-0.608553
210.3510,-18596,-48.684215,-0.608553
210.3610,-18596,-48.684215,-0.608553
210.3710,-18596,-48.684215,-0.608553
210.3810,-18596,-48.684215,-0.608553
210.3910,-18596,-48.684215,-0.608553
210.4010,-18596,-48.684215,-0.608553
210.4110,-18596,-48.684215,-0.608553
210.4210,-18597,-48.686836,-0.608585
210.4310,-18598,-48.689449,-0.608618
210.4410,-18599,-48.692070,-0.608651
210.4510,-18599,-48.692070,-0.608651
210.4610,-18600,-48.694686,-0.608684
210.4710,-18600,-48.694686,-0.608684
210.4810,-18600,-48.694686,-0.608684
210.4910,-18600,-48.694686,-0.608684
210.5010,-18600,-48.694686,-0.608684
210.5110,-18600,-48.694686,-0.608684
210.5210,-18600,-48.694686,-0.608684
210.5310,-18600,-48.694686,-0.608684
210.5410,-18600,-48.694686,-0.608684
210.5510,-18600,-48.694686,-0.608684
210.5610,-18601,-48.697307,-0.608716
210.5710,-18602,-48.699924,-0.608749
210.5810,-18603,-48.702541,-0.608782
210.5910,-18603,-48.702541,-0.608782
210.6010,-18603,-48.702541,-0.608782
210.6110,-18603,-48.702541,-0.608782
210.6210,-18603,-48.702541,-0.608782
210.6310,-18603,-48.702541,-0.608782
210.6410,-18603,-48.702541,-0.608782
210.6520,-18603,-48.702541,-0.608782
210.6610,-18603,-48.702541,-0.608782
210.6710,-18603,-48.702541,-0.608782
210.6810,-18603,-48.702541,-0.608782
210.6910,-18603,-48.702541,-0.608782
210.7010,-18605,-48.707778,-0.608847
210.7110,-18605,-48.707778,-0.608847
210.7210,-18606,-48.710395,-0.608880
210.7310,-18607,-48.713012,-0.608913
210.7410,-18607,-48.713012,-0.608913
210.7510,-18607,-48.713012,-0.608913
210.7610,-18607,-48.713012,-0.608913
210.7710,-18607,-48.713012,-0.608913
210.7810,-18607,-48.713012,-0.608913
210.7910,-18607,-48.713012,-0.608913
210.8010,-18607,-48.713012,-0.608913
210.8110,-18607,-48.713012,-0.608913
210.8210,-18607,-48.713012,-0.608913
210.8310,-18607,-48.713012,-0.608913
210.8410,-18608,-48.715633,-0.608945
210.8510,-18609,-48.718250,-0.608978
210.8610,-18610,-48.720867,-0.609011
210.8710,-18610,-48.720867,-0.609011
210.8810,-18610,-48.720867,-0.609011
210.8910,-18611,-48.723484,-0.609044
210.9010,-18611,-48.723484,-0.609044
210.9110,-18611,-48.723484,-0.609044
210.9210,-18611,-48.723484,-0.609044
210.9310,-18611,-48.723484,-0.609044
210.9410,-18611,-48.723484,-0.609044
210.9510,-18611,-48.723484,-0.609044
210.9610,-18611,-48.723484,-0.609044
210.9710,-18611,-48.723484,-0.609044
210.9810,-18612,-48.726104,-0.609076
210.9910,-18613,-48.728721,-0.609109
211.0010,-18613,-48.728721,-0.609109
211.0110,-18614,-48.731338,-0.609142
211.0210,-18614,-48.731338,-0.609142
211.0310,-18614,-48.731338,-0.609142
211.0410,-18614,-48.731338,-0.609142
211.0510,-18614,-48.731338,-0.609142
211.0610,-18614,-48.731338,-0.609142
211.0710,-18614,-48.731338,-0.609142
211.0810,-18614,-48.731338,-0.609142
211.0910,-18614,-48.731338,-0.609142
211.1010,-18614,-48.731338,-0.609142
211.1110,-18614,-48.731338,-0.609142
211.1210,-18615,-48.733955,-0.609174
211.1310,-18616,-48.736576,-0.609207
211.1410,-18616,-48.736576,-0.609207
211.1510,-18616,-48.736576,-0.609207
211.1610,-18616,-48.736576,-0.609207
211.1710,-18616,-48.736576,-0.609207
211.1810,-18616,-48.736576,-0.609207
211.1910,-18616,-48.736576,-0.609207
211.2010,-18616,-48.736576,-0.609207
211.2110,-18616,-48.736576,-0.609207
211.2210,-18617,-48.739192,-0.609240
211.2310,-18617,-48.739192,-0.609240
211.2410,-18617,-48.739192,-0.609240
211.2510,-18617,-48.739192,-0.609240
211.2610,-18617,-48.739192,-0.609240
211.2710,-18618,-48.741813,-0.609273
211.2810,-18618,-48.741813,-0.609273
211.2920,-18618,-48.741813,-0.609273
211.3010,-18618,-48.741813,-0.609273
211.3110,-18618,-48.741813,-0.609273
211.3210,-18618,-48.741813,-0.609273
211.3310,-18618,-48.741813,-0.609273
211.3410,-18618,-48.741813,-0.609273
211.3510,-18618,-48.741813,-0.609273
211.3610,-18618,-48.741813,-0.609273
211.3710,-18618,-48.741813,-0.609273
211.3810,-18618,-48.741813,-0.609273
211.3910,-18618,-48.741813,-0.609273
211.4010,-18619,-48.744426,-0.609305
211.4110,-18619,-48.744426,-0.609305
211.4210,-18620,-48.747047,-0.609338
211.4310,-18620,-48.747047,-0.609338
211.4410,-18620,-48.747047,-0.609338
211.4510,-18620,-48.747047,-0.609338
211.4610,-18620,-48.747047,-0.609338
211.4710,-18620,-48.747047,-0.609338
211.4810,-18620,-48.747047,-0.609338
211.4910,-18620,-48.747047,-0.609338
211.5010,-18620,-48.747047,-0.609338
211.5110,-18620,-48.747047,-0.609338
211.5210,-18620,-48.747047,-0.609338
211.5310,-18620,-48.747047,-0.609338
211.5410,-18621,-48.749664,-0.609371
211.5510,-18621,-48.749664,-0.609371
211.5610,-18621,-48.749664,-0.609371
211.5710,-18621,-48.749664,-0.609371
211.5810,-18621,-48.749664,-0.609371
211.5910,-18621,-48.749664,-0.609371
211.6010,-18621,-48.749664,-0.609371
211.6110,-18621,-48.749664,-0.609371
211.6210,-18621,-48.749664,-0.609371
211.6310,-18621,-48.749664,-0.609371
211.6410,-18621,-48.749664,-0.609371
211.6510,-18621,-48.749664,-0.609371
211.6610,-18621,-48.749664,-0.609371
211.6710,-18621,-48.749664,-0.609371
211.6810,-18622,-48.752285,-0.609404
211.6910,-18622,-48.752285,-0.609404
211.7010,-18622,-48.752285,-0.609404
211.7110,-18622,-48.752285,-0.609404
211.7210,-18622,-48.752285,-0.609404
211.7310,-18622,-48.752285,-0.609404
211.7410,-18622,-48.752285,-0.609404
211.7510,-18622,-48.752285,-0.609404
211.7610,-18622,-48.752285,-0.609404
211.7710,-18622,-48.752285,-0.609404
211.7810,-18622,-48.752285,-0.609404
211.7910,-18622,-48.752285,-0.609404
211.8010,-18622,-48.752285,-0.609404
211.8110,-18623,-48.754901,-0.609436
211.8210,-18623,-48.754901,-0.609436
211.8310,-18623,-48.754901,-0.609436
211.8410,-18623,-48.754901,-0.609436
211.8510,-18623,-48.754901,-0.609436
211.8610,-18623,-48.754901,-0.609436
211.8710,-18623,-48.754901,-0.609436
211.8810,-18623,-48.754901,-0.609436
211.8910,-18623,-48.754901,-0.609436
211.9010,-18623,-48.754901,-0.609436
211.9110,-18623,-48.754901,-0.609436
211.9210,-18623,-48.754901,-0.609436
211.9320,-18624,-48.757522,-0.609469
211.9410,-18624,-48.757522,-0.609469
211.9510,-18624,-48.757522,-0.609469
211.9610,-18624,-48.757522,-0.609469
211.9710,-18625,-48.760135,-0.609502
211.9810,-18625,-48.760135,-0.609502
211.9910,-18625,-48.760135,-0.609502
212.0010,-18625,-48.760135,-0.609502
212.0110,-18625,-48.760135,-0.609502
212.0210,-18625,-48.760135,-0.609502
212.0310,-18625,-48.760135,-0.609502
212.0410,-18625,-48.760135,-0.609502
212.0510,-18625,-48.760135,-0.609502
212.0610,-18625,-48.760135,-0.609502
212.0710,-18625,-48.760135,-0.609502
212.0810,-18625,-48.760135,-0.609502
212.0910,-18626,-48.762756,-0.609534
212.1010,-18626,-48.762756,-0.609534
212.1110,-18626,-48.762756,-0.609534
212.1210,-18626,-48.762756,-0.609534
212.1310,-18626,-48.762756,-0.609534
212.1410,-18626,-48.762756,-0.609534
212.1510,-18626,-48.762756,-0.609534
212.1610,-18626,-48.762756,-0.609534
212.1710,-18626,-48.762756,-0.609534
212.1810,-18626,-48.762756,-0.609534
212.1910,-18626,-48.762756,-0.609534
212.2010,-18626,-48.762756,-0.609534
212.2110,-18626,-48.762756,-0.609534
212.2210,-18626,-48.762756,-0.609534
212.2310,-18627,-48.765373,-0.609567
212.2410,-18627,-48.765373,-0.609567
212.2510,-18627,-48.765373,-0.609567
212.2610,-18627,-48.765373,-0.609567
212.2710,-18627,-48.765373,-0.609567
212.2810,-18627,-48.765373,-0.609567
212.2910,-18627,-48.765373,-0.609567
212.3010,-18627,-48.765373,-0.609567
212.3110,-18627,-48.765373,-0.609567
212.3210,-18627,-48.765373,-0.609567
212.3310,-18627,-48.765373,-0.609567
212.3410,-18627,-48.765373,-0.609567
212.3510,-18627,-48.765373,-0.609567
212.3610,-18627,-48.765373,-0.609567
212.3710,-18628,-48.767990,-0.609600
212.3810,-18628,-48.767990,-0.609600
212.3910,-18628,-48.767990,-0.609600
212.4010,-18628,-48.767990,-0.609600
212.4110,-18628,-48.767990,-0.609600
212.4210,-18628,-48.767990,-0.609600
212.4310,-18628,-48.767990,-0.609600
212.4410,-18628,-48.767990,-0.609600
212.4510,-18628,-48.767990,-0.609600
212.4610,-18628,-48.767990,-0.609600
212.4710,-18628,-48.767990,-0.609600
212.4810,-18628,-48.767990,-0.609600
212.4910,-18628,-48.767990,-0.609600
212.5010,-18628,-48.767990,-0.609600
212.5110,-18629,-48.770610,-0.609633
212.5210,-18629,-48.770610,-0.609633
212.5310,-18629,-48.770610,-0.609633
212.5410,-18629,-48.770610,-0.609633
212.5510,-18629,-48.770610,-0.609633
212.5610,-18629,-48.770610,-0.609633
212.5720,-18629,-48.770610,-0.609633
212.5810,-18629,-48.770610,-0.609633
212.5910,-18629,-48.770610,-0.609633
212.6010,-18629,-48.770610,-0.609633
212.6110,-18629,-48.770610,-0.609633
212.6210,-18629,-48.770610,-0.609633
212.6310,-18629,-48.770610,-0.609633
212.6410,-18629,-48.770610,-0.609633
212.6510,-18630,-48.773227,-0.609665
212.6610,-18630,-48.773227,-0.609665
212.6710,-18630,-48.773227,-0.609665
212.6810,-18630,-48.773227,-0.609665
212.6910,-18630,-48.773227,-0.609665
212.7010,-18630,-48.773227,-0.609665
212.7110,-18630,-48.773227,-0.609665
212.7210,-18630,-48.773227,-0.609665
212.7310,-18630,-48.773227,-0.609665
212.7410,-18630,-48.773227,-0.609665
212.7510,-18630,-48.773227,-0.609665
212.7610,-18630,-48.773227,-0.609665
212.7710,-18630,-48.773227,-0.609665
212.7810,-18630,-48.773227,-0.609665
212.7910,-18631,-48.775844,-0.609698
212.8010,-18631,-48.775844,-0.609698
212.8110,-18631,-48.775844,-0.609698
212.8210,-18631,-48.775844,-0.609698
212.8310,-18631,-48.775844,-0.609698
212.8410,-18631,-48.775844,-0.609698
212.8510,-18631,-48.775844,-0.609698
212.8610,-18631,-48.775844,-0.609698
212.8710,-18631,-48.775844,-0.609698
212.8810,-18631,-48.775844,-0.609698
212.8910,-18631,-48.775844,-0.609698
212.9010,-18631,-48.775844,-0.609698
212.9110,-18631,-48.775844,-0.609698
212.9210,-18631,-48.775844,-0.609698
212.9310,-18632,-48.778461,-0.609731
212.9410,-18632,-48.778461,-0.609731
212.9510,-18632,-48.778461,-0.609731
212.9610,-18632,-48.778461,-0.609731
212.9710,-18632,-48.778461,-0.609731
212.9810,-18632,-48.778461,-0.609731
212.9910,-18632,-48.778461,-0.609731
213.0010,-18632,-48.778461,-0.609731
213.0110,-18632,-48.778461,-0.609731
213.0210,-18632,-48.778461,-0.609731
213.0310,-18632,-48.778461,-0.609731
213.0410,-18632,-48.778461,-0.609731
213.0510,-18632,-48.778461,-0.609731
213.0610,-18632,-48.778461,-0.609731
213.0710,-18633,-48.781082,-0.609764
213.0810,-18633,-48.781082,-0.609764
213.0910,-18633,-48.781082,-0.609764
213.1010,-18633,-48.781082,-0.609764
213.1110,-18633,-48.781082,-0.609764
213.1210,-18633,-48.781082,-0.609764
213.1310,-18633,-48.781082,-0.609764
213.1410,-18633,-48.781082,-0.609764
213.1510,-18633,-48.781082,-0.609764
213.1610,-18633,-48.781082,-0.609764
213.1710,-18633,-48.781082,-0.609764
213.1810,-18633,-48.781082,-0.609764
213.1910,-18633,-48.781082,-0.609764
213.2010,-18633,-48.781082,-0.609764
213.2120,-18633,-48.781082,-0.609764
213.2210,-18633,-48.781082,-0.609764
213.2310,-18633,-48.781082,-0.609764
213.2410,-18633,-48.781082,-0.609764
213.2510,-18633,-48.781082,-0.609764
213.2610,-18633,-48.781082,-0.609764
213.2710,-18633,-48.781082,-0.609764
213.2810,-18633,-48.781082,-0.609764
213.2910,-18633,-48.781082,-0.609764
213.3010,-18633,-48.781082,-0.609764
213.3110,-18633,-48.781082,-0.609764
213.3210,-18633,-48.781082,-0.609764
213.3310,-18633,-48.781082,-0.609764
213.3410,-18634,-48.783699,-0.609796
213.3510,-18634,-48.783699,-0.609796
213.3610,-18634,-48.783699,-0.609796
213.3710,-18634,-48.783699,-0.609796
213.3810,-18634,-48.783699,-0.609796
213.3910,-18634,-48.783699,-0.609796
213.4010,-18634,-48.783699,-0.609796
213.4110,-18634,-48.783699,-0.609796
213.4210,-18634,-48.783699,-0.609796
213.4310,-18634,-48.783699,-0.609796
213.4410,-18634,-48.783699,-0.609796
213.4510,-18634,-48.783699,-0.609796
213.4610,-18634,-48.783699,-0.609796
213.4710,-18634,-48.783699,-0.609796
213.4810,-18635,-48.786315,-0.609829
213.4910,-18635,-48.786315,-0.609829
213.5010,-18635,-48.786315,-0.609829
213.5110,-18635,-48.786315,-0.609829
213.5210,-18635,-48.786315,-0.609829
213.5310,-18635,-48.786315,-0.609829
213.5410,-18635,-48.786315,-0.609829
213.5510,-18635,-48.786315,-0.609829
213.5610,-18635,-48.786315,-0.609829
213.5710,-18635,-48.786315,-0.609829
213.5810,-18635,-48.786315,-0.609829
213.5910,-18635,-48.786315,-0.609829
213.6010,-18635,-48.786315,-0.609829
213.6110,-18635,-48.786315,-0.609829
213.6210,-18636,-48.788932,-0.609862
213.6310,-18636,-48.788932,-0.609862
213.6410,-18636,-48.788932,-0.609862
213.6510,-18636,-48.788932,-0.609862
213.6610,-18636,-48.788932,-0.609862
213.6710,-18636,-48.788932,-0.609862
213.6810,-18636,-48.788932,-0.609862
213.6910,-18636,-48.788932,-0.609862
213.7010,-18636,-48.788932,-0.609862
213.7110,-18636,-48.788932,-0.609862
213.7210,-18636,-48.788932,-0.609862
213.7310,-18636,-48.788932,-0.609862
213.7410,-18636,-48.788932,-0.609862
213.7510,-18636,-48.788932,-0.609862
213.7610,-18636,-48.788932,-0.609862
213.7710,-18636,-48.788932,-0.609862
213.7810,-18636,-48.788932,-0.609862
213.7910,-18636,-48.788932,-0.609862
213.8010,-18637,-48.791553,-0.609894
213.8110,-18637,-48.791553,-0.609894
213.8210,-18637,-48.791553,-0.609894
213.8310,-18637,-48.791553,-0.609894
213.8410,-18637,-48.791553,-0.609894
213.8520,-18637,-48.791553,-0.609894
213.8610,-18637,-48.791553,-0.609894
213.8710,-18637,-48.791553,-0.609894
213.8810,-18637,-48.791553,-0.609894
213.8910,-18637,-48.791553,-0.609894
213.9010,-18637,-48.791553,-0.609894
213.9110,-18637,-48.791553,-0.609894
213.9210,-18637,-48.791553,-0.609894
213.9310,-18637,-48.791553,-0.609894
213.9410,-18637,-48.791553,-0.609894
213.9510,-18637,-48.791553,-0.609894
213.9610,-18637,-48.791553,-0.609894
213.9710,-18637,-48.791553,-0.609894
213.9810,-18637,-48.791553,-0.609894
213.9910,-18637,-48.791553,-0.609894
214.0010,-18637,-48.791553,-0.609894
214.0110,-18637,-48.791553,-0.609894
214.0210,-18637,-48.791553,-0.609894
214.0310,-18638,-48.794170,-0.609927
214.0410,-18638,-48.794170,-0.609927
214.0510,-18638,-48.794170,-0.609927
214.0610,-18638,-48.794170,-0.609927
214.0710,-18638,-48.794170,-0.609927
214.0810,-18638,-48.794170,-0.609927
214.0910,-18638,-48.794170,-0.609927
214.1010,-18638,-48.794170,-0.609927
214.1110,-18638,-48.794170,-0.609927
214.1210,-18638,-48.794170,-0.609927
214.1310,-18638,-48.794170,-0.609927
214.1410,-18638,-48.794170,-0.609927
214.1510,-18638,-48.794170,-0.609927
214.1610,-18638,-48.794170,-0.609927
214.1710,-18639,-48.796791,-0.609960
214.1810,-18639,-48.796791,-0.609960
214.1910,-18639,-48.796791,-0.609960
214.2010,-18639,-48.796791,-0.609960
214.2110,-18639,-48.796791,-0.609960
214.2210,-18639,-48.796791,-0.609960
214.2310,-18639,-48.796791,-0.609960
214.2410,-18639,-48.796791,-0.609960
214.2510,-18639,-48.796791,-0.609960
214.2610,-18639,-48.796791,-0.609960
214.2710,-18639,-48.796791,-0.609960
214.2810,-18639,-48.796791,-0.609960
214.2910,-18639,-48.796791,-0.609960
214.3010,-18639,-48.796791,-0.609960
214.3110,-18640,-48.799407,-0.609993
214.3210,-18640,-48.799407,-0.609993
214.3310,-18640,-48.799407,-0.609993
214.3410,-18640,-48.799407,-0.609993
214.3510,-18640,-48.799407,-0.609993
214.3610,-18640,-48.799407,-0.609993
214.3710,-18640,-48.799407,-0.609993
214.3810,-18640,-48.799407,-0.609993
214.3910,-18640,-48.799407,-0.609993
214.4010,-18640,-48.799407,-0.609993
214.4110,-18640,-48.799407,-0.609993
214.4210,-18640,-48.799407,-0.609993
214.4310,-18640,-48.799407,-0.609993
214.4410,-18640,-48.799407,-0.609993
214.4510,-18640,-48.799407,-0.609993
214.4610,-18640,-48.799407,-0.609993
214.4710,-18640,-48.799407,-0.609993
214.4810,-18640,-48.799407,-0.609993
214.4920,-18640,-48.799407,-0.609993
214.5010,-18640,-48.799407,-0.609993
214.5110,-18640,-48.799407,-0.609993
214.5210,-18640,-48.799407,-0.609993
214.5310,-18640,-48.799407,-0.609993
214.5410,-18640,-48.799407,-0.609993
214.5510,-18640,-48.799407,-0.609993
214.5610,-18640,-48.799407,-0.609993
214.5710,-18640,-48.799407,-0.609993
214.5810,-18640,-48.799407,-0.609993
214.5910,-18641,-48.802024,-0.610025
214.6010,-18641,-48.802024,-0.610025
214.6110,-18641,-48.802024,-0.610025
214.6210,-18641,-48.802024,-0.610025
214.6310,-18641,-48.802024,-0.610025
214.6410,-18641,-48.802024,-0.610025
214.6510,-18641,-48.802024,-0.610025
214.6610,-18641,-48.802024,-0.610025
214.6710,-18641,-48.802024,-0.610025
214.6810,-18641,-48.802024,-0.610025
214.6910,-18641,-48.802024,-0.610025
214.7010,-18641,-48.802024,-0.610025
214.7110,-18641,-48.802024,-0.610025
214.7210,-18641,-48.802024,-0.610025
214.7310,-18642,-48.804641,-0.610058
214.7410,-18642,-48.804641,-0.610058
214.7510,-18642,-48.804641,-0.610058
214.7610,-18642,-48.804641,-0.610058
214.7710,-18642,-48.804641,-0.610058
214.7810,-18642,-48.804641,-0.610058
214.7910,-18642,-48.804641,-0.610058
214.8010,-18642,-48.804641,-0.610058
214.8110,-18642,-48.804641,-0.610058
214.8210,-18642,-48.804641,-0.610058
214.8310,-18642,-48.804641,-0.610058
214.8410,-18642,-48.804641,-0.610058
214.8510,-18642,-48.804641,-0.610058
214.8610,-18642,-48.804641,-0.610058
214.8710,-18643,-48.807262,-0.610091
214.8810,-18643,-48.807262,-0.610091
214.8910,-18643,-48.807262,-0.610091
214.9010,-18643,-48.807262,-0.610091
214.9110,-18643,-48.807262,-0.610091
214.9210,-18643,-48.807262,-0.610091
214.9310,-18643,-48.807262,-0.610091
214.9410,-18643,-48.807262,-0.610091
214.9510,-18643,-48.807262,-0.610091
214.9610,-18643,-48.807262,-0.610091
214.9710,-18643,-48.807262,-0.610091
214.9810,-18643,-48.807262,-0.610091
214.9910,-18643,-48.807262,-0.610091
215.0010,-18643,-48.807262,-0.610091
215.0110,-18643,-48.807262,-0.610091
215.0210,-18643,-48.807262,-0.610091
215.0310,-18643,-48.807262,-0.610091
215.0410,-18643,-48.807262,-0.610091
215.0510,-18642,-48.804641,-0.610058
215.0610,-18642,-48.804641,-0.610058
215.0710,-18642,-48.804641,-0.610058
215.0810,-18642,-48.804641,-0.610058
215.0910,-18642,-48.804641,-0.610058
215.1010,-18642,-48.804641,-0.610058
215.1110,-18642,-48.804641,-0.610058
215.1210,-18642,-48.804641,-0.610058
215.1320,-18642,-48.804641,-0.610058
215.1410,-18643,-48.807262,-0.610091
215.1510,-18643,-48.807262,-0.610091
215.1610,-18643,-48.807262,-0.610091
215.1710,-18643,-48.807262,-0.610091
215.1810,-18643,-48.807262,-0.610091
215.1910,-18643,-48.807262,-0.610091
215.2010,-18643,-48.807262,-0.610091
215.2110,-18643,-48.807262,-0.610091
215.2210,-18643,-48.807262,-0.610091
215.2310,-18643,-48.807262,-0.610091
215.2410,-18643,-48.807262,-0.610091
215.2510,-18643,-48.807262,-0.610091
215.2610,-18643,-48.807262,-0.610091
215.2710,-18643,-48.807262,-0.610091
215.2810,-18643,-48.807262,-0.610091
215.2910,-18643,-48.807262,-0.610091
215.3010,-18643,-48.807262,-0.610091
215.3110,-18643,-48.807262,-0.610091
215.3210,-18644,-48.809879,-0.610124
215.3310,-18644,-48.809879,-0.610124
215.3410,-18644,-48.809879,-0.610124
215.3510,-18644,-48.809879,-0.610124
215.3610,-18644,-48.809879,-0.610124
215.3710,-18644,-48.809879,-0.610124
215.3810,-18644,-48.809879,-0.610124
215.3910,-18644,-48.809879,-0.610124
215.4010,-18644,-48.809879,-0.610124
215.4110,-18644,-48.809879,-0.610124
215.4210,-18644,-48.809879,-0.610124
215.4310,-18644,-48.809879,-0.610124
215.4410,-18644,-48.809879,-0.610124
215.4510,-18644,-48.809879,-0.610124
215.4610,-18644,-48.809879,-0.610124
215.4710,-18644,-48.809879,-0.610124
215.4810,-18644,-48.809879,-0.610124
215.4910,-18644,-48.809879,-0.610124
215.5010,-18644,-48.809879,-0.610124
215.5110,-18644,-48.809879,-0.610124
215.5210,-18644,-48.809879,-0.610124
215.5310,-18644,-48.809879,-0.610124
215.5410,-18644,-48.809879,-0.610124
215.5510,-18644,-48.809879,-0.610124
215.5610,-18645,-48.812500,-0.610156
215.5710,-18645,-48.812500,-0.610156
215.5810,-18645,-48.812500,-0.610156
215.5910,-18645,-48.812500,-0.610156
215.6010,-18645,-48.812500,-0.610156
215.6110,-18645,-48.812500,-0.610156
215.6210,-18645,-48.812500,-0.610156
215.6310,-18645,-48.812500,-0.610156
215.6410,-18645,-48.812500,-0.610156
215.6510,-18645,-48.812500,-0.610156
215.6610,-18645,-48.812500,-0.610156
215.6710,-18645,-48.812500,-0.610156
215.6810,-18645,-48.812500,-0.610156
215.6910,-18645,-48.812500,-0.610156
215.7010,-18645,-48.812500,-0.610156
215.7110,-18645,-48.812500,-0.610156
215.7210,-18645,-48.812500,-0.610156
215.7310,-18645,-48.812500,-0.610156
215.7410,-18645,-48.812500,-0.610156
215.7510,-18645,-48.812500,-0.610156
215.7610,-18645,-48.812500,-0.610156
215.7720,-18645,-48.812500,-0.610156
215.7810,-18645,-48.812500,-0.610156
215.7910,-18645,-48.812500,-0.610156
215.8010,-18645,-48.812500,-0.610156
215.8110,-18645,-48.812500,-0.610156
215.8210,-18645,-48.812500,-0.610156
215.8310,-18645,-48.812500,-0.610156
215.8410,-18646,-48.815113,-0.610189
215.8510,-18646,-48.815113,-0.610189
215.8610,-18646,-48.815113,-0.610189
215.8710,-18646,-48.815113,-0.610189
215.8810,-18646,-48.815113,-0.610189
215.8910,-18646,-48.815113,-0.610189
215.9010,-18646,-48.815113,-0.610189
215.9110,-18646,-48.815113,-0.610189
215.9210,-18646,-48.815113,-0.610189
215.9310,-18646,-48.815113,-0.610189
215.9410,-18646,-48.815113,-0.610189
215.9510,-18646,-48.815113,-0.610189
215.9610,-18646,-48.815113,-0.610189
215.9710,-18646,-48.815113,-0.610189
215.9810,-18647,-48.817733,-0.610222
215.9910,-18647,-48.817733,-0.610222
216.0010,-18647,-48.817733,-0.610222
216.0110,-18647,-48.817733,-0.610222
216.0210,-18647,-48.817733,-0.610222
216.0310,-18647,-48.817733,-0.610222
216.0410,-18647,-48.817733,-0.610222
216.0510,-18647,-48.817733,-0.610222
216.0610,-18647,-48.817733,-0.610222
216.0710,-18647,-48.817733,-0.610222
216.0810,-18647,-48.817733,-0.610222
216.0910,-18647,-48.817733,-0.610222
216.1010,-18647,-48.817733,-0.610222
216.1110,-18647,-48.817733,-0.610222
216.1210,-18648,-48.820350,-0.610254
216.1310,-18648,-48.820350,-0.610254
216.1410,-18648,-48.820350,-0.610254
216.1510,-18648,-48.820350,-0.610254
216.1610,-18648,-48.820350,-0.610254
216.1710,-18648,-48.820350,-0.610254
216.1810,-18648,-48.820350,-0.610254
216.1910,-18648,-48.820350,-0.610254
216.2010,-18648,-48.820350,-0.610254
216.2110,-18648,-48.820350,-0.610254
216.2210,-18648,-48.820350,-0.610254
216.2310,-18648,-48.820350,-0.610254
216.2410,-18648,-48.820350,-0.610254
216.2510,-18648,-48.820350,-0.610254
216.2610,-18648,-48.820350,-0.610254
216.2710,-18648,-48.820350,-0.610254
216.2810,-18648,-48.820350,-0.610254
216.2910,-18648,-48.820350,-0.610254
216.3010,-18648,-48.820350,-0.610254
216.3110,-18648,-48.820350,-0.610254
216.3210,-18648,-48.820350,-0.610254
216.3310,-18648,-48.820350,-0.610254
216.3410,-18648,-48.820350,-0.610254
216.3510,-18648,-48.820350,-0.610254
216.3610,-18648,-48.820350,-0.610254
216.3710,-18648,-48.820350,-0.610254
216.3810,-18648,-48.820350,-0.610254
216.3910,-18649,-48.822971,-0.610287
216.4010,-18649,-48.822971,-0.610287
216.4120,-18649,-48.822971,-0.610287
216.4210,-18649,-48.822971,-0.610287
216.4310,-18649,-48.822971,-0.610287
216.4410,-18649,-48.822971,-0.610287
216.4510,-18649,-48.822971,-0.610287
216.4610,-18649,-48.822971,-0.610287
216.4710,-18649,-48.822971,-0.610287
216.4810,-18649,-48.822971,-0.610287
216.4910,-18649,-48.822971,-0.610287
216.5010,-18649,-48.822971,-0.610287
216.5110,-18649,-48.822971,-0.610287
216.5210,-18649,-48.822971,-0.610287
216.5310,-18649,-48.822971,-0.610287
216.5410,-18649,-48.822971,-0.610287
216.5510,-18649,-48.822971,-0.610287
216.5610,-18649,-48.822971,-0.610287
216.5710,-18650,-48.825588,-0.610320
216.5810,-18650,-48.825588,-0.610320
216.5910,-18650,-48.825588,-0.610320
216.6010,-18650,-48.825588,-0.610320
216.6110,-18650,-48.825588,-0.610320
216.6210,-18650,-48.825588,-0.610320
216.6310,-18650,-48.825588,-0.610320
216.6410,-18650,-48.825588,-0.610320
216.6510,-18650,-48.825588,-0.610320
216.6610,-18650,-48.825588,-0.610320
216.6710,-18650,-48.825588,-0.610320
216.6810,-18650,-48.825588,-0.610320
216.6910,-18650,-48.825588,-0.610320
216.7010,-18650,-48.825588,-0.610320
216.7110,-18650,-48.825588,-0.610320
216.7210,-18650,-48.825588,-0.610320
216.7310,-18650,-48.825588,-0.610320
216.7410,-18650,-48.825588,-0.610320
216.7510,-18650,-48.825588,-0.610320
216.7610,-18650,-48.825588,-0.610320
216.7710,-18650,-48.825588,-0.610320
216.7810,-18650,-48.825588,-0.610320
216.7910,-18650,-48.825588,-0.610320
216.8010,-18650,-48.825588,-0.610320
216.8110,-18651,-48.828205,-0.610353
216.8210,-18651,-48.828205,-0.610353
216.8310,-18651,-48.828205,-0.610353
216.8410,-18651,-48.828205,-0.610353
216.8510,-18651,-48.828205,-0.610353
216.8610,-18651,-48.828205,-0.610353
216.8710,-18651,-48.828205,-0.610353
216.8810,-18651,-48.828205,-0.610353
216.8910,-18651,-48.828205,-0.610353
216.9010,-18651,-48.828205,-0.610353
216.9110,-18651,-48.828205,-0.610353
216.9210,-18651,-48.828205,-0.610353
216.9310,-18651,-48.828205,-0.610353
216.9410,-18651,-48.828205,-0.610353
216.9510,-18652,-48.830821,-0.610385
216.9610,-18652,-48.830821,-0.610385
216.9710,-18652,-48.830821,-0.610385
216.9810,-18652,-48.830821,-0.610385
216.9910,-18652,-48.830821,-0.610385
217.0010,-18652,-48.830821,-0.610385
217.0110,-18652,-48.830821,-0.610385
217.0210,-18652,-48.830821,-0.610385
217.0310,-18652,-48.830821,-0.610385
217.0410,-18652,-48.830821,-0.610385
217.0520,-18652,-48.830821,-0.610385
217.0610,-18652,-48.830821,-0.610385
217.0710,-18652,-48.830821,-0.610385
217.0810,-18652,-48.830821,-0.610385
217.0910,-18652,-48.830821,-0.610385
217.1010,-18652,-48.830821,-0.610385
217.1110,-18652,-48.830821,-0.610385
217.1210,-18652,-48.830821,-0.610385
217.1310,-18652,-48.830821,-0.610385
217.1410,-18652,-48.830821,-0.610385
217.1510,-18652,-48.830821,-0.610385
217.1610,-18652,-48.830821,-0.610385
217.1710,-18652,-48.830821,-0.610385
217.1810,-18652,-48.830821,-0.610385
217.1910,-18652,-48.830821,-0.610385
217.2010,-18652,-48.830821,-0.610385
217.2110,-18652,-48.830821,-0.610385
217.2210,-18653,-48.833442,-0.610418
217.2310,-18653,-48.833442,-0.610418
217.2410,-18653,-48.833442,-0.610418
217.2510,-18653,-48.833442,-0.610418
217.2610,-18653,-48.833442,-0.610418
217.2710,-18653,-48.833442,-0.610418
217.2810,-18653,-48.833442,-0.610418
217.2910,-18653,-48.833442,-0.610418
217.3010,-18653,-48.833442,-0.610418
217.3110,-18653,-48.833442,-0.610418
217.3210,-18653,-48.833442,-0.610418
217.3310,-18653,-48.833442,-0.610418
217.3410,-18653,-48.833442,-0.610418
217.3510,-18653,-48.833442,-0.610418
217.3610,-18653,-48.833442,-0.610418
217.3710,-18653,-48.833442,-0.610418
217.3810,-18653,-48.833442,-0.610418
217.3910,-18653,-48.833442,-0.610418
217.4010,-18653,-48.833442,-0.610418
217.4110,-18653,-48.833442,-0.610418
217.4210,-18653,-48.833442,-0.610418
217.4310,-18653,-48.833442,-0.610418
217.4410,-18653,-48.833442,-0.610418
217.4510,-18653,-48.833442,-0.610418
217.4610,-18653,-48.833442,-0.610418
217.4710,-18653,-48.833442,-0.610418
217.4810,-18653,-48.833442,-0.610418
217.4910,-18653,-48.833442,-0.610418
217.5010,-18654,-48.836059,-0.610451
217.5110,-18654,-48.836059,-0.610451
217.5210,-18654,-48.836059,-0.610451
217.5310,-18654,-48.836059,-0.610451
217.5410,-18654,-48.836059,-0.610451
217.5510,-18654,-48.836059,-0.610451
217.5610,-18654,-48.836059,-0.610451
217.5710,-18654,-48.836059,-0.610451
217.5810,-18654,-48.836059,-0.610451
217.5910,-18654,-48.836059,-0.610451
217.6010,-18654,-48.836059,-0.610451
217.6110,-18654,-48.836059,-0.610451
217.6210,-18654,-48.836059,-0.610451
217.6310,-18654,-48.836059,-0.610451
217.6410,-18655,-48.838676,-0.610483
217.6510,-18655,-48.838676,-0.610483
217.6610,-18655,-48.838676,-0.610483
217.6710,-18655,-48.838676,-0.610483
217.6810,-18655,-48.838676,-0.610483
217.6920,-18655,-48.838676,-0.610483
217.7010,-18655,-48.838676,-0.610483
217.7110,-18655,-48.838676,-0.610483
217.7210,-18655,-48.838676,-0.610483
217.7310,-18655,-48.838676,-0.610483
217.7410,-18655,-48.838676,-0.610483
217.7510,-18655,-48.838676,-0.610483
217.7610,-18655,-48.838676,-0.610483
217.7710,-18655,-48.838676,-0.610483
217.7810,-18655,-48.838676,-0.610483
217.7910,-18655,-48.838676,-0.610483
217.8010,-18655,-48.838676,-0.610483
217.8110,-18655,-48.838676,-0.610483
217.8210,-18655,-48.838676,-0.610483
217.8310,-18655,-48.838676,-0.610483
217.8410,-18655,-48.838676,-0.610483
217.8510,-18655,-48.838676,-0.610483
217.8610,-18655,-48.838676,-0.610483
217.8710,-18655,-48.838676,-0.610483
217.8810,-18655,-48.838676,-0.610483
217.8910,-18655,-48.838676,-0.610483
217.9010,-18656,-48.841297,-0.610516
217.9110,-18656,-48.841297,-0.610516
217.9210,-18656,-48.841297,-0.610516
217.9310,-18656,-48.841297,-0.610516
217.9410,-18656,-48.841297,-0.610516
217.9510,-18656,-48.841297,-0.610516
217.9610,-18656,-48.841297,-0.610516
217.9710,-18656,-48.841297,-0.610516
217.9810,-18656,-48.841297,-0.610516
217.9910,-18656,-48.841297,-0.610516
218.0010,-18656,-48.841297,-0.610516
218.0110,-18656,-48.841297,-0.610516
218.0210,-18656,-48.841297,-0.610516
218.0310,-18656,-48.841297,-0.610516
218.0410,-18656,-48.841297,-0.610516
218.0510,-18656,-48.841297,-0.610516
218.0610,-18657,-48.843910,-0.610549
218.0710,-18657,-48.843910,-0.610549
218.0810,-18657,-48.843910,-0.610549
218.0910,-18657,-48.843910,-0.610549
218.1010,-18657,-48.843910,-0.610549
218.1110,-18657,-48.843910,-0.610549
218.1210,-18657,-48.843910,-0.610549
218.1310,-18657,-48.843910,-0.610549
218.1410,-18657,-48.843910,-0.610549
218.1510,-18657,-48.843910,-0.610549
218.1610,-18657,-48.843910,-0.610549
218.1710,-18657,-48.843910,-0.610549
218.1810,-18657,-48.843910,-0.610549
218.1910,-18657,-48.843910,-0.610549
218.2010,-18657,-48.843910,-0.610549
218.2110,-18657,-48.843910,-0.610549
218.2210,-18657,-48.843910,-0.610549
218.2310,-18657,-48.843910,-0.610549
218.2410,-18658,-48.846530,-0.610582
218.2510,-18658,-48.846530,-0.610582
218.2610,-18658,-48.846530,-0.610582
218.2710,-18658,-48.846530,-0.610582
218.2810,-18658,-48.846530,-0.610582
218.2910,-18658,-48.846530,-0.610582
218.3010,-18658,-48.846530,-0.610582
218.3110,-18658,-48.846530,-0.610582
218.3210,-18658,-48.846530,-0.610582
218.3320,-18658,-48.846530,-0.610582
218.3410,-18658,-48.846530,-0.610582
218.3510,-18658,-48.846530,-0.610582
218.3610,-18658,-48.846530,-0.610582
218.3710,-18658,-48.846530,-0.610582
218.3810,-18658,-48.846530,-0.610582
218.3910,-18658,-48.846530,-0.610582
218.4010,-18658,-48.846530,-0.610582
218.4110,-18658,-48.846530,-0.610582
218.4210,-18658,-48.846530,-0.610582
218.4310,-18658,-48.846530,-0.610582
218.4410,-18658,-48.846530,-0.610582
218.4510,-18658,-48.846530,-0.610582
218.4610,-18658,-48.846530,-0.610582
218.4710,-18659,-48.849147,-0.610614
218.4810,-18659,-48.849147,-0.610614
218.4910,-18659,-48.849147,-0.610614
218.5010,-18659,-48.849147,-0.610614
218.5110,-18659,-48.849147,-0.610614
218.5210,-18659,-48.849147,-0.610614
218.5310,-18659,-48.849147,-0.610614
218.5410,-18659,-48.849147,-0.610614
218.5510,-18659,-48.849147,-0.610614
218.5610,-18659,-48.849147,-0.610614
218.5710,-18659,-48.849147,-0.610614
218.5810,-18659,-48.849147,-0.610614
218.5910,-18659,-48.849147,-0.610614
218.6010,-18659,-48.849147,-0.610614
218.6110,-18660,-48.851768,-0.610647
218.6210,-18660,-48.851768,-0.610647
218.6310,-18660,-48.851768,-0.610647
218.6410,-18660,-48.851768,-0.610647
218.6510,-18660,-48.851768,-0.610647
218.6610,-18660,-48.851768,-0.610647
218.6710,-18660,-48.851768,-0.610647
218.6810,-18660,-48.851768,-0.610647
218.6910,-18660,-48.851768,-0.610647
218.7010,-18660,-48.851768,-0.610647
218.7110,-18660,-48.851768,-0.610647
218.7210,-18660,-48.851768,-0.610647
218.7310,-18660,-48.851768,-0.610647
218.7410,-18660,-48.851768,-0.610647
218.7510,-18660,-48.851768,-0.610647
218.7610,-18660,-48.851768,-0.610647
218.7710,-18660,-48.851768,-0.610647
218.7810,-18660,-48.851768,-0.610647
218.7910,-18660,-48.851768,-0.610647
218.8010,-18660,-48.851768,-0.610647
218.8110,-18660,-48.851768,-0.610647
218.8210,-18660,-48.851768,-0.610647
218.8310,-18660,-48.851768,-0.610647
218.8410,-18660,-48.851768,-0.610647
218.8510,-18660,-48.851768,-0.610647
218.8610,-18660,-48.851768,-0.610647
218.8710,-18660,-48.851768,-0.610647
218.8810,-18660,-48.851768,-0.610647
218.8910,-18661,-48.854385,-0.610680
218.9010,-18661,-48.854385,-0.610680
218.9110,-18661,-48.854385,-0.610680
218.9210,-18661,-48.854385,-0.610680
218.9310,-18661,-48.854385,-0.610680
218.9410,-18661,-48.854385,-0.610680
218.9510,-18661,-48.854385,-0.610680
218.9610,-18661,-48.854385,-0.610680
218.9720,-18661,-48.854385,-0.610680
218.9810,-18661,-48.854385,-0.610680
218.9910,-18661,-48.854385,-0.610680
219.0010,-18661,-48.854385,-0.610680
219.0110,-18661,-48.854385,-0.610680
219.0210,-18661,-48.854385,-0.610680
219.0310,-18661,-48.854385,-0.610680
219.0410,-18661,-48.854385,-0.610680
219.0510,-18661,-48.854385,-0.610680
219.0610,-18661,-48.854385,-0.610680
219.0710,-18662,-48.857002,-0.610713
219.0810,-18662,-48.857002,-0.610713
219.0910,-18662,-48.857002,-0.610713
219.1010,-18662,-48.857002,-0.610713
219.1110,-18662,-48.857002,-0.610713
219.1210,-18662,-48.857002,-0.610713
219.1310,-18662,-48.857002,-0.610713
219.1410,-18662,-48.857002,-0.610713
219.1510,-18662,-48.857002,-0.610713
219.1610,-18662,-48.857002,-0.610713
219.1710,-18662,-48.857002,-0.610713
219.1810,-18662,-48.857002,-0.610713
219.1910,-18662,-48.857002,-0.610713
219.2010,-18662,-48.857002,-0.610713
219.2110,-18662,-48.857002,-0.610713
219.2210,-18662,-48.857002,-0.610713
219.2310,-18662,-48.857002,-0.610713
219.2410,-18662,-48.857002,-0.610713
219.2510,-18662,-48.857002,-0.610713
219.2610,-18662,-48.857002,-0.610713
219.2710,-18662,-48.857002,-0.610713
219.2810,-18662,-48.857002,-0.610713
219.2910,-18662,-48.857002,-0.610713
219.3010,-18663,-48.859619,-0.610745
219.3110,-18663,-48.859619,-0.610745
219.3210,-18663,-48.859619,-0.610745
219.3310,-18663,-48.859619,-0.610745
219.3410,-18663,-48.859619,-0.610745
219.3510,-18663,-48.859619,-0.610745
219.3610,-18663,-48.859619,-0.610745
219.3710,-18663,-48.859619,-0.610745
219.3810,-18663,-48.859619,-0.610745
219.3910,-18663,-48.859619,-0.610745
219.4010,-18663,-48.859619,-0.610745
219.4110,-18663,-48.859619,-0.610745
219.4210,-18663,-48.859619,-0.610745
219.4310,-18663,-48.859619,-0.610745
219.4410,-18663,-48.859619,-0.610745
219.4510,-18663,-48.859619,-0.610745
219.4610,-18663,-48.859619,-0.610745
219.4710,-18663,-48.859619,-0.610745
219.4810,-18663,-48.859619,-0.610745
219.4910,-18663,-48.859619,-0.610745
219.5010,-18663,-48.859619,-0.610745
219.5110,-18663,-48.859619,-0.610745
219.5210,-18663,-48.859619,-0.610745
219.5310,-18663,-48.859619,-0.610745
219.5410,-18663,-48.859619,-0.610745
219.5510,-18663,-48.859619,-0.610745
219.5610,-18663,-48.859619,-0.610745
219.5710,-18663,-48.859619,-0.610745
219.5810,-18664,-48.862239,-0.610778
219.5910,-18664,-48.862239,-0.610778
219.6010,-18664,-48.862239,-0.610778
219.6120,-18664,-48.862239,-0.610778
219.6210,-18664,-48.862239,-0.610778
219.6310,-18664,-48.862239,-0.610778
219.6410,-18664,-48.862239,-0.610778
219.6510,-18664,-48.862239,-0.610778
219.6610,-18664,-48.862239,-0.610778
219.6710,-18664,-48.862239,-0.610778
219.6810,-18664,-48.862239,-0.610778
219.6910,-18664,-48.862239,-0.610778
219.7010,-18664,-48.862239,-0.610778
219.7110,-18664,-48.862239,-0.610778
219.7210,-18664,-48.862239,-0.610778
219.7310,-18664,-48.862239,-0.610778
219.7410,-18664,-48.862239,-0.610778
219.7510,-18664,-48.862239,-0.610778
219.7610,-18664,-48.862239,-0.610778
219.7710,-18664,-48.862239,-0.610778
219.7810,-18664,-48.862239,-0.610778
219.7910,-18664,-48.862239,-0.610778
219.8010,-18664,-48.862239,-0.610778
219.8110,-18664,-48.862239,-0.610778
219.8210,-18664,-48.862239,-0.610778
219.8310,-18664,-48.862239,-0.610778
219.8410,-18664,-48.862239,-0.610778
219.8510,-18664,-48.862239,-0.610778
219.8610,-18665,-48.864856,-0.610811
219.8710,-18665,-48.864856,-0.610811
219.8810,-18665,-48.864856,-0.610811
219.8910,-18665,-48.864856,-0.610811
219.9010,-18665,-48.864856,-0.610811
219.9110,-18665,-48.864856,-0.610811
219.9210,-18665,-48.864856,-0.610811
219.9310,-18665,-48.864856,-0.610811
219.9410,-18665,-48.864856,-0.610811
219.9510,-18665,-48.864856,-0.610811
219.9610,-18665,-48.864856,-0.610811
219.9710,-18665,-48.864856,-0.610811
219.9810,-18665,-48.864856,-0.610811
219.9910,-18665,-48.864856,-0.610811
220.0010,-18665,-48.864856,-0.610811
220.0110,-18665,-48.864856,-0.610811
220.0210,-18665,-48.864856,-0.610811
220.0310,-18665,-48.864856,-0.610811
220.0410,-18665,-48.864856,-0.610811
220.0510,-18665,-48.864856,-0.610811
220.0610,-18665,-48.864856,-0.610811
220.0710,-18665,-48.864856,-0.610811
220.0810,-18665,-48.864856,-0.610811
220.0910,-18665,-48.864856,-0.610811
220.1010,-18665,-48.864856,-0.610811
220.1110,-18665,-48.864856,-0.610811
220.1210,-18665,-48.864856,-0.610811
220.1310,-18665,-48.864856,-0.610811
220.1410,-18666,-48.867477,-0.610843
220.1510,-18666,-48.867477,-0.610843
220.1610,-18666,-48.867477,-0.610843
220.1710,-18666,-48.867477,-0.610843
220.1810,-18666,-48.867477,-0.610843
220.1910,-18666,-48.867477,-0.610843
220.2010,-18666,-48.867477,-0.610843
220.2110,-18666,-48.867477,-0.610843
220.2210,-18666,-48.867477,-0.610843
220.2310,-18666,-48.867477,-0.610843
220.2410,-18666,-48.867477,-0.610843
220.2520,-18666,-48.867477,-0.610843
220.2610,-18666,-48.867477,-0.610843
220.2710,-18666,-48.867477,-0.610843
220.2810,-18666,-48.867477,-0.610843
220.2910,-18666,-48.867477,-0.610843
220.3010,-18666,-48.867477,-0.610843
220.3110,-18666,-48.867477,-0.610843
220.3210,-18666,-48.867477,-0.610843
220.3310,-18666,-48.867477,-0.610843
220.3410,-18666,-48.867477,-0.610843
220.3510,-18666,-48.867477,-0.610843
220.3610,-18666,-48.867477,-0.610843
220.3710,-18666,-48.867477,-0.610843
220.3810,-18666,-48.867477,-0.610843
220.3910,-18666,-48.867477,-0.610843
220.4010,-18666,-48.867477,-0.610843
220.4110,-18667,-48.870090,-0.610876
220.4210,-18667,-48.870090,-0.610876
220.4310,-18667,-48.870090,-0.610876
220.4410,-18667,-48.870090,-0.610876
220.4510,-18667,-48.870090,-0.610876
220.4610,-18667,-48.870090,-0.610876
220.4710,-18667,-48.870090,-0.610876
220.4810,-18667,-48.870090,-0.610876
220.4910,-18667,-48.870090,-0.610876
220.5010,-18667,-48.870090,-0.610876
220.5110,-18667,-48.870090,-0.610876
220.5210,-18667,-48.870090,-0.610876
220.5310,-18667,-48.870090,-0.610876
220.5410,-18667,-48.870090,-0.610876
220.5510,-18667,-48.870090,-0.610876
220.5610,-18667,-48.870090,-0.610876
220.5710,-18667,-48.870090,-0.610876
220.5810,-18667,-48.870090,-0.610876
220.5910,-18667,-48.870090,-0.610876
220.6010,-18667,-48.870090,-0.610876
220.6110,-18667,-48.870090,-0.610876
220.6210,-18667,-48.870090,-0.610876
220.6310,-18667,-48.870090,-0.610876
220.6410,-18667,-48.870090,-0.610876
220.6510,-18667,-48.870090,-0.610876
220.6610,-18667,-48.870090,-0.610876
220.6710,-18667,-48.870090,-0.610876
220.6810,-18668,-48.872711,-0.610909
220.6910,-18668,-48.872711,-0.610909
220.7010,-18668,-48.872711,-0.610909
220.7110,-18668,-48.872711,-0.610909
220.7210,-18668,-48.872711,-0.610909
220.7310,-18668,-48.872711,-0.610909
220.7410,-18668,-48.872711,-0.610909
220.7510,-18668,-48.872711,-0.610909
220.7610,-18668,-48.872711,-0.610909
220.7710,-18668,-48.872711,-0.610909
220.7810,-18668,-48.872711,-0.610909
220.7910,-18668,-48.872711,-0.610909
220.8010,-18668,-48.872711,-0.610909
220.8110,-18668,-48.872711,-0.610909
220.8210,-18668,-48.872711,-0.610909
220.8310,-18668,-48.872711,-0.610909
220.8410,-18669,-48.875328,-0.610942
220.8510,-18669,-48.875328,-0.610942
220.8610,-18669,-48.875328,-0.610942
220.8710,-18669,-48.875328,-0.610942
220.8810,-18669,-48.875328,-0.610942
220.8920,-18669,-48.875328,-0.610942
220.9010,-18669,-48.875328,-0.610942
220.9110,-18669,-48.875328,-0.610942
220.9210,-18669,-48.875328,-0.610942
220.9310,-18669,-48.875328,-0.610942
220.9410,-18669,-48.875328,-0.610942
220.9510,-18669,-48.875328,-0.610942
220.9610,-18669,-48.875328,-0.610942
220.9710,-18669,-48.875328,-0.610942
220.9810,-18669,-48.875328,-0.610942
220.9910,-18669,-48.875328,-0.610942
221.0010,-18669,-48.875328,-0.610942
221.0110,-18669,-48.875328,-0.610942
221.0210,-18669,-48.875328,-0.610942
221.0310,-18669,-48.875328,-0.610942
221.0410,-18669,-48.875328,-0.610942
221.0510,-18669,-48.875328,-0.610942
221.0610,-18669,-48.875328,-0.610942
221.0710,-18669,-48.875328,-0.610942
221.0810,-18669,-48.875328,-0.610942
221.0910,-18669,-48.875328,-0.610942
221.1010,-18669,-48.875328,-0.610942
221.1110,-18669,-48.875328,-0.610942
221.1210,-18669,-48.875328,-0.610942
221.1310,-18669,-48.875328,-0.610942
221.1410,-18669,-48.875328,-0.610942
221.1510,-18669,-48.875328,-0.610942
221.1610,-18669,-48.875328,-0.610942
221.1710,-18669,-48.875328,-0.610942
221.1810,-18669,-48.875328,-0.610942
221.1910,-18669,-48.875328,-0.610942
221.2010,-18669,-48.875328,-0.610942
221.2110,-18669,-48.875328,-0.610942
221.2210,-18669,-48.875328,-0.610942
221.2310,-18669,-48.875328,-0.610942
221.2410,-18669,-48.875328,-0.610942
221.2510,-18670,-48.877948,-0.610974
221.2610,-18670,-48.877948,-0.610974
221.2710,-18670,-48.877948,-0.610974
221.2810,-18670,-48.877948,-0.610974
221.2910,-18670,-48.877948,-0.610974
221.3010,-18670,-48.877948,-0.610974
221.3110,-18670,-48.877948,-0.610974
221.3210,-18670,-48.877948,-0.610974
221.3310,-18670,-48.877948,-0.610974
221.3410,-18670,-48.877948,-0.610974
221.3510,-18670,-48.877948,-0.610974
221.3610,-18670,-48.877948,-0.610974
221.3710,-18670,-48.877948,-0.610974
221.3810,-18670,-48.877948,-0.610974
221.3910,-18671,-48.880565,-0.611007
221.4010,-18671,-48.880565,-0.611007
221.4110,-18671,-48.880565,-0.611007
221.4210,-18671,-48.880565,-0.611007
221.4310,-18671,-48.880565,-0.611007
221.4410,-18671,-48.880565,-0.611007
221.4510,-18671,-48.880565,-0.611007
221.4610,-18671,-48.880565,-0.611007
221.4710,-18671,-48.880565,-0.611007
221.4810,-18671,-48.880565,-0.611007
221.4910,-18671,-48.880565,-0.611007
221.5010,-18671,-48.880565,-0.611007
221.5110,-18671,-48.880565,-0.611007
221.5210,-18671,-48.880565,-0.611007
221.5320,-18671,-48.880565,-0.611007
221.5410,-18671,-48.880565,-0.611007
221.5510,-18671,-48.880565,-0.611007
221.5610,-18671,-48.880565,-0.611007
221.5710,-18671,-48.880565,-0.611007
221.5810,-18671,-48.880565,-0.611007
221.5910,-18671,-48.880565,-0.611007
221.6010,-18671,-48.880565,-0.611007
221.6110,-18671,-48.880565,-0.611007
221.6210,-18671,-48.880565,-0.611007
221.6310,-18671,-48.880565,-0.611007
221.6410,-18671,-48.880565,-0.611007
221.6510,-18671,-48.880565,-0.611007
221.6610,-18671,-48.880565,-0.611007
221.6710,-18672,-48.883182,-0.611040
221.6810,-18672,-48.883182,-0.611040
221.6910,-18672,-48.883182,-0.611040
221.7010,-18672,-48.883182,-0.611040
221.7110,-18672,-48.883182,-0.611040
221.7210,-18672,-48.883182,-0.611040
221.7310,-18672,-48.883182,-0.611040
221.7410,-18672,-48.883182,-0.611040
221.7510,-18672,-48.883182,-0.611040
221.7610,-18672,-48.883182,-0.611040
221.7710,-18672,-48.883182,-0.611040
221.7810,-18672,-48.883182,-0.611040
221.7910,-18672,-48.883182,-0.611040
221.8010,-18672,-48.883182,-0.611040
221.8110,-18672,-48.883182,-0.611040
221.8210,-18672,-48.883182,-0.611040
221.8310,-18672,-48.883182,-0.611040
221.8410,-18672,-48.883182,-0.611040
221.8510,-18672,-48.883182,-0.611040
221.8610,-18672,-48.883182,-0.611040
221.8710,-18672,-48.883182,-0.611040
221.8810,-18672,-48.883182,-0.611040
221.8910,-18672,-48.883182,-0.611040
221.9010,-18672,-48.883182,-0.611040
221.9110,-18672,-48.883182,-0.611040
221.9210,-18672,-48.883182,-0.611040
221.9310,-18672,-48.883182,-0.611040
221.9410,-18672,-48.883182,-0.611040
221.9510,-18672,-48.883182,-0.611040
221.9610,-18672,-48.883182,-0.611040
221.9710,-18673,-48.885799,-0.611072
221.9810,-18673,-48.885799,-0.611072
221.9910,-18673,-48.885799,-0.611072
222.0010,-18673,-48.885799,-0.611072
222.0110,-18673,-48.885799,-0.611072
222.0210,-18673,-48.885799,-0.611072
222.0310,-18673,-48.885799,-0.611072
222.0410,-18673,-48.885799,-0.611072
222.0510,-18673,-48.885799,-0.611072
222.0610,-18673,-48.885799,-0.611072
222.0710,-18673,-48.885799,-0.611072
222.0810,-18673,-48.885799,-0.611072
222.0910,-18673,-48.885799,-0.611072
222.1010,-18673,-48.885799,-0.611072
222.1110,-18673,-48.885799,-0.611072
222.1210,-18673,-48.885799,-0.611072
222.1310,-18673,-48.885799,-0.611072
222.1410,-18673,-48.885799,-0.611072
222.1510,-18673,-48.885799,-0.611072
222.1610,-18673,-48.885799,-0.611072
222.1720,-18673,-48.885799,-0.611072
222.1810,-18673,-48.885799,-0.611072
222.1910,-18673,-48.885799,-0.611072
222.2010,-18673,-48.885799,-0.611072
222.2110,-18673,-48.885799,-0.611072
222.2210,-18673,-48.885799,-0.611072
222.2310,-18673,-48.885799,-0.611072
222.2410,-18673,-48.885799,-0.611072
222.2510,-18673,-48.885799,-0.611072
222.2610,-18673,-48.885799,-0.611072
222.2710,-18673,-48.885799,-0.611072
222.2810,-18673,-48.885799,-0.611072
222.2910,-18673,-48.885799,-0.611072
222.3010,-18673,-48.885799,-0.611072
222.3110,-18673,-48.885799,-0.611072
222.3210,-18673,-48.885799,-0.611072
222.3310,-18673,-48.885799,-0.611072
222.3410,-18673,-48.885799,-0.611072
222.3510,-18673,-48.885799,-0.611072
222.3610,-18674,-48.888420,-0.611105
222.3710,-18674,-48.888420,-0.611105
222.3810,-18674,-48.888420,-0.611105
222.3910,-18674,-48.888420,-0.611105
222.4010,-18674,-48.888420,-0.611105
222.4110,-18674,-48.888420,-0.611105
222.4210,-18674,-48.888420,-0.611105
222.4310,-18674,-48.888420,-0.611105
222.4410,-18674,-48.888420,-0.611105
222.4510,-18674,-48.888420,-0.611105
222.4610,-18674,-48.888420,-0.611105
222.4710,-18674,-48.888420,-0.611105
222.4810,-18674,-48.888420,-0.611105
222.4910,-18674,-48.888420,-0.611105
222.5010,-18674,-48.888420,-0.611105
222.5110,-18674,-48.888420,-0.611105
222.5210,-18674,-48.888420,-0.611105
222.5310,-18674,-48.888420,-0.611105
222.5410,-18674,-48.888420,-0.611105
222.5510,-18674,-48.888420,-0.611105
222.5610,-18674,-48.888420,-0.611105
222.5710,-18674,-48.888420,-0.611105
222.5810,-18674,-48.888420,-0.611105
222.5910,-18674,-48.888420,-0.611105
222.6010,-18674,-48.888420,-0.611105
222.6110,-18674,-48.888420,-0.611105
222.6210,-18674,-48.888420,-0.611105
222.6310,-18675,-48.891036,-0.611138
222.6410,-18675,-48.891036,-0.611138
222.6510,-18675,-48.891036,-0.611138
222.6610,-18675,-48.891036,-0.611138
222.6710,-18675,-48.891036,-0.611138
222.6810,-18675,-48.891036,-0.611138
222.6910,-18675,-48.891036,-0.611138
222.7010,-18675,-48.891036,-0.611138
222.7110,-18675,-48.891036,-0.611138
222.7210,-18675,-48.891036,-0.611138
222.7310,-18675,-48.891036,-0.611138
222.7410,-18675,-48.891036,-0.611138
222.7510,-18675,-48.891036,-0.611138
222.7610,-18675,-48.891036,-0.611138
222.7710,-18675,-48.891036,-0.611138
222.7810,-18675,-48.891036,-0.611138
222.7910,-18675,-48.891036,-0.611138
222.8010,-18675,-48.891036,-0.611138
222.8120,-18675,-48.891036,-0.611138
222.8210,-18675,-48.891036,-0.611138
222.8310,-18675,-48.891036,-0.611138
222.8410,-18675,-48.891036,-0.611138
222.8510,-18674,-48.888420,-0.611105
222.8610,-18674,-48.888420,-0.611105
222.8710,-18674,-48.888420,-0.611105
222.8810,-18674,-48.888420,-0.611105
222.8910,-18674,-48.888420,-0.611105
222.9010,-18674,-48.888420,-0.611105
222.9110,-18674,-48.888420,-0.611105
222.9210,-18674,-48.888420,-0.611105
222.9310,-18674,-48.888420,-0.611105
222.9410,-18674,-48.888420,-0.611105
222.9510,-18674,-48.888420,-0.611105
222.9610,-18674,-48.888420,-0.611105
222.9710,-18674,-48.888420,-0.611105
222.9810,-18674,-48.888420,-0.611105
222.9910,-18674,-48.888420,-0.611105
223.0010,-18674,-48.888420,-0.611105
223.0110,-18674,-48.888420,-0.611105
223.0210,-18674,-48.888420,-0.611105
223.0310,-18674,-48.888420,-0.611105
223.0410,-18674,-48.888420,-0.611105
223.0510,-18675,-48.891036,-0.611138
223.0610,-18675,-48.891036,-0.611138
223.0710,-18675,-48.891036,-0.611138
223.0810,-18675,-48.891036,-0.611138
223.0910,-18675,-48.891036,-0.611138
223.1010,-18675,-48.891036,-0.611138
223.1110,-18675,-48.891036,-0.611138
223.1210,-18675,-48.891036,-0.611138
223.1310,-18675,-48.891036,-0.611138
223.1410,-18675,-48.891036,-0.611138
223.1510,-18675,-48.891036,-0.611138
223.1610,-18675,-48.891036,-0.611138
223.1710,-18675,-48.891036,-0.611138
223.1810,-18675,-48.891036,-0.611138
223.1910,-18675,-48.891036,-0.611138
223.2010,-18675,-48.891036,-0.611138
223.2110,-18675,-48.891036,-0.611138
223.2210,-18675,-48.891036,-0.611138
223.2310,-18675,-48.891036,-0.611138
223.2410,-18675,-48.891036,-0.611138
223.2510,-18675,-48.891036,-0.611138
223.2610,-18675,-48.891036,-0.611138
223.2710,-18675,-48.891036,-0.611138
223.2810,-18675,-48.891036,-0.611138
223.2910,-18675,-48.891036,-0.611138
223.3010,-18675,-48.891036,-0.611138
223.3110,-18675,-48.891036,-0.611138
223.3210,-18675,-48.891036,-0.611138
223.3310,-18675,-48.891036,-0.611138
223.3410,-18675,-48.891036,-0.611138
223.3510,-18676,-48.893653,-0.611171
223.3610,-18676,-48.893653,-0.611171
223.3710,-18676,-48.893653,-0.611171
223.3810,-18676,-48.893653,-0.611171
223.3910,-18676,-48.893653,-0.611171
223.4010,-18676,-48.893653,-0.611171
223.4110,-18676,-48.893653,-0.611171
223.4210,-18676,-48.893653,-0.611171
223.4310,-18676,-48.893653,-0.611171
223.4410,-18676,-48.893653,-0.611171
223.4520,-18676,-48.893653,-0.611171
223.4610,-18676,-48.893653,-0.611171
223.4710,-18676,-48.893653,-0.611171
223.4810,-18676,-48.893653,-0.611171
223.4910,-18676,-48.893653,-0.611171
223.5010,-18676,-48.893653,-0.611171
223.5110,-18676,-48.893653,-0.611171
223.5210,-18676,-48.893653,-0.611171
223.5310,-18676,-48.893653,-0.611171
223.5410,-18676,-48.893653,-0.611171
223.5510,-18676,-48.893653,-0.611171
223.5610,-18676,-48.893653,-0.611171
223.5710,-18676,-48.893653,-0.611171
223.5810,-18676,-48.893653,-0.611171
223.5910,-18676,-48.893653,-0.611171
223.6010,-18676,-48.893653,-0.611171
223.6110,-18676,-48.893653,-0.611171
223.6210,-18677,-48.896274,-0.611203
223.6310,-18677,-48.896274,-0.611203
223.6410,-18677,-48.896274,-0.611203
223.6510,-18677,-48.896274,-0.611203
223.6610,-18677,-48.896274,-0.611203
223.6710,-18677,-48.896274,-0.611203
223.6810,-18677,-48.896274,-0.611203
223.6910,-18677,-48.896274,-0.611203
223.7010,-18677,-48.896274,-0.611203
223.7110,-18677,-48.896274,-0.611203
223.7210,-18677,-48.896274,-0.611203
223.7310,-18677,-48.896274,-0.611203
223.7410,-18677,-48.896274,-0.611203
223.7510,-18677,-48.896274,-0.611203
223.7610,-18677,-48.896274,-0.611203
223.7710,-18677,-48.896274,-0.611203
223.7810,-18677,-48.896274,-0.611203
223.7910,-18677,-48.896274,-0.611203
223.8010,-18677,-48.896274,-0.611203
223.8110,-18677,-48.896274,-0.611203
223.8210,-18677,-48.896274,-0.611203
223.8310,-18677,-48.896274,-0.611203
223.8410,-18677,-48.896274,-0.611203
223.8510,-18677,-48.896274,-0.611203
223.8610,-18677,-48.896274,-0.611203
223.8710,-18677,-48.896274,-0.611203
223.8810,-18677,-48.896274,-0.611203
223.8910,-18677,-48.896274,-0.611203
223.9010,-18677,-48.896274,-0.611203
223.9110,-18677,-48.896274,-0.611203
223.9210,-18677,-48.896274,-0.611203
223.9310,-18677,-48.896274,-0.611203
223.9410,-18677,-48.896274,-0.611203
223.9510,-18677,-48.896274,-0.611203
223.9610,-18677,-48.896274,-0.611203
223.9710,-18677,-48.896274,-0.611203
223.9810,-18677,-48.896274,-0.611203
223.9910,-18677,-48.896274,-0.611203
224.0010,-18677,-48.896274,-0.611203
224.0110,-18677,-48.896274,-0.611203
224.0210,-18678,-48.898891,-0.611236
224.0310,-18678,-48.898891,-0.611236
224.0410,-18678,-48.898891,-0.611236
224.0510,-18678,-48.898891,-0.611236
224.0610,-18678,-48.898891,-0.611236
224.0710,-18678,-48.898891,-0.611236
224.0810,-18678,-48.898891,-0.611236
224.0920,-18678,-48.898891,-0.611236
224.1010,-18678,-48.898891,-0.611236
224.1110,-18678,-48.898891,-0.611236
224.1210,-18678,-48.898891,-0.611236
224.1310,-18678,-48.898891,-0.611236
224.1410,-18678,-48.898891,-0.611236
224.1510,-18678,-48.898891,-0.611236
224.1610,-18678,-48.898891,-0.611236
224.1710,-18678,-48.898891,-0.611236
224.1810,-18679,-48.901508,-0.611269
224.1910,-18679,-48.901508,-0.611269
224.2010,-18679,-48.901508,-0.611269
224.2110,-18679,-48.901508,-0.611269
224.2210,-18679,-48.901508,-0.611269
224.2310,-18679,-48.901508,-0.611269
224.2410,-18679,-48.901508,-0.611269
224.2510,-18679,-48.901508,-0.611269
224.2610,-18679,-48.901508,-0.611269
224.2710,-18679,-48.901508,-0.611269
224.2810,-18679,-48.901508,-0.611269
224.2910,-18679,-48.901508,-0.611269
224.3010,-18679,-48.901508,-0.611269
224.3110,-18679,-48.901508,-0.611269
224.3210,-18679,-48.901508,-0.611269
224.3310,-18679,-48.901508,-0.611269
224.3410,-18679,-48.901508,-0.611269
224.3510,-18679,-48.901508,-0.611269
224.3610,-18679,-48.901508,-0.611269
224.3710,-18679,-48.901508,-0.611269
224.3810,-18679,-48.901508,-0.611269
224.3910,-18679,-48.901508,-0.611269
224.4010,-18679,-48.901508,-0.611269
224.4110,-18679,-48.901508,-0.611269
224.4210,-18679,-48.901508,-0.611269
224.4310,-18679,-48.901508,-0.611269
224.4410,-18679,-48.901508,-0.611269
224.4510,-18679,-48.901508,-0.611269
224.4610,-18679,-48.901508,-0.611269
224.4710,-18679,-48.901508,-0.611269
224.4810,-18679,-48.901508,-0.611269
224.4910,-18679,-48.901508,-0.611269
224.5010,-18679,-48.901508,-0.611269
224.5110,-18679,-48.901508,-0.611269
224.5210,-18679,-48.901508,-0.611269
224.5310,-18679,-48.901508,-0.611269
224.5410,-18679,-48.901508,-0.611269
224.5510,-18679,-48.901508,-0.611269
224.5610,-18679,-48.901508,-0.611269
224.5710,-18679,-48.901508,-0.611269
224.5810,-18680,-48.904125,-0.611302
224.5910,-18680,-48.904125,-0.611302
224.6010,-18680,-48.904125,-0.611302
224.6110,-18680,-48.904125,-0.611302
224.6210,-18680,-48.904125,-0.611302
224.6310,-18680,-48.904125,-0.611302
224.6410,-18680,-48.904125,-0.611302
224.6510,-18680,-48.904125,-0.611302
224.6610,-18680,-48.904125,-0.611302
224.6710,-18680,-48.904125,-0.611302
224.6810,-18680,-48.904125,-0.611302
224.6910,-18680,-48.904125,-0.611302
224.7010,-18680,-48.904125,-0.611302
224.7110,-18680,-48.904125,-0.611302
224.7210,-18680,-48.904125,-0.611302
224.7320,-18680,-48.904125,-0.611302
224.7410,-18680,-48.904125,-0.611302
224.7510,-18680,-48.904125,-0.611302
224.7610,-18680,-48.904125,-0.611302
224.7710,-18680,-48.904125,-0.611302
224.7810,-18680,-48.904125,-0.611302
224.7910,-18680,-48.904125,-0.611302
224.8010,-18680,-48.904125,-0.611302
224.8110,-18680,-48.904125,-0.611302
224.8210,-18680,-48.904125,-0.611302
224.8310,-18680,-48.904125,-0.611302
224.8410,-18680,-48.904125,-0.611302
224.8510,-18680,-48.904125,-0.611302
224.8610,-18680,-48.904125,-0.611302
224.8710,-18681,-48.906745,-0.611334
224.8810,-18681,-48.906745,-0.611334
224.8910,-18681,-48.906745,-0.611334
224.9010,-18681,-48.906745,-0.611334
224.9110,-18681,-48.906745,-0.611334
224.9210,-18681,-48.906745,-0.611334
224.9310,-18681,-48.906745,-0.611334
224.9410,-18681,-48.906745,-0.611334
224.9510,-18681,-48.906745,-0.611334
224.9610,-18681,-48.906745,-0.611334
224.9710,-18681,-48.906745,-0.611334
224.9810,-18681,-48.906745,-0.611334
224.9910,-18681,-48.906745,-0.611334
225.0010,-18681,-48.906745,-0.611334
225.0110,-18681,-48.906745,-0.611334
225.0210,-18681,-48.906745,-0.611334
225.0310,-18681,-48.906745,-0.611334
225.0410,-18681,-48.906745,-0.611334
225.0510,-18681,-48.906745,-0.611334
225.0610,-18681,-48.906745,-0.611334
225.0710,-18681,-48.906745,-0.611334
225.0810,-18681,-48.906745,-0.611334
225.0910,-18681,-48.906745,-0.611334
225.1010,-18681,-48.906745,-0.611334
225.1110,-18681,-48.906745,-0.611334
225.1210,-18681,-48.906745,-0.611334
225.1310,-18681,-48.906745,-0.611334
225.1410,-18681,-48.906745,-0.611334
225.1510,-18681,-48.906745,-0.611334
225.1610,-18681,-48.906745,-0.611334
225.1710,-18681,-48.906745,-0.611334
225.1810,-18681,-48.906745,-0.611334
225.1910,-18681,-48.906745,-0.611334
225.2010,-18681,-48.906745,-0.611334
225.2110,-18681,-48.906745,-0.611334
225.2210,-18681,-48.906745,-0.611334
225.2310,-18681,-48.906745,-0.611334
225.2410,-18681,-48.906745,-0.611334
225.2510,-18681,-48.906745,-0.611334
225.2610,-18681,-48.906745,-0.611334
225.2710,-18682,-48.909362,-0.611367
225.2810,-18682,-48.909362,-0.611367
225.2910,-18682,-48.909362,-0.611367
225.3010,-18682,-48.909362,-0.611367
225.3110,-18682,-48.909362,-0.611367
225.3210,-18682,-48.909362,-0.611367
225.3310,-18682,-48.909362,-0.611367
225.3410,-18682,-48.909362,-0.611367
225.3510,-18682,-48.909362,-0.611367
225.3610,-18682,-48.909362,-0.611367
225.3720,-18682,-48.909362,-0.611367
225.3810,-18682,-48.909362,-0.611367
225.3910,-18682,-48.909362,-0.611367
225.4010,-18682,-48.909362,-0.611367
225.4110,-18682,-48.909362,-0.611367
225.4210,-18682,-48.909362,-0.611367
225.4310,-18682,-48.909362,-0.611367
225.4410,-18682,-48.909362,-0.611367
225.4510,-18682,-48.909362,-0.611367
225.4610,-18682,-48.909362,-0.611367
225.4710,-18682,-48.909362,-0.611367
225.4810,-18682,-48.909362,-0.611367
225.4910,-18682,-48.909362,-0.611367
225.5010,-18682,-48.909362,-0.611367
225.5110,-18682,-48.909362,-0.611367
225.5210,-18682,-48.909362,-0.611367
225.5310,-18682,-48.909362,-0.611367
225.5410,-18682,-48.909362,-0.611367
225.5510,-18682,-48.909362,-0.611367
225.5610,-18682,-48.909362,-0.611367
225.5710,-18683,-48.911983,-0.611400
225.5810,-18683,-48.911983,-0.611400
225.5910,-18683,-48.911983,-0.611400
225.6010,-18683,-48.911983,-0.611400
225.6110,-18683,-48.911983,-0.611400
225.6210,-18683,-48.911983,-0.611400
225.6310,-18683,-48.911983,-0.611400
225.6410,-18683,-48.911983,-0.611400
225.6510,-18683,-48.911983,-0.611400
225.6610,-18683,-48.911983,-0.611400
225.6710,-18683,-48.911983,-0.611400
225.6810,-18683,-48.911983,-0.611400
225.6910,-18683,-48.911983,-0.611400
225.7010,-18683,-48.911983,-0.611400
225.7110,-18683,-48.911983,-0.611400
225.7210,-18683,-48.911983,-0.611400
225.7310,-18683,-48.911983,-0.611400
225.7410,-18683,-48.911983,-0.611400
225.7510,-18683,-48.911983,-0.611400
225.7610,-18683,-48.911983,-0.611400
225.7710,-18683,-48.911983,-0.611400
225.7810,-18683,-48.911983,-0.611400
225.7910,-18683,-48.911983,-0.611400
225.8010,-18683,-48.911983,-0.611400
225.8110,-18683,-48.911983,-0.611400
225.8210,-18683,-48.911983,-0.611400
225.8310,-18683,-48.911983,-0.611400
225.8410,-18683,-48.911983,-0.611400
225.8510,-18683,-48.911983,-0.611400
225.8610,-18683,-48.911983,-0.611400
225.8710,-18683,-48.911983,-0.611400
225.8810,-18683,-48.911983,-0.611400
225.8910,-18683,-48.911983,-0.611400
225.9010,-18683,-48.911983,-0.611400
225.9110,-18683,-48.911983,-0.611400
225.9210,-18683,-48.911983,-0.611400
225.9310,-18683,-48.911983,-0.611400
225.9410,-18683,-48.911983,-0.611400
225.9510,-18683,-48.911983,-0.611400
225.9610,-18683,-48.911983,-0.611400
225.9710,-18683,-48.911983,-0.611400
225.9810,-18684,-48.914596,-0.611432
225.9910,-18684,-48.914596,-0.611432
226.0010,-18684,-48.914596,-0.611432
226.0120,-18684,-48.914596,-0.611432
226.0210,-18684,-48.914596,-0.611432
226.0310,-18684,-48.914596,-0.611432
226.0410,-18684,-48.914596,-0.611432
226.0510,-18684,-48.914596,-0.611432
226.0610,-18684,-48.914596,-0.611432
226.0710,-18684,-48.914596,-0.611432
226.0810,-18684,-48.914596,-0.611432
226.0910,-18684,-48.914596,-0.611432
226.1010,-18684,-48.914596,-0.611432
226.1110,-18684,-48.914596,-0.611432
226.1210,-18684,-48.914596,-0.611432
226.1310,-18684,-48.914596,-0.611432
226.1410,-18684,-48.914596,-0.611432
226.1510,-18684,-48.914596,-0.611432
226.1610,-18684,-48.914596,-0.611432
226.1710,-18684,-48.914596,-0.611432
226.1810,-18684,-48.914596,-0.611432
226.1910,-18684,-48.914596,-0.611432
226.2010,-18684,-48.914596,-0.611432
226.2110,-18684,-48.914596,-0.611432
226.2210,-18684,-48.914596,-0.611432
226.2310,-18684,-48.914596,-0.611432
226.2410,-18684,-48.914596,-0.611432
226.2510,-18684,-48.914596,-0.611432
226.2610,-18685,-48.917217,-0.611465
226.2710,-18685,-48.917217,-0.611465
226.2810,-18685,-48.917217,-0.611465
226.2910,-18685,-48.917217,-0.611465
226.3010,-18685,-48.917217,-0.611465
226.3110,-18685,-48.917217,-0.611465
226.3210,-18685,-48.917217,-0.611465
226.3310,-18685,-48.917217,-0.611465
226.3410,-18685,-48.917217,-0.611465
226.3510,-18685,-48.917217,-0.611465
226.3610,-18685,-48.917217,-0.611465
226.3710,-18685,-48.917217,-0.611465
226.3810,-18685,-48.917217,-0.611465
226.3910,-18685,-48.917217,-0.611465
226.4010,-18685,-48.917217,-0.611465
226.4110,-18685,-48.917217,-0.611465
226.4210,-18685,-48.917217,-0.611465
226.4310,-18685,-48.917217,-0.611465
226.4410,-18685,-48.917217,-0.611465
226.4510,-18685,-48.917217,-0.611465
226.4610,-18685,-48.917217,-0.611465
226.4710,-18685,-48.917217,-0.611465
226.4810,-18685,-48.917217,-0.611465
226.4910,-18685,-48.917217,-0.611465
226.5010,-18685,-48.917217,-0.611465
226.5110,-18685,-48.917217,-0.611465
226.5210,-18685,-48.917217,-0.611465
226.5310,-18685,-48.917217,-0.611465
226.5410,-18685,-48.917217,-0.611465
226.5510,-18685,-48.917217,-0.611465
226.5610,-18685,-48.917217,-0.611465
226.5710,-18685,-48.917217,-0.611465
226.5810,-18685,-48.917217,-0.611465
226.5910,-18685,-48.917217,-0.611465
226.6010,-18685,-48.917217,-0.611465
226.6110,-18685,-48.917217,-0.611465
226.6210,-18685,-48.917217,-0.611465
226.6310,-18685,-48.917217,-0.611465
226.6410,-18685,-48.917217,-0.611465
226.6520,-18685,-48.917217,-0.611465
226.6610,-18685,-48.917217,-0.611465
226.6710,-18685,-48.917217,-0.611465
226.6810,-18686,-48.919834,-0.611498
226.6910,-18686,-48.919834,-0.611498
226.7010,-18686,-48.919834,-0.611498
226.7110,-18686,-48.919834,-0.611498
226.7210,-18686,-48.919834,-0.611498
226.7310,-18686,-48.919834,-0.611498
226.7410,-18686,-48.919834,-0.611498
226.7510,-18686,-48.919834,-0.611498
226.7610,-18686,-48.919834,-0.611498
226.7710,-18686,-48.919834,-0.611498
226.7810,-18686,-48.919834,-0.611498
226.7910,-18686,-48.919834,-0.611498
226.8010,-18686,-48.919834,-0.611498
226.8110,-18686,-48.919834,-0.611498
226.8210,-18686,-48.919834,-0.611498
226.8310,-18686,-48.919834,-0.611498
226.8410,-18686,-48.919834,-0.611498
226.8510,-18686,-48.919834,-0.611498
226.8610,-18686,-48.919834,-0.611498
226.8710,-18686,-48.919834,-0.611498
226.8810,-18686,-48.919834,-0.611498
226.8910,-18686,-48.919834,-0.611498
226.9010,-18686,-48.919834,-0.611498
226.9110,-18686,-48.919834,-0.611498
226.9210,-18686,-48.919834,-0.611498
226.9310,-18686,-48.919834,-0.611498
226.9410,-18686,-48.919834,-0.611498
226.9510,-18686,-48.919834,-0.611498
226.9610,-18686,-48.919834,-0.611498
226.9710,-18686,-48.919834,-0.611498
226.9810,-18686,-48.919834,-0.611498
226.9910,-18686,-48.919834,-0.611498
227.0010,-18686,-48.919834,-0.611498
227.0110,-18686,-48.919834,-0.611498
227.0210,-18686,-48.919834,-0.611498
227.0310,-18686,-48.919834,-0.611498
227.0410,-18686,-48.919834,-0.611498
227.0510,-18686,-48.919834,-0.611498
227.0610,-18686,-48.919834,-0.611498
227.0710,-18686,-48.919834,-0.611498
227.0810,-18686,-48.919834,-0.611498
227.0910,-18686,-48.919834,-0.611498
227.1010,-18686,-48.919834,-0.611498
227.1110,-18687,-48.922454,-0.611531
227.1210,-18687,-48.922454,-0.611531
227.1310,-18687,-48.922454,-0.611531
227.1410,-18687,-48.922454,-0.611531
227.1510,-18687,-48.922454,-0.611531
227.1610,-18687,-48.922454,-0.611531
227.1710,-18687,-48.922454,-0.611531
227.1810,-18687,-48.922454,-0.611531
227.1910,-18687,-48.922454,-0.611531
227.2010,-18687,-48.922454,-0.611531
227.2110,-18687,-48.922454,-0.611531
227.2210,-18687,-48.922454,-0.611531
227.2310,-18687,-48.922454,-0.611531
227.2410,-18687,-48.922454,-0.611531
227.2510,-18687,-48.922454,-0.611531
227.2610,-18687,-48.922454,-0.611531
227.2710,-18687,-48.922454,-0.611531
227.2810,-18687,-48.922454,-0.611531
227.2920,-18687,-48.922454,-0.611531
227.3010,-18687,-48.922454,-0.611531
227.3110,-18687,-48.922454,-0.611531
227.3210,-18687,-48.922454,-0.611531
227.3310,-18687,-48.922454,-0.611531
227.3410,-18687,-48.922454,-0.611531
227.3510,-18687,-48.922454,-0.611531
227.3610,-18687,-48.922454,-0.611531
227.3710,-18687,-48.922454,-0.611531
227.3810,-18687,-48.922454,-0.611531
227.3910,-18687,-48.922454,-0.611531
227.4010,-18687,-48.922454,-0.611531
227.4110,-18687,-48.922454,-0.611531
227.4210,-18687,-48.922454,-0.611531
227.4310,-18687,-48.922454,-0.611531
227.4410,-18687,-48.922454,-0.611531
227.4510,-18687,-48.922454,-0.611531
227.4610,-18687,-48.922454,-0.611531
227.4710,-18687,-48.922454,-0.611531
227.4810,-18687,-48.922454,-0.611531
227.4910,-18688,-48.925071,-0.611563
227.5010,-18688,-48.925071,-0.611563
227.5110,-18688,-48.925071,-0.611563
227.5210,-18688,-48.925071,-0.611563
227.5310,-18688,-48.925071,-0.611563
227.5410,-18688,-48.925071,-0.611563
227.5510,-18688,-48.925071,-0.611563
227.5610,-18688,-48.925071,-0.611563
227.5710,-18688,-48.925071,-0.611563
227.5810,-18688,-48.925071,-0.611563
227.5910,-18688,-48.925071,-0.611563
227.6010,-18688,-48.925071,-0.611563
227.6110,-18688,-48.925071,-0.611563
227.6210,-18688,-48.925071,-0.611563
227.6310,-18688,-48.925071,-0.611563
227.6410,-18688,-48.925071,-0.611563
227.6510,-18688,-48.925071,-0.611563
227.6610,-18688,-48.925071,-0.611563
227.6710,-18688,-48.925071,-0.611563
227.6810,-18688,-48.925071,-0.611563
227.6910,-18688,-48.925071,-0.611563
227.7010,-18688,-48.925071,-0.611563
227.7110,-18688,-48.925071,-0.611563
227.7210,-18688,-48.925071,-0.611563
227.7310,-18688,-48.925071,-0.611563
227.7410,-18688,-48.925071,-0.611563
227.7510,-18688,-48.925071,-0.611563
227.7610,-18688,-48.925071,-0.611563
227.7710,-18688,-48.925071,-0.611563
227.7810,-18688,-48.925071,-0.611563
227.7910,-18688,-48.925071,-0.611563
227.8010,-18688,-48.925071,-0.611563
227.8110,-18688,-48.925071,-0.611563
227.8210,-18688,-48.925071,-0.611563
227.8310,-18688,-48.925071,-0.611563
227.8410,-18688,-48.925071,-0.611563
227.8510,-18688,-48.925071,-0.611563
227.8610,-18688,-48.925071,-0.611563
227.8710,-18688,-48.925071,-0.611563
227.8810,-18688,-48.925071,-0.611563
227.8910,-18688,-48.925071,-0.611563
227.9010,-18688,-48.925071,-0.611563
227.9110,-18689,-48.927688,-0.611596
227.9210,-18689,-48.927688,-0.611596
227.9320,-18689,-48.927688,-0.611596
227.9410,-18689,-48.927688,-0.611596
227.9510,-18689,-48.927688,-0.611596
227.9610,-18689,-48.927688,-0.611596
227.9710,-18689,-48.927688,-0.611596
227.9810,-18689,-48.927688,-0.611596
227.9910,-18689,-48.927688,-0.611596
228.0010,-18689,-48.927688,-0.611596
228.0110,-18689,-48.927688,-0.611596
228.0210,-18689,-48.927688,-0.611596
228.0310,-18689,-48.927688,-0.611596
228.0410,-18689,-48.927688,-0.611596
228.0510,-18689,-48.927688,-0.611596
228.0610,-18689,-48.927688,-0.611596
228.0710,-18689,-48.927688,-0.611596
228.0810,-18689,-48.927688,-0.611596
228.0910,-18689,-48.927688,-0.611596
228.1010,-18689,-48.927688,-0.611596
228.1110,-18689,-48.927688,-0.611596
228.1210,-18689,-48.927688,-0.611596
228.1310,-18689,-48.927688,-0.611596
228.1410,-18689,-48.927688,-0.611596
228.1510,-18689,-48.927688,-0.611596
228.1610,-18689,-48.927688,-0.611596
228.1710,-18689,-48.927688,-0.611596
228.1810,-18689,-48.927688,-0.611596
228.1910,-18689,-48.927688,-0.611596
228.2010,-18689,-48.927688,-0.611596
228.2110,-18689,-48.927688,-0.611596
228.2210,-18689,-48.927688,-0.611596
228.2310,-18689,-48.927688,-0.611596
228.2410,-18689,-48.927688,-0.611596
228.2510,-18689,-48.927688,-0.611596
228.2610,-18689,-48.927688,-0.611596
228.2710,-18689,-48.927688,-0.611596
228.2810,-18689,-48.927688,-0.611596
228.2910,-18689,-48.927688,-0.611596
228.3010,-18689,-48.927688,-0.611596
228.3110,-18689,-48.927688,-0.611596
228.3210,-18689,-48.927688,-0.611596
228.3310,-18689,-48.927688,-0.611596
228.3410,-18689,-48.927688,-0.611596
228.3510,-18689,-48.927688,-0.611596
228.3610,-18689,-48.927688,-0.611596
228.3710,-18689,-48.927688,-0.611596
228.3810,-18689,-48.927688,-0.611596
228.3910,-18689,-48.927688,-0.611596
228.4010,-18689,-48.927688,-0.611596
228.4110,-18689,-48.927688,-0.611596
228.4210,-18689,-48.927688,-0.611596
228.4310,-18689,-48.927688,-0.611596
228.4410,-18689,-48.927688,-0.611596
228.4510,-18689,-48.927688,-0.611596
228.4610,-18690,-48.930305,-0.611629
228.4710,-18690,-48.930305,-0.611629
228.4810,-18690,-48.930305,-0.611629
228.4910,-18690,-48.930305,-0.611629
228.5010,-18690,-48.930305,-0.611629
228.5110,-18690,-48.930305,-0.611629
228.5210,-18690,-48.930305,-0.611629
228.5310,-18690,-48.930305,-0.611629
228.5410,-18690,-48.930305,-0.611629
228.5510,-18690,-48.930305,-0.611629
228.5610,-18690,-48.930305,-0.611629
228.5720,-18690,-48.930305,-0.611629
228.5810,-18690,-48.930305,-0.611629
228.5910,-18690,-48.930305,-0.611629
228.6010,-18690,-48.930305,-0.611629
228.6110,-18690,-48.930305,-0.611629
228.6210,-18690,-48.930305,-0.611629
228.6310,-18690,-48.930305,-0.611629
228.6410,-18690,-48.930305,-0.611629
228.6510,-18690,-48.930305,-0.611629
228.6610,-18690,-48.930305,-0.611629
228.6710,-18690,-48.930305,-0.611629
228.6810,-18690,-48.930305,-0.611629
228.6910,-18690,-48.930305,-0.611629
228.7010,-18690,-48.930305,-0.611629
228.7110,-18690,-48.930305,-0.611629
228.7210,-18690,-48.930305,-0.611629
228.7310,-18690,-48.930305,-0.611629
228.7410,-18691,-48.932926,-0.611662
228.7510,-18691,-48.932926,-0.611662
228.7610,-18691,-48.932926,-0.611662
228.7710,-18691,-48.932926,-0.611662
228.7810,-18691,-48.932926,-0.611662
228.7910,-18691,-48.932926,-0.611662
228.8010,-18691,-48.932926,-0.611662
228.8110,-18691,-48.932926,-0.611662
228.8210,-18691,-48.932926,-0.611662
228.8310,-18691,-48.932926,-0.611662
228.8410,-18691,-48.932926,-0.611662
228.8510,-18691,-48.932926,-0.611662
228.8610,-18691,-48.932926,-0.611662
228.8710,-18691,-48.932926,-0.611662
228.8810,-18691,-48.932926,-0.611662
228.8910,-18691,-48.932926,-0.611662
228.9010,-18691,-48.932926,-0.611662
228.9110,-18691,-48.932926,-0.611662
228.9210,-18691,-48.932926,-0.611662
228.9310,-18691,-48.932926,-0.611662
228.9410,-18691,-48.932926,-0.611662
228.9510,-18691,-48.932926,-0.611662
228.9610,-18691,-48.932926,-0.611662
228.9710,-18691,-48.932926,-0.611662
228.9810,-18691,-48.932926,-0.611662
228.9910,-18691,-48.932926,-0.611662
229.0010,-18691,-48.932926,-0.611662
229.0110,-18691,-48.932926,-0.611662
229.0210,-18691,-48.932926,-0.611662
229.0310,-18691,-48.932926,-0.611662
229.0410,-18691,-48.932926,-0.611662
229.0510,-18691,-48.932926,-0.611662
229.0610,-18691,-48.932926,-0.611662
229.0710,-18691,-48.932926,-0.611662
229.0810,-18691,-48.932926,-0.611662
229.0910,-18691,-48.932926,-0.611662
229.1010,-18691,-48.932926,-0.611662
229.1110,-18691,-48.932926,-0.611662
229.1210,-18691,-48.932926,-0.611662
229.1310,-18691,-48.932926,-0.611662
229.1410,-18691,-48.932926,-0.611662
229.1510,-18691,-48.932926,-0.611662
229.1610,-18691,-48.932926,-0.611662
229.1710,-18692,-48.935543,-0.611694
229.1810,-18692,-48.935543,-0.611694
229.1910,-18692,-48.935543,-0.611694
229.2010,-18692,-48.935543,-0.611694
229.2120,-18692,-48.935543,-0.611694
229.2210,-18692,-48.935543,-0.611694
229.2310,-18692,-48.935543,-0.611694
229.2410,-18692,-48.935543,-0.611694
229.2510,-18692,-48.935543,-0.611694
229.2610,-18692,-48.935543,-0.611694
229.2710,-18692,-48.935543,-0.611694
229.2810,-18692,-48.935543,-0.611694
229.2910,-18692,-48.935543,-0.611694
229.3010,-18692,-48.935543,-0.611694
229.3110,-18692,-48.935543,-0.611694
229.3210,-18692,-48.935543,-0.611694
229.3310,-18692,-48.935543,-0.611694
229.3410,-18692,-48.935543,-0.611694
229.3510,-18692,-48.935543,-0.611694
229.3610,-18692,-48.935543,-0.611694
229.3710,-18692,-48.935543,-0.611694
229.3810,-18692,-48.935543,-0.611694
229.3910,-18692,-48.935543,-0.611694
229.4010,-18692,-48.935543,-0.611694
229.4110,-18692,-48.935543,-0.611694
229.4210,-18692,-48.935543,-0.611694
229.4310,-18692,-48.935543,-0.611694
229.4410,-18692,-48.935543,-0.611694
229.4510,-18692,-48.935543,-0.611694
229.4610,-18692,-48.935543,-0.611694
229.4710,-18692,-48.935543,-0.611694
229.4810,-18692,-48.935543,-0.611694
229.4910,-18692,-48.935543,-0.611694
229.5010,-18692,-48.935543,-0.611694
229.5110,-18692,-48.935543,-0.611694
229.5210,-18692,-48.935543,-0.611694
229.5310,-18692,-48.935543,-0.611694
229.5410,-18692,-48.935543,-0.611694
229.5510,-18692,-48.935543,-0.611694
229.5610,-18692,-48.935543,-0.611694
229.5710,-18692,-48.935543,-0.611694
229.5810,-18692,-48.935543,-0.611694
229.5910,-18692,-48.935543,-0.611694
229.6010,-18692,-48.935543,-0.611694
229.6110,-18692,-48.935543,-0.611694
229.6210,-18692,-48.935543,-0.611694
229.6310,-18692,-48.935543,-0.611694
229.6410,-18692,-48.935543,-0.611694
229.6510,-18692,-48.935543,-0.611694
229.6610,-18692,-48.935543,-0.611694
229.6710,-18692,-48.935543,-0.611694
229.6810,-18692,-48.935543,-0.611694
229.6910,-18692,-48.935543,-0.611694
229.7010,-18692,-48.935543,-0.611694
229.7110,-18693,-48.938163,-0.611727
229.7210,-18693,-48.938163,-0.611727
229.7310,-18693,-48.938163,-0.611727
229.7410,-18693,-48.938163,-0.611727
229.7510,-18693,-48.938163,-0.611727
229.7610,-18693,-48.938163,-0.611727
229.7710,-18693,-48.938163,-0.611727
229.7810,-18693,-48.938163,-0.611727
229.7910,-18693,-48.938163,-0.611727
229.8010,-18693,-48.938163,-0.611727
229.8110,-18693,-48.938163,-0.611727
229.8210,-18693,-48.938163,-0.611727
229.8310,-18693,-48.938163,-0.611727
229.8410,-18693,-48.938163,-0.611727
229.8520,-18693,-48.938163,-0.611727
229.8610,-18693,-48.938163,-0.611727
229.8710,-18693,-48.938163,-0.611727
229.8810,-18693,-48.938163,-0.611727
229.8910,-18693,-48.938163,-0.611727
229.9010,-18693,-48.938163,-0.611727
229.9110,-18693,-48.938163,-0.611727
229.9210,-18693,-48.938163,-0.611727
229.9310,-18693,-48.938163,-0.611727
229.9410,-18693,-48.938163,-0.611727
229.9510,-18693,-48.938163,-0.611727
229.9610,-18693,-48.938163,-0.611727
229.9710,-18693,-48.938163,-0.611727
229.9810,-18693,-48.938163,-0.611727
229.9910,-18693,-48.938163,-0.611727
230.0010,-18693,-48.938163,-0.611727
230.0110,-18693,-48.938163,-0.611727
230.0210,-18693,-48.938163,-0.611727
230.0310,-18693,-48.938163,-0.611727
230.0410,-18693,-48.938163,-0.611727
230.0510,-18693,-48.938163,-0.611727
230.0610,-18693,-48.938163,-0.611727
230.0710,-18693,-48.938163,-0.611727
230.0810,-18693,-48.938163,-0.611727
230.0910,-18693,-48.938163,-0.611727
230.1010,-18693,-48.938163,-0.611727
230.1110,-18693,-48.938163,-0.611727
230.1210,-18693,-48.938163,-0.611727
230.1310,-18694,-48.940776,-0.611760
230.1410,-18694,-48.940776,-0.611760
230.1510,-18694,-48.940776,-0.611760
230.1610,-18694,-48.940776,-0.611760
230.1710,-18694,-48.940776,-0.611760
230.1810,-18694,-48.940776,-0.611760
230.1910,-18694,-48.940776,-0.611760
230.2010,-18694,-48.940776,-0.611760
230.2110,-18694,-48.940776,-0.611760
230.2210,-18694,-48.940776,-0.611760
230.2310,-18694,-48.940776,-0.611760
230.2410,-18694,-48.940776,-0.611760
230.2510,-18694,-48.940776,-0.611760
230.2610,-18694,-48.940776,-0.611760
230.2710,-18694,-48.940776,-0.611760
230.2810,-18694,-48.940776,-0.611760
230.2910,-18694,-48.940776,-0.611760
230.3010,-18694,-48.940776,-0.611760
230.3110,-18694,-48.940776,-0.611760
230.3210,-18694,-48.940776,-0.611760
230.3310,-18694,-48.940776,-0.611760
230.3410,-18694,-48.940776,-0.611760
230.3510,-18694,-48.940776,-0.611760
230.3610,-18694,-48.940776,-0.611760
230.3710,-18694,-48.940776,-0.611760
230.3810,-18694,-48.940776,-0.611760
230.3910,-18694,-48.940776,-0.611760
230.4010,-18694,-48.940776,-0.611760
230.4110,-18694,-48.940776,-0.611760
230.4210,-18694,-48.940776,-0.611760
230.4310,-18694,-48.940776,-0.611760
230.4410,-18694,-48.940776,-0.611760
230.4510,-18695,-48.943397,-0.611792
230.4610,-18695,-48.943397,-0.611792
230.4710,-18695,-48.943397,-0.611792
230.4810,-18695,-48.943397,-0.611792
230.4920,-18695,-48.943397,-0.611792
230.5010,-18695,-48.943397,-0.611792
230.5110,-18695,-48.943397,-0.611792
230.5210,-18695,-48.943397,-0.611792
230.5310,-18695,-48.943397,-0.611792
230.5410,-18695,-48.943397,-0.611792
230.5510,-18695,-48.943397,-0.611792
230.5610,-18695,-48.943397,-0.611792
230.5710,-18695,-48.943397,-0.611792
230.5810,-18695,-48.943397,-0.611792
230.5910,-18695,-48.943397,-0.611792
230.6010,-18693,-48.938163,-0.611727
230.6110,-18693,-48.938163,-0.611727
230.6210,-18693,-48.938163,-0.611727
230.6310,-18693,-48.938163,-0.611727
230.6410,-18693,-48.938163,-0.611727
230.6510,-18693,-48.938163,-0.611727
230.6610,-18693,-48.938163,-0.611727
230.6710,-18693,-48.938163,-0.611727
230.6810,-18694,-48.940776,-0.611760
230.6910,-18694,-48.940776,-0.611760
230.7010,-18694,-48.940776,-0.611760
230.7110,-18694,-48.940776,-0.611760
230.7210,-18694,-48.940776,-0.611760
230.7310,-18694,-48.940776,-0.611760
230.7410,-18694,-48.940776,-0.611760
230.7510,-18694,-48.940776,-0.611760
230.7610,-18694,-48.940776,-0.611760
230.7710,-18694,-48.940776,-0.611760
230.7810,-18694,-48.940776,-0.611760
230.7910,-18694,-48.940776,-0.611760
230.8010,-18694,-48.940776,-0.611760
230.8110,-18694,-48.940776,-0.611760
230.8210,-18694,-48.940776,-0.611760
230.8310,-18694,-48.940776,-0.611760
230.8410,-18694,-48.940776,-0.611760
230.8510,-18694,-48.940776,-0.611760
230.8610,-18694,-48.940776,-0.611760
230.8710,-18694,-48.940776,-0.611760
230.8810,-18694,-48.940776,-0.611760
230.8910,-18694,-48.940776,-0.611760
230.9010,-18694,-48.940776,-0.611760
230.9110,-18694,-48.940776,-0.611760
230.9210,-18694,-48.940776,-0.611760
230.9310,-18694,-48.940776,-0.611760
230.9410,-18694,-48.940776,-0.611760
230.9510,-18694,-48.940776,-0.611760
230.9610,-18694,-48.940776,-0.611760
230.9710,-18694,-48.940776,-0.611760
230.9810,-18694,-48.940776,-0.611760
230.9910,-18694,-48.940776,-0.611760
231.0010,-18694,-48.940776,-0.611760
231.0110,-18694,-48.940776,-0.611760
231.0210,-18694,-48.940776,-0.611760
231.0310,-18694,-48.940776,-0.611760
231.0410,-18694,-48.940776,-0.611760
231.0510,-18694,-48.940776,-0.611760
231.0610,-18694,-48.940776,-0.611760
231.0710,-18694,-48.940776,-0.611760
231.0810,-18694,-48.940776,-0.611760
231.0910,-18694,-48.940776,-0.611760
231.1010,-18694,-48.940776,-0.611760
231.1110,-18694,-48.940776,-0.611760
231.1210,-18694,-48.940776,-0.611760
231.1320,-18694,-48.940776,-0.611760
231.1410,-18695,-48.943397,-0.611792
231.1510,-18695,-48.943397,-0.611792
231.1610,-18695,-48.943397,-0.611792
231.1710,-18695,-48.943397,-0.611792
231.1810,-18695,-48.943397,-0.611792
231.1910,-18695,-48.943397,-0.611792
231.2010,-18695,-48.943397,-0.611792
231.2110,-18695,-48.943397,-0.611792
231.2210,-18695,-48.943397,-0.611792
231.2310,-18695,-48.943397,-0.611792
231.2410,-18695,-48.943397,-0.611792
231.2510,-18695,-48.943397,-0.611792
231.2610,-18695,-48.943397,-0.611792
231.2710,-18695,-48.943397,-0.611792
231.2810,-18695,-48.943397,-0.611792
231.2910,-18695,-48.943397,-0.611792
231.3010,-18695,-48.943397,-0.611792
231.3110,-18695,-48.943397,-0.611792
231.3210,-18695,-48.943397,-0.611792
231.3310,-18695,-48.943397,-0.611792
231.3410,-18695,-48.943397,-0.611792
231.3510,-18695,-48.943397,-0.611792
231.3610,-18695,-48.943397,-0.611792
231.3710,-18695,-48.943397,-0.611792
231.3810,-18695,-48.943397,-0.611792
231.3910,-18695,-48.943397,-0.611792
231.4010,-18695,-48.943397,-0.611792
231.4110,-18695,-48.943397,-0.611792
231.4210,-18695,-48.943397,-0.611792
231.4310,-18695,-48.943397,-0.611792
231.4410,-18695,-48.943397,-0.611792
231.4510,-18695,-48.943397,-0.611792
231.4610,-18695,-48.943397,-0.611792
231.4710,-18695,-48.943397,-0.611792
231.4810,-18695,-48.943397,-0.611792
231.4910,-18695,-48.943397,-0.611792
231.5010,-18695,-48.943397,-0.611792
231.5110,-18695,-48.943397,-0.611792
231.5210,-18695,-48.943397,-0.611792
231.5310,-18695,-48.943397,-0.611792
231.5410,-18695,-48.943397,-0.611792
231.5510,-18695,-48.943397,-0.611792
231.5610,-18695,-48.943397,-0.611792
231.5710,-18695,-48.943397,-0.611792
231.5810,-18695,-48.943397,-0.611792
231.5910,-18695,-48.943397,-0.611792
231.6010,-18695,-48.943397,-0.611792
231.6110,-18695,-48.943397,-0.611792
231.6210,-18695,-48.943397,-0.611792
231.6310,-18695,-48.943397,-0.611792
231.6410,-18695,-48.943397,-0.611792
231.6510,-18695,-48.943397,-0.611792
231.6610,-18695,-48.943397,-0.611792
231.6710,-18695,-48.943397,-0.611792
231.6810,-18695,-48.943397,-0.611792
231.6910,-18695,-48.943397,-0.611792
231.7010,-18695,-48.943397,-0.611792
231.7110,-18695,-48.943397,-0.611792
231.7210,-18695,-48.943397,-0.611792
231.7310,-18695,-48.943397,-0.611792
231.7410,-18695,-48.943397,-0.611792
231.7510,-18695,-48.943397,-0.611792
231.7610,-18695,-48.943397,-0.611792
231.7720,-18695,-48.943397,-0.611792
231.7810,-18695,-48.943397,-0.611792
231.7910,-18695,-48.943397,-0.611792
231.8010,-18695,-48.943397,-0.611792
231.8110,-18695,-48.943397,-0.611792
231.8210,-18695,-48.943397,-0.611792
231.8310,-18696,-48.946014,-0.611825
231.8410,-18696,-48.946014,-0.611825
231.8510,-18696,-48.946014,-0.611825
231.8610,-18696,-48.946014,-0.611825
231.8710,-18696,-48.946014,-0.611825
231.8810,-18696,-48.946014,-0.611825
231.8910,-18696,-48.946014,-0.611825
231.9010,-18696,-48.946014,-0.611825
231.9110,-18696,-48.946014,-0.611825
231.9210,-18696,-48.946014,-0.611825
231.9310,-18696,-48.946014,-0.611825
231.9410,-18696,-48.946014,-0.611825
231.9510,-18696,-48.946014,-0.611825
231.9610,-18696,-48.946014,-0.611825
231.9710,-18696,-48.946014,-0.611825
231.9810,-18696,-48.946014,-0.611825
231.9910,-18696,-48.946014,-0.611825
232.0010,-18696,-48.946014,-0.611825
232.0110,-18696,-48.946014,-0.611825
232.0210,-18696,-48.946014,-0.611825
232.0310,-18696,-48.946014,-0.611825
232.0410,-18696,-48.946014,-0.611825
232.0510,-18696,-48.946014,-0.611825
232.0610,-18696,-48.946014,-0.611825
232.0710,-18696,-48.946014,-0.611825
232.0810,-18696,-48.946014,-0.611825
232.0910,-18696,-48.946014,-0.611825
232.1010,-18696,-48.946014,-0.611825
232.1110,-18696,-48.946014,-0.611825
232.1210,-18696,-48.946014,-0.611825
232.1310,-18696,-48.946014,-0.611825
232.1410,-18696,-48.946014,-0.611825
232.1510,-18696,-48.946014,-0.611825
232.1610,-18696,-48.946014,-0.611825
232.1710,-18696,-48.946014,-0.611825
232.1810,-18696,-48.946014,-0.611825
232.1910,-18696,-48.946014,-0.611825
232.2010,-18696,-48.946014,-0.611825
232.2110,-18696,-48.946014,-0.611825
232.2210,-18696,-48.946014,-0.611825
232.2310,-18696,-48.946014,-0.611825
232.2410,-18696,-48.946014,-0.611825
232.2510,-18696,-48.946014,-0.611825
232.2610,-18696,-48.946014,-0.611825
232.2710,-18696,-48.946014,-0.611825
232.2810,-18696,-48.946014,-0.611825
232.2910,-18696,-48.946014,-0.611825
232.3010,-18696,-48.946014,-0.611825
232.3110,-18696,-48.946014,-0.611825
232.3210,-18696,-48.946014,-0.611825
232.3310,-18696,-48.946014,-0.611825
232.3410,-18696,-48.946014,-0.611825
232.3510,-18696,-48.946014,-0.611825
232.3610,-18696,-48.946014,-0.611825
232.3710,-18696,-48.946014,-0.611825
232.3810,-18696,-48.946014,-0.611825
232.3910,-18696,-48.946014,-0.611825
232.4010,-18696,-48.946014,-0.611825
232.4120,-18696,-48.946014,-0.611825
232.4210,-18696,-48.946014,-0.611825
232.4310,-18696,-48.946014,-0.611825
232.4410,-18696,-48.946014,-0.611825
232.4510,-18696,-48.946014,-0.611825
232.4610,-18696,-48.946014,-0.611825
232.4710,-18696,-48.946014,-0.611825
232.4810,-18696,-48.946014,-0.611825
232.4910,-18697,-48.948635,-0.611858
232.5010,-18697,-48.948635,-0.611858
232.5110,-18697,-48.948635,-0.611858
232.5210,-18697,-48.948635,-0.611858
232.5310,-18697,-48.948635,-0.611858
232.5410,-18697,-48.948635,-0.611858
232.5510,-18697,-48.948635,-0.611858
232.5610,-18697,-48.948635,-0.611858
232.5710,-18697,-48.948635,-0.611858
232.5810,-18697,-48.948635,-0.611858
232.5910,-18697,-48.948635,-0.611858
232.6010,-18697,-48.948635,-0.611858
232.6110,-18697,-48.948635,-0.611858
232.6210,-18697,-48.948635,-0.611858
232.6310,-18697,-48.948635,-0.611858
232.6410,-18697,-48.948635,-0.611858
232.6510,-18697,-48.948635,-0.611858
232.6610,-18697,-48.948635,-0.611858
232.6710,-18697,-48.948635,-0.611858
232.6810,-18697,-48.948635,-0.611858
232.6910,-18697,-48.948635,-0.611858
232.7010,-18697,-48.948635,-0.611858
232.7110,-18697,-48.948635,-0.611858
232.7210,-18697,-48.948635,-0.611858
232.7310,-18697,-48.948635,-0.611858
232.7410,-18697,-48.948635,-0.611858
232.7510,-18697,-48.948635,-0.611858
232.7610,-18697,-48.948635,-0.611858
232.7710,-18697,-48.948635,-0.611858
232.7810,-18697,-48.948635,-0.611858
232.7910,-18697,-48.948635,-0.611858
232.8010,-18697,-48.948635,-0.611858
232.8110,-18698,-48.951251,-0.611891
232.8210,-18698,-48.951251,-0.611891
232.8310,-18698,-48.951251,-0.611891
232.8410,-18698,-48.951251,-0.611891
232.8510,-18698,-48.951251,-0.611891
232.8610,-18698,-48.951251,-0.611891
232.8710,-18698,-48.951251,-0.611891
232.8810,-18698,-48.951251,-0.611891
232.8910,-18698,-48.951251,-0.611891
232.9010,-18698,-48.951251,-0.611891
232.9110,-18698,-48.951251,-0.611891
232.9210,-18698,-48.951251,-0.611891
232.9310,-18698,-48.951251,-0.611891
232.9410,-18698,-48.951251,-0.611891
232.9510,-18698,-48.951251,-0.611891
232.9610,-18698,-48.951251,-0.611891
232.9710,-18698,-48.951251,-0.611891
232.9810,-18698,-48.951251,-0.611891
232.9910,-18698,-48.951251,-0.611891
233.0010,-18698,-48.951251,-0.611891
233.0110,-18698,-48.951251,-0.611891
233.0210,-18698,-48.951251,-0.611891
233.0310,-18698,-48.951251,-0.611891
233.0410,-18698,-48.951251,-0.611891
233.0520,-18698,-48.951251,-0.611891
233.0610,-18698,-48.951251,-0.611891
233.0710,-18698,-48.951251,-0.611891
233.0810,-18698,-48.951251,-0.611891
233.0910,-18698,-48.951251,-0.611891
233.1010,-18698,-48.951251,-0.611891
233.1110,-18698,-48.951251,-0.611891
233.1210,-18698,-48.951251,-0.611891
233.1310,-18698,-48.951251,-0.611891
233.1410,-18698,-48.951251,-0.611891
233.1510,-18698,-48.951251,-0.611891
233.1610,-18698,-48.951251,-0.611891
233.1710,-18698,-48.951251,-0.611891
233.1810,-18698,-48.951251,-0.611891
233.1910,-18698,-48.951251,-0.611891
233.2010,-18698,-48.951251,-0.611891
233.2110,-18698,-48.951251,-0.611891
233.2210,-18698,-48.951251,-0.611891
233.2310,-18698,-48.951251,-0.611891
233.2410,-18698,-48.951251,-0.611891
233.2510,-18698,-48.951251,-0.611891
233.2610,-18698,-48.951251,-0.611891
233.2710,-18698,-48.951251,-0.611891
233.2810,-18698,-48.951251,-0.611891
233.2910,-18698,-48.951251,-0.611891
233.3010,-18698,-48.951251,-0.611891
233.3110,-18698,-48.951251,-0.611891
233.3210,-18699,-48.953868,-0.611923
233.3310,-18699,-48.953868,-0.611923
233.3410,-18699,-48.953868,-0.611923
233.3510,-18699,-48.953868,-0.611923
233.3610,-18699,-48.953868,-0.611923
233.3710,-18699,-48.953868,-0.611923
233.3810,-18699,-48.953868,-0.611923
233.3910,-18699,-48.953868,-0.611923
233.4010,-18699,-48.953868,-0.611923
233.4110,-18699,-48.953868,-0.611923
233.4210,-18699,-48.953868,-0.611923
233.4310,-18699,-48.953868,-0.611923
233.4410,-18699,-48.953868,-0.611923
233.4510,-18699,-48.953868,-0.611923
233.4610,-18699,-48.953868,-0.611923
233.4710,-18699,-48.953868,-0.611923
233.4810,-18699,-48.953868,-0.611923
233.4910,-18699,-48.953868,-0.611923
233.5010,-18699,-48.953868,-0.611923
233.5110,-18699,-48.953868,-0.611923
233.5210,-18699,-48.953868,-0.611923
233.5310,-18699,-48.953868,-0.611923
233.5410,-18699,-48.953868,-0.611923
233.5510,-18699,-48.953868,-0.611923
233.5610,-18699,-48.953868,-0.611923
233.5710,-18699,-48.953868,-0.611923
233.5810,-18699,-48.953868,-0.611923
233.5910,-18699,-48.953868,-0.611923
233.6010,-18699,-48.953868,-0.611923
233.6110,-18699,-48.953868,-0.611923
233.6210,-18699,-48.953868,-0.611923
233.6310,-18699,-48.953868,-0.611923
233.6410,-18699,-48.953868,-0.611923
233.6510,-18699,-48.953868,-0.611923
233.6610,-18699,-48.953868,-0.611923
233.6710,-18699,-48.953868,-0.611923
233.6810,-18699,-48.953868,-0.611923
233.6920,-18699,-48.953868,-0.611923
233.7010,-18699,-48.953868,-0.611923
233.7110,-18699,-48.953868,-0.611923
233.7210,-18699,-48.953868,-0.611923
233.7310,-18699,-48.953868,-0.611923
233.7410,-18699,-48.953868,-0.611923
233.7510,-18699,-48.953868,-0.611923
233.7610,-18699,-48.953868,-0.611923
233.7710,-18699,-48.953868,-0.611923
233.7810,-18699,-48.953868,-0.611923
233.7910,-18699,-48.953868,-0.611923
233.8010,-18699,-48.953868,-0.611923
233.8110,-18699,-48.953868,-0.611923
233.8210,-18699,-48.953868,-0.611923
233.8310,-18699,-48.953868,-0.611923
233.8410,-18699,-48.953868,-0.611923
233.8510,-18699,-48.953868,-0.611923
233.8610,-18699,-48.953868,-0.611923
233.8710,-18699,-48.953868,-0.611923
233.8810,-18699,-48.953868,-0.611923
233.8910,-18700,-48.956485,-0.611956
233.9010,-18700,-48.956485,-0.611956
233.9110,-18700,-48.956485,-0.611956
233.9210,-18700,-48.956485,-0.611956
233.9310,-18700,-48.956485,-0.611956
233.9410,-18700,-48.956485,-0.611956
233.9510,-18700,-48.956485,-0.611956
233.9610,-18700,-48.956485,-0.611956
233.9710,-18700,-48.956485,-0.611956
233.9810,-18700,-48.956485,-0.611956
233.9910,-18700,-48.956485,-0.611956
234.0010,-18700,-48.956485,-0.611956
234.0110,-18700,-48.956485,-0.611956
234.0210,-18700,-48.956485,-0.611956
234.0310,-18700,-48.956485,-0.611956
234.0410,-18700,-48.956485,-0.611956
234.0510,-18700,-48.956485,-0.611956
234.0610,-18700,-48.956485,-0.611956
234.0710,-18700,-48.956485,-0.611956
234.0810,-18700,-48.956485,-0.611956
234.0910,-18700,-48.956485,-0.611956
234.1010,-18700,-48.956485,-0.611956
234.1110,-18700,-48.956485,-0.611956
234.1210,-18700,-48.956485,-0.611956
234.1310,-18700,-48.956485,-0.611956
234.1410,-18700,-48.956485,-0.611956
234.1510,-18700,-48.956485,-0.611956
234.1610,-18700,-48.956485,-0.611956
234.1710,-18700,-48.956485,-0.611956
234.1810,-18700,-48.956485,-0.611956
234.1910,-18700,-48.956485,-0.611956
234.2010,-18700,-48.956485,-0.611956
234.2110,-18700,-48.956485,-0.611956
234.2210,-18700,-48.956485,-0.611956
234.2310,-18700,-48.956485,-0.611956
234.2410,-18700,-48.956485,-0.611956
234.2510,-18700,-48.956485,-0.611956
234.2610,-18700,-48.956485,-0.611956
234.2710,-18700,-48.956485,-0.611956
234.2810,-18700,-48.956485,-0.611956
234.2910,-18701,-48.959102,-0.611989
234.3010,-18701,-48.959102,-0.611989
234.3110,-18701,-48.959102,-0.611989
234.3210,-18701,-48.959102,-0.611989
234.3320,-18701,-48.959102,-0.611989
234.3410,-18701,-48.959102,-0.611989
234.3510,-18701,-48.959102,-0.611989
234.3610,-18701,-48.959102,-0.611989
234.3710,-18701,-48.959102,-0.611989
234.3810,-18701,-48.959102,-0.611989
234.3910,-18701,-48.959102,-0.611989
234.4010,-18701,-48.959102,-0.611989
234.4110,-18701,-48.959102,-0.611989
234.4210,-18701,-48.959102,-0.611989
234.4310,-18701,-48.959102,-0.611989
234.4410,-18701,-48.959102,-0.611989
234.4510,-18701,-48.959102,-0.611989
234.4610,-18701,-48.959102,-0.611989
234.4710,-18701,-48.959102,-0.611989
234.4810,-18701,-48.959102,-0.611989
234.4910,-18701,-48.959102,-0.611989
234.5010,-18701,-48.959102,-0.611989
234.5110,-18701,-48.959102,-0.611989
234.5210,-18701,-48.959102,-0.611989
234.5310,-18701,-48.959102,-0.611989
234.5410,-18701,-48.959102,-0.611989
234.5510,-18701,-48.959102,-0.611989
234.5610,-18701,-48.959102,-0.611989
234.5710,-18701,-48.959102,-0.611989
234.5810,-18701,-48.959102,-0.611989
234.5910,-18701,-48.959102,-0.611989
234.6010,-18701,-48.959102,-0.611989
234.6110,-18701,-48.959102,-0.611989
234.6210,-18701,-48.959102,-0.611989
234.6310,-18701,-48.959102,-0.611989
234.6410,-18701,-48.959102,-0.611989
234.6510,-18701,-48.959102,-0.611989
234.6610,-18701,-48.959102,-0.611989
234.6710,-18701,-48.959102,-0.611989
234.6810,-18701,-48.959102,-0.611989
234.6910,-18701,-48.959102,-0.611989
234.7010,-18701,-48.959102,-0.611989
234.7110,-18701,-48.959102,-0.611989
234.7210,-18701,-48.959102,-0.611989
234.7310,-18701,-48.959102,-0.611989
234.7410,-18701,-48.959102,-0.611989
234.7510,-18701,-48.959102,-0.611989
234.7610,-18701,-48.959102,-0.611989
234.7710,-18701,-48.959102,-0.611989
234.7810,-18701,-48.959102,-0.611989
234.7910,-18701,-48.959102,-0.611989
234.8010,-18701,-48.959102,-0.611989
234.8110,-18701,-48.959102,-0.611989
234.8210,-18701,-48.959102,-0.611989
234.8310,-18701,-48.959102,-0.611989
234.8410,-18701,-48.959102,-0.611989
234.8510,-18701,-48.959102,-0.611989
234.8610,-18701,-48.959102,-0.611989
234.8710,-18701,-48.959102,-0.611989
234.8810,-18701,-48.959102,-0.611989
234.8910,-18701,-48.959102,-0.611989
234.9010,-18701,-48.959102,-0.611989
234.9110,-18701,-48.959102,-0.611989
234.9210,-18701,-48.959102,-0.611989
234.9310,-18701,-48.959102,-0.611989
234.9410,-18701,-48.959102,-0.611989
234.9510,-18701,-48.959102,-0.611989
234.9610,-18701,-48.959102,-0.611989
234.9720,-18701,-48.959102,-0.611989
234.9810,-18702,-48.961723,-0.612022
234.9910,-18702,-48.961723,-0.612022
235.0010,-18702,-48.961723,-0.612022
235.0110,-18702,-48.961723,-0.612022
235.0210,-18702,-48.961723,-0.612022
235.0310,-18702,-48.961723,-0.612022
235.0410,-18702,-48.961723,-0.612022
235.0510,-18702,-48.961723,-0.612022
235.0610,-18702,-48.961723,-0.612022
235.0710,-18702,-48.961723,-0.612022
235.0810,-18702,-48.961723,-0.612022
235.0910,-18702,-48.961723,-0.612022
235.1010,-18702,-48.961723,-0.612022
235.1110,-18702,-48.961723,-0.612022
235.1210,-18702,-48.961723,-0.612022
235.1310,-18702,-48.961723,-0.612022
235.1410,-18702,-48.961723,-0.612022
235.1510,-18702,-48.961723,-0.612022
235.1610,-18702,-48.961723,-0.612022
235.1710,-18702,-48.961723,-0.612022
235.1810,-18702,-48.961723,-0.612022
235.1910,-18702,-48.961723,-0.612022
235.2010,-18702,-48.961723,-0.612022
235.2110,-18702,-48.961723,-0.612022
235.2210,-18702,-48.961723,-0.612022
235.2310,-18702,-48.961723,-0.612022
235.2410,-18702,-48.961723,-0.612022
235.2510,-18702,-48.961723,-0.612022
235.2610,-18702,-48.961723,-0.612022
235.2710,-18702,-48.961723,-0.612022
235.2810,-18702,-48.961723,-0.612022
235.2910,-18702,-48.961723,-0.612022
235.3010,-18702,-48.961723,-0.612022
235.3110,-18702,-48.961723,-0.612022
235.3210,-18702,-48.961723,-0.612022
235.3310,-18702,-48.961723,-0.612022
235.3410,-18702,-48.961723,-0.612022
235.3510,-18702,-48.961723,-0.612022
235.3610,-18702,-48.961723,-0.612022
235.3710,-18702,-48.961723,-0.612022
235.3810,-18702,-48.961723,-0.612022
235.3910,-18702,-48.961723,-0.612022
235.4010,-18702,-48.961723,-0.612022
235.4110,-18702,-48.961723,-0.612022
235.4210,-18702,-48.961723,-0.612022
235.4310,-18702,-48.961723,-0.612022
235.4410,-18702,-48.961723,-0.612022
235.4510,-18702,-48.961723,-0.612022
235.4610,-18702,-48.961723,-0.612022
235.4710,-18702,-48.961723,-0.612022
235.4810,-18702,-48.961723,-0.612022
235.4910,-18702,-48.961723,-0.612022
235.5010,-18702,-48.961723,-0.612022
235.5110,-18702,-48.961723,-0.612022
235.5210,-18702,-48.961723,-0.612022
235.5310,-18702,-48.961723,-0.612022
235.5410,-18703,-48.964340,-0.612054
235.5510,-18703,-48.964340,-0.612054
235.5610,-18703,-48.964340,-0.612054
235.5710,-18703,-48.964340,-0.612054
235.5810,-18703,-48.964340,-0.612054
235.5910,-18703,-48.964340,-0.612054
235.6010,-18703,-48.964340,-0.612054
235.6120,-18703,-48.964340,-0.612054
235.6210,-18703,-48.964340,-0.612054
235.6310,-18703,-48.964340,-0.612054
235.6410,-18703,-48.964340,-0.612054
235.6510,-18703,-48.964340,-0.612054
235.6610,-18703,-48.964340,-0.612054
235.6710,-18703,-48.964340,-0.612054
235.6810,-18703,-48.964340,-0.612054
235.6910,-18703,-48.964340,-0.612054
235.7010,-18703,-48.964340,-0.612054
235.7110,-18703,-48.964340,-0.612054
235.7210,-18703,-48.964340,-0.612054
235.7310,-18703,-48.964340,-0.612054
235.7410,-18703,-48.964340,-0.612054
235.7510,-18703,-48.964340,-0.612054
235.7610,-18703,-48.964340,-0.612054
235.7710,-18703,-48.964340,-0.612054
235.7810,-18703,-48.964340,-0.612054
235.7910,-18703,-48.964340,-0.612054
235.8010,-18703,-48.964340,-0.612054
235.8110,-18703,-48.964340,-0.612054
235.8210,-18703,-48.964340,-0.612054
235.8310,-18703,-48.964340,-0.612054
235.8410,-18703,-48.964340,-0.612054
235.8510,-18703,-48.964340,-0.612054
235.8610,-18703,-48.964340,-0.612054
235.8710,-18703,-48.964340,-0.612054
235.8810,-18703,-48.964340,-0.612054
235.8910,-18703,-48.964340,-0.612054
235.9010,-18703,-48.964340,-0.612054
235.9110,-18703,-48.964340,-0.612054
235.9210,-18703,-48.964340,-0.612054
235.9310,-18703,-48.964340,-0.612054
235.9410,-18703,-48.964340,-0.612054
235.9510,-18704,-48.966960,-0.612087
235.9610,-18704,-48.966960,-0.612087
235.9710,-18704,-48.966960,-0.612087
235.9810,-18704,-48.966960,-0.612087
235.9910,-18704,-48.966960,-0.612087
236.0010,-18704,-48.966960,-0.612087
236.0110,-18704,-48.966960,-0.612087
236.0210,-18704,-48.966960,-0.612087
236.0310,-18704,-48.966960,-0.612087
236.0410,-18704,-48.966960,-0.612087
236.0510,-18704,-48.966960,-0.612087
236.0610,-18704,-48.966960,-0.612087
236.0710,-18704,-48.966960,-0.612087
236.0810,-18704,-48.966960,-0.612087
236.0910,-18704,-48.966960,-0.612087
236.1010,-18704,-48.966960,-0.612087
236.1110,-18704,-48.966960,-0.612087
236.1210,-18704,-48.966960,-0.612087
236.1310,-18704,-48.966960,-0.612087
236.1410,-18704,-48.966960,-0.612087
236.1510,-18704,-48.966960,-0.612087
236.1610,-18704,-48.966960,-0.612087
236.1710,-18704,-48.966960,-0.612087
236.1810,-18704,-48.966960,-0.612087
236.1910,-18704,-48.966960,-0.612087
236.2010,-18704,-48.966960,-0.612087
236.2110,-18704,-48.966960,-0.612087
236.2210,-18704,-48.966960,-0.612087
236.2310,-18704,-48.966960,-0.612087
236.2410,-18704,-48.966960,-0.612087
236.2520,-18704,-48.966960,-0.612087
236.2610,-18704,-48.966960,-0.612087
236.2710,-18704,-48.966960,-0.612087
236.2810,-18704,-48.966960,-0.612087
236.2910,-18704,-48.966960,-0.612087
236.3010,-18704,-48.966960,-0.612087
236.3110,-18704,-48.966960,-0.612087
236.3210,-18704,-48.966960,-0.612087
236.3310,-18704,-48.966960,-0.612087
236.3410,-18704,-48.966960,-0.612087
236.3510,-18704,-48.966960,-0.612087
236.3610,-18704,-48.966960,-0.612087
236.3710,-18704,-48.966960,-0.612087
236.3810,-18704,-48.966960,-0.612087
236.3910,-18704,-48.966960,-0.612087
236.4010,-18704,-48.966960,-0.612087
236.4110,-18704,-48.966960,-0.612087
236.4210,-18704,-48.966960,-0.612087
236.4310,-18704,-48.966960,-0.612087
236.4410,-18704,-48.966960,-0.612087
236.4510,-18704,-48.966960,-0.612087
236.4610,-18704,-48.966960,-0.612087
236.4710,-18704,-48.966960,-0.612087
236.4810,-18704,-48.966960,-0.612087
236.4910,-18704,-48.966960,-0.612087
236.5010,-18704,-48.966960,-0.612087
236.5110,-18704,-48.966960,-0.612087
236.5210,-18704,-48.966960,-0.612087
236.5310,-18704,-48.966960,-0.612087
236.5410,-18704,-48.966960,-0.612087
236.5510,-18704,-48.966960,-0.612087
236.5610,-18704,-48.966960,-0.612087
236.5710,-18704,-48.966960,-0.612087
236.5810,-18704,-48.966960,-0.612087
236.5910,-18704,-48.966960,-0.612087
236.6010,-18704,-48.966960,-0.612087
236.6110,-18704,-48.966960,-0.612087
236.6210,-18704,-48.966960,-0.612087
236.6310,-18704,-48.966960,-0.612087
236.6410,-18704,-48.966960,-0.612087
236.6510,-18705,-48.969573,-0.612120
236.6610,-18705,-48.969573,-0.612120
236.6710,-18705,-48.969573,-0.612120
236.6810,-18705,-48.969573,-0.612120
236.6910,-18705,-48.969573,-0.612120
236.7010,-18705,-48.969573,-0.612120
236.7110,-18705,-48.969573,-0.612120
236.7210,-18705,-48.969573,-0.612120
236.7310,-18705,-48.969573,-0.612120
236.7410,-18705,-48.969573,-0.612120
236.7510,-18705,-48.969573,-0.612120
236.7610,-18705,-48.969573,-0.612120
236.7710,-18705,-48.969573,-0.612120
236.7810,-18705,-48.969573,-0.612120
236.7910,-18705,-48.969573,-0.612120
236.8010,-18705,-48.969573,-0.612120
236.8110,-18705,-48.969573,-0.612120
236.8210,-18705,-48.969573,-0.612120
236.8310,-18705,-48.969573,-0.612120
236.8410,-18705,-48.969573,-0.612120
236.8510,-18705,-48.969573,-0.612120
236.8610,-18705,-48.969573,-0.612120
236.8710,-18705,-48.969573,-0.612120
236.8810,-18705,-48.969573,-0.612120
236.8920,-18705,-48.969573,-0.612120
236.9010,-18705,-48.969573,-0.612120
236.9110,-18705,-48.969573,-0.612120
236.9210,-18705,-48.969573,-0.612120
236.9310,-18705,-48.969573,-0.612120
236.9410,-18705,-48.969573,-0.612120
236.9510,-18705,-48.969573,-0.612120
236.9610,-18705,-48.969573,-0.612120
236.9710,-18705,-48.969573,-0.612120
236.9810,-18705,-48.969573,-0.612120
236.9910,-18705,-48.969573,-0.612120
237.0010,-18705,-48.969573,-0.612120
237.0110,-18705,-48.969573,-0.612120
237.0210,-18705,-48.969573,-0.612120
237.0310,-18705,-48.969573,-0.612120
237.0410,-18705,-48.969573,-0.612120
237.0510,-18705,-48.969573,-0.612120
237.0610,-18705,-48.969573,-0.612120
237.0710,-18705,-48.969573,-0.612120
237.0810,-18705,-48.969573,-0.612120
237.0910,-18705,-48.969573,-0.612120
237.1010,-18705,-48.969573,-0.612120
237.1110,-18705,-48.969573,-0.612120
237.1210,-18705,-48.969573,-0.612120
237.1310,-18705,-48.969573,-0.612120
237.1410,-18705,-48.969573,-0.612120
237.1510,-18705,-48.969573,-0.612120
237.1610,-18705,-48.969573,-0.612120
237.1710,-18705,-48.969573,-0.612120
237.1810,-18705,-48.969573,-0.612120
237.1910,-18705,-48.969573,-0.612120
237.2010,-18705,-48.969573,-0.612120
237.2110,-18705,-48.969573,-0.612120
237.2210,-18705,-48.969573,-0.612120
237.2310,-18705,-48.969573,-0.612120
237.2410,-18705,-48.969573,-0.612120
237.2510,-18705,-48.969573,-0.612120
237.2610,-18705,-48.969573,-0.612120
237.2710,-18705,-48.969573,-0.612120
237.2810,-18705,-48.969573,-0.612120
237.2910,-18705,-48.969573,-0.612120
237.3010,-18705,-48.969573,-0.612120
237.3110,-18705,-48.969573,-0.612120
237.3210,-18705,-48.969573,-0.612120
237.3310,-18705,-48.969573,-0.612120
237.3410,-18706,-48.972194,-0.612152
237.3510,-18706,-48.972194,-0.612152
237.3610,-18706,-48.972194,-0.612152
237.3710,-18706,-48.972194,-0.612152
237.3810,-18706,-48.972194,-0.612152
237.3910,-18706,-48.972194,-0.612152
237.4010,-18706,-48.972194,-0.612152
237.4110,-18706,-48.972194,-0.612152
237.4210,-18706,-48.972194,-0.612152
237.4310,-18706,-48.972194,-0.612152
237.4410,-18706,-48.972194,-0.612152
237.4510,-18706,-48.972194,-0.612152
237.4610,-18706,-48.972194,-0.612152
237.4710,-18706,-48.972194,-0.612152
237.4810,-18706,-48.972194,-0.612152
237.4910,-18706,-48.972194,-0.612152
237.5010,-18706,-48.972194,-0.612152
237.5110,-18706,-48.972194,-0.612152
237.5210,-18706,-48.972194,-0.612152
237.5320,-18706,-48.972194,-0.612152
237.5410,-18706,-48.972194,-0.612152
237.5510,-18706,-48.972194,-0.612152
237.5610,-18706,-48.972194,-0.612152
237.5710,-18706,-48.972194,-0.612152
237.5810,-18706,-48.972194,-0.612152
237.5910,-18706,-48.972194,-0.612152
237.6010,-18706,-48.972194,-0.612152
237.6110,-18706,-48.972194,-0.612152
237.6210,-18706,-48.972194,-0.612152
237.6310,-18706,-48.972194,-0.612152
237.6410,-18706,-48.972194,-0.612152
237.6510,-18706,-48.972194,-0.612152
237.6610,-18706,-48.972194,-0.612152
237.6710,-18706,-48.972194,-0.612152
237.6810,-18706,-48.972194,-0.612152
237.6910,-18706,-48.972194,-0.612152
237.7010,-18706,-48.972194,-0.612152
237.7110,-18706,-48.972194,-0.612152
237.7210,-18706,-48.972194,-0.612152
237.7310,-18706,-48.972194,-0.612152
237.7410,-18706,-48.972194,-0.612152
237.7510,-18706,-48.972194,-0.612152
237.7610,-18707,-48.974811,-0.612185
237.7710,-18707,-48.974811,-0.612185
237.7810,-18707,-48.974811,-0.612185
237.7910,-18707,-48.974811,-0.612185
237.8010,-18707,-48.974811,-0.612185
237.8110,-18707,-48.974811,-0.612185
237.8210,-18707,-48.974811,-0.612185
237.8310,-18707,-48.974811,-0.612185
237.8410,-18707,-48.974811,-0.612185
237.8510,-18707,-48.974811,-0.612185
237.8610,-18707,-48.974811,-0.612185
237.8710,-18707,-48.974811,-0.612185
237.8810,-18707,-48.974811,-0.612185
237.8910,-18707,-48.974811,-0.612185
237.9010,-18707,-48.974811,-0.612185
237.9110,-18707,-48.974811,-0.612185
237.9210,-18707,-48.974811,-0.612185
237.9310,-18707,-48.974811,-0.612185
237.9410,-18707,-48.974811,-0.612185
237.9510,-18707,-48.974811,-0.612185
237.9610,-18707,-48.974811,-0.612185
237.9710,-18707,-48.974811,-0.612185
237.9810,-18707,-48.974811,-0.612185
237.9910,-18707,-48.974811,-0.612185
238.0010,-18707,-48.974811,-0.612185
238.0110,-18707,-48.974811,-0.612185
238.0210,-18707,-48.974811,-0.612185
238.0310,-18707,-48.974811,-0.612185
238.0410,-18707,-48.974811,-0.612185
238.0510,-18707,-48.974811,-0.612185
238.0610,-18707,-48.974811,-0.612185
238.0710,-18707,-48.974811,-0.612185
238.0810,-18707,-48.974811,-0.612185
238.0910,-18707,-48.974811,-0.612185
238.1010,-18707,-48.974811,-0.612185
238.1110,-18707,-48.974811,-0.612185
238.1210,-18707,-48.974811,-0.612185
238.1310,-18707,-48.974811,-0.612185
238.1410,-18707,-48.974811,-0.612185
238.1510,-18707,-48.974811,-0.612185
238.1610,-18707,-48.974811,-0.612185
238.1720,-18707,-48.974811,-0.612185
238.1810,-18707,-48.974811,-0.612185
238.1910,-18707,-48.974811,-0.612185
238.2010,-18707,-48.974811,-0.612185
238.2110,-18707,-48.974811,-0.612185
238.2210,-18707,-48.974811,-0.612185
238.2310,-18707,-48.974811,-0.612185
238.2410,-18707,-48.974811,-0.612185
238.2510,-18707,-48.974811,-0.612185
238.2610,-18707,-48.974811,-0.612185
238.2710,-18707,-48.974811,-0.612185
238.2810,-18707,-48.974811,-0.612185
238.2910,-18707,-48.974811,-0.612185
238.3010,-18707,-48.974811,-0.612185
238.3110,-18707,-48.974811,-0.612185
238.3210,-18707,-48.974811,-0.612185
238.3310,-18707,-48.974811,-0.612185
238.3410,-18707,-48.974811,-0.612185
238.3510,-18707,-48.974811,-0.612185
238.3610,-18707,-48.974811,-0.612185
238.3710,-18707,-48.974811,-0.612185
238.3810,-18707,-48.974811,-0.612185
238.3910,-18707,-48.974811,-0.612185
238.4010,-18707,-48.974811,-0.612185
238.4110,-18707,-48.974811,-0.612185
238.4210,-18707,-48.974811,-0.612185
238.4310,-18707,-48.974811,-0.612185
238.4410,-18707,-48.974811,-0.612185
238.4510,-18707,-48.974811,-0.612185
238.4610,-18707,-48.974811,-0.612185
238.4710,-18707,-48.974811,-0.612185
238.4810,-18707,-48.974811,-0.612185
238.4910,-18707,-48.974811,-0.612185
238.5010,-18707,-48.974811,-0.612185
238.5110,-18707,-48.974811,-0.612185
238.5210,-18707,-48.974811,-0.612185
238.5310,-18707,-48.974811,-0.612185
238.5410,-18707,-48.974811,-0.612185
238.5510,-18707,-48.974811,-0.612185
238.5610,-18707,-48.974811,-0.612185
238.5710,-18707,-48.974811,-0.612185
238.5810,-18707,-48.974811,-0.612185
238.5910,-18707,-48.974811,-0.612185
238.6010,-18707,-48.974811,-0.612185
238.6110,-18707,-48.974811,-0.612185
238.6210,-18707,-48.974811,-0.612185
238.6310,-18707,-48.974811,-0.612185
238.6410,-18707,-48.974811,-0.612185
238.6510,-18707,-48.974811,-0.612185
238.6610,-18707,-48.974811,-0.612185
238.6710,-18707,-48.974811,-0.612185
238.6810,-18707,-48.974811,-0.612185
238.6910,-18707,-48.974811,-0.612185
238.7010,-18707,-48.974811,-0.612185
238.7110,-18707,-48.974811,-0.612185
238.7210,-18707,-48.974811,-0.612185
238.7310,-18708,-48.977432,-0.612218
238.7410,-18708,-48.977432,-0.612218
238.7510,-18708,-48.977432,-0.612218
238.7610,-18708,-48.977432,-0.612218
238.7710,-18708,-48.977432,-0.612218
238.7810,-18708,-48.977432,-0.612218
238.7910,-18708,-48.977432,-0.612218
238.8010,-18708,-48.977432,-0.612218
238.8120,-18708,-48.977432,-0.612218
238.8210,-18708,-48.977432,-0.612218
238.8310,-18708,-48.977432,-0.612218
238.8410,-18708,-48.977432,-0.612218
238.8510,-18708,-48.977432,-0.612218
238.8610,-18708,-48.977432,-0.612218
238.8710,-18708,-48.977432,-0.612218
238.8810,-18708,-48.977432,-0.612218
238.8910,-18708,-48.977432,-0.612218
238.9010,-18708,-48.977432,-0.612218
238.9110,-18708,-48.977432,-0.612218
238.9210,-18708,-48.977432,-0.612218
238.9310,-18708,-48.977432,-0.612218
238.9410,-18708,-48.977432,-0.612218
238.9510,-18708,-48.977432,-0.612218
238.9610,-18708,-48.977432,-0.612218
238.9710,-18708,-48.977432,-0.612218
238.9810,-18708,-48.977432,-0.612218
238.9910,-18708,-48.977432,-0.612218
239.0010,-18708,-48.977432,-0.612218
239.0110,-18708,-48.977432,-0.612218
239.0210,-18708,-48.977432,-0.612218
239.0310,-18708,-48.977432,-0.612218
239.0410,-18708,-48.977432,-0.612218
239.0510,-18708,-48.977432,-0.612218
239.0610,-18708,-48.977432,-0.612218
239.0710,-18708,-48.977432,-0.612218
239.0810,-18708,-48.977432,-0.612218
239.0910,-18708,-48.977432,-0.612218
239.1010,-18708,-48.977432,-0.612218
239.1110,-18708,-48.977432,-0.612218
239.1210,-18708,-48.977432,-0.612218
239.1310,-18708,-48.977432,-0.612218
239.1410,-18708,-48.977432,-0.612218
239.1510,-18708,-48.977432,-0.612218
239.1610,-18708,-48.977432,-0.612218
239.1710,-18708,-48.977432,-0.612218
239.1810,-18708,-48.977432,-0.612218
239.1910,-18708,-48.977432,-0.612218
239.2010,-18708,-48.977432,-0.612218
239.2110,-18708,-48.977432,-0.612218
239.2210,-18708,-48.977432,-0.612218
239.2310,-18708,-48.977432,-0.612218
239.2410,-18708,-48.977432,-0.612218
239.2510,-18708,-48.977432,-0.612218
239.2610,-18708,-48.977432,-0.612218
239.2710,-18708,-48.977432,-0.612218
239.2810,-18708,-48.977432,-0.612218
239.2910,-18708,-48.977432,-0.612218
239.3010,-18708,-48.977432,-0.612218
239.3110,-18708,-48.977432,-0.612218
239.3210,-18708,-48.977432,-0.612218
239.3310,-18708,-48.977432,-0.612218
239.3410,-18708,-48.977432,-0.612218
239.3510,-18708,-48.977432,-0.612218
239.3610,-18708,-48.977432,-0.612218
239.3710,-18708,-48.977432,-0.612218
239.3810,-18708,-48.977432,-0.612218
239.3910,-18708,-48.977432,-0.612218
239.4010,-18708,-48.977432,-0.612218
239.4110,-18708,-48.977432,-0.612218
239.4210,-18708,-48.977432,-0.612218
239.4310,-18708,-48.977432,-0.612218
239.4410,-18708,-48.977432,-0.612218
239.4520,-18708,-48.977432,-0.612218
239.4610,-18708,-48.977432,-0.612218
239.4710,-18708,-48.977432,-0.612218
239.4810,-18708,-48.977432,-0.612218
239.4910,-18708,-48.977432,-0.612218
239.5010,-18708,-48.977432,-0.612218
239.5110,-18708,-48.977432,-0.612218
239.5210,-18708,-48.977432,-0.612218
239.5310,-18708,-48.977432,-0.612218
239.5410,-18708,-48.977432,-0.612218
239.5510,-18708,-48.977432,-0.612218
239.5610,-18709,-48.980049,-0.612251
239.5710,-18709,-48.980049,-0.612251
239.5810,-18709,-48.980049,-0.612251
239.5910,-18709,-48.980049,-0.612251
239.6010,-18709,-48.980049,-0.612251
239.6110,-18709,-48.980049,-0.612251
239.6210,-18709,-48.980049,-0.612251
239.6310,-18709,-48.980049,-0.612251
239.6410,-18709,-48.980049,-0.612251
239.6510,-18709,-48.980049,-0.612251
239.6610,-18709,-48.980049,-0.612251
239.6710,-18709,-48.980049,-0.612251
239.6810,-18709,-48.980049,-0.612251
239.6910,-18709,-48.980049,-0.612251
239.7010,-18709,-48.980049,-0.612251
239.7110,-18709,-48.980049,-0.612251
239.7210,-18709,-48.980049,-0.612251
239.7310,-18709,-48.980049,-0.612251
239.7410,-18709,-48.980049,-0.612251
239.7510,-18709,-48.980049,-0.612251
239.7610,-18709,-48.980049,-0.612251
239.7710,-18709,-48.980049,-0.612251
239.7810,-18709,-48.980049,-0.612251
239.7910,-18709,-48.980049,-0.612251
239.8010,-18709,-48.980049,-0.612251
239.8110,-18709,-48.980049,-0.612251
239.8210,-18709,-48.980049,-0.612251
239.8310,-18709,-48.980049,-0.612251
239.8410,-18709,-48.980049,-0.612251
239.8510,-18709,-48.980049,-0.612251
239.8610,-18709,-48.980049,-0.612251
239.8710,-18709,-48.980049,-0.612251
239.8810,-18709,-48.980049,-0.612251
239.8910,-18709,-48.980049,-0.612251
239.9010,-18709,-48.980049,-0.612251
239.9110,-18709,-48.980049,-0.612251
239.9210,-18709,-48.980049,-0.612251
239.9310,-18709,-48.980049,-0.612251
239.9410,-18709,-48.980049,-0.612251
239.9510,-18709,-48.980049,-0.612251
239.9610,-18709,-48.980049,-0.612251
239.9710,-18709,-48.980049,-0.612251
239.9810,-18709,-48.980049,-0.612251
239.9910,-18709,-48.980049,-0.612251
240.0010,-18709,-48.980049,-0.612251
240.0110,-18709,-48.980049,-0.612251
240.0210,-18709,-48.980049,-0.612251
240.0310,-18709,-48.980049,-0.612251
240.0410,-18709,-48.980049,-0.612251
240.0510,-18709,-48.980049,-0.612251
240.0610,-18709,-48.980049,-0.612251
240.0710,-18709,-48.980049,-0.612251
240.0810,-18709,-48.980049,-0.612251
240.0920,-18709,-48.980049,-0.612251
240.1010,-18709,-48.980049,-0.612251
240.1110,-18709,-48.980049,-0.612251
240.1210,-18709,-48.980049,-0.612251
240.1310,-18709,-48.980049,-0.612251
240.1410,-18709,-48.980049,-0.612251
240.1510,-18709,-48.980049,-0.612251
240.1610,-18709,-48.980049,-0.612251
240.1710,-18709,-48.980049,-0.612251
240.1810,-18709,-48.980049,-0.612251
240.1910,-18709,-48.980049,-0.612251
240.2010,-18709,-48.980049,-0.612251
240.2110,-18709,-48.980049,-0.612251
240.2210,-18709,-48.980049,-0.612251
240.2310,-18709,-48.980049,-0.612251
240.2410,-18709,-48.980049,-0.612251
240.2510,-18709,-48.980049,-0.612251
240.2610,-18710,-48.982666,-0.612283
240.2710,-18710,-48.982666,-0.612283
240.2810,-18710,-48.982666,-0.612283
240.2910,-18710,-48.982666,-0.612283
240.3010,-18710,-48.982666,-0.612283
240.3110,-18710,-48.982666,-0.612283
240.3210,-18710,-48.982666,-0.612283
240.3310,-18710,-48.982666,-0.612283
240.3410,-18710,-48.982666,-0.612283
240.3510,-18710,-48.982666,-0.612283
240.3610,-18710,-48.982666,-0.612283
240.3710,-18710,-48.982666,-0.612283
240.3810,-18710,-48.982666,-0.612283
240.3910,-18710,-48.982666,-0.612283
240.4010,-18710,-48.982666,-0.612283
240.4110,-18710,-48.982666,-0.612283
240.4210,-18710,-48.982666,-0.612283
240.4310,-18710,-48.982666,-0.612283
240.4410,-18710,-48.982666,-0.612283
240.4510,-18710,-48.982666,-0.612283
240.4610,-18710,-48.982666,-0.612283
240.4710,-18710,-48.982666,-0.612283
240.4810,-18710,-48.982666,-0.612283
240.4910,-18710,-48.982666,-0.612283
240.5010,-18710,-48.982666,-0.612283
240.5110,-18710,-48.982666,-0.612283
240.5210,-18710,-48.982666,-0.612283
240.5310,-18710,-48.982666,-0.612283
240.5410,-18710,-48.982666,-0.612283
240.5510,-18710,-48.982666,-0.612283
240.5610,-18710,-48.982666,-0.612283
240.5710,-18710,-48.982666,-0.612283
240.5810,-18710,-48.982666,-0.612283
240.5910,-18710,-48.982666,-0.612283
240.6010,-18710,-48.982666,-0.612283
240.6110,-18710,-48.982666,-0.612283
240.6210,-18710,-48.982666,-0.612283
240.6310,-18710,-48.982666,-0.612283
240.6410,-18710,-48.982666,-0.612283
240.6510,-18710,-48.982666,-0.612283
240.6610,-18710,-48.982666,-0.612283
240.6710,-18710,-48.982666,-0.612283
240.6810,-18710,-48.982666,-0.612283
240.6910,-18710,-48.982666,-0.612283
240.7010,-18710,-48.982666,-0.612283
240.7110,-18710,-48.982666,-0.612283
240.7210,-18710,-48.982666,-0.612283
240.7320,-18710,-48.982666,-0.612283
240.7410,-18710,-48.982666,-0.612283
240.7510,-18710,-48.982666,-0.612283
240.7610,-18710,-48.982666,-0.612283
240.7710,-18710,-48.982666,-0.612283
240.7810,-18710,-48.982666,-0.612283
240.7910,-18710,-48.982666,-0.612283
240.8010,-18710,-48.982666,-0.612283
240.8110,-18710,-48.982666,-0.612283
240.8210,-18710,-48.982666,-0.612283
240.8310,-18710,-48.982666,-0.612283
240.8410,-18710,-48.982666,-0.612283
240.8510,-18710,-48.982666,-0.612283
240.8610,-18710,-48.982666,-0.612283
240.8710,-18710,-48.982666,-0.612283
240.8810,-18710,-48.982666,-0.612283
240.8910,-18710,-48.982666,-0.612283
240.9010,-18710,-48.982666,-0.612283
240.9110,-18710,-48.982666,-0.612283
240.9210,-18710,-48.982666,-0.612283
240.9310,-18710,-48.982666,-0.612283
240.9410,-18710,-48.982666,-0.612283
240.9510,-18710,-48.982666,-0.612283
240.9610,-18710,-48.982666,-0.612283
240.9710,-18710,-48.982666,-0.612283
240.9810,-18710,-48.982666,-0.612283
240.9910,-18710,-48.982666,-0.612283
241.0010,-18710,-48.982666,-0.612283
241.0110,-18710,-48.982666,-0.612283
241.0210,-18710,-48.982666,-0.612283
241.0310,-18710,-48.982666,-0.612283
241.0410,-18710,-48.982666,-0.612283
241.0510,-18710,-48.982666,-0.612283
241.0610,-18710,-48.982666,-0.612283
241.0710,-18710,-48.982666,-0.612283
241.0810,-18710,-48.982666,-0.612283
241.0910,-18710,-48.982666,-0.612283
241.1010,-18710,-48.982666,-0.612283
241.1110,-18710,-48.982666,-0.612283
241.1210,-18710,-48.982666,-0.612283
241.1310,-18710,-48.982666,-0.612283
241.1410,-18710,-48.982666,-0.612283
241.1510,-18710,-48.982666,-0.612283
241.1610,-18710,-48.982666,-0.612283
241.1710,-18710,-48.982666,-0.612283
241.1810,-18710,-48.982666,-0.612283
241.1910,-18710,-48.982666,-0.612283
241.2010,-18710,-48.982666,-0.612283
241.2110,-18710,-48.982666,-0.612283
241.2210,-18710,-48.982666,-0.612283
241.2310,-18710,-48.982666,-0.612283
241.2410,-18710,-48.982666,-0.612283
241.2510,-18710,-48.982666,-0.612283
241.2610,-18710,-48.982666,-0.612283
241.2710,-18710,-48.982666,-0.612283
241.2810,-18710,-48.982666,-0.612283
241.2910,-18710,-48.982666,-0.612283
241.3010,-18710,-48.982666,-0.612283
241.3110,-18710,-48.982666,-0.612283
241.3210,-18710,-48.982666,-0.612283
241.3310,-18710,-48.982666,-0.612283
241.3410,-18710,-48.982666,-0.612283
241.3510,-18710,-48.982666,-0.612283
241.3610,-18710,-48.982666,-0.612283
241.3720,-18710,-48.982666,-0.612283
241.3810,-18710,-48.982666,-0.612283
241.3910,-18710,-48.982666,-0.612283
241.4010,-18710,-48.982666,-0.612283
241.4110,-18710,-48.982666,-0.612283
241.4210,-18710,-48.982666,-0.612283
241.4310,-18710,-48.982666,-0.612283
241.4410,-18710,-48.982666,-0.612283
241.4510,-18710,-48.982666,-0.612283
241.4610,-18710,-48.982666,-0.612283
241.4710,-18710,-48.982666,-0.612283
241.4810,-18711,-48.985282,-0.612316
241.4910,-18711,-48.985282,-0.612316
241.5010,-18711,-48.985282,-0.612316
241.5110,-18711,-48.985282,-0.612316
241.5210,-18711,-48.985282,-0.612316
241.5310,-18711,-48.985282,-0.612316
241.5410,-18711,-48.985282,-0.612316
241.5510,-18711,-48.985282,-0.612316
241.5610,-18711,-48.985282,-0.612316
241.5710,-18711,-48.985282,-0.612316
241.5810,-18711,-48.985282,-0.612316
241.5910,-18711,-48.985282,-0.612316
241.6010,-18711,-48.985282,-0.612316
241.6110,-18711,-48.985282,-0.612316
241.6210,-18711,-48.985282,-0.612316
241.6310,-18711,-48.985282,-0.612316
241.6410,-18711,-48.985282,-0.612316
241.6510,-18710,-48.982666,-0.612283
241.6610,-18710,-48.982666,-0.612283
241.6710,-18710,-48.982666,-0.612283
241.6810,-18710,-48.982666,-0.612283
241.6910,-18710,-48.982666,-0.612283
241.7010,-18710,-48.982666,-0.612283
241.7110,-18710,-48.982666,-0.612283
241.7210,-18710,-48.982666,-0.612283
241.7310,-18710,-48.982666,-0.612283
241.7410,-18710,-48.982666,-0.612283
241.7510,-18710,-48.982666,-0.612283
241.7610,-18710,-48.982666,-0.612283
241.7710,-18710,-48.982666,-0.612283
241.7810,-18710,-48.982666,-0.612283
241.7910,-18710,-48.982666,-0.612283
241.8010,-18710,-48.982666,-0.612283
241.8110,-18710,-48.982666,-0.612283
241.8210,-18710,-48.982666,-0.612283
241.8310,-18710,-48.982666,-0.612283
241.8410,-18710,-48.982666,-0.612283
241.8510,-18710,-48.982666,-0.612283
241.8610,-18710,-48.982666,-0.612283
241.8710,-18710,-48.982666,-0.612283
241.8810,-18710,-48.982666,-0.612283
241.8910,-18710,-48.982666,-0.612283
241.9010,-18710,-48.982666,-0.612283
241.9110,-18710,-48.982666,-0.612283
241.9210,-18710,-48.982666,-0.612283
241.9310,-18710,-48.982666,-0.612283
241.9410,-18710,-48.982666,-0.612283
241.9510,-18710,-48.982666,-0.612283
241.9610,-18710,-48.982666,-0.612283
241.9710,-18710,-48.982666,-0.612283
241.9810,-18710,-48.982666,-0.612283
241.9910,-18710,-48.982666,-0.612283
242.0010,-18710,-48.982666,-0.612283
242.0120,-18710,-48.982666,-0.612283
242.0210,-18710,-48.982666,-0.612283
242.0310,-18710,-48.982666,-0.612283
242.0410,-18710,-48.982666,-0.612283
242.0510,-18710,-48.982666,-0.612283
242.0610,-18710,-48.982666,-0.612283
242.0710,-18710,-48.982666,-0.612283
242.0810,-18710,-48.982666,-0.612283
242.0910,-18710,-48.982666,-0.612283
242.1010,-18710,-48.982666,-0.612283
242.1110,-18710,-48.982666,-0.612283
242.1210,-18710,-48.982666,-0.612283
242.1310,-18710,-48.982666,-0.612283
242.1410,-18710,-48.982666,-0.612283
242.1510,-18710,-48.982666,-0.612283
242.1610,-18710,-48.982666,-0.612283
242.1710,-18710,-48.982666,-0.612283
242.1810,-18710,-48.982666,-0.612283
242.1910,-18710,-48.982666,-0.612283
242.2010,-18710,-48.982666,-0.612283
242.2110,-18710,-48.982666,-0.612283
242.2210,-18710,-48.982666,-0.612283
242.2310,-18710,-48.982666,-0.612283
242.2410,-18710,-48.982666,-0.612283
242.2510,-18710,-48.982666,-0.612283
242.2610,-18710,-48.982666,-0.612283
242.2710,-18710,-48.982666,-0.612283
242.2810,-18710,-48.982666,-0.612283
242.2910,-18710,-48.982666,-0.612283
242.3010,-18710,-48.982666,-0.612283
242.3110,-18710,-48.982666,-0.612283
242.3210,-18710,-48.982666,-0.612283
242.3310,-18710,-48.982666,-0.612283
242.3410,-18710,-48.982666,-0.612283
242.3510,-18710,-48.982666,-0.612283
242.3610,-18710,-48.982666,-0.612283
242.3710,-18710,-48.982666,-0.612283
242.3810,-18710,-48.982666,-0.612283
242.3910,-18710,-48.982666,-0.612283
242.4010,-18710,-48.982666,-0.612283
242.4110,-18710,-48.982666,-0.612283
242.4210,-18710,-48.982666,-0.612283
242.4310,-18710,-48.982666,-0.612283
242.4410,-18710,-48.982666,-0.612283
242.4510,-18710,-48.982666,-0.612283
242.4610,-18710,-48.982666,-0.612283
242.4710,-18710,-48.982666,-0.612283
242.4810,-18710,-48.982666,-0.612283
242.4910,-18710,-48.982666,-0.612283
242.5010,-18710,-48.982666,-0.612283
242.5110,-18710,-48.982666,-0.612283
242.5210,-18710,-48.982666,-0.612283
242.5310,-18710,-48.982666,-0.612283
242.5410,-18710,-48.982666,-0.612283
242.5510,-18710,-48.982666,-0.612283
242.5610,-18710,-48.982666,-0.612283
242.5710,-18710,-48.982666,-0.612283
242.5810,-18710,-48.982666,-0.612283
242.5910,-18710,-48.982666,-0.612283
242.6010,-18710,-48.982666,-0.612283
242.6110,-18710,-48.982666,-0.612283
242.6210,-18710,-48.982666,-0.612283
242.6310,-18710,-48.982666,-0.612283
242.6410,-18710,-48.982666,-0.612283
242.6520,-18710,-48.982666,-0.612283
242.6610,-18710,-48.982666,-0.612283
242.6710,-18710,-48.982666,-0.612283
242.6810,-18710,-48.982666,-0.612283
242.6910,-18710,-48.982666,-0.612283
242.7010,-18710,-48.982666,-0.612283
242.7110,-18710,-48.982666,-0.612283
242.7210,-18710,-48.982666,-0.612283
242.7310,-18710,-48.982666,-0.612283
242.7410,-18710,-48.982666,-0.612283
242.7510,-18710,-48.982666,-0.612283
242.7610,-18710,-48.982666,-0.612283
242.7710,-18710,-48.982666,-0.612283
242.7810,-18710,-48.982666,-0.612283
242.7910,-18710,-48.982666,-0.612283
242.8010,-18710,-48.982666,-0.612283
242.8110,-18710,-48.982666,-0.612283
242.8210,-18710,-48.982666,-0.612283
242.8310,-18710,-48.982666,-0.612283
242.8410,-18710,-48.982666,-0.612283
242.8510,-18710,-48.982666,-0.612283
242.8610,-18710,-48.982666,-0.612283
242.8710,-18710,-48.982666,-0.612283
242.8810,-18710,-48.982666,-0.612283
242.8910,-18710,-48.982666,-0.612283
242.9010,-18710,-48.982666,-0.612283
242.9110,-18710,-48.982666,-0.612283
242.9210,-18710,-48.982666,-0.612283
242.9310,-18710,-48.982666,-0.612283
242.9410,-18710,-48.982666,-0.612283
242.9510,-18710,-48.982666,-0.612283
242.9610,-18710,-48.982666,-0.612283
242.9710,-18710,-48.982666,-0.612283
242.9810,-18710,-48.982666,-0.612283
242.9910,-18710,-48.982666,-0.612283
243.0010,-18710,-48.982666,-0.612283
243.0110,-18710,-48.982666,-0.612283
243.0210,-18710,-48.982666,-0.612283
243.0310,-18711,-48.985282,-0.612316
243.0410,-18711,-48.985282,-0.612316
243.0510,-18711,-48.985282,-0.612316
243.0610,-18711,-48.985282,-0.612316
243.0710,-18711,-48.985282,-0.612316
243.0810,-18711,-48.985282,-0.612316
243.0910,-18711,-48.985282,-0.612316
243.1010,-18711,-48.985282,-0.612316
243.1110,-18711,-48.985282,-0.612316
243.1210,-18711,-48.985282,-0.612316
243.1310,-18711,-48.985282,-0.612316
243.1410,-18711,-48.985282,-0.612316
243.1510,-18711,-48.985282,-0.612316
243.1610,-18711,-48.985282,-0.612316
243.1710,-18711,-48.985282,-0.612316
243.1810,-18711,-48.985282,-0.612316
243.1910,-18711,-48.985282,-0.612316
243.2010,-18711,-48.985282,-0.612316
243.2110,-18711,-48.985282,-0.612316
243.2210,-18711,-48.985282,-0.612316
243.2310,-18711,-48.985282,-0.612316
243.2410,-18711,-48.985282,-0.612316
243.2510,-18711,-48.985282,-0.612316
243.2610,-18711,-48.985282,-0.612316
243.2710,-18711,-48.985282,-0.612316
243.2810,-18711,-48.985282,-0.612316
243.2920,-18711,-48.985282,-0.612316
243.3010,-18711,-48.985282,-0.612316
243.3110,-18711,-48.985282,-0.612316
243.3210,-18711,-48.985282,-0.612316
243.3310,-18711,-48.985282,-0.612316
243.3410,-18711,-48.985282,-0.612316
243.3510,-18711,-48.985282,-0.612316
243.3610,-18711,-48.985282,-0.612316
243.3710,-18711,-48.985282,-0.612316
243.3810,-18711,-48.985282,-0.612316
243.3910,-18711,-48.985282,-0.612316
243.4010,-18711,-48.985282,-0.612316
243.4110,-18711,-48.985282,-0.612316
243.4210,-18711,-48.985282,-0.612316
243.4310,-18711,-48.985282,-0.612316
243.4410,-18711,-48.985282,-0.612316
243.4510,-18711,-48.985282,-0.612316
243.4610,-18711,-48.985282,-0.612316
243.4710,-18711,-48.985282,-0.612316
243.4810,-18711,-48.985282,-0.612316
243.4910,-18711,-48.985282,-0.612316
243.5010,-18711,-48.985282,-0.612316
243.5110,-18711,-48.985282,-0.612316
243.5210,-18711,-48.985282,-0.612316
243.5310,-18711,-48.985282,-0.612316
243.5410,-18711,-48.985282,-0.612316
243.5510,-18711,-48.985282,-0.612316
243.5610,-18711,-48.985282,-0.612316
243.5710,-18711,-48.985282,-0.612316
243.5810,-18711,-48.985282,-0.612316
243.5910,-18711,-48.985282,-0.612316
243.6010,-18711,-48.985282,-0.612316
243.6110,-18711,-48.985282,-0.612316
243.6210,-18711,-48.985282,-0.612316
243.6310,-18711,-48.985282,-0.612316
243.6410,-18711,-48.985282,-0.612316
243.6510,-18711,-48.985282,-0.612316
243.6610,-18711,-48.985282,-0.612316
243.6710,-18711,-48.985282,-0.612316
243.6810,-18711,-48.985282,-0.612316
243.6910,-18711,-48.985282,-0.612316
243.7010,-18711,-48.985282,-0.612316
243.7110,-18711,-48.985282,-0.612316
243.7210,-18711,-48.985282,-0.612316
243.7310,-18711,-48.985282,-0.612316
243.7410,-18711,-48.985282,-0.612316
243.7510,-18711,-48.985282,-0.612316
243.7610,-18711,-48.985282,-0.612316
243.7710,-18711,-48.985282,-0.612316
243.7810,-18711,-48.985282,-0.612316
243.7910,-18711,-48.985282,-0.612316
243.8010,-18711,-48.985282,-0.612316
243.8110,-18711,-48.985282,-0.612316
243.8210,-18711,-48.985282,-0.612316
243.8310,-18711,-48.985282,-0.612316
243.8410,-18711,-48.985282,-0.612316
243.8510,-18711,-48.985282,-0.612316
243.8610,-18711,-48.985282,-0.612316
243.8710,-18711,-48.985282,-0.612316
243.8810,-18711,-48.985282,-0.612316
243.8910,-18711,-48.985282,-0.612316
243.9010,-18711,-48.985282,-0.612316
243.9110,-18711,-48.985282,-0.612316
243.9210,-18711,-48.985282,-0.612316
243.9320,-18711,-48.985282,-0.612316
243.9410,-18711,-48.985282,-0.612316
243.9510,-18711,-48.985282,-0.612316
243.9610,-18711,-48.985282,-0.612316
243.9710,-18711,-48.985282,-0.612316
243.9810,-18711,-48.985282,-0.612316
243.9910,-18711,-48.985282,-0.612316
244.0010,-18711,-48.985282,-0.612316
244.0110,-18711,-48.985282,-0.612316
244.0210,-18711,-48.985282,-0.612316
244.0310,-18711,-48.985282,-0.612316
244.0410,-18711,-48.985282,-0.612316
244.0510,-18711,-48.985282,-0.612316
244.0610,-18711,-48.985282,-0.612316
244.0710,-18711,-48.985282,-0.612316
244.0810,-18711,-48.985282,-0.612316
244.0910,-18711,-48.985282,-0.612316
244.1010,-18711,-48.985282,-0.612316
244.1110,-18711,-48.985282,-0.612316
244.1210,-18711,-48.985282,-0.612316
244.1310,-18711,-48.985282,-0.612316
244.1410,-18711,-48.985282,-0.612316
244.1510,-18711,-48.985282,-0.612316
244.1610,-18711,-48.985282,-0.612316
244.1710,-18711,-48.985282,-0.612316
244.1810,-18711,-48.985282,-0.612316
244.1910,-18711,-48.985282,-0.612316
244.2010,-18711,-48.985282,-0.612316
244.2110,-18711,-48.985282,-0.612316
244.2210,-18711,-48.985282,-0.612316
244.2310,-18711,-48.985282,-0.612316
244.2410,-18711,-48.985282,-0.612316
244.2510,-18711,-48.985282,-0.612316
244.2610,-18711,-48.985282,-0.612316
244.2710,-18711,-48.985282,-0.612316
244.2810,-18711,-48.985282,-0.612316
244.2910,-18711,-48.985282,-0.612316
244.3010,-18711,-48.985282,-0.612316
244.3110,-18711,-48.985282,-0.612316
244.3210,-18711,-48.985282,-0.612316
244.3310,-18711,-48.985282,-0.612316
244.3410,-18711,-48.985282,-0.612316
244.3510,-18711,-48.985282,-0.612316
244.3610,-18711,-48.985282,-0.612316
244.3710,-18711,-48.985282,-0.612316
244.3810,-18711,-48.985282,-0.612316
244.3910,-18711,-48.985282,-0.612316
244.4010,-18711,-48.985282,-0.612316
244.4110,-18711,-48.985282,-0.612316
244.4210,-18711,-48.985282,-0.612316
244.4310,-18711,-48.985282,-0.612316
244.4410,-18711,-48.985282,-0.612316
244.4510,-18711,-48.985282,-0.612316
244.4610,-18711,-48.985282,-0.612316
244.4710,-18711,-48.985282,-0.612316
244.4810,-18711,-48.985282,-0.612316
244.4910,-18711,-48.985282,-0.612316
244.5010,-18711,-48.985282,-0.612316
244.5110,-18711,-48.985282,-0.612316
244.5210,-18711,-48.985282,-0.612316
244.5310,-18711,-48.985282,-0.612316
244.5410,-18711,-48.985282,-0.612316
244.5510,-18711,-48.985282,-0.612316
244.5610,-18712,-48.987903,-0.612349
244.5720,-18712,-48.987903,-0.612349
244.5810,-18712,-48.987903,-0.612349
244.5910,-18712,-48.987903,-0.612349
244.6010,-18712,-48.987903,-0.612349
244.6110,-18712,-48.987903,-0.612349
244.6210,-18712,-48.987903,-0.612349
244.6310,-18712,-48.987903,-0.612349
244.6410,-18712,-48.987903,-0.612349
244.6510,-18712,-48.987903,-0.612349
244.6610,-18712,-48.987903,-0.612349
244.6710,-18712,-48.987903,-0.612349
244.6810,-18712,-48.987903,-0.612349
244.6910,-18712,-48.987903,-0.612349
244.7010,-18712,-48.987903,-0.612349
244.7110,-18712,-48.987903,-0.612349
244.7210,-18712,-48.987903,-0.612349
244.7310,-18712,-48.987903,-0.612349
244.7410,-18712,-48.987903,-0.612349
244.7510,-18712,-48.987903,-0.612349
244.7610,-18712,-48.987903,-0.612349
244.7710,-18712,-48.987903,-0.612349
244.7810,-18712,-48.987903,-0.612349
244.7910,-18712,-48.987903,-0.612349
244.8010,-18712,-48.987903,-0.612349
244.8110,-18712,-48.987903,-0.612349
244.8210,-18712,-48.987903,-0.612349
244.8310,-18712,-48.987903,-0.612349
244.8410,-18712,-48.987903,-0.612349
244.8510,-18712,-48.987903,-0.612349
244.8610,-18712,-48.987903,-0.612349
244.8710,-18712,-48.987903,-0.612349
244.8810,-18712,-48.987903,-0.612349
244.8910,-18712,-48.987903,-0.612349
244.9010,-18712,-48.987903,-0.612349
244.9110,-18712,-48.987903,-0.612349
244.9210,-18712,-48.987903,-0.612349
244.9310,-18712,-48.987903,-0.612349
244.9410,-18712,-48.987903,-0.612349
244.9510,-18712,-48.987903,-0.612349
244.9610,-18712,-48.987903,-0.612349
244.9710,-18712,-48.987903,-0.612349
244.9810,-18712,-48.987903,-0.612349
244.9910,-18712,-48.987903,-0.612349
245.0010,-18712,-48.987903,-0.612349
245.0110,-18712,-48.987903,-0.612349
245.0210,-18712,-48.987903,-0.612349
245.0310,-18712,-48.987903,-0.612349
245.0410,-18712,-48.987903,-0.612349
245.0510,-18712,-48.987903,-0.612349
245.0610,-18712,-48.987903,-0.612349
245.0710,-18712,-48.987903,-0.612349
245.0810,-18712,-48.987903,-0.612349
245.0910,-18712,-48.987903,-0.612349
245.1010,-18712,-48.987903,-0.612349
245.1110,-18712,-48.987903,-0.612349
245.1210,-18712,-48.987903,-0.612349
245.1310,-18712,-48.987903,-0.612349
245.1410,-18712,-48.987903,-0.612349
245.1510,-18712,-48.987903,-0.612349
245.1610,-18712,-48.987903,-0.612349
245.1710,-18712,-48.987903,-0.612349
245.1810,-18712,-48.987903,-0.612349
245.1910,-18712,-48.987903,-0.612349
245.2010,-18712,-48.987903,-0.612349
245.2120,-18712,-48.987903,-0.612349
245.2210,-18712,-48.987903,-0.612349
245.2310,-18712,-48.987903,-0.612349
245.2410,-18712,-48.987903,-0.612349
245.2510,-18712,-48.987903,-0.612349
245.2610,-18712,-48.987903,-0.612349
245.2710,-18712,-48.987903,-0.612349
245.2810,-18712,-48.987903,-0.612349
245.2910,-18712,-48.987903,-0.612349
245.3010,-18712,-48.987903,-0.612349
245.3110,-18712,-48.987903,-0.612349
245.3210,-18712,-48.987903,-0.612349
245.3310,-18712,-48.987903,-0.612349
245.3410,-18712,-48.987903,-0.612349
245.3510,-18712,-48.987903,-0.612349
245.3610,-18712,-48.987903,-0.612349
245.3710,-18712,-48.987903,-0.612349
245.3810,-18712,-48.987903,-0.612349
245.3910,-18712,-48.987903,-0.612349
245.4010,-18712,-48.987903,-0.612349
245.4110,-18712,-48.987903,-0.612349
245.4210,-18712,-48.987903,-0.612349
245.4310,-18712,-48.987903,-0.612349
245.4410,-18712,-48.987903,-0.612349
245.4510,-18712,-48.987903,-0.612349
245.4610,-18712,-48.987903,-0.612349
245.4710,-18712,-48.987903,-0.612349
245.4810,-18712,-48.987903,-0.612349
245.4910,-18712,-48.987903,-0.612349
245.5010,-18712,-48.987903,-0.612349
245.5110,-18712,-48.987903,-0.612349
245.5210,-18712,-48.987903,-0.612349
245.5310,-18712,-48.987903,-0.612349
245.5410,-18712,-48.987903,-0.612349
245.5510,-18712,-48.987903,-0.612349
245.5610,-18712,-48.987903,-0.612349
245.5710,-18712,-48.987903,-0.612349
245.5810,-18712,-48.987903,-0.612349
245.5910,-18712,-48.987903,-0.612349
245.6010,-18712,-48.987903,-0.612349
245.6110,-18712,-48.987903,-0.612349
245.6210,-18713,-48.990520,-0.612381
245.6310,-18713,-48.990520,-0.612381
245.6410,-18713,-48.990520,-0.612381
245.6510,-18713,-48.990520,-0.612381
245.6610,-18713,-48.990520,-0.612381
245.6710,-18713,-48.990520,-0.612381
245.6810,-18713,-48.990520,-0.612381
245.6910,-18713,-48.990520,-0.612381
245.7010,-18713,-48.990520,-0.612381
245.7110,-18713,-48.990520,-0.612381
245.7210,-18713,-48.990520,-0.612381
245.7310,-18713,-48.990520,-0.612381
245.7410,-18713,-48.990520,-0.612381
245.7510,-18713,-48.990520,-0.612381
245.7610,-18713,-48.990520,-0.612381
245.7710,-18713,-48.990520,-0.612381
245.7810,-18713,-48.990520,-0.612381
245.7910,-18713,-48.990520,-0.612381
245.8010,-18713,-48.990520,-0.612381
245.8110,-18713,-48.990520,-0.612381
245.8210,-18713,-48.990520,-0.612381
245.8310,-18713,-48.990520,-0.612381
245.8410,-18713,-48.990520,-0.612381
245.8520,-18713,-48.990520,-0.612381
245.8610,-18713,-48.990520,-0.612381
245.8710,-18713,-48.990520,-0.612381
245.8810,-18713,-48.990520,-0.612381
245.8910,-18713,-48.990520,-0.612381
245.9010,-18713,-48.990520,-0.612381
245.9110,-18713,-48.990520,-0.612381
245.9210,-18713,-48.990520,-0.612381
245.9310,-18713,-48.990520,-0.612381
245.9410,-18713,-48.990520,-0.612381
245.9510,-18713,-48.990520,-0.612381
245.9610,-18713,-48.990520,-0.612381
245.9710,-18713,-48.990520,-0.612381
245.9810,-18713,-48.990520,-0.612381
245.9910,-18713,-48.990520,-0.612381
246.0010,-18713,-48.990520,-0.612381
246.0110,-18713,-48.990520,-0.612381
246.0210,-18713,-48.990520,-0.612381
246.0310,-18713,-48.990520,-0.612381
246.0410,-18713,-48.990520,-0.612381
246.0510,-18713,-48.990520,-0.612381
246.0610,-18713,-48.990520,-0.612381
246.0710,-18713,-48.990520,-0.612381
246.0810,-18714,-48.993141,-0.612414
246.0910,-18714,-48.993141,-0.612414
246.1010,-18714,-48.993141,-0.612414
246.1110,-18714,-48.993141,-0.612414
246.1210,-18714,-48.993141,-0.612414
246.1310,-18714,-48.993141,-0.612414
246.1410,-18714,-48.993141,-0.612414
246.1510,-18714,-48.993141,-0.612414
246.1610,-18714,-48.993141,-0.612414
246.1710,-18714,-48.993141,-0.612414
246.1810,-18714,-48.993141,-0.612414
246.1910,-18714,-48.993141,-0.612414
246.2010,-18714,-48.993141,-0.612414
246.2110,-18714,-48.993141,-0.612414
246.2210,-18714,-48.993141,-0.612414
246.2310,-18714,-48.993141,-0.612414
246.2410,-18714,-48.993141,-0.612414
246.2510,-18714,-48.993141,-0.612414
246.2610,-18714,-48.993141,-0.612414
246.2710,-18714,-48.993141,-0.612414
246.2810,-18714,-48.993141,-0.612414
246.2910,-18714,-48.993141,-0.612414
246.3010,-18714,-48.993141,-0.612414
246.3110,-18714,-48.993141,-0.612414
246.3210,-18714,-48.993141,-0.612414
246.3310,-18714,-48.993141,-0.612414
246.3410,-18714,-48.993141,-0.612414
246.3510,-18714,-48.993141,-0.612414
246.3610,-18714,-48.993141,-0.612414
246.3710,-18714,-48.993141,-0.612414
246.3810,-18714,-48.993141,-0.612414
246.3910,-18714,-48.993141,-0.612414
246.4010,-18714,-48.993141,-0.612414
246.4110,-18714,-48.993141,-0.612414
246.4210,-18714,-48.993141,-0.612414
246.4310,-18714,-48.993141,-0.612414
246.4410,-18714,-48.993141,-0.612414
246.4510,-18714,-48.993141,-0.612414
246.4610,-18714,-48.993141,-0.612414
246.4710,-18714,-48.993141,-0.612414
246.4810,-18714,-48.993141,-0.612414
246.4920,-18714,-48.993141,-0.612414
246.5010,-18714,-48.993141,-0.612414
246.5110,-18714,-48.993141,-0.612414
246.5210,-18714,-48.993141,-0.612414
246.5310,-18714,-48.993141,-0.612414
246.5410,-18714,-48.993141,-0.612414
246.5510,-18714,-48.993141,-0.612414
246.5610,-18714,-48.993141,-0.612414
246.5710,-18714,-48.993141,-0.612414
246.5810,-18714,-48.993141,-0.612414
246.5910,-18714,-48.993141,-0.612414
246.6010,-18714,-48.993141,-0.612414
246.6110,-18714,-48.993141,-0.612414
246.6210,-18714,-48.993141,-0.612414
246.6310,-18714,-48.993141,-0.612414
246.6410,-18714,-48.993141,-0.612414
246.6510,-18714,-48.993141,-0.612414
246.6610,-18714,-48.993141,-0.612414
246.6710,-18714,-48.993141,-0.612414
246.6810,-18714,-48.993141,-0.612414
246.6910,-18714,-48.993141,-0.612414
246.7010,-18714,-48.993141,-0.612414
246.7110,-18714,-48.993141,-0.612414
246.7210,-18714,-48.993141,-0.612414
246.7310,-18714,-48.993141,-0.612414
246.7410,-18714,-48.993141,-0.612414
246.7510,-18714,-48.993141,-0.612414
246.7610,-18714,-48.993141,-0.612414
246.7710,-18714,-48.993141,-0.612414
246.7810,-18714,-48.993141,-0.612414
246.7910,-18714,-48.993141,-0.612414
246.8010,-18714,-48.993141,-0.612414
246.8110,-18714,-48.993141,-0.612414
246.8210,-18714,-48.993141,-0.612414
246.8310,-18714,-48.993141,-0.612414
246.8410,-18714,-48.993141,-0.612414
246.8510,-18714,-48.993141,-0.612414
246.8610,-18714,-48.993141,-0.612414
246.8710,-18714,-48.993141,-0.612414
246.8810,-18714,-48.993141,-0.612414
246.8910,-18714,-48.993141,-0.612414
246.9010,-18714,-48.993141,-0.612414
246.9110,-18714,-48.993141,-0.612414
246.9210,-18714,-48.993141,-0.612414
246.9310,-18714,-48.993141,-0.612414
246.9410,-18714,-48.993141,-0.612414
246.9510,-18714,-48.993141,-0.612414
246.9610,-18714,-48.993141,-0.612414
246.9710,-18714,-48.993141,-0.612414
246.9810,-18714,-48.993141,-0.612414
246.9910,-18714,-48.993141,-0.612414
247.0010,-18714,-48.993141,-0.612414
247.0110,-18714,-48.993141,-0.612414
247.0210,-18714,-48.993141,-0.612414
247.0310,-18714,-48.993141,-0.612414
247.0410,-18714,-48.993141,-0.612414
247.0510,-18714,-48.993141,-0.612414
247.0610,-18714,-48.993141,-0.612414
247.0710,-18714,-48.993141,-0.612414
247.0810,-18714,-48.993141,-0.612414
247.0910,-18714,-48.993141,-0.612414
247.1010,-18714,-48.993141,-0.612414
247.1110,-18714,-48.993141,-0.612414
247.1210,-18714,-48.993141,-0.612414
247.1320,-18714,-48.993141,-0.612414
247.1410,-18714,-48.993141,-0.612414
247.1510,-18714,-48.993141,-0.612414
247.1610,-18714,-48.993141,-0.612414
247.1710,-18715,-48.995758,-0.612447
247.1810,-18715,-48.995758,-0.612447
247.1910,-18715,-48.995758,-0.612447
247.2010,-18715,-48.995758,-0.612447
247.2110,-18715,-48.995758,-0.612447
247.2210,-18715,-48.995758,-0.612447
247.2310,-18715,-48.995758,-0.612447
247.2410,-18715,-48.995758,-0.612447
247.2510,-18715,-48.995758,-0.612447
247.2610,-18715,-48.995758,-0.612447
247.2710,-18715,-48.995758,-0.612447
247.2810,-18715,-48.995758,-0.612447
247.2910,-18715,-48.995758,-0.612447
247.3010,-18715,-48.995758,-0.612447
247.3110,-18715,-48.995758,-0.612447
247.3210,-18715,-48.995758,-0.612447
247.3310,-18715,-48.995758,-0.612447
247.3410,-18715,-48.995758,-0.612447
247.3510,-18715,-48.995758,-0.612447
247.3610,-18715,-48.995758,-0.612447
247.3710,-18715,-48.995758,-0.612447
247.3810,-18715,-48.995758,-0.612447
247.3910,-18715,-48.995758,-0.612447
247.4010,-18715,-48.995758,-0.612447
247.4110,-18715,-48.995758,-0.612447
247.4210,-18715,-48.995758,-0.612447
247.4310,-18715,-48.995758,-0.612447
247.4410,-18715,-48.995758,-0.612447
247.4510,-18715,-48.995758,-0.612447
247.4610,-18715,-48.995758,-0.612447
247.4710,-18715,-48.995758,-0.612447
247.4810,-18715,-48.995758,-0.612447
247.4910,-18715,-48.995758,-0.612447
247.5010,-18715,-48.995758,-0.612447
247.5110,-18715,-48.995758,-0.612447
247.5210,-18715,-48.995758,-0.612447
247.5310,-18715,-48.995758,-0.612447
247.5410,-18715,-48.995758,-0.612447
247.5510,-18715,-48.995758,-0.612447
247.5610,-18715,-48.995758,-0.612447
247.5710,-18715,-48.995758,-0.612447
247.5810,-18715,-48.995758,-0.612447
247.5910,-18715,-48.995758,-0.612447
247.6010,-18715,-48.995758,-0.612447
247.6110,-18715,-48.995758,-0.612447
247.6210,-18715,-48.995758,-0.612447
247.6310,-18715,-48.995758,-0.612447
247.6410,-18715,-48.995758,-0.612447
247.6510,-18715,-48.995758,-0.612447
247.6610,-18715,-48.995758,-0.612447
247.6710,-18715,-48.995758,-0.612447
247.6810,-18715,-48.995758,-0.612447
247.6910,-18715,-48.995758,-0.612447
247.7010,-18715,-48.995758,-0.612447
247.7110,-18715,-48.995758,-0.612447
247.7210,-18715,-48.995758,-0.612447
247.7310,-18715,-48.995758,-0.612447
247.7410,-18715,-48.995758,-0.612447
247.7510,-18715,-48.995758,-0.612447
247.7610,-18715,-48.995758,-0.612447
247.7720,-18715,-48.995758,-0.612447
247.7810,-18715,-48.995758,-0.612447
247.7910,-18715,-48.995758,-0.612447
247.8010,-18715,-48.995758,-0.612447
247.8110,-18715,-48.995758,-0.612447
247.8210,-18715,-48.995758,-0.612447
247.8310,-18715,-48.995758,-0.612447
247.8410,-18715,-48.995758,-0.612447
247.8510,-18715,-48.995758,-0.612447
247.8610,-18715,-48.995758,-0.612447
247.8710,-18715,-48.995758,-0.612447
247.8810,-18715,-48.995758,-0.612447
247.8910,-18715,-48.995758,-0.612447
247.9010,-18715,-48.995758,-0.612447
247.9110,-18715,-48.995758,-0.612447
247.9210,-18715,-48.995758,-0.612447
247.9310,-18715,-48.995758,-0.612447
247.9410,-18715,-48.995758,-0.612447
247.9510,-18715,-48.995758,-0.612447
247.9610,-18715,-48.995758,-0.612447
247.9710,-18715,-48.995758,-0.612447
247.9810,-18715,-48.995758,-0.612447
247.9910,-18715,-48.995758,-0.612447
248.0010,-18715,-48.995758,-0.612447
248.0110,-18715,-48.995758,-0.612447
248.0210,-18715,-48.995758,-0.612447
248.0310,-18715,-48.995758,-0.612447
248.0410,-18715,-48.995758,-0.612447
248.0510,-18715,-48.995758,-0.612447
248.0610,-18715,-48.995758,-0.612447
248.0710,-18715,-48.995758,-0.612447
248.0810,-18715,-48.995758,-0.612447
248.0910,-18715,-48.995758,-0.612447
248.1010,-18715,-48.995758,-0.612447
248.1110,-18715,-48.995758,-0.612447
248.1210,-18715,-48.995758,-0.612447
248.1310,-18715,-48.995758,-0.612447
248.1410,-18715,-48.995758,-0.612447
248.1510,-18715,-48.995758,-0.612447
248.1610,-18715,-48.995758,-0.612447
248.1710,-18715,-48.995758,-0.612447
248.1810,-18715,-48.995758,-0.612447
248.1910,-18715,-48.995758,-0.612447
248.2010,-18715,-48.995758,-0.612447
248.2110,-18715,-48.995758,-0.612447
248.2210,-18715,-48.995758,-0.612447
248.2310,-18715,-48.995758,-0.612447
248.2410,-18715,-48.995758,-0.612447
248.2510,-18715,-48.995758,-0.612447
248.2610,-18715,-48.995758,-0.612447
248.2710,-18715,-48.995758,-0.612447
248.2810,-18715,-48.995758,-0.612447
248.2910,-18715,-48.995758,-0.612447
248.3010,-18715,-48.995758,-0.612447
248.3110,-18715,-48.995758,-0.612447
248.3210,-18715,-48.995758,-0.612447
248.3310,-18715,-48.995758,-0.612447
248.3410,-18715,-48.995758,-0.612447
248.3510,-18715,-48.995758,-0.612447
248.3610,-18715,-48.995758,-0.612447
248.3710,-18715,-48.995758,-0.612447
248.3810,-18715,-48.995758,-0.612447
248.3910,-18715,-48.995758,-0.612447
248.4010,-18715,-48.995758,-0.612447
248.4120,-18715,-48.995758,-0.612447
248.4210,-18715,-48.995758,-0.612447
248.4310,-18715,-48.995758,-0.612447
248.4410,-18715,-48.995758,-0.612447
248.4510,-18715,-48.995758,-0.612447
248.4610,-18715,-48.995758,-0.612447
248.4710,-18715,-48.995758,-0.612447
248.4810,-18715,-48.995758,-0.612447
248.4910,-18715,-48.995758,-0.612447
248.5010,-18715,-48.995758,-0.612447
248.5110,-18715,-48.995758,-0.612447
248.5210,-18715,-48.995758,-0.612447
248.5310,-18715,-48.995758,-0.612447
248.5410,-18716,-48.998374,-0.612480
248.5510,-18716,-48.998374,-0.612480
248.5610,-18716,-48.998374,-0.612480
248.5710,-18716,-48.998374,-0.612480
248.5810,-18716,-48.998374,-0.612480
248.5910,-18716,-48.998374,-0.612480
248.6010,-18716,-48.998374,-0.612480
248.6110,-18716,-48.998374,-0.612480
248.6210,-18716,-48.998374,-0.612480
248.6310,-18716,-48.998374,-0.612480
248.6410,-18716,-48.998374,-0.612480
248.6510,-18716,-48.998374,-0.612480
248.6610,-18716,-48.998374,-0.612480
248.6710,-18716,-48.998374,-0.612480
248.6810,-18716,-48.998374,-0.612480
248.6910,-18716,-48.998374,-0.612480
248.7010,-18716,-48.998374,-0.612480
248.7110,-18716,-48.998374,-0.612480
248.7210,-18716,-48.998374,-0.612480
248.7310,-18716,-48.998374,-0.612480
248.7410,-18716,-48.998374,-0.612480
248.7510,-18716,-48.998374,-0.612480
248.7610,-18716,-48.998374,-0.612480
248.7710,-18716,-48.998374,-0.612480
248.7810,-18716,-48.998374,-0.612480
248.7910,-18716,-48.998374,-0.612480
248.8010,-18716,-48.998374,-0.612480
248.8110,-18716,-48.998374,-0.612480
248.8210,-18716,-48.998374,-0.612480
248.8310,-18716,-48.998374,-0.612480
248.8410,-18716,-48.998374,-0.612480
248.8510,-18716,-48.998374,-0.612480
248.8610,-18717,-49.000991,-0.612512
248.8710,-18717,-49.000991,-0.612512
248.8810,-18717,-49.000991,-0.612512
248.8910,-18717,-49.000991,-0.612512
248.9010,-18717,-49.000991,-0.612512
248.9110,-18717,-49.000991,-0.612512
248.9210,-18717,-49.000991,-0.612512
248.9310,-18717,-49.000991,-0.612512
248.9410,-18717,-49.000991,-0.612512
248.9510,-18717,-49.000991,-0.612512
248.9610,-18717,-49.000991,-0.612512
248.9710,-18717,-49.000991,-0.612512
248.9810,-18717,-49.000991,-0.612512
248.9910,-18717,-49.000991,-0.612512
249.0010,-18717,-49.000991,-0.612512
249.0110,-18717,-49.000991,-0.612512
249.0210,-18717,-49.000991,-0.612512
249.0310,-18717,-49.000991,-0.612512
249.0410,-18717,-49.000991,-0.612512
249.0520,-18717,-49.000991,-0.612512
249.0610,-18717,-49.000991,-0.612512
249.0710,-18717,-49.000991,-0.612512
249.0810,-18717,-49.000991,-0.612512
249.0910,-18717,-49.000991,-0.612512
249.1010,-18717,-49.000991,-0.612512
249.1110,-18717,-49.000991,-0.612512
249.1210,-18717,-49.000991,-0.612512
249.1310,-18717,-49.000991,-0.612512
249.1410,-18717,-49.000991,-0.612512
249.1510,-18717,-49.000991,-0.612512
249.1610,-18717,-49.000991,-0.612512
249.1710,-18717,-49.000991,-0.612512
249.1810,-18717,-49.000991,-0.612512
249.1910,-18717,-49.000991,-0.612512
249.2010,-18717,-49.000991,-0.612512
249.2110,-18717,-49.000991,-0.612512
249.2210,-18717,-49.000991,-0.612512
249.2310,-18717,-49.000991,-0.612512
249.2410,-18717,-49.000991,-0.612512
249.2510,-18717,-49.000991,-0.612512
249.2610,-18717,-49.000991,-0.612512
249.2710,-18717,-49.000991,-0.612512
249.2810,-18717,-49.000991,-0.612512
249.2910,-18717,-49.000991,-0.612512
249.3010,-18717,-49.000991,-0.612512
249.3110,-18717,-49.000991,-0.612512
249.3210,-18717,-49.000991,-0.612512
249.3310,-18717,-49.000991,-0.612512
249.3410,-18717,-49.000991,-0.612512
249.3510,-18717,-49.000991,-0.612512
249.3610,-18717,-49.000991,-0.612512
249.3710,-18717,-49.000991,-0.612512
249.3810,-18717,-49.000991,-0.612512
249.3910,-18717,-49.000991,-0.612512
249.4010,-18717,-49.000991,-0.612512
249.4110,-18717,-49.000991,-0.612512
249.4210,-18717,-49.000991,-0.612512
249.4310,-18717,-49.000991,-0.612512
249.4410,-18717,-49.000991,-0.612512
249.4510,-18717,-49.000991,-0.612512
249.4610,-18717,-49.000991,-0.612512
249.4710,-18717,-49.000991,-0.612512
249.4810,-18717,-49.000991,-0.612512
249.4910,-18717,-49.000991,-0.612512
249.5010,-18717,-49.000991,-0.612512
249.5110,-18717,-49.000991,-0.612512
249.5210,-18717,-49.000991,-0.612512
249.5310,-18717,-49.000991,-0.612512
249.5410,-18717,-49.000991,-0.612512
249.5510,-18717,-49.000991,-0.612512
249.5610,-18717,-49.000991,-0.612512
249.5710,-18717,-49.000991,-0.612512
249.5810,-18717,-49.000991,-0.612512
249.5910,-18717,-49.000991,-0.612512
249.6010,-18717,-49.000991,-0.612512
249.6110,-18717,-49.000991,-0.612512
249.6210,-18717,-49.000991,-0.612512
249.6310,-18717,-49.000991,-0.612512
249.6410,-18717,-49.000991,-0.612512
249.6510,-18717,-49.000991,-0.612512
249.6610,-18717,-49.000991,-0.612512
249.6710,-18717,-49.000991,-0.612512
249.6810,-18717,-49.000991,-0.612512
249.6920,-18717,-49.000991,-0.612512
249.7010,-18717,-49.000991,-0.612512
249.7110,-18717,-49.000991,-0.612512
249.7210,-18717,-49.000991,-0.612512
249.7310,-18717,-49.000991,-0.612512
249.7410,-18717,-49.000991,-0.612512
249.7510,-18717,-49.000991,-0.612512
249.7610,-18717,-49.000991,-0.612512
249.7710,-18717,-49.000991,-0.612512
249.7810,-18717,-49.000991,-0.612512
249.7910,-18717,-49.000991,-0.612512
249.8010,-18717,-49.000991,-0.612512
249.8110,-18717,-49.000991,-0.612512
249.8210,-18717,-49.000991,-0.612512
249.8310,-18717,-49.000991,-0.612512
249.8410,-18717,-49.000991,-0.612512
249.8510,-18717,-49.000991,-0.612512
249.8610,-18717,-49.000991,-0.612512
249.8710,-18717,-49.000991,-0.612512
249.8810,-18717,-49.000991,-0.612512
249.8910,-18717,-49.000991,-0.612512
249.9010,-18717,-49.000991,-0.612512
249.9110,-18717,-49.000991,-0.612512
249.9210,-18717,-49.000991,-0.612512
249.9310,-18717,-49.000991,-0.612512
249.9410,-18717,-49.000991,-0.612512
249.9510,-18717,-49.000991,-0.612512
249.9610,-18717,-49.000991,-0.612512
249.9710,-18717,-49.000991,-0.612512
249.9810,-18717,-49.000991,-0.612512
249.9910,-18717,-49.000991,-0.612512
250.0010,-18717,-49.000991,-0.612512
250.0110,-18717,-49.000991,-0.612512
250.0210,-18717,-49.000991,-0.612512
250.0310,-18717,-49.000991,-0.612512
250.0410,-18717,-49.000991,-0.612512
250.0510,-18717,-49.000991,-0.612512
250.0610,-18717,-49.000991,-0.612512
250.0710,-18717,-49.000991,-0.612512
250.0810,-18717,-49.000991,-0.612512
250.0910,-18717,-49.000991,-0.612512
250.1010,-18717,-49.000991,-0.612512
250.1110,-18717,-49.000991,-0.612512
250.1210,-18717,-49.000991,-0.612512
250.1310,-18717,-49.000991,-0.612512
250.1410,-18717,-49.000991,-0.612512
250.1510,-18717,-49.000991,-0.612512
250.1610,-18717,-49.000991,-0.612512
250.1710,-18717,-49.000991,-0.612512
250.1810,-18717,-49.000991,-0.612512
250.1910,-18717,-49.000991,-0.612512
250.2010,-18717,-49.000991,-0.612512
250.2110,-18717,-49.000991,-0.612512
250.2210,-18717,-49.000991,-0.612512
250.2310,-18717,-49.000991,-0.612512
250.2410,-18717,-49.000991,-0.612512
250.2510,-18718,-49.003612,-0.612545
250.2610,-18718,-49.003612,-0.612545
250.2710,-18718,-49.003612,-0.612545
250.2810,-18718,-49.003612,-0.612545
250.2910,-18718,-49.003612,-0.612545
250.3010,-18718,-49.003612,-0.612545
250.3110,-18718,-49.003612,-0.612545
250.3210,-18718,-49.003612,-0.612545
250.3320,-18718,-49.003612,-0.612545
250.3410,-18718,-49.003612,-0.612545
250.3510,-18718,-49.003612,-0.612545
250.3610,-18718,-49.003612,-0.612545
250.3710,-18718,-49.003612,-0.612545
250.3810,-18718,-49.003612,-0.612545
250.3910,-18718,-49.003612,-0.612545
250.4010,-18718,-49.003612,-0.612545
250.4110,-18718,-49.003612,-0.612545
250.4210,-18718,-49.003612,-0.612545
250.4310,-18718,-49.003612,-0.612545
250.4410,-18718,-49.003612,-0.612545
250.4510,-18718,-49.003612,-0.612545
250.4610,-18718,-49.003612,-0.612545
250.4710,-18718,-49.003612,-0.612545
250.4810,-18718,-49.003612,-0.612545
250.4910,-18718,-49.003612,-0.612545
250.5010,-18718,-49.003612,-0.612545
250.5110,-18718,-49.003612,-0.612545
250.5210,-18718,-49.003612,-0.612545
250.5310,-18718,-49.003612,-0.612545
250.5410,-18718,-49.003612,-0.612545
250.5510,-18718,-49.003612,-0.612545
250.5610,-18718,-49.003612,-0.612545
250.5710,-18718,-49.003612,-0.612545
250.5810,-18718,-49.003612,-0.612545
250.5910,-18718,-49.003612,-0.612545
250.6010,-18718,-49.003612,-0.612545
250.6110,-18718,-49.003612,-0.612545
250.6210,-18718,-49.003612,-0.612545
250.6310,-18718,-49.003612,-0.612545
250.6410,-18718,-49.003612,-0.612545
250.6510,-18718,-49.003612,-0.612545
250.6610,-18718,-49.003612,-0.612545
250.6710,-18718,-49.003612,-0.612545
250.6810,-18718,-49.003612,-0.612545
250.6910,-18718,-49.003612,-0.612545
250.7010,-18718,-49.003612,-0.612545
250.7110,-18718,-49.003612,-0.612545
250.7210,-18718,-49.003612,-0.612545
250.7310,-18718,-49.003612,-0.612545
250.7410,-18718,-49.003612,-0.612545
250.7510,-18718,-49.003612,-0.612545
250.7610,-18718,-49.003612,-0.612545
250.7710,-18718,-49.003612,-0.612545
250.7810,-18718,-49.003612,-0.612545
250.7910,-18718,-49.003612,-0.612545
250.8010,-18718,-49.003612,-0.612545
250.8110,-18718,-49.003612,-0.612545
250.8210,-18718,-49.003612,-0.612545
250.8310,-18718,-49.003612,-0.612545
250.8410,-18718,-49.003612,-0.612545
250.8510,-18718,-49.003612,-0.612545
250.8610,-18718,-49.003612,-0.612545
250.8710,-18718,-49.003612,-0.612545
250.8810,-18718,-49.003612,-0.612545
250.8910,-18718,-49.003612,-0.612545
250.9010,-18718,-49.003612,-0.612545
250.9110,-18718,-49.003612,-0.612545
250.9210,-18718,-49.003612,-0.612545
250.9310,-18718,-49.003612,-0.612545
250.9410,-18718,-49.003612,-0.612545
250.9510,-18718,-49.003612,-0.612545
250.9610,-18718,-49.003612,-0.612545
250.9720,-18718,-49.003612,-0.612545
250.9810,-18718,-49.003612,-0.612545
250.9910,-18718,-49.003612,-0.612545
251.0010,-18718,-49.003612,-0.612545
251.0110,-18718,-49.003612,-0.612545
251.0210,-18718,-49.003612,-0.612545
251.0310,-18718,-49.003612,-0.612545
251.0410,-18718,-49.003612,-0.612545
251.0510,-18718,-49.003612,-0.612545
251.0610,-18718,-49.003612,-0.612545
251.0710,-18718,-49.003612,-0.612545
251.0810,-18718,-49.003612,-0.612545
251.0910,-18718,-49.003612,-0.612545
251.1010,-18718,-49.003612,-0.612545
251.1110,-18718,-49.003612,-0.612545
251.1210,-18718,-49.003612,-0.612545
251.1310,-18718,-49.003612,-0.612545
251.1410,-18718,-49.003612,-0.612545
251.1510,-18718,-49.003612,-0.612545
251.1610,-18718,-49.003612,-0.612545
251.1710,-18718,-49.003612,-0.612545
251.1810,-18718,-49.003612,-0.612545
251.1910,-18718,-49.003612,-0.612545
251.2010,-18718,-49.003612,-0.612545
251.2110,-18718,-49.003612,-0.612545
251.2210,-18718,-49.003612,-0.612545
251.2310,-18718,-49.003612,-0.612545
251.2410,-18718,-49.003612,-0.612545
251.2510,-18718,-49.003612,-0.612545
251.2610,-18718,-49.003612,-0.612545
251.2710,-18718,-49.003612,-0.612545
251.2810,-18718,-49.003612,-0.612545
251.2910,-18718,-49.003612,-0.612545
251.3010,-18718,-49.003612,-0.612545
251.3110,-18718,-49.003612,-0.612545
251.3210,-18718,-49.003612,-0.612545
251.3310,-18718,-49.003612,-0.612545
251.3410,-18718,-49.003612,-0.612545
251.3510,-18718,-49.003612,-0.612545
251.3610,-18718,-49.003612,-0.612545
251.3710,-18718,-49.003612,-0.612545
251.3810,-18718,-49.003612,-0.612545
251.3910,-18718,-49.003612,-0.612545
251.4010,-18718,-49.003612,-0.612545
251.4110,-18718,-49.003612,-0.612545
251.4210,-18718,-49.003612,-0.612545
251.4310,-18718,-49.003612,-0.612545
251.4410,-18718,-49.003612,-0.612545
251.4510,-18718,-49.003612,-0.612545
251.4610,-18718,-49.003612,-0.612545
251.4710,-18718,-49.003612,-0.612545
251.4810,-18718,-49.003612,-0.612545
251.4910,-18718,-49.003612,-0.612545
251.5010,-18718,-49.003612,-0.612545
251.5110,-18718,-49.003612,-0.612545
251.5210,-18718,-49.003612,-0.612545
251.5310,-18718,-49.003612,-0.612545
251.5410,-18718,-49.003612,-0.612545
251.5510,-18718,-49.003612,-0.612545
251.5610,-18718,-49.003612,-0.612545
251.5710,-18718,-49.003612,-0.612545
251.5810,-18718,-49.003612,-0.612545
251.5910,-18718,-49.003612,-0.612545
251.6010,-18718,-49.003612,-0.612545
251.6120,-18718,-49.003612,-0.612545
251.6210,-18718,-49.003612,-0.612545
251.6310,-18718,-49.003612,-0.612545
251.6410,-18718,-49.003612,-0.612545
251.6510,-18718,-49.003612,-0.612545
251.6610,-18718,-49.003612,-0.612545
251.6710,-18718,-49.003612,-0.612545
251.6810,-18718,-49.003612,-0.612545
251.6910,-18718,-49.003612,-0.612545
251.7010,-18718,-49.003612,-0.612545
251.7110,-18718,-49.003612,-0.612545
251.7210,-18718,-49.003612,-0.612545
251.7310,-18718,-49.003612,-0.612545
251.7410,-18718,-49.003612,-0.612545
251.7510,-18718,-49.003612,-0.612545
251.7610,-18718,-49.003612,-0.612545
251.7710,-18718,-49.003612,-0.612545
251.7810,-18718,-49.003612,-0.612545
251.7910,-18718,-49.003612,-0.612545
251.8010,-18718,-49.003612,-0.612545
251.8110,-18718,-49.003612,-0.612545
251.8210,-18718,-49.003612,-0.612545
251.8310,-18718,-49.003612,-0.612545
251.8410,-18718,-49.003612,-0.612545
251.8510,-18718,-49.003612,-0.612545
251.8610,-18718,-49.003612,-0.612545
251.8710,-18718,-49.003612,-0.612545
251.8810,-18718,-49.003612,-0.612545
251.8910,-18718,-49.003612,-0.612545
251.9010,-18718,-49.003612,-0.612545
251.9110,-18718,-49.003612,-0.612545
251.9210,-18718,-49.003612,-0.612545
251.9310,-18718,-49.003612,-0.612545
251.9410,-18718,-49.003612,-0.612545
251.9510,-18718,-49.003612,-0.612545
251.9610,-18718,-49.003612,-0.612545
251.9710,-18718,-49.003612,-0.612545
251.9810,-18718,-49.003612,-0.612545
251.9910,-18718,-49.003612,-0.612545
252.0010,-18718,-49.003612,-0.612545
252.0110,-18718,-49.003612,-0.612545
252.0210,-18718,-49.003612,-0.612545
252.0310,-18718,-49.003612,-0.612545
252.0410,-18718,-49.003612,-0.612545
252.0510,-18719,-49.006229,-0.612578
252.0610,-18719,-49.006229,-0.612578
252.0710,-18719,-49.006229,-0.612578
252.0810,-18719,-49.006229,-0.612578
252.0910,-18719,-49.006229,-0.612578
252.1010,-18719,-49.006229,-0.612578
252.1110,-18719,-49.006229,-0.612578
252.1210,-18719,-49.006229,-0.612578
252.1310,-18719,-49.006229,-0.612578
252.1410,-18719,-49.006229,-0.612578
252.1510,-18719,-49.006229,-0.612578
252.1610,-18719,-49.006229,-0.612578
252.1710,-18719,-49.006229,-0.612578
252.1810,-18719,-49.006229,-0.612578
252.1910,-18719,-49.006229,-0.612578
252.2010,-18719,-49.006229,-0.612578
252.2110,-18719,-49.006229,-0.612578
252.2210,-18719,-49.006229,-0.612578
252.2310,-18719,-49.006229,-0.612578
252.2410,-18719,-49.006229,-0.612578
252.2520,-18719,-49.006229,-0.612578
252.2610,-18719,-49.006229,-0.612578
252.2710,-18719,-49.006229,-0.612578
252.2810,-18719,-49.006229,-0.612578
252.2910,-18719,-49.006229,-0.612578
252.3010,-18719,-49.006229,-0.612578
252.3110,-18719,-49.006229,-0.612578
252.3210,-18719,-49.006229,-0.612578
252.3310,-18719,-49.006229,-0.612578
252.3410,-18719,-49.006229,-0.612578
252.3510,-18719,-49.006229,-0.612578
252.3610,-18719,-49.006229,-0.612578
252.3710,-18719,-49.006229,-0.612578
252.3810,-18719,-49.006229,-0.612578
252.3910,-18719,-49.006229,-0.612578
252.4010,-18719,-49.006229,-0.612578
252.4110,-18719,-49.006229,-0.612578
252.4210,-18719,-49.006229,-0.612578
252.4310,-18719,-49.006229,-0.612578
252.4410,-18719,-49.006229,-0.612578
252.4510,-18719,-49.006229,-0.612578
252.4610,-18719,-49.006229,-0.612578
252.4710,-18719,-49.006229,-0.612578
252.4810,-18719,-49.006229,-0.612578
252.4910,-18719,-49.006229,-0.612578
252.5010,-18719,-49.006229,-0.612578
252.5110,-18719,-49.006229,-0.612578
252.5210,-18719,-49.006229,-0.612578
252.5310,-18719,-49.006229,-0.612578
252.5410,-18719,-49.006229,-0.612578
252.5510,-18719,-49.006229,-0.612578
252.5610,-18719,-49.006229,-0.612578
252.5710,-18719,-49.006229,-0.612578
252.5810,-18720,-49.008846,-0.612611
252.5910,-18720,-49.008846,-0.612611
252.6010,-18720,-49.008846,-0.612611
252.6110,-18720,-49.008846,-0.612611
252.6210,-18720,-49.008846,-0.612611
252.6310,-18720,-49.008846,-0.612611
252.6410,-18720,-49.008846,-0.612611
252.6510,-18720,-49.008846,-0.612611
252.6610,-18720,-49.008846,-0.612611
252.6710,-18720,-49.008846,-0.612611
252.6810,-18720,-49.008846,-0.612611
252.6910,-18720,-49.008846,-0.612611
252.7010,-18720,-49.008846,-0.612611
252.7110,-18720,-49.008846,-0.612611
252.7210,-18720,-49.008846,-0.612611
252.7310,-18720,-49.008846,-0.612611
252.7410,-18720,-49.008846,-0.612611
252.7510,-18720,-49.008846,-0.612611
252.7610,-18720,-49.008846,-0.612611
252.7710,-18720,-49.008846,-0.612611
252.7810,-18720,-49.008846,-0.612611
252.7910,-18720,-49.008846,-0.612611
252.8010,-18720,-49.008846,-0.612611
252.8110,-18720,-49.008846,-0.612611
252.8210,-18720,-49.008846,-0.612611
252.8310,-18720,-49.008846,-0.612611
252.8410,-18720,-49.008846,-0.612611
252.8510,-18720,-49.008846,-0.612611
252.8610,-18720,-49.008846,-0.612611
252.8710,-18720,-49.008846,-0.612611
252.8810,-18720,-49.008846,-0.612611
252.8920,-18720,-49.008846,-0.612611
252.9010,-18720,-49.008846,-0.612611
252.9110,-18720,-49.008846,-0.612611
252.9210,-18720,-49.008846,-0.612611
252.9310,-18720,-49.008846,-0.612611
252.9410,-18720,-49.008846,-0.612611
252.9510,-18720,-49.008846,-0.612611
252.9610,-18720,-49.008846,-0.612611
252.9710,-18720,-49.008846,-0.612611
252.9810,-18720,-49.008846,-0.612611
252.9910,-18720,-49.008846,-0.612611
253.0010,-18720,-49.008846,-0.612611
253.0110,-18720,-49.008846,-0.612611
253.0210,-18720,-49.008846,-0.612611
253.0310,-18720,-49.008846,-0.612611
253.0410,-18720,-49.008846,-0.612611
253.0510,-18720,-49.008846,-0.612611
253.0610,-18720,-49.008846,-0.612611
253.0710,-18720,-49.008846,-0.612611
253.0810,-18720,-49.008846,-0.612611
253.0910,-18720,-49.008846,-0.612611
253.1010,-18720,-49.008846,-0.612611
253.1110,-18720,-49.008846,-0.612611
253.1210,-18720,-49.008846,-0.612611
253.1310,-18720,-49.008846,-0.612611
253.1410,-18720,-49.008846,-0.612611
253.1510,-18720,-49.008846,-0.612611
253.1610,-18720,-49.008846,-0.612611
253.1710,-18720,-49.008846,-0.612611
253.1810,-18720,-49.008846,-0.612611
253.1910,-18720,-49.008846,-0.612611
253.2010,-18720,-49.008846,-0.612611
253.2110,-18720,-49.008846,-0.612611
253.2210,-18720,-49.008846,-0.612611
253.2310,-18720,-49.008846,-0.612611
253.2410,-18720,-49.008846,-0.612611
253.2510,-18720,-49.008846,-0.612611
253.2610,-18720,-49.008846,-0.612611
253.2710,-18720,-49.008846,-0.612611
253.2810,-18720,-49.008846,-0.612611
253.2910,-18720,-49.008846,-0.612611
253.3010,-18720,-49.008846,-0.612611
253.3110,-18720,-49.008846,-0.612611
253.3210,-18720,-49.008846,-0.612611
253.3310,-18720,-49.008846,-0.612611
253.3410,-18720,-49.008846,-0.612611
253.3510,-18720,-49.008846,-0.612611
253.3610,-18720,-49.008846,-0.612611
253.3710,-18720,-49.008846,-0.612611
253.3810,-18720,-49.008846,-0.612611
253.3910,-18720,-49.008846,-0.612611
253.4010,-18720,-49.008846,-0.612611
253.4110,-18720,-49.008846,-0.612611
253.4210,-18720,-49.008846,-0.612611
253.4310,-18720,-49.008846,-0.612611
253.4410,-18720,-49.008846,-0.612611
253.4510,-18720,-49.008846,-0.612611
253.4610,-18720,-49.008846,-0.612611
253.4710,-18720,-49.008846,-0.612611
253.4810,-18720,-49.008846,-0.612611
253.4910,-18720,-49.008846,-0.612611
253.5010,-18720,-49.008846,-0.612611
253.5110,-18720,-49.008846,-0.612611
253.5210,-18720,-49.008846,-0.612611
253.5320,-18720,-49.008846,-0.612611
253.5410,-18720,-49.008846,-0.612611
253.5510,-18720,-49.008846,-0.612611
253.5610,-18720,-49.008846,-0.612611
253.5710,-18720,-49.008846,-0.612611
253.5810,-18720,-49.008846,-0.612611
253.5910,-18720,-49.008846,-0.612611
253.6010,-18720,-49.008846,-0.612611
253.6110,-18720,-49.008846,-0.612611
253.6210,-18720,-49.008846,-0.612611
253.6310,-18720,-49.008846,-0.612611
253.6410,-18720,-49.008846,-0.612611
253.6510,-18720,-49.008846,-0.612611
253.6610,-18720,-49.008846,-0.612611
253.6710,-18720,-49.008846,-0.612611
253.6810,-18720,-49.008846,-0.612611
253.6910,-18720,-49.008846,-0.612611
253.7010,-18720,-49.008846,-0.612611
253.7110,-18720,-49.008846,-0.612611
253.7210,-18720,-49.008846,-0.612611
253.7310,-18720,-49.008846,-0.612611
253.7410,-18720,-49.008846,-0.612611
253.7510,-18720,-49.008846,-0.612611
253.7610,-18720,-49.008846,-0.612611
253.7710,-18720,-49.008846,-0.612611
253.7810,-18720,-49.008846,-0.612611
253.7910,-18720,-49.008846,-0.612611
253.8010,-18720,-49.008846,-0.612611
253.8110,-18720,-49.008846,-0.612611
253.8210,-18720,-49.008846,-0.612611
253.8310,-18720,-49.008846,-0.612611
253.8410,-18720,-49.008846,-0.612611
253.8510,-18720,-49.008846,-0.612611
253.8610,-18720,-49.008846,-0.612611
253.8710,-18720,-49.008846,-0.612611
253.8810,-18720,-49.008846,-0.612611
253.8910,-18720,-49.008846,-0.612611
253.9010,-18720,-49.008846,-0.612611
253.9110,-18720,-49.008846,-0.612611
253.9210,-18720,-49.008846,-0.612611
253.9310,-18720,-49.008846,-0.612611
253.9410,-18720,-49.008846,-0.612611
253.9510,-18720,-49.008846,-0.612611
253.9610,-18720,-49.008846,-0.612611
253.9710,-18721,-49.011463,-0.612643
253.9810,-18721,-49.011463,-0.612643
253.9910,-18721,-49.011463,-0.612643
254.0010,-18721,-49.011463,-0.612643
254.0110,-18721,-49.011463,-0.612643
254.0210,-18721,-49.011463,-0.612643
254.0310,-18721,-49.011463,-0.612643
254.0410,-18721,-49.011463,-0.612643
254.0510,-18721,-49.011463,-0.612643
254.0610,-18721,-49.011463,-0.612643
254.0710,-18721,-49.011463,-0.612643
254.0810,-18721,-49.011463,-0.612643
254.0910,-18721,-49.011463,-0.612643
254.1010,-18721,-49.011463,-0.612643
254.1110,-18721,-49.011463,-0.612643
254.1210,-18721,-49.011463,-0.612643
254.1310,-18721,-49.011463,-0.612643
254.1410,-18721,-49.011463,-0.612643
254.1510,-18721,-49.011463,-0.612643
254.1610,-18721,-49.011463,-0.612643
254.1720,-18721,-49.011463,-0.612643
254.1810,-18721,-49.011463,-0.612643
254.1910,-18721,-49.011463,-0.612643
254.2010,-18721,-49.011463,-0.612643
254.2110,-18721,-49.011463,-0.612643
254.2210,-18721,-49.011463,-0.612643
254.2310,-18721,-49.011463,-0.612643
254.2410,-18721,-49.011463,-0.612643
254.2510,-18721,-49.011463,-0.612643
254.2610,-18721,-49.011463,-0.612643
254.2710,-18721,-49.011463,-0.612643
254.2810,-18721,-49.011463,-0.612643
254.2910,-18721,-49.011463,-0.612643
254.3010,-18721,-49.011463,-0.612643
254.3110,-18721,-49.011463,-0.612643
254.3210,-18721,-49.011463,-0.612643
254.3310,-18721,-49.011463,-0.612643
254.3410,-18721,-49.011463,-0.612643
254.3510,-18721,-49.011463,-0.612643
254.3610,-18721,-49.011463,-0.612643
254.3710,-18721,-49.011463,-0.612643
254.3810,-18721,-49.011463,-0.612643
254.3910,-18721,-49.011463,-0.612643
254.4010,-18721,-49.011463,-0.612643
254.4110,-18721,-49.011463,-0.612643
254.4210,-18721,-49.011463,-0.612643
254.4310,-18721,-49.011463,-0.612643
254.4410,-18721,-49.011463,-0.612643
254.4510,-18721,-49.011463,-0.612643
254.4610,-18721,-49.011463,-0.612643
254.4710,-18721,-49.011463,-0.612643
254.4810,-18721,-49.011463,-0.612643
254.4910,-18721,-49.011463,-0.612643
254.5010,-18721,-49.011463,-0.612643
254.5110,-18721,-49.011463,-0.612643
254.5210,-18721,-49.011463,-0.612643
254.5310,-18721,-49.011463,-0.612643
254.5410,-18721,-49.011463,-0.612643
254.5510,-18721,-49.011463,-0.612643
254.5610,-18721,-49.011463,-0.612643
254.5710,-18721,-49.011463,-0.612643
254.5810,-18721,-49.011463,-0.612643
254.5910,-18721,-49.011463,-0.612643
254.6010,-18721,-49.011463,-0.612643
254.6110,-18721,-49.011463,-0.612643
254.6210,-18721,-49.011463,-0.612643
254.6310,-18721,-49.011463,-0.612643
254.6410,-18721,-49.011463,-0.612643
254.6510,-18721,-49.011463,-0.612643
254.6610,-18721,-49.011463,-0.612643
254.6710,-18721,-49.011463,-0.612643
254.6810,-18721,-49.011463,-0.612643
254.6910,-18721,-49.011463,-0.612643
254.7010,-18721,-49.011463,-0.612643
254.7110,-18721,-49.011463,-0.612643
254.7210,-18721,-49.011463,-0.612643
254.7310,-18721,-49.011463,-0.612643
254.7410,-18721,-49.011463,-0.612643
254.7510,-18721,-49.011463,-0.612643
254.7610,-18721,-49.011463,-0.612643
254.7710,-18721,-49.011463,-0.612643
254.7810,-18721,-49.011463,-0.612643
254.7910,-18721,-49.011463,-0.612643
254.8010,-18721,-49.011463,-0.612643
254.8120,-18721,-49.011463,-0.612643
254.8210,-18721,-49.011463,-0.612643
254.8310,-18721,-49.011463,-0.612643
254.8410,-18721,-49.011463,-0.612643
254.8510,-18721,-49.011463,-0.612643
254.8610,-18721,-49.011463,-0.612643
254.8710,-18721,-49.011463,-0.612643
254.8810,-18721,-49.011463,-0.612643
254.8910,-18721,-49.011463,-0.612643
254.9010,-18721,-49.011463,-0.612643
254.9110,-18721,-49.011463,-0.612643
254.9210,-18721,-49.011463,-0.612643
254.9310,-18721,-49.011463,-0.612643
254.9410,-18721,-49.011463,-0.612643
254.9510,-18721,-49.011463,-0.612643
254.9610,-18721,-49.011463,-0.612643
254.9710,-18721,-49.011463,-0.612643
254.9810,-18721,-49.011463,-0.612643
254.9910,-18721,-49.011463,-0.612643
255.0010,-18721,-49.011463,-0.612643
255.0110,-18721,-49.011463,-0.612643
255.0210,-18721,-49.011463,-0.612643
255.0310,-18721,-49.011463,-0.612643
255.0410,-18721,-49.011463,-0.612643
255.0510,-18721,-49.011463,-0.612643
255.0610,-18721,-49.011463,-0.612643
255.0710,-18721,-49.011463,-0.612643
255.0810,-18721,-49.011463,-0.612643
255.0910,-18721,-49.011463,-0.612643
255.1010,-18721,-49.011463,-0.612643
255.1110,-18721,-49.011463,-0.612643
255.1210,-18721,-49.011463,-0.612643
255.1310,-18721,-49.011463,-0.612643
255.1410,-18721,-49.011463,-0.612643
255.1510,-18721,-49.011463,-0.612643
255.1610,-18721,-49.011463,-0.612643
255.1710,-18721,-49.011463,-0.612643
255.1810,-18721,-49.011463,-0.612643
255.1910,-18721,-49.011463,-0.612643
255.2010,-18721,-49.011463,-0.612643
255.2110,-18721,-49.011463,-0.612643
255.2210,-18721,-49.011463,-0.612643
255.2310,-18721,-49.011463,-0.612643
255.2410,-18721,-49.011463,-0.612643
255.2510,-18721,-49.011463,-0.612643
255.2610,-18721,-49.011463,-0.612643
255.2710,-18721,-49.011463,-0.612643
255.2810,-18721,-49.011463,-0.612643
255.2910,-18721,-49.011463,-0.612643
255.3010,-18721,-49.011463,-0.612643
255.3110,-18721,-49.011463,-0.612643
255.3210,-18721,-49.011463,-0.612643
255.3310,-18721,-49.011463,-0.612643
255.3410,-18721,-49.011463,-0.612643
255.3510,-18721,-49.011463,-0.612643
255.3610,-18721,-49.011463,-0.612643
255.3710,-18721,-49.011463,-0.612643
255.3810,-18721,-49.011463,-0.612643
255.3910,-18721,-49.011463,-0.612643
255.4010,-18721,-49.011463,-0.612643
255.4110,-18721,-49.011463,-0.612643
255.4210,-18721,-49.011463,-0.612643
255.4310,-18721,-49.011463,-0.612643
255.4410,-18721,-49.011463,-0.612643
255.4520,-18721,-49.011463,-0.612643
255.4610,-18721,-49.011463,-0.612643
255.4710,-18721,-49.011463,-0.612643
255.4810,-18721,-49.011463,-0.612643
255.4910,-18721,-49.011463,-0.612643
255.5010,-18721,-49.011463,-0.612643
255.5110,-18721,-49.011463,-0.612643
255.5210,-18721,-49.011463,-0.612643
255.5310,-18721,-49.011463,-0.612643
255.5410,-18721,-49.011463,-0.612643
255.5510,-18721,-49.011463,-0.612643
255.5610,-18721,-49.011463,-0.612643
255.5710,-18721,-49.011463,-0.612643
255.5810,-18721,-49.011463,-0.612643
255.5910,-18721,-49.011463,-0.612643
255.6010,-18721,-49.011463,-0.612643
255.6110,-18721,-49.011463,-0.612643
255.6210,-18721,-49.011463,-0.612643
255.6310,-18721,-49.011463,-0.612643
255.6410,-18721,-49.011463,-0.612643
255.6510,-18721,-49.011463,-0.612643
255.6610,-18721,-49.011463,-0.612643
255.6710,-18721,-49.011463,-0.612643
255.6810,-18721,-49.011463,-0.612643
255.6910,-18721,-49.011463,-0.612643
255.7010,-18721,-49.011463,-0.612643
255.7110,-18721,-49.011463,-0.612643
255.7210,-18721,-49.011463,-0.612643
255.7310,-18721,-49.011463,-0.612643
255.7410,-18721,-49.011463,-0.612643
255.7510,-18721,-49.011463,-0.612643
255.7610,-18721,-49.011463,-0.612643
255.7710,-18721,-49.011463,-0.612643
255.7810,-18721,-49.011463,-0.612643
255.7910,-18721,-49.011463,-0.612643
255.8010,-18721,-49.011463,-0.612643
255.8110,-18721,-49.011463,-0.612643
255.8210,-18721,-49.011463,-0.612643
255.8310,-18721,-49.011463,-0.612643
255.8410,-18721,-49.011463,-0.612643
255.8510,-18721,-49.011463,-0.612643
255.8610,-18721,-49.011463,-0.612643
255.8710,-18721,-49.011463,-0.612643
255.8810,-18721,-49.011463,-0.612643
255.8910,-18721,-49.011463,-0.612643
255.9010,-18721,-49.011463,-0.612643
255.9110,-18721,-49.011463,-0.612643
255.9210,-18721,-49.011463,-0.612643
255.9310,-18721,-49.011463,-0.612643
255.9410,-18721,-49.011463,-0.612643
255.9510,-18721,-49.011463,-0.612643
255.9610,-18721,-49.011463,-0.612643
255.9710,-18721,-49.011463,-0.612643
255.9810,-18721,-49.011463,-0.612643
255.9910,-18721,-49.011463,-0.612643
256.0010,-18721,-49.011463,-0.612643
256.0110,-18721,-49.011463,-0.612643
256.0210,-18721,-49.011463,-0.612643
256.0310,-18721,-49.011463,-0.612643
256.0410,-18721,-49.011463,-0.612643
256.0510,-18721,-49.011463,-0.612643
256.0610,-18721,-49.011463,-0.612643
256.0710,-18721,-49.011463,-0.612643
256.0810,-18721,-49.011463,-0.612643
256.0920,-18721,-49.011463,-0.612643
256.1010,-18721,-49.011463,-0.612643
256.1110,-18721,-49.011463,-0.612643
256.1210,-18721,-49.011463,-0.612643
256.1310,-18721,-49.011463,-0.612643
256.1410,-18721,-49.011463,-0.612643
256.1510,-18721,-49.011463,-0.612643
256.1610,-18721,-49.011463,-0.612643
256.1710,-18721,-49.011463,-0.612643
256.1810,-18721,-49.011463,-0.612643
256.1910,-18721,-49.011463,-0.612643
256.2010,-18721,-49.011463,-0.612643
256.2110,-18721,-49.011463,-0.612643
256.2210,-18721,-49.011463,-0.612643
256.2310,-18721,-49.011463,-0.612643
256.2410,-18721,-49.011463,-0.612643
256.2510,-18721,-49.011463,-0.612643
256.2610,-18721,-49.011463,-0.612643
256.2710,-18721,-49.011463,-0.612643
256.2810,-18721,-49.011463,-0.612643
256.2910,-18721,-49.011463,-0.612643
256.3010,-18721,-49.011463,-0.612643
256.3110,-18721,-49.011463,-0.612643
256.3210,-18721,-49.011463,-0.612643
256.3310,-18721,-49.011463,-0.612643
256.3410,-18721,-49.011463,-0.612643
256.3510,-18721,-49.011463,-0.612643
256.3610,-18721,-49.011463,-0.612643
256.3710,-18721,-49.011463,-0.612643
256.3810,-18721,-49.011463,-0.612643
256.3910,-18721,-49.011463,-0.612643
256.4010,-18721,-49.011463,-0.612643
256.4110,-18721,-49.011463,-0.612643
256.4210,-18721,-49.011463,-0.612643
256.4310,-18721,-49.011463,-0.612643
256.4410,-18721,-49.011463,-0.612643
256.4510,-18721,-49.011463,-0.612643
256.4610,-18721,-49.011463,-0.612643
256.4710,-18721,-49.011463,-0.612643
256.4810,-18721,-49.011463,-0.612643
256.4910,-18721,-49.011463,-0.612643
256.5010,-18721,-49.011463,-0.612643
256.5110,-18721,-49.011463,-0.612643
256.5210,-18721,-49.011463,-0.612643
256.5310,-18721,-49.011463,-0.612643
256.5410,-18721,-49.011463,-0.612643
256.5510,-18721,-49.011463,-0.612643
256.5610,-18721,-49.011463,-0.612643
256.5710,-18721,-49.011463,-0.612643
256.5810,-18721,-49.011463,-0.612643
256.5910,-18721,-49.011463,-0.612643
256.6010,-18721,-49.011463,-0.612643
256.6110,-18721,-49.011463,-0.612643
256.6210,-18721,-49.011463,-0.612643
256.6310,-18721,-49.011463,-0.612643
256.6410,-18721,-49.011463,-0.612643
256.6510,-18721,-49.011463,-0.612643
256.6610,-18721,-49.011463,-0.612643
256.6710,-18721,-49.011463,-0.612643
256.6810,-18721,-49.011463,-0.612643
256.6910,-18721,-49.011463,-0.612643
256.7010,-18721,-49.011463,-0.612643
256.7110,-18721,-49.011463,-0.612643
256.7210,-18721,-49.011463,-0.612643
256.7320,-18721,-49.011463,-0.612643
256.7410,-18721,-49.011463,-0.612643
256.7510,-18721,-49.011463,-0.612643
256.7610,-18721,-49.011463,-0.612643
256.7710,-18721,-49.011463,-0.612643
256.7810,-18721,-49.011463,-0.612643
256.7910,-18721,-49.011463,-0.612643
256.8010,-18721,-49.011463,-0.612643
256.8110,-18721,-49.011463,-0.612643
256.8210,-18721,-49.011463,-0.612643
256.8310,-18721,-49.011463,-0.612643
256.8410,-18721,-49.011463,-0.612643
256.8510,-18721,-49.011463,-0.612643
256.8610,-18721,-49.011463,-0.612643
256.8710,-18721,-49.011463,-0.612643
256.8810,-18721,-49.011463,-0.612643
256.8910,-18721,-49.011463,-0.612643
256.9010,-18721,-49.011463,-0.612643
256.9110,-18721,-49.011463,-0.612643
256.9210,-18721,-49.011463,-0.612643
256.9310,-18721,-49.011463,-0.612643
256.9410,-18721,-49.011463,-0.612643
256.9510,-18721,-49.011463,-0.612643
256.9610,-18721,-49.011463,-0.612643
256.9710,-18721,-49.011463,-0.612643
256.9810,-18721,-49.011463,-0.612643
256.9910,-18721,-49.011463,-0.612643
257.0010,-18721,-49.011463,-0.612643
257.0110,-18721,-49.011463,-0.612643
257.0210,-18721,-49.011463,-0.612643
257.0310,-18721,-49.011463,-0.612643
257.0410,-18721,-49.011463,-0.612643
257.0510,-18721,-49.011463,-0.612643
257.0610,-18721,-49.011463,-0.612643
257.0710,-18721,-49.011463,-0.612643
257.0810,-18721,-49.011463,-0.612643
257.0910,-18721,-49.011463,-0.612643
257.1010,-18721,-49.011463,-0.612643
257.1110,-18721,-49.011463,-0.612643
257.1210,-18721,-49.011463,-0.612643
257.1310,-18721,-49.011463,-0.612643
257.1410,-18721,-49.011463,-0.612643
257.1510,-18721,-49.011463,-0.612643
257.1610,-18721,-49.011463,-0.612643
257.1710,-18721,-49.011463,-0.612643
257.1810,-18721,-49.011463,-0.612643
257.1910,-18721,-49.011463,-0.612643
257.2010,-18721,-49.011463,-0.612643
257.2110,-18721,-49.011463,-0.612643
257.2210,-18721,-49.011463,-0.612643
257.2310,-18721,-49.011463,-0.612643
257.2410,-18721,-49.011463,-0.612643
257.2510,-18721,-49.011463,-0.612643
257.2610,-18721,-49.011463,-0.612643
257.2710,-18721,-49.011463,-0.612643
257.2810,-18721,-49.011463,-0.612643
257.2910,-18721,-49.011463,-0.612643
257.3010,-18721,-49.011463,-0.612643
257.3110,-18721,-49.011463,-0.612643
257.3210,-18721,-49.011463,-0.612643
257.3310,-18721,-49.011463,-0.612643
257.3410,-18721,-49.011463,-0.612643
257.3510,-18721,-49.011463,-0.612643
257.3610,-18721,-49.011463,-0.612643
257.3720,-18721,-49.011463,-0.612643
257.3810,-18721,-49.011463,-0.612643
257.3910,-18721,-49.011463,-0.612643
257.4010,-18721,-49.011463,-0.612643
257.4110,-18721,-49.011463,-0.612643
257.4210,-18722,-49.014083,-0.612676
257.4310,-18722,-49.014083,-0.612676
257.4410,-18722,-49.014083,-0.612676
257.4510,-18722,-49.014083,-0.612676
257.4610,-18722,-49.014083,-0.612676
257.4710,-18722,-49.014083,-0.612676
257.4810,-18722,-49.014083,-0.612676
257.4910,-18722,-49.014083,-0.612676
257.5010,-18722,-49.014083,-0.612676
257.5110,-18722,-49.014083,-0.612676
257.5210,-18722,-49.014083,-0.612676
257.5310,-18722,-49.014083,-0.612676
257.5410,-18722,-49.014083,-0.612676
257.5510,-18722,-49.014083,-0.612676
257.5610,-18722,-49.014083,-0.612676
257.5710,-18722,-49.014083,-0.612676
257.5810,-18722,-49.014083,-0.612676
257.5910,-18722,-49.014083,-0.612676
257.6010,-18722,-49.014083,-0.612676
257.6110,-18722,-49.014083,-0.612676
257.6210,-18722,-49.014083,-0.612676
257.6310,-18722,-49.014083,-0.612676
257.6410,-18722,-49.014083,-0.612676
257.6510,-18722,-49.014083,-0.612676
257.6610,-18722,-49.014083,-0.612676
257.6710,-18722,-49.014083,-0.612676
257.6810,-18722,-49.014083,-0.612676
257.6910,-18722,-49.014083,-0.612676
257.7010,-18722,-49.014083,-0.612676
257.7110,-18722,-49.014083,-0.612676
257.7210,-18722,-49.014083,-0.612676
257.7310,-18722,-49.014083,-0.612676
257.7410,-18722,-49.014083,-0.612676
257.7510,-18722,-49.014083,-0.612676
257.7610,-18722,-49.014083,-0.612676
257.7710,-18722,-49.014083,-0.612676
257.7810,-18722,-49.014083,-0.612676
257.7910,-18722,-49.014083,-0.612676
257.8010,-18722,-49.014083,-0.612676
257.8110,-18722,-49.014083,-0.612676
257.8210,-18722,-49.014083,-0.612676
257.8310,-18722,-49.014083,-0.612676
257.8410,-18722,-49.014083,-0.612676
257.8510,-18722,-49.014083,-0.612676
257.8610,-18722,-49.014083,-0.612676
257.8710,-18722,-49.014083,-0.612676
257.8810,-18722,-49.014083,-0.612676
257.8910,-18722,-49.014083,-0.612676
257.9010,-18722,-49.014083,-0.612676
257.9110,-18722,-49.014083,-0.612676
257.9210,-18722,-49.014083,-0.612676
257.9310,-18722,-49.014083,-0.612676
257.9410,-18722,-49.014083,-0.612676
257.9510,-18722,-49.014083,-0.612676
257.9610,-18722,-49.014083,-0.612676
257.9710,-18722,-49.014083,-0.612676
257.9810,-18722,-49.014083,-0.612676
257.9910,-18722,-49.014083,-0.612676
258.0010,-18722,-49.014083,-0.612676
258.0120,-18722,-49.014083,-0.612676
258.0210,-18722,-49.014083,-0.612676
258.0310,-18722,-49.014083,-0.612676
258.0410,-18722,-49.014083,-0.612676
258.0510,-18722,-49.014083,-0.612676
258.0610,-18722,-49.014083,-0.612676
258.0710,-18722,-49.014083,-0.612676
258.0810,-18722,-49.014083,-0.612676
258.0910,-18722,-49.014083,-0.612676
258.1010,-18722,-49.014083,-0.612676
258.1110,-18722,-49.014083,-0.612676
258.1210,-18722,-49.014083,-0.612676
258.1310,-18722,-49.014083,-0.612676
258.1410,-18722,-49.014083,-0.612676
258.1510,-18722,-49.014083,-0.612676
258.1610,-18722,-49.014083,-0.612676
258.1710,-18722,-49.014083,-0.612676
258.1810,-18722,-49.014083,-0.612676
258.1910,-18722,-49.014083,-0.612676
258.2010,-18722,-49.014083,-0.612676
258.2110,-18722,-49.014083,-0.612676
258.2210,-18722,-49.014083,-0.612676
258.2310,-18722,-49.014083,-0.612676
258.2410,-18722,-49.014083,-0.612676
258.2510,-18722,-49.014083,-0.612676
258.2610,-18722,-49.014083,-0.612676
258.2710,-18722,-49.014083,-0.612676
258.2810,-18722,-49.014083,-0.612676
258.2910,-18722,-49.014083,-0.612676
258.3010,-18722,-49.014083,-0.612676
258.3110,-18722,-49.014083,-0.612676
258.3210,-18722,-49.014083,-0.612676
258.3310,-18722,-49.014083,-0.612676
258.3410,-18722,-49.014083,-0.612676
258.3510,-18722,-49.014083,-0.612676
258.3610,-18722,-49.014083,-0.612676
258.3710,-18722,-49.014083,-0.612676
258.3810,-18722,-49.014083,-0.612676
258.3910,-18722,-49.014083,-0.612676
258.4010,-18722,-49.014083,-0.612676
258.4110,-18722,-49.014083,-0.612676
258.4210,-18722,-49.014083,-0.612676
258.4310,-18722,-49.014083,-0.612676
258.4410,-18722,-49.014083,-0.612676
258.4510,-18722,-49.014083,-0.612676
258.4610,-18722,-49.014083,-0.612676
258.4710,-18722,-49.014083,-0.612676
258.4810,-18722,-49.014083,-0.612676
258.4910,-18722,-49.014083,-0.612676
258.5010,-18722,-49.014083,-0.612676
258.5110,-18722,-49.014083,-0.612676
258.5210,-18722,-49.014083,-0.612676
258.5310,-18722,-49.014083,-0.612676
258.5410,-18722,-49.014083,-0.612676
258.5510,-18722,-49.014083,-0.612676
258.5610,-18722,-49.014083,-0.612676
258.5710,-18722,-49.014083,-0.612676
258.5810,-18722,-49.014083,-0.612676
258.5910,-18722,-49.014083,-0.612676
258.6010,-18722,-49.014083,-0.612676
258.6110,-18722,-49.014083,-0.612676
258.6210,-18722,-49.014083,-0.612676
258.6310,-18722,-49.014083,-0.612676
258.6410,-18722,-49.014083,-0.612676
258.6520,-18722,-49.014083,-0.612676
258.6610,-18722,-49.014083,-0.612676
258.6710,-18722,-49.014083,-0.612676
258.6810,-18722,-49.014083,-0.612676
258.6910,-18722,-49.014083,-0.612676
258.7010,-18722,-49.014083,-0.612676
258.7110,-18722,-49.014083,-0.612676
258.7210,-18722,-49.014083,-0.612676
258.7310,-18722,-49.014083,-0.612676
258.7410,-18722,-49.014083,-0.612676
258.7510,-18722,-49.014083,-0.612676
258.7610,-18722,-49.014083,-0.612676
258.7710,-18722,-49.014083,-0.612676
258.7810,-18722,-49.014083,-0.612676
258.7910,-18722,-49.014083,-0.612676
258.8010,-18722,-49.014083,-0.612676
258.8110,-18722,-49.014083,-0.612676
258.8210,-18722,-49.014083,-0.612676
258.8310,-18722,-49.014083,-0.612676
258.8410,-18722,-49.014083,-0.612676
258.8510,-18722,-49.014083,-0.612676
258.8610,-18722,-49.014083,-0.612676
258.8710,-18722,-49.014083,-0.612676
258.8810,-18722,-49.014083,-0.612676
258.8910,-18722,-49.014083,-0.612676
258.9010,-18722,-49.014083,-0.612676
258.9110,-18722,-49.014083,-0.612676
258.9210,-18722,-49.014083,-0.612676
258.9310,-18722,-49.014083,-0.612676
258.9410,-18722,-49.014083,-0.612676
258.9510,-18722,-49.014083,-0.612676
258.9610,-18722,-49.014083,-0.612676
258.9710,-18722,-49.014083,-0.612676
258.9810,-18722,-49.014083,-0.612676
258.9910,-18722,-49.014083,-0.612676
259.0010,-18722,-49.014083,-0.612676
259.0110,-18722,-49.014083,-0.612676
259.0210,-18722,-49.014083,-0.612676
259.0310,-18722,-49.014083,-0.612676
259.0410,-18722,-49.014083,-0.612676
259.0510,-18722,-49.014083,-0.612676
259.0610,-18722,-49.014083,-0.612676
259.0710,-18722,-49.014083,-0.612676
259.0810,-18722,-49.014083,-0.612676
259.0910,-18722,-49.014083,-0.612676
259.1010,-18722,-49.014083,-0.612676
259.1110,-18722,-49.014083,-0.612676
259.1210,-18722,-49.014083,-0.612676
259.1310,-18722,-49.014083,-0.612676
259.1410,-18722,-49.014083,-0.612676
259.1510,-18722,-49.014083,-0.612676
259.1610,-18722,-49.014083,-0.612676
259.1710,-18722,-49.014083,-0.612676
259.1810,-18722,-49.014083,-0.612676
259.1910,-18722,-49.014083,-0.612676
259.2010,-18722,-49.014083,-0.612676
259.2110,-18722,-49.014083,-0.612676
259.2210,-18722,-49.014083,-0.612676
259.2310,-18722,-49.014083,-0.612676
259.2410,-18722,-49.014083,-0.612676
259.2510,-18722,-49.014083,-0.612676
259.2610,-18722,-49.014083,-0.612676
259.2710,-18722,-49.014083,-0.612676
259.2810,-18722,-49.014083,-0.612676
259.2920,-18722,-49.014083,-0.612676
259.3010,-18722,-49.014083,-0.612676
259.3110,-18722,-49.014083,-0.612676
259.3210,-18722,-49.014083,-0.612676
259.3310,-18722,-49.014083,-0.612676
259.3410,-18722,-49.014083,-0.612676
259.3510,-18722,-49.014083,-0.612676
259.3610,-18722,-49.014083,-0.612676
259.3710,-18722,-49.014083,-0.612676
259.3810,-18722,-49.014083,-0.612676
259.3910,-18722,-49.014083,-0.612676
259.4010,-18722,-49.014083,-0.612676
259.4110,-18722,-49.014083,-0.612676
259.4210,-18722,-49.014083,-0.612676
259.4310,-18722,-49.014083,-0.612676
259.4410,-18722,-49.014083,-0.612676
259.4510,-18722,-49.014083,-0.612676
259.4610,-18722,-49.014083,-0.612676
259.4710,-18722,-49.014083,-0.612676
259.4810,-18722,-49.014083,-0.612676
259.4910,-18722,-49.014083,-0.612676
259.5010,-18722,-49.014083,-0.612676
259.5110,-18722,-49.014083,-0.612676
259.5210,-18722,-49.014083,-0.612676
259.5310,-18722,-49.014083,-0.612676
259.5410,-18722,-49.014083,-0.612676
259.5510,-18722,-49.014083,-0.612676
259.5610,-18722,-49.014083,-0.612676
259.5710,-18723,-49.016700,-0.612709
259.5810,-18723,-49.016700,-0.612709
259.5910,-18723,-49.016700,-0.612709
259.6010,-18723,-49.016700,-0.612709
259.6110,-18723,-49.016700,-0.612709
259.6210,-18723,-49.016700,-0.612709
259.6310,-18723,-49.016700,-0.612709
259.6410,-18723,-49.016700,-0.612709
259.6510,-18723,-49.016700,-0.612709
259.6610,-18723,-49.016700,-0.612709
259.6710,-18723,-49.016700,-0.612709
259.6810,-18723,-49.016700,-0.612709
259.6910,-18723,-49.016700,-0.612709
259.7010,-18723,-49.016700,-0.612709
259.7110,-18723,-49.016700,-0.612709
259.7210,-18723,-49.016700,-0.612709
259.7310,-18723,-49.016700,-0.612709
259.7410,-18723,-49.016700,-0.612709
259.7510,-18723,-49.016700,-0.612709
259.7610,-18723,-49.016700,-0.612709
259.7710,-18723,-49.016700,-0.612709
259.7810,-18723,-49.016700,-0.612709
259.7910,-18723,-49.016700,-0.612709
259.8010,-18723,-49.016700,-0.612709
259.8110,-18723,-49.016700,-0.612709
259.8210,-18723,-49.016700,-0.612709
259.8310,-18723,-49.016700,-0.612709
259.8410,-18723,-49.016700,-0.612709
259.8510,-18723,-49.016700,-0.612709
259.8610,-18723,-49.016700,-0.612709
259.8710,-18723,-49.016700,-0.612709
259.8810,-18723,-49.016700,-0.612709
259.8910,-18723,-49.016700,-0.612709
259.9010,-18723,-49.016700,-0.612709
259.9110,-18723,-49.016700,-0.612709
259.9210,-18723,-49.016700,-0.612709
259.9320,-18723,-49.016700,-0.612709
259.9410,-18723,-49.016700,-0.612709
259.9510,-18723,-49.016700,-0.612709
259.9610,-18723,-49.016700,-0.612709
259.9710,-18723,-49.016700,-0.612709
259.9810,-18723,-49.016700,-0.612709
259.9910,-18723,-49.016700,-0.612709
260.0010,-18723,-49.016700,-0.612709
260.0110,-18723,-49.016700,-0.612709
260.0210,-18723,-49.016700,-0.612709
260.0310,-18723,-49.016700,-0.612709
260.0410,-18723,-49.016700,-0.612709
260.0510,-18723,-49.016700,-0.612709
260.0610,-18723,-49.016700,-0.612709
260.0710,-18723,-49.016700,-0.612709
260.0810,-18724,-49.019317,-0.612741
260.0910,-18724,-49.019317,-0.612741
260.1010,-18724,-49.019317,-0.612741
260.1110,-18724,-49.019317,-0.612741
260.1210,-18724,-49.019317,-0.612741
260.1310,-18724,-49.019317,-0.612741
260.1410,-18724,-49.019317,-0.612741
260.1510,-18724,-49.019317,-0.612741
260.1610,-18724,-49.019317,-0.612741
260.1710,-18724,-49.019317,-0.612741
260.1810,-18724,-49.019317,-0.612741
260.1910,-18724,-49.019317,-0.612741
260.2010,-18724,-49.019317,-0.612741
260.2110,-18724,-49.019317,-0.612741
260.2210,-18724,-49.019317,-0.612741
260.2310,-18724,-49.019317,-0.612741
260.2410,-18724,-49.019317,-0.612741
260.2510,-18724,-49.019317,-0.612741
260.2610,-18724,-49.019317,-0.612741
260.2710,-18724,-49.019317,-0.612741
260.2810,-18724,-49.019317,-0.612741
260.2910,-18724,-49.019317,-0.612741
260.3010,-18724,-49.019317,-0.612741
260.3110,-18724,-49.019317,-0.612741
260.3210,-18724,-49.019317,-0.612741
260.3310,-18724,-49.019317,-0.612741
260.3410,-18724,-49.019317,-0.612741
260.3510,-18724,-49.019317,-0.612741
260.3610,-18724,-49.019317,-0.612741
260.3710,-18724,-49.019317,-0.612741
260.3810,-18724,-49.019317,-0.612741
260.3910,-18724,-49.019317,-0.612741
260.4010,-18724,-49.019317,-0.612741
260.4110,-18724,-49.019317,-0.612741
260.4210,-18724,-49.019317,-0.612741
260.4310,-18724,-49.019317,-0.612741
260.4410,-18724,-49.019317,-0.612741
260.4510,-18724,-49.019317,-0.612741
260.4610,-18724,-49.019317,-0.612741
260.4710,-18724,-49.019317,-0.612741
260.4810,-18724,-49.019317,-0.612741
260.4910,-18724,-49.019317,-0.612741
260.5010,-18724,-49.019317,-0.612741
260.5110,-18724,-49.019317,-0.612741
260.5210,-18724,-49.019317,-0.612741
260.5310,-18724,-49.019317,-0.612741
260.5410,-18724,-49.019317,-0.612741
260.5510,-18724,-49.019317,-0.612741
260.5610,-18724,-49.019317,-0.612741
260.5720,-18724,-49.019317,-0.612741
260.5810,-18724,-49.019317,-0.612741
260.5910,-18724,-49.019317,-0.612741
260.6010,-18724,-49.019317,-0.612741
260.6110,-18724,-49.019317,-0.612741
260.6210,-18724,-49.019317,-0.612741
260.6310,-18724,-49.019317,-0.612741
260.6410,-18724,-49.019317,-0.612741
260.6510,-18724,-49.019317,-0.612741
260.6610,-18724,-49.019317,-0.612741
260.6710,-18724,-49.019317,-0.612741
260.6810,-18724,-49.019317,-0.612741
260.6910,-18724,-49.019317,-0.612741
260.7010,-18724,-49.019317,-0.612741
260.7110,-18724,-49.019317,-0.612741
260.7210,-18724,-49.019317,-0.612741
260.7310,-18724,-49.019317,-0.612741
260.7410,-18724,-49.019317,-0.612741
260.7510,-18724,-49.019317,-0.612741
260.7610,-18724,-49.019317,-0.612741
260.7710,-18724,-49.019317,-0.612741
260.7810,-18724,-49.019317,-0.612741
260.7910,-18724,-49.019317,-0.612741
260.8010,-18724,-49.019317,-0.612741
260.8110,-18724,-49.019317,-0.612741
260.8210,-18724,-49.019317,-0.612741
260.8310,-18724,-49.019317,-0.612741
260.8410,-18724,-49.019317,-0.612741
260.8510,-18724,-49.019317,-0.612741
260.8610,-18724,-49.019317,-0.612741
260.8710,-18724,-49.019317,-0.612741
260.8810,-18724,-49.019317,-0.612741
260.8910,-18724,-49.019317,-0.612741
260.9010,-18724,-49.019317,-0.612741
260.9110,-18724,-49.019317,-0.612741
260.9210,-18724,-49.019317,-0.612741
260.9310,-18724,-49.019317,-0.612741
260.9410,-18724,-49.019317,-0.612741
260.9510,-18724,-49.019317,-0.612741
260.9610,-18724,-49.019317,-0.612741
260.9710,-18724,-49.019317,-0.612741
260.9810,-18724,-49.019317,-0.612741
260.9910,-18724,-49.019317,-0.612741
261.0010,-18724,-49.019317,-0.612741
261.0110,-18724,-49.019317,-0.612741
261.0210,-18724,-49.019317,-0.612741
261.0310,-18724,-49.019317,-0.612741
261.0410,-18724,-49.019317,-0.612741
261.0510,-18724,-49.019317,-0.612741
261.0610,-18724,-49.019317,-0.612741
261.0710,-18724,-49.019317,-0.612741
261.0810,-18724,-49.019317,-0.612741
261.0910,-18724,-49.019317,-0.612741
261.1010,-18724,-49.019317,-0.612741
261.1110,-18724,-49.019317,-0.612741
261.1210,-18724,-49.019317,-0.612741
261.1310,-18724,-49.019317,-0.612741
261.1410,-18724,-49.019317,-0.612741
261.1510,-18724,-49.019317,-0.612741
261.1610,-18724,-49.019317,-0.612741
261.1710,-18724,-49.019317,-0.612741
261.1810,-18724,-49.019317,-0.612741
261.1910,-18724,-49.019317,-0.612741
261.2010,-18724,-49.019317,-0.612741
261.2120,-18724,-49.019317,-0.612741
261.2210,-18724,-49.019317,-0.612741
261.2310,-18724,-49.019317,-0.612741
261.2410,-18724,-49.019317,-0.612741
261.2510,-18724,-49.019317,-0.612741
261.2610,-18724,-49.019317,-0.612741
261.2710,-18724,-49.019317,-0.612741
261.2810,-18724,-49.019317,-0.612741
261.2910,-18724,-49.019317,-0.612741
261.3010,-18724,-49.019317,-0.612741
261.3110,-18724,-49.019317,-0.612741
261.3210,-18724,-49.019317,-0.612741
261.3310,-18724,-49.019317,-0.612741
261.3410,-18724,-49.019317,-0.612741
261.3510,-18724,-49.019317,-0.612741
261.3610,-18724,-49.019317,-0.612741
261.3710,-18724,-49.019317,-0.612741
261.3810,-18724,-49.019317,-0.612741
261.3910,-18724,-49.019317,-0.612741
261.4010,-18724,-49.019317,-0.612741
261.4110,-18724,-49.019317,-0.612741
261.4210,-18724,-49.019317,-0.612741
261.4310,-18724,-49.019317,-0.612741
261.4410,-18724,-49.019317,-0.612741
261.4510,-18724,-49.019317,-0.612741
261.4610,-18724,-49.019317,-0.612741
261.4710,-18724,-49.019317,-0.612741
261.4810,-18724,-49.019317,-0.612741
261.4910,-18724,-49.019317,-0.612741
261.5010,-18724,-49.019317,-0.612741
261.5110,-18724,-49.019317,-0.612741
261.5210,-18724,-49.019317,-0.612741
261.5310,-18724,-49.019317,-0.612741
261.5410,-18724,-49.019317,-0.612741
261.5510,-18724,-49.019317,-0.612741
261.5610,-18724,-49.019317,-0.612741
261.5710,-18724,-49.019317,-0.612741
261.5810,-18724,-49.019317,-0.612741
261.5910,-18724,-49.019317,-0.612741
261.6010,-18724,-49.019317,-0.612741
261.6110,-18724,-49.019317,-0.612741
261.6210,-18724,-49.019317,-0.612741
261.6310,-18724,-49.019317,-0.612741
261.6410,-18724,-49.019317,-0.612741
261.6510,-18724,-49.019317,-0.612741
261.6610,-18724,-49.019317,-0.612741
261.6710,-18724,-49.019317,-0.612741
261.6810,-18724,-49.019317,-0.612741
261.6910,-18724,-49.019317,-0.612741
261.7010,-18724,-49.019317,-0.612741
261.7110,-18724,-49.019317,-0.612741
261.7210,-18724,-49.019317,-0.612741
261.7310,-18724,-49.019317,-0.612741
261.7410,-18724,-49.019317,-0.612741
261.7510,-18724,-49.019317,-0.612741
261.7610,-18724,-49.019317,-0.612741
261.7710,-18724,-49.019317,-0.612741
261.7810,-18724,-49.019317,-0.612741
261.7910,-18724,-49.019317,-0.612741
261.8010,-18724,-49.019317,-0.612741
261.8110,-18724,-49.019317,-0.612741
261.8210,-18724,-49.019317,-0.612741
261.8310,-18724,-49.019317,-0.612741
261.8410,-18724,-49.019317,-0.612741
261.8520,-18724,-49.019317,-0.612741
261.8610,-18724,-49.019317,-0.612741
261.8710,-18724,-49.019317,-0.612741
261.8810,-18724,-49.019317,-0.612741
261.8910,-18724,-49.019317,-0.612741
261.9010,-18724,-49.019317,-0.612741
261.9110,-18724,-49.019317,-0.612741
261.9210,-18724,-49.019317,-0.612741
261.9310,-18724,-49.019317,-0.612741
261.9410,-18724,-49.019317,-0.612741
261.9510,-18724,-49.019317,-0.612741
261.9610,-18724,-49.019317,-0.612741
261.9710,-18724,-49.019317,-0.612741
261.9810,-18724,-49.019317,-0.612741
261.9910,-18724,-49.019317,-0.612741
262.0010,-18724,-49.019317,-0.612741
262.0110,-18724,-49.019317,-0.612741
262.0210,-18724,-49.019317,-0.612741
262.0310,-18724,-49.019317,-0.612741
262.0410,-18724,-49.019317,-0.612741
262.0510,-18724,-49.019317,-0.612741
262.0610,-18724,-49.019317,-0.612741
262.0710,-18724,-49.019317,-0.612741
262.0810,-18724,-49.019317,-0.612741
262.0910,-18724,-49.019317,-0.612741
262.1010,-18724,-49.019317,-0.612741
262.1110,-18724,-49.019317,-0.612741
262.1210,-18724,-49.019317,-0.612741
262.1310,-18724,-49.019317,-0.612741
262.1410,-18724,-49.019317,-0.612741
262.1510,-18724,-49.019317,-0.612741
262.1610,-18724,-49.019317,-0.612741
262.1710,-18724,-49.019317,-0.612741
262.1810,-18724,-49.019317,-0.612741
262.1910,-18724,-49.019317,-0.612741
262.2010,-18724,-49.019317,-0.612741
262.2110,-18724,-49.019317,-0.612741
262.2210,-18724,-49.019317,-0.612741
262.2310,-18724,-49.019317,-0.612741
262.2410,-18724,-49.019317,-0.612741
262.2510,-18724,-49.019317,-0.612741
262.2610,-18724,-49.019317,-0.612741
262.2710,-18724,-49.019317,-0.612741
262.2810,-18724,-49.019317,-0.612741
262.2910,-18724,-49.019317,-0.612741
262.3010,-18724,-49.019317,-0.612741
262.3110,-18724,-49.019317,-0.612741
262.3210,-18724,-49.019317,-0.612741
262.3310,-18724,-49.019317,-0.612741
262.3410,-18724,-49.019317,-0.612741
262.3510,-18724,-49.019317,-0.612741
262.3610,-18725,-49.021938,-0.612774
262.3710,-18725,-49.021938,-0.612774
262.3810,-18725,-49.021938,-0.612774
262.3910,-18725,-49.021938,-0.612774
262.4010,-18725,-49.021938,-0.612774
262.4110,-18725,-49.021938,-0.612774
262.4210,-18725,-49.021938,-0.612774
262.4310,-18725,-49.021938,-0.612774
262.4410,-18725,-49.021938,-0.612774
262.4510,-18725,-49.021938,-0.612774
262.4610,-18725,-49.021938,-0.612774
262.4710,-18725,-49.021938,-0.612774
262.4810,-18725,-49.021938,-0.612774
262.4920,-18725,-49.021938,-0.612774
262.5010,-18725,-49.021938,-0.612774
262.5110,-18725,-49.021938,-0.612774
262.5210,-18725,-49.021938,-0.612774
262.5310,-18725,-49.021938,-0.612774
262.5410,-18725,-49.021938,-0.612774
262.5510,-18725,-49.021938,-0.612774
262.5610,-18725,-49.021938,-0.612774
262.5710,-18725,-49.021938,-0.612774
262.5810,-18725,-49.021938,-0.612774
262.5910,-18725,-49.021938,-0.612774
262.6010,-18725,-49.021938,-0.612774
262.6110,-18725,-49.021938,-0.612774
262.6210,-18725,-49.021938,-0.612774
262.6310,-18725,-49.021938,-0.612774
262.6410,-18725,-49.021938,-0.612774
262.6510,-18725,-49.021938,-0.612774
262.6610,-18725,-49.021938,-0.612774
262.6710,-18725,-49.021938,-0.612774
262.6810,-18725,-49.021938,-0.612774
262.6910,-18725,-49.021938,-0.612774
262.7010,-18725,-49.021938,-0.612774
262.7110,-18725,-49.021938,-0.612774
262.7210,-18725,-49.021938,-0.612774
262.7310,-18725,-49.021938,-0.612774
262.7410,-18725,-49.021938,-0.612774
262.7510,-18725,-49.021938,-0.612774
262.7610,-18725,-49.021938,-0.612774
262.7710,-18725,-49.021938,-0.612774
262.7810,-18725,-49.021938,-0.612774
262.7910,-18725,-49.021938,-0.612774
262.8010,-18725,-49.021938,-0.612774
262.8110,-18725,-49.021938,-0.612774
262.8210,-18725,-49.021938,-0.612774
262.8310,-18725,-49.021938,-0.612774
262.8410,-18725,-49.021938,-0.612774
262.8510,-18725,-49.021938,-0.612774
262.8610,-18725,-49.021938,-0.612774
262.8710,-18725,-49.021938,-0.612774
262.8810,-18725,-49.021938,-0.612774
262.8910,-18725,-49.021938,-0.612774
262.9010,-18725,-49.021938,-0.612774
262.9110,-18725,-49.021938,-0.612774
262.9210,-18725,-49.021938,-0.612774
262.9310,-18725,-49.021938,-0.612774
262.9410,-18725,-49.021938,-0.612774
262.9510,-18725,-49.021938,-0.612774
262.9610,-18725,-49.021938,-0.612774
262.9710,-18725,-49.021938,-0.612774
262.9810,-18725,-49.021938,-0.612774
262.9910,-18725,-49.021938,-0.612774
263.0010,-18725,-49.021938,-0.612774
263.0110,-18725,-49.021938,-0.612774
263.0210,-18725,-49.021938,-0.612774
263.0310,-18725,-49.021938,-0.612774
263.0410,-18725,-49.021938,-0.612774
263.0510,-18725,-49.021938,-0.612774
263.0610,-18725,-49.021938,-0.612774
263.0710,-18725,-49.021938,-0.612774
263.0810,-18725,-49.021938,-0.612774
263.0910,-18725,-49.021938,-0.612774
263.1010,-18725,-49.021938,-0.612774
263.1110,-18725,-49.021938,-0.612774
263.1210,-18725,-49.021938,-0.612774
263.1320,-18725,-49.021938,-0.612774
263.1410,-18725,-49.021938,-0.612774
263.1510,-18725,-49.021938,-0.612774
263.1610,-18725,-49.021938,-0.612774
263.1710,-18725,-49.021938,-0.612774
263.1810,-18725,-49.021938,-0.612774
263.1910,-18725,-49.021938,-0.612774
263.2010,-18725,-49.021938,-0.612774
263.2110,-18725,-49.021938,-0.612774
263.2210,-18725,-49.021938,-0.612774
263.2310,-18725,-49.021938,-0.612774
263.2410,-18725,-49.021938,-0.612774
263.2510,-18725,-49.021938,-0.612774
263.2610,-18725,-49.021938,-0.612774
263.2710,-18725,-49.021938,-0.612774
263.2810,-18725,-49.021938,-0.612774
263.2910,-18725,-49.021938,-0.612774
263.3010,-18725,-49.021938,-0.612774
263.3110,-18725,-49.021938,-0.612774
263.3210,-18725,-49.021938,-0.612774
263.3310,-18725,-49.021938,-0.612774
263.3410,-18725,-49.021938,-0.612774
263.3510,-18725,-49.021938,-0.612774
263.3610,-18725,-49.021938,-0.612774
263.3710,-18725,-49.021938,-0.612774
263.3810,-18725,-49.021938,-0.612774
263.3910,-18725,-49.021938,-0.612774
263.4010,-18725,-49.021938,-0.612774
263.4110,-18725,-49.021938,-0.612774
263.4210,-18725,-49.021938,-0.612774
263.4310,-18725,-49.021938,-0.612774
263.4410,-18725,-49.021938,-0.612774
263.4510,-18725,-49.021938,-0.612774
263.4610,-18725,-49.021938,-0.612774
263.4710,-18725,-49.021938,-0.612774
263.4810,-18725,-49.021938,-0.612774
263.4910,-18725,-49.021938,-0.612774
263.5010,-18725,-49.021938,-0.612774
263.5110,-18725,-49.021938,-0.612774
263.5210,-18725,-49.021938,-0.612774
263.5310,-18725,-49.021938,-0.612774
263.5410,-18725,-49.021938,-0.612774
263.5510,-18725,-49.021938,-0.612774
263.5610,-18725,-49.021938,-0.612774
263.5710,-18725,-49.021938,-0.612774
263.5810,-18725,-49.021938,-0.612774
263.5910,-18725,-49.021938,-0.612774
263.6010,-18725,-49.021938,-0.612774
263.6110,-18725,-49.021938,-0.612774
263.6210,-18725,-49.021938,-0.612774
263.6310,-18725,-49.021938,-0.612774
263.6410,-18725,-49.021938,-0.612774
263.6510,-18725,-49.021938,-0.612774
263.6610,-18725,-49.021938,-0.612774
263.6710,-18725,-49.021938,-0.612774
263.6810,-18725,-49.021938,-0.612774
263.6910,-18725,-49.021938,-0.612774
263.7010,-18725,-49.021938,-0.612774
263.7110,-18725,-49.021938,-0.612774
263.7210,-18725,-49.021938,-0.612774
263.7310,-18725,-49.021938,-0.612774
263.7410,-18725,-49.021938,-0.612774
263.7510,-18725,-49.021938,-0.612774
263.7610,-18725,-49.021938,-0.612774
263.7720,-18725,-49.021938,-0.612774
263.7810,-18725,-49.021938,-0.612774
263.7910,-18725,-49.021938,-0.612774
263.8010,-18725,-49.021938,-0.612774
263.8110,-18725,-49.021938,-0.612774
263.8210,-18725,-49.021938,-0.612774
263.8310,-18725,-49.021938,-0.612774
263.8410,-18725,-49.021938,-0.612774
263.8510,-18725,-49.021938,-0.612774
263.8610,-18725,-49.021938,-0.612774
263.8710,-18725,-49.021938,-0.612774
263.8810,-18725,-49.021938,-0.612774
263.8910,-18725,-49.021938,-0.612774
263.9010,-18725,-49.021938,-0.612774
263.9110,-18725,-49.021938,-0.612774
263.9210,-18725,-49.021938,-0.612774
263.9310,-18725,-49.021938,-0.612774
263.9410,-18725,-49.021938,-0.612774
263.9510,-18725,-49.021938,-0.612774
263.9610,-18725,-49.021938,-0.612774
263.9710,-18725,-49.021938,-0.612774
263.9810,-18725,-49.021938,-0.612774
263.9910,-18725,-49.021938,-0.612774
264.0010,-18725,-49.021938,-0.612774
264.0110,-18725,-49.021938,-0.612774
264.0210,-18725,-49.021938,-0.612774
264.0310,-18725,-49.021938,-0.612774
264.0410,-18725,-49.021938,-0.612774
264.0510,-18725,-49.021938,-0.612774
264.0610,-18725,-49.021938,-0.612774
264.0710,-18725,-49.021938,-0.612774
264.0810,-18725,-49.021938,-0.612774
264.0910,-18725,-49.021938,-0.612774
264.1010,-18725,-49.021938,-0.612774
264.1110,-18725,-49.021938,-0.612774
264.1210,-18725,-49.021938,-0.612774
264.1310,-18725,-49.021938,-0.612774
264.1410,-18725,-49.021938,-0.612774
264.1510,-18725,-49.021938,-0.612774
264.1610,-18725,-49.021938,-0.612774
264.1710,-18725,-49.021938,-0.612774
264.1810,-18725,-49.021938,-0.612774
264.1910,-18725,-49.021938,-0.612774
264.2010,-18725,-49.021938,-0.612774
264.2110,-18725,-49.021938,-0.612774
264.2210,-18725,-49.021938,-0.612774
264.2310,-18725,-49.021938,-0.612774
264.2410,-18725,-49.021938,-0.612774
264.2510,-18725,-49.021938,-0.612774
264.2610,-18725,-49.021938,-0.612774
264.2710,-18725,-49.021938,-0.612774
264.2810,-18725,-49.021938,-0.612774
264.2910,-18725,-49.021938,-0.612774
264.3010,-18725,-49.021938,-0.612774
264.3110,-18725,-49.021938,-0.612774
264.3210,-18725,-49.021938,-0.612774
264.3310,-18725,-49.021938,-0.612774
264.3410,-18725,-49.021938,-0.612774
264.3510,-18725,-49.021938,-0.612774
264.3610,-18725,-49.021938,-0.612774
264.3710,-18725,-49.021938,-0.612774
264.3810,-18725,-49.021938,-0.612774
264.3910,-18725,-49.021938,-0.612774
264.4010,-18725,-49.021938,-0.612774
264.4120,-18725,-49.021938,-0.612774
264.4210,-18725,-49.021938,-0.612774
264.4310,-18725,-49.021938,-0.612774
264.4410,-18725,-49.021938,-0.612774
264.4510,-18725,-49.021938,-0.612774
264.4610,-18725,-49.021938,-0.612774
264.4710,-18725,-49.021938,-0.612774
264.4810,-18725,-49.021938,-0.612774
264.4910,-18725,-49.021938,-0.612774
264.5010,-18725,-49.021938,-0.612774
264.5110,-18725,-49.021938,-0.612774
264.5210,-18725,-49.021938,-0.612774
264.5310,-18725,-49.021938,-0.612774
264.5410,-18725,-49.021938,-0.612774
264.5510,-18725,-49.021938,-0.612774
264.5610,-18725,-49.021938,-0.612774
264.5710,-18725,-49.021938,-0.612774
264.5810,-18725,-49.021938,-0.612774
264.5910,-18725,-49.021938,-0.612774
264.6010,-18725,-49.021938,-0.612774
264.6110,-18725,-49.021938,-0.612774
264.6210,-18725,-49.021938,-0.612774
264.6310,-18725,-49.021938,-0.612774
264.6410,-18725,-49.021938,-0.612774
264.6510,-18725,-49.021938,-0.612774
264.6610,-18725,-49.021938,-0.612774
264.6710,-18725,-49.021938,-0.612774
264.6810,-18725,-49.021938,-0.612774
264.6910,-18725,-49.021938,-0.612774
264.7010,-18725,-49.021938,-0.612774
264.7110,-18725,-49.021938,-0.612774
264.7210,-18725,-49.021938,-0.612774
264.7310,-18725,-49.021938,-0.612774
264.7410,-18725,-49.021938,-0.612774
264.7510,-18725,-49.021938,-0.612774
264.7610,-18725,-49.021938,-0.612774
264.7710,-18725,-49.021938,-0.612774
264.7810,-18725,-49.021938,-0.612774
264.7910,-18725,-49.021938,-0.612774
264.8010,-18725,-49.021938,-0.612774
264.8110,-18725,-49.021938,-0.612774
264.8210,-18725,-49.021938,-0.612774
264.8310,-18725,-49.021938,-0.612774
264.8410,-18725,-49.021938,-0.612774
264.8510,-18725,-49.021938,-0.612774
264.8610,-18725,-49.021938,-0.612774
264.8710,-18725,-49.021938,-0.612774
264.8810,-18725,-49.021938,-0.612774
264.8910,-18725,-49.021938,-0.612774
264.9010,-18725,-49.021938,-0.612774
264.9110,-18725,-49.021938,-0.612774
264.9210,-18725,-49.021938,-0.612774
264.9310,-18725,-49.021938,-0.612774
264.9410,-18725,-49.021938,-0.612774
264.9510,-18725,-49.021938,-0.612774
264.9610,-18725,-49.021938,-0.612774
264.9710,-18725,-49.021938,-0.612774
264.9810,-18725,-49.021938,-0.612774
264.9910,-18725,-49.021938,-0.612774
265.0010,-18725,-49.021938,-0.612774
265.0110,-18725,-49.021938,-0.612774
265.0210,-18725,-49.021938,-0.612774
265.0310,-18725,-49.021938,-0.612774
265.0410,-18725,-49.021938,-0.612774
265.0520,-18725,-49.021938,-0.612774
265.0610,-18725,-49.021938,-0.612774
265.0710,-18725,-49.021938,-0.612774
265.0810,-18725,-49.021938,-0.612774
265.0910,-18725,-49.021938,-0.612774
265.1010,-18725,-49.021938,-0.612774
265.1110,-18725,-49.021938,-0.612774
265.1210,-18725,-49.021938,-0.612774
265.1310,-18725,-49.021938,-0.612774
265.1410,-18725,-49.021938,-0.612774
265.1510,-18725,-49.021938,-0.612774
265.1610,-18725,-49.021938,-0.612774
265.1710,-18725,-49.021938,-0.612774
265.1810,-18725,-49.021938,-0.612774
265.1910,-18725,-49.021938,-0.612774
265.2010,-18725,-49.021938,-0.612774
265.2110,-18725,-49.021938,-0.612774
265.2210,-18725,-49.021938,-0.612774
265.2310,-18725,-49.021938,-0.612774
265.2410,-18725,-49.021938,-0.612774
265.2510,-18725,-49.021938,-0.612774
265.2610,-18725,-49.021938,-0.612774
265.2710,-18725,-49.021938,-0.612774
265.2810,-18725,-49.021938,-0.612774
265.2910,-18725,-49.021938,-0.612774
265.3010,-18725,-49.021938,-0.612774
265.3110,-18725,-49.021938,-0.612774
265.3210,-18725,-49.021938,-0.612774
265.3310,-18725,-49.021938,-0.612774
265.3410,-18725,-49.021938,-0.612774
265.3510,-18725,-49.021938,-0.612774
265.3610,-18725,-49.021938,-0.612774
265.3710,-18725,-49.021938,-0.612774
265.3810,-18725,-49.021938,-0.612774
265.3910,-18725,-49.021938,-0.612774
265.4010,-18725,-49.021938,-0.612774
265.4110,-18725,-49.021938,-0.612774
265.4210,-18725,-49.021938,-0.612774
265.4310,-18725,-49.021938,-0.612774
265.4410,-18725,-49.021938,-0.612774
265.4510,-18725,-49.021938,-0.612774
265.4610,-18725,-49.021938,-0.612774
265.4710,-18725,-49.021938,-0.612774
265.4810,-18725,-49.021938,-0.612774
265.4910,-18725,-49.021938,-0.612774
265.5010,-18725,-49.021938,-0.612774
265.5110,-18725,-49.021938,-0.612774
265.5210,-18725,-49.021938,-0.612774
265.5310,-18725,-49.021938,-0.612774
265.5410,-18725,-49.021938,-0.612774
265.5510,-18725,-49.021938,-0.612774
265.5610,-18725,-49.021938,-0.612774
265.5710,-18725,-49.021938,-0.612774
265.5810,-18725,-49.021938,-0.612774
265.5910,-18725,-49.021938,-0.612774
265.6010,-18725,-49.021938,-0.612774
265.6110,-18725,-49.021938,-0.612774
265.6210,-18725,-49.021938,-0.612774
265.6310,-18725,-49.021938,-0.612774
265.6410,-18725,-49.021938,-0.612774
265.6510,-18725,-49.021938,-0.612774
265.6610,-18725,-49.021938,-0.612774
265.6710,-18725,-49.021938,-0.612774
265.6810,-18725,-49.021938,-0.612774
265.6920,-18725,-49.021938,-0.612774
265.7010,-18725,-49.021938,-0.612774
265.7110,-18725,-49.021938,-0.612774
265.7210,-18725,-49.021938,-0.612774
265.7310,-18725,-49.021938,-0.612774
265.7410,-18725,-49.021938,-0.612774
265.7510,-18725,-49.021938,-0.612774
265.7610,-18725,-49.021938,-0.612774
265.7710,-18725,-49.021938,-0.612774
265.7810,-18725,-49.021938,-0.612774
265.7910,-18725,-49.021938,-0.612774
265.8010,-18725,-49.021938,-0.612774
265.8110,-18725,-49.021938,-0.612774
265.8210,-18725,-49.021938,-0.612774
265.8310,-18725,-49.021938,-0.612774
265.8410,-18725,-49.021938,-0.612774
265.8510,-18725,-49.021938,-0.612774
265.8610,-18725,-49.021938,-0.612774
265.8710,-18725,-49.021938,-0.612774
265.8810,-18725,-49.021938,-0.612774
265.8910,-18725,-49.021938,-0.612774
265.9010,-18725,-49.021938,-0.612774
265.9110,-18725,-49.021938,-0.612774
265.9210,-18725,-49.021938,-0.612774
265.9310,-18725,-49.021938,-0.612774
265.9410,-18725,-49.021938,-0.612774
265.9510,-18725,-49.021938,-0.612774
265.9610,-18725,-49.021938,-0.612774
265.9710,-18725,-49.021938,-0.612774
265.9810,-18725,-49.021938,-0.612774
265.9910,-18725,-49.021938,-0.612774
266.0010,-18725,-49.021938,-0.612774
266.0110,-18725,-49.021938,-0.612774
266.0210,-18725,-49.021938,-0.612774
266.0310,-18725,-49.021938,-0.612774
266.0410,-18725,-49.021938,-0.612774
266.0510,-18725,-49.021938,-0.612774
266.0610,-18725,-49.021938,-0.612774
266.0710,-18725,-49.021938,-0.612774
266.0810,-18725,-49.021938,-0.612774
266.0910,-18725,-49.021938,-0.612774
266.1010,-18725,-49.021938,-0.612774
266.1110,-18725,-49.021938,-0.612774
266.1210,-18725,-49.021938,-0.612774
266.1310,-18725,-49.021938,-0.612774
266.1410,-18725,-49.021938,-0.612774
266.1510,-18725,-49.021938,-0.612774
266.1610,-18725,-49.021938,-0.612774
266.1710,-18725,-49.021938,-0.612774
266.1810,-18725,-49.021938,-0.612774
266.1910,-18725,-49.021938,-0.612774
266.2010,-18726,-49.024551,-0.612807
266.2110,-18726,-49.024551,-0.612807
266.2210,-18726,-49.024551,-0.612807
266.2310,-18726,-49.024551,-0.612807
266.2410,-18726,-49.024551,-0.612807
266.2510,-18726,-49.024551,-0.612807
266.2610,-18726,-49.024551,-0.612807
266.2710,-18726,-49.024551,-0.612807
266.2810,-18726,-49.024551,-0.612807
266.2910,-18726,-49.024551,-0.612807
266.3010,-18726,-49.024551,-0.612807
266.3110,-18726,-49.024551,-0.612807
266.3210,-18726,-49.024551,-0.612807
266.3320,-18726,-49.024551,-0.612807
266.3410,-18726,-49.024551,-0.612807
266.3510,-18726,-49.024551,-0.612807
266.3610,-18726,-49.024551,-0.612807
266.3710,-18726,-49.024551,-0.612807
266.3810,-18726,-49.024551,-0.612807
266.3910,-18726,-49.024551,-0.612807
266.4010,-18726,-49.024551,-0.612807
266.4110,-18726,-49.024551,-0.612807
266.4210,-18726,-49.024551,-0.612807
266.4310,-18726,-49.024551,-0.612807
266.4410,-18726,-49.024551,-0.612807
266.4510,-18726,-49.024551,-0.612807
266.4610,-18726,-49.024551,-0.612807
266.4710,-18726,-49.024551,-0.612807
266.4810,-18726,-49.024551,-0.612807
266.4910,-18726,-49.024551,-0.612807
266.5010,-18726,-49.024551,-0.612807
266.5110,-18726,-49.024551,-0.612807
266.5210,-18726,-49.024551,-0.612807
266.5310,-18726,-49.024551,-0.612807
266.5410,-18726,-49.024551,-0.612807
266.5510,-18726,-49.024551,-0.612807
266.5610,-18726,-49.024551,-0.612807
266.5710,-18726,-49.024551,-0.612807
266.5810,-18726,-49.024551,-0.612807
266.5910,-18726,-49.024551,-0.612807
266.6010,-18726,-49.024551,-0.612807
266.6110,-18726,-49.024551,-0.612807
266.6210,-18726,-49.024551,-0.612807
266.6310,-18726,-49.024551,-0.612807
266.6410,-18726,-49.024551,-0.612807
266.6510,-18726,-49.024551,-0.612807
266.6610,-18726,-49.024551,-0.612807
266.6710,-18726,-49.024551,-0.612807
266.6810,-18726,-49.024551,-0.612807
266.6910,-18726,-49.024551,-0.612807
266.7010,-18726,-49.024551,-0.612807
266.7110,-18726,-49.024551,-0.612807
266.7210,-18726,-49.024551,-0.612807
266.7310,-18726,-49.024551,-0.612807
266.7410,-18726,-49.024551,-0.612807
266.7510,-18726,-49.024551,-0.612807
266.7610,-18726,-49.024551,-0.612807
266.7710,-18726,-49.024551,-0.612807
266.7810,-18726,-49.024551,-0.612807
266.7910,-18726,-49.024551,-0.612807
266.8010,-18726,-49.024551,-0.612807
266.8110,-18726,-49.024551,-0.612807
266.8210,-18726,-49.024551,-0.612807
266.8310,-18726,-49.024551,-0.612807
266.8410,-18726,-49.024551,-0.612807
266.8510,-18726,-49.024551,-0.612807
266.8610,-18726,-49.024551,-0.612807
266.8710,-18726,-49.024551,-0.612807
266.8810,-18726,-49.024551,-0.612807
266.8910,-18726,-49.024551,-0.612807
266.9010,-18726,-49.024551,-0.612807
266.9110,-18726,-49.024551,-0.612807
266.9210,-18726,-49.024551,-0.612807
266.9310,-18726,-49.024551,-0.612807
266.9410,-18726,-49.024551,-0.612807
266.9510,-18726,-49.024551,-0.612807
266.9610,-18726,-49.024551,-0.612807
266.9720,-18726,-49.024551,-0.612807
266.9810,-18726,-49.024551,-0.612807
266.9910,-18726,-49.024551,-0.612807
267.0010,-18726,-49.024551,-0.612807
267.0110,-18726,-49.024551,-0.612807
267.0210,-18726,-49.024551,-0.612807
267.0310,-18726,-49.024551,-0.612807
267.0410,-18726,-49.024551,-0.612807
267.0510,-18726,-49.024551,-0.612807
267.0610,-18726,-49.024551,-0.612807
267.0710,-18726,-49.024551,-0.612807
267.0810,-18726,-49.024551,-0.612807
267.0910,-18726,-49.024551,-0.612807
267.1010,-18726,-49.024551,-0.612807
267.1110,-18726,-49.024551,-0.612807
267.1210,-18726,-49.024551,-0.612807
267.1310,-18726,-49.024551,-0.612807
267.1410,-18726,-49.024551,-0.612807
267.1510,-18726,-49.024551,-0.612807
267.1610,-18726,-49.024551,-0.612807
267.1710,-18726,-49.024551,-0.612807
267.1810,-18726,-49.024551,-0.612807
267.1910,-18726,-49.024551,-0.612807
267.2010,-18726,-49.024551,-0.612807
267.2110,-18726,-49.024551,-0.612807
267.2210,-18726,-49.024551,-0.612807
267.2310,-18726,-49.024551,-0.612807
267.2410,-18726,-49.024551,-0.612807
267.2510,-18726,-49.024551,-0.612807
267.2610,-18726,-49.024551,-0.612807
267.2710,-18726,-49.024551,-0.612807
267.2810,-18726,-49.024551,-0.612807
267.2910,-18726,-49.024551,-0.612807
267.3010,-18726,-49.024551,-0.612807
267.3110,-18726,-49.024551,-0.612807
267.3210,-18726,-49.024551,-0.612807
267.3310,-18726,-49.024551,-0.612807
267.3410,-18726,-49.024551,-0.612807
267.3510,-18726,-49.024551,-0.612807
267.3610,-18726,-49.024551,-0.612807
267.3710,-18726,-49.024551,-0.612807
267.3810,-18726,-49.024551,-0.612807
267.3910,-18726,-49.024551,-0.612807
267.4010,-18726,-49.024551,-0.612807
267.4110,-18726,-49.024551,-0.612807
267.4210,-18726,-49.024551,-0.612807
267.4310,-18726,-49.024551,-0.612807
267.4410,-18726,-49.024551,-0.612807
267.4510,-18726,-49.024551,-0.612807
267.4610,-18726,-49.024551,-0.612807
267.4710,-18726,-49.024551,-0.612807
267.4810,-18726,-49.024551,-0.612807
267.4910,-18726,-49.024551,-0.612807
267.5010,-18726,-49.024551,-0.612807
267.5110,-18726,-49.024551,-0.612807
267.5210,-18726,-49.024551,-0.612807
267.5310,-18726,-49.024551,-0.612807
267.5410,-18726,-49.024551,-0.612807
267.5510,-18727,-49.027172,-0.612840
267.5610,-18727,-49.027172,-0.612840
267.5710,-18727,-49.027172,-0.612840
267.5810,-18727,-49.027172,-0.612840
267.5910,-18727,-49.027172,-0.612840
267.6010,-18727,-49.027172,-0.612840
267.6120,-18727,-49.027172,-0.612840
267.6210,-18727,-49.027172,-0.612840
267.6310,-18727,-49.027172,-0.612840
267.6410,-18727,-49.027172,-0.612840
267.6510,-18727,-49.027172,-0.612840
267.6610,-18727,-49.027172,-0.612840
267.6710,-18727,-49.027172,-0.612840
267.6810,-18727,-49.027172,-0.612840
267.6910,-18727,-49.027172,-0.612840
267.7010,-18727,-49.027172,-0.612840
267.7110,-18727,-49.027172,-0.612840
267.7210,-18727,-49.027172,-0.612840
267.7310,-18727,-49.027172,-0.612840
267.7410,-18727,-49.027172,-0.612840
267.7510,-18727,-49.027172,-0.612840
267.7610,-18727,-49.027172,-0.612840
267.7710,-18727,-49.027172,-0.612840
267.7810,-18727,-49.027172,-0.612840
267.7910,-18727,-49.027172,-0.612840
267.8010,-18727,-49.027172,-0.612840
267.8110,-18727,-49.027172,-0.612840
267.8210,-18727,-49.027172,-0.612840
267.8310,-18727,-49.027172,-0.612840
267.8410,-18727,-49.027172,-0.612840
267.8510,-18727,-49.027172,-0.612840
267.8610,-18727,-49.027172,-0.612840
267.8710,-18727,-49.027172,-0.612840
267.8810,-18727,-49.027172,-0.612840
267.8910,-18727,-49.027172,-0.612840
267.9010,-18727,-49.027172,-0.612840
267.9110,-18727,-49.027172,-0.612840
267.9210,-18727,-49.027172,-0.612840
267.9310,-18727,-49.027172,-0.612840
267.9410,-18727,-49.027172,-0.612840
267.9510,-18727,-49.027172,-0.612840
267.9610,-18727,-49.027172,-0.612840
267.9710,-18727,-49.027172,-0.612840
267.9810,-18727,-49.027172,-0.612840
267.9910,-18727,-49.027172,-0.612840
268.0010,-18727,-49.027172,-0.612840
268.0110,-18727,-49.027172,-0.612840
268.0210,-18727,-49.027172,-0.612840
268.0310,-18727,-49.027172,-0.612840
268.0410,-18727,-49.027172,-0.612840
268.0510,-18727,-49.027172,-0.612840
268.0610,-18727,-49.027172,-0.612840
268.0710,-18727,-49.027172,-0.612840
268.0810,-18727,-49.027172,-0.612840
268.0910,-18727,-49.027172,-0.612840
268.1010,-18727,-49.027172,-0.612840
268.1110,-18727,-49.027172,-0.612840
268.1210,-18727,-49.027172,-0.612840
268.1310,-18727,-49.027172,-0.612840
268.1410,-18727,-49.027172,-0.612840
268.1510,-18727,-49.027172,-0.612840
268.1610,-18727,-49.027172,-0.612840
268.1710,-18727,-49.027172,-0.612840
268.1810,-18727,-49.027172,-0.612840
268.1910,-18727,-49.027172,-0.612840
268.2010,-18727,-49.027172,-0.612840
268.2110,-18727,-49.027172,-0.612840
268.2210,-18727,-49.027172,-0.612840
268.2310,-18727,-49.027172,-0.612840
268.2410,-18727,-49.027172,-0.612840
268.2520,-18727,-49.027172,-0.612840
268.2610,-18727,-49.027172,-0.612840
268.2710,-18727,-49.027172,-0.612840
268.2810,-18727,-49.027172,-0.612840
268.2910,-18727,-49.027172,-0.612840
268.3010,-18727,-49.027172,-0.612840
268.3110,-18727,-49.027172,-0.612840
268.3210,-18727,-49.027172,-0.612840
268.3310,-18727,-49.027172,-0.612840
268.3410,-18727,-49.027172,-0.612840
268.3510,-18727,-49.027172,-0.612840
268.3610,-18727,-49.027172,-0.612840
268.3710,-18727,-49.027172,-0.612840
268.3810,-18727,-49.027172,-0.612840
268.3910,-18727,-49.027172,-0.612840
268.4010,-18727,-49.027172,-0.612840
268.4110,-18727,-49.027172,-0.612840
268.4210,-18727,-49.027172,-0.612840
268.4310,-18727,-49.027172,-0.612840
268.4410,-18727,-49.027172,-0.612840
268.4510,-18727,-49.027172,-0.612840
268.4610,-18727,-49.027172,-0.612840
268.4710,-18727,-49.027172,-0.612840
268.4810,-18727,-49.027172,-0.612840
268.4910,-18727,-49.027172,-0.612840
268.5010,-18727,-49.027172,-0.612840
268.5110,-18727,-49.027172,-0.612840
268.5210,-18727,-49.027172,-0.612840
268.5310,-18727,-49.027172,-0.612840
268.5410,-18727,-49.027172,-0.612840
268.5510,-18727,-49.027172,-0.612840
268.5610,-18727,-49.027172,-0.612840
268.5710,-18727,-49.027172,-0.612840
268.5810,-18727,-49.027172,-0.612840
268.5910,-18727,-49.027172,-0.612840
268.6010,-18727,-49.027172,-0.612840
268.6110,-18727,-49.027172,-0.612840
268.6210,-18727,-49.027172,-0.612840
268.6310,-18727,-49.027172,-0.612840
268.6410,-18727,-49.027172,-0.612840
268.6510,-18727,-49.027172,-0.612840
268.6610,-18727,-49.027172,-0.612840
268.6710,-18727,-49.027172,-0.612840
268.6810,-18727,-49.027172,-0.612840
268.6910,-18727,-49.027172,-0.612840
268.7010,-18727,-49.027172,-0.612840
268.7110,-18727,-49.027172,-0.612840
268.7210,-18727,-49.027172,-0.612840
268.7310,-18727,-49.027172,-0.612840
268.7410,-18727,-49.027172,-0.612840
268.7510,-18727,-49.027172,-0.612840
268.7610,-18727,-49.027172,-0.612840
268.7710,-18727,-49.027172,-0.612840
268.7810,-18727,-49.027172,-0.612840
268.7910,-18727,-49.027172,-0.612840
268.8010,-18727,-49.027172,-0.612840
268.8110,-18727,-49.027172,-0.612840
268.8210,-18727,-49.027172,-0.612840
268.8310,-18727,-49.027172,-0.612840
268.8410,-18727,-49.027172,-0.612840
268.8510,-18727,-49.027172,-0.612840
268.8610,-18727,-49.027172,-0.612840
268.8710,-18727,-49.027172,-0.612840
268.8810,-18728,-49.029788,-0.612872
268.8920,-18728,-49.029788,-0.612872
268.9010,-18728,-49.029788,-0.612872
268.9110,-18728,-49.029788,-0.612872
268.9210,-18728,-49.029788,-0.612872
268.9310,-18728,-49.029788,-0.612872
268.9410,-18728,-49.029788,-0.612872
268.9510,-18728,-49.029788,-0.612872
268.9610,-18728,-49.029788,-0.612872
268.9710,-18728,-49.029788,-0.612872
268.9810,-18728,-49.029788,-0.612872
268.9910,-18728,-49.029788,-0.612872
269.0010,-18728,-49.029788,-0.612872
269.0110,-18728,-49.029788,-0.612872
269.0210,-18728,-49.029788,-0.612872
269.0310,-18728,-49.029788,-0.612872
269.0410,-18728,-49.029788,-0.612872
269.0510,-18728,-49.029788,-0.612872
269.0610,-18728,-49.029788,-0.612872
269.0710,-18728,-49.029788,-0.612872
269.0810,-18728,-49.029788,-0.612872
269.0910,-18728,-49.029788,-0.612872
269.1010,-18728,-49.029788,-0.612872
269.1110,-18728,-49.029788,-0.612872
269.1210,-18728,-49.029788,-0.612872
269.1310,-18728,-49.029788,-0.612872
269.1410,-18728,-49.029788,-0.612872
269.1510,-18728,-49.029788,-0.612872
269.1610,-18728,-49.029788,-0.612872
269.1710,-18728,-49.029788,-0.612872
269.1810,-18728,-49.029788,-0.612872
269.1910,-18728,-49.029788,-0.612872
269.2010,-18728,-49.029788,-0.612872
269.2110,-18728,-49.029788,-0.612872
269.2210,-18728,-49.029788,-0.612872
269.2310,-18728,-49.029788,-0.612872
269.2410,-18728,-49.029788,-0.612872
269.2510,-18728,-49.029788,-0.612872
269.2610,-18728,-49.029788,-0.612872
269.2710,-18728,-49.029788,-0.612872
269.2810,-18728,-49.029788,-0.612872
269.2910,-18728,-49.029788,-0.612872
269.3010,-18728,-49.029788,-0.612872
269.3110,-18728,-49.029788,-0.612872
269.3210,-18728,-49.029788,-0.612872
269.3310,-18728,-49.029788,-0.612872
269.3410,-18728,-49.029788,-0.612872
269.3510,-18728,-49.029788,-0.612872
269.3610,-18728,-49.029788,-0.612872
269.3710,-18728,-49.029788,-0.612872
269.3810,-18728,-49.029788,-0.612872
269.3910,-18728,-49.029788,-0.612872
269.4010,-18728,-49.029788,-0.612872
269.4110,-18728,-49.029788,-0.612872
269.4210,-18728,-49.029788,-0.612872
269.4310,-18728,-49.029788,-0.612872
269.4410,-18728,-49.029788,-0.612872
269.4510,-18728,-49.029788,-0.612872
269.4610,-18728,-49.029788,-0.612872
269.4710,-18728,-49.029788,-0.612872
269.4810,-18728,-49.029788,-0.612872
269.4910,-18728,-49.029788,-0.612872
269.5010,-18728,-49.029788,-0.612872
269.5110,-18728,-49.029788,-0.612872
269.5210,-18728,-49.029788,-0.612872
269.5320,-18728,-49.029788,-0.612872
269.5410,-18728,-49.029788,-0.612872
269.5510,-18728,-49.029788,-0.612872
269.5610,-18728,-49.029788,-0.612872
269.5710,-18728,-49.029788,-0.612872
269.5810,-18728,-49.029788,-0.612872
269.5910,-18728,-49.029788,-0.612872
269.6010,-18728,-49.029788,-0.612872
269.6110,-18728,-49.029788,-0.612872
269.6210,-18728,-49.029788,-0.612872
269.6310,-18728,-49.029788,-0.612872
269.6410,-18728,-49.029788,-0.612872
269.6510,-18728,-49.029788,-0.612872
269.6610,-18728,-49.029788,-0.612872
269.6710,-18728,-49.029788,-0.612872
269.6810,-18728,-49.029788,-0.612872
269.6910,-18728,-49.029788,-0.612872
269.7010,-18728,-49.029788,-0.612872
269.7110,-18728,-49.029788,-0.612872
269.7210,-18728,-49.029788,-0.612872
269.7310,-18728,-49.029788,-0.612872
269.7410,-18728,-49.029788,-0.612872
269.7510,-18728,-49.029788,-0.612872
269.7610,-18728,-49.029788,-0.612872
269.7710,-18728,-49.029788,-0.612872
269.7810,-18728,-49.029788,-0.612872
269.7910,-18728,-49.029788,-0.612872
269.8010,-18728,-49.029788,-0.612872
269.8110,-18728,-49.029788,-0.612872
269.8210,-18728,-49.029788,-0.612872
269.8310,-18728,-49.029788,-0.612872
269.8410,-18728,-49.029788,-0.612872
269.8510,-18728,-49.029788,-0.612872
269.8610,-18728,-49.029788,-0.612872
269.8710,-18728,-49.029788,-0.612872
269.8810,-18728,-49.029788,-0.612872
269.8910,-18728,-49.029788,-0.612872
269.9010,-18728,-49.029788,-0.612872
269.9110,-18728,-49.029788,-0.612872
269.9210,-18728,-49.029788,-0.612872
269.9310,-18728,-49.029788,-0.612872
269.9410,-18728,-49.029788,-0.612872
269.9510,-18728,-49.029788,-0.612872
269.9610,-18728,-49.029788,-0.612872
269.9710,-18728,-49.029788,-0.612872
269.9810,-18728,-49.029788,-0.612872
269.9910,-18728,-49.029788,-0.612872
270.0010,-18728,-49.029788,-0.612872
270.0110,-18728,-49.029788,-0.612872
270.0210,-18728,-49.029788,-0.612872
270.0310,-18728,-49.029788,-0.612872
270.0410,-18728,-49.029788,-0.612872
270.0510,-18728,-49.029788,-0.612872
270.0610,-18728,-49.029788,-0.612872
270.0710,-18728,-49.029788,-0.612872
270.0810,-18728,-49.029788,-0.612872
270.0910,-18728,-49.029788,-0.612872
270.1010,-18728,-49.029788,-0.612872
270.1110,-18728,-49.029788,-0.612872
270.1210,-18728,-49.029788,-0.612872
270.1310,-18728,-49.029788,-0.612872
270.1410,-18728,-49.029788,-0.612872
270.1510,-18728,-49.029788,-0.612872
270.1610,-18728,-49.029788,-0.612872
270.1720,-18728,-49.029788,-0.612872
270.1810,-18728,-49.029788,-0.612872
270.1910,-18728,-49.029788,-0.612872
270.2010,-18728,-49.029788,-0.612872
270.2110,-18728,-49.029788,-0.612872
270.2210,-18728,-49.029788,-0.612872
270.2310,-18728,-49.029788,-0.612872
270.2410,-18728,-49.029788,-0.612872
270.2510,-18728,-49.029788,-0.612872
270.2610,-18728,-49.029788,-0.612872
270.2710,-18728,-49.029788,-0.612872
270.2810,-18728,-49.029788,-0.612872
270.2910,-18728,-49.029788,-0.612872
270.3010,-18728,-49.029788,-0.612872
270.3110,-18728,-49.029788,-0.612872
270.3210,-18728,-49.029788,-0.612872
270.3310,-18728,-49.029788,-0.612872
270.3410,-18728,-49.029788,-0.612872
270.3510,-18728,-49.029788,-0.612872
270.3610,-18728,-49.029788,-0.612872
270.3710,-18728,-49.029788,-0.612872
270.3810,-18728,-49.029788,-0.612872
270.3910,-18728,-49.029788,-0.612872
270.4010,-18728,-49.029788,-0.612872
270.4110,-18728,-49.029788,-0.612872
270.4210,-18728,-49.029788,-0.612872
270.4310,-18728,-49.029788,-0.612872
270.4410,-18728,-49.029788,-0.612872
270.4510,-18728,-49.029788,-0.612872
270.4610,-18728,-49.029788,-0.612872
270.4710,-18728,-49.029788,-0.612872
270.4810,-18728,-49.029788,-0.612872
270.4910,-18728,-49.029788,-0.612872
270.5010,-18728,-49.029788,-0.612872
270.5110,-18728,-49.029788,-0.612872
270.5210,-18728,-49.029788,-0.612872
270.5310,-18728,-49.029788,-0.612872
270.5410,-18728,-49.029788,-0.612872
270.5510,-18728,-49.029788,-0.612872
270.5610,-18728,-49.029788,-0.612872
270.5710,-18728,-49.029788,-0.612872
270.5810,-18728,-49.029788,-0.612872
270.5910,-18728,-49.029788,-0.612872
270.6010,-18728,-49.029788,-0.612872
270.6110,-18728,-49.029788,-0.612872
270.6210,-18728,-49.029788,-0.612872
270.6310,-18728,-49.029788,-0.612872
270.6410,-18728,-49.029788,-0.612872
270.6510,-18728,-49.029788,-0.612872
270.6610,-18728,-49.029788,-0.612872
270.6710,-18728,-49.029788,-0.612872
270.6810,-18728,-49.029788,-0.612872
270.6910,-18728,-49.029788,-0.612872
270.7010,-18728,-49.029788,-0.612872
270.7110,-18728,-49.029788,-0.612872
270.7210,-18728,-49.029788,-0.612872
270.7310,-18728,-49.029788,-0.612872
270.7410,-18728,-49.029788,-0.612872
270.7510,-18728,-49.029788,-0.612872
270.7610,-18728,-49.029788,-0.612872
270.7710,-18728,-49.029788,-0.612872
270.7810,-18728,-49.029788,-0.612872
270.7910,-18728,-49.029788,-0.612872
270.8010,-18728,-49.029788,-0.612872
270.8120,-18728,-49.029788,-0.612872
270.8210,-18728,-49.029788,-0.612872
270.8310,-18728,-49.029788,-0.612872
270.8410,-18728,-49.029788,-0.612872
270.8510,-18728,-49.029788,-0.612872
270.8610,-18728,-49.029788,-0.612872
270.8710,-18728,-49.029788,-0.612872
270.8810,-18728,-49.029788,-0.612872
270.8910,-18728,-49.029788,-0.612872
270.9010,-18728,-49.029788,-0.612872
270.9110,-18728,-49.029788,-0.612872
270.9210,-18728,-49.029788,-0.612872
270.9310,-18728,-49.029788,-0.612872
270.9410,-18728,-49.029788,-0.612872
270.9510,-18728,-49.029788,-0.612872
270.9610,-18728,-49.029788,-0.612872
270.9710,-18728,-49.029788,-0.612872
270.9810,-18728,-49.029788,-0.612872
270.9910,-18728,-49.029788,-0.612872
271.0010,-18728,-49.029788,-0.612872
271.0110,-18728,-49.029788,-0.612872
271.0210,-18728,-49.029788,-0.612872
271.0310,-18728,-49.029788,-0.612872
271.0410,-18728,-49.029788,-0.612872
271.0510,-18728,-49.029788,-0.612872
271.0610,-18728,-49.029788,-0.612872
271.0710,-18728,-49.029788,-0.612872
271.0810,-18728,-49.029788,-0.612872
271.0910,-18728,-49.029788,-0.612872
271.1010,-18728,-49.029788,-0.612872
271.1110,-18728,-49.029788,-0.612872
271.1210,-18728,-49.029788,-0.612872
271.1310,-18728,-49.029788,-0.612872
271.1410,-18728,-49.029788,-0.612872
271.1510,-18728,-49.029788,-0.612872
271.1610,-18728,-49.029788,-0.612872
271.1710,-18728,-49.029788,-0.612872
271.1810,-18728,-49.029788,-0.612872
271.1910,-18728,-49.029788,-0.612872
271.2010,-18728,-49.029788,-0.612872
271.2110,-18728,-49.029788,-0.612872
271.2210,-18728,-49.029788,-0.612872
271.2310,-18728,-49.029788,-0.612872
271.2410,-18728,-49.029788,-0.612872
271.2510,-18728,-49.029788,-0.612872
271.2610,-18728,-49.029788,-0.612872
271.2710,-18728,-49.029788,-0.612872
271.2810,-18728,-49.029788,-0.612872
271.2910,-18728,-49.029788,-0.612872
271.3010,-18728,-49.029788,-0.612872
271.3110,-18728,-49.029788,-0.612872
271.3210,-18728,-49.029788,-0.612872
271.3310,-18728,-49.029788,-0.612872
271.3410,-18728,-49.029788,-0.612872
271.3510,-18728,-49.029788,-0.612872
271.3610,-18728,-49.029788,-0.612872
271.3710,-18728,-49.029788,-0.612872
271.3810,-18728,-49.029788,-0.612872
271.3910,-18728,-49.029788,-0.612872
271.4010,-18728,-49.029788,-0.612872
271.4110,-18728,-49.029788,-0.612872
271.4210,-18728,-49.029788,-0.612872
271.4310,-18728,-49.029788,-0.612872
271.4410,-18728,-49.029788,-0.612872
271.4520,-18728,-49.029788,-0.612872
271.4610,-18728,-49.029788,-0.612872
271.4710,-18728,-49.029788,-0.612872
271.4810,-18728,-49.029788,-0.612872
271.4910,-18728,-49.029788,-0.612872
271.5010,-18728,-49.029788,-0.612872
271.5110,-18728,-49.029788,-0.612872
271.5210,-18728,-49.029788,-0.612872
271.5310,-18728,-49.029788,-0.612872
271.5410,-18728,-49.029788,-0.612872
271.5510,-18728,-49.029788,-0.612872
271.5610,-18728,-49.029788,-0.612872
271.5710,-18728,-49.029788,-0.612872
271.5810,-18728,-49.029788,-0.612872
271.5910,-18728,-49.029788,-0.612872
271.6010,-18728,-49.029788,-0.612872
271.6110,-18728,-49.029788,-0.612872
271.6210,-18728,-49.029788,-0.612872
271.6310,-18728,-49.029788,-0.612872
271.6410,-18728,-49.029788,-0.612872
271.6510,-18728,-49.029788,-0.612872
271.6610,-18728,-49.029788,-0.612872
271.6710,-18728,-49.029788,-0.612872
271.6810,-18728,-49.029788,-0.612872
271.6910,-18728,-49.029788,-0.612872
271.7010,-18728,-49.029788,-0.612872
271.7110,-18728,-49.029788,-0.612872
271.7210,-18728,-49.029788,-0.612872
271.7310,-18728,-49.029788,-0.612872
271.7410,-18728,-49.029788,-0.612872
271.7510,-18728,-49.029788,-0.612872
271.7610,-18728,-49.029788,-0.612872
271.7710,-18728,-49.029788,-0.612872
271.7810,-18728,-49.029788,-0.612872
271.7910,-18728,-49.029788,-0.612872
271.8010,-18728,-49.029788,-0.612872
271.8110,-18728,-49.029788,-0.612872
271.8210,-18728,-49.029788,-0.612872
271.8310,-18728,-49.029788,-0.612872
271.8410,-18728,-49.029788,-0.612872
271.8510,-18728,-49.029788,-0.612872
271.8610,-18728,-49.029788,-0.612872
271.8710,-18728,-49.029788,-0.612872
271.8810,-18728,-49.029788,-0.612872
271.8910,-18728,-49.029788,-0.612872
271.9010,-18728,-49.029788,-0.612872
271.9110,-18728,-49.029788,-0.612872
271.9210,-18728,-49.029788,-0.612872
271.9310,-18728,-49.029788,-0.612872
271.9410,-18728,-49.029788,-0.612872
271.9510,-18728,-49.029788,-0.612872
271.9610,-18729,-49.032409,-0.612905
271.9710,-18729,-49.032409,-0.612905
271.9810,-18729,-49.032409,-0.612905
271.9910,-18729,-49.032409,-0.612905
272.0010,-18729,-49.032409,-0.612905
272.0110,-18729,-49.032409,-0.612905
272.0210,-18729,-49.032409,-0.612905
272.0310,-18729,-49.032409,-0.612905
272.0410,-18729,-49.032409,-0.612905
272.0510,-18729,-49.032409,-0.612905
272.0610,-18729,-49.032409,-0.612905
272.0710,-18729,-49.032409,-0.612905
272.0810,-18729,-49.032409,-0.612905
272.0920,-18729,-49.032409,-0.612905
272.1010,-18729,-49.032409,-0.612905
272.1110,-18729,-49.032409,-0.612905
272.1210,-18729,-49.032409,-0.612905
272.1310,-18729,-49.032409,-0.612905
272.1410,-18729,-49.032409,-0.612905
272.1510,-18729,-49.032409,-0.612905
272.1610,-18729,-49.032409,-0.612905
272.1710,-18729,-49.032409,-0.612905
272.1810,-18729,-49.032409,-0.612905
272.1910,-18729,-49.032409,-0.612905
272.2010,-18729,-49.032409,-0.612905
272.2110,-18729,-49.032409,-0.612905
272.2210,-18729,-49.032409,-0.612905
272.2310,-18729,-49.032409,-0.612905
272.2410,-18729,-49.032409,-0.612905
272.2510,-18729,-49.032409,-0.612905
272.2610,-18729,-49.032409,-0.612905
272.2710,-18729,-49.032409,-0.612905
272.2810,-18729,-49.032409,-0.612905
272.2910,-18729,-49.032409,-0.612905
272.3010,-18729,-49.032409,-0.612905
272.3110,-18729,-49.032409,-0.612905
272.3210,-18729,-49.032409,-0.612905
272.3310,-18729,-49.032409,-0.612905
272.3410,-18729,-49.032409,-0.612905
272.3510,-18729,-49.032409,-0.612905
272.3610,-18729,-49.032409,-0.612905
272.3710,-18729,-49.032409,-0.612905
272.3810,-18729,-49.032409,-0.612905
272.3910,-18729,-49.032409,-0.612905
272.4010,-18729,-49.032409,-0.612905
272.4110,-18729,-49.032409,-0.612905
272.4210,-18729,-49.032409,-0.612905
272.4310,-18729,-49.032409,-0.612905
272.4410,-18729,-49.032409,-0.612905
272.4510,-18729,-49.032409,-0.612905
272.4610,-18729,-49.032409,-0.612905
272.4710,-18729,-49.032409,-0.612905
272.4810,-18729,-49.032409,-0.612905
272.4910,-18729,-49.032409,-0.612905
272.5010,-18729,-49.032409,-0.612905
272.5110,-18729,-49.032409,-0.612905
272.5210,-18729,-49.032409,-0.612905
272.5310,-18729,-49.032409,-0.612905
272.5410,-18729,-49.032409,-0.612905
272.5510,-18729,-49.032409,-0.612905
272.5610,-18729,-49.032409,-0.612905
272.5710,-18729,-49.032409,-0.612905
272.5810,-18729,-49.032409,-0.612905
272.5910,-18729,-49.032409,-0.612905
272.6010,-18729,-49.032409,-0.612905
272.6110,-18729,-49.032409,-0.612905
272.6210,-18729,-49.032409,-0.612905
272.6310,-18729,-49.032409,-0.612905
272.6410,-18729,-49.032409,-0.612905
272.6510,-18729,-49.032409,-0.612905
272.6610,-18729,-49.032409,-0.612905
272.6710,-18729,-49.032409,-0.612905
272.6810,-18729,-49.032409,-0.612905
272.6910,-18729,-49.032409,-0.612905
272.7010,-18729,-49.032409,-0.612905
272.7110,-18729,-49.032409,-0.612905
272.7210,-18729,-49.032409,-0.612905
272.7320,-18729,-49.032409,-0.612905
272.7410,-18729,-49.032409,-0.612905
272.7510,-18729,-49.032409,-0.612905
272.7610,-18729,-49.032409,-0.612905
272.7710,-18729,-49.032409,-0.612905
272.7810,-18729,-49.032409,-0.612905
272.7910,-18729,-49.032409,-0.612905
272.8010,-18729,-49.032409,-0.612905
272.8110,-18729,-49.032409,-0.612905
272.8210,-18729,-49.032409,-0.612905
272.8310,-18729,-49.032409,-0.612905
272.8410,-18729,-49.032409,-0.612905
272.8510,-18729,-49.032409,-0.612905
272.8610,-18729,-49.032409,-0.612905
272.8710,-18729,-49.032409,-0.612905
272.8810,-18729,-49.032409,-0.612905
272.8910,-18729,-49.032409,-0.612905
272.9010,-18729,-49.032409,-0.612905
272.9110,-18729,-49.032409,-0.612905
272.9210,-18729,-49.032409,-0.612905
272.9310,-18729,-49.032409,-0.612905
272.9410,-18729,-49.032409,-0.612905
272.9510,-18729,-49.032409,-0.612905
272.9610,-18729,-49.032409,-0.612905
272.9710,-18729,-49.032409,-0.612905
272.9810,-18729,-49.032409,-0.612905
272.9910,-18729,-49.032409,-0.612905
273.0010,-18729,-49.032409,-0.612905
273.0110,-18729,-49.032409,-0.612905
273.0210,-18729,-49.032409,-0.612905
273.0310,-18729,-49.032409,-0.612905
273.0410,-18729,-49.032409,-0.612905
273.0510,-18729,-49.032409,-0.612905
273.0610,-18729,-49.032409,-0.612905
273.0710,-18729,-49.032409,-0.612905
273.0810,-18729,-49.032409,-0.612905
273.0910,-18729,-49.032409,-0.612905
273.1010,-18729,-49.032409,-0.612905
273.1110,-18729,-49.032409,-0.612905
273.1210,-18729,-49.032409,-0.612905
273.1310,-18729,-49.032409,-0.612905
273.1410,-18729,-49.032409,-0.612905
273.1510,-18729,-49.032409,-0.612905
273.1610,-18729,-49.032409,-0.612905
273.1710,-18729,-49.032409,-0.612905
273.1810,-18729,-49.032409,-0.612905
273.1910,-18729,-49.032409,-0.612905
273.2010,-18729,-49.032409,-0.612905
273.2110,-18729,-49.032409,-0.612905
273.2210,-18729,-49.032409,-0.612905
273.2310,-18729,-49.032409,-0.612905
273.2410,-18729,-49.032409,-0.612905
273.2510,-18729,-49.032409,-0.612905
273.2610,-18729,-49.032409,-0.612905
273.2710,-18729,-49.032409,-0.612905
273.2810,-18729,-49.032409,-0.612905
273.2910,-18729,-49.032409,-0.612905
273.3010,-18729,-49.032409,-0.612905
273.3110,-18729,-49.032409,-0.612905
273.3210,-18729,-49.032409,-0.612905
273.3310,-18729,-49.032409,-0.612905
273.3410,-18729,-49.032409,-0.612905
273.3510,-18729,-49.032409,-0.612905
273.3610,-18729,-49.032409,-0.612905
273.3720,-18729,-49.032409,-0.612905
273.3810,-18729,-49.032409,-0.612905
273.3910,-18729,-49.032409,-0.612905
273.4010,-18729,-49.032409,-0.612905
273.4110,-18729,-49.032409,-0.612905
273.4210,-18729,-49.032409,-0.612905
273.4310,-18729,-49.032409,-0.612905
273.4410,-18729,-49.032409,-0.612905
273.4510,-18729,-49.032409,-0.612905
273.4610,-18729,-49.032409,-0.612905
273.4710,-18729,-49.032409,-0.612905
273.4810,-18729,-49.032409,-0.612905
273.4910,-18729,-49.032409,-0.612905
273.5010,-18729,-49.032409,-0.612905
273.5110,-18729,-49.032409,-0.612905
273.5210,-18729,-49.032409,-0.612905
273.5310,-18729,-49.032409,-0.612905
273.5410,-18729,-49.032409,-0.612905
273.5510,-18729,-49.032409,-0.612905
273.5610,-18729,-49.032409,-0.612905
273.5710,-18729,-49.032409,-0.612905
273.5810,-18729,-49.032409,-0.612905
273.5910,-18729,-49.032409,-0.612905
273.6010,-18729,-49.032409,-0.612905
273.6110,-18729,-49.032409,-0.612905
273.6210,-18729,-49.032409,-0.612905
273.6310,-18729,-49.032409,-0.612905
273.6410,-18729,-49.032409,-0.612905
273.6510,-18729,-49.032409,-0.612905
273.6610,-18729,-49.032409,-0.612905
273.6710,-18729,-49.032409,-0.612905
273.6810,-18729,-49.032409,-0.612905
273.6910,-18729,-49.032409,-0.612905
273.7010,-18729,-49.032409,-0.612905
273.7110,-18729,-49.032409,-0.612905
273.7210,-18729,-49.032409,-0.612905
273.7310,-18729,-49.032409,-0.612905
273.7410,-18729,-49.032409,-0.612905
273.7510,-18729,-49.032409,-0.612905
273.7610,-18729,-49.032409,-0.612905
273.7710,-18729,-49.032409,-0.612905
273.7810,-18729,-49.032409,-0.612905
273.7910,-18729,-49.032409,-0.612905
273.8010,-18729,-49.032409,-0.612905
273.8110,-18729,-49.032409,-0.612905
273.8210,-18729,-49.032409,-0.612905
273.8310,-18729,-49.032409,-0.612905
273.8410,-18729,-49.032409,-0.612905
273.8510,-18729,-49.032409,-0.612905
273.8610,-18729,-49.032409,-0.612905
273.8710,-18729,-49.032409,-0.612905
273.8810,-18729,-49.032409,-0.612905
273.8910,-18729,-49.032409,-0.612905
273.9010,-18729,-49.032409,-0.612905
273.9110,-18729,-49.032409,-0.612905
273.9210,-18729,-49.032409,-0.612905
273.9310,-18729,-49.032409,-0.612905
273.9410,-18729,-49.032409,-0.612905
273.9510,-18729,-49.032409,-0.612905
273.9610,-18729,-49.032409,-0.612905
273.9710,-18729,-49.032409,-0.612905
273.9810,-18729,-49.032409,-0.612905
273.9910,-18729,-49.032409,-0.612905
274.0010,-18729,-49.032409,-0.612905
274.0120,-18729,-49.032409,-0.612905
274.0210,-18729,-49.032409,-0.612905
274.0310,-18729,-49.032409,-0.612905
274.0410,-18729,-49.032409,-0.612905
274.0510,-18729,-49.032409,-0.612905
274.0610,-18729,-49.032409,-0.612905
274.0710,-18729,-49.032409,-0.612905
274.0810,-18729,-49.032409,-0.612905
274.0910,-18729,-49.032409,-0.612905
274.1010,-18729,-49.032409,-0.612905
274.1110,-18729,-49.032409,-0.612905
274.1210,-18729,-49.032409,-0.612905
274.1310,-18729,-49.032409,-0.612905
274.1410,-18729,-49.032409,-0.612905
274.1510,-18729,-49.032409,-0.612905
274.1610,-18729,-49.032409,-0.612905
274.1710,-18729,-49.032409,-0.612905
274.1810,-18729,-49.032409,-0.612905
274.1910,-18729,-49.032409,-0.612905
274.2010,-18729,-49.032409,-0.612905
274.2110,-18729,-49.032409,-0.612905
274.2210,-18729,-49.032409,-0.612905
274.2310,-18729,-49.032409,-0.612905
274.2410,-18729,-49.032409,-0.612905
274.2510,-18729,-49.032409,-0.612905
274.2610,-18729,-49.032409,-0.612905
274.2710,-18729,-49.032409,-0.612905
274.2810,-18729,-49.032409,-0.612905
274.2910,-18729,-49.032409,-0.612905
274.3010,-18729,-49.032409,-0.612905
274.3110,-18729,-49.032409,-0.612905
274.3210,-18729,-49.032409,-0.612905
274.3310,-18729,-49.032409,-0.612905
274.3410,-18729,-49.032409,-0.612905
274.3510,-18729,-49.032409,-0.612905
274.3610,-18729,-49.032409,-0.612905
274.3710,-18729,-49.032409,-0.612905
274.3810,-18729,-49.032409,-0.612905
274.3910,-18729,-49.032409,-0.612905
274.4010,-18729,-49.032409,-0.612905
274.4110,-18729,-49.032409,-0.612905
274.4210,-18729,-49.032409,-0.612905
274.4310,-18729,-49.032409,-0.612905
274.4410,-18729,-49.032409,-0.612905
274.4510,-18729,-49.032409,-0.612905
274.4610,-18729,-49.032409,-0.612905
274.4710,-18729,-49.032409,-0.612905
274.4810,-18729,-49.032409,-0.612905
274.4910,-18729,-49.032409,-0.612905
274.5010,-18729,-49.032409,-0.612905
274.5110,-18729,-49.032409,-0.612905
274.5210,-18729,-49.032409,-0.612905
274.5310,-18729,-49.032409,-0.612905
274.5410,-18729,-49.032409,-0.612905
274.5510,-18729,-49.032409,-0.612905
274.5610,-18729,-49.032409,-0.612905
274.5710,-18729,-49.032409,-0.612905
274.5810,-18729,-49.032409,-0.612905
274.5910,-18729,-49.032409,-0.612905
274.6010,-18729,-49.032409,-0.612905
274.6110,-18729,-49.032409,-0.612905
274.6210,-18729,-49.032409,-0.612905
274.6310,-18729,-49.032409,-0.612905
274.6410,-18729,-49.032409,-0.612905
274.6520,-18729,-49.032409,-0.612905
274.6610,-18729,-49.032409,-0.612905
274.6710,-18729,-49.032409,-0.612905
274.6810,-18729,-49.032409,-0.612905
274.6910,-18729,-49.032409,-0.612905
274.7010,-18729,-49.032409,-0.612905
274.7110,-18729,-49.032409,-0.612905
274.7210,-18729,-49.032409,-0.612905
274.7310,-18729,-49.032409,-0.612905
274.7410,-18729,-49.032409,-0.612905
274.7510,-18729,-49.032409,-0.612905
274.7610,-18729,-49.032409,-0.612905
274.7710,-18729,-49.032409,-0.612905
274.7810,-18729,-49.032409,-0.612905
274.7910,-18729,-49.032409,-0.612905
274.8010,-18729,-49.032409,-0.612905
274.8110,-18729,-49.032409,-0.612905
274.8210,-18729,-49.032409,-0.612905
274.8310,-18729,-49.032409,-0.612905
274.8410,-18729,-49.032409,-0.612905
274.8510,-18729,-49.032409,-0.612905
274.8610,-18729,-49.032409,-0.612905
274.8710,-18729,-49.032409,-0.612905
274.8810,-18729,-49.032409,-0.612905
274.8910,-18729,-49.032409,-0.612905
274.9010,-18729,-49.032409,-0.612905
274.9110,-18729,-49.032409,-0.612905
274.9210,-18729,-49.032409,-0.612905
274.9310,-18729,-49.032409,-0.612905
274.9410,-18729,-49.032409,-0.612905
274.9510,-18729,-49.032409,-0.612905
274.9610,-18729,-49.032409,-0.612905
274.9710,-18729,-49.032409,-0.612905
274.9810,-18729,-49.032409,-0.612905
274.9910,-18729,-49.032409,-0.612905
275.0010,-18729,-49.032409,-0.612905
275.0110,-18729,-49.032409,-0.612905
275.0210,-18729,-49.032409,-0.612905
275.0310,-18729,-49.032409,-0.612905
275.0410,-18729,-49.032409,-0.612905
275.0510,-18729,-49.032409,-0.612905
275.0610,-18729,-49.032409,-0.612905
275.0710,-18729,-49.032409,-0.612905
275.0810,-18729,-49.032409,-0.612905
275.0910,-18729,-49.032409,-0.612905
275.1010,-18729,-49.032409,-0.612905
275.1110,-18729,-49.032409,-0.612905
275.1210,-18729,-49.032409,-0.612905
275.1310,-18729,-49.032409,-0.612905
275.1410,-18729,-49.032409,-0.612905
275.1510,-18729,-49.032409,-0.612905
275.1610,-18729,-49.032409,-0.612905
275.1710,-18729,-49.032409,-0.612905
275.1810,-18729,-49.032409,-0.612905
275.1910,-18729,-49.032409,-0.612905
275.2010,-18729,-49.032409,-0.612905
275.2110,-18729,-49.032409,-0.612905
275.2210,-18729,-49.032409,-0.612905
275.2310,-18729,-49.032409,-0.612905
275.2410,-18729,-49.032409,-0.612905
275.2510,-18729,-49.032409,-0.612905
275.2610,-18729,-49.032409,-0.612905
275.2710,-18729,-49.032409,-0.612905
275.2810,-18729,-49.032409,-0.612905
275.2920,-18729,-49.032409,-0.612905
275.3010,-18729,-49.032409,-0.612905
275.3110,-18729,-49.032409,-0.612905
275.3210,-18729,-49.032409,-0.612905
275.3310,-18729,-49.032409,-0.612905
275.3410,-18729,-49.032409,-0.612905
275.3510,-18729,-49.032409,-0.612905
275.3610,-18729,-49.032409,-0.612905
275.3710,-18729,-49.032409,-0.612905
275.3810,-18729,-49.032409,-0.612905
275.3910,-18729,-49.032409,-0.612905
275.4010,-18729,-49.032409,-0.612905
275.4110,-18729,-49.032409,-0.612905
275.4210,-18729,-49.032409,-0.612905
275.4310,-18729,-49.032409,-0.612905
275.4410,-18729,-49.032409,-0.612905
275.4510,-18729,-49.032409,-0.612905
275.4610,-18729,-49.032409,-0.612905
275.4710,-18729,-49.032409,-0.612905
275.4810,-18729,-49.032409,-0.612905
275.4910,-18729,-49.032409,-0.612905
275.5010,-18729,-49.032409,-0.612905
275.5110,-18729,-49.032409,-0.612905
275.5210,-18729,-49.032409,-0.612905
275.5310,-18729,-49.032409,-0.612905
275.5410,-18729,-49.032409,-0.612905
275.5510,-18729,-49.032409,-0.612905
275.5610,-18729,-49.032409,-0.612905
275.5710,-18729,-49.032409,-0.612905
275.5810,-18729,-49.032409,-0.612905
275.5910,-18729,-49.032409,-0.612905
275.6010,-18729,-49.032409,-0.612905
275.6110,-18729,-49.032409,-0.612905
275.6210,-18729,-49.032409,-0.612905
275.6310,-18729,-49.032409,-0.612905
275.6410,-18729,-49.032409,-0.612905
275.6510,-18729,-49.032409,-0.612905
275.6610,-18729,-49.032409,-0.612905
275.6710,-18729,-49.032409,-0.612905
275.6810,-18729,-49.032409,-0.612905
275.6910,-18729,-49.032409,-0.612905
275.7010,-18729,-49.032409,-0.612905
275.7110,-18729,-49.032409,-0.612905
275.7210,-18729,-49.032409,-0.612905
275.7310,-18729,-49.032409,-0.612905
275.7410,-18729,-49.032409,-0.612905
275.7510,-18729,-49.032409,-0.612905
275.7610,-18729,-49.032409,-0.612905
275.7710,-18729,-49.032409,-0.612905
275.7810,-18729,-49.032409,-0.612905
275.7910,-18729,-49.032409,-0.612905
275.8010,-18729,-49.032409,-0.612905
275.8110,-18729,-49.032409,-0.612905
275.8210,-18729,-49.032409,-0.612905
275.8310,-18729,-49.032409,-0.612905
275.8410,-18729,-49.032409,-0.612905
275.8510,-18729,-49.032409,-0.612905
275.8610,-18729,-49.032409,-0.612905
275.8710,-18729,-49.032409,-0.612905
275.8810,-18729,-49.032409,-0.612905
275.8910,-18729,-49.032409,-0.612905
275.9010,-18729,-49.032409,-0.612905
275.9110,-18729,-49.032409,-0.612905
275.9210,-18729,-49.032409,-0.612905
275.9320,-18729,-49.032409,-0.612905
275.9410,-18729,-49.032409,-0.612905
275.9510,-18729,-49.032409,-0.612905
275.9610,-18729,-49.032409,-0.612905
275.9710,-18729,-49.032409,-0.612905
275.9810,-18729,-49.032409,-0.612905
275.9910,-18729,-49.032409,-0.612905
276.0010,-18729,-49.032409,-0.612905
276.0110,-18729,-49.032409,-0.612905
276.0210,-18729,-49.032409,-0.612905
276.0310,-18729,-49.032409,-0.612905
276.0410,-18729,-49.032409,-0.612905
276.0510,-18729,-49.032409,-0.612905
276.0610,-18729,-49.032409,-0.612905
276.0710,-18729,-49.032409,-0.612905
276.0810,-18729,-49.032409,-0.612905
276.0910,-18729,-49.032409,-0.612905
276.1010,-18729,-49.032409,-0.612905
276.1110,-18729,-49.032409,-0.612905
276.1210,-18729,-49.032409,-0.612905
276.1310,-18729,-49.032409,-0.612905
276.1410,-18729,-49.032409,-0.612905
276.1510,-18729,-49.032409,-0.612905
276.1610,-18729,-49.032409,-0.612905
276.1710,-18729,-49.032409,-0.612905
276.1810,-18729,-49.032409,-0.612905
276.1910,-18729,-49.032409,-0.612905
276.2010,-18729,-49.032409,-0.612905
276.2110,-18729,-49.032409,-0.612905
276.2210,-18729,-49.032409,-0.612905
276.2310,-18729,-49.032409,-0.612905
276.2410,-18729,-49.032409,-0.612905
276.2510,-18729,-49.032409,-0.612905
276.2610,-18729,-49.032409,-0.612905
276.2710,-18729,-49.032409,-0.612905
276.2810,-18729,-49.032409,-0.612905
276.2910,-18729,-49.032409,-0.612905
276.3010,-18729,-49.032409,-0.612905
276.3110,-18729,-49.032409,-0.612905
276.3210,-18729,-49.032409,-0.612905
276.3310,-18729,-49.032409,-0.612905
276.3410,-18729,-49.032409,-0.612905
276.3510,-18729,-49.032409,-0.612905
276.3610,-18729,-49.032409,-0.612905
276.3710,-18729,-49.032409,-0.612905
276.3810,-18729,-49.032409,-0.612905
276.3910,-18729,-49.032409,-0.612905
276.4010,-18729,-49.032409,-0.612905
276.4110,-18729,-49.032409,-0.612905
276.4210,-18729,-49.032409,-0.612905
276.4310,-18729,-49.032409,-0.612905
276.4410,-18729,-49.032409,-0.612905
276.4510,-18729,-49.032409,-0.612905
276.4610,-18729,-49.032409,-0.612905
276.4710,-18729,-49.032409,-0.612905
276.4810,-18729,-49.032409,-0.612905
276.4910,-18729,-49.032409,-0.612905
276.5010,-18729,-49.032409,-0.612905
276.5110,-18729,-49.032409,-0.612905
276.5210,-18729,-49.032409,-0.612905
276.5310,-18729,-49.032409,-0.612905
276.5410,-18730,-49.035026,-0.612938
276.5510,-18730,-49.035026,-0.612938
276.5610,-18730,-49.035026,-0.612938
276.5720,-18730,-49.035026,-0.612938
276.5810,-18730,-49.035026,-0.612938
276.5910,-18730,-49.035026,-0.612938
276.6010,-18730,-49.035026,-0.612938
276.6110,-18730,-49.035026,-0.612938
276.6210,-18730,-49.035026,-0.612938
276.6310,-18730,-49.035026,-0.612938
276.6410,-18730,-49.035026,-0.612938
276.6510,-18730,-49.035026,-0.612938
276.6610,-18730,-49.035026,-0.612938
276.6710,-18730,-49.035026,-0.612938
276.6810,-18730,-49.035026,-0.612938
276.6910,-18730,-49.035026,-0.612938
276.7010,-18730,-49.035026,-0.612938
276.7110,-18730,-49.035026,-0.612938
276.7210,-18730,-49.035026,-0.612938
276.7310,-18730,-49.035026,-0.612938
276.7410,-18730,-49.035026,-0.612938
276.7510,-18730,-49.035026,-0.612938
276.7610,-18730,-49.035026,-0.612938
276.7710,-18730,-49.035026,-0.612938
276.7810,-18730,-49.035026,-0.612938
276.7910,-18730,-49.035026,-0.612938
276.8010,-18730,-49.035026,-0.612938
276.8110,-18730,-49.035026,-0.612938
276.8210,-18730,-49.035026,-0.612938
276.8310,-18730,-49.035026,-0.612938
276.8410,-18730,-49.035026,-0.612938
276.8510,-18730,-49.035026,-0.612938
276.8610,-18730,-49.035026,-0.612938
276.8710,-18730,-49.035026,-0.612938
276.8810,-18730,-49.035026,-0.612938
276.8910,-18730,-49.035026,-0.612938
276.9010,-18730,-49.035026,-0.612938
276.9110,-18730,-49.035026,-0.612938
276.9210,-18730,-49.035026,-0.612938
276.9310,-18731,-49.037647,-0.612971
276.9410,-18731,-49.037647,-0.612971
276.9510,-18731,-49.037647,-0.612971
276.9610,-18731,-49.037647,-0.612971
276.9710,-18731,-49.037647,-0.612971
276.9810,-18731,-49.037647,-0.612971
276.9910,-18731,-49.037647,-0.612971
277.0010,-18731,-49.037647,-0.612971
277.0110,-18731,-49.037647,-0.612971
277.0210,-18731,-49.037647,-0.612971
277.0310,-18731,-49.037647,-0.612971
277.0410,-18731,-49.037647,-0.612971
277.0510,-18731,-49.037647,-0.612971
277.0610,-18731,-49.037647,-0.612971
277.0710,-18731,-49.037647,-0.612971
277.0810,-18731,-49.037647,-0.612971
277.0910,-18731,-49.037647,-0.612971
277.1010,-18731,-49.037647,-0.612971
277.1110,-18731,-49.037647,-0.612971
277.1210,-18731,-49.037647,-0.612971
277.1310,-18731,-49.037647,-0.612971
277.1410,-18731,-49.037647,-0.612971
277.1510,-18731,-49.037647,-0.612971
277.1610,-18731,-49.037647,-0.612971
277.1710,-18731,-49.037647,-0.612971
277.1810,-18731,-49.037647,-0.612971
277.1910,-18731,-49.037647,-0.612971
277.2010,-18731,-49.037647,-0.612971
277.2120,-18731,-49.037647,-0.612971
277.2210,-18731,-49.037647,-0.612971
277.2310,-18731,-49.037647,-0.612971
277.2410,-18731,-49.037647,-0.612971
277.2510,-18731,-49.037647,-0.612971
277.2610,-18731,-49.037647,-0.612971
277.2710,-18731,-49.037647,-0.612971
277.2810,-18731,-49.037647,-0.612971
277.2910,-18731,-49.037647,-0.612971
277.3010,-18731,-49.037647,-0.612971
277.3110,-18731,-49.037647,-0.612971
277.3210,-18731,-49.037647,-0.612971
277.3310,-18731,-49.037647,-0.612971
277.3410,-18731,-49.037647,-0.612971
277.3510,-18731,-49.037647,-0.612971
277.3610,-18731,-49.037647,-0.612971
277.3710,-18731,-49.037647,-0.612971
277.3810,-18731,-49.037647,-0.612971
277.3910,-18731,-49.037647,-0.612971
277.4010,-18731,-49.037647,-0.612971
277.4110,-18731,-49.037647,-0.612971
277.4210,-18731,-49.037647,-0.612971
277.4310,-18731,-49.037647,-0.612971
277.4410,-18731,-49.037647,-0.612971
277.4510,-18731,-49.037647,-0.612971
277.4610,-18731,-49.037647,-0.612971
277.4710,-18731,-49.037647,-0.612971
