t_s,count,theta_rad,x_m
0.0000,-1,-0.002618,-0.000033
0.0020,-1,-0.002618,-0.000033
0.0050,-1,-0.002618,-0.000033
0.0080,-1,-0.002618,-0.000033
0.0100,-1,-0.002618,-0.000033
0.0130,-1,-0.002618,-0.000033
0.0150,-1,-0.002618,-0.000033
0.0180,-1,-0.002618,-0.000033
0.0200,-1,-0.002618,-0.000033
0.0220,-1,-0.002618,-0.000033
0.0250,-1,-0.002618,-0.000033
0.0270,-1,-0.002618,-0.000033
0.0290,-1,-0.002618,-0.000033
0.0320,-1,-0.002618,-0.000033
0.0340,-1,-0.002618,-0.000033
0.0370,-1,-0.002618,-0.000033
0.0390,-1,-0.002618,-0.000033
0.0420,-1,-0.002618,-0.000033
0.0440,-1,-0.002618,-0.000033
0.0470,-1,-0.002618,-0.000033
0.0500,-1,-0.002618,-0.000033
0.0530,-1,-0.002618,-0.000033
0.0560,-1,-0.002618,-0.000033
0.0580,-1,-0.002618,-0.000033
0.0610,-1,-0.002618,-0.000033
0.0630,-1,-0.002618,-0.000033
0.0660,-1,-0.002618,-0.000033
0.0680,-1,-0.002618,-0.000033
0.0710,-1,-0.002618,-0.000033
0.0740,-1,-0.002618,-0.000033
0.0760,-1,-0.002618,-0.000033
0.0790,-1,-0.002618,-0.000033
0.0810,-1,-0.002618,-0.000033
0.0840,-1,-0.002618,-0.000033
0.0870,-1,-0.002618,-0.000033
0.0890,-1,-0.002618,-0.000033
0.0930,-1,-0.002618,-0.000033
0.0950,-1,-0.002618,-0.000033
0.0980,-1,-0.002618,-0.000033
0.1000,-1,-0.002618,-0.000033
0.1030,-1,-0.002618,-0.000033
0.1060,-1,-0.002618,-0.000033
0.1080,-1,-0.002618,-0.000033
0.1110,-1,-0.002618,-0.000033
0.1130,-1,-0.002618,-0.000033
0.1160,-1,-0.002618,-0.000033
0.1180,-1,-0.002618,-0.000033
0.1210,-1,-0.002618,-0.000033
0.1240,-1,-0.002618,-0.000033
0.1260,-1,-0.002618,-0.000033
0.1290,-1,-0.002618,-0.000033
0.1310,-1,-0.002618,-0.000033
0.1350,-1,-0.002618,-0.000033
0.1370,-1,-0.002618,-0.000033
0.1400,-1,-0.002618,-0.000033
0.1430,-1,-0.002618,-0.000033
0.1450,-1,-0.002618,-0.000033
0.1480,-1,-0.002618,-0.000033
0.1500,-1,-0.002618,-0.000033
0.1530,-1,-0.002618,-0.000033
0.1550,-1,-0.002618,-0.000033
0.1580,-1,-0.002618,-0.000033
0.1610,-1,-0.002618,-0.000033
0.1630,-1,-0.002618,-0.000033
0.1660,-1,-0.002618,-0.000033
0.1680,-1,-0.002618,-0.000033
0.1710,-1,-0.002618,-0.000033
0.1730,-1,-0.002618,-0.000033
0.1770,-1,-0.002618,-0.000033
0.1800,-1,-0.002618,-0.000033
0.1820,-1,-0.002618,-0.000033
0.1850,-1,-0.002618,-0.000033
0.1870,-1,-0.002618,-0.000033
0.1900,-1,-0.002618,-0.000033
0.1920,-1,-0.002618,-0.000033
0.1950,-1,-0.002618,-0.000033
0.1980,-1,-0.002618,-0.000033
0.2000,-1,-0.002618,-0.000033
0.2030,-1,-0.002618,-0.000033
0.2050,-1,-0.002618,-0.000033
0.2080,-1,-0.002618,-0.000033
0.2100,-1,-0.002618,-0.000033
0.2130,-1,-0.002618,-0.000033
0.2160,-1,-0.002618,-0.000033
0.2180,-1,-0.002618,-0.000033
0.2220,-1,-0.002618,-0.000033
0.2240,-1,-0.002618,-0.000033
0.2270,-1,-0.002618,-0.000033
0.2290,-1,-0.002618,-0.000033
0.2320,-1,-0.002618,-0.000033
0.2350,-1,-0.002618,-0.000033
0.2370,-1,-0.002618,-0.000033
0.2400,-1,-0.002618,-0.000033
0.2420,-1,-0.002618,-0.000033
0.2450,-1,-0.002618,-0.000033
0.2470,-1,-0.002618,-0.000033
0.2500,-1,-0.002618,-0.000033
0.2530,-1,-0.002618,-0.000033
0.2550,-1,-0.002618,-0.000033
0.2580,-1,-0.002618,-0.000033
0.2600,-1,-0.002618,-0.000033
0.2640,-1,-0.002618,-0.000033
0.2660,-1,-0.002618,-0.000033
0.2690,-1,-0.002618,-0.000033
0.2720,-1,-0.002618,-0.000033
0.2740,-1,-0.002618,-0.000033
0.2770,-1,-0.002618,-0.000033
0.2790,-1,-0.002618,-0.000033
0.2820,-1,-0.002618,-0.000033
0.2840,-1,-0.002618,-0.000033
0.2870,-1,-0.002618,-0.000033
0.2900,-1,-0.002618,-0.000033
0.2920,-1,-0.002618,-0.000033
0.2950,-1,-0.002618,-0.000033
0.2970,-1,-0.002618,-0.000033
0.3000,-1,-0.002618,-0.000033
0.3030,-1,-0.002618,-0.000033
0.3060,-1,-0.002618,-0.000033
0.3090,-1,-0.002618,-0.000033
0.3110,-1,-0.002618,-0.000033
0.3140,-1,-0.002618,-0.000033
0.3160,-1,-0.002618,-0.000033
0.3190,-1,-0.002618,-0.000033
0.3220,-1,-0.002618,-0.000033
0.3240,-1,-0.002618,-0.000033
0.3270,-1,-0.002618,-0.000033
0.3290,-1,-0.002618,-0.000033
0.3320,-1,-0.002618,-0.000033
0.3340,-1,-0.002618,-0.000033
0.3370,-1,-0.002618,-0.000033
0.3400,-1,-0.002618,-0.000033
0.3420,-1,-0.002618,-0.000033
0.3450,-1,-0.002618,-0.000033
0.3480,-1,-0.002618,-0.000033
0.3510,-1,-0.002618,-0.000033
0.3530,-1,-0.002618,-0.000033
0.3560,-1,-0.002618,-0.000033
0.3590,-1,-0.002618,-0.000033
0.3610,-1,-0.002618,-0.000033
0.3640,-1,-0.002618,-0.000033
0.3660,-1,-0.002618,-0.000033
0.3690,-1,-0.002618,-0.000033
0.3710,-1,-0.002618,-0.000033
0.3740,-1,-0.002618,-0.000033
0.3770,-1,-0.002618,-0.000033
0.3790,-1,-0.002618,-0.000033
0.3820,-1,-0.002618,-0.000033
0.3840,-1,-0.002618,-0.000033
0.3870,-1,-0.002618,-0.000033
0.3890,-1,-0.002618,-0.000033
0.3930,-1,-0.002618,-0.000033
0.3960,-1,-0.002618,-0.000033
0.3980,-1,-0.002618,-0.000033
0.4010,-1,-0.002618,-0.000033
0.4030,-1,-0.002618,-0.000033
0.4060,-1,-0.002618,-0.000033
0.4080,-1,-0.002618,-0.000033
0.4110,-1,-0.002618,-0.000033
0.4140,-1,-0.002618,-0.000033
0.4160,-1,-0.002618,-0.000033
0.4190,-1,-0.002618,-0.000033
0.4210,-1,-0.002618,-0.000033
0.4240,-1,-0.002618,-0.000033
0.4260,-1,-0.002618,-0.000033
0.4290,-1,-0.002618,-0.000033
0.4330,-1,-0.002618,-0.000033
0.4350,-1,-0.002618,-0.000033
0.4380,-1,-0.002618,-0.000033
0.4400,-1,-0.002618,-0.000033
0.4430,-1,-0.002618,-0.000033
0.4450,-1,-0.002618,-0.000033
0.4480,-1,-0.002618,-0.000033
0.4510,-1,-0.002618,-0.000033
0.4530,-1,-0.002618,-0.000033
0.4560,-1,-0.002618,-0.000033
0.4580,-1,-0.002618,-0.000033
0.4610,-1,-0.002618,-0.000033
0.4630,-1,-0.002618,-0.000033
0.4660,-1,-0.002618,-0.000033
0.4690,-1,-0.002618,-0.000033
0.4710,-1,-0.002618,-0.000033
0.4740,-1,-0.002618,-0.000033
0.4770,-1,-0.002618,-0.000033
0.4800,-1,-0.002618,-0.000033
0.4820,-1,-0.002618,-0.000033
0.4850,-1,-0.002618,-0.000033
0.4880,-1,-0.002618,-0.000033
0.4900,-1,-0.002618,-0.000033
0.4930,-1,-0.002618,-0.000033
0.4950,-1,-0.002618,-0.000033
0.4980,-1,-0.002618,-0.000033
0.5010,-1,-0.002618,-0.000033
0.5030,-1,-0.002618,-0.000033
0.5060,-1,-0.002618,-0.000033
0.5080,-1,-0.002618,-0.000033
0.5110,-1,-0.002618,-0.000033
0.5130,-1,-0.002618,-0.000033
0.5160,-1,-0.002618,-0.000033
0.5200,-1,-0.002618,-0.000033
0.5220,-1,-0.002618,-0.000033
0.5250,-1,-0.002618,-0.000033
0.5270,-1,-0.002618,-0.000033
0.5300,-1,-0.002618,-0.000033
0.5320,-1,-0.002618,-0.000033
0.5350,-1,-0.002618,-0.000033
0.5380,-1,-0.002618,-0.000033
0.5400,-1,-0.002618,-0.000033
0.5430,-1,-0.002618,-0.000033
0.5450,-1,-0.002618,-0.000033
0.5480,-1,-0.002618,-0.000033
0.5500,-1,-0.002618,-0.000033
0.5530,-1,-0.002618,-0.000033
0.5560,-1,-0.002618,-0.000033
0.5580,-1,-0.002618,-0.000033
0.5620,-1,-0.002618,-0.000033
0.5640,-1,-0.002618,-0.000033
0.5670,-1,-0.002618,-0.000033
0.5690,-1,-0.002618,-0.000033
0.5720,-1,-0.002618,-0.000033
0.5750,-1,-0.002618,-0.000033
0.5770,-1,-0.002618,-0.000033
0.5800,-1,-0.002618,-0.000033
0.5820,-1,-0.002618,-0.000033
0.5850,-1,-0.002618,-0.000033
0.5870,-1,-0.002618,-0.000033
0.5900,-1,-0.002618,-0.000033
0.5930,-1,-0.002618,-0.000033
0.5950,-1,-0.002618,-0.000033
0.5980,-1,-0.002618,-0.000033
0.6000,-1,-0.002618,-0.000033
0.6040,-1,-0.002618,-0.000033
0.6060,-1,-0.002618,-0.000033
0.6090,-1,-0.002618,-0.000033
0.6120,-1,-0.002618,-0.000033
0.6140,-1,-0.002618,-0.000033
0.6170,-1,-0.002618,-0.000033
0.6190,-1,-0.002618,-0.000033
0.6220,-1,-0.002618,-0.000033
0.6240,-1,-0.002618,-0.000033
0.6270,-1,-0.002618,-0.000033
0.6300,-1,-0.002618,-0.000033
0.6320,-1,-0.002618,-0.000033
0.6350,-1,-0.002618,-0.000033
0.6370,-1,-0.002618,-0.000033
0.6400,-1,-0.002618,-0.000033
0.6420,-1,-0.002618,-0.000033
0.6450,-1,-0.002618,-0.000033
0.6490,-1,-0.002618,-0.000033
0.6510,-1,-0.002618,-0.000033
0.6540,-1,-0.002618,-0.000033
0.6560,-1,-0.002618,-0.000033
0.6590,-1,-0.002618,-0.000033
0.6610,-1,-0.002618,-0.000033
0.6640,-1,-0.002618,-0.000033
0.6670,-1,-0.002618,-0.000033
0.6690,-1,-0.002618,-0.000033
0.6720,-1,-0.002618,-0.000033
0.6740,-1,-0.002618,-0.000033
0.6770,-1,-0.002618,-0.000033
0.6790,-1,-0.002618,-0.000033
0.6820,-1,-0.002618,-0.000033
0.6850,-1,-0.002618,-0.000033
0.6870,-1,-0.002618,-0.000033
0.6910,-1,-0.002618,-0.000033
0.6930,-1,-0.002618,-0.000033
0.6960,-1,-0.002618,-0.000033
0.6980,-1,-0.002618,-0.000033
0.7010,-1,-0.002618,-0.000033
0.7040,-1,-0.002618,-0.000033
0.7060,-1,-0.002618,-0.000033
0.7110,-1,-0.002618,-0.000033
0.7210,-1,-0.002618,-0.000033
0.7320,-1,-0.002618,-0.000033
0.7410,-1,-0.002618,-0.000033
0.7510,-1,-0.002618,-0.000033
0.7610,-1,-0.002618,-0.000033
0.7710,-1,-0.002618,-0.000033
0.7810,-1,-0.002618,-0.000033
0.7910,-1,-0.002618,-0.000033
0.8010,-1,-0.002618,-0.000033
0.8110,-1,-0.002618,-0.000033
0.8210,-1,-0.002618,-0.000033
0.8310,-1,-0.002618,-0.000033
0.8410,-1,-0.002618,-0.000033
0.8510,-1,-0.002618,-0.000033
0.8610,-1,-0.002618,-0.000033
0.8710,-1,-0.002618,-0.000033
0.8810,-1,-0.002618,-0.000033
0.8910,-1,-0.002618,-0.000033
0.9010,-1,-0.002618,-0.000033
0.9110,-1,-0.002618,-0.000033
0.9210,-1,-0.002618,-0.000033
0.9310,-1,-0.002618,-0.000033
0.9410,-1,-0.002618,-0.000033
0.9510,-1,-0.002618,-0.000033
0.9610,-1,-0.002618,-0.000033
0.9710,-1,-0.002618,-0.000033
0.9810,-1,-0.002618,-0.000033
0.9910,-1,-0.002618,-0.000033
1.0010,-1,-0.002618,-0.000033
1.0110,-1,-0.002618,-0.000033
1.0210,-1,-0.002618,-0.000033
1.0310,-1,-0.002618,-0.000033
1.0410,-1,-0.002618,-0.000033
1.0510,-1,-0.002618,-0.000033
1.0610,-1,-0.002618,-0.000033
1.0710,-1,-0.002618,-0.000033
1.0810,-1,-0.002618,-0.000033
1.0910,-1,-0.002618,-0.000033
1.1010,-1,-0.002618,-0.000033
1.1110,-1,-0.002618,-0.000033
1.1210,-1,-0.002618,-0.000033
1.1310,-1,-0.002618,-0.000033
1.1410,-1,-0.002618,-0.000033
1.1510,-1,-0.002618,-0.000033
1.1610,-1,-0.002618,-0.000033
1.1710,-1,-0.002618,-0.000033
1.1810,-1,-0.002618,-0.000033
1.1910,-1,-0.002618,-0.000033
1.2010,-1,-0.002618,-0.000033
1.2110,-1,-0.002618,-0.000033
1.2210,-1,-0.002618,-0.000033
1.2310,-1,-0.002618,-0.000033
1.2410,-1,-0.002618,-0.000033
1.2510,-1,-0.002618,-0.000033
1.2610,-1,-0.002618,-0.000033
1.2710,-1,-0.002618,-0.000033
1.2810,-1,-0.002618,-0.000033
1.2910,-1,-0.002618,-0.000033
1.3010,-1,-0.002618,-0.000033
1.3110,-1,-0.002618,-0.000033
1.3210,-1,-0.002618,-0.000033
1.3310,-1,-0.002618,-0.000033
1.3410,-1,-0.002618,-0.000033
1.3510,-1,-0.002618,-0.000033
1.3610,-1,-0.002618,-0.000033
1.3720,-1,-0.002618,-0.000033
1.3810,-1,-0.002618,-0.000033
1.3910,-1,-0.002618,-0.000033
1.4010,-1,-0.002618,-0.000033
1.4110,-1,-0.002618,-0.000033
1.4210,-1,-0.002618,-0.000033
1.4310,-1,-0.002618,-0.000033
1.4410,-1,-0.002618,-0.000033
1.4510,-1,-0.002618,-0.000033
1.4610,-1,-0.002618,-0.000033
1.4710,-1,-0.002618,-0.000033
1.4810,-1,-0.002618,-0.000033
1.4910,-1,-0.002618,-0.000033
1.5010,-1,-0.002618,-0.000033
1.5110,-1,-0.002618,-0.000033
1.5210,-1,-0.002618,-0.000033
1.5310,-1,-0.002618,-0.000033
1.5410,-1,-0.002618,-0.000033
1.5510,-1,-0.002618,-0.000033
1.5610,-1,-0.002618,-0.000033
1.5710,-1,-0.002618,-0.000033
1.5810,-1,-0.002618,-0.000033
1.5910,-1,-0.002618,-0.000033
1.6010,-1,-0.002618,-0.000033
1.6110,-1,-0.002618,-0.000033
1.6210,-1,-0.002618,-0.000033
1.6310,-1,-0.002618,-0.000033
1.6410,-1,-0.002618,-0.000033
1.6510,-1,-0.002618,-0.000033
1.6610,-1,-0.002618,-0.000033
1.6710,-1,-0.002618,-0.000033
1.6810,-1,-0.002618,-0.000033
1.6910,-1,-0.002618,-0.000033
1.7010,-1,-0.002618,-0.000033
1.7110,-1,-0.002618,-0.000033
1.7210,-1,-0.002618,-0.000033
1.7310,-1,-0.002618,-0.000033
1.7410,-1,-0.002618,-0.000033
1.7510,-1,-0.002618,-0.000033
1.7610,-1,-0.002618,-0.000033
1.7710,-1,-0.002618,-0.000033
1.7810,-1,-0.002618,-0.000033
1.7910,-1,-0.002618,-0.000033
1.8010,-1,-0.002618,-0.000033
1.8110,-1,-0.002618,-0.000033
1.8210,-1,-0.002618,-0.000033
1.8310,-1,-0.002618,-0.000033
1.8410,-1,-0.002618,-0.000033
1.8510,-1,-0.002618,-0.000033
1.8610,-1,-0.002618,-0.000033
1.8710,-1,-0.002618,-0.000033
1.8810,-2,-0.005236,-0.000065
1.8910,-3,-0.007854,-0.000098
1.9010,-4,-0.010472,-0.000131
1.9110,-5,-0.013090,-0.000164
1.9210,-6,-0.015708,-0.000196
1.9310,-7,-0.018326,-0.000229
1.9410,-7,-0.018326,-0.000229
1.9510,-8,-0.020944,-0.000262
1.9610,-8,-0.020944,-0.000262
1.9710,-8,-0.020944,-0.000262
1.9810,-8,-0.020944,-0.000262
1.9910,-7,-0.018326,-0.000229
2.0010,-7,-0.018326,-0.000229
2.0120,-6,-0.015708,-0.000196
2.0210,-7,-0.018326,-0.000229
2.0310,-8,-0.020944,-0.000262
2.0410,-8,-0.020944,-0.000262
2.0510,-9,-0.023562,-0.000295
2.0610,-10,-0.026180,-0.000327
2.0710,-10,-0.026180,-0.000327
2.0810,-11,-0.028798,-0.000360
2.0910,-11,-0.028798,-0.000360
2.1010,-11,-0.028798,-0.000360
2.1110,-11,-0.028798,-0.000360
2.1210,-11,-0.028798,-0.000360
2.1310,-11,-0.028798,-0.000360
2.1410,-11,-0.028798,-0.000360
2.1510,-11,-0.028798,-0.000360
2.1610,-12,-0.031416,-0.000393
2.1710,-12,-0.031416,-0.000393
2.1810,-13,-0.034034,-0.000425
2.1910,-14,-0.036652,-0.000458
2.2010,-14,-0.036652,-0.000458
2.2110,-15,-0.039270,-0.000491
2.2210,-15,-0.039270,-0.000491
2.2310,-15,-0.039270,-0.000491
2.2410,-14,-0.036652,-0.000458
2.2510,-14,-0.036652,-0.000458
2.2610,-13,-0.034034,-0.000425
2.2710,-13,-0.034034,-0.000425
2.2810,-13,-0.034034,-0.000425
2.2910,-14,-0.036652,-0.000458
2.3010,-15,-0.039270,-0.000491
2.3110,-15,-0.039270,-0.000491
2.3210,-16,-0.041888,-0.000524
2.3310,-17,-0.044506,-0.000556
2.3410,-17,-0.044506,-0.000556
2.3510,-17,-0.044506,-0.000556
2.3610,-17,-0.044506,-0.000556
2.3710,-17,-0.044506,-0.000556
2.3810,-16,-0.041888,-0.000524
2.3910,-16,-0.041888,-0.000524
2.4010,-16,-0.041888,-0.000524
2.4110,-16,-0.041888,-0.000524
2.4210,-16,-0.041888,-0.000524
2.4310,-17,-0.044506,-0.000556
2.4410,-17,-0.044506,-0.000556
2.4510,-18,-0.047124,-0.000589
2.4610,-19,-0.049742,-0.000622
2.4710,-19,-0.049742,-0.000622
2.4810,-19,-0.049742,-0.000622
2.4910,-19,-0.049742,-0.000622
2.5010,-19,-0.049742,-0.000622
2.5110,-19,-0.049742,-0.000622
2.5210,-18,-0.047124,-0.000589
2.5310,-18,-0.047124,-0.000589
2.5410,-18,-0.047124,-0.000589
2.5510,-18,-0.047124,-0.000589
2.5610,-18,-0.047124,-0.000589
2.5710,-19,-0.049742,-0.000622
2.5810,-19,-0.049742,-0.000622
2.5910,-20,-0.052360,-0.000654
2.6010,-20,-0.052360,-0.000654
2.6110,-20,-0.052360,-0.000654
2.6210,-21,-0.054978,-0.000687
2.6310,-21,-0.054978,-0.000687
2.6410,-20,-0.052360,-0.000654
2.6520,-20,-0.052360,-0.000654
2.6610,-20,-0.052360,-0.000654
2.6710,-20,-0.052360,-0.000654
2.6810,-20,-0.052360,-0.000654
2.6910,-20,-0.052360,-0.000654
2.7010,-20,-0.052360,-0.000654
2.7110,-21,-0.054978,-0.000687
2.7210,-21,-0.054978,-0.000687
2.7310,-21,-0.054978,-0.000687
2.7410,-22,-0.057596,-0.000720
2.7510,-22,-0.057596,-0.000720
2.7610,-22,-0.057596,-0.000720
2.7710,-22,-0.057596,-0.000720
2.7810,-22,-0.057596,-0.000720
2.7910,-21,-0.054978,-0.000687
2.8010,-21,-0.054978,-0.000687
2.8110,-21,-0.054978,-0.000687
2.8210,-21,-0.054978,-0.000687
2.8310,-21,-0.054978,-0.000687
2.8410,-21,-0.054978,-0.000687
2.8510,-22,-0.057596,-0.000720
2.8610,-22,-0.057596,-0.000720
2.8710,-23,-0.060214,-0.000753
2.8810,-23,-0.060214,-0.000753
2.8910,-23,-0.060214,-0.000753
2.9010,-23,-0.060214,-0.000753
2.9110,-23,-0.060214,-0.000753
2.9210,-23,-0.060214,-0.000753
2.9310,-23,-0.060214,-0.000753
2.9410,-22,-0.057596,-0.000720
2.9510,-22,-0.057596,-0.000720
2.9610,-22,-0.057596,-0.000720
2.9710,-22,-0.057596,-0.000720
2.9810,-22,-0.057596,-0.000720
2.9910,-23,-0.060214,-0.000753
3.0010,-23,-0.060214,-0.000753
3.0110,-24,-0.062832,-0.000785
3.0210,-24,-0.062832,-0.000785
3.0310,-24,-0.062832,-0.000785
3.0410,-24,-0.062832,-0.000785
3.0510,-24,-0.062832,-0.000785
3.0610,-24,-0.062832,-0.000785
3.0710,-24,-0.062832,-0.000785
3.0810,-24,-0.062832,-0.000785
3.0910,-24,-0.062832,-0.000785
3.1010,-24,-0.062832,-0.000785
3.1110,-24,-0.062832,-0.000785
3.1210,-24,-0.062832,-0.000785
3.1310,-24,-0.062832,-0.000785
3.1410,-24,-0.062832,-0.000785
3.1510,-25,-0.065450,-0.000818
3.1610,-25,-0.065450,-0.000818
3.1710,-25,-0.065450,-0.000818
3.1810,-25,-0.065450,-0.000818
3.1910,-25,-0.065450,-0.000818
3.2010,-25,-0.065450,-0.000818
3.2110,-25,-0.065450,-0.000818
3.2210,-25,-0.065450,-0.000818
3.2310,-25,-0.065450,-0.000818
3.2410,-25,-0.065450,-0.000818
3.2510,-25,-0.065450,-0.000818
3.2610,-25,-0.065450,-0.000818
3.2710,-25,-0.065450,-0.000818
3.2810,-26,-0.068068,-0.000851
3.2920,-26,-0.068068,-0.000851
3.3010,-26,-0.068068,-0.000851
3.3110,-26,-0.068068,-0.000851
3.3210,-26,-0.068068,-0.000851
3.3310,-26,-0.068068,-0.000851
3.3410,-26,-0.068068,-0.000851
3.3510,-26,-0.068068,-0.000851
3.3610,-26,-0.068068,-0.000851
3.3710,-26,-0.068068,-0.000851
3.3810,-26,-0.068068,-0.000851
3.3910,-26,-0.068068,-0.000851
3.4010,-26,-0.068068,-0.000851
3.4110,-26,-0.068068,-0.000851
3.4210,-26,-0.068068,-0.000851
3.4310,-27,-0.070686,-0.000884
3.4410,-27,-0.070686,-0.000884
3.4510,-27,-0.070686,-0.000884
3.4610,-27,-0.070686,-0.000884
3.4710,-27,-0.070686,-0.000884
3.4810,-27,-0.070686,-0.000884
3.4910,-27,-0.070686,-0.000884
3.5010,-27,-0.070686,-0.000884
3.5110,-26,-0.068068,-0.000851
3.5210,-26,-0.068068,-0.000851
3.5310,-26,-0.068068,-0.000851
3.5410,-27,-0.070686,-0.000884
3.5510,-27,-0.070686,-0.000884
3.5610,-27,-0.070686,-0.000884
3.5710,-28,-0.073304,-0.000916
3.5810,-28,-0.073304,-0.000916
3.5910,-28,-0.073304,-0.000916
3.6010,-28,-0.073304,-0.000916
3.6110,-28,-0.073304,-0.000916
3.6210,-28,-0.073304,-0.000916
3.6310,-28,-0.073304,-0.000916
3.6410,-28,-0.073304,-0.000916
3.6510,-27,-0.070686,-0.000884
3.6610,-27,-0.070686,-0.000884
3.6710,-27,-0.070686,-0.000884
3.6810,-28,-0.073304,-0.000916
3.6910,-28,-0.073304,-0.000916
3.7010,-28,-0.073304,-0.000916
3.7110,-28,-0.073304,-0.000916
3.7210,-29,-0.075922,-0.000949
3.7310,-29,-0.075922,-0.000949
3.7410,-29,-0.075922,-0.000949
3.7510,-29,-0.075922,-0.000949
3.7610,-29,-0.075922,-0.000949
3.7710,-28,-0.073304,-0.000916
3.7810,-28,-0.073304,-0.000916
3.7910,-28,-0.073304,-0.000916
3.8010,-28,-0.073304,-0.000916
3.8110,-28,-0.073304,-0.000916
3.8210,-29,-0.075922,-0.000949
3.8310,-29,-0.075922,-0.000949
3.8410,-29,-0.075922,-0.000949
3.8510,-30,-0.078540,-0.000982
3.8610,-30,-0.078540,-0.000982
3.8710,-30,-0.078540,-0.000982
3.8810,-30,-0.078540,-0.000982
3.8910,-30,-0.078540,-0.000982
3.9010,-30,-0.078540,-0.000982
3.9110,-30,-0.078540,-0.000982
3.9210,-30,-0.078540,-0.000982
3.9320,-29,-0.075922,-0.000949
3.9410,-29,-0.075922,-0.000949
3.9510,-29,-0.075922,-0.000949
3.9610,-30,-0.078540,-0.000982
3.9710,-30,-0.078540,-0.000982
3.9810,-31,-0.081158,-0.001014
3.9910,-31,-0.081158,-0.001014
4.0010,-31,-0.081158,-0.001014
4.0110,-31,-0.081158,-0.001014
4.0210,-31,-0.081158,-0.001014
4.0310,-31,-0.081158,-0.001014
4.0410,-31,-0.081158,-0.001014
4.0510,-31,-0.081158,-0.001014
4.0610,-31,-0.081158,-0.001014
4.0710,-30,-0.078540,-0.000982
4.0810,-30,-0.078540,-0.000982
4.0910,-30,-0.078540,-0.000982
4.1010,-31,-0.081158,-0.001014
4.1110,-31,-0.081158,-0.001014
4.1210,-32,-0.083776,-0.001047
4.1310,-32,-0.083776,-0.001047
4.1410,-32,-0.083776,-0.001047
4.1510,-32,-0.083776,-0.001047
4.1610,-32,-0.083776,-0.001047
4.1710,-32,-0.083776,-0.001047
4.1810,-32,-0.083776,-0.001047
4.1910,-32,-0.083776,-0.001047
4.2010,-32,-0.083776,-0.001047
4.2110,-31,-0.081158,-0.001014
4.2210,-31,-0.081158,-0.001014
4.2310,-31,-0.081158,-0.001014
4.2410,-32,-0.083776,-0.001047
4.2510,-32,-0.083776,-0.001047
4.2610,-32,-0.083776,-0.001047
4.2710,-32,-0.083776,-0.001047
4.2810,-33,-0.086394,-0.001080
4.2910,-33,-0.086394,-0.001080
4.3010,-33,-0.086394,-0.001080
4.3110,-33,-0.086394,-0.001080
4.3210,-32,-0.083776,-0.001047
4.3310,-32,-0.083776,-0.001047
4.3410,-32,-0.083776,-0.001047
4.3510,-32,-0.083776,-0.001047
4.3610,-32,-0.083776,-0.001047
4.3710,-32,-0.083776,-0.001047
4.3810,-33,-0.086394,-0.001080
4.3910,-33,-0.086394,-0.001080
4.4010,-33,-0.086394,-0.001080
4.4110,-33,-0.086394,-0.001080
4.4210,-33,-0.086394,-0.001080
4.4310,-33,-0.086394,-0.001080
4.4410,-33,-0.086394,-0.001080
4.4510,-33,-0.086394,-0.001080
4.4610,-33,-0.086394,-0.001080
4.4710,-33,-0.086394,-0.001080
4.4810,-33,-0.086394,-0.001080
4.4910,-33,-0.086394,-0.001080
4.5010,-33,-0.086394,-0.001080
4.5110,-33,-0.086394,-0.001080
4.5210,-34,-0.089012,-0.001113
4.5310,-34,-0.089012,-0.001113
4.5410,-34,-0.089012,-0.001113
4.5510,-34,-0.089012,-0.001113
4.5610,-34,-0.089012,-0.001113
4.5720,-34,-0.089012,-0.001113
4.5810,-34,-0.089012,-0.001113
4.5910,-34,-0.089012,-0.001113
4.6010,-34,-0.089012,-0.001113
4.6110,-34,-0.089012,-0.001113
4.6210,-34,-0.089012,-0.001113
4.6310,-34,-0.089012,-0.001113
4.6410,-34,-0.089012,-0.001113
4.6510,-34,-0.089012,-0.001113
4.6610,-34,-0.089012,-0.001113
4.6710,-34,-0.089012,-0.001113
4.6810,-35,-0.091630,-0.001145
4.6910,-35,-0.091630,-0.001145
4.7010,-35,-0.091630,-0.001145
4.7110,-35,-0.091630,-0.001145
4.7210,-35,-0.091630,-0.001145
4.7310,-35,-0.091630,-0.001145
4.7410,-34,-0.089012,-0.001113
4.7510,-34,-0.089012,-0.001113
4.7610,-34,-0.089012,-0.001113
4.7710,-34,-0.089012,-0.001113
4.7810,-34,-0.089012,-0.001113
4.7910,-35,-0.091630,-0.001145
4.8010,-35,-0.091630,-0.001145
4.8110,-35,-0.091630,-0.001145
4.8210,-35,-0.091630,-0.001145
4.8310,-35,-0.091630,-0.001145
4.8410,-36,-0.094248,-0.001178
4.8510,-36,-0.094248,-0.001178
4.8610,-36,-0.094248,-0.001178
4.8710,-36,-0.094248,-0.001178
4.8810,-35,-0.091630,-0.001145
4.8910,-35,-0.091630,-0.001145
4.9010,-35,-0.091630,-0.001145
4.9110,-35,-0.091630,-0.001145
4.9210,-35,-0.091630,-0.001145
4.9310,-36,-0.094248,-0.001178
4.9410,-36,-0.094248,-0.001178
4.9510,-36,-0.094248,-0.001178
4.9610,-36,-0.094248,-0.001178
4.9710,-36,-0.094248,-0.001178
4.9810,-36,-0.094248,-0.001178
4.9910,-36,-0.094248,-0.001178
5.0010,-36,-0.094248,-0.001178
5.0110,-36,-0.094248,-0.001178
5.0210,-36,-0.094248,-0.001178
5.0310,-36,-0.094248,-0.001178
5.0410,-36,-0.094248,-0.001178
5.0510,-36,-0.094248,-0.001178
5.0610,-36,-0.094248,-0.001178
5.0710,-37,-0.096866,-0.001211
5.0810,-37,-0.096866,-0.001211
5.0910,-37,-0.096866,-0.001211
5.1010,-37,-0.096866,-0.001211
5.1110,-37,-0.096866,-0.001211
5.1210,-37,-0.096866,-0.001211
5.1310,-37,-0.096866,-0.001211
5.1410,-37,-0.096866,-0.001211
5.1510,-37,-0.096866,-0.001211
5.1610,-37,-0.096866,-0.001211
5.1710,-37,-0.096866,-0.001211
5.1810,-37,-0.096866,-0.001211
5.1910,-37,-0.096866,-0.001211
5.2010,-37,-0.096866,-0.001211
5.2120,-38,-0.099484,-0.001244
5.2210,-38,-0.099484,-0.001244
5.2310,-38,-0.099484,-0.001244
5.2410,-38,-0.099484,-0.001244
5.2510,-39,-0.102102,-0.001276
5.2610,-39,-0.102102,-0.001276
5.2710,-39,-0.102102,-0.001276
5.2810,-39,-0.102102,-0.001276
5.2910,-38,-0.099484,-0.001244
5.3010,-38,-0.099484,-0.001244
5.3110,-38,-0.099484,-0.001244
5.3210,-38,-0.099484,-0.001244
5.3310,-38,-0.099484,-0.001244
5.3410,-38,-0.099484,-0.001244
5.3510,-39,-0.102102,-0.001276
5.3610,-39,-0.102102,-0.001276
5.3710,-39,-0.102102,-0.001276
5.3810,-40,-0.104720,-0.001309
5.3910,-40,-0.104720,-0.001309
5.4010,-40,-0.104720,-0.001309
5.4110,-40,-0.104720,-0.001309
5.4210,-40,-0.104720,-0.001309
5.4310,-40,-0.104720,-0.001309
5.4410,-39,-0.102102,-0.001276
5.4510,-39,-0.102102,-0.001276
5.4610,-39,-0.102102,-0.001276
5.4710,-39,-0.102102,-0.001276
5.4810,-39,-0.102102,-0.001276
5.4910,-40,-0.104720,-0.001309
5.5010,-40,-0.104720,-0.001309
5.5110,-40,-0.104720,-0.001309
5.5210,-40,-0.104720,-0.001309
5.5310,-41,-0.107338,-0.001342
5.5410,-41,-0.107338,-0.001342
5.5510,-41,-0.107338,-0.001342
5.5610,-41,-0.107338,-0.001342
5.5710,-40,-0.104720,-0.001309
5.5810,-40,-0.104720,-0.001309
5.5910,-40,-0.104720,-0.001309
5.6010,-40,-0.104720,-0.001309
5.6110,-40,-0.104720,-0.001309
5.6210,-40,-0.104720,-0.001309
5.6310,-41,-0.107338,-0.001342
5.6410,-41,-0.107338,-0.001342
5.6510,-41,-0.107338,-0.001342
5.6610,-41,-0.107338,-0.001342
5.6710,-42,-0.109956,-0.001374
5.6810,-42,-0.109956,-0.001374
5.6910,-41,-0.107338,-0.001342
5.7010,-41,-0.107338,-0.001342
5.7110,-41,-0.107338,-0.001342
5.7210,-41,-0.107338,-0.001342
5.7310,-41,-0.107338,-0.001342
5.7410,-41,-0.107338,-0.001342
5.7510,-41,-0.107338,-0.001342
5.7610,-42,-0.109956,-0.001374
5.7710,-42,-0.109956,-0.001374
5.7810,-42,-0.109956,-0.001374
5.7910,-42,-0.109956,-0.001374
5.8010,-42,-0.109956,-0.001374
5.8110,-42,-0.109956,-0.001374
5.8210,-42,-0.109956,-0.001374
5.8310,-42,-0.109956,-0.001374
5.8410,-42,-0.109956,-0.001374
5.8520,-42,-0.109956,-0.001374
5.8610,-42,-0.109956,-0.001374
5.8710,-42,-0.109956,-0.001374
5.8810,-42,-0.109956,-0.001374
5.8910,-42,-0.109956,-0.001374
5.9010,-42,-0.109956,-0.001374
5.9110,-42,-0.109956,-0.001374
5.9210,-43,-0.112574,-0.001407
5.9310,-43,-0.112574,-0.001407
5.9410,-43,-0.112574,-0.001407
5.9510,-43,-0.112574,-0.001407
5.9610,-43,-0.112574,-0.001407
5.9710,-43,-0.112574,-0.001407
5.9810,-43,-0.112574,-0.001407
5.9910,-43,-0.112574,-0.001407
6.0010,-43,-0.112574,-0.001407
6.0110,-43,-0.112574,-0.001407
6.0210,-43,-0.112574,-0.001407
6.0310,-43,-0.112574,-0.001407
6.0410,-43,-0.112574,-0.001407
6.0510,-43,-0.112574,-0.001407
6.0610,-44,-0.115192,-0.001440
6.0710,-44,-0.115192,-0.001440
6.0810,-44,-0.115192,-0.001440
6.0910,-44,-0.115192,-0.001440
6.1010,-44,-0.115192,-0.001440
6.1110,-44,-0.115192,-0.001440
6.1210,-44,-0.115192,-0.001440
6.1310,-44,-0.115192,-0.001440
6.1410,-44,-0.115192,-0.001440
6.1510,-43,-0.112574,-0.001407
6.1610,-43,-0.112574,-0.001407
6.1710,-43,-0.112574,-0.001407
6.1810,-44,-0.115192,-0.001440
6.1910,-44,-0.115192,-0.001440
6.2010,-44,-0.115192,-0.001440
6.2110,-44,-0.115192,-0.001440
6.2210,-44,-0.115192,-0.001440
6.2310,-44,-0.115192,-0.001440
6.2410,-44,-0.115192,-0.001440
6.2510,-44,-0.115192,-0.001440
6.2610,-44,-0.115192,-0.001440
6.2710,-44,-0.115192,-0.001440
6.2810,-44,-0.115192,-0.001440
6.2910,-44,-0.115192,-0.001440
6.3010,-44,-0.115192,-0.001440
6.3110,-44,-0.115192,-0.001440
6.3210,-45,-0.117810,-0.001473
6.3310,-45,-0.117810,-0.001473
6.3410,-45,-0.117810,-0.001473
6.3510,-45,-0.117810,-0.001473
6.3610,-45,-0.117810,-0.001473
6.3710,-45,-0.117810,-0.001473
6.3810,-45,-0.117810,-0.001473
6.3910,-45,-0.117810,-0.001473
6.4010,-45,-0.117810,-0.001473
6.4110,-45,-0.117810,-0.001473
6.4210,-45,-0.117810,-0.001473
6.4310,-45,-0.117810,-0.001473
6.4410,-45,-0.117810,-0.001473
6.4510,-45,-0.117810,-0.001473
6.4610,-45,-0.117810,-0.001473
6.4710,-45,-0.117810,-0.001473
6.4810,-46,-0.120428,-0.001505
6.4920,-46,-0.120428,-0.001505
6.5010,-46,-0.120428,-0.001505
6.5110,-46,-0.120428,-0.001505
6.5210,-46,-0.120428,-0.001505
6.5310,-46,-0.120428,-0.001505
6.5410,-46,-0.120428,-0.001505
6.5510,-46,-0.120428,-0.001505
6.5610,-46,-0.120428,-0.001505
6.5710,-46,-0.120428,-0.001505
6.5810,-46,-0.120428,-0.001505
6.5910,-46,-0.120428,-0.001505
6.6010,-46,-0.120428,-0.001505
6.6110,-46,-0.120428,-0.001505
6.6210,-47,-0.123046,-0.001538
6.6310,-47,-0.123046,-0.001538
6.6410,-47,-0.123046,-0.001538
6.6510,-47,-0.123046,-0.001538
6.6610,-47,-0.123046,-0.001538
6.6710,-47,-0.123046,-0.001538
6.6810,-46,-0.120428,-0.001505
6.6910,-46,-0.120428,-0.001505
6.7010,-46,-0.120428,-0.001505
6.7110,-46,-0.120428,-0.001505
6.7210,-46,-0.120428,-0.001505
6.7310,-47,-0.123046,-0.001538
6.7410,-47,-0.123046,-0.001538
6.7510,-47,-0.123046,-0.001538
6.7610,-48,-0.125664,-0.001571
6.7710,-48,-0.125664,-0.001571
6.7810,-48,-0.125664,-0.001571
6.7910,-48,-0.125664,-0.001571
6.8010,-48,-0.125664,-0.001571
6.8110,-48,-0.125664,-0.001571
6.8210,-48,-0.125664,-0.001571
6.8310,-48,-0.125664,-0.001571
6.8410,-47,-0.123046,-0.001538
6.8510,-47,-0.123046,-0.001538
6.8610,-47,-0.123046,-0.001538
6.8710,-48,-0.125664,-0.001571
6.8810,-48,-0.125664,-0.001571
6.8910,-48,-0.125664,-0.001571
6.9010,-48,-0.125664,-0.001571
6.9110,-49,-0.128282,-0.001604
6.9210,-49,-0.128282,-0.001604
6.9310,-49,-0.128282,-0.001604
6.9410,-49,-0.128282,-0.001604
6.9510,-49,-0.128282,-0.001604
6.9610,-48,-0.125664,-0.001571
6.9710,-48,-0.125664,-0.001571
6.9810,-48,-0.125664,-0.001571
6.9910,-48,-0.125664,-0.001571
7.0010,-48,-0.125664,-0.001571
7.0110,-49,-0.128282,-0.001604
7.0210,-49,-0.128282,-0.001604
7.0310,-49,-0.128282,-0.001604
7.0410,-50,-0.130900,-0.001636
7.0510,-50,-0.130900,-0.001636
7.0610,-50,-0.130900,-0.001636
7.0710,-50,-0.130900,-0.001636
7.0810,-50,-0.130900,-0.001636
7.0910,-50,-0.130900,-0.001636
7.1010,-50,-0.130900,-0.001636
7.1110,-50,-0.130900,-0.001636
7.1210,-49,-0.128282,-0.001604
7.1320,-49,-0.128282,-0.001604
7.1410,-49,-0.128282,-0.001604
7.1510,-50,-0.130900,-0.001636
7.1610,-50,-0.130900,-0.001636
7.1710,-51,-0.133518,-0.001669
7.1810,-51,-0.133518,-0.001669
7.1910,-51,-0.133518,-0.001669
7.2010,-51,-0.133518,-0.001669
7.2110,-51,-0.133518,-0.001669
7.2210,-51,-0.133518,-0.001669
7.2310,-51,-0.133518,-0.001669
7.2410,-51,-0.133518,-0.001669
7.2510,-51,-0.133518,-0.001669
7.2610,-51,-0.133518,-0.001669
7.2710,-51,-0.133518,-0.001669
7.2810,-51,-0.133518,-0.001669
7.2910,-51,-0.133518,-0.001669
7.3010,-52,-0.136136,-0.001702
7.3110,-52,-0.136136,-0.001702
7.3210,-52,-0.136136,-0.001702
7.3310,-52,-0.136136,-0.001702
7.3410,-52,-0.136136,-0.001702
7.3510,-52,-0.136136,-0.001702
7.3610,-52,-0.136136,-0.001702
7.3710,-52,-0.136136,-0.001702
7.3810,-52,-0.136136,-0.001702
7.3910,-52,-0.136136,-0.001702
7.4010,-52,-0.136136,-0.001702
7.4110,-52,-0.136136,-0.001702
7.4210,-52,-0.136136,-0.001702
7.4310,-53,-0.138754,-0.001734
7.4410,-53,-0.138754,-0.001734
7.4510,-54,-0.141372,-0.001767
7.4610,-54,-0.141372,-0.001767
7.4710,-54,-0.141372,-0.001767
7.4810,-54,-0.141372,-0.001767
7.4910,-54,-0.141372,-0.001767
7.5010,-54,-0.141372,-0.001767
7.5110,-54,-0.141372,-0.001767
7.5210,-54,-0.141372,-0.001767
7.5310,-54,-0.141372,-0.001767
7.5410,-53,-0.138754,-0.001734
7.5510,-53,-0.138754,-0.001734
7.5610,-53,-0.138754,-0.001734
7.5710,-54,-0.141372,-0.001767
7.5810,-55,-0.143990,-0.001800
7.5910,-55,-0.143990,-0.001800
7.6010,-55,-0.143990,-0.001800
7.6110,-56,-0.146608,-0.001833
7.6210,-56,-0.146608,-0.001833
7.6310,-56,-0.146608,-0.001833
7.6410,-56,-0.146608,-0.001833
7.6510,-55,-0.143990,-0.001800
7.6610,-55,-0.143990,-0.001800
7.6710,-55,-0.143990,-0.001800
7.6810,-55,-0.143990,-0.001800
7.6910,-55,-0.143990,-0.001800
7.7010,-55,-0.143990,-0.001800
7.7110,-56,-0.146608,-0.001833
7.7210,-57,-0.149226,-0.001865
7.7310,-57,-0.149226,-0.001865
7.7410,-58,-0.151844,-0.001898
7.7510,-58,-0.151844,-0.001898
7.7610,-58,-0.151844,-0.001898
7.7720,-58,-0.151844,-0.001898
7.7810,-58,-0.151844,-0.001898
7.7910,-58,-0.151844,-0.001898
7.8010,-58,-0.151844,-0.001898
7.8110,-57,-0.149226,-0.001865
7.8210,-57,-0.149226,-0.001865
7.8310,-57,-0.149226,-0.001865
7.8410,-58,-0.151844,-0.001898
7.8510,-59,-0.154462,-0.001931
7.8610,-59,-0.154462,-0.001931
7.8710,-60,-0.157080,-0.001963
7.8810,-60,-0.157080,-0.001963
7.8910,-60,-0.157080,-0.001963
7.9010,-60,-0.157080,-0.001963
7.9110,-60,-0.157080,-0.001963
7.9210,-60,-0.157080,-0.001963
7.9310,-60,-0.157080,-0.001963
7.9410,-60,-0.157080,-0.001963
7.9510,-59,-0.154462,-0.001931
7.9610,-59,-0.154462,-0.001931
7.9710,-59,-0.154462,-0.001931
7.9810,-60,-0.157080,-0.001963
7.9910,-61,-0.159698,-0.001996
8.0010,-61,-0.159698,-0.001996
8.0110,-62,-0.162316,-0.002029
8.0210,-62,-0.162316,-0.002029
8.0310,-62,-0.162316,-0.002029
8.0410,-62,-0.162316,-0.002029
8.0510,-62,-0.162316,-0.002029
8.0610,-62,-0.162316,-0.002029
8.0710,-62,-0.162316,-0.002029
8.0810,-62,-0.162316,-0.002029
8.0910,-61,-0.159698,-0.001996
8.1010,-61,-0.159698,-0.001996
8.1110,-61,-0.159698,-0.001996
8.1210,-62,-0.162316,-0.002029
8.1310,-63,-0.164934,-0.002062
8.1410,-64,-0.167552,-0.002094
8.1510,-64,-0.167552,-0.002094
8.1610,-64,-0.167552,-0.002094
8.1710,-65,-0.170170,-0.002127
8.1810,-65,-0.170170,-0.002127
8.1910,-65,-0.170170,-0.002127
8.2010,-65,-0.170170,-0.002127
8.2110,-64,-0.167552,-0.002094
8.2210,-64,-0.167552,-0.002094
8.2310,-64,-0.167552,-0.002094
8.2410,-64,-0.167552,-0.002094
8.2510,-64,-0.167552,-0.002094
8.2610,-65,-0.170170,-0.002127
8.2710,-66,-0.172788,-0.002160
8.2810,-66,-0.172788,-0.002160
8.2910,-67,-0.175406,-0.002193
8.3010,-67,-0.175406,-0.002193
8.3110,-68,-0.178024,-0.002225
8.3210,-68,-0.178024,-0.002225
8.3310,-68,-0.178024,-0.002225
8.3410,-68,-0.178024,-0.002225
8.3510,-67,-0.175406,-0.002193
8.3610,-67,-0.175406,-0.002193
8.3710,-67,-0.175406,-0.002193
8.3810,-67,-0.175406,-0.002193
8.3910,-67,-0.175406,-0.002193
8.4010,-68,-0.178024,-0.002225
8.4120,-68,-0.178024,-0.002225
8.4210,-69,-0.180642,-0.002258
8.4310,-70,-0.183260,-0.002291
8.4410,-70,-0.183260,-0.002291
8.4510,-70,-0.183260,-0.002291
8.4610,-70,-0.183260,-0.002291
8.4710,-70,-0.183260,-0.002291
8.4810,-70,-0.183260,-0.002291
8.4910,-70,-0.183260,-0.002291
8.5010,-70,-0.183260,-0.002291
8.5110,-69,-0.180642,-0.002258
8.5210,-69,-0.180642,-0.002258
8.5310,-69,-0.180642,-0.002258
8.5410,-71,-0.185878,-0.002323
8.5510,-71,-0.185878,-0.002323
8.5610,-72,-0.188496,-0.002356
8.5710,-72,-0.188496,-0.002356
8.5810,-73,-0.191114,-0.002389
8.5910,-73,-0.191114,-0.002389
8.6010,-73,-0.191114,-0.002389
8.6110,-73,-0.191114,-0.002389
8.6210,-73,-0.191114,-0.002389
8.6310,-72,-0.188496,-0.002356
8.6410,-72,-0.188496,-0.002356
8.6510,-72,-0.188496,-0.002356
8.6610,-72,-0.188496,-0.002356
8.6710,-72,-0.188496,-0.002356
8.6810,-73,-0.191114,-0.002389
8.6910,-74,-0.193732,-0.002422
8.7010,-75,-0.196350,-0.002454
8.7110,-75,-0.196350,-0.002454
8.7210,-76,-0.198968,-0.002487
8.7310,-76,-0.198968,-0.002487
8.7410,-76,-0.198968,-0.002487
8.7510,-76,-0.198968,-0.002487
8.7610,-76,-0.198968,-0.002487
8.7710,-75,-0.196350,-0.002454
8.7810,-75,-0.196350,-0.002454
8.7910,-75,-0.196350,-0.002454
8.8010,-75,-0.196350,-0.002454
8.8110,-75,-0.196350,-0.002454
8.8210,-76,-0.198968,-0.002487
8.8310,-77,-0.201586,-0.002520
8.8410,-78,-0.204204,-0.002553
8.8510,-78,-0.204204,-0.002553
8.8610,-79,-0.206822,-0.002585
8.8710,-79,-0.206822,-0.002585
8.8810,-79,-0.206822,-0.002585
8.8910,-79,-0.206822,-0.002585
8.9010,-79,-0.206822,-0.002585
8.9110,-79,-0.206822,-0.002585
8.9210,-78,-0.204204,-0.002553
8.9310,-78,-0.204204,-0.002553
8.9410,-78,-0.204204,-0.002553
8.9510,-79,-0.206822,-0.002585
8.9610,-80,-0.209440,-0.002618
8.9710,-80,-0.209440,-0.002618
8.9810,-81,-0.212058,-0.002651
8.9910,-81,-0.212058,-0.002651
9.0010,-82,-0.214676,-0.002683
9.0110,-82,-0.214676,-0.002683
9.0210,-82,-0.214676,-0.002683
9.0310,-82,-0.214676,-0.002683
9.0410,-81,-0.212058,-0.002651
9.0520,-81,-0.212058,-0.002651
9.0610,-80,-0.209440,-0.002618
9.0710,-80,-0.209440,-0.002618
9.0810,-80,-0.209440,-0.002618
9.0910,-81,-0.212058,-0.002651
9.1010,-82,-0.214676,-0.002683
9.1110,-82,-0.214676,-0.002683
9.1210,-83,-0.217294,-0.002716
9.1310,-83,-0.217294,-0.002716
9.1410,-84,-0.219912,-0.002749
9.1510,-84,-0.219912,-0.002749
9.1610,-84,-0.219912,-0.002749
9.1710,-83,-0.217294,-0.002716
9.1810,-83,-0.217294,-0.002716
9.1910,-83,-0.217294,-0.002716
9.2010,-82,-0.214676,-0.002683
9.2110,-82,-0.214676,-0.002683
9.2210,-82,-0.214676,-0.002683
9.2310,-83,-0.217294,-0.002716
9.2410,-84,-0.219912,-0.002749
9.2510,-84,-0.219912,-0.002749
9.2610,-85,-0.222529,-0.002782
9.2710,-85,-0.222529,-0.002782
9.2810,-86,-0.225147,-0.002814
9.2910,-86,-0.225147,-0.002814
9.3010,-86,-0.225147,-0.002814
9.3110,-85,-0.222529,-0.002782
9.3210,-85,-0.222529,-0.002782
9.3310,-85,-0.222529,-0.002782
9.3410,-84,-0.219912,-0.002749
9.3510,-84,-0.219912,-0.002749
9.3610,-84,-0.219912,-0.002749
9.3710,-86,-0.225147,-0.002814
9.3810,-86,-0.225147,-0.002814
9.3910,-87,-0.227765,-0.002847
9.4010,-87,-0.227765,-0.002847
9.4110,-87,-0.227765,-0.002847
9.4210,-87,-0.227765,-0.002847
9.4310,-87,-0.227765,-0.002847
9.4410,-87,-0.227765,-0.002847
9.4510,-87,-0.227765,-0.002847
9.4610,-87,-0.227765,-0.002847
9.4710,-87,-0.227765,-0.002847
9.4810,-86,-0.225147,-0.002814
9.4910,-86,-0.225147,-0.002814
9.5010,-86,-0.225147,-0.002814
9.5110,-88,-0.230383,-0.002880
9.5210,-88,-0.230383,-0.002880
9.5310,-88,-0.230383,-0.002880
9.5410,-89,-0.233001,-0.002913
9.5510,-89,-0.233001,-0.002913
9.5610,-89,-0.233001,-0.002913
9.5710,-89,-0.233001,-0.002913
9.5810,-89,-0.233001,-0.002913
9.5910,-89,-0.233001,-0.002913
9.6010,-88,-0.230383,-0.002880
9.6110,-88,-0.230383,-0.002880
9.6210,-88,-0.230383,-0.002880
9.6310,-88,-0.230383,-0.002880
9.6410,-88,-0.230383,-0.002880
9.6510,-89,-0.233001,-0.002913
9.6610,-89,-0.233001,-0.002913
9.6710,-90,-0.235619,-0.002945
9.6810,-90,-0.235619,-0.002945
9.6920,-90,-0.235619,-0.002945
9.7010,-90,-0.235619,-0.002945
9.7110,-90,-0.235619,-0.002945
9.7210,-90,-0.235619,-0.002945
9.7310,-90,-0.235619,-0.002945
9.7410,-90,-0.235619,-0.002945
9.7510,-90,-0.235619,-0.002945
9.7610,-89,-0.233001,-0.002913
9.7710,-90,-0.235619,-0.002945
9.7810,-90,-0.235619,-0.002945
9.7910,-90,-0.235619,-0.002945
9.8010,-91,-0.238237,-0.002978
9.8110,-91,-0.238237,-0.002978
9.8210,-91,-0.238237,-0.002978
9.8310,-91,-0.238237,-0.002978
9.8410,-91,-0.238237,-0.002978
9.8510,-91,-0.238237,-0.002978
9.8610,-91,-0.238237,-0.002978
9.8710,-91,-0.238237,-0.002978
9.8810,-91,-0.238237,-0.002978
9.8910,-91,-0.238237,-0.002978
9.9010,-91,-0.238237,-0.002978
9.9110,-91,-0.238237,-0.002978
9.9210,-91,-0.238237,-0.002978
9.9310,-92,-0.240855,-0.003011
9.9410,-92,-0.240855,-0.003011
9.9510,-92,-0.240855,-0.003011
9.9610,-92,-0.240855,-0.003011
9.9710,-92,-0.240855,-0.003011
9.9810,-92,-0.240855,-0.003011
9.9910,-92,-0.240855,-0.003011
10.0010,-92,-0.240855,-0.003011
10.0110,-92,-0.240855,-0.003011
10.0210,-92,-0.240855,-0.003011
10.0310,-92,-0.240855,-0.003011
10.0410,-92,-0.240855,-0.003011
10.0510,-92,-0.240855,-0.003011
10.0610,-92,-0.240855,-0.003011
10.0710,-92,-0.240855,-0.003011
10.0810,-92,-0.240855,-0.003011
10.0910,-93,-0.243473,-0.003043
10.1010,-93,-0.243473,-0.003043
10.1110,-93,-0.243473,-0.003043
10.1210,-93,-0.243473,-0.003043
10.1310,-93,-0.243473,-0.003043
10.1410,-93,-0.243473,-0.003043
10.1510,-92,-0.240855,-0.003011
10.1610,-92,-0.240855,-0.003011
10.1710,-92,-0.240855,-0.003011
10.1810,-92,-0.240855,-0.003011
10.1910,-92,-0.240855,-0.003011
10.2010,-93,-0.243473,-0.003043
10.2110,-93,-0.243473,-0.003043
10.2210,-93,-0.243473,-0.003043
10.2310,-94,-0.246091,-0.003076
10.2410,-94,-0.246091,-0.003076
10.2510,-94,-0.246091,-0.003076
10.2610,-94,-0.246091,-0.003076
10.2710,-94,-0.246091,-0.003076
10.2810,-94,-0.246091,-0.003076
10.2910,-93,-0.243473,-0.003043
10.3010,-93,-0.243473,-0.003043
10.3110,-93,-0.243473,-0.003043
10.3210,-93,-0.243473,-0.003043
10.3320,-93,-0.243473,-0.003043
10.3410,-94,-0.246091,-0.003076
10.3510,-94,-0.246091,-0.003076
10.3610,-94,-0.246091,-0.003076
10.3710,-94,-0.246091,-0.003076
10.3810,-94,-0.246091,-0.003076
10.3910,-95,-0.248709,-0.003109
10.4010,-95,-0.248709,-0.003109
10.4110,-94,-0.246091,-0.003076
10.4210,-94,-0.246091,-0.003076
10.4310,-94,-0.246091,-0.003076
10.4410,-94,-0.246091,-0.003076
10.4510,-94,-0.246091,-0.003076
10.4610,-94,-0.246091,-0.003076
10.4710,-94,-0.246091,-0.003076
10.4810,-95,-0.248709,-0.003109
10.4910,-95,-0.248709,-0.003109
10.5010,-95,-0.248709,-0.003109
10.5110,-95,-0.248709,-0.003109
10.5210,-95,-0.248709,-0.003109
10.5310,-96,-0.251327,-0.003142
10.5410,-96,-0.251327,-0.003142
10.5510,-96,-0.251327,-0.003142
10.5610,-95,-0.248709,-0.003109
10.5710,-95,-0.248709,-0.003109
10.5810,-95,-0.248709,-0.003109
10.5910,-95,-0.248709,-0.003109
10.6010,-95,-0.248709,-0.003109
10.6110,-95,-0.248709,-0.003109
10.6210,-96,-0.251327,-0.003142
10.6310,-96,-0.251327,-0.003142
10.6410,-96,-0.251327,-0.003142
10.6510,-97,-0.253945,-0.003174
10.6610,-97,-0.253945,-0.003174
10.6710,-97,-0.253945,-0.003174
10.6810,-97,-0.253945,-0.003174
10.6910,-97,-0.253945,-0.003174
10.7010,-97,-0.253945,-0.003174
10.7110,-97,-0.253945,-0.003174
10.7210,-97,-0.253945,-0.003174
10.7310,-97,-0.253945,-0.003174
10.7410,-97,-0.253945,-0.003174
10.7510,-97,-0.253945,-0.003174
10.7610,-98,-0.256563,-0.003207
10.7710,-98,-0.256563,-0.003207
10.7810,-99,-0.259181,-0.003240
10.7910,-99,-0.259181,-0.003240
10.8010,-100,-0.261799,-0.003272
10.8110,-100,-0.261799,-0.003272
10.8210,-100,-0.261799,-0.003272
10.8310,-100,-0.261799,-0.003272
10.8410,-100,-0.261799,-0.003272
10.8510,-100,-0.261799,-0.003272
10.8610,-100,-0.261799,-0.003272
10.8710,-99,-0.259181,-0.003240
10.8810,-99,-0.259181,-0.003240
10.8910,-99,-0.259181,-0.003240
10.9010,-100,-0.261799,-0.003272
10.9110,-100,-0.261799,-0.003272
10.9210,-101,-0.264417,-0.003305
10.9310,-101,-0.264417,-0.003305
10.9410,-102,-0.267035,-0.003338
10.9510,-102,-0.267035,-0.003338
10.9610,-102,-0.267035,-0.003338
10.9720,-102,-0.267035,-0.003338
10.9810,-101,-0.264417,-0.003305
10.9910,-101,-0.264417,-0.003305
11.0010,-101,-0.264417,-0.003305
11.0110,-101,-0.264417,-0.003305
11.0210,-101,-0.264417,-0.003305
11.0310,-101,-0.264417,-0.003305
11.0410,-102,-0.267035,-0.003338
11.0510,-102,-0.267035,-0.003338
11.0610,-103,-0.269653,-0.003371
11.0710,-103,-0.269653,-0.003371
11.0810,-103,-0.269653,-0.003371
11.0910,-103,-0.269653,-0.003371
11.1010,-103,-0.269653,-0.003371
11.1110,-103,-0.269653,-0.003371
11.1210,-103,-0.269653,-0.003371
11.1310,-103,-0.269653,-0.003371
11.1410,-102,-0.267035,-0.003338
11.1510,-102,-0.267035,-0.003338
11.1610,-102,-0.267035,-0.003338
11.1710,-103,-0.269653,-0.003371
11.1810,-104,-0.272271,-0.003403
11.1910,-104,-0.272271,-0.003403
11.2010,-104,-0.272271,-0.003403
11.2110,-104,-0.272271,-0.003403
11.2210,-105,-0.274889,-0.003436
11.2310,-105,-0.274889,-0.003436
11.2410,-104,-0.272271,-0.003403
11.2510,-104,-0.272271,-0.003403
11.2610,-104,-0.272271,-0.003403
11.2710,-104,-0.272271,-0.003403
11.2810,-104,-0.272271,-0.003403
11.2910,-104,-0.272271,-0.003403
11.3010,-104,-0.272271,-0.003403
11.3110,-105,-0.274889,-0.003436
11.3210,-105,-0.274889,-0.003436
11.3310,-105,-0.274889,-0.003436
11.3410,-106,-0.277507,-0.003469
11.3510,-106,-0.277507,-0.003469
11.3610,-106,-0.277507,-0.003469
11.3710,-106,-0.277507,-0.003469
11.3810,-106,-0.277507,-0.003469
11.3910,-106,-0.277507,-0.003469
11.4010,-106,-0.277507,-0.003469
11.4110,-105,-0.274889,-0.003436
11.4210,-105,-0.274889,-0.003436
11.4310,-105,-0.274889,-0.003436
11.4410,-105,-0.274889,-0.003436
11.4510,-106,-0.277507,-0.003469
11.4610,-106,-0.277507,-0.003469
11.4710,-107,-0.280125,-0.003502
11.4810,-107,-0.280125,-0.003502
11.4910,-107,-0.280125,-0.003502
11.5010,-107,-0.280125,-0.003502
11.5110,-107,-0.280125,-0.003502
11.5210,-107,-0.280125,-0.003502
11.5310,-107,-0.280125,-0.003502
11.5410,-107,-0.280125,-0.003502
11.5510,-107,-0.280125,-0.003502
11.5610,-107,-0.280125,-0.003502
11.5710,-107,-0.280125,-0.003502
11.5810,-107,-0.280125,-0.003502
11.5910,-108,-0.282743,-0.003534
11.6010,-108,-0.282743,-0.003534
11.6120,-108,-0.282743,-0.003534
11.6210,-108,-0.282743,-0.003534
11.6310,-108,-0.282743,-0.003534
11.6410,-108,-0.282743,-0.003534
11.6510,-108,-0.282743,-0.003534
11.6610,-108,-0.282743,-0.003534
11.6710,-108,-0.282743,-0.003534
11.6810,-108,-0.282743,-0.003534
11.6910,-108,-0.282743,-0.003534
11.7010,-108,-0.282743,-0.003534
11.7110,-108,-0.282743,-0.003534
11.7210,-108,-0.282743,-0.003534
11.7310,-109,-0.285361,-0.003567
11.7410,-109,-0.285361,-0.003567
11.7510,-109,-0.285361,-0.003567
11.7610,-109,-0.285361,-0.003567
11.7710,-110,-0.287979,-0.003600
11.7810,-110,-0.287979,-0.003600
11.7910,-110,-0.287979,-0.003600
11.8010,-110,-0.287979,-0.003600
11.8110,-109,-0.285361,-0.003567
11.8210,-109,-0.285361,-0.003567
11.8310,-109,-0.285361,-0.003567
11.8410,-109,-0.285361,-0.003567
11.8510,-109,-0.285361,-0.003567
11.8610,-109,-0.285361,-0.003567
11.8710,-110,-0.287979,-0.003600
11.8810,-110,-0.287979,-0.003600
11.8910,-110,-0.287979,-0.003600
11.9010,-111,-0.290597,-0.003632
11.9110,-111,-0.290597,-0.003632
11.9210,-111,-0.290597,-0.003632
11.9310,-111,-0.290597,-0.003632
11.9410,-111,-0.290597,-0.003632
11.9510,-111,-0.290597,-0.003632
11.9610,-110,-0.287979,-0.003600
11.9710,-110,-0.287979,-0.003600
11.9810,-110,-0.287979,-0.003600
11.9910,-110,-0.287979,-0.003600
12.0010,-110,-0.287979,-0.003600
12.0110,-111,-0.290597,-0.003632
12.0210,-111,-0.290597,-0.003632
12.0310,-112,-0.293215,-0.003665
12.0410,-112,-0.293215,-0.003665
12.0510,-112,-0.293215,-0.003665
12.0610,-112,-0.293215,-0.003665
12.0710,-112,-0.293215,-0.003665
12.0810,-112,-0.293215,-0.003665
12.0910,-112,-0.293215,-0.003665
12.1010,-112,-0.293215,-0.003665
12.1110,-112,-0.293215,-0.003665
12.1210,-111,-0.290597,-0.003632
12.1310,-111,-0.290597,-0.003632
12.1410,-112,-0.293215,-0.003665
12.1510,-112,-0.293215,-0.003665
12.1610,-112,-0.293215,-0.003665
12.1710,-113,-0.295833,-0.003698
12.1810,-113,-0.295833,-0.003698
12.1910,-113,-0.295833,-0.003698
12.2010,-113,-0.295833,-0.003698
12.2110,-113,-0.295833,-0.003698
12.2210,-113,-0.295833,-0.003698
12.2310,-113,-0.295833,-0.003698
12.2410,-113,-0.295833,-0.003698
12.2520,-113,-0.295833,-0.003698
12.2610,-112,-0.293215,-0.003665
12.2710,-113,-0.295833,-0.003698
12.2810,-113,-0.295833,-0.003698
12.2910,-113,-0.295833,-0.003698
12.3010,-114,-0.298451,-0.003731
12.3110,-114,-0.298451,-0.003731
12.3210,-114,-0.298451,-0.003731
12.3310,-114,-0.298451,-0.003731
12.3410,-114,-0.298451,-0.003731
12.3510,-114,-0.298451,-0.003731
12.3610,-114,-0.298451,-0.003731
12.3710,-114,-0.298451,-0.003731
12.3810,-114,-0.298451,-0.003731
12.3910,-114,-0.298451,-0.003731
12.4010,-114,-0.298451,-0.003731
12.4110,-114,-0.298451,-0.003731
12.4210,-114,-0.298451,-0.003731
12.4310,-115,-0.301069,-0.003763
12.4410,-115,-0.301069,-0.003763
12.4510,-115,-0.301069,-0.003763
12.4610,-115,-0.301069,-0.003763
12.4710,-115,-0.301069,-0.003763
12.4810,-115,-0.301069,-0.003763
12.4910,-115,-0.301069,-0.003763
12.5010,-115,-0.301069,-0.003763
12.5110,-115,-0.301069,-0.003763
12.5210,-115,-0.301069,-0.003763
12.5310,-115,-0.301069,-0.003763
12.5410,-115,-0.301069,-0.003763
12.5510,-115,-0.301069,-0.003763
12.5610,-116,-0.303687,-0.003796
12.5710,-116,-0.303687,-0.003796
12.5810,-116,-0.303687,-0.003796
12.5910,-116,-0.303687,-0.003796
12.6010,-116,-0.303687,-0.003796
12.6110,-116,-0.303687,-0.003796
12.6210,-116,-0.303687,-0.003796
12.6310,-116,-0.303687,-0.003796
12.6410,-116,-0.303687,-0.003796
12.6510,-116,-0.303687,-0.003796
12.6610,-116,-0.303687,-0.003796
12.6710,-116,-0.303687,-0.003796
12.6810,-116,-0.303687,-0.003796
12.6910,-116,-0.303687,-0.003796
12.7010,-117,-0.306305,-0.003829
12.7110,-117,-0.306305,-0.003829
12.7210,-117,-0.306305,-0.003829
12.7310,-117,-0.306305,-0.003829
12.7410,-118,-0.308923,-0.003862
12.7510,-118,-0.308923,-0.003862
12.7610,-118,-0.308923,-0.003862
12.7710,-118,-0.308923,-0.003862
12.7810,-117,-0.306305,-0.003829
12.7910,-117,-0.306305,-0.003829
12.8010,-117,-0.306305,-0.003829
12.8110,-117,-0.306305,-0.003829
12.8210,-117,-0.306305,-0.003829
12.8310,-117,-0.306305,-0.003829
12.8410,-118,-0.308923,-0.003862
12.8510,-118,-0.308923,-0.003862
12.8610,-119,-0.311541,-0.003894
12.8710,-119,-0.311541,-0.003894
12.8810,-119,-0.311541,-0.003894
12.8920,-119,-0.311541,-0.003894
12.9010,-119,-0.311541,-0.003894
12.9110,-119,-0.311541,-0.003894
12.9210,-119,-0.311541,-0.003894
12.9310,-119,-0.311541,-0.003894
12.9410,-119,-0.311541,-0.003894
12.9510,-118,-0.308923,-0.003862
12.9610,-118,-0.308923,-0.003862
12.9710,-118,-0.308923,-0.003862
12.9810,-119,-0.311541,-0.003894
12.9910,-120,-0.314159,-0.003927
13.0010,-120,-0.314159,-0.003927
13.0110,-120,-0.314159,-0.003927
13.0210,-120,-0.314159,-0.003927
13.0310,-120,-0.314159,-0.003927
13.0410,-120,-0.314159,-0.003927
13.0510,-120,-0.314159,-0.003927
13.0610,-120,-0.314159,-0.003927
13.0710,-120,-0.314159,-0.003927
13.0810,-120,-0.314159,-0.003927
13.0910,-120,-0.314159,-0.003927
13.1010,-120,-0.314159,-0.003927
13.1110,-120,-0.314159,-0.003927
13.1210,-121,-0.316777,-0.003960
13.1310,-121,-0.316777,-0.003960
13.1410,-122,-0.319395,-0.003992
13.1510,-122,-0.319395,-0.003992
13.1610,-122,-0.319395,-0.003992
13.1710,-122,-0.319395,-0.003992
13.1810,-122,-0.319395,-0.003992
13.1910,-122,-0.319395,-0.003992
13.2010,-122,-0.319395,-0.003992
13.2110,-122,-0.319395,-0.003992
13.2210,-122,-0.319395,-0.003992
13.2310,-122,-0.319395,-0.003992
13.2410,-122,-0.319395,-0.003992
13.2510,-122,-0.319395,-0.003992
13.2610,-123,-0.322013,-0.004025
13.2710,-123,-0.322013,-0.004025
13.2810,-124,-0.324631,-0.004058
13.2910,-124,-0.324631,-0.004058
13.3010,-124,-0.324631,-0.004058
13.3110,-124,-0.324631,-0.004058
13.3210,-124,-0.324631,-0.004058
13.3310,-124,-0.324631,-0.004058
13.3410,-124,-0.324631,-0.004058
13.3510,-124,-0.324631,-0.004058
13.3610,-123,-0.322013,-0.004025
13.3710,-123,-0.322013,-0.004025
13.3810,-123,-0.322013,-0.004025
13.3910,-124,-0.324631,-0.004058
13.4010,-125,-0.327249,-0.004091
13.4110,-125,-0.327249,-0.004091
13.4210,-126,-0.329867,-0.004123
13.4310,-126,-0.329867,-0.004123
13.4410,-126,-0.329867,-0.004123
13.4510,-126,-0.329867,-0.004123
13.4610,-126,-0.329867,-0.004123
13.4710,-126,-0.329867,-0.004123
13.4810,-126,-0.329867,-0.004123
13.4910,-126,-0.329867,-0.004123
13.5010,-125,-0.327249,-0.004091
13.5110,-125,-0.327249,-0.004091
13.5210,-125,-0.327249,-0.004091
13.5320,-126,-0.329867,-0.004123
13.5410,-127,-0.332485,-0.004156
13.5510,-127,-0.332485,-0.004156
13.5610,-128,-0.335103,-0.004189
13.5710,-129,-0.337721,-0.004222
13.5810,-130,-0.340339,-0.004254
13.5910,-130,-0.340339,-0.004254
13.6010,-131,-0.342957,-0.004287
13.6110,-132,-0.345575,-0.004320
13.6210,-132,-0.345575,-0.004320
13.6310,-133,-0.348193,-0.004352
13.6410,-135,-0.353429,-0.004418
13.6510,-137,-0.358665,-0.004483
13.6610,-138,-0.361283,-0.004516
13.6710,-142,-0.371755,-0.004647
13.6810,-145,-0.379609,-0.004745
13.6910,-147,-0.384845,-0.004811
13.7010,-149,-0.390081,-0.004876
13.7110,-151,-0.395317,-0.004941
13.7210,-153,-0.400553,-0.005007
13.7310,-155,-0.405789,-0.005072
13.7410,-156,-0.408407,-0.005105
13.7510,-157,-0.411025,-0.005138
13.7610,-158,-0.413643,-0.005171
13.7710,-160,-0.418879,-0.005236
13.7810,-161,-0.421497,-0.005269
13.7910,-163,-0.426733,-0.005334
13.8010,-166,-0.434587,-0.005432
13.8110,-169,-0.442441,-0.005531
13.8210,-172,-0.450295,-0.005629
13.8310,-174,-0.455531,-0.005694
13.8410,-176,-0.460767,-0.005760
13.8510,-178,-0.466003,-0.005825
13.8610,-179,-0.468621,-0.005858
13.8710,-180,-0.471239,-0.005890
13.8810,-180,-0.471239,-0.005890
13.8910,-179,-0.468621,-0.005858
13.9010,-179,-0.468621,-0.005858
13.9110,-178,-0.466003,-0.005825
13.9210,-178,-0.466003,-0.005825
13.9310,-178,-0.466003,-0.005825
13.9410,-178,-0.466003,-0.005825
13.9510,-180,-0.471239,-0.005890
13.9610,-181,-0.473857,-0.005923
13.9710,-183,-0.479093,-0.005989
13.9810,-184,-0.481711,-0.006021
13.9910,-185,-0.484329,-0.006054
14.0010,-185,-0.484329,-0.006054
14.0110,-185,-0.484329,-0.006054
14.0210,-185,-0.484329,-0.006054
14.0310,-185,-0.484329,-0.006054
14.0410,-184,-0.481711,-0.006021
14.0510,-184,-0.481711,-0.006021
14.0610,-183,-0.479093,-0.005989
14.0710,-183,-0.479093,-0.005989
14.0810,-183,-0.479093,-0.005989
14.0910,-185,-0.484329,-0.006054
14.1010,-186,-0.486947,-0.006087
14.1110,-187,-0.489565,-0.006120
14.1210,-188,-0.492183,-0.006152
14.1310,-189,-0.494801,-0.006185
14.1410,-189,-0.494801,-0.006185
14.1510,-189,-0.494801,-0.006185
14.1610,-189,-0.494801,-0.006185
14.1720,-189,-0.494801,-0.006185
14.1810,-188,-0.492183,-0.006152
14.1910,-188,-0.492183,-0.006152
14.2010,-188,-0.492183,-0.006152
14.2110,-188,-0.492183,-0.006152
14.2210,-188,-0.492183,-0.006152
14.2310,-190,-0.497419,-0.006218
14.2410,-191,-0.500037,-0.006250
14.2510,-192,-0.502655,-0.006283
14.2610,-192,-0.502655,-0.006283
14.2710,-193,-0.505273,-0.006316
14.2810,-193,-0.505273,-0.006316
14.2910,-193,-0.505273,-0.006316
14.3010,-193,-0.505273,-0.006316
14.3110,-193,-0.505273,-0.006316
14.3210,-192,-0.502655,-0.006283
14.3310,-192,-0.502655,-0.006283
14.3410,-192,-0.502655,-0.006283
14.3510,-192,-0.502655,-0.006283
14.3610,-192,-0.502655,-0.006283
14.3710,-194,-0.507891,-0.006349
14.3810,-195,-0.510509,-0.006381
14.3910,-196,-0.513127,-0.006414
14.4010,-196,-0.513127,-0.006414
14.4110,-197,-0.515745,-0.006447
14.4210,-198,-0.518363,-0.006480
14.4310,-198,-0.518363,-0.006480
14.4410,-198,-0.518363,-0.006480
14.4510,-198,-0.518363,-0.006480
14.4610,-198,-0.518363,-0.006480
14.4710,-198,-0.518363,-0.006480
14.4810,-198,-0.518363,-0.006480
14.4910,-198,-0.518363,-0.006480
14.5010,-200,-0.523599,-0.006545
14.5110,-201,-0.526217,-0.006578
14.5210,-202,-0.528835,-0.006610
14.5310,-203,-0.531453,-0.006643
14.5410,-204,-0.534071,-0.006676
14.5510,-205,-0.536689,-0.006709
14.5610,-206,-0.539307,-0.006741
14.5710,-206,-0.539307,-0.006741
14.5810,-206,-0.539307,-0.006741
14.5910,-206,-0.539307,-0.006741
14.6010,-206,-0.539307,-0.006741
14.6110,-206,-0.539307,-0.006741
14.6210,-206,-0.539307,-0.006741
14.6310,-206,-0.539307,-0.006741
14.6410,-207,-0.541925,-0.006774
14.6510,-208,-0.544543,-0.006807
14.6610,-210,-0.549779,-0.006872
14.6710,-211,-0.552397,-0.006905
14.6810,-212,-0.555015,-0.006938
14.6910,-213,-0.557633,-0.006970
14.7010,-214,-0.560251,-0.007003
14.7110,-214,-0.560251,-0.007003
14.7210,-214,-0.560251,-0.007003
14.7310,-214,-0.560251,-0.007003
14.7410,-214,-0.560251,-0.007003
14.7510,-214,-0.560251,-0.007003
14.7610,-214,-0.560251,-0.007003
14.7710,-214,-0.560251,-0.007003
14.7810,-215,-0.562869,-0.007036
14.7910,-217,-0.568105,-0.007101
14.8010,-218,-0.570723,-0.007134
14.8120,-220,-0.575959,-0.007199
14.8210,-221,-0.578577,-0.007232
14.8310,-223,-0.583813,-0.007298
14.8410,-225,-0.589049,-0.007363
14.8510,-226,-0.591667,-0.007396
14.8610,-228,-0.596903,-0.007461
14.8710,-229,-0.599521,-0.007494
14.8810,-230,-0.602139,-0.007527
14.8910,-230,-0.602139,-0.007527
14.9010,-232,-0.607375,-0.007592
14.9110,-233,-0.609993,-0.007625
14.9210,-238,-0.623083,-0.007789
14.9310,-242,-0.633554,-0.007919
14.9410,-246,-0.644026,-0.008050
14.9510,-250,-0.654498,-0.008181
14.9610,-254,-0.664970,-0.008312
14.9710,-258,-0.675442,-0.008443
14.9810,-263,-0.688532,-0.008607
14.9910,-266,-0.696386,-0.008705
15.0010,-270,-0.706858,-0.008836
15.0110,-274,-0.717330,-0.008967
15.0210,-277,-0.725184,-0.009065
15.0310,-279,-0.730420,-0.009130
15.0410,-281,-0.735656,-0.009196
15.0510,-282,-0.738274,-0.009228
15.0610,-285,-0.746128,-0.009327
15.0710,-287,-0.751364,-0.009392
15.0810,-288,-0.753982,-0.009425
15.0910,-289,-0.756600,-0.009458
15.1010,-290,-0.759218,-0.009490
15.1110,-290,-0.759218,-0.009490
15.1210,-290,-0.759218,-0.009490
15.1310,-290,-0.759218,-0.009490
15.1410,-290,-0.759218,-0.009490
15.1510,-290,-0.759218,-0.009490
15.1610,-290,-0.759218,-0.009490
15.1710,-290,-0.759218,-0.009490
15.1810,-290,-0.759218,-0.009490
15.1910,-290,-0.759218,-0.009490
15.2010,-292,-0.764454,-0.009556
15.2110,-294,-0.769690,-0.009621
15.2210,-295,-0.772308,-0.009654
15.2310,-296,-0.774926,-0.009687
15.2410,-298,-0.780162,-0.009752
15.2510,-301,-0.788016,-0.009850
15.2610,-303,-0.793252,-0.009916
15.2710,-306,-0.801106,-0.010014
15.2810,-308,-0.806342,-0.010079
15.2910,-311,-0.814196,-0.010177
15.3010,-314,-0.822050,-0.010276
15.3110,-317,-0.829904,-0.010374
15.3210,-321,-0.840376,-0.010505
15.3310,-325,-0.850848,-0.010636
15.3410,-332,-0.869174,-0.010865
15.3510,-340,-0.890118,-0.011126
15.3610,-350,-0.916298,-0.011454
15.3710,-362,-0.947714,-0.011846
15.3810,-377,-0.986984,-0.012337
15.3910,-395,-1.034108,-0.012926
15.4010,-419,-1.096939,-0.013712
15.4110,-441,-1.154535,-0.014432
15.4210,-469,-1.227839,-0.015348
15.4310,-499,-1.306379,-0.016330
15.4410,-528,-1.382301,-0.017279
15.4520,-555,-1.452987,-0.018162
15.4610,-576,-1.507964,-0.018850
15.4710,-594,-1.555088,-0.019439
15.4810,-609,-1.594358,-0.019929
15.4910,-623,-1.631010,-0.020388
15.5010,-633,-1.657190,-0.020715
15.5110,-641,-1.678134,-0.020977
15.5210,-650,-1.701696,-0.021271
15.5310,-656,-1.717404,-0.021468
15.5410,-662,-1.733112,-0.021664
15.5510,-669,-1.751438,-0.021893
15.5610,-678,-1.775000,-0.022187
15.5710,-687,-1.798562,-0.022482
15.5810,-696,-1.822124,-0.022777
15.5910,-705,-1.845686,-0.023071
15.6010,-715,-1.871866,-0.023398
15.6110,-725,-1.898046,-0.023726
15.6210,-738,-1.932080,-0.024151
15.6310,-751,-1.966113,-0.024576
15.6410,-765,-2.002765,-0.025035
15.6510,-778,-2.036799,-0.025460
15.6610,-791,-2.070833,-0.025885
15.6710,-804,-2.104867,-0.026311
15.6810,-820,-2.146755,-0.026834
15.6910,-834,-2.183407,-0.027293
15.7010,-850,-2.225295,-0.027816
15.7110,-864,-2.261947,-0.028274
15.7210,-877,-2.295981,-0.028700
15.7310,-886,-2.319543,-0.028994
15.7410,-893,-2.337869,-0.029223
15.7510,-898,-2.350959,-0.029387
15.7610,-904,-2.366667,-0.029583
15.7710,-909,-2.379756,-0.029747
15.7810,-912,-2.387610,-0.029845
15.7910,-915,-2.395464,-0.029943
15.8010,-917,-2.400700,-0.030009
15.8110,-921,-2.411172,-0.030140
15.8210,-924,-2.419026,-0.030238
15.8310,-930,-2.434734,-0.030434
15.8410,-939,-2.458296,-0.030729
15.8510,-949,-2.484476,-0.031056
15.8610,-960,-2.513274,-0.031416
15.8710,-974,-2.549926,-0.031874
15.8810,-989,-2.589196,-0.032365
15.8910,-1010,-2.644174,-0.033052
15.9010,-1035,-2.709624,-0.033870
15.9110,-1064,-2.785546,-0.034819
15.9210,-1095,-2.866703,-0.035834
15.9310,-1130,-2.958333,-0.036979
15.9410,-1163,-3.044727,-0.038059
15.9510,-1198,-3.136357,-0.039204
15.9610,-1236,-3.235840,-0.040448
15.9710,-1271,-3.327470,-0.041593
15.9810,-1314,-3.440044,-0.043001
15.9910,-1363,-3.568326,-0.044604
16.0010,-1414,-3.701843,-0.046273
16.0110,-1467,-3.840597,-0.048007
16.0210,-1521,-3.981969,-0.049775
16.0310,-1568,-4.105014,-0.051313
16.0410,-1610,-4.214971,-0.052687
16.0510,-1645,-4.306600,-0.053833
16.0610,-1676,-4.387758,-0.054847
16.0710,-1700,-4.450590,-0.055632
16.0810,-1716,-4.492477,-0.056156
16.0920,-1730,-4.529129,-0.056614
16.1010,-1741,-4.557928,-0.056974
16.1110,-1752,-4.586726,-0.057334
16.1210,-1760,-4.607669,-0.057596
16.1310,-1771,-4.636467,-0.057956
16.1410,-1784,-4.670501,-0.058381
16.1510,-1801,-4.715007,-0.058938
16.1610,-1820,-4.764749,-0.059559
16.1710,-1842,-4.822345,-0.060279
16.1810,-1863,-4.877323,-0.060967
16.1910,-1885,-4.934918,-0.061686
16.2010,-1903,-4.982042,-0.062276
16.2110,-1914,-5.010840,-0.062636
16.2210,-1920,-5.026548,-0.062832
16.2310,-1922,-5.031785,-0.062897
16.2410,-1921,-5.029166,-0.062865
16.2510,-1918,-5.021313,-0.062766
16.2610,-1914,-5.010840,-0.062636
16.2710,-1911,-5.002986,-0.062537
16.2810,-1909,-4.997750,-0.062472
16.2910,-1909,-4.997750,-0.062472
16.3010,-1911,-5.002986,-0.062537
16.3110,-1916,-5.016077,-0.062701
16.3210,-1923,-5.034402,-0.062930
16.3310,-1932,-5.057964,-0.063225
16.3410,-1941,-5.081526,-0.063519
16.3510,-1947,-5.097234,-0.063715
16.3610,-1953,-5.112942,-0.063912
16.3710,-1957,-5.123414,-0.064043
16.3810,-1961,-5.133886,-0.064174
16.3910,-1963,-5.139122,-0.064239
16.4010,-1964,-5.141740,-0.064272
16.4110,-1967,-5.149594,-0.064370
16.4210,-1972,-5.162684,-0.064534
16.4310,-1982,-5.188864,-0.064861
16.4410,-1992,-5.215044,-0.065188
16.4510,-2004,-5.246460,-0.065581
16.4610,-2017,-5.280494,-0.066006
16.4710,-2034,-5.325000,-0.066562
16.4810,-2049,-5.364270,-0.067053
16.4910,-2067,-5.411393,-0.067642
16.5010,-2083,-5.453281,-0.068166
16.5110,-2098,-5.492551,-0.068657
16.5210,-2110,-5.523967,-0.069050
16.5310,-2123,-5.558001,-0.069475
16.5410,-2133,-5.584181,-0.069802
16.5510,-2140,-5.602507,-0.070031
16.5610,-2146,-5.618215,-0.070228
16.5710,-2152,-5.633923,-0.070424
16.5810,-2158,-5.649631,-0.070620
16.5910,-2165,-5.667957,-0.070849
16.6010,-2171,-5.683665,-0.071046
16.6110,-2179,-5.704609,-0.071308
16.6210,-2191,-5.736025,-0.071700
16.6310,-2206,-5.775295,-0.072191
16.6410,-2221,-5.814564,-0.072682
16.6510,-2236,-5.853835,-0.073173
16.6610,-2254,-5.900959,-0.073762
16.6710,-2271,-5.945465,-0.074318
16.6810,-2287,-5.987352,-0.074842
16.6910,-2300,-6.021386,-0.075267
16.7010,-2314,-6.058038,-0.075725
16.7110,-2327,-6.092072,-0.076151
16.7210,-2336,-6.115634,-0.076445
16.7320,-2343,-6.133960,-0.076674
16.7410,-2349,-6.149668,-0.076871
16.7510,-2356,-6.167994,-0.077100
16.7610,-2363,-6.186320,-0.077329
16.7710,-2370,-6.204646,-0.077558
16.7810,-2379,-6.228208,-0.077853
16.7910,-2392,-6.262241,-0.078278
16.8010,-2405,-6.296275,-0.078703
16.8110,-2419,-6.332928,-0.079162
16.8210,-2432,-6.366961,-0.079587
16.8310,-2447,-6.406231,-0.080078
16.8410,-2461,-6.442883,-0.080536
16.8510,-2475,-6.479535,-0.080994
16.8610,-2486,-6.508333,-0.081354
16.8710,-2499,-6.542367,-0.081780
16.8810,-2514,-6.581637,-0.082270
16.8910,-2531,-6.626142,-0.082827
16.9010,-2552,-6.681121,-0.083514
16.9110,-2571,-6.730862,-0.084136
16.9210,-2592,-6.785840,-0.084823
16.9310,-2614,-6.843436,-0.085543
16.9410,-2640,-6.911504,-0.086394
16.9510,-2665,-6.976954,-0.087212
16.9610,-2696,-7.058112,-0.088226
16.9710,-2722,-7.126180,-0.089077
16.9810,-2741,-7.175921,-0.089699
16.9910,-2753,-7.207337,-0.090092
17.0010,-2763,-7.233517,-0.090419
17.0110,-2771,-7.254461,-0.090681
17.0210,-2775,-7.264933,-0.090812
17.0310,-2776,-7.267551,-0.090844
17.0410,-2776,-7.267551,-0.090844
17.0510,-2775,-7.264933,-0.090812
17.0610,-2774,-7.262315,-0.090779
17.0710,-2774,-7.262315,-0.090779
17.0810,-2774,-7.262315,-0.090779
17.0910,-2776,-7.267551,-0.090844
17.1010,-2781,-7.280642,-0.091008
17.1110,-2786,-7.293731,-0.091172
17.1210,-2791,-7.306821,-0.091335
17.1310,-2796,-7.319911,-0.091499
17.1410,-2801,-7.333001,-0.091663
17.1510,-2804,-7.340855,-0.091761
17.1610,-2805,-7.343473,-0.091793
17.1710,-2805,-7.343473,-0.091793
17.1810,-2805,-7.343473,-0.091793
17.1910,-2804,-7.340855,-0.091761
17.2010,-2803,-7.338237,-0.091728
17.2110,-2803,-7.338237,-0.091728
17.2210,-2803,-7.338237,-0.091728
17.2310,-2803,-7.338237,-0.091728
17.2410,-2803,-7.338237,-0.091728
17.2510,-2804,-7.340855,-0.091761
17.2610,-2806,-7.346091,-0.091826
17.2710,-2806,-7.346091,-0.091826
17.2810,-2808,-7.351327,-0.091892
17.2910,-2809,-7.353945,-0.091924
17.3010,-2810,-7.356563,-0.091957
17.3110,-2810,-7.356563,-0.091957
17.3210,-2810,-7.356563,-0.091957
17.3310,-2810,-7.356563,-0.091957
17.3410,-2810,-7.356563,-0.091957
17.3510,-2809,-7.353945,-0.091924
17.3610,-2809,-7.353945,-0.091924
17.3720,-2809,-7.353945,-0.091924
17.3810,-2809,-7.353945,-0.091924
17.3910,-2810,-7.356563,-0.091957
17.4010,-2810,-7.356563,-0.091957
17.4110,-2811,-7.359181,-0.091990
17.4210,-2812,-7.361799,-0.092022
17.4310,-2812,-7.361799,-0.092022
17.4410,-2812,-7.361799,-0.092022
17.4510,-2812,-7.361799,-0.092022
17.4610,-2812,-7.361799,-0.092022
17.4710,-2812,-7.361799,-0.092022
17.4810,-2812,-7.361799,-0.092022
17.4910,-2812,-7.361799,-0.092022
17.5010,-2812,-7.361799,-0.092022
17.5110,-2812,-7.361799,-0.092022
17.5210,-2812,-7.361799,-0.092022
17.5310,-2812,-7.361799,-0.092022
17.5410,-2812,-7.361799,-0.092022
17.5510,-2812,-7.361799,-0.092022
17.5610,-2813,-7.364417,-0.092055
17.5710,-2813,-7.364417,-0.092055
17.5810,-2814,-7.367035,-0.092088
17.5910,-2814,-7.367035,-0.092088
17.6010,-2814,-7.367035,-0.092088
17.6110,-2814,-7.367035,-0.092088
17.6210,-2814,-7.367035,-0.092088
17.6310,-2814,-7.367035,-0.092088
17.6410,-2814,-7.367035,-0.092088
17.6510,-2814,-7.367035,-0.092088
17.6610,-2814,-7.367035,-0.092088
17.6710,-2814,-7.367035,-0.092088
17.6810,-2814,-7.367035,-0.092088
17.6910,-2814,-7.367035,-0.092088
17.7010,-2815,-7.369653,-0.092121
17.7110,-2815,-7.369653,-0.092121
17.7210,-2816,-7.372271,-0.092153
17.7310,-2816,-7.372271,-0.092153
17.7410,-2816,-7.372271,-0.092153
17.7510,-2817,-7.374889,-0.092186
17.7610,-2817,-7.374889,-0.092186
17.7710,-2817,-7.374889,-0.092186
17.7810,-2817,-7.374889,-0.092186
17.7910,-2817,-7.374889,-0.092186
17.8010,-2817,-7.374889,-0.092186
17.8110,-2817,-7.374889,-0.092186
17.8210,-2817,-7.374889,-0.092186
17.8310,-2817,-7.374889,-0.092186
17.8410,-2818,-7.377507,-0.092219
17.8510,-2818,-7.377507,-0.092219
17.8610,-2818,-7.377507,-0.092219
17.8710,-2818,-7.377507,-0.092219
17.8810,-2819,-7.380125,-0.092252
17.8910,-2819,-7.380125,-0.092252
17.9010,-2819,-7.380125,-0.092252
17.9110,-2819,-7.380125,-0.092252
17.9210,-2819,-7.380125,-0.092252
17.9310,-2819,-7.380125,-0.092252
17.9410,-2819,-7.380125,-0.092252
17.9510,-2819,-7.380125,-0.092252
17.9610,-2819,-7.380125,-0.092252
17.9710,-2819,-7.380125,-0.092252
17.9810,-2819,-7.380125,-0.092252
17.9910,-2820,-7.382742,-0.092284
18.0010,-2820,-7.382742,-0.092284
18.0120,-2820,-7.382742,-0.092284
18.0210,-2820,-7.382742,-0.092284
18.0310,-2821,-7.385361,-0.092317
18.0410,-2821,-7.385361,-0.092317
18.0510,-2821,-7.385361,-0.092317
18.0610,-2821,-7.385361,-0.092317
18.0710,-2821,-7.385361,-0.092317
18.0810,-2820,-7.382742,-0.092284
18.0910,-2820,-7.382742,-0.092284
18.1010,-2820,-7.382742,-0.092284
18.1110,-2821,-7.385361,-0.092317
18.1210,-2821,-7.385361,-0.092317
18.1310,-2821,-7.385361,-0.092317
18.1410,-2822,-7.387979,-0.092350
18.1510,-2822,-7.387979,-0.092350
18.1610,-2822,-7.387979,-0.092350
18.1710,-2822,-7.387979,-0.092350
18.1810,-2822,-7.387979,-0.092350
18.1910,-2822,-7.387979,-0.092350
18.2010,-2822,-7.387979,-0.092350
18.2110,-2822,-7.387979,-0.092350
18.2210,-2822,-7.387979,-0.092350
18.2310,-2822,-7.387979,-0.092350
18.2410,-2822,-7.387979,-0.092350
18.2510,-2822,-7.387979,-0.092350
18.2610,-2823,-7.390597,-0.092382
18.2710,-2823,-7.390597,-0.092382
18.2810,-2823,-7.390597,-0.092382
18.2910,-2824,-7.393215,-0.092415
18.3010,-2824,-7.393215,-0.092415
18.3110,-2824,-7.393215,-0.092415
18.3210,-2824,-7.393215,-0.092415
18.3310,-2824,-7.393215,-0.092415
18.3410,-2824,-7.393215,-0.092415
18.3510,-2824,-7.393215,-0.092415
18.3610,-2824,-7.393215,-0.092415
18.3710,-2824,-7.393215,-0.092415
18.3810,-2824,-7.393215,-0.092415
18.3910,-2824,-7.393215,-0.092415
18.4010,-2824,-7.393215,-0.092415
18.4110,-2824,-7.393215,-0.092415
18.4210,-2825,-7.395833,-0.092448
18.4310,-2825,-7.395833,-0.092448
18.4410,-2825,-7.395833,-0.092448
18.4510,-2825,-7.395833,-0.092448
18.4610,-2825,-7.395833,-0.092448
18.4710,-2825,-7.395833,-0.092448
18.4810,-2825,-7.395833,-0.092448
18.4910,-2825,-7.395833,-0.092448
18.5010,-2825,-7.395833,-0.092448
18.5110,-2825,-7.395833,-0.092448
18.5210,-2825,-7.395833,-0.092448
18.5310,-2825,-7.395833,-0.092448
18.5410,-2825,-7.395833,-0.092448
18.5510,-2826,-7.398451,-0.092481
18.5610,-2826,-7.398451,-0.092481
18.5710,-2826,-7.398451,-0.092481
18.5810,-2826,-7.398451,-0.092481
18.5910,-2826,-7.398451,-0.092481
18.6010,-2826,-7.398451,-0.092481
18.6110,-2826,-7.398451,-0.092481
18.6210,-2826,-7.398451,-0.092481
18.6310,-2826,-7.398451,-0.092481
18.6410,-2826,-7.398451,-0.092481
18.6520,-2826,-7.398451,-0.092481
18.6610,-2826,-7.398451,-0.092481
18.6710,-2827,-7.401069,-0.092513
18.6810,-2827,-7.401069,-0.092513
18.6910,-2827,-7.401069,-0.092513
18.7010,-2827,-7.401069,-0.092513
18.7110,-2827,-7.401069,-0.092513
18.7210,-2827,-7.401069,-0.092513
18.7310,-2827,-7.401069,-0.092513
18.7410,-2827,-7.401069,-0.092513
18.7510,-2827,-7.401069,-0.092513
18.7610,-2827,-7.401069,-0.092513
18.7710,-2827,-7.401069,-0.092513
18.7810,-2827,-7.401069,-0.092513
18.7910,-2827,-7.401069,-0.092513
18.8010,-2827,-7.401069,-0.092513
18.8110,-2828,-7.403687,-0.092546
18.8210,-2828,-7.403687,-0.092546
18.8310,-2828,-7.403687,-0.092546
18.8410,-2828,-7.403687,-0.092546
18.8510,-2829,-7.406305,-0.092579
18.8610,-2829,-7.406305,-0.092579
18.8710,-2829,-7.406305,-0.092579
18.8810,-2829,-7.406305,-0.092579
18.8910,-2829,-7.406305,-0.092579
18.9010,-2829,-7.406305,-0.092579
18.9110,-2829,-7.406305,-0.092579
18.9210,-2829,-7.406305,-0.092579
18.9310,-2829,-7.406305,-0.092579
18.9410,-2829,-7.406305,-0.092579
18.9510,-2829,-7.406305,-0.092579
18.9610,-2829,-7.406305,-0.092579
18.9710,-2830,-7.408923,-0.092612
18.9810,-2830,-7.408923,-0.092612
18.9910,-2830,-7.408923,-0.092612
19.0010,-2830,-7.408923,-0.092612
19.0110,-2830,-7.408923,-0.092612
19.0210,-2830,-7.408923,-0.092612
19.0310,-2830,-7.408923,-0.092612
19.0410,-2830,-7.408923,-0.092612
19.0510,-2830,-7.408923,-0.092612
19.0610,-2830,-7.408923,-0.092612
19.0710,-2830,-7.408923,-0.092612
19.0810,-2830,-7.408923,-0.092612
19.0910,-2830,-7.408923,-0.092612
19.1010,-2831,-7.411540,-0.092644
19.1110,-2831,-7.411540,-0.092644
19.1210,-2831,-7.411540,-0.092644
19.1310,-2832,-7.414158,-0.092677
19.1410,-2832,-7.414158,-0.092677
19.1510,-2832,-7.414158,-0.092677
19.1610,-2832,-7.414158,-0.092677
19.1710,-2832,-7.414158,-0.092677
19.1810,-2832,-7.414158,-0.092677
19.1910,-2832,-7.414158,-0.092677
19.2010,-2832,-7.414158,-0.092677
19.2110,-2832,-7.414158,-0.092677
19.2210,-2832,-7.414158,-0.092677
19.2310,-2832,-7.414158,-0.092677
19.2410,-2832,-7.414158,-0.092677
19.2510,-2832,-7.414158,-0.092677
19.2610,-2833,-7.416777,-0.092710
19.2710,-2833,-7.416777,-0.092710
19.2810,-2833,-7.416777,-0.092710
19.2920,-2833,-7.416777,-0.092710
19.3010,-2833,-7.416777,-0.092710
19.3110,-2833,-7.416777,-0.092710
19.3210,-2833,-7.416777,-0.092710
19.3310,-2833,-7.416777,-0.092710
19.3410,-2833,-7.416777,-0.092710
19.3510,-2833,-7.416777,-0.092710
19.3610,-2833,-7.416777,-0.092710
19.3710,-2833,-7.416777,-0.092710
19.3810,-2833,-7.416777,-0.092710
19.3910,-2834,-7.419395,-0.092742
19.4010,-2834,-7.419395,-0.092742
19.4110,-2834,-7.419395,-0.092742
19.4210,-2834,-7.419395,-0.092742
19.4310,-2834,-7.419395,-0.092742
19.4410,-2834,-7.419395,-0.092742
19.4510,-2834,-7.419395,-0.092742
19.4610,-2834,-7.419395,-0.092742
19.4710,-2834,-7.419395,-0.092742
19.4810,-2834,-7.419395,-0.092742
19.4910,-2834,-7.419395,-0.092742
19.5010,-2835,-7.422013,-0.092775
19.5110,-2835,-7.422013,-0.092775
19.5210,-2835,-7.422013,-0.092775
19.5310,-2835,-7.422013,-0.092775
19.5410,-2835,-7.422013,-0.092775
19.5510,-2835,-7.422013,-0.092775
19.5610,-2835,-7.422013,-0.092775
19.5710,-2835,-7.422013,-0.092775
19.5810,-2835,-7.422013,-0.092775
19.5910,-2835,-7.422013,-0.092775
19.6010,-2835,-7.422013,-0.092775
19.6110,-2835,-7.422013,-0.092775
19.6210,-2835,-7.422013,-0.092775
19.6310,-2835,-7.422013,-0.092775
19.6410,-2836,-7.424631,-0.092808
19.6510,-2837,-7.427249,-0.092841
19.6610,-2838,-7.429867,-0.092873
19.6710,-2839,-7.432485,-0.092906
19.6810,-2841,-7.437721,-0.092972
19.6910,-2844,-7.445574,-0.093070
19.7010,-2847,-7.453429,-0.093168
19.7110,-2851,-7.463901,-0.093299
19.7210,-2854,-7.471755,-0.093397
19.7310,-2858,-7.482227,-0.093528
19.7410,-2861,-7.490081,-0.093626
19.7510,-2864,-7.497935,-0.093724
19.7610,-2866,-7.503170,-0.093790
19.7710,-2867,-7.505788,-0.093822
19.7810,-2868,-7.508407,-0.093855
19.7910,-2869,-7.511025,-0.093888
19.8010,-2869,-7.511025,-0.093888
19.8110,-2869,-7.511025,-0.093888
19.8210,-2869,-7.511025,-0.093888
19.8310,-2869,-7.511025,-0.093888
19.8410,-2869,-7.511025,-0.093888
19.8510,-2869,-7.511025,-0.093888
19.8610,-2870,-7.513643,-0.093921
19.8710,-2871,-7.516261,-0.093953
19.8810,-2871,-7.516261,-0.093953
19.8910,-2872,-7.518879,-0.093986
19.9010,-2873,-7.521497,-0.094019
19.9110,-2873,-7.521497,-0.094019
19.9210,-2874,-7.524115,-0.094051
19.9320,-2875,-7.526732,-0.094084
19.9410,-2875,-7.526732,-0.094084
19.9510,-2875,-7.526732,-0.094084
19.9610,-2875,-7.526732,-0.094084
19.9710,-2876,-7.529351,-0.094117
19.9810,-2876,-7.529351,-0.094117
19.9910,-2876,-7.529351,-0.094117
20.0010,-2877,-7.531969,-0.094150
20.0110,-2877,-7.531969,-0.094150
20.0210,-2877,-7.531969,-0.094150
20.0310,-2877,-7.531969,-0.094150
20.0410,-2877,-7.531969,-0.094150
20.0510,-2878,-7.534586,-0.094182
20.0610,-2879,-7.537204,-0.094215
20.0710,-2879,-7.537204,-0.094215
20.0810,-2880,-7.539823,-0.094248
20.0910,-2881,-7.542441,-0.094281
20.1010,-2881,-7.542441,-0.094281
20.1110,-2882,-7.545058,-0.094313
20.1210,-2883,-7.547676,-0.094346
20.1310,-2883,-7.547676,-0.094346
20.1410,-2883,-7.547676,-0.094346
20.1510,-2884,-7.550295,-0.094379
20.1610,-2884,-7.550295,-0.094379
20.1710,-2884,-7.550295,-0.094379
20.1810,-2884,-7.550295,-0.094379
20.1910,-2885,-7.552913,-0.094411
20.2010,-2886,-7.555531,-0.094444
20.2110,-2886,-7.555531,-0.094444
20.2210,-2887,-7.558148,-0.094477
20.2310,-2888,-7.560767,-0.094510
20.2410,-2889,-7.563385,-0.094542
20.2510,-2889,-7.563385,-0.094542
20.2610,-2890,-7.566002,-0.094575
20.2710,-2890,-7.566002,-0.094575
20.2810,-2890,-7.566002,-0.094575
20.2910,-2890,-7.566002,-0.094575
20.3010,-2890,-7.566002,-0.094575
20.3110,-2890,-7.566002,-0.094575
20.3210,-2890,-7.566002,-0.094575
20.3310,-2890,-7.566002,-0.094575
20.3410,-2891,-7.568620,-0.094608
20.3510,-2892,-7.571239,-0.094640
20.3610,-2892,-7.571239,-0.094640
20.3710,-2893,-7.573856,-0.094673
20.3810,-2894,-7.576474,-0.094706
20.3910,-2894,-7.576474,-0.094706
20.4010,-2894,-7.576474,-0.094706
20.4110,-2894,-7.576474,-0.094706
20.4210,-2894,-7.576474,-0.094706
20.4310,-2894,-7.576474,-0.094706
20.4410,-2894,-7.576474,-0.094706
20.4510,-2894,-7.576474,-0.094706
20.4610,-2894,-7.576474,-0.094706
20.4710,-2894,-7.576474,-0.094706
20.4810,-2895,-7.579092,-0.094739
20.4910,-2896,-7.581711,-0.094771
20.5010,-2896,-7.581711,-0.094771
20.5110,-2897,-7.584329,-0.094804
20.5210,-2898,-7.586946,-0.094837
20.5310,-2899,-7.589564,-0.094870
20.5410,-2899,-7.589564,-0.094870
20.5510,-2899,-7.589564,-0.094870
20.5610,-2899,-7.589564,-0.094870
20.5720,-2899,-7.589564,-0.094870
20.5810,-2899,-7.589564,-0.094870
20.5910,-2899,-7.589564,-0.094870
20.6010,-2899,-7.589564,-0.094870
20.6110,-2900,-7.592183,-0.094902
20.6210,-2901,-7.594800,-0.094935
20.6310,-2902,-7.597418,-0.094968
20.6410,-2903,-7.600036,-0.095000
20.6510,-2904,-7.602654,-0.095033
20.6610,-2905,-7.605272,-0.095066
20.6710,-2906,-7.607890,-0.095099
20.6810,-2906,-7.607890,-0.095099
20.6910,-2906,-7.607890,-0.095099
20.7010,-2907,-7.610508,-0.095131
20.7110,-2907,-7.610508,-0.095131
20.7210,-2907,-7.610508,-0.095131
20.7310,-2907,-7.610508,-0.095131
20.7410,-2908,-7.613127,-0.095164
20.7510,-2910,-7.618362,-0.095230
20.7610,-2911,-7.620980,-0.095262
20.7710,-2913,-7.626216,-0.095328
20.7810,-2914,-7.628834,-0.095360
20.7910,-2916,-7.634070,-0.095426
20.8010,-2917,-7.636688,-0.095459
20.8110,-2918,-7.639306,-0.095491
20.8210,-2919,-7.641924,-0.095524
20.8310,-2919,-7.641924,-0.095524
20.8410,-2919,-7.641924,-0.095524
20.8510,-2919,-7.641924,-0.095524
20.8610,-2919,-7.641924,-0.095524
20.8710,-2919,-7.641924,-0.095524
20.8810,-2919,-7.641924,-0.095524
20.8910,-2920,-7.644543,-0.095557
20.9010,-2922,-7.649778,-0.095622
20.9110,-2924,-7.655014,-0.095688
20.9210,-2927,-7.662868,-0.095786
20.9310,-2930,-7.670722,-0.095884
20.9410,-2932,-7.675959,-0.095949
20.9510,-2938,-7.691666,-0.096146
20.9610,-2944,-7.707374,-0.096342
20.9710,-2953,-7.730936,-0.096637
20.9810,-2961,-7.751880,-0.096899
20.9910,-2969,-7.772824,-0.097160
21.0010,-2977,-7.793768,-0.097422
21.0110,-2984,-7.812094,-0.097651
21.0210,-2991,-7.830420,-0.097880
21.0310,-2997,-7.846127,-0.098077
21.0410,-3004,-7.864454,-0.098306
21.0510,-3012,-7.885398,-0.098567
21.0610,-3022,-7.911578,-0.098895
21.0710,-3036,-7.948229,-0.099353
21.0810,-3053,-7.992735,-0.099909
21.0910,-3069,-8.034624,-0.100433
21.1010,-3088,-8.084365,-0.101055
21.1110,-3107,-8.134108,-0.101676
21.1210,-3124,-8.178613,-0.102233
21.1310,-3138,-8.215266,-0.102691
21.1410,-3153,-8.254535,-0.103182
21.1510,-3165,-8.285951,-0.103574
21.1610,-3172,-8.304278,-0.103803
21.1710,-3175,-8.312131,-0.103902
21.1810,-3176,-8.314749,-0.103934
21.1910,-3175,-8.312131,-0.103902
21.2010,-3175,-8.312131,-0.103902
21.2120,-3175,-8.312131,-0.103902
21.2210,-3178,-8.319985,-0.104000
21.2310,-3184,-8.335694,-0.104196
21.2410,-3192,-8.356637,-0.104458
21.2510,-3202,-8.382817,-0.104785
21.2610,-3211,-8.406378,-0.105080
21.2710,-3224,-8.440413,-0.105505
21.2810,-3241,-8.484919,-0.106061
21.2910,-3259,-8.532043,-0.106651
21.3010,-3276,-8.576549,-0.107207
21.3110,-3293,-8.621054,-0.107763
21.3210,-3307,-8.657707,-0.108221
21.3310,-3318,-8.686505,-0.108581
21.3410,-3329,-8.715302,-0.108941
21.3510,-3340,-8.744100,-0.109301
21.3610,-3349,-8.767662,-0.109596
21.3710,-3356,-8.785988,-0.109825
21.3810,-3362,-8.801696,-0.110021
21.3910,-3366,-8.812169,-0.110152
21.4010,-3369,-8.820022,-0.110250
21.4110,-3371,-8.825258,-0.110316
21.4210,-3372,-8.827876,-0.110348
21.4310,-3374,-8.833112,-0.110414
21.4410,-3378,-8.843585,-0.110545
21.4510,-3384,-8.859292,-0.110741
21.4610,-3393,-8.882854,-0.111036
21.4710,-3402,-8.906416,-0.111330
21.4810,-3415,-8.940450,-0.111756
21.4910,-3429,-8.977102,-0.112214
21.5010,-3447,-9.024226,-0.112803
21.5110,-3465,-9.071350,-0.113392
21.5210,-3486,-9.126327,-0.114079
21.5310,-3504,-9.173452,-0.114668
21.5410,-3519,-9.212720,-0.115159
21.5510,-3532,-9.246755,-0.115584
21.5610,-3541,-9.270317,-0.115879
21.5710,-3547,-9.286026,-0.116075
21.5810,-3552,-9.299115,-0.116239
21.5910,-3553,-9.301733,-0.116272
21.6010,-3553,-9.301733,-0.116272
21.6110,-3552,-9.299115,-0.116239
21.6210,-3552,-9.299115,-0.116239
21.6310,-3550,-9.293879,-0.116173
21.6410,-3550,-9.293879,-0.116173
21.6510,-3551,-9.296497,-0.116206
21.6610,-3553,-9.301733,-0.116272
21.6710,-3555,-9.306969,-0.116337
21.6810,-3558,-9.314823,-0.116435
21.6910,-3561,-9.322677,-0.116533
21.7010,-3564,-9.330531,-0.116632
21.7110,-3566,-9.335766,-0.116697
21.7210,-3569,-9.343621,-0.116795
21.7310,-3569,-9.343621,-0.116795
21.7410,-3569,-9.343621,-0.116795
21.7510,-3569,-9.343621,-0.116795
21.7610,-3568,-9.341003,-0.116763
21.7710,-3568,-9.341003,-0.116763
21.7810,-3568,-9.341003,-0.116763
21.7910,-3569,-9.343621,-0.116795
21.8010,-3569,-9.343621,-0.116795
21.8110,-3571,-9.348857,-0.116861
21.8210,-3572,-9.351475,-0.116893
21.8310,-3573,-9.354093,-0.116926
21.8410,-3575,-9.359329,-0.116992
21.8520,-3576,-9.361947,-0.117024
21.8610,-3578,-9.367182,-0.117090
21.8710,-3579,-9.369801,-0.117123
21.8810,-3581,-9.375037,-0.117188
21.8910,-3582,-9.377655,-0.117221
21.9010,-3584,-9.382891,-0.117286
21.9110,-3586,-9.388127,-0.117352
21.9210,-3589,-9.395980,-0.117450
21.9310,-3593,-9.406453,-0.117581
21.9410,-3597,-9.416925,-0.117712
21.9510,-3601,-9.427396,-0.117842
21.9610,-3605,-9.437869,-0.117973
21.9710,-3609,-9.448341,-0.118104
21.9810,-3613,-9.458812,-0.118235
21.9910,-3618,-9.471903,-0.118399
22.0010,-3625,-9.490228,-0.118628
22.0110,-3633,-9.511172,-0.118890
22.0210,-3641,-9.532116,-0.119151
22.0310,-3650,-9.555679,-0.119446
22.0410,-3664,-9.592330,-0.119904
22.0510,-3679,-9.631600,-0.120395
22.0610,-3696,-9.676106,-0.120951
22.0710,-3711,-9.715376,-0.121442
22.0810,-3724,-9.749409,-0.121868
22.0910,-3734,-9.775589,-0.122195
22.1010,-3743,-9.799152,-0.122489
22.1110,-3750,-9.817478,-0.122718
22.1210,-3754,-9.827950,-0.122849
22.1310,-3756,-9.833186,-0.122915
22.1410,-3757,-9.835803,-0.122948
22.1510,-3757,-9.835803,-0.122948
22.1610,-3757,-9.835803,-0.122948
22.1710,-3756,-9.833186,-0.122915
22.1810,-3758,-9.838421,-0.122980
22.1910,-3763,-9.851511,-0.123144
22.2010,-3771,-9.872455,-0.123406
22.2110,-3784,-9.906490,-0.123831
22.2210,-3801,-9.950996,-0.124387
22.2310,-3824,-10.011210,-0.125140
22.2410,-3845,-10.066187,-0.125827
22.2510,-3870,-10.131637,-0.126645
22.2610,-3891,-10.186615,-0.127333
22.2710,-3914,-10.246829,-0.128085
22.2810,-3934,-10.299189,-0.128740
22.2910,-3955,-10.354166,-0.129427
22.3010,-3974,-10.403908,-0.130049
22.3110,-3995,-10.458887,-0.130736
22.3210,-4014,-10.508628,-0.131358
22.3310,-4033,-10.558370,-0.131980
22.3410,-4052,-10.608112,-0.132601
22.3510,-4074,-10.665708,-0.133321
22.3610,-4098,-10.728540,-0.134107
22.3710,-4122,-10.791372,-0.134892
22.3810,-4149,-10.862057,-0.135776
22.3910,-4179,-10.940597,-0.136757
22.4010,-4210,-11.021756,-0.137772
22.4110,-4239,-11.097677,-0.138721
22.4210,-4274,-11.189307,-0.139866
22.4310,-4306,-11.273082,-0.140914
22.4410,-4336,-11.351622,-0.141895
22.4510,-4365,-11.427544,-0.142844
22.4610,-4389,-11.490376,-0.143630
22.4710,-4407,-11.537500,-0.144219
22.4810,-4422,-11.576769,-0.144710
22.4920,-4430,-11.597714,-0.144971
22.5010,-4434,-11.608185,-0.145102
22.5110,-4436,-11.613422,-0.145168
22.5210,-4436,-11.613422,-0.145168
22.5310,-4434,-11.608185,-0.145102
22.5410,-4430,-11.597714,-0.144971
22.5510,-4427,-11.589860,-0.144873
22.5610,-4424,-11.582006,-0.144775
22.5710,-4424,-11.582006,-0.144775
22.5810,-4424,-11.582006,-0.144775
22.5910,-4427,-11.589860,-0.144873
22.6010,-4431,-11.600332,-0.145004
22.6110,-4435,-11.610804,-0.145135
22.6210,-4438,-11.618658,-0.145233
22.6310,-4441,-11.626511,-0.145331
22.6410,-4442,-11.629129,-0.145364
22.6510,-4442,-11.629129,-0.145364
22.6610,-4441,-11.626511,-0.145331
22.6710,-4439,-11.621276,-0.145266
22.6810,-4436,-11.613422,-0.145168
22.6910,-4434,-11.608185,-0.145102
22.7010,-4432,-11.602950,-0.145037
22.7110,-4432,-11.602950,-0.145037
22.7210,-4432,-11.602950,-0.145037
22.7310,-4434,-11.608185,-0.145102
22.7410,-4436,-11.613422,-0.145168
22.7510,-4438,-11.618658,-0.145233
22.7610,-4440,-11.623894,-0.145299
22.7710,-4442,-11.629129,-0.145364
22.7810,-4443,-11.631748,-0.145397
22.7910,-4443,-11.631748,-0.145397
22.8010,-4442,-11.629129,-0.145364
22.8110,-4441,-11.626511,-0.145331
22.8210,-4439,-11.621276,-0.145266
22.8310,-4438,-11.618658,-0.145233
22.8410,-4437,-11.616040,-0.145200
22.8510,-4437,-11.616040,-0.145200
22.8610,-4437,-11.616040,-0.145200
22.8710,-4438,-11.618658,-0.145233
22.8810,-4439,-11.621276,-0.145266
22.8910,-4440,-11.623894,-0.145299
22.9010,-4442,-11.629129,-0.145364
22.9110,-4443,-11.631748,-0.145397
22.9210,-4443,-11.631748,-0.145397
22.9310,-4443,-11.631748,-0.145397
22.9410,-4443,-11.631748,-0.145397
22.9510,-4442,-11.629129,-0.145364
22.9610,-4440,-11.623894,-0.145299
22.9710,-4440,-11.623894,-0.145299
22.9810,-4439,-11.621276,-0.145266
22.9910,-4439,-11.621276,-0.145266
23.0010,-4439,-11.621276,-0.145266
23.0110,-4440,-11.623894,-0.145299
23.0210,-4441,-11.626511,-0.145331
23.0310,-4442,-11.629129,-0.145364
23.0410,-4443,-11.631748,-0.145397
23.0510,-4444,-11.634366,-0.145430
23.0610,-4444,-11.634366,-0.145430
23.0710,-4444,-11.634366,-0.145430
23.0810,-4443,-11.631748,-0.145397
23.0910,-4442,-11.629129,-0.145364
23.1010,-4441,-11.626511,-0.145331
23.1110,-4441,-11.626511,-0.145331
23.1210,-4441,-11.626511,-0.145331
23.1320,-4441,-11.626511,-0.145331
23.1410,-4441,-11.626511,-0.145331
23.1510,-4442,-11.629129,-0.145364
23.1610,-4443,-11.631748,-0.145397
23.1710,-4443,-11.631748,-0.145397
23.1810,-4444,-11.634366,-0.145430
23.1910,-4444,-11.634366,-0.145430
23.2010,-4444,-11.634366,-0.145430
23.2110,-4444,-11.634366,-0.145430
23.2210,-4443,-11.631748,-0.145397
23.2310,-4443,-11.631748,-0.145397
23.2410,-4442,-11.629129,-0.145364
23.2510,-4442,-11.629129,-0.145364
23.2610,-4442,-11.629129,-0.145364
23.2710,-4442,-11.629129,-0.145364
23.2810,-4443,-11.631748,-0.145397
23.2910,-4443,-11.631748,-0.145397
23.3010,-4444,-11.634366,-0.145430
23.3110,-4444,-11.634366,-0.145430
23.3210,-4445,-11.636983,-0.145462
23.3310,-4445,-11.636983,-0.145462
23.3410,-4445,-11.636983,-0.145462
23.3510,-4444,-11.634366,-0.145430
23.3610,-4444,-11.634366,-0.145430
23.3710,-4443,-11.631748,-0.145397
23.3810,-4443,-11.631748,-0.145397
23.3910,-4443,-11.631748,-0.145397
23.4010,-4443,-11.631748,-0.145397
23.4110,-4444,-11.634366,-0.145430
23.4210,-4444,-11.634366,-0.145430
23.4310,-4444,-11.634366,-0.145430
23.4410,-4445,-11.636983,-0.145462
23.4510,-4445,-11.636983,-0.145462
23.4610,-4445,-11.636983,-0.145462
23.4710,-4445,-11.636983,-0.145462
23.4810,-4445,-11.636983,-0.145462
23.4910,-4444,-11.634366,-0.145430
23.5010,-4444,-11.634366,-0.145430
23.5110,-4444,-11.634366,-0.145430
23.5210,-4444,-11.634366,-0.145430
23.5310,-4444,-11.634366,-0.145430
23.5410,-4444,-11.634366,-0.145430
23.5510,-4444,-11.634366,-0.145430
23.5610,-4445,-11.636983,-0.145462
23.5710,-4445,-11.636983,-0.145462
23.5810,-4446,-11.639601,-0.145495
23.5910,-4446,-11.639601,-0.145495
23.6010,-4446,-11.639601,-0.145495
23.6110,-4446,-11.639601,-0.145495
23.6210,-4446,-11.639601,-0.145495
23.6310,-4445,-11.636983,-0.145462
23.6410,-4445,-11.636983,-0.145462
23.6510,-4445,-11.636983,-0.145462
23.6610,-4445,-11.636983,-0.145462
23.6710,-4445,-11.636983,-0.145462
23.6810,-4445,-11.636983,-0.145462
23.6910,-4445,-11.636983,-0.145462
23.7010,-4446,-11.639601,-0.145495
23.7110,-4446,-11.639601,-0.145495
23.7210,-4446,-11.639601,-0.145495
23.7310,-4446,-11.639601,-0.145495
23.7410,-4446,-11.639601,-0.145495
23.7510,-4446,-11.639601,-0.145495
23.7610,-4446,-11.639601,-0.145495
23.7720,-4446,-11.639601,-0.145495
23.7810,-4446,-11.639601,-0.145495
23.7910,-4445,-11.636983,-0.145462
23.8010,-4446,-11.639601,-0.145495
23.8110,-4446,-11.639601,-0.145495
23.8210,-4446,-11.639601,-0.145495
23.8310,-4446,-11.639601,-0.145495
23.8410,-4447,-11.642220,-0.145528
23.8510,-4447,-11.642220,-0.145528
23.8610,-4447,-11.642220,-0.145528
23.8710,-4447,-11.642220,-0.145528
23.8810,-4447,-11.642220,-0.145528
23.8910,-4447,-11.642220,-0.145528
23.9010,-4447,-11.642220,-0.145528
23.9110,-4446,-11.639601,-0.145495
23.9210,-4446,-11.639601,-0.145495
23.9310,-4446,-11.639601,-0.145495
23.9410,-4446,-11.639601,-0.145495
23.9510,-4446,-11.639601,-0.145495
23.9610,-4447,-11.642220,-0.145528
23.9710,-4447,-11.642220,-0.145528
23.9810,-4448,-11.644838,-0.145560
23.9910,-4448,-11.644838,-0.145560
24.0010,-4448,-11.644838,-0.145560
24.0110,-4448,-11.644838,-0.145560
24.0210,-4448,-11.644838,-0.145560
24.0310,-4447,-11.642220,-0.145528
24.0410,-4447,-11.642220,-0.145528
24.0510,-4447,-11.642220,-0.145528
24.0610,-4447,-11.642220,-0.145528
24.0710,-4447,-11.642220,-0.145528
24.0810,-4447,-11.642220,-0.145528
24.0910,-4447,-11.642220,-0.145528
24.1010,-4448,-11.644838,-0.145560
24.1110,-4448,-11.644838,-0.145560
24.1210,-4448,-11.644838,-0.145560
24.1310,-4448,-11.644838,-0.145560
24.1410,-4448,-11.644838,-0.145560
24.1510,-4448,-11.644838,-0.145560
24.1610,-4448,-11.644838,-0.145560
24.1710,-4448,-11.644838,-0.145560
24.1810,-4448,-11.644838,-0.145560
24.1910,-4447,-11.642220,-0.145528
24.2010,-4447,-11.642220,-0.145528
24.2110,-4447,-11.642220,-0.145528
24.2210,-4448,-11.644838,-0.145560
24.2310,-4448,-11.644838,-0.145560
24.2410,-4448,-11.644838,-0.145560
24.2510,-4448,-11.644838,-0.145560
24.2610,-4449,-11.647456,-0.145593
24.2710,-4449,-11.647456,-0.145593
24.2810,-4449,-11.647456,-0.145593
24.2910,-4449,-11.647456,-0.145593
24.3010,-4448,-11.644838,-0.145560
24.3110,-4448,-11.644838,-0.145560
24.3210,-4448,-11.644838,-0.145560
24.3310,-4448,-11.644838,-0.145560
24.3410,-4448,-11.644838,-0.145560
24.3510,-4448,-11.644838,-0.145560
24.3610,-4448,-11.644838,-0.145560
24.3710,-4449,-11.647456,-0.145593
24.3810,-4449,-11.647456,-0.145593
24.3910,-4449,-11.647456,-0.145593
24.4010,-4449,-11.647456,-0.145593
24.4120,-4449,-11.647456,-0.145593
24.4210,-4449,-11.647456,-0.145593
24.4310,-4449,-11.647456,-0.145593
24.4410,-4449,-11.647456,-0.145593
24.4510,-4449,-11.647456,-0.145593
24.4610,-4449,-11.647456,-0.145593
24.4710,-4449,-11.647456,-0.145593
24.4810,-4449,-11.647456,-0.145593
24.4910,-4449,-11.647456,-0.145593
24.5010,-4449,-11.647456,-0.145593
24.5110,-4449,-11.647456,-0.145593
24.5210,-4450,-11.650074,-0.145626
24.5310,-4450,-11.650074,-0.145626
24.5410,-4450,-11.650074,-0.145626
24.5510,-4450,-11.650074,-0.145626
24.5610,-4450,-11.650074,-0.145626
24.5710,-4450,-11.650074,-0.145626
24.5810,-4450,-11.650074,-0.145626
24.5910,-4450,-11.650074,-0.145626
24.6010,-4449,-11.647456,-0.145593
24.6110,-4449,-11.647456,-0.145593
24.6210,-4449,-11.647456,-0.145593
24.6310,-4450,-11.650074,-0.145626
24.6410,-4450,-11.650074,-0.145626
24.6510,-4450,-11.650074,-0.145626
24.6610,-4450,-11.650074,-0.145626
24.6710,-4451,-11.652692,-0.145659
24.6810,-4451,-11.652692,-0.145659
24.6910,-4451,-11.652692,-0.145659
24.7010,-4451,-11.652692,-0.145659
24.7110,-4451,-11.652692,-0.145659
24.7210,-4450,-11.650074,-0.145626
24.7310,-4450,-11.650074,-0.145626
24.7410,-4450,-11.650074,-0.145626
24.7510,-4450,-11.650074,-0.145626
24.7610,-4450,-11.650074,-0.145626
24.7710,-4451,-11.652692,-0.145659
24.7810,-4451,-11.652692,-0.145659
24.7910,-4451,-11.652692,-0.145659
24.8010,-4451,-11.652692,-0.145659
24.8110,-4451,-11.652692,-0.145659
24.8210,-4452,-11.655309,-0.145691
24.8310,-4452,-11.655309,-0.145691
24.8410,-4452,-11.655309,-0.145691
24.8510,-4451,-11.652692,-0.145659
24.8610,-4451,-11.652692,-0.145659
24.8710,-4451,-11.652692,-0.145659
24.8810,-4451,-11.652692,-0.145659
24.8910,-4451,-11.652692,-0.145659
24.9010,-4451,-11.652692,-0.145659
24.9110,-4451,-11.652692,-0.145659
24.9210,-4451,-11.652692,-0.145659
24.9310,-4452,-11.655309,-0.145691
24.9410,-4452,-11.655309,-0.145691
24.9510,-4452,-11.655309,-0.145691
24.9610,-4452,-11.655309,-0.145691
24.9710,-4452,-11.655309,-0.145691
24.9810,-4452,-11.655309,-0.145691
24.9910,-4452,-11.655309,-0.145691
25.0010,-4452,-11.655309,-0.145691
25.0110,-4452,-11.655309,-0.145691
25.0210,-4451,-11.652692,-0.145659
25.0310,-4451,-11.652692,-0.145659
25.0410,-4451,-11.652692,-0.145659
25.0520,-4452,-11.655309,-0.145691
25.0610,-4452,-11.655309,-0.145691
25.0710,-4452,-11.655309,-0.145691
25.0810,-4452,-11.655309,-0.145691
25.0910,-4453,-11.657927,-0.145724
25.1010,-4453,-11.657927,-0.145724
25.1110,-4453,-11.657927,-0.145724
25.1210,-4453,-11.657927,-0.145724
25.1310,-4452,-11.655309,-0.145691
25.1410,-4452,-11.655309,-0.145691
25.1510,-4452,-11.655309,-0.145691
25.1610,-4452,-11.655309,-0.145691
25.1710,-4452,-11.655309,-0.145691
25.1810,-4452,-11.655309,-0.145691
25.1910,-4452,-11.655309,-0.145691
25.2010,-4452,-11.655309,-0.145691
25.2110,-4453,-11.657927,-0.145724
25.2210,-4453,-11.657927,-0.145724
25.2310,-4453,-11.657927,-0.145724
25.2410,-4453,-11.657927,-0.145724
25.2510,-4453,-11.657927,-0.145724
25.2610,-4453,-11.657927,-0.145724
25.2710,-4453,-11.657927,-0.145724
25.2810,-4453,-11.657927,-0.145724
25.2910,-4453,-11.657927,-0.145724
25.3010,-4452,-11.655309,-0.145691
25.3110,-4452,-11.655309,-0.145691
25.3210,-4452,-11.655309,-0.145691
25.3310,-4453,-11.657927,-0.145724
25.3410,-4453,-11.657927,-0.145724
25.3510,-4453,-11.657927,-0.145724
25.3610,-4453,-11.657927,-0.145724
25.3710,-4454,-11.660545,-0.145757
25.3810,-4454,-11.660545,-0.145757
25.3910,-4454,-11.660545,-0.145757
25.4010,-4454,-11.660545,-0.145757
25.4110,-4453,-11.657927,-0.145724
25.4210,-4453,-11.657927,-0.145724
25.4310,-4453,-11.657927,-0.145724
25.4410,-4453,-11.657927,-0.145724
25.4510,-4453,-11.657927,-0.145724
25.4610,-4453,-11.657927,-0.145724
25.4710,-4454,-11.660545,-0.145757
25.4810,-4454,-11.660545,-0.145757
25.4910,-4455,-11.663164,-0.145790
25.5010,-4455,-11.663164,-0.145790
25.5110,-4455,-11.663164,-0.145790
25.5210,-4455,-11.663164,-0.145790
25.5310,-4455,-11.663164,-0.145790
25.5410,-4455,-11.663164,-0.145790
25.5510,-4455,-11.663164,-0.145790
25.5610,-4455,-11.663164,-0.145790
25.5710,-4455,-11.663164,-0.145790
25.5810,-4455,-11.663164,-0.145790
25.5910,-4455,-11.663164,-0.145790
25.6010,-4455,-11.663164,-0.145790
25.6110,-4455,-11.663164,-0.145790
25.6210,-4455,-11.663164,-0.145790
25.6310,-4456,-11.665781,-0.145822
25.6410,-4456,-11.665781,-0.145822
25.6510,-4456,-11.665781,-0.145822
25.6610,-4456,-11.665781,-0.145822
25.6710,-4456,-11.665781,-0.145822
25.6810,-4456,-11.665781,-0.145822
25.6920,-4456,-11.665781,-0.145822
25.7010,-4456,-11.665781,-0.145822
25.7110,-4456,-11.665781,-0.145822
25.7210,-4456,-11.665781,-0.145822
25.7310,-4456,-11.665781,-0.145822
25.7410,-4456,-11.665781,-0.145822
25.7510,-4456,-11.665781,-0.145822
25.7610,-4456,-11.665781,-0.145822
25.7710,-4457,-11.668399,-0.145855
25.7810,-4457,-11.668399,-0.145855
25.7910,-4457,-11.668399,-0.145855
25.8010,-4457,-11.668399,-0.145855
25.8110,-4457,-11.668399,-0.145855
25.8210,-4457,-11.668399,-0.145855
25.8310,-4457,-11.668399,-0.145855
25.8410,-4457,-11.668399,-0.145855
25.8510,-4456,-11.665781,-0.145822
25.8610,-4456,-11.665781,-0.145822
25.8710,-4456,-11.665781,-0.145822
25.8810,-4457,-11.668399,-0.145855
25.8910,-4457,-11.668399,-0.145855
25.9010,-4457,-11.668399,-0.145855
25.9110,-4457,-11.668399,-0.145855
25.9210,-4458,-11.671017,-0.145888
25.9310,-4458,-11.671017,-0.145888
25.9410,-4458,-11.671017,-0.145888
25.9510,-4458,-11.671017,-0.145888
25.9610,-4458,-11.671017,-0.145888
25.9710,-4458,-11.671017,-0.145888
25.9810,-4457,-11.668399,-0.145855
25.9910,-4457,-11.668399,-0.145855
26.0010,-4457,-11.668399,-0.145855
26.0110,-4457,-11.668399,-0.145855
26.0210,-4458,-11.671017,-0.145888
26.0310,-4458,-11.671017,-0.145888
26.0410,-4458,-11.671017,-0.145888
26.0510,-4458,-11.671017,-0.145888
26.0610,-4459,-11.673636,-0.145920
26.0710,-4459,-11.673636,-0.145920
26.0810,-4459,-11.673636,-0.145920
26.0910,-4459,-11.673636,-0.145920
26.1010,-4458,-11.671017,-0.145888
26.1110,-4458,-11.671017,-0.145888
26.1210,-4458,-11.671017,-0.145888
26.1310,-4458,-11.671017,-0.145888
26.1410,-4458,-11.671017,-0.145888
26.1510,-4458,-11.671017,-0.145888
26.1610,-4458,-11.671017,-0.145888
26.1710,-4458,-11.671017,-0.145888
26.1810,-4459,-11.673636,-0.145920
26.1910,-4459,-11.673636,-0.145920
26.2010,-4459,-11.673636,-0.145920
26.2110,-4459,-11.673636,-0.145920
26.2210,-4459,-11.673636,-0.145920
26.2310,-4459,-11.673636,-0.145920
26.2410,-4459,-11.673636,-0.145920
26.2510,-4459,-11.673636,-0.145920
26.2610,-4459,-11.673636,-0.145920
26.2710,-4459,-11.673636,-0.145920
26.2810,-4459,-11.673636,-0.145920
26.2910,-4459,-11.673636,-0.145920
26.3010,-4459,-11.673636,-0.145920
26.3110,-4459,-11.673636,-0.145920
26.3210,-4460,-11.676254,-0.145953
26.3320,-4460,-11.676254,-0.145953
26.3410,-4460,-11.676254,-0.145953
26.3510,-4460,-11.676254,-0.145953
26.3610,-4460,-11.676254,-0.145953
26.3710,-4460,-11.676254,-0.145953
26.3810,-4460,-11.676254,-0.145953
26.3910,-4460,-11.676254,-0.145953
26.4010,-4459,-11.673636,-0.145920
26.4110,-4459,-11.673636,-0.145920
26.4210,-4459,-11.673636,-0.145920
26.4310,-4459,-11.673636,-0.145920
26.4410,-4460,-11.676254,-0.145953
26.4510,-4460,-11.676254,-0.145953
26.4610,-4460,-11.676254,-0.145953
26.4710,-4460,-11.676254,-0.145953
26.4810,-4461,-11.678872,-0.145986
26.4910,-4461,-11.678872,-0.145986
26.5010,-4461,-11.678872,-0.145986
26.5110,-4461,-11.678872,-0.145986
26.5210,-4460,-11.676254,-0.145953
26.5310,-4460,-11.676254,-0.145953
26.5410,-4460,-11.676254,-0.145953
26.5510,-4460,-11.676254,-0.145953
26.5610,-4460,-11.676254,-0.145953
26.5710,-4460,-11.676254,-0.145953
26.5810,-4460,-11.676254,-0.145953
26.5910,-4461,-11.678872,-0.145986
26.6010,-4461,-11.678872,-0.145986
26.6110,-4461,-11.678872,-0.145986
26.6210,-4461,-11.678872,-0.145986
26.6310,-4461,-11.678872,-0.145986
26.6410,-4461,-11.678872,-0.145986
26.6510,-4461,-11.678872,-0.145986
26.6610,-4461,-11.678872,-0.145986
26.6710,-4461,-11.678872,-0.145986
26.6810,-4461,-11.678872,-0.145986
26.6910,-4460,-11.676254,-0.145953
26.7010,-4460,-11.676254,-0.145953
26.7110,-4461,-11.678872,-0.145986
26.7210,-4461,-11.678872,-0.145986
26.7310,-4461,-11.678872,-0.145986
26.7410,-4462,-11.681489,-0.146019
26.7510,-4462,-11.681489,-0.146019
26.7610,-4462,-11.681489,-0.146019
26.7710,-4462,-11.681489,-0.146019
26.7810,-4462,-11.681489,-0.146019
26.7910,-4462,-11.681489,-0.146019
26.8010,-4461,-11.678872,-0.145986
26.8110,-4461,-11.678872,-0.145986
26.8210,-4461,-11.678872,-0.145986
26.8310,-4461,-11.678872,-0.145986
26.8410,-4461,-11.678872,-0.145986
26.8510,-4462,-11.681489,-0.146019
26.8610,-4462,-11.681489,-0.146019
26.8710,-4462,-11.681489,-0.146019
26.8810,-4462,-11.681489,-0.146019
26.8910,-4462,-11.681489,-0.146019
26.9010,-4462,-11.681489,-0.146019
26.9110,-4462,-11.681489,-0.146019
26.9210,-4462,-11.681489,-0.146019
26.9310,-4462,-11.681489,-0.146019
26.9410,-4462,-11.681489,-0.146019
26.9510,-4462,-11.681489,-0.146019
26.9610,-4462,-11.681489,-0.146019
26.9720,-4462,-11.681489,-0.146019
26.9810,-4462,-11.681489,-0.146019
26.9910,-4462,-11.681489,-0.146019
27.0010,-4462,-11.681489,-0.146019
27.0110,-4462,-11.681489,-0.146019
27.0210,-4463,-11.684107,-0.146051
27.0310,-4463,-11.684107,-0.146051
27.0410,-4463,-11.684107,-0.146051
27.0510,-4463,-11.684107,-0.146051
27.0610,-4463,-11.684107,-0.146051
27.0710,-4463,-11.684107,-0.146051
27.0810,-4463,-11.684107,-0.146051
27.0910,-4462,-11.681489,-0.146019
27.1010,-4462,-11.681489,-0.146019
27.1110,-4462,-11.681489,-0.146019
27.1210,-4462,-11.681489,-0.146019
27.1310,-4463,-11.684107,-0.146051
27.1410,-4463,-11.684107,-0.146051
27.1510,-4463,-11.684107,-0.146051
27.1610,-4463,-11.684107,-0.146051
27.1710,-4463,-11.684107,-0.146051
27.1810,-4463,-11.684107,-0.146051
27.1910,-4463,-11.684107,-0.146051
27.2010,-4463,-11.684107,-0.146051
27.2110,-4463,-11.684107,-0.146051
27.2210,-4463,-11.684107,-0.146051
27.2310,-4463,-11.684107,-0.146051
27.2410,-4463,-11.684107,-0.146051
27.2510,-4463,-11.684107,-0.146051
27.2610,-4463,-11.684107,-0.146051
27.2710,-4463,-11.684107,-0.146051
27.2810,-4463,-11.684107,-0.146051
27.2910,-4464,-11.686725,-0.146084
27.3010,-4464,-11.686725,-0.146084
27.3110,-4464,-11.686725,-0.146084
27.3210,-4464,-11.686725,-0.146084
27.3310,-4464,-11.686725,-0.146084
27.3410,-4464,-11.686725,-0.146084
27.3510,-4464,-11.686725,-0.146084
27.3610,-4464,-11.686725,-0.146084
27.3710,-4464,-11.686725,-0.146084
27.3810,-4463,-11.684107,-0.146051
27.3910,-4463,-11.684107,-0.146051
27.4010,-4463,-11.684107,-0.146051
27.4110,-4464,-11.686725,-0.146084
27.4210,-4464,-11.686725,-0.146084
27.4310,-4464,-11.686725,-0.146084
27.4410,-4464,-11.686725,-0.146084
27.4510,-4464,-11.686725,-0.146084
27.4610,-4464,-11.686725,-0.146084
27.4710,-4464,-11.686725,-0.146084
27.4810,-4464,-11.686725,-0.146084
27.4910,-4464,-11.686725,-0.146084
27.5010,-4464,-11.686725,-0.146084
27.5110,-4464,-11.686725,-0.146084
27.5210,-4464,-11.686725,-0.146084
27.5310,-4464,-11.686725,-0.146084
27.5410,-4464,-11.686725,-0.146084
27.5510,-4464,-11.686725,-0.146084
27.5610,-4464,-11.686725,-0.146084
27.5710,-4465,-11.689343,-0.146117
27.5810,-4465,-11.689343,-0.146117
27.5910,-4465,-11.689343,-0.146117
27.6010,-4465,-11.689343,-0.146117
27.6120,-4465,-11.689343,-0.146117
27.6210,-4465,-11.689343,-0.146117
27.6310,-4465,-11.689343,-0.146117
27.6410,-4465,-11.689343,-0.146117
27.6510,-4464,-11.686725,-0.146084
27.6610,-4464,-11.686725,-0.146084
27.6710,-4464,-11.686725,-0.146084
27.6810,-4465,-11.689343,-0.146117
27.6910,-4465,-11.689343,-0.146117
27.7010,-4465,-11.689343,-0.146117
27.7110,-4465,-11.689343,-0.146117
27.7210,-4466,-11.691961,-0.146150
27.7310,-4466,-11.691961,-0.146150
27.7410,-4466,-11.691961,-0.146150
27.7510,-4466,-11.691961,-0.146150
27.7610,-4466,-11.691961,-0.146150
27.7710,-4465,-11.689343,-0.146117
27.7810,-4465,-11.689343,-0.146117
27.7910,-4465,-11.689343,-0.146117
27.8010,-4465,-11.689343,-0.146117
27.8110,-4465,-11.689343,-0.146117
27.8210,-4465,-11.689343,-0.146117
27.8310,-4466,-11.691961,-0.146150
27.8410,-4466,-11.691961,-0.146150
27.8510,-4466,-11.691961,-0.146150
27.8610,-4466,-11.691961,-0.146150
27.8710,-4466,-11.691961,-0.146150
27.8810,-4466,-11.691961,-0.146150
27.8910,-4466,-11.691961,-0.146150
27.9010,-4466,-11.691961,-0.146150
27.9110,-4466,-11.691961,-0.146150
27.9210,-4466,-11.691961,-0.146150
27.9310,-4466,-11.691961,-0.146150
27.9410,-4466,-11.691961,-0.146150
27.9510,-4466,-11.691961,-0.146150
27.9610,-4466,-11.691961,-0.146150
27.9710,-4466,-11.691961,-0.146150
27.9810,-4466,-11.691961,-0.146150
27.9910,-4467,-11.694580,-0.146182
28.0010,-4467,-11.694580,-0.146182
28.0110,-4467,-11.694580,-0.146182
28.0210,-4467,-11.694580,-0.146182
28.0310,-4467,-11.694580,-0.146182
28.0410,-4467,-11.694580,-0.146182
28.0510,-4467,-11.694580,-0.146182
28.0610,-4467,-11.694580,-0.146182
28.0710,-4466,-11.691961,-0.146150
28.0810,-4466,-11.691961,-0.146150
28.0910,-4466,-11.691961,-0.146150
28.1010,-4467,-11.694580,-0.146182
28.1110,-4467,-11.694580,-0.146182
28.1210,-4467,-11.694580,-0.146182
28.1310,-4467,-11.694580,-0.146182
28.1410,-4468,-11.697197,-0.146215
28.1510,-4468,-11.697197,-0.146215
28.1610,-4468,-11.697197,-0.146215
28.1710,-4468,-11.697197,-0.146215
28.1810,-4468,-11.697197,-0.146215
28.1910,-4467,-11.694580,-0.146182
28.2010,-4467,-11.694580,-0.146182
28.2110,-4467,-11.694580,-0.146182
28.2210,-4467,-11.694580,-0.146182
28.2310,-4467,-11.694580,-0.146182
28.2410,-4468,-11.697197,-0.146215
28.2520,-4468,-11.697197,-0.146215
28.2610,-4468,-11.697197,-0.146215
28.2710,-4468,-11.697197,-0.146215
28.2810,-4469,-11.699815,-0.146248
28.2910,-4469,-11.699815,-0.146248
28.3010,-4470,-11.702433,-0.146280
28.3110,-4470,-11.702433,-0.146280
28.3210,-4471,-11.705052,-0.146313
28.3310,-4471,-11.705052,-0.146313
28.3410,-4471,-11.705052,-0.146313
28.3510,-4472,-11.707670,-0.146346
28.3610,-4472,-11.707670,-0.146346
28.3710,-4472,-11.707670,-0.146346
28.3810,-4473,-11.710288,-0.146379
28.3910,-4474,-11.712905,-0.146411
28.4010,-4474,-11.712905,-0.146411
28.4110,-4474,-11.712905,-0.146411
28.4210,-4475,-11.715523,-0.146444
28.4310,-4475,-11.715523,-0.146444
28.4410,-4475,-11.715523,-0.146444
28.4510,-4475,-11.715523,-0.146444
28.4610,-4475,-11.715523,-0.146444
28.4710,-4475,-11.715523,-0.146444
28.4810,-4475,-11.715523,-0.146444
28.4910,-4475,-11.715523,-0.146444
28.5010,-4475,-11.715523,-0.146444
28.5110,-4475,-11.715523,-0.146444
28.5210,-4476,-11.718141,-0.146477
28.5310,-4476,-11.718141,-0.146477
28.5410,-4476,-11.718141,-0.146477
28.5510,-4476,-11.718141,-0.146477
28.5610,-4477,-11.720759,-0.146509
28.5710,-4477,-11.720759,-0.146509
28.5810,-4477,-11.720759,-0.146509
28.5910,-4477,-11.720759,-0.146509
28.6010,-4477,-11.720759,-0.146509
28.6110,-4477,-11.720759,-0.146509
28.6210,-4477,-11.720759,-0.146509
28.6310,-4476,-11.718141,-0.146477
28.6410,-4476,-11.718141,-0.146477
28.6510,-4476,-11.718141,-0.146477
28.6610,-4477,-11.720759,-0.146509
28.6710,-4477,-11.720759,-0.146509
28.6810,-4478,-11.723377,-0.146542
28.6910,-4478,-11.723377,-0.146542
28.7010,-4478,-11.723377,-0.146542
28.7110,-4479,-11.725996,-0.146575
28.7210,-4479,-11.725996,-0.146575
28.7310,-4479,-11.725996,-0.146575
28.7410,-4479,-11.725996,-0.146575
28.7510,-4478,-11.723377,-0.146542
28.7610,-4478,-11.723377,-0.146542
28.7710,-4478,-11.723377,-0.146542
28.7810,-4478,-11.723377,-0.146542
28.7910,-4478,-11.723377,-0.146542
28.8010,-4478,-11.723377,-0.146542
28.8110,-4479,-11.725996,-0.146575
28.8210,-4479,-11.725996,-0.146575
28.8310,-4480,-11.728613,-0.146608
28.8410,-4480,-11.728613,-0.146608
28.8510,-4480,-11.728613,-0.146608
28.8610,-4480,-11.728613,-0.146608
28.8710,-4480,-11.728613,-0.146608
28.8810,-4480,-11.728613,-0.146608
28.8920,-4480,-11.728613,-0.146608
28.9010,-4479,-11.725996,-0.146575
28.9110,-4479,-11.725996,-0.146575
28.9210,-4479,-11.725996,-0.146575
28.9310,-4479,-11.725996,-0.146575
28.9410,-4480,-11.728613,-0.146608
28.9510,-4480,-11.728613,-0.146608
28.9610,-4481,-11.731231,-0.146640
28.9710,-4481,-11.731231,-0.146640
28.9810,-4481,-11.731231,-0.146640
28.9910,-4482,-11.733849,-0.146673
29.0010,-4482,-11.733849,-0.146673
29.0110,-4482,-11.733849,-0.146673
29.0210,-4481,-11.731231,-0.146640
29.0310,-4481,-11.731231,-0.146640
29.0410,-4481,-11.731231,-0.146640
29.0510,-4481,-11.731231,-0.146640
29.0610,-4480,-11.728613,-0.146608
29.0710,-4481,-11.731231,-0.146640
29.0810,-4481,-11.731231,-0.146640
29.0910,-4482,-11.733849,-0.146673
29.1010,-4482,-11.733849,-0.146673
29.1110,-4483,-11.736468,-0.146706
29.1210,-4483,-11.736468,-0.146706
29.1310,-4483,-11.736468,-0.146706
29.1410,-4483,-11.736468,-0.146706
29.1510,-4483,-11.736468,-0.146706
29.1610,-4483,-11.736468,-0.146706
29.1710,-4482,-11.733849,-0.146673
29.1810,-4482,-11.733849,-0.146673
29.1910,-4482,-11.733849,-0.146673
29.2010,-4482,-11.733849,-0.146673
29.2110,-4482,-11.733849,-0.146673
29.2210,-4482,-11.733849,-0.146673
29.2310,-4483,-11.736468,-0.146706
29.2410,-4483,-11.736468,-0.146706
29.2510,-4484,-11.739086,-0.146739
29.2610,-4484,-11.739086,-0.146739
29.2710,-4484,-11.739086,-0.146739
29.2810,-4484,-11.739086,-0.146739
29.2910,-4484,-11.739086,-0.146739
29.3010,-4484,-11.739086,-0.146739
29.3110,-4483,-11.736468,-0.146706
29.3210,-4483,-11.736468,-0.146706
29.3310,-4483,-11.736468,-0.146706
29.3410,-4483,-11.736468,-0.146706
29.3510,-4483,-11.736468,-0.146706
29.3610,-4483,-11.736468,-0.146706
29.3710,-4484,-11.739086,-0.146739
29.3810,-4484,-11.739086,-0.146739
29.3910,-4485,-11.741703,-0.146771
29.4010,-4485,-11.741703,-0.146771
29.4110,-4485,-11.741703,-0.146771
29.4210,-4485,-11.741703,-0.146771
29.4310,-4484,-11.739086,-0.146739
29.4410,-4484,-11.739086,-0.146739
29.4510,-4484,-11.739086,-0.146739
29.4610,-4484,-11.739086,-0.146739
29.4710,-4484,-11.739086,-0.146739
29.4810,-4484,-11.739086,-0.146739
29.4910,-4484,-11.739086,-0.146739
29.5010,-4484,-11.739086,-0.146739
29.5110,-4485,-11.741703,-0.146771
29.5210,-4485,-11.741703,-0.146771
29.5320,-4485,-11.741703,-0.146771
29.5410,-4485,-11.741703,-0.146771
29.5510,-4485,-11.741703,-0.146771
29.5610,-4485,-11.741703,-0.146771
29.5710,-4485,-11.741703,-0.146771
29.5810,-4485,-11.741703,-0.146771
29.5910,-4485,-11.741703,-0.146771
29.6010,-4484,-11.739086,-0.146739
29.6110,-4484,-11.739086,-0.146739
29.6210,-4484,-11.739086,-0.146739
29.6310,-4485,-11.741703,-0.146771
29.6410,-4485,-11.741703,-0.146771
29.6510,-4486,-11.744321,-0.146804
29.6610,-4486,-11.744321,-0.146804
29.6710,-4486,-11.744321,-0.146804
29.6810,-4486,-11.744321,-0.146804
29.6910,-4486,-11.744321,-0.146804
29.7010,-4486,-11.744321,-0.146804
29.7110,-4486,-11.744321,-0.146804
29.7210,-4486,-11.744321,-0.146804
29.7310,-4485,-11.741703,-0.146771
29.7410,-4485,-11.741703,-0.146771
29.7510,-4485,-11.741703,-0.146771
29.7610,-4485,-11.741703,-0.146771
29.7710,-4486,-11.744321,-0.146804
29.7810,-4486,-11.744321,-0.146804
29.7910,-4486,-11.744321,-0.146804
29.8010,-4486,-11.744321,-0.146804
29.8110,-4487,-11.746939,-0.146837
29.8210,-4487,-11.746939,-0.146837
29.8310,-4487,-11.746939,-0.146837
29.8410,-4486,-11.744321,-0.146804
29.8510,-4486,-11.744321,-0.146804
29.8610,-4486,-11.744321,-0.146804
29.8710,-4486,-11.744321,-0.146804
29.8810,-4486,-11.744321,-0.146804
29.8910,-4486,-11.744321,-0.146804
29.9010,-4486,-11.744321,-0.146804
29.9110,-4486,-11.744321,-0.146804
29.9210,-4486,-11.744321,-0.146804
29.9310,-4487,-11.746939,-0.146837
29.9410,-4487,-11.746939,-0.146837
29.9510,-4487,-11.746939,-0.146837
29.9610,-4487,-11.746939,-0.146837
29.9710,-4487,-11.746939,-0.146837
29.9810,-4487,-11.746939,-0.146837
29.9910,-4487,-11.746939,-0.146837
30.0010,-4487,-11.746939,-0.146837
30.0110,-4486,-11.744321,-0.146804
30.0210,-4486,-11.744321,-0.146804
30.0310,-4486,-11.744321,-0.146804
30.0410,-4487,-11.746939,-0.146837
30.0510,-4487,-11.746939,-0.146837
30.0610,-4487,-11.746939,-0.146837
30.0710,-4487,-11.746939,-0.146837
30.0810,-4487,-11.746939,-0.146837
30.0910,-4488,-11.749557,-0.146869
30.1010,-4488,-11.749557,-0.146869
30.1110,-4487,-11.746939,-0.146837
30.1210,-4487,-11.746939,-0.146837
30.1310,-4487,-11.746939,-0.146837
30.1410,-4487,-11.746939,-0.146837
30.1510,-4487,-11.746939,-0.146837
30.1610,-4487,-11.746939,-0.146837
30.1720,-4487,-11.746939,-0.146837
30.1810,-4487,-11.746939,-0.146837
30.1910,-4487,-11.746939,-0.146837
30.2010,-4487,-11.746939,-0.146837
30.2110,-4488,-11.749557,-0.146869
30.2210,-4488,-11.749557,-0.146869
30.2310,-4488,-11.749557,-0.146869
30.2410,-4488,-11.749557,-0.146869
30.2510,-4488,-11.749557,-0.146869
30.2610,-4488,-11.749557,-0.146869
30.2710,-4488,-11.749557,-0.146869
30.2810,-4488,-11.749557,-0.146869
30.2910,-4487,-11.746939,-0.146837
30.3010,-4487,-11.746939,-0.146837
30.3110,-4487,-11.746939,-0.146837
30.3210,-4488,-11.749557,-0.146869
30.3310,-4488,-11.749557,-0.146869
30.3410,-4488,-11.749557,-0.146869
30.3510,-4488,-11.749557,-0.146869
30.3610,-4488,-11.749557,-0.146869
30.3710,-4488,-11.749557,-0.146869
30.3810,-4488,-11.749557,-0.146869
30.3910,-4488,-11.749557,-0.146869
30.4010,-4488,-11.749557,-0.146869
30.4110,-4488,-11.749557,-0.146869
30.4210,-4488,-11.749557,-0.146869
30.4310,-4488,-11.749557,-0.146869
30.4410,-4488,-11.749557,-0.146869
30.4510,-4488,-11.749557,-0.146869
30.4610,-4488,-11.749557,-0.146869
30.4710,-4488,-11.749557,-0.146869
30.4810,-4488,-11.749557,-0.146869
30.4910,-4488,-11.749557,-0.146869
30.5010,-4489,-11.752175,-0.146902
30.5110,-4489,-11.752175,-0.146902
30.5210,-4489,-11.752175,-0.146902
30.5310,-4489,-11.752175,-0.146902
30.5410,-4488,-11.749557,-0.146869
30.5510,-4488,-11.749557,-0.146869
30.5610,-4488,-11.749557,-0.146869
30.5710,-4488,-11.749557,-0.146869
30.5810,-4488,-11.749557,-0.146869
30.5910,-4488,-11.749557,-0.146869
30.6010,-4488,-11.749557,-0.146869
30.6110,-4488,-11.749557,-0.146869
30.6210,-4489,-11.752175,-0.146902
30.6310,-4489,-11.752175,-0.146902
30.6410,-4489,-11.752175,-0.146902
30.6510,-4489,-11.752175,-0.146902
30.6610,-4489,-11.752175,-0.146902
30.6710,-4489,-11.752175,-0.146902
30.6810,-4489,-11.752175,-0.146902
30.6910,-4489,-11.752175,-0.146902
30.7010,-4489,-11.752175,-0.146902
30.7110,-4488,-11.749557,-0.146869
30.7210,-4488,-11.749557,-0.146869
30.7310,-4488,-11.749557,-0.146869
30.7410,-4489,-11.752175,-0.146902
30.7510,-4489,-11.752175,-0.146902
30.7610,-4489,-11.752175,-0.146902
30.7710,-4489,-11.752175,-0.146902
30.7810,-4490,-11.754793,-0.146935
30.7910,-4490,-11.754793,-0.146935
30.8010,-4490,-11.754793,-0.146935
30.8120,-4490,-11.754793,-0.146935
30.8210,-4489,-11.752175,-0.146902
30.8310,-4489,-11.752175,-0.146902
30.8410,-4489,-11.752175,-0.146902
30.8510,-4489,-11.752175,-0.146902
30.8610,-4489,-11.752175,-0.146902
30.8710,-4489,-11.752175,-0.146902
30.8810,-4490,-11.754793,-0.146935
30.8910,-4490,-11.754793,-0.146935
30.9010,-4490,-11.754793,-0.146935
30.9110,-4490,-11.754793,-0.146935
30.9210,-4490,-11.754793,-0.146935
30.9310,-4490,-11.754793,-0.146935
30.9410,-4490,-11.754793,-0.146935
30.9510,-4490,-11.754793,-0.146935
30.9610,-4490,-11.754793,-0.146935
30.9710,-4490,-11.754793,-0.146935
30.9810,-4490,-11.754793,-0.146935
30.9910,-4490,-11.754793,-0.146935
31.0010,-4490,-11.754793,-0.146935
31.0110,-4490,-11.754793,-0.146935
31.0210,-4490,-11.754793,-0.146935
31.0310,-4490,-11.754793,-0.146935
31.0410,-4491,-11.757411,-0.146968
31.0510,-4491,-11.757411,-0.146968
31.0610,-4491,-11.757411,-0.146968
31.0710,-4491,-11.757411,-0.146968
31.0810,-4491,-11.757411,-0.146968
31.0910,-4491,-11.757411,-0.146968
31.1010,-4491,-11.757411,-0.146968
31.1110,-4491,-11.757411,-0.146968
31.1210,-4490,-11.754793,-0.146935
31.1310,-4490,-11.754793,-0.146935
31.1410,-4490,-11.754793,-0.146935
31.1510,-4491,-11.757411,-0.146968
31.1610,-4491,-11.757411,-0.146968
31.1710,-4491,-11.757411,-0.146968
31.1810,-4491,-11.757411,-0.146968
31.1910,-4492,-11.760029,-0.147000
31.2010,-4492,-11.760029,-0.147000
31.2110,-4492,-11.760029,-0.147000
31.2210,-4492,-11.760029,-0.147000
31.2310,-4492,-11.760029,-0.147000
31.2410,-4491,-11.757411,-0.146968
31.2510,-4491,-11.757411,-0.146968
31.2610,-4491,-11.757411,-0.146968
31.2710,-4491,-11.757411,-0.146968
31.2810,-4491,-11.757411,-0.146968
31.2910,-4491,-11.757411,-0.146968
31.3010,-4492,-11.760029,-0.147000
31.3110,-4492,-11.760029,-0.147000
31.3210,-4492,-11.760029,-0.147000
31.3310,-4492,-11.760029,-0.147000
31.3410,-4492,-11.760029,-0.147000
31.3510,-4492,-11.760029,-0.147000
31.3610,-4492,-11.760029,-0.147000
31.3710,-4492,-11.760029,-0.147000
31.3810,-4492,-11.760029,-0.147000
31.3910,-4492,-11.760029,-0.147000
31.4010,-4492,-11.760029,-0.147000
31.4110,-4492,-11.760029,-0.147000
31.4210,-4492,-11.760029,-0.147000
31.4310,-4492,-11.760029,-0.147000
31.4410,-4492,-11.760029,-0.147000
31.4520,-4493,-11.762647,-0.147033
31.4610,-4493,-11.762647,-0.147033
31.4710,-4493,-11.762647,-0.147033
31.4810,-4493,-11.762647,-0.147033
31.4910,-4493,-11.762647,-0.147033
31.5010,-4493,-11.762647,-0.147033
31.5110,-4493,-11.762647,-0.147033
31.5210,-4493,-11.762647,-0.147033
31.5310,-4493,-11.762647,-0.147033
31.5410,-4492,-11.760029,-0.147000
31.5510,-4492,-11.760029,-0.147000
31.5610,-4492,-11.760029,-0.147000
31.5710,-4493,-11.762647,-0.147033
31.5810,-4493,-11.762647,-0.147033
31.5910,-4493,-11.762647,-0.147033
31.6010,-4494,-11.765265,-0.147066
31.6110,-4494,-11.765265,-0.147066
31.6210,-4494,-11.765265,-0.147066
31.6310,-4494,-11.765265,-0.147066
31.6410,-4494,-11.765265,-0.147066
31.6510,-4494,-11.765265,-0.147066
31.6610,-4494,-11.765265,-0.147066
31.6710,-4494,-11.765265,-0.147066
31.6810,-4493,-11.762647,-0.147033
31.6910,-4493,-11.762647,-0.147033
31.7010,-4493,-11.762647,-0.147033
31.7110,-4494,-11.765265,-0.147066
31.7210,-4494,-11.765265,-0.147066
31.7310,-4494,-11.765265,-0.147066
31.7410,-4495,-11.767884,-0.147099
31.7510,-4495,-11.767884,-0.147099
31.7610,-4495,-11.767884,-0.147099
31.7710,-4495,-11.767884,-0.147099
31.7810,-4495,-11.767884,-0.147099
31.7910,-4495,-11.767884,-0.147099
31.8010,-4495,-11.767884,-0.147099
31.8110,-4494,-11.765265,-0.147066
31.8210,-4494,-11.765265,-0.147066
31.8310,-4494,-11.765265,-0.147066
31.8410,-4494,-11.765265,-0.147066
31.8510,-4495,-11.767884,-0.147099
31.8610,-4495,-11.767884,-0.147099
31.8710,-4495,-11.767884,-0.147099
31.8810,-4495,-11.767884,-0.147099
31.8910,-4496,-11.770502,-0.147131
31.9010,-4496,-11.770502,-0.147131
31.9110,-4496,-11.770502,-0.147131
31.9210,-4496,-11.770502,-0.147131
31.9310,-4496,-11.770502,-0.147131
31.9410,-4495,-11.767884,-0.147099
31.9510,-4495,-11.767884,-0.147099
31.9610,-4495,-11.767884,-0.147099
31.9710,-4495,-11.767884,-0.147099
31.9810,-4495,-11.767884,-0.147099
31.9910,-4496,-11.770502,-0.147131
32.0010,-4496,-11.770502,-0.147131
32.0110,-4496,-11.770502,-0.147131
32.0210,-4496,-11.770502,-0.147131
32.0310,-4497,-11.773119,-0.147164
32.0410,-4497,-11.773119,-0.147164
32.0510,-4497,-11.773119,-0.147164
32.0610,-4497,-11.773119,-0.147164
32.0710,-4496,-11.770502,-0.147131
32.0810,-4496,-11.770502,-0.147131
32.0920,-4496,-11.770502,-0.147131
32.1010,-4496,-11.770502,-0.147131
32.1110,-4496,-11.770502,-0.147131
32.1210,-4496,-11.770502,-0.147131
32.1310,-4496,-11.770502,-0.147131
32.1410,-4496,-11.770502,-0.147131
32.1510,-4497,-11.773119,-0.147164
32.1610,-4497,-11.773119,-0.147164
32.1710,-4497,-11.773119,-0.147164
32.1810,-4497,-11.773119,-0.147164
32.1910,-4497,-11.773119,-0.147164
32.2010,-4497,-11.773119,-0.147164
32.2110,-4497,-11.773119,-0.147164
32.2210,-4497,-11.773119,-0.147164
32.2310,-4496,-11.770502,-0.147131
32.2410,-4496,-11.770502,-0.147131
32.2510,-4496,-11.770502,-0.147131
32.2610,-4497,-11.773119,-0.147164
32.2710,-4497,-11.773119,-0.147164
32.2810,-4497,-11.773119,-0.147164
32.2910,-4498,-11.775737,-0.147197
32.3010,-4498,-11.775737,-0.147197
32.3110,-4498,-11.775737,-0.147197
32.3210,-4498,-11.775737,-0.147197
32.3310,-4498,-11.775737,-0.147197
32.3410,-4498,-11.775737,-0.147197
32.3510,-4498,-11.775737,-0.147197
32.3610,-4497,-11.773119,-0.147164
32.3710,-4497,-11.773119,-0.147164
32.3810,-4497,-11.773119,-0.147164
32.3910,-4497,-11.773119,-0.147164
32.4010,-4498,-11.775737,-0.147197
32.4110,-4498,-11.775737,-0.147197
32.4210,-4498,-11.775737,-0.147197
32.4310,-4498,-11.775737,-0.147197
32.4410,-4498,-11.775737,-0.147197
32.4510,-4499,-11.778355,-0.147229
32.4610,-4499,-11.778355,-0.147229
32.4710,-4499,-11.778355,-0.147229
32.4810,-4498,-11.775737,-0.147197
32.4910,-4498,-11.775737,-0.147197
32.5010,-4498,-11.775737,-0.147197
32.5110,-4498,-11.775737,-0.147197
32.5210,-4498,-11.775737,-0.147197
32.5310,-4498,-11.775737,-0.147197
32.5410,-4498,-11.775737,-0.147197
32.5510,-4498,-11.775737,-0.147197
32.5610,-4499,-11.778355,-0.147229
32.5710,-4499,-11.778355,-0.147229
32.5810,-4499,-11.778355,-0.147229
32.5910,-4499,-11.778355,-0.147229
32.6010,-4499,-11.778355,-0.147229
32.6110,-4499,-11.778355,-0.147229
32.6210,-4499,-11.778355,-0.147229
32.6310,-4499,-11.778355,-0.147229
32.6410,-4499,-11.778355,-0.147229
32.6510,-4498,-11.775737,-0.147197
32.6610,-4498,-11.775737,-0.147197
32.6710,-4498,-11.775737,-0.147197
32.6810,-4499,-11.778355,-0.147229
32.6910,-4499,-11.778355,-0.147229
32.7010,-4499,-11.778355,-0.147229
32.7110,-4499,-11.778355,-0.147229
32.7210,-4500,-11.780973,-0.147262
32.7320,-4500,-11.780973,-0.147262
32.7410,-4500,-11.780973,-0.147262
32.7510,-4500,-11.780973,-0.147262
32.7610,-4499,-11.778355,-0.147229
32.7710,-4499,-11.778355,-0.147229
32.7810,-4499,-11.778355,-0.147229
32.7910,-4499,-11.778355,-0.147229
32.8010,-4499,-11.778355,-0.147229
32.8110,-4499,-11.778355,-0.147229
32.8210,-4499,-11.778355,-0.147229
32.8310,-4499,-11.778355,-0.147229
32.8410,-4500,-11.780973,-0.147262
32.8510,-4500,-11.780973,-0.147262
32.8610,-4500,-11.780973,-0.147262
32.8710,-4500,-11.780973,-0.147262
32.8810,-4500,-11.780973,-0.147262
32.8910,-4500,-11.780973,-0.147262
32.9010,-4500,-11.780973,-0.147262
32.9110,-4500,-11.780973,-0.147262
32.9210,-4500,-11.780973,-0.147262
32.9310,-4499,-11.778355,-0.147229
32.9410,-4499,-11.778355,-0.147229
32.9510,-4499,-11.778355,-0.147229
32.9610,-4500,-11.780973,-0.147262
32.9710,-4500,-11.780973,-0.147262
32.9810,-4500,-11.780973,-0.147262
32.9910,-4500,-11.780973,-0.147262
33.0010,-4501,-11.783591,-0.147295
33.0110,-4501,-11.783591,-0.147295
33.0210,-4501,-11.783591,-0.147295
33.0310,-4500,-11.780973,-0.147262
33.0410,-4500,-11.780973,-0.147262
33.0510,-4500,-11.780973,-0.147262
33.0610,-4500,-11.780973,-0.147262
33.0710,-4500,-11.780973,-0.147262
33.0810,-4500,-11.780973,-0.147262
33.0910,-4500,-11.780973,-0.147262
33.1010,-4500,-11.780973,-0.147262
33.1110,-4500,-11.780973,-0.147262
33.1210,-4501,-11.783591,-0.147295
33.1310,-4501,-11.783591,-0.147295
33.1410,-4501,-11.783591,-0.147295
33.1510,-4501,-11.783591,-0.147295
33.1610,-4501,-11.783591,-0.147295
33.1710,-4501,-11.783591,-0.147295
33.1810,-4501,-11.783591,-0.147295
33.1910,-4501,-11.783591,-0.147295
33.2010,-4500,-11.780973,-0.147262
33.2110,-4500,-11.780973,-0.147262
33.2210,-4500,-11.780973,-0.147262
33.2310,-4501,-11.783591,-0.147295
33.2410,-4501,-11.783591,-0.147295
33.2510,-4501,-11.783591,-0.147295
33.2610,-4501,-11.783591,-0.147295
33.2710,-4501,-11.783591,-0.147295
33.2810,-4502,-11.786210,-0.147328
33.2910,-4502,-11.786210,-0.147328
33.3010,-4502,-11.786210,-0.147328
33.3110,-4501,-11.783591,-0.147295
33.3210,-4501,-11.783591,-0.147295
33.3310,-4501,-11.783591,-0.147295
33.3410,-4501,-11.783591,-0.147295
33.3510,-4501,-11.783591,-0.147295
33.3610,-4501,-11.783591,-0.147295
33.3720,-4501,-11.783591,-0.147295
33.3810,-4501,-11.783591,-0.147295
33.3910,-4502,-11.786210,-0.147328
33.4010,-4502,-11.786210,-0.147328
33.4110,-4502,-11.786210,-0.147328
33.4210,-4502,-11.786210,-0.147328
33.4310,-4502,-11.786210,-0.147328
33.4410,-4502,-11.786210,-0.147328
33.4510,-4502,-11.786210,-0.147328
33.4610,-4502,-11.786210,-0.147328
33.4710,-4502,-11.786210,-0.147328
33.4810,-4501,-11.783591,-0.147295
33.4910,-4501,-11.783591,-0.147295
33.5010,-4501,-11.783591,-0.147295
33.5110,-4502,-11.786210,-0.147328
33.5210,-4502,-11.786210,-0.147328
33.5310,-4502,-11.786210,-0.147328
33.5410,-4502,-11.786210,-0.147328
33.5510,-4502,-11.786210,-0.147328
33.5610,-4502,-11.786210,-0.147328
33.5710,-4502,-11.786210,-0.147328
33.5810,-4502,-11.786210,-0.147328
33.5910,-4502,-11.786210,-0.147328
33.6010,-4502,-11.786210,-0.147328
33.6110,-4502,-11.786210,-0.147328
33.6210,-4502,-11.786210,-0.147328
33.6310,-4502,-11.786210,-0.147328
33.6410,-4502,-11.786210,-0.147328
33.6510,-4502,-11.786210,-0.147328
33.6610,-4502,-11.786210,-0.147328
33.6710,-4503,-11.788827,-0.147360
33.6810,-4503,-11.788827,-0.147360
33.6910,-4503,-11.788827,-0.147360
33.7010,-4503,-11.788827,-0.147360
33.7110,-4503,-11.788827,-0.147360
33.7210,-4503,-11.788827,-0.147360
33.7310,-4503,-11.788827,-0.147360
33.7410,-4503,-11.788827,-0.147360
33.7510,-4503,-11.788827,-0.147360
33.7610,-4502,-11.786210,-0.147328
33.7710,-4502,-11.786210,-0.147328
33.7810,-4502,-11.786210,-0.147328
33.7910,-4503,-11.788827,-0.147360
33.8010,-4503,-11.788827,-0.147360
33.8110,-4503,-11.788827,-0.147360
33.8210,-4503,-11.788827,-0.147360
33.8310,-4503,-11.788827,-0.147360
33.8410,-4503,-11.788827,-0.147360
33.8510,-4503,-11.788827,-0.147360
33.8610,-4503,-11.788827,-0.147360
33.8710,-4503,-11.788827,-0.147360
33.8810,-4503,-11.788827,-0.147360
33.8910,-4503,-11.788827,-0.147360
33.9010,-4503,-11.788827,-0.147360
33.9110,-4503,-11.788827,-0.147360
33.9210,-4503,-11.788827,-0.147360
33.9310,-4503,-11.788827,-0.147360
33.9410,-4503,-11.788827,-0.147360
33.9510,-4504,-11.791445,-0.147393
33.9610,-4504,-11.791445,-0.147393
33.9710,-4504,-11.791445,-0.147393
33.9810,-4504,-11.791445,-0.147393
33.9910,-4504,-11.791445,-0.147393
34.0010,-4504,-11.791445,-0.147393
34.0120,-4504,-11.791445,-0.147393
34.0210,-4504,-11.791445,-0.147393
34.0310,-4504,-11.791445,-0.147393
34.0410,-4503,-11.788827,-0.147360
34.0510,-4503,-11.788827,-0.147360
34.0610,-4503,-11.788827,-0.147360
34.0710,-4504,-11.791445,-0.147393
34.0810,-4504,-11.791445,-0.147393
34.0910,-4504,-11.791445,-0.147393
34.1010,-4504,-11.791445,-0.147393
34.1110,-4504,-11.791445,-0.147393
34.1210,-4504,-11.791445,-0.147393
34.1310,-4504,-11.791445,-0.147393
34.1410,-4504,-11.791445,-0.147393
34.1510,-4504,-11.791445,-0.147393
34.1610,-4504,-11.791445,-0.147393
34.1710,-4504,-11.791445,-0.147393
34.1810,-4504,-11.791445,-0.147393
34.1910,-4504,-11.791445,-0.147393
34.2010,-4504,-11.791445,-0.147393
34.2110,-4504,-11.791445,-0.147393
34.2210,-4504,-11.791445,-0.147393
34.2310,-4505,-11.794063,-0.147426
34.2410,-4505,-11.794063,-0.147426
34.2510,-4505,-11.794063,-0.147426
34.2610,-4505,-11.794063,-0.147426
34.2710,-4505,-11.794063,-0.147426
34.2810,-4505,-11.794063,-0.147426
34.2910,-4505,-11.794063,-0.147426
34.3010,-4505,-11.794063,-0.147426
34.3110,-4504,-11.791445,-0.147393
34.3210,-4504,-11.791445,-0.147393
34.3310,-4504,-11.791445,-0.147393
34.3410,-4505,-11.794063,-0.147426
34.3510,-4505,-11.794063,-0.147426
34.3610,-4505,-11.794063,-0.147426
34.3710,-4505,-11.794063,-0.147426
34.3810,-4505,-11.794063,-0.147426
34.3910,-4506,-11.796682,-0.147459
34.4010,-4506,-11.796682,-0.147459
34.4110,-4506,-11.796682,-0.147459
34.4210,-4506,-11.796682,-0.147459
34.4310,-4505,-11.794063,-0.147426
34.4410,-4505,-11.794063,-0.147426
34.4510,-4505,-11.794063,-0.147426
34.4610,-4505,-11.794063,-0.147426
34.4710,-4505,-11.794063,-0.147426
34.4810,-4505,-11.794063,-0.147426
34.4910,-4505,-11.794063,-0.147426
34.5010,-4506,-11.796682,-0.147459
34.5110,-4506,-11.796682,-0.147459
34.5210,-4506,-11.796682,-0.147459
34.5310,-4506,-11.796682,-0.147459
34.5410,-4506,-11.796682,-0.147459
34.5510,-4506,-11.796682,-0.147459
34.5610,-4506,-11.796682,-0.147459
34.5710,-4506,-11.796682,-0.147459
34.5810,-4506,-11.796682,-0.147459
34.5910,-4505,-11.794063,-0.147426
34.6010,-4505,-11.794063,-0.147426
34.6110,-4505,-11.794063,-0.147426
34.6210,-4506,-11.796682,-0.147459
34.6310,-4506,-11.796682,-0.147459
34.6410,-4506,-11.796682,-0.147459
34.6520,-4506,-11.796682,-0.147459
34.6610,-4507,-11.799300,-0.147491
34.6710,-4507,-11.799300,-0.147491
34.6810,-4507,-11.799300,-0.147491
34.6910,-4507,-11.799300,-0.147491
34.7010,-4507,-11.799300,-0.147491
34.7110,-4506,-11.796682,-0.147459
34.7210,-4506,-11.796682,-0.147459
34.7310,-4506,-11.796682,-0.147459
34.7410,-4506,-11.796682,-0.147459
34.7510,-4506,-11.796682,-0.147459
34.7610,-4506,-11.796682,-0.147459
34.7710,-4506,-11.796682,-0.147459
34.7810,-4507,-11.799300,-0.147491
34.7910,-4507,-11.799300,-0.147491
34.8010,-4507,-11.799300,-0.147491
34.8110,-4507,-11.799300,-0.147491
34.8210,-4507,-11.799300,-0.147491
34.8310,-4507,-11.799300,-0.147491
34.8410,-4507,-11.799300,-0.147491
34.8510,-4507,-11.799300,-0.147491
34.8610,-4507,-11.799300,-0.147491
34.8710,-4507,-11.799300,-0.147491
34.8810,-4507,-11.799300,-0.147491
34.8910,-4507,-11.799300,-0.147491
34.9010,-4507,-11.799300,-0.147491
34.9110,-4507,-11.799300,-0.147491
34.9210,-4507,-11.799300,-0.147491
34.9310,-4508,-11.801918,-0.147524
34.9410,-4508,-11.801918,-0.147524
34.9510,-4508,-11.801918,-0.147524
34.9610,-4508,-11.801918,-0.147524
34.9710,-4508,-11.801918,-0.147524
34.9810,-4508,-11.801918,-0.147524
34.9910,-4507,-11.799300,-0.147491
35.0010,-4507,-11.799300,-0.147491
35.0110,-4507,-11.799300,-0.147491
35.0210,-4507,-11.799300,-0.147491
35.0310,-4507,-11.799300,-0.147491
35.0410,-4508,-11.801918,-0.147524
35.0510,-4508,-11.801918,-0.147524
35.0610,-4508,-11.801918,-0.147524
35.0710,-4508,-11.801918,-0.147524
35.0810,-4508,-11.801918,-0.147524
35.0910,-4508,-11.801918,-0.147524
35.1010,-4508,-11.801918,-0.147524
35.1110,-4508,-11.801918,-0.147524
35.1210,-4508,-11.801918,-0.147524
35.1310,-4508,-11.801918,-0.147524
35.1410,-4508,-11.801918,-0.147524
35.1510,-4508,-11.801918,-0.147524
35.1610,-4508,-11.801918,-0.147524
35.1710,-4508,-11.801918,-0.147524
35.1810,-4508,-11.801918,-0.147524
35.1910,-4508,-11.801918,-0.147524
35.2010,-4509,-11.804535,-0.147557
35.2110,-4509,-11.804535,-0.147557
35.2210,-4509,-11.804535,-0.147557
35.2310,-4509,-11.804535,-0.147557
35.2410,-4509,-11.804535,-0.147557
35.2510,-4509,-11.804535,-0.147557
35.2610,-4509,-11.804535,-0.147557
35.2710,-4509,-11.804535,-0.147557
35.2810,-4508,-11.801918,-0.147524
35.2920,-4508,-11.801918,-0.147524
35.3010,-4508,-11.801918,-0.147524
35.3110,-4508,-11.801918,-0.147524
35.3210,-4509,-11.804535,-0.147557
35.3310,-4509,-11.804535,-0.147557
35.3410,-4509,-11.804535,-0.147557
35.3510,-4509,-11.804535,-0.147557
35.3610,-4510,-11.807153,-0.147589
35.3710,-4510,-11.807153,-0.147589
35.3810,-4510,-11.807153,-0.147589
35.3910,-4510,-11.807153,-0.147589
35.4010,-4509,-11.804535,-0.147557
35.4110,-4509,-11.804535,-0.147557
35.4210,-4509,-11.804535,-0.147557
35.4310,-4509,-11.804535,-0.147557
35.4410,-4509,-11.804535,-0.147557
35.4510,-4509,-11.804535,-0.147557
35.4610,-4510,-11.807153,-0.147589
35.4710,-4510,-11.807153,-0.147589
35.4810,-4510,-11.807153,-0.147589
35.4910,-4510,-11.807153,-0.147589
35.5010,-4510,-11.807153,-0.147589
35.5110,-4510,-11.807153,-0.147589
35.5210,-4510,-11.807153,-0.147589
35.5310,-4510,-11.807153,-0.147589
35.5410,-4510,-11.807153,-0.147589
35.5510,-4510,-11.807153,-0.147589
35.5610,-4510,-11.807153,-0.147589
35.5710,-4510,-11.807153,-0.147589
35.5810,-4510,-11.807153,-0.147589
35.5910,-4510,-11.807153,-0.147589
35.6010,-4510,-11.807153,-0.147589
35.6110,-4511,-11.809771,-0.147622
35.6210,-4511,-11.809771,-0.147622
35.6310,-4511,-11.809771,-0.147622
35.6410,-4511,-11.809771,-0.147622
35.6510,-4511,-11.809771,-0.147622
35.6610,-4511,-11.809771,-0.147622
35.6710,-4511,-11.809771,-0.147622
35.6810,-4511,-11.809771,-0.147622
35.6910,-4511,-11.809771,-0.147622
35.7010,-4511,-11.809771,-0.147622
35.7110,-4511,-11.809771,-0.147622
35.7210,-4511,-11.809771,-0.147622
35.7310,-4511,-11.809771,-0.147622
35.7410,-4511,-11.809771,-0.147622
35.7510,-4512,-11.812389,-0.147655
35.7610,-4512,-11.812389,-0.147655
35.7710,-4512,-11.812389,-0.147655
35.7810,-4512,-11.812389,-0.147655
35.7910,-4512,-11.812389,-0.147655
35.8010,-4512,-11.812389,-0.147655
35.8110,-4512,-11.812389,-0.147655
35.8210,-4512,-11.812389,-0.147655
35.8310,-4512,-11.812389,-0.147655
35.8410,-4511,-11.809771,-0.147622
35.8510,-4511,-11.809771,-0.147622
35.8610,-4511,-11.809771,-0.147622
35.8710,-4512,-11.812389,-0.147655
35.8810,-4512,-11.812389,-0.147655
35.8910,-4512,-11.812389,-0.147655
35.9010,-4513,-11.815007,-0.147688
35.9110,-4513,-11.815007,-0.147688
35.9210,-4513,-11.815007,-0.147688
35.9320,-4513,-11.815007,-0.147688
35.9410,-4513,-11.815007,-0.147688
35.9510,-4513,-11.815007,-0.147688
35.9610,-4513,-11.815007,-0.147688
35.9710,-4513,-11.815007,-0.147688
35.9810,-4512,-11.812389,-0.147655
35.9910,-4512,-11.812389,-0.147655
36.0010,-4512,-11.812389,-0.147655
36.0110,-4513,-11.815007,-0.147688
36.0210,-4513,-11.815007,-0.147688
36.0310,-4514,-11.817625,-0.147720
36.0410,-4514,-11.817625,-0.147720
36.0510,-4514,-11.817625,-0.147720
36.0610,-4514,-11.817625,-0.147720
36.0710,-4514,-11.817625,-0.147720
36.0810,-4514,-11.817625,-0.147720
36.0910,-4514,-11.817625,-0.147720
36.1010,-4514,-11.817625,-0.147720
36.1110,-4514,-11.817625,-0.147720
36.1210,-4513,-11.815007,-0.147688
36.1310,-4513,-11.815007,-0.147688
36.1410,-4513,-11.815007,-0.147688
36.1510,-4514,-11.817625,-0.147720
36.1610,-4514,-11.817625,-0.147720
36.1710,-4514,-11.817625,-0.147720
36.1810,-4515,-11.820243,-0.147753
36.1910,-4515,-11.820243,-0.147753
36.2010,-4515,-11.820243,-0.147753
36.2110,-4515,-11.820243,-0.147753
36.2210,-4515,-11.820243,-0.147753
36.2310,-4515,-11.820243,-0.147753
36.2410,-4514,-11.817625,-0.147720
36.2510,-4514,-11.817625,-0.147720
36.2610,-4514,-11.817625,-0.147720
36.2710,-4514,-11.817625,-0.147720
36.2810,-4514,-11.817625,-0.147720
36.2910,-4515,-11.820243,-0.147753
36.3010,-4515,-11.820243,-0.147753
36.3110,-4515,-11.820243,-0.147753
36.3210,-4515,-11.820243,-0.147753
36.3310,-4516,-11.822861,-0.147786
36.3410,-4516,-11.822861,-0.147786
36.3510,-4516,-11.822861,-0.147786
36.3610,-4516,-11.822861,-0.147786
36.3710,-4515,-11.820243,-0.147753
36.3810,-4515,-11.820243,-0.147753
36.3910,-4515,-11.820243,-0.147753
36.4010,-4515,-11.820243,-0.147753
36.4110,-4515,-11.820243,-0.147753
36.4210,-4515,-11.820243,-0.147753
36.4310,-4515,-11.820243,-0.147753
36.4410,-4516,-11.822861,-0.147786
36.4510,-4516,-11.822861,-0.147786
36.4610,-4516,-11.822861,-0.147786
36.4710,-4516,-11.822861,-0.147786
36.4810,-4516,-11.822861,-0.147786
36.4910,-4516,-11.822861,-0.147786
36.5010,-4516,-11.822861,-0.147786
36.5110,-4516,-11.822861,-0.147786
36.5210,-4516,-11.822861,-0.147786
36.5310,-4516,-11.822861,-0.147786
36.5410,-4516,-11.822861,-0.147786
36.5510,-4516,-11.822861,-0.147786
36.5610,-4516,-11.822861,-0.147786
36.5720,-4516,-11.822861,-0.147786
36.5810,-4516,-11.822861,-0.147786
36.5910,-4517,-11.825479,-0.147818
36.6010,-4517,-11.825479,-0.147818
36.6110,-4517,-11.825479,-0.147818
36.6210,-4517,-11.825479,-0.147818
36.6310,-4517,-11.825479,-0.147818
36.6410,-4517,-11.825479,-0.147818
36.6510,-4517,-11.825479,-0.147818
36.6610,-4517,-11.825479,-0.147818
36.6710,-4516,-11.822861,-0.147786
36.6810,-4516,-11.822861,-0.147786
36.6910,-4516,-11.822861,-0.147786
36.7010,-4517,-11.825479,-0.147818
36.7110,-4517,-11.825479,-0.147818
36.7210,-4517,-11.825479,-0.147818
36.7310,-4518,-11.828098,-0.147851
36.7410,-4518,-11.828098,-0.147851
36.7510,-4518,-11.828098,-0.147851
36.7610,-4518,-11.828098,-0.147851
36.7710,-4518,-11.828098,-0.147851
36.7810,-4518,-11.828098,-0.147851
36.7910,-4518,-11.828098,-0.147851
36.8010,-4517,-11.825479,-0.147818
36.8110,-4517,-11.825479,-0.147818
36.8210,-4517,-11.825479,-0.147818
36.8310,-4517,-11.825479,-0.147818
36.8410,-4518,-11.828098,-0.147851
36.8510,-4518,-11.828098,-0.147851
36.8610,-4518,-11.828098,-0.147851
36.8710,-4518,-11.828098,-0.147851
36.8810,-4519,-11.830716,-0.147884
36.8910,-4519,-11.830716,-0.147884
36.9010,-4519,-11.830716,-0.147884
36.9110,-4519,-11.830716,-0.147884
36.9210,-4518,-11.828098,-0.147851
36.9310,-4518,-11.828098,-0.147851
36.9410,-4518,-11.828098,-0.147851
36.9510,-4518,-11.828098,-0.147851
36.9610,-4518,-11.828098,-0.147851
36.9710,-4518,-11.828098,-0.147851
36.9810,-4518,-11.828098,-0.147851
36.9910,-4518,-11.828098,-0.147851
37.0010,-4519,-11.830716,-0.147884
37.0110,-4519,-11.830716,-0.147884
37.0210,-4519,-11.830716,-0.147884
37.0310,-4519,-11.830716,-0.147884
37.0410,-4519,-11.830716,-0.147884
37.0510,-4519,-11.830716,-0.147884
37.0610,-4519,-11.830716,-0.147884
37.0710,-4519,-11.830716,-0.147884
37.0810,-4519,-11.830716,-0.147884
37.0910,-4518,-11.828098,-0.147851
37.1010,-4518,-11.828098,-0.147851
37.1110,-4518,-11.828098,-0.147851
37.1210,-4519,-11.830716,-0.147884
37.1310,-4519,-11.830716,-0.147884
37.1410,-4520,-11.833333,-0.147917
37.1510,-4520,-11.833333,-0.147917
37.1610,-4520,-11.833333,-0.147917
37.1710,-4520,-11.833333,-0.147917
37.1810,-4520,-11.833333,-0.147917
37.1910,-4520,-11.833333,-0.147917
37.2010,-4520,-11.833333,-0.147917
37.2120,-4520,-11.833333,-0.147917
37.2210,-4520,-11.833333,-0.147917
37.2310,-4519,-11.830716,-0.147884
37.2410,-4519,-11.830716,-0.147884
37.2510,-4519,-11.830716,-0.147884
37.2610,-4520,-11.833333,-0.147917
37.2710,-4520,-11.833333,-0.147917
37.2810,-4521,-11.835951,-0.147949
37.2910,-4521,-11.835951,-0.147949
37.3010,-4521,-11.835951,-0.147949
37.3110,-4521,-11.835951,-0.147949
37.3210,-4521,-11.835951,-0.147949
37.3310,-4521,-11.835951,-0.147949
37.3410,-4521,-11.835951,-0.147949
37.3510,-4521,-11.835951,-0.147949
37.3610,-4521,-11.835951,-0.147949
37.3710,-4521,-11.835951,-0.147949
37.3810,-4521,-11.835951,-0.147949
37.3910,-4521,-11.835951,-0.147949
37.4010,-4521,-11.835951,-0.147949
37.4110,-4522,-11.838569,-0.147982
37.4210,-4522,-11.838569,-0.147982
37.4310,-4522,-11.838569,-0.147982
37.4410,-4523,-11.841187,-0.148015
37.4510,-4523,-11.841187,-0.148015
37.4610,-4523,-11.841187,-0.148015
37.4710,-4523,-11.841187,-0.148015
37.4810,-4523,-11.841187,-0.148015
37.4910,-4523,-11.841187,-0.148015
37.5010,-4522,-11.838569,-0.147982
37.5110,-4522,-11.838569,-0.147982
37.5210,-4522,-11.838569,-0.147982
37.5310,-4522,-11.838569,-0.147982
37.5410,-4523,-11.841187,-0.148015
37.5510,-4523,-11.841187,-0.148015
37.5610,-4524,-11.843805,-0.148048
37.5710,-4524,-11.843805,-0.148048
37.5810,-4524,-11.843805,-0.148048
37.5910,-4524,-11.843805,-0.148048
37.6010,-4524,-11.843805,-0.148048
37.6110,-4524,-11.843805,-0.148048
37.6210,-4524,-11.843805,-0.148048
37.6310,-4524,-11.843805,-0.148048
37.6410,-4523,-11.841187,-0.148015
37.6510,-4523,-11.841187,-0.148015
37.6610,-4523,-11.841187,-0.148015
37.6710,-4524,-11.843805,-0.148048
37.6810,-4524,-11.843805,-0.148048
37.6910,-4524,-11.843805,-0.148048
37.7010,-4525,-11.846423,-0.148080
37.7110,-4525,-11.846423,-0.148080
37.7210,-4525,-11.846423,-0.148080
37.7310,-4525,-11.846423,-0.148080
37.7410,-4525,-11.846423,-0.148080
37.7510,-4525,-11.846423,-0.148080
37.7610,-4525,-11.846423,-0.148080
37.7710,-4525,-11.846423,-0.148080
37.7810,-4524,-11.843805,-0.148048
37.7910,-4524,-11.843805,-0.148048
37.8010,-4524,-11.843805,-0.148048
37.8110,-4525,-11.846423,-0.148080
37.8210,-4525,-11.846423,-0.148080
37.8310,-4525,-11.846423,-0.148080
37.8410,-4526,-11.849041,-0.148113
37.8520,-4526,-11.849041,-0.148113
37.8610,-4526,-11.849041,-0.148113
37.8710,-4526,-11.849041,-0.148113
37.8810,-4526,-11.849041,-0.148113
37.8910,-4526,-11.849041,-0.148113
37.9010,-4526,-11.849041,-0.148113
37.9110,-4526,-11.849041,-0.148113
37.9210,-4526,-11.849041,-0.148113
37.9310,-4526,-11.849041,-0.148113
37.9410,-4526,-11.849041,-0.148113
37.9510,-4526,-11.849041,-0.148113
37.9610,-4526,-11.849041,-0.148113
37.9710,-4527,-11.851659,-0.148146
37.9810,-4527,-11.851659,-0.148146
37.9910,-4527,-11.851659,-0.148146
38.0010,-4528,-11.854277,-0.148178
38.0110,-4528,-11.854277,-0.148178
38.0210,-4528,-11.854277,-0.148178
38.0310,-4528,-11.854277,-0.148178
38.0410,-4527,-11.851659,-0.148146
38.0510,-4527,-11.851659,-0.148146
38.0610,-4527,-11.851659,-0.148146
38.0710,-4527,-11.851659,-0.148146
38.0810,-4527,-11.851659,-0.148146
38.0910,-4527,-11.851659,-0.148146
38.1010,-4527,-11.851659,-0.148146
38.1110,-4528,-11.854277,-0.148178
38.1210,-4528,-11.854277,-0.148178
38.1310,-4529,-11.856895,-0.148211
38.1410,-4529,-11.856895,-0.148211
38.1510,-4529,-11.856895,-0.148211
38.1610,-4529,-11.856895,-0.148211
38.1710,-4529,-11.856895,-0.148211
38.1810,-4528,-11.854277,-0.148178
38.1910,-4528,-11.854277,-0.148178
38.2010,-4528,-11.854277,-0.148178
38.2110,-4528,-11.854277,-0.148178
38.2210,-4528,-11.854277,-0.148178
38.2310,-4528,-11.854277,-0.148178
38.2410,-4529,-11.856895,-0.148211
38.2510,-4529,-11.856895,-0.148211
38.2610,-4529,-11.856895,-0.148211
38.2710,-4530,-11.859514,-0.148244
38.2810,-4530,-11.859514,-0.148244
38.2910,-4530,-11.859514,-0.148244
38.3010,-4530,-11.859514,-0.148244
38.3110,-4530,-11.859514,-0.148244
38.3210,-4530,-11.859514,-0.148244
38.3310,-4529,-11.856895,-0.148211
38.3410,-4529,-11.856895,-0.148211
38.3510,-4529,-11.856895,-0.148211
38.3610,-4529,-11.856895,-0.148211
38.3710,-4530,-11.859514,-0.148244
38.3810,-4530,-11.859514,-0.148244
38.3910,-4530,-11.859514,-0.148244
38.4010,-4531,-11.862132,-0.148277
38.4110,-4531,-11.862132,-0.148277
38.4210,-4531,-11.862132,-0.148277
38.4310,-4531,-11.862132,-0.148277
38.4410,-4531,-11.862132,-0.148277
38.4510,-4531,-11.862132,-0.148277
38.4610,-4531,-11.862132,-0.148277
38.4710,-4530,-11.859514,-0.148244
38.4810,-4530,-11.859514,-0.148244
38.4920,-4530,-11.859514,-0.148244
38.5010,-4530,-11.859514,-0.148244
38.5110,-4531,-11.862132,-0.148277
38.5210,-4531,-11.862132,-0.148277
38.5310,-4531,-11.862132,-0.148277
38.5410,-4532,-11.864749,-0.148309
38.5510,-4532,-11.864749,-0.148309
38.5610,-4532,-11.864749,-0.148309
38.5710,-4532,-11.864749,-0.148309
38.5810,-4532,-11.864749,-0.148309
38.5910,-4532,-11.864749,-0.148309
38.6010,-4532,-11.864749,-0.148309
38.6110,-4531,-11.862132,-0.148277
38.6210,-4531,-11.862132,-0.148277
38.6310,-4531,-11.862132,-0.148277
38.6410,-4531,-11.862132,-0.148277
38.6510,-4532,-11.864749,-0.148309
38.6610,-4532,-11.864749,-0.148309
38.6710,-4532,-11.864749,-0.148309
38.6810,-4533,-11.867366,-0.148342
38.6910,-4533,-11.867366,-0.148342
38.7010,-4533,-11.867366,-0.148342
38.7110,-4533,-11.867366,-0.148342
38.7210,-4533,-11.867366,-0.148342
38.7310,-4532,-11.864749,-0.148309
38.7410,-4532,-11.864749,-0.148309
38.7510,-4532,-11.864749,-0.148309
38.7610,-4532,-11.864749,-0.148309
38.7710,-4532,-11.864749,-0.148309
38.7810,-4532,-11.864749,-0.148309
38.7910,-4533,-11.867366,-0.148342
38.8010,-4533,-11.867366,-0.148342
38.8110,-4533,-11.867366,-0.148342
38.8210,-4534,-11.869985,-0.148375
38.8310,-4534,-11.869985,-0.148375
38.8410,-4534,-11.869985,-0.148375
38.8510,-4534,-11.869985,-0.148375
38.8610,-4534,-11.869985,-0.148375
38.8710,-4533,-11.867366,-0.148342
38.8810,-4533,-11.867366,-0.148342
38.8910,-4533,-11.867366,-0.148342
38.9010,-4533,-11.867366,-0.148342
38.9110,-4533,-11.867366,-0.148342
38.9210,-4533,-11.867366,-0.148342
38.9310,-4534,-11.869985,-0.148375
38.9410,-4534,-11.869985,-0.148375
38.9510,-4534,-11.869985,-0.148375
38.9610,-4535,-11.872603,-0.148408
38.9710,-4535,-11.872603,-0.148408
38.9810,-4535,-11.872603,-0.148408
38.9910,-4535,-11.872603,-0.148408
39.0010,-4535,-11.872603,-0.148408
39.0110,-4534,-11.869985,-0.148375
39.0210,-4534,-11.869985,-0.148375
39.0310,-4534,-11.869985,-0.148375
39.0410,-4534,-11.869985,-0.148375
39.0510,-4534,-11.869985,-0.148375
39.0610,-4535,-11.872603,-0.148408
39.0710,-4535,-11.872603,-0.148408
39.0810,-4535,-11.872603,-0.148408
39.0910,-4535,-11.872603,-0.148408
39.1010,-4536,-11.875221,-0.148440
39.1110,-4536,-11.875221,-0.148440
39.1210,-4536,-11.875221,-0.148440
39.1320,-4536,-11.875221,-0.148440
39.1410,-4536,-11.875221,-0.148440
39.1510,-4535,-11.872603,-0.148408
39.1610,-4535,-11.872603,-0.148408
39.1710,-4535,-11.872603,-0.148408
39.1810,-4535,-11.872603,-0.148408
39.1910,-4535,-11.872603,-0.148408
39.2010,-4536,-11.875221,-0.148440
39.2110,-4536,-11.875221,-0.148440
39.2210,-4536,-11.875221,-0.148440
39.2310,-4536,-11.875221,-0.148440
39.2410,-4537,-11.877839,-0.148473
39.2510,-4537,-11.877839,-0.148473
39.2610,-4537,-11.877839,-0.148473
39.2710,-4537,-11.877839,-0.148473
39.2810,-4537,-11.877839,-0.148473
39.2910,-4536,-11.875221,-0.148440
39.3010,-4536,-11.875221,-0.148440
39.3110,-4536,-11.875221,-0.148440
39.3210,-4536,-11.875221,-0.148440
39.3310,-4536,-11.875221,-0.148440
39.3410,-4537,-11.877839,-0.148473
39.3510,-4537,-11.877839,-0.148473
39.3610,-4537,-11.877839,-0.148473
39.3710,-4538,-11.880457,-0.148506
39.3810,-4538,-11.880457,-0.148506
39.3910,-4538,-11.880457,-0.148506
39.4010,-4538,-11.880457,-0.148506
39.4110,-4538,-11.880457,-0.148506
39.4210,-4538,-11.880457,-0.148506
39.4310,-4538,-11.880457,-0.148506
39.4410,-4538,-11.880457,-0.148506
39.4510,-4537,-11.877839,-0.148473
39.4610,-4537,-11.877839,-0.148473
39.4710,-4537,-11.877839,-0.148473
39.4810,-4538,-11.880457,-0.148506
39.4910,-4538,-11.880457,-0.148506
39.5010,-4539,-11.883075,-0.148538
39.5110,-4539,-11.883075,-0.148538
39.5210,-4539,-11.883075,-0.148538
39.5310,-4539,-11.883075,-0.148538
39.5410,-4539,-11.883075,-0.148538
39.5510,-4539,-11.883075,-0.148538
39.5610,-4539,-11.883075,-0.148538
39.5710,-4539,-11.883075,-0.148538
39.5810,-4539,-11.883075,-0.148538
39.5910,-4538,-11.880457,-0.148506
39.6010,-4538,-11.880457,-0.148506
39.6110,-4538,-11.880457,-0.148506
39.6210,-4539,-11.883075,-0.148538
39.6310,-4539,-11.883075,-0.148538
39.6410,-4540,-11.885693,-0.148571
39.6510,-4540,-11.885693,-0.148571
39.6610,-4540,-11.885693,-0.148571
39.6710,-4540,-11.885693,-0.148571
39.6810,-4540,-11.885693,-0.148571
39.6910,-4540,-11.885693,-0.148571
39.7010,-4540,-11.885693,-0.148571
39.7110,-4540,-11.885693,-0.148571
39.7210,-4539,-11.883075,-0.148538
39.7310,-4539,-11.883075,-0.148538
39.7410,-4539,-11.883075,-0.148538
39.7510,-4539,-11.883075,-0.148538
39.7610,-4540,-11.885693,-0.148571
39.7720,-4540,-11.885693,-0.148571
39.7810,-4540,-11.885693,-0.148571
39.7910,-4540,-11.885693,-0.148571
39.8010,-4541,-11.888311,-0.148604
39.8110,-4541,-11.888311,-0.148604
39.8210,-4541,-11.888311,-0.148604
39.8310,-4541,-11.888311,-0.148604
39.8410,-4540,-11.885693,-0.148571
39.8510,-4540,-11.885693,-0.148571
39.8610,-4540,-11.885693,-0.148571
39.8710,-4540,-11.885693,-0.148571
39.8810,-4540,-11.885693,-0.148571
39.8910,-4540,-11.885693,-0.148571
39.9010,-4540,-11.885693,-0.148571
39.9110,-4541,-11.888311,-0.148604
39.9210,-4541,-11.888311,-0.148604
39.9310,-4541,-11.888311,-0.148604
39.9410,-4542,-11.890930,-0.148637
39.9510,-4542,-11.890930,-0.148637
39.9610,-4542,-11.890930,-0.148637
39.9710,-4542,-11.890930,-0.148637
39.9810,-4541,-11.888311,-0.148604
39.9910,-4541,-11.888311,-0.148604
40.0010,-4541,-11.888311,-0.148604
40.0110,-4541,-11.888311,-0.148604
40.0210,-4541,-11.888311,-0.148604
40.0310,-4541,-11.888311,-0.148604
40.0410,-4541,-11.888311,-0.148604
40.0510,-4542,-11.890930,-0.148637
40.0610,-4542,-11.890930,-0.148637
40.0710,-4542,-11.890930,-0.148637
40.0810,-4542,-11.890930,-0.148637
40.0910,-4542,-11.890930,-0.148637
40.1010,-4542,-11.890930,-0.148637
40.1110,-4542,-11.890930,-0.148637
40.1210,-4542,-11.890930,-0.148637
40.1310,-4542,-11.890930,-0.148637
40.1410,-4542,-11.890930,-0.148637
40.1510,-4542,-11.890930,-0.148637
40.1610,-4542,-11.890930,-0.148637
40.1710,-4542,-11.890930,-0.148637
40.1810,-4542,-11.890930,-0.148637
40.1910,-4543,-11.893548,-0.148669
40.2010,-4543,-11.893548,-0.148669
40.2110,-4543,-11.893548,-0.148669
40.2210,-4543,-11.893548,-0.148669
40.2310,-4543,-11.893548,-0.148669
40.2410,-4543,-11.893548,-0.148669
40.2510,-4543,-11.893548,-0.148669
40.2610,-4543,-11.893548,-0.148669
40.2710,-4543,-11.893548,-0.148669
40.2810,-4543,-11.893548,-0.148669
40.2910,-4543,-11.893548,-0.148669
40.3010,-4543,-11.893548,-0.148669
40.3110,-4543,-11.893548,-0.148669
40.3210,-4543,-11.893548,-0.148669
40.3310,-4544,-11.896164,-0.148702
40.3410,-4544,-11.896164,-0.148702
40.3510,-4544,-11.896164,-0.148702
40.3610,-4544,-11.896164,-0.148702
40.3710,-4544,-11.896164,-0.148702
40.3810,-4544,-11.896164,-0.148702
40.3910,-4544,-11.896164,-0.148702
40.4010,-4544,-11.896164,-0.148702
40.4120,-4544,-11.896164,-0.148702
40.4210,-4544,-11.896164,-0.148702
40.4310,-4544,-11.896164,-0.148702
40.4410,-4544,-11.896164,-0.148702
40.4510,-4544,-11.896164,-0.148702
40.4610,-4544,-11.896164,-0.148702
40.4710,-4545,-11.898782,-0.148735
40.4810,-4545,-11.898782,-0.148735
40.4910,-4545,-11.898782,-0.148735
40.5010,-4545,-11.898782,-0.148735
40.5110,-4545,-11.898782,-0.148735
40.5210,-4545,-11.898782,-0.148735
40.5310,-4545,-11.898782,-0.148735
40.5410,-4545,-11.898782,-0.148735
40.5510,-4545,-11.898782,-0.148735
40.5610,-4544,-11.896164,-0.148702
40.5710,-4544,-11.896164,-0.148702
40.5810,-4544,-11.896164,-0.148702
40.5910,-4545,-11.898782,-0.148735
40.6010,-4545,-11.898782,-0.148735
40.6110,-4545,-11.898782,-0.148735
40.6210,-4546,-11.901401,-0.148768
40.6310,-4546,-11.901401,-0.148768
40.6410,-4546,-11.901401,-0.148768
40.6510,-4546,-11.901401,-0.148768
40.6610,-4546,-11.901401,-0.148768
40.6710,-4546,-11.901401,-0.148768
40.6810,-4545,-11.898782,-0.148735
40.6910,-4545,-11.898782,-0.148735
40.7010,-4545,-11.898782,-0.148735
40.7110,-4545,-11.898782,-0.148735
40.7210,-4545,-11.898782,-0.148735
40.7310,-4546,-11.901401,-0.148768
40.7410,-4546,-11.901401,-0.148768
40.7510,-4546,-11.901401,-0.148768
40.7610,-4546,-11.901401,-0.148768
40.7710,-4547,-11.904019,-0.148800
40.7810,-4547,-11.904019,-0.148800
40.7910,-4547,-11.904019,-0.148800
40.8010,-4547,-11.904019,-0.148800
40.8110,-4546,-11.901401,-0.148768
40.8210,-4546,-11.901401,-0.148768
40.8310,-4546,-11.901401,-0.148768
40.8410,-4546,-11.901401,-0.148768
40.8510,-4546,-11.901401,-0.148768
40.8610,-4546,-11.901401,-0.148768
40.8710,-4546,-11.901401,-0.148768
40.8810,-4547,-11.904019,-0.148800
40.8910,-4547,-11.904019,-0.148800
40.9010,-4547,-11.904019,-0.148800
40.9110,-4548,-11.906637,-0.148833
40.9210,-4548,-11.906637,-0.148833
40.9310,-4548,-11.906637,-0.148833
40.9410,-4547,-11.904019,-0.148800
40.9510,-4547,-11.904019,-0.148800
40.9610,-4547,-11.904019,-0.148800
40.9710,-4547,-11.904019,-0.148800
40.9810,-4547,-11.904019,-0.148800
40.9910,-4547,-11.904019,-0.148800
41.0010,-4547,-11.904019,-0.148800
41.0110,-4547,-11.904019,-0.148800
41.0210,-4548,-11.906637,-0.148833
41.0310,-4548,-11.906637,-0.148833
41.0410,-4548,-11.906637,-0.148833
41.0520,-4548,-11.906637,-0.148833
41.0610,-4548,-11.906637,-0.148833
41.0710,-4548,-11.906637,-0.148833
41.0810,-4548,-11.906637,-0.148833
41.0910,-4548,-11.906637,-0.148833
41.1010,-4548,-11.906637,-0.148833
41.1110,-4548,-11.906637,-0.148833
41.1210,-4548,-11.906637,-0.148833
41.1310,-4548,-11.906637,-0.148833
41.1410,-4548,-11.906637,-0.148833
41.1510,-4548,-11.906637,-0.148833
41.1610,-4548,-11.906637,-0.148833
41.1710,-4549,-11.909255,-0.148866
41.1810,-4549,-11.909255,-0.148866
41.1910,-4549,-11.909255,-0.148866
41.2010,-4549,-11.909255,-0.148866
41.2110,-4549,-11.909255,-0.148866
41.2210,-4549,-11.909255,-0.148866
41.2310,-4549,-11.909255,-0.148866
41.2410,-4549,-11.909255,-0.148866
41.2510,-4548,-11.906637,-0.148833
41.2610,-4548,-11.906637,-0.148833
41.2710,-4548,-11.906637,-0.148833
41.2810,-4549,-11.909255,-0.148866
41.2910,-4549,-11.909255,-0.148866
41.3010,-4549,-11.909255,-0.148866
41.3110,-4550,-11.911873,-0.148898
41.3210,-4550,-11.911873,-0.148898
41.3310,-4550,-11.911873,-0.148898
41.3410,-4550,-11.911873,-0.148898
41.3510,-4550,-11.911873,-0.148898
41.3610,-4550,-11.911873,-0.148898
41.3710,-4550,-11.911873,-0.148898
41.3810,-4550,-11.911873,-0.148898
41.3910,-4549,-11.909255,-0.148866
41.4010,-4549,-11.909255,-0.148866
41.4110,-4549,-11.909255,-0.148866
41.4210,-4550,-11.911873,-0.148898
41.4310,-4550,-11.911873,-0.148898
41.4410,-4551,-11.914491,-0.148931
41.4510,-4551,-11.914491,-0.148931
41.4610,-4551,-11.914491,-0.148931
41.4710,-4551,-11.914491,-0.148931
41.4810,-4551,-11.914491,-0.148931
41.4910,-4551,-11.914491,-0.148931
41.5010,-4551,-11.914491,-0.148931
41.5110,-4551,-11.914491,-0.148931
41.5210,-4551,-11.914491,-0.148931
41.5310,-4550,-11.911873,-0.148898
41.5410,-4550,-11.911873,-0.148898
41.5510,-4550,-11.911873,-0.148898
41.5610,-4551,-11.914491,-0.148931
41.5710,-4551,-11.914491,-0.148931
41.5810,-4552,-11.917109,-0.148964
41.5910,-4552,-11.917109,-0.148964
41.6010,-4552,-11.917109,-0.148964
41.6110,-4552,-11.917109,-0.148964
41.6210,-4552,-11.917109,-0.148964
41.6310,-4552,-11.917109,-0.148964
41.6410,-4552,-11.917109,-0.148964
41.6510,-4552,-11.917109,-0.148964
41.6610,-4552,-11.917109,-0.148964
41.6710,-4552,-11.917109,-0.148964
41.6810,-4552,-11.917109,-0.148964
41.6920,-4552,-11.917109,-0.148964
41.7010,-4552,-11.917109,-0.148964
41.7110,-4552,-11.917109,-0.148964
41.7210,-4553,-11.919727,-0.148997
41.7310,-4553,-11.919727,-0.148997
41.7410,-4554,-11.922346,-0.149029
41.7510,-4554,-11.922346,-0.149029
41.7610,-4554,-11.922346,-0.149029
41.7710,-4554,-11.922346,-0.149029
41.7810,-4554,-11.922346,-0.149029
41.7910,-4553,-11.919727,-0.148997
41.8010,-4553,-11.919727,-0.148997
41.8110,-4553,-11.919727,-0.148997
41.8210,-4553,-11.919727,-0.148997
41.8310,-4553,-11.919727,-0.148997
41.8410,-4554,-11.922346,-0.149029
41.8510,-4554,-11.922346,-0.149029
41.8610,-4555,-11.924962,-0.149062
41.8710,-4555,-11.924962,-0.149062
41.8810,-4556,-11.927580,-0.149095
41.8910,-4556,-11.927580,-0.149095
41.9010,-4557,-11.930198,-0.149127
41.9110,-4558,-11.932817,-0.149160
41.9210,-4559,-11.935435,-0.149193
41.9310,-4560,-11.938053,-0.149226
41.9410,-4563,-11.945907,-0.149324
41.9510,-4566,-11.953761,-0.149422
41.9610,-4571,-11.966851,-0.149586
41.9710,-4577,-11.982559,-0.149782
41.9810,-4589,-12.013975,-0.150175
41.9910,-4602,-12.048008,-0.150600
42.0010,-4618,-12.089897,-0.151124
42.0110,-4634,-12.131785,-0.151647
42.0210,-4650,-12.173672,-0.152171
42.0310,-4666,-12.215560,-0.152695
42.0410,-4679,-12.249594,-0.153120
42.0510,-4691,-12.281010,-0.153513
42.0610,-4701,-12.307190,-0.153840
42.0710,-4707,-12.322897,-0.154036
42.0810,-4710,-12.330752,-0.154134
42.0910,-4709,-12.328134,-0.154102
42.1010,-4707,-12.322897,-0.154036
42.1110,-4705,-12.317662,-0.153971
42.1210,-4703,-12.312426,-0.153905
42.1310,-4701,-12.307190,-0.153840
42.1410,-4700,-12.304573,-0.153807
42.1510,-4700,-12.304573,-0.153807
42.1610,-4702,-12.309808,-0.153873
42.1710,-4706,-12.320280,-0.154003
42.1810,-4710,-12.330752,-0.154134
42.1910,-4714,-12.341224,-0.154265
42.2010,-4718,-12.351696,-0.154396
42.2110,-4720,-12.356932,-0.154462
42.2210,-4720,-12.356932,-0.154462
42.2310,-4720,-12.356932,-0.154462
42.2410,-4719,-12.354313,-0.154429
42.2510,-4718,-12.351696,-0.154396
42.2610,-4716,-12.346460,-0.154331
42.2710,-4714,-12.341224,-0.154265
42.2810,-4713,-12.338606,-0.154233
42.2910,-4713,-12.338606,-0.154233
42.3010,-4714,-12.341224,-0.154265
42.3110,-4716,-12.346460,-0.154331
42.3210,-4718,-12.351696,-0.154396
42.3320,-4721,-12.359550,-0.154494
42.3410,-4722,-12.362168,-0.154527
42.3510,-4723,-12.364786,-0.154560
42.3610,-4724,-12.367404,-0.154593
42.3710,-4724,-12.367404,-0.154593
42.3810,-4722,-12.362168,-0.154527
42.3910,-4722,-12.362168,-0.154527
42.4010,-4721,-12.359550,-0.154494
42.4110,-4720,-12.356932,-0.154462
42.4210,-4720,-12.356932,-0.154462
42.4310,-4720,-12.356932,-0.154462
42.4410,-4720,-12.356932,-0.154462
42.4510,-4721,-12.359550,-0.154494
42.4610,-4722,-12.362168,-0.154527
42.4710,-4724,-12.367404,-0.154593
42.4810,-4724,-12.367404,-0.154593
42.4910,-4725,-12.370022,-0.154625
42.5010,-4725,-12.370022,-0.154625
42.5110,-4725,-12.370022,-0.154625
42.5210,-4724,-12.367404,-0.154593
42.5310,-4724,-12.367404,-0.154593
42.5410,-4723,-12.364786,-0.154560
42.5510,-4723,-12.364786,-0.154560
42.5610,-4723,-12.364786,-0.154560
42.5710,-4723,-12.364786,-0.154560
42.5810,-4724,-12.367404,-0.154593
42.5910,-4724,-12.367404,-0.154593
42.6010,-4725,-12.370022,-0.154625
42.6110,-4726,-12.372640,-0.154658
42.6210,-4726,-12.372640,-0.154658
42.6310,-4726,-12.372640,-0.154658
42.6410,-4726,-12.372640,-0.154658
42.6510,-4726,-12.372640,-0.154658
42.6610,-4725,-12.370022,-0.154625
42.6710,-4725,-12.370022,-0.154625
42.6810,-4725,-12.370022,-0.154625
42.6910,-4725,-12.370022,-0.154625
42.7010,-4725,-12.370022,-0.154625
42.7110,-4725,-12.370022,-0.154625
42.7210,-4726,-12.372640,-0.154658
42.7310,-4726,-12.372640,-0.154658
42.7410,-4727,-12.375258,-0.154691
42.7510,-4727,-12.375258,-0.154691
42.7610,-4727,-12.375258,-0.154691
42.7710,-4727,-12.375258,-0.154691
42.7810,-4727,-12.375258,-0.154691
42.7910,-4727,-12.375258,-0.154691
42.8010,-4726,-12.372640,-0.154658
42.8110,-4726,-12.372640,-0.154658
42.8210,-4726,-12.372640,-0.154658
42.8310,-4726,-12.372640,-0.154658
42.8410,-4727,-12.375258,-0.154691
42.8510,-4727,-12.375258,-0.154691
42.8610,-4728,-12.377876,-0.154723
42.8710,-4728,-12.377876,-0.154723
42.8810,-4728,-12.377876,-0.154723
42.8910,-4728,-12.377876,-0.154723
42.9010,-4728,-12.377876,-0.154723
42.9110,-4728,-12.377876,-0.154723
42.9210,-4728,-12.377876,-0.154723
42.9310,-4728,-12.377876,-0.154723
42.9410,-4727,-12.375258,-0.154691
42.9510,-4728,-12.377876,-0.154723
42.9610,-4728,-12.377876,-0.154723
42.9720,-4728,-12.377876,-0.154723
42.9810,-4728,-12.377876,-0.154723
42.9910,-4729,-12.380494,-0.154756
43.0010,-4729,-12.380494,-0.154756
43.0110,-4730,-12.383111,-0.154789
43.0210,-4730,-12.383111,-0.154789
43.0310,-4730,-12.383111,-0.154789
43.0410,-4730,-12.383111,-0.154789
43.0510,-4729,-12.380494,-0.154756
43.0610,-4729,-12.380494,-0.154756
43.0710,-4729,-12.380494,-0.154756
43.0810,-4729,-12.380494,-0.154756
43.0910,-4729,-12.380494,-0.154756
43.1010,-4729,-12.380494,-0.154756
43.1110,-4730,-12.383111,-0.154789
43.1210,-4730,-12.383111,-0.154789
43.1310,-4731,-12.385730,-0.154822
43.1410,-4731,-12.385730,-0.154822
43.1510,-4731,-12.385730,-0.154822
43.1610,-4731,-12.385730,-0.154822
43.1710,-4731,-12.385730,-0.154822
43.1810,-4731,-12.385730,-0.154822
43.1910,-4730,-12.383111,-0.154789
43.2010,-4730,-12.383111,-0.154789
43.2110,-4730,-12.383111,-0.154789
43.2210,-4730,-12.383111,-0.154789
43.2310,-4730,-12.383111,-0.154789
43.2410,-4731,-12.385730,-0.154822
43.2510,-4731,-12.385730,-0.154822
43.2610,-4732,-12.388348,-0.154854
43.2710,-4732,-12.388348,-0.154854
43.2810,-4732,-12.388348,-0.154854
43.2910,-4732,-12.388348,-0.154854
43.3010,-4732,-12.388348,-0.154854
43.3110,-4732,-12.388348,-0.154854
43.3210,-4732,-12.388348,-0.154854
43.3310,-4731,-12.385730,-0.154822
43.3410,-4731,-12.385730,-0.154822
43.3510,-4731,-12.385730,-0.154822
43.3610,-4732,-12.388348,-0.154854
43.3710,-4732,-12.388348,-0.154854
43.3810,-4734,-12.393584,-0.154920
43.3910,-4737,-12.401438,-0.155018
43.4010,-4740,-12.409292,-0.155116
43.4110,-4744,-12.419764,-0.155247
43.4210,-4749,-12.432853,-0.155411
43.4310,-4755,-12.448562,-0.155607
43.4410,-4759,-12.459034,-0.155738
43.4510,-4763,-12.469506,-0.155869
43.4610,-4768,-12.482596,-0.156032
43.4710,-4773,-12.495685,-0.156196
43.4810,-4778,-12.508775,-0.156360
43.4910,-4784,-12.524483,-0.156556
43.5010,-4793,-12.548046,-0.156851
43.5110,-4802,-12.571607,-0.157145
43.5210,-4814,-12.603024,-0.157538
43.5310,-4826,-12.634439,-0.157930
43.5410,-4845,-12.684181,-0.158552
43.5510,-4868,-12.744396,-0.159305
43.5610,-4893,-12.809844,-0.160123
43.5710,-4912,-12.859586,-0.160745
43.5810,-4934,-12.917182,-0.161465
43.5910,-4957,-12.977396,-0.162217
43.6010,-4977,-13.029756,-0.162872
43.6120,-4992,-13.069025,-0.163363
43.6210,-5005,-13.103059,-0.163788
43.6310,-5012,-13.121386,-0.164017
43.6410,-5015,-13.129240,-0.164116
43.6510,-5014,-13.126622,-0.164083
43.6610,-5012,-13.121386,-0.164017
43.6710,-5007,-13.108297,-0.163854
43.6810,-5003,-13.097824,-0.163723
43.6910,-5000,-13.089970,-0.163625
43.7010,-4998,-13.084734,-0.163559
43.7110,-4998,-13.084734,-0.163559
43.7210,-4998,-13.084734,-0.163559
43.7310,-5001,-13.092588,-0.163657
43.7410,-5004,-13.100442,-0.163756
43.7510,-5008,-13.110914,-0.163886
43.7610,-5012,-13.121386,-0.164017
43.7710,-5014,-13.126622,-0.164083
43.7810,-5016,-13.131857,-0.164148
43.7910,-5016,-13.131857,-0.164148
43.8010,-5014,-13.126622,-0.164083
43.8110,-5012,-13.121386,-0.164017
43.8210,-5009,-13.113533,-0.163919
43.8310,-5007,-13.108297,-0.163854
43.8410,-5006,-13.105678,-0.163821
43.8510,-5005,-13.103059,-0.163788
43.8610,-5005,-13.103059,-0.163788
43.8710,-5007,-13.108297,-0.163854
43.8810,-5009,-13.113533,-0.163919
43.8910,-5011,-13.118768,-0.163985
43.9010,-5013,-13.124004,-0.164050
43.9110,-5014,-13.126622,-0.164083
43.9210,-5016,-13.131857,-0.164148
43.9310,-5016,-13.131857,-0.164148
43.9410,-5015,-13.129240,-0.164116
43.9510,-5014,-13.126622,-0.164083
43.9610,-5012,-13.121386,-0.164017
43.9710,-5011,-13.118768,-0.163985
43.9810,-5010,-13.116150,-0.163952
43.9910,-5010,-13.116150,-0.163952
44.0010,-5010,-13.116150,-0.163952
44.0110,-5010,-13.116150,-0.163952
44.0210,-5011,-13.118768,-0.163985
44.0310,-5012,-13.121386,-0.164017
44.0410,-5014,-13.126622,-0.164083
44.0510,-5015,-13.129240,-0.164116
44.0610,-5016,-13.131857,-0.164148
44.0710,-5016,-13.131857,-0.164148
44.0810,-5016,-13.131857,-0.164148
44.0910,-5015,-13.129240,-0.164116
44.1010,-5014,-13.126622,-0.164083
44.1110,-5013,-13.124004,-0.164050
44.1210,-5012,-13.121386,-0.164017
44.1310,-5012,-13.121386,-0.164017
44.1410,-5012,-13.121386,-0.164017
44.1510,-5012,-13.121386,-0.164017
44.1610,-5013,-13.124004,-0.164050
44.1710,-5014,-13.126622,-0.164083
44.1810,-5014,-13.126622,-0.164083
44.1910,-5015,-13.129240,-0.164116
44.2010,-5016,-13.131857,-0.164148
44.2110,-5016,-13.131857,-0.164148
44.2210,-5016,-13.131857,-0.164148
44.2310,-5015,-13.129240,-0.164116
44.2410,-5015,-13.129240,-0.164116
44.2520,-5014,-13.126622,-0.164083
44.2610,-5014,-13.126622,-0.164083
44.2710,-5014,-13.126622,-0.164083
44.2810,-5014,-13.126622,-0.164083
44.2910,-5014,-13.126622,-0.164083
44.3010,-5014,-13.126622,-0.164083
44.3110,-5015,-13.129240,-0.164116
44.3210,-5015,-13.129240,-0.164116
44.3310,-5016,-13.131857,-0.164148
44.3410,-5016,-13.131857,-0.164148
44.3510,-5016,-13.131857,-0.164148
44.3610,-5016,-13.131857,-0.164148
44.3710,-5016,-13.131857,-0.164148
44.3810,-5016,-13.131857,-0.164148
44.3910,-5016,-13.131857,-0.164148
44.4010,-5015,-13.129240,-0.164116
44.4110,-5015,-13.129240,-0.164116
44.4210,-5015,-13.129240,-0.164116
44.4310,-5015,-13.129240,-0.164116
44.4410,-5015,-13.129240,-0.164116
44.4510,-5016,-13.131857,-0.164148
44.4610,-5016,-13.131857,-0.164148
44.4710,-5016,-13.131857,-0.164148
44.4810,-5016,-13.131857,-0.164148
44.4910,-5016,-13.131857,-0.164148
44.5010,-5016,-13.131857,-0.164148
44.5110,-5016,-13.131857,-0.164148
44.5210,-5016,-13.131857,-0.164148
44.5310,-5016,-13.131857,-0.164148
44.5410,-5016,-13.131857,-0.164148
44.5510,-5016,-13.131857,-0.164148
44.5610,-5016,-13.131857,-0.164148
44.5710,-5016,-13.131857,-0.164148
44.5810,-5016,-13.131857,-0.164148
44.5910,-5016,-13.131857,-0.164148
44.6010,-5016,-13.131857,-0.164148
44.6110,-5017,-13.134476,-0.164181
44.6210,-5017,-13.134476,-0.164181
44.6310,-5017,-13.134476,-0.164181
44.6410,-5017,-13.134476,-0.164181
44.6510,-5017,-13.134476,-0.164181
44.6610,-5017,-13.134476,-0.164181
44.6710,-5017,-13.134476,-0.164181
44.6810,-5017,-13.134476,-0.164181
44.6910,-5017,-13.134476,-0.164181
44.7010,-5017,-13.134476,-0.164181
44.7110,-5017,-13.134476,-0.164181
44.7210,-5017,-13.134476,-0.164181
44.7310,-5017,-13.134476,-0.164181
44.7410,-5017,-13.134476,-0.164181
44.7510,-5018,-13.137095,-0.164214
44.7610,-5018,-13.137095,-0.164214
44.7710,-5018,-13.137095,-0.164214
44.7810,-5018,-13.137095,-0.164214
44.7910,-5018,-13.137095,-0.164214
44.8010,-5018,-13.137095,-0.164214
44.8110,-5018,-13.137095,-0.164214
44.8210,-5018,-13.137095,-0.164214
44.8310,-5018,-13.137095,-0.164214
44.8410,-5018,-13.137095,-0.164214
44.8510,-5018,-13.137095,-0.164214
44.8610,-5018,-13.137095,-0.164214
44.8710,-5018,-13.137095,-0.164214
44.8810,-5018,-13.137095,-0.164214
44.8920,-5018,-13.137095,-0.164214
44.9010,-5018,-13.137095,-0.164214
44.9110,-5019,-13.139712,-0.164246
44.9210,-5019,-13.139712,-0.164246
44.9310,-5019,-13.139712,-0.164246
44.9410,-5019,-13.139712,-0.164246
44.9510,-5019,-13.139712,-0.164246
44.9610,-5019,-13.139712,-0.164246
44.9710,-5019,-13.139712,-0.164246
44.9810,-5019,-13.139712,-0.164246
44.9910,-5019,-13.139712,-0.164246
45.0010,-5019,-13.139712,-0.164246
45.0110,-5019,-13.139712,-0.164246
45.0210,-5019,-13.139712,-0.164246
45.0310,-5019,-13.139712,-0.164246
45.0410,-5019,-13.139712,-0.164246
45.0510,-5019,-13.139712,-0.164246
45.0610,-5019,-13.139712,-0.164246
45.0710,-5020,-13.142331,-0.164279
45.0810,-5020,-13.142331,-0.164279
45.0910,-5020,-13.142331,-0.164279
45.1010,-5020,-13.142331,-0.164279
45.1110,-5020,-13.142331,-0.164279
45.1210,-5020,-13.142331,-0.164279
45.1310,-5020,-13.142331,-0.164279
45.1410,-5019,-13.139712,-0.164246
45.1510,-5019,-13.139712,-0.164246
45.1610,-5019,-13.139712,-0.164246
45.1710,-5020,-13.142331,-0.164279
45.1810,-5020,-13.142331,-0.164279
45.1910,-5020,-13.142331,-0.164279
45.2010,-5020,-13.142331,-0.164279
45.2110,-5020,-13.142331,-0.164279
45.2210,-5020,-13.142331,-0.164279
45.2310,-5020,-13.142331,-0.164279
45.2410,-5020,-13.142331,-0.164279
45.2510,-5020,-13.142331,-0.164279
45.2610,-5020,-13.142331,-0.164279
45.2710,-5020,-13.142331,-0.164279
45.2810,-5020,-13.142331,-0.164279
45.2910,-5020,-13.142331,-0.164279
45.3010,-5020,-13.142331,-0.164279
45.3110,-5020,-13.142331,-0.164279
45.3210,-5020,-13.142331,-0.164279
45.3310,-5021,-13.144948,-0.164312
45.3410,-5021,-13.144948,-0.164312
45.3510,-5021,-13.144948,-0.164312
45.3610,-5021,-13.144948,-0.164312
45.3710,-5021,-13.144948,-0.164312
45.3810,-5021,-13.144948,-0.164312
45.3910,-5021,-13.144948,-0.164312
45.4010,-5021,-13.144948,-0.164312
45.4110,-5020,-13.142331,-0.164279
45.4210,-5020,-13.142331,-0.164279
45.4310,-5020,-13.142331,-0.164279
45.4410,-5021,-13.144948,-0.164312
45.4510,-5021,-13.144948,-0.164312
45.4610,-5021,-13.144948,-0.164312
45.4710,-5021,-13.144948,-0.164312
45.4810,-5021,-13.144948,-0.164312
45.4910,-5021,-13.144948,-0.164312
45.5010,-5021,-13.144948,-0.164312
45.5110,-5021,-13.144948,-0.164312
45.5210,-5021,-13.144948,-0.164312
45.5320,-5021,-13.144948,-0.164312
45.5410,-5021,-13.144948,-0.164312
45.5510,-5021,-13.144948,-0.164312
45.5610,-5021,-13.144948,-0.164312
45.5710,-5021,-13.144948,-0.164312
45.5810,-5021,-13.144948,-0.164312
45.5910,-5021,-13.144948,-0.164312
45.6010,-5021,-13.144948,-0.164312
45.6110,-5022,-13.147566,-0.164345
45.6210,-5022,-13.147566,-0.164345
45.6310,-5022,-13.147566,-0.164345
45.6410,-5022,-13.147566,-0.164345
45.6510,-5022,-13.147566,-0.164345
45.6610,-5022,-13.147566,-0.164345
45.6710,-5022,-13.147566,-0.164345
45.6810,-5022,-13.147566,-0.164345
45.6910,-5021,-13.144948,-0.164312
45.7010,-5021,-13.144948,-0.164312
45.7110,-5021,-13.144948,-0.164312
45.7210,-5022,-13.147566,-0.164345
45.7310,-5022,-13.147566,-0.164345
45.7410,-5022,-13.147566,-0.164345
45.7510,-5022,-13.147566,-0.164345
45.7610,-5022,-13.147566,-0.164345
45.7710,-5022,-13.147566,-0.164345
45.7810,-5022,-13.147566,-0.164345
45.7910,-5022,-13.147566,-0.164345
45.8010,-5022,-13.147566,-0.164345
45.8110,-5022,-13.147566,-0.164345
45.8210,-5022,-13.147566,-0.164345
45.8310,-5022,-13.147566,-0.164345
45.8410,-5022,-13.147566,-0.164345
45.8510,-5022,-13.147566,-0.164345
45.8610,-5022,-13.147566,-0.164345
45.8710,-5022,-13.147566,-0.164345
45.8810,-5022,-13.147566,-0.164345
45.8910,-5022,-13.147566,-0.164345
45.9010,-5023,-13.150184,-0.164377
45.9110,-5023,-13.150184,-0.164377
45.9210,-5023,-13.150184,-0.164377
45.9310,-5023,-13.150184,-0.164377
45.9410,-5023,-13.150184,-0.164377
45.9510,-5022,-13.147566,-0.164345
45.9610,-5022,-13.147566,-0.164345
45.9710,-5022,-13.147566,-0.164345
45.9810,-5022,-13.147566,-0.164345
45.9910,-5022,-13.147566,-0.164345
46.0010,-5023,-13.150184,-0.164377
46.0110,-5023,-13.150184,-0.164377
46.0210,-5023,-13.150184,-0.164377
46.0310,-5023,-13.150184,-0.164377
46.0410,-5023,-13.150184,-0.164377
46.0510,-5023,-13.150184,-0.164377
46.0610,-5023,-13.150184,-0.164377
46.0710,-5023,-13.150184,-0.164377
46.0810,-5023,-13.150184,-0.164377
46.0910,-5023,-13.150184,-0.164377
46.1010,-5023,-13.150184,-0.164377
46.1110,-5023,-13.150184,-0.164377
46.1210,-5023,-13.150184,-0.164377
46.1310,-5023,-13.150184,-0.164377
46.1410,-5023,-13.150184,-0.164377
46.1510,-5023,-13.150184,-0.164377
46.1610,-5023,-13.150184,-0.164377
46.1720,-5023,-13.150184,-0.164377
46.1810,-5023,-13.150184,-0.164377
46.1910,-5023,-13.150184,-0.164377
46.2010,-5023,-13.150184,-0.164377
46.2110,-5023,-13.150184,-0.164377
46.2210,-5023,-13.150184,-0.164377
46.2310,-5023,-13.150184,-0.164377
46.2410,-5023,-13.150184,-0.164377
46.2510,-5023,-13.150184,-0.164377
46.2610,-5023,-13.150184,-0.164377
46.2710,-5023,-13.150184,-0.164377
46.2810,-5023,-13.150184,-0.164377
46.2910,-5023,-13.150184,-0.164377
46.3010,-5024,-13.152802,-0.164410
46.3110,-5024,-13.152802,-0.164410
46.3210,-5024,-13.152802,-0.164410
46.3310,-5024,-13.152802,-0.164410
46.3410,-5024,-13.152802,-0.164410
46.3510,-5024,-13.152802,-0.164410
46.3610,-5024,-13.152802,-0.164410
46.3710,-5024,-13.152802,-0.164410
46.3810,-5023,-13.150184,-0.164377
46.3910,-5023,-13.150184,-0.164377
46.4010,-5023,-13.150184,-0.164377
46.4110,-5023,-13.150184,-0.164377
46.4210,-5024,-13.152802,-0.164410
46.4310,-5024,-13.152802,-0.164410
46.4410,-5024,-13.152802,-0.164410
46.4510,-5024,-13.152802,-0.164410
46.4610,-5024,-13.152802,-0.164410
46.4710,-5024,-13.152802,-0.164410
46.4810,-5024,-13.152802,-0.164410
46.4910,-5024,-13.152802,-0.164410
46.5010,-5024,-13.152802,-0.164410
46.5110,-5024,-13.152802,-0.164410
46.5210,-5024,-13.152802,-0.164410
46.5310,-5024,-13.152802,-0.164410
46.5410,-5024,-13.152802,-0.164410
46.5510,-5024,-13.152802,-0.164410
46.5610,-5024,-13.152802,-0.164410
46.5710,-5024,-13.152802,-0.164410
46.5810,-5024,-13.152802,-0.164410
46.5910,-5024,-13.152802,-0.164410
46.6010,-5024,-13.152802,-0.164410
46.6110,-5024,-13.152802,-0.164410
46.6210,-5024,-13.152802,-0.164410
46.6310,-5024,-13.152802,-0.164410
46.6410,-5024,-13.152802,-0.164410
46.6510,-5024,-13.152802,-0.164410
46.6610,-5024,-13.152802,-0.164410
46.6710,-5024,-13.152802,-0.164410
46.6810,-5024,-13.152802,-0.164410
46.6910,-5024,-13.152802,-0.164410
46.7010,-5024,-13.152802,-0.164410
46.7110,-5024,-13.152802,-0.164410
46.7210,-5024,-13.152802,-0.164410
46.7310,-5024,-13.152802,-0.164410
46.7410,-5024,-13.152802,-0.164410
46.7510,-5024,-13.152802,-0.164410
46.7610,-5024,-13.152802,-0.164410
46.7710,-5024,-13.152802,-0.164410
46.7810,-5024,-13.152802,-0.164410
46.7910,-5024,-13.152802,-0.164410
46.8010,-5024,-13.152802,-0.164410
46.8120,-5024,-13.152802,-0.164410
46.8210,-5024,-13.152802,-0.164410
46.8310,-5024,-13.152802,-0.164410
46.8410,-5024,-13.152802,-0.164410
46.8510,-5024,-13.152802,-0.164410
46.8610,-5024,-13.152802,-0.164410
46.8710,-5025,-13.155420,-0.164443
46.8810,-5025,-13.155420,-0.164443
46.8910,-5025,-13.155420,-0.164443
46.9010,-5025,-13.155420,-0.164443
46.9110,-5025,-13.155420,-0.164443
46.9210,-5024,-13.152802,-0.164410
46.9310,-5024,-13.152802,-0.164410
46.9410,-5024,-13.152802,-0.164410
46.9510,-5024,-13.152802,-0.164410
46.9610,-5024,-13.152802,-0.164410
46.9710,-5025,-13.155420,-0.164443
46.9810,-5025,-13.155420,-0.164443
46.9910,-5025,-13.155420,-0.164443
47.0010,-5025,-13.155420,-0.164443
47.0110,-5025,-13.155420,-0.164443
47.0210,-5025,-13.155420,-0.164443
47.0310,-5025,-13.155420,-0.164443
47.0410,-5025,-13.155420,-0.164443
47.0510,-5025,-13.155420,-0.164443
47.0610,-5025,-13.155420,-0.164443
47.0710,-5025,-13.155420,-0.164443
47.0810,-5025,-13.155420,-0.164443
47.0910,-5025,-13.155420,-0.164443
47.1010,-5025,-13.155420,-0.164443
47.1110,-5025,-13.155420,-0.164443
47.1210,-5025,-13.155420,-0.164443
47.1310,-5025,-13.155420,-0.164443
47.1410,-5025,-13.155420,-0.164443
47.1510,-5025,-13.155420,-0.164443
47.1610,-5025,-13.155420,-0.164443
47.1710,-5025,-13.155420,-0.164443
47.1810,-5025,-13.155420,-0.164443
47.1910,-5025,-13.155420,-0.164443
47.2010,-5025,-13.155420,-0.164443
47.2110,-5025,-13.155420,-0.164443
47.2210,-5025,-13.155420,-0.164443
47.2310,-5025,-13.155420,-0.164443
47.2410,-5025,-13.155420,-0.164443
47.2510,-5025,-13.155420,-0.164443
47.2610,-5025,-13.155420,-0.164443
47.2710,-5025,-13.155420,-0.164443
47.2810,-5025,-13.155420,-0.164443
47.2910,-5025,-13.155420,-0.164443
47.3010,-5025,-13.155420,-0.164443
47.3110,-5025,-13.155420,-0.164443
47.3210,-5025,-13.155420,-0.164443
47.3310,-5025,-13.155420,-0.164443
47.3410,-5025,-13.155420,-0.164443
47.3510,-5025,-13.155420,-0.164443
47.3610,-5025,-13.155420,-0.164443
47.3710,-5025,-13.155420,-0.164443
47.3810,-5025,-13.155420,-0.164443
47.3910,-5025,-13.155420,-0.164443
47.4010,-5025,-13.155420,-0.164443
47.4110,-5026,-13.158039,-0.164475
47.4210,-5026,-13.158039,-0.164475
47.4310,-5026,-13.158039,-0.164475
47.4410,-5026,-13.158039,-0.164475
47.4520,-5026,-13.158039,-0.164475
47.4610,-5026,-13.158039,-0.164475
47.4710,-5026,-13.158039,-0.164475
47.4810,-5026,-13.158039,-0.164475
47.4910,-5025,-13.155420,-0.164443
47.5010,-5025,-13.155420,-0.164443
47.5110,-5025,-13.155420,-0.164443
47.5210,-5025,-13.155420,-0.164443
47.5310,-5026,-13.158039,-0.164475
47.5410,-5026,-13.158039,-0.164475
47.5510,-5026,-13.158039,-0.164475
47.5610,-5026,-13.158039,-0.164475
47.5710,-5026,-13.158039,-0.164475
47.5810,-5026,-13.158039,-0.164475
47.5910,-5026,-13.158039,-0.164475
47.6010,-5026,-13.158039,-0.164475
47.6110,-5026,-13.158039,-0.164475
47.6210,-5026,-13.158039,-0.164475
47.6310,-5026,-13.158039,-0.164475
47.6410,-5026,-13.158039,-0.164475
47.6510,-5026,-13.158039,-0.164475
47.6610,-5026,-13.158039,-0.164475
47.6710,-5026,-13.158039,-0.164475
47.6810,-5026,-13.158039,-0.164475
47.6910,-5026,-13.158039,-0.164475
47.7010,-5026,-13.158039,-0.164475
47.7110,-5026,-13.158039,-0.164475
47.7210,-5026,-13.158039,-0.164475
47.7310,-5026,-13.158039,-0.164475
47.7410,-5026,-13.158039,-0.164475
47.7510,-5026,-13.158039,-0.164475
47.7610,-5026,-13.158039,-0.164475
47.7710,-5026,-13.158039,-0.164475
47.7810,-5026,-13.158039,-0.164475
47.7910,-5026,-13.158039,-0.164475
47.8010,-5026,-13.158039,-0.164475
47.8110,-5026,-13.158039,-0.164475
47.8210,-5026,-13.158039,-0.164475
47.8310,-5026,-13.158039,-0.164475
47.8410,-5026,-13.158039,-0.164475
47.8510,-5027,-13.160655,-0.164508
47.8610,-5027,-13.160655,-0.164508
47.8710,-5027,-13.160655,-0.164508
47.8810,-5027,-13.160655,-0.164508
47.8910,-5026,-13.158039,-0.164475
47.9010,-5026,-13.158039,-0.164475
47.9110,-5026,-13.158039,-0.164475
47.9210,-5026,-13.158039,-0.164475
47.9310,-5026,-13.158039,-0.164475
47.9410,-5026,-13.158039,-0.164475
47.9510,-5026,-13.158039,-0.164475
47.9610,-5027,-13.160655,-0.164508
47.9710,-5027,-13.160655,-0.164508
47.9810,-5027,-13.160655,-0.164508
47.9910,-5027,-13.160655,-0.164508
48.0010,-5027,-13.160655,-0.164508
48.0110,-5027,-13.160655,-0.164508
48.0210,-5027,-13.160655,-0.164508
48.0310,-5027,-13.160655,-0.164508
48.0410,-5027,-13.160655,-0.164508
48.0510,-5026,-13.158039,-0.164475
48.0610,-5026,-13.158039,-0.164475
48.0710,-5026,-13.158039,-0.164475
48.0810,-5027,-13.160655,-0.164508
48.0920,-5027,-13.160655,-0.164508
48.1010,-5027,-13.160655,-0.164508
48.1110,-5027,-13.160655,-0.164508
48.1210,-5027,-13.160655,-0.164508
48.1310,-5027,-13.160655,-0.164508
48.1410,-5027,-13.160655,-0.164508
48.1510,-5027,-13.160655,-0.164508
48.1610,-5027,-13.160655,-0.164508
48.1710,-5027,-13.160655,-0.164508
48.1810,-5027,-13.160655,-0.164508
48.1910,-5027,-13.160655,-0.164508
48.2010,-5027,-13.160655,-0.164508
48.2110,-5027,-13.160655,-0.164508
48.2210,-5027,-13.160655,-0.164508
48.2310,-5027,-13.160655,-0.164508
48.2410,-5027,-13.160655,-0.164508
48.2510,-5027,-13.160655,-0.164508
48.2610,-5028,-13.163274,-0.164541
48.2710,-5028,-13.163274,-0.164541
48.2810,-5028,-13.163274,-0.164541
48.2910,-5028,-13.163274,-0.164541
48.3010,-5027,-13.160655,-0.164508
48.3110,-5027,-13.160655,-0.164508
48.3210,-5027,-13.160655,-0.164508
48.3310,-5027,-13.160655,-0.164508
48.3410,-5027,-13.160655,-0.164508
48.3510,-5027,-13.160655,-0.164508
48.3610,-5027,-13.160655,-0.164508
48.3710,-5027,-13.160655,-0.164508
48.3810,-5028,-13.163274,-0.164541
48.3910,-5028,-13.163274,-0.164541
48.4010,-5028,-13.163274,-0.164541
48.4110,-5028,-13.163274,-0.164541
48.4210,-5028,-13.163274,-0.164541
48.4310,-5028,-13.163274,-0.164541
48.4410,-5028,-13.163274,-0.164541
48.4510,-5028,-13.163274,-0.164541
48.4610,-5028,-13.163274,-0.164541
48.4710,-5028,-13.163274,-0.164541
48.4810,-5028,-13.163274,-0.164541
48.4910,-5028,-13.163274,-0.164541
48.5010,-5028,-13.163274,-0.164541
48.5110,-5028,-13.163274,-0.164541
48.5210,-5028,-13.163274,-0.164541
48.5310,-5028,-13.163274,-0.164541
48.5410,-5028,-13.163274,-0.164541
48.5510,-5028,-13.163274,-0.164541
48.5610,-5028,-13.163274,-0.164541
48.5710,-5028,-13.163274,-0.164541
48.5810,-5028,-13.163274,-0.164541
48.5910,-5028,-13.163274,-0.164541
48.6010,-5028,-13.163274,-0.164541
48.6110,-5028,-13.163274,-0.164541
48.6210,-5028,-13.163274,-0.164541
48.6310,-5028,-13.163274,-0.164541
48.6410,-5028,-13.163274,-0.164541
48.6510,-5028,-13.163274,-0.164541
48.6610,-5028,-13.163274,-0.164541
48.6710,-5028,-13.163274,-0.164541
48.6810,-5029,-13.165893,-0.164574
48.6910,-5029,-13.165893,-0.164574
48.7010,-5029,-13.165893,-0.164574
48.7110,-5028,-13.163274,-0.164541
48.7210,-5028,-13.163274,-0.164541
48.7320,-5028,-13.163274,-0.164541
48.7410,-5028,-13.163274,-0.164541
48.7510,-5028,-13.163274,-0.164541
48.7610,-5028,-13.163274,-0.164541
48.7710,-5028,-13.163274,-0.164541
48.7810,-5028,-13.163274,-0.164541
48.7910,-5029,-13.165893,-0.164574
48.8010,-5029,-13.165893,-0.164574
48.8110,-5029,-13.165893,-0.164574
48.8210,-5030,-13.168510,-0.164606
48.8310,-5030,-13.168510,-0.164606
48.8410,-5030,-13.168510,-0.164606
48.8510,-5029,-13.165893,-0.164574
48.8610,-5029,-13.165893,-0.164574
48.8710,-5029,-13.165893,-0.164574
48.8810,-5028,-13.163274,-0.164541
48.8910,-5028,-13.163274,-0.164541
48.9010,-5028,-13.163274,-0.164541
48.9110,-5028,-13.163274,-0.164541
48.9210,-5029,-13.165893,-0.164574
48.9310,-5029,-13.165893,-0.164574
48.9410,-5029,-13.165893,-0.164574
48.9510,-5029,-13.165893,-0.164574
48.9610,-5030,-13.168510,-0.164606
48.9710,-5030,-13.168510,-0.164606
48.9810,-5029,-13.165893,-0.164574
48.9910,-5029,-13.165893,-0.164574
49.0010,-5029,-13.165893,-0.164574
49.0110,-5029,-13.165893,-0.164574
49.0210,-5028,-13.163274,-0.164541
49.0310,-5028,-13.163274,-0.164541
49.0410,-5028,-13.163274,-0.164541
49.0510,-5029,-13.165893,-0.164574
49.0610,-5029,-13.165893,-0.164574
49.0710,-5030,-13.168510,-0.164606
49.0810,-5030,-13.168510,-0.164606
49.0910,-5030,-13.168510,-0.164606
49.1010,-5030,-13.168510,-0.164606
49.1110,-5030,-13.168510,-0.164606
49.1210,-5030,-13.168510,-0.164606
49.1310,-5030,-13.168510,-0.164606
49.1410,-5029,-13.165893,-0.164574
49.1510,-5029,-13.165893,-0.164574
49.1610,-5029,-13.165893,-0.164574
49.1710,-5029,-13.165893,-0.164574
49.1810,-5029,-13.165893,-0.164574
49.1910,-5029,-13.165893,-0.164574
49.2010,-5029,-13.165893,-0.164574
49.2110,-5030,-13.168510,-0.164606
49.2210,-5030,-13.168510,-0.164606
49.2310,-5030,-13.168510,-0.164606
49.2410,-5030,-13.168510,-0.164606
49.2510,-5030,-13.168510,-0.164606
49.2610,-5030,-13.168510,-0.164606
49.2710,-5030,-13.168510,-0.164606
49.2810,-5030,-13.168510,-0.164606
49.2910,-5030,-13.168510,-0.164606
49.3010,-5029,-13.165893,-0.164574
49.3110,-5029,-13.165893,-0.164574
49.3210,-5029,-13.165893,-0.164574
49.3310,-5030,-13.168510,-0.164606
49.3410,-5030,-13.168510,-0.164606
49.3510,-5030,-13.168510,-0.164606
49.3610,-5030,-13.168510,-0.164606
49.3720,-5031,-13.171129,-0.164639
49.3810,-5031,-13.171129,-0.164639
49.3910,-5031,-13.171129,-0.164639
49.4010,-5031,-13.171129,-0.164639
49.4110,-5030,-13.168510,-0.164606
49.4210,-5030,-13.168510,-0.164606
49.4310,-5030,-13.168510,-0.164606
49.4410,-5030,-13.168510,-0.164606
49.4510,-5030,-13.168510,-0.164606
49.4610,-5030,-13.168510,-0.164606
49.4710,-5030,-13.168510,-0.164606
49.4810,-5030,-13.168510,-0.164606
49.4910,-5031,-13.171129,-0.164639
49.5010,-5031,-13.171129,-0.164639
49.5110,-5031,-13.171129,-0.164639
49.5210,-5031,-13.171129,-0.164639
49.5310,-5031,-13.171129,-0.164639
49.5410,-5031,-13.171129,-0.164639
49.5510,-5031,-13.171129,-0.164639
49.5610,-5031,-13.171129,-0.164639
49.5710,-5031,-13.171129,-0.164639
49.5810,-5031,-13.171129,-0.164639
49.5910,-5031,-13.171129,-0.164639
49.6010,-5031,-13.171129,-0.164639
49.6110,-5031,-13.171129,-0.164639
49.6210,-5031,-13.171129,-0.164639
49.6310,-5031,-13.171129,-0.164639
49.6410,-5031,-13.171129,-0.164639
49.6510,-5032,-13.173746,-0.164672
49.6610,-5032,-13.173746,-0.164672
49.6710,-5032,-13.173746,-0.164672
49.6810,-5032,-13.173746,-0.164672
49.6910,-5031,-13.171129,-0.164639
49.7010,-5031,-13.171129,-0.164639
49.7110,-5031,-13.171129,-0.164639
49.7210,-5031,-13.171129,-0.164639
49.7310,-5031,-13.171129,-0.164639
49.7410,-5031,-13.171129,-0.164639
49.7510,-5031,-13.171129,-0.164639
49.7610,-5032,-13.173746,-0.164672
49.7710,-5032,-13.173746,-0.164672
49.7810,-5032,-13.173746,-0.164672
49.7910,-5032,-13.173746,-0.164672
49.8010,-5032,-13.173746,-0.164672
49.8110,-5032,-13.173746,-0.164672
49.8210,-5032,-13.173746,-0.164672
49.8310,-5032,-13.173746,-0.164672
49.8410,-5032,-13.173746,-0.164672
49.8510,-5032,-13.173746,-0.164672
49.8610,-5032,-13.173746,-0.164672
49.8710,-5032,-13.173746,-0.164672
49.8810,-5032,-13.173746,-0.164672
49.8910,-5032,-13.173746,-0.164672
49.9010,-5032,-13.173746,-0.164672
49.9110,-5032,-13.173746,-0.164672
49.9210,-5032,-13.173746,-0.164672
49.9310,-5032,-13.173746,-0.164672
49.9410,-5032,-13.173746,-0.164672
49.9510,-5032,-13.173746,-0.164672
49.9610,-5032,-13.173746,-0.164672
49.9710,-5032,-13.173746,-0.164672
49.9810,-5032,-13.173746,-0.164672
49.9910,-5032,-13.173746,-0.164672
50.0010,-5032,-13.173746,-0.164672
50.0120,-5032,-13.173746,-0.164672
50.0210,-5032,-13.173746,-0.164672
50.0310,-5032,-13.173746,-0.164672
50.0410,-5032,-13.173746,-0.164672
50.0510,-5033,-13.176364,-0.164705
50.0610,-5033,-13.176364,-0.164705
50.0710,-5033,-13.176364,-0.164705
50.0810,-5033,-13.176364,-0.164705
50.0910,-5033,-13.176364,-0.164705
50.1010,-5033,-13.176364,-0.164705
50.1110,-5033,-13.176364,-0.164705
50.1210,-5033,-13.176364,-0.164705
50.1310,-5032,-13.173746,-0.164672
50.1410,-5032,-13.173746,-0.164672
50.1510,-5032,-13.173746,-0.164672
50.1610,-5033,-13.176364,-0.164705
50.1710,-5033,-13.176364,-0.164705
50.1810,-5033,-13.176364,-0.164705
50.1910,-5033,-13.176364,-0.164705
50.2010,-5033,-13.176364,-0.164705
50.2110,-5033,-13.176364,-0.164705
50.2210,-5033,-13.176364,-0.164705
50.2310,-5033,-13.176364,-0.164705
50.2410,-5033,-13.176364,-0.164705
50.2510,-5033,-13.176364,-0.164705
50.2610,-5033,-13.176364,-0.164705
50.2710,-5033,-13.176364,-0.164705
50.2810,-5033,-13.176364,-0.164705
50.2910,-5033,-13.176364,-0.164705
50.3010,-5033,-13.176364,-0.164705
50.3110,-5033,-13.176364,-0.164705
50.3210,-5033,-13.176364,-0.164705
50.3310,-5033,-13.176364,-0.164705
50.3410,-5034,-13.178982,-0.164737
50.3510,-5034,-13.178982,-0.164737
50.3610,-5034,-13.178982,-0.164737
50.3710,-5034,-13.178982,-0.164737
50.3810,-5034,-13.178982,-0.164737
50.3910,-5033,-13.176364,-0.164705
50.4010,-5033,-13.176364,-0.164705
50.4110,-5033,-13.176364,-0.164705
50.4210,-5033,-13.176364,-0.164705
50.4310,-5033,-13.176364,-0.164705
50.4410,-5034,-13.178982,-0.164737
50.4510,-5034,-13.178982,-0.164737
50.4610,-5034,-13.178982,-0.164737
50.4710,-5034,-13.178982,-0.164737
50.4810,-5034,-13.178982,-0.164737
50.4910,-5034,-13.178982,-0.164737
50.5010,-5034,-13.178982,-0.164737
50.5110,-5034,-13.178982,-0.164737
50.5210,-5034,-13.178982,-0.164737
50.5310,-5034,-13.178982,-0.164737
50.5410,-5034,-13.178982,-0.164737
50.5510,-5034,-13.178982,-0.164737
50.5610,-5034,-13.178982,-0.164737
50.5710,-5034,-13.178982,-0.164737
50.5810,-5034,-13.178982,-0.164737
50.5910,-5034,-13.178982,-0.164737
50.6010,-5034,-13.178982,-0.164737
50.6110,-5034,-13.178982,-0.164737
50.6210,-5034,-13.178982,-0.164737
50.6310,-5034,-13.178982,-0.164737
50.6410,-5034,-13.178982,-0.164737
50.6520,-5034,-13.178982,-0.164737
50.6610,-5034,-13.178982,-0.164737
50.6710,-5034,-13.178982,-0.164737
50.6810,-5034,-13.178982,-0.164737
50.6910,-5034,-13.178982,-0.164737
50.7010,-5034,-13.178982,-0.164737
50.7110,-5034,-13.178982,-0.164737
50.7210,-5034,-13.178982,-0.164737
50.7310,-5034,-13.178982,-0.164737
50.7410,-5035,-13.181600,-0.164770
50.7510,-5035,-13.181600,-0.164770
50.7610,-5035,-13.181600,-0.164770
50.7710,-5035,-13.181600,-0.164770
50.7810,-5035,-13.181600,-0.164770
50.7910,-5035,-13.181600,-0.164770
50.8010,-5035,-13.181600,-0.164770
50.8110,-5035,-13.181600,-0.164770
50.8210,-5034,-13.178982,-0.164737
50.8310,-5034,-13.178982,-0.164737
50.8410,-5034,-13.178982,-0.164737
50.8510,-5035,-13.181600,-0.164770
50.8610,-5035,-13.181600,-0.164770
50.8710,-5035,-13.181600,-0.164770
50.8810,-5035,-13.181600,-0.164770
50.8910,-5035,-13.181600,-0.164770
50.9010,-5035,-13.181600,-0.164770
50.9110,-5035,-13.181600,-0.164770
50.9210,-5035,-13.181600,-0.164770
50.9310,-5035,-13.181600,-0.164770
50.9410,-5035,-13.181600,-0.164770
50.9510,-5035,-13.181600,-0.164770
50.9610,-5035,-13.181600,-0.164770
50.9710,-5035,-13.181600,-0.164770
50.9810,-5035,-13.181600,-0.164770
50.9910,-5035,-13.181600,-0.164770
51.0010,-5035,-13.181600,-0.164770
51.0110,-5035,-13.181600,-0.164770
51.0210,-5035,-13.181600,-0.164770
51.0310,-5035,-13.181600,-0.164770
51.0410,-5035,-13.181600,-0.164770
51.0510,-5035,-13.181600,-0.164770
51.0610,-5035,-13.181600,-0.164770
51.0710,-5035,-13.181600,-0.164770
51.0810,-5035,-13.181600,-0.164770
51.0910,-5035,-13.181600,-0.164770
51.1010,-5035,-13.181600,-0.164770
51.1110,-5035,-13.181600,-0.164770
51.1210,-5035,-13.181600,-0.164770
51.1310,-5035,-13.181600,-0.164770
51.1410,-5035,-13.181600,-0.164770
51.1510,-5036,-13.184218,-0.164803
51.1610,-5036,-13.184218,-0.164803
51.1710,-5036,-13.184218,-0.164803
51.1810,-5036,-13.184218,-0.164803
51.1910,-5036,-13.184218,-0.164803
51.2010,-5036,-13.184218,-0.164803
51.2110,-5036,-13.184218,-0.164803
51.2210,-5036,-13.184218,-0.164803
51.2310,-5036,-13.184218,-0.164803
51.2410,-5035,-13.181600,-0.164770
51.2510,-5035,-13.181600,-0.164770
51.2610,-5035,-13.181600,-0.164770
51.2710,-5036,-13.184218,-0.164803
51.2810,-5036,-13.184218,-0.164803
51.2920,-5036,-13.184218,-0.164803
51.3010,-5036,-13.184218,-0.164803
51.3110,-5036,-13.184218,-0.164803
51.3210,-5036,-13.184218,-0.164803
51.3310,-5036,-13.184218,-0.164803
51.3410,-5036,-13.184218,-0.164803
51.3510,-5036,-13.184218,-0.164803
51.3610,-5036,-13.184218,-0.164803
51.3710,-5036,-13.184218,-0.164803
51.3810,-5036,-13.184218,-0.164803
51.3910,-5036,-13.184218,-0.164803
51.4010,-5036,-13.184218,-0.164803
51.4110,-5036,-13.184218,-0.164803
51.4210,-5036,-13.184218,-0.164803
51.4310,-5036,-13.184218,-0.164803
51.4410,-5036,-13.184218,-0.164803
51.4510,-5036,-13.184218,-0.164803
51.4610,-5036,-13.184218,-0.164803
51.4710,-5036,-13.184218,-0.164803
51.4810,-5036,-13.184218,-0.164803
51.4910,-5036,-13.184218,-0.164803
51.5010,-5036,-13.184218,-0.164803
51.5110,-5036,-13.184218,-0.164803
51.5210,-5036,-13.184218,-0.164803
51.5310,-5036,-13.184218,-0.164803
51.5410,-5036,-13.184218,-0.164803
51.5510,-5036,-13.184218,-0.164803
51.5610,-5036,-13.184218,-0.164803
51.5710,-5036,-13.184218,-0.164803
51.5810,-5036,-13.184218,-0.164803
51.5910,-5036,-13.184218,-0.164803
51.6010,-5036,-13.184218,-0.164803
51.6110,-5036,-13.184218,-0.164803
51.6210,-5036,-13.184218,-0.164803
51.6310,-5036,-13.184218,-0.164803
51.6410,-5036,-13.184218,-0.164803
51.6510,-5036,-13.184218,-0.164803
51.6610,-5036,-13.184218,-0.164803
51.6710,-5036,-13.184218,-0.164803
51.6810,-5036,-13.184218,-0.164803
51.6910,-5036,-13.184218,-0.164803
51.7010,-5036,-13.184218,-0.164803
51.7110,-5037,-13.186837,-0.164835
51.7210,-5037,-13.186837,-0.164835
51.7310,-5037,-13.186837,-0.164835
51.7410,-5037,-13.186837,-0.164835
51.7510,-5037,-13.186837,-0.164835
51.7610,-5037,-13.186837,-0.164835
51.7710,-5037,-13.186837,-0.164835
51.7810,-5037,-13.186837,-0.164835
51.7910,-5037,-13.186837,-0.164835
51.8010,-5036,-13.184218,-0.164803
51.8110,-5036,-13.184218,-0.164803
51.8210,-5036,-13.184218,-0.164803
51.8310,-5037,-13.186837,-0.164835
51.8410,-5037,-13.186837,-0.164835
51.8510,-5037,-13.186837,-0.164835
51.8610,-5037,-13.186837,-0.164835
51.8710,-5037,-13.186837,-0.164835
51.8810,-5037,-13.186837,-0.164835
51.8910,-5037,-13.186837,-0.164835
51.9010,-5037,-13.186837,-0.164835
51.9110,-5037,-13.186837,-0.164835
51.9210,-5037,-13.186837,-0.164835
51.9320,-5037,-13.186837,-0.164835
51.9410,-5037,-13.186837,-0.164835
51.9510,-5037,-13.186837,-0.164835
51.9610,-5037,-13.186837,-0.164835
51.9710,-5037,-13.186837,-0.164835
51.9810,-5037,-13.186837,-0.164835
51.9910,-5037,-13.186837,-0.164835
52.0010,-5037,-13.186837,-0.164835
52.0110,-5037,-13.186837,-0.164835
52.0210,-5037,-13.186837,-0.164835
52.0310,-5037,-13.186837,-0.164835
52.0410,-5037,-13.186837,-0.164835
52.0510,-5037,-13.186837,-0.164835
52.0610,-5037,-13.186837,-0.164835
52.0710,-5037,-13.186837,-0.164835
52.0810,-5037,-13.186837,-0.164835
52.0910,-5037,-13.186837,-0.164835
52.1010,-5037,-13.186837,-0.164835
52.1110,-5037,-13.186837,-0.164835
52.1210,-5037,-13.186837,-0.164835
52.1310,-5038,-13.189454,-0.164868
52.1410,-5038,-13.189454,-0.164868
52.1510,-5038,-13.189454,-0.164868
52.1610,-5038,-13.189454,-0.164868
52.1710,-5038,-13.189454,-0.164868
52.1810,-5038,-13.189454,-0.164868
52.1910,-5038,-13.189454,-0.164868
52.2010,-5038,-13.189454,-0.164868
52.2110,-5037,-13.186837,-0.164835
52.2210,-5037,-13.186837,-0.164835
52.2310,-5037,-13.186837,-0.164835
52.2410,-5038,-13.189454,-0.164868
52.2510,-5038,-13.189454,-0.164868
52.2610,-5038,-13.189454,-0.164868
52.2710,-5038,-13.189454,-0.164868
52.2810,-5038,-13.189454,-0.164868
52.2910,-5038,-13.189454,-0.164868
52.3010,-5038,-13.189454,-0.164868
52.3110,-5038,-13.189454,-0.164868
52.3210,-5038,-13.189454,-0.164868
52.3310,-5038,-13.189454,-0.164868
52.3410,-5038,-13.189454,-0.164868
52.3510,-5038,-13.189454,-0.164868
52.3610,-5038,-13.189454,-0.164868
52.3710,-5038,-13.189454,-0.164868
52.3810,-5038,-13.189454,-0.164868
52.3910,-5038,-13.189454,-0.164868
52.4010,-5038,-13.189454,-0.164868
52.4110,-5038,-13.189454,-0.164868
52.4210,-5038,-13.189454,-0.164868
52.4310,-5038,-13.189454,-0.164868
52.4410,-5038,-13.189454,-0.164868
52.4510,-5038,-13.189454,-0.164868
52.4610,-5038,-13.189454,-0.164868
52.4710,-5038,-13.189454,-0.164868
52.4810,-5038,-13.189454,-0.164868
52.4910,-5038,-13.189454,-0.164868
52.5010,-5038,-13.189454,-0.164868
52.5110,-5038,-13.189454,-0.164868
52.5210,-5038,-13.189454,-0.164868
52.5310,-5038,-13.189454,-0.164868
52.5410,-5038,-13.189454,-0.164868
52.5510,-5038,-13.189454,-0.164868
52.5610,-5038,-13.189454,-0.164868
52.5720,-5038,-13.189454,-0.164868
52.5810,-5038,-13.189454,-0.164868
52.5910,-5038,-13.189454,-0.164868
52.6010,-5038,-13.189454,-0.164868
52.6110,-5038,-13.189454,-0.164868
52.6210,-5038,-13.189454,-0.164868
52.6310,-5038,-13.189454,-0.164868
52.6410,-5038,-13.189454,-0.164868
52.6510,-5038,-13.189454,-0.164868
52.6610,-5038,-13.189454,-0.164868
52.6710,-5038,-13.189454,-0.164868
52.6810,-5039,-13.192072,-0.164901
52.6910,-5039,-13.192072,-0.164901
52.7010,-5039,-13.192072,-0.164901
52.7110,-5039,-13.192072,-0.164901
52.7210,-5039,-13.192072,-0.164901
52.7310,-5039,-13.192072,-0.164901
52.7410,-5039,-13.192072,-0.164901
52.7510,-5039,-13.192072,-0.164901
52.7610,-5039,-13.192072,-0.164901
52.7710,-5038,-13.189454,-0.164868
52.7810,-5038,-13.189454,-0.164868
52.7910,-5038,-13.189454,-0.164868
52.8010,-5039,-13.192072,-0.164901
52.8110,-5039,-13.192072,-0.164901
52.8210,-5039,-13.192072,-0.164901
52.8310,-5039,-13.192072,-0.164901
52.8410,-5039,-13.192072,-0.164901
52.8510,-5039,-13.192072,-0.164901
52.8610,-5039,-13.192072,-0.164901
52.8710,-5039,-13.192072,-0.164901
52.8810,-5039,-13.192072,-0.164901
52.8910,-5039,-13.192072,-0.164901
52.9010,-5039,-13.192072,-0.164901
52.9110,-5039,-13.192072,-0.164901
52.9210,-5039,-13.192072,-0.164901
52.9310,-5039,-13.192072,-0.164901
52.9410,-5039,-13.192072,-0.164901
52.9510,-5039,-13.192072,-0.164901
52.9610,-5039,-13.192072,-0.164901
52.9710,-5039,-13.192072,-0.164901
52.9810,-5039,-13.192072,-0.164901
52.9910,-5039,-13.192072,-0.164901
53.0010,-5039,-13.192072,-0.164901
53.0110,-5039,-13.192072,-0.164901
53.0210,-5039,-13.192072,-0.164901
53.0310,-5039,-13.192072,-0.164901
53.0410,-5039,-13.192072,-0.164901
53.0510,-5039,-13.192072,-0.164901
53.0610,-5039,-13.192072,-0.164901
53.0710,-5039,-13.192072,-0.164901
53.0810,-5039,-13.192072,-0.164901
53.0910,-5039,-13.192072,-0.164901
53.1010,-5039,-13.192072,-0.164901
53.1110,-5039,-13.192072,-0.164901
53.1210,-5040,-13.194689,-0.164934
53.1310,-5040,-13.194689,-0.164934
53.1410,-5040,-13.194689,-0.164934
53.1510,-5040,-13.194689,-0.164934
53.1610,-5039,-13.192072,-0.164901
53.1710,-5039,-13.192072,-0.164901
53.1810,-5039,-13.192072,-0.164901
53.1910,-5039,-13.192072,-0.164901
53.2010,-5039,-13.192072,-0.164901
53.2120,-5039,-13.192072,-0.164901
53.2210,-5040,-13.194689,-0.164934
53.2310,-5040,-13.194689,-0.164934
53.2410,-5040,-13.194689,-0.164934
53.2510,-5040,-13.194689,-0.164934
53.2610,-5040,-13.194689,-0.164934
53.2710,-5040,-13.194689,-0.164934
53.2810,-5040,-13.194689,-0.164934
53.2910,-5040,-13.194689,-0.164934
53.3010,-5040,-13.194689,-0.164934
53.3110,-5040,-13.194689,-0.164934
53.3210,-5040,-13.194689,-0.164934
53.3310,-5040,-13.194689,-0.164934
53.3410,-5040,-13.194689,-0.164934
53.3510,-5040,-13.194689,-0.164934
53.3610,-5040,-13.194689,-0.164934
53.3710,-5040,-13.194689,-0.164934
53.3810,-5040,-13.194689,-0.164934
53.3910,-5040,-13.194689,-0.164934
53.4010,-5040,-13.194689,-0.164934
53.4110,-5040,-13.194689,-0.164934
53.4210,-5040,-13.194689,-0.164934
53.4310,-5040,-13.194689,-0.164934
53.4410,-5040,-13.194689,-0.164934
53.4510,-5040,-13.194689,-0.164934
53.4610,-5040,-13.194689,-0.164934
53.4710,-5040,-13.194689,-0.164934
53.4810,-5040,-13.194689,-0.164934
53.4910,-5040,-13.194689,-0.164934
53.5010,-5040,-13.194689,-0.164934
53.5110,-5040,-13.194689,-0.164934
53.5210,-5040,-13.194689,-0.164934
53.5310,-5040,-13.194689,-0.164934
53.5410,-5040,-13.194689,-0.164934
53.5510,-5040,-13.194689,-0.164934
53.5610,-5040,-13.194689,-0.164934
53.5710,-5040,-13.194689,-0.164934
53.5810,-5040,-13.194689,-0.164934
53.5910,-5040,-13.194689,-0.164934
53.6010,-5040,-13.194689,-0.164934
53.6110,-5040,-13.194689,-0.164934
53.6210,-5040,-13.194689,-0.164934
53.6310,-5040,-13.194689,-0.164934
53.6410,-5040,-13.194689,-0.164934
53.6510,-5040,-13.194689,-0.164934
53.6610,-5040,-13.194689,-0.164934
53.6710,-5040,-13.194689,-0.164934
53.6810,-5041,-13.197308,-0.164966
53.6910,-5041,-13.197308,-0.164966
53.7010,-5041,-13.197308,-0.164966
53.7110,-5041,-13.197308,-0.164966
53.7210,-5040,-13.194689,-0.164934
53.7310,-5040,-13.194689,-0.164934
53.7410,-5040,-13.194689,-0.164934
53.7510,-5040,-13.194689,-0.164934
53.7610,-5040,-13.194689,-0.164934
53.7710,-5040,-13.194689,-0.164934
53.7810,-5040,-13.194689,-0.164934
53.7910,-5041,-13.197308,-0.164966
53.8010,-5041,-13.197308,-0.164966
53.8110,-5041,-13.197308,-0.164966
53.8210,-5041,-13.197308,-0.164966
53.8310,-5041,-13.197308,-0.164966
53.8410,-5041,-13.197308,-0.164966
53.8520,-5041,-13.197308,-0.164966
53.8610,-5041,-13.197308,-0.164966
53.8710,-5041,-13.197308,-0.164966
53.8810,-5041,-13.197308,-0.164966
53.8910,-5041,-13.197308,-0.164966
53.9010,-5041,-13.197308,-0.164966
53.9110,-5041,-13.197308,-0.164966
53.9210,-5041,-13.197308,-0.164966
53.9310,-5041,-13.197308,-0.164966
53.9410,-5041,-13.197308,-0.164966
53.9510,-5041,-13.197308,-0.164966
53.9610,-5041,-13.197308,-0.164966
53.9710,-5041,-13.197308,-0.164966
53.9810,-5041,-13.197308,-0.164966
53.9910,-5041,-13.197308,-0.164966
54.0010,-5041,-13.197308,-0.164966
54.0110,-5041,-13.197308,-0.164966
54.0210,-5041,-13.197308,-0.164966
54.0310,-5041,-13.197308,-0.164966
54.0410,-5041,-13.197308,-0.164966
54.0510,-5041,-13.197308,-0.164966
54.0610,-5041,-13.197308,-0.164966
54.0710,-5041,-13.197308,-0.164966
54.0810,-5041,-13.197308,-0.164966
54.0910,-5041,-13.197308,-0.164966
54.1010,-5041,-13.197308,-0.164966
54.1110,-5041,-13.197308,-0.164966
54.1210,-5041,-13.197308,-0.164966
54.1310,-5041,-13.197308,-0.164966
54.1410,-5041,-13.197308,-0.164966
54.1510,-5041,-13.197308,-0.164966
54.1610,-5041,-13.197308,-0.164966
54.1710,-5041,-13.197308,-0.164966
54.1810,-5041,-13.197308,-0.164966
54.1910,-5041,-13.197308,-0.164966
54.2010,-5041,-13.197308,-0.164966
54.2110,-5042,-13.199927,-0.164999
54.2210,-5042,-13.199927,-0.164999
54.2310,-5042,-13.199927,-0.164999
54.2410,-5042,-13.199927,-0.164999
54.2510,-5042,-13.199927,-0.164999
54.2610,-5042,-13.199927,-0.164999
54.2710,-5042,-13.199927,-0.164999
54.2810,-5042,-13.199927,-0.164999
54.2910,-5041,-13.197308,-0.164966
54.3010,-5041,-13.197308,-0.164966
54.3110,-5041,-13.197308,-0.164966
54.3210,-5042,-13.199927,-0.164999
54.3310,-5042,-13.199927,-0.164999
54.3410,-5042,-13.199927,-0.164999
54.3510,-5042,-13.199927,-0.164999
54.3610,-5042,-13.199927,-0.164999
54.3710,-5042,-13.199927,-0.164999
54.3810,-5042,-13.199927,-0.164999
54.3910,-5042,-13.199927,-0.164999
54.4010,-5042,-13.199927,-0.164999
54.4110,-5042,-13.199927,-0.164999
54.4210,-5042,-13.199927,-0.164999
54.4310,-5042,-13.199927,-0.164999
54.4410,-5042,-13.199927,-0.164999
54.4510,-5042,-13.199927,-0.164999
54.4610,-5042,-13.199927,-0.164999
54.4710,-5042,-13.199927,-0.164999
54.4810,-5042,-13.199927,-0.164999
54.4920,-5042,-13.199927,-0.164999
54.5010,-5042,-13.199927,-0.164999
54.5110,-5042,-13.199927,-0.164999
54.5210,-5042,-13.199927,-0.164999
54.5310,-5042,-13.199927,-0.164999
54.5410,-5042,-13.199927,-0.164999
54.5510,-5042,-13.199927,-0.164999
54.5610,-5042,-13.199927,-0.164999
54.5710,-5042,-13.199927,-0.164999
54.5810,-5042,-13.199927,-0.164999
54.5910,-5042,-13.199927,-0.164999
54.6010,-5042,-13.199927,-0.164999
54.6110,-5042,-13.199927,-0.164999
54.6210,-5042,-13.199927,-0.164999
54.6310,-5042,-13.199927,-0.164999
54.6410,-5042,-13.199927,-0.164999
54.6510,-5043,-13.202544,-0.165032
54.6610,-5043,-13.202544,-0.165032
54.6710,-5043,-13.202544,-0.165032
54.6810,-5043,-13.202544,-0.165032
54.6910,-5042,-13.199927,-0.164999
54.7010,-5042,-13.199927,-0.164999
54.7110,-5042,-13.199927,-0.164999
54.7210,-5042,-13.199927,-0.164999
54.7310,-5042,-13.199927,-0.164999
54.7410,-5043,-13.202544,-0.165032
54.7510,-5043,-13.202544,-0.165032
54.7610,-5043,-13.202544,-0.165032
54.7710,-5043,-13.202544,-0.165032
54.7810,-5043,-13.202544,-0.165032
54.7910,-5043,-13.202544,-0.165032
54.8010,-5043,-13.202544,-0.165032
54.8110,-5043,-13.202544,-0.165032
54.8210,-5043,-13.202544,-0.165032
54.8310,-5043,-13.202544,-0.165032
54.8410,-5043,-13.202544,-0.165032
54.8510,-5043,-13.202544,-0.165032
54.8610,-5043,-13.202544,-0.165032
54.8710,-5043,-13.202544,-0.165032
54.8810,-5043,-13.202544,-0.165032
54.8910,-5043,-13.202544,-0.165032
54.9010,-5043,-13.202544,-0.165032
54.9110,-5043,-13.202544,-0.165032
54.9210,-5043,-13.202544,-0.165032
54.9310,-5043,-13.202544,-0.165032
54.9410,-5043,-13.202544,-0.165032
54.9510,-5043,-13.202544,-0.165032
54.9610,-5043,-13.202544,-0.165032
54.9710,-5043,-13.202544,-0.165032
54.9810,-5043,-13.202544,-0.165032
54.9910,-5043,-13.202544,-0.165032
55.0010,-5043,-13.202544,-0.165032
55.0110,-5043,-13.202544,-0.165032
55.0210,-5043,-13.202544,-0.165032
55.0310,-5043,-13.202544,-0.165032
55.0410,-5044,-13.205163,-0.165065
55.0510,-5044,-13.205163,-0.165065
55.0610,-5044,-13.205163,-0.165065
55.0710,-5044,-13.205163,-0.165065
55.0810,-5044,-13.205163,-0.165065
55.0910,-5044,-13.205163,-0.165065
55.1010,-5044,-13.205163,-0.165065
55.1110,-5044,-13.205163,-0.165065
55.1210,-5044,-13.205163,-0.165065
55.1320,-5044,-13.205163,-0.165065
55.1410,-5044,-13.205163,-0.165065
55.1510,-5044,-13.205163,-0.165065
55.1610,-5044,-13.205163,-0.165065
55.1710,-5044,-13.205163,-0.165065
55.1810,-5044,-13.205163,-0.165065
55.1910,-5044,-13.205163,-0.165065
55.2010,-5044,-13.205163,-0.165065
55.2110,-5044,-13.205163,-0.165065
55.2210,-5044,-13.205163,-0.165065
55.2310,-5044,-13.205163,-0.165065
55.2410,-5044,-13.205163,-0.165065
55.2510,-5044,-13.205163,-0.165065
55.2610,-5044,-13.205163,-0.165065
55.2710,-5044,-13.205163,-0.165065
55.2810,-5044,-13.205163,-0.165065
55.2910,-5044,-13.205163,-0.165065
55.3010,-5044,-13.205163,-0.165065
55.3110,-5044,-13.205163,-0.165065
55.3210,-5045,-13.207780,-0.165097
55.3310,-5045,-13.207780,-0.165097
55.3410,-5045,-13.207780,-0.165097
55.3510,-5045,-13.207780,-0.165097
55.3610,-5045,-13.207780,-0.165097
55.3710,-5045,-13.207780,-0.165097
55.3810,-5045,-13.207780,-0.165097
55.3910,-5045,-13.207780,-0.165097
55.4010,-5045,-13.207780,-0.165097
55.4110,-5045,-13.207780,-0.165097
55.4210,-5045,-13.207780,-0.165097
55.4310,-5045,-13.207780,-0.165097
55.4410,-5045,-13.207780,-0.165097
55.4510,-5045,-13.207780,-0.165097
55.4610,-5045,-13.207780,-0.165097
55.4710,-5046,-13.210397,-0.165130
55.4810,-5046,-13.210397,-0.165130
55.4910,-5046,-13.210397,-0.165130
55.5010,-5046,-13.210397,-0.165130
55.5110,-5046,-13.210397,-0.165130
55.5210,-5046,-13.210397,-0.165130
55.5310,-5046,-13.210397,-0.165130
55.5410,-5045,-13.207780,-0.165097
55.5510,-5045,-13.207780,-0.165097
55.5610,-5045,-13.207780,-0.165097
55.5710,-5046,-13.210397,-0.165130
55.5810,-5046,-13.210397,-0.165130
55.5910,-5046,-13.210397,-0.165130
55.6010,-5046,-13.210397,-0.165130
55.6110,-5046,-13.210397,-0.165130
55.6210,-5046,-13.210397,-0.165130
55.6310,-5046,-13.210397,-0.165130
55.6410,-5046,-13.210397,-0.165130
55.6510,-5046,-13.210397,-0.165130
55.6610,-5046,-13.210397,-0.165130
55.6710,-5046,-13.210397,-0.165130
55.6810,-5046,-13.210397,-0.165130
55.6910,-5046,-13.210397,-0.165130
55.7010,-5046,-13.210397,-0.165130
55.7110,-5046,-13.210397,-0.165130
55.7210,-5046,-13.210397,-0.165130
55.7310,-5046,-13.210397,-0.165130
55.7410,-5047,-13.213016,-0.165163
55.7510,-5047,-13.213016,-0.165163
55.7610,-5047,-13.213016,-0.165163
55.7720,-5047,-13.213016,-0.165163
55.7810,-5047,-13.213016,-0.165163
55.7910,-5047,-13.213016,-0.165163
55.8010,-5047,-13.213016,-0.165163
55.8110,-5047,-13.213016,-0.165163
55.8210,-5046,-13.210397,-0.165130
55.8310,-5046,-13.210397,-0.165130
55.8410,-5046,-13.210397,-0.165130
55.8510,-5047,-13.213016,-0.165163
55.8610,-5047,-13.213016,-0.165163
55.8710,-5047,-13.213016,-0.165163
55.8810,-5047,-13.213016,-0.165163
55.8910,-5047,-13.213016,-0.165163
55.9010,-5047,-13.213016,-0.165163
55.9110,-5047,-13.213016,-0.165163
55.9210,-5047,-13.213016,-0.165163
55.9310,-5047,-13.213016,-0.165163
55.9410,-5047,-13.213016,-0.165163
55.9510,-5047,-13.213016,-0.165163
55.9610,-5047,-13.213016,-0.165163
55.9710,-5047,-13.213016,-0.165163
55.9810,-5047,-13.213016,-0.165163
55.9910,-5047,-13.213016,-0.165163
56.0010,-5047,-13.213016,-0.165163
56.0110,-5048,-13.215633,-0.165195
56.0210,-5048,-13.215633,-0.165195
56.0310,-5048,-13.215633,-0.165195
56.0410,-5048,-13.215633,-0.165195
56.0510,-5048,-13.215633,-0.165195
56.0610,-5048,-13.215633,-0.165195
56.0710,-5048,-13.215633,-0.165195
56.0810,-5048,-13.215633,-0.165195
56.0910,-5048,-13.215633,-0.165195
56.1010,-5048,-13.215633,-0.165195
56.1110,-5048,-13.215633,-0.165195
56.1210,-5048,-13.215633,-0.165195
56.1310,-5048,-13.215633,-0.165195
56.1410,-5049,-13.218252,-0.165228
56.1510,-5049,-13.218252,-0.165228
56.1610,-5049,-13.218252,-0.165228
56.1710,-5050,-13.220870,-0.165261
56.1810,-5050,-13.220870,-0.165261
56.1910,-5050,-13.220870,-0.165261
56.2010,-5050,-13.220870,-0.165261
56.2110,-5050,-13.220870,-0.165261
56.2210,-5050,-13.220870,-0.165261
56.2310,-5049,-13.218252,-0.165228
56.2410,-5049,-13.218252,-0.165228
56.2510,-5049,-13.218252,-0.165228
56.2610,-5049,-13.218252,-0.165228
56.2710,-5050,-13.220870,-0.165261
56.2810,-5050,-13.220870,-0.165261
56.2910,-5051,-13.223487,-0.165294
56.3010,-5051,-13.223487,-0.165294
56.3110,-5051,-13.223487,-0.165294
56.3210,-5051,-13.223487,-0.165294
56.3310,-5051,-13.223487,-0.165294
56.3410,-5051,-13.223487,-0.165294
56.3510,-5051,-13.223487,-0.165294
56.3610,-5051,-13.223487,-0.165294
56.3710,-5051,-13.223487,-0.165294
56.3810,-5051,-13.223487,-0.165294
56.3910,-5051,-13.223487,-0.165294
56.4010,-5051,-13.223487,-0.165294
56.4120,-5052,-13.226106,-0.165326
56.4210,-5052,-13.226106,-0.165326
56.4310,-5052,-13.226106,-0.165326
56.4410,-5053,-13.228725,-0.165359
56.4510,-5053,-13.228725,-0.165359
56.4610,-5054,-13.231342,-0.165392
56.4710,-5054,-13.231342,-0.165392
56.4810,-5054,-13.231342,-0.165392
56.4910,-5054,-13.231342,-0.165392
56.5010,-5054,-13.231342,-0.165392
56.5110,-5053,-13.228725,-0.165359
56.5210,-5053,-13.228725,-0.165359
56.5310,-5053,-13.228725,-0.165359
56.5410,-5054,-13.231342,-0.165392
56.5510,-5054,-13.231342,-0.165392
56.5610,-5054,-13.231342,-0.165392
56.5710,-5054,-13.231342,-0.165392
56.5810,-5055,-13.233961,-0.165425
56.5910,-5055,-13.233961,-0.165425
56.6010,-5055,-13.233961,-0.165425
56.6110,-5055,-13.233961,-0.165425
56.6210,-5055,-13.233961,-0.165425
56.6310,-5055,-13.233961,-0.165425
56.6410,-5055,-13.233961,-0.165425
56.6510,-5055,-13.233961,-0.165425
56.6610,-5055,-13.233961,-0.165425
56.6710,-5055,-13.233961,-0.165425
56.6810,-5055,-13.233961,-0.165425
56.6910,-5055,-13.233961,-0.165425
56.7010,-5055,-13.233961,-0.165425
56.7110,-5056,-13.236577,-0.165457
56.7210,-5056,-13.236577,-0.165457
56.7310,-5056,-13.236577,-0.165457
56.7410,-5056,-13.236577,-0.165457
56.7510,-5056,-13.236577,-0.165457
56.7610,-5056,-13.236577,-0.165457
56.7710,-5056,-13.236577,-0.165457
56.7810,-5056,-13.236577,-0.165457
56.7910,-5056,-13.236577,-0.165457
56.8010,-5056,-13.236577,-0.165457
56.8110,-5056,-13.236577,-0.165457
56.8210,-5056,-13.236577,-0.165457
56.8310,-5056,-13.236577,-0.165457
56.8410,-5057,-13.239195,-0.165490
56.8510,-5057,-13.239195,-0.165490
56.8610,-5057,-13.239195,-0.165490
56.8710,-5058,-13.241814,-0.165523
56.8810,-5058,-13.241814,-0.165523
56.8910,-5058,-13.241814,-0.165523
56.9010,-5058,-13.241814,-0.165523
56.9110,-5057,-13.239195,-0.165490
56.9210,-5057,-13.239195,-0.165490
56.9310,-5057,-13.239195,-0.165490
56.9410,-5057,-13.239195,-0.165490
56.9510,-5057,-13.239195,-0.165490
56.9610,-5057,-13.239195,-0.165490
56.9710,-5057,-13.239195,-0.165490
56.9810,-5058,-13.241814,-0.165523
56.9910,-5058,-13.241814,-0.165523
57.0010,-5058,-13.241814,-0.165523
57.0110,-5059,-13.244431,-0.165555
57.0210,-5059,-13.244431,-0.165555
57.0310,-5059,-13.244431,-0.165555
57.0410,-5059,-13.244431,-0.165555
57.0520,-5058,-13.241814,-0.165523
57.0610,-5058,-13.241814,-0.165523
57.0710,-5058,-13.241814,-0.165523
57.0810,-5058,-13.241814,-0.165523
57.0910,-5058,-13.241814,-0.165523
57.1010,-5058,-13.241814,-0.165523
57.1110,-5058,-13.241814,-0.165523
57.1210,-5059,-13.244431,-0.165555
57.1310,-5059,-13.244431,-0.165555
57.1410,-5059,-13.244431,-0.165555
57.1510,-5060,-13.247050,-0.165588
57.1610,-5060,-13.247050,-0.165588
57.1710,-5060,-13.247050,-0.165588
57.1810,-5060,-13.247050,-0.165588
57.1910,-5059,-13.244431,-0.165555
57.2010,-5059,-13.244431,-0.165555
57.2110,-5059,-13.244431,-0.165555
57.2210,-5059,-13.244431,-0.165555
57.2310,-5059,-13.244431,-0.165555
57.2410,-5059,-13.244431,-0.165555
57.2510,-5059,-13.244431,-0.165555
57.2610,-5060,-13.247050,-0.165588
57.2710,-5060,-13.247050,-0.165588
57.2810,-5060,-13.247050,-0.165588
57.2910,-5060,-13.247050,-0.165588
57.3010,-5060,-13.247050,-0.165588
57.3110,-5060,-13.247050,-0.165588
57.3210,-5060,-13.247050,-0.165588
57.3310,-5060,-13.247050,-0.165588
57.3410,-5060,-13.247050,-0.165588
57.3510,-5060,-13.247050,-0.165588
57.3610,-5060,-13.247050,-0.165588
57.3710,-5060,-13.247050,-0.165588
57.3810,-5060,-13.247050,-0.165588
57.3910,-5060,-13.247050,-0.165588
57.4010,-5061,-13.249669,-0.165621
57.4110,-5061,-13.249669,-0.165621
57.4210,-5061,-13.249669,-0.165621
57.4310,-5061,-13.249669,-0.165621
57.4410,-5061,-13.249669,-0.165621
57.4510,-5061,-13.249669,-0.165621
57.4610,-5061,-13.249669,-0.165621
57.4710,-5061,-13.249669,-0.165621
57.4810,-5061,-13.249669,-0.165621
57.4910,-5061,-13.249669,-0.165621
57.5010,-5061,-13.249669,-0.165621
57.5110,-5061,-13.249669,-0.165621
57.5210,-5061,-13.249669,-0.165621
57.5310,-5061,-13.249669,-0.165621
57.5410,-5062,-13.252285,-0.165654
57.5510,-5062,-13.252285,-0.165654
57.5610,-5062,-13.252285,-0.165654
57.5710,-5062,-13.252285,-0.165654
57.5810,-5062,-13.252285,-0.165654
57.5910,-5062,-13.252285,-0.165654
57.6010,-5062,-13.252285,-0.165654
57.6110,-5062,-13.252285,-0.165654
57.6210,-5062,-13.252285,-0.165654
57.6310,-5062,-13.252285,-0.165654
57.6410,-5062,-13.252285,-0.165654
57.6510,-5062,-13.252285,-0.165654
57.6610,-5062,-13.252285,-0.165654
57.6710,-5062,-13.252285,-0.165654
57.6810,-5063,-13.254904,-0.165686
57.6920,-5063,-13.254904,-0.165686
57.7010,-5063,-13.254904,-0.165686
57.7110,-5063,-13.254904,-0.165686
57.7210,-5063,-13.254904,-0.165686
57.7310,-5063,-13.254904,-0.165686
57.7410,-5063,-13.254904,-0.165686
57.7510,-5063,-13.254904,-0.165686
57.7610,-5063,-13.254904,-0.165686
57.7710,-5063,-13.254904,-0.165686
57.7810,-5063,-13.254904,-0.165686
57.7910,-5063,-13.254904,-0.165686
57.8010,-5063,-13.254904,-0.165686
57.8110,-5063,-13.254904,-0.165686
57.8210,-5064,-13.257521,-0.165719
57.8310,-5064,-13.257521,-0.165719
57.8410,-5064,-13.257521,-0.165719
57.8510,-5064,-13.257521,-0.165719
57.8610,-5064,-13.257521,-0.165719
57.8710,-5064,-13.257521,-0.165719
57.8810,-5064,-13.257521,-0.165719
57.8910,-5064,-13.257521,-0.165719
57.9010,-5063,-13.254904,-0.165686
57.9110,-5063,-13.254904,-0.165686
57.9210,-5063,-13.254904,-0.165686
57.9310,-5064,-13.257521,-0.165719
57.9410,-5064,-13.257521,-0.165719
57.9510,-5064,-13.257521,-0.165719
57.9610,-5064,-13.257521,-0.165719
57.9710,-5065,-13.260140,-0.165752
57.9810,-5065,-13.260140,-0.165752
57.9910,-5065,-13.260140,-0.165752
58.0010,-5065,-13.260140,-0.165752
58.0110,-5065,-13.260140,-0.165752
58.0210,-5065,-13.260140,-0.165752
58.0310,-5065,-13.260140,-0.165752
58.0410,-5064,-13.257521,-0.165719
58.0510,-5064,-13.257521,-0.165719
58.0610,-5064,-13.257521,-0.165719
58.0710,-5065,-13.260140,-0.165752
58.0810,-5065,-13.260140,-0.165752
58.0910,-5066,-13.262759,-0.165784
58.1010,-5066,-13.262759,-0.165784
58.1110,-5066,-13.262759,-0.165784
58.1210,-5066,-13.262759,-0.165784
58.1310,-5066,-13.262759,-0.165784
58.1410,-5066,-13.262759,-0.165784
58.1510,-5066,-13.262759,-0.165784
58.1610,-5066,-13.262759,-0.165784
58.1710,-5066,-13.262759,-0.165784
58.1810,-5066,-13.262759,-0.165784
58.1910,-5066,-13.262759,-0.165784
58.2010,-5066,-13.262759,-0.165784
58.2110,-5067,-13.265376,-0.165817
58.2210,-5068,-13.267993,-0.165850
58.2310,-5068,-13.267993,-0.165850
58.2410,-5069,-13.270612,-0.165883
58.2510,-5070,-13.273229,-0.165915
58.2610,-5070,-13.273229,-0.165915
58.2710,-5071,-13.275848,-0.165948
58.2810,-5071,-13.275848,-0.165948
58.2910,-5071,-13.275848,-0.165948
58.3010,-5071,-13.275848,-0.165948
58.3110,-5071,-13.275848,-0.165948
58.3210,-5070,-13.273229,-0.165915
58.3320,-5070,-13.273229,-0.165915
58.3410,-5070,-13.273229,-0.165915
58.3510,-5071,-13.275848,-0.165948
58.3610,-5071,-13.275848,-0.165948
58.3710,-5072,-13.278465,-0.165981
58.3810,-5072,-13.278465,-0.165981
58.3910,-5073,-13.281084,-0.166014
58.4010,-5073,-13.281084,-0.166014
58.4110,-5074,-13.283702,-0.166046
58.4210,-5074,-13.283702,-0.166046
58.4310,-5074,-13.283702,-0.166046
58.4410,-5074,-13.283702,-0.166046
58.4510,-5073,-13.281084,-0.166014
58.4610,-5073,-13.281084,-0.166014
58.4710,-5073,-13.281084,-0.166014
58.4810,-5073,-13.281084,-0.166014
58.4910,-5075,-13.286319,-0.166079
58.5010,-5077,-13.291557,-0.166144
58.5110,-5080,-13.299409,-0.166243
58.5210,-5084,-13.309882,-0.166374
58.5310,-5088,-13.320353,-0.166504
58.5410,-5092,-13.330825,-0.166635
58.5510,-5096,-13.341297,-0.166766
58.5610,-5100,-13.351770,-0.166897
58.5710,-5103,-13.359623,-0.166995
58.5810,-5106,-13.367478,-0.167093
58.5910,-5108,-13.372714,-0.167159
58.6010,-5108,-13.372714,-0.167159
58.6110,-5109,-13.375332,-0.167192
58.6210,-5110,-13.377949,-0.167224
58.6310,-5111,-13.380568,-0.167257
58.6410,-5113,-13.385804,-0.167323
58.6510,-5115,-13.391039,-0.167388
58.6610,-5116,-13.393657,-0.167421
58.6710,-5118,-13.398893,-0.167486
58.6810,-5120,-13.404130,-0.167552
58.6910,-5122,-13.409366,-0.167617
58.7010,-5124,-13.414602,-0.167683
58.7110,-5126,-13.419837,-0.167748
58.7210,-5127,-13.422455,-0.167781
58.7310,-5127,-13.422455,-0.167781
58.7410,-5127,-13.422455,-0.167781
58.7510,-5127,-13.422455,-0.167781
58.7610,-5126,-13.419837,-0.167748
58.7710,-5126,-13.419837,-0.167748
58.7810,-5126,-13.419837,-0.167748
58.7910,-5126,-13.419837,-0.167748
58.8010,-5127,-13.422455,-0.167781
58.8110,-5128,-13.425074,-0.167813
58.8210,-5129,-13.427691,-0.167846
58.8310,-5130,-13.430310,-0.167879
58.8410,-5131,-13.432927,-0.167912
58.8510,-5132,-13.435545,-0.167944
58.8610,-5132,-13.435545,-0.167944
58.8710,-5132,-13.435545,-0.167944
58.8810,-5132,-13.435545,-0.167944
58.8910,-5132,-13.435545,-0.167944
58.9010,-5132,-13.435545,-0.167944
58.9110,-5132,-13.435545,-0.167944
58.9210,-5132,-13.435545,-0.167944
58.9310,-5132,-13.435545,-0.167944
58.9410,-5133,-13.438164,-0.167977
58.9510,-5133,-13.438164,-0.167977
58.9610,-5134,-13.440781,-0.168010
58.9720,-5135,-13.443400,-0.168043
58.9810,-5135,-13.443400,-0.168043
58.9910,-5135,-13.443400,-0.168043
59.0010,-5135,-13.443400,-0.168043
59.0110,-5135,-13.443400,-0.168043
59.0210,-5135,-13.443400,-0.168043
59.0310,-5134,-13.440781,-0.168010
59.0410,-5135,-13.443400,-0.168043
59.0510,-5135,-13.443400,-0.168043
59.0610,-5135,-13.443400,-0.168043
59.0710,-5136,-13.446018,-0.168075
59.0810,-5136,-13.446018,-0.168075
59.0910,-5137,-13.448636,-0.168108
59.1010,-5138,-13.451253,-0.168141
59.1110,-5138,-13.451253,-0.168141
59.1210,-5138,-13.451253,-0.168141
59.1310,-5139,-13.453870,-0.168173
59.1410,-5139,-13.453870,-0.168173
59.1510,-5138,-13.451253,-0.168141
59.1610,-5138,-13.451253,-0.168141
59.1710,-5138,-13.451253,-0.168141
59.1810,-5138,-13.451253,-0.168141
59.1910,-5138,-13.451253,-0.168141
59.2010,-5139,-13.453870,-0.168173
59.2110,-5139,-13.453870,-0.168173
59.2210,-5140,-13.456489,-0.168206
59.2310,-5140,-13.456489,-0.168206
59.2410,-5140,-13.456489,-0.168206
59.2510,-5141,-13.459108,-0.168239
59.2610,-5141,-13.459108,-0.168239
59.2710,-5141,-13.459108,-0.168239
59.2810,-5141,-13.459108,-0.168239
59.2910,-5141,-13.459108,-0.168239
59.3010,-5141,-13.459108,-0.168239
59.3110,-5140,-13.456489,-0.168206
59.3210,-5141,-13.459108,-0.168239
59.3310,-5141,-13.459108,-0.168239
59.3410,-5141,-13.459108,-0.168239
59.3510,-5142,-13.461725,-0.168272
59.3610,-5142,-13.461725,-0.168272
59.3710,-5143,-13.464344,-0.168304
59.3810,-5143,-13.464344,-0.168304
59.3910,-5143,-13.464344,-0.168304
59.4010,-5143,-13.464344,-0.168304
59.4110,-5143,-13.464344,-0.168304
59.4210,-5143,-13.464344,-0.168304
59.4310,-5143,-13.464344,-0.168304
59.4410,-5143,-13.464344,-0.168304
59.4510,-5143,-13.464344,-0.168304
59.4610,-5144,-13.466962,-0.168337
59.4710,-5144,-13.466962,-0.168337
59.4810,-5144,-13.466962,-0.168337
59.4910,-5145,-13.469579,-0.168370
59.5010,-5145,-13.469579,-0.168370
59.5110,-5146,-13.472198,-0.168402
59.5210,-5146,-13.472198,-0.168402
59.5310,-5146,-13.472198,-0.168402
59.5410,-5146,-13.472198,-0.168402
59.5510,-5146,-13.472198,-0.168402
59.5610,-5146,-13.472198,-0.168402
59.5710,-5146,-13.472198,-0.168402
59.5810,-5146,-13.472198,-0.168402
59.5910,-5146,-13.472198,-0.168402
59.6010,-5147,-13.474815,-0.168435
59.6120,-5148,-13.477434,-0.168468
59.6210,-5149,-13.480051,-0.168501
59.6310,-5150,-13.482668,-0.168533
59.6410,-5151,-13.485287,-0.168566
59.6510,-5152,-13.487906,-0.168599
59.6610,-5152,-13.487906,-0.168599
59.6710,-5152,-13.487906,-0.168599
59.6810,-5152,-13.487906,-0.168599
59.6910,-5152,-13.487906,-0.168599
59.7010,-5152,-13.487906,-0.168599
59.7110,-5152,-13.487906,-0.168599
59.7210,-5152,-13.487906,-0.168599
59.7310,-5153,-13.490523,-0.168632
59.7410,-5154,-13.493142,-0.168664
59.7510,-5155,-13.495759,-0.168697
59.7610,-5156,-13.498377,-0.168730
59.7710,-5157,-13.500996,-0.168762
59.7810,-5158,-13.503613,-0.168795
59.7910,-5159,-13.506232,-0.168828
59.8010,-5159,-13.506232,-0.168828
59.8110,-5160,-13.508850,-0.168861
59.8210,-5160,-13.508850,-0.168861
59.8310,-5160,-13.508850,-0.168861
59.8410,-5160,-13.508850,-0.168861
59.8510,-5160,-13.508850,-0.168861
59.8610,-5160,-13.508850,-0.168861
59.8710,-5160,-13.508850,-0.168861
59.8810,-5160,-13.508850,-0.168861
59.8910,-5161,-13.511466,-0.168893
59.9010,-5162,-13.514085,-0.168926
59.9110,-5162,-13.514085,-0.168926
59.9210,-5163,-13.516702,-0.168959
59.9310,-5164,-13.519321,-0.168992
59.9410,-5164,-13.519321,-0.168992
59.9510,-5164,-13.519321,-0.168992
59.9610,-5164,-13.519321,-0.168992
59.9710,-5164,-13.519321,-0.168992
59.9810,-5164,-13.519321,-0.168992
59.9910,-5164,-13.519321,-0.168992
60.0010,-5164,-13.519321,-0.168992
60.0110,-5164,-13.519321,-0.168992
60.0210,-5164,-13.519321,-0.168992
60.0310,-5165,-13.521940,-0.169024
60.0410,-5166,-13.524557,-0.169057
60.0510,-5167,-13.527175,-0.169090
60.0610,-5167,-13.527175,-0.169090
60.0710,-5168,-13.529794,-0.169122
60.0810,-5168,-13.529794,-0.169122
60.0910,-5168,-13.529794,-0.169122
60.1010,-5168,-13.529794,-0.169122
60.1110,-5168,-13.529794,-0.169122
60.1210,-5168,-13.529794,-0.169122
60.1310,-5168,-13.529794,-0.169122
60.1410,-5168,-13.529794,-0.169122
60.1510,-5168,-13.529794,-0.169122
60.1610,-5168,-13.529794,-0.169122
60.1710,-5169,-13.532411,-0.169155
60.1810,-5170,-13.535029,-0.169188
60.1910,-5170,-13.535029,-0.169188
60.2010,-5171,-13.537647,-0.169221
60.2110,-5171,-13.537647,-0.169221
60.2210,-5171,-13.537647,-0.169221
60.2310,-5172,-13.540265,-0.169253
60.2410,-5172,-13.540265,-0.169253
60.2520,-5171,-13.537647,-0.169221
60.2610,-5171,-13.537647,-0.169221
60.2710,-5171,-13.537647,-0.169221
60.2810,-5171,-13.537647,-0.169221
60.2910,-5171,-13.537647,-0.169221
60.3010,-5172,-13.540265,-0.169253
60.3110,-5172,-13.540265,-0.169253
60.3210,-5173,-13.542883,-0.169286
60.3310,-5174,-13.545500,-0.169319
60.3410,-5174,-13.545500,-0.169319
60.3510,-5175,-13.548119,-0.169351
60.3610,-5175,-13.548119,-0.169351
60.3710,-5175,-13.548119,-0.169351
60.3810,-5175,-13.548119,-0.169351
60.3910,-5175,-13.548119,-0.169351
60.4010,-5174,-13.545500,-0.169319
60.4110,-5174,-13.545500,-0.169319
60.4210,-5174,-13.545500,-0.169319
60.4310,-5175,-13.548119,-0.169351
60.4410,-5175,-13.548119,-0.169351
60.4510,-5176,-13.550738,-0.169384
60.4610,-5176,-13.550738,-0.169384
60.4710,-5177,-13.553355,-0.169417
60.4810,-5177,-13.553355,-0.169417
60.4910,-5178,-13.555974,-0.169450
60.5010,-5178,-13.555974,-0.169450
60.5110,-5178,-13.555974,-0.169450
60.5210,-5178,-13.555974,-0.169450
60.5310,-5177,-13.553355,-0.169417
60.5410,-5177,-13.553355,-0.169417
60.5510,-5177,-13.553355,-0.169417
60.5610,-5177,-13.553355,-0.169417
60.5710,-5177,-13.553355,-0.169417
60.5810,-5178,-13.555974,-0.169450
60.5910,-5178,-13.555974,-0.169450
60.6010,-5179,-13.558592,-0.169482
60.6110,-5180,-13.561209,-0.169515
60.6210,-5180,-13.561209,-0.169515
60.6310,-5180,-13.561209,-0.169515
60.6410,-5180,-13.561209,-0.169515
60.6510,-5180,-13.561209,-0.169515
60.6610,-5180,-13.561209,-0.169515
60.6710,-5180,-13.561209,-0.169515
60.6810,-5179,-13.558592,-0.169482
60.6910,-5179,-13.558592,-0.169482
60.7010,-5179,-13.558592,-0.169482
60.7110,-5180,-13.561209,-0.169515
60.7210,-5180,-13.561209,-0.169515
60.7310,-5181,-13.563827,-0.169548
60.7410,-5181,-13.563827,-0.169548
60.7510,-5182,-13.566445,-0.169581
60.7610,-5182,-13.566445,-0.169581
60.7710,-5182,-13.566445,-0.169581
60.7810,-5182,-13.566445,-0.169581
60.7910,-5182,-13.566445,-0.169581
60.8010,-5182,-13.566445,-0.169581
60.8110,-5182,-13.566445,-0.169581
60.8210,-5182,-13.566445,-0.169581
60.8310,-5181,-13.563827,-0.169548
60.8410,-5182,-13.566445,-0.169581
60.8510,-5182,-13.566445,-0.169581
60.8610,-5182,-13.566445,-0.169581
60.8710,-5183,-13.569063,-0.169613
60.8810,-5183,-13.569063,-0.169613
60.8920,-5184,-13.571681,-0.169646
60.9010,-5184,-13.571681,-0.169646
60.9110,-5184,-13.571681,-0.169646
60.9210,-5184,-13.571681,-0.169646
60.9310,-5184,-13.571681,-0.169646
60.9410,-5184,-13.571681,-0.169646
60.9510,-5184,-13.571681,-0.169646
60.9610,-5183,-13.569063,-0.169613
60.9710,-5183,-13.569063,-0.169613
60.9810,-5184,-13.571681,-0.169646
60.9910,-5184,-13.571681,-0.169646
61.0010,-5184,-13.571681,-0.169646
61.0110,-5185,-13.574298,-0.169679
61.0210,-5185,-13.574298,-0.169679
61.0310,-5186,-13.576917,-0.169711
61.0410,-5186,-13.576917,-0.169711
61.0510,-5186,-13.576917,-0.169711
61.0610,-5186,-13.576917,-0.169711
61.0710,-5186,-13.576917,-0.169711
61.0810,-5186,-13.576917,-0.169711
61.0910,-5185,-13.574298,-0.169679
61.1010,-5185,-13.574298,-0.169679
61.1110,-5185,-13.574298,-0.169679
61.1210,-5186,-13.576917,-0.169711
61.1310,-5186,-13.576917,-0.169711
61.1410,-5186,-13.576917,-0.169711
61.1510,-5187,-13.579536,-0.169744
61.1610,-5187,-13.579536,-0.169744
61.1710,-5188,-13.582153,-0.169777
61.1810,-5188,-13.582153,-0.169777
61.1910,-5188,-13.582153,-0.169777
61.2010,-5188,-13.582153,-0.169777
61.2110,-5188,-13.582153,-0.169777
61.2210,-5188,-13.582153,-0.169777
61.2310,-5187,-13.579536,-0.169744
61.2410,-5187,-13.579536,-0.169744
61.2510,-5187,-13.579536,-0.169744
61.2610,-5188,-13.582153,-0.169777
61.2710,-5188,-13.582153,-0.169777
61.2810,-5189,-13.584772,-0.169810
61.2910,-5190,-13.587388,-0.169842
61.3010,-5190,-13.587388,-0.169842
61.3110,-5191,-13.590007,-0.169875
61.3210,-5191,-13.590007,-0.169875
61.3310,-5192,-13.592625,-0.169908
61.3410,-5192,-13.592625,-0.169908
61.3510,-5192,-13.592625,-0.169908
61.3610,-5192,-13.592625,-0.169908
61.3710,-5192,-13.592625,-0.169908
61.3810,-5192,-13.592625,-0.169908
61.3910,-5192,-13.592625,-0.169908
61.4010,-5192,-13.592625,-0.169908
61.4110,-5193,-13.595243,-0.169941
61.4210,-5194,-13.597861,-0.169973
61.4310,-5195,-13.600480,-0.170006
61.4410,-5196,-13.603096,-0.170039
61.4510,-5196,-13.603096,-0.170039
61.4610,-5197,-13.605715,-0.170071
61.4710,-5197,-13.605715,-0.170071
61.4810,-5197,-13.605715,-0.170071
61.4910,-5197,-13.605715,-0.170071
61.5010,-5197,-13.605715,-0.170071
61.5110,-5197,-13.605715,-0.170071
61.5210,-5197,-13.605715,-0.170071
61.5320,-5197,-13.605715,-0.170071
61.5410,-5199,-13.610951,-0.170137
61.5510,-5200,-13.613570,-0.170170
61.5610,-5204,-13.624041,-0.170301
61.5710,-5205,-13.626659,-0.170333
61.5810,-5206,-13.629277,-0.170366
61.5910,-5208,-13.634513,-0.170431
61.6010,-5209,-13.637130,-0.170464
61.6110,-5210,-13.639749,-0.170497
61.6210,-5210,-13.639749,-0.170497
61.6310,-5210,-13.639749,-0.170497
61.6410,-5210,-13.639749,-0.170497
61.6510,-5210,-13.639749,-0.170497
61.6610,-5209,-13.637130,-0.170464
61.6710,-5209,-13.637130,-0.170464
61.6810,-5210,-13.639749,-0.170497
61.6910,-5210,-13.639749,-0.170497
61.7010,-5212,-13.644985,-0.170562
61.7110,-5213,-13.647603,-0.170595
61.7210,-5215,-13.652839,-0.170660
61.7310,-5216,-13.655457,-0.170693
61.7410,-5218,-13.660693,-0.170759
61.7510,-5218,-13.660693,-0.170759
61.7610,-5219,-13.663311,-0.170791
61.7710,-5219,-13.663311,-0.170791
61.7810,-5219,-13.663311,-0.170791
61.7910,-5219,-13.663311,-0.170791
61.8010,-5219,-13.663311,-0.170791
61.8110,-5219,-13.663311,-0.170791
61.8210,-5220,-13.665928,-0.170824
61.8310,-5222,-13.671164,-0.170890
61.8410,-5223,-13.673783,-0.170922
61.8510,-5225,-13.679018,-0.170988
61.8610,-5227,-13.684255,-0.171053
61.8710,-5229,-13.689491,-0.171119
61.8810,-5230,-13.692108,-0.171151
61.8910,-5231,-13.694726,-0.171184
61.9010,-5231,-13.694726,-0.171184
61.9110,-5231,-13.694726,-0.171184
61.9210,-5231,-13.694726,-0.171184
61.9310,-5231,-13.694726,-0.171184
61.9410,-5230,-13.692108,-0.171151
61.9510,-5230,-13.692108,-0.171151
61.9610,-5230,-13.692108,-0.171151
61.9710,-5231,-13.694726,-0.171184
61.9810,-5232,-13.697345,-0.171217
61.9910,-5233,-13.699962,-0.171250
62.0010,-5234,-13.702581,-0.171282
62.0110,-5236,-13.707817,-0.171348
62.0210,-5237,-13.710435,-0.171380
62.0310,-5237,-13.710435,-0.171380
62.0410,-5237,-13.710435,-0.171380
62.0510,-5237,-13.710435,-0.171380
62.0610,-5237,-13.710435,-0.171380
62.0710,-5237,-13.710435,-0.171380
62.0810,-5237,-13.710435,-0.171380
62.0910,-5239,-13.715671,-0.171446
62.1010,-5244,-13.728760,-0.171610
62.1110,-5251,-13.747087,-0.171839
62.1210,-5261,-13.773267,-0.172166
62.1310,-5274,-13.807300,-0.172591
62.1410,-5291,-13.851807,-0.173148
62.1510,-5309,-13.898930,-0.173737
62.1610,-5326,-13.943437,-0.174293
62.1720,-5345,-13.993179,-0.174915
62.1810,-5362,-14.037684,-0.175471
62.1910,-5383,-14.092661,-0.176158
62.2010,-5404,-14.147641,-0.176846
62.2110,-5425,-14.202618,-0.177533
62.2210,-5448,-14.262831,-0.178285
62.2310,-5474,-14.330899,-0.179136
62.2410,-5494,-14.383259,-0.179791
62.2510,-5515,-14.438237,-0.180478
62.2610,-5532,-14.482744,-0.181034
62.2710,-5549,-14.527248,-0.181591
62.2810,-5564,-14.566519,-0.182081
62.2910,-5577,-14.600553,-0.182507
62.3010,-5586,-14.624115,-0.182801
62.3110,-5594,-14.645059,-0.183063
62.3210,-5599,-14.658149,-0.183227
62.3310,-5603,-14.668621,-0.183358
62.3410,-5605,-14.673856,-0.183423
62.3510,-5609,-14.684329,-0.183554
62.3610,-5613,-14.694800,-0.183685
62.3710,-5621,-14.715744,-0.183947
62.3810,-5631,-14.741925,-0.184274
62.3910,-5641,-14.768104,-0.184601
62.4010,-5652,-14.796902,-0.184961
62.4110,-5664,-14.828317,-0.185354
62.4210,-5676,-14.859734,-0.185747
62.4310,-5686,-14.885913,-0.186074
62.4410,-5693,-14.904241,-0.186303
62.4510,-5698,-14.917330,-0.186467
62.4610,-5700,-14.922566,-0.186532
62.4710,-5700,-14.922566,-0.186532
62.4810,-5698,-14.917330,-0.186467
62.4910,-5694,-14.906858,-0.186336
62.5010,-5690,-14.896387,-0.186205
62.5110,-5688,-14.891149,-0.186139
62.5210,-5687,-14.888532,-0.186107
62.5310,-5686,-14.885913,-0.186074
62.5410,-5687,-14.888532,-0.186107
62.5510,-5690,-14.896387,-0.186205
62.5610,-5693,-14.904241,-0.186303
62.5710,-5697,-14.914711,-0.186434
62.5810,-5700,-14.922566,-0.186532
62.5910,-5703,-14.930420,-0.186630
62.6010,-5704,-14.933038,-0.186663
62.6110,-5705,-14.935656,-0.186696
62.6210,-5705,-14.935656,-0.186696
62.6310,-5703,-14.930420,-0.186630
62.6410,-5701,-14.925185,-0.186565
62.6510,-5701,-14.925185,-0.186565
62.6610,-5700,-14.922566,-0.186532
62.6710,-5699,-14.919947,-0.186499
62.6810,-5700,-14.922566,-0.186532
62.6910,-5701,-14.925185,-0.186565
62.7010,-5703,-14.930420,-0.186630
62.7110,-5705,-14.935656,-0.186696
62.7210,-5707,-14.940892,-0.186761
62.7310,-5709,-14.946128,-0.186827
62.7410,-5710,-14.948745,-0.186859
62.7510,-5711,-14.951364,-0.186892
62.7610,-5710,-14.948745,-0.186859
62.7710,-5710,-14.948745,-0.186859
62.7810,-5709,-14.946128,-0.186827
62.7910,-5709,-14.946128,-0.186827
62.8010,-5709,-14.946128,-0.186827
62.8120,-5709,-14.946128,-0.186827
62.8210,-5709,-14.946128,-0.186827
62.8310,-5710,-14.948745,-0.186859
62.8410,-5711,-14.951364,-0.186892
62.8510,-5713,-14.956600,-0.186958
62.8610,-5714,-14.959218,-0.186990
62.8710,-5715,-14.961835,-0.187023
62.8810,-5716,-14.964454,-0.187056
62.8910,-5716,-14.964454,-0.187056
62.9010,-5716,-14.964454,-0.187056
62.9110,-5716,-14.964454,-0.187056
62.9210,-5715,-14.961835,-0.187023
62.9310,-5715,-14.961835,-0.187023
62.9410,-5715,-14.961835,-0.187023
62.9510,-5715,-14.961835,-0.187023
62.9610,-5715,-14.961835,-0.187023
62.9710,-5716,-14.964454,-0.187056
62.9810,-5716,-14.964454,-0.187056
62.9910,-5717,-14.967072,-0.187088
63.0010,-5718,-14.969690,-0.187121
63.0110,-5718,-14.969690,-0.187121
63.0210,-5718,-14.969690,-0.187121
63.0310,-5718,-14.969690,-0.187121
63.0410,-5718,-14.969690,-0.187121
63.0510,-5718,-14.969690,-0.187121
63.0610,-5717,-14.967072,-0.187088
63.0710,-5718,-14.969690,-0.187121
63.0810,-5717,-14.967072,-0.187088
63.0910,-5717,-14.967072,-0.187088
63.1010,-5718,-14.969690,-0.187121
63.1110,-5718,-14.969690,-0.187121
63.1210,-5719,-14.972308,-0.187154
63.1310,-5720,-14.974926,-0.187187
63.1410,-5720,-14.974926,-0.187187
63.1510,-5720,-14.974926,-0.187187
63.1610,-5720,-14.974926,-0.187187
63.1710,-5720,-14.974926,-0.187187
63.1810,-5720,-14.974926,-0.187187
63.1910,-5720,-14.974926,-0.187187
63.2010,-5720,-14.974926,-0.187187
63.2110,-5720,-14.974926,-0.187187
63.2210,-5720,-14.974926,-0.187187
63.2310,-5720,-14.974926,-0.187187
63.2410,-5721,-14.977543,-0.187219
63.2510,-5722,-14.980162,-0.187252
63.2610,-5722,-14.980162,-0.187252
63.2710,-5723,-14.982779,-0.187285
63.2810,-5723,-14.982779,-0.187285
63.2910,-5723,-14.982779,-0.187285
63.3010,-5724,-14.985398,-0.187317
63.3110,-5724,-14.985398,-0.187317
63.3210,-5724,-14.985398,-0.187317
63.3310,-5723,-14.982779,-0.187285
63.3410,-5724,-14.985398,-0.187317
63.3510,-5724,-14.985398,-0.187317
63.3610,-5724,-14.985398,-0.187317
63.3710,-5725,-14.988017,-0.187350
63.3810,-5726,-14.990633,-0.187383
63.3910,-5726,-14.990633,-0.187383
63.4010,-5727,-14.993252,-0.187416
63.4110,-5727,-14.993252,-0.187416
63.4210,-5728,-14.995870,-0.187448
63.4310,-5728,-14.995870,-0.187448
63.4410,-5728,-14.995870,-0.187448
63.4520,-5728,-14.995870,-0.187448
63.4610,-5728,-14.995870,-0.187448
63.4710,-5728,-14.995870,-0.187448
63.4810,-5728,-14.995870,-0.187448
63.4910,-5728,-14.995870,-0.187448
63.5010,-5729,-14.998488,-0.187481
63.5110,-5729,-14.998488,-0.187481
63.5210,-5730,-15.001106,-0.187514
63.5310,-5731,-15.003724,-0.187547
63.5410,-5732,-15.006341,-0.187579
63.5510,-5732,-15.006341,-0.187579
63.5610,-5732,-15.006341,-0.187579
63.5710,-5732,-15.006341,-0.187579
63.5810,-5732,-15.006341,-0.187579
63.5910,-5732,-15.006341,-0.187579
63.6010,-5732,-15.006341,-0.187579
63.6110,-5731,-15.003724,-0.187547
63.6210,-5732,-15.006341,-0.187579
63.6310,-5732,-15.006341,-0.187579
63.6410,-5732,-15.006341,-0.187579
63.6510,-5733,-15.008960,-0.187612
63.6610,-5734,-15.011577,-0.187645
63.6710,-5734,-15.011577,-0.187645
63.6810,-5735,-15.014196,-0.187677
63.6910,-5735,-15.014196,-0.187677
63.7010,-5735,-15.014196,-0.187677
63.7110,-5735,-15.014196,-0.187677
63.7210,-5735,-15.014196,-0.187677
63.7310,-5735,-15.014196,-0.187677
63.7410,-5735,-15.014196,-0.187677
63.7510,-5734,-15.011577,-0.187645
63.7610,-5735,-15.014196,-0.187677
63.7710,-5735,-15.014196,-0.187677
63.7810,-5736,-15.016815,-0.187710
63.7910,-5736,-15.016815,-0.187710
63.8010,-5737,-15.019432,-0.187743
63.8110,-5737,-15.019432,-0.187743
63.8210,-5738,-15.022050,-0.187776
63.8310,-5738,-15.022050,-0.187776
63.8410,-5739,-15.024667,-0.187808
63.8510,-5739,-15.024667,-0.187808
63.8610,-5739,-15.024667,-0.187808
63.8710,-5738,-15.022050,-0.187776
63.8810,-5738,-15.022050,-0.187776
63.8910,-5738,-15.022050,-0.187776
63.9010,-5739,-15.024667,-0.187808
63.9110,-5740,-15.027286,-0.187841
63.9210,-5740,-15.027286,-0.187841
63.9310,-5741,-15.029904,-0.187874
63.9410,-5742,-15.032522,-0.187907
63.9510,-5743,-15.035140,-0.187939
63.9610,-5743,-15.035140,-0.187939
63.9710,-5744,-15.037758,-0.187972
63.9810,-5744,-15.037758,-0.187972
63.9910,-5744,-15.037758,-0.187972
64.0010,-5744,-15.037758,-0.187972
64.0110,-5744,-15.037758,-0.187972
64.0210,-5744,-15.037758,-0.187972
64.0310,-5744,-15.037758,-0.187972
64.0410,-5745,-15.040375,-0.188005
64.0510,-5747,-15.045611,-0.188070
64.0610,-5750,-15.053465,-0.188168
64.0710,-5753,-15.061320,-0.188267
64.0810,-5757,-15.071792,-0.188397
64.0920,-5761,-15.082263,-0.188528
64.1010,-5766,-15.095353,-0.188692
64.1110,-5773,-15.113680,-0.188921
64.1210,-5783,-15.139860,-0.189248
64.1310,-5797,-15.176511,-0.189706
64.1410,-5814,-15.221016,-0.190263
64.1510,-5838,-15.283848,-0.191048
64.1610,-5865,-15.354535,-0.191932
64.1710,-5890,-15.419984,-0.192750
64.1810,-5909,-15.469727,-0.193372
64.1910,-5931,-15.527323,-0.194092
64.2010,-5958,-15.598009,-0.194975
64.2110,-5986,-15.671312,-0.195891
64.2210,-6009,-15.731527,-0.196644
64.2310,-6033,-15.794359,-0.197429
64.2410,-6051,-15.841482,-0.198019
64.2510,-6062,-15.870280,-0.198378
64.2610,-6068,-15.885989,-0.198575
64.2710,-6072,-15.896459,-0.198706
64.2810,-6074,-15.901695,-0.198771
64.2910,-6074,-15.901695,-0.198771
64.3010,-6074,-15.901695,-0.198771
64.3110,-6073,-15.899078,-0.198738
64.3210,-6072,-15.896459,-0.198706
64.3310,-6071,-15.893841,-0.198673
64.3410,-6071,-15.893841,-0.198673
64.3510,-6072,-15.896459,-0.198706
64.3610,-6074,-15.901695,-0.198771
64.3710,-6076,-15.906932,-0.198837
64.3810,-6079,-15.914787,-0.198935
64.3910,-6082,-15.922639,-0.199033
64.4010,-6084,-15.927876,-0.199098
64.4110,-6086,-15.933112,-0.199164
64.4210,-6086,-15.933112,-0.199164
64.4310,-6086,-15.933112,-0.199164
64.4410,-6085,-15.930493,-0.199131
64.4510,-6085,-15.930493,-0.199131
64.4610,-6083,-15.925257,-0.199066
64.4710,-6082,-15.922639,-0.199033
64.4810,-6082,-15.922639,-0.199033
64.4910,-6082,-15.922639,-0.199033
64.5010,-6083,-15.925257,-0.199066
64.5110,-6084,-15.927876,-0.199098
64.5210,-6085,-15.930493,-0.199131
64.5310,-6087,-15.935730,-0.199197
64.5410,-6088,-15.938347,-0.199229
64.5510,-6089,-15.940966,-0.199262
64.5610,-6089,-15.940966,-0.199262
64.5710,-6089,-15.940966,-0.199262
64.5810,-6088,-15.938347,-0.199229
64.5910,-6088,-15.938347,-0.199229
64.6010,-6088,-15.938347,-0.199229
64.6110,-6087,-15.935730,-0.199197
64.6210,-6087,-15.935730,-0.199197
64.6310,-6087,-15.935730,-0.199197
64.6410,-6087,-15.935730,-0.199197
64.6510,-6088,-15.938347,-0.199229
64.6610,-6089,-15.940966,-0.199262
64.6710,-6090,-15.943583,-0.199295
64.6810,-6091,-15.946202,-0.199328
64.6910,-6091,-15.946202,-0.199328
64.7010,-6091,-15.946202,-0.199328
64.7110,-6091,-15.946202,-0.199328
64.7210,-6090,-15.943583,-0.199295
64.7320,-6091,-15.946202,-0.199328
64.7410,-6090,-15.943583,-0.199295
64.7510,-6090,-15.943583,-0.199295
64.7610,-6090,-15.943583,-0.199295
64.7710,-6090,-15.943583,-0.199295
64.7810,-6091,-15.946202,-0.199328
64.7910,-6091,-15.946202,-0.199328
64.8010,-6092,-15.948821,-0.199360
64.8110,-6092,-15.948821,-0.199360
64.8210,-6093,-15.951437,-0.199393
64.8310,-6093,-15.951437,-0.199393
64.8410,-6093,-15.951437,-0.199393
64.8510,-6093,-15.951437,-0.199393
64.8610,-6093,-15.951437,-0.199393
64.8710,-6094,-15.954055,-0.199426
64.8810,-6094,-15.954055,-0.199426
64.8910,-6094,-15.954055,-0.199426
64.9010,-6094,-15.954055,-0.199426
64.9110,-6094,-15.954055,-0.199426
64.9210,-6095,-15.956674,-0.199458
64.9310,-6095,-15.956674,-0.199458
64.9410,-6096,-15.959291,-0.199491
64.9510,-6096,-15.959291,-0.199491
64.9610,-6096,-15.959291,-0.199491
64.9710,-6096,-15.959291,-0.199491
64.9810,-6096,-15.959291,-0.199491
64.9910,-6096,-15.959291,-0.199491
65.0010,-6096,-15.959291,-0.199491
65.0110,-6097,-15.961910,-0.199524
65.0210,-6097,-15.961910,-0.199524
65.0310,-6097,-15.961910,-0.199524
65.0410,-6097,-15.961910,-0.199524
65.0510,-6098,-15.964527,-0.199557
65.0610,-6098,-15.964527,-0.199557
65.0710,-6099,-15.967145,-0.199589
65.0810,-6099,-15.967145,-0.199589
65.0910,-6099,-15.967145,-0.199589
65.1010,-6100,-15.969764,-0.199622
65.1110,-6100,-15.969764,-0.199622
65.1210,-6099,-15.967145,-0.199589
65.1310,-6099,-15.967145,-0.199589
65.1410,-6099,-15.967145,-0.199589
65.1510,-6100,-15.969764,-0.199622
65.1610,-6100,-15.969764,-0.199622
65.1710,-6100,-15.969764,-0.199622
65.1810,-6100,-15.969764,-0.199622
65.1910,-6101,-15.972381,-0.199655
65.2010,-6101,-15.972381,-0.199655
65.2110,-6102,-15.975000,-0.199688
65.2210,-6102,-15.975000,-0.199688
65.2310,-6102,-15.975000,-0.199688
65.2410,-6102,-15.975000,-0.199688
65.2510,-6102,-15.975000,-0.199688
65.2610,-6102,-15.975000,-0.199688
65.2710,-6102,-15.975000,-0.199688
65.2810,-6102,-15.975000,-0.199688
65.2910,-6102,-15.975000,-0.199688
65.3010,-6102,-15.975000,-0.199688
65.3110,-6103,-15.977619,-0.199720
65.3210,-6103,-15.977619,-0.199720
65.3310,-6104,-15.980236,-0.199753
65.3410,-6104,-15.980236,-0.199753
65.3510,-6104,-15.980236,-0.199753
65.3610,-6105,-15.982853,-0.199786
65.3720,-6105,-15.982853,-0.199786
65.3810,-6105,-15.982853,-0.199786
65.3910,-6105,-15.982853,-0.199786
65.4010,-6105,-15.982853,-0.199786
65.4110,-6104,-15.980236,-0.199753
65.4210,-6105,-15.982853,-0.199786
65.4310,-6105,-15.982853,-0.199786
65.4410,-6105,-15.982853,-0.199786
65.4510,-6106,-15.985471,-0.199818
65.4610,-6106,-15.985471,-0.199818
65.4710,-6107,-15.988089,-0.199851
65.4810,-6107,-15.988089,-0.199851
65.4910,-6107,-15.988089,-0.199851
65.5010,-6108,-15.990708,-0.199884
65.5110,-6108,-15.990708,-0.199884
65.5210,-6108,-15.990708,-0.199884
65.5310,-6107,-15.988089,-0.199851
65.5410,-6107,-15.988089,-0.199851
65.5510,-6107,-15.988089,-0.199851
65.5610,-6107,-15.988089,-0.199851
65.5710,-6107,-15.988089,-0.199851
65.5810,-6108,-15.990708,-0.199884
65.5910,-6108,-15.990708,-0.199884
65.6010,-6108,-15.990708,-0.199884
65.6110,-6109,-15.993325,-0.199917
65.6210,-6109,-15.993325,-0.199917
65.6310,-6109,-15.993325,-0.199917
65.6410,-6109,-15.993325,-0.199917
65.6510,-6109,-15.993325,-0.199917
65.6610,-6109,-15.993325,-0.199917
65.6710,-6109,-15.993325,-0.199917
65.6810,-6109,-15.993325,-0.199917
65.6910,-6108,-15.990708,-0.199884
65.7010,-6109,-15.993325,-0.199917
65.7110,-6109,-15.993325,-0.199917
65.7210,-6109,-15.993325,-0.199917
65.7310,-6110,-15.995944,-0.199949
65.7410,-6110,-15.995944,-0.199949
65.7510,-6111,-15.998562,-0.199982
65.7610,-6111,-15.998562,-0.199982
65.7710,-6111,-15.998562,-0.199982
65.7810,-6111,-15.998562,-0.199982
65.7910,-6111,-15.998562,-0.199982
65.8010,-6111,-15.998562,-0.199982
65.8110,-6111,-15.998562,-0.199982
65.8210,-6111,-15.998562,-0.199982
65.8310,-6110,-15.995944,-0.199949
65.8410,-6111,-15.998562,-0.199982
65.8510,-6111,-15.998562,-0.199982
65.8610,-6111,-15.998562,-0.199982
65.8710,-6111,-15.998562,-0.199982
65.8810,-6112,-16.001178,-0.200015
65.8910,-6112,-16.001178,-0.200015
65.9010,-6112,-16.001178,-0.200015
65.9110,-6112,-16.001178,-0.200015
65.9210,-6112,-16.001178,-0.200015
65.9310,-6112,-16.001178,-0.200015
65.9410,-6112,-16.001178,-0.200015
65.9510,-6112,-16.001178,-0.200015
65.9610,-6112,-16.001178,-0.200015
65.9710,-6111,-15.998562,-0.199982
65.9810,-6112,-16.001178,-0.200015
65.9910,-6112,-16.001178,-0.200015
66.0010,-6112,-16.001178,-0.200015
66.0120,-6112,-16.001178,-0.200015
66.0210,-6113,-16.003797,-0.200047
66.0310,-6113,-16.003797,-0.200047
66.0410,-6113,-16.003797,-0.200047
66.0510,-6113,-16.003797,-0.200047
66.0610,-6113,-16.003797,-0.200047
66.0710,-6113,-16.003797,-0.200047
66.0810,-6113,-16.003797,-0.200047
66.0910,-6113,-16.003797,-0.200047
66.1010,-6113,-16.003797,-0.200047
66.1110,-6112,-16.001178,-0.200015
66.1210,-6113,-16.003797,-0.200047
66.1310,-6113,-16.003797,-0.200047
66.1410,-6113,-16.003797,-0.200047
66.1510,-6113,-16.003797,-0.200047
66.1610,-6114,-16.006414,-0.200080
66.1710,-6114,-16.006414,-0.200080
66.1810,-6114,-16.006414,-0.200080
66.1910,-6114,-16.006414,-0.200080
66.2010,-6114,-16.006414,-0.200080
66.2110,-6114,-16.006414,-0.200080
66.2210,-6114,-16.006414,-0.200080
66.2310,-6113,-16.003797,-0.200047
66.2410,-6113,-16.003797,-0.200047
66.2510,-6113,-16.003797,-0.200047
66.2610,-6113,-16.003797,-0.200047
66.2710,-6114,-16.006414,-0.200080
66.2810,-6114,-16.006414,-0.200080
66.2910,-6114,-16.006414,-0.200080
66.3010,-6115,-16.009033,-0.200113
66.3110,-6115,-16.009033,-0.200113
66.3210,-6115,-16.009033,-0.200113
66.3310,-6115,-16.009033,-0.200113
66.3410,-6115,-16.009033,-0.200113
66.3510,-6115,-16.009033,-0.200113
66.3610,-6114,-16.006414,-0.200080
66.3710,-6114,-16.006414,-0.200080
66.3810,-6114,-16.006414,-0.200080
66.3910,-6114,-16.006414,-0.200080
66.4010,-6114,-16.006414,-0.200080
66.4110,-6114,-16.006414,-0.200080
66.4210,-6115,-16.009033,-0.200113
66.4310,-6115,-16.009033,-0.200113
66.4410,-6115,-16.009033,-0.200113
66.4510,-6115,-16.009033,-0.200113
66.4610,-6115,-16.009033,-0.200113
66.4710,-6115,-16.009033,-0.200113
66.4810,-6115,-16.009033,-0.200113
66.4910,-6115,-16.009033,-0.200113
66.5010,-6115,-16.009033,-0.200113
66.5110,-6115,-16.009033,-0.200113
66.5210,-6115,-16.009033,-0.200113
66.5310,-6115,-16.009033,-0.200113
66.5410,-6115,-16.009033,-0.200113
66.5510,-6115,-16.009033,-0.200113
66.5610,-6115,-16.009033,-0.200113
66.5710,-6116,-16.011651,-0.200146
66.5810,-6116,-16.011651,-0.200146
66.5910,-6116,-16.011651,-0.200146
66.6010,-6116,-16.011651,-0.200146
66.6110,-6116,-16.011651,-0.200146
66.6210,-6116,-16.011651,-0.200146
66.6310,-6116,-16.011651,-0.200146
66.6410,-6115,-16.009033,-0.200113
66.6520,-6115,-16.009033,-0.200113
66.6610,-6115,-16.009033,-0.200113
66.6710,-6116,-16.011651,-0.200146
66.6810,-6116,-16.011651,-0.200146
66.6910,-6116,-16.011651,-0.200146
66.7010,-6116,-16.011651,-0.200146
66.7110,-6116,-16.011651,-0.200146
66.7210,-6116,-16.011651,-0.200146
66.7310,-6117,-16.014268,-0.200178
66.7410,-6117,-16.014268,-0.200178
66.7510,-6117,-16.014268,-0.200178
66.7610,-6117,-16.014268,-0.200178
66.7710,-6116,-16.011651,-0.200146
66.7810,-6116,-16.011651,-0.200146
66.7910,-6116,-16.011651,-0.200146
66.8010,-6116,-16.011651,-0.200146
66.8110,-6116,-16.011651,-0.200146
66.8210,-6116,-16.011651,-0.200146
66.8310,-6116,-16.011651,-0.200146
66.8410,-6117,-16.014268,-0.200178
66.8510,-6117,-16.014268,-0.200178
66.8610,-6117,-16.014268,-0.200178
66.8710,-6117,-16.014268,-0.200178
66.8810,-6117,-16.014268,-0.200178
66.8910,-6117,-16.014268,-0.200178
66.9010,-6117,-16.014268,-0.200178
66.9110,-6117,-16.014268,-0.200178
66.9210,-6117,-16.014268,-0.200178
66.9310,-6117,-16.014268,-0.200178
66.9410,-6116,-16.011651,-0.200146
66.9510,-6117,-16.014268,-0.200178
66.9610,-6117,-16.014268,-0.200178
66.9710,-6117,-16.014268,-0.200178
66.9810,-6117,-16.014268,-0.200178
66.9910,-6118,-16.016887,-0.200211
67.0010,-6118,-16.016887,-0.200211
67.0110,-6118,-16.016887,-0.200211
67.0210,-6118,-16.016887,-0.200211
67.0310,-6118,-16.016887,-0.200211
67.0410,-6118,-16.016887,-0.200211
67.0510,-6118,-16.016887,-0.200211
67.0610,-6117,-16.014268,-0.200178
67.0710,-6117,-16.014268,-0.200178
67.0810,-6117,-16.014268,-0.200178
67.0910,-6118,-16.016887,-0.200211
67.1010,-6118,-16.016887,-0.200211
67.1110,-6118,-16.016887,-0.200211
67.1210,-6118,-16.016887,-0.200211
67.1310,-6118,-16.016887,-0.200211
67.1410,-6118,-16.016887,-0.200211
67.1510,-6119,-16.019506,-0.200244
67.1610,-6119,-16.019506,-0.200244
67.1710,-6119,-16.019506,-0.200244
67.1810,-6118,-16.016887,-0.200211
67.1910,-6118,-16.016887,-0.200211
67.2010,-6118,-16.016887,-0.200211
67.2110,-6118,-16.016887,-0.200211
67.2210,-6118,-16.016887,-0.200211
67.2310,-6118,-16.016887,-0.200211
67.2410,-6118,-16.016887,-0.200211
67.2510,-6119,-16.019506,-0.200244
67.2610,-6119,-16.019506,-0.200244
67.2710,-6119,-16.019506,-0.200244
67.2810,-6119,-16.019506,-0.200244
67.2920,-6119,-16.019506,-0.200244
67.3010,-6119,-16.019506,-0.200244
67.3110,-6119,-16.019506,-0.200244
67.3210,-6119,-16.019506,-0.200244
67.3310,-6119,-16.019506,-0.200244
67.3410,-6119,-16.019506,-0.200244
67.3510,-6119,-16.019506,-0.200244
67.3610,-6119,-16.019506,-0.200244
67.3710,-6119,-16.019506,-0.200244
67.3810,-6119,-16.019506,-0.200244
67.3910,-6119,-16.019506,-0.200244
67.4010,-6119,-16.019506,-0.200244
67.4110,-6120,-16.022123,-0.200277
67.4210,-6120,-16.022123,-0.200277
67.4310,-6120,-16.022123,-0.200277
67.4410,-6120,-16.022123,-0.200277
67.4510,-6120,-16.022123,-0.200277
67.4610,-6120,-16.022123,-0.200277
67.4710,-6119,-16.019506,-0.200244
67.4810,-6119,-16.019506,-0.200244
67.4910,-6119,-16.019506,-0.200244
67.5010,-6119,-16.019506,-0.200244
67.5110,-6119,-16.019506,-0.200244
67.5210,-6120,-16.022123,-0.200277
67.5310,-6120,-16.022123,-0.200277
67.5410,-6120,-16.022123,-0.200277
67.5510,-6120,-16.022123,-0.200277
67.5610,-6120,-16.022123,-0.200277
67.5710,-6120,-16.022123,-0.200277
67.5810,-6120,-16.022123,-0.200277
67.5910,-6120,-16.022123,-0.200277
67.6010,-6120,-16.022123,-0.200277
67.6110,-6120,-16.022123,-0.200277
67.6210,-6120,-16.022123,-0.200277
67.6310,-6120,-16.022123,-0.200277
67.6410,-6120,-16.022123,-0.200277
67.6510,-6120,-16.022123,-0.200277
67.6610,-6120,-16.022123,-0.200277
67.6710,-6120,-16.022123,-0.200277
67.6810,-6121,-16.024742,-0.200309
67.6910,-6121,-16.024742,-0.200309
67.7010,-6121,-16.024742,-0.200309
67.7110,-6121,-16.024742,-0.200309
67.7210,-6121,-16.024742,-0.200309
67.7310,-6121,-16.024742,-0.200309
67.7410,-6121,-16.024742,-0.200309
67.7510,-6120,-16.022123,-0.200277
67.7610,-6120,-16.022123,-0.200277
67.7710,-6120,-16.022123,-0.200277
67.7810,-6121,-16.024742,-0.200309
67.7910,-6121,-16.024742,-0.200309
67.8010,-6121,-16.024742,-0.200309
67.8110,-6121,-16.024742,-0.200309
67.8210,-6122,-16.027359,-0.200342
67.8310,-6122,-16.027359,-0.200342
67.8410,-6122,-16.027359,-0.200342
67.8510,-6122,-16.027359,-0.200342
67.8610,-6122,-16.027359,-0.200342
67.8710,-6122,-16.027359,-0.200342
67.8810,-6122,-16.027359,-0.200342
67.8910,-6121,-16.024742,-0.200309
67.9010,-6121,-16.024742,-0.200309
67.9110,-6121,-16.024742,-0.200309
67.9210,-6121,-16.024742,-0.200309
67.9320,-6121,-16.024742,-0.200309
67.9410,-6122,-16.027359,-0.200342
67.9510,-6122,-16.027359,-0.200342
67.9610,-6122,-16.027359,-0.200342
67.9710,-6122,-16.027359,-0.200342
67.9810,-6123,-16.029975,-0.200375
67.9910,-6123,-16.029975,-0.200375
68.0010,-6123,-16.029975,-0.200375
68.0110,-6122,-16.027359,-0.200342
68.0210,-6122,-16.027359,-0.200342
68.0310,-6122,-16.027359,-0.200342
68.0410,-6122,-16.027359,-0.200342
68.0510,-6122,-16.027359,-0.200342
68.0610,-6122,-16.027359,-0.200342
68.0710,-6122,-16.027359,-0.200342
68.0810,-6123,-16.029975,-0.200375
68.0910,-6123,-16.029975,-0.200375
68.1010,-6123,-16.029975,-0.200375
68.1110,-6123,-16.029975,-0.200375
68.1210,-6124,-16.032594,-0.200407
68.1310,-6124,-16.032594,-0.200407
68.1410,-6124,-16.032594,-0.200407
68.1510,-6123,-16.029975,-0.200375
68.1610,-6123,-16.029975,-0.200375
68.1710,-6123,-16.029975,-0.200375
68.1810,-6123,-16.029975,-0.200375
68.1910,-6122,-16.027359,-0.200342
68.2010,-6123,-16.029975,-0.200375
68.2110,-6123,-16.029975,-0.200375
68.2210,-6124,-16.032594,-0.200407
68.2310,-6124,-16.032594,-0.200407
68.2410,-6124,-16.032594,-0.200407
68.2510,-6124,-16.032594,-0.200407
68.2610,-6124,-16.032594,-0.200407
68.2710,-6124,-16.032594,-0.200407
68.2810,-6124,-16.032594,-0.200407
68.2910,-6124,-16.032594,-0.200407
68.3010,-6124,-16.032594,-0.200407
68.3110,-6124,-16.032594,-0.200407
68.3210,-6124,-16.032594,-0.200407
68.3310,-6124,-16.032594,-0.200407
68.3410,-6124,-16.032594,-0.200407
68.3510,-6124,-16.032594,-0.200407
68.3610,-6124,-16.032594,-0.200407
68.3710,-6125,-16.035211,-0.200440
68.3810,-6125,-16.035211,-0.200440
68.3910,-6125,-16.035211,-0.200440
68.4010,-6125,-16.035211,-0.200440
68.4110,-6125,-16.035211,-0.200440
68.4210,-6125,-16.035211,-0.200440
68.4310,-6125,-16.035211,-0.200440
68.4410,-6125,-16.035211,-0.200440
68.4510,-6125,-16.035211,-0.200440
68.4610,-6125,-16.035211,-0.200440
68.4710,-6125,-16.035211,-0.200440
68.4810,-6125,-16.035211,-0.200440
68.4910,-6125,-16.035211,-0.200440
68.5010,-6126,-16.037830,-0.200473
68.5110,-6126,-16.037830,-0.200473
68.5210,-6126,-16.037830,-0.200473
68.5310,-6126,-16.037830,-0.200473
68.5410,-6127,-16.040449,-0.200506
68.5510,-6127,-16.040449,-0.200506
68.5610,-6126,-16.037830,-0.200473
68.5720,-6126,-16.037830,-0.200473
68.5810,-6126,-16.037830,-0.200473
68.5910,-6126,-16.037830,-0.200473
68.6010,-6126,-16.037830,-0.200473
68.6110,-6126,-16.037830,-0.200473
68.6210,-6126,-16.037830,-0.200473
68.6310,-6126,-16.037830,-0.200473
68.6410,-6127,-16.040449,-0.200506
68.6510,-6127,-16.040449,-0.200506
68.6610,-6128,-16.043066,-0.200538
68.6710,-6128,-16.043066,-0.200538
68.6810,-6128,-16.043066,-0.200538
68.6910,-6128,-16.043066,-0.200538
68.7010,-6128,-16.043066,-0.200538
68.7110,-6128,-16.043066,-0.200538
68.7210,-6127,-16.040449,-0.200506
68.7310,-6127,-16.040449,-0.200506
68.7410,-6127,-16.040449,-0.200506
68.7510,-6127,-16.040449,-0.200506
68.7610,-6127,-16.040449,-0.200506
68.7710,-6127,-16.040449,-0.200506
68.7810,-6128,-16.043066,-0.200538
68.7910,-6128,-16.043066,-0.200538
68.8010,-6128,-16.043066,-0.200538
68.8110,-6129,-16.045684,-0.200571
68.8210,-6129,-16.045684,-0.200571
68.8310,-6129,-16.045684,-0.200571
68.8410,-6129,-16.045684,-0.200571
68.8510,-6128,-16.043066,-0.200538
68.8610,-6128,-16.043066,-0.200538
68.8710,-6128,-16.043066,-0.200538
68.8810,-6128,-16.043066,-0.200538
68.8910,-6128,-16.043066,-0.200538
68.9010,-6128,-16.043066,-0.200538
68.9110,-6128,-16.043066,-0.200538
68.9210,-6129,-16.045684,-0.200571
68.9310,-6129,-16.045684,-0.200571
68.9410,-6130,-16.048301,-0.200604
68.9510,-6130,-16.048301,-0.200604
68.9610,-6130,-16.048301,-0.200604
68.9710,-6130,-16.048301,-0.200604
68.9810,-6130,-16.048301,-0.200604
68.9910,-6129,-16.045684,-0.200571
69.0010,-6129,-16.045684,-0.200571
69.0110,-6129,-16.045684,-0.200571
69.0210,-6129,-16.045684,-0.200571
69.0310,-6129,-16.045684,-0.200571
69.0410,-6129,-16.045684,-0.200571
69.0510,-6130,-16.048301,-0.200604
69.0610,-6130,-16.048301,-0.200604
69.0710,-6130,-16.048301,-0.200604
69.0810,-6131,-16.050920,-0.200637
69.0910,-6131,-16.050920,-0.200637
69.1010,-6131,-16.050920,-0.200637
69.1110,-6131,-16.050920,-0.200637
69.1210,-6131,-16.050920,-0.200637
69.1310,-6130,-16.048301,-0.200604
69.1410,-6130,-16.048301,-0.200604
69.1510,-6130,-16.048301,-0.200604
69.1610,-6130,-16.048301,-0.200604
69.1710,-6130,-16.048301,-0.200604
69.1810,-6130,-16.048301,-0.200604
69.1910,-6131,-16.050920,-0.200637
69.2010,-6131,-16.050920,-0.200637
69.2120,-6131,-16.050920,-0.200637
69.2210,-6132,-16.053539,-0.200669
69.2310,-6132,-16.053539,-0.200669
69.2410,-6132,-16.053539,-0.200669
69.2510,-6132,-16.053539,-0.200669
69.2610,-6132,-16.053539,-0.200669
69.2710,-6131,-16.050920,-0.200637
69.2810,-6131,-16.050920,-0.200637
69.2910,-6131,-16.050920,-0.200637
69.3010,-6130,-16.048301,-0.200604
69.3110,-6131,-16.050920,-0.200637
69.3210,-6131,-16.050920,-0.200637
69.3310,-6132,-16.053539,-0.200669
69.3410,-6132,-16.053539,-0.200669
69.3510,-6132,-16.053539,-0.200669
69.3610,-6132,-16.053539,-0.200669
69.3710,-6133,-16.056156,-0.200702
69.3810,-6133,-16.056156,-0.200702
69.3910,-6132,-16.053539,-0.200669
69.4010,-6132,-16.053539,-0.200669
69.4110,-6132,-16.053539,-0.200669
69.4210,-6132,-16.053539,-0.200669
69.4310,-6132,-16.053539,-0.200669
69.4410,-6132,-16.053539,-0.200669
69.4510,-6132,-16.053539,-0.200669
69.4610,-6132,-16.053539,-0.200669
69.4710,-6132,-16.053539,-0.200669
69.4810,-6133,-16.056156,-0.200702
69.4910,-6133,-16.056156,-0.200702
69.5010,-6133,-16.056156,-0.200702
69.5110,-6133,-16.056156,-0.200702
69.5210,-6133,-16.056156,-0.200702
69.5310,-6133,-16.056156,-0.200702
69.5410,-6133,-16.056156,-0.200702
69.5510,-6133,-16.056156,-0.200702
69.5610,-6133,-16.056156,-0.200702
69.5710,-6133,-16.056156,-0.200702
69.5810,-6133,-16.056156,-0.200702
69.5910,-6133,-16.056156,-0.200702
69.6010,-6133,-16.056156,-0.200702
69.6110,-6133,-16.056156,-0.200702
69.6210,-6134,-16.058774,-0.200735
69.6310,-6134,-16.058774,-0.200735
69.6410,-6134,-16.058774,-0.200735
69.6510,-6134,-16.058774,-0.200735
69.6610,-6134,-16.058774,-0.200735
69.6710,-6134,-16.058774,-0.200735
69.6810,-6134,-16.058774,-0.200735
69.6910,-6134,-16.058774,-0.200735
69.7010,-6134,-16.058774,-0.200735
69.7110,-6133,-16.056156,-0.200702
69.7210,-6134,-16.058774,-0.200735
69.7310,-6134,-16.058774,-0.200735
69.7410,-6134,-16.058774,-0.200735
69.7510,-6134,-16.058774,-0.200735
69.7610,-6135,-16.061393,-0.200767
69.7710,-6135,-16.061393,-0.200767
69.7810,-6135,-16.061393,-0.200767
69.7910,-6135,-16.061393,-0.200767
69.8010,-6135,-16.061393,-0.200767
69.8110,-6135,-16.061393,-0.200767
69.8210,-6135,-16.061393,-0.200767
69.8310,-6134,-16.058774,-0.200735
69.8410,-6134,-16.058774,-0.200735
69.8520,-6134,-16.058774,-0.200735
69.8610,-6135,-16.061393,-0.200767
69.8710,-6135,-16.061393,-0.200767
69.8810,-6135,-16.061393,-0.200767
69.8910,-6135,-16.061393,-0.200767
69.9010,-6136,-16.064010,-0.200800
69.9110,-6136,-16.064010,-0.200800
69.9210,-6136,-16.064010,-0.200800
69.9310,-6136,-16.064010,-0.200800
69.9410,-6136,-16.064010,-0.200800
69.9510,-6136,-16.064010,-0.200800
69.9610,-6136,-16.064010,-0.200800
69.9710,-6135,-16.061393,-0.200767
69.9810,-6135,-16.061393,-0.200767
69.9910,-6135,-16.061393,-0.200767
70.0010,-6136,-16.064010,-0.200800
70.0110,-6136,-16.064010,-0.200800
70.0210,-6136,-16.064010,-0.200800
70.0310,-6136,-16.064010,-0.200800
70.0410,-6137,-16.066629,-0.200833
70.0510,-6137,-16.066629,-0.200833
70.0610,-6137,-16.066629,-0.200833
70.0710,-6137,-16.066629,-0.200833
70.0810,-6137,-16.066629,-0.200833
70.0910,-6137,-16.066629,-0.200833
70.1010,-6137,-16.066629,-0.200833
70.1110,-6136,-16.064010,-0.200800
70.1210,-6136,-16.064010,-0.200800
70.1310,-6136,-16.064010,-0.200800
70.1410,-6136,-16.064010,-0.200800
70.1510,-6136,-16.064010,-0.200800
70.1610,-6137,-16.066629,-0.200833
70.1710,-6137,-16.066629,-0.200833
70.1810,-6138,-16.069246,-0.200866
70.1910,-6138,-16.069246,-0.200866
70.2010,-6138,-16.069246,-0.200866
70.2110,-6138,-16.069246,-0.200866
70.2210,-6138,-16.069246,-0.200866
70.2310,-6138,-16.069246,-0.200866
70.2410,-6138,-16.069246,-0.200866
70.2510,-6137,-16.066629,-0.200833
70.2610,-6137,-16.066629,-0.200833
70.2710,-6137,-16.066629,-0.200833
70.2810,-6137,-16.066629,-0.200833
70.2910,-6137,-16.066629,-0.200833
70.3010,-6138,-16.069246,-0.200866
70.3110,-6138,-16.069246,-0.200866
70.3210,-6138,-16.069246,-0.200866
70.3310,-6139,-16.071865,-0.200898
70.3410,-6139,-16.071865,-0.200898
70.3510,-6139,-16.071865,-0.200898
70.3610,-6139,-16.071865,-0.200898
70.3710,-6139,-16.071865,-0.200898
70.3810,-6138,-16.069246,-0.200866
70.3910,-6138,-16.069246,-0.200866
70.4010,-6138,-16.069246,-0.200866
70.4110,-6138,-16.069246,-0.200866
70.4210,-6138,-16.069246,-0.200866
70.4310,-6138,-16.069246,-0.200866
70.4410,-6139,-16.071865,-0.200898
70.4510,-6139,-16.071865,-0.200898
70.4610,-6140,-16.074483,-0.200931
70.4710,-6140,-16.074483,-0.200931
70.4810,-6140,-16.074483,-0.200931
70.4920,-6140,-16.074483,-0.200931
70.5010,-6140,-16.074483,-0.200931
70.5110,-6140,-16.074483,-0.200931
70.5210,-6139,-16.071865,-0.200898
70.5310,-6139,-16.071865,-0.200898
70.5410,-6139,-16.071865,-0.200898
70.5510,-6139,-16.071865,-0.200898
70.5610,-6139,-16.071865,-0.200898
70.5710,-6139,-16.071865,-0.200898
70.5810,-6140,-16.074483,-0.200931
70.5910,-6140,-16.074483,-0.200931
70.6010,-6140,-16.074483,-0.200931
70.6110,-6140,-16.074483,-0.200931
70.6210,-6140,-16.074483,-0.200931
70.6310,-6140,-16.074483,-0.200931
70.6410,-6140,-16.074483,-0.200931
70.6510,-6140,-16.074483,-0.200931
70.6610,-6140,-16.074483,-0.200931
70.6710,-6140,-16.074483,-0.200931
70.6810,-6140,-16.074483,-0.200931
70.6910,-6140,-16.074483,-0.200931
70.7010,-6140,-16.074483,-0.200931
70.7110,-6140,-16.074483,-0.200931
70.7210,-6140,-16.074483,-0.200931
70.7310,-6141,-16.077100,-0.200964
70.7410,-6141,-16.077100,-0.200964
70.7510,-6141,-16.077100,-0.200964
70.7610,-6141,-16.077100,-0.200964
70.7710,-6141,-16.077100,-0.200964
70.7810,-6141,-16.077100,-0.200964
70.7910,-6141,-16.077100,-0.200964
70.8010,-6141,-16.077100,-0.200964
70.8110,-6141,-16.077100,-0.200964
70.8210,-6141,-16.077100,-0.200964
70.8310,-6141,-16.077100,-0.200964
70.8410,-6141,-16.077100,-0.200964
70.8510,-6141,-16.077100,-0.200964
70.8610,-6141,-16.077100,-0.200964
70.8710,-6142,-16.079719,-0.200997
70.8810,-6142,-16.079719,-0.200997
70.8910,-6142,-16.079719,-0.200997
70.9010,-6142,-16.079719,-0.200997
70.9110,-6142,-16.079719,-0.200997
70.9210,-6142,-16.079719,-0.200997
70.9310,-6142,-16.079719,-0.200997
70.9410,-6142,-16.079719,-0.200997
70.9510,-6142,-16.079719,-0.200997
70.9610,-6141,-16.077100,-0.200964
70.9710,-6142,-16.079719,-0.200997
70.9810,-6142,-16.079719,-0.200997
70.9910,-6142,-16.079719,-0.200997
71.0010,-6142,-16.079719,-0.200997
71.0110,-6143,-16.082338,-0.201029
71.0210,-6143,-16.082338,-0.201029
71.0310,-6143,-16.082338,-0.201029
71.0410,-6143,-16.082338,-0.201029
71.0510,-6143,-16.082338,-0.201029
71.0610,-6143,-16.082338,-0.201029
71.0710,-6143,-16.082338,-0.201029
71.0810,-6142,-16.079719,-0.200997
71.0910,-6142,-16.079719,-0.200997
71.1010,-6142,-16.079719,-0.200997
71.1110,-6142,-16.079719,-0.200997
71.1210,-6142,-16.079719,-0.200997
71.1320,-6143,-16.082338,-0.201029
71.1410,-6143,-16.082338,-0.201029
71.1510,-6143,-16.082338,-0.201029
71.1610,-6144,-16.084955,-0.201062
71.1710,-6144,-16.084955,-0.201062
71.1810,-6144,-16.084955,-0.201062
71.1910,-6144,-16.084955,-0.201062
71.2010,-6144,-16.084955,-0.201062
71.2110,-6144,-16.084955,-0.201062
71.2210,-6143,-16.082338,-0.201029
71.2310,-6143,-16.082338,-0.201029
71.2410,-6143,-16.082338,-0.201029
71.2510,-6143,-16.082338,-0.201029
71.2610,-6143,-16.082338,-0.201029
71.2710,-6144,-16.084955,-0.201062
71.2810,-6144,-16.084955,-0.201062
71.2910,-6144,-16.084955,-0.201062
71.3010,-6144,-16.084955,-0.201062
71.3110,-6144,-16.084955,-0.201062
71.3210,-6144,-16.084955,-0.201062
71.3310,-6144,-16.084955,-0.201062
71.3410,-6144,-16.084955,-0.201062
71.3510,-6144,-16.084955,-0.201062
71.3610,-6144,-16.084955,-0.201062
71.3710,-6144,-16.084955,-0.201062
71.3810,-6144,-16.084955,-0.201062
71.3910,-6144,-16.084955,-0.201062
71.4010,-6144,-16.084955,-0.201062
71.4110,-6144,-16.084955,-0.201062
71.4210,-6144,-16.084955,-0.201062
71.4310,-6145,-16.087572,-0.201095
71.4410,-6145,-16.087572,-0.201095
71.4510,-6145,-16.087572,-0.201095
71.4610,-6145,-16.087572,-0.201095
71.4710,-6145,-16.087572,-0.201095
71.4810,-6145,-16.087572,-0.201095
71.4910,-6145,-16.087572,-0.201095
71.5010,-6145,-16.087572,-0.201095
71.5110,-6145,-16.087572,-0.201095
71.5210,-6144,-16.084955,-0.201062
71.5310,-6145,-16.087572,-0.201095
71.5410,-6145,-16.087572,-0.201095
71.5510,-6145,-16.087572,-0.201095
71.5610,-6146,-16.090190,-0.201127
71.5710,-6146,-16.090190,-0.201127
71.5810,-6146,-16.090190,-0.201127
71.5910,-6147,-16.092807,-0.201160
71.6010,-6147,-16.092807,-0.201160
71.6110,-6147,-16.092807,-0.201160
71.6210,-6147,-16.092807,-0.201160
71.6310,-6147,-16.092807,-0.201160
71.6410,-6147,-16.092807,-0.201160
71.6510,-6147,-16.092807,-0.201160
71.6610,-6147,-16.092807,-0.201160
71.6710,-6148,-16.095426,-0.201193
71.6810,-6148,-16.095426,-0.201193
71.6910,-6148,-16.095426,-0.201193
71.7010,-6149,-16.098043,-0.201226
71.7110,-6149,-16.098043,-0.201226
71.7210,-6149,-16.098043,-0.201226
71.7310,-6149,-16.098043,-0.201226
71.7410,-6150,-16.100662,-0.201258
71.7510,-6150,-16.100662,-0.201258
71.7610,-6150,-16.100662,-0.201258
71.7720,-6149,-16.098043,-0.201226
71.7810,-6149,-16.098043,-0.201226
71.7910,-6149,-16.098043,-0.201226
71.8010,-6149,-16.098043,-0.201226
71.8110,-6149,-16.098043,-0.201226
71.8210,-6150,-16.100662,-0.201258
71.8310,-6150,-16.100662,-0.201258
71.8410,-6150,-16.100662,-0.201258
71.8510,-6151,-16.103281,-0.201291
71.8610,-6151,-16.103281,-0.201291
71.8710,-6151,-16.103281,-0.201291
71.8810,-6151,-16.103281,-0.201291
71.8910,-6151,-16.103281,-0.201291
71.9010,-6151,-16.103281,-0.201291
71.9110,-6151,-16.103281,-0.201291
71.9210,-6151,-16.103281,-0.201291
71.9310,-6150,-16.100662,-0.201258
71.9410,-6151,-16.103281,-0.201291
71.9510,-6151,-16.103281,-0.201291
71.9610,-6151,-16.103281,-0.201291
71.9710,-6151,-16.103281,-0.201291
71.9810,-6152,-16.105897,-0.201324
71.9910,-6152,-16.105897,-0.201324
72.0010,-6152,-16.105897,-0.201324
72.0110,-6152,-16.105897,-0.201324
72.0210,-6152,-16.105897,-0.201324
72.0310,-6152,-16.105897,-0.201324
72.0410,-6152,-16.105897,-0.201324
72.0510,-6152,-16.105897,-0.201324
72.0610,-6152,-16.105897,-0.201324
72.0710,-6152,-16.105897,-0.201324
72.0810,-6152,-16.105897,-0.201324
72.0910,-6152,-16.105897,-0.201324
72.1010,-6152,-16.105897,-0.201324
72.1110,-6152,-16.105897,-0.201324
72.1210,-6153,-16.108516,-0.201356
72.1310,-6153,-16.108516,-0.201356
72.1410,-6154,-16.111135,-0.201389
72.1510,-6154,-16.111135,-0.201389
72.1610,-6154,-16.111135,-0.201389
72.1710,-6154,-16.111135,-0.201389
72.1810,-6154,-16.111135,-0.201389
72.1910,-6153,-16.108516,-0.201356
72.2010,-6153,-16.108516,-0.201356
72.2110,-6153,-16.108516,-0.201356
72.2210,-6153,-16.108516,-0.201356
72.2310,-6153,-16.108516,-0.201356
72.2410,-6154,-16.111135,-0.201389
72.2510,-6154,-16.111135,-0.201389
72.2610,-6155,-16.113752,-0.201422
72.2710,-6155,-16.113752,-0.201422
72.2810,-6155,-16.113752,-0.201422
72.2910,-6155,-16.113752,-0.201422
72.3010,-6155,-16.113752,-0.201422
72.3110,-6155,-16.113752,-0.201422
72.3210,-6155,-16.113752,-0.201422
72.3310,-6154,-16.111135,-0.201389
72.3410,-6154,-16.111135,-0.201389
72.3510,-6154,-16.111135,-0.201389
72.3610,-6155,-16.113752,-0.201422
72.3710,-6155,-16.113752,-0.201422
72.3810,-6155,-16.113752,-0.201422
72.3910,-6156,-16.116371,-0.201455
72.4010,-6156,-16.116371,-0.201455
72.4120,-6157,-16.118988,-0.201487
72.4210,-6157,-16.118988,-0.201487
72.4310,-6157,-16.118988,-0.201487
72.4410,-6157,-16.118988,-0.201487
72.4510,-6157,-16.118988,-0.201487
72.4610,-6157,-16.118988,-0.201487
72.4710,-6157,-16.118988,-0.201487
72.4810,-6157,-16.118988,-0.201487
72.4910,-6156,-16.116371,-0.201455
72.5010,-6157,-16.118988,-0.201487
72.5110,-6158,-16.121606,-0.201520
72.5210,-6160,-16.126842,-0.201586
72.5310,-6161,-16.129461,-0.201618
72.5410,-6163,-16.134696,-0.201684
72.5510,-6165,-16.139932,-0.201749
72.5610,-6167,-16.145168,-0.201815
72.5710,-6168,-16.147787,-0.201847
72.5810,-6169,-16.150403,-0.201880
72.5910,-6170,-16.153022,-0.201913
72.6010,-6170,-16.153022,-0.201913
72.6110,-6170,-16.153022,-0.201913
72.6210,-6170,-16.153022,-0.201913
72.6310,-6170,-16.153022,-0.201913
72.6410,-6171,-16.155639,-0.201945
72.6510,-6171,-16.155639,-0.201945
72.6610,-6171,-16.155639,-0.201945
72.6710,-6172,-16.158258,-0.201978
72.6810,-6173,-16.160875,-0.202011
72.6910,-6174,-16.163494,-0.202044
72.7010,-6175,-16.166112,-0.202076
72.7110,-6176,-16.168729,-0.202109
72.7210,-6177,-16.171348,-0.202142
72.7310,-6177,-16.171348,-0.202142
72.7410,-6178,-16.173967,-0.202175
72.7510,-6177,-16.171348,-0.202142
72.7610,-6177,-16.171348,-0.202142
72.7710,-6177,-16.171348,-0.202142
72.7810,-6177,-16.171348,-0.202142
72.7910,-6177,-16.171348,-0.202142
72.8010,-6177,-16.171348,-0.202142
72.8110,-6178,-16.173967,-0.202175
72.8210,-6178,-16.173967,-0.202175
72.8310,-6179,-16.176584,-0.202207
72.8410,-6180,-16.179203,-0.202240
72.8510,-6180,-16.179203,-0.202240
72.8610,-6181,-16.181819,-0.202273
72.8710,-6181,-16.181819,-0.202273
72.8810,-6181,-16.181819,-0.202273
72.8910,-6181,-16.181819,-0.202273
72.9010,-6180,-16.179203,-0.202240
72.9110,-6180,-16.179203,-0.202240
72.9210,-6180,-16.179203,-0.202240
72.9310,-6180,-16.179203,-0.202240
72.9410,-6181,-16.181819,-0.202273
72.9510,-6181,-16.181819,-0.202273
72.9610,-6182,-16.184438,-0.202305
72.9710,-6182,-16.184438,-0.202305
72.9810,-6183,-16.187057,-0.202338
72.9910,-6183,-16.187057,-0.202338
73.0010,-6184,-16.189674,-0.202371
73.0110,-6184,-16.189674,-0.202371
73.0210,-6184,-16.189674,-0.202371
73.0310,-6183,-16.187057,-0.202338
73.0410,-6183,-16.187057,-0.202338
73.0520,-6183,-16.187057,-0.202338
73.0610,-6183,-16.187057,-0.202338
73.0710,-6183,-16.187057,-0.202338
73.0810,-6184,-16.189674,-0.202371
73.0910,-6184,-16.189674,-0.202371
73.1010,-6185,-16.192293,-0.202404
73.1110,-6186,-16.194911,-0.202436
73.1210,-6186,-16.194911,-0.202436
73.1310,-6187,-16.197528,-0.202469
73.1410,-6187,-16.197528,-0.202469
73.1510,-6187,-16.197528,-0.202469
73.1610,-6187,-16.197528,-0.202469
73.1710,-6187,-16.197528,-0.202469
73.1810,-6186,-16.194911,-0.202436
73.1910,-6187,-16.197528,-0.202469
73.2010,-6187,-16.197528,-0.202469
73.2110,-6187,-16.197528,-0.202469
73.2210,-6187,-16.197528,-0.202469
73.2310,-6188,-16.200147,-0.202502
73.2410,-6188,-16.200147,-0.202502
73.2510,-6189,-16.202764,-0.202535
73.2610,-6189,-16.202764,-0.202535
73.2710,-6189,-16.202764,-0.202535
73.2810,-6189,-16.202764,-0.202535
73.2910,-6189,-16.202764,-0.202535
73.3010,-6189,-16.202764,-0.202535
73.3110,-6189,-16.202764,-0.202535
73.3210,-6188,-16.200147,-0.202502
73.3310,-6189,-16.202764,-0.202535
73.3410,-6189,-16.202764,-0.202535
73.3510,-6189,-16.202764,-0.202535
73.3610,-6190,-16.205383,-0.202567
73.3710,-6190,-16.205383,-0.202567
73.3810,-6191,-16.208000,-0.202600
73.3910,-6191,-16.208000,-0.202600
73.4010,-6192,-16.210618,-0.202633
73.4110,-6192,-16.210618,-0.202633
73.4210,-6192,-16.210618,-0.202633
73.4310,-6192,-16.210618,-0.202633
73.4410,-6191,-16.208000,-0.202600
73.4510,-6191,-16.208000,-0.202600
73.4610,-6191,-16.208000,-0.202600
73.4710,-6191,-16.208000,-0.202600
73.4810,-6191,-16.208000,-0.202600
73.4910,-6192,-16.210618,-0.202633
73.5010,-6192,-16.210618,-0.202633
73.5110,-6193,-16.213235,-0.202665
73.5210,-6193,-16.213235,-0.202665
73.5310,-6194,-16.215854,-0.202698
73.5410,-6194,-16.215854,-0.202698
73.5510,-6194,-16.215854,-0.202698
73.5610,-6194,-16.215854,-0.202698
73.5710,-6194,-16.215854,-0.202698
73.5810,-6194,-16.215854,-0.202698
73.5910,-6194,-16.215854,-0.202698
73.6010,-6193,-16.213235,-0.202665
73.6110,-6194,-16.215854,-0.202698
73.6210,-6194,-16.215854,-0.202698
73.6310,-6194,-16.215854,-0.202698
73.6410,-6195,-16.218471,-0.202731
73.6510,-6195,-16.218471,-0.202731
73.6610,-6196,-16.221090,-0.202764
73.6710,-6196,-16.221090,-0.202764
73.6810,-6196,-16.221090,-0.202764
73.6920,-6196,-16.221090,-0.202764
73.7010,-6196,-16.221090,-0.202764
73.7110,-6196,-16.221090,-0.202764
73.7210,-6196,-16.221090,-0.202764
73.7310,-6196,-16.221090,-0.202764
73.7410,-6195,-16.218471,-0.202731
73.7510,-6196,-16.221090,-0.202764
73.7610,-6196,-16.221090,-0.202764
73.7710,-6197,-16.223707,-0.202796
73.7810,-6198,-16.226325,-0.202829
73.7910,-6199,-16.228944,-0.202862
73.8010,-6202,-16.236799,-0.202960
73.8110,-6205,-16.244651,-0.203058
73.8210,-6207,-16.249889,-0.203124
73.8310,-6210,-16.257743,-0.203222
73.8410,-6213,-16.265596,-0.203320
73.8510,-6216,-16.273448,-0.203418
73.8610,-6220,-16.283922,-0.203549
73.8710,-6224,-16.294393,-0.203680
73.8810,-6229,-16.307485,-0.203844
73.8910,-6237,-16.328428,-0.204105
73.9010,-6247,-16.354608,-0.204433
73.9110,-6256,-16.378170,-0.204727
73.9210,-6263,-16.396495,-0.204956
73.9310,-6271,-16.417440,-0.205218
73.9410,-6280,-16.441001,-0.205513
73.9510,-6287,-16.459327,-0.205742
73.9610,-6294,-16.477653,-0.205971
73.9710,-6299,-16.490743,-0.206134
73.9810,-6304,-16.503833,-0.206298
73.9910,-6307,-16.511686,-0.206396
74.0010,-6310,-16.519540,-0.206494
74.0110,-6314,-16.530014,-0.206625
74.0210,-6318,-16.540485,-0.206756
74.0310,-6325,-16.558813,-0.206985
74.0410,-6331,-16.574518,-0.207181
74.0510,-6339,-16.595462,-0.207443
74.0610,-6348,-16.619026,-0.207738
74.0710,-6357,-16.642587,-0.208032
74.0810,-6366,-16.666149,-0.208327
74.0910,-6376,-16.692329,-0.208654
74.1010,-6386,-16.718509,-0.208981
74.1110,-6396,-16.744689,-0.209309
74.1210,-6408,-16.776105,-0.209701
74.1310,-6422,-16.812755,-0.210159
74.1410,-6440,-16.859882,-0.210749
74.1510,-6461,-16.914859,-0.211436
74.1610,-6483,-16.972455,-0.212156
74.1710,-6506,-17.032669,-0.212908
74.1810,-6526,-17.085029,-0.213563
74.1910,-6547,-17.140007,-0.214250
74.2010,-6572,-17.205455,-0.215068
74.2110,-6600,-17.278760,-0.215985
74.2210,-6636,-17.373008,-0.217163
74.2310,-6676,-17.477727,-0.218472
74.2410,-6720,-17.592918,-0.219912
74.2510,-6754,-17.681932,-0.221024
74.2610,-6791,-17.778797,-0.222235
74.2710,-6822,-17.859954,-0.223249
74.2810,-6852,-17.938493,-0.224231
74.2910,-6880,-18.011796,-0.225147
74.3010,-6909,-18.087720,-0.226097
74.3110,-6932,-18.147933,-0.226849
74.3210,-6957,-18.213384,-0.227667
74.3320,-6981,-18.276216,-0.228453
74.3410,-6993,-18.307630,-0.228845
74.3510,-7006,-18.341665,-0.229271
74.3610,-7023,-18.386171,-0.229827
74.3710,-7039,-18.428058,-0.230351
74.3810,-7052,-18.462093,-0.230776
74.3910,-7067,-18.501363,-0.231267
74.4010,-7082,-18.540632,-0.231758
74.4110,-7097,-18.579902,-0.232249
74.4210,-7109,-18.611318,-0.232641
74.4310,-7120,-18.640117,-0.233001
74.4410,-7132,-18.671531,-0.233394
74.4510,-7141,-18.695095,-0.233689
74.4610,-7148,-18.713420,-0.233918
74.4710,-7153,-18.726511,-0.234081
74.4810,-7159,-18.742218,-0.234278
74.4910,-7167,-18.763162,-0.234540
74.5010,-7176,-18.786724,-0.234834
74.5110,-7184,-18.807668,-0.235096
74.5210,-7196,-18.839084,-0.235489
74.5310,-7209,-18.873119,-0.235914
74.5410,-7224,-18.912387,-0.236405
74.5510,-7238,-18.949041,-0.236863
74.5610,-7257,-18.998783,-0.237485
74.5710,-7277,-19.051141,-0.238139
74.5810,-7299,-19.108737,-0.238859
74.5910,-7316,-19.153244,-0.239416
74.6010,-7335,-19.202985,-0.240037
74.6110,-7355,-19.255344,-0.240692
74.6210,-7378,-19.315559,-0.241445
74.6310,-7395,-19.360065,-0.242001
74.6410,-7412,-19.404571,-0.242557
74.6510,-7427,-19.443840,-0.243048
74.6610,-7441,-19.480493,-0.243506
74.6710,-7456,-19.519762,-0.243997
74.6810,-7471,-19.559032,-0.244488
74.6910,-7491,-19.611392,-0.245142
74.7010,-7512,-19.666370,-0.245830
74.7110,-7531,-19.716112,-0.246451
74.7210,-7546,-19.755382,-0.246942
74.7310,-7560,-19.792034,-0.247400
74.7410,-7573,-19.826068,-0.247826
74.7510,-7585,-19.857482,-0.248219
74.7610,-7594,-19.881046,-0.248513
74.7710,-7601,-19.899372,-0.248742
74.7810,-7606,-19.912462,-0.248906
74.7910,-7608,-19.917697,-0.248971
74.8010,-7609,-19.920314,-0.249004
74.8110,-7608,-19.917697,-0.248971
74.8210,-7607,-19.915079,-0.248938
74.8310,-7605,-19.909843,-0.248873
74.8410,-7604,-19.907226,-0.248840
74.8510,-7603,-19.904607,-0.248808
74.8610,-7605,-19.909843,-0.248873
74.8710,-7608,-19.917697,-0.248971
74.8810,-7614,-19.933404,-0.249168
74.8910,-7619,-19.946496,-0.249331
74.9010,-7626,-19.964822,-0.249560
74.9110,-7633,-19.983146,-0.249789
74.9210,-7639,-19.998855,-0.249986
74.9310,-7643,-20.009328,-0.250117
74.9410,-7646,-20.017181,-0.250215
74.9510,-7648,-20.022418,-0.250280
74.9610,-7649,-20.025035,-0.250313
74.9720,-7648,-20.022418,-0.250280
74.9810,-7647,-20.019800,-0.250248
74.9910,-7645,-20.014564,-0.250182
75.0010,-7645,-20.014564,-0.250182
75.0110,-7645,-20.014564,-0.250182
75.0210,-7645,-20.014564,-0.250182
75.0310,-7646,-20.017181,-0.250215
75.0410,-7647,-20.019800,-0.250248
75.0510,-7649,-20.025035,-0.250313
75.0610,-7651,-20.030271,-0.250378
75.0710,-7653,-20.035507,-0.250444
75.0810,-7655,-20.040742,-0.250509
75.0910,-7656,-20.043361,-0.250542
75.1010,-7656,-20.043361,-0.250542
75.1110,-7656,-20.043361,-0.250542
75.1210,-7656,-20.043361,-0.250542
75.1310,-7655,-20.040742,-0.250509
75.1410,-7655,-20.040742,-0.250509
75.1510,-7655,-20.040742,-0.250509
75.1610,-7656,-20.043361,-0.250542
75.1710,-7657,-20.045978,-0.250575
75.1810,-7658,-20.048597,-0.250607
75.1910,-7660,-20.053833,-0.250673
75.2010,-7661,-20.056451,-0.250706
75.2110,-7663,-20.061687,-0.250771
75.2210,-7664,-20.064306,-0.250804
75.2310,-7665,-20.066923,-0.250837
75.2410,-7665,-20.066923,-0.250837
75.2510,-7665,-20.066923,-0.250837
75.2610,-7665,-20.066923,-0.250837
75.2710,-7665,-20.066923,-0.250837
75.2810,-7665,-20.066923,-0.250837
75.2910,-7665,-20.066923,-0.250837
75.3010,-7666,-20.069541,-0.250869
75.3110,-7666,-20.069541,-0.250869
75.3210,-7667,-20.072160,-0.250902
75.3310,-7668,-20.074777,-0.250935
75.3410,-7669,-20.077396,-0.250967
75.3510,-7670,-20.080015,-0.251000
75.3610,-7671,-20.082632,-0.251033
75.3710,-7671,-20.082632,-0.251033
75.3810,-7671,-20.082632,-0.251033
75.3910,-7671,-20.082632,-0.251033
75.4010,-7671,-20.082632,-0.251033
75.4110,-7671,-20.082632,-0.251033
75.4210,-7671,-20.082632,-0.251033
75.4310,-7671,-20.082632,-0.251033
75.4410,-7671,-20.082632,-0.251033
75.4510,-7672,-20.085250,-0.251066
75.4610,-7673,-20.087867,-0.251098
75.4710,-7674,-20.090484,-0.251131
75.4810,-7674,-20.090484,-0.251131
75.4910,-7675,-20.093103,-0.251164
75.5010,-7676,-20.095720,-0.251197
75.5110,-7676,-20.095720,-0.251197
75.5210,-7676,-20.095720,-0.251197
75.5310,-7676,-20.095720,-0.251197
75.5410,-7676,-20.095720,-0.251197
75.5510,-7676,-20.095720,-0.251197
75.5610,-7676,-20.095720,-0.251197
75.5710,-7676,-20.095720,-0.251197
75.5810,-7677,-20.098339,-0.251229
75.5910,-7677,-20.098339,-0.251229
75.6010,-7678,-20.100957,-0.251262
75.6120,-7679,-20.103574,-0.251295
75.6210,-7679,-20.103574,-0.251295
75.6310,-7680,-20.106193,-0.251327
75.6410,-7680,-20.106193,-0.251327
75.6510,-7680,-20.106193,-0.251327
75.6610,-7680,-20.106193,-0.251327
75.6710,-7680,-20.106193,-0.251327
75.6810,-7680,-20.106193,-0.251327
75.6910,-7680,-20.106193,-0.251327
75.7010,-7680,-20.106193,-0.251327
75.7110,-7681,-20.108810,-0.251360
75.7210,-7682,-20.111429,-0.251393
75.7310,-7683,-20.114048,-0.251426
75.7410,-7684,-20.116664,-0.251458
75.7510,-7684,-20.116664,-0.251458
75.7610,-7685,-20.119283,-0.251491
75.7710,-7686,-20.121902,-0.251524
75.7810,-7686,-20.121902,-0.251524
75.7910,-7686,-20.121902,-0.251524
75.8010,-7686,-20.121902,-0.251524
75.8110,-7686,-20.121902,-0.251524
75.8210,-7686,-20.121902,-0.251524
75.8310,-7686,-20.121902,-0.251524
75.8410,-7686,-20.121902,-0.251524
75.8510,-7687,-20.124519,-0.251556
75.8610,-7688,-20.127138,-0.251589
75.8710,-7688,-20.127138,-0.251589
75.8810,-7689,-20.129755,-0.251622
75.8910,-7690,-20.132373,-0.251655
75.9010,-7691,-20.134992,-0.251687
75.9110,-7691,-20.134992,-0.251687
75.9210,-7691,-20.134992,-0.251687
75.9310,-7692,-20.137609,-0.251720
75.9410,-7692,-20.137609,-0.251720
75.9510,-7692,-20.137609,-0.251720
75.9610,-7691,-20.134992,-0.251687
75.9710,-7692,-20.137609,-0.251720
75.9810,-7692,-20.137609,-0.251720
75.9910,-7693,-20.140228,-0.251753
76.0010,-7693,-20.140228,-0.251753
76.0110,-7694,-20.142845,-0.251786
76.0210,-7695,-20.145463,-0.251818
76.0310,-7696,-20.148080,-0.251851
76.0410,-7696,-20.148080,-0.251851
76.0510,-7697,-20.150699,-0.251884
76.0610,-7697,-20.150699,-0.251884
76.0710,-7697,-20.150699,-0.251884
76.0810,-7697,-20.150699,-0.251884
76.0910,-7696,-20.148080,-0.251851
76.1010,-7696,-20.148080,-0.251851
76.1110,-7696,-20.148080,-0.251851
76.1210,-7696,-20.148080,-0.251851
76.1310,-7697,-20.150699,-0.251884
76.1410,-7697,-20.150699,-0.251884
76.1510,-7698,-20.153316,-0.251916
76.1610,-7698,-20.153316,-0.251916
76.1710,-7699,-20.155935,-0.251949
76.1810,-7700,-20.158552,-0.251982
76.1910,-7700,-20.158552,-0.251982
76.2010,-7700,-20.158552,-0.251982
76.2110,-7700,-20.158552,-0.251982
76.2210,-7700,-20.158552,-0.251982
76.2310,-7700,-20.158552,-0.251982
76.2410,-7699,-20.155935,-0.251949
76.2520,-7700,-20.158552,-0.251982
76.2610,-7700,-20.158552,-0.251982
76.2710,-7701,-20.161170,-0.252015
76.2810,-7702,-20.163789,-0.252047
76.2910,-7704,-20.169025,-0.252113
76.3010,-7705,-20.171642,-0.252146
76.3110,-7707,-20.176879,-0.252211
76.3210,-7709,-20.182115,-0.252276
76.3310,-7712,-20.189970,-0.252375
76.3410,-7715,-20.197824,-0.252473
76.3510,-7719,-20.208295,-0.252604
76.3610,-7723,-20.218767,-0.252735
76.3710,-7728,-20.231857,-0.252898
76.3810,-7732,-20.242328,-0.253029
76.3910,-7737,-20.255420,-0.253193
76.4010,-7744,-20.273744,-0.253422
76.4110,-7752,-20.294689,-0.253684
76.4210,-7763,-20.323488,-0.254044
76.4310,-7773,-20.349666,-0.254371
76.4410,-7784,-20.378465,-0.254731
76.4510,-7796,-20.409879,-0.255123
76.4610,-7810,-20.446533,-0.255582
76.4710,-7822,-20.477949,-0.255974
76.4810,-7835,-20.511981,-0.256400
76.4910,-7845,-20.538162,-0.256727
76.5010,-7856,-20.566961,-0.257087
76.5110,-7863,-20.585285,-0.257316
76.5210,-7871,-20.606229,-0.257578
76.5310,-7879,-20.627174,-0.257840
76.5410,-7889,-20.653354,-0.258167
76.5510,-7898,-20.676916,-0.258461
76.5610,-7906,-20.697858,-0.258723
76.5710,-7916,-20.724040,-0.259051
76.5810,-7928,-20.755455,-0.259443
76.5910,-7940,-20.786872,-0.259836
76.6010,-7954,-20.823524,-0.260294
76.6110,-7975,-20.878501,-0.260981
76.6210,-7990,-20.917772,-0.261472
76.6310,-8004,-20.954423,-0.261930
76.6410,-8016,-20.985839,-0.262323
76.6510,-8028,-21.017255,-0.262716
76.6610,-8038,-21.043436,-0.263043
76.6710,-8043,-21.056524,-0.263207
76.6810,-8045,-21.061761,-0.263272
76.6910,-8046,-21.064378,-0.263305
76.7010,-8045,-21.061761,-0.263272
76.7110,-8042,-21.053907,-0.263174
76.7210,-8039,-21.046052,-0.263076
76.7310,-8037,-21.040817,-0.263010
76.7410,-8035,-21.035581,-0.262945
76.7510,-8034,-21.032964,-0.262912
76.7610,-8035,-21.035581,-0.262945
76.7710,-8037,-21.040817,-0.263010
76.7810,-8040,-21.048669,-0.263108
76.7910,-8043,-21.056524,-0.263207
76.8010,-8048,-21.069614,-0.263370
76.8110,-8051,-21.077468,-0.263468
76.8210,-8053,-21.082706,-0.263534
76.8310,-8054,-21.085323,-0.263567
76.8410,-8055,-21.087942,-0.263599
76.8510,-8055,-21.087942,-0.263599
76.8610,-8055,-21.087942,-0.263599
76.8710,-8054,-21.085323,-0.263567
76.8810,-8052,-21.080087,-0.263501
76.8920,-8052,-21.080087,-0.263501
76.9010,-8052,-21.080087,-0.263501
76.9110,-8052,-21.080087,-0.263501
76.9210,-8053,-21.082706,-0.263534
76.9310,-8054,-21.085323,-0.263567
76.9410,-8057,-21.093177,-0.263665
76.9510,-8059,-21.098413,-0.263730
76.9610,-8062,-21.106266,-0.263828
76.9710,-8064,-21.111501,-0.263894
76.9810,-8065,-21.114120,-0.263927
76.9910,-8067,-21.119356,-0.263992
77.0010,-8067,-21.119356,-0.263992
77.0110,-8067,-21.119356,-0.263992
77.0210,-8068,-21.121974,-0.264025
77.0310,-8068,-21.121974,-0.264025
77.0410,-8068,-21.121974,-0.264025
77.0510,-8068,-21.121974,-0.264025
77.0610,-8068,-21.121974,-0.264025
77.0710,-8069,-21.124593,-0.264057
77.0810,-8072,-21.132446,-0.264156
77.0910,-8074,-21.137683,-0.264221
77.1010,-8076,-21.142919,-0.264286
77.1110,-8079,-21.150774,-0.264385
77.1210,-8082,-21.158628,-0.264483
77.1310,-8086,-21.169097,-0.264614
77.1410,-8088,-21.174333,-0.264679
77.1510,-8090,-21.179571,-0.264745
77.1610,-8092,-21.184806,-0.264810
77.1710,-8094,-21.190042,-0.264876
77.1810,-8095,-21.192661,-0.264908
77.1910,-8096,-21.195278,-0.264941
77.2010,-8098,-21.200515,-0.265006
77.2110,-8098,-21.200515,-0.265006
77.2210,-8101,-21.208370,-0.265105
77.2310,-8103,-21.213605,-0.265170
77.2410,-8105,-21.218841,-0.265236
77.2510,-8108,-21.226694,-0.265334
77.2610,-8111,-21.234548,-0.265432
77.2710,-8116,-21.247638,-0.265596
77.2810,-8122,-21.263347,-0.265792
77.2910,-8128,-21.279054,-0.265988
77.3010,-8135,-21.297380,-0.266217
77.3110,-8143,-21.318325,-0.266479
77.3210,-8148,-21.331415,-0.266643
77.3310,-8154,-21.347122,-0.266839
77.3410,-8159,-21.360212,-0.267003
77.3510,-8163,-21.370683,-0.267134
77.3610,-8167,-21.381156,-0.267264
77.3710,-8170,-21.389011,-0.267363
77.3810,-8173,-21.396865,-0.267461
77.3910,-8174,-21.399482,-0.267494
77.4010,-8175,-21.402099,-0.267526
77.4110,-8175,-21.402099,-0.267526
77.4210,-8175,-21.402099,-0.267526
77.4310,-8175,-21.402099,-0.267526
77.4410,-8175,-21.402099,-0.267526
77.4510,-8175,-21.402099,-0.267526
77.4610,-8175,-21.402099,-0.267526
77.4710,-8176,-21.404718,-0.267559
77.4810,-8177,-21.407335,-0.267592
77.4910,-8178,-21.409954,-0.267624
77.5010,-8179,-21.412572,-0.267657
77.5110,-8180,-21.415189,-0.267690
77.5210,-8181,-21.417808,-0.267723
77.5320,-8181,-21.417808,-0.267723
77.5410,-8181,-21.417808,-0.267723
77.5510,-8181,-21.417808,-0.267723
77.5610,-8181,-21.417808,-0.267723
77.5710,-8181,-21.417808,-0.267723
77.5810,-8181,-21.417808,-0.267723
77.5910,-8181,-21.417808,-0.267723
77.6010,-8181,-21.417808,-0.267723
77.6110,-8181,-21.417808,-0.267723
77.6210,-8181,-21.417808,-0.267723
77.6310,-8182,-21.420425,-0.267755
77.6410,-8183,-21.423044,-0.267788
77.6510,-8184,-21.425662,-0.267821
77.6610,-8185,-21.428279,-0.267853
77.6710,-8186,-21.430898,-0.267886
77.6810,-8188,-21.436134,-0.267952
77.6910,-8188,-21.436134,-0.267952
77.7010,-8189,-21.438753,-0.267984
77.7110,-8190,-21.441370,-0.268017
77.7210,-8190,-21.441370,-0.268017
77.7310,-8190,-21.441370,-0.268017
77.7410,-8190,-21.441370,-0.268017
77.7510,-8190,-21.441370,-0.268017
77.7610,-8190,-21.441370,-0.268017
77.7710,-8191,-21.443988,-0.268050
77.7810,-8191,-21.443988,-0.268050
77.7910,-8191,-21.443988,-0.268050
77.8010,-8192,-21.446607,-0.268083
77.8110,-8192,-21.446607,-0.268083
77.8210,-8193,-21.449224,-0.268115
77.8310,-8193,-21.449224,-0.268115
77.8410,-8194,-21.451843,-0.268148
77.8510,-8194,-21.451843,-0.268148
77.8610,-8194,-21.451843,-0.268148
77.8710,-8194,-21.451843,-0.268148
77.8810,-8194,-21.451843,-0.268148
77.8910,-8194,-21.451843,-0.268148
77.9010,-8194,-21.451843,-0.268148
77.9110,-8194,-21.451843,-0.268148
77.9210,-8194,-21.451843,-0.268148
77.9310,-8194,-21.451843,-0.268148
77.9410,-8194,-21.451843,-0.268148
77.9510,-8195,-21.454462,-0.268181
77.9610,-8195,-21.454462,-0.268181
77.9710,-8195,-21.454462,-0.268181
77.9810,-8196,-21.457078,-0.268213
77.9910,-8196,-21.457078,-0.268213
78.0010,-8196,-21.457078,-0.268213
78.0110,-8196,-21.457078,-0.268213
78.0210,-8196,-21.457078,-0.268213
78.0310,-8196,-21.457078,-0.268213
78.0410,-8195,-21.454462,-0.268181
78.0510,-8196,-21.457078,-0.268213
78.0610,-8196,-21.457078,-0.268213
78.0710,-8196,-21.457078,-0.268213
78.0810,-8196,-21.457078,-0.268213
78.0910,-8196,-21.457078,-0.268213
78.1010,-8196,-21.457078,-0.268213
78.1110,-8196,-21.457078,-0.268213
78.1210,-8197,-21.459695,-0.268246
78.1310,-8197,-21.459695,-0.268246
78.1410,-8197,-21.459695,-0.268246
78.1510,-8197,-21.459695,-0.268246
78.1610,-8197,-21.459695,-0.268246
78.1720,-8197,-21.459695,-0.268246
78.1810,-8196,-21.457078,-0.268213
78.1910,-8197,-21.459695,-0.268246
78.2010,-8197,-21.459695,-0.268246
78.2110,-8197,-21.459695,-0.268246
78.2210,-8197,-21.459695,-0.268246
78.2310,-8197,-21.459695,-0.268246
78.2410,-8197,-21.459695,-0.268246
78.2510,-8198,-21.462314,-0.268279
78.2610,-8198,-21.462314,-0.268279
78.2710,-8198,-21.462314,-0.268279
78.2810,-8198,-21.462314,-0.268279
78.2910,-8198,-21.462314,-0.268279
78.3010,-8198,-21.462314,-0.268279
78.3110,-8198,-21.462314,-0.268279
78.3210,-8197,-21.459695,-0.268246
78.3310,-8198,-21.462314,-0.268279
78.3410,-8198,-21.462314,-0.268279
78.3510,-8198,-21.462314,-0.268279
78.3610,-8198,-21.462314,-0.268279
78.3710,-8198,-21.462314,-0.268279
78.3810,-8198,-21.462314,-0.268279
78.3910,-8198,-21.462314,-0.268279
78.4010,-8199,-21.464931,-0.268312
78.4110,-8199,-21.464931,-0.268312
78.4210,-8199,-21.464931,-0.268312
78.4310,-8199,-21.464931,-0.268312
78.4410,-8199,-21.464931,-0.268312
78.4510,-8198,-21.462314,-0.268279
78.4610,-8198,-21.462314,-0.268279
78.4710,-8198,-21.462314,-0.268279
78.4810,-8198,-21.462314,-0.268279
78.4910,-8198,-21.462314,-0.268279
78.5010,-8199,-21.464931,-0.268312
78.5110,-8199,-21.464931,-0.268312
78.5210,-8199,-21.464931,-0.268312
78.5310,-8199,-21.464931,-0.268312
78.5410,-8199,-21.464931,-0.268312
78.5510,-8199,-21.464931,-0.268312
78.5610,-8199,-21.464931,-0.268312
78.5710,-8199,-21.464931,-0.268312
78.5810,-8199,-21.464931,-0.268312
78.5910,-8199,-21.464931,-0.268312
78.6010,-8199,-21.464931,-0.268312
78.6110,-8199,-21.464931,-0.268312
78.6210,-8199,-21.464931,-0.268312
78.6310,-8199,-21.464931,-0.268312
78.6410,-8200,-21.467550,-0.268344
78.6510,-8200,-21.467550,-0.268344
78.6610,-8200,-21.467550,-0.268344
78.6710,-8200,-21.467550,-0.268344
78.6810,-8200,-21.467550,-0.268344
78.6910,-8200,-21.467550,-0.268344
78.7010,-8200,-21.467550,-0.268344
78.7110,-8200,-21.467550,-0.268344
78.7210,-8200,-21.467550,-0.268344
78.7310,-8200,-21.467550,-0.268344
78.7410,-8200,-21.467550,-0.268344
78.7510,-8200,-21.467550,-0.268344
78.7610,-8200,-21.467550,-0.268344
78.7710,-8200,-21.467550,-0.268344
78.7810,-8201,-21.470167,-0.268377
78.7910,-8201,-21.470167,-0.268377
78.8010,-8201,-21.470167,-0.268377
78.8120,-8201,-21.470167,-0.268377
78.8210,-8201,-21.470167,-0.268377
78.8310,-8201,-21.470167,-0.268377
78.8410,-8201,-21.470167,-0.268377
78.8510,-8201,-21.470167,-0.268377
78.8610,-8201,-21.470167,-0.268377
78.8710,-8201,-21.470167,-0.268377
78.8810,-8201,-21.470167,-0.268377
78.8910,-8201,-21.470167,-0.268377
78.9010,-8201,-21.470167,-0.268377
78.9110,-8201,-21.470167,-0.268377
78.9210,-8202,-21.472785,-0.268410
78.9310,-8202,-21.472785,-0.268410
78.9410,-8202,-21.472785,-0.268410
78.9510,-8202,-21.472785,-0.268410
78.9610,-8202,-21.472785,-0.268410
78.9710,-8202,-21.472785,-0.268410
78.9810,-8202,-21.472785,-0.268410
78.9910,-8202,-21.472785,-0.268410
79.0010,-8202,-21.472785,-0.268410
79.0110,-8202,-21.472785,-0.268410
79.0210,-8202,-21.472785,-0.268410
79.0310,-8202,-21.472785,-0.268410
79.0410,-8202,-21.472785,-0.268410
79.0510,-8202,-21.472785,-0.268410
79.0610,-8202,-21.472785,-0.268410
79.0710,-8203,-21.475404,-0.268443
79.0810,-8203,-21.475404,-0.268443
79.0910,-8203,-21.475404,-0.268443
79.1010,-8203,-21.475404,-0.268443
79.1110,-8203,-21.475404,-0.268443
79.1210,-8203,-21.475404,-0.268443
79.1310,-8203,-21.475404,-0.268443
79.1410,-8203,-21.475404,-0.268443
79.1510,-8202,-21.472785,-0.268410
79.1610,-8203,-21.475404,-0.268443
79.1710,-8203,-21.475404,-0.268443
79.1810,-8203,-21.475404,-0.268443
79.1910,-8203,-21.475404,-0.268443
79.2010,-8203,-21.475404,-0.268443
79.2110,-8203,-21.475404,-0.268443
79.2210,-8204,-21.478021,-0.268475
79.2310,-8204,-21.478021,-0.268475
79.2410,-8204,-21.478021,-0.268475
79.2510,-8204,-21.478021,-0.268475
79.2610,-8204,-21.478021,-0.268475
79.2710,-8204,-21.478021,-0.268475
79.2810,-8204,-21.478021,-0.268475
79.2910,-8203,-21.475404,-0.268443
79.3010,-8204,-21.478021,-0.268475
79.3110,-8204,-21.478021,-0.268475
79.3210,-8204,-21.478021,-0.268475
79.3310,-8204,-21.478021,-0.268475
79.3410,-8204,-21.478021,-0.268475
79.3510,-8204,-21.478021,-0.268475
79.3610,-8204,-21.478021,-0.268475
79.3710,-8205,-21.480640,-0.268508
79.3810,-8205,-21.480640,-0.268508
79.3910,-8205,-21.480640,-0.268508
79.4010,-8205,-21.480640,-0.268508
79.4110,-8205,-21.480640,-0.268508
79.4210,-8205,-21.480640,-0.268508
79.4310,-8204,-21.478021,-0.268475
79.4410,-8205,-21.480640,-0.268508
79.4520,-8205,-21.480640,-0.268508
79.4610,-8206,-21.483257,-0.268541
79.4710,-8206,-21.483257,-0.268541
79.4810,-8207,-21.485876,-0.268573
79.4910,-8207,-21.485876,-0.268573
79.5010,-8207,-21.485876,-0.268573
79.5110,-8208,-21.488494,-0.268606
79.5210,-8208,-21.488494,-0.268606
79.5310,-8208,-21.488494,-0.268606
79.5410,-8208,-21.488494,-0.268606
79.5510,-8208,-21.488494,-0.268606
79.5610,-8207,-21.485876,-0.268573
79.5710,-8207,-21.485876,-0.268573
79.5810,-8207,-21.485876,-0.268573
79.5910,-8207,-21.485876,-0.268573
79.6010,-8207,-21.485876,-0.268573
79.6110,-8207,-21.485876,-0.268573
79.6210,-8208,-21.488494,-0.268606
79.6310,-8208,-21.488494,-0.268606
79.6410,-8208,-21.488494,-0.268606
79.6510,-8208,-21.488494,-0.268606
79.6610,-8208,-21.488494,-0.268606
79.6710,-8208,-21.488494,-0.268606
79.6810,-8208,-21.488494,-0.268606
79.6910,-8208,-21.488494,-0.268606
79.7010,-8208,-21.488494,-0.268606
79.7110,-8208,-21.488494,-0.268606
79.7210,-8208,-21.488494,-0.268606
79.7310,-8208,-21.488494,-0.268606
79.7410,-8208,-21.488494,-0.268606
79.7510,-8208,-21.488494,-0.268606
79.7610,-8209,-21.491111,-0.268639
79.7710,-8209,-21.491111,-0.268639
79.7810,-8209,-21.491111,-0.268639
79.7910,-8209,-21.491111,-0.268639
79.8010,-8209,-21.491111,-0.268639
79.8110,-8209,-21.491111,-0.268639
79.8210,-8209,-21.491111,-0.268639
79.8310,-8209,-21.491111,-0.268639
79.8410,-8209,-21.491111,-0.268639
79.8510,-8209,-21.491111,-0.268639
79.8610,-8209,-21.491111,-0.268639
79.8710,-8209,-21.491111,-0.268639
79.8810,-8209,-21.491111,-0.268639
79.8910,-8209,-21.491111,-0.268639
79.9010,-8210,-21.493730,-0.268672
79.9110,-8210,-21.493730,-0.268672
79.9210,-8210,-21.493730,-0.268672
79.9310,-8210,-21.493730,-0.268672
79.9410,-8210,-21.493730,-0.268672
79.9510,-8210,-21.493730,-0.268672
79.9610,-8210,-21.493730,-0.268672
79.9710,-8210,-21.493730,-0.268672
79.9810,-8210,-21.493730,-0.268672
79.9910,-8210,-21.493730,-0.268672
80.0010,-8210,-21.493730,-0.268672
80.0110,-8210,-21.493730,-0.268672
80.0210,-8210,-21.493730,-0.268672
80.0310,-8210,-21.493730,-0.268672
80.0410,-8210,-21.493730,-0.268672
80.0510,-8210,-21.493730,-0.268672
80.0610,-8210,-21.493730,-0.268672
80.0710,-8211,-21.496349,-0.268704
80.0810,-8211,-21.496349,-0.268704
80.0920,-8211,-21.496349,-0.268704
80.1010,-8210,-21.493730,-0.268672
80.1110,-8210,-21.493730,-0.268672
80.1210,-8210,-21.493730,-0.268672
80.1310,-8210,-21.493730,-0.268672
80.1410,-8210,-21.493730,-0.268672
80.1510,-8210,-21.493730,-0.268672
80.1610,-8210,-21.493730,-0.268672
80.1710,-8211,-21.496349,-0.268704
80.1810,-8211,-21.496349,-0.268704
80.1910,-8211,-21.496349,-0.268704
80.2010,-8211,-21.496349,-0.268704
80.2110,-8211,-21.496349,-0.268704
80.2210,-8211,-21.496349,-0.268704
80.2310,-8211,-21.496349,-0.268704
80.2410,-8211,-21.496349,-0.268704
80.2510,-8211,-21.496349,-0.268704
80.2610,-8211,-21.496349,-0.268704
80.2710,-8211,-21.496349,-0.268704
80.2810,-8211,-21.496349,-0.268704
80.2910,-8211,-21.496349,-0.268704
80.3010,-8211,-21.496349,-0.268704
80.3110,-8211,-21.496349,-0.268704
80.3210,-8212,-21.498966,-0.268737
80.3310,-8212,-21.498966,-0.268737
80.3410,-8212,-21.498966,-0.268737
80.3510,-8212,-21.498966,-0.268737
80.3610,-8212,-21.498966,-0.268737
80.3710,-8212,-21.498966,-0.268737
80.3810,-8212,-21.498966,-0.268737
80.3910,-8212,-21.498966,-0.268737
80.4010,-8211,-21.496349,-0.268704
80.4110,-8212,-21.498966,-0.268737
80.4210,-8212,-21.498966,-0.268737
80.4310,-8212,-21.498966,-0.268737
80.4410,-8212,-21.498966,-0.268737
80.4510,-8212,-21.498966,-0.268737
80.4610,-8212,-21.498966,-0.268737
80.4710,-8212,-21.498966,-0.268737
80.4810,-8212,-21.498966,-0.268737
80.4910,-8212,-21.498966,-0.268737
80.5010,-8212,-21.498966,-0.268737
80.5110,-8212,-21.498966,-0.268737
80.5210,-8212,-21.498966,-0.268737
80.5310,-8212,-21.498966,-0.268737
80.5410,-8212,-21.498966,-0.268737
80.5510,-8212,-21.498966,-0.268737
80.5610,-8212,-21.498966,-0.268737
80.5710,-8212,-21.498966,-0.268737
80.5810,-8212,-21.498966,-0.268737
80.5910,-8212,-21.498966,-0.268737
80.6010,-8212,-21.498966,-0.268737
80.6110,-8213,-21.501585,-0.268770
80.6210,-8213,-21.501585,-0.268770
80.6310,-8213,-21.501585,-0.268770
80.6410,-8213,-21.501585,-0.268770
80.6510,-8213,-21.501585,-0.268770
80.6610,-8212,-21.498966,-0.268737
80.6710,-8212,-21.498966,-0.268737
80.6810,-8212,-21.498966,-0.268737
80.6910,-8212,-21.498966,-0.268737
80.7010,-8212,-21.498966,-0.268737
80.7110,-8212,-21.498966,-0.268737
80.7210,-8213,-21.501585,-0.268770
80.7320,-8213,-21.501585,-0.268770
80.7410,-8213,-21.501585,-0.268770
80.7510,-8213,-21.501585,-0.268770
80.7610,-8213,-21.501585,-0.268770
80.7710,-8213,-21.501585,-0.268770
80.7810,-8213,-21.501585,-0.268770
80.7910,-8213,-21.501585,-0.268770
80.8010,-8213,-21.501585,-0.268770
80.8110,-8213,-21.501585,-0.268770
80.8210,-8213,-21.501585,-0.268770
80.8310,-8213,-21.501585,-0.268770
80.8410,-8213,-21.501585,-0.268770
80.8510,-8213,-21.501585,-0.268770
80.8610,-8213,-21.501585,-0.268770
80.8710,-8213,-21.501585,-0.268770
80.8810,-8213,-21.501585,-0.268770
80.8910,-8213,-21.501585,-0.268770
80.9010,-8213,-21.501585,-0.268770
80.9110,-8213,-21.501585,-0.268770
80.9210,-8213,-21.501585,-0.268770
80.9310,-8213,-21.501585,-0.268770
80.9410,-8213,-21.501585,-0.268770
80.9510,-8213,-21.501585,-0.268770
80.9610,-8213,-21.501585,-0.268770
80.9710,-8213,-21.501585,-0.268770
80.9810,-8213,-21.501585,-0.268770
80.9910,-8213,-21.501585,-0.268770
81.0010,-8214,-21.504201,-0.268803
81.0110,-8214,-21.504201,-0.268803
81.0210,-8214,-21.504201,-0.268803
81.0310,-8214,-21.504201,-0.268803
81.0410,-8214,-21.504201,-0.268803
81.0510,-8214,-21.504201,-0.268803
81.0610,-8214,-21.504201,-0.268803
81.0710,-8214,-21.504201,-0.268803
81.0810,-8214,-21.504201,-0.268803
81.0910,-8214,-21.504201,-0.268803
81.1010,-8214,-21.504201,-0.268803
81.1110,-8214,-21.504201,-0.268803
81.1210,-8214,-21.504201,-0.268803
81.1310,-8214,-21.504201,-0.268803
81.1410,-8214,-21.504201,-0.268803
81.1510,-8214,-21.504201,-0.268803
81.1610,-8214,-21.504201,-0.268803
81.1710,-8214,-21.504201,-0.268803
81.1810,-8214,-21.504201,-0.268803
81.1910,-8214,-21.504201,-0.268803
81.2010,-8214,-21.504201,-0.268803
81.2110,-8214,-21.504201,-0.268803
81.2210,-8214,-21.504201,-0.268803
81.2310,-8214,-21.504201,-0.268803
81.2410,-8214,-21.504201,-0.268803
81.2510,-8214,-21.504201,-0.268803
81.2610,-8214,-21.504201,-0.268803
81.2710,-8214,-21.504201,-0.268803
81.2810,-8214,-21.504201,-0.268803
81.2910,-8214,-21.504201,-0.268803
81.3010,-8214,-21.504201,-0.268803
81.3110,-8214,-21.504201,-0.268803
81.3210,-8214,-21.504201,-0.268803
81.3310,-8214,-21.504201,-0.268803
81.3410,-8214,-21.504201,-0.268803
81.3510,-8214,-21.504201,-0.268803
81.3610,-8214,-21.504201,-0.268803
81.3720,-8214,-21.504201,-0.268803
81.3810,-8214,-21.504201,-0.268803
81.3910,-8214,-21.504201,-0.268803
81.4010,-8214,-21.504201,-0.268803
81.4110,-8214,-21.504201,-0.268803
81.4210,-8215,-21.506820,-0.268835
81.4310,-8215,-21.506820,-0.268835
81.4410,-8215,-21.506820,-0.268835
81.4510,-8215,-21.506820,-0.268835
81.4610,-8215,-21.506820,-0.268835
81.4710,-8215,-21.506820,-0.268835
81.4810,-8215,-21.506820,-0.268835
81.4910,-8215,-21.506820,-0.268835
81.5010,-8215,-21.506820,-0.268835
81.5110,-8214,-21.504201,-0.268803
81.5210,-8215,-21.506820,-0.268835
81.5310,-8215,-21.506820,-0.268835
81.5410,-8215,-21.506820,-0.268835
81.5510,-8215,-21.506820,-0.268835
81.5610,-8215,-21.506820,-0.268835
81.5710,-8215,-21.506820,-0.268835
81.5810,-8215,-21.506820,-0.268835
81.5910,-8215,-21.506820,-0.268835
81.6010,-8215,-21.506820,-0.268835
81.6110,-8215,-21.506820,-0.268835
81.6210,-8215,-21.506820,-0.268835
81.6310,-8215,-21.506820,-0.268835
81.6410,-8215,-21.506820,-0.268835
81.6510,-8214,-21.504201,-0.268803
81.6610,-8215,-21.506820,-0.268835
81.6710,-8215,-21.506820,-0.268835
81.6810,-8215,-21.506820,-0.268835
81.6910,-8215,-21.506820,-0.268835
81.7010,-8215,-21.506820,-0.268835
81.7110,-8215,-21.506820,-0.268835
81.7210,-8215,-21.506820,-0.268835
81.7310,-8215,-21.506820,-0.268835
81.7410,-8215,-21.506820,-0.268835
81.7510,-8215,-21.506820,-0.268835
81.7610,-8215,-21.506820,-0.268835
81.7710,-8215,-21.506820,-0.268835
81.7810,-8215,-21.506820,-0.268835
81.7910,-8215,-21.506820,-0.268835
81.8010,-8215,-21.506820,-0.268835
81.8110,-8215,-21.506820,-0.268835
81.8210,-8215,-21.506820,-0.268835
81.8310,-8215,-21.506820,-0.268835
81.8410,-8215,-21.506820,-0.268835
81.8510,-8215,-21.506820,-0.268835
81.8610,-8216,-21.509439,-0.268868
81.8710,-8216,-21.509439,-0.268868
81.8810,-8216,-21.509439,-0.268868
81.8910,-8216,-21.509439,-0.268868
81.9010,-8215,-21.506820,-0.268835
81.9110,-8215,-21.506820,-0.268835
81.9210,-8215,-21.506820,-0.268835
81.9310,-8215,-21.506820,-0.268835
81.9410,-8215,-21.506820,-0.268835
81.9510,-8215,-21.506820,-0.268835
81.9610,-8215,-21.506820,-0.268835
81.9710,-8216,-21.509439,-0.268868
81.9810,-8216,-21.509439,-0.268868
81.9910,-8216,-21.509439,-0.268868
82.0010,-8216,-21.509439,-0.268868
82.0120,-8216,-21.509439,-0.268868
82.0210,-8216,-21.509439,-0.268868
82.0310,-8216,-21.509439,-0.268868
82.0410,-8216,-21.509439,-0.268868
82.0510,-8216,-21.509439,-0.268868
82.0610,-8216,-21.509439,-0.268868
82.0710,-8216,-21.509439,-0.268868
82.0810,-8216,-21.509439,-0.268868
82.0910,-8216,-21.509439,-0.268868
82.1010,-8216,-21.509439,-0.268868
82.1110,-8216,-21.509439,-0.268868
82.1210,-8216,-21.509439,-0.268868
82.1310,-8216,-21.509439,-0.268868
82.1410,-8216,-21.509439,-0.268868
82.1510,-8216,-21.509439,-0.268868
82.1610,-8216,-21.509439,-0.268868
82.1710,-8216,-21.509439,-0.268868
82.1810,-8216,-21.509439,-0.268868
82.1910,-8216,-21.509439,-0.268868
82.2010,-8216,-21.509439,-0.268868
82.2110,-8216,-21.509439,-0.268868
82.2210,-8216,-21.509439,-0.268868
82.2310,-8216,-21.509439,-0.268868
82.2410,-8216,-21.509439,-0.268868
82.2510,-8216,-21.509439,-0.268868
82.2610,-8216,-21.509439,-0.268868
82.2710,-8216,-21.509439,-0.268868
82.2810,-8216,-21.509439,-0.268868
82.2910,-8216,-21.509439,-0.268868
82.3010,-8216,-21.509439,-0.268868
82.3110,-8216,-21.509439,-0.268868
82.3210,-8216,-21.509439,-0.268868
82.3310,-8216,-21.509439,-0.268868
82.3410,-8216,-21.509439,-0.268868
82.3510,-8216,-21.509439,-0.268868
82.3610,-8216,-21.509439,-0.268868
82.3710,-8216,-21.509439,-0.268868
82.3810,-8216,-21.509439,-0.268868
82.3910,-8217,-21.512056,-0.268901
82.4010,-8217,-21.512056,-0.268901
82.4110,-8217,-21.512056,-0.268901
82.4210,-8217,-21.512056,-0.268901
82.4310,-8217,-21.512056,-0.268901
82.4410,-8217,-21.512056,-0.268901
82.4510,-8217,-21.512056,-0.268901
82.4610,-8217,-21.512056,-0.268901
82.4710,-8217,-21.512056,-0.268901
82.4810,-8216,-21.509439,-0.268868
82.4910,-8217,-21.512056,-0.268901
82.5010,-8217,-21.512056,-0.268901
82.5110,-8217,-21.512056,-0.268901
82.5210,-8217,-21.512056,-0.268901
82.5310,-8217,-21.512056,-0.268901
82.5410,-8217,-21.512056,-0.268901
82.5510,-8217,-21.512056,-0.268901
82.5610,-8217,-21.512056,-0.268901
82.5710,-8217,-21.512056,-0.268901
82.5810,-8217,-21.512056,-0.268901
82.5910,-8217,-21.512056,-0.268901
82.6010,-8217,-21.512056,-0.268901
82.6110,-8217,-21.512056,-0.268901
82.6210,-8217,-21.512056,-0.268901
82.6310,-8217,-21.512056,-0.268901
82.6410,-8217,-21.512056,-0.268901
82.6520,-8217,-21.512056,-0.268901
82.6610,-8217,-21.512056,-0.268901
82.6710,-8217,-21.512056,-0.268901
82.6810,-8217,-21.512056,-0.268901
82.6910,-8218,-21.514675,-0.268933
82.7010,-8218,-21.514675,-0.268933
82.7110,-8218,-21.514675,-0.268933
82.7210,-8218,-21.514675,-0.268933
82.7310,-8218,-21.514675,-0.268933
82.7410,-8217,-21.512056,-0.268901
82.7510,-8217,-21.512056,-0.268901
82.7610,-8217,-21.512056,-0.268901
82.7710,-8217,-21.512056,-0.268901
82.7810,-8217,-21.512056,-0.268901
82.7910,-8218,-21.514675,-0.268933
82.8010,-8218,-21.514675,-0.268933
82.8110,-8218,-21.514675,-0.268933
82.8210,-8218,-21.514675,-0.268933
82.8310,-8218,-21.514675,-0.268933
82.8410,-8218,-21.514675,-0.268933
82.8510,-8218,-21.514675,-0.268933
82.8610,-8218,-21.514675,-0.268933
82.8710,-8218,-21.514675,-0.268933
82.8810,-8218,-21.514675,-0.268933
82.8910,-8218,-21.514675,-0.268933
82.9010,-8218,-21.514675,-0.268933
82.9110,-8218,-21.514675,-0.268933
82.9210,-8218,-21.514675,-0.268933
82.9310,-8218,-21.514675,-0.268933
82.9410,-8218,-21.514675,-0.268933
82.9510,-8218,-21.514675,-0.268933
82.9610,-8218,-21.514675,-0.268933
82.9710,-8218,-21.514675,-0.268933
82.9810,-8218,-21.514675,-0.268933
82.9910,-8218,-21.514675,-0.268933
83.0010,-8218,-21.514675,-0.268933
83.0110,-8218,-21.514675,-0.268933
83.0210,-8218,-21.514675,-0.268933
83.0310,-8218,-21.514675,-0.268933
83.0410,-8218,-21.514675,-0.268933
83.0510,-8218,-21.514675,-0.268933
83.0610,-8218,-21.514675,-0.268933
83.0710,-8218,-21.514675,-0.268933
83.0810,-8218,-21.514675,-0.268933
83.0910,-8219,-21.517292,-0.268966
83.1010,-8219,-21.517292,-0.268966
83.1110,-8219,-21.517292,-0.268966
83.1210,-8219,-21.517292,-0.268966
83.1310,-8219,-21.517292,-0.268966
83.1410,-8219,-21.517292,-0.268966
83.1510,-8219,-21.517292,-0.268966
83.1610,-8219,-21.517292,-0.268966
83.1710,-8219,-21.517292,-0.268966
83.1810,-8219,-21.517292,-0.268966
83.1910,-8219,-21.517292,-0.268966
83.2010,-8219,-21.517292,-0.268966
83.2110,-8219,-21.517292,-0.268966
83.2210,-8219,-21.517292,-0.268966
83.2310,-8219,-21.517292,-0.268966
83.2410,-8219,-21.517292,-0.268966
83.2510,-8219,-21.517292,-0.268966
83.2610,-8219,-21.517292,-0.268966
83.2710,-8219,-21.517292,-0.268966
83.2810,-8219,-21.517292,-0.268966
83.2920,-8219,-21.517292,-0.268966
83.3010,-8219,-21.517292,-0.268966
83.3110,-8219,-21.517292,-0.268966
83.3210,-8219,-21.517292,-0.268966
83.3310,-8219,-21.517292,-0.268966
83.3410,-8219,-21.517292,-0.268966
83.3510,-8219,-21.517292,-0.268966
83.3610,-8220,-21.519910,-0.268999
83.3710,-8220,-21.519910,-0.268999
83.3810,-8220,-21.519910,-0.268999
83.3910,-8220,-21.519910,-0.268999
83.4010,-8220,-21.519910,-0.268999
83.4110,-8220,-21.519910,-0.268999
83.4210,-8220,-21.519910,-0.268999
83.4310,-8220,-21.519910,-0.268999
83.4410,-8220,-21.519910,-0.268999
83.4510,-8219,-21.517292,-0.268966
83.4610,-8220,-21.519910,-0.268999
83.4710,-8220,-21.519910,-0.268999
83.4810,-8220,-21.519910,-0.268999
83.4910,-8220,-21.519910,-0.268999
83.5010,-8220,-21.519910,-0.268999
83.5110,-8220,-21.519910,-0.268999
83.5210,-8220,-21.519910,-0.268999
83.5310,-8220,-21.519910,-0.268999
83.5410,-8220,-21.519910,-0.268999
83.5510,-8220,-21.519910,-0.268999
83.5610,-8220,-21.519910,-0.268999
83.5710,-8220,-21.519910,-0.268999
83.5810,-8220,-21.519910,-0.268999
83.5910,-8220,-21.519910,-0.268999
83.6010,-8220,-21.519910,-0.268999
83.6110,-8220,-21.519910,-0.268999
83.6210,-8220,-21.519910,-0.268999
83.6310,-8220,-21.519910,-0.268999
83.6410,-8221,-21.522527,-0.269032
83.6510,-8221,-21.522527,-0.269032
83.6610,-8221,-21.522527,-0.269032
83.6710,-8221,-21.522527,-0.269032
83.6810,-8221,-21.522527,-0.269032
83.6910,-8221,-21.522527,-0.269032
83.7010,-8221,-21.522527,-0.269032
83.7110,-8221,-21.522527,-0.269032
83.7210,-8221,-21.522527,-0.269032
83.7310,-8220,-21.519910,-0.268999
83.7410,-8221,-21.522527,-0.269032
83.7510,-8221,-21.522527,-0.269032
83.7610,-8221,-21.522527,-0.269032
83.7710,-8221,-21.522527,-0.269032
83.7810,-8221,-21.522527,-0.269032
83.7910,-8221,-21.522527,-0.269032
83.8010,-8221,-21.522527,-0.269032
83.8110,-8221,-21.522527,-0.269032
83.8210,-8221,-21.522527,-0.269032
83.8310,-8221,-21.522527,-0.269032
83.8410,-8221,-21.522527,-0.269032
83.8510,-8221,-21.522527,-0.269032
83.8610,-8221,-21.522527,-0.269032
83.8710,-8221,-21.522527,-0.269032
83.8810,-8221,-21.522527,-0.269032
83.8910,-8221,-21.522527,-0.269032
83.9010,-8221,-21.522527,-0.269032
83.9110,-8221,-21.522527,-0.269032
83.9210,-8222,-21.525146,-0.269064
83.9320,-8222,-21.525146,-0.269064
83.9410,-8222,-21.525146,-0.269064
83.9510,-8222,-21.525146,-0.269064
83.9610,-8222,-21.525146,-0.269064
83.9710,-8222,-21.525146,-0.269064
83.9810,-8222,-21.525146,-0.269064
83.9910,-8222,-21.525146,-0.269064
84.0010,-8222,-21.525146,-0.269064
84.0110,-8221,-21.522527,-0.269032
84.0210,-8222,-21.525146,-0.269064
84.0310,-8222,-21.525146,-0.269064
84.0410,-8222,-21.525146,-0.269064
84.0510,-8222,-21.525146,-0.269064
84.0610,-8222,-21.525146,-0.269064
84.0710,-8222,-21.525146,-0.269064
84.0810,-8222,-21.525146,-0.269064
84.0910,-8223,-21.527763,-0.269097
84.1010,-8223,-21.527763,-0.269097
84.1110,-8223,-21.527763,-0.269097
84.1210,-8222,-21.525146,-0.269064
84.1310,-8222,-21.525146,-0.269064
84.1410,-8222,-21.525146,-0.269064
84.1510,-8222,-21.525146,-0.269064
84.1610,-8222,-21.525146,-0.269064
84.1710,-8222,-21.525146,-0.269064
84.1810,-8222,-21.525146,-0.269064
84.1910,-8223,-21.527763,-0.269097
84.2010,-8223,-21.527763,-0.269097
84.2110,-8223,-21.527763,-0.269097
84.2210,-8223,-21.527763,-0.269097
84.2310,-8223,-21.527763,-0.269097
84.2410,-8223,-21.527763,-0.269097
84.2510,-8223,-21.527763,-0.269097
84.2610,-8223,-21.527763,-0.269097
84.2710,-8223,-21.527763,-0.269097
84.2810,-8223,-21.527763,-0.269097
84.2910,-8223,-21.527763,-0.269097
84.3010,-8223,-21.527763,-0.269097
84.3110,-8223,-21.527763,-0.269097
84.3210,-8223,-21.527763,-0.269097
84.3310,-8223,-21.527763,-0.269097
84.3410,-8223,-21.527763,-0.269097
84.3510,-8224,-21.530382,-0.269130
84.3610,-8224,-21.530382,-0.269130
84.3710,-8224,-21.530382,-0.269130
84.3810,-8224,-21.530382,-0.269130
84.3910,-8224,-21.530382,-0.269130
84.4010,-8224,-21.530382,-0.269130
84.4110,-8224,-21.530382,-0.269130
84.4210,-8223,-21.527763,-0.269097
84.4310,-8223,-21.527763,-0.269097
84.4410,-8223,-21.527763,-0.269097
84.4510,-8223,-21.527763,-0.269097
84.4610,-8224,-21.530382,-0.269130
84.4710,-8224,-21.530382,-0.269130
84.4810,-8224,-21.530382,-0.269130
84.4910,-8224,-21.530382,-0.269130
84.5010,-8224,-21.530382,-0.269130
84.5110,-8224,-21.530382,-0.269130
84.5210,-8224,-21.530382,-0.269130
84.5310,-8224,-21.530382,-0.269130
84.5410,-8224,-21.530382,-0.269130
84.5510,-8224,-21.530382,-0.269130
84.5610,-8224,-21.530382,-0.269130
84.5720,-8224,-21.530382,-0.269130
84.5810,-8224,-21.530382,-0.269130
84.5910,-8224,-21.530382,-0.269130
84.6010,-8224,-21.530382,-0.269130
84.6110,-8224,-21.530382,-0.269130
84.6210,-8224,-21.530382,-0.269130
84.6310,-8224,-21.530382,-0.269130
84.6410,-8224,-21.530382,-0.269130
84.6510,-8225,-21.532999,-0.269163
84.6610,-8225,-21.532999,-0.269163
84.6710,-8225,-21.532999,-0.269163
84.6810,-8224,-21.530382,-0.269130
84.6910,-8224,-21.530382,-0.269130
84.7010,-8224,-21.530382,-0.269130
84.7110,-8224,-21.530382,-0.269130
84.7210,-8224,-21.530382,-0.269130
84.7310,-8224,-21.530382,-0.269130
84.7410,-8224,-21.530382,-0.269130
84.7510,-8225,-21.532999,-0.269163
84.7610,-8225,-21.532999,-0.269163
84.7710,-8225,-21.532999,-0.269163
84.7810,-8225,-21.532999,-0.269163
84.7910,-8225,-21.532999,-0.269163
84.8010,-8225,-21.532999,-0.269163
84.8110,-8225,-21.532999,-0.269163
84.8210,-8225,-21.532999,-0.269163
84.8310,-8225,-21.532999,-0.269163
84.8410,-8224,-21.530382,-0.269130
84.8510,-8225,-21.532999,-0.269163
84.8610,-8225,-21.532999,-0.269163
84.8710,-8225,-21.532999,-0.269163
84.8810,-8225,-21.532999,-0.269163
84.8910,-8225,-21.532999,-0.269163
84.9010,-8225,-21.532999,-0.269163
84.9110,-8225,-21.532999,-0.269163
84.9210,-8225,-21.532999,-0.269163
84.9310,-8225,-21.532999,-0.269163
84.9410,-8225,-21.532999,-0.269163
84.9510,-8225,-21.532999,-0.269163
84.9610,-8225,-21.532999,-0.269163
84.9710,-8225,-21.532999,-0.269163
84.9810,-8225,-21.532999,-0.269163
84.9910,-8225,-21.532999,-0.269163
85.0010,-8225,-21.532999,-0.269163
85.0110,-8225,-21.532999,-0.269163
85.0210,-8225,-21.532999,-0.269163
85.0310,-8226,-21.535617,-0.269195
85.0410,-8226,-21.535617,-0.269195
85.0510,-8226,-21.535617,-0.269195
85.0610,-8226,-21.535617,-0.269195
85.0710,-8226,-21.535617,-0.269195
85.0810,-8226,-21.535617,-0.269195
85.0910,-8226,-21.535617,-0.269195
85.1010,-8226,-21.535617,-0.269195
85.1110,-8226,-21.535617,-0.269195
85.1210,-8225,-21.532999,-0.269163
85.1310,-8226,-21.535617,-0.269195
85.1410,-8226,-21.535617,-0.269195
85.1510,-8226,-21.535617,-0.269195
85.1610,-8226,-21.535617,-0.269195
85.1710,-8226,-21.535617,-0.269195
85.1810,-8226,-21.535617,-0.269195
85.1910,-8226,-21.535617,-0.269195
85.2010,-8226,-21.535617,-0.269195
85.2120,-8226,-21.535617,-0.269195
85.2210,-8226,-21.535617,-0.269195
85.2310,-8226,-21.535617,-0.269195
85.2410,-8226,-21.535617,-0.269195
85.2510,-8226,-21.535617,-0.269195
85.2610,-8226,-21.535617,-0.269195
85.2710,-8226,-21.535617,-0.269195
85.2810,-8226,-21.535617,-0.269195
85.2910,-8226,-21.535617,-0.269195
85.3010,-8226,-21.535617,-0.269195
85.3110,-8227,-21.538236,-0.269228
85.3210,-8227,-21.538236,-0.269228
85.3310,-8227,-21.538236,-0.269228
85.3410,-8227,-21.538236,-0.269228
85.3510,-8227,-21.538236,-0.269228
85.3610,-8227,-21.538236,-0.269228
85.3710,-8227,-21.538236,-0.269228
85.3810,-8227,-21.538236,-0.269228
85.3910,-8226,-21.535617,-0.269195
85.4010,-8226,-21.535617,-0.269195
85.4110,-8226,-21.535617,-0.269195
85.4210,-8226,-21.535617,-0.269195
85.4310,-8227,-21.538236,-0.269228
85.4410,-8227,-21.538236,-0.269228
85.4510,-8227,-21.538236,-0.269228
85.4610,-8227,-21.538236,-0.269228
85.4710,-8227,-21.538236,-0.269228
85.4810,-8227,-21.538236,-0.269228
85.4910,-8227,-21.538236,-0.269228
85.5010,-8227,-21.538236,-0.269228
85.5110,-8227,-21.538236,-0.269228
85.5210,-8227,-21.538236,-0.269228
85.5310,-8227,-21.538236,-0.269228
85.5410,-8227,-21.538236,-0.269228
85.5510,-8227,-21.538236,-0.269228
85.5610,-8227,-21.538236,-0.269228
85.5710,-8227,-21.538236,-0.269228
85.5810,-8227,-21.538236,-0.269228
85.5910,-8227,-21.538236,-0.269228
85.6010,-8227,-21.538236,-0.269228
85.6110,-8227,-21.538236,-0.269228
85.6210,-8227,-21.538236,-0.269228
85.6310,-8227,-21.538236,-0.269228
85.6410,-8227,-21.538236,-0.269228
85.6510,-8227,-21.538236,-0.269228
85.6610,-8227,-21.538236,-0.269228
85.6710,-8227,-21.538236,-0.269228
85.6810,-8227,-21.538236,-0.269228
85.6910,-8227,-21.538236,-0.269228
85.7010,-8227,-21.538236,-0.269228
85.7110,-8227,-21.538236,-0.269228
85.7210,-8227,-21.538236,-0.269228
85.7310,-8228,-21.540853,-0.269261
85.7410,-8228,-21.540853,-0.269261
85.7510,-8228,-21.540853,-0.269261
85.7610,-8228,-21.540853,-0.269261
85.7710,-8228,-21.540853,-0.269261
85.7810,-8228,-21.540853,-0.269261
85.7910,-8228,-21.540853,-0.269261
85.8010,-8228,-21.540853,-0.269261
85.8110,-8227,-21.538236,-0.269228
85.8210,-8227,-21.538236,-0.269228
85.8310,-8227,-21.538236,-0.269228
85.8410,-8228,-21.540853,-0.269261
85.8520,-8228,-21.540853,-0.269261
85.8610,-8228,-21.540853,-0.269261
85.8710,-8228,-21.540853,-0.269261
85.8810,-8228,-21.540853,-0.269261
85.8910,-8228,-21.540853,-0.269261
85.9010,-8228,-21.540853,-0.269261
85.9110,-8228,-21.540853,-0.269261
85.9210,-8228,-21.540853,-0.269261
85.9310,-8228,-21.540853,-0.269261
85.9410,-8228,-21.540853,-0.269261
85.9510,-8228,-21.540853,-0.269261
85.9610,-8228,-21.540853,-0.269261
85.9710,-8228,-21.540853,-0.269261
85.9810,-8228,-21.540853,-0.269261
85.9910,-8228,-21.540853,-0.269261
86.0010,-8228,-21.540853,-0.269261
86.0110,-8228,-21.540853,-0.269261
86.0210,-8228,-21.540853,-0.269261
86.0310,-8228,-21.540853,-0.269261
86.0410,-8228,-21.540853,-0.269261
86.0510,-8228,-21.540853,-0.269261
86.0610,-8228,-21.540853,-0.269261
86.0710,-8228,-21.540853,-0.269261
86.0810,-8228,-21.540853,-0.269261
86.0910,-8228,-21.540853,-0.269261
86.1010,-8228,-21.540853,-0.269261
86.1110,-8228,-21.540853,-0.269261
86.1210,-8228,-21.540853,-0.269261
86.1310,-8228,-21.540853,-0.269261
86.1410,-8228,-21.540853,-0.269261
86.1510,-8228,-21.540853,-0.269261
86.1610,-8228,-21.540853,-0.269261
86.1710,-8229,-21.543472,-0.269293
86.1810,-8229,-21.543472,-0.269293
86.1910,-8229,-21.543472,-0.269293
86.2010,-8228,-21.540853,-0.269261
86.2110,-8228,-21.540853,-0.269261
86.2210,-8228,-21.540853,-0.269261
86.2310,-8228,-21.540853,-0.269261
86.2410,-8228,-21.540853,-0.269261
86.2510,-8228,-21.540853,-0.269261
86.2610,-8228,-21.540853,-0.269261
86.2710,-8229,-21.543472,-0.269293
86.2810,-8229,-21.543472,-0.269293
86.2910,-8229,-21.543472,-0.269293
86.3010,-8229,-21.543472,-0.269293
86.3110,-8229,-21.543472,-0.269293
86.3210,-8229,-21.543472,-0.269293
86.3310,-8229,-21.543472,-0.269293
86.3410,-8229,-21.543472,-0.269293
86.3510,-8229,-21.543472,-0.269293
86.3610,-8229,-21.543472,-0.269293
86.3710,-8229,-21.543472,-0.269293
86.3810,-8229,-21.543472,-0.269293
86.3910,-8229,-21.543472,-0.269293
86.4010,-8229,-21.543472,-0.269293
86.4110,-8229,-21.543472,-0.269293
86.4210,-8229,-21.543472,-0.269293
86.4310,-8229,-21.543472,-0.269293
86.4410,-8229,-21.543472,-0.269293
86.4510,-8229,-21.543472,-0.269293
86.4610,-8229,-21.543472,-0.269293
86.4710,-8229,-21.543472,-0.269293
86.4810,-8229,-21.543472,-0.269293
86.4920,-8229,-21.543472,-0.269293
86.5010,-8229,-21.543472,-0.269293
86.5110,-8229,-21.543472,-0.269293
86.5210,-8229,-21.543472,-0.269293
86.5310,-8229,-21.543472,-0.269293
86.5410,-8229,-21.543472,-0.269293
86.5510,-8229,-21.543472,-0.269293
86.5610,-8230,-21.546089,-0.269326
86.5710,-8230,-21.546089,-0.269326
86.5810,-8230,-21.546089,-0.269326
86.5910,-8230,-21.546089,-0.269326
86.6010,-8230,-21.546089,-0.269326
86.6110,-8230,-21.546089,-0.269326
86.6210,-8230,-21.546089,-0.269326
86.6310,-8230,-21.546089,-0.269326
86.6410,-8229,-21.543472,-0.269293
86.6510,-8229,-21.543472,-0.269293
86.6610,-8229,-21.543472,-0.269293
86.6710,-8229,-21.543472,-0.269293
86.6810,-8230,-21.546089,-0.269326
86.6910,-8230,-21.546089,-0.269326
86.7010,-8230,-21.546089,-0.269326
86.7110,-8230,-21.546089,-0.269326
86.7210,-8230,-21.546089,-0.269326
86.7310,-8230,-21.546089,-0.269326
86.7410,-8230,-21.546089,-0.269326
86.7510,-8230,-21.546089,-0.269326
86.7610,-8230,-21.546089,-0.269326
86.7710,-8230,-21.546089,-0.269326
86.7810,-8230,-21.546089,-0.269326
86.7910,-8230,-21.546089,-0.269326
86.8010,-8230,-21.546089,-0.269326
86.8110,-8230,-21.546089,-0.269326
86.8210,-8230,-21.546089,-0.269326
86.8310,-8230,-21.546089,-0.269326
86.8410,-8230,-21.546089,-0.269326
86.8510,-8230,-21.546089,-0.269326
86.8610,-8230,-21.546089,-0.269326
86.8710,-8230,-21.546089,-0.269326
86.8810,-8230,-21.546089,-0.269326
86.8910,-8230,-21.546089,-0.269326
86.9010,-8230,-21.546089,-0.269326
86.9110,-8230,-21.546089,-0.269326
86.9210,-8230,-21.546089,-0.269326
86.9310,-8230,-21.546089,-0.269326
86.9410,-8230,-21.546089,-0.269326
86.9510,-8230,-21.546089,-0.269326
86.9610,-8230,-21.546089,-0.269326
86.9710,-8230,-21.546089,-0.269326
86.9810,-8230,-21.546089,-0.269326
86.9910,-8231,-21.548707,-0.269359
87.0010,-8231,-21.548707,-0.269359
87.0110,-8231,-21.548707,-0.269359
87.0210,-8231,-21.548707,-0.269359
87.0310,-8231,-21.548707,-0.269359
87.0410,-8230,-21.546089,-0.269326
87.0510,-8230,-21.546089,-0.269326
87.0610,-8230,-21.546089,-0.269326
87.0710,-8230,-21.546089,-0.269326
87.0810,-8230,-21.546089,-0.269326
87.0910,-8230,-21.546089,-0.269326
87.1010,-8230,-21.546089,-0.269326
87.1110,-8231,-21.548707,-0.269359
87.1210,-8231,-21.548707,-0.269359
87.1320,-8231,-21.548707,-0.269359
87.1410,-8231,-21.548707,-0.269359
87.1510,-8231,-21.548707,-0.269359
87.1610,-8231,-21.548707,-0.269359
87.1710,-8231,-21.548707,-0.269359
87.1810,-8231,-21.548707,-0.269359
87.1910,-8231,-21.548707,-0.269359
87.2010,-8230,-21.546089,-0.269326
87.2110,-8231,-21.548707,-0.269359
87.2210,-8231,-21.548707,-0.269359
87.2310,-8231,-21.548707,-0.269359
87.2410,-8231,-21.548707,-0.269359
87.2510,-8231,-21.548707,-0.269359
87.2610,-8231,-21.548707,-0.269359
87.2710,-8231,-21.548707,-0.269359
87.2810,-8231,-21.548707,-0.269359
87.2910,-8231,-21.548707,-0.269359
87.3010,-8231,-21.548707,-0.269359
87.3110,-8231,-21.548707,-0.269359
87.3210,-8231,-21.548707,-0.269359
87.3310,-8231,-21.548707,-0.269359
87.3410,-8231,-21.548707,-0.269359
87.3510,-8231,-21.548707,-0.269359
87.3610,-8231,-21.548707,-0.269359
87.3710,-8231,-21.548707,-0.269359
87.3810,-8231,-21.548707,-0.269359
87.3910,-8231,-21.548707,-0.269359
87.4010,-8231,-21.548707,-0.269359
87.4110,-8231,-21.548707,-0.269359
87.4210,-8231,-21.548707,-0.269359
87.4310,-8231,-21.548707,-0.269359
87.4410,-8231,-21.548707,-0.269359
87.4510,-8231,-21.548707,-0.269359
87.4610,-8231,-21.548707,-0.269359
87.4710,-8231,-21.548707,-0.269359
87.4810,-8231,-21.548707,-0.269359
87.4910,-8231,-21.548707,-0.269359
87.5010,-8231,-21.548707,-0.269359
87.5110,-8231,-21.548707,-0.269359
87.5210,-8231,-21.548707,-0.269359
87.5310,-8232,-21.551326,-0.269392
87.5410,-8232,-21.551326,-0.269392
87.5510,-8232,-21.551326,-0.269392
87.5610,-8232,-21.551326,-0.269392
87.5710,-8232,-21.551326,-0.269392
87.5810,-8232,-21.551326,-0.269392
87.5910,-8232,-21.551326,-0.269392
87.6010,-8232,-21.551326,-0.269392
87.6110,-8232,-21.551326,-0.269392
87.6210,-8232,-21.551326,-0.269392
87.6310,-8232,-21.551326,-0.269392
87.6410,-8232,-21.551326,-0.269392
87.6510,-8232,-21.551326,-0.269392
87.6610,-8232,-21.551326,-0.269392
87.6710,-8232,-21.551326,-0.269392
87.6810,-8232,-21.551326,-0.269392
87.6910,-8232,-21.551326,-0.269392
87.7010,-8232,-21.551326,-0.269392
87.7110,-8232,-21.551326,-0.269392
87.7210,-8232,-21.551326,-0.269392
87.7310,-8232,-21.551326,-0.269392
87.7410,-8232,-21.551326,-0.269392
87.7510,-8232,-21.551326,-0.269392
87.7610,-8232,-21.551326,-0.269392
87.7720,-8232,-21.551326,-0.269392
87.7810,-8232,-21.551326,-0.269392
87.7910,-8232,-21.551326,-0.269392
87.8010,-8232,-21.551326,-0.269392
87.8110,-8232,-21.551326,-0.269392
87.8210,-8232,-21.551326,-0.269392
87.8310,-8232,-21.551326,-0.269392
87.8410,-8232,-21.551326,-0.269392
87.8510,-8232,-21.551326,-0.269392
87.8610,-8232,-21.551326,-0.269392
87.8710,-8232,-21.551326,-0.269392
87.8810,-8232,-21.551326,-0.269392
87.8910,-8232,-21.551326,-0.269392
87.9010,-8232,-21.551326,-0.269392
87.9110,-8232,-21.551326,-0.269392
87.9210,-8232,-21.551326,-0.269392
87.9310,-8232,-21.551326,-0.269392
87.9410,-8232,-21.551326,-0.269392
87.9510,-8232,-21.551326,-0.269392
87.9610,-8232,-21.551326,-0.269392
87.9710,-8232,-21.551326,-0.269392
87.9810,-8232,-21.551326,-0.269392
87.9910,-8232,-21.551326,-0.269392
88.0010,-8232,-21.551326,-0.269392
88.0110,-8232,-21.551326,-0.269392
88.0210,-8232,-21.551326,-0.269392
88.0310,-8232,-21.551326,-0.269392
88.0410,-8232,-21.551326,-0.269392
88.0510,-8232,-21.551326,-0.269392
88.0610,-8232,-21.551326,-0.269392
88.0710,-8232,-21.551326,-0.269392
88.0810,-8233,-21.553943,-0.269424
88.0910,-8233,-21.553943,-0.269424
88.1010,-8233,-21.553943,-0.269424
88.1110,-8233,-21.553943,-0.269424
88.1210,-8233,-21.553943,-0.269424
88.1310,-8233,-21.553943,-0.269424
88.1410,-8233,-21.553943,-0.269424
88.1510,-8233,-21.553943,-0.269424
88.1610,-8233,-21.553943,-0.269424
88.1710,-8232,-21.551326,-0.269392
88.1810,-8233,-21.553943,-0.269424
88.1910,-8233,-21.553943,-0.269424
88.2010,-8233,-21.553943,-0.269424
88.2110,-8233,-21.553943,-0.269424
88.2210,-8233,-21.553943,-0.269424
88.2310,-8233,-21.553943,-0.269424
88.2410,-8233,-21.553943,-0.269424
88.2510,-8233,-21.553943,-0.269424
88.2610,-8233,-21.553943,-0.269424
88.2710,-8233,-21.553943,-0.269424
88.2810,-8233,-21.553943,-0.269424
88.2910,-8233,-21.553943,-0.269424
88.3010,-8233,-21.553943,-0.269424
88.3110,-8233,-21.553943,-0.269424
88.3210,-8233,-21.553943,-0.269424
88.3310,-8233,-21.553943,-0.269424
88.3410,-8233,-21.553943,-0.269424
88.3510,-8233,-21.553943,-0.269424
88.3610,-8233,-21.553943,-0.269424
88.3710,-8233,-21.553943,-0.269424
88.3810,-8233,-21.553943,-0.269424
88.3910,-8233,-21.553943,-0.269424
88.4010,-8233,-21.553943,-0.269424
88.4120,-8233,-21.553943,-0.269424
88.4210,-8233,-21.553943,-0.269424
88.4310,-8233,-21.553943,-0.269424
88.4410,-8233,-21.553943,-0.269424
88.4510,-8233,-21.553943,-0.269424
88.4610,-8233,-21.553943,-0.269424
88.4710,-8233,-21.553943,-0.269424
88.4810,-8233,-21.553943,-0.269424
88.4910,-8233,-21.553943,-0.269424
88.5010,-8234,-21.556562,-0.269457
88.5110,-8234,-21.556562,-0.269457
88.5210,-8234,-21.556562,-0.269457
88.5310,-8234,-21.556562,-0.269457
88.5410,-8234,-21.556562,-0.269457
88.5510,-8234,-21.556562,-0.269457
88.5610,-8234,-21.556562,-0.269457
88.5710,-8234,-21.556562,-0.269457
88.5810,-8234,-21.556562,-0.269457
88.5910,-8233,-21.553943,-0.269424
88.6010,-8234,-21.556562,-0.269457
88.6110,-8234,-21.556562,-0.269457
88.6210,-8234,-21.556562,-0.269457
88.6310,-8234,-21.556562,-0.269457
88.6410,-8234,-21.556562,-0.269457
88.6510,-8234,-21.556562,-0.269457
88.6610,-8234,-21.556562,-0.269457
88.6710,-8234,-21.556562,-0.269457
88.6810,-8234,-21.556562,-0.269457
88.6910,-8234,-21.556562,-0.269457
88.7010,-8234,-21.556562,-0.269457
88.7110,-8234,-21.556562,-0.269457
88.7210,-8234,-21.556562,-0.269457
88.7310,-8234,-21.556562,-0.269457
88.7410,-8234,-21.556562,-0.269457
88.7510,-8234,-21.556562,-0.269457
88.7610,-8234,-21.556562,-0.269457
88.7710,-8234,-21.556562,-0.269457
88.7810,-8234,-21.556562,-0.269457
88.7910,-8234,-21.556562,-0.269457
88.8010,-8234,-21.556562,-0.269457
88.8110,-8234,-21.556562,-0.269457
88.8210,-8234,-21.556562,-0.269457
88.8310,-8234,-21.556562,-0.269457
88.8410,-8234,-21.556562,-0.269457
88.8510,-8234,-21.556562,-0.269457
88.8610,-8234,-21.556562,-0.269457
88.8710,-8234,-21.556562,-0.269457
88.8810,-8234,-21.556562,-0.269457
88.8910,-8234,-21.556562,-0.269457
88.9010,-8234,-21.556562,-0.269457
88.9110,-8234,-21.556562,-0.269457
88.9210,-8235,-21.559181,-0.269490
88.9310,-8235,-21.559181,-0.269490
88.9410,-8235,-21.559181,-0.269490
88.9510,-8235,-21.559181,-0.269490
88.9610,-8235,-21.559181,-0.269490
88.9710,-8235,-21.559181,-0.269490
88.9810,-8235,-21.559181,-0.269490
88.9910,-8235,-21.559181,-0.269490
89.0010,-8234,-21.556562,-0.269457
89.0110,-8234,-21.556562,-0.269457
89.0210,-8234,-21.556562,-0.269457
89.0310,-8235,-21.559181,-0.269490
89.0410,-8235,-21.559181,-0.269490
89.0520,-8235,-21.559181,-0.269490
89.0610,-8235,-21.559181,-0.269490
89.0710,-8235,-21.559181,-0.269490
89.0810,-8235,-21.559181,-0.269490
89.0910,-8235,-21.559181,-0.269490
89.1010,-8235,-21.559181,-0.269490
89.1110,-8235,-21.559181,-0.269490
89.1210,-8235,-21.559181,-0.269490
89.1310,-8235,-21.559181,-0.269490
89.1410,-8235,-21.559181,-0.269490
89.1510,-8235,-21.559181,-0.269490
89.1610,-8235,-21.559181,-0.269490
89.1710,-8235,-21.559181,-0.269490
89.1810,-8235,-21.559181,-0.269490
89.1910,-8235,-21.559181,-0.269490
89.2010,-8235,-21.559181,-0.269490
89.2110,-8235,-21.559181,-0.269490
89.2210,-8235,-21.559181,-0.269490
89.2310,-8235,-21.559181,-0.269490
89.2410,-8235,-21.559181,-0.269490
89.2510,-8235,-21.559181,-0.269490
89.2610,-8235,-21.559181,-0.269490
89.2710,-8235,-21.559181,-0.269490
89.2810,-8235,-21.559181,-0.269490
89.2910,-8235,-21.559181,-0.269490
89.3010,-8235,-21.559181,-0.269490
89.3110,-8235,-21.559181,-0.269490
89.3210,-8235,-21.559181,-0.269490
89.3310,-8236,-21.561798,-0.269523
89.3410,-8236,-21.561798,-0.269523
89.3510,-8236,-21.561798,-0.269523
89.3610,-8236,-21.561798,-0.269523
89.3710,-8236,-21.561798,-0.269523
89.3810,-8236,-21.561798,-0.269523
89.3910,-8236,-21.561798,-0.269523
89.4010,-8236,-21.561798,-0.269523
89.4110,-8236,-21.561798,-0.269523
89.4210,-8235,-21.559181,-0.269490
89.4310,-8236,-21.561798,-0.269523
89.4410,-8236,-21.561798,-0.269523
89.4510,-8236,-21.561798,-0.269523
89.4610,-8236,-21.561798,-0.269523
89.4710,-8236,-21.561798,-0.269523
89.4810,-8236,-21.561798,-0.269523
89.4910,-8236,-21.561798,-0.269523
89.5010,-8236,-21.561798,-0.269523
89.5110,-8236,-21.561798,-0.269523
89.5210,-8236,-21.561798,-0.269523
89.5310,-8236,-21.561798,-0.269523
89.5410,-8236,-21.561798,-0.269523
89.5510,-8236,-21.561798,-0.269523
89.5610,-8236,-21.561798,-0.269523
89.5710,-8236,-21.561798,-0.269523
89.5810,-8236,-21.561798,-0.269523
89.5910,-8236,-21.561798,-0.269523
89.6010,-8236,-21.561798,-0.269523
89.6110,-8236,-21.561798,-0.269523
89.6210,-8236,-21.561798,-0.269523
89.6310,-8236,-21.561798,-0.269523
89.6410,-8236,-21.561798,-0.269523
89.6510,-8236,-21.561798,-0.269523
89.6610,-8236,-21.561798,-0.269523
89.6710,-8236,-21.561798,-0.269523
89.6810,-8236,-21.561798,-0.269523
89.6920,-8236,-21.561798,-0.269523
89.7010,-8236,-21.561798,-0.269523
89.7110,-8236,-21.561798,-0.269523
89.7210,-8236,-21.561798,-0.269523
89.7310,-8236,-21.561798,-0.269523
89.7410,-8236,-21.561798,-0.269523
89.7510,-8236,-21.561798,-0.269523
89.7610,-8237,-21.564416,-0.269555
89.7710,-8237,-21.564416,-0.269555
89.7810,-8237,-21.564416,-0.269555
89.7910,-8237,-21.564416,-0.269555
89.8010,-8237,-21.564416,-0.269555
89.8110,-8236,-21.561798,-0.269523
89.8210,-8236,-21.561798,-0.269523
89.8310,-8236,-21.561798,-0.269523
89.8410,-8236,-21.561798,-0.269523
89.8510,-8236,-21.561798,-0.269523
89.8610,-8236,-21.561798,-0.269523
89.8710,-8237,-21.564416,-0.269555
89.8810,-8237,-21.564416,-0.269555
89.8910,-8237,-21.564416,-0.269555
89.9010,-8237,-21.564416,-0.269555
89.9110,-8237,-21.564416,-0.269555
89.9210,-8237,-21.564416,-0.269555
89.9310,-8237,-21.564416,-0.269555
89.9410,-8237,-21.564416,-0.269555
89.9510,-8237,-21.564416,-0.269555
89.9610,-8237,-21.564416,-0.269555
89.9710,-8237,-21.564416,-0.269555
89.9810,-8237,-21.564416,-0.269555
89.9910,-8237,-21.564416,-0.269555
90.0010,-8237,-21.564416,-0.269555
90.0110,-8237,-21.564416,-0.269555
90.0210,-8237,-21.564416,-0.269555
90.0310,-8237,-21.564416,-0.269555
90.0410,-8237,-21.564416,-0.269555
90.0510,-8237,-21.564416,-0.269555
90.0610,-8237,-21.564416,-0.269555
90.0710,-8237,-21.564416,-0.269555
90.0810,-8237,-21.564416,-0.269555
90.0910,-8237,-21.564416,-0.269555
90.1010,-8237,-21.564416,-0.269555
90.1110,-8237,-21.564416,-0.269555
90.1210,-8237,-21.564416,-0.269555
90.1310,-8237,-21.564416,-0.269555
90.1410,-8237,-21.564416,-0.269555
90.1510,-8237,-21.564416,-0.269555
90.1610,-8237,-21.564416,-0.269555
90.1710,-8238,-21.567033,-0.269588
90.1810,-8238,-21.567033,-0.269588
90.1910,-8238,-21.567033,-0.269588
90.2010,-8238,-21.567033,-0.269588
90.2110,-8238,-21.567033,-0.269588
90.2210,-8238,-21.567033,-0.269588
90.2310,-8238,-21.567033,-0.269588
90.2410,-8238,-21.567033,-0.269588
90.2510,-8237,-21.564416,-0.269555
90.2610,-8237,-21.564416,-0.269555
90.2710,-8237,-21.564416,-0.269555
90.2810,-8238,-21.567033,-0.269588
90.2910,-8238,-21.567033,-0.269588
90.3010,-8238,-21.567033,-0.269588
90.3110,-8238,-21.567033,-0.269588
90.3210,-8238,-21.567033,-0.269588
90.3320,-8238,-21.567033,-0.269588
90.3410,-8238,-21.567033,-0.269588
90.3510,-8238,-21.567033,-0.269588
90.3610,-8238,-21.567033,-0.269588
90.3710,-8238,-21.567033,-0.269588
90.3810,-8238,-21.567033,-0.269588
90.3910,-8238,-21.567033,-0.269588
90.4010,-8238,-21.567033,-0.269588
90.4110,-8238,-21.567033,-0.269588
90.4210,-8238,-21.567033,-0.269588
90.4310,-8238,-21.567033,-0.269588
90.4410,-8238,-21.567033,-0.269588
90.4510,-8238,-21.567033,-0.269588
90.4610,-8238,-21.567033,-0.269588
90.4710,-8238,-21.567033,-0.269588
90.4810,-8238,-21.567033,-0.269588
90.4910,-8238,-21.567033,-0.269588
90.5010,-8238,-21.567033,-0.269588
90.5110,-8238,-21.567033,-0.269588
90.5210,-8238,-21.567033,-0.269588
90.5310,-8238,-21.567033,-0.269588
90.5410,-8238,-21.567033,-0.269588
90.5510,-8238,-21.567033,-0.269588
90.5610,-8239,-21.569652,-0.269621
90.5710,-8239,-21.569652,-0.269621
90.5810,-8239,-21.569652,-0.269621
90.5910,-8240,-21.572271,-0.269653
90.6010,-8242,-21.577507,-0.269719
90.6110,-8244,-21.582742,-0.269784
90.6210,-8245,-21.585359,-0.269817
90.6310,-8246,-21.587976,-0.269850
90.6410,-8247,-21.590595,-0.269882
90.6510,-8249,-21.595830,-0.269948
90.6610,-8250,-21.598449,-0.269981
90.6710,-8251,-21.601068,-0.270013
90.6810,-8253,-21.606304,-0.270079
90.6910,-8254,-21.608922,-0.270112
90.7010,-8254,-21.608922,-0.270112
90.7110,-8255,-21.611539,-0.270144
90.7210,-8255,-21.611539,-0.270144
90.7310,-8255,-21.611539,-0.270144
90.7410,-8255,-21.611539,-0.270144
90.7510,-8255,-21.611539,-0.270144
90.7610,-8255,-21.611539,-0.270144
90.7710,-8256,-21.614158,-0.270177
90.7810,-8256,-21.614158,-0.270177
90.7910,-8256,-21.614158,-0.270177
90.8010,-8256,-21.614158,-0.270177
90.8110,-8257,-21.616775,-0.270210
90.8210,-8258,-21.619394,-0.270242
90.8310,-8259,-21.622013,-0.270275
90.8410,-8259,-21.622013,-0.270275
90.8510,-8259,-21.622013,-0.270275
90.8610,-8260,-21.624629,-0.270308
90.8710,-8260,-21.624629,-0.270308
90.8810,-8260,-21.624629,-0.270308
90.8910,-8260,-21.624629,-0.270308
90.9010,-8260,-21.624629,-0.270308
90.9110,-8260,-21.624629,-0.270308
90.9210,-8260,-21.624629,-0.270308
90.9310,-8260,-21.624629,-0.270308
90.9410,-8260,-21.624629,-0.270308
90.9510,-8260,-21.624629,-0.270308
90.9610,-8260,-21.624629,-0.270308
90.9720,-8261,-21.627248,-0.270341
90.9810,-8261,-21.627248,-0.270341
90.9910,-8261,-21.627248,-0.270341
91.0010,-8262,-21.629867,-0.270373
91.0110,-8262,-21.629867,-0.270373
91.0210,-8262,-21.629867,-0.270373
91.0310,-8262,-21.629867,-0.270373
91.0410,-8262,-21.629867,-0.270373
91.0510,-8262,-21.629867,-0.270373
91.0610,-8262,-21.629867,-0.270373
91.0710,-8262,-21.629867,-0.270373
91.0810,-8261,-21.627248,-0.270341
91.0910,-8262,-21.629867,-0.270373
91.1010,-8262,-21.629867,-0.270373
91.1110,-8262,-21.629867,-0.270373
91.1210,-8263,-21.632484,-0.270406
91.1310,-8263,-21.632484,-0.270406
91.1410,-8263,-21.632484,-0.270406
91.1510,-8264,-21.635103,-0.270439
91.1610,-8264,-21.635103,-0.270439
91.1710,-8264,-21.635103,-0.270439
91.1810,-8264,-21.635103,-0.270439
91.1910,-8264,-21.635103,-0.270439
91.2010,-8264,-21.635103,-0.270439
91.2110,-8264,-21.635103,-0.270439
91.2210,-8263,-21.632484,-0.270406
91.2310,-8264,-21.635103,-0.270439
91.2410,-8264,-21.635103,-0.270439
91.2510,-8264,-21.635103,-0.270439
91.2610,-8264,-21.635103,-0.270439
91.2710,-8265,-21.637720,-0.270472
91.2810,-8265,-21.637720,-0.270472
91.2910,-8265,-21.637720,-0.270472
91.3010,-8266,-21.640338,-0.270504
91.3110,-8266,-21.640338,-0.270504
91.3210,-8266,-21.640338,-0.270504
91.3310,-8266,-21.640338,-0.270504
91.3410,-8265,-21.637720,-0.270472
91.3510,-8265,-21.637720,-0.270472
91.3610,-8265,-21.637720,-0.270472
91.3710,-8265,-21.637720,-0.270472
91.3810,-8265,-21.637720,-0.270472
91.3910,-8266,-21.640338,-0.270504
91.4010,-8266,-21.640338,-0.270504
91.4110,-8266,-21.640338,-0.270504
91.4210,-8267,-21.642955,-0.270537
91.4310,-8267,-21.642955,-0.270537
91.4410,-8267,-21.642955,-0.270537
91.4510,-8267,-21.642955,-0.270537
91.4610,-8267,-21.642955,-0.270537
91.4710,-8267,-21.642955,-0.270537
91.4810,-8267,-21.642955,-0.270537
91.4910,-8267,-21.642955,-0.270537
91.5010,-8267,-21.642955,-0.270537
91.5110,-8267,-21.642955,-0.270537
91.5210,-8267,-21.642955,-0.270537
91.5310,-8268,-21.645572,-0.270570
91.5410,-8268,-21.645572,-0.270570
91.5510,-8269,-21.648191,-0.270602
91.5610,-8269,-21.648191,-0.270602
91.5710,-8270,-21.650810,-0.270635
91.5810,-8271,-21.653427,-0.270668
91.5910,-8272,-21.656045,-0.270701
91.6010,-8273,-21.658662,-0.270733
91.6120,-8273,-21.658662,-0.270733
91.6210,-8273,-21.658662,-0.270733
91.6310,-8274,-21.661281,-0.270766
91.6410,-8274,-21.661281,-0.270766
91.6510,-8275,-21.663900,-0.270799
91.6610,-8275,-21.663900,-0.270799
91.6710,-8276,-21.666517,-0.270831
91.6810,-8276,-21.666517,-0.270831
91.6910,-8277,-21.669136,-0.270864
91.7010,-8277,-21.669136,-0.270864
91.7110,-8278,-21.671754,-0.270897
91.7210,-8278,-21.671754,-0.270897
91.7310,-8278,-21.671754,-0.270897
91.7410,-8279,-21.674371,-0.270930
91.7510,-8279,-21.674371,-0.270930
91.7610,-8279,-21.674371,-0.270930
91.7710,-8279,-21.674371,-0.270930
91.7810,-8279,-21.674371,-0.270930
91.7910,-8280,-21.676990,-0.270962
91.8010,-8280,-21.676990,-0.270962
91.8110,-8281,-21.679607,-0.270995
91.8210,-8283,-21.684844,-0.271061
91.8310,-8285,-21.690080,-0.271126
91.8410,-8287,-21.695316,-0.271191
91.8510,-8289,-21.700551,-0.271257
91.8610,-8291,-21.705787,-0.271322
91.8710,-8292,-21.708404,-0.271355
91.8810,-8294,-21.713642,-0.271421
91.8910,-8295,-21.716259,-0.271453
91.9010,-8296,-21.718877,-0.271486
91.9110,-8296,-21.718877,-0.271486
91.9210,-8297,-21.721494,-0.271519
91.9310,-8299,-21.726732,-0.271584
91.9410,-8300,-21.729349,-0.271617
91.9510,-8300,-21.729349,-0.271617
91.9610,-8300,-21.729349,-0.271617
91.9710,-8301,-21.731967,-0.271650
91.9810,-8302,-21.734586,-0.271682
91.9910,-8303,-21.737203,-0.271715
92.0010,-8304,-21.739822,-0.271748
92.0110,-8305,-21.742439,-0.271780
92.0210,-8306,-21.745058,-0.271813
92.0310,-8306,-21.745058,-0.271813
92.0410,-8307,-21.747676,-0.271846
92.0510,-8307,-21.747676,-0.271846
92.0610,-8308,-21.750293,-0.271879
92.0710,-8308,-21.750293,-0.271879
92.0810,-8308,-21.750293,-0.271879
92.0910,-8309,-21.752912,-0.271911
92.1010,-8310,-21.755529,-0.271944
92.1110,-8310,-21.755529,-0.271944
92.1210,-8311,-21.758148,-0.271977
92.1310,-8312,-21.760765,-0.272010
92.1410,-8313,-21.763383,-0.272042
92.1510,-8314,-21.766000,-0.272075
92.1610,-8314,-21.766000,-0.272075
92.1710,-8315,-21.768619,-0.272108
92.1810,-8315,-21.768619,-0.272108
92.1910,-8315,-21.768619,-0.272108
92.2010,-8316,-21.771236,-0.272140
92.2110,-8318,-21.776473,-0.272206
92.2210,-8323,-21.789564,-0.272370
92.2310,-8329,-21.805273,-0.272566
92.2410,-8335,-21.820980,-0.272762
92.2520,-8344,-21.844541,-0.273057
92.2610,-8356,-21.875957,-0.273449
92.2710,-8369,-21.909992,-0.273875
92.2810,-8381,-21.941406,-0.274268
92.2910,-8393,-21.972824,-0.274660
92.3010,-8403,-21.999002,-0.274988
92.3110,-8413,-22.025182,-0.275315
92.3210,-8422,-22.048746,-0.275609
92.3310,-8430,-22.069688,-0.275871
92.3410,-8439,-22.093250,-0.276166
92.3510,-8446,-22.111577,-0.276395
92.3610,-8452,-22.127285,-0.276591
92.3710,-8458,-22.142992,-0.276787
92.3810,-8464,-22.158700,-0.276984
92.3910,-8470,-22.174409,-0.277180
92.4010,-8476,-22.190116,-0.277376
92.4110,-8483,-22.208442,-0.277606
92.4210,-8492,-22.232006,-0.277900
92.4310,-8503,-22.260803,-0.278260
92.4410,-8517,-22.297454,-0.278718
92.4510,-8532,-22.336725,-0.279209
92.4610,-8545,-22.370758,-0.279634
92.4710,-8556,-22.399557,-0.279994
92.4810,-8569,-22.433589,-0.280420
92.4910,-8583,-22.470243,-0.280878
92.5010,-8599,-22.512130,-0.281402
92.5110,-8617,-22.559253,-0.281991
92.5210,-8642,-22.624704,-0.282809
92.5310,-8673,-22.705862,-0.283823
92.5410,-8707,-22.794872,-0.284936
92.5510,-8738,-22.876031,-0.285950
92.5610,-8773,-22.967660,-0.287096
92.5710,-8813,-23.072380,-0.288405
92.5810,-8847,-23.161392,-0.289517
92.5910,-8877,-23.239933,-0.290499
92.6010,-8905,-23.313236,-0.291415
92.6110,-8939,-23.402248,-0.292528
92.6210,-8976,-23.499113,-0.293739
92.6310,-9014,-23.598598,-0.294983
92.6410,-9041,-23.669282,-0.295866
92.6510,-9069,-23.742586,-0.296782
92.6610,-9093,-23.805418,-0.297568
92.6710,-9113,-23.857778,-0.298222
92.6810,-9128,-23.897048,-0.298713
92.6910,-9142,-23.933700,-0.299171
92.7010,-9158,-23.975587,-0.299695
92.7110,-9175,-24.020095,-0.300251
92.7210,-9187,-24.051509,-0.300644
92.7310,-9195,-24.072454,-0.300906
92.7410,-9199,-24.082927,-0.301037
92.7510,-9200,-24.085544,-0.301069
92.7610,-9200,-24.085544,-0.301069
92.7710,-9199,-24.082927,-0.301037
92.7810,-9196,-24.075073,-0.300938
92.7910,-9194,-24.069837,-0.300873
92.8010,-9193,-24.067218,-0.300840
92.8110,-9192,-24.064599,-0.300808
92.8210,-9192,-24.064599,-0.300808
92.8310,-9192,-24.064599,-0.300808
92.8410,-9194,-24.069837,-0.300873
92.8510,-9196,-24.075073,-0.300938
92.8610,-9198,-24.080308,-0.301004
92.8710,-9201,-24.088161,-0.301102
92.8810,-9202,-24.090780,-0.301135
92.8920,-9204,-24.096015,-0.301200
92.9010,-9205,-24.098632,-0.301233
92.9110,-9205,-24.098632,-0.301233
92.9210,-9204,-24.096015,-0.301200
92.9310,-9204,-24.096015,-0.301200
92.9410,-9203,-24.093397,-0.301167
92.9510,-9202,-24.090780,-0.301135
92.9610,-9201,-24.088161,-0.301102
92.9710,-9201,-24.088161,-0.301102
92.9810,-9201,-24.088161,-0.301102
92.9910,-9202,-24.090780,-0.301135
93.0010,-9203,-24.093397,-0.301167
93.0110,-9204,-24.096015,-0.301200
93.0210,-9205,-24.098632,-0.301233
93.0310,-9206,-24.101251,-0.301266
93.0410,-9207,-24.103870,-0.301298
93.0510,-9208,-24.106487,-0.301331
93.0610,-9208,-24.106487,-0.301331
93.0710,-9207,-24.103870,-0.301298
93.0810,-9207,-24.103870,-0.301298
93.0910,-9207,-24.103870,-0.301298
93.1010,-9206,-24.101251,-0.301266
93.1110,-9206,-24.101251,-0.301266
93.1210,-9206,-24.101251,-0.301266
93.1310,-9206,-24.101251,-0.301266
93.1410,-9206,-24.101251,-0.301266
93.1510,-9207,-24.103870,-0.301298
93.1610,-9207,-24.103870,-0.301298
93.1710,-9208,-24.106487,-0.301331
93.1810,-9209,-24.109106,-0.301364
93.1910,-9210,-24.111724,-0.301397
93.2010,-9210,-24.111724,-0.301397
93.2110,-9210,-24.111724,-0.301397
93.2210,-9210,-24.111724,-0.301397
93.2310,-9210,-24.111724,-0.301397
93.2410,-9210,-24.111724,-0.301397
93.2510,-9210,-24.111724,-0.301397
93.2610,-9210,-24.111724,-0.301397
93.2710,-9210,-24.111724,-0.301397
93.2810,-9210,-24.111724,-0.301397
93.2910,-9210,-24.111724,-0.301397
93.3010,-9210,-24.111724,-0.301397
93.3110,-9211,-24.114341,-0.301429
93.3210,-9211,-24.114341,-0.301429
93.3310,-9212,-24.116960,-0.301462
93.3410,-9212,-24.116960,-0.301462
93.3510,-9212,-24.116960,-0.301462
93.3610,-9213,-24.119577,-0.301495
93.3710,-9213,-24.119577,-0.301495
93.3810,-9213,-24.119577,-0.301495
93.3910,-9213,-24.119577,-0.301495
93.4010,-9213,-24.119577,-0.301495
93.4110,-9213,-24.119577,-0.301495
93.4210,-9212,-24.116960,-0.301462
93.4310,-9212,-24.116960,-0.301462
93.4410,-9212,-24.116960,-0.301462
93.4510,-9213,-24.119577,-0.301495
93.4610,-9213,-24.119577,-0.301495
93.4710,-9214,-24.122196,-0.301527
93.4810,-9214,-24.122196,-0.301527
93.4910,-9215,-24.124814,-0.301560
93.5010,-9215,-24.124814,-0.301560
93.5110,-9215,-24.124814,-0.301560
93.5210,-9215,-24.124814,-0.301560
93.5320,-9215,-24.124814,-0.301560
93.5410,-9215,-24.124814,-0.301560
93.5510,-9215,-24.124814,-0.301560
93.5610,-9215,-24.124814,-0.301560
93.5710,-9215,-24.124814,-0.301560
93.5810,-9215,-24.124814,-0.301560
93.5910,-9215,-24.124814,-0.301560
93.6010,-9216,-24.127431,-0.301593
93.6110,-9216,-24.127431,-0.301593
93.6210,-9216,-24.127431,-0.301593
93.6310,-9217,-24.130050,-0.301626
93.6410,-9218,-24.132669,-0.301658
93.6510,-9218,-24.132669,-0.301658
93.6610,-9218,-24.132669,-0.301658
93.6710,-9218,-24.132669,-0.301658
93.6810,-9218,-24.132669,-0.301658
93.6910,-9218,-24.132669,-0.301658
93.7010,-9218,-24.132669,-0.301658
93.7110,-9218,-24.132669,-0.301658
93.7210,-9218,-24.132669,-0.301658
93.7310,-9219,-24.135286,-0.301691
93.7410,-9219,-24.135286,-0.301691
93.7510,-9220,-24.137905,-0.301724
93.7610,-9220,-24.137905,-0.301724
93.7710,-9221,-24.140522,-0.301757
93.7810,-9222,-24.143140,-0.301789
93.7910,-9222,-24.143140,-0.301789
93.8010,-9223,-24.145757,-0.301822
93.8110,-9223,-24.145757,-0.301822
93.8210,-9223,-24.145757,-0.301822
93.8310,-9223,-24.145757,-0.301822
93.8410,-9223,-24.145757,-0.301822
93.8510,-9223,-24.145757,-0.301822
93.8610,-9223,-24.145757,-0.301822
93.8710,-9224,-24.148376,-0.301855
93.8810,-9224,-24.148376,-0.301855
93.8910,-9224,-24.148376,-0.301855
93.9010,-9225,-24.150993,-0.301887
93.9110,-9226,-24.153612,-0.301920
93.9210,-9226,-24.153612,-0.301920
93.9310,-9227,-24.156229,-0.301953
93.9410,-9228,-24.158847,-0.301986
93.9510,-9229,-24.161466,-0.302018
93.9610,-9229,-24.161466,-0.302018
93.9710,-9230,-24.164083,-0.302051
93.9810,-9231,-24.166702,-0.302084
93.9910,-9231,-24.166702,-0.302084
94.0010,-9232,-24.169319,-0.302116
94.0110,-9233,-24.171937,-0.302149
94.0210,-9234,-24.174556,-0.302182
94.0310,-9235,-24.177173,-0.302215
94.0410,-9236,-24.179792,-0.302247
94.0510,-9237,-24.182411,-0.302280
94.0610,-9238,-24.185028,-0.302313
94.0710,-9238,-24.185028,-0.302313
94.0810,-9239,-24.187646,-0.302346
94.0910,-9240,-24.190263,-0.302378
94.1010,-9240,-24.190263,-0.302378
94.1110,-9240,-24.190263,-0.302378
94.1210,-9241,-24.192882,-0.302411
94.1310,-9241,-24.192882,-0.302411
94.1410,-9243,-24.198118,-0.302477
94.1510,-9244,-24.200736,-0.302509
94.1610,-9246,-24.205972,-0.302575
94.1720,-9247,-24.208589,-0.302607
94.1810,-9249,-24.213825,-0.302673
94.1910,-9251,-24.219060,-0.302738
94.2010,-9253,-24.224298,-0.302804
94.2110,-9255,-24.229534,-0.302869
94.2210,-9258,-24.237388,-0.302967
94.2310,-9263,-24.250478,-0.303131
94.2410,-9268,-24.263568,-0.303295
94.2510,-9273,-24.276657,-0.303458
94.2610,-9279,-24.292366,-0.303655
94.2710,-9285,-24.308074,-0.303851
94.2810,-9293,-24.329017,-0.304113
94.2910,-9299,-24.344724,-0.304309
94.3010,-9304,-24.357816,-0.304473
94.3110,-9308,-24.368288,-0.304604
94.3210,-9312,-24.378761,-0.304735
94.3310,-9314,-24.383995,-0.304800
94.3410,-9315,-24.386613,-0.304833
94.3510,-9315,-24.386613,-0.304833
94.3610,-9315,-24.386613,-0.304833
94.3710,-9313,-24.381378,-0.304767
94.3810,-9312,-24.378761,-0.304735
94.3910,-9310,-24.373523,-0.304669
94.4010,-9309,-24.370906,-0.304636
94.4110,-9308,-24.368288,-0.304604
94.4210,-9309,-24.370906,-0.304636
94.4310,-9310,-24.373523,-0.304669
94.4410,-9312,-24.378761,-0.304735
94.4510,-9314,-24.383995,-0.304800
94.4610,-9317,-24.391849,-0.304898
94.4710,-9319,-24.397085,-0.304964
94.4810,-9320,-24.399703,-0.304996
94.4910,-9321,-24.402320,-0.305029
94.5010,-9321,-24.402320,-0.305029
94.5110,-9321,-24.402320,-0.305029
94.5210,-9320,-24.399703,-0.304996
94.5310,-9319,-24.397085,-0.304964
94.5410,-9318,-24.394466,-0.304931
94.5510,-9317,-24.391849,-0.304898
94.5610,-9317,-24.391849,-0.304898
94.5710,-9318,-24.394466,-0.304931
94.5810,-9319,-24.397085,-0.304964
94.5910,-9320,-24.399703,-0.304996
94.6010,-9321,-24.402320,-0.305029
94.6110,-9322,-24.404939,-0.305062
94.6210,-9324,-24.410175,-0.305127
94.6310,-9325,-24.412794,-0.305160
94.6410,-9325,-24.412794,-0.305160
94.6510,-9326,-24.415410,-0.305193
94.6610,-9326,-24.415410,-0.305193
94.6710,-9325,-24.412794,-0.305160
94.6810,-9325,-24.412794,-0.305160
94.6910,-9324,-24.410175,-0.305127
94.7010,-9324,-24.410175,-0.305127
94.7110,-9324,-24.410175,-0.305127
94.7210,-9325,-24.412794,-0.305160
94.7310,-9325,-24.412794,-0.305160
94.7410,-9326,-24.415410,-0.305193
94.7510,-9328,-24.420648,-0.305258
94.7610,-9329,-24.423265,-0.305291
94.7710,-9329,-24.423265,-0.305291
94.7810,-9330,-24.425884,-0.305324
94.7910,-9331,-24.428501,-0.305356
94.8010,-9332,-24.431119,-0.305389
94.8120,-9332,-24.431119,-0.305389
94.8210,-9332,-24.431119,-0.305389
94.8310,-9332,-24.431119,-0.305389
94.8410,-9333,-24.433738,-0.305422
94.8510,-9334,-24.436355,-0.305454
94.8610,-9335,-24.438974,-0.305487
94.8710,-9336,-24.441591,-0.305520
94.8810,-9338,-24.446826,-0.305585
94.8910,-9339,-24.449445,-0.305618
94.9010,-9340,-24.452062,-0.305651
94.9110,-9342,-24.457298,-0.305716
94.9210,-9343,-24.459917,-0.305749
94.9310,-9344,-24.462535,-0.305782
94.9410,-9344,-24.462535,-0.305782
94.9510,-9345,-24.465152,-0.305814
94.9610,-9345,-24.465152,-0.305814
94.9710,-9346,-24.467771,-0.305847
94.9810,-9347,-24.470388,-0.305880
94.9910,-9347,-24.470388,-0.305880
95.0010,-9348,-24.473007,-0.305913
95.0110,-9349,-24.475625,-0.305945
95.0210,-9350,-24.478242,-0.305978
95.0310,-9350,-24.478242,-0.305978
95.0410,-9351,-24.480861,-0.306011
95.0510,-9352,-24.483480,-0.306044
95.0610,-9352,-24.483480,-0.306044
95.0710,-9352,-24.483480,-0.306044
95.0810,-9352,-24.483480,-0.306044
95.0910,-9352,-24.483480,-0.306044
95.1010,-9352,-24.483480,-0.306044
95.1110,-9352,-24.483480,-0.306044
95.1210,-9353,-24.486097,-0.306076
95.1310,-9353,-24.486097,-0.306076
95.1410,-9353,-24.486097,-0.306076
95.1510,-9354,-24.488716,-0.306109
95.1610,-9355,-24.491333,-0.306142
95.1710,-9355,-24.491333,-0.306142
95.1810,-9356,-24.493951,-0.306174
95.1910,-9356,-24.493951,-0.306174
95.2010,-9356,-24.493951,-0.306174
95.2110,-9357,-24.496570,-0.306207
95.2210,-9357,-24.496570,-0.306207
95.2310,-9357,-24.496570,-0.306207
95.2410,-9356,-24.493951,-0.306174
95.2510,-9357,-24.496570,-0.306207
95.2610,-9357,-24.496570,-0.306207
95.2710,-9357,-24.496570,-0.306207
95.2810,-9357,-24.496570,-0.306207
95.2910,-9357,-24.496570,-0.306207
95.3010,-9358,-24.499187,-0.306240
95.3110,-9358,-24.499187,-0.306240
95.3210,-9359,-24.501806,-0.306273
95.3310,-9359,-24.501806,-0.306273
95.3410,-9359,-24.501806,-0.306273
95.3510,-9359,-24.501806,-0.306273
95.3610,-9359,-24.501806,-0.306273
95.3710,-9359,-24.501806,-0.306273
95.3810,-9359,-24.501806,-0.306273
95.3910,-9359,-24.501806,-0.306273
95.4010,-9359,-24.501806,-0.306273
95.4110,-9359,-24.501806,-0.306273
95.4210,-9359,-24.501806,-0.306273
95.4310,-9360,-24.504423,-0.306305
95.4410,-9360,-24.504423,-0.306305
95.4520,-9361,-24.507041,-0.306338
95.4610,-9362,-24.509658,-0.306371
95.4710,-9362,-24.509658,-0.306371
95.4810,-9362,-24.509658,-0.306371
95.4910,-9363,-24.512275,-0.306403
95.5010,-9363,-24.512275,-0.306403
95.5110,-9363,-24.512275,-0.306403
95.5210,-9362,-24.509658,-0.306371
95.5310,-9363,-24.512275,-0.306403
95.5410,-9364,-24.514894,-0.306436
95.5510,-9364,-24.514894,-0.306436
95.5610,-9364,-24.514894,-0.306436
95.5710,-9365,-24.517513,-0.306469
95.5810,-9365,-24.517513,-0.306469
95.5910,-9366,-24.520130,-0.306502
95.6010,-9367,-24.522748,-0.306534
95.6110,-9367,-24.522748,-0.306534
95.6210,-9368,-24.525367,-0.306567
95.6310,-9368,-24.525367,-0.306567
95.6410,-9368,-24.525367,-0.306567
95.6510,-9368,-24.525367,-0.306567
95.6610,-9368,-24.525367,-0.306567
95.6710,-9369,-24.527984,-0.306600
95.6810,-9369,-24.527984,-0.306600
95.6910,-9370,-24.530603,-0.306633
95.7010,-9370,-24.530603,-0.306633
95.7110,-9371,-24.533220,-0.306665
95.7210,-9371,-24.533220,-0.306665
95.7310,-9372,-24.535839,-0.306698
95.7410,-9372,-24.535839,-0.306698
95.7510,-9372,-24.535839,-0.306698
95.7610,-9373,-24.538457,-0.306731
95.7710,-9373,-24.538457,-0.306731
95.7810,-9373,-24.538457,-0.306731
95.7910,-9373,-24.538457,-0.306731
95.8010,-9372,-24.535839,-0.306698
95.8110,-9373,-24.538457,-0.306731
95.8210,-9373,-24.538457,-0.306731
95.8310,-9373,-24.538457,-0.306731
95.8410,-9373,-24.538457,-0.306731
95.8510,-9374,-24.541074,-0.306763
95.8610,-9374,-24.541074,-0.306763
95.8710,-9375,-24.543693,-0.306796
95.8810,-9375,-24.543693,-0.306796
95.8910,-9375,-24.543693,-0.306796
95.9010,-9376,-24.546312,-0.306829
95.9110,-9376,-24.546312,-0.306829
95.9210,-9375,-24.543693,-0.306796
95.9310,-9375,-24.543693,-0.306796
95.9410,-9375,-24.543693,-0.306796
95.9510,-9375,-24.543693,-0.306796
95.9610,-9375,-24.543693,-0.306796
95.9710,-9375,-24.543693,-0.306796
95.9810,-9376,-24.546312,-0.306829
95.9910,-9376,-24.546312,-0.306829
96.0010,-9376,-24.546312,-0.306829
96.0110,-9377,-24.548929,-0.306862
96.0210,-9377,-24.548929,-0.306862
96.0310,-9378,-24.551548,-0.306894
96.0410,-9378,-24.551548,-0.306894
96.0510,-9378,-24.551548,-0.306894
96.0610,-9378,-24.551548,-0.306894
96.0710,-9377,-24.548929,-0.306862
96.0810,-9377,-24.548929,-0.306862
96.0920,-9378,-24.551548,-0.306894
96.1010,-9378,-24.551548,-0.306894
96.1110,-9378,-24.551548,-0.306894
96.1210,-9379,-24.554166,-0.306927
96.1310,-9379,-24.554166,-0.306927
96.1410,-9380,-24.556783,-0.306960
96.1510,-9380,-24.556783,-0.306960
96.1610,-9381,-24.559402,-0.306993
96.1710,-9381,-24.559402,-0.306993
96.1810,-9381,-24.559402,-0.306993
96.1910,-9381,-24.559402,-0.306993
96.2010,-9381,-24.559402,-0.306993
96.2110,-9381,-24.559402,-0.306993
96.2210,-9381,-24.559402,-0.306993
96.2310,-9383,-24.564638,-0.307058
96.2410,-9383,-24.564638,-0.307058
96.2510,-9384,-24.567255,-0.307091
96.2610,-9384,-24.567255,-0.307091
96.2710,-9385,-24.569871,-0.307123
96.2810,-9386,-24.572490,-0.307156
96.2910,-9387,-24.575109,-0.307189
96.3010,-9388,-24.577726,-0.307222
96.3110,-9388,-24.577726,-0.307222
96.3210,-9388,-24.577726,-0.307222
96.3310,-9388,-24.577726,-0.307222
96.3410,-9388,-24.577726,-0.307222
96.3510,-9389,-24.580345,-0.307254
96.3610,-9390,-24.582962,-0.307287
96.3710,-9391,-24.585580,-0.307320
96.3810,-9392,-24.588199,-0.307353
96.3910,-9394,-24.593435,-0.307418
96.4010,-9396,-24.598670,-0.307483
96.4110,-9400,-24.609144,-0.307614
96.4210,-9407,-24.627468,-0.307843
96.4310,-9418,-24.656267,-0.308203
96.4410,-9431,-24.690299,-0.308629
96.4510,-9444,-24.724334,-0.309054
96.4610,-9456,-24.755750,-0.309447
96.4710,-9468,-24.787166,-0.309840
96.4810,-9480,-24.818582,-0.310232
96.4910,-9495,-24.857852,-0.310723
96.5010,-9510,-24.897123,-0.311214
96.5110,-9523,-24.931156,-0.311639
96.5210,-9529,-24.946865,-0.311836
96.5310,-9533,-24.957336,-0.311967
96.5410,-9535,-24.962572,-0.312032
96.5510,-9535,-24.962572,-0.312032
96.5610,-9534,-24.959955,-0.311999
96.5710,-9531,-24.952100,-0.311901
96.5810,-9528,-24.944246,-0.311803
96.5910,-9524,-24.933773,-0.311672
96.6010,-9522,-24.928537,-0.311607
96.6110,-9520,-24.923301,-0.311541
96.6210,-9520,-24.923301,-0.311541
96.6310,-9521,-24.925920,-0.311574
96.6410,-9524,-24.933773,-0.311672
96.6510,-9526,-24.939010,-0.311738
96.6610,-9529,-24.946865,-0.311836
96.6710,-9532,-24.954717,-0.311934
96.6810,-9535,-24.962572,-0.312032
96.6910,-9536,-24.965190,-0.312065
96.7010,-9536,-24.965190,-0.312065
96.7110,-9536,-24.965190,-0.312065
96.7210,-9534,-24.959955,-0.311999
96.7320,-9532,-24.954717,-0.311934
96.7410,-9530,-24.949481,-0.311869
96.7510,-9528,-24.944246,-0.311803
96.7610,-9527,-24.941627,-0.311770
96.7710,-9527,-24.941627,-0.311770
96.7810,-9527,-24.941627,-0.311770
96.7910,-9528,-24.944246,-0.311803
96.8010,-9531,-24.952100,-0.311901
96.8110,-9532,-24.954717,-0.311934
96.8210,-9534,-24.959955,-0.311999
96.8310,-9536,-24.965190,-0.312065
96.8410,-9537,-24.967809,-0.312098
96.8510,-9537,-24.967809,-0.312098
96.8610,-9537,-24.967809,-0.312098
96.8710,-9537,-24.967809,-0.312098
96.8810,-9536,-24.965190,-0.312065
96.8910,-9534,-24.959955,-0.311999
96.9010,-9534,-24.959955,-0.311999
96.9110,-9533,-24.957336,-0.311967
96.9210,-9534,-24.959955,-0.311999
96.9310,-9534,-24.959955,-0.311999
96.9410,-9535,-24.962572,-0.312032
96.9510,-9536,-24.965190,-0.312065
96.9610,-9538,-24.970426,-0.312130
96.9710,-9539,-24.973045,-0.312163
96.9810,-9540,-24.975662,-0.312196
96.9910,-9540,-24.975662,-0.312196
97.0010,-9540,-24.975662,-0.312196
97.0110,-9540,-24.975662,-0.312196
97.0210,-9539,-24.973045,-0.312163
97.0310,-9538,-24.970426,-0.312130
97.0410,-9537,-24.967809,-0.312098
97.0510,-9537,-24.967809,-0.312098
97.0610,-9537,-24.967809,-0.312098
97.0710,-9537,-24.967809,-0.312098
97.0810,-9537,-24.967809,-0.312098
97.0910,-9538,-24.970426,-0.312130
97.1010,-9539,-24.973045,-0.312163
97.1110,-9540,-24.975662,-0.312196
97.1210,-9540,-24.975662,-0.312196
97.1310,-9541,-24.978281,-0.312229
97.1410,-9541,-24.978281,-0.312229
97.1510,-9541,-24.978281,-0.312229
97.1610,-9541,-24.978281,-0.312229
97.1710,-9540,-24.975662,-0.312196
97.1810,-9540,-24.975662,-0.312196
97.1910,-9539,-24.973045,-0.312163
97.2010,-9539,-24.973045,-0.312163
97.2110,-9539,-24.973045,-0.312163
97.2210,-9539,-24.973045,-0.312163
97.2310,-9540,-24.975662,-0.312196
97.2410,-9540,-24.975662,-0.312196
97.2510,-9541,-24.978281,-0.312229
97.2610,-9542,-24.980897,-0.312261
97.2710,-9542,-24.980897,-0.312261
97.2810,-9542,-24.980897,-0.312261
97.2910,-9542,-24.980897,-0.312261
97.3010,-9542,-24.980897,-0.312261
97.3110,-9542,-24.980897,-0.312261
97.3210,-9541,-24.978281,-0.312229
97.3310,-9541,-24.978281,-0.312229
97.3410,-9541,-24.978281,-0.312229
97.3510,-9541,-24.978281,-0.312229
97.3610,-9541,-24.978281,-0.312229
97.3720,-9541,-24.978281,-0.312229
97.3810,-9541,-24.978281,-0.312229
97.3910,-9542,-24.980897,-0.312261
97.4010,-9542,-24.980897,-0.312261
97.4110,-9543,-24.983516,-0.312294
97.4210,-9543,-24.983516,-0.312294
97.4310,-9543,-24.983516,-0.312294
97.4410,-9543,-24.983516,-0.312294
97.4510,-9542,-24.980897,-0.312261
97.4610,-9542,-24.980897,-0.312261
97.4710,-9542,-24.980897,-0.312261
97.4810,-9542,-24.980897,-0.312261
97.4910,-9542,-24.980897,-0.312261
97.5010,-9542,-24.980897,-0.312261
97.5110,-9542,-24.980897,-0.312261
97.5210,-9542,-24.980897,-0.312261
97.5310,-9543,-24.983516,-0.312294
97.5410,-9543,-24.983516,-0.312294
97.5510,-9543,-24.983516,-0.312294
97.5610,-9543,-24.983516,-0.312294
97.5710,-9543,-24.983516,-0.312294
97.5810,-9543,-24.983516,-0.312294
97.5910,-9543,-24.983516,-0.312294
97.6010,-9543,-24.983516,-0.312294
97.6110,-9543,-24.983516,-0.312294
97.6210,-9543,-24.983516,-0.312294
97.6310,-9543,-24.983516,-0.312294
97.6410,-9543,-24.983516,-0.312294
97.6510,-9543,-24.983516,-0.312294
97.6610,-9543,-24.983516,-0.312294
97.6710,-9544,-24.986133,-0.312327
97.6810,-9544,-24.986133,-0.312327
97.6910,-9544,-24.986133,-0.312327
97.7010,-9544,-24.986133,-0.312327
97.7110,-9544,-24.986133,-0.312327
97.7210,-9544,-24.986133,-0.312327
97.7310,-9544,-24.986133,-0.312327
97.7410,-9543,-24.983516,-0.312294
97.7510,-9544,-24.986133,-0.312327
97.7610,-9544,-24.986133,-0.312327
97.7710,-9544,-24.986133,-0.312327
97.7810,-9544,-24.986133,-0.312327
97.7910,-9544,-24.986133,-0.312327
97.8010,-9544,-24.986133,-0.312327
97.8110,-9545,-24.988752,-0.312359
97.8210,-9545,-24.988752,-0.312359
97.8310,-9545,-24.988752,-0.312359
97.8410,-9545,-24.988752,-0.312359
97.8510,-9545,-24.988752,-0.312359
97.8610,-9545,-24.988752,-0.312359
97.8710,-9545,-24.988752,-0.312359
97.8810,-9544,-24.986133,-0.312327
97.8910,-9544,-24.986133,-0.312327
97.9010,-9544,-24.986133,-0.312327
97.9110,-9544,-24.986133,-0.312327
97.9210,-9544,-24.986133,-0.312327
97.9310,-9544,-24.986133,-0.312327
97.9410,-9544,-24.986133,-0.312327
97.9510,-9545,-24.988752,-0.312359
97.9610,-9545,-24.988752,-0.312359
97.9710,-9545,-24.988752,-0.312359
97.9810,-9545,-24.988752,-0.312359
97.9910,-9546,-24.991369,-0.312392
98.0010,-9546,-24.991369,-0.312392
98.0120,-9546,-24.991369,-0.312392
98.0210,-9545,-24.988752,-0.312359
98.0310,-9546,-24.991369,-0.312392
98.0410,-9546,-24.991369,-0.312392
98.0510,-9546,-24.991369,-0.312392
98.0610,-9546,-24.991369,-0.312392
98.0710,-9546,-24.991369,-0.312392
98.0810,-9546,-24.991369,-0.312392
98.0910,-9546,-24.991369,-0.312392
98.1010,-9546,-24.991369,-0.312392
98.1110,-9546,-24.991369,-0.312392
98.1210,-9546,-24.991369,-0.312392
98.1310,-9546,-24.991369,-0.312392
98.1410,-9546,-24.991369,-0.312392
98.1510,-9546,-24.991369,-0.312392
98.1610,-9546,-24.991369,-0.312392
98.1710,-9546,-24.991369,-0.312392
98.1810,-9546,-24.991369,-0.312392
98.1910,-9546,-24.991369,-0.312392
98.2010,-9546,-24.991369,-0.312392
98.2110,-9546,-24.991369,-0.312392
98.2210,-9546,-24.991369,-0.312392
98.2310,-9547,-24.993988,-0.312425
98.2410,-9547,-24.993988,-0.312425
98.2510,-9547,-24.993988,-0.312425
98.2610,-9547,-24.993988,-0.312425
98.2710,-9547,-24.993988,-0.312425
98.2810,-9547,-24.993988,-0.312425
98.2910,-9547,-24.993988,-0.312425
98.3010,-9547,-24.993988,-0.312425
98.3110,-9547,-24.993988,-0.312425
98.3210,-9547,-24.993988,-0.312425
98.3310,-9547,-24.993988,-0.312425
98.3410,-9547,-24.993988,-0.312425
98.3510,-9547,-24.993988,-0.312425
98.3610,-9547,-24.993988,-0.312425
98.3710,-9547,-24.993988,-0.312425
98.3810,-9547,-24.993988,-0.312425
98.3910,-9547,-24.993988,-0.312425
98.4010,-9547,-24.993988,-0.312425
98.4110,-9547,-24.993988,-0.312425
98.4210,-9547,-24.993988,-0.312425
98.4310,-9547,-24.993988,-0.312425
98.4410,-9547,-24.993988,-0.312425
98.4510,-9547,-24.993988,-0.312425
98.4610,-9547,-24.993988,-0.312425
98.4710,-9548,-24.996604,-0.312458
98.4810,-9548,-24.996604,-0.312458
98.4910,-9548,-24.996604,-0.312458
98.5010,-9548,-24.996604,-0.312458
98.5110,-9548,-24.996604,-0.312458
98.5210,-9548,-24.996604,-0.312458
98.5310,-9548,-24.996604,-0.312458
98.5410,-9548,-24.996604,-0.312458
98.5510,-9548,-24.996604,-0.312458
98.5610,-9548,-24.996604,-0.312458
98.5710,-9548,-24.996604,-0.312458
98.5810,-9548,-24.996604,-0.312458
98.5910,-9549,-24.999223,-0.312490
98.6010,-9549,-24.999223,-0.312490
98.6110,-9550,-25.001842,-0.312523
98.6210,-9550,-25.001842,-0.312523
98.6310,-9550,-25.001842,-0.312523
98.6410,-9550,-25.001842,-0.312523
98.6520,-9550,-25.001842,-0.312523
98.6610,-9549,-24.999223,-0.312490
98.6710,-9549,-24.999223,-0.312490
98.6810,-9548,-24.996604,-0.312458
98.6910,-9548,-24.996604,-0.312458
98.7010,-9548,-24.996604,-0.312458
98.7110,-9548,-24.996604,-0.312458
98.7210,-9549,-24.999223,-0.312490
98.7310,-9549,-24.999223,-0.312490
98.7410,-9550,-25.001842,-0.312523
98.7510,-9550,-25.001842,-0.312523
98.7610,-9550,-25.001842,-0.312523
98.7710,-9550,-25.001842,-0.312523
98.7810,-9550,-25.001842,-0.312523
98.7910,-9550,-25.001842,-0.312523
98.8010,-9550,-25.001842,-0.312523
98.8110,-9549,-24.999223,-0.312490
98.8210,-9549,-24.999223,-0.312490
98.8310,-9549,-24.999223,-0.312490
98.8410,-9549,-24.999223,-0.312490
98.8510,-9549,-24.999223,-0.312490
98.8610,-9550,-25.001842,-0.312523
98.8710,-9550,-25.001842,-0.312523
98.8810,-9551,-25.004459,-0.312556
98.8910,-9551,-25.004459,-0.312556
98.9010,-9551,-25.004459,-0.312556
98.9110,-9551,-25.004459,-0.312556
98.9210,-9551,-25.004459,-0.312556
98.9310,-9551,-25.004459,-0.312556
98.9410,-9550,-25.001842,-0.312523
98.9510,-9550,-25.001842,-0.312523
98.9610,-9550,-25.001842,-0.312523
98.9710,-9550,-25.001842,-0.312523
98.9810,-9550,-25.001842,-0.312523
98.9910,-9550,-25.001842,-0.312523
99.0010,-9550,-25.001842,-0.312523
99.0110,-9551,-25.004459,-0.312556
99.0210,-9551,-25.004459,-0.312556
99.0310,-9551,-25.004459,-0.312556
99.0410,-9552,-25.007078,-0.312588
99.0510,-9552,-25.007078,-0.312588
99.0610,-9552,-25.007078,-0.312588
99.0710,-9551,-25.004459,-0.312556
99.0810,-9551,-25.004459,-0.312556
99.0910,-9551,-25.004459,-0.312556
99.1010,-9551,-25.004459,-0.312556
99.1110,-9550,-25.001842,-0.312523
99.1210,-9550,-25.001842,-0.312523
99.1310,-9551,-25.004459,-0.312556
99.1410,-9551,-25.004459,-0.312556
99.1510,-9552,-25.007078,-0.312588
99.1610,-9552,-25.007078,-0.312588
99.1710,-9552,-25.007078,-0.312588
99.1810,-9552,-25.007078,-0.312588
99.1910,-9552,-25.007078,-0.312588
99.2010,-9552,-25.007078,-0.312588
99.2110,-9552,-25.007078,-0.312588
99.2210,-9552,-25.007078,-0.312588
99.2310,-9552,-25.007078,-0.312588
99.2410,-9551,-25.004459,-0.312556
99.2510,-9551,-25.004459,-0.312556
99.2610,-9551,-25.004459,-0.312556
99.2710,-9551,-25.004459,-0.312556
99.2810,-9552,-25.007078,-0.312588
99.2920,-9552,-25.007078,-0.312588
99.3010,-9552,-25.007078,-0.312588
99.3110,-9552,-25.007078,-0.312588
99.3210,-9553,-25.009696,-0.312621
99.3310,-9553,-25.009696,-0.312621
99.3410,-9553,-25.009696,-0.312621
99.3510,-9553,-25.009696,-0.312621
99.3610,-9552,-25.007078,-0.312588
99.3710,-9552,-25.007078,-0.312588
99.3810,-9552,-25.007078,-0.312588
99.3910,-9552,-25.007078,-0.312588
99.4010,-9552,-25.007078,-0.312588
99.4110,-9552,-25.007078,-0.312588
99.4210,-9552,-25.007078,-0.312588
99.4310,-9552,-25.007078,-0.312588
99.4410,-9553,-25.009696,-0.312621
99.4510,-9553,-25.009696,-0.312621
99.4610,-9553,-25.009696,-0.312621
99.4710,-9553,-25.009696,-0.312621
99.4810,-9553,-25.009696,-0.312621
99.4910,-9553,-25.009696,-0.312621
99.5010,-9553,-25.009696,-0.312621
99.5110,-9553,-25.009696,-0.312621
99.5210,-9553,-25.009696,-0.312621
99.5310,-9553,-25.009696,-0.312621
99.5410,-9553,-25.009696,-0.312621
99.5510,-9553,-25.009696,-0.312621
99.5610,-9553,-25.009696,-0.312621
99.5710,-9553,-25.009696,-0.312621
99.5810,-9553,-25.009696,-0.312621
99.5910,-9553,-25.009696,-0.312621
99.6010,-9554,-25.012313,-0.312654
99.6110,-9554,-25.012313,-0.312654
99.6210,-9554,-25.012313,-0.312654
99.6310,-9554,-25.012313,-0.312654
99.6410,-9554,-25.012313,-0.312654
99.6510,-9554,-25.012313,-0.312654
99.6610,-9554,-25.012313,-0.312654
99.6710,-9553,-25.009696,-0.312621
99.6810,-9553,-25.009696,-0.312621
99.6910,-9554,-25.012313,-0.312654
99.7010,-9554,-25.012313,-0.312654
99.7110,-9554,-25.012313,-0.312654
99.7210,-9554,-25.012313,-0.312654
99.7310,-9554,-25.012313,-0.312654
99.7410,-9554,-25.012313,-0.312654
99.7510,-9554,-25.012313,-0.312654
99.7610,-9554,-25.012313,-0.312654
99.7710,-9554,-25.012313,-0.312654
99.7810,-9554,-25.012313,-0.312654
99.7910,-9554,-25.012313,-0.312654
99.8010,-9554,-25.012313,-0.312654
99.8110,-9554,-25.012313,-0.312654
99.8210,-9554,-25.012313,-0.312654
99.8310,-9554,-25.012313,-0.312654
99.8410,-9554,-25.012313,-0.312654
99.8510,-9554,-25.012313,-0.312654
99.8610,-9554,-25.012313,-0.312654
99.8710,-9555,-25.014932,-0.312687
99.8810,-9555,-25.014932,-0.312687
99.8910,-9555,-25.014932,-0.312687
99.9010,-9555,-25.014932,-0.312687
99.9110,-9555,-25.014932,-0.312687
99.9210,-9555,-25.014932,-0.312687
99.9320,-9555,-25.014932,-0.312687
99.9410,-9555,-25.014932,-0.312687
99.9510,-9555,-25.014932,-0.312687
99.9610,-9555,-25.014932,-0.312687
99.9710,-9555,-25.014932,-0.312687
99.9810,-9555,-25.014932,-0.312687
99.9910,-9555,-25.014932,-0.312687
100.0010,-9555,-25.014932,-0.312687
100.0110,-9555,-25.014932,-0.312687
100.0210,-9555,-25.014932,-0.312687
100.0310,-9556,-25.017549,-0.312719
100.0410,-9556,-25.017549,-0.312719
100.0510,-9556,-25.017549,-0.312719
100.0610,-9556,-25.017549,-0.312719
100.0710,-9556,-25.017549,-0.312719
100.0810,-9555,-25.014932,-0.312687
100.0910,-9555,-25.014932,-0.312687
100.1010,-9555,-25.014932,-0.312687
100.1110,-9555,-25.014932,-0.312687
100.1210,-9555,-25.014932,-0.312687
100.1310,-9556,-25.017549,-0.312719
100.1410,-9556,-25.017549,-0.312719
100.1510,-9556,-25.017549,-0.312719
100.1610,-9556,-25.017549,-0.312719
100.1710,-9556,-25.017549,-0.312719
100.1810,-9556,-25.017549,-0.312719
100.1910,-9556,-25.017549,-0.312719
100.2010,-9556,-25.017549,-0.312719
100.2110,-9556,-25.017549,-0.312719
100.2210,-9556,-25.017549,-0.312719
100.2310,-9556,-25.017549,-0.312719
100.2410,-9556,-25.017549,-0.312719
100.2510,-9556,-25.017549,-0.312719
100.2610,-9556,-25.017549,-0.312719
100.2710,-9556,-25.017549,-0.312719
100.2810,-9556,-25.017549,-0.312719
100.2910,-9557,-25.020168,-0.312752
100.3010,-9557,-25.020168,-0.312752
100.3110,-9557,-25.020168,-0.312752
100.3210,-9557,-25.020168,-0.312752
100.3310,-9557,-25.020168,-0.312752
100.3410,-9557,-25.020168,-0.312752
100.3510,-9557,-25.020168,-0.312752
100.3610,-9557,-25.020168,-0.312752
100.3710,-9557,-25.020168,-0.312752
100.3810,-9556,-25.017549,-0.312719
100.3910,-9557,-25.020168,-0.312752
100.4010,-9557,-25.020168,-0.312752
100.4110,-9557,-25.020168,-0.312752
100.4210,-9557,-25.020168,-0.312752
100.4310,-9557,-25.020168,-0.312752
100.4410,-9557,-25.020168,-0.312752
100.4510,-9558,-25.022787,-0.312785
100.4610,-9558,-25.022787,-0.312785
100.4710,-9558,-25.022787,-0.312785
100.4810,-9558,-25.022787,-0.312785
100.4910,-9557,-25.020168,-0.312752
100.5010,-9557,-25.020168,-0.312752
100.5110,-9557,-25.020168,-0.312752
100.5210,-9557,-25.020168,-0.312752
100.5310,-9557,-25.020168,-0.312752
100.5410,-9557,-25.020168,-0.312752
100.5510,-9557,-25.020168,-0.312752
100.5610,-9558,-25.022787,-0.312785
100.5720,-9558,-25.022787,-0.312785
100.5810,-9558,-25.022787,-0.312785
100.5910,-9558,-25.022787,-0.312785
100.6010,-9558,-25.022787,-0.312785
100.6110,-9558,-25.022787,-0.312785
100.6210,-9558,-25.022787,-0.312785
100.6310,-9558,-25.022787,-0.312785
100.6410,-9558,-25.022787,-0.312785
100.6510,-9558,-25.022787,-0.312785
100.6610,-9558,-25.022787,-0.312785
100.6710,-9558,-25.022787,-0.312785
100.6810,-9558,-25.022787,-0.312785
100.6910,-9558,-25.022787,-0.312785
100.7010,-9558,-25.022787,-0.312785
100.7110,-9559,-25.025403,-0.312818
100.7210,-9559,-25.025403,-0.312818
100.7310,-9559,-25.025403,-0.312818
100.7410,-9559,-25.025403,-0.312818
100.7510,-9559,-25.025403,-0.312818
100.7610,-9559,-25.025403,-0.312818
100.7710,-9559,-25.025403,-0.312818
100.7810,-9559,-25.025403,-0.312818
100.7910,-9558,-25.022787,-0.312785
100.8010,-9559,-25.025403,-0.312818
100.8110,-9559,-25.025403,-0.312818
100.8210,-9559,-25.025403,-0.312818
100.8310,-9559,-25.025403,-0.312818
100.8410,-9559,-25.025403,-0.312818
100.8510,-9559,-25.025403,-0.312818
100.8610,-9559,-25.025403,-0.312818
100.8710,-9559,-25.025403,-0.312818
100.8810,-9560,-25.028022,-0.312850
100.8910,-9560,-25.028022,-0.312850
100.9010,-9560,-25.028022,-0.312850
100.9110,-9559,-25.025403,-0.312818
100.9210,-9559,-25.025403,-0.312818
100.9310,-9559,-25.025403,-0.312818
100.9410,-9559,-25.025403,-0.312818
100.9510,-9559,-25.025403,-0.312818
100.9610,-9560,-25.028022,-0.312850
100.9710,-9560,-25.028022,-0.312850
100.9810,-9560,-25.028022,-0.312850
100.9910,-9560,-25.028022,-0.312850
101.0010,-9560,-25.028022,-0.312850
101.0110,-9560,-25.028022,-0.312850
101.0210,-9560,-25.028022,-0.312850
101.0310,-9560,-25.028022,-0.312850
101.0410,-9560,-25.028022,-0.312850
101.0510,-9560,-25.028022,-0.312850
101.0610,-9560,-25.028022,-0.312850
101.0710,-9560,-25.028022,-0.312850
101.0810,-9560,-25.028022,-0.312850
101.0910,-9560,-25.028022,-0.312850
101.1010,-9561,-25.030641,-0.312883
101.1110,-9561,-25.030641,-0.312883
101.1210,-9561,-25.030641,-0.312883
101.1310,-9562,-25.033258,-0.312916
101.1410,-9562,-25.033258,-0.312916
101.1510,-9562,-25.033258,-0.312916
101.1610,-9562,-25.033258,-0.312916
101.1710,-9562,-25.033258,-0.312916
101.1810,-9562,-25.033258,-0.312916
101.1910,-9562,-25.033258,-0.312916
101.2010,-9562,-25.033258,-0.312916
101.2120,-9562,-25.033258,-0.312916
101.2210,-9562,-25.033258,-0.312916
101.2310,-9562,-25.033258,-0.312916
101.2410,-9562,-25.033258,-0.312916
101.2510,-9563,-25.035877,-0.312948
101.2610,-9563,-25.035877,-0.312948
101.2710,-9563,-25.035877,-0.312948
101.2810,-9564,-25.038494,-0.312981
101.2910,-9564,-25.038494,-0.312981
101.3010,-9564,-25.038494,-0.312981
101.3110,-9564,-25.038494,-0.312981
101.3210,-9564,-25.038494,-0.312981
101.3310,-9564,-25.038494,-0.312981
101.3410,-9563,-25.035877,-0.312948
101.3510,-9563,-25.035877,-0.312948
101.3610,-9564,-25.038494,-0.312981
101.3710,-9564,-25.038494,-0.312981
101.3810,-9564,-25.038494,-0.312981
101.3910,-9564,-25.038494,-0.312981
101.4010,-9565,-25.041112,-0.313014
101.4110,-9565,-25.041112,-0.313014
101.4210,-9565,-25.041112,-0.313014
101.4310,-9565,-25.041112,-0.313014
101.4410,-9565,-25.041112,-0.313014
101.4510,-9565,-25.041112,-0.313014
101.4610,-9565,-25.041112,-0.313014
101.4710,-9565,-25.041112,-0.313014
101.4810,-9565,-25.041112,-0.313014
101.4910,-9565,-25.041112,-0.313014
101.5010,-9565,-25.041112,-0.313014
101.5110,-9565,-25.041112,-0.313014
101.5210,-9565,-25.041112,-0.313014
101.5310,-9566,-25.043729,-0.313047
101.5410,-9566,-25.043729,-0.313047
101.5510,-9566,-25.043729,-0.313047
101.5610,-9567,-25.046348,-0.313079
101.5710,-9567,-25.046348,-0.313079
101.5810,-9567,-25.046348,-0.313079
101.5910,-9567,-25.046348,-0.313079
101.6010,-9567,-25.046348,-0.313079
101.6110,-9567,-25.046348,-0.313079
101.6210,-9566,-25.043729,-0.313047
101.6310,-9566,-25.043729,-0.313047
101.6410,-9566,-25.043729,-0.313047
101.6510,-9566,-25.043729,-0.313047
101.6610,-9567,-25.046348,-0.313079
101.6710,-9567,-25.046348,-0.313079
101.6810,-9567,-25.046348,-0.313079
101.6910,-9567,-25.046348,-0.313079
101.7010,-9568,-25.048965,-0.313112
101.7110,-9568,-25.048965,-0.313112
101.7210,-9568,-25.048965,-0.313112
101.7310,-9568,-25.048965,-0.313112
101.7410,-9568,-25.048965,-0.313112
101.7510,-9568,-25.048965,-0.313112
101.7610,-9568,-25.048965,-0.313112
101.7710,-9568,-25.048965,-0.313112
101.7810,-9568,-25.048965,-0.313112
101.7910,-9568,-25.048965,-0.313112
101.8010,-9568,-25.048965,-0.313112
101.8110,-9568,-25.048965,-0.313112
101.8210,-9569,-25.051584,-0.313145
101.8310,-9569,-25.051584,-0.313145
101.8410,-9569,-25.051584,-0.313145
101.8520,-9570,-25.054201,-0.313178
101.8610,-9570,-25.054201,-0.313178
101.8710,-9570,-25.054201,-0.313178
101.8810,-9570,-25.054201,-0.313178
101.8910,-9570,-25.054201,-0.313178
101.9010,-9569,-25.051584,-0.313145
101.9110,-9570,-25.054201,-0.313178
101.9210,-9570,-25.054201,-0.313178
101.9310,-9570,-25.054201,-0.313178
101.9410,-9570,-25.054201,-0.313178
101.9510,-9571,-25.056819,-0.313210
101.9610,-9571,-25.056819,-0.313210
101.9710,-9572,-25.059436,-0.313243
101.9810,-9572,-25.059436,-0.313243
101.9910,-9572,-25.059436,-0.313243
102.0010,-9572,-25.059436,-0.313243
102.0110,-9572,-25.059436,-0.313243
102.0210,-9572,-25.059436,-0.313243
102.0310,-9572,-25.059436,-0.313243
102.0410,-9572,-25.059436,-0.313243
102.0510,-9572,-25.059436,-0.313243
102.0610,-9572,-25.059436,-0.313243
102.0710,-9572,-25.059436,-0.313243
102.0810,-9572,-25.059436,-0.313243
102.0910,-9573,-25.062055,-0.313276
102.1010,-9573,-25.062055,-0.313276
102.1110,-9574,-25.064674,-0.313308
102.1210,-9574,-25.064674,-0.313308
102.1310,-9574,-25.064674,-0.313308
102.1410,-9574,-25.064674,-0.313308
102.1510,-9574,-25.064674,-0.313308
102.1610,-9574,-25.064674,-0.313308
102.1710,-9574,-25.064674,-0.313308
102.1810,-9574,-25.064674,-0.313308
102.1910,-9574,-25.064674,-0.313308
102.2010,-9574,-25.064674,-0.313308
102.2110,-9574,-25.064674,-0.313308
102.2210,-9574,-25.064674,-0.313308
102.2310,-9575,-25.067291,-0.313341
102.2410,-9575,-25.067291,-0.313341
102.2510,-9575,-25.067291,-0.313341
102.2610,-9576,-25.069910,-0.313374
102.2710,-9576,-25.069910,-0.313374
102.2810,-9576,-25.069910,-0.313374
102.2910,-9576,-25.069910,-0.313374
102.3010,-9576,-25.069910,-0.313374
102.3110,-9576,-25.069910,-0.313374
102.3210,-9575,-25.067291,-0.313341
102.3310,-9575,-25.067291,-0.313341
102.3410,-9575,-25.067291,-0.313341
102.3510,-9575,-25.067291,-0.313341
102.3610,-9576,-25.069910,-0.313374
102.3710,-9576,-25.069910,-0.313374
102.3810,-9576,-25.069910,-0.313374
102.3910,-9576,-25.069910,-0.313374
102.4010,-9577,-25.072528,-0.313407
102.4110,-9577,-25.072528,-0.313407
102.4210,-9577,-25.072528,-0.313407
102.4310,-9577,-25.072528,-0.313407
102.4410,-9576,-25.069910,-0.313374
102.4510,-9576,-25.069910,-0.313374
102.4610,-9576,-25.069910,-0.313374
102.4710,-9576,-25.069910,-0.313374
102.4810,-9576,-25.069910,-0.313374
102.4920,-9576,-25.069910,-0.313374
102.5010,-9576,-25.069910,-0.313374
102.5110,-9577,-25.072528,-0.313407
102.5210,-9577,-25.072528,-0.313407
102.5310,-9577,-25.072528,-0.313407
102.5410,-9577,-25.072528,-0.313407
102.5510,-9578,-25.075145,-0.313439
102.5610,-9578,-25.075145,-0.313439
102.5710,-9577,-25.072528,-0.313407
102.5810,-9577,-25.072528,-0.313407
102.5910,-9577,-25.072528,-0.313407
102.6010,-9577,-25.072528,-0.313407
102.6110,-9577,-25.072528,-0.313407
102.6210,-9577,-25.072528,-0.313407
102.6310,-9577,-25.072528,-0.313407
102.6410,-9577,-25.072528,-0.313407
102.6510,-9578,-25.075145,-0.313439
102.6610,-9578,-25.075145,-0.313439
102.6710,-9578,-25.075145,-0.313439
102.6810,-9578,-25.075145,-0.313439
102.6910,-9578,-25.075145,-0.313439
102.7010,-9578,-25.075145,-0.313439
102.7110,-9578,-25.075145,-0.313439
102.7210,-9578,-25.075145,-0.313439
102.7310,-9578,-25.075145,-0.313439
102.7410,-9578,-25.075145,-0.313439
102.7510,-9578,-25.075145,-0.313439
102.7610,-9578,-25.075145,-0.313439
102.7710,-9578,-25.075145,-0.313439
102.7810,-9578,-25.075145,-0.313439
102.7910,-9578,-25.075145,-0.313439
102.8010,-9578,-25.075145,-0.313439
102.8110,-9579,-25.077764,-0.313472
102.8210,-9579,-25.077764,-0.313472
102.8310,-9579,-25.077764,-0.313472
102.8410,-9579,-25.077764,-0.313472
102.8510,-9579,-25.077764,-0.313472
102.8610,-9579,-25.077764,-0.313472
102.8710,-9578,-25.075145,-0.313439
102.8810,-9578,-25.075145,-0.313439
102.8910,-9579,-25.077764,-0.313472
102.9010,-9579,-25.077764,-0.313472
102.9110,-9579,-25.077764,-0.313472
102.9210,-9579,-25.077764,-0.313472
102.9310,-9579,-25.077764,-0.313472
102.9410,-9580,-25.080381,-0.313505
102.9510,-9580,-25.080381,-0.313505
102.9610,-9580,-25.080381,-0.313505
102.9710,-9580,-25.080381,-0.313505
102.9810,-9580,-25.080381,-0.313505
102.9910,-9580,-25.080381,-0.313505
103.0010,-9580,-25.080381,-0.313505
103.0110,-9580,-25.080381,-0.313505
103.0210,-9580,-25.080381,-0.313505
103.0310,-9580,-25.080381,-0.313505
103.0410,-9580,-25.080381,-0.313505
103.0510,-9580,-25.080381,-0.313505
103.0610,-9580,-25.080381,-0.313505
103.0710,-9580,-25.080381,-0.313505
103.0810,-9581,-25.083000,-0.313538
103.0910,-9581,-25.083000,-0.313538
103.1010,-9581,-25.083000,-0.313538
103.1110,-9581,-25.083000,-0.313538
103.1210,-9581,-25.083000,-0.313538
103.1320,-9581,-25.083000,-0.313538
103.1410,-9581,-25.083000,-0.313538
103.1510,-9580,-25.080381,-0.313505
103.1610,-9581,-25.083000,-0.313538
103.1710,-9581,-25.083000,-0.313538
103.1810,-9581,-25.083000,-0.313538
103.1910,-9581,-25.083000,-0.313538
103.2010,-9581,-25.083000,-0.313538
103.2110,-9581,-25.083000,-0.313538
103.2210,-9581,-25.083000,-0.313538
103.2310,-9582,-25.085618,-0.313570
103.2410,-9582,-25.085618,-0.313570
103.2510,-9582,-25.085618,-0.313570
103.2610,-9582,-25.085618,-0.313570
103.2710,-9581,-25.083000,-0.313538
103.2810,-9581,-25.083000,-0.313538
103.2910,-9581,-25.083000,-0.313538
103.3010,-9581,-25.083000,-0.313538
103.3110,-9581,-25.083000,-0.313538
103.3210,-9581,-25.083000,-0.313538
103.3310,-9581,-25.083000,-0.313538
103.3410,-9582,-25.085618,-0.313570
103.3510,-9582,-25.085618,-0.313570
103.3610,-9582,-25.085618,-0.313570
103.3710,-9582,-25.085618,-0.313570
103.3810,-9582,-25.085618,-0.313570
103.3910,-9582,-25.085618,-0.313570
103.4010,-9582,-25.085618,-0.313570
103.4110,-9582,-25.085618,-0.313570
103.4210,-9582,-25.085618,-0.313570
103.4310,-9582,-25.085618,-0.313570
103.4410,-9582,-25.085618,-0.313570
103.4510,-9582,-25.085618,-0.313570
103.4610,-9582,-25.085618,-0.313570
103.4710,-9582,-25.085618,-0.313570
103.4810,-9582,-25.085618,-0.313570
103.4910,-9582,-25.085618,-0.313570
103.5010,-9583,-25.088235,-0.313603
103.5110,-9583,-25.088235,-0.313603
103.5210,-9583,-25.088235,-0.313603
103.5310,-9583,-25.088235,-0.313603
103.5410,-9583,-25.088235,-0.313603
103.5510,-9583,-25.088235,-0.313603
103.5610,-9583,-25.088235,-0.313603
103.5710,-9582,-25.085618,-0.313570
103.5810,-9583,-25.088235,-0.313603
103.5910,-9583,-25.088235,-0.313603
103.6010,-9583,-25.088235,-0.313603
103.6110,-9583,-25.088235,-0.313603
103.6210,-9583,-25.088235,-0.313603
103.6310,-9583,-25.088235,-0.313603
103.6410,-9583,-25.088235,-0.313603
103.6510,-9583,-25.088235,-0.313603
103.6610,-9583,-25.088235,-0.313603
103.6710,-9583,-25.088235,-0.313603
103.6810,-9583,-25.088235,-0.313603
103.6910,-9583,-25.088235,-0.313603
103.7010,-9583,-25.088235,-0.313603
103.7110,-9583,-25.088235,-0.313603
103.7210,-9583,-25.088235,-0.313603
103.7310,-9583,-25.088235,-0.313603
103.7410,-9583,-25.088235,-0.313603
103.7510,-9583,-25.088235,-0.313603
103.7610,-9584,-25.090854,-0.313636
103.7720,-9584,-25.090854,-0.313636
103.7810,-9584,-25.090854,-0.313636
103.7910,-9584,-25.090854,-0.313636
103.8010,-9584,-25.090854,-0.313636
103.8110,-9584,-25.090854,-0.313636
103.8210,-9584,-25.090854,-0.313636
103.8310,-9584,-25.090854,-0.313636
103.8410,-9584,-25.090854,-0.313636
103.8510,-9584,-25.090854,-0.313636
103.8610,-9584,-25.090854,-0.313636
103.8710,-9584,-25.090854,-0.313636
103.8810,-9584,-25.090854,-0.313636
103.8910,-9584,-25.090854,-0.313636
103.9010,-9584,-25.090854,-0.313636
103.9110,-9584,-25.090854,-0.313636
103.9210,-9584,-25.090854,-0.313636
103.9310,-9584,-25.090854,-0.313636
103.9410,-9584,-25.090854,-0.313636
103.9510,-9584,-25.090854,-0.313636
103.9610,-9584,-25.090854,-0.313636
103.9710,-9584,-25.090854,-0.313636
103.9810,-9584,-25.090854,-0.313636
103.9910,-9584,-25.090854,-0.313636
104.0010,-9584,-25.090854,-0.313636
104.0110,-9584,-25.090854,-0.313636
104.0210,-9584,-25.090854,-0.313636
104.0310,-9584,-25.090854,-0.313636
104.0410,-9585,-25.093473,-0.313668
104.0510,-9585,-25.093473,-0.313668
104.0610,-9585,-25.093473,-0.313668
104.0710,-9585,-25.093473,-0.313668
104.0810,-9585,-25.093473,-0.313668
104.0910,-9585,-25.093473,-0.313668
104.1010,-9585,-25.093473,-0.313668
104.1110,-9585,-25.093473,-0.313668
104.1210,-9584,-25.090854,-0.313636
104.1310,-9585,-25.093473,-0.313668
104.1410,-9585,-25.093473,-0.313668
104.1510,-9585,-25.093473,-0.313668
104.1610,-9585,-25.093473,-0.313668
104.1710,-9585,-25.093473,-0.313668
104.1810,-9585,-25.093473,-0.313668
104.1910,-9585,-25.093473,-0.313668
104.2010,-9585,-25.093473,-0.313668
104.2110,-9585,-25.093473,-0.313668
104.2210,-9585,-25.093473,-0.313668
104.2310,-9585,-25.093473,-0.313668
104.2410,-9585,-25.093473,-0.313668
104.2510,-9585,-25.093473,-0.313668
104.2610,-9585,-25.093473,-0.313668
104.2710,-9585,-25.093473,-0.313668
104.2810,-9585,-25.093473,-0.313668
104.2910,-9585,-25.093473,-0.313668
104.3010,-9585,-25.093473,-0.313668
104.3110,-9585,-25.093473,-0.313668
104.3210,-9585,-25.093473,-0.313668
104.3310,-9586,-25.096090,-0.313701
104.3410,-9586,-25.096090,-0.313701
104.3510,-9586,-25.096090,-0.313701
104.3610,-9586,-25.096090,-0.313701
104.3710,-9586,-25.096090,-0.313701
104.3810,-9585,-25.093473,-0.313668
104.3910,-9585,-25.093473,-0.313668
104.4010,-9585,-25.093473,-0.313668
104.4120,-9585,-25.093473,-0.313668
104.4210,-9585,-25.093473,-0.313668
104.4310,-9585,-25.093473,-0.313668
104.4410,-9586,-25.096090,-0.313701
104.4510,-9586,-25.096090,-0.313701
104.4610,-9586,-25.096090,-0.313701
104.4710,-9586,-25.096090,-0.313701
104.4810,-9586,-25.096090,-0.313701
104.4910,-9586,-25.096090,-0.313701
104.5010,-9586,-25.096090,-0.313701
104.5110,-9586,-25.096090,-0.313701
104.5210,-9586,-25.096090,-0.313701
104.5310,-9586,-25.096090,-0.313701
104.5410,-9586,-25.096090,-0.313701
104.5510,-9586,-25.096090,-0.313701
104.5610,-9586,-25.096090,-0.313701
104.5710,-9586,-25.096090,-0.313701
104.5810,-9586,-25.096090,-0.313701
104.5910,-9586,-25.096090,-0.313701
104.6010,-9586,-25.096090,-0.313701
104.6110,-9586,-25.096090,-0.313701
104.6210,-9586,-25.096090,-0.313701
104.6310,-9586,-25.096090,-0.313701
104.6410,-9586,-25.096090,-0.313701
104.6510,-9586,-25.096090,-0.313701
104.6610,-9586,-25.096090,-0.313701
104.6710,-9586,-25.096090,-0.313701
104.6810,-9586,-25.096090,-0.313701
104.6910,-9586,-25.096090,-0.313701
104.7010,-9586,-25.096090,-0.313701
104.7110,-9586,-25.096090,-0.313701
104.7210,-9586,-25.096090,-0.313701
104.7310,-9587,-25.098709,-0.313734
104.7410,-9587,-25.098709,-0.313734
104.7510,-9587,-25.098709,-0.313734
104.7610,-9587,-25.098709,-0.313734
104.7710,-9587,-25.098709,-0.313734
104.7810,-9587,-25.098709,-0.313734
104.7910,-9587,-25.098709,-0.313734
104.8010,-9587,-25.098709,-0.313734
104.8110,-9587,-25.098709,-0.313734
104.8210,-9586,-25.096090,-0.313701
104.8310,-9587,-25.098709,-0.313734
104.8410,-9587,-25.098709,-0.313734
104.8510,-9587,-25.098709,-0.313734
104.8610,-9587,-25.098709,-0.313734
104.8710,-9587,-25.098709,-0.313734
104.8810,-9587,-25.098709,-0.313734
104.8910,-9588,-25.101325,-0.313767
104.9010,-9588,-25.101325,-0.313767
104.9110,-9590,-25.106561,-0.313832
104.9210,-9591,-25.109178,-0.313865
104.9310,-9592,-25.111797,-0.313897
104.9410,-9592,-25.111797,-0.313897
104.9510,-9593,-25.114416,-0.313930
104.9610,-9594,-25.117033,-0.313963
104.9710,-9596,-25.122268,-0.314028
104.9810,-9596,-25.122268,-0.314028
104.9910,-9597,-25.124887,-0.314061
105.0010,-9597,-25.124887,-0.314061
105.0110,-9598,-25.127506,-0.314094
105.0210,-9598,-25.127506,-0.314094
105.0310,-9598,-25.127506,-0.314094
105.0410,-9598,-25.127506,-0.314094
105.0520,-9597,-25.124887,-0.314061
105.0610,-9597,-25.124887,-0.314061
105.0710,-9597,-25.124887,-0.314061
105.0810,-9597,-25.124887,-0.314061
105.0910,-9597,-25.124887,-0.314061
105.1010,-9598,-25.127506,-0.314094
105.1110,-9598,-25.127506,-0.314094
105.1210,-9599,-25.130123,-0.314127
105.1310,-9600,-25.132741,-0.314159
105.1410,-9600,-25.132741,-0.314159
105.1510,-9601,-25.135360,-0.314192
105.1610,-9601,-25.135360,-0.314192
105.1710,-9601,-25.135360,-0.314192
105.1810,-9601,-25.135360,-0.314192
105.1910,-9601,-25.135360,-0.314192
105.2010,-9601,-25.135360,-0.314192
105.2110,-9601,-25.135360,-0.314192
105.2210,-9601,-25.135360,-0.314192
105.2310,-9600,-25.132741,-0.314159
105.2410,-9601,-25.135360,-0.314192
105.2510,-9601,-25.135360,-0.314192
105.2610,-9602,-25.137979,-0.314225
105.2710,-9602,-25.137979,-0.314225
105.2810,-9603,-25.140594,-0.314257
105.2910,-9603,-25.140594,-0.314257
105.3010,-9603,-25.140594,-0.314257
105.3110,-9604,-25.143213,-0.314290
105.3210,-9604,-25.143213,-0.314290
105.3310,-9604,-25.143213,-0.314290
105.3410,-9604,-25.143213,-0.314290
105.3510,-9603,-25.140594,-0.314257
105.3610,-9603,-25.140594,-0.314257
105.3710,-9603,-25.140594,-0.314257
105.3810,-9603,-25.140594,-0.314257
105.3910,-9603,-25.140594,-0.314257
105.4010,-9604,-25.143213,-0.314290
105.4110,-9604,-25.143213,-0.314290
105.4210,-9604,-25.143213,-0.314290
105.4310,-9605,-25.145832,-0.314323
105.4410,-9605,-25.145832,-0.314323
105.4510,-9605,-25.145832,-0.314323
105.4610,-9605,-25.145832,-0.314323
105.4710,-9605,-25.145832,-0.314323
105.4810,-9605,-25.145832,-0.314323
105.4910,-9605,-25.145832,-0.314323
105.5010,-9605,-25.145832,-0.314323
105.5110,-9605,-25.145832,-0.314323
105.5210,-9605,-25.145832,-0.314323
105.5310,-9605,-25.145832,-0.314323
105.5410,-9605,-25.145832,-0.314323
105.5510,-9605,-25.145832,-0.314323
105.5610,-9606,-25.148450,-0.314356
105.5710,-9606,-25.148450,-0.314356
105.5810,-9606,-25.148450,-0.314356
105.5910,-9607,-25.151069,-0.314388
105.6010,-9607,-25.151069,-0.314388
105.6110,-9607,-25.151069,-0.314388
105.6210,-9607,-25.151069,-0.314388
105.6310,-9606,-25.148450,-0.314356
105.6410,-9606,-25.148450,-0.314356
105.6510,-9606,-25.148450,-0.314356
105.6610,-9606,-25.148450,-0.314356
105.6710,-9606,-25.148450,-0.314356
105.6810,-9606,-25.148450,-0.314356
105.6920,-9606,-25.148450,-0.314356
105.7010,-9607,-25.151069,-0.314388
105.7110,-9607,-25.151069,-0.314388
105.7210,-9607,-25.151069,-0.314388
105.7310,-9608,-25.153686,-0.314421
105.7410,-9608,-25.153686,-0.314421
105.7510,-9608,-25.153686,-0.314421
105.7610,-9608,-25.153686,-0.314421
105.7710,-9607,-25.151069,-0.314388
105.7810,-9607,-25.151069,-0.314388
105.7910,-9607,-25.151069,-0.314388
105.8010,-9607,-25.151069,-0.314388
105.8110,-9607,-25.151069,-0.314388
105.8210,-9607,-25.151069,-0.314388
105.8310,-9607,-25.151069,-0.314388
105.8410,-9608,-25.153686,-0.314421
105.8510,-9608,-25.153686,-0.314421
105.8610,-9608,-25.153686,-0.314421
105.8710,-9608,-25.153686,-0.314421
105.8810,-9608,-25.153686,-0.314421
105.8910,-9608,-25.153686,-0.314421
105.9010,-9608,-25.153686,-0.314421
105.9110,-9608,-25.153686,-0.314421
105.9210,-9608,-25.153686,-0.314421
105.9310,-9608,-25.153686,-0.314421
105.9410,-9608,-25.153686,-0.314421
105.9510,-9608,-25.153686,-0.314421
105.9610,-9608,-25.153686,-0.314421
105.9710,-9608,-25.153686,-0.314421
105.9810,-9608,-25.153686,-0.314421
105.9910,-9609,-25.156303,-0.314454
106.0010,-9609,-25.156303,-0.314454
106.0110,-9609,-25.156303,-0.314454
106.0210,-9609,-25.156303,-0.314454
106.0310,-9609,-25.156303,-0.314454
106.0410,-9609,-25.156303,-0.314454
106.0510,-9609,-25.156303,-0.314454
106.0610,-9609,-25.156303,-0.314454
106.0710,-9609,-25.156303,-0.314454
106.0810,-9609,-25.156303,-0.314454
106.0910,-9609,-25.156303,-0.314454
106.1010,-9609,-25.156303,-0.314454
106.1110,-9609,-25.156303,-0.314454
106.1210,-9609,-25.156303,-0.314454
106.1310,-9609,-25.156303,-0.314454
106.1410,-9609,-25.156303,-0.314454
106.1510,-9610,-25.158922,-0.314487
106.1610,-9610,-25.158922,-0.314487
106.1710,-9610,-25.158922,-0.314487
106.1810,-9609,-25.156303,-0.314454
106.1910,-9609,-25.156303,-0.314454
106.2010,-9609,-25.156303,-0.314454
106.2110,-9609,-25.156303,-0.314454
106.2210,-9609,-25.156303,-0.314454
106.2310,-9609,-25.156303,-0.314454
106.2410,-9609,-25.156303,-0.314454
106.2510,-9610,-25.158922,-0.314487
106.2610,-9610,-25.158922,-0.314487
106.2710,-9610,-25.158922,-0.314487
106.2810,-9610,-25.158922,-0.314487
106.2910,-9610,-25.158922,-0.314487
106.3010,-9610,-25.158922,-0.314487
106.3110,-9610,-25.158922,-0.314487
106.3210,-9610,-25.158922,-0.314487
106.3320,-9610,-25.158922,-0.314487
106.3410,-9610,-25.158922,-0.314487
106.3510,-9610,-25.158922,-0.314487
106.3610,-9610,-25.158922,-0.314487
106.3710,-9610,-25.158922,-0.314487
106.3810,-9610,-25.158922,-0.314487
106.3910,-9610,-25.158922,-0.314487
106.4010,-9610,-25.158922,-0.314487
106.4110,-9611,-25.161539,-0.314519
106.4210,-9611,-25.161539,-0.314519
106.4310,-9611,-25.161539,-0.314519
106.4410,-9611,-25.161539,-0.314519
106.4510,-9611,-25.161539,-0.314519
106.4610,-9611,-25.161539,-0.314519
106.4710,-9611,-25.161539,-0.314519
106.4810,-9610,-25.158922,-0.314487
106.4910,-9611,-25.161539,-0.314519
106.5010,-9611,-25.161539,-0.314519
106.5110,-9611,-25.161539,-0.314519
106.5210,-9611,-25.161539,-0.314519
106.5310,-9611,-25.161539,-0.314519
106.5410,-9611,-25.161539,-0.314519
106.5510,-9611,-25.161539,-0.314519
106.5610,-9611,-25.161539,-0.314519
106.5710,-9611,-25.161539,-0.314519
106.5810,-9611,-25.161539,-0.314519
106.5910,-9611,-25.161539,-0.314519
106.6010,-9611,-25.161539,-0.314519
106.6110,-9611,-25.161539,-0.314519
106.6210,-9611,-25.161539,-0.314519
106.6310,-9611,-25.161539,-0.314519
106.6410,-9611,-25.161539,-0.314519
106.6510,-9611,-25.161539,-0.314519
106.6610,-9611,-25.161539,-0.314519
106.6710,-9612,-25.164157,-0.314552
106.6810,-9612,-25.164157,-0.314552
106.6910,-9612,-25.164157,-0.314552
106.7010,-9612,-25.164157,-0.314552
106.7110,-9612,-25.164157,-0.314552
106.7210,-9612,-25.164157,-0.314552
106.7310,-9612,-25.164157,-0.314552
106.7410,-9612,-25.164157,-0.314552
106.7510,-9612,-25.164157,-0.314552
106.7610,-9612,-25.164157,-0.314552
106.7710,-9612,-25.164157,-0.314552
106.7810,-9612,-25.164157,-0.314552
106.7910,-9612,-25.164157,-0.314552
106.8010,-9612,-25.164157,-0.314552
106.8110,-9612,-25.164157,-0.314552
106.8210,-9612,-25.164157,-0.314552
106.8310,-9612,-25.164157,-0.314552
106.8410,-9612,-25.164157,-0.314552
106.8510,-9612,-25.164157,-0.314552
106.8610,-9612,-25.164157,-0.314552
106.8710,-9612,-25.164157,-0.314552
106.8810,-9612,-25.164157,-0.314552
106.8910,-9612,-25.164157,-0.314552
106.9010,-9612,-25.164157,-0.314552
106.9110,-9612,-25.164157,-0.314552
106.9210,-9612,-25.164157,-0.314552
106.9310,-9612,-25.164157,-0.314552
106.9410,-9612,-25.164157,-0.314552
106.9510,-9613,-25.166776,-0.314585
106.9610,-9613,-25.166776,-0.314585
106.9720,-9613,-25.166776,-0.314585
106.9810,-9613,-25.166776,-0.314585
106.9910,-9613,-25.166776,-0.314585
107.0010,-9613,-25.166776,-0.314585
107.0110,-9613,-25.166776,-0.314585
107.0210,-9613,-25.166776,-0.314585
107.0310,-9613,-25.166776,-0.314585
107.0410,-9613,-25.166776,-0.314585
107.0510,-9613,-25.166776,-0.314585
107.0610,-9613,-25.166776,-0.314585
107.0710,-9613,-25.166776,-0.314585
107.0810,-9613,-25.166776,-0.314585
107.0910,-9613,-25.166776,-0.314585
107.1010,-9613,-25.166776,-0.314585
107.1110,-9614,-25.169393,-0.314617
107.1210,-9614,-25.169393,-0.314617
107.1310,-9614,-25.169393,-0.314617
107.1410,-9614,-25.169393,-0.314617
107.1510,-9614,-25.169393,-0.314617
107.1610,-9614,-25.169393,-0.314617
107.1710,-9614,-25.169393,-0.314617
107.1810,-9613,-25.166776,-0.314585
107.1910,-9614,-25.169393,-0.314617
107.2010,-9614,-25.169393,-0.314617
107.2110,-9614,-25.169393,-0.314617
107.2210,-9614,-25.169393,-0.314617
107.2310,-9614,-25.169393,-0.314617
107.2410,-9614,-25.169393,-0.314617
107.2510,-9614,-25.169393,-0.314617
107.2610,-9614,-25.169393,-0.314617
107.2710,-9614,-25.169393,-0.314617
107.2810,-9614,-25.169393,-0.314617
107.2910,-9614,-25.169393,-0.314617
107.3010,-9614,-25.169393,-0.314617
107.3110,-9614,-25.169393,-0.314617
107.3210,-9614,-25.169393,-0.314617
107.3310,-9614,-25.169393,-0.314617
107.3410,-9614,-25.169393,-0.314617
107.3510,-9614,-25.169393,-0.314617
107.3610,-9615,-25.172010,-0.314650
107.3710,-9615,-25.172010,-0.314650
107.3810,-9615,-25.172010,-0.314650
107.3910,-9615,-25.172010,-0.314650
107.4010,-9615,-25.172010,-0.314650
107.4110,-9615,-25.172010,-0.314650
107.4210,-9615,-25.172010,-0.314650
107.4310,-9615,-25.172010,-0.314650
107.4410,-9615,-25.172010,-0.314650
107.4510,-9615,-25.172010,-0.314650
107.4610,-9615,-25.172010,-0.314650
107.4710,-9615,-25.172010,-0.314650
107.4810,-9615,-25.172010,-0.314650
107.4910,-9615,-25.172010,-0.314650
107.5010,-9615,-25.172010,-0.314650
107.5110,-9615,-25.172010,-0.314650
107.5210,-9616,-25.174629,-0.314683
107.5310,-9616,-25.174629,-0.314683
107.5410,-9616,-25.174629,-0.314683
107.5510,-9616,-25.174629,-0.314683
107.5610,-9616,-25.174629,-0.314683
107.5710,-9616,-25.174629,-0.314683
107.5810,-9616,-25.174629,-0.314683
107.5910,-9615,-25.172010,-0.314650
107.6010,-9616,-25.174629,-0.314683
107.6120,-9616,-25.174629,-0.314683
107.6210,-9616,-25.174629,-0.314683
107.6310,-9616,-25.174629,-0.314683
107.6410,-9616,-25.174629,-0.314683
107.6510,-9616,-25.174629,-0.314683
107.6610,-9616,-25.174629,-0.314683
107.6710,-9616,-25.174629,-0.314683
107.6810,-9617,-25.177248,-0.314716
107.6910,-9617,-25.177248,-0.314716
107.7010,-9617,-25.177248,-0.314716
107.7110,-9616,-25.174629,-0.314683
107.7210,-9616,-25.174629,-0.314683
107.7310,-9616,-25.174629,-0.314683
107.7410,-9616,-25.174629,-0.314683
107.7510,-9616,-25.174629,-0.314683
107.7610,-9616,-25.174629,-0.314683
107.7710,-9616,-25.174629,-0.314683
107.7810,-9617,-25.177248,-0.314716
107.7910,-9617,-25.177248,-0.314716
107.8010,-9617,-25.177248,-0.314716
107.8110,-9617,-25.177248,-0.314716
107.8210,-9617,-25.177248,-0.314716
107.8310,-9617,-25.177248,-0.314716
107.8410,-9617,-25.177248,-0.314716
107.8510,-9617,-25.177248,-0.314716
107.8610,-9617,-25.177248,-0.314716
107.8710,-9617,-25.177248,-0.314716
107.8810,-9617,-25.177248,-0.314716
107.8910,-9617,-25.177248,-0.314716
107.9010,-9617,-25.177248,-0.314716
107.9110,-9617,-25.177248,-0.314716
107.9210,-9618,-25.179866,-0.314748
107.9310,-9618,-25.179866,-0.314748
107.9410,-9618,-25.179866,-0.314748
107.9510,-9618,-25.179866,-0.314748
107.9610,-9618,-25.179866,-0.314748
107.9710,-9618,-25.179866,-0.314748
107.9810,-9618,-25.179866,-0.314748
107.9910,-9618,-25.179866,-0.314748
108.0010,-9618,-25.179866,-0.314748
108.0110,-9618,-25.179866,-0.314748
108.0210,-9619,-25.182481,-0.314781
108.0310,-9619,-25.182481,-0.314781
108.0410,-9619,-25.182481,-0.314781
108.0510,-9619,-25.182481,-0.314781
108.0610,-9620,-25.185100,-0.314814
108.0710,-9620,-25.185100,-0.314814
108.0810,-9620,-25.185100,-0.314814
108.0910,-9620,-25.185100,-0.314814
108.1010,-9620,-25.185100,-0.314814
108.1110,-9620,-25.185100,-0.314814
108.1210,-9620,-25.185100,-0.314814
108.1310,-9620,-25.185100,-0.314814
108.1410,-9620,-25.185100,-0.314814
108.1510,-9620,-25.185100,-0.314814
108.1610,-9620,-25.185100,-0.314814
108.1710,-9620,-25.185100,-0.314814
108.1810,-9620,-25.185100,-0.314814
108.1910,-9621,-25.187719,-0.314846
108.2010,-9621,-25.187719,-0.314846
108.2110,-9621,-25.187719,-0.314846
108.2210,-9622,-25.190338,-0.314879
108.2310,-9622,-25.190338,-0.314879
108.2410,-9622,-25.190338,-0.314879
108.2520,-9622,-25.190338,-0.314879
108.2610,-9622,-25.190338,-0.314879
108.2710,-9621,-25.187719,-0.314846
108.2810,-9621,-25.187719,-0.314846
108.2910,-9621,-25.187719,-0.314846
108.3010,-9622,-25.190338,-0.314879
108.3110,-9622,-25.190338,-0.314879
108.3210,-9622,-25.190338,-0.314879
108.3310,-9622,-25.190338,-0.314879
108.3410,-9623,-25.192956,-0.314912
108.3510,-9623,-25.192956,-0.314912
108.3610,-9623,-25.192956,-0.314912
108.3710,-9623,-25.192956,-0.314912
108.3810,-9623,-25.192956,-0.314912
108.3910,-9623,-25.192956,-0.314912
108.4010,-9623,-25.192956,-0.314912
108.4110,-9623,-25.192956,-0.314912
108.4210,-9623,-25.192956,-0.314912
108.4310,-9623,-25.192956,-0.314912
108.4410,-9623,-25.192956,-0.314912
108.4510,-9623,-25.192956,-0.314912
108.4610,-9623,-25.192956,-0.314912
108.4710,-9624,-25.195575,-0.314945
108.4810,-9624,-25.195575,-0.314945
108.4910,-9624,-25.195575,-0.314945
108.5010,-9624,-25.195575,-0.314945
108.5110,-9624,-25.195575,-0.314945
108.5210,-9624,-25.195575,-0.314945
108.5310,-9624,-25.195575,-0.314945
108.5410,-9624,-25.195575,-0.314945
108.5510,-9624,-25.195575,-0.314945
108.5610,-9624,-25.195575,-0.314945
108.5710,-9624,-25.195575,-0.314945
108.5810,-9624,-25.195575,-0.314945
108.5910,-9624,-25.195575,-0.314945
108.6010,-9625,-25.198190,-0.314977
108.6110,-9625,-25.198190,-0.314977
108.6210,-9625,-25.198190,-0.314977
108.6310,-9626,-25.200809,-0.315010
108.6410,-9626,-25.200809,-0.315010
108.6510,-9626,-25.200809,-0.315010
108.6610,-9626,-25.200809,-0.315010
108.6710,-9626,-25.200809,-0.315010
108.6810,-9626,-25.200809,-0.315010
108.6910,-9626,-25.200809,-0.315010
108.7010,-9625,-25.198190,-0.314977
108.7110,-9626,-25.200809,-0.315010
108.7210,-9626,-25.200809,-0.315010
108.7310,-9626,-25.200809,-0.315010
108.7410,-9626,-25.200809,-0.315010
108.7510,-9627,-25.203428,-0.315043
108.7610,-9627,-25.203428,-0.315043
108.7710,-9627,-25.203428,-0.315043
108.7810,-9628,-25.206047,-0.315076
108.7910,-9628,-25.206047,-0.315076
108.8010,-9628,-25.206047,-0.315076
108.8110,-9628,-25.206047,-0.315076
108.8210,-9627,-25.203428,-0.315043
108.8310,-9627,-25.203428,-0.315043
108.8410,-9627,-25.203428,-0.315043
108.8510,-9628,-25.206047,-0.315076
108.8610,-9628,-25.206047,-0.315076
108.8710,-9628,-25.206047,-0.315076
108.8810,-9628,-25.206047,-0.315076
108.8920,-9629,-25.208665,-0.315108
108.9010,-9629,-25.208665,-0.315108
108.9110,-9630,-25.211280,-0.315141
108.9210,-9630,-25.211280,-0.315141
108.9310,-9630,-25.211280,-0.315141
108.9410,-9630,-25.211280,-0.315141
108.9510,-9630,-25.211280,-0.315141
108.9610,-9630,-25.211280,-0.315141
108.9710,-9630,-25.211280,-0.315141
108.9810,-9630,-25.211280,-0.315141
108.9910,-9630,-25.211280,-0.315141
109.0010,-9631,-25.213899,-0.315174
109.0110,-9631,-25.213899,-0.315174
109.0210,-9631,-25.213899,-0.315174
109.0310,-9632,-25.216518,-0.315207
109.0410,-9632,-25.216518,-0.315207
109.0510,-9633,-25.219135,-0.315239
109.0610,-9633,-25.219135,-0.315239
109.0710,-9634,-25.221754,-0.315272
109.0810,-9634,-25.221754,-0.315272
109.0910,-9634,-25.221754,-0.315272
109.1010,-9634,-25.221754,-0.315272
109.1110,-9634,-25.221754,-0.315272
109.1210,-9634,-25.221754,-0.315272
109.1310,-9635,-25.224370,-0.315305
109.1410,-9635,-25.224370,-0.315305
109.1510,-9636,-25.226989,-0.315337
109.1610,-9636,-25.226989,-0.315337
109.1710,-9638,-25.232225,-0.315403
109.1810,-9639,-25.234844,-0.315436
109.1910,-9640,-25.237462,-0.315468
109.2010,-9640,-25.237462,-0.315468
109.2110,-9641,-25.240077,-0.315501
109.2210,-9642,-25.242696,-0.315534
109.2310,-9643,-25.245315,-0.315566
109.2410,-9644,-25.247934,-0.315599
109.2510,-9644,-25.247934,-0.315599
109.2610,-9646,-25.253168,-0.315665
109.2710,-9652,-25.268877,-0.315861
109.2810,-9659,-25.287202,-0.316090
109.2910,-9666,-25.305530,-0.316319
109.3010,-9675,-25.329092,-0.316614
109.3110,-9683,-25.350036,-0.316875
109.3210,-9691,-25.370979,-0.317137
109.3310,-9699,-25.391923,-0.317399
109.3410,-9705,-25.407630,-0.317595
109.3510,-9710,-25.420719,-0.317759
109.3610,-9713,-25.428575,-0.317857
109.3710,-9715,-25.433813,-0.317923
109.3810,-9715,-25.433813,-0.317923
109.3910,-9714,-25.431194,-0.317890
109.4010,-9713,-25.428575,-0.317857
109.4110,-9711,-25.423337,-0.317792
109.4210,-9709,-25.418104,-0.317726
109.4310,-9708,-25.415485,-0.317694
109.4410,-9707,-25.412866,-0.317661
109.4510,-9707,-25.412866,-0.317661
109.4610,-9708,-25.415485,-0.317694
109.4710,-9710,-25.420719,-0.317759
109.4810,-9713,-25.428575,-0.317857
109.4910,-9715,-25.433813,-0.317923
109.5010,-9718,-25.441665,-0.318021
109.5110,-9720,-25.446903,-0.318086
109.5210,-9721,-25.449518,-0.318119
109.5320,-9721,-25.449518,-0.318119
109.5410,-9721,-25.449518,-0.318119
109.5510,-9722,-25.452136,-0.318152
109.5610,-9722,-25.452136,-0.318152
109.5710,-9722,-25.452136,-0.318152
109.5810,-9722,-25.452136,-0.318152
109.5910,-9723,-25.454755,-0.318184
109.6010,-9725,-25.459991,-0.318250
109.6110,-9727,-25.465227,-0.318315
109.6210,-9730,-25.473081,-0.318414
109.6310,-9732,-25.478315,-0.318479
109.6410,-9734,-25.483552,-0.318544
109.6510,-9736,-25.488790,-0.318610
109.6610,-9737,-25.491405,-0.318643
109.6710,-9738,-25.494024,-0.318675
109.6810,-9739,-25.496643,-0.318708
109.6910,-9739,-25.496643,-0.318708
109.7010,-9738,-25.494024,-0.318675
109.7110,-9738,-25.494024,-0.318675
109.7210,-9737,-25.491405,-0.318643
109.7310,-9737,-25.491405,-0.318643
109.7410,-9737,-25.491405,-0.318643
109.7510,-9738,-25.494024,-0.318675
109.7610,-9739,-25.496643,-0.318708
109.7710,-9740,-25.499261,-0.318741
109.7810,-9741,-25.501880,-0.318774
109.7910,-9741,-25.501880,-0.318774
109.8010,-9742,-25.504495,-0.318806
109.8110,-9743,-25.507114,-0.318839
109.8210,-9744,-25.509733,-0.318872
109.8310,-9745,-25.512351,-0.318904
109.8410,-9745,-25.512351,-0.318904
109.8510,-9745,-25.512351,-0.318904
109.8610,-9745,-25.512351,-0.318904
109.8710,-9745,-25.512351,-0.318904
109.8810,-9746,-25.514968,-0.318937
109.8910,-9747,-25.517587,-0.318970
109.9010,-9747,-25.517587,-0.318970
109.9110,-9748,-25.520204,-0.319003
109.9210,-9749,-25.522823,-0.319035
109.9310,-9749,-25.522823,-0.319035
109.9410,-9750,-25.525440,-0.319068
109.9510,-9750,-25.525440,-0.319068
109.9610,-9752,-25.530677,-0.319133
109.9710,-9752,-25.530677,-0.319133
109.9810,-9753,-25.533292,-0.319166
109.9910,-9753,-25.533292,-0.319166
110.0010,-9754,-25.535911,-0.319199
110.0110,-9754,-25.535911,-0.319199
110.0210,-9755,-25.538530,-0.319232
110.0310,-9755,-25.538530,-0.319232
110.0410,-9756,-25.541149,-0.319264
110.0510,-9756,-25.541149,-0.319264
110.0610,-9757,-25.543767,-0.319297
110.0710,-9757,-25.543767,-0.319297
110.0810,-9758,-25.546386,-0.319330
110.0910,-9758,-25.546386,-0.319330
110.1010,-9760,-25.551620,-0.319395
110.1110,-9761,-25.554239,-0.319428
110.1210,-9762,-25.556858,-0.319461
110.1310,-9763,-25.559476,-0.319493
110.1410,-9764,-25.562091,-0.319526
110.1510,-9765,-25.564710,-0.319559
110.1610,-9766,-25.567329,-0.319592
110.1720,-9766,-25.567329,-0.319592
110.1810,-9767,-25.569948,-0.319624
110.1910,-9767,-25.569948,-0.319624
110.2010,-9768,-25.572565,-0.319657
110.2110,-9768,-25.572565,-0.319657
110.2210,-9768,-25.572565,-0.319657
110.2310,-9768,-25.572565,-0.319657
110.2410,-9768,-25.572565,-0.319657
110.2510,-9768,-25.572565,-0.319657
110.2610,-9768,-25.572565,-0.319657
110.2710,-9769,-25.575181,-0.319690
110.2810,-9769,-25.575181,-0.319690
110.2910,-9770,-25.577800,-0.319723
110.3010,-9770,-25.577800,-0.319723
110.3110,-9771,-25.580419,-0.319755
110.3210,-9771,-25.580419,-0.319755
110.3310,-9771,-25.580419,-0.319755
110.3410,-9772,-25.583036,-0.319788
110.3510,-9772,-25.583036,-0.319788
110.3610,-9772,-25.583036,-0.319788
110.3710,-9771,-25.580419,-0.319755
110.3810,-9772,-25.583036,-0.319788
110.3910,-9772,-25.583036,-0.319788
110.4010,-9772,-25.583036,-0.319788
110.4110,-9773,-25.585655,-0.319821
110.4210,-9773,-25.585655,-0.319821
110.4310,-9774,-25.588274,-0.319853
110.4410,-9774,-25.588274,-0.319853
110.4510,-9774,-25.588274,-0.319853
110.4610,-9775,-25.590888,-0.319886
110.4710,-9775,-25.590888,-0.319886
110.4810,-9775,-25.590888,-0.319886
110.4910,-9775,-25.590888,-0.319886
110.5010,-9775,-25.590888,-0.319886
110.5110,-9775,-25.590888,-0.319886
110.5210,-9776,-25.593507,-0.319919
110.5310,-9778,-25.598745,-0.319984
110.5410,-9779,-25.601364,-0.320017
110.5510,-9780,-25.603979,-0.320050
110.5610,-9781,-25.606597,-0.320082
110.5710,-9782,-25.609216,-0.320115
110.5810,-9784,-25.614454,-0.320181
110.5910,-9785,-25.617069,-0.320213
110.6010,-9785,-25.617069,-0.320213
110.6110,-9786,-25.619688,-0.320246
110.6210,-9786,-25.619688,-0.320246
110.6310,-9786,-25.619688,-0.320246
110.6410,-9785,-25.617069,-0.320213
110.6510,-9785,-25.617069,-0.320213
110.6610,-9785,-25.617069,-0.320213
110.6710,-9785,-25.617069,-0.320213
110.6810,-9786,-25.619688,-0.320246
110.6910,-9786,-25.619688,-0.320246
110.7010,-9788,-25.624925,-0.320312
110.7110,-9790,-25.630161,-0.320377
110.7210,-9793,-25.638015,-0.320475
110.7310,-9795,-25.643251,-0.320541
110.7410,-9797,-25.648485,-0.320606
110.7510,-9800,-25.656341,-0.320704
110.7610,-9804,-25.666812,-0.320835
110.7710,-9807,-25.674665,-0.320933
110.7810,-9811,-25.685140,-0.321064
110.7910,-9814,-25.692993,-0.321162
110.8010,-9817,-25.700845,-0.321261
110.8120,-9819,-25.706081,-0.321326
110.8210,-9821,-25.711318,-0.321392
110.8310,-9823,-25.716552,-0.321457
110.8410,-9824,-25.719171,-0.321490
110.8510,-9825,-25.721790,-0.321522
110.8610,-9825,-25.721790,-0.321522
110.8710,-9826,-25.724409,-0.321555
110.8810,-9826,-25.724409,-0.321555
110.8910,-9826,-25.724409,-0.321555
110.9010,-9826,-25.724409,-0.321555
110.9110,-9826,-25.724409,-0.321555
110.9210,-9827,-25.727027,-0.321588
110.9310,-9829,-25.732261,-0.321653
110.9410,-9832,-25.740118,-0.321751
110.9510,-9834,-25.745351,-0.321817
110.9610,-9836,-25.750589,-0.321882
110.9710,-9839,-25.758441,-0.321981
110.9810,-9841,-25.763677,-0.322046
110.9910,-9844,-25.771530,-0.322144
111.0010,-9845,-25.774148,-0.322177
111.0110,-9847,-25.779386,-0.322242
111.0210,-9848,-25.782005,-0.322275
111.0310,-9849,-25.784624,-0.322308
111.0410,-9850,-25.787239,-0.322340
111.0510,-9852,-25.792476,-0.322406
111.0610,-9852,-25.792476,-0.322406
111.0710,-9854,-25.797714,-0.322471
111.0810,-9855,-25.800329,-0.322504
111.0910,-9857,-25.805566,-0.322570
111.1010,-9858,-25.808185,-0.322602
111.1110,-9860,-25.813419,-0.322668
111.1210,-9861,-25.816038,-0.322700
111.1310,-9863,-25.821273,-0.322766
111.1410,-9863,-25.821273,-0.322766
111.1510,-9864,-25.823892,-0.322799
111.1610,-9864,-25.823892,-0.322799
111.1710,-9864,-25.823892,-0.322799
111.1810,-9864,-25.823892,-0.322799
111.1910,-9864,-25.823892,-0.322799
111.2010,-9863,-25.821273,-0.322766
111.2110,-9864,-25.823892,-0.322799
111.2210,-9864,-25.823892,-0.322799
111.2310,-9865,-25.826511,-0.322831
111.2410,-9866,-25.829126,-0.322864
111.2510,-9867,-25.831745,-0.322897
111.2610,-9868,-25.834363,-0.322930
111.2710,-9870,-25.839601,-0.322995
111.2810,-9870,-25.839601,-0.322995
111.2910,-9871,-25.842216,-0.323028
111.3010,-9871,-25.842216,-0.323028
111.3110,-9871,-25.842216,-0.323028
111.3210,-9871,-25.842216,-0.323028
111.3310,-9871,-25.842216,-0.323028
111.3410,-9871,-25.842216,-0.323028
111.3510,-9872,-25.844835,-0.323060
111.3610,-9872,-25.844835,-0.323060
111.3710,-9872,-25.844835,-0.323060
111.3810,-9872,-25.844835,-0.323060
111.3910,-9873,-25.847454,-0.323093
111.4010,-9874,-25.850072,-0.323126
111.4110,-9875,-25.852691,-0.323159
111.4210,-9876,-25.855306,-0.323191
111.4310,-9876,-25.855306,-0.323191
111.4410,-9876,-25.855306,-0.323191
111.4520,-9876,-25.855306,-0.323191
111.4610,-9876,-25.855306,-0.323191
111.4710,-9876,-25.855306,-0.323191
111.4810,-9876,-25.855306,-0.323191
111.4910,-9876,-25.855306,-0.323191
111.5010,-9876,-25.855306,-0.323191
111.5110,-9876,-25.855306,-0.323191
111.5210,-9877,-25.857925,-0.323224
111.5310,-9878,-25.860544,-0.323257
111.5410,-9878,-25.860544,-0.323257
111.5510,-9879,-25.863162,-0.323290
111.5610,-9880,-25.865781,-0.323322
111.5710,-9880,-25.865781,-0.323322
111.5810,-9881,-25.868398,-0.323355
111.5910,-9881,-25.868398,-0.323355
111.6010,-9881,-25.868398,-0.323355
111.6110,-9881,-25.868398,-0.323355
111.6210,-9881,-25.868398,-0.323355
111.6310,-9881,-25.868398,-0.323355
111.6410,-9881,-25.868398,-0.323355
111.6510,-9882,-25.871015,-0.323388
111.6610,-9882,-25.871015,-0.323388
111.6710,-9883,-25.873634,-0.323420
111.6810,-9883,-25.873634,-0.323420
111.6910,-9884,-25.876253,-0.323453
111.7010,-9884,-25.876253,-0.323453
111.7110,-9885,-25.878870,-0.323486
111.7210,-9885,-25.878870,-0.323486
111.7310,-9885,-25.878870,-0.323486
111.7410,-9885,-25.878870,-0.323486
111.7510,-9885,-25.878870,-0.323486
111.7610,-9885,-25.878870,-0.323486
111.7710,-9886,-25.881488,-0.323519
111.7810,-9886,-25.881488,-0.323519
111.7910,-9886,-25.881488,-0.323519
111.8010,-9887,-25.884105,-0.323551
111.8110,-9888,-25.886722,-0.323584
111.8210,-9888,-25.886722,-0.323584
111.8310,-9889,-25.889341,-0.323617
111.8410,-9889,-25.889341,-0.323617
111.8510,-9890,-25.891960,-0.323650
111.8610,-9890,-25.891960,-0.323650
111.8710,-9890,-25.891960,-0.323650
111.8810,-9891,-25.894578,-0.323682
111.8910,-9891,-25.894578,-0.323682
111.9010,-9891,-25.894578,-0.323682
111.9110,-9892,-25.897193,-0.323715
111.9210,-9892,-25.897193,-0.323715
111.9310,-9892,-25.897193,-0.323715
111.9410,-9893,-25.899812,-0.323748
111.9510,-9893,-25.899812,-0.323748
111.9610,-9894,-25.902431,-0.323780
111.9710,-9894,-25.902431,-0.323780
111.9810,-9895,-25.905050,-0.323813
111.9910,-9895,-25.905050,-0.323813
112.0010,-9896,-25.907669,-0.323846
112.0110,-9896,-25.907669,-0.323846
112.0210,-9896,-25.907669,-0.323846
112.0310,-9896,-25.907669,-0.323846
112.0410,-9896,-25.907669,-0.323846
112.0510,-9897,-25.910287,-0.323879
112.0610,-9897,-25.910287,-0.323879
112.0710,-9897,-25.910287,-0.323879
112.0810,-9898,-25.912902,-0.323911
112.0920,-9899,-25.915521,-0.323944
112.1010,-9900,-25.918140,-0.323977
112.1110,-9900,-25.918140,-0.323977
112.1210,-9901,-25.920759,-0.324010
112.1310,-9902,-25.923377,-0.324042
112.1410,-9902,-25.923377,-0.324042
112.1510,-9902,-25.923377,-0.324042
112.1610,-9903,-25.925992,-0.324075
112.1710,-9903,-25.925992,-0.324075
112.1810,-9905,-25.931230,-0.324140
112.1910,-9906,-25.933849,-0.324173
112.2010,-9907,-25.936466,-0.324206
112.2110,-9908,-25.939085,-0.324239
112.2210,-9909,-25.941701,-0.324271
112.2310,-9910,-25.944318,-0.324304
112.2410,-9912,-25.949556,-0.324369
112.2510,-9913,-25.952175,-0.324402
112.2610,-9915,-25.957408,-0.324468
112.2710,-9918,-25.965265,-0.324566
112.2810,-9922,-25.975736,-0.324697
112.2910,-9927,-25.988826,-0.324860
112.3010,-9934,-26.007152,-0.325089
112.3110,-9942,-26.028095,-0.325351
112.3210,-9953,-26.056894,-0.325711
112.3310,-9964,-26.085691,-0.326071
112.3410,-9977,-26.119726,-0.326497
112.3510,-9992,-26.158996,-0.326987
112.3610,-10011,-26.208736,-0.327609
112.3710,-10030,-26.258480,-0.328231
112.3810,-10049,-26.308219,-0.328853
112.3910,-10064,-26.347490,-0.329344
112.4010,-10079,-26.386762,-0.329835
112.4110,-10094,-26.426031,-0.330325
112.4210,-10108,-26.462682,-0.330784
112.4310,-10117,-26.486244,-0.331078
112.4410,-10124,-26.504570,-0.331307
112.4510,-10129,-26.517660,-0.331471
112.4610,-10134,-26.530750,-0.331634
112.4710,-10136,-26.535985,-0.331700
112.4810,-10136,-26.535985,-0.331700
112.4910,-10136,-26.535985,-0.331700
112.5010,-10136,-26.535985,-0.331700
112.5110,-10136,-26.535985,-0.331700
112.5210,-10136,-26.535985,-0.331700
112.5310,-10136,-26.535985,-0.331700
112.5410,-10137,-26.538604,-0.331733
112.5510,-10138,-26.541223,-0.331765
112.5610,-10139,-26.543840,-0.331798
112.5710,-10140,-26.546457,-0.331831
112.5810,-10142,-26.551694,-0.331896
112.5910,-10143,-26.554313,-0.331929
112.6010,-10144,-26.556928,-0.331962
112.6110,-10144,-26.556928,-0.331962
112.6210,-10144,-26.556928,-0.331962
112.6310,-10144,-26.556928,-0.331962
112.6410,-10144,-26.556928,-0.331962
112.6510,-10144,-26.556928,-0.331962
112.6610,-10144,-26.556928,-0.331962
112.6710,-10144,-26.556928,-0.331962
112.6810,-10144,-26.556928,-0.331962
112.6910,-10144,-26.556928,-0.331962
112.7010,-10144,-26.556928,-0.331962
112.7110,-10144,-26.556928,-0.331962
112.7210,-10145,-26.559547,-0.331994
112.7320,-10146,-26.562166,-0.332027
112.7410,-10146,-26.562166,-0.332027
112.7510,-10147,-26.564785,-0.332060
112.7610,-10147,-26.564785,-0.332060
112.7710,-10148,-26.567403,-0.332093
112.7810,-10148,-26.567403,-0.332093
112.7910,-10148,-26.567403,-0.332093
112.8010,-10148,-26.567403,-0.332093
112.8110,-10148,-26.567403,-0.332093
112.8210,-10148,-26.567403,-0.332093
112.8310,-10149,-26.570022,-0.332125
112.8410,-10149,-26.570022,-0.332125
112.8510,-10149,-26.570022,-0.332125
112.8610,-10149,-26.570022,-0.332125
112.8710,-10150,-26.572637,-0.332158
112.8810,-10151,-26.575256,-0.332191
112.8910,-10152,-26.577875,-0.332223
112.9010,-10153,-26.580493,-0.332256
112.9110,-10153,-26.580493,-0.332256
112.9210,-10154,-26.583112,-0.332289
112.9310,-10155,-26.585727,-0.332322
112.9410,-10155,-26.585727,-0.332322
112.9510,-10155,-26.585727,-0.332322
112.9610,-10155,-26.585727,-0.332322
112.9710,-10156,-26.588346,-0.332354
112.9810,-10156,-26.588346,-0.332354
112.9910,-10156,-26.588346,-0.332354
113.0010,-10156,-26.588346,-0.332354
113.0110,-10156,-26.588346,-0.332354
113.0210,-10157,-26.590965,-0.332387
113.0310,-10157,-26.590965,-0.332387
113.0410,-10158,-26.593582,-0.332420
113.0510,-10158,-26.593582,-0.332420
113.0610,-10159,-26.596200,-0.332453
113.0710,-10159,-26.596200,-0.332453
113.0810,-10160,-26.598817,-0.332485
113.0910,-10160,-26.598817,-0.332485
113.1010,-10160,-26.598817,-0.332485
113.1110,-10160,-26.598817,-0.332485
113.1210,-10160,-26.598817,-0.332485
113.1310,-10160,-26.598817,-0.332485
113.1410,-10160,-26.598817,-0.332485
113.1510,-10161,-26.601436,-0.332518
113.1610,-10162,-26.604053,-0.332551
113.1710,-10163,-26.606672,-0.332583
113.1810,-10163,-26.606672,-0.332583
113.1910,-10164,-26.609291,-0.332616
113.2010,-10165,-26.611909,-0.332649
113.2110,-10167,-26.617143,-0.332714
113.2210,-10167,-26.617143,-0.332714
113.2310,-10168,-26.619762,-0.332747
113.2410,-10168,-26.619762,-0.332747
113.2510,-10168,-26.619762,-0.332747
113.2610,-10168,-26.619762,-0.332747
113.2710,-10168,-26.619762,-0.332747
113.2810,-10168,-26.619762,-0.332747
113.2910,-10169,-26.622381,-0.332780
113.3010,-10170,-26.625000,-0.332813
113.3110,-10170,-26.625000,-0.332813
113.3210,-10170,-26.625000,-0.332813
113.3310,-10171,-26.627614,-0.332845
113.3410,-10172,-26.630233,-0.332878
113.3510,-10173,-26.632852,-0.332911
113.3610,-10174,-26.635471,-0.332943
113.3720,-10174,-26.635471,-0.332943
113.3810,-10175,-26.638090,-0.332976
113.3910,-10175,-26.638090,-0.332976
113.4010,-10175,-26.638090,-0.332976
113.4110,-10176,-26.640705,-0.333009
113.4210,-10176,-26.640705,-0.333009
113.4310,-10178,-26.645942,-0.333074
113.4410,-10179,-26.648561,-0.333107
113.4510,-10180,-26.651178,-0.333140
113.4610,-10181,-26.653797,-0.333172
113.4710,-10183,-26.659032,-0.333238
113.4810,-10184,-26.661649,-0.333271
113.4910,-10186,-26.666887,-0.333336
113.5010,-10188,-26.672121,-0.333402
113.5110,-10189,-26.674739,-0.333434
113.5210,-10191,-26.679977,-0.333500
113.5310,-10193,-26.685211,-0.333565
113.5410,-10195,-26.690448,-0.333631
113.5510,-10197,-26.695686,-0.333696
113.5610,-10200,-26.703538,-0.333794
113.5710,-10209,-26.727098,-0.334089
113.5810,-10221,-26.758516,-0.334481
113.5910,-10232,-26.787313,-0.334841
113.6010,-10246,-26.823965,-0.335300
113.6110,-10262,-26.865852,-0.335823
113.6210,-10278,-26.907739,-0.336347
113.6310,-10292,-26.944395,-0.336805
113.6410,-10304,-26.975811,-0.337198
113.6510,-10315,-27.004608,-0.337558
113.6610,-10326,-27.033403,-0.337918
113.6710,-10336,-27.059587,-0.338245
113.6810,-10353,-27.104089,-0.338801
113.6910,-10374,-27.159070,-0.339488
113.7010,-10394,-27.211429,-0.340143
113.7110,-10415,-27.266407,-0.340830
113.7210,-10434,-27.316148,-0.341452
113.7310,-10454,-27.368509,-0.342106
113.7410,-10471,-27.413013,-0.342663
113.7510,-10490,-27.462757,-0.343284
113.7610,-10509,-27.512496,-0.343906
113.7710,-10528,-27.562240,-0.344528
113.7810,-10544,-27.604129,-0.345052
113.7910,-10554,-27.630308,-0.345379
113.8010,-10560,-27.646017,-0.345575
113.8110,-10564,-27.656488,-0.345706
113.8210,-10565,-27.659107,-0.345739
113.8310,-10563,-27.653869,-0.345673
113.8410,-10560,-27.646017,-0.345575
113.8510,-10557,-27.638160,-0.345477
113.8610,-10554,-27.630308,-0.345379
113.8710,-10553,-27.627689,-0.345346
113.8810,-10553,-27.627689,-0.345346
113.8910,-10554,-27.630308,-0.345379
113.9010,-10557,-27.638160,-0.345477
113.9110,-10562,-27.651250,-0.345641
113.9210,-10567,-27.664340,-0.345804
113.9310,-10571,-27.674814,-0.345935
113.9410,-10575,-27.685285,-0.346066
113.9510,-10578,-27.693138,-0.346164
113.9610,-10580,-27.698375,-0.346230
113.9710,-10580,-27.698375,-0.346230
113.9810,-10580,-27.698375,-0.346230
113.9910,-10579,-27.695756,-0.346197
114.0010,-10577,-27.690523,-0.346132
114.0120,-10575,-27.685285,-0.346066
114.0210,-10574,-27.682666,-0.346033
114.0310,-10574,-27.682666,-0.346033
114.0410,-10574,-27.682666,-0.346033
114.0510,-10576,-27.687904,-0.346099
114.0610,-10577,-27.690523,-0.346132
114.0710,-10579,-27.695756,-0.346197
114.0810,-10581,-27.700994,-0.346262
114.0910,-10583,-27.706232,-0.346328
114.1010,-10584,-27.708847,-0.346361
114.1110,-10585,-27.711465,-0.346393
114.1210,-10586,-27.714084,-0.346426
114.1310,-10587,-27.716703,-0.346459
114.1410,-10587,-27.716703,-0.346459
114.1510,-10587,-27.716703,-0.346459
114.1610,-10586,-27.714084,-0.346426
114.1710,-10586,-27.714084,-0.346426
114.1810,-10586,-27.714084,-0.346426
114.1910,-10587,-27.716703,-0.346459
114.2010,-10588,-27.719320,-0.346492
114.2110,-10589,-27.721937,-0.346524
114.2210,-10590,-27.724555,-0.346557
114.2310,-10591,-27.727174,-0.346590
114.2410,-10592,-27.729791,-0.346622
114.2510,-10593,-27.732410,-0.346655
114.2610,-10595,-27.737644,-0.346721
114.2710,-10596,-27.740262,-0.346753
114.2810,-10596,-27.740262,-0.346753
114.2910,-10596,-27.740262,-0.346753
114.3010,-10597,-27.742881,-0.346786
114.3110,-10597,-27.742881,-0.346786
114.3210,-10598,-27.745500,-0.346819
114.3310,-10599,-27.748119,-0.346852
114.3410,-10600,-27.750734,-0.346884
114.3510,-10601,-27.753353,-0.346917
114.3610,-10602,-27.755971,-0.346950
114.3710,-10603,-27.758590,-0.346982
114.3810,-10604,-27.761209,-0.347015
114.3910,-10605,-27.763824,-0.347048
114.4010,-10608,-27.771680,-0.347146
114.4110,-10610,-27.776914,-0.347211
114.4210,-10612,-27.782152,-0.347277
114.4310,-10613,-27.784770,-0.347310
114.4410,-10615,-27.790006,-0.347375
114.4510,-10617,-27.795240,-0.347441
114.4610,-10620,-27.803096,-0.347539
114.4710,-10623,-27.810949,-0.347637
114.4810,-10628,-27.824039,-0.347800
114.4910,-10634,-27.839748,-0.347997
114.5010,-10640,-27.855455,-0.348193
114.5110,-10645,-27.868545,-0.348357
114.5210,-10649,-27.879016,-0.348488
114.5310,-10652,-27.886873,-0.348586
114.5410,-10656,-27.897344,-0.348717
114.5510,-10659,-27.905197,-0.348815
114.5610,-10660,-27.907815,-0.348848
114.5710,-10660,-27.907815,-0.348848
114.5810,-10661,-27.910432,-0.348880
114.5910,-10660,-27.907815,-0.348848
114.6010,-10659,-27.905197,-0.348815
114.6110,-10657,-27.899963,-0.348750
114.6210,-10656,-27.897344,-0.348717
114.6310,-10655,-27.894725,-0.348684
114.6410,-10654,-27.892107,-0.348651
114.6520,-10654,-27.892107,-0.348651
114.6610,-10655,-27.894725,-0.348684
114.6710,-10656,-27.897344,-0.348717
114.6810,-10658,-27.902580,-0.348782
114.6910,-10660,-27.907815,-0.348848
114.7010,-10661,-27.910432,-0.348880
114.7110,-10662,-27.913051,-0.348913
114.7210,-10663,-27.915670,-0.348946
114.7310,-10663,-27.915670,-0.348946
114.7410,-10663,-27.915670,-0.348946
114.7510,-10662,-27.913051,-0.348913
114.7610,-10661,-27.910432,-0.348880
114.7710,-10661,-27.910432,-0.348880
114.7810,-10660,-27.907815,-0.348848
114.7910,-10659,-27.905197,-0.348815
114.8010,-10659,-27.905197,-0.348815
114.8110,-10660,-27.907815,-0.348848
114.8210,-10661,-27.910432,-0.348880
114.8310,-10662,-27.913051,-0.348913
114.8410,-10663,-27.915670,-0.348946
114.8510,-10664,-27.918287,-0.348979
114.8610,-10665,-27.920904,-0.349011
114.8710,-10665,-27.920904,-0.349011
114.8810,-10665,-27.920904,-0.349011
114.8910,-10665,-27.920904,-0.349011
114.9010,-10665,-27.920904,-0.349011
114.9110,-10664,-27.918287,-0.348979
114.9210,-10663,-27.915670,-0.348946
114.9310,-10663,-27.915670,-0.348946
114.9410,-10662,-27.913051,-0.348913
114.9510,-10663,-27.915670,-0.348946
114.9610,-10663,-27.915670,-0.348946
114.9710,-10664,-27.918287,-0.348979
114.9810,-10664,-27.918287,-0.348979
114.9910,-10665,-27.920904,-0.349011
115.0010,-10666,-27.923522,-0.349044
115.0110,-10667,-27.926141,-0.349077
115.0210,-10667,-27.926141,-0.349077
115.0310,-10667,-27.926141,-0.349077
115.0410,-10667,-27.926141,-0.349077
115.0510,-10667,-27.926141,-0.349077
115.0610,-10667,-27.926141,-0.349077
115.0710,-10666,-27.923522,-0.349044
115.0810,-10666,-27.923522,-0.349044
115.0910,-10666,-27.923522,-0.349044
115.1010,-10666,-27.923522,-0.349044
115.1110,-10666,-27.923522,-0.349044
115.1210,-10667,-27.926141,-0.349077
115.1310,-10668,-27.928760,-0.349110
115.1410,-10668,-27.928760,-0.349110
115.1510,-10669,-27.931375,-0.349142
115.1610,-10670,-27.933994,-0.349175
115.1710,-10670,-27.933994,-0.349175
115.1810,-10670,-27.933994,-0.349175
115.1910,-10670,-27.933994,-0.349175
115.2010,-10670,-27.933994,-0.349175
115.2110,-10670,-27.933994,-0.349175
115.2210,-10670,-27.933994,-0.349175
115.2310,-10670,-27.933994,-0.349175
115.2410,-10670,-27.933994,-0.349175
115.2510,-10670,-27.933994,-0.349175
115.2610,-10670,-27.933994,-0.349175
115.2710,-10671,-27.936613,-0.349208
115.2810,-10672,-27.939231,-0.349240
115.2920,-10672,-27.939231,-0.349240
115.3010,-10673,-27.941850,-0.349273
115.3110,-10673,-27.941850,-0.349273
115.3210,-10673,-27.941850,-0.349273
115.3310,-10674,-27.944469,-0.349306
115.3410,-10673,-27.941850,-0.349273
115.3510,-10673,-27.941850,-0.349273
115.3610,-10673,-27.941850,-0.349273
115.3710,-10673,-27.941850,-0.349273
115.3810,-10673,-27.941850,-0.349273
115.3910,-10673,-27.941850,-0.349273
115.4010,-10673,-27.941850,-0.349273
115.4110,-10674,-27.944469,-0.349306
115.4210,-10674,-27.944469,-0.349306
115.4310,-10675,-27.947084,-0.349339
115.4410,-10675,-27.947084,-0.349339
115.4510,-10675,-27.947084,-0.349339
115.4610,-10675,-27.947084,-0.349339
115.4710,-10676,-27.949703,-0.349371
115.4810,-10675,-27.947084,-0.349339
115.4910,-10675,-27.947084,-0.349339
115.5010,-10675,-27.947084,-0.349339
115.5110,-10675,-27.947084,-0.349339
115.5210,-10675,-27.947084,-0.349339
115.5310,-10675,-27.947084,-0.349339
115.5410,-10675,-27.947084,-0.349339
115.5510,-10676,-27.949703,-0.349371
115.5610,-10676,-27.949703,-0.349371
115.5710,-10676,-27.949703,-0.349371
115.5810,-10677,-27.952322,-0.349404
115.5910,-10677,-27.952322,-0.349404
115.6010,-10677,-27.952322,-0.349404
115.6110,-10677,-27.952322,-0.349404
115.6210,-10677,-27.952322,-0.349404
115.6310,-10677,-27.952322,-0.349404
115.6410,-10677,-27.952322,-0.349404
115.6510,-10677,-27.952322,-0.349404
115.6610,-10677,-27.952322,-0.349404
115.6710,-10677,-27.952322,-0.349404
115.6810,-10677,-27.952322,-0.349404
115.6910,-10677,-27.952322,-0.349404
115.7010,-10678,-27.954940,-0.349437
115.7110,-10678,-27.954940,-0.349437
115.7210,-10678,-27.954940,-0.349437
115.7310,-10678,-27.954940,-0.349437
115.7410,-10679,-27.957559,-0.349470
115.7510,-10679,-27.957559,-0.349470
115.7610,-10679,-27.957559,-0.349470
115.7710,-10679,-27.957559,-0.349470
115.7810,-10678,-27.954940,-0.349437
115.7910,-10679,-27.957559,-0.349470
115.8010,-10679,-27.957559,-0.349470
115.8110,-10679,-27.957559,-0.349470
115.8210,-10679,-27.957559,-0.349470
115.8310,-10679,-27.957559,-0.349470
115.8410,-10679,-27.957559,-0.349470
115.8510,-10679,-27.957559,-0.349470
115.8610,-10680,-27.960174,-0.349502
115.8710,-10680,-27.960174,-0.349502
115.8810,-10680,-27.960174,-0.349502
115.8910,-10680,-27.960174,-0.349502
115.9010,-10680,-27.960174,-0.349502
115.9110,-10680,-27.960174,-0.349502
115.9210,-10680,-27.960174,-0.349502
115.9320,-10680,-27.960174,-0.349502
115.9410,-10680,-27.960174,-0.349502
115.9510,-10680,-27.960174,-0.349502
115.9610,-10680,-27.960174,-0.349502
115.9710,-10680,-27.960174,-0.349502
115.9810,-10680,-27.960174,-0.349502
115.9910,-10680,-27.960174,-0.349502
116.0010,-10681,-27.962793,-0.349535
116.0110,-10681,-27.962793,-0.349535
116.0210,-10681,-27.962793,-0.349535
116.0310,-10681,-27.962793,-0.349535
116.0410,-10681,-27.962793,-0.349535
116.0510,-10681,-27.962793,-0.349535
116.0610,-10681,-27.962793,-0.349535
116.0710,-10681,-27.962793,-0.349535
116.0810,-10681,-27.962793,-0.349535
116.0910,-10681,-27.962793,-0.349535
116.1010,-10681,-27.962793,-0.349535
116.1110,-10681,-27.962793,-0.349535
116.1210,-10681,-27.962793,-0.349535
116.1310,-10681,-27.962793,-0.349535
116.1410,-10682,-27.965412,-0.349568
116.1510,-10682,-27.965412,-0.349568
116.1610,-10682,-27.965412,-0.349568
116.1710,-10682,-27.965412,-0.349568
116.1810,-10682,-27.965412,-0.349568
116.1910,-10681,-27.962793,-0.349535
116.2010,-10682,-27.965412,-0.349568
116.2110,-10682,-27.965412,-0.349568
116.2210,-10682,-27.965412,-0.349568
116.2310,-10682,-27.965412,-0.349568
116.2410,-10682,-27.965412,-0.349568
116.2510,-10682,-27.965412,-0.349568
116.2610,-10682,-27.965412,-0.349568
116.2710,-10682,-27.965412,-0.349568
116.2810,-10682,-27.965412,-0.349568
116.2910,-10682,-27.965412,-0.349568
116.3010,-10682,-27.965412,-0.349568
116.3110,-10682,-27.965412,-0.349568
116.3210,-10682,-27.965412,-0.349568
116.3310,-10682,-27.965412,-0.349568
116.3410,-10682,-27.965412,-0.349568
116.3510,-10682,-27.965412,-0.349568
116.3610,-10682,-27.965412,-0.349568
116.3710,-10682,-27.965412,-0.349568
116.3810,-10683,-27.968029,-0.349600
116.3910,-10683,-27.968029,-0.349600
116.4010,-10683,-27.968029,-0.349600
116.4110,-10683,-27.968029,-0.349600
116.4210,-10683,-27.968029,-0.349600
116.4310,-10683,-27.968029,-0.349600
116.4410,-10683,-27.968029,-0.349600
116.4510,-10683,-27.968029,-0.349600
116.4610,-10683,-27.968029,-0.349600
116.4710,-10683,-27.968029,-0.349600
116.4810,-10683,-27.968029,-0.349600
116.4910,-10683,-27.968029,-0.349600
116.5010,-10683,-27.968029,-0.349600
116.5110,-10683,-27.968029,-0.349600
116.5210,-10684,-27.970647,-0.349633
116.5310,-10684,-27.970647,-0.349633
116.5410,-10684,-27.970647,-0.349633
116.5510,-10684,-27.970647,-0.349633
116.5610,-10684,-27.970647,-0.349633
116.5720,-10684,-27.970647,-0.349633
116.5810,-10684,-27.970647,-0.349633
116.5910,-10684,-27.970647,-0.349633
116.6010,-10684,-27.970647,-0.349633
116.6110,-10684,-27.970647,-0.349633
116.6210,-10684,-27.970647,-0.349633
116.6310,-10684,-27.970647,-0.349633
116.6410,-10684,-27.970647,-0.349633
116.6510,-10684,-27.970647,-0.349633
116.6610,-10684,-27.970647,-0.349633
116.6710,-10684,-27.970647,-0.349633
116.6810,-10684,-27.970647,-0.349633
116.6910,-10685,-27.973264,-0.349666
116.7010,-10685,-27.973264,-0.349666
116.7110,-10685,-27.973264,-0.349666
116.7210,-10685,-27.973264,-0.349666
116.7310,-10685,-27.973264,-0.349666
116.7410,-10685,-27.973264,-0.349666
116.7510,-10684,-27.970647,-0.349633
116.7610,-10685,-27.973264,-0.349666
116.7710,-10685,-27.973264,-0.349666
116.7810,-10685,-27.973264,-0.349666
116.7910,-10685,-27.973264,-0.349666
116.8010,-10685,-27.973264,-0.349666
116.8110,-10685,-27.973264,-0.349666
116.8210,-10685,-27.973264,-0.349666
116.8310,-10685,-27.973264,-0.349666
116.8410,-10685,-27.973264,-0.349666
116.8510,-10685,-27.973264,-0.349666
116.8610,-10685,-27.973264,-0.349666
116.8710,-10685,-27.973264,-0.349666
116.8810,-10685,-27.973264,-0.349666
116.8910,-10685,-27.973264,-0.349666
116.9010,-10685,-27.973264,-0.349666
116.9110,-10685,-27.973264,-0.349666
116.9210,-10685,-27.973264,-0.349666
116.9310,-10685,-27.973264,-0.349666
116.9410,-10686,-27.975881,-0.349699
116.9510,-10686,-27.975881,-0.349699
116.9610,-10686,-27.975881,-0.349699
116.9710,-10686,-27.975881,-0.349699
116.9810,-10686,-27.975881,-0.349699
116.9910,-10686,-27.975881,-0.349699
117.0010,-10686,-27.975881,-0.349699
117.0110,-10686,-27.975881,-0.349699
117.0210,-10686,-27.975881,-0.349699
117.0310,-10686,-27.975881,-0.349699
117.0410,-10686,-27.975881,-0.349699
117.0510,-10686,-27.975881,-0.349699
117.0610,-10686,-27.975881,-0.349699
117.0710,-10686,-27.975881,-0.349699
117.0810,-10686,-27.975881,-0.349699
117.0910,-10686,-27.975881,-0.349699
117.1010,-10687,-27.978500,-0.349731
117.1110,-10687,-27.978500,-0.349731
117.1210,-10687,-27.978500,-0.349731
117.1310,-10687,-27.978500,-0.349731
117.1410,-10687,-27.978500,-0.349731
117.1510,-10687,-27.978500,-0.349731
117.1610,-10687,-27.978500,-0.349731
117.1710,-10687,-27.978500,-0.349731
117.1810,-10687,-27.978500,-0.349731
117.1910,-10687,-27.978500,-0.349731
117.2010,-10687,-27.978500,-0.349731
117.2120,-10687,-27.978500,-0.349731
117.2210,-10687,-27.978500,-0.349731
117.2310,-10687,-27.978500,-0.349731
117.2410,-10687,-27.978500,-0.349731
117.2510,-10688,-27.981119,-0.349764
117.2610,-10688,-27.981119,-0.349764
117.2710,-10688,-27.981119,-0.349764
117.2810,-10688,-27.981119,-0.349764
117.2910,-10688,-27.981119,-0.349764
117.3010,-10687,-27.978500,-0.349731
117.3110,-10688,-27.981119,-0.349764
117.3210,-10688,-27.981119,-0.349764
117.3310,-10688,-27.981119,-0.349764
117.3410,-10688,-27.981119,-0.349764
117.3510,-10688,-27.981119,-0.349764
117.3610,-10688,-27.981119,-0.349764
117.3710,-10688,-27.981119,-0.349764
117.3810,-10688,-27.981119,-0.349764
117.3910,-10688,-27.981119,-0.349764
117.4010,-10688,-27.981119,-0.349764
117.4110,-10688,-27.981119,-0.349764
117.4210,-10688,-27.981119,-0.349764
117.4310,-10688,-27.981119,-0.349764
117.4410,-10688,-27.981119,-0.349764
117.4510,-10689,-27.983737,-0.349797
117.4610,-10689,-27.983737,-0.349797
117.4710,-10689,-27.983737,-0.349797
117.4810,-10689,-27.983737,-0.349797
117.4910,-10689,-27.983737,-0.349797
117.5010,-10689,-27.983737,-0.349797
117.5110,-10690,-27.986356,-0.349829
117.5210,-10690,-27.986356,-0.349829
117.5310,-10690,-27.986356,-0.349829
117.5410,-10690,-27.986356,-0.349829
117.5510,-10690,-27.986356,-0.349829
117.5610,-10690,-27.986356,-0.349829
117.5710,-10690,-27.986356,-0.349829
117.5810,-10690,-27.986356,-0.349829
117.5910,-10691,-27.988971,-0.349862
117.6010,-10692,-27.991590,-0.349895
117.6110,-10692,-27.991590,-0.349895
117.6210,-10693,-27.994209,-0.349928
117.6310,-10694,-27.996828,-0.349960
117.6410,-10694,-27.996828,-0.349960
117.6510,-10695,-27.999446,-0.349993
117.6610,-10696,-28.002061,-0.350026
117.6710,-10696,-28.002061,-0.350026
117.6810,-10696,-28.002061,-0.350026
117.6910,-10696,-28.002061,-0.350026
117.7010,-10696,-28.002061,-0.350026
117.7110,-10696,-28.002061,-0.350026
117.7210,-10696,-28.002061,-0.350026
117.7310,-10697,-28.004680,-0.350059
117.7410,-10697,-28.004680,-0.350059
117.7510,-10697,-28.004680,-0.350059
117.7610,-10697,-28.004680,-0.350059
117.7710,-10698,-28.007299,-0.350091
117.7810,-10698,-28.007299,-0.350091
117.7910,-10698,-28.007299,-0.350091
117.8010,-10699,-28.009918,-0.350124
117.8110,-10699,-28.009918,-0.350124
117.8210,-10699,-28.009918,-0.350124
117.8310,-10699,-28.009918,-0.350124
117.8410,-10699,-28.009918,-0.350124
117.8520,-10699,-28.009918,-0.350124
117.8610,-10698,-28.007299,-0.350091
117.8710,-10699,-28.009918,-0.350124
117.8810,-10699,-28.009918,-0.350124
117.8910,-10699,-28.009918,-0.350124
117.9010,-10699,-28.009918,-0.350124
117.9110,-10699,-28.009918,-0.350124
117.9210,-10699,-28.009918,-0.350124
117.9310,-10700,-28.012537,-0.350157
117.9410,-10700,-28.012537,-0.350157
117.9510,-10700,-28.012537,-0.350157
117.9610,-10700,-28.012537,-0.350157
117.9710,-10700,-28.012537,-0.350157
117.9810,-10700,-28.012537,-0.350157
117.9910,-10700,-28.012537,-0.350157
118.0010,-10700,-28.012537,-0.350157
118.0110,-10700,-28.012537,-0.350157
118.0210,-10700,-28.012537,-0.350157
118.0310,-10700,-28.012537,-0.350157
118.0410,-10700,-28.012537,-0.350157
118.0510,-10700,-28.012537,-0.350157
118.0610,-10700,-28.012537,-0.350157
118.0710,-10701,-28.015151,-0.350189
118.0810,-10701,-28.015151,-0.350189
118.0910,-10701,-28.015151,-0.350189
118.1010,-10701,-28.015151,-0.350189
118.1110,-10701,-28.015151,-0.350189
118.1210,-10701,-28.015151,-0.350189
118.1310,-10701,-28.015151,-0.350189
118.1410,-10701,-28.015151,-0.350189
118.1510,-10701,-28.015151,-0.350189
118.1610,-10701,-28.015151,-0.350189
118.1710,-10701,-28.015151,-0.350189
118.1810,-10701,-28.015151,-0.350189
118.1910,-10701,-28.015151,-0.350189
118.2010,-10701,-28.015151,-0.350189
118.2110,-10702,-28.017770,-0.350222
118.2210,-10702,-28.017770,-0.350222
118.2310,-10702,-28.017770,-0.350222
118.2410,-10702,-28.017770,-0.350222
118.2510,-10702,-28.017770,-0.350222
118.2610,-10702,-28.017770,-0.350222
118.2710,-10702,-28.017770,-0.350222
118.2810,-10702,-28.017770,-0.350222
118.2910,-10702,-28.017770,-0.350222
118.3010,-10702,-28.017770,-0.350222
118.3110,-10702,-28.017770,-0.350222
118.3210,-10702,-28.017770,-0.350222
118.3310,-10702,-28.017770,-0.350222
118.3410,-10702,-28.017770,-0.350222
118.3510,-10702,-28.017770,-0.350222
118.3610,-10702,-28.017770,-0.350222
118.3710,-10702,-28.017770,-0.350222
118.3810,-10702,-28.017770,-0.350222
118.3910,-10702,-28.017770,-0.350222
118.4010,-10702,-28.017770,-0.350222
118.4110,-10702,-28.017770,-0.350222
118.4210,-10703,-28.020389,-0.350255
118.4310,-10703,-28.020389,-0.350255
118.4410,-10703,-28.020389,-0.350255
118.4510,-10703,-28.020389,-0.350255
118.4610,-10703,-28.020389,-0.350255
118.4710,-10703,-28.020389,-0.350255
118.4810,-10704,-28.023008,-0.350288
118.4920,-10704,-28.023008,-0.350288
118.5010,-10704,-28.023008,-0.350288
118.5110,-10704,-28.023008,-0.350288
118.5210,-10704,-28.023008,-0.350288
118.5310,-10704,-28.023008,-0.350288
118.5410,-10704,-28.023008,-0.350288
118.5510,-10704,-28.023008,-0.350288
118.5610,-10704,-28.023008,-0.350288
118.5710,-10704,-28.023008,-0.350288
118.5810,-10704,-28.023008,-0.350288
118.5910,-10704,-28.023008,-0.350288
118.6010,-10704,-28.023008,-0.350288
118.6110,-10704,-28.023008,-0.350288
118.6210,-10704,-28.023008,-0.350288
118.6310,-10704,-28.023008,-0.350288
118.6410,-10705,-28.025625,-0.350320
118.6510,-10705,-28.025625,-0.350320
118.6610,-10705,-28.025625,-0.350320
118.6710,-10705,-28.025625,-0.350320
118.6810,-10705,-28.025625,-0.350320
118.6910,-10704,-28.023008,-0.350288
118.7010,-10705,-28.025625,-0.350320
118.7110,-10705,-28.025625,-0.350320
118.7210,-10705,-28.025625,-0.350320
118.7310,-10705,-28.025625,-0.350320
118.7410,-10705,-28.025625,-0.350320
118.7510,-10705,-28.025625,-0.350320
118.7610,-10705,-28.025625,-0.350320
118.7710,-10705,-28.025625,-0.350320
118.7810,-10705,-28.025625,-0.350320
118.7910,-10705,-28.025625,-0.350320
118.8010,-10705,-28.025625,-0.350320
118.8110,-10705,-28.025625,-0.350320
118.8210,-10705,-28.025625,-0.350320
118.8310,-10705,-28.025625,-0.350320
118.8410,-10705,-28.025625,-0.350320
118.8510,-10705,-28.025625,-0.350320
118.8610,-10705,-28.025625,-0.350320
118.8710,-10705,-28.025625,-0.350320
118.8810,-10706,-28.028244,-0.350353
118.8910,-10706,-28.028244,-0.350353
118.9010,-10706,-28.028244,-0.350353
118.9110,-10706,-28.028244,-0.350353
118.9210,-10706,-28.028244,-0.350353
118.9310,-10706,-28.028244,-0.350353
118.9410,-10706,-28.028244,-0.350353
118.9510,-10706,-28.028244,-0.350353
118.9610,-10706,-28.028244,-0.350353
118.9710,-10706,-28.028244,-0.350353
118.9810,-10706,-28.028244,-0.350353
118.9910,-10706,-28.028244,-0.350353
119.0010,-10706,-28.028244,-0.350353
119.0110,-10706,-28.028244,-0.350353
119.0210,-10706,-28.028244,-0.350353
119.0310,-10706,-28.028244,-0.350353
119.0410,-10706,-28.028244,-0.350353
119.0510,-10706,-28.028244,-0.350353
119.0610,-10706,-28.028244,-0.350353
119.0710,-10706,-28.028244,-0.350353
119.0810,-10706,-28.028244,-0.350353
119.0910,-10706,-28.028244,-0.350353
119.1010,-10706,-28.028244,-0.350353
119.1110,-10706,-28.028244,-0.350353
119.1210,-10706,-28.028244,-0.350353
119.1320,-10706,-28.028244,-0.350353
119.1410,-10706,-28.028244,-0.350353
119.1510,-10706,-28.028244,-0.350353
119.1610,-10706,-28.028244,-0.350353
119.1710,-10706,-28.028244,-0.350353
119.1810,-10707,-28.030860,-0.350386
119.1910,-10707,-28.030860,-0.350386
119.2010,-10707,-28.030860,-0.350386
119.2110,-10707,-28.030860,-0.350386
119.2210,-10707,-28.030860,-0.350386
119.2310,-10707,-28.030860,-0.350386
119.2410,-10707,-28.030860,-0.350386
119.2510,-10707,-28.030860,-0.350386
119.2610,-10707,-28.030860,-0.350386
119.2710,-10707,-28.030860,-0.350386
119.2810,-10707,-28.030860,-0.350386
119.2910,-10707,-28.030860,-0.350386
119.3010,-10707,-28.030860,-0.350386
119.3110,-10707,-28.030860,-0.350386
119.3210,-10707,-28.030860,-0.350386
119.3310,-10707,-28.030860,-0.350386
119.3410,-10707,-28.030860,-0.350386
119.3510,-10707,-28.030860,-0.350386
119.3610,-10707,-28.030860,-0.350386
119.3710,-10707,-28.030860,-0.350386
119.3810,-10707,-28.030860,-0.350386
119.3910,-10707,-28.030860,-0.350386
119.4010,-10707,-28.030860,-0.350386
119.4110,-10707,-28.030860,-0.350386
119.4210,-10707,-28.030860,-0.350386
119.4310,-10707,-28.030860,-0.350386
119.4410,-10707,-28.030860,-0.350386
119.4510,-10707,-28.030860,-0.350386
119.4610,-10708,-28.033477,-0.350418
119.4710,-10708,-28.033477,-0.350418
119.4810,-10708,-28.033477,-0.350418
119.4910,-10708,-28.033477,-0.350418
119.5010,-10708,-28.033477,-0.350418
119.5110,-10708,-28.033477,-0.350418
119.5210,-10707,-28.030860,-0.350386
119.5310,-10707,-28.030860,-0.350386
119.5410,-10707,-28.030860,-0.350386
119.5510,-10707,-28.030860,-0.350386
119.5610,-10707,-28.030860,-0.350386
119.5710,-10708,-28.033477,-0.350418
119.5810,-10708,-28.033477,-0.350418
119.5910,-10708,-28.033477,-0.350418
119.6010,-10708,-28.033477,-0.350418
119.6110,-10708,-28.033477,-0.350418
119.6210,-10708,-28.033477,-0.350418
119.6310,-10708,-28.033477,-0.350418
119.6410,-10708,-28.033477,-0.350418
119.6510,-10708,-28.033477,-0.350418
119.6610,-10708,-28.033477,-0.350418
119.6710,-10708,-28.033477,-0.350418
119.6810,-10708,-28.033477,-0.350418
119.6910,-10708,-28.033477,-0.350418
119.7010,-10708,-28.033477,-0.350418
119.7110,-10708,-28.033477,-0.350418
119.7210,-10708,-28.033477,-0.350418
119.7310,-10708,-28.033477,-0.350418
119.7410,-10708,-28.033477,-0.350418
119.7510,-10708,-28.033477,-0.350418
119.7610,-10708,-28.033477,-0.350418
119.7720,-10708,-28.033477,-0.350418
119.7810,-10708,-28.033477,-0.350418
119.7910,-10708,-28.033477,-0.350418
119.8010,-10708,-28.033477,-0.350418
119.8110,-10708,-28.033477,-0.350418
119.8210,-10708,-28.033477,-0.350418
119.8310,-10708,-28.033477,-0.350418
119.8410,-10708,-28.033477,-0.350418
119.8510,-10708,-28.033477,-0.350418
119.8610,-10708,-28.033477,-0.350418
119.8710,-10708,-28.033477,-0.350418
119.8810,-10708,-28.033477,-0.350418
119.8910,-10708,-28.033477,-0.350418
119.9010,-10708,-28.033477,-0.350418
119.9110,-10708,-28.033477,-0.350418
119.9210,-10708,-28.033477,-0.350418
119.9310,-10708,-28.033477,-0.350418
119.9410,-10708,-28.033477,-0.350418
119.9510,-10708,-28.033477,-0.350418
119.9610,-10708,-28.033477,-0.350418
119.9710,-10708,-28.033477,-0.350418
119.9810,-10708,-28.033477,-0.350418
119.9910,-10708,-28.033477,-0.350418
120.0010,-10708,-28.033477,-0.350418
120.0110,-10709,-28.036096,-0.350451
120.0210,-10709,-28.036096,-0.350451
120.0310,-10709,-28.036096,-0.350451
120.0410,-10709,-28.036096,-0.350451
120.0510,-10709,-28.036096,-0.350451
120.0610,-10709,-28.036096,-0.350451
120.0710,-10709,-28.036096,-0.350451
120.0810,-10708,-28.033477,-0.350418
120.0910,-10709,-28.036096,-0.350451
120.1010,-10709,-28.036096,-0.350451
120.1110,-10709,-28.036096,-0.350451
120.1210,-10709,-28.036096,-0.350451
120.1310,-10709,-28.036096,-0.350451
120.1410,-10709,-28.036096,-0.350451
120.1510,-10709,-28.036096,-0.350451
120.1610,-10709,-28.036096,-0.350451
120.1710,-10709,-28.036096,-0.350451
120.1810,-10709,-28.036096,-0.350451
120.1910,-10709,-28.036096,-0.350451
120.2010,-10709,-28.036096,-0.350451
120.2110,-10709,-28.036096,-0.350451
120.2210,-10709,-28.036096,-0.350451
120.2310,-10709,-28.036096,-0.350451
120.2410,-10709,-28.036096,-0.350451
120.2510,-10709,-28.036096,-0.350451
120.2610,-10709,-28.036096,-0.350451
120.2710,-10709,-28.036096,-0.350451
120.2810,-10709,-28.036096,-0.350451
120.2910,-10709,-28.036096,-0.350451
120.3010,-10709,-28.036096,-0.350451
120.3110,-10709,-28.036096,-0.350451
120.3210,-10709,-28.036096,-0.350451
120.3310,-10709,-28.036096,-0.350451
120.3410,-10709,-28.036096,-0.350451
120.3510,-10709,-28.036096,-0.350451
120.3610,-10709,-28.036096,-0.350451
120.3710,-10709,-28.036096,-0.350451
120.3810,-10709,-28.036096,-0.350451
120.3910,-10709,-28.036096,-0.350451
120.4010,-10709,-28.036096,-0.350451
120.4120,-10710,-28.038715,-0.350484
120.4210,-10710,-28.038715,-0.350484
120.4310,-10710,-28.038715,-0.350484
120.4410,-10710,-28.038715,-0.350484
120.4510,-10710,-28.038715,-0.350484
120.4610,-10710,-28.038715,-0.350484
120.4710,-10710,-28.038715,-0.350484
120.4810,-10710,-28.038715,-0.350484
120.4910,-10710,-28.038715,-0.350484
120.5010,-10710,-28.038715,-0.350484
120.5110,-10710,-28.038715,-0.350484
120.5210,-10710,-28.038715,-0.350484
120.5310,-10710,-28.038715,-0.350484
120.5410,-10710,-28.038715,-0.350484
120.5510,-10710,-28.038715,-0.350484
120.5610,-10710,-28.038715,-0.350484
120.5710,-10710,-28.038715,-0.350484
120.5810,-10710,-28.038715,-0.350484
120.5910,-10710,-28.038715,-0.350484
120.6010,-10710,-28.038715,-0.350484
120.6110,-10710,-28.038715,-0.350484
120.6210,-10710,-28.038715,-0.350484
120.6310,-10710,-28.038715,-0.350484
120.6410,-10710,-28.038715,-0.350484
120.6510,-10710,-28.038715,-0.350484
120.6610,-10710,-28.038715,-0.350484
120.6710,-10710,-28.038715,-0.350484
120.6810,-10710,-28.038715,-0.350484
120.6910,-10710,-28.038715,-0.350484
120.7010,-10710,-28.038715,-0.350484
120.7110,-10710,-28.038715,-0.350484
120.7210,-10710,-28.038715,-0.350484
120.7310,-10710,-28.038715,-0.350484
120.7410,-10710,-28.038715,-0.350484
120.7510,-10710,-28.038715,-0.350484
120.7610,-10710,-28.038715,-0.350484
120.7710,-10710,-28.038715,-0.350484
120.7810,-10710,-28.038715,-0.350484
120.7910,-10710,-28.038715,-0.350484
120.8010,-10710,-28.038715,-0.350484
120.8110,-10710,-28.038715,-0.350484
120.8210,-10710,-28.038715,-0.350484
120.8310,-10710,-28.038715,-0.350484
120.8410,-10711,-28.041334,-0.350517
120.8510,-10711,-28.041334,-0.350517
120.8610,-10711,-28.041334,-0.350517
120.8710,-10711,-28.041334,-0.350517
120.8810,-10711,-28.041334,-0.350517
120.8910,-10711,-28.041334,-0.350517
120.9010,-10711,-28.041334,-0.350517
120.9110,-10710,-28.038715,-0.350484
120.9210,-10710,-28.038715,-0.350484
120.9310,-10710,-28.038715,-0.350484
120.9410,-10710,-28.038715,-0.350484
120.9510,-10710,-28.038715,-0.350484
120.9610,-10711,-28.041334,-0.350517
120.9710,-10711,-28.041334,-0.350517
120.9810,-10711,-28.041334,-0.350517
120.9910,-10711,-28.041334,-0.350517
121.0010,-10711,-28.041334,-0.350517
121.0110,-10711,-28.041334,-0.350517
121.0210,-10711,-28.041334,-0.350517
121.0310,-10711,-28.041334,-0.350517
121.0410,-10711,-28.041334,-0.350517
121.0520,-10711,-28.041334,-0.350517
121.0610,-10711,-28.041334,-0.350517
121.0710,-10711,-28.041334,-0.350517
121.0810,-10711,-28.041334,-0.350517
121.0910,-10711,-28.041334,-0.350517
121.1010,-10711,-28.041334,-0.350517
121.1110,-10711,-28.041334,-0.350517
121.1210,-10711,-28.041334,-0.350517
121.1310,-10711,-28.041334,-0.350517
121.1410,-10711,-28.041334,-0.350517
121.1510,-10711,-28.041334,-0.350517
121.1610,-10711,-28.041334,-0.350517
121.1710,-10711,-28.041334,-0.350517
121.1810,-10711,-28.041334,-0.350517
121.1910,-10711,-28.041334,-0.350517
121.2010,-10711,-28.041334,-0.350517
121.2110,-10711,-28.041334,-0.350517
121.2210,-10711,-28.041334,-0.350517
121.2310,-10711,-28.041334,-0.350517
121.2410,-10711,-28.041334,-0.350517
121.2510,-10711,-28.041334,-0.350517
121.2610,-10711,-28.041334,-0.350517
121.2710,-10711,-28.041334,-0.350517
121.2810,-10711,-28.041334,-0.350517
121.2910,-10711,-28.041334,-0.350517
121.3010,-10711,-28.041334,-0.350517
121.3110,-10711,-28.041334,-0.350517
121.3210,-10711,-28.041334,-0.350517
121.3310,-10711,-28.041334,-0.350517
121.3410,-10711,-28.041334,-0.350517
121.3510,-10711,-28.041334,-0.350517
121.3610,-10711,-28.041334,-0.350517
121.3710,-10711,-28.041334,-0.350517
121.3810,-10711,-28.041334,-0.350517
121.3910,-10711,-28.041334,-0.350517
121.4010,-10711,-28.041334,-0.350517
121.4110,-10711,-28.041334,-0.350517
121.4210,-10711,-28.041334,-0.350517
121.4310,-10711,-28.041334,-0.350517
121.4410,-10711,-28.041334,-0.350517
121.4510,-10711,-28.041334,-0.350517
121.4610,-10711,-28.041334,-0.350517
121.4710,-10711,-28.041334,-0.350517
121.4810,-10711,-28.041334,-0.350517
121.4910,-10711,-28.041334,-0.350517
121.5010,-10711,-28.041334,-0.350517
121.5110,-10711,-28.041334,-0.350517
121.5210,-10712,-28.043949,-0.350549
121.5310,-10712,-28.043949,-0.350549
121.5410,-10712,-28.043949,-0.350549
121.5510,-10712,-28.043949,-0.350549
121.5610,-10712,-28.043949,-0.350549
121.5710,-10712,-28.043949,-0.350549
121.5810,-10712,-28.043949,-0.350549
121.5910,-10712,-28.043949,-0.350549
121.6010,-10711,-28.041334,-0.350517
121.6110,-10711,-28.041334,-0.350517
121.6210,-10711,-28.041334,-0.350517
121.6310,-10711,-28.041334,-0.350517
121.6410,-10711,-28.041334,-0.350517
121.6510,-10712,-28.043949,-0.350549
121.6610,-10712,-28.043949,-0.350549
121.6710,-10712,-28.043949,-0.350549
121.6810,-10712,-28.043949,-0.350549
121.6920,-10712,-28.043949,-0.350549
121.7010,-10712,-28.043949,-0.350549
121.7110,-10712,-28.043949,-0.350549
121.7210,-10712,-28.043949,-0.350549
121.7310,-10712,-28.043949,-0.350549
121.7410,-10712,-28.043949,-0.350549
121.7510,-10712,-28.043949,-0.350549
121.7610,-10712,-28.043949,-0.350549
121.7710,-10712,-28.043949,-0.350549
121.7810,-10712,-28.043949,-0.350549
121.7910,-10712,-28.043949,-0.350549
121.8010,-10712,-28.043949,-0.350549
121.8110,-10712,-28.043949,-0.350549
121.8210,-10712,-28.043949,-0.350549
121.8310,-10712,-28.043949,-0.350549
121.8410,-10712,-28.043949,-0.350549
121.8510,-10712,-28.043949,-0.350549
121.8610,-10712,-28.043949,-0.350549
121.8710,-10712,-28.043949,-0.350549
121.8810,-10712,-28.043949,-0.350549
121.8910,-10712,-28.043949,-0.350549
121.9010,-10712,-28.043949,-0.350549
121.9110,-10712,-28.043949,-0.350549
121.9210,-10712,-28.043949,-0.350549
121.9310,-10712,-28.043949,-0.350549
121.9410,-10712,-28.043949,-0.350549
121.9510,-10712,-28.043949,-0.350549
121.9610,-10712,-28.043949,-0.350549
121.9710,-10712,-28.043949,-0.350549
121.9810,-10712,-28.043949,-0.350549
121.9910,-10712,-28.043949,-0.350549
122.0010,-10712,-28.043949,-0.350549
122.0110,-10712,-28.043949,-0.350549
122.0210,-10712,-28.043949,-0.350549
122.0310,-10712,-28.043949,-0.350549
122.0410,-10712,-28.043949,-0.350549
122.0510,-10712,-28.043949,-0.350549
122.0610,-10712,-28.043949,-0.350549
122.0710,-10712,-28.043949,-0.350549
122.0810,-10712,-28.043949,-0.350549
122.0910,-10712,-28.043949,-0.350549
122.1010,-10712,-28.043949,-0.350549
122.1110,-10712,-28.043949,-0.350549
122.1210,-10712,-28.043949,-0.350549
122.1310,-10712,-28.043949,-0.350549
122.1410,-10712,-28.043949,-0.350549
122.1510,-10712,-28.043949,-0.350549
122.1610,-10712,-28.043949,-0.350549
122.1710,-10712,-28.043949,-0.350549
122.1810,-10712,-28.043949,-0.350549
122.1910,-10712,-28.043949,-0.350549
122.2010,-10712,-28.043949,-0.350549
122.2110,-10712,-28.043949,-0.350549
122.2210,-10712,-28.043949,-0.350549
122.2310,-10712,-28.043949,-0.350549
122.2410,-10713,-28.046567,-0.350582
122.2510,-10713,-28.046567,-0.350582
122.2610,-10713,-28.046567,-0.350582
122.2710,-10713,-28.046567,-0.350582
122.2810,-10712,-28.043949,-0.350549
122.2910,-10712,-28.043949,-0.350549
122.3010,-10712,-28.043949,-0.350549
122.3110,-10712,-28.043949,-0.350549
122.3210,-10712,-28.043949,-0.350549
122.3320,-10712,-28.043949,-0.350549
122.3410,-10712,-28.043949,-0.350549
122.3510,-10713,-28.046567,-0.350582
122.3610,-10713,-28.046567,-0.350582
122.3710,-10713,-28.046567,-0.350582
122.3810,-10713,-28.046567,-0.350582
122.3910,-10713,-28.046567,-0.350582
122.4010,-10713,-28.046567,-0.350582
122.4110,-10713,-28.046567,-0.350582
122.4210,-10713,-28.046567,-0.350582
122.4310,-10713,-28.046567,-0.350582
122.4410,-10713,-28.046567,-0.350582
122.4510,-10713,-28.046567,-0.350582
122.4610,-10713,-28.046567,-0.350582
122.4710,-10713,-28.046567,-0.350582
122.4810,-10713,-28.046567,-0.350582
122.4910,-10713,-28.046567,-0.350582
122.5010,-10713,-28.046567,-0.350582
122.5110,-10713,-28.046567,-0.350582
122.5210,-10713,-28.046567,-0.350582
122.5310,-10713,-28.046567,-0.350582
122.5410,-10713,-28.046567,-0.350582
122.5510,-10713,-28.046567,-0.350582
122.5610,-10713,-28.046567,-0.350582
122.5710,-10713,-28.046567,-0.350582
122.5810,-10713,-28.046567,-0.350582
122.5910,-10713,-28.046567,-0.350582
122.6010,-10713,-28.046567,-0.350582
122.6110,-10713,-28.046567,-0.350582
122.6210,-10713,-28.046567,-0.350582
122.6310,-10713,-28.046567,-0.350582
122.6410,-10713,-28.046567,-0.350582
122.6510,-10713,-28.046567,-0.350582
122.6610,-10713,-28.046567,-0.350582
122.6710,-10713,-28.046567,-0.350582
122.6810,-10713,-28.046567,-0.350582
122.6910,-10713,-28.046567,-0.350582
122.7010,-10713,-28.046567,-0.350582
122.7110,-10713,-28.046567,-0.350582
122.7210,-10713,-28.046567,-0.350582
122.7310,-10713,-28.046567,-0.350582
122.7410,-10713,-28.046567,-0.350582
122.7510,-10713,-28.046567,-0.350582
122.7610,-10713,-28.046567,-0.350582
122.7710,-10713,-28.046567,-0.350582
122.7810,-10713,-28.046567,-0.350582
122.7910,-10714,-28.049186,-0.350615
122.8010,-10714,-28.049186,-0.350615
122.8110,-10714,-28.049186,-0.350615
122.8210,-10714,-28.049186,-0.350615
122.8310,-10713,-28.046567,-0.350582
122.8410,-10713,-28.046567,-0.350582
122.8510,-10713,-28.046567,-0.350582
122.8610,-10713,-28.046567,-0.350582
122.8710,-10713,-28.046567,-0.350582
122.8810,-10713,-28.046567,-0.350582
122.8910,-10713,-28.046567,-0.350582
122.9010,-10714,-28.049186,-0.350615
122.9110,-10714,-28.049186,-0.350615
122.9210,-10714,-28.049186,-0.350615
122.9310,-10714,-28.049186,-0.350615
122.9410,-10714,-28.049186,-0.350615
122.9510,-10714,-28.049186,-0.350615
122.9610,-10714,-28.049186,-0.350615
122.9720,-10714,-28.049186,-0.350615
122.9810,-10714,-28.049186,-0.350615
122.9910,-10714,-28.049186,-0.350615
123.0010,-10714,-28.049186,-0.350615
123.0110,-10714,-28.049186,-0.350615
123.0210,-10714,-28.049186,-0.350615
123.0310,-10714,-28.049186,-0.350615
123.0410,-10714,-28.049186,-0.350615
123.0510,-10714,-28.049186,-0.350615
123.0610,-10714,-28.049186,-0.350615
123.0710,-10714,-28.049186,-0.350615
123.0810,-10714,-28.049186,-0.350615
123.0910,-10714,-28.049186,-0.350615
123.1010,-10714,-28.049186,-0.350615
123.1110,-10714,-28.049186,-0.350615
123.1210,-10714,-28.049186,-0.350615
123.1310,-10714,-28.049186,-0.350615
123.1410,-10714,-28.049186,-0.350615
123.1510,-10714,-28.049186,-0.350615
123.1610,-10714,-28.049186,-0.350615
123.1710,-10714,-28.049186,-0.350615
123.1810,-10714,-28.049186,-0.350615
123.1910,-10714,-28.049186,-0.350615
123.2010,-10714,-28.049186,-0.350615
123.2110,-10714,-28.049186,-0.350615
123.2210,-10714,-28.049186,-0.350615
123.2310,-10714,-28.049186,-0.350615
123.2410,-10714,-28.049186,-0.350615
123.2510,-10714,-28.049186,-0.350615
123.2610,-10714,-28.049186,-0.350615
123.2710,-10714,-28.049186,-0.350615
123.2810,-10714,-28.049186,-0.350615
123.2910,-10714,-28.049186,-0.350615
123.3010,-10714,-28.049186,-0.350615
123.3110,-10714,-28.049186,-0.350615
123.3210,-10714,-28.049186,-0.350615
123.3310,-10714,-28.049186,-0.350615
123.3410,-10714,-28.049186,-0.350615
123.3510,-10714,-28.049186,-0.350615
123.3610,-10714,-28.049186,-0.350615
123.3710,-10714,-28.049186,-0.350615
123.3810,-10714,-28.049186,-0.350615
123.3910,-10714,-28.049186,-0.350615
123.4010,-10714,-28.049186,-0.350615
123.4110,-10714,-28.049186,-0.350615
123.4210,-10714,-28.049186,-0.350615
123.4310,-10714,-28.049186,-0.350615
123.4410,-10714,-28.049186,-0.350615
123.4510,-10714,-28.049186,-0.350615
123.4610,-10715,-28.051805,-0.350648
123.4710,-10715,-28.051805,-0.350648
123.4810,-10715,-28.051805,-0.350648
123.4910,-10715,-28.051805,-0.350648
123.5010,-10715,-28.051805,-0.350648
123.5110,-10715,-28.051805,-0.350648
123.5210,-10715,-28.051805,-0.350648
123.5310,-10715,-28.051805,-0.350648
123.5410,-10715,-28.051805,-0.350648
123.5510,-10714,-28.049186,-0.350615
123.5610,-10715,-28.051805,-0.350648
123.5710,-10715,-28.051805,-0.350648
123.5810,-10715,-28.051805,-0.350648
123.5910,-10715,-28.051805,-0.350648
123.6010,-10715,-28.051805,-0.350648
123.6120,-10715,-28.051805,-0.350648
123.6210,-10715,-28.051805,-0.350648
123.6310,-10715,-28.051805,-0.350648
123.6410,-10715,-28.051805,-0.350648
123.6510,-10715,-28.051805,-0.350648
123.6610,-10715,-28.051805,-0.350648
123.6710,-10715,-28.051805,-0.350648
123.6810,-10715,-28.051805,-0.350648
123.6910,-10715,-28.051805,-0.350648
123.7010,-10715,-28.051805,-0.350648
123.7110,-10715,-28.051805,-0.350648
123.7210,-10715,-28.051805,-0.350648
123.7310,-10715,-28.051805,-0.350648
123.7410,-10715,-28.051805,-0.350648
123.7510,-10715,-28.051805,-0.350648
123.7610,-10715,-28.051805,-0.350648
123.7710,-10715,-28.051805,-0.350648
123.7810,-10715,-28.051805,-0.350648
123.7910,-10715,-28.051805,-0.350648
123.8010,-10715,-28.051805,-0.350648
123.8110,-10715,-28.051805,-0.350648
123.8210,-10715,-28.051805,-0.350648
123.8310,-10715,-28.051805,-0.350648
123.8410,-10715,-28.051805,-0.350648
123.8510,-10715,-28.051805,-0.350648
123.8610,-10715,-28.051805,-0.350648
123.8710,-10715,-28.051805,-0.350648
123.8810,-10715,-28.051805,-0.350648
123.8910,-10715,-28.051805,-0.350648
123.9010,-10715,-28.051805,-0.350648
123.9110,-10715,-28.051805,-0.350648
123.9210,-10715,-28.051805,-0.350648
123.9310,-10715,-28.051805,-0.350648
123.9410,-10715,-28.051805,-0.350648
123.9510,-10715,-28.051805,-0.350648
123.9610,-10715,-28.051805,-0.350648
123.9710,-10715,-28.051805,-0.350648
123.9810,-10715,-28.051805,-0.350648
123.9910,-10715,-28.051805,-0.350648
124.0010,-10715,-28.051805,-0.350648
124.0110,-10715,-28.051805,-0.350648
124.0210,-10715,-28.051805,-0.350648
124.0310,-10716,-28.054424,-0.350680
124.0410,-10716,-28.054424,-0.350680
124.0510,-10716,-28.054424,-0.350680
124.0610,-10716,-28.054424,-0.350680
124.0710,-10716,-28.054424,-0.350680
124.0810,-10716,-28.054424,-0.350680
124.0910,-10716,-28.054424,-0.350680
124.1010,-10715,-28.051805,-0.350648
124.1110,-10715,-28.051805,-0.350648
124.1210,-10715,-28.051805,-0.350648
124.1310,-10715,-28.051805,-0.350648
124.1410,-10715,-28.051805,-0.350648
124.1510,-10716,-28.054424,-0.350680
124.1610,-10716,-28.054424,-0.350680
124.1710,-10716,-28.054424,-0.350680
124.1810,-10716,-28.054424,-0.350680
124.1910,-10716,-28.054424,-0.350680
124.2010,-10716,-28.054424,-0.350680
124.2110,-10716,-28.054424,-0.350680
124.2210,-10716,-28.054424,-0.350680
124.2310,-10716,-28.054424,-0.350680
124.2410,-10716,-28.054424,-0.350680
124.2520,-10716,-28.054424,-0.350680
124.2610,-10716,-28.054424,-0.350680
124.2710,-10716,-28.054424,-0.350680
124.2810,-10716,-28.054424,-0.350680
124.2910,-10716,-28.054424,-0.350680
124.3010,-10716,-28.054424,-0.350680
124.3110,-10716,-28.054424,-0.350680
124.3210,-10716,-28.054424,-0.350680
124.3310,-10716,-28.054424,-0.350680
124.3410,-10716,-28.054424,-0.350680
124.3510,-10716,-28.054424,-0.350680
124.3610,-10716,-28.054424,-0.350680
124.3710,-10716,-28.054424,-0.350680
124.3810,-10716,-28.054424,-0.350680
124.3910,-10716,-28.054424,-0.350680
124.4010,-10716,-28.054424,-0.350680
124.4110,-10716,-28.054424,-0.350680
124.4210,-10716,-28.054424,-0.350680
124.4310,-10716,-28.054424,-0.350680
124.4410,-10716,-28.054424,-0.350680
124.4510,-10716,-28.054424,-0.350680
124.4610,-10716,-28.054424,-0.350680
124.4710,-10716,-28.054424,-0.350680
124.4810,-10716,-28.054424,-0.350680
124.4910,-10716,-28.054424,-0.350680
124.5010,-10716,-28.054424,-0.350680
124.5110,-10716,-28.054424,-0.350680
124.5210,-10716,-28.054424,-0.350680
124.5310,-10716,-28.054424,-0.350680
124.5410,-10716,-28.054424,-0.350680
124.5510,-10716,-28.054424,-0.350680
124.5610,-10716,-28.054424,-0.350680
124.5710,-10716,-28.054424,-0.350680
124.5810,-10716,-28.054424,-0.350680
124.5910,-10716,-28.054424,-0.350680
124.6010,-10716,-28.054424,-0.350680
124.6110,-10716,-28.054424,-0.350680
124.6210,-10716,-28.054424,-0.350680
124.6310,-10716,-28.054424,-0.350680
124.6410,-10716,-28.054424,-0.350680
124.6510,-10716,-28.054424,-0.350680
124.6610,-10716,-28.054424,-0.350680
124.6710,-10716,-28.054424,-0.350680
124.6810,-10716,-28.054424,-0.350680
124.6910,-10716,-28.054424,-0.350680
124.7010,-10716,-28.054424,-0.350680
124.7110,-10717,-28.057039,-0.350713
124.7210,-10717,-28.057039,-0.350713
124.7310,-10717,-28.057039,-0.350713
124.7410,-10717,-28.057039,-0.350713
124.7510,-10717,-28.057039,-0.350713
124.7610,-10717,-28.057039,-0.350713
124.7710,-10717,-28.057039,-0.350713
124.7810,-10717,-28.057039,-0.350713
124.7910,-10717,-28.057039,-0.350713
124.8010,-10717,-28.057039,-0.350713
124.8110,-10717,-28.057039,-0.350713
124.8210,-10717,-28.057039,-0.350713
124.8310,-10717,-28.057039,-0.350713
124.8410,-10717,-28.057039,-0.350713
124.8510,-10717,-28.057039,-0.350713
124.8610,-10717,-28.057039,-0.350713
124.8710,-10717,-28.057039,-0.350713
124.8810,-10717,-28.057039,-0.350713
124.8920,-10717,-28.057039,-0.350713
124.9010,-10717,-28.057039,-0.350713
124.9110,-10717,-28.057039,-0.350713
124.9210,-10717,-28.057039,-0.350713
124.9310,-10717,-28.057039,-0.350713
124.9410,-10717,-28.057039,-0.350713
124.9510,-10717,-28.057039,-0.350713
124.9610,-10717,-28.057039,-0.350713
124.9710,-10717,-28.057039,-0.350713
124.9810,-10717,-28.057039,-0.350713
124.9910,-10717,-28.057039,-0.350713
125.0010,-10717,-28.057039,-0.350713
125.0110,-10717,-28.057039,-0.350713
125.0210,-10717,-28.057039,-0.350713
125.0310,-10717,-28.057039,-0.350713
125.0410,-10717,-28.057039,-0.350713
125.0510,-10717,-28.057039,-0.350713
125.0610,-10717,-28.057039,-0.350713
125.0710,-10717,-28.057039,-0.350713
125.0810,-10717,-28.057039,-0.350713
125.0910,-10717,-28.057039,-0.350713
125.1010,-10717,-28.057039,-0.350713
125.1110,-10717,-28.057039,-0.350713
125.1210,-10717,-28.057039,-0.350713
125.1310,-10717,-28.057039,-0.350713
125.1410,-10718,-28.059658,-0.350746
125.1510,-10718,-28.059658,-0.350746
125.1610,-10718,-28.059658,-0.350746
125.1710,-10718,-28.059658,-0.350746
125.1810,-10718,-28.059658,-0.350746
125.1910,-10717,-28.057039,-0.350713
125.2010,-10717,-28.057039,-0.350713
125.2110,-10717,-28.057039,-0.350713
125.2210,-10717,-28.057039,-0.350713
125.2310,-10717,-28.057039,-0.350713
125.2410,-10717,-28.057039,-0.350713
125.2510,-10717,-28.057039,-0.350713
125.2610,-10718,-28.059658,-0.350746
125.2710,-10718,-28.059658,-0.350746
125.2810,-10718,-28.059658,-0.350746
125.2910,-10718,-28.059658,-0.350746
125.3010,-10718,-28.059658,-0.350746
125.3110,-10718,-28.059658,-0.350746
125.3210,-10718,-28.059658,-0.350746
125.3310,-10718,-28.059658,-0.350746
125.3410,-10718,-28.059658,-0.350746
125.3510,-10718,-28.059658,-0.350746
125.3610,-10718,-28.059658,-0.350746
125.3710,-10718,-28.059658,-0.350746
125.3810,-10718,-28.059658,-0.350746
125.3910,-10718,-28.059658,-0.350746
125.4010,-10718,-28.059658,-0.350746
125.4110,-10718,-28.059658,-0.350746
125.4210,-10718,-28.059658,-0.350746
125.4310,-10718,-28.059658,-0.350746
125.4410,-10718,-28.059658,-0.350746
125.4510,-10718,-28.059658,-0.350746
125.4610,-10718,-28.059658,-0.350746
125.4710,-10718,-28.059658,-0.350746
125.4810,-10718,-28.059658,-0.350746
125.4910,-10718,-28.059658,-0.350746
125.5010,-10718,-28.059658,-0.350746
125.5110,-10718,-28.059658,-0.350746
125.5210,-10718,-28.059658,-0.350746
125.5320,-10718,-28.059658,-0.350746
125.5410,-10719,-28.062276,-0.350778
125.5510,-10719,-28.062276,-0.350778
125.5610,-10719,-28.062276,-0.350778
125.5710,-10719,-28.062276,-0.350778
125.5810,-10719,-28.062276,-0.350778
125.5910,-10719,-28.062276,-0.350778
125.6010,-10719,-28.062276,-0.350778
125.6110,-10719,-28.062276,-0.350778
125.6210,-10719,-28.062276,-0.350778
125.6310,-10719,-28.062276,-0.350778
125.6410,-10719,-28.062276,-0.350778
125.6510,-10719,-28.062276,-0.350778
125.6610,-10719,-28.062276,-0.350778
125.6710,-10719,-28.062276,-0.350778
125.6810,-10719,-28.062276,-0.350778
125.6910,-10719,-28.062276,-0.350778
125.7010,-10720,-28.064895,-0.350811
125.7110,-10720,-28.064895,-0.350811
125.7210,-10720,-28.064895,-0.350811
125.7310,-10720,-28.064895,-0.350811
125.7410,-10720,-28.064895,-0.350811
125.7510,-10720,-28.064895,-0.350811
125.7610,-10720,-28.064895,-0.350811
125.7710,-10720,-28.064895,-0.350811
125.7810,-10720,-28.064895,-0.350811
125.7910,-10720,-28.064895,-0.350811
125.8010,-10720,-28.064895,-0.350811
125.8110,-10720,-28.064895,-0.350811
125.8210,-10720,-28.064895,-0.350811
125.8310,-10720,-28.064895,-0.350811
125.8410,-10721,-28.067514,-0.350844
125.8510,-10721,-28.067514,-0.350844
125.8610,-10721,-28.067514,-0.350844
125.8710,-10721,-28.067514,-0.350844
125.8810,-10721,-28.067514,-0.350844
125.8910,-10721,-28.067514,-0.350844
125.9010,-10720,-28.064895,-0.350811
125.9110,-10721,-28.067514,-0.350844
125.9210,-10721,-28.067514,-0.350844
125.9310,-10721,-28.067514,-0.350844
125.9410,-10721,-28.067514,-0.350844
125.9510,-10721,-28.067514,-0.350844
125.9610,-10721,-28.067514,-0.350844
125.9710,-10722,-28.070133,-0.350877
125.9810,-10722,-28.070133,-0.350877
125.9910,-10722,-28.070133,-0.350877
126.0010,-10722,-28.070133,-0.350877
126.0110,-10722,-28.070133,-0.350877
126.0210,-10722,-28.070133,-0.350877
126.0310,-10722,-28.070133,-0.350877
126.0410,-10722,-28.070133,-0.350877
126.0510,-10722,-28.070133,-0.350877
126.0610,-10722,-28.070133,-0.350877
126.0710,-10722,-28.070133,-0.350877
126.0810,-10722,-28.070133,-0.350877
126.0910,-10723,-28.072748,-0.350909
126.1010,-10723,-28.072748,-0.350909
126.1110,-10723,-28.072748,-0.350909
126.1210,-10723,-28.072748,-0.350909
126.1310,-10723,-28.072748,-0.350909
126.1410,-10723,-28.072748,-0.350909
126.1510,-10723,-28.072748,-0.350909
126.1610,-10723,-28.072748,-0.350909
126.1720,-10723,-28.072748,-0.350909
126.1810,-10723,-28.072748,-0.350909
126.1910,-10723,-28.072748,-0.350909
126.2010,-10723,-28.072748,-0.350909
126.2110,-10723,-28.072748,-0.350909
126.2210,-10723,-28.072748,-0.350909
126.2310,-10724,-28.075366,-0.350942
126.2410,-10724,-28.075366,-0.350942
126.2510,-10724,-28.075366,-0.350942
126.2610,-10724,-28.075366,-0.350942
126.2710,-10724,-28.075366,-0.350942
126.2810,-10724,-28.075366,-0.350942
126.2910,-10724,-28.075366,-0.350942
126.3010,-10724,-28.075366,-0.350942
126.3110,-10724,-28.075366,-0.350942
126.3210,-10724,-28.075366,-0.350942
126.3310,-10725,-28.077985,-0.350975
126.3410,-10725,-28.077985,-0.350975
126.3510,-10725,-28.077985,-0.350975
126.3610,-10725,-28.077985,-0.350975
126.3710,-10726,-28.080604,-0.351008
126.3810,-10726,-28.080604,-0.351008
126.3910,-10726,-28.080604,-0.351008
126.4010,-10726,-28.080604,-0.351008
126.4110,-10727,-28.083221,-0.351040
126.4210,-10727,-28.083221,-0.351040
126.4310,-10727,-28.083221,-0.351040
126.4410,-10726,-28.080604,-0.351008
126.4510,-10726,-28.080604,-0.351008
126.4610,-10726,-28.080604,-0.351008
126.4710,-10726,-28.080604,-0.351008
126.4810,-10727,-28.083221,-0.351040
126.4910,-10727,-28.083221,-0.351040
126.5010,-10727,-28.083221,-0.351040
126.5110,-10728,-28.085838,-0.351073
126.5210,-10728,-28.085838,-0.351073
126.5310,-10728,-28.085838,-0.351073
126.5410,-10729,-28.088457,-0.351106
126.5510,-10729,-28.088457,-0.351106
126.5610,-10729,-28.088457,-0.351106
126.5710,-10729,-28.088457,-0.351106
126.5810,-10729,-28.088457,-0.351106
126.5910,-10729,-28.088457,-0.351106
126.6010,-10728,-28.085838,-0.351073
126.6110,-10729,-28.088457,-0.351106
126.6210,-10729,-28.088457,-0.351106
126.6310,-10729,-28.088457,-0.351106
126.6410,-10729,-28.088457,-0.351106
126.6510,-10729,-28.088457,-0.351106
126.6610,-10729,-28.088457,-0.351106
126.6710,-10730,-28.091073,-0.351138
126.6810,-10730,-28.091073,-0.351138
126.6910,-10730,-28.091073,-0.351138
126.7010,-10730,-28.091073,-0.351138
126.7110,-10730,-28.091073,-0.351138
126.7210,-10730,-28.091073,-0.351138
126.7310,-10730,-28.091073,-0.351138
126.7410,-10730,-28.091073,-0.351138
126.7510,-10730,-28.091073,-0.351138
126.7610,-10730,-28.091073,-0.351138
126.7710,-10730,-28.091073,-0.351138
126.7810,-10730,-28.091073,-0.351138
126.7910,-10731,-28.093692,-0.351171
126.8010,-10731,-28.093692,-0.351171
126.8120,-10731,-28.093692,-0.351171
126.8210,-10731,-28.093692,-0.351171
126.8310,-10731,-28.093692,-0.351171
126.8410,-10732,-28.096311,-0.351204
126.8510,-10732,-28.096311,-0.351204
126.8610,-10732,-28.096311,-0.351204
126.8710,-10731,-28.093692,-0.351171
126.8810,-10731,-28.093692,-0.351171
126.8910,-10732,-28.096311,-0.351204
126.9010,-10732,-28.096311,-0.351204
126.9110,-10732,-28.096311,-0.351204
126.9210,-10732,-28.096311,-0.351204
126.9310,-10732,-28.096311,-0.351204
126.9410,-10732,-28.096311,-0.351204
126.9510,-10732,-28.096311,-0.351204
126.9610,-10733,-28.098930,-0.351237
126.9710,-10733,-28.098930,-0.351237
126.9810,-10733,-28.098930,-0.351237
126.9910,-10733,-28.098930,-0.351237
127.0010,-10733,-28.098930,-0.351237
127.0110,-10733,-28.098930,-0.351237
127.0210,-10733,-28.098930,-0.351237
127.0310,-10733,-28.098930,-0.351237
127.0410,-10733,-28.098930,-0.351237
127.0510,-10733,-28.098930,-0.351237
127.0610,-10734,-28.101545,-0.351269
127.0710,-10734,-28.101545,-0.351269
127.0810,-10734,-28.101545,-0.351269
127.0910,-10734,-28.101545,-0.351269
127.1010,-10735,-28.104164,-0.351302
127.1110,-10735,-28.104164,-0.351302
127.1210,-10736,-28.106782,-0.351335
127.1310,-10736,-28.106782,-0.351335
127.1410,-10736,-28.106782,-0.351335
127.1510,-10735,-28.104164,-0.351302
127.1610,-10736,-28.106782,-0.351335
127.1710,-10737,-28.109401,-0.351368
127.1810,-10737,-28.109401,-0.351368
127.1910,-10738,-28.112020,-0.351400
127.2010,-10738,-28.112020,-0.351400
127.2110,-10739,-28.114635,-0.351433
127.2210,-10739,-28.114635,-0.351433
127.2310,-10740,-28.117254,-0.351466
127.2410,-10740,-28.117254,-0.351466
127.2510,-10741,-28.119873,-0.351498
127.2610,-10741,-28.119873,-0.351498
127.2710,-10741,-28.119873,-0.351498
127.2810,-10741,-28.119873,-0.351498
127.2910,-10741,-28.119873,-0.351498
127.3010,-10742,-28.122491,-0.351531
127.3110,-10742,-28.122491,-0.351531
127.3210,-10742,-28.122491,-0.351531
127.3310,-10742,-28.122491,-0.351531
127.3410,-10743,-28.125110,-0.351564
127.3510,-10743,-28.125110,-0.351564
127.3610,-10744,-28.127725,-0.351597
127.3710,-10744,-28.127725,-0.351597
127.3810,-10744,-28.127725,-0.351597
127.3910,-10744,-28.127725,-0.351597
127.4010,-10744,-28.127725,-0.351597
127.4110,-10744,-28.127725,-0.351597
127.4210,-10744,-28.127725,-0.351597
127.4310,-10744,-28.127725,-0.351597
127.4410,-10744,-28.127725,-0.351597
127.4520,-10744,-28.127725,-0.351597
127.4610,-10744,-28.127725,-0.351597
127.4710,-10744,-28.127725,-0.351597
127.4810,-10745,-28.130344,-0.351629
127.4910,-10745,-28.130344,-0.351629
127.5010,-10745,-28.130344,-0.351629
127.5110,-10746,-28.132963,-0.351662
127.5210,-10746,-28.132963,-0.351662
127.5310,-10746,-28.132963,-0.351662
127.5410,-10746,-28.132963,-0.351662
127.5510,-10746,-28.132963,-0.351662
127.5610,-10746,-28.132963,-0.351662
127.5710,-10745,-28.130344,-0.351629
127.5810,-10746,-28.132963,-0.351662
127.5910,-10746,-28.132963,-0.351662
127.6010,-10746,-28.132963,-0.351662
127.6110,-10746,-28.132963,-0.351662
127.6210,-10746,-28.132963,-0.351662
127.6310,-10746,-28.132963,-0.351662
127.6410,-10747,-28.135581,-0.351695
127.6510,-10747,-28.135581,-0.351695
127.6610,-10747,-28.135581,-0.351695
127.6710,-10747,-28.135581,-0.351695
127.6810,-10747,-28.135581,-0.351695
127.6910,-10747,-28.135581,-0.351695
127.7010,-10747,-28.135581,-0.351695
127.7110,-10747,-28.135581,-0.351695
127.7210,-10748,-28.138200,-0.351728
127.7310,-10748,-28.138200,-0.351728
127.7410,-10748,-28.138200,-0.351728
127.7510,-10750,-28.143434,-0.351793
127.7610,-10752,-28.148670,-0.351858
127.7710,-10752,-28.148670,-0.351858
127.7810,-10753,-28.151288,-0.351891
127.7910,-10755,-28.156524,-0.351957
127.8010,-10755,-28.156524,-0.351957
127.8110,-10756,-28.159141,-0.351989
127.8210,-10756,-28.159141,-0.351989
127.8310,-10756,-28.159141,-0.351989
127.8410,-10756,-28.159141,-0.351989
127.8510,-10756,-28.159141,-0.351989
127.8610,-10757,-28.161760,-0.352022
127.8710,-10757,-28.161760,-0.352022
127.8810,-10758,-28.164379,-0.352055
127.8910,-10758,-28.164379,-0.352055
127.9010,-10759,-28.166997,-0.352087
127.9110,-10759,-28.166997,-0.352087
127.9210,-10760,-28.169612,-0.352120
127.9310,-10761,-28.172231,-0.352153
127.9410,-10762,-28.174850,-0.352186
127.9510,-10763,-28.177469,-0.352218
127.9610,-10763,-28.177469,-0.352218
127.9710,-10763,-28.177469,-0.352218
127.9810,-10764,-28.180088,-0.352251
127.9910,-10764,-28.180088,-0.352251
128.0010,-10764,-28.180088,-0.352251
128.0110,-10764,-28.180088,-0.352251
128.0210,-10764,-28.180088,-0.352251
128.0310,-10764,-28.180088,-0.352251
128.0410,-10764,-28.180088,-0.352251
128.0510,-10764,-28.180088,-0.352251
128.0610,-10765,-28.182706,-0.352284
128.0710,-10765,-28.182706,-0.352284
128.0810,-10766,-28.185321,-0.352317
128.0920,-10766,-28.185321,-0.352317
128.1010,-10766,-28.185321,-0.352317
128.1110,-10766,-28.185321,-0.352317
128.1210,-10766,-28.185321,-0.352317
128.1310,-10766,-28.185321,-0.352317
128.1410,-10766,-28.185321,-0.352317
128.1510,-10766,-28.185321,-0.352317
128.1610,-10766,-28.185321,-0.352317
128.1710,-10766,-28.185321,-0.352317
128.1810,-10766,-28.185321,-0.352317
128.1910,-10767,-28.187940,-0.352349
128.2010,-10767,-28.187940,-0.352349
128.2110,-10767,-28.187940,-0.352349
128.2210,-10767,-28.187940,-0.352349
128.2310,-10768,-28.190559,-0.352382
128.2410,-10768,-28.190559,-0.352382
128.2510,-10768,-28.190559,-0.352382
128.2610,-10768,-28.190559,-0.352382
128.2710,-10768,-28.190559,-0.352382
128.2810,-10768,-28.190559,-0.352382
128.2910,-10768,-28.190559,-0.352382
128.3010,-10768,-28.190559,-0.352382
128.3110,-10768,-28.190559,-0.352382
128.3210,-10768,-28.190559,-0.352382
128.3310,-10768,-28.190559,-0.352382
128.3410,-10769,-28.193178,-0.352415
128.3510,-10769,-28.193178,-0.352415
128.3610,-10769,-28.193178,-0.352415
128.3710,-10769,-28.193178,-0.352415
128.3810,-10769,-28.193178,-0.352415
128.3910,-10769,-28.193178,-0.352415
128.4010,-10769,-28.193178,-0.352415
128.4110,-10770,-28.195796,-0.352447
128.4210,-10770,-28.195796,-0.352447
128.4310,-10770,-28.195796,-0.352447
128.4410,-10770,-28.195796,-0.352447
128.4510,-10770,-28.195796,-0.352447
128.4610,-10770,-28.195796,-0.352447
128.4710,-10771,-28.198411,-0.352480
128.4810,-10771,-28.198411,-0.352480
128.4910,-10771,-28.198411,-0.352480
128.5010,-10771,-28.198411,-0.352480
128.5110,-10771,-28.198411,-0.352480
128.5210,-10771,-28.198411,-0.352480
128.5310,-10771,-28.198411,-0.352480
128.5410,-10771,-28.198411,-0.352480
128.5510,-10771,-28.198411,-0.352480
128.5610,-10771,-28.198411,-0.352480
128.5710,-10771,-28.198411,-0.352480
128.5810,-10772,-28.201030,-0.352513
128.5910,-10772,-28.201030,-0.352513
128.6010,-10772,-28.201030,-0.352513
128.6110,-10772,-28.201030,-0.352513
128.6210,-10772,-28.201030,-0.352513
128.6310,-10773,-28.203649,-0.352546
128.6410,-10773,-28.203649,-0.352546
128.6510,-10773,-28.203649,-0.352546
128.6610,-10773,-28.203649,-0.352546
128.6710,-10773,-28.203649,-0.352546
128.6810,-10772,-28.201030,-0.352513
128.6910,-10773,-28.203649,-0.352546
128.7010,-10773,-28.203649,-0.352546
128.7110,-10773,-28.203649,-0.352546
128.7210,-10773,-28.203649,-0.352546
128.7320,-10773,-28.203649,-0.352546
128.7410,-10774,-28.206266,-0.352578
128.7510,-10774,-28.206266,-0.352578
128.7610,-10774,-28.206266,-0.352578
128.7710,-10774,-28.206266,-0.352578
128.7810,-10774,-28.206266,-0.352578
128.7910,-10774,-28.206266,-0.352578
128.8010,-10774,-28.206266,-0.352578
128.8110,-10774,-28.206266,-0.352578
128.8210,-10774,-28.206266,-0.352578
128.8310,-10775,-28.208885,-0.352611
128.8410,-10775,-28.208885,-0.352611
128.8510,-10775,-28.208885,-0.352611
128.8610,-10775,-28.208885,-0.352611
128.8710,-10776,-28.211502,-0.352644
128.8810,-10776,-28.211502,-0.352644
128.8910,-10776,-28.211502,-0.352644
128.9010,-10777,-28.214120,-0.352677
128.9110,-10777,-28.214120,-0.352677
128.9210,-10777,-28.214120,-0.352677
128.9310,-10777,-28.214120,-0.352677
128.9410,-10777,-28.214120,-0.352677
128.9510,-10777,-28.214120,-0.352677
128.9610,-10777,-28.214120,-0.352677
128.9710,-10777,-28.214120,-0.352677
128.9810,-10777,-28.214120,-0.352677
128.9910,-10778,-28.216737,-0.352709
129.0010,-10778,-28.216737,-0.352709
129.0110,-10778,-28.216737,-0.352709
129.0210,-10778,-28.216737,-0.352709
129.0310,-10779,-28.219356,-0.352742
129.0410,-10779,-28.219356,-0.352742
129.0510,-10779,-28.219356,-0.352742
129.0610,-10779,-28.219356,-0.352742
129.0710,-10779,-28.219356,-0.352742
129.0810,-10779,-28.219356,-0.352742
129.0910,-10779,-28.219356,-0.352742
129.1010,-10779,-28.219356,-0.352742
129.1110,-10779,-28.219356,-0.352742
129.1210,-10779,-28.219356,-0.352742
129.1310,-10780,-28.221975,-0.352775
129.1410,-10780,-28.221975,-0.352775
129.1510,-10780,-28.221975,-0.352775
129.1610,-10780,-28.221975,-0.352775
129.1710,-10781,-28.224594,-0.352807
129.1810,-10781,-28.224594,-0.352807
129.1910,-10781,-28.224594,-0.352807
129.2010,-10781,-28.224594,-0.352807
129.2110,-10782,-28.227209,-0.352840
129.2210,-10782,-28.227209,-0.352840
129.2310,-10781,-28.224594,-0.352807
129.2410,-10782,-28.227209,-0.352840
129.2510,-10782,-28.227209,-0.352840
129.2610,-10782,-28.227209,-0.352840
129.2710,-10782,-28.227209,-0.352840
129.2810,-10783,-28.229827,-0.352873
129.2910,-10783,-28.229827,-0.352873
129.3010,-10784,-28.232446,-0.352906
129.3110,-10784,-28.232446,-0.352906
129.3210,-10785,-28.235065,-0.352938
129.3310,-10785,-28.235065,-0.352938
129.3410,-10785,-28.235065,-0.352938
129.3510,-10785,-28.235065,-0.352938
129.3610,-10785,-28.235065,-0.352938
129.3720,-10785,-28.235065,-0.352938
129.3810,-10786,-28.237684,-0.352971
129.3910,-10786,-28.237684,-0.352971
129.4010,-10786,-28.237684,-0.352971
129.4110,-10786,-28.237684,-0.352971
129.4210,-10786,-28.237684,-0.352971
129.4310,-10786,-28.237684,-0.352971
129.4410,-10787,-28.240299,-0.353004
129.4510,-10787,-28.240299,-0.353004
129.4610,-10787,-28.240299,-0.353004
129.4710,-10787,-28.240299,-0.353004
129.4810,-10788,-28.242918,-0.353036
129.4910,-10788,-28.242918,-0.353036
129.5010,-10788,-28.242918,-0.353036
129.5110,-10788,-28.242918,-0.353036
129.5210,-10789,-28.245536,-0.353069
129.5310,-10789,-28.245536,-0.353069
129.5410,-10789,-28.245536,-0.353069
129.5510,-10789,-28.245536,-0.353069
129.5610,-10790,-28.248155,-0.353102
129.5710,-10790,-28.248155,-0.353102
129.5810,-10790,-28.248155,-0.353102
129.5910,-10790,-28.248155,-0.353102
129.6010,-10791,-28.250774,-0.353135
129.6110,-10791,-28.250774,-0.353135
129.6210,-10791,-28.250774,-0.353135
129.6310,-10791,-28.250774,-0.353135
129.6410,-10791,-28.250774,-0.353135
129.6510,-10790,-28.248155,-0.353102
129.6610,-10791,-28.250774,-0.353135
129.6710,-10791,-28.250774,-0.353135
129.6810,-10791,-28.250774,-0.353135
129.6910,-10791,-28.250774,-0.353135
129.7010,-10792,-28.253389,-0.353167
129.7110,-10792,-28.253389,-0.353167
129.7210,-10792,-28.253389,-0.353167
129.7310,-10792,-28.253389,-0.353167
129.7410,-10792,-28.253389,-0.353167
129.7510,-10792,-28.253389,-0.353167
129.7610,-10793,-28.256008,-0.353200
129.7710,-10793,-28.256008,-0.353200
129.7810,-10793,-28.256008,-0.353200
129.7910,-10792,-28.253389,-0.353167
129.8010,-10793,-28.256008,-0.353200
129.8110,-10793,-28.256008,-0.353200
129.8210,-10794,-28.258626,-0.353233
129.8310,-10794,-28.258626,-0.353233
129.8410,-10795,-28.261245,-0.353266
129.8510,-10796,-28.263862,-0.353298
129.8610,-10796,-28.263862,-0.353298
129.8710,-10798,-28.269098,-0.353364
129.8810,-10799,-28.271715,-0.353396
129.8910,-10800,-28.274333,-0.353429
129.9010,-10800,-28.274333,-0.353429
129.9110,-10802,-28.279571,-0.353495
129.9210,-10803,-28.282186,-0.353527
129.9310,-10803,-28.282186,-0.353527
129.9410,-10805,-28.287424,-0.353593
129.9510,-10807,-28.292661,-0.353658
129.9610,-10809,-28.297895,-0.353724
129.9710,-10811,-28.303133,-0.353789
129.9810,-10814,-28.310985,-0.353887
129.9910,-10817,-28.318841,-0.353986
130.0010,-10821,-28.329311,-0.354116
130.0120,-10827,-28.345020,-0.354313
130.0210,-10835,-28.365962,-0.354575
130.0310,-10849,-28.402616,-0.355033
130.0410,-10870,-28.457593,-0.355720
130.0510,-10895,-28.523042,-0.356538
130.0610,-10918,-28.583257,-0.357291
130.0710,-10939,-28.638235,-0.357978
130.0810,-10963,-28.701068,-0.358763
130.0910,-10993,-28.779607,-0.359745
130.1010,-11021,-28.852912,-0.360661
130.1110,-11056,-28.944540,-0.361807
130.1210,-11092,-29.038787,-0.362985
130.1310,-11121,-29.114709,-0.363934
130.1410,-11144,-29.174924,-0.364687
130.1510,-11176,-29.258701,-0.365734
130.1610,-11211,-29.350328,-0.366879
130.1710,-11243,-29.434104,-0.367926
130.1810,-11275,-29.517881,-0.368974
130.1910,-11303,-29.591184,-0.369890
130.2010,-11331,-29.664489,-0.370806
130.2110,-11354,-29.724704,-0.371559
130.2210,-11372,-29.771825,-0.372148
130.2310,-11387,-29.811096,-0.372639
130.2410,-11400,-29.845130,-0.373064
130.2510,-11408,-29.866075,-0.373326
130.2610,-11412,-29.876546,-0.373457
130.2710,-11413,-29.879165,-0.373490
130.2810,-11412,-29.876546,-0.373457
130.2910,-11407,-29.863458,-0.373293
130.3010,-11402,-29.850368,-0.373130
130.3110,-11397,-29.837278,-0.372966
130.3210,-11393,-29.826805,-0.372835
130.3310,-11391,-29.821569,-0.372770
130.3410,-11391,-29.821569,-0.372770
130.3510,-11393,-29.826805,-0.372835
130.3610,-11397,-29.837278,-0.372966
130.3710,-11402,-29.850368,-0.373130
130.3810,-11408,-29.866075,-0.373326
130.3910,-11414,-29.881782,-0.373522
130.4010,-11419,-29.894870,-0.373686
130.4110,-11423,-29.905345,-0.373817
130.4210,-11424,-29.907964,-0.373850
130.4310,-11424,-29.907964,-0.373850
130.4410,-11422,-29.902727,-0.373784
130.4510,-11420,-29.897489,-0.373719
130.4610,-11416,-29.887018,-0.373588
130.4710,-11413,-29.879165,-0.373490
130.4810,-11411,-29.873929,-0.373424
130.4910,-11410,-29.871311,-0.373391
130.5010,-11411,-29.873929,-0.373424
130.5110,-11413,-29.879165,-0.373490
130.5210,-11416,-29.887018,-0.373588
130.5310,-11420,-29.897489,-0.373719
130.5410,-11424,-29.907964,-0.373850
130.5510,-11428,-29.918436,-0.373980
130.5610,-11431,-29.926288,-0.374079
130.5710,-11433,-29.931526,-0.374144
130.5810,-11434,-29.934143,-0.374177
130.5910,-11434,-29.934143,-0.374177
130.6010,-11433,-29.931526,-0.374144
130.6110,-11431,-29.926288,-0.374079
130.6210,-11428,-29.918436,-0.373980
130.6310,-11428,-29.918436,-0.373980
130.6410,-11427,-29.915817,-0.373948
130.6520,-11427,-29.915817,-0.373948
130.6610,-11427,-29.915817,-0.373948
130.6710,-11429,-29.921054,-0.374013
130.6810,-11432,-29.928907,-0.374111
130.6910,-11435,-29.936759,-0.374210
130.7010,-11437,-29.941995,-0.374275
130.7110,-11440,-29.949851,-0.374373
130.7210,-11442,-29.955085,-0.374439
130.7310,-11444,-29.960323,-0.374504
130.7410,-11444,-29.960323,-0.374504
130.7510,-11443,-29.957704,-0.374471
130.7610,-11442,-29.955085,-0.374439
130.7710,-11442,-29.955085,-0.374439
130.7810,-11441,-29.952466,-0.374406
130.7910,-11440,-29.949851,-0.374373
130.8010,-11440,-29.949851,-0.374373
130.8110,-11440,-29.949851,-0.374373
130.8210,-11440,-29.949851,-0.374373
130.8310,-11441,-29.952466,-0.374406
130.8410,-11443,-29.957704,-0.374471
130.8510,-11444,-29.960323,-0.374504
130.8610,-11446,-29.965557,-0.374569
130.8710,-11447,-29.968175,-0.374602
130.8810,-11447,-29.968175,-0.374602
130.8910,-11447,-29.968175,-0.374602
130.9010,-11447,-29.968175,-0.374602
130.9110,-11447,-29.968175,-0.374602
130.9210,-11447,-29.968175,-0.374602
130.9310,-11447,-29.968175,-0.374602
130.9410,-11447,-29.968175,-0.374602
130.9510,-11447,-29.968175,-0.374602
130.9610,-11447,-29.968175,-0.374602
130.9710,-11448,-29.970794,-0.374635
130.9810,-11448,-29.970794,-0.374635
130.9910,-11450,-29.976032,-0.374700
131.0010,-11451,-29.978647,-0.374733
131.0110,-11452,-29.981266,-0.374766
131.0210,-11452,-29.981266,-0.374766
131.0310,-11453,-29.983884,-0.374799
131.0410,-11454,-29.986503,-0.374831
131.0510,-11456,-29.991739,-0.374897
131.0610,-11460,-30.002210,-0.375028
131.0710,-11464,-30.012681,-0.375159
131.0810,-11468,-30.023153,-0.375289
131.0910,-11473,-30.036243,-0.375453
131.1010,-11477,-30.046718,-0.375584
131.1110,-11482,-30.059806,-0.375748
131.1210,-11486,-30.070278,-0.375879
131.1310,-11490,-30.080749,-0.376009
131.1410,-11493,-30.088605,-0.376108
131.1510,-11496,-30.096458,-0.376206
131.1610,-11498,-30.101696,-0.376271
131.1710,-11498,-30.101696,-0.376271
131.1810,-11498,-30.101696,-0.376271
131.1910,-11499,-30.104314,-0.376304
131.2010,-11498,-30.101696,-0.376271
131.2110,-11498,-30.101696,-0.376271
131.2210,-11497,-30.099077,-0.376238
131.2310,-11497,-30.099077,-0.376238
131.2410,-11498,-30.101696,-0.376271
131.2510,-11498,-30.101696,-0.376271
131.2610,-11500,-30.106929,-0.376337
131.2710,-11501,-30.109548,-0.376369
131.2810,-11503,-30.114784,-0.376435
131.2920,-11504,-30.117403,-0.376468
131.3010,-11505,-30.120019,-0.376500
131.3110,-11505,-30.120019,-0.376500
131.3210,-11506,-30.122638,-0.376533
131.3310,-11506,-30.122638,-0.376533
131.3410,-11506,-30.122638,-0.376533
131.3510,-11506,-30.122638,-0.376533
131.3610,-11506,-30.122638,-0.376533
131.3710,-11505,-30.120019,-0.376500
131.3810,-11505,-30.120019,-0.376500
131.3910,-11505,-30.120019,-0.376500
131.4010,-11506,-30.122638,-0.376533
131.4110,-11506,-30.122638,-0.376533
131.4210,-11507,-30.125255,-0.376566
131.4310,-11507,-30.125255,-0.376566
131.4410,-11508,-30.127874,-0.376598
131.4510,-11508,-30.127874,-0.376598
131.4610,-11509,-30.130493,-0.376631
131.4710,-11509,-30.130493,-0.376631
131.4810,-11509,-30.130493,-0.376631
131.4910,-11509,-30.130493,-0.376631
131.5010,-11509,-30.130493,-0.376631
131.5110,-11509,-30.130493,-0.376631
131.5210,-11509,-30.130493,-0.376631
131.5310,-11509,-30.130493,-0.376631
131.5410,-11509,-30.130493,-0.376631
131.5510,-11509,-30.130493,-0.376631
131.5610,-11510,-30.133108,-0.376664
131.5710,-11510,-30.133108,-0.376664
131.5810,-11510,-30.133108,-0.376664
131.5910,-11510,-30.133108,-0.376664
131.6010,-11511,-30.135726,-0.376697
131.6110,-11511,-30.135726,-0.376697
131.6210,-11511,-30.135726,-0.376697
131.6310,-11511,-30.135726,-0.376697
131.6410,-11511,-30.135726,-0.376697
131.6510,-11511,-30.135726,-0.376697
131.6610,-11511,-30.135726,-0.376697
131.6710,-11511,-30.135726,-0.376697
131.6810,-11511,-30.135726,-0.376697
131.6910,-11511,-30.135726,-0.376697
131.7010,-11512,-30.138345,-0.376729
131.7110,-11512,-30.138345,-0.376729
131.7210,-11512,-30.138345,-0.376729
131.7310,-11512,-30.138345,-0.376729
131.7410,-11512,-30.138345,-0.376729
131.7510,-11512,-30.138345,-0.376729
131.7610,-11512,-30.138345,-0.376729
131.7710,-11512,-30.138345,-0.376729
131.7810,-11513,-30.140964,-0.376762
131.7910,-11513,-30.140964,-0.376762
131.8010,-11513,-30.140964,-0.376762
131.8110,-11513,-30.140964,-0.376762
131.8210,-11513,-30.140964,-0.376762
131.8310,-11513,-30.140964,-0.376762
131.8410,-11513,-30.140964,-0.376762
131.8510,-11513,-30.140964,-0.376762
131.8610,-11513,-30.140964,-0.376762
131.8710,-11513,-30.140964,-0.376762
131.8810,-11513,-30.140964,-0.376762
131.8910,-11513,-30.140964,-0.376762
131.9010,-11514,-30.143583,-0.376795
131.9110,-11514,-30.143583,-0.376795
131.9210,-11514,-30.143583,-0.376795
131.9320,-11514,-30.143583,-0.376795
131.9410,-11514,-30.143583,-0.376795
131.9510,-11515,-30.146202,-0.376828
131.9610,-11515,-30.146202,-0.376828
131.9710,-11515,-30.146202,-0.376828
131.9810,-11515,-30.146202,-0.376828
131.9910,-11514,-30.143583,-0.376795
132.0010,-11514,-30.143583,-0.376795
132.0110,-11514,-30.143583,-0.376795
132.0210,-11515,-30.146202,-0.376828
132.0310,-11515,-30.146202,-0.376828
132.0410,-11515,-30.146202,-0.376828
132.0510,-11515,-30.146202,-0.376828
132.0610,-11515,-30.146202,-0.376828
132.0710,-11516,-30.148817,-0.376860
132.0810,-11516,-30.148817,-0.376860
132.0910,-11516,-30.148817,-0.376860
132.1010,-11516,-30.148817,-0.376860
132.1110,-11516,-30.148817,-0.376860
132.1210,-11516,-30.148817,-0.376860
132.1310,-11516,-30.148817,-0.376860
132.1410,-11516,-30.148817,-0.376860
132.1510,-11516,-30.148817,-0.376860
132.1610,-11516,-30.148817,-0.376860
132.1710,-11516,-30.148817,-0.376860
132.1810,-11516,-30.148817,-0.376860
132.1910,-11516,-30.148817,-0.376860
132.2010,-11516,-30.148817,-0.376860
132.2110,-11517,-30.151435,-0.376893
132.2210,-11517,-30.151435,-0.376893
132.2310,-11517,-30.151435,-0.376893
132.2410,-11517,-30.151435,-0.376893
132.2510,-11517,-30.151435,-0.376893
132.2610,-11517,-30.151435,-0.376893
132.2710,-11517,-30.151435,-0.376893
132.2810,-11517,-30.151435,-0.376893
132.2910,-11517,-30.151435,-0.376893
132.3010,-11517,-30.151435,-0.376893
132.3110,-11517,-30.151435,-0.376893
132.3210,-11517,-30.151435,-0.376893
132.3310,-11517,-30.151435,-0.376893
132.3410,-11517,-30.151435,-0.376893
132.3510,-11518,-30.154054,-0.376926
132.3610,-11518,-30.154054,-0.376926
132.3710,-11518,-30.154054,-0.376926
132.3810,-11518,-30.154054,-0.376926
132.3910,-11518,-30.154054,-0.376926
132.4010,-11518,-30.154054,-0.376926
132.4110,-11518,-30.154054,-0.376926
132.4210,-11518,-30.154054,-0.376926
132.4310,-11518,-30.154054,-0.376926
132.4410,-11518,-30.154054,-0.376926
132.4510,-11518,-30.154054,-0.376926
132.4610,-11518,-30.154054,-0.376926
132.4710,-11518,-30.154054,-0.376926
132.4810,-11518,-30.154054,-0.376926
132.4910,-11518,-30.154054,-0.376926
132.5010,-11519,-30.156673,-0.376958
132.5110,-11519,-30.156673,-0.376958
132.5210,-11519,-30.156673,-0.376958
132.5310,-11519,-30.156673,-0.376958
132.5410,-11519,-30.156673,-0.376958
132.5510,-11519,-30.156673,-0.376958
132.5610,-11519,-30.156673,-0.376958
132.5720,-11519,-30.156673,-0.376958
132.5810,-11519,-30.156673,-0.376958
132.5910,-11519,-30.156673,-0.376958
132.6010,-11519,-30.156673,-0.376958
132.6110,-11519,-30.156673,-0.376958
132.6210,-11519,-30.156673,-0.376958
132.6310,-11519,-30.156673,-0.376958
132.6410,-11519,-30.156673,-0.376958
132.6510,-11520,-30.159292,-0.376991
132.6610,-11520,-30.159292,-0.376991
132.6710,-11520,-30.159292,-0.376991
132.6810,-11520,-30.159292,-0.376991
132.6910,-11520,-30.159292,-0.376991
132.7010,-11519,-30.156673,-0.376958
132.7110,-11520,-30.159292,-0.376991
132.7210,-11520,-30.159292,-0.376991
132.7310,-11520,-30.159292,-0.376991
132.7410,-11520,-30.159292,-0.376991
132.7510,-11520,-30.159292,-0.376991
132.7610,-11520,-30.159292,-0.376991
132.7710,-11520,-30.159292,-0.376991
132.7810,-11520,-30.159292,-0.376991
132.7910,-11520,-30.159292,-0.376991
132.8010,-11520,-30.159292,-0.376991
132.8110,-11520,-30.159292,-0.376991
132.8210,-11520,-30.159292,-0.376991
132.8310,-11520,-30.159292,-0.376991
132.8410,-11520,-30.159292,-0.376991
132.8510,-11520,-30.159292,-0.376991
132.8610,-11520,-30.159292,-0.376991
132.8710,-11520,-30.159292,-0.376991
132.8810,-11520,-30.159292,-0.376991
132.8910,-11520,-30.159292,-0.376991
132.9010,-11520,-30.159292,-0.376991
132.9110,-11521,-30.161907,-0.377024
132.9210,-11521,-30.161907,-0.377024
132.9310,-11521,-30.161907,-0.377024
132.9410,-11521,-30.161907,-0.377024
132.9510,-11521,-30.161907,-0.377024
132.9610,-11521,-30.161907,-0.377024
132.9710,-11521,-30.161907,-0.377024
132.9810,-11520,-30.159292,-0.376991
132.9910,-11521,-30.161907,-0.377024
133.0010,-11521,-30.161907,-0.377024
133.0110,-11521,-30.161907,-0.377024
133.0210,-11521,-30.161907,-0.377024
133.0310,-11521,-30.161907,-0.377024
133.0410,-11521,-30.161907,-0.377024
133.0510,-11521,-30.161907,-0.377024
133.0610,-11521,-30.161907,-0.377024
133.0710,-11522,-30.164525,-0.377057
133.0810,-11522,-30.164525,-0.377057
133.0910,-11522,-30.164525,-0.377057
133.1010,-11522,-30.164525,-0.377057
133.1110,-11522,-30.164525,-0.377057
133.1210,-11521,-30.161907,-0.377024
133.1310,-11522,-30.164525,-0.377057
133.1410,-11522,-30.164525,-0.377057
133.1510,-11522,-30.164525,-0.377057
133.1610,-11522,-30.164525,-0.377057
133.1710,-11522,-30.164525,-0.377057
133.1810,-11522,-30.164525,-0.377057
133.1910,-11522,-30.164525,-0.377057
133.2010,-11522,-30.164525,-0.377057
133.2120,-11522,-30.164525,-0.377057
133.2210,-11522,-30.164525,-0.377057
133.2310,-11522,-30.164525,-0.377057
133.2410,-11522,-30.164525,-0.377057
133.2510,-11522,-30.164525,-0.377057
133.2610,-11522,-30.164525,-0.377057
133.2710,-11522,-30.164525,-0.377057
133.2810,-11522,-30.164525,-0.377057
133.2910,-11522,-30.164525,-0.377057
133.3010,-11522,-30.164525,-0.377057
133.3110,-11522,-30.164525,-0.377057
133.3210,-11522,-30.164525,-0.377057
133.3310,-11523,-30.167144,-0.377089
133.3410,-11523,-30.167144,-0.377089
133.3510,-11523,-30.167144,-0.377089
133.3610,-11523,-30.167144,-0.377089
133.3710,-11523,-30.167144,-0.377089
133.3810,-11523,-30.167144,-0.377089
133.3910,-11523,-30.167144,-0.377089
133.4010,-11523,-30.167144,-0.377089
133.4110,-11523,-30.167144,-0.377089
133.4210,-11523,-30.167144,-0.377089
133.4310,-11523,-30.167144,-0.377089
133.4410,-11523,-30.167144,-0.377089
133.4510,-11523,-30.167144,-0.377089
133.4610,-11523,-30.167144,-0.377089
133.4710,-11523,-30.167144,-0.377089
133.4810,-11523,-30.167144,-0.377089
133.4910,-11523,-30.167144,-0.377089
133.5010,-11523,-30.167144,-0.377089
133.5110,-11523,-30.167144,-0.377089
133.5210,-11523,-30.167144,-0.377089
133.5310,-11523,-30.167144,-0.377089
133.5410,-11523,-30.167144,-0.377089
133.5510,-11523,-30.167144,-0.377089
133.5610,-11523,-30.167144,-0.377089
133.5710,-11523,-30.167144,-0.377089
133.5810,-11523,-30.167144,-0.377089
133.5910,-11524,-30.169763,-0.377122
133.6010,-11524,-30.169763,-0.377122
133.6110,-11524,-30.169763,-0.377122
133.6210,-11524,-30.169763,-0.377122
133.6310,-11524,-30.169763,-0.377122
133.6410,-11524,-30.169763,-0.377122
133.6510,-11524,-30.169763,-0.377122
133.6610,-11524,-30.169763,-0.377122
133.6710,-11524,-30.169763,-0.377122
133.6810,-11524,-30.169763,-0.377122
133.6910,-11524,-30.169763,-0.377122
133.7010,-11524,-30.169763,-0.377122
133.7110,-11524,-30.169763,-0.377122
133.7210,-11524,-30.169763,-0.377122
133.7310,-11524,-30.169763,-0.377122
133.7410,-11524,-30.169763,-0.377122
133.7510,-11525,-30.172380,-0.377155
133.7610,-11525,-30.172380,-0.377155
133.7710,-11525,-30.172380,-0.377155
133.7810,-11525,-30.172380,-0.377155
133.7910,-11525,-30.172380,-0.377155
133.8010,-11525,-30.172380,-0.377155
133.8110,-11524,-30.169763,-0.377122
133.8210,-11525,-30.172380,-0.377155
133.8310,-11525,-30.172380,-0.377155
133.8410,-11525,-30.172380,-0.377155
133.8520,-11525,-30.172380,-0.377155
133.8610,-11525,-30.172380,-0.377155
133.8710,-11525,-30.172380,-0.377155
133.8810,-11525,-30.172380,-0.377155
133.8910,-11525,-30.172380,-0.377155
133.9010,-11525,-30.172380,-0.377155
133.9110,-11525,-30.172380,-0.377155
133.9210,-11525,-30.172380,-0.377155
133.9310,-11525,-30.172380,-0.377155
133.9410,-11525,-30.172380,-0.377155
133.9510,-11525,-30.172380,-0.377155
133.9610,-11525,-30.172380,-0.377155
133.9710,-11525,-30.172380,-0.377155
133.9810,-11525,-30.172380,-0.377155
133.9910,-11525,-30.172380,-0.377155
134.0010,-11526,-30.174997,-0.377187
134.0110,-11526,-30.174997,-0.377187
134.0210,-11526,-30.174997,-0.377187
134.0310,-11526,-30.174997,-0.377187
134.0410,-11526,-30.174997,-0.377187
134.0510,-11526,-30.174997,-0.377187
134.0610,-11526,-30.174997,-0.377187
134.0710,-11526,-30.174997,-0.377187
134.0810,-11526,-30.174997,-0.377187
134.0910,-11526,-30.174997,-0.377187
134.1010,-11526,-30.174997,-0.377187
134.1110,-11526,-30.174997,-0.377187
134.1210,-11526,-30.174997,-0.377187
134.1310,-11526,-30.174997,-0.377187
134.1410,-11526,-30.174997,-0.377187
134.1510,-11526,-30.174997,-0.377187
134.1610,-11527,-30.177616,-0.377220
134.1710,-11527,-30.177616,-0.377220
134.1810,-11527,-30.177616,-0.377220
134.1910,-11527,-30.177616,-0.377220
134.2010,-11527,-30.177616,-0.377220
134.2110,-11527,-30.177616,-0.377220
134.2210,-11527,-30.177616,-0.377220
134.2310,-11526,-30.174997,-0.377187
134.2410,-11527,-30.177616,-0.377220
134.2510,-11527,-30.177616,-0.377220
134.2610,-11527,-30.177616,-0.377220
134.2710,-11527,-30.177616,-0.377220
134.2810,-11527,-30.177616,-0.377220
134.2910,-11527,-30.177616,-0.377220
134.3010,-11527,-30.177616,-0.377220
134.3110,-11527,-30.177616,-0.377220
134.3210,-11527,-30.177616,-0.377220
134.3310,-11527,-30.177616,-0.377220
134.3410,-11527,-30.177616,-0.377220
134.3510,-11527,-30.177616,-0.377220
134.3610,-11527,-30.177616,-0.377220
134.3710,-11527,-30.177616,-0.377220
134.3810,-11527,-30.177616,-0.377220
134.3910,-11527,-30.177616,-0.377220
134.4010,-11527,-30.177616,-0.377220
134.4110,-11527,-30.177616,-0.377220
134.4210,-11528,-30.180233,-0.377253
134.4310,-11528,-30.180233,-0.377253
134.4410,-11528,-30.180233,-0.377253
134.4510,-11528,-30.180233,-0.377253
134.4610,-11528,-30.180233,-0.377253
134.4710,-11528,-30.180233,-0.377253
134.4810,-11528,-30.180233,-0.377253
134.4920,-11528,-30.180233,-0.377253
134.5010,-11528,-30.180233,-0.377253
134.5110,-11528,-30.180233,-0.377253
134.5210,-11528,-30.180233,-0.377253
134.5310,-11528,-30.180233,-0.377253
134.5410,-11528,-30.180233,-0.377253
134.5510,-11528,-30.180233,-0.377253
134.5610,-11528,-30.180233,-0.377253
134.5710,-11528,-30.180233,-0.377253
134.5810,-11528,-30.180233,-0.377253
134.5910,-11528,-30.180233,-0.377253
134.6010,-11528,-30.180233,-0.377253
134.6110,-11528,-30.180233,-0.377253
134.6210,-11528,-30.180233,-0.377253
134.6310,-11528,-30.180233,-0.377253
134.6410,-11528,-30.180233,-0.377253
134.6510,-11528,-30.180233,-0.377253
134.6610,-11528,-30.180233,-0.377253
134.6710,-11528,-30.180233,-0.377253
134.6810,-11528,-30.180233,-0.377253
134.6910,-11528,-30.180233,-0.377253
134.7010,-11529,-30.182851,-0.377286
134.7110,-11529,-30.182851,-0.377286
134.7210,-11529,-30.182851,-0.377286
134.7310,-11529,-30.182851,-0.377286
134.7410,-11529,-30.182851,-0.377286
134.7510,-11529,-30.182851,-0.377286
134.7610,-11529,-30.182851,-0.377286
134.7710,-11529,-30.182851,-0.377286
134.7810,-11529,-30.182851,-0.377286
134.7910,-11529,-30.182851,-0.377286
134.8010,-11529,-30.182851,-0.377286
134.8110,-11529,-30.182851,-0.377286
134.8210,-11529,-30.182851,-0.377286
134.8310,-11529,-30.182851,-0.377286
134.8410,-11529,-30.182851,-0.377286
134.8510,-11529,-30.182851,-0.377286
134.8610,-11529,-30.182851,-0.377286
134.8710,-11529,-30.182851,-0.377286
134.8810,-11529,-30.182851,-0.377286
134.8910,-11529,-30.182851,-0.377286
134.9010,-11529,-30.182851,-0.377286
134.9110,-11529,-30.182851,-0.377286
134.9210,-11529,-30.182851,-0.377286
134.9310,-11529,-30.182851,-0.377286
134.9410,-11529,-30.182851,-0.377286
134.9510,-11529,-30.182851,-0.377286
134.9610,-11529,-30.182851,-0.377286
134.9710,-11530,-30.185470,-0.377318
134.9810,-11530,-30.185470,-0.377318
134.9910,-11530,-30.185470,-0.377318
135.0010,-11530,-30.185470,-0.377318
135.0110,-11530,-30.185470,-0.377318
135.0210,-11530,-30.185470,-0.377318
135.0310,-11530,-30.185470,-0.377318
135.0410,-11530,-30.185470,-0.377318
135.0510,-11530,-30.185470,-0.377318
135.0610,-11530,-30.185470,-0.377318
135.0710,-11530,-30.185470,-0.377318
135.0810,-11530,-30.185470,-0.377318
135.0910,-11530,-30.185470,-0.377318
135.1010,-11530,-30.185470,-0.377318
135.1110,-11530,-30.185470,-0.377318
135.1210,-11530,-30.185470,-0.377318
135.1320,-11530,-30.185470,-0.377318
135.1410,-11530,-30.185470,-0.377318
135.1510,-11531,-30.188089,-0.377351
135.1610,-11531,-30.188089,-0.377351
135.1710,-11531,-30.188089,-0.377351
135.1810,-11530,-30.185470,-0.377318
135.1910,-11530,-30.185470,-0.377318
135.2010,-11530,-30.185470,-0.377318
135.2110,-11530,-30.185470,-0.377318
135.2210,-11530,-30.185470,-0.377318
135.2310,-11530,-30.185470,-0.377318
135.2410,-11530,-30.185470,-0.377318
135.2510,-11531,-30.188089,-0.377351
135.2610,-11531,-30.188089,-0.377351
135.2710,-11531,-30.188089,-0.377351
135.2810,-11531,-30.188089,-0.377351
135.2910,-11531,-30.188089,-0.377351
135.3010,-11531,-30.188089,-0.377351
135.3110,-11531,-30.188089,-0.377351
135.3210,-11531,-30.188089,-0.377351
135.3310,-11531,-30.188089,-0.377351
135.3410,-11531,-30.188089,-0.377351
135.3510,-11531,-30.188089,-0.377351
135.3610,-11531,-30.188089,-0.377351
135.3710,-11531,-30.188089,-0.377351
135.3810,-11531,-30.188089,-0.377351
135.3910,-11531,-30.188089,-0.377351
135.4010,-11531,-30.188089,-0.377351
135.4110,-11532,-30.190704,-0.377384
135.4210,-11532,-30.190704,-0.377384
135.4310,-11532,-30.190704,-0.377384
135.4410,-11532,-30.190704,-0.377384
135.4510,-11532,-30.190704,-0.377384
135.4610,-11532,-30.190704,-0.377384
135.4710,-11532,-30.190704,-0.377384
135.4810,-11531,-30.188089,-0.377351
135.4910,-11532,-30.190704,-0.377384
135.5010,-11532,-30.190704,-0.377384
135.5110,-11532,-30.190704,-0.377384
135.5210,-11532,-30.190704,-0.377384
135.5310,-11532,-30.190704,-0.377384
135.5410,-11532,-30.190704,-0.377384
135.5510,-11532,-30.190704,-0.377384
135.5610,-11532,-30.190704,-0.377384
135.5710,-11532,-30.190704,-0.377384
135.5810,-11532,-30.190704,-0.377384
135.5910,-11532,-30.190704,-0.377384
135.6010,-11532,-30.190704,-0.377384
135.6110,-11532,-30.190704,-0.377384
135.6210,-11532,-30.190704,-0.377384
135.6310,-11532,-30.190704,-0.377384
135.6410,-11532,-30.190704,-0.377384
135.6510,-11532,-30.190704,-0.377384
135.6610,-11532,-30.190704,-0.377384
135.6710,-11532,-30.190704,-0.377384
135.6810,-11532,-30.190704,-0.377384
135.6910,-11532,-30.190704,-0.377384
135.7010,-11533,-30.193323,-0.377417
135.7110,-11533,-30.193323,-0.377417
135.7210,-11533,-30.193323,-0.377417
135.7310,-11533,-30.193323,-0.377417
135.7410,-11533,-30.193323,-0.377417
135.7510,-11532,-30.190704,-0.377384
135.7610,-11532,-30.190704,-0.377384
135.7720,-11532,-30.190704,-0.377384
135.7810,-11532,-30.190704,-0.377384
135.7910,-11533,-30.193323,-0.377417
135.8010,-11533,-30.193323,-0.377417
135.8110,-11533,-30.193323,-0.377417
135.8210,-11533,-30.193323,-0.377417
135.8310,-11533,-30.193323,-0.377417
135.8410,-11533,-30.193323,-0.377417
135.8510,-11533,-30.193323,-0.377417
135.8610,-11533,-30.193323,-0.377417
135.8710,-11533,-30.193323,-0.377417
135.8810,-11533,-30.193323,-0.377417
135.8910,-11533,-30.193323,-0.377417
135.9010,-11533,-30.193323,-0.377417
135.9110,-11533,-30.193323,-0.377417
135.9210,-11533,-30.193323,-0.377417
135.9310,-11533,-30.193323,-0.377417
135.9410,-11533,-30.193323,-0.377417
135.9510,-11533,-30.193323,-0.377417
135.9610,-11534,-30.195941,-0.377449
135.9710,-11534,-30.195941,-0.377449
135.9810,-11534,-30.195941,-0.377449
135.9910,-11534,-30.195941,-0.377449
136.0010,-11534,-30.195941,-0.377449
136.0110,-11534,-30.195941,-0.377449
136.0210,-11534,-30.195941,-0.377449
136.0310,-11534,-30.195941,-0.377449
136.0410,-11534,-30.195941,-0.377449
136.0510,-11534,-30.195941,-0.377449
136.0610,-11534,-30.195941,-0.377449
136.0710,-11534,-30.195941,-0.377449
136.0810,-11534,-30.195941,-0.377449
136.0910,-11534,-30.195941,-0.377449
136.1010,-11534,-30.195941,-0.377449
136.1110,-11534,-30.195941,-0.377449
136.1210,-11534,-30.195941,-0.377449
136.1310,-11534,-30.195941,-0.377449
136.1410,-11534,-30.195941,-0.377449
136.1510,-11534,-30.195941,-0.377449
136.1610,-11534,-30.195941,-0.377449
136.1710,-11534,-30.195941,-0.377449
136.1810,-11534,-30.195941,-0.377449
136.1910,-11534,-30.195941,-0.377449
136.2010,-11534,-30.195941,-0.377449
136.2110,-11534,-30.195941,-0.377449
136.2210,-11534,-30.195941,-0.377449
136.2310,-11535,-30.198560,-0.377482
136.2410,-11535,-30.198560,-0.377482
136.2510,-11535,-30.198560,-0.377482
136.2610,-11535,-30.198560,-0.377482
136.2710,-11535,-30.198560,-0.377482
136.2810,-11535,-30.198560,-0.377482
136.2910,-11535,-30.198560,-0.377482
136.3010,-11535,-30.198560,-0.377482
136.3110,-11535,-30.198560,-0.377482
136.3210,-11535,-30.198560,-0.377482
136.3310,-11535,-30.198560,-0.377482
136.3410,-11535,-30.198560,-0.377482
136.3510,-11535,-30.198560,-0.377482
136.3610,-11535,-30.198560,-0.377482
136.3710,-11535,-30.198560,-0.377482
136.3810,-11535,-30.198560,-0.377482
136.3910,-11535,-30.198560,-0.377482
136.4010,-11536,-30.201179,-0.377515
136.4120,-11536,-30.201179,-0.377515
136.4210,-11536,-30.201179,-0.377515
136.4310,-11535,-30.198560,-0.377482
136.4410,-11535,-30.198560,-0.377482
136.4510,-11535,-30.198560,-0.377482
136.4610,-11535,-30.198560,-0.377482
136.4710,-11535,-30.198560,-0.377482
136.4810,-11535,-30.198560,-0.377482
136.4910,-11535,-30.198560,-0.377482
136.5010,-11536,-30.201179,-0.377515
136.5110,-11536,-30.201179,-0.377515
136.5210,-11536,-30.201179,-0.377515
136.5310,-11536,-30.201179,-0.377515
136.5410,-11536,-30.201179,-0.377515
136.5510,-11536,-30.201179,-0.377515
136.5610,-11536,-30.201179,-0.377515
136.5710,-11536,-30.201179,-0.377515
136.5810,-11536,-30.201179,-0.377515
136.5910,-11536,-30.201179,-0.377515
136.6010,-11536,-30.201179,-0.377515
136.6110,-11536,-30.201179,-0.377515
136.6210,-11536,-30.201179,-0.377515
136.6310,-11536,-30.201179,-0.377515
136.6410,-11536,-30.201179,-0.377515
136.6510,-11536,-30.201179,-0.377515
136.6610,-11537,-30.203794,-0.377547
136.6710,-11537,-30.203794,-0.377547
136.6810,-11537,-30.203794,-0.377547
136.6910,-11537,-30.203794,-0.377547
136.7010,-11537,-30.203794,-0.377547
136.7110,-11537,-30.203794,-0.377547
136.7210,-11537,-30.203794,-0.377547
136.7310,-11536,-30.201179,-0.377515
136.7410,-11537,-30.203794,-0.377547
136.7510,-11537,-30.203794,-0.377547
136.7610,-11537,-30.203794,-0.377547
136.7710,-11537,-30.203794,-0.377547
136.7810,-11537,-30.203794,-0.377547
136.7910,-11537,-30.203794,-0.377547
136.8010,-11537,-30.203794,-0.377547
136.8110,-11537,-30.203794,-0.377547
136.8210,-11537,-30.203794,-0.377547
136.8310,-11537,-30.203794,-0.377547
136.8410,-11537,-30.203794,-0.377547
136.8510,-11537,-30.203794,-0.377547
136.8610,-11537,-30.203794,-0.377547
136.8710,-11537,-30.203794,-0.377547
136.8810,-11537,-30.203794,-0.377547
136.8910,-11537,-30.203794,-0.377547
136.9010,-11537,-30.203794,-0.377547
136.9110,-11538,-30.206413,-0.377580
136.9210,-11538,-30.206413,-0.377580
136.9310,-11538,-30.206413,-0.377580
136.9410,-11538,-30.206413,-0.377580
136.9510,-11538,-30.206413,-0.377580
136.9610,-11538,-30.206413,-0.377580
136.9710,-11538,-30.206413,-0.377580
136.9810,-11538,-30.206413,-0.377580
136.9910,-11538,-30.206413,-0.377580
137.0010,-11538,-30.206413,-0.377580
137.0110,-11538,-30.206413,-0.377580
137.0210,-11538,-30.206413,-0.377580
137.0310,-11538,-30.206413,-0.377580
137.0410,-11538,-30.206413,-0.377580
137.0520,-11538,-30.206413,-0.377580
137.0610,-11539,-30.209032,-0.377613
137.0710,-11539,-30.209032,-0.377613
137.0810,-11539,-30.209032,-0.377613
137.0910,-11539,-30.209032,-0.377613
137.1010,-11539,-30.209032,-0.377613
137.1110,-11539,-30.209032,-0.377613
137.1210,-11539,-30.209032,-0.377613
137.1310,-11539,-30.209032,-0.377613
137.1410,-11539,-30.209032,-0.377613
137.1510,-11539,-30.209032,-0.377613
137.1610,-11539,-30.209032,-0.377613
137.1710,-11539,-30.209032,-0.377613
137.1810,-11539,-30.209032,-0.377613
137.1910,-11539,-30.209032,-0.377613
137.2010,-11539,-30.209032,-0.377613
137.2110,-11539,-30.209032,-0.377613
137.2210,-11539,-30.209032,-0.377613
137.2310,-11540,-30.211650,-0.377646
137.2410,-11540,-30.211650,-0.377646
137.2510,-11540,-30.211650,-0.377646
137.2610,-11540,-30.211650,-0.377646
137.2710,-11540,-30.211650,-0.377646
137.2810,-11539,-30.209032,-0.377613
137.2910,-11540,-30.211650,-0.377646
137.3010,-11540,-30.211650,-0.377646
137.3110,-11540,-30.211650,-0.377646
137.3210,-11540,-30.211650,-0.377646
137.3310,-11540,-30.211650,-0.377646
137.3410,-11540,-30.211650,-0.377646
137.3510,-11540,-30.211650,-0.377646
137.3610,-11540,-30.211650,-0.377646
137.3710,-11540,-30.211650,-0.377646
137.3810,-11540,-30.211650,-0.377646
137.3910,-11540,-30.211650,-0.377646
137.4010,-11540,-30.211650,-0.377646
137.4110,-11540,-30.211650,-0.377646
137.4210,-11540,-30.211650,-0.377646
137.4310,-11540,-30.211650,-0.377646
137.4410,-11540,-30.211650,-0.377646
137.4510,-11540,-30.211650,-0.377646
137.4610,-11540,-30.211650,-0.377646
137.4710,-11540,-30.211650,-0.377646
137.4810,-11541,-30.214269,-0.377678
137.4910,-11541,-30.214269,-0.377678
137.5010,-11541,-30.214269,-0.377678
137.5110,-11541,-30.214269,-0.377678
137.5210,-11541,-30.214269,-0.377678
137.5310,-11541,-30.214269,-0.377678
137.5410,-11541,-30.214269,-0.377678
137.5510,-11541,-30.214269,-0.377678
137.5610,-11541,-30.214269,-0.377678
137.5710,-11541,-30.214269,-0.377678
137.5810,-11541,-30.214269,-0.377678
137.5910,-11541,-30.214269,-0.377678
137.6010,-11541,-30.214269,-0.377678
137.6110,-11541,-30.214269,-0.377678
137.6210,-11541,-30.214269,-0.377678
137.6310,-11542,-30.216884,-0.377711
137.6410,-11542,-30.216884,-0.377711
137.6510,-11542,-30.216884,-0.377711
137.6610,-11542,-30.216884,-0.377711
137.6710,-11542,-30.216884,-0.377711
137.6810,-11542,-30.216884,-0.377711
137.6920,-11542,-30.216884,-0.377711
137.7010,-11541,-30.214269,-0.377678
137.7110,-11542,-30.216884,-0.377711
137.7210,-11542,-30.216884,-0.377711
137.7310,-11542,-30.216884,-0.377711
137.7410,-11542,-30.216884,-0.377711
137.7510,-11542,-30.216884,-0.377711
137.7610,-11542,-30.216884,-0.377711
137.7710,-11542,-30.216884,-0.377711
137.7810,-11542,-30.216884,-0.377711
137.7910,-11543,-30.219503,-0.377744
137.8010,-11543,-30.219503,-0.377744
137.8110,-11543,-30.219503,-0.377744
137.8210,-11542,-30.216884,-0.377711
137.8310,-11542,-30.216884,-0.377711
137.8410,-11542,-30.216884,-0.377711
137.8510,-11542,-30.216884,-0.377711
137.8610,-11542,-30.216884,-0.377711
137.8710,-11543,-30.219503,-0.377744
137.8810,-11543,-30.219503,-0.377744
137.8910,-11543,-30.219503,-0.377744
137.9010,-11543,-30.219503,-0.377744
137.9110,-11543,-30.219503,-0.377744
137.9210,-11543,-30.219503,-0.377744
137.9310,-11543,-30.219503,-0.377744
137.9410,-11543,-30.219503,-0.377744
137.9510,-11543,-30.219503,-0.377744
137.9610,-11543,-30.219503,-0.377744
137.9710,-11543,-30.219503,-0.377744
137.9810,-11543,-30.219503,-0.377744
137.9910,-11543,-30.219503,-0.377744
138.0010,-11543,-30.219503,-0.377744
138.0110,-11543,-30.219503,-0.377744
138.0210,-11543,-30.219503,-0.377744
138.0310,-11544,-30.222122,-0.377777
138.0410,-11544,-30.222122,-0.377777
138.0510,-11544,-30.222122,-0.377777
138.0610,-11544,-30.222122,-0.377777
138.0710,-11544,-30.222122,-0.377777
138.0810,-11544,-30.222122,-0.377777
138.0910,-11544,-30.222122,-0.377777
138.1010,-11544,-30.222122,-0.377777
138.1110,-11544,-30.222122,-0.377777
138.1210,-11544,-30.222122,-0.377777
138.1310,-11544,-30.222122,-0.377777
138.1410,-11544,-30.222122,-0.377777
138.1510,-11544,-30.222122,-0.377777
138.1610,-11544,-30.222122,-0.377777
138.1710,-11544,-30.222122,-0.377777
138.1810,-11544,-30.222122,-0.377777
138.1910,-11544,-30.222122,-0.377777
138.2010,-11544,-30.222122,-0.377777
138.2110,-11544,-30.222122,-0.377777
138.2210,-11544,-30.222122,-0.377777
138.2310,-11544,-30.222122,-0.377777
138.2410,-11544,-30.222122,-0.377777
138.2510,-11544,-30.222122,-0.377777
138.2610,-11544,-30.222122,-0.377777
138.2710,-11544,-30.222122,-0.377777
138.2810,-11544,-30.222122,-0.377777
138.2910,-11544,-30.222122,-0.377777
138.3010,-11545,-30.224740,-0.377809
138.3110,-11545,-30.224740,-0.377809
138.3210,-11545,-30.224740,-0.377809
138.3320,-11545,-30.224740,-0.377809
138.3410,-11545,-30.224740,-0.377809
138.3510,-11545,-30.224740,-0.377809
138.3610,-11545,-30.224740,-0.377809
138.3710,-11545,-30.224740,-0.377809
138.3810,-11545,-30.224740,-0.377809
138.3910,-11545,-30.224740,-0.377809
138.4010,-11545,-30.224740,-0.377809
138.4110,-11545,-30.224740,-0.377809
138.4210,-11545,-30.224740,-0.377809
138.4310,-11545,-30.224740,-0.377809
138.4410,-11545,-30.224740,-0.377809
138.4510,-11546,-30.227359,-0.377842
138.4610,-11546,-30.227359,-0.377842
138.4710,-11546,-30.227359,-0.377842
138.4810,-11546,-30.227359,-0.377842
138.4910,-11546,-30.227359,-0.377842
138.5010,-11546,-30.227359,-0.377842
138.5110,-11546,-30.227359,-0.377842
138.5210,-11546,-30.227359,-0.377842
138.5310,-11546,-30.227359,-0.377842
138.5410,-11546,-30.227359,-0.377842
138.5510,-11546,-30.227359,-0.377842
138.5610,-11546,-30.227359,-0.377842
138.5710,-11546,-30.227359,-0.377842
138.5810,-11546,-30.227359,-0.377842
138.5910,-11546,-30.227359,-0.377842
138.6010,-11547,-30.229976,-0.377875
138.6110,-11547,-30.229976,-0.377875
138.6210,-11547,-30.229976,-0.377875
138.6310,-11547,-30.229976,-0.377875
138.6410,-11547,-30.229976,-0.377875
138.6510,-11547,-30.229976,-0.377875
138.6610,-11547,-30.229976,-0.377875
138.6710,-11546,-30.227359,-0.377842
138.6810,-11547,-30.229976,-0.377875
138.6910,-11547,-30.229976,-0.377875
138.7010,-11547,-30.229976,-0.377875
138.7110,-11547,-30.229976,-0.377875
138.7210,-11547,-30.229976,-0.377875
138.7310,-11547,-30.229976,-0.377875
138.7410,-11547,-30.229976,-0.377875
138.7510,-11547,-30.229976,-0.377875
138.7610,-11547,-30.229976,-0.377875
138.7710,-11547,-30.229976,-0.377875
138.7810,-11547,-30.229976,-0.377875
138.7910,-11547,-30.229976,-0.377875
138.8010,-11547,-30.229976,-0.377875
138.8110,-11547,-30.229976,-0.377875
138.8210,-11547,-30.229976,-0.377875
138.8310,-11547,-30.229976,-0.377875
138.8410,-11547,-30.229976,-0.377875
138.8510,-11547,-30.229976,-0.377875
138.8610,-11548,-30.232593,-0.377907
138.8710,-11548,-30.232593,-0.377907
138.8810,-11548,-30.232593,-0.377907
138.8910,-11548,-30.232593,-0.377907
138.9010,-11548,-30.232593,-0.377907
138.9110,-11548,-30.232593,-0.377907
138.9210,-11548,-30.232593,-0.377907
138.9310,-11548,-30.232593,-0.377907
138.9410,-11548,-30.232593,-0.377907
138.9510,-11548,-30.232593,-0.377907
138.9610,-11548,-30.232593,-0.377907
138.9720,-11548,-30.232593,-0.377907
138.9810,-11548,-30.232593,-0.377907
138.9910,-11548,-30.232593,-0.377907
139.0010,-11548,-30.232593,-0.377907
139.0110,-11549,-30.235212,-0.377940
139.0210,-11549,-30.235212,-0.377940
139.0310,-11549,-30.235212,-0.377940
139.0410,-11549,-30.235212,-0.377940
139.0510,-11549,-30.235212,-0.377940
139.0610,-11549,-30.235212,-0.377940
139.0710,-11549,-30.235212,-0.377940
139.0810,-11549,-30.235212,-0.377940
139.0910,-11549,-30.235212,-0.377940
139.1010,-11549,-30.235212,-0.377940
139.1110,-11549,-30.235212,-0.377940
139.1210,-11549,-30.235212,-0.377940
139.1310,-11549,-30.235212,-0.377940
139.1410,-11549,-30.235212,-0.377940
139.1510,-11549,-30.235212,-0.377940
139.1610,-11549,-30.235212,-0.377940
139.1710,-11550,-30.237829,-0.377973
139.1810,-11550,-30.237829,-0.377973
139.1910,-11550,-30.237829,-0.377973
139.2010,-11550,-30.237829,-0.377973
139.2110,-11550,-30.237829,-0.377973
139.2210,-11549,-30.235212,-0.377940
139.2310,-11550,-30.237829,-0.377973
139.2410,-11550,-30.237829,-0.377973
139.2510,-11550,-30.237829,-0.377973
139.2610,-11550,-30.237829,-0.377973
139.2710,-11550,-30.237829,-0.377973
139.2810,-11550,-30.237829,-0.377973
139.2910,-11550,-30.237829,-0.377973
139.3010,-11550,-30.237829,-0.377973
139.3110,-11550,-30.237829,-0.377973
139.3210,-11550,-30.237829,-0.377973
139.3310,-11550,-30.237829,-0.377973
139.3410,-11550,-30.237829,-0.377973
139.3510,-11550,-30.237829,-0.377973
139.3610,-11550,-30.237829,-0.377973
139.3710,-11550,-30.237829,-0.377973
139.3810,-11550,-30.237829,-0.377973
139.3910,-11550,-30.237829,-0.377973
139.4010,-11550,-30.237829,-0.377973
139.4110,-11551,-30.240447,-0.378006
139.4210,-11551,-30.240447,-0.378006
139.4310,-11551,-30.240447,-0.378006
139.4410,-11551,-30.240447,-0.378006
139.4510,-11551,-30.240447,-0.378006
139.4610,-11551,-30.240447,-0.378006
139.4710,-11551,-30.240447,-0.378006
139.4810,-11551,-30.240447,-0.378006
139.4910,-11551,-30.240447,-0.378006
139.5010,-11551,-30.240447,-0.378006
139.5110,-11551,-30.240447,-0.378006
139.5210,-11551,-30.240447,-0.378006
139.5310,-11551,-30.240447,-0.378006
139.5410,-11551,-30.240447,-0.378006
139.5510,-11551,-30.240447,-0.378006
139.5610,-11552,-30.243066,-0.378038
139.5710,-11552,-30.243066,-0.378038
139.5810,-11552,-30.243066,-0.378038
139.5910,-11552,-30.243066,-0.378038
139.6010,-11552,-30.243066,-0.378038
139.6120,-11552,-30.243066,-0.378038
139.6210,-11552,-30.243066,-0.378038
139.6310,-11552,-30.243066,-0.378038
139.6410,-11552,-30.243066,-0.378038
139.6510,-11552,-30.243066,-0.378038
139.6610,-11552,-30.243066,-0.378038
139.6710,-11552,-30.243066,-0.378038
139.6810,-11552,-30.243066,-0.378038
139.6910,-11552,-30.243066,-0.378038
139.7010,-11552,-30.243066,-0.378038
139.7110,-11552,-30.243066,-0.378038
139.7210,-11552,-30.243066,-0.378038
139.7310,-11553,-30.245683,-0.378071
139.7410,-11553,-30.245683,-0.378071
139.7510,-11553,-30.245683,-0.378071
139.7610,-11552,-30.243066,-0.378038
139.7710,-11552,-30.243066,-0.378038
139.7810,-11552,-30.243066,-0.378038
139.7910,-11552,-30.243066,-0.378038
139.8010,-11552,-30.243066,-0.378038
139.8110,-11553,-30.245683,-0.378071
139.8210,-11553,-30.245683,-0.378071
139.8310,-11553,-30.245683,-0.378071
139.8410,-11553,-30.245683,-0.378071
139.8510,-11553,-30.245683,-0.378071
139.8610,-11553,-30.245683,-0.378071
139.8710,-11554,-30.248300,-0.378104
139.8810,-11554,-30.248300,-0.378104
139.8910,-11554,-30.248300,-0.378104
139.9010,-11554,-30.248300,-0.378104
139.9110,-11554,-30.248300,-0.378104
139.9210,-11554,-30.248300,-0.378104
139.9310,-11555,-30.250919,-0.378136
139.9410,-11555,-30.250919,-0.378136
139.9510,-11556,-30.253538,-0.378169
139.9610,-11556,-30.253538,-0.378169
139.9710,-11556,-30.253538,-0.378169
139.9810,-11557,-30.256156,-0.378202
139.9910,-11557,-30.256156,-0.378202
140.0010,-11557,-30.256156,-0.378202
140.0110,-11557,-30.256156,-0.378202
140.0210,-11557,-30.256156,-0.378202
140.0310,-11557,-30.256156,-0.378202
140.0410,-11557,-30.256156,-0.378202
140.0510,-11557,-30.256156,-0.378202
140.0610,-11557,-30.256156,-0.378202
140.0710,-11557,-30.256156,-0.378202
140.0810,-11557,-30.256156,-0.378202
140.0910,-11557,-30.256156,-0.378202
140.1010,-11557,-30.256156,-0.378202
140.1110,-11558,-30.258775,-0.378235
140.1210,-11558,-30.258775,-0.378235
140.1310,-11558,-30.258775,-0.378235
140.1410,-11559,-30.261390,-0.378267
140.1510,-11559,-30.261390,-0.378267
140.1610,-11559,-30.261390,-0.378267
140.1710,-11559,-30.261390,-0.378267
140.1810,-11559,-30.261390,-0.378267
140.1910,-11558,-30.258775,-0.378235
140.2010,-11558,-30.258775,-0.378235
140.2110,-11558,-30.258775,-0.378235
140.2210,-11558,-30.258775,-0.378235
140.2310,-11558,-30.258775,-0.378235
140.2410,-11559,-30.261390,-0.378267
140.2520,-11559,-30.261390,-0.378267
140.2610,-11559,-30.261390,-0.378267
140.2710,-11560,-30.264009,-0.378300
140.2810,-11560,-30.264009,-0.378300
140.2910,-11560,-30.264009,-0.378300
140.3010,-11560,-30.264009,-0.378300
140.3110,-11560,-30.264009,-0.378300
140.3210,-11560,-30.264009,-0.378300
140.3310,-11559,-30.261390,-0.378267
140.3410,-11560,-30.264009,-0.378300
140.3510,-11560,-30.264009,-0.378300
140.3610,-11560,-30.264009,-0.378300
140.3710,-11560,-30.264009,-0.378300
140.3810,-11560,-30.264009,-0.378300
140.3910,-11560,-30.264009,-0.378300
140.4010,-11560,-30.264009,-0.378300
140.4110,-11560,-30.264009,-0.378300
140.4210,-11561,-30.266628,-0.378333
140.4310,-11561,-30.266628,-0.378333
140.4410,-11561,-30.266628,-0.378333
140.4510,-11561,-30.266628,-0.378333
140.4610,-11561,-30.266628,-0.378333
140.4710,-11560,-30.264009,-0.378300
140.4810,-11560,-30.264009,-0.378300
140.4910,-11561,-30.266628,-0.378333
140.5010,-11561,-30.266628,-0.378333
140.5110,-11561,-30.266628,-0.378333
140.5210,-11561,-30.266628,-0.378333
140.5310,-11561,-30.266628,-0.378333
140.5410,-11561,-30.266628,-0.378333
140.5510,-11561,-30.266628,-0.378333
140.5610,-11562,-30.269247,-0.378366
140.5710,-11562,-30.269247,-0.378366
140.5810,-11562,-30.269247,-0.378366
140.5910,-11562,-30.269247,-0.378366
140.6010,-11562,-30.269247,-0.378366
140.6110,-11561,-30.266628,-0.378333
140.6210,-11562,-30.269247,-0.378366
140.6310,-11562,-30.269247,-0.378366
140.6410,-11562,-30.269247,-0.378366
140.6510,-11562,-30.269247,-0.378366
140.6610,-11562,-30.269247,-0.378366
140.6710,-11562,-30.269247,-0.378366
140.6810,-11562,-30.269247,-0.378366
140.6910,-11562,-30.269247,-0.378366
140.7010,-11563,-30.271865,-0.378398
140.7110,-11563,-30.271865,-0.378398
140.7210,-11563,-30.271865,-0.378398
140.7310,-11563,-30.271865,-0.378398
140.7410,-11563,-30.271865,-0.378398
140.7510,-11562,-30.269247,-0.378366
140.7610,-11563,-30.271865,-0.378398
140.7710,-11563,-30.271865,-0.378398
140.7810,-11563,-30.271865,-0.378398
140.7910,-11563,-30.271865,-0.378398
140.8010,-11564,-30.274480,-0.378431
140.8110,-11564,-30.274480,-0.378431
140.8210,-11564,-30.274480,-0.378431
140.8310,-11564,-30.274480,-0.378431
140.8410,-11565,-30.277099,-0.378464
140.8510,-11565,-30.277099,-0.378464
140.8610,-11565,-30.277099,-0.378464
140.8710,-11565,-30.277099,-0.378464
140.8810,-11565,-30.277099,-0.378464
140.8920,-11564,-30.274480,-0.378431
140.9010,-11565,-30.277099,-0.378464
140.9110,-11565,-30.277099,-0.378464
140.9210,-11565,-30.277099,-0.378464
140.9310,-11565,-30.277099,-0.378464
140.9410,-11566,-30.279718,-0.378497
140.9510,-11566,-30.279718,-0.378497
140.9610,-11566,-30.279718,-0.378497
140.9710,-11566,-30.279718,-0.378497
140.9810,-11567,-30.282337,-0.378529
140.9910,-11567,-30.282337,-0.378529
141.0010,-11567,-30.282337,-0.378529
141.0110,-11567,-30.282337,-0.378529
141.0210,-11567,-30.282337,-0.378529
141.0310,-11566,-30.279718,-0.378497
141.0410,-11567,-30.282337,-0.378529
141.0510,-11567,-30.282337,-0.378529
141.0610,-11567,-30.282337,-0.378529
141.0710,-11567,-30.282337,-0.378529
141.0810,-11568,-30.284955,-0.378562
141.0910,-11568,-30.284955,-0.378562
141.1010,-11568,-30.284955,-0.378562
141.1110,-11568,-30.284955,-0.378562
141.1210,-11569,-30.287570,-0.378595
141.1310,-11569,-30.287570,-0.378595
141.1410,-11569,-30.287570,-0.378595
141.1510,-11569,-30.287570,-0.378595
141.1610,-11569,-30.287570,-0.378595
141.1710,-11569,-30.287570,-0.378595
141.1810,-11570,-30.290189,-0.378627
141.1910,-11571,-30.292808,-0.378660
141.2010,-11572,-30.295425,-0.378693
141.2110,-11573,-30.298044,-0.378726
141.2210,-11575,-30.303279,-0.378791
141.2310,-11578,-30.311134,-0.378889
141.2410,-11579,-30.313753,-0.378922
141.2510,-11582,-30.321605,-0.379020
141.2610,-11585,-30.329458,-0.379118
141.2710,-11588,-30.337314,-0.379216
141.2810,-11590,-30.342552,-0.379282
141.2910,-11592,-30.347785,-0.379347
141.3010,-11595,-30.355640,-0.379446
141.3110,-11597,-30.360876,-0.379511
141.3210,-11600,-30.368730,-0.379609
141.3310,-11605,-30.381820,-0.379773
141.3410,-11613,-30.402763,-0.380035
141.3510,-11622,-30.426326,-0.380329
141.3610,-11631,-30.449888,-0.380624
141.3710,-11642,-30.478685,-0.380984
141.3810,-11652,-30.504865,-0.381311
141.3910,-11662,-30.531045,-0.381638
141.4010,-11672,-30.557224,-0.381965
141.4110,-11682,-30.583404,-0.382293
141.4210,-11692,-30.609582,-0.382620
141.4310,-11702,-30.635766,-0.382947
141.4410,-11715,-30.669797,-0.383372
141.4510,-11728,-30.703834,-0.383798
141.4610,-11743,-30.743103,-0.384289
141.4710,-11761,-30.790227,-0.384878
141.4810,-11776,-30.829496,-0.385369
141.4910,-11789,-30.863529,-0.385794
141.5010,-11807,-30.910654,-0.386383
141.5110,-11828,-30.965631,-0.387070
141.5210,-11850,-31.023227,-0.387790
141.5320,-11874,-31.086061,-0.388576
141.5410,-11897,-31.146272,-0.389328
141.5510,-11924,-31.216958,-0.390212
141.5610,-11946,-31.274555,-0.390932
141.5710,-11970,-31.337388,-0.391717
141.5810,-11990,-31.389747,-0.392372
141.5910,-12012,-31.447343,-0.393092
141.6010,-12036,-31.510173,-0.393877
141.6110,-12067,-31.591331,-0.394892
141.6210,-12095,-31.664636,-0.395808
141.6310,-12124,-31.740558,-0.396757
141.6410,-12155,-31.821716,-0.397771
141.6510,-12185,-31.900255,-0.398753
141.6610,-12213,-31.973560,-0.399670
141.6710,-12251,-32.073043,-0.400913
141.6810,-12289,-32.172527,-0.402157
141.6910,-12322,-32.258922,-0.403237
141.7010,-12347,-32.324371,-0.404055
141.7110,-12367,-32.376728,-0.404709
141.7210,-12382,-32.416000,-0.405200
141.7310,-12397,-32.455272,-0.405691
141.7410,-12410,-32.489303,-0.406116
141.7510,-12419,-32.512866,-0.406411
141.7610,-12424,-32.525959,-0.406575
141.7710,-12424,-32.525959,-0.406575
141.7810,-12423,-32.523338,-0.406542
141.7910,-12423,-32.523338,-0.406542
141.8010,-12423,-32.523338,-0.406542
141.8110,-12424,-32.525959,-0.406575
141.8210,-12428,-32.536430,-0.406705
141.8310,-12433,-32.549518,-0.406869
141.8410,-12442,-32.573078,-0.407164
141.8510,-12455,-32.607112,-0.407589
141.8610,-12469,-32.643764,-0.408047
141.8710,-12488,-32.693508,-0.408669
141.8810,-12504,-32.735397,-0.409192
141.8910,-12522,-32.782520,-0.409782
141.9010,-12534,-32.813934,-0.410174
141.9110,-12546,-32.845352,-0.410567
141.9210,-12558,-32.876770,-0.410960
141.9310,-12573,-32.916038,-0.411450
141.9410,-12586,-32.950073,-0.411876
141.9510,-12595,-32.973632,-0.412170
141.9610,-12598,-32.981487,-0.412269
141.9710,-12601,-32.989341,-0.412367
141.9810,-12603,-32.994575,-0.412432
141.9910,-12604,-32.997196,-0.412465
142.0010,-12604,-32.997196,-0.412465
142.0110,-12605,-32.999813,-0.412498
142.0210,-12605,-32.999813,-0.412498
142.0310,-12605,-32.999813,-0.412498
142.0410,-12604,-32.997196,-0.412465
142.0510,-12604,-32.997196,-0.412465
142.0610,-12604,-32.997196,-0.412465
142.0710,-12604,-32.997196,-0.412465
142.0810,-12605,-32.999813,-0.412498
142.0910,-12606,-33.002433,-0.412530
142.1010,-12607,-33.005050,-0.412563
142.1110,-12608,-33.007667,-0.412596
142.1210,-12608,-33.007667,-0.412596
142.1310,-12609,-33.010284,-0.412629
142.1410,-12609,-33.010284,-0.412629
142.1510,-12611,-33.015522,-0.412694
142.1610,-12611,-33.015522,-0.412694
142.1720,-12611,-33.015522,-0.412694
142.1810,-12611,-33.015522,-0.412694
142.1910,-12612,-33.018138,-0.412727
142.2010,-12612,-33.018138,-0.412727
142.2110,-12612,-33.018138,-0.412727
142.2210,-12612,-33.018138,-0.412727
142.2310,-12613,-33.020759,-0.412760
142.2410,-12613,-33.020759,-0.412760
142.2510,-12614,-33.023372,-0.412792
142.2610,-12614,-33.023372,-0.412792
142.2710,-12615,-33.025993,-0.412825
142.2810,-12615,-33.025993,-0.412825
142.2910,-12616,-33.028610,-0.412858
142.3010,-12617,-33.031230,-0.412890
142.3110,-12617,-33.031230,-0.412890
142.3210,-12617,-33.031230,-0.412890
142.3310,-12618,-33.033847,-0.412923
142.3410,-12618,-33.033847,-0.412923
142.3510,-12618,-33.033847,-0.412923
142.3610,-12619,-33.036464,-0.412956
142.3710,-12619,-33.036464,-0.412956
142.3810,-12619,-33.036464,-0.412956
142.3910,-12620,-33.039081,-0.412989
142.4010,-12620,-33.039081,-0.412989
142.4110,-12620,-33.039081,-0.412989
142.4210,-12621,-33.041702,-0.413021
142.4310,-12622,-33.044319,-0.413054
142.4410,-12622,-33.044319,-0.413054
142.4510,-12623,-33.046939,-0.413087
142.4610,-12623,-33.046939,-0.413087
142.4710,-12624,-33.049556,-0.413119
142.4810,-12624,-33.049556,-0.413119
142.4910,-12625,-33.052173,-0.413152
142.5010,-12625,-33.052173,-0.413152
142.5110,-12625,-33.052173,-0.413152
142.5210,-12626,-33.054790,-0.413185
142.5310,-12626,-33.054790,-0.413185
142.5410,-12626,-33.054790,-0.413185
142.5510,-12626,-33.054790,-0.413185
142.5610,-12627,-33.057411,-0.413218
142.5710,-12627,-33.057411,-0.413218
142.5810,-12627,-33.057411,-0.413218
142.5910,-12628,-33.060028,-0.413250
142.6010,-12628,-33.060028,-0.413250
142.6110,-12628,-33.060028,-0.413250
142.6210,-12629,-33.062644,-0.413283
142.6310,-12629,-33.062644,-0.413283
142.6410,-12630,-33.065261,-0.413316
142.6510,-12630,-33.065261,-0.413316
142.6610,-12630,-33.065261,-0.413316
142.6710,-12630,-33.065261,-0.413316
142.6810,-12630,-33.065261,-0.413316
142.6910,-12630,-33.065261,-0.413316
142.7010,-12631,-33.067882,-0.413349
142.7110,-12631,-33.067882,-0.413349
142.7210,-12631,-33.067882,-0.413349
142.7310,-12632,-33.070499,-0.413381
142.7410,-12632,-33.070499,-0.413381
142.7510,-12633,-33.073116,-0.413414
142.7610,-12633,-33.073116,-0.413414
142.7710,-12633,-33.073116,-0.413414
142.7810,-12634,-33.075736,-0.413447
142.7910,-12634,-33.075736,-0.413447
142.8010,-12634,-33.075736,-0.413447
142.8120,-12634,-33.075736,-0.413447
142.8210,-12634,-33.075736,-0.413447
142.8310,-12633,-33.073116,-0.413414
142.8410,-12634,-33.075736,-0.413447
142.8510,-12634,-33.075736,-0.413447
142.8610,-12634,-33.075736,-0.413447
142.8710,-12635,-33.078353,-0.413479
142.8810,-12635,-33.078353,-0.413479
142.8910,-12636,-33.080970,-0.413512
142.9010,-12636,-33.080970,-0.413512
142.9110,-12637,-33.083587,-0.413545
142.9210,-12637,-33.083587,-0.413545
142.9310,-12637,-33.083587,-0.413545
142.9410,-12638,-33.086208,-0.413578
142.9510,-12638,-33.086208,-0.413578
142.9610,-12638,-33.086208,-0.413578
142.9710,-12638,-33.086208,-0.413578
142.9810,-12638,-33.086208,-0.413578
142.9910,-12638,-33.086208,-0.413578
143.0010,-12638,-33.086208,-0.413578
143.0110,-12638,-33.086208,-0.413578
143.0210,-12639,-33.088825,-0.413610
143.0310,-12639,-33.088825,-0.413610
143.0410,-12640,-33.091445,-0.413643
143.0510,-12640,-33.091445,-0.413643
143.0610,-12640,-33.091445,-0.413643
143.0710,-12640,-33.091445,-0.413643
143.0810,-12640,-33.091445,-0.413643
143.0910,-12640,-33.091445,-0.413643
143.1010,-12640,-33.091445,-0.413643
143.1110,-12640,-33.091445,-0.413643
143.1210,-12641,-33.094058,-0.413676
143.1310,-12641,-33.094058,-0.413676
143.1410,-12641,-33.094058,-0.413676
143.1510,-12641,-33.094058,-0.413676
143.1610,-12642,-33.096679,-0.413709
143.1710,-12642,-33.096679,-0.413709
143.1810,-12643,-33.099296,-0.413741
143.1910,-12643,-33.099296,-0.413741
143.2010,-12644,-33.101917,-0.413774
143.2110,-12644,-33.101917,-0.413774
143.2210,-12644,-33.101917,-0.413774
143.2310,-12644,-33.101917,-0.413774
143.2410,-12644,-33.101917,-0.413774
143.2510,-12644,-33.101917,-0.413774
143.2610,-12645,-33.104534,-0.413807
143.2710,-12646,-33.107151,-0.413839
143.2810,-12647,-33.109767,-0.413872
143.2910,-12648,-33.112388,-0.413905
143.3010,-12650,-33.117626,-0.413970
143.3110,-12652,-33.122859,-0.414036
143.3210,-12654,-33.128097,-0.414101
143.3310,-12656,-33.133331,-0.414167
143.3410,-12658,-33.138565,-0.414232
143.3510,-12659,-33.141185,-0.414265
143.3610,-12661,-33.146423,-0.414330
143.3710,-12662,-33.149036,-0.414363
143.3810,-12663,-33.151657,-0.414396
143.3910,-12664,-33.154273,-0.414428
143.4010,-12666,-33.159511,-0.414494
143.4110,-12667,-33.162128,-0.414527
143.4210,-12668,-33.164745,-0.414559
143.4310,-12669,-33.167366,-0.414592
143.4410,-12670,-33.169982,-0.414625
143.4520,-12672,-33.175220,-0.414690
143.4610,-12675,-33.183074,-0.414788
143.4710,-12680,-33.196163,-0.414952
143.4810,-12687,-33.214488,-0.415181
143.4910,-12699,-33.245906,-0.415574
143.5010,-12706,-33.264228,-0.415803
143.5110,-12712,-33.279937,-0.415999
143.5210,-12718,-33.295646,-0.416196
143.5310,-12724,-33.311355,-0.416392
143.5410,-12730,-33.327064,-0.416588
143.5510,-12736,-33.342773,-0.416785
143.5610,-12740,-33.353244,-0.416916
143.5710,-12742,-33.358478,-0.416981
143.5810,-12743,-33.361095,-0.417014
143.5910,-12743,-33.361095,-0.417014
143.6010,-12742,-33.358478,-0.416981
143.6110,-12741,-33.355861,-0.416948
143.6210,-12740,-33.353244,-0.416916
143.6310,-12740,-33.353244,-0.416916
143.6410,-12739,-33.350624,-0.416883
143.6510,-12739,-33.350624,-0.416883
143.6610,-12739,-33.350624,-0.416883
143.6710,-12741,-33.355861,-0.416948
143.6810,-12743,-33.361095,-0.417014
143.6910,-12745,-33.366333,-0.417079
143.7010,-12747,-33.371570,-0.417145
143.7110,-12749,-33.376804,-0.417210
143.7210,-12750,-33.379421,-0.417243
143.7310,-12751,-33.382041,-0.417276
143.7410,-12751,-33.382041,-0.417276
143.7510,-12751,-33.382041,-0.417276
143.7610,-12751,-33.382041,-0.417276
143.7710,-12751,-33.382041,-0.417276
143.7810,-12750,-33.379421,-0.417243
143.7910,-12750,-33.379421,-0.417243
143.8010,-12750,-33.379421,-0.417243
143.8110,-12751,-33.382041,-0.417276
143.8210,-12752,-33.384658,-0.417308
143.8310,-12753,-33.387275,-0.417341
143.8410,-12755,-33.392513,-0.417406
143.8510,-12757,-33.397750,-0.417472
143.8610,-12758,-33.400367,-0.417505
143.8710,-12760,-33.405601,-0.417570
143.8810,-12760,-33.405601,-0.417570
143.8910,-12760,-33.405601,-0.417570
143.9010,-12760,-33.405601,-0.417570
143.9110,-12760,-33.405601,-0.417570
143.9210,-12760,-33.405601,-0.417570
143.9310,-12759,-33.402984,-0.417537
143.9410,-12758,-33.400367,-0.417505
143.9510,-12759,-33.402984,-0.417537
143.9610,-12759,-33.402984,-0.417537
143.9710,-12759,-33.402984,-0.417537
143.9810,-12760,-33.405601,-0.417570
143.9910,-12761,-33.408222,-0.417603
144.0010,-12762,-33.410839,-0.417636
144.0110,-12763,-33.413459,-0.417668
144.0210,-12764,-33.416072,-0.417701
144.0310,-12765,-33.418693,-0.417734
144.0410,-12765,-33.418693,-0.417734
144.0510,-12765,-33.418693,-0.417734
144.0610,-12765,-33.418693,-0.417734
144.0710,-12765,-33.418693,-0.417734
144.0810,-12764,-33.416072,-0.417701
144.0920,-12765,-33.418693,-0.417734
144.1010,-12765,-33.418693,-0.417734
144.1110,-12765,-33.418693,-0.417734
144.1210,-12766,-33.421310,-0.417766
144.1310,-12766,-33.421310,-0.417766
144.1410,-12767,-33.423931,-0.417799
144.1510,-12768,-33.426548,-0.417832
144.1610,-12769,-33.429164,-0.417865
144.1710,-12770,-33.431781,-0.417897
144.1810,-12770,-33.431781,-0.417897
144.1910,-12770,-33.431781,-0.417897
144.2010,-12770,-33.431781,-0.417897
144.2110,-12770,-33.431781,-0.417897
144.2210,-12770,-33.431781,-0.417897
144.2310,-12771,-33.434398,-0.417930
144.2410,-12771,-33.434398,-0.417930
144.2510,-12771,-33.434398,-0.417930
144.2610,-12771,-33.434398,-0.417930
144.2710,-12771,-33.434398,-0.417930
144.2810,-12772,-33.437019,-0.417963
144.2910,-12773,-33.439636,-0.417995
144.3010,-12774,-33.442256,-0.418028
144.3110,-12774,-33.442256,-0.418028
144.3210,-12775,-33.444869,-0.418061
144.3310,-12776,-33.447490,-0.418094
144.3410,-12776,-33.447490,-0.418094
144.3510,-12776,-33.447490,-0.418094
144.3610,-12777,-33.450107,-0.418126
144.3710,-12778,-33.452728,-0.418159
144.3810,-12779,-33.455345,-0.418192
144.3910,-12779,-33.455345,-0.418192
144.4010,-12779,-33.455345,-0.418192
144.4110,-12780,-33.457962,-0.418225
144.4210,-12780,-33.457962,-0.418225
144.4310,-12781,-33.460578,-0.418257
144.4410,-12781,-33.460578,-0.418257
144.4510,-12782,-33.463199,-0.418290
144.4610,-12782,-33.463199,-0.418290
144.4710,-12782,-33.463199,-0.418290
144.4810,-12782,-33.463199,-0.418290
144.4910,-12782,-33.463199,-0.418290
144.5010,-12783,-33.465816,-0.418323
144.5110,-12783,-33.465816,-0.418323
144.5210,-12783,-33.465816,-0.418323
144.5310,-12784,-33.468437,-0.418355
144.5410,-12784,-33.468437,-0.418355
144.5510,-12784,-33.468437,-0.418355
144.5610,-12785,-33.471050,-0.418388
144.5710,-12785,-33.471050,-0.418388
144.5810,-12786,-33.473670,-0.418421
144.5910,-12786,-33.473670,-0.418421
144.6010,-12787,-33.476287,-0.418454
144.6110,-12787,-33.476287,-0.418454
144.6210,-12787,-33.476287,-0.418454
144.6310,-12787,-33.476287,-0.418454
144.6410,-12787,-33.476287,-0.418454
144.6510,-12788,-33.478908,-0.418486
144.6610,-12788,-33.478908,-0.418486
144.6710,-12788,-33.478908,-0.418486
144.6810,-12788,-33.478908,-0.418486
144.6910,-12789,-33.481525,-0.418519
144.7010,-12790,-33.484142,-0.418552
144.7110,-12790,-33.484142,-0.418552
144.7210,-12791,-33.486759,-0.418585
144.7320,-12791,-33.486759,-0.418585
144.7410,-12791,-33.486759,-0.418585
144.7510,-12791,-33.486759,-0.418585
144.7610,-12791,-33.486759,-0.418585
144.7710,-12792,-33.489379,-0.418617
144.7810,-12792,-33.489379,-0.418617
144.7910,-12792,-33.489379,-0.418617
144.8010,-12792,-33.489379,-0.418617
144.8110,-12793,-33.491996,-0.418650
144.8210,-12793,-33.491996,-0.418650
144.8310,-12794,-33.494613,-0.418683
144.8410,-12794,-33.494613,-0.418683
144.8510,-12794,-33.494613,-0.418683
144.8610,-12795,-33.497234,-0.418715
144.8710,-12795,-33.497234,-0.418715
144.8810,-12795,-33.497234,-0.418715
144.8910,-12795,-33.497234,-0.418715
144.9010,-12795,-33.497234,-0.418715
144.9110,-12795,-33.497234,-0.418715
144.9210,-12796,-33.499851,-0.418748
144.9310,-12796,-33.499851,-0.418748
144.9410,-12796,-33.499851,-0.418748
144.9510,-12797,-33.502468,-0.418781
144.9610,-12797,-33.502468,-0.418781
144.9710,-12798,-33.505084,-0.418814
144.9810,-12798,-33.505084,-0.418814
144.9910,-12798,-33.505084,-0.418814
145.0010,-12799,-33.507705,-0.418846
145.0110,-12799,-33.507705,-0.418846
145.0210,-12799,-33.507705,-0.418846
145.0310,-12799,-33.507705,-0.418846
145.0410,-12799,-33.507705,-0.418846
145.0510,-12799,-33.507705,-0.418846
145.0610,-12800,-33.510322,-0.418879
145.0710,-12800,-33.510322,-0.418879
145.0810,-12800,-33.510322,-0.418879
145.0910,-12801,-33.512939,-0.418912
145.1010,-12803,-33.518177,-0.418977
145.1110,-12804,-33.520793,-0.419010
145.1210,-12806,-33.526031,-0.419075
145.1310,-12806,-33.526031,-0.419075
145.1410,-12808,-33.531265,-0.419141
145.1510,-12808,-33.531265,-0.419141
145.1610,-12809,-33.533885,-0.419174
145.1710,-12810,-33.536502,-0.419206
145.1810,-12810,-33.536502,-0.419206
145.1910,-12810,-33.536502,-0.419206
145.2010,-12812,-33.541736,-0.419272
145.2110,-12812,-33.541736,-0.419272
145.2210,-12813,-33.544357,-0.419304
145.2310,-12813,-33.544357,-0.419304
145.2410,-12814,-33.546974,-0.419337
145.2510,-12815,-33.549591,-0.419370
145.2610,-12816,-33.552211,-0.419403
145.2710,-12817,-33.554828,-0.419435
145.2810,-12818,-33.557445,-0.419468
145.2910,-12819,-33.560062,-0.419501
145.3010,-12820,-33.562683,-0.419534
145.3110,-12822,-33.567920,-0.419599
145.3210,-12823,-33.570533,-0.419632
145.3310,-12825,-33.575771,-0.419697
145.3410,-12830,-33.588863,-0.419861
145.3510,-12836,-33.604572,-0.420057
145.3610,-12843,-33.622898,-0.420286
145.3720,-12850,-33.641220,-0.420515
145.3810,-12858,-33.662166,-0.420777
145.3910,-12868,-33.688346,-0.421104
145.4010,-12876,-33.709289,-0.421366
145.4110,-12884,-33.730232,-0.421628
145.4210,-12892,-33.751174,-0.421890
145.4310,-12900,-33.772121,-0.422152
145.4410,-12909,-33.795684,-0.422446
145.4510,-12916,-33.814010,-0.422675
145.4610,-12922,-33.829719,-0.422872
145.4710,-12929,-33.848045,-0.423101
145.4810,-12939,-33.874225,-0.423428
145.4910,-12951,-33.905639,-0.423821
145.5010,-12964,-33.939674,-0.424246
145.5110,-12983,-33.989418,-0.424868
145.5210,-13004,-34.044395,-0.425555
145.5310,-13029,-34.109844,-0.426373
145.5410,-13056,-34.180530,-0.427257
145.5510,-13078,-34.238124,-0.427977
145.5610,-13097,-34.287864,-0.428598
145.5710,-13119,-34.345462,-0.429318
145.5810,-13139,-34.397819,-0.429973
145.5910,-13153,-34.434474,-0.430431
145.6010,-13166,-34.468505,-0.430856
145.6110,-13175,-34.492073,-0.431151
145.6210,-13184,-34.515632,-0.431445
145.6310,-13192,-34.536575,-0.431707
145.6410,-13203,-34.565372,-0.432067
145.6510,-13210,-34.583698,-0.432296
145.6610,-13218,-34.604644,-0.432558
145.6710,-13230,-34.636058,-0.432951
145.6810,-13247,-34.680564,-0.433507
145.6910,-13268,-34.735542,-0.434194
145.7010,-13293,-34.800994,-0.435012
145.7110,-13322,-34.876914,-0.435961
145.7210,-13349,-34.947601,-0.436845
145.7310,-13379,-35.026142,-0.437827
145.7410,-13406,-35.096828,-0.438710
145.7510,-13434,-35.170131,-0.439627
145.7610,-13458,-35.232963,-0.440412
145.7710,-13479,-35.287940,-0.441099
145.7810,-13496,-35.332447,-0.441656
145.7910,-13507,-35.361244,-0.442016
145.8010,-13516,-35.384807,-0.442310
145.8110,-13524,-35.405750,-0.442572
145.8210,-13531,-35.424076,-0.442801
145.8310,-13538,-35.442401,-0.443030
145.8410,-13545,-35.460727,-0.443259
145.8510,-13556,-35.489528,-0.443619
145.8610,-13569,-35.523559,-0.444045
145.8710,-13582,-35.557594,-0.444470
145.8810,-13595,-35.591625,-0.444895
145.8910,-13608,-35.625663,-0.445321
145.9010,-13623,-35.664932,-0.445812
145.9110,-13640,-35.709438,-0.446368
145.9210,-13661,-35.764415,-0.447055
145.9310,-13679,-35.811538,-0.447644
145.9410,-13698,-35.861282,-0.448266
145.9510,-13716,-35.908405,-0.448855
145.9610,-13730,-35.945056,-0.449313
145.9710,-13740,-35.971237,-0.449640
145.9810,-13749,-35.994800,-0.449935
145.9910,-13757,-36.015743,-0.450197
146.0010,-13765,-36.036689,-0.450459
146.0120,-13777,-36.068099,-0.450851
146.0210,-13789,-36.099517,-0.451244
146.0310,-13807,-36.146644,-0.451833
146.0410,-13827,-36.199001,-0.452488
146.0510,-13852,-36.264450,-0.453306
146.0610,-13877,-36.329902,-0.454124
146.0710,-13901,-36.392734,-0.454909
146.0810,-13925,-36.455566,-0.455695
146.0910,-13949,-36.518398,-0.456480
146.1010,-13968,-36.568141,-0.457102
146.1110,-13988,-36.620498,-0.457756
146.1210,-14005,-36.665004,-0.458313
146.1310,-14021,-36.706893,-0.458836
146.1410,-14034,-36.740924,-0.459262
146.1510,-14051,-36.785430,-0.459818
146.1610,-14066,-36.824703,-0.460309
146.1710,-14079,-36.858737,-0.460734
146.1810,-14090,-36.887535,-0.461094
146.1910,-14100,-36.913715,-0.461421
146.2010,-14111,-36.942512,-0.461781
146.2110,-14119,-36.963455,-0.462043
146.2210,-14129,-36.989639,-0.462370
146.2310,-14138,-37.013198,-0.462665
146.2410,-14149,-37.041996,-0.463025
146.2510,-14161,-37.073413,-0.463418
146.2610,-14175,-37.110065,-0.463876
146.2710,-14184,-37.133625,-0.464170
146.2810,-14190,-37.149333,-0.464367
146.2910,-14194,-37.159805,-0.464498
146.3010,-14196,-37.165042,-0.464563
146.3110,-14200,-37.175514,-0.464694
146.3210,-14201,-37.178131,-0.464727
146.3310,-14203,-37.183368,-0.464792
146.3410,-14206,-37.191223,-0.464890
146.3510,-14210,-37.201694,-0.465021
146.3610,-14213,-37.209548,-0.465119
146.3710,-14218,-37.222637,-0.465283
146.3810,-14222,-37.233108,-0.465414
146.3910,-14227,-37.246200,-0.465578
146.4010,-14232,-37.259288,-0.465741
146.4110,-14236,-37.269763,-0.465872
146.4210,-14239,-37.277614,-0.465970
146.4310,-14241,-37.282852,-0.466036
146.4410,-14242,-37.285469,-0.466068
146.4510,-14244,-37.290706,-0.466134
146.4610,-14244,-37.290706,-0.466134
146.4710,-14244,-37.290706,-0.466134
146.4810,-14244,-37.290706,-0.466134
146.4910,-14244,-37.290706,-0.466134
146.5010,-14244,-37.290706,-0.466134
146.5110,-14244,-37.290706,-0.466134
146.5210,-14244,-37.290706,-0.466134
146.5310,-14246,-37.295944,-0.466199
146.5410,-14248,-37.301177,-0.466265
146.5510,-14250,-37.306415,-0.466330
146.5610,-14253,-37.314266,-0.466428
146.5710,-14255,-37.319503,-0.466494
146.5810,-14257,-37.324741,-0.466559
146.5910,-14261,-37.335212,-0.466690
146.6010,-14265,-37.345684,-0.466821
146.6110,-14270,-37.358772,-0.466985
146.6210,-14276,-37.374481,-0.467181
146.6310,-14285,-37.398040,-0.467475
146.6410,-14295,-37.424224,-0.467803
146.6520,-14305,-37.450405,-0.468130
146.6610,-14315,-37.476585,-0.468457
146.6710,-14325,-37.502761,-0.468785
146.6810,-14335,-37.528942,-0.469112
146.6910,-14344,-37.552505,-0.469406
146.7010,-14351,-37.570831,-0.469635
146.7110,-14357,-37.586540,-0.469832
146.7210,-14363,-37.602249,-0.470028
146.7310,-14370,-37.620574,-0.470257
146.7410,-14376,-37.636280,-0.470454
146.7510,-14382,-37.651988,-0.470650
146.7610,-14388,-37.667697,-0.470846
146.7710,-14394,-37.683403,-0.471043
146.7810,-14399,-37.696495,-0.471206
146.7910,-14406,-37.714820,-0.471435
146.8010,-14415,-37.738380,-0.471730
146.8110,-14423,-37.759326,-0.471992
146.8210,-14431,-37.780269,-0.472253
146.8310,-14438,-37.798595,-0.472482
146.8410,-14447,-37.822158,-0.472777
146.8510,-14455,-37.843101,-0.473039
146.8610,-14463,-37.864044,-0.473301
146.8710,-14470,-37.882373,-0.473530
146.8810,-14478,-37.903316,-0.473791
146.8910,-14486,-37.924259,-0.474053
146.9010,-14495,-37.947822,-0.474348
146.9110,-14503,-37.968765,-0.474610
146.9210,-14512,-37.992328,-0.474904
146.9310,-14522,-38.018508,-0.475231
146.9410,-14533,-38.047306,-0.475591
146.9510,-14543,-38.073486,-0.475919
146.9610,-14554,-38.102283,-0.476279
146.9710,-14564,-38.128463,-0.476606
146.9810,-14575,-38.157260,-0.476966
146.9910,-14585,-38.183441,-0.477293
147.0010,-14592,-38.201766,-0.477522
147.0110,-14601,-38.225326,-0.477817
147.0210,-14607,-38.241035,-0.478013
147.0310,-14611,-38.251510,-0.478144
147.0410,-14612,-38.254127,-0.478177
147.0510,-14613,-38.256744,-0.478209
147.0610,-14613,-38.256744,-0.478209
147.0710,-14612,-38.254127,-0.478177
147.0810,-14612,-38.254127,-0.478177
147.0910,-14611,-38.251510,-0.478144
147.1010,-14611,-38.251510,-0.478144
147.1110,-14611,-38.251510,-0.478144
147.1210,-14612,-38.254127,-0.478177
147.1310,-14613,-38.256744,-0.478209
147.1410,-14616,-38.264598,-0.478308
147.1510,-14618,-38.269836,-0.478373
147.1610,-14619,-38.272453,-0.478406
147.1710,-14620,-38.275070,-0.478438
147.1810,-14622,-38.280307,-0.478504
147.1910,-14622,-38.280307,-0.478504
147.2010,-14623,-38.282924,-0.478537
147.2110,-14623,-38.282924,-0.478537
147.2210,-14622,-38.280307,-0.478504
147.2310,-14622,-38.280307,-0.478504
147.2410,-14622,-38.280307,-0.478504
147.2510,-14621,-38.277690,-0.478471
147.2610,-14621,-38.277690,-0.478471
147.2710,-14621,-38.277690,-0.478471
147.2810,-14622,-38.280307,-0.478504
147.2920,-14622,-38.280307,-0.478504
147.3010,-14624,-38.285541,-0.478569
147.3110,-14625,-38.288162,-0.478602
147.3210,-14626,-38.290779,-0.478635
147.3310,-14628,-38.296012,-0.478700
147.3410,-14628,-38.296012,-0.478700
147.3510,-14629,-38.298633,-0.478733
147.3610,-14629,-38.298633,-0.478733
147.3710,-14630,-38.301250,-0.478766
147.3810,-14630,-38.301250,-0.478766
147.3910,-14630,-38.301250,-0.478766
147.4010,-14630,-38.301250,-0.478766
147.4110,-14629,-38.298633,-0.478733
147.4210,-14630,-38.301250,-0.478766
147.4310,-14631,-38.303871,-0.478798
147.4410,-14633,-38.309108,-0.478864
147.4510,-14635,-38.314342,-0.478929
147.4610,-14637,-38.319580,-0.478995
147.4710,-14640,-38.327430,-0.479093
147.4810,-14643,-38.335285,-0.479191
147.4910,-14646,-38.343139,-0.479289
147.5010,-14649,-38.350994,-0.479387
147.5110,-14651,-38.356227,-0.479453
147.5210,-14653,-38.361465,-0.479518
147.5310,-14654,-38.364086,-0.479551
147.5410,-14655,-38.366699,-0.479584
147.5510,-14655,-38.366699,-0.479584
147.5610,-14657,-38.371936,-0.479649
147.5710,-14659,-38.377174,-0.479715
147.5810,-14660,-38.379791,-0.479747
147.5910,-14662,-38.385028,-0.479813
147.6010,-14663,-38.387645,-0.479846
147.6110,-14665,-38.392883,-0.479911
147.6210,-14667,-38.398117,-0.479976
147.6310,-14668,-38.400733,-0.480009
147.6410,-14670,-38.405971,-0.480075
147.6510,-14672,-38.411205,-0.480140
147.6610,-14673,-38.413825,-0.480173
147.6710,-14674,-38.416442,-0.480206
147.6810,-14674,-38.416442,-0.480206
147.6910,-14675,-38.419063,-0.480238
147.7010,-14676,-38.421676,-0.480271
147.7110,-14676,-38.421676,-0.480271
147.7210,-14676,-38.421676,-0.480271
147.7310,-14675,-38.419063,-0.480238
147.7410,-14675,-38.419063,-0.480238
147.7510,-14675,-38.419063,-0.480238
147.7610,-14675,-38.419063,-0.480238
147.7710,-14676,-38.421676,-0.480271
147.7810,-14676,-38.421676,-0.480271
147.7910,-14677,-38.424297,-0.480304
147.8010,-14677,-38.424297,-0.480304
147.8110,-14678,-38.426914,-0.480336
147.8210,-14678,-38.426914,-0.480336
147.8310,-14678,-38.426914,-0.480336
147.8410,-14679,-38.429534,-0.480369
147.8510,-14679,-38.429534,-0.480369
147.8610,-14679,-38.429534,-0.480369
147.8710,-14679,-38.429534,-0.480369
147.8810,-14679,-38.429534,-0.480369
147.8910,-14679,-38.429534,-0.480369
147.9010,-14679,-38.429534,-0.480369
147.9110,-14680,-38.432151,-0.480402
147.9210,-14680,-38.432151,-0.480402
147.9320,-14680,-38.432151,-0.480402
147.9410,-14680,-38.432151,-0.480402
147.9510,-14681,-38.434768,-0.480435
147.9610,-14681,-38.434768,-0.480435
147.9710,-14682,-38.437385,-0.480467
147.9810,-14683,-38.440006,-0.480500
147.9910,-14684,-38.442623,-0.480533
148.0010,-14685,-38.445240,-0.480566
148.0110,-14686,-38.447860,-0.480598
148.0210,-14687,-38.450477,-0.480631
148.0310,-14688,-38.453094,-0.480664
148.0410,-14688,-38.453094,-0.480664
148.0510,-14689,-38.455711,-0.480696
148.0610,-14690,-38.458332,-0.480729
148.0710,-14690,-38.458332,-0.480729
148.0810,-14690,-38.458332,-0.480729
148.0910,-14691,-38.460948,-0.480762
148.1010,-14691,-38.460948,-0.480762
148.1110,-14691,-38.460948,-0.480762
148.1210,-14692,-38.463565,-0.480795
148.1310,-14693,-38.466182,-0.480827
148.1410,-14696,-38.474040,-0.480926
148.1510,-14698,-38.479274,-0.480991
148.1610,-14700,-38.484512,-0.481056
148.1710,-14702,-38.489749,-0.481122
148.1810,-14704,-38.494983,-0.481187
148.1910,-14707,-38.502838,-0.481286
148.2010,-14709,-38.508071,-0.481351
148.2110,-14712,-38.515926,-0.481449
148.2210,-14714,-38.521160,-0.481515
148.2310,-14717,-38.529018,-0.481613
148.2410,-14719,-38.534252,-0.481678
148.2510,-14722,-38.542106,-0.481776
148.2610,-14725,-38.549961,-0.481875
148.2710,-14727,-38.555198,-0.481940
148.2810,-14729,-38.560432,-0.482005
148.2910,-14730,-38.563049,-0.482038
148.3010,-14731,-38.565670,-0.482071
148.3110,-14733,-38.570903,-0.482136
148.3210,-14734,-38.573524,-0.482169
148.3310,-14735,-38.576141,-0.482202
148.3410,-14736,-38.578758,-0.482235
148.3510,-14737,-38.581375,-0.482267
148.3610,-14738,-38.583995,-0.482300
148.3710,-14738,-38.583995,-0.482300
148.3810,-14738,-38.583995,-0.482300
148.3910,-14740,-38.589233,-0.482365
148.4010,-14740,-38.589233,-0.482365
148.4110,-14741,-38.591846,-0.482398
148.4210,-14742,-38.594467,-0.482431
148.4310,-14743,-38.597084,-0.482464
148.4410,-14744,-38.599704,-0.482496
148.4510,-14745,-38.602321,-0.482529
148.4610,-14746,-38.604938,-0.482562
148.4710,-14747,-38.607555,-0.482594
148.4810,-14748,-38.610176,-0.482627
148.4910,-14749,-38.612792,-0.482660
148.5010,-14750,-38.615413,-0.482693
148.5110,-14751,-38.618026,-0.482725
148.5210,-14751,-38.618026,-0.482725
148.5310,-14755,-38.628501,-0.482856
148.5410,-14760,-38.641590,-0.483020
148.5510,-14766,-38.657299,-0.483216
148.5610,-14769,-38.665153,-0.483314
148.5720,-14773,-38.675624,-0.483445
148.5810,-14776,-38.683479,-0.483543
148.5910,-14780,-38.693950,-0.483674
148.6010,-14785,-38.707038,-0.483838
148.6110,-14792,-38.725368,-0.484067
148.6210,-14800,-38.746311,-0.484329
148.6310,-14812,-38.777725,-0.484722
148.6410,-14826,-38.814376,-0.485180
148.6510,-14842,-38.856266,-0.485703
148.6610,-14854,-38.887680,-0.486096
148.6710,-14868,-38.924335,-0.486554
148.6810,-14881,-38.958366,-0.486980
148.6910,-14893,-38.989784,-0.487372
148.7010,-14903,-39.015964,-0.487700
148.7110,-14913,-39.042144,-0.488027
148.7210,-14921,-39.063087,-0.488289
148.7310,-14927,-39.078796,-0.488485
148.7410,-14932,-39.091888,-0.488649
148.7510,-14936,-39.102355,-0.488779
148.7610,-14938,-39.107593,-0.488845
148.7710,-14943,-39.120685,-0.489009
148.7810,-14949,-39.136394,-0.489205
148.7910,-14958,-39.159954,-0.489499
148.8010,-14964,-39.175662,-0.489696
148.8110,-14974,-39.201843,-0.490023
148.8210,-14987,-39.235874,-0.490448
148.8310,-15000,-39.269908,-0.490874
148.8410,-15015,-39.309177,-0.491365
148.8510,-15032,-39.353683,-0.491921
148.8610,-15049,-39.398189,-0.492477
148.8710,-15065,-39.440078,-0.493001
148.8810,-15082,-39.484584,-0.493557
148.8910,-15096,-39.521236,-0.494015
148.9010,-15106,-39.547416,-0.494343
148.9110,-15112,-39.563125,-0.494539
148.9210,-15116,-39.573596,-0.494670
148.9310,-15119,-39.581451,-0.494768
148.9410,-15122,-39.589302,-0.494866
148.9510,-15126,-39.599773,-0.494997
148.9610,-15130,-39.610248,-0.495128
148.9710,-15134,-39.620719,-0.495259
148.9810,-15141,-39.639045,-0.495488
148.9910,-15149,-39.659988,-0.495750
149.0010,-15160,-39.688789,-0.496110
149.0110,-15172,-39.720203,-0.496503
149.0210,-15186,-39.756855,-0.496961
149.0310,-15199,-39.790889,-0.497386
149.0410,-15210,-39.819686,-0.497746
149.0510,-15222,-39.851104,-0.498139
149.0610,-15234,-39.882518,-0.498532
149.0710,-15245,-39.911315,-0.498891
149.0810,-15257,-39.942733,-0.499284
149.0910,-15269,-39.974151,-0.499677
149.1010,-15283,-40.010799,-0.500135
149.1110,-15300,-40.055309,-0.500691
149.1210,-15318,-40.102432,-0.501280
149.1310,-15336,-40.149555,-0.501869
149.1410,-15359,-40.209770,-0.502622
149.1510,-15388,-40.285690,-0.503571
149.1610,-15421,-40.372081,-0.504651
149.1710,-15454,-40.458477,-0.505731
149.1810,-15490,-40.552726,-0.506909
149.1910,-15520,-40.631267,-0.507891
149.2010,-15545,-40.696716,-0.508709
149.2120,-15571,-40.764781,-0.509560
149.2210,-15593,-40.822380,-0.510280
149.2310,-15612,-40.872123,-0.510902
149.2410,-15629,-40.916629,-0.511458
149.2510,-15644,-40.955898,-0.511949
149.2610,-15657,-40.989929,-0.512374
149.2710,-15670,-41.023963,-0.512800
149.2810,-15679,-41.047527,-0.513094
149.2910,-15686,-41.065853,-0.513323
149.3010,-15694,-41.086795,-0.513585
149.3110,-15707,-41.120830,-0.514010
149.3210,-15723,-41.162719,-0.514534
149.3310,-15740,-41.207225,-0.515090
149.3410,-15756,-41.249111,-0.515614
149.3510,-15772,-41.291000,-0.516138
149.3610,-15788,-41.332889,-0.516661
149.3710,-15806,-41.380012,-0.517250
149.3810,-15825,-41.429756,-0.517872
149.3910,-15842,-41.474262,-0.518428
149.4010,-15862,-41.526618,-0.519083
149.4110,-15885,-41.586833,-0.519835
149.4210,-15905,-41.639194,-0.520490
149.4310,-15921,-41.681079,-0.521013
149.4410,-15942,-41.736057,-0.521701
149.4510,-15964,-41.793655,-0.522421
149.4610,-15985,-41.848632,-0.523108
149.4710,-16001,-41.890522,-0.523632
149.4810,-16020,-41.940265,-0.524253
149.4910,-16039,-41.990005,-0.524875
149.5010,-16056,-42.034511,-0.525431
149.5110,-16066,-42.060691,-0.525759
149.5210,-16075,-42.084251,-0.526053
149.5310,-16083,-42.105197,-0.526315
149.5410,-16085,-42.110431,-0.526380
149.5510,-16085,-42.110431,-0.526380
149.5610,-16084,-42.107814,-0.526348
149.5710,-16081,-42.099960,-0.526249
149.5810,-16077,-42.089488,-0.526119
149.5910,-16073,-42.079017,-0.525988
149.6010,-16070,-42.071163,-0.525890
149.6110,-16069,-42.068542,-0.525857
149.6210,-16069,-42.068542,-0.525857
149.6310,-16070,-42.071163,-0.525890
149.6410,-16073,-42.079017,-0.525988
149.6510,-16077,-42.089488,-0.526119
149.6610,-16081,-42.099960,-0.526249
149.6710,-16085,-42.110431,-0.526380
149.6810,-16089,-42.120906,-0.526511
149.6910,-16091,-42.126140,-0.526577
149.7010,-16093,-42.131378,-0.526642
149.7110,-16093,-42.131378,-0.526642
149.7210,-16091,-42.126140,-0.526577
149.7310,-16089,-42.120906,-0.526511
149.7410,-16087,-42.115669,-0.526446
149.7510,-16084,-42.107814,-0.526348
149.7610,-16082,-42.102577,-0.526282
149.7710,-16081,-42.099960,-0.526249
149.7810,-16081,-42.099960,-0.526249
149.7910,-16081,-42.099960,-0.526249
149.8010,-16082,-42.102577,-0.526282
149.8110,-16084,-42.107814,-0.526348
149.8210,-16087,-42.115669,-0.526446
149.8310,-16089,-42.120906,-0.526511
149.8410,-16092,-42.128757,-0.526609
149.8520,-16094,-42.133995,-0.526675
149.8610,-16095,-42.136611,-0.526708
149.8710,-16095,-42.136611,-0.526708
149.8810,-16095,-42.136611,-0.526708
149.8910,-16094,-42.133995,-0.526675
149.9010,-16092,-42.128757,-0.526609
149.9110,-16091,-42.126140,-0.526577
149.9210,-16090,-42.123523,-0.526544
149.9310,-16089,-42.120906,-0.526511
149.9410,-16089,-42.120906,-0.526511
149.9510,-16089,-42.120906,-0.526511
149.9610,-16090,-42.123523,-0.526544
149.9710,-16091,-42.126140,-0.526577
149.9810,-16093,-42.131378,-0.526642
149.9910,-16095,-42.136611,-0.526708
150.0010,-16096,-42.139228,-0.526740
150.0110,-16097,-42.141849,-0.526773
150.0210,-16098,-42.144466,-0.526806
150.0310,-16098,-42.144466,-0.526806
150.0410,-16098,-42.144466,-0.526806
150.0510,-16097,-42.141849,-0.526773
150.0610,-16097,-42.141849,-0.526773
150.0710,-16096,-42.139228,-0.526740
150.0810,-16096,-42.139228,-0.526740
150.0910,-16095,-42.136611,-0.526708
150.1010,-16095,-42.136611,-0.526708
150.1110,-16095,-42.136611,-0.526708
150.1210,-16096,-42.139228,-0.526740
150.1310,-16096,-42.139228,-0.526740
150.1410,-16097,-42.141849,-0.526773
150.1510,-16099,-42.147083,-0.526839
150.1610,-16099,-42.147083,-0.526839
150.1710,-16100,-42.149703,-0.526871
150.1810,-16100,-42.149703,-0.526871
150.1910,-16101,-42.152320,-0.526904
150.2010,-16101,-42.152320,-0.526904
150.2110,-16101,-42.152320,-0.526904
150.2210,-16101,-42.152320,-0.526904
150.2310,-16100,-42.149703,-0.526871
150.2410,-16100,-42.149703,-0.526871
150.2510,-16100,-42.149703,-0.526871
150.2610,-16100,-42.149703,-0.526871
150.2710,-16100,-42.149703,-0.526871
150.2810,-16100,-42.149703,-0.526871
150.2910,-16101,-42.152320,-0.526904
150.3010,-16101,-42.152320,-0.526904
150.3110,-16102,-42.154937,-0.526937
150.3210,-16103,-42.157554,-0.526969
150.3310,-16104,-42.160175,-0.527002
150.3410,-16104,-42.160175,-0.527002
150.3510,-16104,-42.160175,-0.527002
150.3610,-16104,-42.160175,-0.527002
150.3710,-16104,-42.160175,-0.527002
150.3810,-16104,-42.160175,-0.527002
150.3910,-16104,-42.160175,-0.527002
150.4010,-16104,-42.160175,-0.527002
150.4110,-16104,-42.160175,-0.527002
150.4210,-16104,-42.160175,-0.527002
150.4310,-16104,-42.160175,-0.527002
150.4410,-16104,-42.160175,-0.527002
150.4510,-16105,-42.162792,-0.527035
150.4610,-16105,-42.162792,-0.527035
150.4710,-16106,-42.165412,-0.527068
150.4810,-16106,-42.165412,-0.527068
150.4920,-16107,-42.168025,-0.527100
150.5010,-16107,-42.168025,-0.527100
150.5110,-16107,-42.168025,-0.527100
150.5210,-16107,-42.168025,-0.527100
150.5310,-16107,-42.168025,-0.527100
150.5410,-16107,-42.168025,-0.527100
150.5510,-16107,-42.168025,-0.527100
150.5610,-16107,-42.168025,-0.527100
150.5710,-16107,-42.168025,-0.527100
150.5810,-16107,-42.168025,-0.527100
150.5910,-16107,-42.168025,-0.527100
150.6010,-16107,-42.168025,-0.527100
150.6110,-16108,-42.170646,-0.527133
150.6210,-16108,-42.170646,-0.527133
150.6310,-16109,-42.173263,-0.527166
150.6410,-16109,-42.173263,-0.527166
150.6510,-16110,-42.175884,-0.527199
150.6610,-16110,-42.175884,-0.527199
150.6710,-16110,-42.175884,-0.527199
150.6810,-16111,-42.178501,-0.527231
150.6910,-16111,-42.178501,-0.527231
150.7010,-16111,-42.178501,-0.527231
150.7110,-16111,-42.178501,-0.527231
150.7210,-16111,-42.178501,-0.527231
150.7310,-16111,-42.178501,-0.527231
150.7410,-16111,-42.178501,-0.527231
150.7510,-16112,-42.181118,-0.527264
150.7610,-16112,-42.181118,-0.527264
150.7710,-16112,-42.181118,-0.527264
150.7810,-16112,-42.181118,-0.527264
150.7910,-16113,-42.183734,-0.527297
150.8010,-16113,-42.183734,-0.527297
150.8110,-16114,-42.186355,-0.527329
150.8210,-16114,-42.186355,-0.527329
150.8310,-16114,-42.186355,-0.527329
150.8410,-16115,-42.188972,-0.527362
150.8510,-16115,-42.188972,-0.527362
150.8610,-16115,-42.188972,-0.527362
150.8710,-16115,-42.188972,-0.527362
150.8810,-16115,-42.188972,-0.527362
150.8910,-16116,-42.191593,-0.527395
150.9010,-16116,-42.191593,-0.527395
150.9110,-16116,-42.191593,-0.527395
150.9210,-16116,-42.191593,-0.527395
150.9310,-16117,-42.194206,-0.527428
150.9410,-16118,-42.196826,-0.527460
150.9510,-16118,-42.196826,-0.527460
150.9610,-16119,-42.199443,-0.527493
150.9710,-16119,-42.199443,-0.527493
150.9810,-16120,-42.202064,-0.527526
150.9910,-16120,-42.202064,-0.527526
151.0010,-16120,-42.202064,-0.527526
151.0110,-16120,-42.202064,-0.527526
151.0210,-16120,-42.202064,-0.527526
151.0310,-16121,-42.204681,-0.527558
151.0410,-16122,-42.207298,-0.527591
151.0510,-16122,-42.207298,-0.527591
151.0610,-16122,-42.207298,-0.527591
151.0710,-16123,-42.209915,-0.527624
151.0810,-16124,-42.212532,-0.527657
151.0910,-16125,-42.215152,-0.527689
151.1010,-16126,-42.217769,-0.527722
151.1110,-16127,-42.220390,-0.527755
151.1210,-16128,-42.223003,-0.527788
151.1320,-16128,-42.223003,-0.527788
151.1410,-16129,-42.225624,-0.527820
151.1510,-16129,-42.225624,-0.527820
151.1610,-16130,-42.228240,-0.527853
151.1710,-16131,-42.230861,-0.527886
151.1810,-16131,-42.230861,-0.527886
151.1910,-16132,-42.233478,-0.527919
151.2010,-16132,-42.233478,-0.527919
151.2110,-16132,-42.233478,-0.527919
151.2210,-16132,-42.233478,-0.527919
151.2310,-16133,-42.236099,-0.527951
151.2410,-16133,-42.236099,-0.527951
151.2510,-16133,-42.236099,-0.527951
151.2610,-16134,-42.238712,-0.527984
151.2710,-16134,-42.238712,-0.527984
151.2810,-16134,-42.238712,-0.527984
151.2910,-16134,-42.238712,-0.527984
151.3010,-16134,-42.238712,-0.527984
151.3110,-16135,-42.241333,-0.528017
151.3210,-16135,-42.241333,-0.528017
151.3310,-16135,-42.241333,-0.528017
151.3410,-16135,-42.241333,-0.528017
151.3510,-16135,-42.241333,-0.528017
151.3610,-16136,-42.243949,-0.528049
151.3710,-16136,-42.243949,-0.528049
151.3810,-16136,-42.243949,-0.528049
151.3910,-16136,-42.243949,-0.528049
151.4010,-16136,-42.243949,-0.528049
151.4110,-16136,-42.243949,-0.528049
151.4210,-16136,-42.243949,-0.528049
151.4310,-16136,-42.243949,-0.528049
151.4410,-16137,-42.246570,-0.528082
151.4510,-16137,-42.246570,-0.528082
151.4610,-16138,-42.249187,-0.528115
151.4710,-16139,-42.251804,-0.528148
151.4810,-16140,-42.254421,-0.528180
151.4910,-16141,-42.257041,-0.528213
151.5010,-16142,-42.259658,-0.528246
151.5110,-16142,-42.259658,-0.528246
151.5210,-16143,-42.262275,-0.528278
151.5310,-16144,-42.264892,-0.528311
151.5410,-16144,-42.264892,-0.528311
151.5510,-16144,-42.264892,-0.528311
151.5610,-16144,-42.264892,-0.528311
151.5710,-16144,-42.264892,-0.528311
151.5810,-16145,-42.267513,-0.528344
151.5910,-16145,-42.267513,-0.528344
151.6010,-16145,-42.267513,-0.528344
151.6110,-16145,-42.267513,-0.528344
151.6210,-16145,-42.267513,-0.528344
151.6310,-16145,-42.267513,-0.528344
151.6410,-16145,-42.267513,-0.528344
151.6510,-16146,-42.270130,-0.528377
151.6610,-16146,-42.270130,-0.528377
151.6710,-16146,-42.270130,-0.528377
151.6810,-16147,-42.272747,-0.528409
151.6910,-16147,-42.272747,-0.528409
151.7010,-16147,-42.272747,-0.528409
151.7110,-16147,-42.272747,-0.528409
151.7210,-16148,-42.275367,-0.528442
151.7310,-16148,-42.275367,-0.528442
151.7410,-16148,-42.275367,-0.528442
151.7510,-16148,-42.275367,-0.528442
151.7610,-16148,-42.275367,-0.528442
151.7720,-16148,-42.275367,-0.528442
151.7810,-16148,-42.275367,-0.528442
151.7910,-16149,-42.277984,-0.528475
151.8010,-16149,-42.277984,-0.528475
151.8110,-16149,-42.277984,-0.528475
151.8210,-16149,-42.277984,-0.528475
151.8310,-16149,-42.277984,-0.528475
151.8410,-16150,-42.280601,-0.528507
151.8510,-16150,-42.280601,-0.528507
151.8610,-16150,-42.280601,-0.528507
151.8710,-16151,-42.283218,-0.528540
151.8810,-16151,-42.283218,-0.528540
151.8910,-16151,-42.283218,-0.528540
151.9010,-16151,-42.283218,-0.528540
151.9110,-16151,-42.283218,-0.528540
151.9210,-16152,-42.285839,-0.528573
151.9310,-16152,-42.285839,-0.528573
151.9410,-16152,-42.285839,-0.528573
151.9510,-16152,-42.285839,-0.528573
151.9610,-16152,-42.285839,-0.528573
151.9710,-16152,-42.285839,-0.528573
151.9810,-16152,-42.285839,-0.528573
151.9910,-16152,-42.285839,-0.528573
152.0010,-16153,-42.288455,-0.528606
152.0110,-16153,-42.288455,-0.528606
152.0210,-16153,-42.288455,-0.528606
152.0310,-16153,-42.288455,-0.528606
152.0410,-16154,-42.291076,-0.528638
152.0510,-16154,-42.291076,-0.528638
152.0610,-16154,-42.291076,-0.528638
152.0710,-16154,-42.291076,-0.528638
152.0810,-16154,-42.291076,-0.528638
152.0910,-16154,-42.291076,-0.528638
152.1010,-16155,-42.293689,-0.528671
152.1110,-16155,-42.293689,-0.528671
152.1210,-16155,-42.293689,-0.528671
152.1310,-16155,-42.293689,-0.528671
152.1410,-16155,-42.293689,-0.528671
152.1510,-16155,-42.293689,-0.528671
152.1610,-16155,-42.293689,-0.528671
152.1710,-16155,-42.293689,-0.528671
152.1810,-16156,-42.296310,-0.528704
152.1910,-16156,-42.296310,-0.528704
152.2010,-16156,-42.296310,-0.528704
152.2110,-16156,-42.296310,-0.528704
152.2210,-16156,-42.296310,-0.528704
152.2310,-16156,-42.296310,-0.528704
152.2410,-16156,-42.296310,-0.528704
152.2510,-16156,-42.296310,-0.528704
152.2610,-16156,-42.296310,-0.528704
152.2710,-16156,-42.296310,-0.528704
152.2810,-16157,-42.298927,-0.528737
152.2910,-16157,-42.298927,-0.528737
152.3010,-16157,-42.298927,-0.528737
152.3110,-16157,-42.298927,-0.528737
152.3210,-16157,-42.298927,-0.528737
152.3310,-16157,-42.298927,-0.528737
152.3410,-16157,-42.298927,-0.528737
152.3510,-16157,-42.298927,-0.528737
152.3610,-16157,-42.298927,-0.528737
152.3710,-16157,-42.298927,-0.528737
152.3810,-16158,-42.301548,-0.528769
152.3910,-16158,-42.301548,-0.528769
152.4010,-16158,-42.301548,-0.528769
152.4120,-16158,-42.301548,-0.528769
152.4210,-16158,-42.301548,-0.528769
152.4310,-16158,-42.301548,-0.528769
152.4410,-16158,-42.301548,-0.528769
152.4510,-16158,-42.301548,-0.528769
152.4610,-16158,-42.301548,-0.528769
152.4710,-16158,-42.301548,-0.528769
152.4810,-16158,-42.301548,-0.528769
152.4910,-16158,-42.301548,-0.528769
152.5010,-16158,-42.301548,-0.528769
152.5110,-16158,-42.301548,-0.528769
152.5210,-16158,-42.301548,-0.528769
152.5310,-16158,-42.301548,-0.528769
152.5410,-16158,-42.301548,-0.528769
152.5510,-16159,-42.304164,-0.528802
152.5610,-16159,-42.304164,-0.528802
152.5710,-16159,-42.304164,-0.528802
152.5810,-16159,-42.304164,-0.528802
152.5910,-16159,-42.304164,-0.528802
152.6010,-16159,-42.304164,-0.528802
152.6110,-16159,-42.304164,-0.528802
152.6210,-16159,-42.304164,-0.528802
152.6310,-16159,-42.304164,-0.528802
152.6410,-16159,-42.304164,-0.528802
152.6510,-16159,-42.304164,-0.528802
152.6610,-16159,-42.304164,-0.528802
152.6710,-16159,-42.304164,-0.528802
152.6810,-16159,-42.304164,-0.528802
152.6910,-16159,-42.304164,-0.528802
152.7010,-16159,-42.304164,-0.528802
152.7110,-16159,-42.304164,-0.528802
152.7210,-16159,-42.304164,-0.528802
152.7310,-16159,-42.304164,-0.528802
152.7410,-16160,-42.306781,-0.528835
152.7510,-16160,-42.306781,-0.528835
152.7610,-16160,-42.306781,-0.528835
152.7710,-16160,-42.306781,-0.528835
152.7810,-16160,-42.306781,-0.528835
152.7910,-16160,-42.306781,-0.528835
152.8010,-16160,-42.306781,-0.528835
152.8110,-16160,-42.306781,-0.528835
152.8210,-16160,-42.306781,-0.528835
152.8310,-16160,-42.306781,-0.528835
152.8410,-16160,-42.306781,-0.528835
152.8510,-16160,-42.306781,-0.528835
152.8610,-16160,-42.306781,-0.528835
152.8710,-16160,-42.306781,-0.528835
152.8810,-16160,-42.306781,-0.528835
152.8910,-16160,-42.306781,-0.528835
152.9010,-16160,-42.306781,-0.528835
152.9110,-16160,-42.306781,-0.528835
152.9210,-16160,-42.306781,-0.528835
152.9310,-16160,-42.306781,-0.528835
152.9410,-16160,-42.306781,-0.528835
152.9510,-16160,-42.306781,-0.528835
152.9610,-16160,-42.306781,-0.528835
152.9710,-16160,-42.306781,-0.528835
152.9810,-16160,-42.306781,-0.528835
152.9910,-16160,-42.306781,-0.528835
153.0010,-16160,-42.306781,-0.528835
153.0110,-16160,-42.306781,-0.528835
153.0210,-16160,-42.306781,-0.528835
153.0310,-16160,-42.306781,-0.528835
153.0410,-16161,-42.309398,-0.528867
153.0520,-16161,-42.309398,-0.528867
153.0610,-16161,-42.309398,-0.528867
153.0710,-16161,-42.309398,-0.528867
153.0810,-16161,-42.309398,-0.528867
153.0910,-16161,-42.309398,-0.528867
153.1010,-16161,-42.309398,-0.528867
153.1110,-16161,-42.309398,-0.528867
153.1210,-16161,-42.309398,-0.528867
153.1310,-16161,-42.309398,-0.528867
153.1410,-16161,-42.309398,-0.528867
153.1510,-16161,-42.309398,-0.528867
153.1610,-16161,-42.309398,-0.528867
153.1710,-16161,-42.309398,-0.528867
153.1810,-16161,-42.309398,-0.528867
153.1910,-16161,-42.309398,-0.528867
153.2010,-16161,-42.309398,-0.528867
153.2110,-16161,-42.309398,-0.528867
153.2210,-16161,-42.309398,-0.528867
153.2310,-16161,-42.309398,-0.528867
153.2410,-16161,-42.309398,-0.528867
153.2510,-16161,-42.309398,-0.528867
153.2610,-16161,-42.309398,-0.528867
153.2710,-16161,-42.309398,-0.528867
153.2810,-16161,-42.309398,-0.528867
153.2910,-16161,-42.309398,-0.528867
153.3010,-16161,-42.309398,-0.528867
153.3110,-16161,-42.309398,-0.528867
153.3210,-16161,-42.309398,-0.528867
153.3310,-16161,-42.309398,-0.528867
153.3410,-16161,-42.309398,-0.528867
153.3510,-16162,-42.312019,-0.528900
153.3610,-16162,-42.312019,-0.528900
153.3710,-16162,-42.312019,-0.528900
153.3810,-16161,-42.309398,-0.528867
153.3910,-16162,-42.312019,-0.528900
153.4010,-16162,-42.312019,-0.528900
153.4110,-16162,-42.312019,-0.528900
153.4210,-16162,-42.312019,-0.528900
153.4310,-16162,-42.312019,-0.528900
153.4410,-16162,-42.312019,-0.528900
153.4510,-16162,-42.312019,-0.528900
153.4610,-16162,-42.312019,-0.528900
153.4710,-16162,-42.312019,-0.528900
153.4810,-16162,-42.312019,-0.528900
153.4910,-16162,-42.312019,-0.528900
153.5010,-16162,-42.312019,-0.528900
153.5110,-16162,-42.312019,-0.528900
153.5210,-16162,-42.312019,-0.528900
153.5310,-16162,-42.312019,-0.528900
153.5410,-16162,-42.312019,-0.528900
153.5510,-16162,-42.312019,-0.528900
153.5610,-16162,-42.312019,-0.528900
153.5710,-16162,-42.312019,-0.528900
153.5810,-16162,-42.312019,-0.528900
153.5910,-16162,-42.312019,-0.528900
153.6010,-16162,-42.312019,-0.528900
153.6110,-16162,-42.312019,-0.528900
153.6210,-16162,-42.312019,-0.528900
153.6310,-16162,-42.312019,-0.528900
153.6410,-16162,-42.312019,-0.528900
153.6510,-16162,-42.312019,-0.528900
153.6610,-16162,-42.312019,-0.528900
153.6710,-16162,-42.312019,-0.528900
153.6810,-16162,-42.312019,-0.528900
153.6920,-16162,-42.312019,-0.528900
153.7010,-16162,-42.312019,-0.528900
153.7110,-16162,-42.312019,-0.528900
153.7210,-16162,-42.312019,-0.528900
153.7310,-16163,-42.314636,-0.528933
153.7410,-16163,-42.314636,-0.528933
153.7510,-16163,-42.314636,-0.528933
153.7610,-16163,-42.314636,-0.528933
153.7710,-16163,-42.314636,-0.528933
153.7810,-16163,-42.314636,-0.528933
153.7910,-16163,-42.314636,-0.528933
153.8010,-16163,-42.314636,-0.528933
153.8110,-16163,-42.314636,-0.528933
153.8210,-16163,-42.314636,-0.528933
153.8310,-16163,-42.314636,-0.528933
153.8410,-16163,-42.314636,-0.528933
153.8510,-16163,-42.314636,-0.528933
153.8610,-16163,-42.314636,-0.528933
153.8710,-16163,-42.314636,-0.528933
153.8810,-16163,-42.314636,-0.528933
153.8910,-16163,-42.314636,-0.528933
153.9010,-16163,-42.314636,-0.528933
153.9110,-16163,-42.314636,-0.528933
153.9210,-16163,-42.314636,-0.528933
153.9310,-16163,-42.314636,-0.528933
153.9410,-16163,-42.314636,-0.528933
153.9510,-16163,-42.314636,-0.528933
153.9610,-16163,-42.314636,-0.528933
153.9710,-16163,-42.314636,-0.528933
153.9810,-16163,-42.314636,-0.528933
153.9910,-16163,-42.314636,-0.528933
154.0010,-16163,-42.314636,-0.528933
154.0110,-16163,-42.314636,-0.528933
154.0210,-16163,-42.314636,-0.528933
154.0310,-16163,-42.314636,-0.528933
154.0410,-16163,-42.314636,-0.528933
154.0510,-16163,-42.314636,-0.528933
154.0610,-16163,-42.314636,-0.528933
154.0710,-16163,-42.314636,-0.528933
154.0810,-16164,-42.317256,-0.528966
154.0910,-16164,-42.317256,-0.528966
154.1010,-16164,-42.317256,-0.528966
154.1110,-16164,-42.317256,-0.528966
154.1210,-16164,-42.317256,-0.528966
154.1310,-16164,-42.317256,-0.528966
154.1410,-16164,-42.317256,-0.528966
154.1510,-16164,-42.317256,-0.528966
154.1610,-16164,-42.317256,-0.528966
154.1710,-16164,-42.317256,-0.528966
154.1810,-16164,-42.317256,-0.528966
154.1910,-16164,-42.317256,-0.528966
154.2010,-16164,-42.317256,-0.528966
154.2110,-16164,-42.317256,-0.528966
154.2210,-16164,-42.317256,-0.528966
154.2310,-16164,-42.317256,-0.528966
154.2410,-16164,-42.317256,-0.528966
154.2510,-16164,-42.317256,-0.528966
154.2610,-16164,-42.317256,-0.528966
154.2710,-16164,-42.317256,-0.528966
154.2810,-16164,-42.317256,-0.528966
154.2910,-16164,-42.317256,-0.528966
154.3010,-16164,-42.317256,-0.528966
154.3110,-16164,-42.317256,-0.528966
154.3210,-16164,-42.317256,-0.528966
154.3320,-16164,-42.317256,-0.528966
154.3410,-16164,-42.317256,-0.528966
154.3510,-16164,-42.317256,-0.528966
154.3610,-16164,-42.317256,-0.528966
154.3710,-16164,-42.317256,-0.528966
154.3810,-16164,-42.317256,-0.528966
154.3910,-16164,-42.317256,-0.528966
154.4010,-16164,-42.317256,-0.528966
154.4110,-16164,-42.317256,-0.528966
154.4210,-16164,-42.317256,-0.528966
154.4310,-16164,-42.317256,-0.528966
154.4410,-16164,-42.317256,-0.528966
154.4510,-16164,-42.317256,-0.528966
154.4610,-16164,-42.317256,-0.528966
154.4710,-16164,-42.317256,-0.528966
154.4810,-16164,-42.317256,-0.528966
154.4910,-16164,-42.317256,-0.528966
154.5010,-16164,-42.317256,-0.528966
154.5110,-16164,-42.317256,-0.528966
154.5210,-16164,-42.317256,-0.528966
154.5310,-16164,-42.317256,-0.528966
154.5410,-16164,-42.317256,-0.528966
154.5510,-16164,-42.317256,-0.528966
154.5610,-16164,-42.317256,-0.528966
154.5710,-16164,-42.317256,-0.528966
154.5810,-16164,-42.317256,-0.528966
154.5910,-16164,-42.317256,-0.528966
154.6010,-16164,-42.317256,-0.528966
154.6110,-16164,-42.317256,-0.528966
154.6210,-16164,-42.317256,-0.528966
154.6310,-16164,-42.317256,-0.528966
154.6410,-16165,-42.319873,-0.528998
154.6510,-16165,-42.319873,-0.528998
154.6610,-16165,-42.319873,-0.528998
154.6710,-16165,-42.319873,-0.528998
154.6810,-16165,-42.319873,-0.528998
154.6910,-16165,-42.319873,-0.528998
154.7010,-16165,-42.319873,-0.528998
154.7110,-16165,-42.319873,-0.528998
154.7210,-16165,-42.319873,-0.528998
154.7310,-16165,-42.319873,-0.528998
154.7410,-16165,-42.319873,-0.528998
154.7510,-16165,-42.319873,-0.528998
154.7610,-16165,-42.319873,-0.528998
154.7710,-16165,-42.319873,-0.528998
154.7810,-16165,-42.319873,-0.528998
154.7910,-16165,-42.319873,-0.528998
154.8010,-16165,-42.319873,-0.528998
154.8110,-16165,-42.319873,-0.528998
154.8210,-16165,-42.319873,-0.528998
154.8310,-16165,-42.319873,-0.528998
154.8410,-16165,-42.319873,-0.528998
154.8510,-16165,-42.319873,-0.528998
154.8610,-16165,-42.319873,-0.528998
154.8710,-16165,-42.319873,-0.528998
154.8810,-16165,-42.319873,-0.528998
154.8910,-16165,-42.319873,-0.528998
154.9010,-16165,-42.319873,-0.528998
154.9110,-16165,-42.319873,-0.528998
154.9210,-16165,-42.319873,-0.528998
154.9310,-16165,-42.319873,-0.528998
154.9410,-16165,-42.319873,-0.528998
154.9510,-16165,-42.319873,-0.528998
154.9610,-16165,-42.319873,-0.528998
154.9720,-16165,-42.319873,-0.528998
154.9810,-16165,-42.319873,-0.528998
154.9910,-16165,-42.319873,-0.528998
155.0010,-16165,-42.319873,-0.528998
155.0110,-16165,-42.319873,-0.528998
155.0210,-16165,-42.319873,-0.528998
155.0310,-16165,-42.319873,-0.528998
155.0410,-16165,-42.319873,-0.528998
155.0510,-16165,-42.319873,-0.528998
155.0610,-16165,-42.319873,-0.528998
155.0710,-16165,-42.319873,-0.528998
155.0810,-16165,-42.319873,-0.528998
155.0910,-16165,-42.319873,-0.528998
155.1010,-16165,-42.319873,-0.528998
155.1110,-16165,-42.319873,-0.528998
155.1210,-16166,-42.322490,-0.529031
155.1310,-16166,-42.322490,-0.529031
155.1410,-16166,-42.322490,-0.529031
155.1510,-16166,-42.322490,-0.529031
155.1610,-16166,-42.322490,-0.529031
155.1710,-16166,-42.322490,-0.529031
155.1810,-16166,-42.322490,-0.529031
155.1910,-16166,-42.322490,-0.529031
155.2010,-16166,-42.322490,-0.529031
155.2110,-16166,-42.322490,-0.529031
155.2210,-16166,-42.322490,-0.529031
155.2310,-16166,-42.322490,-0.529031
155.2410,-16166,-42.322490,-0.529031
155.2510,-16166,-42.322490,-0.529031
155.2610,-16166,-42.322490,-0.529031
155.2710,-16166,-42.322490,-0.529031
155.2810,-16166,-42.322490,-0.529031
155.2910,-16166,-42.322490,-0.529031
155.3010,-16166,-42.322490,-0.529031
155.3110,-16166,-42.322490,-0.529031
155.3210,-16166,-42.322490,-0.529031
155.3310,-16166,-42.322490,-0.529031
155.3410,-16166,-42.322490,-0.529031
155.3510,-16166,-42.322490,-0.529031
155.3610,-16166,-42.322490,-0.529031
155.3710,-16166,-42.322490,-0.529031
155.3810,-16166,-42.322490,-0.529031
155.3910,-16166,-42.322490,-0.529031
155.4010,-16166,-42.322490,-0.529031
155.4110,-16166,-42.322490,-0.529031
155.4210,-16166,-42.322490,-0.529031
155.4310,-16166,-42.322490,-0.529031
155.4410,-16166,-42.322490,-0.529031
155.4510,-16166,-42.322490,-0.529031
155.4610,-16166,-42.322490,-0.529031
155.4710,-16166,-42.322490,-0.529031
155.4810,-16166,-42.322490,-0.529031
155.4910,-16166,-42.322490,-0.529031
155.5010,-16166,-42.322490,-0.529031
155.5110,-16166,-42.322490,-0.529031
155.5210,-16166,-42.322490,-0.529031
155.5310,-16166,-42.322490,-0.529031
155.5410,-16166,-42.322490,-0.529031
155.5510,-16166,-42.322490,-0.529031
155.5610,-16166,-42.322490,-0.529031
155.5710,-16166,-42.322490,-0.529031
155.5810,-16166,-42.322490,-0.529031
155.5910,-16166,-42.322490,-0.529031
155.6010,-16166,-42.322490,-0.529031
155.6120,-16166,-42.322490,-0.529031
155.6210,-16166,-42.322490,-0.529031
155.6310,-16166,-42.322490,-0.529031
155.6410,-16166,-42.322490,-0.529031
155.6510,-16166,-42.322490,-0.529031
155.6610,-16166,-42.322490,-0.529031
155.6710,-16166,-42.322490,-0.529031
155.6810,-16166,-42.322490,-0.529031
155.6910,-16166,-42.322490,-0.529031
155.7010,-16166,-42.322490,-0.529031
155.7110,-16166,-42.322490,-0.529031
155.7210,-16166,-42.322490,-0.529031
155.7310,-16166,-42.322490,-0.529031
155.7410,-16166,-42.322490,-0.529031
155.7510,-16167,-42.325107,-0.529064
155.7610,-16167,-42.325107,-0.529064
155.7710,-16167,-42.325107,-0.529064
155.7810,-16167,-42.325107,-0.529064
155.7910,-16167,-42.325107,-0.529064
155.8010,-16167,-42.325107,-0.529064
155.8110,-16167,-42.325107,-0.529064
155.8210,-16167,-42.325107,-0.529064
155.8310,-16167,-42.325107,-0.529064
155.8410,-16167,-42.325107,-0.529064
155.8510,-16167,-42.325107,-0.529064
155.8610,-16167,-42.325107,-0.529064
155.8710,-16167,-42.325107,-0.529064
155.8810,-16167,-42.325107,-0.529064
155.8910,-16167,-42.325107,-0.529064
155.9010,-16167,-42.325107,-0.529064
155.9110,-16167,-42.325107,-0.529064
155.9210,-16167,-42.325107,-0.529064
155.9310,-16167,-42.325107,-0.529064
155.9410,-16167,-42.325107,-0.529064
155.9510,-16167,-42.325107,-0.529064
155.9610,-16167,-42.325107,-0.529064
155.9710,-16167,-42.325107,-0.529064
155.9810,-16167,-42.325107,-0.529064
155.9910,-16167,-42.325107,-0.529064
156.0010,-16167,-42.325107,-0.529064
156.0110,-16167,-42.325107,-0.529064
156.0210,-16167,-42.325107,-0.529064
156.0310,-16167,-42.325107,-0.529064
156.0410,-16167,-42.325107,-0.529064
156.0510,-16167,-42.325107,-0.529064
156.0610,-16167,-42.325107,-0.529064
156.0710,-16167,-42.325107,-0.529064
156.0810,-16167,-42.325107,-0.529064
156.0910,-16167,-42.325107,-0.529064
156.1010,-16167,-42.325107,-0.529064
156.1110,-16167,-42.325107,-0.529064
156.1210,-16167,-42.325107,-0.529064
156.1310,-16167,-42.325107,-0.529064
156.1410,-16167,-42.325107,-0.529064
156.1510,-16167,-42.325107,-0.529064
156.1610,-16167,-42.325107,-0.529064
156.1710,-16167,-42.325107,-0.529064
156.1810,-16167,-42.325107,-0.529064
156.1910,-16167,-42.325107,-0.529064
156.2010,-16167,-42.325107,-0.529064
156.2110,-16167,-42.325107,-0.529064
156.2210,-16167,-42.325107,-0.529064
156.2310,-16167,-42.325107,-0.529064
156.2410,-16167,-42.325107,-0.529064
156.2520,-16167,-42.325107,-0.529064
156.2610,-16167,-42.325107,-0.529064
156.2710,-16167,-42.325107,-0.529064
156.2810,-16167,-42.325107,-0.529064
156.2910,-16167,-42.325107,-0.529064
156.3010,-16168,-42.327724,-0.529097
156.3110,-16168,-42.327724,-0.529097
156.3210,-16168,-42.327724,-0.529097
156.3310,-16168,-42.327724,-0.529097
156.3410,-16168,-42.327724,-0.529097
156.3510,-16168,-42.327724,-0.529097
156.3610,-16168,-42.327724,-0.529097
156.3710,-16168,-42.327724,-0.529097
156.3810,-16168,-42.327724,-0.529097
156.3910,-16168,-42.327724,-0.529097
156.4010,-16168,-42.327724,-0.529097
156.4110,-16168,-42.327724,-0.529097
156.4210,-16168,-42.327724,-0.529097
156.4310,-16168,-42.327724,-0.529097
156.4410,-16168,-42.327724,-0.529097
156.4510,-16168,-42.327724,-0.529097
156.4610,-16168,-42.327724,-0.529097
156.4710,-16168,-42.327724,-0.529097
156.4810,-16168,-42.327724,-0.529097
156.4910,-16168,-42.327724,-0.529097
156.5010,-16168,-42.327724,-0.529097
156.5110,-16168,-42.327724,-0.529097
156.5210,-16168,-42.327724,-0.529097
156.5310,-16168,-42.327724,-0.529097
156.5410,-16168,-42.327724,-0.529097
156.5510,-16168,-42.327724,-0.529097
156.5610,-16168,-42.327724,-0.529097
156.5710,-16168,-42.327724,-0.529097
156.5810,-16168,-42.327724,-0.529097
156.5910,-16168,-42.327724,-0.529097
156.6010,-16168,-42.327724,-0.529097
156.6110,-16168,-42.327724,-0.529097
156.6210,-16168,-42.327724,-0.529097
156.6310,-16168,-42.327724,-0.529097
156.6410,-16168,-42.327724,-0.529097
156.6510,-16168,-42.327724,-0.529097
156.6610,-16168,-42.327724,-0.529097
156.6710,-16168,-42.327724,-0.529097
156.6810,-16168,-42.327724,-0.529097
156.6910,-16168,-42.327724,-0.529097
156.7010,-16168,-42.327724,-0.529097
156.7110,-16168,-42.327724,-0.529097
156.7210,-16168,-42.327724,-0.529097
156.7310,-16168,-42.327724,-0.529097
156.7410,-16168,-42.327724,-0.529097
156.7510,-16168,-42.327724,-0.529097
156.7610,-16168,-42.327724,-0.529097
156.7710,-16168,-42.327724,-0.529097
156.7810,-16168,-42.327724,-0.529097
156.7910,-16168,-42.327724,-0.529097
156.8010,-16168,-42.327724,-0.529097
156.8110,-16168,-42.327724,-0.529097
156.8210,-16168,-42.327724,-0.529097
156.8310,-16168,-42.327724,-0.529097
156.8410,-16168,-42.327724,-0.529097
156.8510,-16168,-42.327724,-0.529097
156.8610,-16168,-42.327724,-0.529097
156.8710,-16168,-42.327724,-0.529097
156.8810,-16168,-42.327724,-0.529097
156.8920,-16168,-42.327724,-0.529097
156.9010,-16168,-42.327724,-0.529097
156.9110,-16168,-42.327724,-0.529097
156.9210,-16168,-42.327724,-0.529097
156.9310,-16168,-42.327724,-0.529097
156.9410,-16168,-42.327724,-0.529097
156.9510,-16168,-42.327724,-0.529097
156.9610,-16168,-42.327724,-0.529097
156.9710,-16168,-42.327724,-0.529097
156.9810,-16168,-42.327724,-0.529097
156.9910,-16168,-42.327724,-0.529097
157.0010,-16168,-42.327724,-0.529097
157.0110,-16168,-42.327724,-0.529097
157.0210,-16168,-42.327724,-0.529097
157.0310,-16168,-42.327724,-0.529097
157.0410,-16168,-42.327724,-0.529097
157.0510,-16168,-42.327724,-0.529097
157.0610,-16168,-42.327724,-0.529097
157.0710,-16168,-42.327724,-0.529097
157.0810,-16168,-42.327724,-0.529097
157.0910,-16168,-42.327724,-0.529097
157.1010,-16168,-42.327724,-0.529097
157.1110,-16168,-42.327724,-0.529097
157.1210,-16168,-42.327724,-0.529097
157.1310,-16168,-42.327724,-0.529097
157.1410,-16168,-42.327724,-0.529097
157.1510,-16168,-42.327724,-0.529097
157.1610,-16168,-42.327724,-0.529097
157.1710,-16168,-42.327724,-0.529097
157.1810,-16168,-42.327724,-0.529097
157.1910,-16168,-42.327724,-0.529097
157.2010,-16168,-42.327724,-0.529097
157.2110,-16168,-42.327724,-0.529097
157.2210,-16168,-42.327724,-0.529097
157.2310,-16168,-42.327724,-0.529097
157.2410,-16168,-42.327724,-0.529097
157.2510,-16168,-42.327724,-0.529097
157.2610,-16168,-42.327724,-0.529097
157.2710,-16169,-42.330345,-0.529129
157.2810,-16169,-42.330345,-0.529129
157.2910,-16169,-42.330345,-0.529129
157.3010,-16169,-42.330345,-0.529129
157.3110,-16169,-42.330345,-0.529129
157.3210,-16169,-42.330345,-0.529129
157.3310,-16169,-42.330345,-0.529129
157.3410,-16169,-42.330345,-0.529129
157.3510,-16169,-42.330345,-0.529129
157.3610,-16169,-42.330345,-0.529129
157.3710,-16169,-42.330345,-0.529129
157.3810,-16169,-42.330345,-0.529129
157.3910,-16169,-42.330345,-0.529129
157.4010,-16169,-42.330345,-0.529129
157.4110,-16169,-42.330345,-0.529129
157.4210,-16169,-42.330345,-0.529129
157.4310,-16169,-42.330345,-0.529129
157.4410,-16169,-42.330345,-0.529129
157.4510,-16169,-42.330345,-0.529129
157.4610,-16169,-42.330345,-0.529129
157.4710,-16169,-42.330345,-0.529129
157.4810,-16169,-42.330345,-0.529129
157.4910,-16169,-42.330345,-0.529129
157.5010,-16169,-42.330345,-0.529129
157.5110,-16169,-42.330345,-0.529129
157.5210,-16169,-42.330345,-0.529129
157.5320,-16169,-42.330345,-0.529129
157.5410,-16169,-42.330345,-0.529129
157.5510,-16169,-42.330345,-0.529129
157.5610,-16169,-42.330345,-0.529129
157.5710,-16169,-42.330345,-0.529129
157.5810,-16169,-42.330345,-0.529129
157.5910,-16169,-42.330345,-0.529129
157.6010,-16169,-42.330345,-0.529129
157.6110,-16169,-42.330345,-0.529129
157.6210,-16169,-42.330345,-0.529129
157.6310,-16169,-42.330345,-0.529129
157.6410,-16169,-42.330345,-0.529129
157.6510,-16169,-42.330345,-0.529129
157.6610,-16169,-42.330345,-0.529129
157.6710,-16169,-42.330345,-0.529129
157.6810,-16169,-42.330345,-0.529129
157.6910,-16169,-42.330345,-0.529129
157.7010,-16169,-42.330345,-0.529129
157.7110,-16169,-42.330345,-0.529129
157.7210,-16169,-42.330345,-0.529129
157.7310,-16169,-42.330345,-0.529129
157.7410,-16169,-42.330345,-0.529129
157.7510,-16169,-42.330345,-0.529129
157.7610,-16169,-42.330345,-0.529129
157.7710,-16169,-42.330345,-0.529129
157.7810,-16169,-42.330345,-0.529129
157.7910,-16169,-42.330345,-0.529129
157.8010,-16169,-42.330345,-0.529129
157.8110,-16169,-42.330345,-0.529129
157.8210,-16169,-42.330345,-0.529129
157.8310,-16169,-42.330345,-0.529129
157.8410,-16169,-42.330345,-0.529129
157.8510,-16169,-42.330345,-0.529129
157.8610,-16169,-42.330345,-0.529129
157.8710,-16169,-42.330345,-0.529129
157.8810,-16169,-42.330345,-0.529129
157.8910,-16169,-42.330345,-0.529129
157.9010,-16169,-42.330345,-0.529129
157.9110,-16169,-42.330345,-0.529129
157.9210,-16169,-42.330345,-0.529129
157.9310,-16169,-42.330345,-0.529129
157.9410,-16169,-42.330345,-0.529129
157.9510,-16169,-42.330345,-0.529129
157.9610,-16169,-42.330345,-0.529129
157.9710,-16169,-42.330345,-0.529129
157.9810,-16169,-42.330345,-0.529129
157.9910,-16169,-42.330345,-0.529129
158.0010,-16169,-42.330345,-0.529129
158.0110,-16169,-42.330345,-0.529129
158.0210,-16169,-42.330345,-0.529129
158.0310,-16169,-42.330345,-0.529129
158.0410,-16170,-42.332962,-0.529162
158.0510,-16170,-42.332962,-0.529162
158.0610,-16170,-42.332962,-0.529162
158.0710,-16170,-42.332962,-0.529162
158.0810,-16170,-42.332962,-0.529162
158.0910,-16170,-42.332962,-0.529162
158.1010,-16170,-42.332962,-0.529162
158.1110,-16170,-42.332962,-0.529162
158.1210,-16170,-42.332962,-0.529162
158.1310,-16170,-42.332962,-0.529162
158.1410,-16170,-42.332962,-0.529162
158.1510,-16170,-42.332962,-0.529162
158.1610,-16170,-42.332962,-0.529162
158.1720,-16170,-42.332962,-0.529162
158.1810,-16170,-42.332962,-0.529162
158.1910,-16170,-42.332962,-0.529162
158.2010,-16170,-42.332962,-0.529162
158.2110,-16170,-42.332962,-0.529162
158.2210,-16170,-42.332962,-0.529162
158.2310,-16170,-42.332962,-0.529162
158.2410,-16170,-42.332962,-0.529162
158.2510,-16170,-42.332962,-0.529162
158.2610,-16170,-42.332962,-0.529162
158.2710,-16170,-42.332962,-0.529162
158.2810,-16170,-42.332962,-0.529162
158.2910,-16170,-42.332962,-0.529162
158.3010,-16170,-42.332962,-0.529162
158.3110,-16170,-42.332962,-0.529162
158.3210,-16170,-42.332962,-0.529162
158.3310,-16170,-42.332962,-0.529162
158.3410,-16170,-42.332962,-0.529162
158.3510,-16170,-42.332962,-0.529162
158.3610,-16170,-42.332962,-0.529162
158.3710,-16170,-42.332962,-0.529162
158.3810,-16170,-42.332962,-0.529162
158.3910,-16170,-42.332962,-0.529162
158.4010,-16170,-42.332962,-0.529162
158.4110,-16170,-42.332962,-0.529162
158.4210,-16170,-42.332962,-0.529162
158.4310,-16170,-42.332962,-0.529162
158.4410,-16170,-42.332962,-0.529162
158.4510,-16170,-42.332962,-0.529162
158.4610,-16170,-42.332962,-0.529162
158.4710,-16170,-42.332962,-0.529162
158.4810,-16170,-42.332962,-0.529162
158.4910,-16170,-42.332962,-0.529162
158.5010,-16170,-42.332962,-0.529162
158.5110,-16170,-42.332962,-0.529162
158.5210,-16170,-42.332962,-0.529162
158.5310,-16170,-42.332962,-0.529162
158.5410,-16170,-42.332962,-0.529162
158.5510,-16170,-42.332962,-0.529162
158.5610,-16170,-42.332962,-0.529162
158.5710,-16170,-42.332962,-0.529162
158.5810,-16170,-42.332962,-0.529162
158.5910,-16171,-42.335578,-0.529195
158.6010,-16172,-42.338195,-0.529227
158.6110,-16174,-42.343433,-0.529293
158.6210,-16175,-42.346054,-0.529326
158.6310,-16176,-42.348667,-0.529358
158.6410,-16178,-42.353904,-0.529424
158.6510,-16180,-42.359142,-0.529489
158.6610,-16186,-42.374851,-0.529686
158.6710,-16192,-42.390556,-0.529882
158.6810,-16198,-42.406265,-0.530078
158.6910,-16203,-42.419353,-0.530242
158.7010,-16208,-42.432445,-0.530406
158.7110,-16215,-42.450771,-0.530635
158.7210,-16221,-42.466480,-0.530831
158.7310,-16227,-42.482189,-0.531027
158.7410,-16232,-42.495277,-0.531191
158.7510,-16238,-42.510986,-0.531387
158.7610,-16243,-42.524074,-0.531551
158.7710,-16246,-42.531929,-0.531649
158.7810,-16250,-42.542404,-0.531780
158.7910,-16255,-42.555492,-0.531944
158.8010,-16261,-42.571201,-0.532140
158.8120,-16269,-42.592144,-0.532402
158.8210,-16277,-42.613090,-0.532664
158.8310,-16286,-42.636650,-0.532958
158.8410,-16296,-42.662830,-0.533285
158.8510,-16306,-42.689010,-0.533613
158.8610,-16313,-42.707336,-0.533842
158.8710,-16320,-42.725662,-0.534071
158.8810,-16327,-42.743988,-0.534300
158.8910,-16334,-42.762313,-0.534529
158.9010,-16338,-42.772785,-0.534660
158.9110,-16342,-42.783256,-0.534791
158.9210,-16343,-42.785873,-0.534823
158.9310,-16343,-42.785873,-0.534823
158.9410,-16342,-42.783256,-0.534791
158.9510,-16340,-42.778022,-0.534725
158.9610,-16338,-42.772785,-0.534660
158.9710,-16336,-42.767551,-0.534594
158.9810,-16334,-42.762313,-0.534529
158.9910,-16334,-42.762313,-0.534529
159.0010,-16334,-42.762313,-0.534529
159.0110,-16334,-42.762313,-0.534529
159.0210,-16336,-42.767551,-0.534594
159.0310,-16338,-42.772785,-0.534660
159.0410,-16340,-42.778022,-0.534725
159.0510,-16342,-42.783256,-0.534791
159.0610,-16344,-42.788494,-0.534856
159.0710,-16346,-42.793731,-0.534922
159.0810,-16346,-42.793731,-0.534922
159.0910,-16346,-42.793731,-0.534922
159.1010,-16346,-42.793731,-0.534922
159.1110,-16344,-42.788494,-0.534856
159.1210,-16343,-42.785873,-0.534823
159.1310,-16342,-42.783256,-0.534791
159.1410,-16341,-42.780639,-0.534758
159.1510,-16340,-42.778022,-0.534725
159.1610,-16340,-42.778022,-0.534725
159.1710,-16340,-42.778022,-0.534725
159.1810,-16341,-42.780639,-0.534758
159.1910,-16343,-42.785873,-0.534823
159.2010,-16343,-42.785873,-0.534823
159.2110,-16346,-42.793731,-0.534922
159.2210,-16347,-42.796348,-0.534954
159.2310,-16347,-42.796348,-0.534954
159.2410,-16348,-42.798965,-0.534987
159.2510,-16348,-42.798965,-0.534987
159.2610,-16347,-42.796348,-0.534954
159.2710,-16347,-42.796348,-0.534954
159.2810,-16346,-42.793731,-0.534922
159.2910,-16345,-42.791110,-0.534889
159.3010,-16344,-42.788494,-0.534856
159.3110,-16344,-42.788494,-0.534856
159.3210,-16344,-42.788494,-0.534856
159.3310,-16344,-42.788494,-0.534856
159.3410,-16344,-42.788494,-0.534856
159.3510,-16346,-42.793731,-0.534922
159.3610,-16346,-42.793731,-0.534922
159.3710,-16347,-42.796348,-0.534954
159.3810,-16348,-42.798965,-0.534987
159.3910,-16348,-42.798965,-0.534987
159.4010,-16348,-42.798965,-0.534987
159.4110,-16348,-42.798965,-0.534987
159.4210,-16348,-42.798965,-0.534987
159.4310,-16348,-42.798965,-0.534987
159.4410,-16347,-42.796348,-0.534954
159.4520,-16347,-42.796348,-0.534954
159.4610,-16346,-42.793731,-0.534922
159.4710,-16346,-42.793731,-0.534922
159.4810,-16346,-42.793731,-0.534922
159.4910,-16346,-42.793731,-0.534922
159.5010,-16346,-42.793731,-0.534922
159.5110,-16347,-42.796348,-0.534954
159.5210,-16347,-42.796348,-0.534954
159.5310,-16348,-42.798965,-0.534987
159.5410,-16348,-42.798965,-0.534987
159.5510,-16349,-42.801582,-0.535020
159.5610,-16349,-42.801582,-0.535020
159.5710,-16349,-42.801582,-0.535020
159.5810,-16349,-42.801582,-0.535020
159.5910,-16348,-42.798965,-0.534987
159.6010,-16348,-42.798965,-0.534987
159.6110,-16348,-42.798965,-0.534987
159.6210,-16347,-42.796348,-0.534954
159.6310,-16347,-42.796348,-0.534954
159.6410,-16347,-42.796348,-0.534954
159.6510,-16347,-42.796348,-0.534954
159.6610,-16348,-42.798965,-0.534987
159.6710,-16348,-42.798965,-0.534987
159.6810,-16348,-42.798965,-0.534987
159.6910,-16349,-42.801582,-0.535020
159.7010,-16349,-42.801582,-0.535020
159.7110,-16349,-42.801582,-0.535020
159.7210,-16349,-42.801582,-0.535020
159.7310,-16349,-42.801582,-0.535020
159.7410,-16349,-42.801582,-0.535020
159.7510,-16349,-42.801582,-0.535020
159.7610,-16348,-42.798965,-0.534987
159.7710,-16349,-42.801582,-0.535020
159.7810,-16348,-42.798965,-0.534987
159.7910,-16348,-42.798965,-0.534987
159.8010,-16348,-42.798965,-0.534987
159.8110,-16349,-42.801582,-0.535020
159.8210,-16349,-42.801582,-0.535020
159.8310,-16349,-42.801582,-0.535020
159.8410,-16350,-42.804199,-0.535052
159.8510,-16350,-42.804199,-0.535052
159.8610,-16350,-42.804199,-0.535052
159.8710,-16350,-42.804199,-0.535052
159.8810,-16350,-42.804199,-0.535052
159.8910,-16350,-42.804199,-0.535052
159.9010,-16350,-42.804199,-0.535052
159.9110,-16350,-42.804199,-0.535052
159.9210,-16350,-42.804199,-0.535052
159.9310,-16350,-42.804199,-0.535052
159.9410,-16349,-42.801582,-0.535020
159.9510,-16349,-42.801582,-0.535020
159.9610,-16349,-42.801582,-0.535020
159.9710,-16350,-42.804199,-0.535052
159.9810,-16350,-42.804199,-0.535052
159.9910,-16350,-42.804199,-0.535052
160.0010,-16350,-42.804199,-0.535052
160.0110,-16350,-42.804199,-0.535052
160.0210,-16350,-42.804199,-0.535052
160.0310,-16350,-42.804199,-0.535052
160.0410,-16350,-42.804199,-0.535052
160.0510,-16351,-42.806819,-0.535085
160.0610,-16351,-42.806819,-0.535085
160.0710,-16350,-42.804199,-0.535052
160.0810,-16350,-42.804199,-0.535052
160.0920,-16350,-42.804199,-0.535052
160.1010,-16350,-42.804199,-0.535052
160.1110,-16350,-42.804199,-0.535052
160.1210,-16351,-42.806819,-0.535085
160.1310,-16351,-42.806819,-0.535085
160.1410,-16351,-42.806819,-0.535085
160.1510,-16351,-42.806819,-0.535085
160.1610,-16351,-42.806819,-0.535085
160.1710,-16351,-42.806819,-0.535085
160.1810,-16351,-42.806819,-0.535085
160.1910,-16351,-42.806819,-0.535085
160.2010,-16351,-42.806819,-0.535085
160.2110,-16351,-42.806819,-0.535085
160.2210,-16351,-42.806819,-0.535085
160.2310,-16351,-42.806819,-0.535085
160.2410,-16351,-42.806819,-0.535085
160.2510,-16351,-42.806819,-0.535085
160.2610,-16351,-42.806819,-0.535085
160.2710,-16351,-42.806819,-0.535085
160.2810,-16351,-42.806819,-0.535085
160.2910,-16351,-42.806819,-0.535085
160.3010,-16352,-42.809436,-0.535118
160.3110,-16352,-42.809436,-0.535118
160.3210,-16352,-42.809436,-0.535118
160.3310,-16352,-42.809436,-0.535118
160.3410,-16352,-42.809436,-0.535118
160.3510,-16352,-42.809436,-0.535118
160.3610,-16352,-42.809436,-0.535118
160.3710,-16352,-42.809436,-0.535118
160.3810,-16352,-42.809436,-0.535118
160.3910,-16352,-42.809436,-0.535118
160.4010,-16352,-42.809436,-0.535118
160.4110,-16352,-42.809436,-0.535118
160.4210,-16352,-42.809436,-0.535118
160.4310,-16352,-42.809436,-0.535118
160.4410,-16352,-42.809436,-0.535118
160.4510,-16352,-42.809436,-0.535118
160.4610,-16353,-42.812053,-0.535151
160.4710,-16353,-42.812053,-0.535151
160.4810,-16353,-42.812053,-0.535151
160.4910,-16353,-42.812053,-0.535151
160.5010,-16353,-42.812053,-0.535151
160.5110,-16353,-42.812053,-0.535151
160.5210,-16354,-42.814670,-0.535183
160.5310,-16354,-42.814670,-0.535183
160.5410,-16354,-42.814670,-0.535183
160.5510,-16354,-42.814670,-0.535183
160.5610,-16354,-42.814670,-0.535183
160.5710,-16354,-42.814670,-0.535183
160.5810,-16354,-42.814670,-0.535183
160.5910,-16354,-42.814670,-0.535183
160.6010,-16354,-42.814670,-0.535183
160.6110,-16354,-42.814670,-0.535183
160.6210,-16354,-42.814670,-0.535183
160.6310,-16354,-42.814670,-0.535183
160.6410,-16355,-42.817291,-0.535216
160.6510,-16355,-42.817291,-0.535216
160.6610,-16355,-42.817291,-0.535216
160.6710,-16355,-42.817291,-0.535216
160.6810,-16355,-42.817291,-0.535216
160.6910,-16355,-42.817291,-0.535216
160.7010,-16355,-42.817291,-0.535216
160.7110,-16355,-42.817291,-0.535216
160.7210,-16355,-42.817291,-0.535216
160.7320,-16355,-42.817291,-0.535216
160.7410,-16355,-42.817291,-0.535216
160.7510,-16355,-42.817291,-0.535216
160.7610,-16355,-42.817291,-0.535216
160.7710,-16355,-42.817291,-0.535216
160.7810,-16355,-42.817291,-0.535216
160.7910,-16355,-42.817291,-0.535216
160.8010,-16356,-42.819908,-0.535249
160.8110,-16356,-42.819908,-0.535249
160.8210,-16356,-42.819908,-0.535249
160.8310,-16356,-42.819908,-0.535249
160.8410,-16356,-42.819908,-0.535249
160.8510,-16356,-42.819908,-0.535249
160.8610,-16356,-42.819908,-0.535249
160.8710,-16356,-42.819908,-0.535249
160.8810,-16356,-42.819908,-0.535249
160.8910,-16356,-42.819908,-0.535249
160.9010,-16356,-42.819908,-0.535249
160.9110,-16356,-42.819908,-0.535249
160.9210,-16356,-42.819908,-0.535249
160.9310,-16356,-42.819908,-0.535249
160.9410,-16356,-42.819908,-0.535249
160.9510,-16356,-42.819908,-0.535249
160.9610,-16356,-42.819908,-0.535249
160.9710,-16356,-42.819908,-0.535249
160.9810,-16357,-42.822528,-0.535282
160.9910,-16357,-42.822528,-0.535282
161.0010,-16357,-42.822528,-0.535282
161.0110,-16356,-42.819908,-0.535249
161.0210,-16357,-42.822528,-0.535282
161.0310,-16357,-42.822528,-0.535282
161.0410,-16357,-42.822528,-0.535282
161.0510,-16357,-42.822528,-0.535282
161.0610,-16357,-42.822528,-0.535282
161.0710,-16357,-42.822528,-0.535282
161.0810,-16357,-42.822528,-0.535282
161.0910,-16357,-42.822528,-0.535282
161.1010,-16357,-42.822528,-0.535282
161.1110,-16357,-42.822528,-0.535282
161.1210,-16357,-42.822528,-0.535282
161.1310,-16357,-42.822528,-0.535282
161.1410,-16357,-42.822528,-0.535282
161.1510,-16357,-42.822528,-0.535282
161.1610,-16357,-42.822528,-0.535282
161.1710,-16357,-42.822528,-0.535282
161.1810,-16357,-42.822528,-0.535282
161.1910,-16357,-42.822528,-0.535282
161.2010,-16357,-42.822528,-0.535282
161.2110,-16357,-42.822528,-0.535282
161.2210,-16357,-42.822528,-0.535282
161.2310,-16357,-42.822528,-0.535282
161.2410,-16357,-42.822528,-0.535282
161.2510,-16358,-42.825145,-0.535314
161.2610,-16358,-42.825145,-0.535314
161.2710,-16358,-42.825145,-0.535314
161.2810,-16358,-42.825145,-0.535314
161.2910,-16358,-42.825145,-0.535314
161.3010,-16358,-42.825145,-0.535314
161.3110,-16358,-42.825145,-0.535314
161.3210,-16358,-42.825145,-0.535314
161.3310,-16358,-42.825145,-0.535314
161.3410,-16358,-42.825145,-0.535314
161.3510,-16358,-42.825145,-0.535314
161.3610,-16358,-42.825145,-0.535314
161.3720,-16358,-42.825145,-0.535314
161.3810,-16358,-42.825145,-0.535314
161.3910,-16358,-42.825145,-0.535314
161.4010,-16358,-42.825145,-0.535314
161.4110,-16358,-42.825145,-0.535314
161.4210,-16358,-42.825145,-0.535314
161.4310,-16358,-42.825145,-0.535314
161.4410,-16358,-42.825145,-0.535314
161.4510,-16358,-42.825145,-0.535314
161.4610,-16358,-42.825145,-0.535314
161.4710,-16358,-42.825145,-0.535314
161.4810,-16358,-42.825145,-0.535314
161.4910,-16358,-42.825145,-0.535314
161.5010,-16358,-42.825145,-0.535314
161.5110,-16358,-42.825145,-0.535314
161.5210,-16358,-42.825145,-0.535314
161.5310,-16358,-42.825145,-0.535314
161.5410,-16358,-42.825145,-0.535314
161.5510,-16358,-42.825145,-0.535314
161.5610,-16358,-42.825145,-0.535314
161.5710,-16359,-42.827762,-0.535347
161.5810,-16359,-42.827762,-0.535347
161.5910,-16359,-42.827762,-0.535347
161.6010,-16359,-42.827762,-0.535347
161.6110,-16359,-42.827762,-0.535347
161.6210,-16359,-42.827762,-0.535347
161.6310,-16359,-42.827762,-0.535347
161.6410,-16359,-42.827762,-0.535347
161.6510,-16359,-42.827762,-0.535347
161.6610,-16359,-42.827762,-0.535347
161.6710,-16359,-42.827762,-0.535347
161.6810,-16359,-42.827762,-0.535347
161.6910,-16359,-42.827762,-0.535347
161.7010,-16359,-42.827762,-0.535347
161.7110,-16359,-42.827762,-0.535347
161.7210,-16359,-42.827762,-0.535347
161.7310,-16359,-42.827762,-0.535347
161.7410,-16359,-42.827762,-0.535347
161.7510,-16359,-42.827762,-0.535347
161.7610,-16359,-42.827762,-0.535347
161.7710,-16360,-42.830379,-0.535380
161.7810,-16360,-42.830379,-0.535380
161.7910,-16360,-42.830379,-0.535380
161.8010,-16360,-42.830379,-0.535380
161.8110,-16360,-42.830379,-0.535380
161.8210,-16360,-42.830379,-0.535380
161.8310,-16360,-42.830379,-0.535380
161.8410,-16360,-42.830379,-0.535380
161.8510,-16360,-42.830379,-0.535380
161.8610,-16360,-42.830379,-0.535380
161.8710,-16360,-42.830379,-0.535380
161.8810,-16360,-42.830379,-0.535380
161.8910,-16360,-42.830379,-0.535380
161.9010,-16360,-42.830379,-0.535380
161.9110,-16360,-42.830379,-0.535380
161.9210,-16360,-42.830379,-0.535380
161.9310,-16360,-42.830379,-0.535380
161.9410,-16360,-42.830379,-0.535380
161.9510,-16361,-42.833000,-0.535412
161.9610,-16361,-42.833000,-0.535412
161.9710,-16361,-42.833000,-0.535412
161.9810,-16361,-42.833000,-0.535412
161.9910,-16361,-42.833000,-0.535412
162.0010,-16361,-42.833000,-0.535412
162.0120,-16361,-42.833000,-0.535412
162.0210,-16361,-42.833000,-0.535412
162.0310,-16361,-42.833000,-0.535412
162.0410,-16361,-42.833000,-0.535412
162.0510,-16361,-42.833000,-0.535412
162.0610,-16361,-42.833000,-0.535412
162.0710,-16362,-42.835617,-0.535445
162.0810,-16362,-42.835617,-0.535445
162.0910,-16362,-42.835617,-0.535445
162.1010,-16362,-42.835617,-0.535445
162.1110,-16362,-42.835617,-0.535445
162.1210,-16362,-42.835617,-0.535445
162.1310,-16362,-42.835617,-0.535445
162.1410,-16362,-42.835617,-0.535445
162.1510,-16362,-42.835617,-0.535445
162.1610,-16362,-42.835617,-0.535445
162.1710,-16362,-42.835617,-0.535445
162.1810,-16362,-42.835617,-0.535445
162.1910,-16362,-42.835617,-0.535445
162.2010,-16362,-42.835617,-0.535445
162.2110,-16362,-42.835617,-0.535445
162.2210,-16362,-42.835617,-0.535445
162.2310,-16362,-42.835617,-0.535445
162.2410,-16362,-42.835617,-0.535445
162.2510,-16362,-42.835617,-0.535445
162.2610,-16362,-42.835617,-0.535445
162.2710,-16363,-42.838237,-0.535478
162.2810,-16363,-42.838237,-0.535478
162.2910,-16363,-42.838237,-0.535478
162.3010,-16363,-42.838237,-0.535478
162.3110,-16363,-42.838237,-0.535478
162.3210,-16363,-42.838237,-0.535478
162.3310,-16363,-42.838237,-0.535478
162.3410,-16363,-42.838237,-0.535478
162.3510,-16363,-42.838237,-0.535478
162.3610,-16363,-42.838237,-0.535478
162.3710,-16363,-42.838237,-0.535478
162.3810,-16363,-42.838237,-0.535478
162.3910,-16363,-42.838237,-0.535478
162.4010,-16363,-42.838237,-0.535478
162.4110,-16363,-42.838237,-0.535478
162.4210,-16363,-42.838237,-0.535478
162.4310,-16363,-42.838237,-0.535478
162.4410,-16363,-42.838237,-0.535478
162.4510,-16363,-42.838237,-0.535478
162.4610,-16363,-42.838237,-0.535478
162.4710,-16364,-42.840850,-0.535511
162.4810,-16364,-42.840850,-0.535511
162.4910,-16364,-42.840850,-0.535511
162.5010,-16364,-42.840850,-0.535511
162.5110,-16364,-42.840850,-0.535511
162.5210,-16364,-42.840850,-0.535511
162.5310,-16364,-42.840850,-0.535511
162.5410,-16364,-42.840850,-0.535511
162.5510,-16364,-42.840850,-0.535511
162.5610,-16364,-42.840850,-0.535511
162.5710,-16364,-42.840850,-0.535511
162.5810,-16364,-42.840850,-0.535511
162.5910,-16364,-42.840850,-0.535511
162.6010,-16364,-42.840850,-0.535511
162.6110,-16364,-42.840850,-0.535511
162.6210,-16364,-42.840850,-0.535511
162.6310,-16364,-42.840850,-0.535511
162.6410,-16364,-42.840850,-0.535511
162.6520,-16364,-42.840850,-0.535511
162.6610,-16364,-42.840850,-0.535511
162.6710,-16364,-42.840850,-0.535511
162.6810,-16364,-42.840850,-0.535511
162.6910,-16364,-42.840850,-0.535511
162.7010,-16364,-42.840850,-0.535511
162.7110,-16364,-42.840850,-0.535511
162.7210,-16364,-42.840850,-0.535511
162.7310,-16364,-42.840850,-0.535511
162.7410,-16364,-42.840850,-0.535511
162.7510,-16364,-42.840850,-0.535511
162.7610,-16365,-42.843471,-0.535543
162.7710,-16365,-42.843471,-0.535543
162.7810,-16365,-42.843471,-0.535543
162.7910,-16365,-42.843471,-0.535543
162.8010,-16365,-42.843471,-0.535543
162.8110,-16365,-42.843471,-0.535543
162.8210,-16365,-42.843471,-0.535543
162.8310,-16365,-42.843471,-0.535543
162.8410,-16365,-42.843471,-0.535543
162.8510,-16365,-42.843471,-0.535543
162.8610,-16365,-42.843471,-0.535543
162.8710,-16365,-42.843471,-0.535543
162.8810,-16365,-42.843471,-0.535543
162.8910,-16365,-42.843471,-0.535543
162.9010,-16365,-42.843471,-0.535543
162.9110,-16365,-42.843471,-0.535543
162.9210,-16365,-42.843471,-0.535543
162.9310,-16365,-42.843471,-0.535543
162.9410,-16365,-42.843471,-0.535543
162.9510,-16365,-42.843471,-0.535543
162.9610,-16366,-42.846088,-0.535576
162.9710,-16366,-42.846088,-0.535576
162.9810,-16366,-42.846088,-0.535576
162.9910,-16366,-42.846088,-0.535576
163.0010,-16366,-42.846088,-0.535576
163.0110,-16366,-42.846088,-0.535576
163.0210,-16366,-42.846088,-0.535576
163.0310,-16366,-42.846088,-0.535576
163.0410,-16366,-42.846088,-0.535576
163.0510,-16366,-42.846088,-0.535576
163.0610,-16366,-42.846088,-0.535576
163.0710,-16366,-42.846088,-0.535576
163.0810,-16366,-42.846088,-0.535576
163.0910,-16366,-42.846088,-0.535576
163.1010,-16366,-42.846088,-0.535576
163.1110,-16366,-42.846088,-0.535576
163.1210,-16366,-42.846088,-0.535576
163.1310,-16366,-42.846088,-0.535576
163.1410,-16367,-42.848709,-0.535609
163.1510,-16367,-42.848709,-0.535609
163.1610,-16367,-42.848709,-0.535609
163.1710,-16367,-42.848709,-0.535609
163.1810,-16367,-42.848709,-0.535609
163.1910,-16367,-42.848709,-0.535609
163.2010,-16367,-42.848709,-0.535609
163.2110,-16367,-42.848709,-0.535609
163.2210,-16367,-42.848709,-0.535609
163.2310,-16367,-42.848709,-0.535609
163.2410,-16367,-42.848709,-0.535609
163.2510,-16367,-42.848709,-0.535609
163.2610,-16367,-42.848709,-0.535609
163.2710,-16367,-42.848709,-0.535609
163.2810,-16367,-42.848709,-0.535609
163.2920,-16367,-42.848709,-0.535609
163.3010,-16367,-42.848709,-0.535609
163.3110,-16367,-42.848709,-0.535609
163.3210,-16367,-42.848709,-0.535609
163.3310,-16367,-42.848709,-0.535609
163.3410,-16368,-42.851325,-0.535642
163.3510,-16368,-42.851325,-0.535642
163.3610,-16368,-42.851325,-0.535642
163.3710,-16368,-42.851325,-0.535642
163.3810,-16368,-42.851325,-0.535642
163.3910,-16368,-42.851325,-0.535642
163.4010,-16368,-42.851325,-0.535642
163.4110,-16368,-42.851325,-0.535642
163.4210,-16368,-42.851325,-0.535642
163.4310,-16368,-42.851325,-0.535642
163.4410,-16368,-42.851325,-0.535642
163.4510,-16368,-42.851325,-0.535642
163.4610,-16368,-42.851325,-0.535642
163.4710,-16368,-42.851325,-0.535642
163.4810,-16368,-42.851325,-0.535642
163.4910,-16368,-42.851325,-0.535642
163.5010,-16368,-42.851325,-0.535642
163.5110,-16368,-42.851325,-0.535642
163.5210,-16368,-42.851325,-0.535642
163.5310,-16368,-42.851325,-0.535642
163.5410,-16368,-42.851325,-0.535642
163.5510,-16368,-42.851325,-0.535642
163.5610,-16369,-42.853942,-0.535674
163.5710,-16369,-42.853942,-0.535674
163.5810,-16369,-42.853942,-0.535674
163.5910,-16369,-42.853942,-0.535674
163.6010,-16369,-42.853942,-0.535674
163.6110,-16369,-42.853942,-0.535674
163.6210,-16369,-42.853942,-0.535674
163.6310,-16369,-42.853942,-0.535674
163.6410,-16369,-42.853942,-0.535674
163.6510,-16370,-42.856559,-0.535707
163.6610,-16370,-42.856559,-0.535707
163.6710,-16370,-42.856559,-0.535707
163.6810,-16370,-42.856559,-0.535707
163.6910,-16370,-42.856559,-0.535707
163.7010,-16370,-42.856559,-0.535707
163.7110,-16371,-42.859180,-0.535740
163.7210,-16371,-42.859180,-0.535740
163.7310,-16371,-42.859180,-0.535740
163.7410,-16371,-42.859180,-0.535740
163.7510,-16371,-42.859180,-0.535740
163.7610,-16371,-42.859180,-0.535740
163.7710,-16371,-42.859180,-0.535740
163.7810,-16371,-42.859180,-0.535740
163.7910,-16372,-42.861797,-0.535772
163.8010,-16372,-42.861797,-0.535772
163.8110,-16372,-42.861797,-0.535772
163.8210,-16372,-42.861797,-0.535772
163.8310,-16372,-42.861797,-0.535772
163.8410,-16372,-42.861797,-0.535772
163.8510,-16372,-42.861797,-0.535772
163.8610,-16372,-42.861797,-0.535772
163.8710,-16373,-42.864414,-0.535805
163.8810,-16373,-42.864414,-0.535805
163.8910,-16373,-42.864414,-0.535805
163.9010,-16373,-42.864414,-0.535805
163.9110,-16373,-42.864414,-0.535805
163.9210,-16373,-42.864414,-0.535805
163.9320,-16374,-42.867034,-0.535838
163.9410,-16374,-42.867034,-0.535838
163.9510,-16374,-42.867034,-0.535838
163.9610,-16374,-42.867034,-0.535838
163.9710,-16375,-42.869651,-0.535871
163.9810,-16375,-42.869651,-0.535871
163.9910,-16375,-42.869651,-0.535871
164.0010,-16376,-42.872268,-0.535903
164.0110,-16376,-42.872268,-0.535903
164.0210,-16376,-42.872268,-0.535903
164.0310,-16376,-42.872268,-0.535903
164.0410,-16376,-42.872268,-0.535903
164.0510,-16376,-42.872268,-0.535903
164.0610,-16376,-42.872268,-0.535903
164.0710,-16377,-42.874885,-0.535936
164.0810,-16377,-42.874885,-0.535936
164.0910,-16378,-42.877506,-0.535969
164.1010,-16378,-42.877506,-0.535969
164.1110,-16378,-42.877506,-0.535969
164.1210,-16379,-42.880123,-0.536002
164.1310,-16379,-42.880123,-0.536002
164.1410,-16380,-42.882740,-0.536034
164.1510,-16380,-42.882740,-0.536034
164.1610,-16380,-42.882740,-0.536034
164.1710,-16380,-42.882740,-0.536034
164.1810,-16380,-42.882740,-0.536034
164.1910,-16381,-42.885356,-0.536067
164.2010,-16380,-42.882740,-0.536034
164.2110,-16381,-42.885356,-0.536067
164.2210,-16381,-42.885356,-0.536067
164.2310,-16381,-42.885356,-0.536067
164.2410,-16381,-42.885356,-0.536067
164.2510,-16381,-42.885356,-0.536067
164.2610,-16382,-42.887977,-0.536100
164.2710,-16382,-42.887977,-0.536100
164.2810,-16382,-42.887977,-0.536100
164.2910,-16382,-42.887977,-0.536100
164.3010,-16383,-42.890594,-0.536132
164.3110,-16383,-42.890594,-0.536132
164.3210,-16383,-42.890594,-0.536132
164.3310,-16383,-42.890594,-0.536132
164.3410,-16383,-42.890594,-0.536132
164.3510,-16384,-42.893215,-0.536165
164.3610,-16384,-42.893215,-0.536165
164.3710,-16384,-42.893215,-0.536165
164.3810,-16384,-42.893215,-0.536165
164.3910,-16384,-42.893215,-0.536165
164.4010,-16384,-42.893215,-0.536165
164.4110,-16384,-42.893215,-0.536165
164.4210,-16384,-42.893215,-0.536165
164.4310,-16384,-42.893215,-0.536165
164.4410,-16385,-42.895828,-0.536198
164.4510,-16386,-42.898448,-0.536231
164.4610,-16387,-42.901065,-0.536263
164.4710,-16387,-42.901065,-0.536263
164.4810,-16388,-42.903686,-0.536296
164.4910,-16388,-42.903686,-0.536296
164.5010,-16389,-42.906303,-0.536329
164.5110,-16389,-42.906303,-0.536329
164.5210,-16389,-42.906303,-0.536329
164.5310,-16390,-42.908924,-0.536362
164.5410,-16390,-42.908924,-0.536362
164.5510,-16390,-42.908924,-0.536362
164.5610,-16390,-42.908924,-0.536362
164.5720,-16390,-42.908924,-0.536362
164.5810,-16390,-42.908924,-0.536362
164.5910,-16390,-42.908924,-0.536362
164.6010,-16390,-42.908924,-0.536362
164.6110,-16390,-42.908924,-0.536362
164.6210,-16390,-42.908924,-0.536362
164.6310,-16391,-42.911537,-0.536394
164.6410,-16391,-42.911537,-0.536394
164.6510,-16391,-42.911537,-0.536394
164.6610,-16392,-42.914157,-0.536427
164.6710,-16392,-42.914157,-0.536427
164.6810,-16392,-42.914157,-0.536427
164.6910,-16392,-42.914157,-0.536427
164.7010,-16393,-42.916774,-0.536460
164.7110,-16393,-42.916774,-0.536460
164.7210,-16393,-42.916774,-0.536460
164.7310,-16393,-42.916774,-0.536460
164.7410,-16393,-42.916774,-0.536460
164.7510,-16392,-42.914157,-0.536427
164.7610,-16393,-42.916774,-0.536460
164.7710,-16393,-42.916774,-0.536460
164.7810,-16393,-42.916774,-0.536460
164.7910,-16393,-42.916774,-0.536460
164.8010,-16394,-42.919391,-0.536492
164.8110,-16394,-42.919391,-0.536492
164.8210,-16394,-42.919391,-0.536492
164.8310,-16395,-42.922012,-0.536525
164.8410,-16395,-42.922012,-0.536525
164.8510,-16395,-42.922012,-0.536525
164.8610,-16395,-42.922012,-0.536525
164.8710,-16395,-42.922012,-0.536525
164.8810,-16395,-42.922012,-0.536525
164.8910,-16395,-42.922012,-0.536525
164.9010,-16396,-42.924629,-0.536558
164.9110,-16396,-42.924629,-0.536558
164.9210,-16396,-42.924629,-0.536558
164.9310,-16396,-42.924629,-0.536558
164.9410,-16397,-42.927246,-0.536591
164.9510,-16397,-42.927246,-0.536591
164.9610,-16397,-42.927246,-0.536591
164.9710,-16398,-42.929862,-0.536623
164.9810,-16398,-42.929862,-0.536623
164.9910,-16398,-42.929862,-0.536623
165.0010,-16398,-42.929862,-0.536623
165.0110,-16398,-42.929862,-0.536623
165.0210,-16398,-42.929862,-0.536623
165.0310,-16398,-42.929862,-0.536623
165.0410,-16399,-42.932483,-0.536656
165.0510,-16400,-42.935100,-0.536689
165.0610,-16400,-42.935100,-0.536689
165.0710,-16401,-42.937717,-0.536721
165.0810,-16403,-42.942955,-0.536787
165.0910,-16404,-42.945571,-0.536820
165.1010,-16407,-42.953426,-0.536918
165.1110,-16408,-42.956043,-0.536951
165.1210,-16410,-42.961280,-0.537016
165.1310,-16412,-42.966514,-0.537081
165.1410,-16413,-42.969135,-0.537114
165.1510,-16414,-42.971752,-0.537147
165.1610,-16415,-42.974372,-0.537180
165.1710,-16416,-42.976989,-0.537212
165.1810,-16417,-42.979606,-0.537245
165.1910,-16418,-42.982223,-0.537278
165.2010,-16418,-42.982223,-0.537278
165.2120,-16418,-42.982223,-0.537278
165.2210,-16418,-42.982223,-0.537278
165.2310,-16418,-42.982223,-0.537278
165.2410,-16418,-42.982223,-0.537278
165.2510,-16419,-42.984844,-0.537311
165.2610,-16419,-42.984844,-0.537311
165.2710,-16420,-42.987461,-0.537343
165.2810,-16420,-42.987461,-0.537343
165.2910,-16421,-42.990077,-0.537376
165.3010,-16422,-42.992698,-0.537409
165.3110,-16423,-42.995311,-0.537441
165.3210,-16425,-43.000549,-0.537507
165.3310,-16426,-43.003170,-0.537540
165.3410,-16426,-43.003170,-0.537540
165.3510,-16427,-43.005786,-0.537572
165.3610,-16428,-43.008403,-0.537605
165.3710,-16429,-43.011020,-0.537638
165.3810,-16430,-43.013641,-0.537671
165.3910,-16430,-43.013641,-0.537671
165.4010,-16431,-43.016258,-0.537703
165.4110,-16432,-43.018878,-0.537736
165.4210,-16432,-43.018878,-0.537736
165.4310,-16433,-43.021495,-0.537769
165.4410,-16433,-43.021495,-0.537769
165.4510,-16434,-43.024112,-0.537801
165.4610,-16436,-43.029350,-0.537867
165.4710,-16436,-43.029350,-0.537867
165.4810,-16436,-43.029350,-0.537867
165.4910,-16437,-43.031967,-0.537900
165.5010,-16438,-43.034584,-0.537932
165.5110,-16438,-43.034584,-0.537932
165.5210,-16439,-43.037200,-0.537965
165.5310,-16439,-43.037200,-0.537965
165.5410,-16439,-43.037200,-0.537965
165.5510,-16440,-43.039821,-0.537998
165.5610,-16440,-43.039821,-0.537998
165.5710,-16440,-43.039821,-0.537998
165.5810,-16440,-43.039821,-0.537998
165.5910,-16442,-43.045055,-0.538063
165.6010,-16443,-43.047676,-0.538096
165.6110,-16443,-43.047676,-0.538096
165.6210,-16444,-43.050292,-0.538129
165.6310,-16444,-43.050292,-0.538129
165.6410,-16445,-43.052909,-0.538161
165.6510,-16446,-43.055526,-0.538194
165.6610,-16446,-43.055526,-0.538194
165.6710,-16447,-43.058147,-0.538227
165.6810,-16447,-43.058147,-0.538227
165.6910,-16448,-43.060764,-0.538260
165.7010,-16448,-43.060764,-0.538260
165.7110,-16448,-43.060764,-0.538260
165.7210,-16448,-43.060764,-0.538260
165.7310,-16450,-43.065998,-0.538325
165.7410,-16450,-43.065998,-0.538325
165.7510,-16451,-43.068618,-0.538358
165.7610,-16451,-43.068618,-0.538358
165.7710,-16452,-43.071235,-0.538390
165.7810,-16453,-43.073856,-0.538423
165.7910,-16454,-43.076473,-0.538456
165.8010,-16455,-43.079090,-0.538489
165.8110,-16456,-43.081707,-0.538521
165.8210,-16456,-43.081707,-0.538521
165.8310,-16457,-43.084327,-0.538554
165.8410,-16457,-43.084327,-0.538554
165.8520,-16458,-43.086944,-0.538587
165.8610,-16458,-43.086944,-0.538587
165.8710,-16460,-43.092178,-0.538652
165.8810,-16461,-43.094799,-0.538685
165.8910,-16463,-43.100032,-0.538750
165.9010,-16464,-43.102653,-0.538783
165.9110,-16465,-43.105270,-0.538816
165.9210,-16467,-43.110504,-0.538881
165.9310,-16468,-43.113124,-0.538914
165.9410,-16469,-43.115741,-0.538947
165.9510,-16471,-43.120975,-0.539012
165.9610,-16473,-43.126213,-0.539078
165.9710,-16474,-43.128833,-0.539110
165.9810,-16475,-43.131450,-0.539143
165.9910,-16476,-43.134067,-0.539176
166.0010,-16476,-43.134067,-0.539176
166.0110,-16479,-43.141921,-0.539274
166.0210,-16479,-43.141921,-0.539274
166.0310,-16480,-43.144542,-0.539307
166.0410,-16480,-43.144542,-0.539307
166.0510,-16481,-43.147159,-0.539339
166.0610,-16481,-43.147159,-0.539339
166.0710,-16482,-43.149776,-0.539372
166.0810,-16482,-43.149776,-0.539372
166.0910,-16483,-43.152393,-0.539405
166.1010,-16484,-43.155014,-0.539438
166.1110,-16484,-43.155014,-0.539438
166.1210,-16485,-43.157630,-0.539470
166.1310,-16485,-43.157630,-0.539470
166.1410,-16485,-43.157630,-0.539470
166.1510,-16487,-43.162864,-0.539536
166.1610,-16487,-43.162864,-0.539536
166.1710,-16487,-43.162864,-0.539536
166.1810,-16487,-43.162864,-0.539536
166.1910,-16488,-43.165485,-0.539569
166.2010,-16488,-43.165485,-0.539569
166.2110,-16488,-43.165485,-0.539569
166.2210,-16489,-43.168102,-0.539601
166.2310,-16489,-43.168102,-0.539601
166.2410,-16489,-43.168102,-0.539601
166.2510,-16489,-43.168102,-0.539601
166.2610,-16489,-43.168102,-0.539601
166.2710,-16489,-43.168102,-0.539601
166.2810,-16489,-43.168102,-0.539601
166.2910,-16490,-43.170719,-0.539634
166.3010,-16490,-43.170719,-0.539634
166.3110,-16490,-43.170719,-0.539634
166.3210,-16490,-43.170719,-0.539634
166.3310,-16491,-43.173339,-0.539667
166.3410,-16491,-43.173339,-0.539667
166.3510,-16491,-43.173339,-0.539667
166.3610,-16491,-43.173339,-0.539667
166.3710,-16491,-43.173339,-0.539667
166.3810,-16492,-43.175952,-0.539699
166.3910,-16492,-43.175952,-0.539699
166.4010,-16492,-43.175952,-0.539699
166.4110,-16492,-43.175952,-0.539699
166.4210,-16491,-43.173339,-0.539667
166.4310,-16492,-43.175952,-0.539699
166.4410,-16492,-43.175952,-0.539699
166.4510,-16492,-43.175952,-0.539699
166.4610,-16492,-43.175952,-0.539699
166.4710,-16492,-43.175952,-0.539699
166.4810,-16492,-43.175952,-0.539699
166.4920,-16492,-43.175952,-0.539699
166.5010,-16493,-43.178573,-0.539732
166.5110,-16493,-43.178573,-0.539732
166.5210,-16493,-43.178573,-0.539732
166.5310,-16493,-43.178573,-0.539732
166.5410,-16493,-43.178573,-0.539732
166.5510,-16493,-43.178573,-0.539732
166.5610,-16493,-43.178573,-0.539732
166.5710,-16493,-43.178573,-0.539732
166.5810,-16493,-43.178573,-0.539732
166.5910,-16493,-43.178573,-0.539732
166.6010,-16493,-43.178573,-0.539732
166.6110,-16493,-43.178573,-0.539732
166.6210,-16493,-43.178573,-0.539732
166.6310,-16493,-43.178573,-0.539732
166.6410,-16494,-43.181190,-0.539765
166.6510,-16494,-43.181190,-0.539765
166.6610,-16494,-43.181190,-0.539765
166.6710,-16494,-43.181190,-0.539765
166.6810,-16494,-43.181190,-0.539765
166.6910,-16494,-43.181190,-0.539765
166.7010,-16494,-43.181190,-0.539765
166.7110,-16494,-43.181190,-0.539765
166.7210,-16494,-43.181190,-0.539765
166.7310,-16494,-43.181190,-0.539765
166.7410,-16494,-43.181190,-0.539765
166.7510,-16494,-43.181190,-0.539765
166.7610,-16494,-43.181190,-0.539765
166.7710,-16494,-43.181190,-0.539765
166.7810,-16494,-43.181190,-0.539765
166.7910,-16494,-43.181190,-0.539765
166.8010,-16494,-43.181190,-0.539765
166.8110,-16494,-43.181190,-0.539765
166.8210,-16494,-43.181190,-0.539765
166.8310,-16494,-43.181190,-0.539765
166.8410,-16495,-43.183811,-0.539798
166.8510,-16495,-43.183811,-0.539798
166.8610,-16495,-43.183811,-0.539798
166.8710,-16495,-43.183811,-0.539798
166.8810,-16495,-43.183811,-0.539798
166.8910,-16495,-43.183811,-0.539798
166.9010,-16495,-43.183811,-0.539798
166.9110,-16495,-43.183811,-0.539798
166.9210,-16495,-43.183811,-0.539798
166.9310,-16495,-43.183811,-0.539798
166.9410,-16495,-43.183811,-0.539798
166.9510,-16495,-43.183811,-0.539798
166.9610,-16495,-43.183811,-0.539798
166.9710,-16495,-43.183811,-0.539798
166.9810,-16495,-43.183811,-0.539798
166.9910,-16495,-43.183811,-0.539798
167.0010,-16495,-43.183811,-0.539798
167.0110,-16495,-43.183811,-0.539798
167.0210,-16495,-43.183811,-0.539798
167.0310,-16495,-43.183811,-0.539798
167.0410,-16495,-43.183811,-0.539798
167.0510,-16495,-43.183811,-0.539798
167.0610,-16496,-43.186428,-0.539830
167.0710,-16496,-43.186428,-0.539830
167.0810,-16496,-43.186428,-0.539830
167.0910,-16496,-43.186428,-0.539830
167.1010,-16496,-43.186428,-0.539830
167.1110,-16496,-43.186428,-0.539830
167.1210,-16496,-43.186428,-0.539830
167.1320,-16496,-43.186428,-0.539830
167.1410,-16496,-43.186428,-0.539830
167.1510,-16496,-43.186428,-0.539830
167.1610,-16496,-43.186428,-0.539830
167.1710,-16496,-43.186428,-0.539830
167.1810,-16496,-43.186428,-0.539830
167.1910,-16496,-43.186428,-0.539830
167.2010,-16496,-43.186428,-0.539830
167.2110,-16496,-43.186428,-0.539830
167.2210,-16496,-43.186428,-0.539830
167.2310,-16496,-43.186428,-0.539830
167.2410,-16496,-43.186428,-0.539830
167.2510,-16496,-43.186428,-0.539830
167.2610,-16496,-43.186428,-0.539830
167.2710,-16496,-43.186428,-0.539830
167.2810,-16496,-43.186428,-0.539830
167.2910,-16496,-43.186428,-0.539830
167.3010,-16496,-43.186428,-0.539830
167.3110,-16496,-43.186428,-0.539830
167.3210,-16497,-43.189048,-0.539863
167.3310,-16497,-43.189048,-0.539863
167.3410,-16497,-43.189048,-0.539863
167.3510,-16497,-43.189048,-0.539863
167.3610,-16497,-43.189048,-0.539863
167.3710,-16497,-43.189048,-0.539863
167.3810,-16497,-43.189048,-0.539863
167.3910,-16497,-43.189048,-0.539863
167.4010,-16497,-43.189048,-0.539863
167.4110,-16497,-43.189048,-0.539863
167.4210,-16497,-43.189048,-0.539863
167.4310,-16497,-43.189048,-0.539863
167.4410,-16497,-43.189048,-0.539863
167.4510,-16497,-43.189048,-0.539863
167.4610,-16497,-43.189048,-0.539863
167.4710,-16497,-43.189048,-0.539863
167.4810,-16497,-43.189048,-0.539863
167.4910,-16497,-43.189048,-0.539863
167.5010,-16498,-43.191661,-0.539896
167.5110,-16498,-43.191661,-0.539896
167.5210,-16498,-43.191661,-0.539896
167.5310,-16497,-43.189048,-0.539863
167.5410,-16498,-43.191661,-0.539896
167.5510,-16498,-43.191661,-0.539896
167.5610,-16498,-43.191661,-0.539896
167.5710,-16498,-43.191661,-0.539896
167.5810,-16498,-43.191661,-0.539896
167.5910,-16498,-43.191661,-0.539896
167.6010,-16498,-43.191661,-0.539896
167.6110,-16498,-43.191661,-0.539896
167.6210,-16498,-43.191661,-0.539896
167.6310,-16498,-43.191661,-0.539896
167.6410,-16498,-43.191661,-0.539896
167.6510,-16498,-43.191661,-0.539896
167.6610,-16498,-43.191661,-0.539896
167.6710,-16498,-43.191661,-0.539896
167.6810,-16498,-43.191661,-0.539896
167.6910,-16498,-43.191661,-0.539896
167.7010,-16498,-43.191661,-0.539896
167.7110,-16498,-43.191661,-0.539896
167.7210,-16499,-43.194282,-0.539929
167.7310,-16499,-43.194282,-0.539929
167.7410,-16499,-43.194282,-0.539929
167.7510,-16499,-43.194282,-0.539929
167.7610,-16499,-43.194282,-0.539929
167.7720,-16499,-43.194282,-0.539929
167.7810,-16499,-43.194282,-0.539929
167.7910,-16499,-43.194282,-0.539929
167.8010,-16499,-43.194282,-0.539929
167.8110,-16499,-43.194282,-0.539929
167.8210,-16499,-43.194282,-0.539929
167.8310,-16499,-43.194282,-0.539929
167.8410,-16499,-43.194282,-0.539929
167.8510,-16499,-43.194282,-0.539929
167.8610,-16499,-43.194282,-0.539929
167.8710,-16499,-43.194282,-0.539929
167.8810,-16499,-43.194282,-0.539929
167.8910,-16499,-43.194282,-0.539929
167.9010,-16499,-43.194282,-0.539929
167.9110,-16499,-43.194282,-0.539929
167.9210,-16499,-43.194282,-0.539929
167.9310,-16499,-43.194282,-0.539929
167.9410,-16499,-43.194282,-0.539929
167.9510,-16500,-43.196899,-0.539961
167.9610,-16500,-43.196899,-0.539961
167.9710,-16500,-43.196899,-0.539961
167.9810,-16500,-43.196899,-0.539961
167.9910,-16500,-43.196899,-0.539961
168.0010,-16500,-43.196899,-0.539961
168.0110,-16500,-43.196899,-0.539961
168.0210,-16500,-43.196899,-0.539961
168.0310,-16500,-43.196899,-0.539961
168.0410,-16500,-43.196899,-0.539961
168.0510,-16500,-43.196899,-0.539961
168.0610,-16500,-43.196899,-0.539961
168.0710,-16500,-43.196899,-0.539961
168.0810,-16500,-43.196899,-0.539961
168.0910,-16500,-43.196899,-0.539961
168.1010,-16500,-43.196899,-0.539961
168.1110,-16500,-43.196899,-0.539961
168.1210,-16500,-43.196899,-0.539961
168.1310,-16500,-43.196899,-0.539961
168.1410,-16500,-43.196899,-0.539961
168.1510,-16500,-43.196899,-0.539961
168.1610,-16500,-43.196899,-0.539961
168.1710,-16501,-43.199520,-0.539994
168.1810,-16501,-43.199520,-0.539994
168.1910,-16501,-43.199520,-0.539994
168.2010,-16501,-43.199520,-0.539994
168.2110,-16501,-43.199520,-0.539994
168.2210,-16500,-43.196899,-0.539961
168.2310,-16501,-43.199520,-0.539994
168.2410,-16501,-43.199520,-0.539994
168.2510,-16501,-43.199520,-0.539994
168.2610,-16501,-43.199520,-0.539994
168.2710,-16501,-43.199520,-0.539994
168.2810,-16501,-43.199520,-0.539994
168.2910,-16501,-43.199520,-0.539994
168.3010,-16501,-43.199520,-0.539994
168.3110,-16501,-43.199520,-0.539994
168.3210,-16501,-43.199520,-0.539994
168.3310,-16501,-43.199520,-0.539994
168.3410,-16501,-43.199520,-0.539994
168.3510,-16501,-43.199520,-0.539994
168.3610,-16501,-43.199520,-0.539994
168.3710,-16501,-43.199520,-0.539994
168.3810,-16501,-43.199520,-0.539994
168.3910,-16501,-43.199520,-0.539994
168.4010,-16501,-43.199520,-0.539994
168.4120,-16502,-43.202136,-0.540027
168.4210,-16502,-43.202136,-0.540027
168.4310,-16502,-43.202136,-0.540027
168.4410,-16502,-43.202136,-0.540027
168.4510,-16502,-43.202136,-0.540027
168.4610,-16502,-43.202136,-0.540027
168.4710,-16502,-43.202136,-0.540027
168.4810,-16502,-43.202136,-0.540027
168.4910,-16502,-43.202136,-0.540027
168.5010,-16502,-43.202136,-0.540027
168.5110,-16502,-43.202136,-0.540027
168.5210,-16502,-43.202136,-0.540027
168.5310,-16502,-43.202136,-0.540027
168.5410,-16502,-43.202136,-0.540027
168.5510,-16502,-43.202136,-0.540027
168.5610,-16502,-43.202136,-0.540027
168.5710,-16502,-43.202136,-0.540027
168.5810,-16502,-43.202136,-0.540027
168.5910,-16502,-43.202136,-0.540027
168.6010,-16503,-43.204753,-0.540059
168.6110,-16503,-43.204753,-0.540059
168.6210,-16503,-43.204753,-0.540059
168.6310,-16503,-43.204753,-0.540059
168.6410,-16503,-43.204753,-0.540059
168.6510,-16503,-43.204753,-0.540059
168.6610,-16503,-43.204753,-0.540059
168.6710,-16503,-43.204753,-0.540059
168.6810,-16503,-43.204753,-0.540059
168.6910,-16503,-43.204753,-0.540059
168.7010,-16503,-43.204753,-0.540059
168.7110,-16503,-43.204753,-0.540059
168.7210,-16503,-43.204753,-0.540059
168.7310,-16503,-43.204753,-0.540059
168.7410,-16503,-43.204753,-0.540059
168.7510,-16503,-43.204753,-0.540059
168.7610,-16503,-43.204753,-0.540059
168.7710,-16503,-43.204753,-0.540059
168.7810,-16503,-43.204753,-0.540059
168.7910,-16503,-43.204753,-0.540059
168.8010,-16503,-43.204753,-0.540059
168.8110,-16503,-43.204753,-0.540059
168.8210,-16503,-43.204753,-0.540059
168.8310,-16504,-43.207370,-0.540092
168.8410,-16504,-43.207370,-0.540092
168.8510,-16504,-43.207370,-0.540092
168.8610,-16504,-43.207370,-0.540092
168.8710,-16504,-43.207370,-0.540092
168.8810,-16504,-43.207370,-0.540092
168.8910,-16504,-43.207370,-0.540092
168.9010,-16504,-43.207370,-0.540092
168.9110,-16504,-43.207370,-0.540092
168.9210,-16504,-43.207370,-0.540092
168.9310,-16504,-43.207370,-0.540092
168.9410,-16504,-43.207370,-0.540092
168.9510,-16504,-43.207370,-0.540092
168.9610,-16504,-43.207370,-0.540092
168.9710,-16504,-43.207370,-0.540092
168.9810,-16504,-43.207370,-0.540092
168.9910,-16504,-43.207370,-0.540092
169.0010,-16504,-43.207370,-0.540092
169.0110,-16504,-43.207370,-0.540092
169.0210,-16504,-43.207370,-0.540092
169.0310,-16504,-43.207370,-0.540092
169.0410,-16504,-43.207370,-0.540092
169.0520,-16504,-43.207370,-0.540092
169.0610,-16504,-43.207370,-0.540092
169.0710,-16504,-43.207370,-0.540092
169.0810,-16504,-43.207370,-0.540092
169.0910,-16504,-43.207370,-0.540092
169.1010,-16504,-43.207370,-0.540092
169.1110,-16505,-43.209991,-0.540125
169.1210,-16505,-43.209991,-0.540125
169.1310,-16505,-43.209991,-0.540125
169.1410,-16505,-43.209991,-0.540125
169.1510,-16505,-43.209991,-0.540125
169.1610,-16505,-43.209991,-0.540125
169.1710,-16505,-43.209991,-0.540125
169.1810,-16505,-43.209991,-0.540125
169.1910,-16505,-43.209991,-0.540125
169.2010,-16505,-43.209991,-0.540125
169.2110,-16505,-43.209991,-0.540125
169.2210,-16505,-43.209991,-0.540125
169.2310,-16505,-43.209991,-0.540125
169.2410,-16505,-43.209991,-0.540125
169.2510,-16505,-43.209991,-0.540125
169.2610,-16505,-43.209991,-0.540125
169.2710,-16505,-43.209991,-0.540125
169.2810,-16505,-43.209991,-0.540125
169.2910,-16505,-43.209991,-0.540125
169.3010,-16505,-43.209991,-0.540125
169.3110,-16505,-43.209991,-0.540125
169.3210,-16505,-43.209991,-0.540125
169.3310,-16505,-43.209991,-0.540125
169.3410,-16506,-43.212608,-0.540158
169.3510,-16506,-43.212608,-0.540158
169.3610,-16506,-43.212608,-0.540158
169.3710,-16506,-43.212608,-0.540158
169.3810,-16506,-43.212608,-0.540158
169.3910,-16506,-43.212608,-0.540158
169.4010,-16506,-43.212608,-0.540158
169.4110,-16506,-43.212608,-0.540158
169.4210,-16506,-43.212608,-0.540158
169.4310,-16506,-43.212608,-0.540158
169.4410,-16506,-43.212608,-0.540158
169.4510,-16506,-43.212608,-0.540158
169.4610,-16506,-43.212608,-0.540158
169.4710,-16506,-43.212608,-0.540158
169.4810,-16506,-43.212608,-0.540158
169.4910,-16506,-43.212608,-0.540158
169.5010,-16506,-43.212608,-0.540158
169.5110,-16506,-43.212608,-0.540158
169.5210,-16506,-43.212608,-0.540158
169.5310,-16506,-43.212608,-0.540158
169.5410,-16506,-43.212608,-0.540158
169.5510,-16506,-43.212608,-0.540158
169.5610,-16507,-43.215225,-0.540190
169.5710,-16507,-43.215225,-0.540190
169.5810,-16507,-43.215225,-0.540190
169.5910,-16507,-43.215225,-0.540190
169.6010,-16507,-43.215225,-0.540190
169.6110,-16507,-43.215225,-0.540190
169.6210,-16507,-43.215225,-0.540190
169.6310,-16507,-43.215225,-0.540190
169.6410,-16507,-43.215225,-0.540190
169.6510,-16507,-43.215225,-0.540190
169.6610,-16507,-43.215225,-0.540190
169.6710,-16507,-43.215225,-0.540190
169.6810,-16507,-43.215225,-0.540190
169.6920,-16507,-43.215225,-0.540190
169.7010,-16507,-43.215225,-0.540190
169.7110,-16507,-43.215225,-0.540190
169.7210,-16508,-43.217845,-0.540223
169.7310,-16508,-43.217845,-0.540223
169.7410,-16508,-43.217845,-0.540223
169.7510,-16507,-43.215225,-0.540190
169.7610,-16508,-43.217845,-0.540223
169.7710,-16508,-43.217845,-0.540223
169.7810,-16508,-43.217845,-0.540223
169.7910,-16508,-43.217845,-0.540223
169.8010,-16508,-43.217845,-0.540223
169.8110,-16508,-43.217845,-0.540223
169.8210,-16508,-43.217845,-0.540223
169.8310,-16508,-43.217845,-0.540223
169.8410,-16508,-43.217845,-0.540223
169.8510,-16508,-43.217845,-0.540223
169.8610,-16508,-43.217845,-0.540223
169.8710,-16508,-43.217845,-0.540223
169.8810,-16508,-43.217845,-0.540223
169.8910,-16508,-43.217845,-0.540223
169.9010,-16508,-43.217845,-0.540223
169.9110,-16508,-43.217845,-0.540223
169.9210,-16508,-43.217845,-0.540223
169.9310,-16508,-43.217845,-0.540223
169.9410,-16509,-43.220462,-0.540256
169.9510,-16509,-43.220462,-0.540256
169.9610,-16509,-43.220462,-0.540256
169.9710,-16509,-43.220462,-0.540256
169.9810,-16509,-43.220462,-0.540256
169.9910,-16509,-43.220462,-0.540256
170.0010,-16509,-43.220462,-0.540256
170.0110,-16509,-43.220462,-0.540256
170.0210,-16509,-43.220462,-0.540256
170.0310,-16509,-43.220462,-0.540256
170.0410,-16509,-43.220462,-0.540256
170.0510,-16509,-43.220462,-0.540256
170.0610,-16509,-43.220462,-0.540256
170.0710,-16509,-43.220462,-0.540256
170.0810,-16509,-43.220462,-0.540256
170.0910,-16509,-43.220462,-0.540256
170.1010,-16510,-43.223079,-0.540288
170.1110,-16510,-43.223079,-0.540288
170.1210,-16510,-43.223079,-0.540288
170.1310,-16510,-43.223079,-0.540288
170.1410,-16510,-43.223079,-0.540288
170.1510,-16510,-43.223079,-0.540288
170.1610,-16510,-43.223079,-0.540288
170.1710,-16510,-43.223079,-0.540288
170.1810,-16510,-43.223079,-0.540288
170.1910,-16510,-43.223079,-0.540288
170.2010,-16510,-43.223079,-0.540288
170.2110,-16510,-43.223079,-0.540288
170.2210,-16510,-43.223079,-0.540288
170.2310,-16510,-43.223079,-0.540288
170.2410,-16510,-43.223079,-0.540288
170.2510,-16510,-43.223079,-0.540288
170.2610,-16510,-43.223079,-0.540288
170.2710,-16511,-43.225696,-0.540321
170.2810,-16511,-43.225696,-0.540321
170.2910,-16511,-43.225696,-0.540321
170.3010,-16510,-43.223079,-0.540288
170.3110,-16511,-43.225696,-0.540321
170.3210,-16511,-43.225696,-0.540321
170.3320,-16511,-43.225696,-0.540321
170.3410,-16511,-43.225696,-0.540321
170.3510,-16511,-43.225696,-0.540321
170.3610,-16511,-43.225696,-0.540321
170.3710,-16511,-43.225696,-0.540321
170.3810,-16511,-43.225696,-0.540321
170.3910,-16511,-43.225696,-0.540321
170.4010,-16511,-43.225696,-0.540321
170.4110,-16512,-43.228317,-0.540354
170.4210,-16512,-43.228317,-0.540354
170.4310,-16512,-43.228317,-0.540354
170.4410,-16511,-43.225696,-0.540321
170.4510,-16512,-43.228317,-0.540354
170.4610,-16512,-43.228317,-0.540354
170.4710,-16512,-43.228317,-0.540354
170.4810,-16512,-43.228317,-0.540354
170.4910,-16512,-43.228317,-0.540354
170.5010,-16512,-43.228317,-0.540354
170.5110,-16512,-43.228317,-0.540354
170.5210,-16512,-43.228317,-0.540354
170.5310,-16512,-43.228317,-0.540354
170.5410,-16512,-43.228317,-0.540354
170.5510,-16512,-43.228317,-0.540354
170.5610,-16512,-43.228317,-0.540354
170.5710,-16512,-43.228317,-0.540354
170.5810,-16512,-43.228317,-0.540354
170.5910,-16513,-43.230934,-0.540387
170.6010,-16513,-43.230934,-0.540387
170.6110,-16513,-43.230934,-0.540387
170.6210,-16513,-43.230934,-0.540387
170.6310,-16513,-43.230934,-0.540387
170.6410,-16513,-43.230934,-0.540387
170.6510,-16513,-43.230934,-0.540387
170.6610,-16513,-43.230934,-0.540387
170.6710,-16513,-43.230934,-0.540387
170.6810,-16513,-43.230934,-0.540387
170.6910,-16513,-43.230934,-0.540387
170.7010,-16513,-43.230934,-0.540387
170.7110,-16513,-43.230934,-0.540387
170.7210,-16513,-43.230934,-0.540387
170.7310,-16514,-43.233551,-0.540419
170.7410,-16514,-43.233551,-0.540419
170.7510,-16514,-43.233551,-0.540419
170.7610,-16514,-43.233551,-0.540419
170.7710,-16514,-43.233551,-0.540419
170.7810,-16514,-43.233551,-0.540419
170.7910,-16514,-43.233551,-0.540419
170.8010,-16514,-43.233551,-0.540419
170.8110,-16514,-43.233551,-0.540419
170.8210,-16514,-43.233551,-0.540419
170.8310,-16514,-43.233551,-0.540419
170.8410,-16514,-43.233551,-0.540419
170.8510,-16514,-43.233551,-0.540419
170.8610,-16514,-43.233551,-0.540419
170.8710,-16515,-43.236167,-0.540452
170.8810,-16515,-43.236167,-0.540452
170.8910,-16515,-43.236167,-0.540452
170.9010,-16515,-43.236167,-0.540452
170.9110,-16515,-43.236167,-0.540452
170.9210,-16515,-43.236167,-0.540452
170.9310,-16515,-43.236167,-0.540452
170.9410,-16515,-43.236167,-0.540452
170.9510,-16515,-43.236167,-0.540452
170.9610,-16515,-43.236167,-0.540452
170.9720,-16515,-43.236167,-0.540452
170.9810,-16515,-43.236167,-0.540452
170.9910,-16515,-43.236167,-0.540452
171.0010,-16515,-43.236167,-0.540452
171.0110,-16516,-43.238788,-0.540485
171.0210,-16516,-43.238788,-0.540485
171.0310,-16516,-43.238788,-0.540485
171.0410,-16516,-43.238788,-0.540485
171.0510,-16516,-43.238788,-0.540485
171.0610,-16516,-43.238788,-0.540485
171.0710,-16516,-43.238788,-0.540485
171.0810,-16516,-43.238788,-0.540485
171.0910,-16516,-43.238788,-0.540485
171.1010,-16516,-43.238788,-0.540485
171.1110,-16516,-43.238788,-0.540485
171.1210,-16516,-43.238788,-0.540485
171.1310,-16516,-43.238788,-0.540485
171.1410,-16516,-43.238788,-0.540485
171.1510,-16517,-43.241405,-0.540518
171.1610,-16517,-43.241405,-0.540518
171.1710,-16517,-43.241405,-0.540518
171.1810,-16517,-43.241405,-0.540518
171.1910,-16517,-43.241405,-0.540518
171.2010,-16517,-43.241405,-0.540518
171.2110,-16518,-43.244026,-0.540550
171.2210,-16518,-43.244026,-0.540550
171.2310,-16518,-43.244026,-0.540550
171.2410,-16518,-43.244026,-0.540550
171.2510,-16518,-43.244026,-0.540550
171.2610,-16518,-43.244026,-0.540550
171.2710,-16518,-43.244026,-0.540550
171.2810,-16519,-43.246639,-0.540583
171.2910,-16519,-43.246639,-0.540583
171.3010,-16519,-43.246639,-0.540583
171.3110,-16519,-43.246639,-0.540583
171.3210,-16520,-43.249259,-0.540616
171.3310,-16520,-43.249259,-0.540616
171.3410,-16520,-43.249259,-0.540616
171.3510,-16520,-43.249259,-0.540616
171.3610,-16521,-43.251876,-0.540648
171.3710,-16521,-43.251876,-0.540648
171.3810,-16521,-43.251876,-0.540648
171.3910,-16521,-43.251876,-0.540648
171.4010,-16521,-43.251876,-0.540648
171.4110,-16521,-43.251876,-0.540648
171.4210,-16522,-43.254497,-0.540681
171.4310,-16522,-43.254497,-0.540681
171.4410,-16522,-43.254497,-0.540681
171.4510,-16522,-43.254497,-0.540681
171.4610,-16523,-43.257114,-0.540714
171.4710,-16523,-43.257114,-0.540714
171.4810,-16523,-43.257114,-0.540714
171.4910,-16523,-43.257114,-0.540714
171.5010,-16524,-43.259735,-0.540747
171.5110,-16524,-43.259735,-0.540747
171.5210,-16524,-43.259735,-0.540747
171.5310,-16524,-43.259735,-0.540747
171.5410,-16524,-43.259735,-0.540747
171.5510,-16524,-43.259735,-0.540747
171.5610,-16525,-43.262348,-0.540779
171.5710,-16525,-43.262348,-0.540779
171.5810,-16525,-43.262348,-0.540779
171.5910,-16525,-43.262348,-0.540779
171.6010,-16526,-43.264968,-0.540812
171.6120,-16526,-43.264968,-0.540812
171.6210,-16526,-43.264968,-0.540812
171.6310,-16526,-43.264968,-0.540812
171.6410,-16526,-43.264968,-0.540812
171.6510,-16526,-43.264968,-0.540812
171.6610,-16527,-43.267585,-0.540845
171.6710,-16527,-43.267585,-0.540845
171.6810,-16527,-43.267585,-0.540845
171.6910,-16527,-43.267585,-0.540845
171.7010,-16528,-43.270206,-0.540878
171.7110,-16528,-43.270206,-0.540878
171.7210,-16528,-43.270206,-0.540878
171.7310,-16528,-43.270206,-0.540878
171.7410,-16528,-43.270206,-0.540878
171.7510,-16528,-43.270206,-0.540878
171.7610,-16529,-43.272823,-0.540910
171.7710,-16529,-43.272823,-0.540910
171.7810,-16529,-43.272823,-0.540910
171.7910,-16529,-43.272823,-0.540910
171.8010,-16529,-43.272823,-0.540910
171.8110,-16529,-43.272823,-0.540910
171.8210,-16529,-43.272823,-0.540910
171.8310,-16529,-43.272823,-0.540910
171.8410,-16530,-43.275440,-0.540943
171.8510,-16530,-43.275440,-0.540943
171.8610,-16530,-43.275440,-0.540943
171.8710,-16530,-43.275440,-0.540943
171.8810,-16531,-43.278057,-0.540976
171.8910,-16531,-43.278057,-0.540976
171.9010,-16531,-43.278057,-0.540976
171.9110,-16532,-43.280677,-0.541008
171.9210,-16532,-43.280677,-0.541008
171.9310,-16532,-43.280677,-0.541008
171.9410,-16532,-43.280677,-0.541008
171.9510,-16532,-43.280677,-0.541008
171.9610,-16532,-43.280677,-0.541008
171.9710,-16532,-43.280677,-0.541008
171.9810,-16533,-43.283294,-0.541041
171.9910,-16533,-43.283294,-0.541041
172.0010,-16533,-43.283294,-0.541041
172.0110,-16534,-43.285911,-0.541074
172.0210,-16535,-43.288528,-0.541107
172.0310,-16536,-43.291145,-0.541139
172.0410,-16536,-43.291145,-0.541139
172.0510,-16537,-43.293766,-0.541172
172.0610,-16538,-43.296382,-0.541205
172.0710,-16538,-43.296382,-0.541205
172.0810,-16538,-43.296382,-0.541205
172.0910,-16538,-43.296382,-0.541205
172.1010,-16539,-43.299003,-0.541238
172.1110,-16539,-43.299003,-0.541238
172.1210,-16540,-43.301620,-0.541270
172.1310,-16540,-43.301620,-0.541270
172.1410,-16540,-43.301620,-0.541270
172.1510,-16540,-43.301620,-0.541270
172.1610,-16541,-43.304237,-0.541303
172.1710,-16541,-43.304237,-0.541303
172.1810,-16541,-43.304237,-0.541303
172.1910,-16542,-43.306854,-0.541336
172.2010,-16542,-43.306854,-0.541336
172.2110,-16543,-43.309474,-0.541368
172.2210,-16543,-43.309474,-0.541368
172.2310,-16543,-43.309474,-0.541368
172.2410,-16543,-43.309474,-0.541368
172.2520,-16544,-43.312091,-0.541401
172.2610,-16544,-43.312091,-0.541401
172.2710,-16544,-43.312091,-0.541401
172.2810,-16544,-43.312091,-0.541401
172.2910,-16545,-43.314712,-0.541434
172.3010,-16545,-43.314712,-0.541434
172.3110,-16546,-43.317325,-0.541467
172.3210,-16546,-43.317325,-0.541467
172.3310,-16547,-43.319946,-0.541499
172.3410,-16548,-43.322563,-0.541532
172.3510,-16548,-43.322563,-0.541532
172.3610,-16549,-43.325183,-0.541565
172.3710,-16549,-43.325183,-0.541565
172.3810,-16550,-43.327800,-0.541598
172.3910,-16551,-43.330417,-0.541630
172.4010,-16554,-43.338272,-0.541728
172.4110,-16557,-43.346126,-0.541827
172.4210,-16562,-43.359214,-0.541990
172.4310,-16567,-43.372303,-0.542154
172.4410,-16573,-43.388011,-0.542350
172.4510,-16582,-43.411575,-0.542645
172.4610,-16594,-43.442989,-0.543037
172.4710,-16606,-43.474407,-0.543430
172.4810,-16619,-43.508441,-0.543856
172.4910,-16629,-43.534622,-0.544183
172.5010,-16639,-43.560802,-0.544510
172.5110,-16651,-43.592216,-0.544903
172.5210,-16667,-43.634105,-0.545426
172.5310,-16682,-43.673374,-0.545917
172.5410,-16691,-43.696937,-0.546212
172.5510,-16698,-43.715263,-0.546441
172.5610,-16703,-43.728351,-0.546604
172.5710,-16707,-43.738822,-0.546735
172.5810,-16708,-43.741443,-0.546768
172.5910,-16710,-43.746681,-0.546833
172.6010,-16709,-43.744060,-0.546801
172.6110,-16709,-43.744060,-0.546801
172.6210,-16707,-43.738822,-0.546735
172.6310,-16706,-43.736209,-0.546703
172.6410,-16705,-43.733589,-0.546670
172.6510,-16704,-43.730972,-0.546637
172.6610,-16704,-43.730972,-0.546637
172.6710,-16705,-43.733589,-0.546670
172.6810,-16706,-43.736209,-0.546703
172.6910,-16708,-43.741443,-0.546768
172.7010,-16709,-43.744060,-0.546801
172.7110,-16712,-43.751914,-0.546899
172.7210,-16714,-43.757152,-0.546964
172.7310,-16715,-43.759769,-0.546997
172.7410,-16716,-43.762386,-0.547030
172.7510,-16717,-43.765003,-0.547063
172.7610,-16717,-43.765003,-0.547063
172.7710,-16717,-43.765003,-0.547063
172.7810,-16716,-43.762386,-0.547030
172.7910,-16716,-43.762386,-0.547030
172.8010,-16716,-43.762386,-0.547030
172.8110,-16716,-43.762386,-0.547030
172.8210,-16716,-43.762386,-0.547030
172.8310,-16717,-43.765003,-0.547063
172.8410,-16718,-43.767620,-0.547095
172.8510,-16719,-43.770240,-0.547128
172.8610,-16721,-43.775478,-0.547193
172.8710,-16723,-43.780712,-0.547259
172.8810,-16724,-43.783329,-0.547292
172.8920,-16726,-43.788566,-0.547357
172.9010,-16726,-43.788566,-0.547357
172.9110,-16727,-43.791187,-0.547390
172.9210,-16727,-43.791187,-0.547390
172.9310,-16727,-43.791187,-0.547390
172.9410,-16727,-43.791187,-0.547390
172.9510,-16727,-43.791187,-0.547390
172.9610,-16727,-43.791187,-0.547390
172.9710,-16727,-43.791187,-0.547390
172.9810,-16726,-43.788566,-0.547357
172.9910,-16727,-43.791187,-0.547390
173.0010,-16727,-43.791187,-0.547390
173.0110,-16728,-43.793800,-0.547422
173.0210,-16728,-43.793800,-0.547422
173.0310,-16729,-43.796421,-0.547455
173.0410,-16730,-43.799037,-0.547488
173.0510,-16731,-43.801658,-0.547521
173.0610,-16731,-43.801658,-0.547521
173.0710,-16731,-43.801658,-0.547521
173.0810,-16731,-43.801658,-0.547521
173.0910,-16732,-43.804275,-0.547553
173.1010,-16732,-43.804275,-0.547553
173.1110,-16732,-43.804275,-0.547553
173.1210,-16731,-43.801658,-0.547521
173.1310,-16731,-43.801658,-0.547521
173.1410,-16731,-43.801658,-0.547521
173.1510,-16731,-43.801658,-0.547521
173.1610,-16732,-43.804275,-0.547553
173.1710,-16732,-43.804275,-0.547553
173.1810,-16732,-43.804275,-0.547553
173.1910,-16732,-43.804275,-0.547553
173.2010,-16733,-43.806892,-0.547586
173.2110,-16733,-43.806892,-0.547586
173.2210,-16734,-43.809509,-0.547619
173.2310,-16734,-43.809509,-0.547619
173.2410,-16734,-43.809509,-0.547619
173.2510,-16734,-43.809509,-0.547619
173.2610,-16734,-43.809509,-0.547619
173.2710,-16734,-43.809509,-0.547619
173.2810,-16734,-43.809509,-0.547619
173.2910,-16734,-43.809509,-0.547619
173.3010,-16734,-43.809509,-0.547619
173.3110,-16734,-43.809509,-0.547619
173.3210,-16735,-43.812129,-0.547652
173.3310,-16735,-43.812129,-0.547652
173.3410,-16735,-43.812129,-0.547652
173.3510,-16735,-43.812129,-0.547652
173.3610,-16735,-43.812129,-0.547652
173.3710,-16736,-43.814746,-0.547684
173.3810,-16736,-43.814746,-0.547684
173.3910,-16736,-43.814746,-0.547684
173.4010,-16736,-43.814746,-0.547684
173.4110,-16736,-43.814746,-0.547684
173.4210,-16736,-43.814746,-0.547684
173.4310,-16736,-43.814746,-0.547684
173.4410,-16736,-43.814746,-0.547684
173.4510,-16736,-43.814746,-0.547684
173.4610,-16737,-43.817363,-0.547717
173.4710,-16737,-43.817363,-0.547717
173.4810,-16737,-43.817363,-0.547717
173.4910,-16737,-43.817363,-0.547717
173.5010,-16737,-43.817363,-0.547717
173.5110,-16738,-43.819984,-0.547750
173.5210,-16738,-43.819984,-0.547750
173.5320,-16738,-43.819984,-0.547750
173.5410,-16738,-43.819984,-0.547750
173.5510,-16738,-43.819984,-0.547750
173.5610,-16739,-43.822601,-0.547782
173.5710,-16739,-43.822601,-0.547782
173.5810,-16739,-43.822601,-0.547782
173.5910,-16739,-43.822601,-0.547782
173.6010,-16739,-43.822601,-0.547782
173.6110,-16739,-43.822601,-0.547782
173.6210,-16739,-43.822601,-0.547782
173.6310,-16739,-43.822601,-0.547782
173.6410,-16739,-43.822601,-0.547782
173.6510,-16739,-43.822601,-0.547782
173.6610,-16739,-43.822601,-0.547782
173.6710,-16740,-43.825218,-0.547815
173.6810,-16740,-43.825218,-0.547815
173.6910,-16740,-43.825218,-0.547815
173.7010,-16740,-43.825218,-0.547815
173.7110,-16740,-43.825218,-0.547815
173.7210,-16741,-43.827835,-0.547848
173.7310,-16741,-43.827835,-0.547848
173.7410,-16741,-43.827835,-0.547848
173.7510,-16741,-43.827835,-0.547848
173.7610,-16741,-43.827835,-0.547848
173.7710,-16741,-43.827835,-0.547848
173.7810,-16741,-43.827835,-0.547848
173.7910,-16741,-43.827835,-0.547848
173.8010,-16741,-43.827835,-0.547848
173.8110,-16741,-43.827835,-0.547848
173.8210,-16742,-43.830455,-0.547881
173.8310,-16742,-43.830455,-0.547881
173.8410,-16742,-43.830455,-0.547881
173.8510,-16742,-43.830455,-0.547881
173.8610,-16742,-43.830455,-0.547881
173.8710,-16742,-43.830455,-0.547881
173.8810,-16743,-43.833072,-0.547913
173.8910,-16743,-43.833072,-0.547913
173.9010,-16743,-43.833072,-0.547913
173.9110,-16742,-43.830455,-0.547881
173.9210,-16743,-43.833072,-0.547913
173.9310,-16743,-43.833072,-0.547913
173.9410,-16743,-43.833072,-0.547913
173.9510,-16743,-43.833072,-0.547913
173.9610,-16743,-43.833072,-0.547913
173.9710,-16743,-43.833072,-0.547913
173.9810,-16743,-43.833072,-0.547913
173.9910,-16744,-43.835689,-0.547946
174.0010,-16744,-43.835689,-0.547946
174.0110,-16744,-43.835689,-0.547946
174.0210,-16744,-43.835689,-0.547946
174.0310,-16744,-43.835689,-0.547946
174.0410,-16744,-43.835689,-0.547946
174.0510,-16744,-43.835689,-0.547946
174.0610,-16744,-43.835689,-0.547946
174.0710,-16744,-43.835689,-0.547946
174.0810,-16744,-43.835689,-0.547946
174.0910,-16744,-43.835689,-0.547946
174.1010,-16744,-43.835689,-0.547946
174.1110,-16744,-43.835689,-0.547946
174.1210,-16745,-43.838306,-0.547979
174.1310,-16745,-43.838306,-0.547979
174.1410,-16745,-43.838306,-0.547979
174.1510,-16745,-43.838306,-0.547979
174.1610,-16745,-43.838306,-0.547979
174.1720,-16745,-43.838306,-0.547979
174.1810,-16745,-43.838306,-0.547979
174.1910,-16745,-43.838306,-0.547979
174.2010,-16746,-43.840927,-0.548012
174.2110,-16746,-43.840927,-0.548012
174.2210,-16746,-43.840927,-0.548012
174.2310,-16746,-43.840927,-0.548012
174.2410,-16746,-43.840927,-0.548012
174.2510,-16746,-43.840927,-0.548012
174.2610,-16746,-43.840927,-0.548012
174.2710,-16746,-43.840927,-0.548012
174.2810,-16747,-43.843544,-0.548044
174.2910,-16747,-43.843544,-0.548044
174.3010,-16747,-43.843544,-0.548044
174.3110,-16747,-43.843544,-0.548044
174.3210,-16747,-43.843544,-0.548044
174.3310,-16747,-43.843544,-0.548044
174.3410,-16747,-43.843544,-0.548044
174.3510,-16747,-43.843544,-0.548044
174.3610,-16748,-43.846164,-0.548077
174.3710,-16748,-43.846164,-0.548077
174.3810,-16748,-43.846164,-0.548077
174.3910,-16748,-43.846164,-0.548077
174.4010,-16748,-43.846164,-0.548077
174.4110,-16748,-43.846164,-0.548077
174.4210,-16748,-43.846164,-0.548077
174.4310,-16749,-43.848781,-0.548110
174.4410,-16749,-43.848781,-0.548110
174.4510,-16749,-43.848781,-0.548110
174.4610,-16749,-43.848781,-0.548110
174.4710,-16749,-43.848781,-0.548110
174.4810,-16749,-43.848781,-0.548110
174.4910,-16749,-43.848781,-0.548110
174.5010,-16749,-43.848781,-0.548110
174.5110,-16750,-43.851398,-0.548142
174.5210,-16750,-43.851398,-0.548142
174.5310,-16750,-43.851398,-0.548142
174.5410,-16750,-43.851398,-0.548142
174.5510,-16750,-43.851398,-0.548142
174.5610,-16750,-43.851398,-0.548142
174.5710,-16751,-43.854015,-0.548175
174.5810,-16751,-43.854015,-0.548175
174.5910,-16751,-43.854015,-0.548175
174.6010,-16751,-43.854015,-0.548175
174.6110,-16751,-43.854015,-0.548175
174.6210,-16751,-43.854015,-0.548175
174.6310,-16751,-43.854015,-0.548175
174.6410,-16751,-43.854015,-0.548175
174.6510,-16751,-43.854015,-0.548175
174.6610,-16751,-43.854015,-0.548175
174.6710,-16751,-43.854015,-0.548175
174.6810,-16751,-43.854015,-0.548175
174.6910,-16752,-43.856636,-0.548208
174.7010,-16752,-43.856636,-0.548208
174.7110,-16752,-43.856636,-0.548208
174.7210,-16752,-43.856636,-0.548208
174.7310,-16752,-43.856636,-0.548208
174.7410,-16752,-43.856636,-0.548208
174.7510,-16752,-43.856636,-0.548208
174.7610,-16752,-43.856636,-0.548208
174.7710,-16752,-43.856636,-0.548208
174.7810,-16752,-43.856636,-0.548208
174.7910,-16752,-43.856636,-0.548208
174.8010,-16752,-43.856636,-0.548208
174.8120,-16752,-43.856636,-0.548208
174.8210,-16753,-43.859252,-0.548241
174.8310,-16753,-43.859252,-0.548241
174.8410,-16753,-43.859252,-0.548241
174.8510,-16753,-43.859252,-0.548241
174.8610,-16753,-43.859252,-0.548241
174.8710,-16753,-43.859252,-0.548241
174.8810,-16753,-43.859252,-0.548241
174.8910,-16753,-43.859252,-0.548241
174.9010,-16753,-43.859252,-0.548241
174.9110,-16753,-43.859252,-0.548241
174.9210,-16753,-43.859252,-0.548241
174.9310,-16754,-43.861873,-0.548273
174.9410,-16754,-43.861873,-0.548273
174.9510,-16754,-43.861873,-0.548273
174.9610,-16754,-43.861873,-0.548273
174.9710,-16754,-43.861873,-0.548273
174.9810,-16754,-43.861873,-0.548273
174.9910,-16754,-43.861873,-0.548273
175.0010,-16754,-43.861873,-0.548273
175.0110,-16754,-43.861873,-0.548273
175.0210,-16754,-43.861873,-0.548273
175.0310,-16755,-43.864486,-0.548306
175.0410,-16755,-43.864486,-0.548306
175.0510,-16755,-43.864486,-0.548306
175.0610,-16755,-43.864486,-0.548306
175.0710,-16755,-43.864486,-0.548306
175.0810,-16755,-43.864486,-0.548306
175.0910,-16755,-43.864486,-0.548306
175.1010,-16755,-43.864486,-0.548306
175.1110,-16755,-43.864486,-0.548306
175.1210,-16755,-43.864486,-0.548306
175.1310,-16756,-43.867107,-0.548339
175.1410,-16756,-43.867107,-0.548339
175.1510,-16756,-43.867107,-0.548339
175.1610,-16756,-43.867107,-0.548339
175.1710,-16756,-43.867107,-0.548339
175.1810,-16756,-43.867107,-0.548339
175.1910,-16756,-43.867107,-0.548339
175.2010,-16756,-43.867107,-0.548339
175.2110,-16756,-43.867107,-0.548339
175.2210,-16756,-43.867107,-0.548339
175.2310,-16756,-43.867107,-0.548339
175.2410,-16756,-43.867107,-0.548339
175.2510,-16756,-43.867107,-0.548339
175.2610,-16756,-43.867107,-0.548339
175.2710,-16756,-43.867107,-0.548339
175.2810,-16756,-43.867107,-0.548339
175.2910,-16756,-43.867107,-0.548339
175.3010,-16756,-43.867107,-0.548339
175.3110,-16757,-43.869724,-0.548372
175.3210,-16757,-43.869724,-0.548372
175.3310,-16757,-43.869724,-0.548372
175.3410,-16757,-43.869724,-0.548372
175.3510,-16757,-43.869724,-0.548372
175.3610,-16757,-43.869724,-0.548372
175.3710,-16757,-43.869724,-0.548372
175.3810,-16757,-43.869724,-0.548372
175.3910,-16757,-43.869724,-0.548372
175.4010,-16757,-43.869724,-0.548372
175.4110,-16757,-43.869724,-0.548372
175.4210,-16757,-43.869724,-0.548372
175.4310,-16757,-43.869724,-0.548372
175.4410,-16757,-43.869724,-0.548372
175.4520,-16757,-43.869724,-0.548372
175.4610,-16757,-43.869724,-0.548372
175.4710,-16757,-43.869724,-0.548372
175.4810,-16757,-43.869724,-0.548372
175.4910,-16757,-43.869724,-0.548372
175.5010,-16757,-43.869724,-0.548372
175.5110,-16758,-43.872344,-0.548404
175.5210,-16758,-43.872344,-0.548404
175.5310,-16758,-43.872344,-0.548404
175.5410,-16758,-43.872344,-0.548404
175.5510,-16758,-43.872344,-0.548404
175.5610,-16758,-43.872344,-0.548404
175.5710,-16758,-43.872344,-0.548404
175.5810,-16758,-43.872344,-0.548404
175.5910,-16758,-43.872344,-0.548404
175.6010,-16758,-43.872344,-0.548404
175.6110,-16758,-43.872344,-0.548404
175.6210,-16758,-43.872344,-0.548404
175.6310,-16758,-43.872344,-0.548404
175.6410,-16758,-43.872344,-0.548404
175.6510,-16758,-43.872344,-0.548404
175.6610,-16758,-43.872344,-0.548404
175.6710,-16758,-43.872344,-0.548404
175.6810,-16758,-43.872344,-0.548404
175.6910,-16758,-43.872344,-0.548404
175.7010,-16758,-43.872344,-0.548404
175.7110,-16758,-43.872344,-0.548404
175.7210,-16758,-43.872344,-0.548404
175.7310,-16758,-43.872344,-0.548404
175.7410,-16758,-43.872344,-0.548404
175.7510,-16758,-43.872344,-0.548404
175.7610,-16759,-43.874961,-0.548437
175.7710,-16759,-43.874961,-0.548437
175.7810,-16759,-43.874961,-0.548437
175.7910,-16759,-43.874961,-0.548437
175.8010,-16759,-43.874961,-0.548437
175.8110,-16759,-43.874961,-0.548437
175.8210,-16759,-43.874961,-0.548437
175.8310,-16759,-43.874961,-0.548437
175.8410,-16759,-43.874961,-0.548437
175.8510,-16759,-43.874961,-0.548437
175.8610,-16759,-43.874961,-0.548437
175.8710,-16759,-43.874961,-0.548437
175.8810,-16759,-43.874961,-0.548437
175.8910,-16759,-43.874961,-0.548437
175.9010,-16759,-43.874961,-0.548437
175.9110,-16759,-43.874961,-0.548437
175.9210,-16759,-43.874961,-0.548437
175.9310,-16759,-43.874961,-0.548437
175.9410,-16760,-43.877578,-0.548470
175.9510,-16760,-43.877578,-0.548470
175.9610,-16760,-43.877578,-0.548470
175.9710,-16760,-43.877578,-0.548470
175.9810,-16760,-43.877578,-0.548470
175.9910,-16760,-43.877578,-0.548470
176.0010,-16760,-43.877578,-0.548470
176.0110,-16760,-43.877578,-0.548470
176.0210,-16760,-43.877578,-0.548470
176.0310,-16760,-43.877578,-0.548470
176.0410,-16760,-43.877578,-0.548470
176.0510,-16760,-43.877578,-0.548470
176.0610,-16760,-43.877578,-0.548470
176.0710,-16760,-43.877578,-0.548470
176.0810,-16760,-43.877578,-0.548470
176.0920,-16760,-43.877578,-0.548470
176.1010,-16760,-43.877578,-0.548470
176.1110,-16760,-43.877578,-0.548470
176.1210,-16760,-43.877578,-0.548470
176.1310,-16760,-43.877578,-0.548470
176.1410,-16761,-43.880195,-0.548502
176.1510,-16761,-43.880195,-0.548502
176.1610,-16761,-43.880195,-0.548502
176.1710,-16761,-43.880195,-0.548502
176.1810,-16761,-43.880195,-0.548502
176.1910,-16761,-43.880195,-0.548502
176.2010,-16761,-43.880195,-0.548502
176.2110,-16761,-43.880195,-0.548502
176.2210,-16761,-43.880195,-0.548502
176.2310,-16761,-43.880195,-0.548502
176.2410,-16761,-43.880195,-0.548502
176.2510,-16761,-43.880195,-0.548502
176.2610,-16761,-43.880195,-0.548502
176.2710,-16761,-43.880195,-0.548502
176.2810,-16761,-43.880195,-0.548502
176.2910,-16761,-43.880195,-0.548502
176.3010,-16761,-43.880195,-0.548502
176.3110,-16761,-43.880195,-0.548502
176.3210,-16761,-43.880195,-0.548502
176.3310,-16761,-43.880195,-0.548502
176.3410,-16761,-43.880195,-0.548502
176.3510,-16761,-43.880195,-0.548502
176.3610,-16761,-43.880195,-0.548502
176.3710,-16761,-43.880195,-0.548502
176.3810,-16761,-43.880195,-0.548502
176.3910,-16761,-43.880195,-0.548502
176.4010,-16761,-43.880195,-0.548502
176.4110,-16761,-43.880195,-0.548502
176.4210,-16762,-43.882812,-0.548535
176.4310,-16762,-43.882812,-0.548535
176.4410,-16762,-43.882812,-0.548535
176.4510,-16762,-43.882812,-0.548535
176.4610,-16762,-43.882812,-0.548535
176.4710,-16762,-43.882812,-0.548535
176.4810,-16762,-43.882812,-0.548535
176.4910,-16762,-43.882812,-0.548535
176.5010,-16762,-43.882812,-0.548535
176.5110,-16762,-43.882812,-0.548535
176.5210,-16762,-43.882812,-0.548535
176.5310,-16762,-43.882812,-0.548535
176.5410,-16762,-43.882812,-0.548535
176.5510,-16762,-43.882812,-0.548535
176.5610,-16762,-43.882812,-0.548535
176.5710,-16762,-43.882812,-0.548535
176.5810,-16762,-43.882812,-0.548535
176.5910,-16762,-43.882812,-0.548535
176.6010,-16762,-43.882812,-0.548535
176.6110,-16762,-43.882812,-0.548535
176.6210,-16762,-43.882812,-0.548535
176.6310,-16762,-43.882812,-0.548535
176.6410,-16762,-43.882812,-0.548535
176.6510,-16762,-43.882812,-0.548535
176.6610,-16762,-43.882812,-0.548535
176.6710,-16762,-43.882812,-0.548535
176.6810,-16762,-43.882812,-0.548535
176.6910,-16763,-43.885433,-0.548568
176.7010,-16763,-43.885433,-0.548568
176.7110,-16763,-43.885433,-0.548568
176.7210,-16763,-43.885433,-0.548568
176.7320,-16763,-43.885433,-0.548568
176.7410,-16763,-43.885433,-0.548568
176.7510,-16763,-43.885433,-0.548568
176.7610,-16763,-43.885433,-0.548568
176.7710,-16763,-43.885433,-0.548568
176.7810,-16763,-43.885433,-0.548568
176.7910,-16763,-43.885433,-0.548568
176.8010,-16763,-43.885433,-0.548568
176.8110,-16763,-43.885433,-0.548568
176.8210,-16763,-43.885433,-0.548568
176.8310,-16763,-43.885433,-0.548568
176.8410,-16763,-43.885433,-0.548568
176.8510,-16763,-43.885433,-0.548568
176.8610,-16763,-43.885433,-0.548568
176.8710,-16763,-43.885433,-0.548568
176.8810,-16763,-43.885433,-0.548568
176.8910,-16763,-43.885433,-0.548568
176.9010,-16763,-43.885433,-0.548568
176.9110,-16764,-43.888050,-0.548601
176.9210,-16764,-43.888050,-0.548601
176.9310,-16764,-43.888050,-0.548601
176.9410,-16764,-43.888050,-0.548601
176.9510,-16764,-43.888050,-0.548601
176.9610,-16764,-43.888050,-0.548601
176.9710,-16764,-43.888050,-0.548601
176.9810,-16764,-43.888050,-0.548601
176.9910,-16764,-43.888050,-0.548601
177.0010,-16764,-43.888050,-0.548601
177.0110,-16764,-43.888050,-0.548601
177.0210,-16764,-43.888050,-0.548601
177.0310,-16764,-43.888050,-0.548601
177.0410,-16764,-43.888050,-0.548601
177.0510,-16764,-43.888050,-0.548601
177.0610,-16764,-43.888050,-0.548601
177.0710,-16764,-43.888050,-0.548601
177.0810,-16764,-43.888050,-0.548601
177.0910,-16764,-43.888050,-0.548601
177.1010,-16764,-43.888050,-0.548601
177.1110,-16764,-43.888050,-0.548601
177.1210,-16764,-43.888050,-0.548601
177.1310,-16764,-43.888050,-0.548601
177.1410,-16764,-43.888050,-0.548601
177.1510,-16764,-43.888050,-0.548601
177.1610,-16764,-43.888050,-0.548601
177.1710,-16765,-43.890670,-0.548633
177.1810,-16765,-43.890670,-0.548633
177.1910,-16765,-43.890670,-0.548633
177.2010,-16765,-43.890670,-0.548633
177.2110,-16765,-43.890670,-0.548633
177.2210,-16765,-43.890670,-0.548633
177.2310,-16765,-43.890670,-0.548633
177.2410,-16765,-43.890670,-0.548633
177.2510,-16765,-43.890670,-0.548633
177.2610,-16765,-43.890670,-0.548633
177.2710,-16765,-43.890670,-0.548633
177.2810,-16765,-43.890670,-0.548633
177.2910,-16765,-43.890670,-0.548633
177.3010,-16765,-43.890670,-0.548633
177.3110,-16765,-43.890670,-0.548633
177.3210,-16765,-43.890670,-0.548633
177.3310,-16765,-43.890670,-0.548633
177.3410,-16765,-43.890670,-0.548633
177.3510,-16766,-43.893283,-0.548666
177.3610,-16766,-43.893283,-0.548666
177.3720,-16766,-43.893283,-0.548666
177.3810,-16766,-43.893283,-0.548666
177.3910,-16766,-43.893283,-0.548666
177.4010,-16766,-43.893283,-0.548666
177.4110,-16766,-43.893283,-0.548666
177.4210,-16766,-43.893283,-0.548666
177.4310,-16766,-43.893283,-0.548666
177.4410,-16766,-43.893283,-0.548666
177.4510,-16766,-43.893283,-0.548666
177.4610,-16766,-43.893283,-0.548666
177.4710,-16766,-43.893283,-0.548666
177.4810,-16766,-43.893283,-0.548666
177.4910,-16766,-43.893283,-0.548666
177.5010,-16766,-43.893283,-0.548666
177.5110,-16766,-43.893283,-0.548666
177.5210,-16766,-43.893283,-0.548666
177.5310,-16766,-43.893283,-0.548666
177.5410,-16766,-43.893283,-0.548666
177.5510,-16766,-43.893283,-0.548666
177.5610,-16766,-43.893283,-0.548666
177.5710,-16766,-43.893283,-0.548666
177.5810,-16766,-43.893283,-0.548666
177.5910,-16766,-43.893283,-0.548666
177.6010,-16766,-43.893283,-0.548666
177.6110,-16766,-43.893283,-0.548666
177.6210,-16767,-43.895904,-0.548699
177.6310,-16767,-43.895904,-0.548699
177.6410,-16767,-43.895904,-0.548699
177.6510,-16767,-43.895904,-0.548699
177.6610,-16767,-43.895904,-0.548699
177.6710,-16767,-43.895904,-0.548699
177.6810,-16767,-43.895904,-0.548699
177.6910,-16767,-43.895904,-0.548699
177.7010,-16767,-43.895904,-0.548699
177.7110,-16767,-43.895904,-0.548699
177.7210,-16767,-43.895904,-0.548699
177.7310,-16767,-43.895904,-0.548699
177.7410,-16767,-43.895904,-0.548699
177.7510,-16767,-43.895904,-0.548699
177.7610,-16767,-43.895904,-0.548699
177.7710,-16767,-43.895904,-0.548699
177.7810,-16767,-43.895904,-0.548699
177.7910,-16767,-43.895904,-0.548699
177.8010,-16767,-43.895904,-0.548699
177.8110,-16767,-43.895904,-0.548699
177.8210,-16767,-43.895904,-0.548699
177.8310,-16767,-43.895904,-0.548699
177.8410,-16767,-43.895904,-0.548699
177.8510,-16767,-43.895904,-0.548699
177.8610,-16767,-43.895904,-0.548699
177.8710,-16767,-43.895904,-0.548699
177.8810,-16767,-43.895904,-0.548699
177.8910,-16767,-43.895904,-0.548699
177.9010,-16767,-43.895904,-0.548699
177.9110,-16767,-43.895904,-0.548699
177.9210,-16767,-43.895904,-0.548699
177.9310,-16767,-43.895904,-0.548699
177.9410,-16768,-43.898521,-0.548731
177.9510,-16768,-43.898521,-0.548731
177.9610,-16768,-43.898521,-0.548731
177.9710,-16768,-43.898521,-0.548731
177.9810,-16768,-43.898521,-0.548731
177.9910,-16768,-43.898521,-0.548731
178.0010,-16768,-43.898521,-0.548731
178.0120,-16768,-43.898521,-0.548731
178.0210,-16768,-43.898521,-0.548731
178.0310,-16768,-43.898521,-0.548731
178.0410,-16768,-43.898521,-0.548731
178.0510,-16768,-43.898521,-0.548731
178.0610,-16768,-43.898521,-0.548731
178.0710,-16768,-43.898521,-0.548731
178.0810,-16768,-43.898521,-0.548731
178.0910,-16768,-43.898521,-0.548731
178.1010,-16768,-43.898521,-0.548731
178.1110,-16768,-43.898521,-0.548731
178.1210,-16768,-43.898521,-0.548731
178.1310,-16768,-43.898521,-0.548731
178.1410,-16768,-43.898521,-0.548731
178.1510,-16768,-43.898521,-0.548731
178.1610,-16768,-43.898521,-0.548731
178.1710,-16768,-43.898521,-0.548731
178.1810,-16768,-43.898521,-0.548731
178.1910,-16768,-43.898521,-0.548731
178.2010,-16768,-43.898521,-0.548731
178.2110,-16768,-43.898521,-0.548731
178.2210,-16768,-43.898521,-0.548731
178.2310,-16768,-43.898521,-0.548731
178.2410,-16768,-43.898521,-0.548731
178.2510,-16768,-43.898521,-0.548731
178.2610,-16768,-43.898521,-0.548731
178.2710,-16768,-43.898521,-0.548731
178.2810,-16768,-43.898521,-0.548731
178.2910,-16768,-43.898521,-0.548731
178.3010,-16768,-43.898521,-0.548731
178.3110,-16768,-43.898521,-0.548731
178.3210,-16768,-43.898521,-0.548731
178.3310,-16768,-43.898521,-0.548731
178.3410,-16768,-43.898521,-0.548731
178.3510,-16768,-43.898521,-0.548731
178.3610,-16769,-43.901142,-0.548764
178.3710,-16769,-43.901142,-0.548764
178.3810,-16769,-43.901142,-0.548764
178.3910,-16769,-43.901142,-0.548764
178.4010,-16769,-43.901142,-0.548764
178.4110,-16769,-43.901142,-0.548764
178.4210,-16769,-43.901142,-0.548764
178.4310,-16769,-43.901142,-0.548764
178.4410,-16769,-43.901142,-0.548764
178.4510,-16769,-43.901142,-0.548764
178.4610,-16769,-43.901142,-0.548764
178.4710,-16769,-43.901142,-0.548764
178.4810,-16769,-43.901142,-0.548764
178.4910,-16769,-43.901142,-0.548764
178.5010,-16769,-43.901142,-0.548764
178.5110,-16769,-43.901142,-0.548764
178.5210,-16769,-43.901142,-0.548764
178.5310,-16769,-43.901142,-0.548764
178.5410,-16769,-43.901142,-0.548764
178.5510,-16769,-43.901142,-0.548764
178.5610,-16769,-43.901142,-0.548764
178.5710,-16769,-43.901142,-0.548764
178.5810,-16769,-43.901142,-0.548764
178.5910,-16769,-43.901142,-0.548764
178.6010,-16769,-43.901142,-0.548764
178.6110,-16769,-43.901142,-0.548764
178.6210,-16769,-43.901142,-0.548764
178.6310,-16769,-43.901142,-0.548764
178.6410,-16769,-43.901142,-0.548764
178.6520,-16769,-43.901142,-0.548764
178.6610,-16769,-43.901142,-0.548764
178.6710,-16769,-43.901142,-0.548764
178.6810,-16769,-43.901142,-0.548764
178.6910,-16769,-43.901142,-0.548764
178.7010,-16770,-43.903759,-0.548797
178.7110,-16770,-43.903759,-0.548797
178.7210,-16770,-43.903759,-0.548797
178.7310,-16770,-43.903759,-0.548797
178.7410,-16770,-43.903759,-0.548797
178.7510,-16770,-43.903759,-0.548797
178.7610,-16770,-43.903759,-0.548797
178.7710,-16770,-43.903759,-0.548797
178.7810,-16770,-43.903759,-0.548797
178.7910,-16770,-43.903759,-0.548797
178.8010,-16770,-43.903759,-0.548797
178.8110,-16770,-43.903759,-0.548797
178.8210,-16770,-43.903759,-0.548797
178.8310,-16770,-43.903759,-0.548797
178.8410,-16770,-43.903759,-0.548797
178.8510,-16770,-43.903759,-0.548797
178.8610,-16770,-43.903759,-0.548797
178.8710,-16770,-43.903759,-0.548797
178.8810,-16770,-43.903759,-0.548797
178.8910,-16770,-43.903759,-0.548797
178.9010,-16770,-43.903759,-0.548797
178.9110,-16770,-43.903759,-0.548797
178.9210,-16770,-43.903759,-0.548797
178.9310,-16770,-43.903759,-0.548797
178.9410,-16770,-43.903759,-0.548797
178.9510,-16770,-43.903759,-0.548797
178.9610,-16771,-43.906375,-0.548830
178.9710,-16771,-43.906375,-0.548830
178.9810,-16771,-43.906375,-0.548830
178.9910,-16771,-43.906375,-0.548830
179.0010,-16771,-43.906375,-0.548830
179.0110,-16771,-43.906375,-0.548830
179.0210,-16771,-43.906375,-0.548830
179.0310,-16771,-43.906375,-0.548830
179.0410,-16771,-43.906375,-0.548830
179.0510,-16771,-43.906375,-0.548830
179.0610,-16771,-43.906375,-0.548830
179.0710,-16771,-43.906375,-0.548830
179.0810,-16771,-43.906375,-0.548830
179.0910,-16771,-43.906375,-0.548830
179.1010,-16771,-43.906375,-0.548830
179.1110,-16771,-43.906375,-0.548830
179.1210,-16771,-43.906375,-0.548830
179.1310,-16771,-43.906375,-0.548830
179.1410,-16771,-43.906375,-0.548830
179.1510,-16771,-43.906375,-0.548830
179.1610,-16771,-43.906375,-0.548830
179.1710,-16771,-43.906375,-0.548830
179.1810,-16771,-43.906375,-0.548830
179.1910,-16771,-43.906375,-0.548830
179.2010,-16771,-43.906375,-0.548830
179.2110,-16771,-43.906375,-0.548830
179.2210,-16771,-43.906375,-0.548830
179.2310,-16771,-43.906375,-0.548830
179.2410,-16771,-43.906375,-0.548830
179.2510,-16771,-43.906375,-0.548830
179.2610,-16771,-43.906375,-0.548830
179.2710,-16771,-43.906375,-0.548830
179.2810,-16771,-43.906375,-0.548830
179.2920,-16771,-43.906375,-0.548830
179.3010,-16771,-43.906375,-0.548830
179.3110,-16771,-43.906375,-0.548830
179.3210,-16771,-43.906375,-0.548830
179.3310,-16772,-43.908992,-0.548862
179.3410,-16772,-43.908992,-0.548862
179.3510,-16772,-43.908992,-0.548862
179.3610,-16772,-43.908992,-0.548862
179.3710,-16772,-43.908992,-0.548862
179.3810,-16772,-43.908992,-0.548862
179.3910,-16772,-43.908992,-0.548862
179.4010,-16772,-43.908992,-0.548862
179.4110,-16772,-43.908992,-0.548862
179.4210,-16772,-43.908992,-0.548862
179.4310,-16772,-43.908992,-0.548862
179.4410,-16772,-43.908992,-0.548862
179.4510,-16772,-43.908992,-0.548862
179.4610,-16772,-43.908992,-0.548862
179.4710,-16772,-43.908992,-0.548862
179.4810,-16772,-43.908992,-0.548862
179.4910,-16772,-43.908992,-0.548862
179.5010,-16772,-43.908992,-0.548862
179.5110,-16772,-43.908992,-0.548862
179.5210,-16772,-43.908992,-0.548862
179.5310,-16772,-43.908992,-0.548862
179.5410,-16772,-43.908992,-0.548862
179.5510,-16772,-43.908992,-0.548862
179.5610,-16772,-43.908992,-0.548862
179.5710,-16772,-43.908992,-0.548862
179.5810,-16772,-43.908992,-0.548862
179.5910,-16772,-43.908992,-0.548862
179.6010,-16772,-43.908992,-0.548862
179.6110,-16772,-43.908992,-0.548862
179.6210,-16772,-43.908992,-0.548862
179.6310,-16772,-43.908992,-0.548862
179.6410,-16772,-43.908992,-0.548862
179.6510,-16772,-43.908992,-0.548862
179.6610,-16772,-43.908992,-0.548862
179.6710,-16772,-43.908992,-0.548862
179.6810,-16772,-43.908992,-0.548862
179.6910,-16772,-43.908992,-0.548862
179.7010,-16773,-43.911613,-0.548895
179.7110,-16773,-43.911613,-0.548895
179.7210,-16773,-43.911613,-0.548895
179.7310,-16773,-43.911613,-0.548895
179.7410,-16773,-43.911613,-0.548895
179.7510,-16773,-43.911613,-0.548895
179.7610,-16773,-43.911613,-0.548895
179.7710,-16773,-43.911613,-0.548895
179.7810,-16773,-43.911613,-0.548895
179.7910,-16773,-43.911613,-0.548895
179.8010,-16773,-43.911613,-0.548895
179.8110,-16773,-43.911613,-0.548895
179.8210,-16773,-43.911613,-0.548895
179.8310,-16773,-43.911613,-0.548895
179.8410,-16773,-43.911613,-0.548895
179.8510,-16773,-43.911613,-0.548895
179.8610,-16773,-43.911613,-0.548895
179.8710,-16773,-43.911613,-0.548895
179.8810,-16773,-43.911613,-0.548895
179.8910,-16773,-43.911613,-0.548895
179.9010,-16773,-43.911613,-0.548895
179.9110,-16773,-43.911613,-0.548895
179.9210,-16773,-43.911613,-0.548895
179.9320,-16773,-43.911613,-0.548895
179.9410,-16773,-43.911613,-0.548895
179.9510,-16773,-43.911613,-0.548895
179.9610,-16774,-43.914230,-0.548928
179.9710,-16774,-43.914230,-0.548928
179.9810,-16774,-43.914230,-0.548928
179.9910,-16774,-43.914230,-0.548928
180.0010,-16774,-43.914230,-0.548928
180.0110,-16774,-43.914230,-0.548928
180.0210,-16774,-43.914230,-0.548928
180.0310,-16774,-43.914230,-0.548928
180.0410,-16774,-43.914230,-0.548928
180.0510,-16774,-43.914230,-0.548928
180.0610,-16774,-43.914230,-0.548928
180.0710,-16774,-43.914230,-0.548928
180.0810,-16774,-43.914230,-0.548928
180.0910,-16774,-43.914230,-0.548928
180.1010,-16774,-43.914230,-0.548928
180.1110,-16774,-43.914230,-0.548928
180.1210,-16774,-43.914230,-0.548928
180.1310,-16774,-43.914230,-0.548928
180.1410,-16774,-43.914230,-0.548928
180.1510,-16774,-43.914230,-0.548928
180.1610,-16774,-43.914230,-0.548928
180.1710,-16774,-43.914230,-0.548928
180.1810,-16774,-43.914230,-0.548928
180.1910,-16774,-43.914230,-0.548928
180.2010,-16774,-43.914230,-0.548928
180.2110,-16774,-43.914230,-0.548928
180.2210,-16774,-43.914230,-0.548928
180.2310,-16774,-43.914230,-0.548928
180.2410,-16774,-43.914230,-0.548928
180.2510,-16774,-43.914230,-0.548928
180.2610,-16775,-43.916851,-0.548961
180.2710,-16775,-43.916851,-0.548961
180.2810,-16775,-43.916851,-0.548961
180.2910,-16775,-43.916851,-0.548961
180.3010,-16775,-43.916851,-0.548961
180.3110,-16775,-43.916851,-0.548961
180.3210,-16775,-43.916851,-0.548961
180.3310,-16775,-43.916851,-0.548961
180.3410,-16775,-43.916851,-0.548961
180.3510,-16775,-43.916851,-0.548961
180.3610,-16775,-43.916851,-0.548961
180.3710,-16775,-43.916851,-0.548961
180.3810,-16775,-43.916851,-0.548961
180.3910,-16775,-43.916851,-0.548961
180.4010,-16775,-43.916851,-0.548961
180.4110,-16775,-43.916851,-0.548961
180.4210,-16775,-43.916851,-0.548961
180.4310,-16775,-43.916851,-0.548961
180.4410,-16775,-43.916851,-0.548961
180.4510,-16775,-43.916851,-0.548961
180.4610,-16775,-43.916851,-0.548961
180.4710,-16775,-43.916851,-0.548961
180.4810,-16775,-43.916851,-0.548961
180.4910,-16775,-43.916851,-0.548961
180.5010,-16775,-43.916851,-0.548961
180.5110,-16775,-43.916851,-0.548961
180.5210,-16775,-43.916851,-0.548961
180.5310,-16775,-43.916851,-0.548961
180.5410,-16775,-43.916851,-0.548961
180.5510,-16775,-43.916851,-0.548961
180.5610,-16775,-43.916851,-0.548961
180.5720,-16775,-43.916851,-0.548961
180.5810,-16776,-43.919464,-0.548993
180.5910,-16776,-43.919464,-0.548993
180.6010,-16776,-43.919464,-0.548993
180.6110,-16776,-43.919464,-0.548993
180.6210,-16776,-43.919464,-0.548993
180.6310,-16776,-43.919464,-0.548993
180.6410,-16776,-43.919464,-0.548993
180.6510,-16776,-43.919464,-0.548993
180.6610,-16776,-43.919464,-0.548993
180.6710,-16776,-43.919464,-0.548993
180.6810,-16776,-43.919464,-0.548993
180.6910,-16776,-43.919464,-0.548993
180.7010,-16776,-43.919464,-0.548993
180.7110,-16776,-43.919464,-0.548993
180.7210,-16776,-43.919464,-0.548993
180.7310,-16776,-43.919464,-0.548993
180.7410,-16776,-43.919464,-0.548993
180.7510,-16776,-43.919464,-0.548993
180.7610,-16776,-43.919464,-0.548993
180.7710,-16776,-43.919464,-0.548993
180.7810,-16776,-43.919464,-0.548993
180.7910,-16776,-43.919464,-0.548993
180.8010,-16776,-43.919464,-0.548993
180.8110,-16776,-43.919464,-0.548993
180.8210,-16776,-43.919464,-0.548993
180.8310,-16776,-43.919464,-0.548993
180.8410,-16776,-43.919464,-0.548993
180.8510,-16776,-43.919464,-0.548993
180.8610,-16776,-43.919464,-0.548993
180.8710,-16776,-43.919464,-0.548993
180.8810,-16776,-43.919464,-0.548993
180.8910,-16776,-43.919464,-0.548993
180.9010,-16776,-43.919464,-0.548993
180.9110,-16776,-43.919464,-0.548993
180.9210,-16776,-43.919464,-0.548993
180.9310,-16776,-43.919464,-0.548993
180.9410,-16776,-43.919464,-0.548993
180.9510,-16776,-43.919464,-0.548993
180.9610,-16776,-43.919464,-0.548993
180.9710,-16776,-43.919464,-0.548993
180.9810,-16776,-43.919464,-0.548993
180.9910,-16776,-43.919464,-0.548993
181.0010,-16776,-43.919464,-0.548993
181.0110,-16776,-43.919464,-0.548993
181.0210,-16776,-43.919464,-0.548993
181.0310,-16776,-43.919464,-0.548993
181.0410,-16777,-43.922084,-0.549026
181.0510,-16777,-43.922084,-0.549026
181.0610,-16777,-43.922084,-0.549026
181.0710,-16777,-43.922084,-0.549026
181.0810,-16777,-43.922084,-0.549026
181.0910,-16777,-43.922084,-0.549026
181.1010,-16777,-43.922084,-0.549026
181.1110,-16777,-43.922084,-0.549026
181.1210,-16777,-43.922084,-0.549026
181.1310,-16777,-43.922084,-0.549026
181.1410,-16777,-43.922084,-0.549026
181.1510,-16777,-43.922084,-0.549026
181.1610,-16777,-43.922084,-0.549026
181.1710,-16777,-43.922084,-0.549026
181.1810,-16777,-43.922084,-0.549026
181.1910,-16777,-43.922084,-0.549026
181.2010,-16777,-43.922084,-0.549026
181.2120,-16777,-43.922084,-0.549026
181.2210,-16777,-43.922084,-0.549026
181.2310,-16777,-43.922084,-0.549026
181.2410,-16777,-43.922084,-0.549026
181.2510,-16777,-43.922084,-0.549026
181.2610,-16777,-43.922084,-0.549026
181.2710,-16777,-43.922084,-0.549026
181.2810,-16777,-43.922084,-0.549026
181.2910,-16777,-43.922084,-0.549026
181.3010,-16777,-43.922084,-0.549026
181.3110,-16777,-43.922084,-0.549026
181.3210,-16777,-43.922084,-0.549026
181.3310,-16777,-43.922084,-0.549026
181.3410,-16777,-43.922084,-0.549026
181.3510,-16777,-43.922084,-0.549026
181.3610,-16777,-43.922084,-0.549026
181.3710,-16778,-43.924701,-0.549059
181.3810,-16778,-43.924701,-0.549059
181.3910,-16778,-43.924701,-0.549059
181.4010,-16778,-43.924701,-0.549059
181.4110,-16778,-43.924701,-0.549059
181.4210,-16778,-43.924701,-0.549059
181.4310,-16778,-43.924701,-0.549059
181.4410,-16778,-43.924701,-0.549059
181.4510,-16778,-43.924701,-0.549059
181.4610,-16778,-43.924701,-0.549059
181.4710,-16778,-43.924701,-0.549059
181.4810,-16778,-43.924701,-0.549059
181.4910,-16778,-43.924701,-0.549059
181.5010,-16778,-43.924701,-0.549059
181.5110,-16778,-43.924701,-0.549059
181.5210,-16778,-43.924701,-0.549059
181.5310,-16778,-43.924701,-0.549059
181.5410,-16778,-43.924701,-0.549059
181.5510,-16778,-43.924701,-0.549059
181.5610,-16778,-43.924701,-0.549059
181.5710,-16778,-43.924701,-0.549059
181.5810,-16778,-43.924701,-0.549059
181.5910,-16778,-43.924701,-0.549059
181.6010,-16778,-43.924701,-0.549059
181.6110,-16778,-43.924701,-0.549059
181.6210,-16778,-43.924701,-0.549059
181.6310,-16778,-43.924701,-0.549059
181.6410,-16778,-43.924701,-0.549059
181.6510,-16778,-43.924701,-0.549059
181.6610,-16778,-43.924701,-0.549059
181.6710,-16778,-43.924701,-0.549059
181.6810,-16778,-43.924701,-0.549059
181.6910,-16778,-43.924701,-0.549059
181.7010,-16778,-43.924701,-0.549059
181.7110,-16778,-43.924701,-0.549059
181.7210,-16778,-43.924701,-0.549059
181.7310,-16778,-43.924701,-0.549059
181.7410,-16778,-43.924701,-0.549059
181.7510,-16778,-43.924701,-0.549059
181.7610,-16778,-43.924701,-0.549059
181.7710,-16779,-43.927322,-0.549092
181.7810,-16779,-43.927322,-0.549092
181.7910,-16779,-43.927322,-0.549092
181.8010,-16779,-43.927322,-0.549092
181.8110,-16779,-43.927322,-0.549092
181.8210,-16779,-43.927322,-0.549092
181.8310,-16779,-43.927322,-0.549092
181.8410,-16779,-43.927322,-0.549092
181.8520,-16779,-43.927322,-0.549092
181.8610,-16779,-43.927322,-0.549092
181.8710,-16779,-43.927322,-0.549092
181.8810,-16779,-43.927322,-0.549092
181.8910,-16779,-43.927322,-0.549092
181.9010,-16779,-43.927322,-0.549092
181.9110,-16779,-43.927322,-0.549092
181.9210,-16779,-43.927322,-0.549092
181.9310,-16779,-43.927322,-0.549092
181.9410,-16779,-43.927322,-0.549092
181.9510,-16779,-43.927322,-0.549092
181.9610,-16779,-43.927322,-0.549092
181.9710,-16779,-43.927322,-0.549092
181.9810,-16779,-43.927322,-0.549092
181.9910,-16779,-43.927322,-0.549092
182.0010,-16779,-43.927322,-0.549092
182.0110,-16779,-43.927322,-0.549092
182.0210,-16779,-43.927322,-0.549092
182.0310,-16780,-43.929939,-0.549124
182.0410,-16780,-43.929939,-0.549124
182.0510,-16780,-43.929939,-0.549124
182.0610,-16780,-43.929939,-0.549124
182.0710,-16780,-43.929939,-0.549124
182.0810,-16780,-43.929939,-0.549124
182.0910,-16780,-43.929939,-0.549124
182.1010,-16780,-43.929939,-0.549124
182.1110,-16780,-43.929939,-0.549124
182.1210,-16780,-43.929939,-0.549124
182.1310,-16780,-43.929939,-0.549124
182.1410,-16780,-43.929939,-0.549124
182.1510,-16780,-43.929939,-0.549124
182.1610,-16780,-43.929939,-0.549124
182.1710,-16780,-43.929939,-0.549124
182.1810,-16780,-43.929939,-0.549124
182.1910,-16780,-43.929939,-0.549124
182.2010,-16780,-43.929939,-0.549124
182.2110,-16780,-43.929939,-0.549124
182.2210,-16780,-43.929939,-0.549124
182.2310,-16780,-43.929939,-0.549124
182.2410,-16780,-43.929939,-0.549124
182.2510,-16780,-43.929939,-0.549124
182.2610,-16780,-43.929939,-0.549124
182.2710,-16780,-43.929939,-0.549124
182.2810,-16780,-43.929939,-0.549124
182.2910,-16780,-43.929939,-0.549124
182.3010,-16780,-43.929939,-0.549124
182.3110,-16780,-43.929939,-0.549124
182.3210,-16780,-43.929939,-0.549124
182.3310,-16780,-43.929939,-0.549124
182.3410,-16780,-43.929939,-0.549124
182.3510,-16780,-43.929939,-0.549124
182.3610,-16780,-43.929939,-0.549124
182.3710,-16780,-43.929939,-0.549124
182.3810,-16780,-43.929939,-0.549124
182.3910,-16781,-43.932556,-0.549157
182.4010,-16781,-43.932556,-0.549157
182.4110,-16781,-43.932556,-0.549157
182.4210,-16781,-43.932556,-0.549157
182.4310,-16781,-43.932556,-0.549157
182.4410,-16781,-43.932556,-0.549157
182.4510,-16781,-43.932556,-0.549157
182.4610,-16781,-43.932556,-0.549157
182.4710,-16781,-43.932556,-0.549157
182.4810,-16781,-43.932556,-0.549157
182.4920,-16781,-43.932556,-0.549157
182.5010,-16781,-43.932556,-0.549157
182.5110,-16781,-43.932556,-0.549157
182.5210,-16781,-43.932556,-0.549157
182.5310,-16781,-43.932556,-0.549157
182.5410,-16781,-43.932556,-0.549157
182.5510,-16781,-43.932556,-0.549157
182.5610,-16781,-43.932556,-0.549157
182.5710,-16781,-43.932556,-0.549157
182.5810,-16781,-43.932556,-0.549157
182.5910,-16781,-43.932556,-0.549157
182.6010,-16781,-43.932556,-0.549157
182.6110,-16781,-43.932556,-0.549157
182.6210,-16781,-43.932556,-0.549157
182.6310,-16781,-43.932556,-0.549157
182.6410,-16781,-43.932556,-0.549157
182.6510,-16781,-43.932556,-0.549157
182.6610,-16782,-43.935173,-0.549190
182.6710,-16782,-43.935173,-0.549190
182.6810,-16782,-43.935173,-0.549190
182.6910,-16782,-43.935173,-0.549190
182.7010,-16782,-43.935173,-0.549190
182.7110,-16782,-43.935173,-0.549190
182.7210,-16782,-43.935173,-0.549190
182.7310,-16782,-43.935173,-0.549190
182.7410,-16782,-43.935173,-0.549190
182.7510,-16782,-43.935173,-0.549190
182.7610,-16782,-43.935173,-0.549190
182.7710,-16782,-43.935173,-0.549190
182.7810,-16782,-43.935173,-0.549190
182.7910,-16782,-43.935173,-0.549190
182.8010,-16782,-43.935173,-0.549190
182.8110,-16782,-43.935173,-0.549190
182.8210,-16782,-43.935173,-0.549190
182.8310,-16782,-43.935173,-0.549190
182.8410,-16782,-43.935173,-0.549190
182.8510,-16782,-43.935173,-0.549190
182.8610,-16782,-43.935173,-0.549190
182.8710,-16782,-43.935173,-0.549190
182.8810,-16782,-43.935173,-0.549190
182.8910,-16782,-43.935173,-0.549190
182.9010,-16782,-43.935173,-0.549190
182.9110,-16782,-43.935173,-0.549190
182.9210,-16782,-43.935173,-0.549190
182.9310,-16782,-43.935173,-0.549190
182.9410,-16782,-43.935173,-0.549190
182.9510,-16782,-43.935173,-0.549190
182.9610,-16782,-43.935173,-0.549190
182.9710,-16782,-43.935173,-0.549190
182.9810,-16782,-43.935173,-0.549190
182.9910,-16782,-43.935173,-0.549190
183.0010,-16782,-43.935173,-0.549190
183.0110,-16782,-43.935173,-0.549190
183.0210,-16782,-43.935173,-0.549190
183.0310,-16782,-43.935173,-0.549190
183.0410,-16783,-43.937793,-0.549222
183.0510,-16783,-43.937793,-0.549222
183.0610,-16783,-43.937793,-0.549222
183.0710,-16782,-43.935173,-0.549190
183.0810,-16783,-43.937793,-0.549222
183.0910,-16783,-43.937793,-0.549222
183.1010,-16783,-43.937793,-0.549222
183.1110,-16783,-43.937793,-0.549222
183.1210,-16783,-43.937793,-0.549222
183.1320,-16783,-43.937793,-0.549222
183.1410,-16783,-43.937793,-0.549222
183.1510,-16783,-43.937793,-0.549222
183.1610,-16783,-43.937793,-0.549222
183.1710,-16783,-43.937793,-0.549222
183.1810,-16783,-43.937793,-0.549222
183.1910,-16783,-43.937793,-0.549222
183.2010,-16783,-43.937793,-0.549222
183.2110,-16783,-43.937793,-0.549222
183.2210,-16783,-43.937793,-0.549222
183.2310,-16783,-43.937793,-0.549222
183.2410,-16783,-43.937793,-0.549222
183.2510,-16783,-43.937793,-0.549222
183.2610,-16783,-43.937793,-0.549222
183.2710,-16783,-43.937793,-0.549222
183.2810,-16783,-43.937793,-0.549222
183.2910,-16783,-43.937793,-0.549222
183.3010,-16783,-43.937793,-0.549222
183.3110,-16784,-43.940410,-0.549255
183.3210,-16784,-43.940410,-0.549255
183.3310,-16784,-43.940410,-0.549255
183.3410,-16784,-43.940410,-0.549255
183.3510,-16784,-43.940410,-0.549255
183.3610,-16784,-43.940410,-0.549255
183.3710,-16784,-43.940410,-0.549255
183.3810,-16784,-43.940410,-0.549255
183.3910,-16784,-43.940410,-0.549255
183.4010,-16784,-43.940410,-0.549255
183.4110,-16784,-43.940410,-0.549255
183.4210,-16784,-43.940410,-0.549255
183.4310,-16784,-43.940410,-0.549255
183.4410,-16784,-43.940410,-0.549255
183.4510,-16784,-43.940410,-0.549255
183.4610,-16784,-43.940410,-0.549255
183.4710,-16784,-43.940410,-0.549255
183.4810,-16784,-43.940410,-0.549255
183.4910,-16784,-43.940410,-0.549255
183.5010,-16784,-43.940410,-0.549255
183.5110,-16784,-43.940410,-0.549255
183.5210,-16784,-43.940410,-0.549255
183.5310,-16784,-43.940410,-0.549255
183.5410,-16784,-43.940410,-0.549255
183.5510,-16784,-43.940410,-0.549255
183.5610,-16785,-43.943027,-0.549288
183.5710,-16785,-43.943027,-0.549288
183.5810,-16785,-43.943027,-0.549288
183.5910,-16785,-43.943027,-0.549288
183.6010,-16785,-43.943027,-0.549288
183.6110,-16785,-43.943027,-0.549288
183.6210,-16785,-43.943027,-0.549288
183.6310,-16785,-43.943027,-0.549288
183.6410,-16785,-43.943027,-0.549288
183.6510,-16785,-43.943027,-0.549288
183.6610,-16785,-43.943027,-0.549288
183.6710,-16785,-43.943027,-0.549288
183.6810,-16785,-43.943027,-0.549288
183.6910,-16785,-43.943027,-0.549288
183.7010,-16786,-43.945648,-0.549321
183.7110,-16786,-43.945648,-0.549321
183.7210,-16786,-43.945648,-0.549321
183.7310,-16786,-43.945648,-0.549321
183.7410,-16786,-43.945648,-0.549321
183.7510,-16786,-43.945648,-0.549321
183.7610,-16786,-43.945648,-0.549321
183.7720,-16787,-43.948265,-0.549353
183.7810,-16787,-43.948265,-0.549353
183.7910,-16787,-43.948265,-0.549353
183.8010,-16787,-43.948265,-0.549353
183.8110,-16787,-43.948265,-0.549353
183.8210,-16787,-43.948265,-0.549353
183.8310,-16787,-43.948265,-0.549353
183.8410,-16788,-43.950881,-0.549386
183.8510,-16788,-43.950881,-0.549386
183.8610,-16788,-43.950881,-0.549386
183.8710,-16788,-43.950881,-0.549386
183.8810,-16788,-43.950881,-0.549386
183.8910,-16788,-43.950881,-0.549386
183.9010,-16788,-43.950881,-0.549386
183.9110,-16788,-43.950881,-0.549386
183.9210,-16788,-43.950881,-0.549386
183.9310,-16788,-43.950881,-0.549386
183.9410,-16788,-43.950881,-0.549386
183.9510,-16788,-43.950881,-0.549386
183.9610,-16788,-43.950881,-0.549386
183.9710,-16788,-43.950881,-0.549386
183.9810,-16788,-43.950881,-0.549386
183.9910,-16789,-43.953498,-0.549419
184.0010,-16789,-43.953498,-0.549419
184.0110,-16789,-43.953498,-0.549419
184.0210,-16789,-43.953498,-0.549419
184.0310,-16789,-43.953498,-0.549419
184.0410,-16789,-43.953498,-0.549419
184.0510,-16789,-43.953498,-0.549419
184.0610,-16789,-43.953498,-0.549419
184.0710,-16789,-43.953498,-0.549419
184.0810,-16789,-43.953498,-0.549419
184.0910,-16789,-43.953498,-0.549419
184.1010,-16789,-43.953498,-0.549419
184.1110,-16789,-43.953498,-0.549419
184.1210,-16789,-43.953498,-0.549419
184.1310,-16789,-43.953498,-0.549419
184.1410,-16790,-43.956119,-0.549452
184.1510,-16790,-43.956119,-0.549452
184.1610,-16790,-43.956119,-0.549452
184.1710,-16790,-43.956119,-0.549452
184.1810,-16790,-43.956119,-0.549452
184.1910,-16790,-43.956119,-0.549452
184.2010,-16790,-43.956119,-0.549452
184.2110,-16790,-43.956119,-0.549452
184.2210,-16790,-43.956119,-0.549452
184.2310,-16790,-43.956119,-0.549452
184.2410,-16790,-43.956119,-0.549452
184.2510,-16790,-43.956119,-0.549452
184.2610,-16790,-43.956119,-0.549452
184.2710,-16790,-43.956119,-0.549452
184.2810,-16790,-43.956119,-0.549452
184.2910,-16790,-43.956119,-0.549452
184.3010,-16790,-43.956119,-0.549452
184.3110,-16790,-43.956119,-0.549452
184.3210,-16790,-43.956119,-0.549452
184.3310,-16791,-43.958736,-0.549484
184.3410,-16791,-43.958736,-0.549484
184.3510,-16791,-43.958736,-0.549484
184.3610,-16791,-43.958736,-0.549484
184.3710,-16791,-43.958736,-0.549484
184.3810,-16791,-43.958736,-0.549484
184.3910,-16791,-43.958736,-0.549484
184.4010,-16791,-43.958736,-0.549484
184.4120,-16791,-43.958736,-0.549484
184.4210,-16791,-43.958736,-0.549484
184.4310,-16791,-43.958736,-0.549484
184.4410,-16791,-43.958736,-0.549484
184.4510,-16791,-43.958736,-0.549484
184.4610,-16791,-43.958736,-0.549484
184.4710,-16791,-43.958736,-0.549484
184.4810,-16791,-43.958736,-0.549484
184.4910,-16791,-43.958736,-0.549484
184.5010,-16791,-43.958736,-0.549484
184.5110,-16791,-43.958736,-0.549484
184.5210,-16791,-43.958736,-0.549484
184.5310,-16791,-43.958736,-0.549484
184.5410,-16791,-43.958736,-0.549484
184.5510,-16791,-43.958736,-0.549484
184.5610,-16792,-43.961353,-0.549517
184.5710,-16792,-43.961353,-0.549517
184.5810,-16792,-43.961353,-0.549517
184.5910,-16792,-43.961353,-0.549517
184.6010,-16792,-43.961353,-0.549517
184.6110,-16792,-43.961353,-0.549517
184.6210,-16792,-43.961353,-0.549517
184.6310,-16792,-43.961353,-0.549517
184.6410,-16792,-43.961353,-0.549517
184.6510,-16792,-43.961353,-0.549517
184.6610,-16792,-43.961353,-0.549517
184.6710,-16792,-43.961353,-0.549517
184.6810,-16792,-43.961353,-0.549517
184.6910,-16792,-43.961353,-0.549517
184.7010,-16792,-43.961353,-0.549517
184.7110,-16792,-43.961353,-0.549517
184.7210,-16792,-43.961353,-0.549517
184.7310,-16792,-43.961353,-0.549517
184.7410,-16792,-43.961353,-0.549517
184.7510,-16792,-43.961353,-0.549517
184.7610,-16792,-43.961353,-0.549517
184.7710,-16792,-43.961353,-0.549517
184.7810,-16792,-43.961353,-0.549517
184.7910,-16792,-43.961353,-0.549517
184.8010,-16792,-43.961353,-0.549517
184.8110,-16792,-43.961353,-0.549517
184.8210,-16792,-43.961353,-0.549517
184.8310,-16792,-43.961353,-0.549517
184.8410,-16792,-43.961353,-0.549517
184.8510,-16792,-43.961353,-0.549517
184.8610,-16792,-43.961353,-0.549517
184.8710,-16792,-43.961353,-0.549517
184.8810,-16793,-43.963970,-0.549550
184.8910,-16793,-43.963970,-0.549550
184.9010,-16793,-43.963970,-0.549550
184.9110,-16793,-43.963970,-0.549550
184.9210,-16793,-43.963970,-0.549550
184.9310,-16793,-43.963970,-0.549550
184.9410,-16793,-43.963970,-0.549550
184.9510,-16793,-43.963970,-0.549550
184.9610,-16793,-43.963970,-0.549550
184.9710,-16793,-43.963970,-0.549550
184.9810,-16793,-43.963970,-0.549550
184.9910,-16793,-43.963970,-0.549550
185.0010,-16793,-43.963970,-0.549550
185.0110,-16793,-43.963970,-0.549550
185.0210,-16793,-43.963970,-0.549550
185.0310,-16793,-43.963970,-0.549550
185.0410,-16793,-43.963970,-0.549550
185.0520,-16793,-43.963970,-0.549550
185.0610,-16793,-43.963970,-0.549550
185.0710,-16793,-43.963970,-0.549550
185.0810,-16793,-43.963970,-0.549550
185.0910,-16793,-43.963970,-0.549550
185.1010,-16793,-43.963970,-0.549550
185.1110,-16793,-43.963970,-0.549550
185.1210,-16793,-43.963970,-0.549550
185.1310,-16793,-43.963970,-0.549550
185.1410,-16793,-43.963970,-0.549550
185.1510,-16793,-43.963970,-0.549550
185.1610,-16794,-43.966590,-0.549582
185.1710,-16794,-43.966590,-0.549582
185.1810,-16794,-43.966590,-0.549582
185.1910,-16794,-43.966590,-0.549582
185.2010,-16794,-43.966590,-0.549582
185.2110,-16794,-43.966590,-0.549582
185.2210,-16794,-43.966590,-0.549582
185.2310,-16794,-43.966590,-0.549582
185.2410,-16794,-43.966590,-0.549582
185.2510,-16794,-43.966590,-0.549582
185.2610,-16794,-43.966590,-0.549582
185.2710,-16794,-43.966590,-0.549582
185.2810,-16794,-43.966590,-0.549582
185.2910,-16794,-43.966590,-0.549582
185.3010,-16794,-43.966590,-0.549582
185.3110,-16794,-43.966590,-0.549582
185.3210,-16794,-43.966590,-0.549582
185.3310,-16794,-43.966590,-0.549582
185.3410,-16794,-43.966590,-0.549582
185.3510,-16794,-43.966590,-0.549582
185.3610,-16794,-43.966590,-0.549582
185.3710,-16794,-43.966590,-0.549582
185.3810,-16794,-43.966590,-0.549582
185.3910,-16794,-43.966590,-0.549582
185.4010,-16794,-43.966590,-0.549582
185.4110,-16794,-43.966590,-0.549582
185.4210,-16794,-43.966590,-0.549582
185.4310,-16794,-43.966590,-0.549582
185.4410,-16794,-43.966590,-0.549582
185.4510,-16794,-43.966590,-0.549582
185.4610,-16794,-43.966590,-0.549582
185.4710,-16794,-43.966590,-0.549582
185.4810,-16795,-43.969207,-0.549615
185.4910,-16795,-43.969207,-0.549615
185.5010,-16795,-43.969207,-0.549615
185.5110,-16795,-43.969207,-0.549615
185.5210,-16795,-43.969207,-0.549615
185.5310,-16795,-43.969207,-0.549615
185.5410,-16795,-43.969207,-0.549615
185.5510,-16795,-43.969207,-0.549615
185.5610,-16795,-43.969207,-0.549615
185.5710,-16795,-43.969207,-0.549615
185.5810,-16795,-43.969207,-0.549615
185.5910,-16795,-43.969207,-0.549615
185.6010,-16795,-43.969207,-0.549615
185.6110,-16795,-43.969207,-0.549615
185.6210,-16795,-43.969207,-0.549615
185.6310,-16795,-43.969207,-0.549615
185.6410,-16795,-43.969207,-0.549615
185.6510,-16795,-43.969207,-0.549615
185.6610,-16795,-43.969207,-0.549615
185.6710,-16795,-43.969207,-0.549615
185.6810,-16795,-43.969207,-0.549615
185.6920,-16795,-43.969207,-0.549615
185.7010,-16795,-43.969207,-0.549615
185.7110,-16796,-43.971828,-0.549648
185.7210,-16796,-43.971828,-0.549648
185.7310,-16796,-43.971828,-0.549648
185.7410,-16796,-43.971828,-0.549648
185.7510,-16796,-43.971828,-0.549648
185.7610,-16796,-43.971828,-0.549648
185.7710,-16796,-43.971828,-0.549648
185.7810,-16796,-43.971828,-0.549648
185.7910,-16796,-43.971828,-0.549648
185.8010,-16796,-43.971828,-0.549648
185.8110,-16796,-43.971828,-0.549648
185.8210,-16796,-43.971828,-0.549648
185.8310,-16796,-43.971828,-0.549648
185.8410,-16796,-43.971828,-0.549648
185.8510,-16796,-43.971828,-0.549648
185.8610,-16796,-43.971828,-0.549648
185.8710,-16796,-43.971828,-0.549648
185.8810,-16796,-43.971828,-0.549648
185.8910,-16796,-43.971828,-0.549648
185.9010,-16796,-43.971828,-0.549648
185.9110,-16796,-43.971828,-0.549648
185.9210,-16796,-43.971828,-0.549648
185.9310,-16796,-43.971828,-0.549648
185.9410,-16796,-43.971828,-0.549648
185.9510,-16796,-43.971828,-0.549648
185.9610,-16796,-43.971828,-0.549648
185.9710,-16796,-43.971828,-0.549648
185.9810,-16796,-43.971828,-0.549648
185.9910,-16796,-43.971828,-0.549648
186.0010,-16796,-43.971828,-0.549648
186.0110,-16796,-43.971828,-0.549648
186.0210,-16796,-43.971828,-0.549648
186.0310,-16796,-43.971828,-0.549648
186.0410,-16796,-43.971828,-0.549648
186.0510,-16796,-43.971828,-0.549648
186.0610,-16797,-43.974445,-0.549681
186.0710,-16797,-43.974445,-0.549681
186.0810,-16797,-43.974445,-0.549681
186.0910,-16797,-43.974445,-0.549681
186.1010,-16797,-43.974445,-0.549681
186.1110,-16797,-43.974445,-0.549681
186.1210,-16797,-43.974445,-0.549681
186.1310,-16797,-43.974445,-0.549681
186.1410,-16797,-43.974445,-0.549681
186.1510,-16797,-43.974445,-0.549681
186.1610,-16797,-43.974445,-0.549681
186.1710,-16797,-43.974445,-0.549681
186.1810,-16797,-43.974445,-0.549681
186.1910,-16797,-43.974445,-0.549681
186.2010,-16797,-43.974445,-0.549681
186.2110,-16797,-43.974445,-0.549681
186.2210,-16797,-43.974445,-0.549681
186.2310,-16797,-43.974445,-0.549681
186.2410,-16797,-43.974445,-0.549681
186.2510,-16797,-43.974445,-0.549681
186.2610,-16797,-43.974445,-0.549681
186.2710,-16797,-43.974445,-0.549681
186.2810,-16797,-43.974445,-0.549681
186.2910,-16797,-43.974445,-0.549681
186.3010,-16797,-43.974445,-0.549681
186.3110,-16797,-43.974445,-0.549681
186.3210,-16797,-43.974445,-0.549681
186.3320,-16797,-43.974445,-0.549681
186.3410,-16797,-43.974445,-0.549681
186.3510,-16797,-43.974445,-0.549681
186.3610,-16797,-43.974445,-0.549681
186.3710,-16798,-43.977062,-0.549713
186.3810,-16798,-43.977062,-0.549713
186.3910,-16798,-43.977062,-0.549713
186.4010,-16797,-43.974445,-0.549681
186.4110,-16798,-43.977062,-0.549713
186.4210,-16798,-43.977062,-0.549713
186.4310,-16798,-43.977062,-0.549713
186.4410,-16798,-43.977062,-0.549713
186.4510,-16798,-43.977062,-0.549713
186.4610,-16798,-43.977062,-0.549713
186.4710,-16798,-43.977062,-0.549713
186.4810,-16798,-43.977062,-0.549713
186.4910,-16798,-43.977062,-0.549713
186.5010,-16798,-43.977062,-0.549713
186.5110,-16798,-43.977062,-0.549713
186.5210,-16798,-43.977062,-0.549713
186.5310,-16798,-43.977062,-0.549713
186.5410,-16798,-43.977062,-0.549713
186.5510,-16798,-43.977062,-0.549713
186.5610,-16798,-43.977062,-0.549713
186.5710,-16798,-43.977062,-0.549713
186.5810,-16798,-43.977062,-0.549713
186.5910,-16798,-43.977062,-0.549713
186.6010,-16798,-43.977062,-0.549713
186.6110,-16798,-43.977062,-0.549713
186.6210,-16799,-43.979679,-0.549746
186.6310,-16799,-43.979679,-0.549746
186.6410,-16799,-43.979679,-0.549746
186.6510,-16799,-43.979679,-0.549746
186.6610,-16799,-43.979679,-0.549746
186.6710,-16799,-43.979679,-0.549746
186.6810,-16799,-43.979679,-0.549746
186.6910,-16799,-43.979679,-0.549746
186.7010,-16799,-43.979679,-0.549746
186.7110,-16799,-43.979679,-0.549746
186.7210,-16799,-43.979679,-0.549746
186.7310,-16799,-43.979679,-0.549746
186.7410,-16799,-43.979679,-0.549746
186.7510,-16799,-43.979679,-0.549746
186.7610,-16799,-43.979679,-0.549746
186.7710,-16799,-43.979679,-0.549746
186.7810,-16799,-43.979679,-0.549746
186.7910,-16799,-43.979679,-0.549746
186.8010,-16799,-43.979679,-0.549746
186.8110,-16799,-43.979679,-0.549746
186.8210,-16800,-43.982299,-0.549779
186.8310,-16800,-43.982299,-0.549779
186.8410,-16800,-43.982299,-0.549779
186.8510,-16800,-43.982299,-0.549779
186.8610,-16800,-43.982299,-0.549779
186.8710,-16800,-43.982299,-0.549779
186.8810,-16800,-43.982299,-0.549779
186.8910,-16800,-43.982299,-0.549779
186.9010,-16800,-43.982299,-0.549779
186.9110,-16800,-43.982299,-0.549779
186.9210,-16800,-43.982299,-0.549779
186.9310,-16800,-43.982299,-0.549779
186.9410,-16800,-43.982299,-0.549779
186.9510,-16800,-43.982299,-0.549779
186.9610,-16800,-43.982299,-0.549779
186.9720,-16800,-43.982299,-0.549779
186.9810,-16800,-43.982299,-0.549779
186.9910,-16800,-43.982299,-0.549779
187.0010,-16800,-43.982299,-0.549779
187.0110,-16800,-43.982299,-0.549779
187.0210,-16800,-43.982299,-0.549779
187.0310,-16800,-43.982299,-0.549779
187.0410,-16801,-43.984916,-0.549811
187.0510,-16801,-43.984916,-0.549811
187.0610,-16801,-43.984916,-0.549811
187.0710,-16801,-43.984916,-0.549811
187.0810,-16801,-43.984916,-0.549811
187.0910,-16801,-43.984916,-0.549811
187.1010,-16801,-43.984916,-0.549811
187.1110,-16801,-43.984916,-0.549811
187.1210,-16801,-43.984916,-0.549811
187.1310,-16801,-43.984916,-0.549811
187.1410,-16801,-43.984916,-0.549811
187.1510,-16801,-43.984916,-0.549811
187.1610,-16801,-43.984916,-0.549811
187.1710,-16801,-43.984916,-0.549811
187.1810,-16801,-43.984916,-0.549811
187.1910,-16801,-43.984916,-0.549811
187.2010,-16801,-43.984916,-0.549811
187.2110,-16801,-43.984916,-0.549811
187.2210,-16801,-43.984916,-0.549811
187.2310,-16801,-43.984916,-0.549811
187.2410,-16801,-43.984916,-0.549811
187.2510,-16801,-43.984916,-0.549811
187.2610,-16801,-43.984916,-0.549811
187.2710,-16801,-43.984916,-0.549811
187.2810,-16801,-43.984916,-0.549811
187.2910,-16801,-43.984916,-0.549811
187.3010,-16801,-43.984916,-0.549811
187.3110,-16802,-43.987537,-0.549844
187.3210,-16802,-43.987537,-0.549844
187.3310,-16802,-43.987537,-0.549844
187.3410,-16802,-43.987537,-0.549844
187.3510,-16802,-43.987537,-0.549844
187.3610,-16802,-43.987537,-0.549844
187.3710,-16802,-43.987537,-0.549844
187.3810,-16802,-43.987537,-0.549844
187.3910,-16802,-43.987537,-0.549844
187.4010,-16802,-43.987537,-0.549844
187.4110,-16802,-43.987537,-0.549844
187.4210,-16802,-43.987537,-0.549844
187.4310,-16802,-43.987537,-0.549844
187.4410,-16802,-43.987537,-0.549844
187.4510,-16802,-43.987537,-0.549844
187.4610,-16802,-43.987537,-0.549844
187.4710,-16802,-43.987537,-0.549844
187.4810,-16802,-43.987537,-0.549844
187.4910,-16802,-43.987537,-0.549844
187.5010,-16802,-43.987537,-0.549844
187.5110,-16802,-43.987537,-0.549844
187.5210,-16803,-43.990150,-0.549877
187.5310,-16803,-43.990150,-0.549877
187.5410,-16803,-43.990150,-0.549877
187.5510,-16803,-43.990150,-0.549877
187.5610,-16803,-43.990150,-0.549877
187.5710,-16803,-43.990150,-0.549877
187.5810,-16803,-43.990150,-0.549877
187.5910,-16803,-43.990150,-0.549877
187.6010,-16803,-43.990150,-0.549877
187.6120,-16803,-43.990150,-0.549877
187.6210,-16803,-43.990150,-0.549877
187.6310,-16803,-43.990150,-0.549877
187.6410,-16803,-43.990150,-0.549877
187.6510,-16803,-43.990150,-0.549877
187.6610,-16803,-43.990150,-0.549877
187.6710,-16803,-43.990150,-0.549877
187.6810,-16803,-43.990150,-0.549877
187.6910,-16803,-43.990150,-0.549877
187.7010,-16804,-43.992771,-0.549910
187.7110,-16804,-43.992771,-0.549910
187.7210,-16804,-43.992771,-0.549910
187.7310,-16804,-43.992771,-0.549910
187.7410,-16804,-43.992771,-0.549910
187.7510,-16804,-43.992771,-0.549910
187.7610,-16804,-43.992771,-0.549910
187.7710,-16804,-43.992771,-0.549910
187.7810,-16804,-43.992771,-0.549910
187.7910,-16804,-43.992771,-0.549910
187.8010,-16804,-43.992771,-0.549910
187.8110,-16804,-43.992771,-0.549910
187.8210,-16804,-43.992771,-0.549910
187.8310,-16804,-43.992771,-0.549910
187.8410,-16804,-43.992771,-0.549910
187.8510,-16804,-43.992771,-0.549910
187.8610,-16804,-43.992771,-0.549910
187.8710,-16804,-43.992771,-0.549910
187.8810,-16804,-43.992771,-0.549910
187.8910,-16805,-43.995388,-0.549942
187.9010,-16805,-43.995388,-0.549942
187.9110,-16805,-43.995388,-0.549942
187.9210,-16805,-43.995388,-0.549942
187.9310,-16805,-43.995388,-0.549942
187.9410,-16805,-43.995388,-0.549942
187.9510,-16805,-43.995388,-0.549942
187.9610,-16805,-43.995388,-0.549942
187.9710,-16805,-43.995388,-0.549942
187.9810,-16805,-43.995388,-0.549942
187.9910,-16805,-43.995388,-0.549942
188.0010,-16805,-43.995388,-0.549942
188.0110,-16805,-43.995388,-0.549942
188.0210,-16805,-43.995388,-0.549942
188.0310,-16806,-43.998004,-0.549975
188.0410,-16806,-43.998004,-0.549975
188.0510,-16806,-43.998004,-0.549975
188.0610,-16806,-43.998004,-0.549975
188.0710,-16806,-43.998004,-0.549975
188.0810,-16806,-43.998004,-0.549975
188.0910,-16806,-43.998004,-0.549975
188.1010,-16806,-43.998004,-0.549975
188.1110,-16806,-43.998004,-0.549975
188.1210,-16806,-43.998004,-0.549975
188.1310,-16806,-43.998004,-0.549975
188.1410,-16806,-43.998004,-0.549975
188.1510,-16806,-43.998004,-0.549975
188.1610,-16806,-43.998004,-0.549975
188.1710,-16806,-43.998004,-0.549975
188.1810,-16806,-43.998004,-0.549975
188.1910,-16806,-43.998004,-0.549975
188.2010,-16806,-43.998004,-0.549975
188.2110,-16807,-44.000625,-0.550008
188.2210,-16807,-44.000625,-0.550008
188.2310,-16807,-44.000625,-0.550008
188.2410,-16807,-44.000625,-0.550008
188.2520,-16807,-44.000625,-0.550008
188.2610,-16807,-44.000625,-0.550008
188.2710,-16807,-44.000625,-0.550008
188.2810,-16807,-44.000625,-0.550008
188.2910,-16807,-44.000625,-0.550008
188.3010,-16807,-44.000625,-0.550008
188.3110,-16807,-44.000625,-0.550008
188.3210,-16807,-44.000625,-0.550008
188.3310,-16807,-44.000625,-0.550008
188.3410,-16807,-44.000625,-0.550008
188.3510,-16807,-44.000625,-0.550008
188.3610,-16807,-44.000625,-0.550008
188.3710,-16807,-44.000625,-0.550008
188.3810,-16807,-44.000625,-0.550008
188.3910,-16807,-44.000625,-0.550008
188.4010,-16807,-44.000625,-0.550008
188.4110,-16807,-44.000625,-0.550008
188.4210,-16807,-44.000625,-0.550008
188.4310,-16807,-44.000625,-0.550008
188.4410,-16807,-44.000625,-0.550008
188.4510,-16807,-44.000625,-0.550008
188.4610,-16807,-44.000625,-0.550008
188.4710,-16807,-44.000625,-0.550008
188.4810,-16807,-44.000625,-0.550008
188.4910,-16808,-44.003242,-0.550041
188.5010,-16808,-44.003242,-0.550041
188.5110,-16808,-44.003242,-0.550041
188.5210,-16808,-44.003242,-0.550041
188.5310,-16808,-44.003242,-0.550041
188.5410,-16808,-44.003242,-0.550041
188.5510,-16808,-44.003242,-0.550041
188.5610,-16808,-44.003242,-0.550041
188.5710,-16808,-44.003242,-0.550041
188.5810,-16808,-44.003242,-0.550041
188.5910,-16808,-44.003242,-0.550041
188.6010,-16808,-44.003242,-0.550041
188.6110,-16808,-44.003242,-0.550041
188.6210,-16808,-44.003242,-0.550041
188.6310,-16808,-44.003242,-0.550041
188.6410,-16808,-44.003242,-0.550041
188.6510,-16808,-44.003242,-0.550041
188.6610,-16808,-44.003242,-0.550041
188.6710,-16808,-44.003242,-0.550041
188.6810,-16808,-44.003242,-0.550041
188.6910,-16808,-44.003242,-0.550041
188.7010,-16808,-44.003242,-0.550041
188.7110,-16808,-44.003242,-0.550041
188.7210,-16808,-44.003242,-0.550041
188.7310,-16808,-44.003242,-0.550041
188.7410,-16808,-44.003242,-0.550041
188.7510,-16808,-44.003242,-0.550041
188.7610,-16808,-44.003242,-0.550041
188.7710,-16808,-44.003242,-0.550041
188.7810,-16808,-44.003242,-0.550041
188.7910,-16808,-44.003242,-0.550041
188.8010,-16808,-44.003242,-0.550041
188.8110,-16808,-44.003242,-0.550041
188.8210,-16808,-44.003242,-0.550041
188.8310,-16808,-44.003242,-0.550041
188.8410,-16808,-44.003242,-0.550041
188.8510,-16808,-44.003242,-0.550041
188.8610,-16808,-44.003242,-0.550041
188.8710,-16808,-44.003242,-0.550041
188.8810,-16808,-44.003242,-0.550041
188.8920,-16808,-44.003242,-0.550041
188.9010,-16808,-44.003242,-0.550041
188.9110,-16808,-44.003242,-0.550041
188.9210,-16808,-44.003242,-0.550041
188.9310,-16808,-44.003242,-0.550041
188.9410,-16808,-44.003242,-0.550041
188.9510,-16809,-44.005859,-0.550073
188.9610,-16809,-44.005859,-0.550073
188.9710,-16809,-44.005859,-0.550073
188.9810,-16809,-44.005859,-0.550073
188.9910,-16809,-44.005859,-0.550073
189.0010,-16809,-44.005859,-0.550073
189.0110,-16809,-44.005859,-0.550073
189.0210,-16809,-44.005859,-0.550073
189.0310,-16809,-44.005859,-0.550073
189.0410,-16809,-44.005859,-0.550073
189.0510,-16809,-44.005859,-0.550073
189.0610,-16809,-44.005859,-0.550073
189.0710,-16809,-44.005859,-0.550073
189.0810,-16809,-44.005859,-0.550073
189.0910,-16809,-44.005859,-0.550073
189.1010,-16809,-44.005859,-0.550073
189.1110,-16809,-44.005859,-0.550073
189.1210,-16809,-44.005859,-0.550073
189.1310,-16809,-44.005859,-0.550073
189.1410,-16809,-44.005859,-0.550073
189.1510,-16809,-44.005859,-0.550073
189.1610,-16809,-44.005859,-0.550073
189.1710,-16809,-44.005859,-0.550073
189.1810,-16809,-44.005859,-0.550073
189.1910,-16809,-44.005859,-0.550073
189.2010,-16809,-44.005859,-0.550073
189.2110,-16809,-44.005859,-0.550073
189.2210,-16809,-44.005859,-0.550073
189.2310,-16809,-44.005859,-0.550073
189.2410,-16809,-44.005859,-0.550073
189.2510,-16809,-44.005859,-0.550073
189.2610,-16809,-44.005859,-0.550073
189.2710,-16809,-44.005859,-0.550073
189.2810,-16809,-44.005859,-0.550073
189.2910,-16809,-44.005859,-0.550073
189.3010,-16809,-44.005859,-0.550073
189.3110,-16809,-44.005859,-0.550073
189.3210,-16809,-44.005859,-0.550073
189.3310,-16809,-44.005859,-0.550073
189.3410,-16809,-44.005859,-0.550073
189.3510,-16809,-44.005859,-0.550073
189.3610,-16809,-44.005859,-0.550073
189.3710,-16810,-44.008476,-0.550106
189.3810,-16810,-44.008476,-0.550106
189.3910,-16810,-44.008476,-0.550106
189.4010,-16810,-44.008476,-0.550106
189.4110,-16810,-44.008476,-0.550106
189.4210,-16810,-44.008476,-0.550106
189.4310,-16810,-44.008476,-0.550106
189.4410,-16810,-44.008476,-0.550106
189.4510,-16810,-44.008476,-0.550106
189.4610,-16810,-44.008476,-0.550106
189.4710,-16810,-44.008476,-0.550106
189.4810,-16810,-44.008476,-0.550106
189.4910,-16810,-44.008476,-0.550106
189.5010,-16810,-44.008476,-0.550106
189.5110,-16810,-44.008476,-0.550106
189.5210,-16810,-44.008476,-0.550106
189.5320,-16810,-44.008476,-0.550106
189.5410,-16810,-44.008476,-0.550106
189.5510,-16810,-44.008476,-0.550106
189.5610,-16810,-44.008476,-0.550106
189.5710,-16810,-44.008476,-0.550106
189.5810,-16810,-44.008476,-0.550106
189.5910,-16810,-44.008476,-0.550106
189.6010,-16811,-44.011096,-0.550139
189.6110,-16811,-44.011096,-0.550139
189.6210,-16811,-44.011096,-0.550139
189.6310,-16811,-44.011096,-0.550139
189.6410,-16811,-44.011096,-0.550139
189.6510,-16811,-44.011096,-0.550139
189.6610,-16811,-44.011096,-0.550139
189.6710,-16811,-44.011096,-0.550139
189.6810,-16811,-44.011096,-0.550139
189.6910,-16811,-44.011096,-0.550139
189.7010,-16811,-44.011096,-0.550139
189.7110,-16811,-44.011096,-0.550139
189.7210,-16811,-44.011096,-0.550139
189.7310,-16811,-44.011096,-0.550139
189.7410,-16812,-44.013713,-0.550171
189.7510,-16812,-44.013713,-0.550171
189.7610,-16812,-44.013713,-0.550171
189.7710,-16812,-44.013713,-0.550171
189.7810,-16812,-44.013713,-0.550171
189.7910,-16812,-44.013713,-0.550171
189.8010,-16812,-44.013713,-0.550171
189.8110,-16812,-44.013713,-0.550171
189.8210,-16812,-44.013713,-0.550171
189.8310,-16812,-44.013713,-0.550171
189.8410,-16812,-44.013713,-0.550171
189.8510,-16812,-44.013713,-0.550171
189.8610,-16812,-44.013713,-0.550171
189.8710,-16812,-44.013713,-0.550171
189.8810,-16812,-44.013713,-0.550171
189.8910,-16812,-44.013713,-0.550171
189.9010,-16812,-44.013713,-0.550171
189.9110,-16812,-44.013713,-0.550171
189.9210,-16812,-44.013713,-0.550171
189.9310,-16812,-44.013713,-0.550171
189.9410,-16812,-44.013713,-0.550171
189.9510,-16813,-44.016334,-0.550204
189.9610,-16813,-44.016334,-0.550204
189.9710,-16813,-44.016334,-0.550204
189.9810,-16813,-44.016334,-0.550204
189.9910,-16813,-44.016334,-0.550204
190.0010,-16813,-44.016334,-0.550204
190.0110,-16813,-44.016334,-0.550204
190.0210,-16813,-44.016334,-0.550204
190.0310,-16813,-44.016334,-0.550204
190.0410,-16813,-44.016334,-0.550204
190.0510,-16813,-44.016334,-0.550204
190.0610,-16813,-44.016334,-0.550204
190.0710,-16813,-44.016334,-0.550204
190.0810,-16813,-44.016334,-0.550204
190.0910,-16813,-44.016334,-0.550204
190.1010,-16813,-44.016334,-0.550204
190.1110,-16813,-44.016334,-0.550204
190.1210,-16813,-44.016334,-0.550204
190.1310,-16813,-44.016334,-0.550204
190.1410,-16813,-44.016334,-0.550204
190.1510,-16813,-44.016334,-0.550204
190.1610,-16813,-44.016334,-0.550204
190.1720,-16813,-44.016334,-0.550204
190.1810,-16813,-44.016334,-0.550204
190.1910,-16813,-44.016334,-0.550204
190.2010,-16813,-44.016334,-0.550204
190.2110,-16813,-44.016334,-0.550204
190.2210,-16813,-44.016334,-0.550204
190.2310,-16814,-44.018947,-0.550237
190.2410,-16814,-44.018947,-0.550237
190.2510,-16814,-44.018947,-0.550237
190.2610,-16814,-44.018947,-0.550237
190.2710,-16814,-44.018947,-0.550237
190.2810,-16814,-44.018947,-0.550237
190.2910,-16814,-44.018947,-0.550237
190.3010,-16814,-44.018947,-0.550237
190.3110,-16814,-44.018947,-0.550237
190.3210,-16814,-44.018947,-0.550237
190.3310,-16814,-44.018947,-0.550237
190.3410,-16814,-44.018947,-0.550237
190.3510,-16814,-44.018947,-0.550237
190.3610,-16814,-44.018947,-0.550237
190.3710,-16814,-44.018947,-0.550237
190.3810,-16814,-44.018947,-0.550237
190.3910,-16814,-44.018947,-0.550237
190.4010,-16814,-44.018947,-0.550237
190.4110,-16814,-44.018947,-0.550237
190.4210,-16814,-44.018947,-0.550237
190.4310,-16814,-44.018947,-0.550237
190.4410,-16814,-44.018947,-0.550237
190.4510,-16814,-44.018947,-0.550237
190.4610,-16814,-44.018947,-0.550237
190.4710,-16814,-44.018947,-0.550237
190.4810,-16814,-44.018947,-0.550237
190.4910,-16814,-44.018947,-0.550237
190.5010,-16814,-44.018947,-0.550237
190.5110,-16814,-44.018947,-0.550237
190.5210,-16814,-44.018947,-0.550237
190.5310,-16814,-44.018947,-0.550237
190.5410,-16814,-44.018947,-0.550237
190.5510,-16814,-44.018947,-0.550237
190.5610,-16814,-44.018947,-0.550237
190.5710,-16815,-44.021568,-0.550270
190.5810,-16815,-44.021568,-0.550270
190.5910,-16815,-44.021568,-0.550270
190.6010,-16815,-44.021568,-0.550270
190.6110,-16815,-44.021568,-0.550270
190.6210,-16815,-44.021568,-0.550270
190.6310,-16815,-44.021568,-0.550270
190.6410,-16815,-44.021568,-0.550270
190.6510,-16815,-44.021568,-0.550270
190.6610,-16815,-44.021568,-0.550270
190.6710,-16815,-44.021568,-0.550270
190.6810,-16815,-44.021568,-0.550270
190.6910,-16815,-44.021568,-0.550270
190.7010,-16815,-44.021568,-0.550270
190.7110,-16815,-44.021568,-0.550270
190.7210,-16815,-44.021568,-0.550270
190.7310,-16815,-44.021568,-0.550270
190.7410,-16815,-44.021568,-0.550270
190.7510,-16815,-44.021568,-0.550270
190.7610,-16815,-44.021568,-0.550270
190.7710,-16815,-44.021568,-0.550270
190.7810,-16815,-44.021568,-0.550270
190.7910,-16815,-44.021568,-0.550270
190.8010,-16815,-44.021568,-0.550270
190.8120,-16815,-44.021568,-0.550270
190.8210,-16815,-44.021568,-0.550270
190.8310,-16815,-44.021568,-0.550270
190.8410,-16815,-44.021568,-0.550270
190.8510,-16815,-44.021568,-0.550270
190.8610,-16815,-44.021568,-0.550270
190.8710,-16815,-44.021568,-0.550270
190.8810,-16815,-44.021568,-0.550270
190.8910,-16815,-44.021568,-0.550270
190.9010,-16815,-44.021568,-0.550270
190.9110,-16815,-44.021568,-0.550270
190.9210,-16815,-44.021568,-0.550270
190.9310,-16815,-44.021568,-0.550270
190.9410,-16815,-44.021568,-0.550270
190.9510,-16816,-44.024185,-0.550302
190.9610,-16816,-44.024185,-0.550302
190.9710,-16816,-44.024185,-0.550302
190.9810,-16816,-44.024185,-0.550302
190.9910,-16816,-44.024185,-0.550302
191.0010,-16816,-44.024185,-0.550302
191.0110,-16816,-44.024185,-0.550302
191.0210,-16816,-44.024185,-0.550302
191.0310,-16816,-44.024185,-0.550302
191.0410,-16816,-44.024185,-0.550302
191.0510,-16816,-44.024185,-0.550302
191.0610,-16816,-44.024185,-0.550302
191.0710,-16816,-44.024185,-0.550302
191.0810,-16816,-44.024185,-0.550302
191.0910,-16816,-44.024185,-0.550302
191.1010,-16816,-44.024185,-0.550302
191.1110,-16816,-44.024185,-0.550302
191.1210,-16816,-44.024185,-0.550302
191.1310,-16816,-44.024185,-0.550302
191.1410,-16816,-44.024185,-0.550302
191.1510,-16816,-44.024185,-0.550302
191.1610,-16816,-44.024185,-0.550302
191.1710,-16816,-44.024185,-0.550302
191.1810,-16816,-44.024185,-0.550302
191.1910,-16816,-44.024185,-0.550302
191.2010,-16816,-44.024185,-0.550302
191.2110,-16816,-44.024185,-0.550302
191.2210,-16816,-44.024185,-0.550302
191.2310,-16816,-44.024185,-0.550302
191.2410,-16816,-44.024185,-0.550302
191.2510,-16816,-44.024185,-0.550302
191.2610,-16816,-44.024185,-0.550302
191.2710,-16816,-44.024185,-0.550302
191.2810,-16816,-44.024185,-0.550302
191.2910,-16816,-44.024185,-0.550302
191.3010,-16816,-44.024185,-0.550302
191.3110,-16816,-44.024185,-0.550302
191.3210,-16816,-44.024185,-0.550302
191.3310,-16816,-44.024185,-0.550302
191.3410,-16817,-44.026805,-0.550335
191.3510,-16817,-44.026805,-0.550335
191.3610,-16817,-44.026805,-0.550335
191.3710,-16817,-44.026805,-0.550335
191.3810,-16817,-44.026805,-0.550335
191.3910,-16817,-44.026805,-0.550335
191.4010,-16817,-44.026805,-0.550335
191.4110,-16817,-44.026805,-0.550335
191.4210,-16817,-44.026805,-0.550335
191.4310,-16817,-44.026805,-0.550335
191.4410,-16817,-44.026805,-0.550335
191.4520,-16817,-44.026805,-0.550335
191.4610,-16817,-44.026805,-0.550335
191.4710,-16817,-44.026805,-0.550335
191.4810,-16817,-44.026805,-0.550335
191.4910,-16817,-44.026805,-0.550335
191.5010,-16817,-44.026805,-0.550335
191.5110,-16817,-44.026805,-0.550335
191.5210,-16817,-44.026805,-0.550335
191.5310,-16817,-44.026805,-0.550335
191.5410,-16817,-44.026805,-0.550335
191.5510,-16817,-44.026805,-0.550335
191.5610,-16817,-44.026805,-0.550335
191.5710,-16817,-44.026805,-0.550335
191.5810,-16817,-44.026805,-0.550335
191.5910,-16817,-44.026805,-0.550335
191.6010,-16817,-44.026805,-0.550335
191.6110,-16817,-44.026805,-0.550335
191.6210,-16817,-44.026805,-0.550335
191.6310,-16817,-44.026805,-0.550335
191.6410,-16817,-44.026805,-0.550335
191.6510,-16817,-44.026805,-0.550335
191.6610,-16817,-44.026805,-0.550335
191.6710,-16817,-44.026805,-0.550335
191.6810,-16817,-44.026805,-0.550335
191.6910,-16817,-44.026805,-0.550335
191.7010,-16817,-44.026805,-0.550335
191.7110,-16817,-44.026805,-0.550335
191.7210,-16817,-44.026805,-0.550335
191.7310,-16817,-44.026805,-0.550335
191.7410,-16817,-44.026805,-0.550335
191.7510,-16818,-44.029422,-0.550368
191.7610,-16818,-44.029422,-0.550368
191.7710,-16818,-44.029422,-0.550368
191.7810,-16818,-44.029422,-0.550368
191.7910,-16818,-44.029422,-0.550368
191.8010,-16818,-44.029422,-0.550368
191.8110,-16818,-44.029422,-0.550368
191.8210,-16818,-44.029422,-0.550368
191.8310,-16818,-44.029422,-0.550368
191.8410,-16818,-44.029422,-0.550368
191.8510,-16818,-44.029422,-0.550368
191.8610,-16818,-44.029422,-0.550368
191.8710,-16818,-44.029422,-0.550368
191.8810,-16818,-44.029422,-0.550368
191.8910,-16818,-44.029422,-0.550368
191.9010,-16818,-44.029422,-0.550368
191.9110,-16818,-44.029422,-0.550368
191.9210,-16818,-44.029422,-0.550368
191.9310,-16818,-44.029422,-0.550368
191.9410,-16818,-44.029422,-0.550368
191.9510,-16818,-44.029422,-0.550368
191.9610,-16818,-44.029422,-0.550368
191.9710,-16818,-44.029422,-0.550368
191.9810,-16818,-44.029422,-0.550368
191.9910,-16818,-44.029422,-0.550368
192.0010,-16818,-44.029422,-0.550368
192.0110,-16818,-44.029422,-0.550368
192.0210,-16818,-44.029422,-0.550368
192.0310,-16818,-44.029422,-0.550368
192.0410,-16818,-44.029422,-0.550368
192.0510,-16818,-44.029422,-0.550368
192.0610,-16818,-44.029422,-0.550368
192.0710,-16818,-44.029422,-0.550368
192.0810,-16818,-44.029422,-0.550368
192.0920,-16818,-44.029422,-0.550368
192.1010,-16818,-44.029422,-0.550368
192.1110,-16818,-44.029422,-0.550368
192.1210,-16818,-44.029422,-0.550368
192.1310,-16818,-44.029422,-0.550368
192.1410,-16818,-44.029422,-0.550368
192.1510,-16818,-44.029422,-0.550368
192.1610,-16818,-44.029422,-0.550368
192.1710,-16819,-44.032039,-0.550400
192.1810,-16819,-44.032039,-0.550400
192.1910,-16819,-44.032039,-0.550400
192.2010,-16819,-44.032039,-0.550400
192.2110,-16819,-44.032039,-0.550400
192.2210,-16819,-44.032039,-0.550400
192.2310,-16819,-44.032039,-0.550400
192.2410,-16819,-44.032039,-0.550400
192.2510,-16819,-44.032039,-0.550400
192.2610,-16819,-44.032039,-0.550400
192.2710,-16819,-44.032039,-0.550400
192.2810,-16819,-44.032039,-0.550400
192.2910,-16819,-44.032039,-0.550400
192.3010,-16819,-44.032039,-0.550400
192.3110,-16819,-44.032039,-0.550400
192.3210,-16819,-44.032039,-0.550400
192.3310,-16819,-44.032039,-0.550400
192.3410,-16819,-44.032039,-0.550400
192.3510,-16819,-44.032039,-0.550400
192.3610,-16819,-44.032039,-0.550400
192.3710,-16819,-44.032039,-0.550400
192.3810,-16819,-44.032039,-0.550400
192.3910,-16819,-44.032039,-0.550400
192.4010,-16819,-44.032039,-0.550400
192.4110,-16819,-44.032039,-0.550400
192.4210,-16819,-44.032039,-0.550400
192.4310,-16819,-44.032039,-0.550400
192.4410,-16819,-44.032039,-0.550400
192.4510,-16819,-44.032039,-0.550400
192.4610,-16819,-44.032039,-0.550400
192.4710,-16819,-44.032039,-0.550400
192.4810,-16819,-44.032039,-0.550400
192.4910,-16819,-44.032039,-0.550400
192.5010,-16819,-44.032039,-0.550400
192.5110,-16820,-44.034656,-0.550433
192.5210,-16820,-44.034656,-0.550433
192.5310,-16820,-44.034656,-0.550433
192.5410,-16820,-44.034656,-0.550433
192.5510,-16820,-44.034656,-0.550433
192.5610,-16820,-44.034656,-0.550433
192.5710,-16820,-44.034656,-0.550433
192.5810,-16820,-44.034656,-0.550433
192.5910,-16820,-44.034656,-0.550433
192.6010,-16820,-44.034656,-0.550433
192.6110,-16820,-44.034656,-0.550433
192.6210,-16820,-44.034656,-0.550433
192.6310,-16820,-44.034656,-0.550433
192.6410,-16820,-44.034656,-0.550433
192.6510,-16820,-44.034656,-0.550433
192.6610,-16820,-44.034656,-0.550433
192.6710,-16820,-44.034656,-0.550433
192.6810,-16820,-44.034656,-0.550433
192.6910,-16820,-44.034656,-0.550433
192.7010,-16820,-44.034656,-0.550433
192.7110,-16820,-44.034656,-0.550433
192.7210,-16820,-44.034656,-0.550433
192.7320,-16820,-44.034656,-0.550433
192.7410,-16820,-44.034656,-0.550433
192.7510,-16820,-44.034656,-0.550433
192.7610,-16820,-44.034656,-0.550433
192.7710,-16820,-44.034656,-0.550433
192.7810,-16820,-44.034656,-0.550433
192.7910,-16820,-44.034656,-0.550433
192.8010,-16820,-44.034656,-0.550433
192.8110,-16820,-44.034656,-0.550433
192.8210,-16820,-44.034656,-0.550433
192.8310,-16820,-44.034656,-0.550433
192.8410,-16820,-44.034656,-0.550433
192.8510,-16821,-44.037277,-0.550466
192.8610,-16821,-44.037277,-0.550466
192.8710,-16821,-44.037277,-0.550466
192.8810,-16821,-44.037277,-0.550466
192.8910,-16821,-44.037277,-0.550466
192.9010,-16821,-44.037277,-0.550466
192.9110,-16821,-44.037277,-0.550466
192.9210,-16821,-44.037277,-0.550466
192.9310,-16821,-44.037277,-0.550466
192.9410,-16821,-44.037277,-0.550466
192.9510,-16821,-44.037277,-0.550466
192.9610,-16821,-44.037277,-0.550466
192.9710,-16821,-44.037277,-0.550466
192.9810,-16821,-44.037277,-0.550466
192.9910,-16821,-44.037277,-0.550466
193.0010,-16821,-44.037277,-0.550466
193.0110,-16821,-44.037277,-0.550466
193.0210,-16821,-44.037277,-0.550466
193.0310,-16822,-44.039894,-0.550499
193.0410,-16822,-44.039894,-0.550499
193.0510,-16822,-44.039894,-0.550499
193.0610,-16821,-44.037277,-0.550466
193.0710,-16822,-44.039894,-0.550499
193.0810,-16822,-44.039894,-0.550499
193.0910,-16822,-44.039894,-0.550499
193.1010,-16822,-44.039894,-0.550499
193.1110,-16822,-44.039894,-0.550499
193.1210,-16822,-44.039894,-0.550499
193.1310,-16822,-44.039894,-0.550499
193.1410,-16823,-44.042514,-0.550531
193.1510,-16823,-44.042514,-0.550531
193.1610,-16823,-44.042514,-0.550531
193.1710,-16823,-44.042514,-0.550531
193.1810,-16823,-44.042514,-0.550531
193.1910,-16823,-44.042514,-0.550531
193.2010,-16823,-44.042514,-0.550531
193.2110,-16823,-44.042514,-0.550531
193.2210,-16823,-44.042514,-0.550531
193.2310,-16823,-44.042514,-0.550531
193.2410,-16823,-44.042514,-0.550531
193.2510,-16823,-44.042514,-0.550531
193.2610,-16823,-44.042514,-0.550531
193.2710,-16824,-44.045131,-0.550564
193.2810,-16824,-44.045131,-0.550564
193.2910,-16824,-44.045131,-0.550564
193.3010,-16824,-44.045131,-0.550564
193.3110,-16824,-44.045131,-0.550564
193.3210,-16824,-44.045131,-0.550564
193.3310,-16824,-44.045131,-0.550564
193.3410,-16824,-44.045131,-0.550564
193.3510,-16824,-44.045131,-0.550564
193.3610,-16824,-44.045131,-0.550564
193.3720,-16824,-44.045131,-0.550564
193.3810,-16824,-44.045131,-0.550564
193.3910,-16824,-44.045131,-0.550564
193.4010,-16824,-44.045131,-0.550564
193.4110,-16824,-44.045131,-0.550564
193.4210,-16825,-44.047748,-0.550597
193.4310,-16825,-44.047748,-0.550597
193.4410,-16825,-44.047748,-0.550597
193.4510,-16825,-44.047748,-0.550597
193.4610,-16825,-44.047748,-0.550597
193.4710,-16825,-44.047748,-0.550597
193.4810,-16826,-44.050365,-0.550630
193.4910,-16826,-44.050365,-0.550630
193.5010,-16826,-44.050365,-0.550630
193.5110,-16826,-44.050365,-0.550630
193.5210,-16826,-44.050365,-0.550630
193.5310,-16827,-44.052986,-0.550662
193.5410,-16827,-44.052986,-0.550662
193.5510,-16827,-44.052986,-0.550662
193.5610,-16828,-44.055603,-0.550695
193.5710,-16828,-44.055603,-0.550695
193.5810,-16828,-44.055603,-0.550695
193.5910,-16828,-44.055603,-0.550695
193.6010,-16828,-44.055603,-0.550695
193.6110,-16828,-44.055603,-0.550695
193.6210,-16829,-44.058219,-0.550728
193.6310,-16829,-44.058219,-0.550728
193.6410,-16830,-44.060836,-0.550760
193.6510,-16830,-44.060836,-0.550760
193.6610,-16831,-44.063453,-0.550793
193.6710,-16831,-44.063453,-0.550793
193.6810,-16831,-44.063453,-0.550793
193.6910,-16832,-44.066074,-0.550826
193.7010,-16832,-44.066074,-0.550826
193.7110,-16833,-44.068691,-0.550859
193.7210,-16833,-44.068691,-0.550859
193.7310,-16833,-44.068691,-0.550859
193.7410,-16834,-44.071311,-0.550891
193.7510,-16834,-44.071311,-0.550891
193.7610,-16835,-44.073925,-0.550924
193.7710,-16835,-44.073925,-0.550924
193.7810,-16836,-44.076545,-0.550957
193.7910,-16836,-44.076545,-0.550957
193.8010,-16837,-44.079162,-0.550990
193.8110,-16837,-44.079162,-0.550990
193.8210,-16838,-44.081783,-0.551022
193.8310,-16839,-44.084400,-0.551055
193.8410,-16839,-44.084400,-0.551055
193.8510,-16840,-44.087020,-0.551088
193.8610,-16840,-44.087020,-0.551088
193.8710,-16840,-44.087020,-0.551088
193.8810,-16840,-44.087020,-0.551088
193.8910,-16841,-44.089633,-0.551120
193.9010,-16842,-44.092254,-0.551153
193.9110,-16842,-44.092254,-0.551153
193.9210,-16842,-44.092254,-0.551153
193.9310,-16843,-44.094871,-0.551186
193.9410,-16843,-44.094871,-0.551186
193.9510,-16844,-44.097492,-0.551219
193.9610,-16844,-44.097492,-0.551219
193.9710,-16844,-44.097492,-0.551219
193.9810,-16845,-44.100109,-0.551251
193.9910,-16845,-44.100109,-0.551251
194.0010,-16845,-44.100109,-0.551251
194.0120,-16846,-44.102725,-0.551284
194.0210,-16846,-44.102725,-0.551284
194.0310,-16846,-44.102725,-0.551284
194.0410,-16847,-44.105342,-0.551317
194.0510,-16847,-44.105342,-0.551317
194.0610,-16847,-44.105342,-0.551317
194.0710,-16847,-44.105342,-0.551317
194.0810,-16847,-44.105342,-0.551317
194.0910,-16848,-44.107963,-0.551350
194.1010,-16848,-44.107963,-0.551350
194.1110,-16848,-44.107963,-0.551350
194.1210,-16848,-44.107963,-0.551350
194.1310,-16848,-44.107963,-0.551350
194.1410,-16849,-44.110580,-0.551382
194.1510,-16849,-44.110580,-0.551382
194.1610,-16849,-44.110580,-0.551382
194.1710,-16849,-44.110580,-0.551382
194.1810,-16850,-44.113197,-0.551415
194.1910,-16850,-44.113197,-0.551415
194.2010,-16850,-44.113197,-0.551415
194.2110,-16850,-44.113197,-0.551415
194.2210,-16850,-44.113197,-0.551415
194.2310,-16851,-44.115814,-0.551448
194.2410,-16851,-44.115814,-0.551448
194.2510,-16851,-44.115814,-0.551448
194.2610,-16851,-44.115814,-0.551448
194.2710,-16852,-44.118434,-0.551480
194.2810,-16852,-44.118434,-0.551480
194.2910,-16852,-44.118434,-0.551480
194.3010,-16852,-44.118434,-0.551480
194.3110,-16852,-44.118434,-0.551480
194.3210,-16852,-44.118434,-0.551480
194.3310,-16852,-44.118434,-0.551480
194.3410,-16853,-44.121051,-0.551513
194.3510,-16853,-44.121051,-0.551513
194.3610,-16853,-44.121051,-0.551513
194.3710,-16853,-44.121051,-0.551513
194.3810,-16854,-44.123668,-0.551546
194.3910,-16854,-44.123668,-0.551546
194.4010,-16854,-44.123668,-0.551546
194.4110,-16854,-44.123668,-0.551546
194.4210,-16854,-44.123668,-0.551546
194.4310,-16854,-44.123668,-0.551546
194.4410,-16854,-44.123668,-0.551546
194.4510,-16855,-44.126289,-0.551579
194.4610,-16855,-44.126289,-0.551579
194.4710,-16855,-44.126289,-0.551579
194.4810,-16855,-44.126289,-0.551579
194.4910,-16856,-44.128906,-0.551611
194.5010,-16856,-44.128906,-0.551611
194.5110,-16856,-44.128906,-0.551611
194.5210,-16856,-44.128906,-0.551611
194.5310,-16857,-44.131523,-0.551644
194.5410,-16857,-44.131523,-0.551644
194.5510,-16857,-44.131523,-0.551644
194.5610,-16857,-44.131523,-0.551644
194.5710,-16857,-44.131523,-0.551644
194.5810,-16857,-44.131523,-0.551644
194.5910,-16858,-44.134140,-0.551677
194.6010,-16858,-44.134140,-0.551677
194.6110,-16858,-44.134140,-0.551677
194.6210,-16858,-44.134140,-0.551677
194.6310,-16858,-44.134140,-0.551677
194.6410,-16858,-44.134140,-0.551677
194.6520,-16859,-44.136760,-0.551710
194.6610,-16859,-44.136760,-0.551710
194.6710,-16859,-44.136760,-0.551710
194.6810,-16859,-44.136760,-0.551710
194.6910,-16860,-44.139377,-0.551742
194.7010,-16860,-44.139377,-0.551742
194.7110,-16860,-44.139377,-0.551742
194.7210,-16860,-44.139377,-0.551742
194.7310,-16860,-44.139377,-0.551742
194.7410,-16860,-44.139377,-0.551742
194.7510,-16860,-44.139377,-0.551742
194.7610,-16860,-44.139377,-0.551742
194.7710,-16860,-44.139377,-0.551742
194.7810,-16861,-44.141998,-0.551775
194.7910,-16861,-44.141998,-0.551775
194.8010,-16861,-44.141998,-0.551775
194.8110,-16861,-44.141998,-0.551775
194.8210,-16861,-44.141998,-0.551775
194.8310,-16862,-44.144611,-0.551808
194.8410,-16862,-44.144611,-0.551808
194.8510,-16862,-44.144611,-0.551808
194.8610,-16862,-44.144611,-0.551808
194.8710,-16862,-44.144611,-0.551808
194.8810,-16862,-44.144611,-0.551808
194.8910,-16863,-44.147232,-0.551840
194.9010,-16863,-44.147232,-0.551840
194.9110,-16863,-44.147232,-0.551840
194.9210,-16864,-44.149848,-0.551873
194.9310,-16864,-44.149848,-0.551873
194.9410,-16865,-44.152469,-0.551906
194.9510,-16865,-44.152469,-0.551906
194.9610,-16866,-44.155086,-0.551939
194.9710,-16866,-44.155086,-0.551939
194.9810,-16867,-44.157703,-0.551971
194.9910,-16867,-44.157703,-0.551971
195.0010,-16867,-44.157703,-0.551971
195.0110,-16868,-44.160320,-0.552004
195.0210,-16869,-44.162940,-0.552037
195.0310,-16870,-44.165557,-0.552069
195.0410,-16870,-44.165557,-0.552069
195.0510,-16871,-44.168178,-0.552102
195.0610,-16871,-44.168178,-0.552102
195.0710,-16872,-44.170795,-0.552135
195.0810,-16872,-44.170795,-0.552135
195.0910,-16873,-44.173412,-0.552168
195.1010,-16873,-44.173412,-0.552168
195.1110,-16874,-44.176029,-0.552200
195.1210,-16874,-44.176029,-0.552200
195.1310,-16874,-44.176029,-0.552200
195.1410,-16874,-44.176029,-0.552200
195.1510,-16875,-44.178646,-0.552233
195.1610,-16875,-44.178646,-0.552233
195.1710,-16875,-44.178646,-0.552233
195.1810,-16875,-44.178646,-0.552233
195.1910,-16875,-44.178646,-0.552233
195.2010,-16875,-44.178646,-0.552233
195.2110,-16876,-44.181266,-0.552266
195.2210,-16876,-44.181266,-0.552266
195.2310,-16876,-44.181266,-0.552266
195.2410,-16876,-44.181266,-0.552266
195.2510,-16876,-44.181266,-0.552266
195.2610,-16876,-44.181266,-0.552266
195.2710,-16876,-44.181266,-0.552266
195.2810,-16877,-44.183883,-0.552299
195.2920,-16877,-44.183883,-0.552299
195.3010,-16877,-44.183883,-0.552299
195.3110,-16878,-44.186500,-0.552331
195.3210,-16878,-44.186500,-0.552331
195.3310,-16878,-44.186500,-0.552331
195.3410,-16878,-44.186500,-0.552331
195.3510,-16878,-44.186500,-0.552331
195.3610,-16879,-44.189117,-0.552364
195.3710,-16879,-44.189117,-0.552364
195.3810,-16879,-44.189117,-0.552364
195.3910,-16879,-44.189117,-0.552364
195.4010,-16880,-44.191738,-0.552397
195.4110,-16880,-44.191738,-0.552397
195.4210,-16880,-44.191738,-0.552397
195.4310,-16880,-44.191738,-0.552397
195.4410,-16880,-44.191738,-0.552397
195.4510,-16881,-44.194355,-0.552429
195.4610,-16881,-44.194355,-0.552429
195.4710,-16881,-44.194355,-0.552429
195.4810,-16881,-44.194355,-0.552429
195.4910,-16882,-44.196975,-0.552462
195.5010,-16882,-44.196975,-0.552462
195.5110,-16882,-44.196975,-0.552462
195.5210,-16882,-44.196975,-0.552462
195.5310,-16882,-44.196975,-0.552462
195.5410,-16882,-44.196975,-0.552462
195.5510,-16883,-44.199592,-0.552495
195.5610,-16883,-44.199592,-0.552495
195.5710,-16883,-44.199592,-0.552495
195.5810,-16883,-44.199592,-0.552495
195.5910,-16884,-44.202209,-0.552528
195.6010,-16884,-44.202209,-0.552528
195.6110,-16884,-44.202209,-0.552528
195.6210,-16884,-44.202209,-0.552528
195.6310,-16884,-44.202209,-0.552528
195.6410,-16885,-44.204826,-0.552560
195.6510,-16885,-44.204826,-0.552560
195.6610,-16885,-44.204826,-0.552560
195.6710,-16885,-44.204826,-0.552560
195.6810,-16885,-44.204826,-0.552560
195.6910,-16885,-44.204826,-0.552560
195.7010,-16887,-44.210063,-0.552626
195.7110,-16887,-44.210063,-0.552626
195.7210,-16887,-44.210063,-0.552626
195.7310,-16887,-44.210063,-0.552626
195.7410,-16888,-44.212684,-0.552659
195.7510,-16888,-44.212684,-0.552659
195.7610,-16888,-44.212684,-0.552659
195.7710,-16888,-44.212684,-0.552659
195.7810,-16888,-44.212684,-0.552659
195.7910,-16888,-44.212684,-0.552659
195.8010,-16889,-44.215297,-0.552691
195.8110,-16889,-44.215297,-0.552691
195.8210,-16889,-44.215297,-0.552691
195.8310,-16888,-44.212684,-0.552659
195.8410,-16889,-44.215297,-0.552691
195.8510,-16889,-44.215297,-0.552691
195.8610,-16889,-44.215297,-0.552691
195.8710,-16889,-44.215297,-0.552691
195.8810,-16890,-44.217918,-0.552724
195.8910,-16890,-44.217918,-0.552724
195.9010,-16890,-44.217918,-0.552724
195.9110,-16891,-44.220535,-0.552757
195.9210,-16891,-44.220535,-0.552757
195.9320,-16891,-44.220535,-0.552757
195.9410,-16891,-44.220535,-0.552757
195.9510,-16891,-44.220535,-0.552757
195.9610,-16891,-44.220535,-0.552757
195.9710,-16891,-44.220535,-0.552757
195.9810,-16892,-44.223155,-0.552789
195.9910,-16892,-44.223155,-0.552789
196.0010,-16892,-44.223155,-0.552789
196.0110,-16892,-44.223155,-0.552789
196.0210,-16892,-44.223155,-0.552789
196.0310,-16892,-44.223155,-0.552789
196.0410,-16892,-44.223155,-0.552789
196.0510,-16893,-44.225772,-0.552822
196.0610,-16893,-44.225772,-0.552822
196.0710,-16893,-44.225772,-0.552822
196.0810,-16893,-44.225772,-0.552822
196.0910,-16893,-44.225772,-0.552822
196.1010,-16893,-44.225772,-0.552822
196.1110,-16893,-44.225772,-0.552822
196.1210,-16894,-44.228389,-0.552855
196.1310,-16894,-44.228389,-0.552855
196.1410,-16894,-44.228389,-0.552855
196.1510,-16894,-44.228389,-0.552855
196.1610,-16894,-44.228389,-0.552855
196.1710,-16894,-44.228389,-0.552855
196.1810,-16895,-44.231006,-0.552888
196.1910,-16895,-44.231006,-0.552888
196.2010,-16895,-44.231006,-0.552888
196.2110,-16895,-44.231006,-0.552888
196.2210,-16896,-44.233627,-0.552920
196.2310,-16896,-44.233627,-0.552920
196.2410,-16896,-44.233627,-0.552920
196.2510,-16896,-44.233627,-0.552920
196.2610,-16896,-44.233627,-0.552920
196.2710,-16896,-44.233627,-0.552920
196.2810,-16896,-44.233627,-0.552920
196.2910,-16896,-44.233627,-0.552920
196.3010,-16896,-44.233627,-0.552920
196.3110,-16896,-44.233627,-0.552920
196.3210,-16896,-44.233627,-0.552920
196.3310,-16897,-44.236244,-0.552953
196.3410,-16897,-44.236244,-0.552953
196.3510,-16897,-44.236244,-0.552953
196.3610,-16897,-44.236244,-0.552953
196.3710,-16897,-44.236244,-0.552953
196.3810,-16897,-44.236244,-0.552953
196.3910,-16897,-44.236244,-0.552953
196.4010,-16898,-44.238861,-0.552986
196.4110,-16898,-44.238861,-0.552986
196.4210,-16898,-44.238861,-0.552986
196.4310,-16898,-44.238861,-0.552986
196.4410,-16898,-44.238861,-0.552986
196.4510,-16898,-44.238861,-0.552986
196.4610,-16898,-44.238861,-0.552986
196.4710,-16898,-44.238861,-0.552986
196.4810,-16898,-44.238861,-0.552986
196.4910,-16898,-44.238861,-0.552986
196.5010,-16898,-44.238861,-0.552986
196.5110,-16898,-44.238861,-0.552986
196.5210,-16898,-44.238861,-0.552986
196.5310,-16899,-44.241481,-0.553018
196.5410,-16899,-44.241481,-0.553018
196.5510,-16899,-44.241481,-0.553018
196.5610,-16899,-44.241481,-0.553018
196.5720,-16899,-44.241481,-0.553018
196.5810,-16899,-44.241481,-0.553018
196.5910,-16899,-44.241481,-0.553018
196.6010,-16899,-44.241481,-0.553018
196.6110,-16899,-44.241481,-0.553018
196.6210,-16899,-44.241481,-0.553018
196.6310,-16899,-44.241481,-0.553018
196.6410,-16899,-44.241481,-0.553018
196.6510,-16899,-44.241481,-0.553018
196.6610,-16899,-44.241481,-0.553018
196.6710,-16900,-44.244098,-0.553051
196.6810,-16900,-44.244098,-0.553051
196.6910,-16900,-44.244098,-0.553051
196.7010,-16900,-44.244098,-0.553051
196.7110,-16900,-44.244098,-0.553051
196.7210,-16900,-44.244098,-0.553051
196.7310,-16900,-44.244098,-0.553051
196.7410,-16900,-44.244098,-0.553051
196.7510,-16900,-44.244098,-0.553051
196.7610,-16900,-44.244098,-0.553051
196.7710,-16900,-44.244098,-0.553051
196.7810,-16900,-44.244098,-0.553051
196.7910,-16900,-44.244098,-0.553051
196.8010,-16900,-44.244098,-0.553051
196.8110,-16900,-44.244098,-0.553051
196.8210,-16900,-44.244098,-0.553051
196.8310,-16900,-44.244098,-0.553051
196.8410,-16900,-44.244098,-0.553051
196.8510,-16900,-44.244098,-0.553051
196.8610,-16900,-44.244098,-0.553051
196.8710,-16900,-44.244098,-0.553051
196.8810,-16900,-44.244098,-0.553051
196.8910,-16900,-44.244098,-0.553051
196.9010,-16900,-44.244098,-0.553051
196.9110,-16900,-44.244098,-0.553051
196.9210,-16900,-44.244098,-0.553051
196.9310,-16900,-44.244098,-0.553051
196.9410,-16900,-44.244098,-0.553051
196.9510,-16901,-44.246715,-0.553084
196.9610,-16901,-44.246715,-0.553084
196.9710,-16901,-44.246715,-0.553084
196.9810,-16901,-44.246715,-0.553084
196.9910,-16901,-44.246715,-0.553084
197.0010,-16901,-44.246715,-0.553084
197.0110,-16901,-44.246715,-0.553084
197.0210,-16901,-44.246715,-0.553084
197.0310,-16901,-44.246715,-0.553084
197.0410,-16901,-44.246715,-0.553084
197.0510,-16901,-44.246715,-0.553084
197.0610,-16901,-44.246715,-0.553084
197.0710,-16901,-44.246715,-0.553084
197.0810,-16901,-44.246715,-0.553084
197.0910,-16901,-44.246715,-0.553084
197.1010,-16901,-44.246715,-0.553084
197.1110,-16901,-44.246715,-0.553084
197.1210,-16901,-44.246715,-0.553084
197.1310,-16901,-44.246715,-0.553084
197.1410,-16901,-44.246715,-0.553084
197.1510,-16902,-44.249332,-0.553117
197.1610,-16902,-44.249332,-0.553117
197.1710,-16902,-44.249332,-0.553117
197.1810,-16902,-44.249332,-0.553117
197.1910,-16902,-44.249332,-0.553117
197.2010,-16902,-44.249332,-0.553117
197.2120,-16902,-44.249332,-0.553117
197.2210,-16902,-44.249332,-0.553117
197.2310,-16902,-44.249332,-0.553117
197.2410,-16902,-44.249332,-0.553117
197.2510,-16902,-44.249332,-0.553117
197.2610,-16902,-44.249332,-0.553117
197.2710,-16902,-44.249332,-0.553117
197.2810,-16902,-44.249332,-0.553117
197.2910,-16902,-44.249332,-0.553117
197.3010,-16902,-44.249332,-0.553117
197.3110,-16902,-44.249332,-0.553117
197.3210,-16902,-44.249332,-0.553117
197.3310,-16902,-44.249332,-0.553117
197.3410,-16902,-44.249332,-0.553117
197.3510,-16902,-44.249332,-0.553117
197.3610,-16902,-44.249332,-0.553117
197.3710,-16903,-44.251953,-0.553149
197.3810,-16903,-44.251953,-0.553149
197.3910,-16903,-44.251953,-0.553149
197.4010,-16903,-44.251953,-0.553149
197.4110,-16903,-44.251953,-0.553149
197.4210,-16903,-44.251953,-0.553149
197.4310,-16903,-44.251953,-0.553149
197.4410,-16903,-44.251953,-0.553149
197.4510,-16903,-44.251953,-0.553149
197.4610,-16903,-44.251953,-0.553149
197.4710,-16903,-44.251953,-0.553149
197.4810,-16903,-44.251953,-0.553149
197.4910,-16903,-44.251953,-0.553149
197.5010,-16903,-44.251953,-0.553149
197.5110,-16903,-44.251953,-0.553149
197.5210,-16903,-44.251953,-0.553149
197.5310,-16903,-44.251953,-0.553149
197.5410,-16903,-44.251953,-0.553149
197.5510,-16903,-44.251953,-0.553149
197.5610,-16903,-44.251953,-0.553149
197.5710,-16904,-44.254570,-0.553182
197.5810,-16904,-44.254570,-0.553182
197.5910,-16904,-44.254570,-0.553182
197.6010,-16904,-44.254570,-0.553182
197.6110,-16904,-44.254570,-0.553182
197.6210,-16904,-44.254570,-0.553182
197.6310,-16904,-44.254570,-0.553182
197.6410,-16904,-44.254570,-0.553182
197.6510,-16904,-44.254570,-0.553182
197.6610,-16904,-44.254570,-0.553182
197.6710,-16904,-44.254570,-0.553182
197.6810,-16904,-44.254570,-0.553182
197.6910,-16904,-44.254570,-0.553182
197.7010,-16904,-44.254570,-0.553182
197.7110,-16904,-44.254570,-0.553182
197.7210,-16904,-44.254570,-0.553182
197.7310,-16904,-44.254570,-0.553182
197.7410,-16904,-44.254570,-0.553182
197.7510,-16904,-44.254570,-0.553182
197.7610,-16904,-44.254570,-0.553182
197.7710,-16904,-44.254570,-0.553182
197.7810,-16905,-44.257186,-0.553215
197.7910,-16905,-44.257186,-0.553215
197.8010,-16905,-44.257186,-0.553215
197.8110,-16905,-44.257186,-0.553215
197.8210,-16905,-44.257186,-0.553215
197.8310,-16905,-44.257186,-0.553215
197.8410,-16905,-44.257186,-0.553215
197.8520,-16905,-44.257186,-0.553215
197.8610,-16905,-44.257186,-0.553215
197.8710,-16905,-44.257186,-0.553215
197.8810,-16905,-44.257186,-0.553215
197.8910,-16905,-44.257186,-0.553215
197.9010,-16905,-44.257186,-0.553215
197.9110,-16905,-44.257186,-0.553215
197.9210,-16905,-44.257186,-0.553215
197.9310,-16905,-44.257186,-0.553215
197.9410,-16905,-44.257186,-0.553215
197.9510,-16905,-44.257186,-0.553215
197.9610,-16905,-44.257186,-0.553215
197.9710,-16905,-44.257186,-0.553215
197.9810,-16905,-44.257186,-0.553215
197.9910,-16905,-44.257186,-0.553215
198.0010,-16906,-44.259803,-0.553248
198.0110,-16906,-44.259803,-0.553248
198.0210,-16906,-44.259803,-0.553248
198.0310,-16906,-44.259803,-0.553248
198.0410,-16906,-44.259803,-0.553248
198.0510,-16906,-44.259803,-0.553248
198.0610,-16906,-44.259803,-0.553248
198.0710,-16906,-44.259803,-0.553248
198.0810,-16906,-44.259803,-0.553248
198.0910,-16906,-44.259803,-0.553248
198.1010,-16906,-44.259803,-0.553248
198.1110,-16906,-44.259803,-0.553248
198.1210,-16906,-44.259803,-0.553248
198.1310,-16906,-44.259803,-0.553248
198.1410,-16906,-44.259803,-0.553248
198.1510,-16906,-44.259803,-0.553248
198.1610,-16906,-44.259803,-0.553248
198.1710,-16906,-44.259803,-0.553248
198.1810,-16906,-44.259803,-0.553248
198.1910,-16906,-44.259803,-0.553248
198.2010,-16906,-44.259803,-0.553248
198.2110,-16906,-44.259803,-0.553248
198.2210,-16906,-44.259803,-0.553248
198.2310,-16906,-44.259803,-0.553248
198.2410,-16906,-44.259803,-0.553248
198.2510,-16906,-44.259803,-0.553248
198.2610,-16907,-44.262424,-0.553280
198.2710,-16907,-44.262424,-0.553280
198.2810,-16907,-44.262424,-0.553280
198.2910,-16907,-44.262424,-0.553280
198.3010,-16907,-44.262424,-0.553280
198.3110,-16907,-44.262424,-0.553280
198.3210,-16907,-44.262424,-0.553280
198.3310,-16907,-44.262424,-0.553280
198.3410,-16907,-44.262424,-0.553280
198.3510,-16907,-44.262424,-0.553280
198.3610,-16907,-44.262424,-0.553280
198.3710,-16907,-44.262424,-0.553280
198.3810,-16907,-44.262424,-0.553280
198.3910,-16907,-44.262424,-0.553280
198.4010,-16907,-44.262424,-0.553280
198.4110,-16907,-44.262424,-0.553280
198.4210,-16907,-44.262424,-0.553280
198.4310,-16907,-44.262424,-0.553280
198.4410,-16907,-44.262424,-0.553280
198.4510,-16907,-44.262424,-0.553280
198.4610,-16907,-44.262424,-0.553280
198.4710,-16907,-44.262424,-0.553280
198.4810,-16908,-44.265041,-0.553313
198.4920,-16908,-44.265041,-0.553313
198.5010,-16908,-44.265041,-0.553313
198.5110,-16908,-44.265041,-0.553313
198.5210,-16908,-44.265041,-0.553313
198.5310,-16908,-44.265041,-0.553313
198.5410,-16908,-44.265041,-0.553313
198.5510,-16908,-44.265041,-0.553313
198.5610,-16908,-44.265041,-0.553313
198.5710,-16908,-44.265041,-0.553313
198.5810,-16908,-44.265041,-0.553313
198.5910,-16908,-44.265041,-0.553313
198.6010,-16908,-44.265041,-0.553313
198.6110,-16908,-44.265041,-0.553313
198.6210,-16908,-44.265041,-0.553313
198.6310,-16908,-44.265041,-0.553313
198.6410,-16908,-44.265041,-0.553313
198.6510,-16908,-44.265041,-0.553313
198.6610,-16908,-44.265041,-0.553313
198.6710,-16908,-44.265041,-0.553313
198.6810,-16908,-44.265041,-0.553313
198.6910,-16908,-44.265041,-0.553313
198.7010,-16908,-44.265041,-0.553313
198.7110,-16909,-44.267662,-0.553346
198.7210,-16909,-44.267662,-0.553346
198.7310,-16909,-44.267662,-0.553346
198.7410,-16909,-44.267662,-0.553346
198.7510,-16909,-44.267662,-0.553346
198.7610,-16909,-44.267662,-0.553346
198.7710,-16909,-44.267662,-0.553346
198.7810,-16909,-44.267662,-0.553346
198.7910,-16909,-44.267662,-0.553346
198.8010,-16909,-44.267662,-0.553346
198.8110,-16909,-44.267662,-0.553346
198.8210,-16909,-44.267662,-0.553346
198.8310,-16909,-44.267662,-0.553346
198.8410,-16909,-44.267662,-0.553346
198.8510,-16909,-44.267662,-0.553346
198.8610,-16909,-44.267662,-0.553346
198.8710,-16909,-44.267662,-0.553346
198.8810,-16909,-44.267662,-0.553346
198.8910,-16909,-44.267662,-0.553346
198.9010,-16909,-44.267662,-0.553346
198.9110,-16909,-44.267662,-0.553346
198.9210,-16909,-44.267662,-0.553346
198.9310,-16909,-44.267662,-0.553346
198.9410,-16910,-44.270275,-0.553378
198.9510,-16910,-44.270275,-0.553378
198.9610,-16910,-44.270275,-0.553378
198.9710,-16910,-44.270275,-0.553378
198.9810,-16910,-44.270275,-0.553378
198.9910,-16910,-44.270275,-0.553378
199.0010,-16910,-44.270275,-0.553378
199.0110,-16910,-44.270275,-0.553378
199.0210,-16910,-44.270275,-0.553378
199.0310,-16910,-44.270275,-0.553378
199.0410,-16910,-44.270275,-0.553378
199.0510,-16910,-44.270275,-0.553378
199.0610,-16910,-44.270275,-0.553378
199.0710,-16910,-44.270275,-0.553378
199.0810,-16910,-44.270275,-0.553378
199.0910,-16910,-44.270275,-0.553378
199.1010,-16910,-44.270275,-0.553378
199.1110,-16910,-44.270275,-0.553378
199.1210,-16910,-44.270275,-0.553378
199.1320,-16910,-44.270275,-0.553378
199.1410,-16910,-44.270275,-0.553378
199.1510,-16910,-44.270275,-0.553378
199.1610,-16910,-44.270275,-0.553378
199.1710,-16910,-44.270275,-0.553378
199.1810,-16910,-44.270275,-0.553378
199.1910,-16910,-44.270275,-0.553378
199.2010,-16910,-44.270275,-0.553378
199.2110,-16911,-44.272895,-0.553411
199.2210,-16911,-44.272895,-0.553411
199.2310,-16911,-44.272895,-0.553411
199.2410,-16911,-44.272895,-0.553411
199.2510,-16911,-44.272895,-0.553411
199.2610,-16911,-44.272895,-0.553411
199.2710,-16911,-44.272895,-0.553411
199.2810,-16911,-44.272895,-0.553411
199.2910,-16911,-44.272895,-0.553411
199.3010,-16911,-44.272895,-0.553411
199.3110,-16911,-44.272895,-0.553411
199.3210,-16911,-44.272895,-0.553411
199.3310,-16911,-44.272895,-0.553411
199.3410,-16911,-44.272895,-0.553411
199.3510,-16911,-44.272895,-0.553411
199.3610,-16911,-44.272895,-0.553411
199.3710,-16911,-44.272895,-0.553411
199.3810,-16911,-44.272895,-0.553411
199.3910,-16911,-44.272895,-0.553411
199.4010,-16911,-44.272895,-0.553411
199.4110,-16911,-44.272895,-0.553411
199.4210,-16911,-44.272895,-0.553411
199.4310,-16911,-44.272895,-0.553411
199.4410,-16911,-44.272895,-0.553411
199.4510,-16912,-44.275512,-0.553444
199.4610,-16912,-44.275512,-0.553444
199.4710,-16912,-44.275512,-0.553444
199.4810,-16912,-44.275512,-0.553444
199.4910,-16912,-44.275512,-0.553444
199.5010,-16912,-44.275512,-0.553444
199.5110,-16912,-44.275512,-0.553444
199.5210,-16912,-44.275512,-0.553444
199.5310,-16912,-44.275512,-0.553444
199.5410,-16912,-44.275512,-0.553444
199.5510,-16912,-44.275512,-0.553444
199.5610,-16912,-44.275512,-0.553444
199.5710,-16912,-44.275512,-0.553444
199.5810,-16912,-44.275512,-0.553444
199.5910,-16912,-44.275512,-0.553444
199.6010,-16912,-44.275512,-0.553444
199.6110,-16912,-44.275512,-0.553444
199.6210,-16912,-44.275512,-0.553444
199.6310,-16912,-44.275512,-0.553444
199.6410,-16912,-44.275512,-0.553444
199.6510,-16913,-44.278133,-0.553477
199.6610,-16913,-44.278133,-0.553477
199.6710,-16913,-44.278133,-0.553477
199.6810,-16913,-44.278133,-0.553477
199.6910,-16913,-44.278133,-0.553477
199.7010,-16913,-44.278133,-0.553477
199.7110,-16913,-44.278133,-0.553477
199.7210,-16913,-44.278133,-0.553477
199.7310,-16913,-44.278133,-0.553477
199.7410,-16913,-44.278133,-0.553477
199.7510,-16913,-44.278133,-0.553477
199.7610,-16913,-44.278133,-0.553477
199.7720,-16913,-44.278133,-0.553477
199.7810,-16913,-44.278133,-0.553477
199.7910,-16913,-44.278133,-0.553477
199.8010,-16914,-44.280750,-0.553509
199.8110,-16914,-44.280750,-0.553509
199.8210,-16914,-44.280750,-0.553509
199.8310,-16914,-44.280750,-0.553509
199.8410,-16914,-44.280750,-0.553509
199.8510,-16914,-44.280750,-0.553509
199.8610,-16914,-44.280750,-0.553509
199.8710,-16914,-44.280750,-0.553509
199.8810,-16914,-44.280750,-0.553509
199.8910,-16914,-44.280750,-0.553509
199.9010,-16914,-44.280750,-0.553509
199.9110,-16914,-44.280750,-0.553509
199.9210,-16914,-44.280750,-0.553509
199.9310,-16914,-44.280750,-0.553509
199.9410,-16915,-44.283370,-0.553542
199.9510,-16915,-44.283370,-0.553542
199.9610,-16915,-44.283370,-0.553542
199.9710,-16915,-44.283370,-0.553542
199.9810,-16915,-44.283370,-0.553542
199.9910,-16915,-44.283370,-0.553542
200.0010,-16915,-44.283370,-0.553542
200.0110,-16915,-44.283370,-0.553542
200.0210,-16915,-44.283370,-0.553542
200.0310,-16915,-44.283370,-0.553542
200.0410,-16915,-44.283370,-0.553542
200.0510,-16916,-44.285984,-0.553575
200.0610,-16916,-44.285984,-0.553575
200.0710,-16916,-44.285984,-0.553575
200.0810,-16916,-44.285984,-0.553575
200.0910,-16916,-44.285984,-0.553575
200.1010,-16916,-44.285984,-0.553575
200.1110,-16916,-44.285984,-0.553575
200.1210,-16916,-44.285984,-0.553575
200.1310,-16916,-44.285984,-0.553575
200.1410,-16916,-44.285984,-0.553575
200.1510,-16916,-44.285984,-0.553575
200.1610,-16916,-44.285984,-0.553575
200.1710,-16916,-44.285984,-0.553575
200.1810,-16916,-44.285984,-0.553575
200.1910,-16917,-44.288604,-0.553608
200.2010,-16917,-44.288604,-0.553608
200.2110,-16917,-44.288604,-0.553608
200.2210,-16917,-44.288604,-0.553608
200.2310,-16917,-44.288604,-0.553608
200.2410,-16917,-44.288604,-0.553608
200.2510,-16917,-44.288604,-0.553608
200.2610,-16917,-44.288604,-0.553608
200.2710,-16917,-44.288604,-0.553608
200.2810,-16918,-44.291221,-0.553640
200.2910,-16918,-44.291221,-0.553640
200.3010,-16918,-44.291221,-0.553640
200.3110,-16918,-44.291221,-0.553640
200.3210,-16918,-44.291221,-0.553640
200.3310,-16918,-44.291221,-0.553640
200.3410,-16919,-44.293838,-0.553673
200.3510,-16919,-44.293838,-0.553673
200.3610,-16919,-44.293838,-0.553673
200.3710,-16919,-44.293838,-0.553673
200.3810,-16919,-44.293838,-0.553673
200.3910,-16919,-44.293838,-0.553673
200.4010,-16919,-44.293838,-0.553673
200.4120,-16919,-44.293838,-0.553673
200.4210,-16920,-44.296459,-0.553706
200.4310,-16920,-44.296459,-0.553706
200.4410,-16920,-44.296459,-0.553706
200.4510,-16920,-44.296459,-0.553706
200.4610,-16920,-44.296459,-0.553706
200.4710,-16920,-44.296459,-0.553706
200.4810,-16920,-44.296459,-0.553706
200.4910,-16920,-44.296459,-0.553706
200.5010,-16920,-44.296459,-0.553706
200.5110,-16920,-44.296459,-0.553706
200.5210,-16920,-44.296459,-0.553706
200.5310,-16920,-44.296459,-0.553706
200.5410,-16920,-44.296459,-0.553706
200.5510,-16920,-44.296459,-0.553706
200.5610,-16921,-44.299076,-0.553738
200.5710,-16921,-44.299076,-0.553738
200.5810,-16921,-44.299076,-0.553738
200.5910,-16921,-44.299076,-0.553738
200.6010,-16921,-44.299076,-0.553738
200.6110,-16921,-44.299076,-0.553738
200.6210,-16921,-44.299076,-0.553738
200.6310,-16921,-44.299076,-0.553738
200.6410,-16921,-44.299076,-0.553738
200.6510,-16921,-44.299076,-0.553738
200.6610,-16921,-44.299076,-0.553738
200.6710,-16921,-44.299076,-0.553738
200.6810,-16921,-44.299076,-0.553738
200.6910,-16921,-44.299076,-0.553738
200.7010,-16922,-44.301692,-0.553771
200.7110,-16922,-44.301692,-0.553771
200.7210,-16922,-44.301692,-0.553771
200.7310,-16922,-44.301692,-0.553771
200.7410,-16922,-44.301692,-0.553771
200.7510,-16922,-44.301692,-0.553771
200.7610,-16922,-44.301692,-0.553771
200.7710,-16922,-44.301692,-0.553771
200.7810,-16922,-44.301692,-0.553771
200.7910,-16922,-44.301692,-0.553771
200.8010,-16922,-44.301692,-0.553771
200.8110,-16922,-44.301692,-0.553771
200.8210,-16922,-44.301692,-0.553771
200.8310,-16922,-44.301692,-0.553771
200.8410,-16922,-44.301692,-0.553771
200.8510,-16922,-44.301692,-0.553771
200.8610,-16922,-44.301692,-0.553771
200.8710,-16922,-44.301692,-0.553771
200.8810,-16922,-44.301692,-0.553771
200.8910,-16922,-44.301692,-0.553771
200.9010,-16922,-44.301692,-0.553771
200.9110,-16922,-44.301692,-0.553771
200.9210,-16922,-44.301692,-0.553771
200.9310,-16923,-44.304309,-0.553804
200.9410,-16923,-44.304309,-0.553804
200.9510,-16923,-44.304309,-0.553804
200.9610,-16923,-44.304309,-0.553804
200.9710,-16923,-44.304309,-0.553804
200.9810,-16923,-44.304309,-0.553804
200.9910,-16923,-44.304309,-0.553804
201.0010,-16923,-44.304309,-0.553804
201.0110,-16923,-44.304309,-0.553804
201.0210,-16923,-44.304309,-0.553804
201.0310,-16923,-44.304309,-0.553804
201.0410,-16923,-44.304309,-0.553804
201.0520,-16923,-44.304309,-0.553804
201.0610,-16923,-44.304309,-0.553804
201.0710,-16923,-44.304309,-0.553804
201.0810,-16923,-44.304309,-0.553804
201.0910,-16923,-44.304309,-0.553804
201.1010,-16923,-44.304309,-0.553804
201.1110,-16923,-44.304309,-0.553804
201.1210,-16923,-44.304309,-0.553804
201.1310,-16923,-44.304309,-0.553804
201.1410,-16923,-44.304309,-0.553804
201.1510,-16923,-44.304309,-0.553804
201.1610,-16923,-44.304309,-0.553804
201.1710,-16923,-44.304309,-0.553804
201.1810,-16923,-44.304309,-0.553804
201.1910,-16923,-44.304309,-0.553804
201.2010,-16923,-44.304309,-0.553804
201.2110,-16924,-44.306930,-0.553837
201.2210,-16924,-44.306930,-0.553837
201.2310,-16924,-44.306930,-0.553837
201.2410,-16924,-44.306930,-0.553837
201.2510,-16924,-44.306930,-0.553837
201.2610,-16924,-44.306930,-0.553837
201.2710,-16924,-44.306930,-0.553837
201.2810,-16924,-44.306930,-0.553837
201.2910,-16924,-44.306930,-0.553837
201.3010,-16924,-44.306930,-0.553837
201.3110,-16924,-44.306930,-0.553837
201.3210,-16924,-44.306930,-0.553837
201.3310,-16924,-44.306930,-0.553837
201.3410,-16924,-44.306930,-0.553837
201.3510,-16924,-44.306930,-0.553837
201.3610,-16924,-44.306930,-0.553837
201.3710,-16924,-44.306930,-0.553837
201.3810,-16924,-44.306930,-0.553837
201.3910,-16924,-44.306930,-0.553837
201.4010,-16924,-44.306930,-0.553837
201.4110,-16924,-44.306930,-0.553837
201.4210,-16924,-44.306930,-0.553837
201.4310,-16924,-44.306930,-0.553837
201.4410,-16924,-44.306930,-0.553837
201.4510,-16924,-44.306930,-0.553837
201.4610,-16924,-44.306930,-0.553837
201.4710,-16924,-44.306930,-0.553837
201.4810,-16924,-44.306930,-0.553837
201.4910,-16924,-44.306930,-0.553837
201.5010,-16924,-44.306930,-0.553837
201.5110,-16924,-44.306930,-0.553837
201.5210,-16924,-44.306930,-0.553837
201.5310,-16924,-44.306930,-0.553837
201.5410,-16924,-44.306930,-0.553837
201.5510,-16924,-44.306930,-0.553837
201.5610,-16924,-44.306930,-0.553837
201.5710,-16924,-44.306930,-0.553837
201.5810,-16924,-44.306930,-0.553837
201.5910,-16925,-44.309547,-0.553869
201.6010,-16925,-44.309547,-0.553869
201.6110,-16925,-44.309547,-0.553869
201.6210,-16925,-44.309547,-0.553869
201.6310,-16925,-44.309547,-0.553869
201.6410,-16925,-44.309547,-0.553869
201.6510,-16925,-44.309547,-0.553869
201.6610,-16925,-44.309547,-0.553869
201.6710,-16925,-44.309547,-0.553869
201.6810,-16925,-44.309547,-0.553869
201.6920,-16925,-44.309547,-0.553869
201.7010,-16925,-44.309547,-0.553869
201.7110,-16925,-44.309547,-0.553869
201.7210,-16925,-44.309547,-0.553869
201.7310,-16925,-44.309547,-0.553869
201.7410,-16925,-44.309547,-0.553869
201.7510,-16925,-44.309547,-0.553869
201.7610,-16925,-44.309547,-0.553869
201.7710,-16925,-44.309547,-0.553869
201.7810,-16925,-44.309547,-0.553869
201.7910,-16925,-44.309547,-0.553869
201.8010,-16925,-44.309547,-0.553869
201.8110,-16925,-44.309547,-0.553869
201.8210,-16925,-44.309547,-0.553869
201.8310,-16925,-44.309547,-0.553869
201.8410,-16925,-44.309547,-0.553869
201.8510,-16925,-44.309547,-0.553869
201.8610,-16925,-44.309547,-0.553869
201.8710,-16926,-44.312164,-0.553902
201.8810,-16926,-44.312164,-0.553902
201.8910,-16926,-44.312164,-0.553902
201.9010,-16926,-44.312164,-0.553902
201.9110,-16926,-44.312164,-0.553902
201.9210,-16926,-44.312164,-0.553902
201.9310,-16926,-44.312164,-0.553902
201.9410,-16926,-44.312164,-0.553902
201.9510,-16926,-44.312164,-0.553902
201.9610,-16926,-44.312164,-0.553902
201.9710,-16926,-44.312164,-0.553902
201.9810,-16926,-44.312164,-0.553902
201.9910,-16926,-44.312164,-0.553902
202.0010,-16926,-44.312164,-0.553902
202.0110,-16926,-44.312164,-0.553902
202.0210,-16926,-44.312164,-0.553902
202.0310,-16926,-44.312164,-0.553902
202.0410,-16926,-44.312164,-0.553902
202.0510,-16926,-44.312164,-0.553902
202.0610,-16926,-44.312164,-0.553902
202.0710,-16926,-44.312164,-0.553902
202.0810,-16926,-44.312164,-0.553902
202.0910,-16926,-44.312164,-0.553902
202.1010,-16926,-44.312164,-0.553902
202.1110,-16926,-44.312164,-0.553902
202.1210,-16926,-44.312164,-0.553902
202.1310,-16926,-44.312164,-0.553902
202.1410,-16926,-44.312164,-0.553902
202.1510,-16926,-44.312164,-0.553902
202.1610,-16926,-44.312164,-0.553902
202.1710,-16926,-44.312164,-0.553902
202.1810,-16926,-44.312164,-0.553902
202.1910,-16926,-44.312164,-0.553902
202.2010,-16926,-44.312164,-0.553902
202.2110,-16926,-44.312164,-0.553902
202.2210,-16927,-44.314781,-0.553935
202.2310,-16927,-44.314781,-0.553935
202.2410,-16927,-44.314781,-0.553935
202.2510,-16927,-44.314781,-0.553935
202.2610,-16927,-44.314781,-0.553935
202.2710,-16927,-44.314781,-0.553935
202.2810,-16927,-44.314781,-0.553935
202.2910,-16927,-44.314781,-0.553935
202.3010,-16927,-44.314781,-0.553935
202.3110,-16927,-44.314781,-0.553935
202.3210,-16927,-44.314781,-0.553935
202.3320,-16927,-44.314781,-0.553935
202.3410,-16927,-44.314781,-0.553935
202.3510,-16927,-44.314781,-0.553935
202.3610,-16927,-44.314781,-0.553935
202.3710,-16927,-44.314781,-0.553935
202.3810,-16927,-44.314781,-0.553935
202.3910,-16927,-44.314781,-0.553935
202.4010,-16927,-44.314781,-0.553935
202.4110,-16927,-44.314781,-0.553935
202.4210,-16927,-44.314781,-0.553935
202.4310,-16927,-44.314781,-0.553935
202.4410,-16927,-44.314781,-0.553935
202.4510,-16927,-44.314781,-0.553935
202.4610,-16927,-44.314781,-0.553935
202.4710,-16927,-44.314781,-0.553935
202.4810,-16927,-44.314781,-0.553935
202.4910,-16927,-44.314781,-0.553935
202.5010,-16927,-44.314781,-0.553935
202.5110,-16927,-44.314781,-0.553935
202.5210,-16927,-44.314781,-0.553935
202.5310,-16927,-44.314781,-0.553935
202.5410,-16927,-44.314781,-0.553935
202.5510,-16927,-44.314781,-0.553935
202.5610,-16927,-44.314781,-0.553935
202.5710,-16927,-44.314781,-0.553935
202.5810,-16927,-44.314781,-0.553935
202.5910,-16927,-44.314781,-0.553935
202.6010,-16927,-44.314781,-0.553935
202.6110,-16927,-44.314781,-0.553935
202.6210,-16927,-44.314781,-0.553935
202.6310,-16927,-44.314781,-0.553935
202.6410,-16928,-44.317401,-0.553968
202.6510,-16928,-44.317401,-0.553968
202.6610,-16928,-44.317401,-0.553968
202.6710,-16928,-44.317401,-0.553968
202.6810,-16928,-44.317401,-0.553968
202.6910,-16928,-44.317401,-0.553968
202.7010,-16928,-44.317401,-0.553968
202.7110,-16928,-44.317401,-0.553968
202.7210,-16928,-44.317401,-0.553968
202.7310,-16928,-44.317401,-0.553968
202.7410,-16928,-44.317401,-0.553968
202.7510,-16928,-44.317401,-0.553968
202.7610,-16928,-44.317401,-0.553968
202.7710,-16928,-44.317401,-0.553968
202.7810,-16928,-44.317401,-0.553968
202.7910,-16928,-44.317401,-0.553968
202.8010,-16928,-44.317401,-0.553968
202.8110,-16928,-44.317401,-0.553968
202.8210,-16928,-44.317401,-0.553968
202.8310,-16928,-44.317401,-0.553968
202.8410,-16928,-44.317401,-0.553968
202.8510,-16928,-44.317401,-0.553968
202.8610,-16928,-44.317401,-0.553968
202.8710,-16928,-44.317401,-0.553968
202.8810,-16928,-44.317401,-0.553968
202.8910,-16928,-44.317401,-0.553968
202.9010,-16928,-44.317401,-0.553968
202.9110,-16928,-44.317401,-0.553968
202.9210,-16928,-44.317401,-0.553968
202.9310,-16928,-44.317401,-0.553968
202.9410,-16928,-44.317401,-0.553968
202.9510,-16928,-44.317401,-0.553968
202.9610,-16928,-44.317401,-0.553968
202.9720,-16928,-44.317401,-0.553968
202.9810,-16928,-44.317401,-0.553968
202.9910,-16928,-44.317401,-0.553968
203.0010,-16928,-44.317401,-0.553968
203.0110,-16928,-44.317401,-0.553968
203.0210,-16928,-44.317401,-0.553968
203.0310,-16928,-44.317401,-0.553968
203.0410,-16928,-44.317401,-0.553968
203.0510,-16928,-44.317401,-0.553968
203.0610,-16928,-44.317401,-0.553968
203.0710,-16928,-44.317401,-0.553968
203.0810,-16928,-44.317401,-0.553968
203.0910,-16928,-44.317401,-0.553968
203.1010,-16928,-44.317401,-0.553968
203.1110,-16928,-44.317401,-0.553968
203.1210,-16929,-44.320018,-0.554000
203.1310,-16929,-44.320018,-0.554000
203.1410,-16929,-44.320018,-0.554000
203.1510,-16929,-44.320018,-0.554000
203.1610,-16929,-44.320018,-0.554000
203.1710,-16929,-44.320018,-0.554000
203.1810,-16929,-44.320018,-0.554000
203.1910,-16929,-44.320018,-0.554000
203.2010,-16929,-44.320018,-0.554000
203.2110,-16929,-44.320018,-0.554000
203.2210,-16929,-44.320018,-0.554000
203.2310,-16929,-44.320018,-0.554000
203.2410,-16929,-44.320018,-0.554000
203.2510,-16929,-44.320018,-0.554000
203.2610,-16929,-44.320018,-0.554000
203.2710,-16929,-44.320018,-0.554000
203.2810,-16929,-44.320018,-0.554000
203.2910,-16929,-44.320018,-0.554000
203.3010,-16929,-44.320018,-0.554000
203.3110,-16929,-44.320018,-0.554000
203.3210,-16929,-44.320018,-0.554000
203.3310,-16929,-44.320018,-0.554000
203.3410,-16929,-44.320018,-0.554000
203.3510,-16929,-44.320018,-0.554000
203.3610,-16929,-44.320018,-0.554000
203.3710,-16929,-44.320018,-0.554000
203.3810,-16929,-44.320018,-0.554000
203.3910,-16929,-44.320018,-0.554000
203.4010,-16929,-44.320018,-0.554000
203.4110,-16929,-44.320018,-0.554000
203.4210,-16929,-44.320018,-0.554000
203.4310,-16929,-44.320018,-0.554000
203.4410,-16929,-44.320018,-0.554000
203.4510,-16929,-44.320018,-0.554000
203.4610,-16929,-44.320018,-0.554000
203.4710,-16930,-44.322639,-0.554033
203.4810,-16930,-44.322639,-0.554033
203.4910,-16930,-44.322639,-0.554033
203.5010,-16930,-44.322639,-0.554033
203.5110,-16930,-44.322639,-0.554033
203.5210,-16930,-44.322639,-0.554033
203.5310,-16930,-44.322639,-0.554033
203.5410,-16930,-44.322639,-0.554033
203.5510,-16930,-44.322639,-0.554033
203.5610,-16930,-44.322639,-0.554033
203.5710,-16930,-44.322639,-0.554033
203.5810,-16930,-44.322639,-0.554033
203.5910,-16930,-44.322639,-0.554033
203.6010,-16930,-44.322639,-0.554033
203.6120,-16930,-44.322639,-0.554033
203.6210,-16930,-44.322639,-0.554033
203.6310,-16930,-44.322639,-0.554033
203.6410,-16930,-44.322639,-0.554033
203.6510,-16930,-44.322639,-0.554033
203.6610,-16930,-44.322639,-0.554033
203.6710,-16930,-44.322639,-0.554033
203.6810,-16930,-44.322639,-0.554033
203.6910,-16930,-44.322639,-0.554033
203.7010,-16930,-44.322639,-0.554033
203.7110,-16930,-44.322639,-0.554033
203.7210,-16930,-44.322639,-0.554033
203.7310,-16930,-44.322639,-0.554033
203.7410,-16930,-44.322639,-0.554033
203.7510,-16930,-44.322639,-0.554033
203.7610,-16930,-44.322639,-0.554033
203.7710,-16930,-44.322639,-0.554033
203.7810,-16930,-44.322639,-0.554033
203.7910,-16931,-44.325256,-0.554066
203.8010,-16931,-44.325256,-0.554066
203.8110,-16931,-44.325256,-0.554066
203.8210,-16931,-44.325256,-0.554066
203.8310,-16931,-44.325256,-0.554066
203.8410,-16931,-44.325256,-0.554066
203.8510,-16931,-44.325256,-0.554066
203.8610,-16931,-44.325256,-0.554066
203.8710,-16931,-44.325256,-0.554066
203.8810,-16931,-44.325256,-0.554066
203.8910,-16931,-44.325256,-0.554066
203.9010,-16931,-44.325256,-0.554066
203.9110,-16931,-44.325256,-0.554066
203.9210,-16931,-44.325256,-0.554066
203.9310,-16931,-44.325256,-0.554066
203.9410,-16931,-44.325256,-0.554066
203.9510,-16931,-44.325256,-0.554066
203.9610,-16931,-44.325256,-0.554066
203.9710,-16931,-44.325256,-0.554066
203.9810,-16931,-44.325256,-0.554066
203.9910,-16931,-44.325256,-0.554066
204.0010,-16931,-44.325256,-0.554066
204.0110,-16931,-44.325256,-0.554066
204.0210,-16931,-44.325256,-0.554066
204.0310,-16931,-44.325256,-0.554066
204.0410,-16931,-44.325256,-0.554066
204.0510,-16931,-44.325256,-0.554066
204.0610,-16931,-44.325256,-0.554066
204.0710,-16931,-44.325256,-0.554066
204.0810,-16931,-44.325256,-0.554066
204.0910,-16931,-44.325256,-0.554066
204.1010,-16931,-44.325256,-0.554066
204.1110,-16931,-44.325256,-0.554066
204.1210,-16931,-44.325256,-0.554066
204.1310,-16931,-44.325256,-0.554066
204.1410,-16931,-44.325256,-0.554066
204.1510,-16931,-44.325256,-0.554066
204.1610,-16931,-44.325256,-0.554066
204.1710,-16932,-44.327873,-0.554098
204.1810,-16932,-44.327873,-0.554098
204.1910,-16932,-44.327873,-0.554098
204.2010,-16932,-44.327873,-0.554098
204.2110,-16932,-44.327873,-0.554098
204.2210,-16932,-44.327873,-0.554098
204.2310,-16932,-44.327873,-0.554098
204.2410,-16932,-44.327873,-0.554098
204.2520,-16932,-44.327873,-0.554098
204.2610,-16932,-44.327873,-0.554098
204.2710,-16932,-44.327873,-0.554098
204.2810,-16932,-44.327873,-0.554098
204.2910,-16932,-44.327873,-0.554098
204.3010,-16932,-44.327873,-0.554098
204.3110,-16932,-44.327873,-0.554098
204.3210,-16932,-44.327873,-0.554098
204.3310,-16932,-44.327873,-0.554098
204.3410,-16932,-44.327873,-0.554098
204.3510,-16932,-44.327873,-0.554098
204.3610,-16932,-44.327873,-0.554098
204.3710,-16932,-44.327873,-0.554098
204.3810,-16932,-44.327873,-0.554098
204.3910,-16932,-44.327873,-0.554098
204.4010,-16932,-44.327873,-0.554098
204.4110,-16932,-44.327873,-0.554098
204.4210,-16932,-44.327873,-0.554098
204.4310,-16932,-44.327873,-0.554098
204.4410,-16932,-44.327873,-0.554098
204.4510,-16932,-44.327873,-0.554098
204.4610,-16932,-44.327873,-0.554098
204.4710,-16932,-44.327873,-0.554098
204.4810,-16932,-44.327873,-0.554098
204.4910,-16932,-44.327873,-0.554098
204.5010,-16932,-44.327873,-0.554098
204.5110,-16932,-44.327873,-0.554098
204.5210,-16932,-44.327873,-0.554098
204.5310,-16932,-44.327873,-0.554098
204.5410,-16932,-44.327873,-0.554098
204.5510,-16932,-44.327873,-0.554098
204.5610,-16932,-44.327873,-0.554098
204.5710,-16932,-44.327873,-0.554098
204.5810,-16932,-44.327873,-0.554098
204.5910,-16932,-44.327873,-0.554098
204.6010,-16932,-44.327873,-0.554098
204.6110,-16932,-44.327873,-0.554098
204.6210,-16932,-44.327873,-0.554098
204.6310,-16932,-44.327873,-0.554098
204.6410,-16932,-44.327873,-0.554098
204.6510,-16933,-44.330490,-0.554131
204.6610,-16933,-44.330490,-0.554131
204.6710,-16933,-44.330490,-0.554131
204.6810,-16933,-44.330490,-0.554131
204.6910,-16933,-44.330490,-0.554131
204.7010,-16933,-44.330490,-0.554131
204.7110,-16933,-44.330490,-0.554131
204.7210,-16933,-44.330490,-0.554131
204.7310,-16933,-44.330490,-0.554131
204.7410,-16933,-44.330490,-0.554131
204.7510,-16933,-44.330490,-0.554131
204.7610,-16933,-44.330490,-0.554131
204.7710,-16933,-44.330490,-0.554131
204.7810,-16933,-44.330490,-0.554131
204.7910,-16933,-44.330490,-0.554131
204.8010,-16933,-44.330490,-0.554131
204.8110,-16933,-44.330490,-0.554131
204.8210,-16933,-44.330490,-0.554131
204.8310,-16933,-44.330490,-0.554131
204.8410,-16933,-44.330490,-0.554131
204.8510,-16933,-44.330490,-0.554131
204.8610,-16933,-44.330490,-0.554131
204.8710,-16933,-44.330490,-0.554131
204.8810,-16933,-44.330490,-0.554131
204.8920,-16933,-44.330490,-0.554131
204.9010,-16933,-44.330490,-0.554131
204.9110,-16933,-44.330490,-0.554131
204.9210,-16933,-44.330490,-0.554131
204.9310,-16933,-44.330490,-0.554131
204.9410,-16933,-44.330490,-0.554131
204.9510,-16933,-44.330490,-0.554131
204.9610,-16933,-44.330490,-0.554131
204.9710,-16933,-44.330490,-0.554131
204.9810,-16933,-44.330490,-0.554131
204.9910,-16933,-44.330490,-0.554131
205.0010,-16933,-44.330490,-0.554131
205.0110,-16933,-44.330490,-0.554131
205.0210,-16933,-44.330490,-0.554131
205.0310,-16933,-44.330490,-0.554131
205.0410,-16933,-44.330490,-0.554131
205.0510,-16933,-44.330490,-0.554131
205.0610,-16933,-44.330490,-0.554131
205.0710,-16934,-44.333110,-0.554164
205.0810,-16934,-44.333110,-0.554164
205.0910,-16934,-44.333110,-0.554164
205.1010,-16934,-44.333110,-0.554164
205.1110,-16934,-44.333110,-0.554164
205.1210,-16934,-44.333110,-0.554164
205.1310,-16934,-44.333110,-0.554164
205.1410,-16934,-44.333110,-0.554164
205.1510,-16934,-44.333110,-0.554164
205.1610,-16934,-44.333110,-0.554164
205.1710,-16934,-44.333110,-0.554164
205.1810,-16934,-44.333110,-0.554164
205.1910,-16934,-44.333110,-0.554164
205.2010,-16934,-44.333110,-0.554164
205.2110,-16934,-44.333110,-0.554164
205.2210,-16934,-44.333110,-0.554164
205.2310,-16934,-44.333110,-0.554164
205.2410,-16934,-44.333110,-0.554164
205.2510,-16934,-44.333110,-0.554164
205.2610,-16934,-44.333110,-0.554164
205.2710,-16934,-44.333110,-0.554164
205.2810,-16934,-44.333110,-0.554164
205.2910,-16934,-44.333110,-0.554164
205.3010,-16934,-44.333110,-0.554164
205.3110,-16934,-44.333110,-0.554164
205.3210,-16934,-44.333110,-0.554164
205.3310,-16934,-44.333110,-0.554164
205.3410,-16934,-44.333110,-0.554164
205.3510,-16934,-44.333110,-0.554164
205.3610,-16934,-44.333110,-0.554164
205.3710,-16934,-44.333110,-0.554164
205.3810,-16934,-44.333110,-0.554164
205.3910,-16934,-44.333110,-0.554164
205.4010,-16934,-44.333110,-0.554164
205.4110,-16934,-44.333110,-0.554164
205.4210,-16934,-44.333110,-0.554164
205.4310,-16934,-44.333110,-0.554164
205.4410,-16934,-44.333110,-0.554164
205.4510,-16934,-44.333110,-0.554164
205.4610,-16934,-44.333110,-0.554164
205.4710,-16934,-44.333110,-0.554164
205.4810,-16935,-44.335727,-0.554197
205.4910,-16935,-44.335727,-0.554197
205.5010,-16935,-44.335727,-0.554197
205.5110,-16935,-44.335727,-0.554197
205.5210,-16935,-44.335727,-0.554197
205.5320,-16935,-44.335727,-0.554197
205.5410,-16935,-44.335727,-0.554197
205.5510,-16935,-44.335727,-0.554197
205.5610,-16935,-44.335727,-0.554197
205.5710,-16935,-44.335727,-0.554197
205.5810,-16935,-44.335727,-0.554197
205.5910,-16935,-44.335727,-0.554197
205.6010,-16935,-44.335727,-0.554197
205.6110,-16935,-44.335727,-0.554197
205.6210,-16935,-44.335727,-0.554197
205.6310,-16935,-44.335727,-0.554197
205.6410,-16935,-44.335727,-0.554197
205.6510,-16935,-44.335727,-0.554197
205.6610,-16935,-44.335727,-0.554197
205.6710,-16935,-44.335727,-0.554197
205.6810,-16935,-44.335727,-0.554197
205.6910,-16935,-44.335727,-0.554197
205.7010,-16935,-44.335727,-0.554197
205.7110,-16935,-44.335727,-0.554197
205.7210,-16935,-44.335727,-0.554197
205.7310,-16935,-44.335727,-0.554197
205.7410,-16935,-44.335727,-0.554197
205.7510,-16935,-44.335727,-0.554197
205.7610,-16935,-44.335727,-0.554197
205.7710,-16935,-44.335727,-0.554197
205.7810,-16935,-44.335727,-0.554197
205.7910,-16935,-44.335727,-0.554197
205.8010,-16935,-44.335727,-0.554197
205.8110,-16935,-44.335727,-0.554197
205.8210,-16935,-44.335727,-0.554197
205.8310,-16936,-44.338348,-0.554229
205.8410,-16936,-44.338348,-0.554229
205.8510,-16936,-44.338348,-0.554229
205.8610,-16936,-44.338348,-0.554229
205.8710,-16936,-44.338348,-0.554229
205.8810,-16936,-44.338348,-0.554229
205.8910,-16936,-44.338348,-0.554229
205.9010,-16936,-44.338348,-0.554229
205.9110,-16936,-44.338348,-0.554229
205.9210,-16936,-44.338348,-0.554229
205.9310,-16936,-44.338348,-0.554229
205.9410,-16936,-44.338348,-0.554229
205.9510,-16936,-44.338348,-0.554229
205.9610,-16936,-44.338348,-0.554229
205.9710,-16936,-44.338348,-0.554229
205.9810,-16936,-44.338348,-0.554229
205.9910,-16936,-44.338348,-0.554229
206.0010,-16936,-44.338348,-0.554229
206.0110,-16936,-44.338348,-0.554229
206.0210,-16936,-44.338348,-0.554229
206.0310,-16936,-44.338348,-0.554229
206.0410,-16936,-44.338348,-0.554229
206.0510,-16936,-44.338348,-0.554229
206.0610,-16936,-44.338348,-0.554229
206.0710,-16936,-44.338348,-0.554229
206.0810,-16936,-44.338348,-0.554229
206.0910,-16936,-44.338348,-0.554229
206.1010,-16936,-44.338348,-0.554229
206.1110,-16936,-44.338348,-0.554229
206.1210,-16936,-44.338348,-0.554229
206.1310,-16936,-44.338348,-0.554229
206.1410,-16936,-44.338348,-0.554229
206.1510,-16936,-44.338348,-0.554229
206.1610,-16936,-44.338348,-0.554229
206.1720,-16936,-44.338348,-0.554229
206.1810,-16936,-44.338348,-0.554229
206.1910,-16936,-44.338348,-0.554229
206.2010,-16936,-44.338348,-0.554229
206.2110,-16936,-44.338348,-0.554229
206.2210,-16936,-44.338348,-0.554229
206.2310,-16936,-44.338348,-0.554229
206.2410,-16936,-44.338348,-0.554229
206.2510,-16936,-44.338348,-0.554229
206.2610,-16936,-44.338348,-0.554229
206.2710,-16936,-44.338348,-0.554229
206.2810,-16936,-44.338348,-0.554229
206.2910,-16936,-44.338348,-0.554229
206.3010,-16936,-44.338348,-0.554229
206.3110,-16936,-44.338348,-0.554229
206.3210,-16936,-44.338348,-0.554229
206.3310,-16936,-44.338348,-0.554229
206.3410,-16936,-44.338348,-0.554229
206.3510,-16936,-44.338348,-0.554229
206.3610,-16936,-44.338348,-0.554229
206.3710,-16936,-44.338348,-0.554229
206.3810,-16936,-44.338348,-0.554229
206.3910,-16937,-44.340961,-0.554262
206.4010,-16937,-44.340961,-0.554262
206.4110,-16937,-44.340961,-0.554262
206.4210,-16937,-44.340961,-0.554262
206.4310,-16937,-44.340961,-0.554262
206.4410,-16937,-44.340961,-0.554262
206.4510,-16937,-44.340961,-0.554262
206.4610,-16937,-44.340961,-0.554262
206.4710,-16937,-44.340961,-0.554262
206.4810,-16937,-44.340961,-0.554262
206.4910,-16937,-44.340961,-0.554262
206.5010,-16937,-44.340961,-0.554262
206.5110,-16937,-44.340961,-0.554262
206.5210,-16937,-44.340961,-0.554262
206.5310,-16937,-44.340961,-0.554262
206.5410,-16937,-44.340961,-0.554262
206.5510,-16937,-44.340961,-0.554262
206.5610,-16937,-44.340961,-0.554262
206.5710,-16937,-44.340961,-0.554262
206.5810,-16937,-44.340961,-0.554262
206.5910,-16937,-44.340961,-0.554262
206.6010,-16937,-44.340961,-0.554262
206.6110,-16937,-44.340961,-0.554262
206.6210,-16937,-44.340961,-0.554262
206.6310,-16937,-44.340961,-0.554262
206.6410,-16937,-44.340961,-0.554262
206.6510,-16937,-44.340961,-0.554262
206.6610,-16937,-44.340961,-0.554262
206.6710,-16937,-44.340961,-0.554262
206.6810,-16937,-44.340961,-0.554262
206.6910,-16937,-44.340961,-0.554262
206.7010,-16937,-44.340961,-0.554262
206.7110,-16937,-44.340961,-0.554262
206.7210,-16937,-44.340961,-0.554262
206.7310,-16937,-44.340961,-0.554262
206.7410,-16937,-44.340961,-0.554262
206.7510,-16937,-44.340961,-0.554262
206.7610,-16937,-44.340961,-0.554262
206.7710,-16937,-44.340961,-0.554262
206.7810,-16937,-44.340961,-0.554262
206.7910,-16937,-44.340961,-0.554262
206.8010,-16937,-44.340961,-0.554262
206.8120,-16937,-44.340961,-0.554262
206.8210,-16937,-44.340961,-0.554262
206.8310,-16937,-44.340961,-0.554262
206.8410,-16937,-44.340961,-0.554262
206.8510,-16937,-44.340961,-0.554262
206.8610,-16937,-44.340961,-0.554262
206.8710,-16938,-44.343582,-0.554295
206.8810,-16938,-44.343582,-0.554295
206.8910,-16938,-44.343582,-0.554295
206.9010,-16938,-44.343582,-0.554295
206.9110,-16938,-44.343582,-0.554295
206.9210,-16938,-44.343582,-0.554295
206.9310,-16938,-44.343582,-0.554295
206.9410,-16938,-44.343582,-0.554295
206.9510,-16938,-44.343582,-0.554295
206.9610,-16938,-44.343582,-0.554295
206.9710,-16938,-44.343582,-0.554295
206.9810,-16938,-44.343582,-0.554295
206.9910,-16938,-44.343582,-0.554295
207.0010,-16938,-44.343582,-0.554295
207.0110,-16938,-44.343582,-0.554295
207.0210,-16938,-44.343582,-0.554295
207.0310,-16938,-44.343582,-0.554295
207.0410,-16938,-44.343582,-0.554295
207.0510,-16938,-44.343582,-0.554295
207.0610,-16938,-44.343582,-0.554295
207.0710,-16938,-44.343582,-0.554295
207.0810,-16938,-44.343582,-0.554295
207.0910,-16938,-44.343582,-0.554295
207.1010,-16938,-44.343582,-0.554295
207.1110,-16938,-44.343582,-0.554295
207.1210,-16938,-44.343582,-0.554295
207.1310,-16938,-44.343582,-0.554295
207.1410,-16938,-44.343582,-0.554295
207.1510,-16938,-44.343582,-0.554295
207.1610,-16938,-44.343582,-0.554295
207.1710,-16938,-44.343582,-0.554295
207.1810,-16938,-44.343582,-0.554295
207.1910,-16938,-44.343582,-0.554295
207.2010,-16938,-44.343582,-0.554295
207.2110,-16938,-44.343582,-0.554295
207.2210,-16938,-44.343582,-0.554295
207.2310,-16938,-44.343582,-0.554295
207.2410,-16938,-44.343582,-0.554295
207.2510,-16938,-44.343582,-0.554295
207.2610,-16938,-44.343582,-0.554295
207.2710,-16938,-44.343582,-0.554295
207.2810,-16939,-44.346199,-0.554327
207.2910,-16939,-44.346199,-0.554327
207.3010,-16939,-44.346199,-0.554327
207.3110,-16939,-44.346199,-0.554327
207.3210,-16939,-44.346199,-0.554327
207.3310,-16939,-44.346199,-0.554327
207.3410,-16939,-44.346199,-0.554327
207.3510,-16939,-44.346199,-0.554327
207.3610,-16939,-44.346199,-0.554327
207.3710,-16939,-44.346199,-0.554327
207.3810,-16939,-44.346199,-0.554327
207.3910,-16939,-44.346199,-0.554327
207.4010,-16940,-44.348819,-0.554360
207.4110,-16940,-44.348819,-0.554360
207.4210,-16940,-44.348819,-0.554360
207.4310,-16940,-44.348819,-0.554360
207.4410,-16940,-44.348819,-0.554360
207.4520,-16940,-44.348819,-0.554360
207.4610,-16941,-44.351436,-0.554393
207.4710,-16941,-44.351436,-0.554393
207.4810,-16941,-44.351436,-0.554393
207.4910,-16941,-44.351436,-0.554393
207.5010,-16941,-44.351436,-0.554393
207.5110,-16941,-44.351436,-0.554393
207.5210,-16942,-44.354053,-0.554426
207.5310,-16942,-44.354053,-0.554426
207.5410,-16942,-44.354053,-0.554426
207.5510,-16943,-44.356670,-0.554458
207.5610,-16943,-44.356670,-0.554458
207.5710,-16944,-44.359287,-0.554491
207.5810,-16945,-44.361907,-0.554524
207.5910,-16946,-44.364524,-0.554557
207.6010,-16946,-44.364524,-0.554557
207.6110,-16947,-44.367145,-0.554589
207.6210,-16948,-44.369758,-0.554622
207.6310,-16949,-44.372379,-0.554655
207.6410,-16950,-44.374996,-0.554687
207.6510,-16951,-44.377616,-0.554720
207.6610,-16952,-44.380233,-0.554753
207.6710,-16954,-44.385467,-0.554818
207.6810,-16955,-44.388088,-0.554851
207.6910,-16957,-44.393325,-0.554917
207.7010,-16958,-44.395942,-0.554949
207.7110,-16959,-44.398559,-0.554982
207.7210,-16960,-44.401176,-0.555015
207.7310,-16961,-44.403797,-0.555047
207.7410,-16961,-44.403797,-0.555047
207.7510,-16962,-44.406414,-0.555080
207.7610,-16962,-44.406414,-0.555080
207.7710,-16964,-44.411647,-0.555146
207.7810,-16965,-44.414268,-0.555178
207.7910,-16966,-44.416885,-0.555211
207.8010,-16967,-44.419502,-0.555244
207.8110,-16968,-44.422122,-0.555277
207.8210,-16969,-44.424739,-0.555309
207.8310,-16970,-44.427356,-0.555342
207.8410,-16971,-44.429973,-0.555375
207.8510,-16972,-44.432594,-0.555407
207.8610,-16973,-44.435211,-0.555440
207.8710,-16973,-44.435211,-0.555440
207.8810,-16974,-44.437831,-0.555473
207.8910,-16974,-44.437831,-0.555473
207.9010,-16974,-44.437831,-0.555473
207.9110,-16975,-44.440444,-0.555506
207.9210,-16976,-44.443065,-0.555538
207.9310,-16976,-44.443065,-0.555538
207.9410,-16977,-44.445682,-0.555571
207.9510,-16977,-44.445682,-0.555571
207.9610,-16978,-44.448303,-0.555604
207.9710,-16979,-44.450920,-0.555636
207.9810,-16980,-44.453536,-0.555669
207.9910,-16981,-44.456153,-0.555702
208.0010,-16982,-44.458774,-0.555735
208.0110,-16983,-44.461391,-0.555767
208.0210,-16983,-44.461391,-0.555767
208.0310,-16984,-44.464012,-0.555800
208.0410,-16984,-44.464012,-0.555800
208.0510,-16985,-44.466625,-0.555833
208.0610,-16986,-44.469245,-0.555866
208.0710,-16986,-44.469245,-0.555866
208.0810,-16986,-44.469245,-0.555866
208.0920,-16987,-44.471862,-0.555898
208.1010,-16987,-44.471862,-0.555898
208.1110,-16988,-44.474479,-0.555931
208.1210,-16988,-44.474479,-0.555931
208.1310,-16988,-44.474479,-0.555931
208.1410,-16989,-44.477100,-0.555964
208.1510,-16989,-44.477100,-0.555964
208.1610,-16989,-44.477100,-0.555964
208.1710,-16990,-44.479717,-0.555996
208.1810,-16990,-44.479717,-0.555996
208.1910,-16991,-44.482334,-0.556029
208.2010,-16992,-44.484951,-0.556062
208.2110,-16992,-44.484951,-0.556062
208.2210,-16992,-44.484951,-0.556062
208.2310,-16993,-44.487571,-0.556095
208.2410,-16993,-44.487571,-0.556095
208.2510,-16994,-44.490188,-0.556127
208.2610,-16994,-44.490188,-0.556127
208.2710,-16994,-44.490188,-0.556127
208.2810,-16994,-44.490188,-0.556127
208.2910,-16995,-44.492809,-0.556160
208.3010,-16995,-44.492809,-0.556160
208.3110,-16995,-44.492809,-0.556160
208.3210,-16995,-44.492809,-0.556160
208.3310,-16996,-44.495422,-0.556193
208.3410,-16996,-44.495422,-0.556193
208.3510,-16996,-44.495422,-0.556193
208.3610,-16996,-44.495422,-0.556193
208.3710,-16997,-44.498043,-0.556226
208.3810,-16997,-44.498043,-0.556226
208.3910,-16998,-44.500659,-0.556258
208.4010,-16998,-44.500659,-0.556258
208.4110,-16998,-44.500659,-0.556258
208.4210,-16998,-44.500659,-0.556258
208.4310,-16999,-44.503280,-0.556291
208.4410,-16999,-44.503280,-0.556291
208.4510,-16999,-44.503280,-0.556291
208.4610,-17000,-44.505897,-0.556324
208.4710,-17000,-44.505897,-0.556324
208.4810,-17001,-44.508514,-0.556356
208.4910,-17001,-44.508514,-0.556356
208.5010,-17001,-44.508514,-0.556356
208.5110,-17002,-44.511131,-0.556389
208.5210,-17002,-44.511131,-0.556389
208.5310,-17003,-44.513751,-0.556422
208.5410,-17003,-44.513751,-0.556422
208.5510,-17003,-44.513751,-0.556422
208.5610,-17003,-44.513751,-0.556422
208.5710,-17004,-44.516368,-0.556455
208.5810,-17004,-44.516368,-0.556455
208.5910,-17004,-44.516368,-0.556455
208.6010,-17004,-44.516368,-0.556455
208.6110,-17004,-44.516368,-0.556455
208.6210,-17004,-44.516368,-0.556455
208.6310,-17005,-44.518989,-0.556487
208.6410,-17005,-44.518989,-0.556487
208.6510,-17005,-44.518989,-0.556487
208.6610,-17006,-44.521606,-0.556520
208.6710,-17006,-44.521606,-0.556520
208.6810,-17006,-44.521606,-0.556520
208.6910,-17006,-44.521606,-0.556520
208.7010,-17007,-44.524223,-0.556553
208.7110,-17007,-44.524223,-0.556553
208.7210,-17007,-44.524223,-0.556553
208.7320,-17007,-44.524223,-0.556553
208.7410,-17007,-44.524223,-0.556553
208.7510,-17007,-44.524223,-0.556553
208.7610,-17007,-44.524223,-0.556553
208.7710,-17007,-44.524223,-0.556553
208.7810,-17008,-44.526840,-0.556585
208.7910,-17008,-44.526840,-0.556585
208.8010,-17008,-44.526840,-0.556585
208.8110,-17008,-44.526840,-0.556585
208.8210,-17008,-44.526840,-0.556585
208.8310,-17008,-44.526840,-0.556585
208.8410,-17009,-44.529460,-0.556618
208.8510,-17009,-44.529460,-0.556618
208.8610,-17009,-44.529460,-0.556618
208.8710,-17009,-44.529460,-0.556618
208.8810,-17009,-44.529460,-0.556618
208.8910,-17009,-44.529460,-0.556618
208.9010,-17009,-44.529460,-0.556618
208.9110,-17009,-44.529460,-0.556618
208.9210,-17009,-44.529460,-0.556618
208.9310,-17010,-44.532077,-0.556651
208.9410,-17010,-44.532077,-0.556651
208.9510,-17010,-44.532077,-0.556651
208.9610,-17010,-44.532077,-0.556651
208.9710,-17010,-44.532077,-0.556651
208.9810,-17010,-44.532077,-0.556651
208.9910,-17010,-44.532077,-0.556651
209.0010,-17010,-44.532077,-0.556651
209.0110,-17010,-44.532077,-0.556651
209.0210,-17011,-44.534694,-0.556684
209.0310,-17011,-44.534694,-0.556684
209.0410,-17011,-44.534694,-0.556684
209.0510,-17011,-44.534694,-0.556684
209.0610,-17011,-44.534694,-0.556684
209.0710,-17011,-44.534694,-0.556684
209.0810,-17012,-44.537311,-0.556716
209.0910,-17012,-44.537311,-0.556716
209.1010,-17012,-44.537311,-0.556716
209.1110,-17012,-44.537311,-0.556716
209.1210,-17012,-44.537311,-0.556716
209.1310,-17012,-44.537311,-0.556716
209.1410,-17012,-44.537311,-0.556716
209.1510,-17012,-44.537311,-0.556716
209.1610,-17013,-44.539932,-0.556749
209.1710,-17013,-44.539932,-0.556749
209.1810,-17013,-44.539932,-0.556749
209.1910,-17013,-44.539932,-0.556749
209.2010,-17013,-44.539932,-0.556749
209.2110,-17013,-44.539932,-0.556749
209.2210,-17014,-44.542549,-0.556782
209.2310,-17014,-44.542549,-0.556782
209.2410,-17014,-44.542549,-0.556782
209.2510,-17014,-44.542549,-0.556782
209.2610,-17014,-44.542549,-0.556782
209.2710,-17014,-44.542549,-0.556782
209.2810,-17014,-44.542549,-0.556782
209.2910,-17014,-44.542549,-0.556782
209.3010,-17015,-44.545166,-0.556815
209.3110,-17015,-44.545166,-0.556815
209.3210,-17015,-44.545166,-0.556815
209.3310,-17015,-44.545166,-0.556815
209.3410,-17016,-44.547786,-0.556847
209.3510,-17016,-44.547786,-0.556847
209.3610,-17016,-44.547786,-0.556847
209.3720,-17016,-44.547786,-0.556847
209.3810,-17016,-44.547786,-0.556847
209.3910,-17017,-44.550399,-0.556880
209.4010,-17017,-44.550399,-0.556880
209.4110,-17017,-44.550399,-0.556880
209.4210,-17017,-44.550399,-0.556880
209.4310,-17017,-44.550399,-0.556880
209.4410,-17018,-44.553020,-0.556913
209.4510,-17018,-44.553020,-0.556913
209.4610,-17018,-44.553020,-0.556913
209.4710,-17018,-44.553020,-0.556913
209.4810,-17018,-44.553020,-0.556913
209.4910,-17019,-44.555637,-0.556945
209.5010,-17019,-44.555637,-0.556945
209.5110,-17019,-44.555637,-0.556945
209.5210,-17019,-44.555637,-0.556945
209.5310,-17020,-44.558258,-0.556978
209.5410,-17020,-44.558258,-0.556978
209.5510,-17020,-44.558258,-0.556978
209.5610,-17020,-44.558258,-0.556978
209.5710,-17020,-44.558258,-0.556978
209.5810,-17020,-44.558258,-0.556978
209.5910,-17020,-44.558258,-0.556978
209.6010,-17021,-44.560874,-0.557011
209.6110,-17021,-44.560874,-0.557011
209.6210,-17021,-44.560874,-0.557011
209.6310,-17021,-44.560874,-0.557011
209.6410,-17021,-44.560874,-0.557011
209.6510,-17022,-44.563495,-0.557044
209.6610,-17022,-44.563495,-0.557044
209.6710,-17022,-44.563495,-0.557044
209.6810,-17022,-44.563495,-0.557044
209.6910,-17022,-44.563495,-0.557044
209.7010,-17022,-44.563495,-0.557044
209.7110,-17022,-44.563495,-0.557044
209.7210,-17023,-44.566108,-0.557076
209.7310,-17023,-44.566108,-0.557076
209.7410,-17023,-44.566108,-0.557076
209.7510,-17024,-44.568729,-0.557109
209.7610,-17024,-44.568729,-0.557109
209.7710,-17024,-44.568729,-0.557109
209.7810,-17024,-44.568729,-0.557109
209.7910,-17025,-44.571346,-0.557142
209.8010,-17025,-44.571346,-0.557142
209.8110,-17026,-44.573966,-0.557175
209.8210,-17026,-44.573966,-0.557175
209.8310,-17027,-44.576583,-0.557207
209.8410,-17027,-44.576583,-0.557207
209.8510,-17028,-44.579200,-0.557240
209.8610,-17028,-44.579200,-0.557240
209.8710,-17029,-44.581817,-0.557273
209.8810,-17029,-44.581817,-0.557273
209.8910,-17029,-44.581817,-0.557273
209.9010,-17029,-44.581817,-0.557273
209.9110,-17030,-44.584438,-0.557306
209.9210,-17030,-44.584438,-0.557306
209.9310,-17030,-44.584438,-0.557306
209.9410,-17030,-44.584438,-0.557306
209.9510,-17031,-44.587055,-0.557338
209.9610,-17031,-44.587055,-0.557338
209.9710,-17031,-44.587055,-0.557338
209.9810,-17031,-44.587055,-0.557338
209.9910,-17031,-44.587055,-0.557338
210.0010,-17032,-44.589672,-0.557371
210.0120,-17032,-44.589672,-0.557371
210.0210,-17032,-44.589672,-0.557371
210.0310,-17033,-44.592292,-0.557404
210.0410,-17034,-44.594909,-0.557436
210.0510,-17034,-44.594909,-0.557436
210.0610,-17034,-44.594909,-0.557436
210.0710,-17035,-44.597526,-0.557469
210.0810,-17036,-44.600143,-0.557502
210.0910,-17036,-44.600143,-0.557502
210.1010,-17036,-44.600143,-0.557502
210.1110,-17036,-44.600143,-0.557502
210.1210,-17036,-44.600143,-0.557502
210.1310,-17038,-44.605381,-0.557567
210.1410,-17039,-44.607997,-0.557600
210.1510,-17040,-44.610614,-0.557633
210.1610,-17041,-44.613235,-0.557665
210.1710,-17042,-44.615852,-0.557698
210.1810,-17043,-44.618473,-0.557731
210.1910,-17044,-44.621086,-0.557764
210.2010,-17044,-44.621086,-0.557764
210.2110,-17045,-44.623706,-0.557796
210.2210,-17046,-44.626323,-0.557829
210.2310,-17046,-44.626323,-0.557829
210.2410,-17047,-44.628944,-0.557862
210.2510,-17047,-44.628944,-0.557862
210.2610,-17047,-44.628944,-0.557862
210.2710,-17048,-44.631561,-0.557894
210.2810,-17049,-44.634181,-0.557927
210.2910,-17049,-44.634181,-0.557927
210.3010,-17049,-44.634181,-0.557927
210.3110,-17050,-44.636795,-0.557960
210.3210,-17051,-44.639415,-0.557993
210.3310,-17052,-44.642032,-0.558025
210.3410,-17053,-44.644653,-0.558058
210.3510,-17055,-44.649887,-0.558124
210.3610,-17056,-44.652503,-0.558156
210.3710,-17057,-44.655120,-0.558189
210.3810,-17058,-44.657741,-0.558222
210.3910,-17060,-44.662975,-0.558287
210.4010,-17060,-44.662975,-0.558287
210.4110,-17063,-44.670829,-0.558385
210.4210,-17065,-44.676067,-0.558451
210.4310,-17067,-44.681301,-0.558516
210.4410,-17069,-44.686538,-0.558582
210.4510,-17072,-44.694393,-0.558680
210.4610,-17075,-44.702247,-0.558778
210.4710,-17078,-44.710102,-0.558876
210.4810,-17081,-44.717956,-0.558974
210.4910,-17086,-44.731044,-0.559138
210.5010,-17090,-44.741516,-0.559269
210.5110,-17096,-44.757225,-0.559465
210.5210,-17106,-44.783405,-0.559793
210.5310,-17114,-44.804347,-0.560054
210.5410,-17124,-44.830528,-0.560382
210.5510,-17137,-44.864562,-0.560807
210.5610,-17153,-44.906448,-0.561331
210.5710,-17170,-44.950954,-0.561887
210.5810,-17191,-45.005935,-0.562574
210.5910,-17214,-45.066146,-0.563327
210.6010,-17236,-45.123744,-0.564047
210.6110,-17255,-45.173484,-0.564669
210.6210,-17274,-45.223228,-0.565290
210.6310,-17292,-45.270351,-0.565879
210.6410,-17306,-45.307003,-0.566338
210.6520,-17314,-45.327945,-0.566599
210.6610,-17318,-45.338417,-0.566730
210.6710,-17320,-45.343654,-0.566796
210.6810,-17320,-45.343654,-0.566796
210.6910,-17318,-45.338417,-0.566730
210.7010,-17314,-45.327945,-0.566599
210.7110,-17309,-45.314857,-0.566436
210.7210,-17304,-45.301769,-0.566272
210.7310,-17300,-45.291297,-0.566141
210.7410,-17297,-45.283439,-0.566043
210.7510,-17296,-45.280822,-0.566010
210.7610,-17296,-45.280822,-0.566010
210.7710,-17298,-45.286060,-0.566076
210.7810,-17302,-45.296531,-0.566207
210.7910,-17306,-45.307003,-0.566338
210.8010,-17311,-45.320095,-0.566501
210.8110,-17315,-45.330566,-0.566632
210.8210,-17319,-45.341037,-0.566763
210.8310,-17320,-45.343654,-0.566796
210.8410,-17320,-45.343654,-0.566796
210.8510,-17320,-45.343654,-0.566796
210.8610,-17318,-45.338417,-0.566730
210.8710,-17315,-45.330566,-0.566632
210.8810,-17312,-45.322708,-0.566534
210.8910,-17309,-45.314857,-0.566436
210.9010,-17307,-45.309619,-0.566370
210.9110,-17306,-45.307003,-0.566338
210.9210,-17306,-45.307003,-0.566338
210.9310,-17306,-45.307003,-0.566338
210.9410,-17308,-45.312240,-0.566403
210.9510,-17311,-45.320095,-0.566501
210.9610,-17314,-45.327945,-0.566599
210.9710,-17317,-45.335800,-0.566698
210.9810,-17319,-45.341037,-0.566763
210.9910,-17321,-45.346275,-0.566828
211.0010,-17321,-45.346275,-0.566828
211.0110,-17321,-45.346275,-0.566828
211.0210,-17320,-45.343654,-0.566796
211.0310,-17318,-45.338417,-0.566730
211.0410,-17316,-45.333183,-0.566665
211.0510,-17314,-45.327945,-0.566599
211.0610,-17312,-45.322708,-0.566534
211.0710,-17311,-45.320095,-0.566501
211.0810,-17311,-45.320095,-0.566501
211.0910,-17311,-45.320095,-0.566501
211.1010,-17312,-45.322708,-0.566534
211.1110,-17314,-45.327945,-0.566599
211.1210,-17316,-45.333183,-0.566665
211.1310,-17318,-45.338417,-0.566730
211.1410,-17319,-45.341037,-0.566763
211.1510,-17320,-45.343654,-0.566796
211.1610,-17321,-45.346275,-0.566828
211.1710,-17321,-45.346275,-0.566828
211.1810,-17321,-45.346275,-0.566828
211.1910,-17319,-45.341037,-0.566763
211.2010,-17318,-45.338417,-0.566730
211.2110,-17316,-45.333183,-0.566665
211.2210,-17316,-45.333183,-0.566665
211.2310,-17314,-45.327945,-0.566599
211.2410,-17314,-45.327945,-0.566599
211.2510,-17314,-45.327945,-0.566599
211.2610,-17315,-45.330566,-0.566632
211.2710,-17316,-45.333183,-0.566665
211.2810,-17317,-45.335800,-0.566698
211.2920,-17318,-45.338417,-0.566730
211.3010,-17319,-45.341037,-0.566763
211.3110,-17320,-45.343654,-0.566796
211.3210,-17320,-45.343654,-0.566796
211.3310,-17320,-45.343654,-0.566796
211.3410,-17320,-45.343654,-0.566796
211.3510,-17320,-45.343654,-0.566796
211.3610,-17319,-45.341037,-0.566763
211.3710,-17318,-45.338417,-0.566730
211.3810,-17318,-45.338417,-0.566730
211.3910,-17317,-45.335800,-0.566698
211.4010,-17317,-45.335800,-0.566698
211.4110,-17317,-45.335800,-0.566698
211.4210,-17317,-45.335800,-0.566698
211.4310,-17318,-45.338417,-0.566730
211.4410,-17319,-45.341037,-0.566763
211.4510,-17319,-45.341037,-0.566763
211.4610,-17320,-45.343654,-0.566796
211.4710,-17320,-45.343654,-0.566796
211.4810,-17320,-45.343654,-0.566796
211.4910,-17320,-45.343654,-0.566796
211.5010,-17320,-45.343654,-0.566796
211.5110,-17320,-45.343654,-0.566796
211.5210,-17320,-45.343654,-0.566796
211.5310,-17319,-45.341037,-0.566763
211.5410,-17319,-45.341037,-0.566763
211.5510,-17319,-45.341037,-0.566763
211.5610,-17319,-45.341037,-0.566763
211.5710,-17319,-45.341037,-0.566763
211.5810,-17319,-45.341037,-0.566763
211.5910,-17319,-45.341037,-0.566763
211.6010,-17320,-45.343654,-0.566796
211.6110,-17320,-45.343654,-0.566796
211.6210,-17321,-45.346275,-0.566828
211.6310,-17321,-45.346275,-0.566828
211.6410,-17321,-45.346275,-0.566828
211.6510,-17321,-45.346275,-0.566828
211.6610,-17321,-45.346275,-0.566828
211.6710,-17321,-45.346275,-0.566828
211.6810,-17321,-45.346275,-0.566828
211.6910,-17320,-45.343654,-0.566796
211.7010,-17320,-45.343654,-0.566796
211.7110,-17320,-45.343654,-0.566796
211.7210,-17320,-45.343654,-0.566796
211.7310,-17320,-45.343654,-0.566796
211.7410,-17320,-45.343654,-0.566796
211.7510,-17321,-45.346275,-0.566828
211.7610,-17321,-45.346275,-0.566828
211.7710,-17321,-45.346275,-0.566828
211.7810,-17322,-45.348892,-0.566861
211.7910,-17322,-45.348892,-0.566861
211.8010,-17322,-45.348892,-0.566861
211.8110,-17322,-45.348892,-0.566861
211.8210,-17322,-45.348892,-0.566861
211.8310,-17322,-45.348892,-0.566861
211.8410,-17322,-45.348892,-0.566861
211.8510,-17322,-45.348892,-0.566861
211.8610,-17322,-45.348892,-0.566861
211.8710,-17322,-45.348892,-0.566861
211.8810,-17322,-45.348892,-0.566861
211.8910,-17322,-45.348892,-0.566861
211.9010,-17322,-45.348892,-0.566861
211.9110,-17322,-45.348892,-0.566861
211.9210,-17322,-45.348892,-0.566861
211.9320,-17323,-45.351509,-0.566894
211.9410,-17324,-45.354125,-0.566927
211.9510,-17324,-45.354125,-0.566927
211.9610,-17324,-45.354125,-0.566927
211.9710,-17324,-45.354125,-0.566927
211.9810,-17324,-45.354125,-0.566927
211.9910,-17324,-45.354125,-0.566927
212.0010,-17324,-45.354125,-0.566927
212.0110,-17325,-45.356746,-0.566959
212.0210,-17325,-45.356746,-0.566959
212.0310,-17326,-45.359363,-0.566992
212.0410,-17327,-45.361980,-0.567025
212.0510,-17328,-45.364597,-0.567057
212.0610,-17330,-45.369834,-0.567123
212.0710,-17332,-45.375072,-0.567188
212.0810,-17334,-45.380306,-0.567254
212.0910,-17336,-45.385543,-0.567319
212.1010,-17337,-45.388160,-0.567352
212.1110,-17338,-45.390781,-0.567385
212.1210,-17339,-45.393394,-0.567417
212.1310,-17340,-45.396015,-0.567450
212.1410,-17340,-45.396015,-0.567450
212.1510,-17341,-45.398632,-0.567483
212.1610,-17341,-45.398632,-0.567483
212.1710,-17341,-45.398632,-0.567483
212.1810,-17341,-45.398632,-0.567483
212.1910,-17341,-45.398632,-0.567483
212.2010,-17341,-45.398632,-0.567483
212.2110,-17343,-45.403869,-0.567548
212.2210,-17344,-45.406486,-0.567581
212.2310,-17345,-45.409103,-0.567614
212.2410,-17346,-45.411724,-0.567647
212.2510,-17347,-45.414340,-0.567679
212.2610,-17349,-45.419578,-0.567745
212.2710,-17350,-45.422195,-0.567777
212.2810,-17351,-45.424812,-0.567810
212.2910,-17352,-45.427433,-0.567843
212.3010,-17353,-45.430049,-0.567876
212.3110,-17354,-45.432666,-0.567908
212.3210,-17354,-45.432666,-0.567908
212.3310,-17354,-45.432666,-0.567908
212.3410,-17354,-45.432666,-0.567908
212.3510,-17356,-45.437900,-0.567974
212.3610,-17357,-45.440521,-0.568006
212.3710,-17359,-45.445758,-0.568072
212.3810,-17360,-45.448371,-0.568105
212.3910,-17363,-45.456230,-0.568203
212.4010,-17365,-45.461467,-0.568268
212.4110,-17368,-45.469318,-0.568366
212.4210,-17372,-45.479789,-0.568497
212.4310,-17378,-45.495498,-0.568694
212.4410,-17386,-45.516445,-0.568956
212.4510,-17394,-45.537387,-0.569217
212.4610,-17407,-45.571422,-0.569643
212.4710,-17423,-45.613307,-0.570166
212.4810,-17445,-45.670906,-0.570886
212.4910,-17468,-45.731117,-0.571639
212.5010,-17489,-45.786094,-0.572326
212.5110,-17507,-45.833221,-0.572915
212.5210,-17525,-45.880344,-0.573504
212.5310,-17541,-45.922233,-0.574028
212.5410,-17557,-45.964118,-0.574552
212.5510,-17574,-46.008628,-0.575108
212.5610,-17587,-46.042659,-0.575533
212.5720,-17597,-46.068840,-0.575860
212.5810,-17604,-46.087165,-0.576090
212.5910,-17611,-46.105491,-0.576319
212.6010,-17615,-46.115962,-0.576450
212.6110,-17619,-46.126434,-0.576580
212.6210,-17620,-46.129055,-0.576613
212.6310,-17624,-46.139526,-0.576744
212.6410,-17626,-46.144760,-0.576809
212.6510,-17628,-46.149997,-0.576875
212.6610,-17630,-46.155231,-0.576940
212.6710,-17634,-46.165702,-0.577071
212.6810,-17638,-46.176177,-0.577202
212.6910,-17644,-46.191883,-0.577399
212.7010,-17648,-46.202358,-0.577529
212.7110,-17654,-46.218067,-0.577726
212.7210,-17659,-46.231155,-0.577889
212.7310,-17664,-46.244247,-0.578053
212.7410,-17667,-46.252098,-0.578151
212.7510,-17668,-46.254718,-0.578184
212.7610,-17669,-46.257335,-0.578217
212.7710,-17672,-46.265190,-0.578315
212.7810,-17676,-46.275661,-0.578446
212.7910,-17680,-46.286132,-0.578577
212.8010,-17684,-46.296604,-0.578708
212.8110,-17690,-46.312313,-0.578904
212.8210,-17695,-46.325401,-0.579067
212.8310,-17701,-46.341110,-0.579264
212.8410,-17708,-46.359439,-0.579493
212.8510,-17716,-46.380382,-0.579755
212.8610,-17722,-46.396087,-0.579951
212.8710,-17726,-46.406558,-0.580082
212.8810,-17732,-46.422267,-0.580278
212.8910,-17736,-46.432739,-0.580409
212.9010,-17740,-46.443214,-0.580540
212.9110,-17744,-46.453685,-0.580671
212.9210,-17745,-46.456302,-0.580704
212.9310,-17745,-46.456302,-0.580704
212.9410,-17745,-46.456302,-0.580704
212.9510,-17745,-46.456302,-0.580704
212.9610,-17744,-46.453685,-0.580671
212.9710,-17744,-46.453685,-0.580671
212.9810,-17744,-46.453685,-0.580671
212.9910,-17745,-46.456302,-0.580704
213.0010,-17746,-46.458919,-0.580737
213.0110,-17747,-46.461536,-0.580769
213.0210,-17748,-46.464157,-0.580802
213.0310,-17749,-46.466773,-0.580835
213.0410,-17751,-46.472007,-0.580900
213.0510,-17753,-46.477245,-0.580966
213.0610,-17755,-46.482482,-0.581031
213.0710,-17756,-46.485103,-0.581064
213.0810,-17758,-46.490337,-0.581129
213.0910,-17759,-46.492954,-0.581162
213.1010,-17760,-46.495574,-0.581195
213.1110,-17761,-46.498191,-0.581227
213.1210,-17762,-46.500808,-0.581260
213.1310,-17764,-46.506042,-0.581326
213.1410,-17767,-46.513896,-0.581424
213.1510,-17771,-46.524372,-0.581555
213.1610,-17776,-46.537460,-0.581718
213.1710,-17780,-46.547931,-0.581849
213.1810,-17786,-46.563640,-0.582045
213.1910,-17791,-46.576728,-0.582209
213.2010,-17795,-46.587200,-0.582340
213.2120,-17799,-46.597675,-0.582471
213.2210,-17802,-46.605529,-0.582569
213.2310,-17805,-46.613380,-0.582667
213.2410,-17809,-46.623855,-0.582798
213.2510,-17814,-46.636943,-0.582962
213.2610,-17822,-46.657886,-0.583224
213.2710,-17830,-46.678833,-0.583485
213.2810,-17837,-46.697154,-0.583714
213.2910,-17844,-46.715484,-0.583944
213.3010,-17852,-46.736427,-0.584205
213.3110,-17862,-46.762607,-0.584533
213.3210,-17875,-46.796642,-0.584958
213.3310,-17892,-46.841148,-0.585514
213.3410,-17913,-46.896125,-0.586202
213.3510,-17928,-46.935394,-0.586692
213.3610,-17944,-46.977283,-0.587216
213.3710,-17965,-47.032260,-0.587903
213.3810,-17982,-47.076766,-0.588460
213.3910,-17996,-47.113418,-0.588918
213.4010,-18012,-47.155307,-0.589441
213.4110,-18031,-47.205047,-0.590063
213.4210,-18050,-47.254791,-0.590685
213.4310,-18065,-47.294059,-0.591176
213.4410,-18080,-47.333332,-0.591667
213.4510,-18094,-47.369979,-0.592125
213.4610,-18105,-47.398780,-0.592485
213.4710,-18110,-47.411869,-0.592648
213.4810,-18118,-47.432815,-0.592910
213.4910,-18124,-47.448524,-0.593107
213.5010,-18125,-47.451141,-0.593139
213.5110,-18129,-47.461612,-0.593270
213.5210,-18131,-47.466850,-0.593336
213.5310,-18131,-47.466850,-0.593336
213.5410,-18131,-47.466850,-0.593336
213.5510,-18131,-47.466850,-0.593336
213.5610,-18131,-47.466850,-0.593336
213.5710,-18131,-47.466850,-0.593336
213.5810,-18131,-47.466850,-0.593336
213.5910,-18131,-47.466850,-0.593336
213.6010,-18132,-47.469463,-0.593368
213.6110,-18133,-47.472084,-0.593401
213.6210,-18134,-47.474700,-0.593434
213.6310,-18134,-47.474700,-0.593434
213.6410,-18135,-47.477321,-0.593466
213.6510,-18135,-47.477321,-0.593466
213.6610,-18135,-47.477321,-0.593466
213.6710,-18135,-47.477321,-0.593466
213.6810,-18135,-47.477321,-0.593466
213.6910,-18135,-47.477321,-0.593466
213.7010,-18135,-47.477321,-0.593466
213.7110,-18135,-47.477321,-0.593466
213.7210,-18135,-47.477321,-0.593466
213.7310,-18135,-47.477321,-0.593466
213.7410,-18136,-47.479938,-0.593499
213.7510,-18137,-47.482555,-0.593532
213.7610,-18137,-47.482555,-0.593532
213.7710,-18137,-47.482555,-0.593532
213.7810,-18137,-47.482555,-0.593532
213.7910,-18137,-47.482555,-0.593532
213.8010,-18137,-47.482555,-0.593532
213.8110,-18137,-47.482555,-0.593532
213.8210,-18137,-47.482555,-0.593532
213.8310,-18137,-47.482555,-0.593532
213.8410,-18137,-47.482555,-0.593532
213.8520,-18137,-47.482555,-0.593532
213.8610,-18137,-47.482555,-0.593532
213.8710,-18137,-47.482555,-0.593532
213.8810,-18139,-47.487792,-0.593597
213.8910,-18139,-47.487792,-0.593597
213.9010,-18139,-47.487792,-0.593597
213.9110,-18139,-47.487792,-0.593597
213.9210,-18139,-47.487792,-0.593597
213.9310,-18139,-47.487792,-0.593597
213.9410,-18139,-47.487792,-0.593597
213.9510,-18139,-47.487792,-0.593597
213.9610,-18139,-47.487792,-0.593597
213.9710,-18139,-47.487792,-0.593597
213.9810,-18139,-47.487792,-0.593597
213.9910,-18139,-47.487792,-0.593597
214.0010,-18139,-47.487792,-0.593597
214.0110,-18140,-47.490409,-0.593630
214.0210,-18141,-47.493030,-0.593663
214.0310,-18141,-47.493030,-0.593663
214.0410,-18141,-47.493030,-0.593663
214.0510,-18141,-47.493030,-0.593663
214.0610,-18141,-47.493030,-0.593663
214.0710,-18141,-47.493030,-0.593663
214.0810,-18141,-47.493030,-0.593663
214.0910,-18141,-47.493030,-0.593663
214.1010,-18141,-47.493030,-0.593663
214.1110,-18141,-47.493030,-0.593663
214.1210,-18141,-47.493030,-0.593663
214.1310,-18141,-47.493030,-0.593663
214.1410,-18141,-47.493030,-0.593663
214.1510,-18142,-47.495643,-0.593696
214.1610,-18142,-47.495643,-0.593696
214.1710,-18143,-47.498264,-0.593728
214.1810,-18143,-47.498264,-0.593728
214.1910,-18143,-47.498264,-0.593728
214.2010,-18143,-47.498264,-0.593728
214.2110,-18143,-47.498264,-0.593728
214.2210,-18143,-47.498264,-0.593728
214.2310,-18143,-47.498264,-0.593728
214.2410,-18143,-47.498264,-0.593728
214.2510,-18143,-47.498264,-0.593728
214.2610,-18143,-47.498264,-0.593728
214.2710,-18143,-47.498264,-0.593728
214.2810,-18143,-47.498264,-0.593728
214.2910,-18144,-47.500881,-0.593761
214.3010,-18144,-47.500881,-0.593761
214.3110,-18144,-47.500881,-0.593761
214.3210,-18144,-47.500881,-0.593761
214.3310,-18144,-47.500881,-0.593761
214.3410,-18144,-47.500881,-0.593761
214.3510,-18144,-47.500881,-0.593761
214.3610,-18144,-47.500881,-0.593761
214.3710,-18144,-47.500881,-0.593761
214.3810,-18144,-47.500881,-0.593761
214.3910,-18144,-47.500881,-0.593761
214.4010,-18144,-47.500881,-0.593761
214.4110,-18144,-47.500881,-0.593761
214.4210,-18144,-47.500881,-0.593761
214.4310,-18145,-47.503501,-0.593794
214.4410,-18146,-47.506118,-0.593826
214.4510,-18146,-47.506118,-0.593826
214.4610,-18146,-47.506118,-0.593826
214.4710,-18146,-47.506118,-0.593826
214.4810,-18146,-47.506118,-0.593826
214.4920,-18146,-47.506118,-0.593826
214.5010,-18146,-47.506118,-0.593826
214.5110,-18146,-47.506118,-0.593826
214.5210,-18146,-47.506118,-0.593826
214.5310,-18146,-47.506118,-0.593826
214.5410,-18146,-47.506118,-0.593826
214.5510,-18146,-47.506118,-0.593826
214.5610,-18146,-47.506118,-0.593826
214.5710,-18147,-47.508735,-0.593859
214.5810,-18147,-47.508735,-0.593859
214.5910,-18147,-47.508735,-0.593859
214.6010,-18147,-47.508735,-0.593859
214.6110,-18147,-47.508735,-0.593859
214.6210,-18147,-47.508735,-0.593859
214.6310,-18147,-47.508735,-0.593859
214.6410,-18147,-47.508735,-0.593859
214.6510,-18147,-47.508735,-0.593859
214.6610,-18147,-47.508735,-0.593859
214.6710,-18147,-47.508735,-0.593859
214.6810,-18147,-47.508735,-0.593859
214.6910,-18148,-47.511352,-0.593892
214.7010,-18148,-47.511352,-0.593892
214.7110,-18148,-47.511352,-0.593892
214.7210,-18149,-47.513973,-0.593925
214.7310,-18149,-47.513973,-0.593925
214.7410,-18149,-47.513973,-0.593925
214.7510,-18149,-47.513973,-0.593925
214.7610,-18149,-47.513973,-0.593925
214.7710,-18149,-47.513973,-0.593925
214.7810,-18149,-47.513973,-0.593925
214.7910,-18149,-47.513973,-0.593925
214.8010,-18149,-47.513973,-0.593925
214.8110,-18149,-47.513973,-0.593925
214.8210,-18149,-47.513973,-0.593925
214.8310,-18149,-47.513973,-0.593925
214.8410,-18149,-47.513973,-0.593925
214.8510,-18150,-47.516590,-0.593957
214.8610,-18150,-47.516590,-0.593957
214.8710,-18150,-47.516590,-0.593957
214.8810,-18150,-47.516590,-0.593957
214.8910,-18150,-47.516590,-0.593957
214.9010,-18150,-47.516590,-0.593957
214.9110,-18150,-47.516590,-0.593957
214.9210,-18150,-47.516590,-0.593957
214.9310,-18150,-47.516590,-0.593957
214.9410,-18150,-47.516590,-0.593957
214.9510,-18150,-47.516590,-0.593957
214.9610,-18150,-47.516590,-0.593957
214.9710,-18151,-47.519207,-0.593990
214.9810,-18151,-47.519207,-0.593990
214.9910,-18152,-47.521827,-0.594023
215.0010,-18152,-47.521827,-0.594023
215.0110,-18152,-47.521827,-0.594023
215.0210,-18152,-47.521827,-0.594023
215.0310,-18152,-47.521827,-0.594023
215.0410,-18152,-47.521827,-0.594023
215.0510,-18152,-47.521827,-0.594023
215.0610,-18152,-47.521827,-0.594023
215.0710,-18152,-47.521827,-0.594023
215.0810,-18152,-47.521827,-0.594023
215.0910,-18152,-47.521827,-0.594023
215.1010,-18152,-47.521827,-0.594023
215.1110,-18152,-47.521827,-0.594023
215.1210,-18152,-47.521827,-0.594023
215.1320,-18153,-47.524444,-0.594056
215.1410,-18153,-47.524444,-0.594056
215.1510,-18153,-47.524444,-0.594056
215.1610,-18153,-47.524444,-0.594056
215.1710,-18153,-47.524444,-0.594056
215.1810,-18153,-47.524444,-0.594056
215.1910,-18153,-47.524444,-0.594056
215.2010,-18153,-47.524444,-0.594056
215.2110,-18153,-47.524444,-0.594056
215.2210,-18153,-47.524444,-0.594056
215.2310,-18153,-47.524444,-0.594056
215.2410,-18153,-47.524444,-0.594056
215.2510,-18153,-47.524444,-0.594056
215.2610,-18154,-47.527061,-0.594088
215.2710,-18154,-47.527061,-0.594088
215.2810,-18154,-47.527061,-0.594088
215.2910,-18154,-47.527061,-0.594088
215.3010,-18154,-47.527061,-0.594088
215.3110,-18154,-47.527061,-0.594088
215.3210,-18154,-47.527061,-0.594088
215.3310,-18154,-47.527061,-0.594088
215.3410,-18154,-47.527061,-0.594088
215.3510,-18154,-47.527061,-0.594088
215.3610,-18154,-47.527061,-0.594088
215.3710,-18154,-47.527061,-0.594088
215.3810,-18154,-47.527061,-0.594088
215.3910,-18155,-47.529678,-0.594121
215.4010,-18155,-47.529678,-0.594121
215.4110,-18156,-47.532299,-0.594154
215.4210,-18156,-47.532299,-0.594154
215.4310,-18156,-47.532299,-0.594154
215.4410,-18156,-47.532299,-0.594154
215.4510,-18156,-47.532299,-0.594154
215.4610,-18156,-47.532299,-0.594154
215.4710,-18156,-47.532299,-0.594154
215.4810,-18156,-47.532299,-0.594154
215.4910,-18156,-47.532299,-0.594154
215.5010,-18156,-47.532299,-0.594154
215.5110,-18156,-47.532299,-0.594154
215.5210,-18156,-47.532299,-0.594154
215.5310,-18156,-47.532299,-0.594154
215.5410,-18157,-47.534915,-0.594186
215.5510,-18157,-47.534915,-0.594186
215.5610,-18157,-47.534915,-0.594186
215.5710,-18157,-47.534915,-0.594186
215.5810,-18157,-47.534915,-0.594186
215.5910,-18157,-47.534915,-0.594186
215.6010,-18157,-47.534915,-0.594186
215.6110,-18157,-47.534915,-0.594186
215.6210,-18157,-47.534915,-0.594186
215.6310,-18157,-47.534915,-0.594186
215.6410,-18157,-47.534915,-0.594186
215.6510,-18157,-47.534915,-0.594186
215.6610,-18157,-47.534915,-0.594186
215.6710,-18157,-47.534915,-0.594186
215.6810,-18158,-47.537536,-0.594219
215.6910,-18158,-47.537536,-0.594219
215.7010,-18158,-47.537536,-0.594219
215.7110,-18158,-47.537536,-0.594219
215.7210,-18158,-47.537536,-0.594219
215.7310,-18158,-47.537536,-0.594219
215.7410,-18158,-47.537536,-0.594219
215.7510,-18158,-47.537536,-0.594219
215.7610,-18158,-47.537536,-0.594219
215.7720,-18158,-47.537536,-0.594219
215.7810,-18158,-47.537536,-0.594219
215.7910,-18158,-47.537536,-0.594219
215.8010,-18158,-47.537536,-0.594219
215.8110,-18158,-47.537536,-0.594219
215.8210,-18160,-47.542770,-0.594285
215.8310,-18160,-47.542770,-0.594285
215.8410,-18160,-47.542770,-0.594285
215.8510,-18160,-47.542770,-0.594285
215.8610,-18160,-47.542770,-0.594285
215.8710,-18160,-47.542770,-0.594285
215.8810,-18160,-47.542770,-0.594285
215.8910,-18160,-47.542770,-0.594285
215.9010,-18160,-47.542770,-0.594285
215.9110,-18160,-47.542770,-0.594285
215.9210,-18160,-47.542770,-0.594285
215.9310,-18160,-47.542770,-0.594285
215.9410,-18160,-47.542770,-0.594285
215.9510,-18160,-47.542770,-0.594285
215.9610,-18161,-47.545387,-0.594317
215.9710,-18161,-47.545387,-0.594317
215.9810,-18161,-47.545387,-0.594317
215.9910,-18161,-47.545387,-0.594317
216.0010,-18161,-47.545387,-0.594317
216.0110,-18161,-47.545387,-0.594317
216.0210,-18161,-47.545387,-0.594317
216.0310,-18161,-47.545387,-0.594317
216.0410,-18161,-47.545387,-0.594317
216.0510,-18161,-47.545387,-0.594317
216.0610,-18161,-47.545387,-0.594317
216.0710,-18161,-47.545387,-0.594317
216.0810,-18161,-47.545387,-0.594317
216.0910,-18161,-47.545387,-0.594317
216.1010,-18162,-47.548007,-0.594350
216.1110,-18162,-47.548007,-0.594350
216.1210,-18162,-47.548007,-0.594350
216.1310,-18162,-47.548007,-0.594350
216.1410,-18162,-47.548007,-0.594350
216.1510,-18162,-47.548007,-0.594350
216.1610,-18162,-47.548007,-0.594350
216.1710,-18162,-47.548007,-0.594350
216.1810,-18162,-47.548007,-0.594350
216.1910,-18162,-47.548007,-0.594350
216.2010,-18162,-47.548007,-0.594350
216.2110,-18162,-47.548007,-0.594350
216.2210,-18162,-47.548007,-0.594350
216.2310,-18162,-47.548007,-0.594350
216.2410,-18163,-47.550624,-0.594383
216.2510,-18163,-47.550624,-0.594383
216.2610,-18163,-47.550624,-0.594383
216.2710,-18163,-47.550624,-0.594383
216.2810,-18163,-47.550624,-0.594383
216.2910,-18163,-47.550624,-0.594383
216.3010,-18163,-47.550624,-0.594383
216.3110,-18163,-47.550624,-0.594383
216.3210,-18163,-47.550624,-0.594383
216.3310,-18163,-47.550624,-0.594383
216.3410,-18163,-47.550624,-0.594383
216.3510,-18163,-47.550624,-0.594383
216.3610,-18163,-47.550624,-0.594383
216.3710,-18163,-47.550624,-0.594383
216.3810,-18164,-47.553241,-0.594416
216.3910,-18164,-47.553241,-0.594416
216.4010,-18164,-47.553241,-0.594416
216.4120,-18164,-47.553241,-0.594416
216.4210,-18164,-47.553241,-0.594416
216.4310,-18164,-47.553241,-0.594416
216.4410,-18164,-47.553241,-0.594416
216.4510,-18164,-47.553241,-0.594416
216.4610,-18164,-47.553241,-0.594416
216.4710,-18164,-47.553241,-0.594416
216.4810,-18164,-47.553241,-0.594416
216.4910,-18164,-47.553241,-0.594416
216.5010,-18164,-47.553241,-0.594416
216.5110,-18165,-47.555858,-0.594448
216.5210,-18165,-47.555858,-0.594448
216.5310,-18165,-47.555858,-0.594448
216.5410,-18165,-47.555858,-0.594448
216.5510,-18165,-47.555858,-0.594448
216.5610,-18165,-47.555858,-0.594448
216.5710,-18165,-47.555858,-0.594448
216.5810,-18165,-47.555858,-0.594448
216.5910,-18165,-47.555858,-0.594448
216.6010,-18165,-47.555858,-0.594448
216.6110,-18165,-47.555858,-0.594448
216.6210,-18165,-47.555858,-0.594448
216.6310,-18165,-47.555858,-0.594448
216.6410,-18165,-47.555858,-0.594448
216.6510,-18166,-47.558479,-0.594481
216.6610,-18166,-47.558479,-0.594481
216.6710,-18166,-47.558479,-0.594481
216.6810,-18166,-47.558479,-0.594481
216.6910,-18166,-47.558479,-0.594481
216.7010,-18166,-47.558479,-0.594481
216.7110,-18166,-47.558479,-0.594481
216.7210,-18166,-47.558479,-0.594481
216.7310,-18166,-47.558479,-0.594481
216.7410,-18166,-47.558479,-0.594481
216.7510,-18166,-47.558479,-0.594481
216.7610,-18166,-47.558479,-0.594481
216.7710,-18166,-47.558479,-0.594481
216.7810,-18166,-47.558479,-0.594481
216.7910,-18167,-47.561096,-0.594514
216.8010,-18167,-47.561096,-0.594514
216.8110,-18167,-47.561096,-0.594514
216.8210,-18167,-47.561096,-0.594514
216.8310,-18167,-47.561096,-0.594514
216.8410,-18167,-47.561096,-0.594514
216.8510,-18167,-47.561096,-0.594514
216.8610,-18167,-47.561096,-0.594514
216.8710,-18167,-47.561096,-0.594514
216.8810,-18167,-47.561096,-0.594514
216.8910,-18167,-47.561096,-0.594514
216.9010,-18167,-47.561096,-0.594514
216.9110,-18167,-47.561096,-0.594514
216.9210,-18167,-47.561096,-0.594514
216.9310,-18168,-47.563716,-0.594546
216.9410,-18168,-47.563716,-0.594546
216.9510,-18168,-47.563716,-0.594546
216.9610,-18168,-47.563716,-0.594546
216.9710,-18168,-47.563716,-0.594546
216.9810,-18168,-47.563716,-0.594546
216.9910,-18168,-47.563716,-0.594546
217.0010,-18168,-47.563716,-0.594546
217.0110,-18168,-47.563716,-0.594546
217.0210,-18168,-47.563716,-0.594546
217.0310,-18168,-47.563716,-0.594546
217.0410,-18168,-47.563716,-0.594546
217.0520,-18168,-47.563716,-0.594546
217.0610,-18168,-47.563716,-0.594546
217.0710,-18169,-47.566329,-0.594579
217.0810,-18169,-47.566329,-0.594579
217.0910,-18169,-47.566329,-0.594579
217.1010,-18169,-47.566329,-0.594579
217.1110,-18169,-47.566329,-0.594579
217.1210,-18169,-47.566329,-0.594579
217.1310,-18169,-47.566329,-0.594579
217.1410,-18169,-47.566329,-0.594579
217.1510,-18169,-47.566329,-0.594579
217.1610,-18169,-47.566329,-0.594579
217.1710,-18169,-47.566329,-0.594579
217.1810,-18169,-47.566329,-0.594579
217.1910,-18169,-47.566329,-0.594579
217.2010,-18169,-47.566329,-0.594579
217.2110,-18170,-47.568950,-0.594612
217.2210,-18170,-47.568950,-0.594612
217.2310,-18170,-47.568950,-0.594612
217.2410,-18170,-47.568950,-0.594612
217.2510,-18170,-47.568950,-0.594612
217.2610,-18170,-47.568950,-0.594612
217.2710,-18170,-47.568950,-0.594612
217.2810,-18170,-47.568950,-0.594612
217.2910,-18170,-47.568950,-0.594612
217.3010,-18170,-47.568950,-0.594612
217.3110,-18170,-47.568950,-0.594612
217.3210,-18170,-47.568950,-0.594612
217.3310,-18170,-47.568950,-0.594612
217.3410,-18171,-47.571567,-0.594645
217.3510,-18172,-47.574188,-0.594677
217.3610,-18172,-47.574188,-0.594677
217.3710,-18172,-47.574188,-0.594677
217.3810,-18172,-47.574188,-0.594677
217.3910,-18172,-47.574188,-0.594677
217.4010,-18172,-47.574188,-0.594677
217.4110,-18172,-47.574188,-0.594677
217.4210,-18172,-47.574188,-0.594677
217.4310,-18172,-47.574188,-0.594677
217.4410,-18172,-47.574188,-0.594677
217.4510,-18172,-47.574188,-0.594677
217.4610,-18172,-47.574188,-0.594677
217.4710,-18172,-47.574188,-0.594677
217.4810,-18172,-47.574188,-0.594677
217.4910,-18172,-47.574188,-0.594677
217.5010,-18172,-47.574188,-0.594677
217.5110,-18172,-47.574188,-0.594677
217.5210,-18172,-47.574188,-0.594677
217.5310,-18172,-47.574188,-0.594677
217.5410,-18172,-47.574188,-0.594677
217.5510,-18172,-47.574188,-0.594677
217.5610,-18172,-47.574188,-0.594677
217.5710,-18172,-47.574188,-0.594677
217.5810,-18173,-47.576805,-0.594710
217.5910,-18173,-47.576805,-0.594710
217.6010,-18173,-47.576805,-0.594710
217.6110,-18173,-47.576805,-0.594710
217.6210,-18173,-47.576805,-0.594710
217.6310,-18174,-47.579421,-0.594743
217.6410,-18174,-47.579421,-0.594743
217.6510,-18174,-47.579421,-0.594743
217.6610,-18174,-47.579421,-0.594743
217.6710,-18174,-47.579421,-0.594743
217.6810,-18174,-47.579421,-0.594743
217.6920,-18174,-47.579421,-0.594743
217.7010,-18174,-47.579421,-0.594743
217.7110,-18174,-47.579421,-0.594743
217.7210,-18174,-47.579421,-0.594743
217.7310,-18174,-47.579421,-0.594743
217.7410,-18174,-47.579421,-0.594743
217.7510,-18174,-47.579421,-0.594743
217.7610,-18175,-47.582038,-0.594775
217.7710,-18175,-47.582038,-0.594775
217.7810,-18175,-47.582038,-0.594775
217.7910,-18175,-47.582038,-0.594775
217.8010,-18175,-47.582038,-0.594775
217.8110,-18175,-47.582038,-0.594775
217.8210,-18175,-47.582038,-0.594775
217.8310,-18175,-47.582038,-0.594775
217.8410,-18175,-47.582038,-0.594775
217.8510,-18175,-47.582038,-0.594775
217.8610,-18175,-47.582038,-0.594775
217.8710,-18175,-47.582038,-0.594775
217.8810,-18175,-47.582038,-0.594775
217.8910,-18175,-47.582038,-0.594775
217.9010,-18176,-47.584655,-0.594808
217.9110,-18176,-47.584655,-0.594808
217.9210,-18176,-47.584655,-0.594808
217.9310,-18176,-47.584655,-0.594808
217.9410,-18176,-47.584655,-0.594808
217.9510,-18176,-47.584655,-0.594808
217.9610,-18176,-47.584655,-0.594808
217.9710,-18176,-47.584655,-0.594808
217.9810,-18176,-47.584655,-0.594808
217.9910,-18176,-47.584655,-0.594808
218.0010,-18176,-47.584655,-0.594808
218.0110,-18176,-47.584655,-0.594808
218.0210,-18176,-47.584655,-0.594808
218.0310,-18176,-47.584655,-0.594808
218.0410,-18177,-47.587276,-0.594841
218.0510,-18177,-47.587276,-0.594841
218.0610,-18177,-47.587276,-0.594841
218.0710,-18177,-47.587276,-0.594841
218.0810,-18177,-47.587276,-0.594841
218.0910,-18177,-47.587276,-0.594841
218.1010,-18177,-47.587276,-0.594841
218.1110,-18177,-47.587276,-0.594841
218.1210,-18177,-47.587276,-0.594841
218.1310,-18177,-47.587276,-0.594841
218.1410,-18177,-47.587276,-0.594841
218.1510,-18177,-47.587276,-0.594841
218.1610,-18177,-47.587276,-0.594841
218.1710,-18177,-47.587276,-0.594841
218.1810,-18178,-47.589893,-0.594874
218.1910,-18178,-47.589893,-0.594874
218.2010,-18178,-47.589893,-0.594874
218.2110,-18178,-47.589893,-0.594874
218.2210,-18178,-47.589893,-0.594874
218.2310,-18178,-47.589893,-0.594874
218.2410,-18178,-47.589893,-0.594874
218.2510,-18178,-47.589893,-0.594874
218.2610,-18178,-47.589893,-0.594874
218.2710,-18178,-47.589893,-0.594874
218.2810,-18178,-47.589893,-0.594874
218.2910,-18178,-47.589893,-0.594874
218.3010,-18178,-47.589893,-0.594874
218.3110,-18178,-47.589893,-0.594874
218.3210,-18179,-47.592514,-0.594906
218.3320,-18179,-47.592514,-0.594906
218.3410,-18179,-47.592514,-0.594906
218.3510,-18179,-47.592514,-0.594906
218.3610,-18180,-47.595127,-0.594939
218.3710,-18180,-47.595127,-0.594939
218.3810,-18180,-47.595127,-0.594939
218.3910,-18180,-47.595127,-0.594939
218.4010,-18180,-47.595127,-0.594939
218.4110,-18180,-47.595127,-0.594939
218.4210,-18180,-47.595127,-0.594939
218.4310,-18180,-47.595127,-0.594939
218.4410,-18180,-47.595127,-0.594939
218.4510,-18180,-47.595127,-0.594939
218.4610,-18180,-47.595127,-0.594939
218.4710,-18181,-47.597747,-0.594972
218.4810,-18181,-47.597747,-0.594972
218.4910,-18181,-47.597747,-0.594972
218.5010,-18181,-47.597747,-0.594972
218.5110,-18181,-47.597747,-0.594972
218.5210,-18181,-47.597747,-0.594972
218.5310,-18181,-47.597747,-0.594972
218.5410,-18181,-47.597747,-0.594972
218.5510,-18181,-47.597747,-0.594972
218.5610,-18181,-47.597747,-0.594972
218.5710,-18181,-47.597747,-0.594972
218.5810,-18181,-47.597747,-0.594972
218.5910,-18182,-47.600364,-0.595005
218.6010,-18182,-47.600364,-0.595005
218.6110,-18182,-47.600364,-0.595005
218.6210,-18182,-47.600364,-0.595005
218.6310,-18182,-47.600364,-0.595005
218.6410,-18182,-47.600364,-0.595005
218.6510,-18182,-47.600364,-0.595005
218.6610,-18182,-47.600364,-0.595005
218.6710,-18182,-47.600364,-0.595005
218.6810,-18182,-47.600364,-0.595005
218.6910,-18182,-47.600364,-0.595005
218.7010,-18182,-47.600364,-0.595005
218.7110,-18182,-47.600364,-0.595005
218.7210,-18182,-47.600364,-0.595005
218.7310,-18183,-47.602985,-0.595037
218.7410,-18183,-47.602985,-0.595037
218.7510,-18183,-47.602985,-0.595037
218.7610,-18183,-47.602985,-0.595037
218.7710,-18183,-47.602985,-0.595037
218.7810,-18184,-47.605602,-0.595070
218.7910,-18184,-47.605602,-0.595070
218.8010,-18184,-47.605602,-0.595070
218.8110,-18184,-47.605602,-0.595070
218.8210,-18184,-47.605602,-0.595070
218.8310,-18184,-47.605602,-0.595070
218.8410,-18184,-47.605602,-0.595070
218.8510,-18184,-47.605602,-0.595070
218.8610,-18184,-47.605602,-0.595070
218.8710,-18184,-47.605602,-0.595070
218.8810,-18184,-47.605602,-0.595070
218.8910,-18184,-47.605602,-0.595070
218.9010,-18185,-47.608219,-0.595103
218.9110,-18185,-47.608219,-0.595103
218.9210,-18185,-47.608219,-0.595103
218.9310,-18185,-47.608219,-0.595103
218.9410,-18185,-47.608219,-0.595103
218.9510,-18185,-47.608219,-0.595103
218.9610,-18185,-47.608219,-0.595103
218.9720,-18185,-47.608219,-0.595103
218.9810,-18185,-47.608219,-0.595103
218.9910,-18185,-47.608219,-0.595103
219.0010,-18185,-47.608219,-0.595103
219.0110,-18186,-47.610836,-0.595135
219.0210,-18186,-47.610836,-0.595135
219.0310,-18186,-47.610836,-0.595135
219.0410,-18186,-47.610836,-0.595135
219.0510,-18186,-47.610836,-0.595135
219.0610,-18186,-47.610836,-0.595135
219.0710,-18186,-47.610836,-0.595135
219.0810,-18186,-47.610836,-0.595135
219.0910,-18186,-47.610836,-0.595135
219.1010,-18186,-47.610836,-0.595135
219.1110,-18186,-47.610836,-0.595135
219.1210,-18186,-47.610836,-0.595135
219.1310,-18186,-47.610836,-0.595135
219.1410,-18186,-47.610836,-0.595135
219.1510,-18187,-47.613456,-0.595168
219.1610,-18187,-47.613456,-0.595168
219.1710,-18187,-47.613456,-0.595168
219.1810,-18187,-47.613456,-0.595168
219.1910,-18187,-47.613456,-0.595168
219.2010,-18187,-47.613456,-0.595168
219.2110,-18187,-47.613456,-0.595168
219.2210,-18187,-47.613456,-0.595168
219.2310,-18187,-47.613456,-0.595168
219.2410,-18187,-47.613456,-0.595168
219.2510,-18187,-47.613456,-0.595168
219.2610,-18187,-47.613456,-0.595168
219.2710,-18187,-47.613456,-0.595168
219.2810,-18187,-47.613456,-0.595168
219.2910,-18188,-47.616073,-0.595201
219.3010,-18188,-47.616073,-0.595201
219.3110,-18188,-47.616073,-0.595201
219.3210,-18188,-47.616073,-0.595201
219.3310,-18188,-47.616073,-0.595201
219.3410,-18188,-47.616073,-0.595201
219.3510,-18188,-47.616073,-0.595201
219.3610,-18188,-47.616073,-0.595201
219.3710,-18188,-47.616073,-0.595201
219.3810,-18188,-47.616073,-0.595201
219.3910,-18188,-47.616073,-0.595201
219.4010,-18188,-47.616073,-0.595201
219.4110,-18188,-47.616073,-0.595201
219.4210,-18188,-47.616073,-0.595201
219.4310,-18189,-47.618694,-0.595234
219.4410,-18189,-47.618694,-0.595234
219.4510,-18189,-47.618694,-0.595234
219.4610,-18189,-47.618694,-0.595234
219.4710,-18189,-47.618694,-0.595234
219.4810,-18189,-47.618694,-0.595234
219.4910,-18189,-47.618694,-0.595234
219.5010,-18189,-47.618694,-0.595234
219.5110,-18189,-47.618694,-0.595234
219.5210,-18189,-47.618694,-0.595234
219.5310,-18189,-47.618694,-0.595234
219.5410,-18189,-47.618694,-0.595234
219.5510,-18189,-47.618694,-0.595234
219.5610,-18189,-47.618694,-0.595234
219.5710,-18189,-47.618694,-0.595234
219.5810,-18189,-47.618694,-0.595234
219.5910,-18189,-47.618694,-0.595234
219.6010,-18189,-47.618694,-0.595234
219.6120,-18189,-47.618694,-0.595234
219.6210,-18189,-47.618694,-0.595234
219.6310,-18189,-47.618694,-0.595234
219.6410,-18189,-47.618694,-0.595234
219.6510,-18189,-47.618694,-0.595234
219.6610,-18189,-47.618694,-0.595234
219.6710,-18189,-47.618694,-0.595234
219.6810,-18189,-47.618694,-0.595234
219.6910,-18189,-47.618694,-0.595234
219.7010,-18190,-47.621311,-0.595266
219.7110,-18190,-47.621311,-0.595266
219.7210,-18190,-47.621311,-0.595266
219.7310,-18190,-47.621311,-0.595266
219.7410,-18190,-47.621311,-0.595266
219.7510,-18190,-47.621311,-0.595266
219.7610,-18190,-47.621311,-0.595266
219.7710,-18190,-47.621311,-0.595266
219.7810,-18190,-47.621311,-0.595266
219.7910,-18190,-47.621311,-0.595266
219.8010,-18190,-47.621311,-0.595266
219.8110,-18190,-47.621311,-0.595266
219.8210,-18190,-47.621311,-0.595266
219.8310,-18190,-47.621311,-0.595266
219.8410,-18191,-47.623928,-0.595299
219.8510,-18191,-47.623928,-0.595299
219.8610,-18191,-47.623928,-0.595299
219.8710,-18191,-47.623928,-0.595299
219.8810,-18191,-47.623928,-0.595299
219.8910,-18191,-47.623928,-0.595299
219.9010,-18191,-47.623928,-0.595299
219.9110,-18191,-47.623928,-0.595299
219.9210,-18191,-47.623928,-0.595299
219.9310,-18191,-47.623928,-0.595299
219.9410,-18191,-47.623928,-0.595299
219.9510,-18191,-47.623928,-0.595299
219.9610,-18191,-47.623928,-0.595299
219.9710,-18191,-47.623928,-0.595299
219.9810,-18192,-47.626544,-0.595332
219.9910,-18192,-47.626544,-0.595332
220.0010,-18192,-47.626544,-0.595332
220.0110,-18192,-47.626544,-0.595332
220.0210,-18192,-47.626544,-0.595332
220.0310,-18192,-47.626544,-0.595332
220.0410,-18192,-47.626544,-0.595332
220.0510,-18192,-47.626544,-0.595332
220.0610,-18192,-47.626544,-0.595332
220.0710,-18192,-47.626544,-0.595332
220.0810,-18192,-47.626544,-0.595332
220.0910,-18192,-47.626544,-0.595332
220.1010,-18192,-47.626544,-0.595332
220.1110,-18192,-47.626544,-0.595332
220.1210,-18192,-47.626544,-0.595332
220.1310,-18192,-47.626544,-0.595332
220.1410,-18192,-47.626544,-0.595332
220.1510,-18192,-47.626544,-0.595332
220.1610,-18192,-47.626544,-0.595332
220.1710,-18192,-47.626544,-0.595332
220.1810,-18192,-47.626544,-0.595332
220.1910,-18192,-47.626544,-0.595332
220.2010,-18192,-47.626544,-0.595332
220.2110,-18192,-47.626544,-0.595332
220.2210,-18192,-47.626544,-0.595332
220.2310,-18192,-47.626544,-0.595332
220.2410,-18192,-47.626544,-0.595332
220.2520,-18192,-47.626544,-0.595332
220.2610,-18193,-47.629165,-0.595365
220.2710,-18193,-47.629165,-0.595365
220.2810,-18193,-47.629165,-0.595365
220.2910,-18193,-47.629165,-0.595365
220.3010,-18193,-47.629165,-0.595365
220.3110,-18193,-47.629165,-0.595365
220.3210,-18193,-47.629165,-0.595365
220.3310,-18193,-47.629165,-0.595365
220.3410,-18193,-47.629165,-0.595365
220.3510,-18193,-47.629165,-0.595365
220.3610,-18193,-47.629165,-0.595365
220.3710,-18193,-47.629165,-0.595365
220.3810,-18193,-47.629165,-0.595365
220.3910,-18193,-47.629165,-0.595365
220.4010,-18194,-47.631782,-0.595397
220.4110,-18194,-47.631782,-0.595397
220.4210,-18194,-47.631782,-0.595397
220.4310,-18194,-47.631782,-0.595397
220.4410,-18194,-47.631782,-0.595397
220.4510,-18194,-47.631782,-0.595397
220.4610,-18194,-47.631782,-0.595397
220.4710,-18194,-47.631782,-0.595397
220.4810,-18194,-47.631782,-0.595397
220.4910,-18194,-47.631782,-0.595397
220.5010,-18194,-47.631782,-0.595397
220.5110,-18194,-47.631782,-0.595397
220.5210,-18194,-47.631782,-0.595397
220.5310,-18194,-47.631782,-0.595397
220.5410,-18194,-47.631782,-0.595397
220.5510,-18194,-47.631782,-0.595397
220.5610,-18194,-47.631782,-0.595397
220.5710,-18194,-47.631782,-0.595397
220.5810,-18194,-47.631782,-0.595397
220.5910,-18194,-47.631782,-0.595397
220.6010,-18194,-47.631782,-0.595397
220.6110,-18194,-47.631782,-0.595397
220.6210,-18194,-47.631782,-0.595397
220.6310,-18194,-47.631782,-0.595397
220.6410,-18194,-47.631782,-0.595397
220.6510,-18194,-47.631782,-0.595397
220.6610,-18194,-47.631782,-0.595397
220.6710,-18194,-47.631782,-0.595397
220.6810,-18195,-47.634399,-0.595430
220.6910,-18195,-47.634399,-0.595430
220.7010,-18195,-47.634399,-0.595430
220.7110,-18195,-47.634399,-0.595430
220.7210,-18195,-47.634399,-0.595430
220.7310,-18195,-47.634399,-0.595430
220.7410,-18195,-47.634399,-0.595430
220.7510,-18195,-47.634399,-0.595430
220.7610,-18195,-47.634399,-0.595430
220.7710,-18195,-47.634399,-0.595430
220.7810,-18195,-47.634399,-0.595430
220.7910,-18195,-47.634399,-0.595430
220.8010,-18195,-47.634399,-0.595430
220.8110,-18195,-47.634399,-0.595430
220.8210,-18195,-47.634399,-0.595430
220.8310,-18195,-47.634399,-0.595430
220.8410,-18195,-47.634399,-0.595430
220.8510,-18195,-47.634399,-0.595430
220.8610,-18195,-47.634399,-0.595430
220.8710,-18195,-47.634399,-0.595430
220.8810,-18195,-47.634399,-0.595430
220.8920,-18195,-47.634399,-0.595430
220.9010,-18195,-47.634399,-0.595430
220.9110,-18195,-47.634399,-0.595430
220.9210,-18195,-47.634399,-0.595430
220.9310,-18195,-47.634399,-0.595430
220.9410,-18195,-47.634399,-0.595430
220.9510,-18196,-47.637016,-0.595463
220.9610,-18196,-47.637016,-0.595463
220.9710,-18196,-47.637016,-0.595463
220.9810,-18196,-47.637016,-0.595463
220.9910,-18196,-47.637016,-0.595463
221.0010,-18196,-47.637016,-0.595463
221.0110,-18196,-47.637016,-0.595463
221.0210,-18196,-47.637016,-0.595463
221.0310,-18196,-47.637016,-0.595463
221.0410,-18196,-47.637016,-0.595463
221.0510,-18196,-47.637016,-0.595463
221.0610,-18196,-47.637016,-0.595463
221.0710,-18196,-47.637016,-0.595463
221.0810,-18196,-47.637016,-0.595463
221.0910,-18196,-47.637016,-0.595463
221.1010,-18196,-47.637016,-0.595463
221.1110,-18196,-47.637016,-0.595463
221.1210,-18196,-47.637016,-0.595463
221.1310,-18196,-47.637016,-0.595463
221.1410,-18196,-47.637016,-0.595463
221.1510,-18196,-47.637016,-0.595463
221.1610,-18196,-47.637016,-0.595463
221.1710,-18196,-47.637016,-0.595463
221.1810,-18196,-47.637016,-0.595463
221.1910,-18196,-47.637016,-0.595463
221.2010,-18196,-47.637016,-0.595463
221.2110,-18196,-47.637016,-0.595463
221.2210,-18196,-47.637016,-0.595463
221.2310,-18197,-47.639636,-0.595495
221.2410,-18197,-47.639636,-0.595495
221.2510,-18197,-47.639636,-0.595495
221.2610,-18197,-47.639636,-0.595495
221.2710,-18197,-47.639636,-0.595495
221.2810,-18197,-47.639636,-0.595495
221.2910,-18197,-47.639636,-0.595495
221.3010,-18197,-47.639636,-0.595495
221.3110,-18197,-47.639636,-0.595495
221.3210,-18197,-47.639636,-0.595495
221.3310,-18197,-47.639636,-0.595495
221.3410,-18197,-47.639636,-0.595495
221.3510,-18197,-47.639636,-0.595495
221.3610,-18197,-47.639636,-0.595495
221.3710,-18197,-47.639636,-0.595495
221.3810,-18197,-47.639636,-0.595495
221.3910,-18197,-47.639636,-0.595495
221.4010,-18197,-47.639636,-0.595495
221.4110,-18197,-47.639636,-0.595495
221.4210,-18197,-47.639636,-0.595495
221.4310,-18197,-47.639636,-0.595495
221.4410,-18197,-47.639636,-0.595495
221.4510,-18197,-47.639636,-0.595495
221.4610,-18197,-47.639636,-0.595495
221.4710,-18197,-47.639636,-0.595495
221.4810,-18197,-47.639636,-0.595495
221.4910,-18197,-47.639636,-0.595495
221.5010,-18197,-47.639636,-0.595495
221.5110,-18198,-47.642253,-0.595528
221.5210,-18198,-47.642253,-0.595528
221.5320,-18198,-47.642253,-0.595528
221.5410,-18198,-47.642253,-0.595528
221.5510,-18198,-47.642253,-0.595528
221.5610,-18198,-47.642253,-0.595528
221.5710,-18198,-47.642253,-0.595528
221.5810,-18198,-47.642253,-0.595528
221.5910,-18198,-47.642253,-0.595528
221.6010,-18198,-47.642253,-0.595528
221.6110,-18198,-47.642253,-0.595528
221.6210,-18198,-47.642253,-0.595528
221.6310,-18198,-47.642253,-0.595528
221.6410,-18198,-47.642253,-0.595528
221.6510,-18198,-47.642253,-0.595528
221.6610,-18198,-47.642253,-0.595528
221.6710,-18198,-47.642253,-0.595528
221.6810,-18198,-47.642253,-0.595528
221.6910,-18198,-47.642253,-0.595528
221.7010,-18198,-47.642253,-0.595528
221.7110,-18198,-47.642253,-0.595528
221.7210,-18198,-47.642253,-0.595528
221.7310,-18198,-47.642253,-0.595528
221.7410,-18198,-47.642253,-0.595528
221.7510,-18198,-47.642253,-0.595528
221.7610,-18198,-47.642253,-0.595528
221.7710,-18198,-47.642253,-0.595528
221.7810,-18199,-47.644870,-0.595561
221.7910,-18199,-47.644870,-0.595561
221.8010,-18199,-47.644870,-0.595561
221.8110,-18199,-47.644870,-0.595561
221.8210,-18199,-47.644870,-0.595561
221.8310,-18199,-47.644870,-0.595561
221.8410,-18199,-47.644870,-0.595561
221.8510,-18199,-47.644870,-0.595561
221.8610,-18199,-47.644870,-0.595561
221.8710,-18199,-47.644870,-0.595561
221.8810,-18199,-47.644870,-0.595561
221.8910,-18199,-47.644870,-0.595561
221.9010,-18199,-47.644870,-0.595561
221.9110,-18199,-47.644870,-0.595561
221.9210,-18199,-47.644870,-0.595561
221.9310,-18199,-47.644870,-0.595561
221.9410,-18199,-47.644870,-0.595561
221.9510,-18199,-47.644870,-0.595561
221.9610,-18199,-47.644870,-0.595561
221.9710,-18199,-47.644870,-0.595561
221.9810,-18199,-47.644870,-0.595561
221.9910,-18199,-47.644870,-0.595561
222.0010,-18199,-47.644870,-0.595561
222.0110,-18199,-47.644870,-0.595561
222.0210,-18199,-47.644870,-0.595561
222.0310,-18199,-47.644870,-0.595561
222.0410,-18199,-47.644870,-0.595561
222.0510,-18199,-47.644870,-0.595561
222.0610,-18200,-47.647491,-0.595594
222.0710,-18200,-47.647491,-0.595594
222.0810,-18200,-47.647491,-0.595594
222.0910,-18200,-47.647491,-0.595594
222.1010,-18200,-47.647491,-0.595594
222.1110,-18200,-47.647491,-0.595594
222.1210,-18200,-47.647491,-0.595594
222.1310,-18200,-47.647491,-0.595594
222.1410,-18200,-47.647491,-0.595594
222.1510,-18200,-47.647491,-0.595594
222.1610,-18200,-47.647491,-0.595594
222.1720,-18200,-47.647491,-0.595594
222.1810,-18200,-47.647491,-0.595594
222.1910,-18200,-47.647491,-0.595594
222.2010,-18200,-47.647491,-0.595594
222.2110,-18200,-47.647491,-0.595594
222.2210,-18200,-47.647491,-0.595594
222.2310,-18200,-47.647491,-0.595594
222.2410,-18200,-47.647491,-0.595594
222.2510,-18200,-47.647491,-0.595594
222.2610,-18200,-47.647491,-0.595594
222.2710,-18200,-47.647491,-0.595594
222.2810,-18200,-47.647491,-0.595594
222.2910,-18200,-47.647491,-0.595594
222.3010,-18200,-47.647491,-0.595594
222.3110,-18200,-47.647491,-0.595594
222.3210,-18200,-47.647491,-0.595594
222.3310,-18200,-47.647491,-0.595594
222.3410,-18201,-47.650108,-0.595626
222.3510,-18201,-47.650108,-0.595626
222.3610,-18201,-47.650108,-0.595626
222.3710,-18201,-47.650108,-0.595626
222.3810,-18201,-47.650108,-0.595626
222.3910,-18201,-47.650108,-0.595626
222.4010,-18201,-47.650108,-0.595626
222.4110,-18201,-47.650108,-0.595626
222.4210,-18201,-47.650108,-0.595626
222.4310,-18201,-47.650108,-0.595626
222.4410,-18201,-47.650108,-0.595626
222.4510,-18201,-47.650108,-0.595626
222.4610,-18201,-47.650108,-0.595626
222.4710,-18201,-47.650108,-0.595626
222.4810,-18201,-47.650108,-0.595626
222.4910,-18201,-47.650108,-0.595626
222.5010,-18201,-47.650108,-0.595626
222.5110,-18201,-47.650108,-0.595626
222.5210,-18201,-47.650108,-0.595626
222.5310,-18201,-47.650108,-0.595626
222.5410,-18201,-47.650108,-0.595626
222.5510,-18201,-47.650108,-0.595626
222.5610,-18201,-47.650108,-0.595626
222.5710,-18201,-47.650108,-0.595626
222.5810,-18201,-47.650108,-0.595626
222.5910,-18201,-47.650108,-0.595626
222.6010,-18201,-47.650108,-0.595626
222.6110,-18201,-47.650108,-0.595626
222.6210,-18202,-47.652725,-0.595659
222.6310,-18202,-47.652725,-0.595659
222.6410,-18202,-47.652725,-0.595659
222.6510,-18202,-47.652725,-0.595659
222.6610,-18202,-47.652725,-0.595659
222.6710,-18202,-47.652725,-0.595659
222.6810,-18202,-47.652725,-0.595659
222.6910,-18202,-47.652725,-0.595659
222.7010,-18202,-47.652725,-0.595659
222.7110,-18202,-47.652725,-0.595659
222.7210,-18202,-47.652725,-0.595659
222.7310,-18202,-47.652725,-0.595659
222.7410,-18202,-47.652725,-0.595659
222.7510,-18202,-47.652725,-0.595659
222.7610,-18202,-47.652725,-0.595659
222.7710,-18202,-47.652725,-0.595659
222.7810,-18202,-47.652725,-0.595659
222.7910,-18202,-47.652725,-0.595659
222.8010,-18202,-47.652725,-0.595659
222.8120,-18202,-47.652725,-0.595659
222.8210,-18202,-47.652725,-0.595659
222.8310,-18202,-47.652725,-0.595659
222.8410,-18202,-47.652725,-0.595659
222.8510,-18202,-47.652725,-0.595659
222.8610,-18202,-47.652725,-0.595659
222.8710,-18202,-47.652725,-0.595659
222.8810,-18202,-47.652725,-0.595659
222.8910,-18202,-47.652725,-0.595659
222.9010,-18203,-47.655342,-0.595692
222.9110,-18203,-47.655342,-0.595692
222.9210,-18203,-47.655342,-0.595692
222.9310,-18203,-47.655342,-0.595692
222.9410,-18203,-47.655342,-0.595692
222.9510,-18203,-47.655342,-0.595692
222.9610,-18203,-47.655342,-0.595692
222.9710,-18203,-47.655342,-0.595692
222.9810,-18203,-47.655342,-0.595692
222.9910,-18203,-47.655342,-0.595692
223.0010,-18203,-47.655342,-0.595692
223.0110,-18203,-47.655342,-0.595692
223.0210,-18203,-47.655342,-0.595692
223.0310,-18203,-47.655342,-0.595692
223.0410,-18203,-47.655342,-0.595692
223.0510,-18203,-47.655342,-0.595692
223.0610,-18203,-47.655342,-0.595692
223.0710,-18203,-47.655342,-0.595692
223.0810,-18203,-47.655342,-0.595692
223.0910,-18203,-47.655342,-0.595692
223.1010,-18203,-47.655342,-0.595692
223.1110,-18203,-47.655342,-0.595692
223.1210,-18203,-47.655342,-0.595692
223.1310,-18203,-47.655342,-0.595692
223.1410,-18203,-47.655342,-0.595692
223.1510,-18203,-47.655342,-0.595692
223.1610,-18203,-47.655342,-0.595692
223.1710,-18203,-47.655342,-0.595692
223.1810,-18203,-47.655342,-0.595692
223.1910,-18203,-47.655342,-0.595692
223.2010,-18203,-47.655342,-0.595692
223.2110,-18203,-47.655342,-0.595692
223.2210,-18203,-47.655342,-0.595692
223.2310,-18203,-47.655342,-0.595692
223.2410,-18203,-47.655342,-0.595692
223.2510,-18203,-47.655342,-0.595692
223.2610,-18203,-47.655342,-0.595692
223.2710,-18203,-47.655342,-0.595692
223.2810,-18203,-47.655342,-0.595692
223.2910,-18203,-47.655342,-0.595692
223.3010,-18203,-47.655342,-0.595692
223.3110,-18204,-47.657962,-0.595725
223.3210,-18204,-47.657962,-0.595725
223.3310,-18204,-47.657962,-0.595725
223.3410,-18204,-47.657962,-0.595725
223.3510,-18204,-47.657962,-0.595725
223.3610,-18204,-47.657962,-0.595725
223.3710,-18204,-47.657962,-0.595725
223.3810,-18204,-47.657962,-0.595725
223.3910,-18204,-47.657962,-0.595725
223.4010,-18204,-47.657962,-0.595725
223.4110,-18204,-47.657962,-0.595725
223.4210,-18204,-47.657962,-0.595725
223.4310,-18204,-47.657962,-0.595725
223.4410,-18204,-47.657962,-0.595725
223.4520,-18204,-47.657962,-0.595725
223.4610,-18204,-47.657962,-0.595725
223.4710,-18204,-47.657962,-0.595725
223.4810,-18204,-47.657962,-0.595725
223.4910,-18204,-47.657962,-0.595725
223.5010,-18204,-47.657962,-0.595725
223.5110,-18204,-47.657962,-0.595725
223.5210,-18204,-47.657962,-0.595725
223.5310,-18204,-47.657962,-0.595725
223.5410,-18204,-47.657962,-0.595725
223.5510,-18204,-47.657962,-0.595725
223.5610,-18204,-47.657962,-0.595725
223.5710,-18204,-47.657962,-0.595725
223.5810,-18204,-47.657962,-0.595725
223.5910,-18204,-47.657962,-0.595725
223.6010,-18204,-47.657962,-0.595725
223.6110,-18204,-47.657962,-0.595725
223.6210,-18204,-47.657962,-0.595725
223.6310,-18204,-47.657962,-0.595725
223.6410,-18204,-47.657962,-0.595725
223.6510,-18204,-47.657962,-0.595725
223.6610,-18204,-47.657962,-0.595725
223.6710,-18204,-47.657962,-0.595725
223.6810,-18204,-47.657962,-0.595725
223.6910,-18204,-47.657962,-0.595725
223.7010,-18204,-47.657962,-0.595725
223.7110,-18204,-47.657962,-0.595725
223.7210,-18204,-47.657962,-0.595725
223.7310,-18205,-47.660579,-0.595757
223.7410,-18205,-47.660579,-0.595757
223.7510,-18205,-47.660579,-0.595757
223.7610,-18205,-47.660579,-0.595757
223.7710,-18205,-47.660579,-0.595757
223.7810,-18205,-47.660579,-0.595757
223.7910,-18205,-47.660579,-0.595757
223.8010,-18205,-47.660579,-0.595757
223.8110,-18205,-47.660579,-0.595757
223.8210,-18205,-47.660579,-0.595757
223.8310,-18205,-47.660579,-0.595757
223.8410,-18205,-47.660579,-0.595757
223.8510,-18205,-47.660579,-0.595757
223.8610,-18205,-47.660579,-0.595757
223.8710,-18205,-47.660579,-0.595757
223.8810,-18205,-47.660579,-0.595757
223.8910,-18205,-47.660579,-0.595757
223.9010,-18205,-47.660579,-0.595757
223.9110,-18205,-47.660579,-0.595757
223.9210,-18205,-47.660579,-0.595757
223.9310,-18205,-47.660579,-0.595757
223.9410,-18205,-47.660579,-0.595757
223.9510,-18205,-47.660579,-0.595757
223.9610,-18205,-47.660579,-0.595757
223.9710,-18205,-47.660579,-0.595757
223.9810,-18205,-47.660579,-0.595757
223.9910,-18205,-47.660579,-0.595757
224.0010,-18205,-47.660579,-0.595757
224.0110,-18206,-47.663200,-0.595790
224.0210,-18206,-47.663200,-0.595790
224.0310,-18206,-47.663200,-0.595790
224.0410,-18206,-47.663200,-0.595790
224.0510,-18206,-47.663200,-0.595790
224.0610,-18206,-47.663200,-0.595790
224.0710,-18206,-47.663200,-0.595790
224.0810,-18206,-47.663200,-0.595790
224.0920,-18206,-47.663200,-0.595790
224.1010,-18206,-47.663200,-0.595790
224.1110,-18206,-47.663200,-0.595790
224.1210,-18206,-47.663200,-0.595790
224.1310,-18206,-47.663200,-0.595790
224.1410,-18206,-47.663200,-0.595790
224.1510,-18206,-47.663200,-0.595790
224.1610,-18206,-47.663200,-0.595790
224.1710,-18206,-47.663200,-0.595790
224.1810,-18206,-47.663200,-0.595790
224.1910,-18206,-47.663200,-0.595790
224.2010,-18206,-47.663200,-0.595790
224.2110,-18206,-47.663200,-0.595790
224.2210,-18206,-47.663200,-0.595790
224.2310,-18206,-47.663200,-0.595790
224.2410,-18206,-47.663200,-0.595790
224.2510,-18206,-47.663200,-0.595790
224.2610,-18206,-47.663200,-0.595790
224.2710,-18206,-47.663200,-0.595790
224.2810,-18206,-47.663200,-0.595790
224.2910,-18206,-47.663200,-0.595790
224.3010,-18206,-47.663200,-0.595790
224.3110,-18206,-47.663200,-0.595790
224.3210,-18206,-47.663200,-0.595790
224.3310,-18206,-47.663200,-0.595790
224.3410,-18206,-47.663200,-0.595790
224.3510,-18206,-47.663200,-0.595790
224.3610,-18206,-47.663200,-0.595790
224.3710,-18206,-47.663200,-0.595790
224.3810,-18206,-47.663200,-0.595790
224.3910,-18206,-47.663200,-0.595790
224.4010,-18206,-47.663200,-0.595790
224.4110,-18206,-47.663200,-0.595790
224.4210,-18207,-47.665813,-0.595823
224.4310,-18207,-47.665813,-0.595823
224.4410,-18207,-47.665813,-0.595823
224.4510,-18207,-47.665813,-0.595823
224.4610,-18207,-47.665813,-0.595823
224.4710,-18207,-47.665813,-0.595823
224.4810,-18207,-47.665813,-0.595823
224.4910,-18207,-47.665813,-0.595823
224.5010,-18207,-47.665813,-0.595823
224.5110,-18207,-47.665813,-0.595823
224.5210,-18207,-47.665813,-0.595823
224.5310,-18207,-47.665813,-0.595823
224.5410,-18207,-47.665813,-0.595823
224.5510,-18207,-47.665813,-0.595823
224.5610,-18207,-47.665813,-0.595823
224.5710,-18207,-47.665813,-0.595823
224.5810,-18207,-47.665813,-0.595823
224.5910,-18207,-47.665813,-0.595823
224.6010,-18207,-47.665813,-0.595823
224.6110,-18207,-47.665813,-0.595823
224.6210,-18207,-47.665813,-0.595823
224.6310,-18207,-47.665813,-0.595823
224.6410,-18207,-47.665813,-0.595823
224.6510,-18207,-47.665813,-0.595823
224.6610,-18207,-47.665813,-0.595823
224.6710,-18207,-47.665813,-0.595823
224.6810,-18207,-47.665813,-0.595823
224.6910,-18207,-47.665813,-0.595823
224.7010,-18208,-47.668434,-0.595855
224.7110,-18208,-47.668434,-0.595855
224.7210,-18208,-47.668434,-0.595855
224.7320,-18208,-47.668434,-0.595855
224.7410,-18208,-47.668434,-0.595855
224.7510,-18208,-47.668434,-0.595855
224.7610,-18208,-47.668434,-0.595855
224.7710,-18208,-47.668434,-0.595855
224.7810,-18208,-47.668434,-0.595855
224.7910,-18208,-47.668434,-0.595855
224.8010,-18208,-47.668434,-0.595855
224.8110,-18208,-47.668434,-0.595855
224.8210,-18208,-47.668434,-0.595855
224.8310,-18208,-47.668434,-0.595855
224.8410,-18208,-47.668434,-0.595855
224.8510,-18208,-47.668434,-0.595855
224.8610,-18208,-47.668434,-0.595855
224.8710,-18208,-47.668434,-0.595855
224.8810,-18208,-47.668434,-0.595855
224.8910,-18208,-47.668434,-0.595855
224.9010,-18208,-47.668434,-0.595855
224.9110,-18208,-47.668434,-0.595855
224.9210,-18208,-47.668434,-0.595855
224.9310,-18208,-47.668434,-0.595855
224.9410,-18208,-47.668434,-0.595855
224.9510,-18208,-47.668434,-0.595855
224.9610,-18208,-47.668434,-0.595855
224.9710,-18208,-47.668434,-0.595855
224.9810,-18209,-47.671051,-0.595888
224.9910,-18209,-47.671051,-0.595888
225.0010,-18209,-47.671051,-0.595888
225.0110,-18209,-47.671051,-0.595888
225.0210,-18209,-47.671051,-0.595888
225.0310,-18209,-47.671051,-0.595888
225.0410,-18209,-47.671051,-0.595888
225.0510,-18209,-47.671051,-0.595888
225.0610,-18209,-47.671051,-0.595888
225.0710,-18209,-47.671051,-0.595888
225.0810,-18209,-47.671051,-0.595888
225.0910,-18209,-47.671051,-0.595888
225.1010,-18209,-47.671051,-0.595888
225.1110,-18209,-47.671051,-0.595888
225.1210,-18209,-47.671051,-0.595888
225.1310,-18209,-47.671051,-0.595888
225.1410,-18209,-47.671051,-0.595888
225.1510,-18209,-47.671051,-0.595888
225.1610,-18209,-47.671051,-0.595888
225.1710,-18209,-47.671051,-0.595888
225.1810,-18209,-47.671051,-0.595888
225.1910,-18209,-47.671051,-0.595888
225.2010,-18209,-47.671051,-0.595888
225.2110,-18209,-47.671051,-0.595888
225.2210,-18209,-47.671051,-0.595888
225.2310,-18209,-47.671051,-0.595888
225.2410,-18209,-47.671051,-0.595888
225.2510,-18209,-47.671051,-0.595888
225.2610,-18209,-47.671051,-0.595888
225.2710,-18209,-47.671051,-0.595888
225.2810,-18209,-47.671051,-0.595888
225.2910,-18209,-47.671051,-0.595888
225.3010,-18209,-47.671051,-0.595888
225.3110,-18209,-47.671051,-0.595888
225.3210,-18209,-47.671051,-0.595888
225.3310,-18209,-47.671051,-0.595888
225.3410,-18209,-47.671051,-0.595888
225.3510,-18209,-47.671051,-0.595888
225.3610,-18209,-47.671051,-0.595888
225.3720,-18209,-47.671051,-0.595888
225.3810,-18209,-47.671051,-0.595888
225.3910,-18210,-47.673671,-0.595921
225.4010,-18210,-47.673671,-0.595921
225.4110,-18210,-47.673671,-0.595921
225.4210,-18210,-47.673671,-0.595921
225.4310,-18210,-47.673671,-0.595921
225.4410,-18210,-47.673671,-0.595921
225.4510,-18210,-47.673671,-0.595921
225.4610,-18210,-47.673671,-0.595921
225.4710,-18210,-47.673671,-0.595921
225.4810,-18210,-47.673671,-0.595921
225.4910,-18210,-47.673671,-0.595921
225.5010,-18210,-47.673671,-0.595921
225.5110,-18210,-47.673671,-0.595921
225.5210,-18210,-47.673671,-0.595921
225.5310,-18210,-47.673671,-0.595921
225.5410,-18210,-47.673671,-0.595921
225.5510,-18210,-47.673671,-0.595921
225.5610,-18210,-47.673671,-0.595921
225.5710,-18210,-47.673671,-0.595921
225.5810,-18210,-47.673671,-0.595921
225.5910,-18210,-47.673671,-0.595921
225.6010,-18210,-47.673671,-0.595921
225.6110,-18210,-47.673671,-0.595921
225.6210,-18210,-47.673671,-0.595921
225.6310,-18210,-47.673671,-0.595921
225.6410,-18210,-47.673671,-0.595921
225.6510,-18210,-47.673671,-0.595921
225.6610,-18210,-47.673671,-0.595921
225.6710,-18211,-47.676288,-0.595954
225.6810,-18211,-47.676288,-0.595954
225.6910,-18211,-47.676288,-0.595954
225.7010,-18211,-47.676288,-0.595954
225.7110,-18211,-47.676288,-0.595954
225.7210,-18211,-47.676288,-0.595954
225.7310,-18211,-47.676288,-0.595954
225.7410,-18211,-47.676288,-0.595954
225.7510,-18211,-47.676288,-0.595954
225.7610,-18211,-47.676288,-0.595954
225.7710,-18211,-47.676288,-0.595954
225.7810,-18211,-47.676288,-0.595954
225.7910,-18211,-47.676288,-0.595954
225.8010,-18210,-47.673671,-0.595921
225.8110,-18211,-47.676288,-0.595954
225.8210,-18211,-47.676288,-0.595954
225.8310,-18211,-47.676288,-0.595954
225.8410,-18211,-47.676288,-0.595954
225.8510,-18211,-47.676288,-0.595954
225.8610,-18211,-47.676288,-0.595954
225.8710,-18211,-47.676288,-0.595954
225.8810,-18211,-47.676288,-0.595954
225.8910,-18211,-47.676288,-0.595954
225.9010,-18211,-47.676288,-0.595954
225.9110,-18211,-47.676288,-0.595954
225.9210,-18211,-47.676288,-0.595954
225.9310,-18211,-47.676288,-0.595954
225.9410,-18211,-47.676288,-0.595954
225.9510,-18211,-47.676288,-0.595954
225.9610,-18211,-47.676288,-0.595954
225.9710,-18211,-47.676288,-0.595954
225.9810,-18211,-47.676288,-0.595954
225.9910,-18211,-47.676288,-0.595954
226.0010,-18211,-47.676288,-0.595954
226.0120,-18211,-47.676288,-0.595954
226.0210,-18211,-47.676288,-0.595954
226.0310,-18211,-47.676288,-0.595954
226.0410,-18211,-47.676288,-0.595954
226.0510,-18211,-47.676288,-0.595954
226.0610,-18211,-47.676288,-0.595954
226.0710,-18211,-47.676288,-0.595954
226.0810,-18211,-47.676288,-0.595954
226.0910,-18212,-47.678905,-0.595986
226.1010,-18212,-47.678905,-0.595986
226.1110,-18212,-47.678905,-0.595986
226.1210,-18212,-47.678905,-0.595986
226.1310,-18212,-47.678905,-0.595986
226.1410,-18212,-47.678905,-0.595986
226.1510,-18212,-47.678905,-0.595986
226.1610,-18212,-47.678905,-0.595986
226.1710,-18212,-47.678905,-0.595986
226.1810,-18212,-47.678905,-0.595986
226.1910,-18212,-47.678905,-0.595986
226.2010,-18212,-47.678905,-0.595986
226.2110,-18212,-47.678905,-0.595986
226.2210,-18212,-47.678905,-0.595986
226.2310,-18212,-47.678905,-0.595986
226.2410,-18212,-47.678905,-0.595986
226.2510,-18212,-47.678905,-0.595986
226.2610,-18212,-47.678905,-0.595986
226.2710,-18212,-47.678905,-0.595986
226.2810,-18212,-47.678905,-0.595986
226.2910,-18212,-47.678905,-0.595986
226.3010,-18212,-47.678905,-0.595986
226.3110,-18212,-47.678905,-0.595986
226.3210,-18212,-47.678905,-0.595986
226.3310,-18212,-47.678905,-0.595986
226.3410,-18212,-47.678905,-0.595986
226.3510,-18212,-47.678905,-0.595986
226.3610,-18212,-47.678905,-0.595986
226.3710,-18212,-47.678905,-0.595986
226.3810,-18212,-47.678905,-0.595986
226.3910,-18212,-47.678905,-0.595986
226.4010,-18212,-47.678905,-0.595986
226.4110,-18212,-47.678905,-0.595986
226.4210,-18212,-47.678905,-0.595986
226.4310,-18212,-47.678905,-0.595986
226.4410,-18212,-47.678905,-0.595986
226.4510,-18212,-47.678905,-0.595986
226.4610,-18212,-47.678905,-0.595986
226.4710,-18212,-47.678905,-0.595986
226.4810,-18212,-47.678905,-0.595986
226.4910,-18212,-47.678905,-0.595986
226.5010,-18213,-47.681522,-0.596019
226.5110,-18213,-47.681522,-0.596019
226.5210,-18213,-47.681522,-0.596019
226.5310,-18213,-47.681522,-0.596019
226.5410,-18213,-47.681522,-0.596019
226.5510,-18213,-47.681522,-0.596019
226.5610,-18213,-47.681522,-0.596019
226.5710,-18213,-47.681522,-0.596019
226.5810,-18213,-47.681522,-0.596019
226.5910,-18213,-47.681522,-0.596019
226.6010,-18213,-47.681522,-0.596019
226.6110,-18213,-47.681522,-0.596019
226.6210,-18213,-47.681522,-0.596019
226.6310,-18213,-47.681522,-0.596019
226.6410,-18213,-47.681522,-0.596019
226.6520,-18213,-47.681522,-0.596019
226.6610,-18213,-47.681522,-0.596019
226.6710,-18213,-47.681522,-0.596019
226.6810,-18213,-47.681522,-0.596019
226.6910,-18213,-47.681522,-0.596019
226.7010,-18213,-47.681522,-0.596019
226.7110,-18213,-47.681522,-0.596019
226.7210,-18213,-47.681522,-0.596019
226.7310,-18213,-47.681522,-0.596019
226.7410,-18213,-47.681522,-0.596019
226.7510,-18213,-47.681522,-0.596019
226.7610,-18213,-47.681522,-0.596019
226.7710,-18213,-47.681522,-0.596019
226.7810,-18214,-47.684143,-0.596052
226.7910,-18214,-47.684143,-0.596052
226.8010,-18214,-47.684143,-0.596052
226.8110,-18214,-47.684143,-0.596052
226.8210,-18214,-47.684143,-0.596052
226.8310,-18214,-47.684143,-0.596052
226.8410,-18214,-47.684143,-0.596052
226.8510,-18214,-47.684143,-0.596052
226.8610,-18214,-47.684143,-0.596052
226.8710,-18214,-47.684143,-0.596052
226.8810,-18214,-47.684143,-0.596052
226.8910,-18214,-47.684143,-0.596052
226.9010,-18214,-47.684143,-0.596052
226.9110,-18214,-47.684143,-0.596052
226.9210,-18214,-47.684143,-0.596052
226.9310,-18214,-47.684143,-0.596052
226.9410,-18214,-47.684143,-0.596052
226.9510,-18214,-47.684143,-0.596052
226.9610,-18214,-47.684143,-0.596052
226.9710,-18214,-47.684143,-0.596052
226.9810,-18214,-47.684143,-0.596052
226.9910,-18214,-47.684143,-0.596052
227.0010,-18214,-47.684143,-0.596052
227.0110,-18214,-47.684143,-0.596052
227.0210,-18214,-47.684143,-0.596052
227.0310,-18214,-47.684143,-0.596052
227.0410,-18214,-47.684143,-0.596052
227.0510,-18214,-47.684143,-0.596052
227.0610,-18215,-47.686759,-0.596085
227.0710,-18215,-47.686759,-0.596085
227.0810,-18215,-47.686759,-0.596085
227.0910,-18215,-47.686759,-0.596085
227.1010,-18215,-47.686759,-0.596085
227.1110,-18215,-47.686759,-0.596085
227.1210,-18215,-47.686759,-0.596085
227.1310,-18215,-47.686759,-0.596085
227.1410,-18215,-47.686759,-0.596085
227.1510,-18215,-47.686759,-0.596085
227.1610,-18215,-47.686759,-0.596085
227.1710,-18215,-47.686759,-0.596085
227.1810,-18215,-47.686759,-0.596085
227.1910,-18215,-47.686759,-0.596085
227.2010,-18215,-47.686759,-0.596085
227.2110,-18215,-47.686759,-0.596085
227.2210,-18215,-47.686759,-0.596085
227.2310,-18215,-47.686759,-0.596085
227.2410,-18215,-47.686759,-0.596085
227.2510,-18212,-47.678905,-0.595986
227.2610,-18212,-47.678905,-0.595986
227.2710,-18212,-47.678905,-0.595986
227.2810,-18212,-47.678905,-0.595986
227.2920,-18212,-47.678905,-0.595986
227.3010,-18212,-47.678905,-0.595986
227.3110,-18212,-47.678905,-0.595986
227.3210,-18212,-47.678905,-0.595986
227.3310,-18212,-47.678905,-0.595986
227.3410,-18213,-47.681522,-0.596019
227.3510,-18212,-47.678905,-0.595986
227.3610,-18212,-47.678905,-0.595986
227.3710,-18212,-47.678905,-0.595986
227.3810,-18212,-47.678905,-0.595986
227.3910,-18212,-47.678905,-0.595986
227.4010,-18212,-47.678905,-0.595986
227.4110,-18212,-47.678905,-0.595986
227.4210,-18212,-47.678905,-0.595986
227.4310,-18212,-47.678905,-0.595986
227.4410,-18213,-47.681522,-0.596019
227.4510,-18213,-47.681522,-0.596019
227.4610,-18213,-47.681522,-0.596019
227.4710,-18213,-47.681522,-0.596019
227.4810,-18213,-47.681522,-0.596019
227.4910,-18213,-47.681522,-0.596019
227.5010,-18213,-47.681522,-0.596019
227.5110,-18213,-47.681522,-0.596019
227.5210,-18213,-47.681522,-0.596019
227.5310,-18213,-47.681522,-0.596019
227.5410,-18213,-47.681522,-0.596019
227.5510,-18213,-47.681522,-0.596019
227.5610,-18213,-47.681522,-0.596019
227.5710,-18213,-47.681522,-0.596019
227.5810,-18213,-47.681522,-0.596019
227.5910,-18213,-47.681522,-0.596019
227.6010,-18213,-47.681522,-0.596019
227.6110,-18214,-47.684143,-0.596052
227.6210,-18214,-47.684143,-0.596052
227.6310,-18214,-47.684143,-0.596052
227.6410,-18214,-47.684143,-0.596052
227.6510,-18214,-47.684143,-0.596052
227.6610,-18214,-47.684143,-0.596052
227.6710,-18214,-47.684143,-0.596052
227.6810,-18214,-47.684143,-0.596052
227.6910,-18214,-47.684143,-0.596052
227.7010,-18214,-47.684143,-0.596052
227.7110,-18214,-47.684143,-0.596052
227.7210,-18214,-47.684143,-0.596052
227.7310,-18214,-47.684143,-0.596052
227.7410,-18214,-47.684143,-0.596052
227.7510,-18214,-47.684143,-0.596052
227.7610,-18214,-47.684143,-0.596052
227.7710,-18214,-47.684143,-0.596052
227.7810,-18214,-47.684143,-0.596052
227.7910,-18214,-47.684143,-0.596052
227.8010,-18214,-47.684143,-0.596052
227.8110,-18214,-47.684143,-0.596052
227.8210,-18214,-47.684143,-0.596052
227.8310,-18214,-47.684143,-0.596052
227.8410,-18214,-47.684143,-0.596052
227.8510,-18214,-47.684143,-0.596052
227.8610,-18214,-47.684143,-0.596052
227.8710,-18214,-47.684143,-0.596052
227.8810,-18214,-47.684143,-0.596052
227.8910,-18215,-47.686759,-0.596085
227.9010,-18215,-47.686759,-0.596085
227.9110,-18215,-47.686759,-0.596085
227.9210,-18215,-47.686759,-0.596085
227.9320,-18215,-47.686759,-0.596085
227.9410,-18215,-47.686759,-0.596085
227.9510,-18215,-47.686759,-0.596085
227.9610,-18215,-47.686759,-0.596085
227.9710,-18215,-47.686759,-0.596085
227.9810,-18215,-47.686759,-0.596085
227.9910,-18215,-47.686759,-0.596085
228.0010,-18215,-47.686759,-0.596085
228.0110,-18215,-47.686759,-0.596085
228.0210,-18214,-47.684143,-0.596052
228.0310,-18215,-47.686759,-0.596085
228.0410,-18215,-47.686759,-0.596085
228.0510,-18215,-47.686759,-0.596085
228.0610,-18215,-47.686759,-0.596085
228.0710,-18215,-47.686759,-0.596085
228.0810,-18215,-47.686759,-0.596085
228.0910,-18215,-47.686759,-0.596085
228.1010,-18215,-47.686759,-0.596085
228.1110,-18215,-47.686759,-0.596085
228.1210,-18215,-47.686759,-0.596085
228.1310,-18215,-47.686759,-0.596085
228.1410,-18215,-47.686759,-0.596085
228.1510,-18215,-47.686759,-0.596085
228.1610,-18215,-47.686759,-0.596085
228.1710,-18216,-47.689380,-0.596117
228.1810,-18216,-47.689380,-0.596117
228.1910,-18216,-47.689380,-0.596117
228.2010,-18216,-47.689380,-0.596117
228.2110,-18216,-47.689380,-0.596117
228.2210,-18216,-47.689380,-0.596117
228.2310,-18216,-47.689380,-0.596117
228.2410,-18216,-47.689380,-0.596117
228.2510,-18216,-47.689380,-0.596117
228.2610,-18216,-47.689380,-0.596117
228.2710,-18216,-47.689380,-0.596117
228.2810,-18216,-47.689380,-0.596117
228.2910,-18216,-47.689380,-0.596117
228.3010,-18215,-47.686759,-0.596085
228.3110,-18216,-47.689380,-0.596117
228.3210,-18216,-47.689380,-0.596117
228.3310,-18216,-47.689380,-0.596117
228.3410,-18216,-47.689380,-0.596117
228.3510,-18216,-47.689380,-0.596117
228.3610,-18216,-47.689380,-0.596117
228.3710,-18216,-47.689380,-0.596117
228.3810,-18216,-47.689380,-0.596117
228.3910,-18216,-47.689380,-0.596117
228.4010,-18216,-47.689380,-0.596117
228.4110,-18216,-47.689380,-0.596117
228.4210,-18216,-47.689380,-0.596117
228.4310,-18216,-47.689380,-0.596117
228.4410,-18216,-47.689380,-0.596117
228.4510,-18216,-47.689380,-0.596117
228.4610,-18216,-47.689380,-0.596117
228.4710,-18216,-47.689380,-0.596117
228.4810,-18216,-47.689380,-0.596117
228.4910,-18216,-47.689380,-0.596117
228.5010,-18216,-47.689380,-0.596117
228.5110,-18216,-47.689380,-0.596117
228.5210,-18216,-47.689380,-0.596117
228.5310,-18216,-47.689380,-0.596117
228.5410,-18216,-47.689380,-0.596117
228.5510,-18216,-47.689380,-0.596117
228.5610,-18216,-47.689380,-0.596117
228.5720,-18216,-47.689380,-0.596117
228.5810,-18216,-47.689380,-0.596117
228.5910,-18217,-47.691993,-0.596150
228.6010,-18217,-47.691993,-0.596150
228.6110,-18217,-47.691993,-0.596150
228.6210,-18217,-47.691993,-0.596150
228.6310,-18217,-47.691993,-0.596150
228.6410,-18217,-47.691993,-0.596150
228.6510,-18217,-47.691993,-0.596150
228.6610,-18217,-47.691993,-0.596150
228.6710,-18217,-47.691993,-0.596150
228.6810,-18217,-47.691993,-0.596150
228.6910,-18217,-47.691993,-0.596150
228.7010,-18217,-47.691993,-0.596150
228.7110,-18217,-47.691993,-0.596150
228.7210,-18217,-47.691993,-0.596150
228.7310,-18217,-47.691993,-0.596150
228.7410,-18217,-47.691993,-0.596150
228.7510,-18217,-47.691993,-0.596150
228.7610,-18217,-47.691993,-0.596150
228.7710,-18217,-47.691993,-0.596150
228.7810,-18217,-47.691993,-0.596150
228.7910,-18217,-47.691993,-0.596150
228.8010,-18217,-47.691993,-0.596150
228.8110,-18217,-47.691993,-0.596150
228.8210,-18217,-47.691993,-0.596150
228.8310,-18217,-47.691993,-0.596150
228.8410,-18217,-47.691993,-0.596150
228.8510,-18217,-47.691993,-0.596150
228.8610,-18218,-47.694614,-0.596183
228.8710,-18218,-47.694614,-0.596183
228.8810,-18218,-47.694614,-0.596183
228.8910,-18218,-47.694614,-0.596183
228.9010,-18218,-47.694614,-0.596183
228.9110,-18218,-47.694614,-0.596183
228.9210,-18218,-47.694614,-0.596183
228.9310,-18218,-47.694614,-0.596183
228.9410,-18218,-47.694614,-0.596183
228.9510,-18218,-47.694614,-0.596183
228.9610,-18218,-47.694614,-0.596183
228.9710,-18218,-47.694614,-0.596183
228.9810,-18218,-47.694614,-0.596183
228.9910,-18218,-47.694614,-0.596183
229.0010,-18219,-47.697231,-0.596215
229.0110,-18219,-47.697231,-0.596215
229.0210,-18219,-47.697231,-0.596215
229.0310,-18219,-47.697231,-0.596215
229.0410,-18219,-47.697231,-0.596215
229.0510,-18219,-47.697231,-0.596215
229.0610,-18219,-47.697231,-0.596215
229.0710,-18219,-47.697231,-0.596215
229.0810,-18219,-47.697231,-0.596215
229.0910,-18219,-47.697231,-0.596215
229.1010,-18219,-47.697231,-0.596215
229.1110,-18219,-47.697231,-0.596215
229.1210,-18219,-47.697231,-0.596215
229.1310,-18219,-47.697231,-0.596215
229.1410,-18219,-47.697231,-0.596215
229.1510,-18219,-47.697231,-0.596215
229.1610,-18219,-47.697231,-0.596215
229.1710,-18219,-47.697231,-0.596215
229.1810,-18219,-47.697231,-0.596215
229.1910,-18219,-47.697231,-0.596215
229.2010,-18219,-47.697231,-0.596215
229.2120,-18219,-47.697231,-0.596215
229.2210,-18219,-47.697231,-0.596215
229.2310,-18219,-47.697231,-0.596215
229.2410,-18219,-47.697231,-0.596215
229.2510,-18219,-47.697231,-0.596215
229.2610,-18219,-47.697231,-0.596215
229.2710,-18219,-47.697231,-0.596215
229.2810,-18220,-47.699848,-0.596248
229.2910,-18220,-47.699848,-0.596248
229.3010,-18220,-47.699848,-0.596248
229.3110,-18220,-47.699848,-0.596248
229.3210,-18220,-47.699848,-0.596248
229.3310,-18220,-47.699848,-0.596248
229.3410,-18220,-47.699848,-0.596248
229.3510,-18220,-47.699848,-0.596248
229.3610,-18220,-47.699848,-0.596248
229.3710,-18220,-47.699848,-0.596248
229.3810,-18220,-47.699848,-0.596248
229.3910,-18220,-47.699848,-0.596248
229.4010,-18220,-47.699848,-0.596248
229.4110,-18220,-47.699848,-0.596248
229.4210,-18220,-47.699848,-0.596248
229.4310,-18220,-47.699848,-0.596248
229.4410,-18220,-47.699848,-0.596248
229.4510,-18220,-47.699848,-0.596248
229.4610,-18220,-47.699848,-0.596248
229.4710,-18220,-47.699848,-0.596248
229.4810,-18220,-47.699848,-0.596248
229.4910,-18220,-47.699848,-0.596248
229.5010,-18220,-47.699848,-0.596248
229.5110,-18220,-47.699848,-0.596248
229.5210,-18220,-47.699848,-0.596248
229.5310,-18220,-47.699848,-0.596248
229.5410,-18220,-47.699848,-0.596248
229.5510,-18220,-47.699848,-0.596248
229.5610,-18221,-47.702468,-0.596281
229.5710,-18221,-47.702468,-0.596281
229.5810,-18221,-47.702468,-0.596281
229.5910,-18221,-47.702468,-0.596281
229.6010,-18221,-47.702468,-0.596281
229.6110,-18221,-47.702468,-0.596281
229.6210,-18221,-47.702468,-0.596281
229.6310,-18221,-47.702468,-0.596281
229.6410,-18221,-47.702468,-0.596281
229.6510,-18221,-47.702468,-0.596281
229.6610,-18221,-47.702468,-0.596281
229.6710,-18221,-47.702468,-0.596281
229.6810,-18221,-47.702468,-0.596281
229.6910,-18221,-47.702468,-0.596281
229.7010,-18221,-47.702468,-0.596281
229.7110,-18221,-47.702468,-0.596281
229.7210,-18221,-47.702468,-0.596281
229.7310,-18221,-47.702468,-0.596281
229.7410,-18221,-47.702468,-0.596281
229.7510,-18221,-47.702468,-0.596281
229.7610,-18221,-47.702468,-0.596281
229.7710,-18221,-47.702468,-0.596281
229.7810,-18221,-47.702468,-0.596281
229.7910,-18221,-47.702468,-0.596281
229.8010,-18221,-47.702468,-0.596281
229.8110,-18221,-47.702468,-0.596281
229.8210,-18221,-47.702468,-0.596281
229.8310,-18222,-47.705085,-0.596314
229.8410,-18222,-47.705085,-0.596314
229.8520,-18222,-47.705085,-0.596314
229.8610,-18222,-47.705085,-0.596314
229.8710,-18222,-47.705085,-0.596314
229.8810,-18222,-47.705085,-0.596314
229.8910,-18222,-47.705085,-0.596314
229.9010,-18222,-47.705085,-0.596314
229.9110,-18222,-47.705085,-0.596314
229.9210,-18222,-47.705085,-0.596314
229.9310,-18222,-47.705085,-0.596314
229.9410,-18222,-47.705085,-0.596314
229.9510,-18222,-47.705085,-0.596314
229.9610,-18222,-47.705085,-0.596314
229.9710,-18222,-47.705085,-0.596314
229.9810,-18222,-47.705085,-0.596314
229.9910,-18222,-47.705085,-0.596314
230.0010,-18222,-47.705085,-0.596314
230.0110,-18222,-47.705085,-0.596314
230.0210,-18222,-47.705085,-0.596314
230.0310,-18222,-47.705085,-0.596314
230.0410,-18222,-47.705085,-0.596314
230.0510,-18222,-47.705085,-0.596314
230.0610,-18222,-47.705085,-0.596314
230.0710,-18222,-47.705085,-0.596314
230.0810,-18222,-47.705085,-0.596314
230.0910,-18222,-47.705085,-0.596314
230.1010,-18222,-47.705085,-0.596314
230.1110,-18223,-47.707702,-0.596346
230.1210,-18223,-47.707702,-0.596346
230.1310,-18223,-47.707702,-0.596346
230.1410,-18223,-47.707702,-0.596346
230.1510,-18223,-47.707702,-0.596346
230.1610,-18223,-47.707702,-0.596346
230.1710,-18223,-47.707702,-0.596346
230.1810,-18223,-47.707702,-0.596346
230.1910,-18223,-47.707702,-0.596346
230.2010,-18223,-47.707702,-0.596346
230.2110,-18223,-47.707702,-0.596346
230.2210,-18223,-47.707702,-0.596346
230.2310,-18223,-47.707702,-0.596346
230.2410,-18223,-47.707702,-0.596346
230.2510,-18223,-47.707702,-0.596346
230.2610,-18223,-47.707702,-0.596346
230.2710,-18223,-47.707702,-0.596346
230.2810,-18223,-47.707702,-0.596346
230.2910,-18223,-47.707702,-0.596346
230.3010,-18223,-47.707702,-0.596346
230.3110,-18223,-47.707702,-0.596346
230.3210,-18223,-47.707702,-0.596346
230.3310,-18223,-47.707702,-0.596346
230.3410,-18223,-47.707702,-0.596346
230.3510,-18223,-47.707702,-0.596346
230.3610,-18223,-47.707702,-0.596346
230.3710,-18223,-47.707702,-0.596346
230.3810,-18223,-47.707702,-0.596346
230.3910,-18224,-47.710319,-0.596379
230.4010,-18224,-47.710319,-0.596379
230.4110,-18224,-47.710319,-0.596379
230.4210,-18224,-47.710319,-0.596379
230.4310,-18224,-47.710319,-0.596379
230.4410,-18224,-47.710319,-0.596379
230.4510,-18224,-47.710319,-0.596379
230.4610,-18224,-47.710319,-0.596379
230.4710,-18224,-47.710319,-0.596379
230.4810,-18224,-47.710319,-0.596379
230.4920,-18224,-47.710319,-0.596379
230.5010,-18224,-47.710319,-0.596379
230.5110,-18224,-47.710319,-0.596379
230.5210,-18224,-47.710319,-0.596379
230.5310,-18224,-47.710319,-0.596379
230.5410,-18224,-47.710319,-0.596379
230.5510,-18224,-47.710319,-0.596379
230.5610,-18224,-47.710319,-0.596379
230.5710,-18224,-47.710319,-0.596379
230.5810,-18224,-47.710319,-0.596379
230.5910,-18224,-47.710319,-0.596379
230.6010,-18224,-47.710319,-0.596379
230.6110,-18224,-47.710319,-0.596379
230.6210,-18224,-47.710319,-0.596379
230.6310,-18224,-47.710319,-0.596379
230.6410,-18224,-47.710319,-0.596379
230.6510,-18224,-47.710319,-0.596379
230.6610,-18225,-47.712940,-0.596412
230.6710,-18225,-47.712940,-0.596412
230.6810,-18225,-47.712940,-0.596412
230.6910,-18225,-47.712940,-0.596412
230.7010,-18225,-47.712940,-0.596412
230.7110,-18225,-47.712940,-0.596412
230.7210,-18225,-47.712940,-0.596412
230.7310,-18225,-47.712940,-0.596412
230.7410,-18225,-47.712940,-0.596412
230.7510,-18225,-47.712940,-0.596412
230.7610,-18225,-47.712940,-0.596412
230.7710,-18225,-47.712940,-0.596412
230.7810,-18225,-47.712940,-0.596412
230.7910,-18225,-47.712940,-0.596412
230.8010,-18225,-47.712940,-0.596412
230.8110,-18226,-47.715557,-0.596444
230.8210,-18226,-47.715557,-0.596444
230.8310,-18226,-47.715557,-0.596444
230.8410,-18226,-47.715557,-0.596444
230.8510,-18226,-47.715557,-0.596444
230.8610,-18226,-47.715557,-0.596444
230.8710,-18226,-47.715557,-0.596444
230.8810,-18226,-47.715557,-0.596444
230.8910,-18226,-47.715557,-0.596444
230.9010,-18226,-47.715557,-0.596444
230.9110,-18226,-47.715557,-0.596444
230.9210,-18226,-47.715557,-0.596444
230.9310,-18226,-47.715557,-0.596444
230.9410,-18226,-47.715557,-0.596444
230.9510,-18226,-47.715557,-0.596444
230.9610,-18226,-47.715557,-0.596444
230.9710,-18226,-47.715557,-0.596444
230.9810,-18226,-47.715557,-0.596444
230.9910,-18226,-47.715557,-0.596444
231.0010,-18226,-47.715557,-0.596444
231.0110,-18226,-47.715557,-0.596444
231.0210,-18226,-47.715557,-0.596444
231.0310,-18226,-47.715557,-0.596444
231.0410,-18226,-47.715557,-0.596444
231.0510,-18226,-47.715557,-0.596444
231.0610,-18226,-47.715557,-0.596444
231.0710,-18226,-47.715557,-0.596444
231.0810,-18227,-47.718177,-0.596477
231.0910,-18227,-47.718177,-0.596477
231.1010,-18227,-47.718177,-0.596477
231.1110,-18227,-47.718177,-0.596477
231.1210,-18227,-47.718177,-0.596477
231.1320,-18227,-47.718177,-0.596477
231.1410,-18227,-47.718177,-0.596477
231.1510,-18227,-47.718177,-0.596477
231.1610,-18227,-47.718177,-0.596477
231.1710,-18227,-47.718177,-0.596477
231.1810,-18227,-47.718177,-0.596477
231.1910,-18227,-47.718177,-0.596477
231.2010,-18227,-47.718177,-0.596477
231.2110,-18227,-47.718177,-0.596477
231.2210,-18227,-47.718177,-0.596477
231.2310,-18227,-47.718177,-0.596477
231.2410,-18227,-47.718177,-0.596477
231.2510,-18227,-47.718177,-0.596477
231.2610,-18227,-47.718177,-0.596477
231.2710,-18227,-47.718177,-0.596477
231.2810,-18227,-47.718177,-0.596477
231.2910,-18227,-47.718177,-0.596477
231.3010,-18227,-47.718177,-0.596477
231.3110,-18227,-47.718177,-0.596477
231.3210,-18227,-47.718177,-0.596477
231.3310,-18227,-47.718177,-0.596477
231.3410,-18227,-47.718177,-0.596477
231.3510,-18227,-47.718177,-0.596477
231.3610,-18228,-47.720790,-0.596510
231.3710,-18228,-47.720790,-0.596510
231.3810,-18228,-47.720790,-0.596510
231.3910,-18228,-47.720790,-0.596510
231.4010,-18228,-47.720790,-0.596510
231.4110,-18228,-47.720790,-0.596510
231.4210,-18228,-47.720790,-0.596510
231.4310,-18228,-47.720790,-0.596510
231.4410,-18228,-47.720790,-0.596510
231.4510,-18228,-47.720790,-0.596510
231.4610,-18228,-47.720790,-0.596510
231.4710,-18228,-47.720790,-0.596510
231.4810,-18228,-47.720790,-0.596510
231.4910,-18228,-47.720790,-0.596510
231.5010,-18228,-47.720790,-0.596510
231.5110,-18228,-47.720790,-0.596510
231.5210,-18228,-47.720790,-0.596510
231.5310,-18228,-47.720790,-0.596510
231.5410,-18228,-47.720790,-0.596510
231.5510,-18228,-47.720790,-0.596510
231.5610,-18228,-47.720790,-0.596510
231.5710,-18228,-47.720790,-0.596510
231.5810,-18228,-47.720790,-0.596510
231.5910,-18228,-47.720790,-0.596510
231.6010,-18228,-47.720790,-0.596510
231.6110,-18228,-47.720790,-0.596510
231.6210,-18228,-47.720790,-0.596510
231.6310,-18228,-47.720790,-0.596510
231.6410,-18229,-47.723411,-0.596543
231.6510,-18229,-47.723411,-0.596543
231.6610,-18229,-47.723411,-0.596543
231.6710,-18229,-47.723411,-0.596543
231.6810,-18229,-47.723411,-0.596543
231.6910,-18229,-47.723411,-0.596543
231.7010,-18229,-47.723411,-0.596543
231.7110,-18229,-47.723411,-0.596543
231.7210,-18229,-47.723411,-0.596543
231.7310,-18229,-47.723411,-0.596543
231.7410,-18229,-47.723411,-0.596543
231.7510,-18229,-47.723411,-0.596543
231.7610,-18229,-47.723411,-0.596543
231.7720,-18229,-47.723411,-0.596543
231.7810,-18230,-47.726028,-0.596575
231.7910,-18230,-47.726028,-0.596575
231.8010,-18230,-47.726028,-0.596575
231.8110,-18230,-47.726028,-0.596575
231.8210,-18230,-47.726028,-0.596575
231.8310,-18230,-47.726028,-0.596575
231.8410,-18230,-47.726028,-0.596575
231.8510,-18230,-47.726028,-0.596575
231.8610,-18230,-47.726028,-0.596575
231.8710,-18230,-47.726028,-0.596575
231.8810,-18230,-47.726028,-0.596575
231.8910,-18230,-47.726028,-0.596575
231.9010,-18230,-47.726028,-0.596575
231.9110,-18230,-47.726028,-0.596575
231.9210,-18230,-47.726028,-0.596575
231.9310,-18230,-47.726028,-0.596575
231.9410,-18230,-47.726028,-0.596575
231.9510,-18230,-47.726028,-0.596575
231.9610,-18230,-47.726028,-0.596575
231.9710,-18230,-47.726028,-0.596575
231.9810,-18230,-47.726028,-0.596575
231.9910,-18230,-47.726028,-0.596575
232.0010,-18230,-47.726028,-0.596575
232.0110,-18230,-47.726028,-0.596575
232.0210,-18230,-47.726028,-0.596575
232.0310,-18230,-47.726028,-0.596575
232.0410,-18230,-47.726028,-0.596575
232.0510,-18230,-47.726028,-0.596575
232.0610,-18231,-47.728649,-0.596608
232.0710,-18231,-47.728649,-0.596608
232.0810,-18231,-47.728649,-0.596608
232.0910,-18231,-47.728649,-0.596608
232.1010,-18231,-47.728649,-0.596608
232.1110,-18231,-47.728649,-0.596608
232.1210,-18231,-47.728649,-0.596608
232.1310,-18231,-47.728649,-0.596608
232.1410,-18231,-47.728649,-0.596608
232.1510,-18231,-47.728649,-0.596608
232.1610,-18231,-47.728649,-0.596608
232.1710,-18231,-47.728649,-0.596608
232.1810,-18231,-47.728649,-0.596608
232.1910,-18231,-47.728649,-0.596608
232.2010,-18231,-47.728649,-0.596608
232.2110,-18231,-47.728649,-0.596608
232.2210,-18231,-47.728649,-0.596608
232.2310,-18231,-47.728649,-0.596608
232.2410,-18231,-47.728649,-0.596608
232.2510,-18231,-47.728649,-0.596608
232.2610,-18231,-47.728649,-0.596608
232.2710,-18231,-47.728649,-0.596608
232.2810,-18231,-47.728649,-0.596608
232.2910,-18231,-47.728649,-0.596608
232.3010,-18231,-47.728649,-0.596608
232.3110,-18231,-47.728649,-0.596608
232.3210,-18231,-47.728649,-0.596608
232.3310,-18232,-47.731266,-0.596641
232.3410,-18232,-47.731266,-0.596641
232.3510,-18232,-47.731266,-0.596641
232.3610,-18232,-47.731266,-0.596641
232.3710,-18232,-47.731266,-0.596641
232.3810,-18232,-47.731266,-0.596641
232.3910,-18232,-47.731266,-0.596641
232.4010,-18232,-47.731266,-0.596641
232.4120,-18232,-47.731266,-0.596641
232.4210,-18232,-47.731266,-0.596641
232.4310,-18232,-47.731266,-0.596641
232.4410,-18232,-47.731266,-0.596641
232.4510,-18232,-47.731266,-0.596641
232.4610,-18232,-47.731266,-0.596641
232.4710,-18232,-47.731266,-0.596641
232.4810,-18232,-47.731266,-0.596641
232.4910,-18232,-47.731266,-0.596641
232.5010,-18232,-47.731266,-0.596641
232.5110,-18232,-47.731266,-0.596641
232.5210,-18232,-47.731266,-0.596641
232.5310,-18232,-47.731266,-0.596641
232.5410,-18232,-47.731266,-0.596641
232.5510,-18232,-47.731266,-0.596641
232.5610,-18232,-47.731266,-0.596641
232.5710,-18232,-47.731266,-0.596641
232.5810,-18232,-47.731266,-0.596641
232.5910,-18232,-47.731266,-0.596641
232.6010,-18232,-47.731266,-0.596641
232.6110,-18233,-47.733886,-0.596674
232.6210,-18233,-47.733886,-0.596674
232.6310,-18233,-47.733886,-0.596674
232.6410,-18233,-47.733886,-0.596674
232.6510,-18233,-47.733886,-0.596674
232.6610,-18233,-47.733886,-0.596674
232.6710,-18233,-47.733886,-0.596674
232.6810,-18233,-47.733886,-0.596674
232.6910,-18233,-47.733886,-0.596674
232.7010,-18233,-47.733886,-0.596674
232.7110,-18233,-47.733886,-0.596674
232.7210,-18233,-47.733886,-0.596674
232.7310,-18233,-47.733886,-0.596674
232.7410,-18233,-47.733886,-0.596674
232.7510,-18233,-47.733886,-0.596674
232.7610,-18233,-47.733886,-0.596674
232.7710,-18233,-47.733886,-0.596674
232.7810,-18233,-47.733886,-0.596674
232.7910,-18233,-47.733886,-0.596674
232.8010,-18233,-47.733886,-0.596674
232.8110,-18233,-47.733886,-0.596674
232.8210,-18233,-47.733886,-0.596674
232.8310,-18233,-47.733886,-0.596674
232.8410,-18233,-47.733886,-0.596674
232.8510,-18233,-47.733886,-0.596674
232.8610,-18233,-47.733886,-0.596674
232.8710,-18233,-47.733886,-0.596674
232.8810,-18233,-47.733886,-0.596674
232.8910,-18234,-47.736499,-0.596706
232.9010,-18234,-47.736499,-0.596706
232.9110,-18234,-47.736499,-0.596706
232.9210,-18234,-47.736499,-0.596706
232.9310,-18234,-47.736499,-0.596706
232.9410,-18234,-47.736499,-0.596706
232.9510,-18234,-47.736499,-0.596706
232.9610,-18234,-47.736499,-0.596706
232.9710,-18234,-47.736499,-0.596706
232.9810,-18234,-47.736499,-0.596706
232.9910,-18234,-47.736499,-0.596706
233.0010,-18234,-47.736499,-0.596706
233.0110,-18234,-47.736499,-0.596706
233.0210,-18234,-47.736499,-0.596706
233.0310,-18234,-47.736499,-0.596706
233.0410,-18234,-47.736499,-0.596706
233.0520,-18234,-47.736499,-0.596706
233.0610,-18234,-47.736499,-0.596706
233.0710,-18234,-47.736499,-0.596706
233.0810,-18234,-47.736499,-0.596706
233.0910,-18234,-47.736499,-0.596706
233.1010,-18234,-47.736499,-0.596706
233.1110,-18234,-47.736499,-0.596706
233.1210,-18234,-47.736499,-0.596706
233.1310,-18234,-47.736499,-0.596706
233.1410,-18234,-47.736499,-0.596706
233.1510,-18234,-47.736499,-0.596706
233.1610,-18234,-47.736499,-0.596706
233.1710,-18235,-47.739120,-0.596739
233.1810,-18235,-47.739120,-0.596739
233.1910,-18235,-47.739120,-0.596739
233.2010,-18235,-47.739120,-0.596739
233.2110,-18235,-47.739120,-0.596739
233.2210,-18235,-47.739120,-0.596739
233.2310,-18235,-47.739120,-0.596739
233.2410,-18235,-47.739120,-0.596739
233.2510,-18235,-47.739120,-0.596739
233.2610,-18235,-47.739120,-0.596739
233.2710,-18235,-47.739120,-0.596739
233.2810,-18235,-47.739120,-0.596739
233.2910,-18235,-47.739120,-0.596739
233.3010,-18235,-47.739120,-0.596739
233.3110,-18235,-47.739120,-0.596739
233.3210,-18235,-47.739120,-0.596739
233.3310,-18235,-47.739120,-0.596739
233.3410,-18235,-47.739120,-0.596739
233.3510,-18235,-47.739120,-0.596739
233.3610,-18235,-47.739120,-0.596739
233.3710,-18235,-47.739120,-0.596739
233.3810,-18235,-47.739120,-0.596739
233.3910,-18235,-47.739120,-0.596739
233.4010,-18235,-47.739120,-0.596739
233.4110,-18235,-47.739120,-0.596739
233.4210,-18235,-47.739120,-0.596739
233.4310,-18235,-47.739120,-0.596739
233.4410,-18236,-47.741737,-0.596772
233.4510,-18236,-47.741737,-0.596772
233.4610,-18236,-47.741737,-0.596772
233.4710,-18236,-47.741737,-0.596772
233.4810,-18236,-47.741737,-0.596772
233.4910,-18236,-47.741737,-0.596772
233.5010,-18236,-47.741737,-0.596772
233.5110,-18236,-47.741737,-0.596772
233.5210,-18236,-47.741737,-0.596772
233.5310,-18236,-47.741737,-0.596772
233.5410,-18236,-47.741737,-0.596772
233.5510,-18236,-47.741737,-0.596772
233.5610,-18236,-47.741737,-0.596772
233.5710,-18236,-47.741737,-0.596772
233.5810,-18236,-47.741737,-0.596772
233.5910,-18236,-47.741737,-0.596772
233.6010,-18236,-47.741737,-0.596772
233.6110,-18236,-47.741737,-0.596772
233.6210,-18236,-47.741737,-0.596772
233.6310,-18236,-47.741737,-0.596772
233.6410,-18236,-47.741737,-0.596772
233.6510,-18236,-47.741737,-0.596772
233.6610,-18236,-47.741737,-0.596772
233.6710,-18236,-47.741737,-0.596772
233.6810,-18236,-47.741737,-0.596772
233.6920,-18236,-47.741737,-0.596772
233.7010,-18236,-47.741737,-0.596772
233.7110,-18236,-47.741737,-0.596772
233.7210,-18236,-47.741737,-0.596772
233.7310,-18236,-47.741737,-0.596772
233.7410,-18236,-47.741737,-0.596772
233.7510,-18236,-47.741737,-0.596772
233.7610,-18236,-47.741737,-0.596772
233.7710,-18236,-47.741737,-0.596772
233.7810,-18236,-47.741737,-0.596772
233.7910,-18236,-47.741737,-0.596772
233.8010,-18236,-47.741737,-0.596772
233.8110,-18236,-47.741737,-0.596772
233.8210,-18236,-47.741737,-0.596772
233.8310,-18236,-47.741737,-0.596772
233.8410,-18236,-47.741737,-0.596772
233.8510,-18236,-47.741737,-0.596772
233.8610,-18237,-47.744358,-0.596805
233.8710,-18237,-47.744358,-0.596805
233.8810,-18237,-47.744358,-0.596805
233.8910,-18237,-47.744358,-0.596805
233.9010,-18237,-47.744358,-0.596805
233.9110,-18237,-47.744358,-0.596805
233.9210,-18237,-47.744358,-0.596805
233.9310,-18237,-47.744358,-0.596805
233.9410,-18237,-47.744358,-0.596805
233.9510,-18237,-47.744358,-0.596805
233.9610,-18237,-47.744358,-0.596805
233.9710,-18237,-47.744358,-0.596805
233.9810,-18237,-47.744358,-0.596805
233.9910,-18237,-47.744358,-0.596805
234.0010,-18237,-47.744358,-0.596805
234.0110,-18237,-47.744358,-0.596805
234.0210,-18237,-47.744358,-0.596805
234.0310,-18237,-47.744358,-0.596805
234.0410,-18237,-47.744358,-0.596805
234.0510,-18237,-47.744358,-0.596805
234.0610,-18237,-47.744358,-0.596805
234.0710,-18237,-47.744358,-0.596805
234.0810,-18237,-47.744358,-0.596805
234.0910,-18237,-47.744358,-0.596805
234.1010,-18237,-47.744358,-0.596805
234.1110,-18237,-47.744358,-0.596805
234.1210,-18237,-47.744358,-0.596805
234.1310,-18237,-47.744358,-0.596805
234.1410,-18237,-47.744358,-0.596805
234.1510,-18237,-47.744358,-0.596805
234.1610,-18237,-47.744358,-0.596805
234.1710,-18237,-47.744358,-0.596805
234.1810,-18237,-47.744358,-0.596805
234.1910,-18237,-47.744358,-0.596805
234.2010,-18237,-47.744358,-0.596805
234.2110,-18237,-47.744358,-0.596805
234.2210,-18237,-47.744358,-0.596805
234.2310,-18237,-47.744358,-0.596805
234.2410,-18237,-47.744358,-0.596805
234.2510,-18237,-47.744358,-0.596805
234.2610,-18237,-47.744358,-0.596805
234.2710,-18238,-47.746974,-0.596837
234.2810,-18238,-47.746974,-0.596837
234.2910,-18238,-47.746974,-0.596837
234.3010,-18238,-47.746974,-0.596837
234.3110,-18238,-47.746974,-0.596837
234.3210,-18238,-47.746974,-0.596837
234.3320,-18238,-47.746974,-0.596837
234.3410,-18238,-47.746974,-0.596837
234.3510,-18238,-47.746974,-0.596837
234.3610,-18238,-47.746974,-0.596837
234.3710,-18238,-47.746974,-0.596837
234.3810,-18238,-47.746974,-0.596837
234.3910,-18238,-47.746974,-0.596837
234.4010,-18238,-47.746974,-0.596837
234.4110,-18238,-47.746974,-0.596837
234.4210,-18238,-47.746974,-0.596837
234.4310,-18238,-47.746974,-0.596837
234.4410,-18238,-47.746974,-0.596837
234.4510,-18238,-47.746974,-0.596837
234.4610,-18238,-47.746974,-0.596837
234.4710,-18238,-47.746974,-0.596837
234.4810,-18238,-47.746974,-0.596837
234.4910,-18238,-47.746974,-0.596837
234.5010,-18238,-47.746974,-0.596837
234.5110,-18238,-47.746974,-0.596837
234.5210,-18238,-47.746974,-0.596837
234.5310,-18238,-47.746974,-0.596837
234.5410,-18238,-47.746974,-0.596837
234.5510,-18239,-47.749591,-0.596870
234.5610,-18239,-47.749591,-0.596870
234.5710,-18239,-47.749591,-0.596870
234.5810,-18239,-47.749591,-0.596870
234.5910,-18239,-47.749591,-0.596870
234.6010,-18239,-47.749591,-0.596870
234.6110,-18239,-47.749591,-0.596870
234.6210,-18239,-47.749591,-0.596870
234.6310,-18239,-47.749591,-0.596870
234.6410,-18239,-47.749591,-0.596870
234.6510,-18239,-47.749591,-0.596870
234.6610,-18239,-47.749591,-0.596870
234.6710,-18239,-47.749591,-0.596870
234.6810,-18239,-47.749591,-0.596870
234.6910,-18239,-47.749591,-0.596870
234.7010,-18239,-47.749591,-0.596870
234.7110,-18239,-47.749591,-0.596870
234.7210,-18239,-47.749591,-0.596870
234.7310,-18239,-47.749591,-0.596870
234.7410,-18239,-47.749591,-0.596870
234.7510,-18239,-47.749591,-0.596870
234.7610,-18239,-47.749591,-0.596870
234.7710,-18239,-47.749591,-0.596870
234.7810,-18239,-47.749591,-0.596870
234.7910,-18239,-47.749591,-0.596870
234.8010,-18239,-47.749591,-0.596870
234.8110,-18239,-47.749591,-0.596870
234.8210,-18239,-47.749591,-0.596870
234.8310,-18240,-47.752208,-0.596903
234.8410,-18240,-47.752208,-0.596903
234.8510,-18240,-47.752208,-0.596903
234.8610,-18240,-47.752208,-0.596903
234.8710,-18240,-47.752208,-0.596903
234.8810,-18240,-47.752208,-0.596903
234.8910,-18240,-47.752208,-0.596903
234.9010,-18240,-47.752208,-0.596903
234.9110,-18240,-47.752208,-0.596903
234.9210,-18240,-47.752208,-0.596903
234.9310,-18240,-47.752208,-0.596903
234.9410,-18240,-47.752208,-0.596903
234.9510,-18240,-47.752208,-0.596903
234.9610,-18240,-47.752208,-0.596903
234.9720,-18240,-47.752208,-0.596903
234.9810,-18240,-47.752208,-0.596903
234.9910,-18240,-47.752208,-0.596903
235.0010,-18240,-47.752208,-0.596903
235.0110,-18240,-47.752208,-0.596903
235.0210,-18240,-47.752208,-0.596903
235.0310,-18240,-47.752208,-0.596903
235.0410,-18240,-47.752208,-0.596903
235.0510,-18240,-47.752208,-0.596903
235.0610,-18240,-47.752208,-0.596903
235.0710,-18240,-47.752208,-0.596903
235.0810,-18240,-47.752208,-0.596903
235.0910,-18240,-47.752208,-0.596903
235.1010,-18240,-47.752208,-0.596903
235.1110,-18240,-47.752208,-0.596903
235.1210,-18240,-47.752208,-0.596903
235.1310,-18240,-47.752208,-0.596903
235.1410,-18240,-47.752208,-0.596903
235.1510,-18240,-47.752208,-0.596903
235.1610,-18240,-47.752208,-0.596903
235.1710,-18240,-47.752208,-0.596903
235.1810,-18240,-47.752208,-0.596903
235.1910,-18240,-47.752208,-0.596903
235.2010,-18240,-47.752208,-0.596903
235.2110,-18240,-47.752208,-0.596903
235.2210,-18240,-47.752208,-0.596903
235.2310,-18240,-47.752208,-0.596903
235.2410,-18240,-47.752208,-0.596903
235.2510,-18241,-47.754829,-0.596935
235.2610,-18241,-47.754829,-0.596935
235.2710,-18241,-47.754829,-0.596935
235.2810,-18241,-47.754829,-0.596935
235.2910,-18241,-47.754829,-0.596935
235.3010,-18241,-47.754829,-0.596935
235.3110,-18241,-47.754829,-0.596935
235.3210,-18241,-47.754829,-0.596935
235.3310,-18241,-47.754829,-0.596935
235.3410,-18241,-47.754829,-0.596935
235.3510,-18241,-47.754829,-0.596935
235.3610,-18241,-47.754829,-0.596935
235.3710,-18241,-47.754829,-0.596935
235.3810,-18241,-47.754829,-0.596935
235.3910,-18241,-47.754829,-0.596935
235.4010,-18241,-47.754829,-0.596935
235.4110,-18241,-47.754829,-0.596935
235.4210,-18241,-47.754829,-0.596935
235.4310,-18241,-47.754829,-0.596935
235.4410,-18241,-47.754829,-0.596935
235.4510,-18241,-47.754829,-0.596935
235.4610,-18241,-47.754829,-0.596935
235.4710,-18241,-47.754829,-0.596935
235.4810,-18241,-47.754829,-0.596935
235.4910,-18241,-47.754829,-0.596935
235.5010,-18241,-47.754829,-0.596935
235.5110,-18241,-47.754829,-0.596935
235.5210,-18241,-47.754829,-0.596935
235.5310,-18241,-47.754829,-0.596935
235.5410,-18241,-47.754829,-0.596935
235.5510,-18241,-47.754829,-0.596935
235.5610,-18241,-47.754829,-0.596935
235.5710,-18241,-47.754829,-0.596935
235.5810,-18241,-47.754829,-0.596935
235.5910,-18241,-47.754829,-0.596935
235.6010,-18241,-47.754829,-0.596935
235.6120,-18241,-47.754829,-0.596935
235.6210,-18241,-47.754829,-0.596935
235.6310,-18241,-47.754829,-0.596935
235.6410,-18241,-47.754829,-0.596935
235.6510,-18241,-47.754829,-0.596935
235.6610,-18242,-47.757446,-0.596968
235.6710,-18242,-47.757446,-0.596968
235.6810,-18242,-47.757446,-0.596968
235.6910,-18242,-47.757446,-0.596968
235.7010,-18242,-47.757446,-0.596968
235.7110,-18242,-47.757446,-0.596968
235.7210,-18242,-47.757446,-0.596968
235.7310,-18242,-47.757446,-0.596968
235.7410,-18242,-47.757446,-0.596968
235.7510,-18242,-47.757446,-0.596968
235.7610,-18242,-47.757446,-0.596968
235.7710,-18242,-47.757446,-0.596968
235.7810,-18242,-47.757446,-0.596968
235.7910,-18242,-47.757446,-0.596968
235.8010,-18242,-47.757446,-0.596968
235.8110,-18242,-47.757446,-0.596968
235.8210,-18242,-47.757446,-0.596968
235.8310,-18242,-47.757446,-0.596968
235.8410,-18242,-47.757446,-0.596968
235.8510,-18242,-47.757446,-0.596968
235.8610,-18242,-47.757446,-0.596968
235.8710,-18242,-47.757446,-0.596968
235.8810,-18242,-47.757446,-0.596968
235.8910,-18242,-47.757446,-0.596968
235.9010,-18242,-47.757446,-0.596968
235.9110,-18242,-47.757446,-0.596968
235.9210,-18242,-47.757446,-0.596968
235.9310,-18242,-47.757446,-0.596968
235.9410,-18243,-47.760063,-0.597001
235.9510,-18243,-47.760063,-0.597001
235.9610,-18243,-47.760063,-0.597001
235.9710,-18243,-47.760063,-0.597001
235.9810,-18243,-47.760063,-0.597001
235.9910,-18243,-47.760063,-0.597001
236.0010,-18243,-47.760063,-0.597001
236.0110,-18243,-47.760063,-0.597001
236.0210,-18243,-47.760063,-0.597001
236.0310,-18243,-47.760063,-0.597001
236.0410,-18243,-47.760063,-0.597001
236.0510,-18243,-47.760063,-0.597001
236.0610,-18243,-47.760063,-0.597001
236.0710,-18243,-47.760063,-0.597001
236.0810,-18243,-47.760063,-0.597001
236.0910,-18243,-47.760063,-0.597001
236.1010,-18243,-47.760063,-0.597001
236.1110,-18243,-47.760063,-0.597001
236.1210,-18243,-47.760063,-0.597001
236.1310,-18243,-47.760063,-0.597001
236.1410,-18243,-47.760063,-0.597001
236.1510,-18243,-47.760063,-0.597001
236.1610,-18243,-47.760063,-0.597001
236.1710,-18243,-47.760063,-0.597001
236.1810,-18243,-47.760063,-0.597001
236.1910,-18243,-47.760063,-0.597001
236.2010,-18243,-47.760063,-0.597001
236.2110,-18243,-47.760063,-0.597001
236.2210,-18243,-47.760063,-0.597001
236.2310,-18243,-47.760063,-0.597001
236.2410,-18243,-47.760063,-0.597001
236.2520,-18243,-47.760063,-0.597001
236.2610,-18243,-47.760063,-0.597001
236.2710,-18243,-47.760063,-0.597001
236.2810,-18243,-47.760063,-0.597001
236.2910,-18243,-47.760063,-0.597001
236.3010,-18243,-47.760063,-0.597001
236.3110,-18243,-47.760063,-0.597001
236.3210,-18243,-47.760063,-0.597001
236.3310,-18243,-47.760063,-0.597001
236.3410,-18243,-47.760063,-0.597001
236.3510,-18243,-47.760063,-0.597001
236.3610,-18244,-47.762680,-0.597033
236.3710,-18244,-47.762680,-0.597033
236.3810,-18244,-47.762680,-0.597033
236.3910,-18244,-47.762680,-0.597033
236.4010,-18244,-47.762680,-0.597033
236.4110,-18244,-47.762680,-0.597033
236.4210,-18244,-47.762680,-0.597033
236.4310,-18244,-47.762680,-0.597033
236.4410,-18244,-47.762680,-0.597033
236.4510,-18244,-47.762680,-0.597033
236.4610,-18244,-47.762680,-0.597033
236.4710,-18244,-47.762680,-0.597033
236.4810,-18244,-47.762680,-0.597033
236.4910,-18244,-47.762680,-0.597033
236.5010,-18244,-47.762680,-0.597033
236.5110,-18244,-47.762680,-0.597033
236.5210,-18244,-47.762680,-0.597033
236.5310,-18244,-47.762680,-0.597033
236.5410,-18244,-47.762680,-0.597033
236.5510,-18244,-47.762680,-0.597033
236.5610,-18244,-47.762680,-0.597033
236.5710,-18244,-47.762680,-0.597033
236.5810,-18244,-47.762680,-0.597033
236.5910,-18244,-47.762680,-0.597033
236.6010,-18244,-47.762680,-0.597033
236.6110,-18244,-47.762680,-0.597033
236.6210,-18244,-47.762680,-0.597033
236.6310,-18244,-47.762680,-0.597033
236.6410,-18244,-47.762680,-0.597033
236.6510,-18244,-47.762680,-0.597033
236.6610,-18244,-47.762680,-0.597033
236.6710,-18244,-47.762680,-0.597033
236.6810,-18244,-47.762680,-0.597033
236.6910,-18244,-47.762680,-0.597033
236.7010,-18244,-47.762680,-0.597033
236.7110,-18244,-47.762680,-0.597033
236.7210,-18244,-47.762680,-0.597033
236.7310,-18244,-47.762680,-0.597033
236.7410,-18244,-47.762680,-0.597033
236.7510,-18244,-47.762680,-0.597033
236.7610,-18244,-47.762680,-0.597033
236.7710,-18244,-47.762680,-0.597033
236.7810,-18244,-47.762680,-0.597033
236.7910,-18244,-47.762680,-0.597033
236.8010,-18244,-47.762680,-0.597033
236.8110,-18244,-47.762680,-0.597033
236.8210,-18244,-47.762680,-0.597033
236.8310,-18244,-47.762680,-0.597033
236.8410,-18244,-47.762680,-0.597033
236.8510,-18244,-47.762680,-0.597033
236.8610,-18244,-47.762680,-0.597033
236.8710,-18244,-47.762680,-0.597033
236.8810,-18244,-47.762680,-0.597033
236.8920,-18244,-47.762680,-0.597033
236.9010,-18244,-47.762680,-0.597033
236.9110,-18245,-47.765296,-0.597066
236.9210,-18245,-47.765296,-0.597066
236.9310,-18245,-47.765296,-0.597066
236.9410,-18245,-47.765296,-0.597066
236.9510,-18245,-47.765296,-0.597066
236.9610,-18245,-47.765296,-0.597066
236.9710,-18245,-47.765296,-0.597066
236.9810,-18245,-47.765296,-0.597066
236.9910,-18245,-47.765296,-0.597066
237.0010,-18245,-47.765296,-0.597066
237.0110,-18245,-47.765296,-0.597066
237.0210,-18245,-47.765296,-0.597066
237.0310,-18245,-47.765296,-0.597066
237.0410,-18245,-47.765296,-0.597066
237.0510,-18245,-47.765296,-0.597066
237.0610,-18245,-47.765296,-0.597066
237.0710,-18245,-47.765296,-0.597066
237.0810,-18245,-47.765296,-0.597066
237.0910,-18245,-47.765296,-0.597066
237.1010,-18245,-47.765296,-0.597066
237.1110,-18245,-47.765296,-0.597066
237.1210,-18245,-47.765296,-0.597066
237.1310,-18245,-47.765296,-0.597066
237.1410,-18245,-47.765296,-0.597066
237.1510,-18245,-47.765296,-0.597066
237.1610,-18245,-47.765296,-0.597066
237.1710,-18245,-47.765296,-0.597066
237.1810,-18245,-47.765296,-0.597066
237.1910,-18245,-47.765296,-0.597066
237.2010,-18245,-47.765296,-0.597066
237.2110,-18245,-47.765296,-0.597066
237.2210,-18245,-47.765296,-0.597066
237.2310,-18245,-47.765296,-0.597066
237.2410,-18245,-47.765296,-0.597066
237.2510,-18245,-47.765296,-0.597066
237.2610,-18245,-47.765296,-0.597066
237.2710,-18245,-47.765296,-0.597066
237.2810,-18245,-47.765296,-0.597066
237.2910,-18245,-47.765296,-0.597066
237.3010,-18245,-47.765296,-0.597066
237.3110,-18245,-47.765296,-0.597066
237.3210,-18245,-47.765296,-0.597066
237.3310,-18246,-47.767917,-0.597099
237.3410,-18246,-47.767917,-0.597099
237.3510,-18246,-47.767917,-0.597099
237.3610,-18246,-47.767917,-0.597099
237.3710,-18246,-47.767917,-0.597099
237.3810,-18246,-47.767917,-0.597099
237.3910,-18246,-47.767917,-0.597099
237.4010,-18246,-47.767917,-0.597099
237.4110,-18246,-47.767917,-0.597099
237.4210,-18246,-47.767917,-0.597099
237.4310,-18246,-47.767917,-0.597099
237.4410,-18246,-47.767917,-0.597099
237.4510,-18246,-47.767917,-0.597099
237.4610,-18246,-47.767917,-0.597099
237.4710,-18246,-47.767917,-0.597099
237.4810,-18246,-47.767917,-0.597099
237.4910,-18246,-47.767917,-0.597099
237.5010,-18246,-47.767917,-0.597099
237.5110,-18246,-47.767917,-0.597099
237.5210,-18246,-47.767917,-0.597099
237.5320,-18246,-47.767917,-0.597099
237.5410,-18246,-47.767917,-0.597099
237.5510,-18246,-47.767917,-0.597099
237.5610,-18246,-47.767917,-0.597099
237.5710,-18246,-47.767917,-0.597099
237.5810,-18246,-47.767917,-0.597099
237.5910,-18246,-47.767917,-0.597099
237.6010,-18246,-47.767917,-0.597099
237.6110,-18246,-47.767917,-0.597099
237.6210,-18246,-47.767917,-0.597099
237.6310,-18246,-47.767917,-0.597099
237.6410,-18246,-47.767917,-0.597099
237.6510,-18246,-47.767917,-0.597099
237.6610,-18246,-47.767917,-0.597099
237.6710,-18246,-47.767917,-0.597099
237.6810,-18246,-47.767917,-0.597099
237.6910,-18246,-47.767917,-0.597099
237.7010,-18246,-47.767917,-0.597099
237.7110,-18246,-47.767917,-0.597099
237.7210,-18246,-47.767917,-0.597099
237.7310,-18246,-47.767917,-0.597099
237.7410,-18246,-47.767917,-0.597099
237.7510,-18246,-47.767917,-0.597099
237.7610,-18246,-47.767917,-0.597099
237.7710,-18246,-47.767917,-0.597099
237.7810,-18246,-47.767917,-0.597099
237.7910,-18246,-47.767917,-0.597099
237.8010,-18246,-47.767917,-0.597099
237.8110,-18246,-47.767917,-0.597099
237.8210,-18246,-47.767917,-0.597099
237.8310,-18246,-47.767917,-0.597099
237.8410,-18246,-47.767917,-0.597099
237.8510,-18246,-47.767917,-0.597099
237.8610,-18246,-47.767917,-0.597099
237.8710,-18246,-47.767917,-0.597099
237.8810,-18247,-47.770534,-0.597132
237.8910,-18247,-47.770534,-0.597132
237.9010,-18247,-47.770534,-0.597132
237.9110,-18247,-47.770534,-0.597132
237.9210,-18247,-47.770534,-0.597132
237.9310,-18247,-47.770534,-0.597132
237.9410,-18247,-47.770534,-0.597132
237.9510,-18247,-47.770534,-0.597132
237.9610,-18247,-47.770534,-0.597132
237.9710,-18247,-47.770534,-0.597132
237.9810,-18247,-47.770534,-0.597132
237.9910,-18247,-47.770534,-0.597132
238.0010,-18247,-47.770534,-0.597132
238.0110,-18247,-47.770534,-0.597132
238.0210,-18247,-47.770534,-0.597132
238.0310,-18247,-47.770534,-0.597132
238.0410,-18247,-47.770534,-0.597132
238.0510,-18247,-47.770534,-0.597132
238.0610,-18247,-47.770534,-0.597132
238.0710,-18247,-47.770534,-0.597132
238.0810,-18247,-47.770534,-0.597132
238.0910,-18247,-47.770534,-0.597132
238.1010,-18247,-47.770534,-0.597132
238.1110,-18247,-47.770534,-0.597132
238.1210,-18247,-47.770534,-0.597132
238.1310,-18247,-47.770534,-0.597132
238.1410,-18247,-47.770534,-0.597132
238.1510,-18247,-47.770534,-0.597132
238.1610,-18247,-47.770534,-0.597132
238.1720,-18247,-47.770534,-0.597132
238.1810,-18247,-47.770534,-0.597132
238.1910,-18247,-47.770534,-0.597132
238.2010,-18247,-47.770534,-0.597132
238.2110,-18247,-47.770534,-0.597132
238.2210,-18247,-47.770534,-0.597132
238.2310,-18247,-47.770534,-0.597132
238.2410,-18247,-47.770534,-0.597132
238.2510,-18247,-47.770534,-0.597132
238.2610,-18247,-47.770534,-0.597132
238.2710,-18247,-47.770534,-0.597132
238.2810,-18247,-47.770534,-0.597132
238.2910,-18247,-47.770534,-0.597132
238.3010,-18248,-47.773155,-0.597164
238.3110,-18248,-47.773155,-0.597164
238.3210,-18248,-47.773155,-0.597164
238.3310,-18248,-47.773155,-0.597164
238.3410,-18248,-47.773155,-0.597164
238.3510,-18248,-47.773155,-0.597164
238.3610,-18248,-47.773155,-0.597164
238.3710,-18248,-47.773155,-0.597164
238.3810,-18248,-47.773155,-0.597164
238.3910,-18248,-47.773155,-0.597164
238.4010,-18248,-47.773155,-0.597164
238.4110,-18248,-47.773155,-0.597164
238.4210,-18248,-47.773155,-0.597164
238.4310,-18248,-47.773155,-0.597164
238.4410,-18248,-47.773155,-0.597164
238.4510,-18248,-47.773155,-0.597164
238.4610,-18248,-47.773155,-0.597164
238.4710,-18248,-47.773155,-0.597164
238.4810,-18248,-47.773155,-0.597164
238.4910,-18248,-47.773155,-0.597164
238.5010,-18248,-47.773155,-0.597164
238.5110,-18248,-47.773155,-0.597164
238.5210,-18248,-47.773155,-0.597164
238.5310,-18248,-47.773155,-0.597164
238.5410,-18248,-47.773155,-0.597164
238.5510,-18248,-47.773155,-0.597164
238.5610,-18248,-47.773155,-0.597164
238.5710,-18248,-47.773155,-0.597164
238.5810,-18248,-47.773155,-0.597164
238.5910,-18248,-47.773155,-0.597164
238.6010,-18248,-47.773155,-0.597164
238.6110,-18248,-47.773155,-0.597164
238.6210,-18248,-47.773155,-0.597164
238.6310,-18248,-47.773155,-0.597164
238.6410,-18248,-47.773155,-0.597164
238.6510,-18248,-47.773155,-0.597164
238.6610,-18248,-47.773155,-0.597164
238.6710,-18248,-47.773155,-0.597164
238.6810,-18248,-47.773155,-0.597164
238.6910,-18248,-47.773155,-0.597164
238.7010,-18248,-47.773155,-0.597164
238.7110,-18248,-47.773155,-0.597164
238.7210,-18248,-47.773155,-0.597164
238.7310,-18248,-47.773155,-0.597164
238.7410,-18248,-47.773155,-0.597164
238.7510,-18248,-47.773155,-0.597164
238.7610,-18248,-47.773155,-0.597164
238.7710,-18248,-47.773155,-0.597164
238.7810,-18248,-47.773155,-0.597164
238.7910,-18248,-47.773155,-0.597164
238.8010,-18248,-47.773155,-0.597164
238.8120,-18248,-47.773155,-0.597164
238.8210,-18248,-47.773155,-0.597164
238.8310,-18248,-47.773155,-0.597164
238.8410,-18248,-47.773155,-0.597164
238.8510,-18249,-47.775772,-0.597197
238.8610,-18249,-47.775772,-0.597197
238.8710,-18249,-47.775772,-0.597197
238.8810,-18249,-47.775772,-0.597197
238.8910,-18249,-47.775772,-0.597197
238.9010,-18249,-47.775772,-0.597197
238.9110,-18249,-47.775772,-0.597197
238.9210,-18249,-47.775772,-0.597197
238.9310,-18249,-47.775772,-0.597197
238.9410,-18249,-47.775772,-0.597197
238.9510,-18249,-47.775772,-0.597197
238.9610,-18249,-47.775772,-0.597197
238.9710,-18249,-47.775772,-0.597197
238.9810,-18249,-47.775772,-0.597197
238.9910,-18249,-47.775772,-0.597197
239.0010,-18249,-47.775772,-0.597197
239.0110,-18249,-47.775772,-0.597197
239.0210,-18249,-47.775772,-0.597197
239.0310,-18249,-47.775772,-0.597197
239.0410,-18249,-47.775772,-0.597197
239.0510,-18249,-47.775772,-0.597197
239.0610,-18249,-47.775772,-0.597197
239.0710,-18249,-47.775772,-0.597197
239.0810,-18249,-47.775772,-0.597197
239.0910,-18249,-47.775772,-0.597197
239.1010,-18249,-47.775772,-0.597197
239.1110,-18249,-47.775772,-0.597197
239.1210,-18249,-47.775772,-0.597197
239.1310,-18249,-47.775772,-0.597197
239.1410,-18249,-47.775772,-0.597197
239.1510,-18249,-47.775772,-0.597197
239.1610,-18249,-47.775772,-0.597197
239.1710,-18249,-47.775772,-0.597197
239.1810,-18249,-47.775772,-0.597197
239.1910,-18249,-47.775772,-0.597197
239.2010,-18249,-47.775772,-0.597197
239.2110,-18249,-47.775772,-0.597197
239.2210,-18249,-47.775772,-0.597197
239.2310,-18249,-47.775772,-0.597197
239.2410,-18249,-47.775772,-0.597197
239.2510,-18249,-47.775772,-0.597197
239.2610,-18249,-47.775772,-0.597197
239.2710,-18250,-47.778388,-0.597230
239.2810,-18249,-47.775772,-0.597197
239.2910,-18249,-47.775772,-0.597197
239.3010,-18249,-47.775772,-0.597197
239.3110,-18249,-47.775772,-0.597197
239.3210,-18249,-47.775772,-0.597197
239.3310,-18249,-47.775772,-0.597197
239.3410,-18249,-47.775772,-0.597197
239.3510,-18249,-47.775772,-0.597197
239.3610,-18249,-47.775772,-0.597197
239.3710,-18250,-47.778388,-0.597230
239.3810,-18250,-47.778388,-0.597230
239.3910,-18250,-47.778388,-0.597230
239.4010,-18250,-47.778388,-0.597230
239.4110,-18250,-47.778388,-0.597230
239.4210,-18250,-47.778388,-0.597230
239.4310,-18250,-47.778388,-0.597230
239.4410,-18250,-47.778388,-0.597230
239.4520,-18250,-47.778388,-0.597230
239.4610,-18250,-47.778388,-0.597230
239.4710,-18250,-47.778388,-0.597230
239.4810,-18250,-47.778388,-0.597230
239.4910,-18250,-47.778388,-0.597230
239.5010,-18250,-47.778388,-0.597230
239.5110,-18250,-47.778388,-0.597230
239.5210,-18250,-47.778388,-0.597230
239.5310,-18250,-47.778388,-0.597230
239.5410,-18250,-47.778388,-0.597230
239.5510,-18250,-47.778388,-0.597230
239.5610,-18250,-47.778388,-0.597230
239.5710,-18250,-47.778388,-0.597230
239.5810,-18250,-47.778388,-0.597230
239.5910,-18250,-47.778388,-0.597230
239.6010,-18250,-47.778388,-0.597230
239.6110,-18250,-47.778388,-0.597230
239.6210,-18250,-47.778388,-0.597230
239.6310,-18250,-47.778388,-0.597230
239.6410,-18250,-47.778388,-0.597230
239.6510,-18250,-47.778388,-0.597230
239.6610,-18250,-47.778388,-0.597230
239.6710,-18250,-47.778388,-0.597230
239.6810,-18250,-47.778388,-0.597230
239.6910,-18250,-47.778388,-0.597230
239.7010,-18250,-47.778388,-0.597230
239.7110,-18250,-47.778388,-0.597230
239.7210,-18250,-47.778388,-0.597230
239.7310,-18250,-47.778388,-0.597230
239.7410,-18250,-47.778388,-0.597230
239.7510,-18250,-47.778388,-0.597230
239.7610,-18250,-47.778388,-0.597230
239.7710,-18250,-47.778388,-0.597230
239.7810,-18250,-47.778388,-0.597230
239.7910,-18250,-47.778388,-0.597230
239.8010,-18250,-47.778388,-0.597230
239.8110,-18250,-47.778388,-0.597230
239.8210,-18251,-47.781005,-0.597263
239.8310,-18251,-47.781005,-0.597263
239.8410,-18251,-47.781005,-0.597263
239.8510,-18251,-47.781005,-0.597263
239.8610,-18251,-47.781005,-0.597263
239.8710,-18251,-47.781005,-0.597263
239.8810,-18251,-47.781005,-0.597263
239.8910,-18251,-47.781005,-0.597263
239.9010,-18251,-47.781005,-0.597263
239.9110,-18251,-47.781005,-0.597263
239.9210,-18251,-47.781005,-0.597263
239.9310,-18251,-47.781005,-0.597263
239.9410,-18251,-47.781005,-0.597263
239.9510,-18251,-47.781005,-0.597263
239.9610,-18251,-47.781005,-0.597263
239.9710,-18251,-47.781005,-0.597263
239.9810,-18251,-47.781005,-0.597263
239.9910,-18251,-47.781005,-0.597263
240.0010,-18251,-47.781005,-0.597263
240.0110,-18251,-47.781005,-0.597263
240.0210,-18251,-47.781005,-0.597263
240.0310,-18251,-47.781005,-0.597263
240.0410,-18251,-47.781005,-0.597263
240.0510,-18251,-47.781005,-0.597263
240.0610,-18251,-47.781005,-0.597263
240.0710,-18251,-47.781005,-0.597263
240.0810,-18251,-47.781005,-0.597263
240.0920,-18251,-47.781005,-0.597263
240.1010,-18251,-47.781005,-0.597263
240.1110,-18251,-47.781005,-0.597263
240.1210,-18251,-47.781005,-0.597263
240.1310,-18251,-47.781005,-0.597263
240.1410,-18251,-47.781005,-0.597263
240.1510,-18251,-47.781005,-0.597263
240.1610,-18251,-47.781005,-0.597263
240.1710,-18251,-47.781005,-0.597263
240.1810,-18251,-47.781005,-0.597263
240.1910,-18251,-47.781005,-0.597263
240.2010,-18251,-47.781005,-0.597263
240.2110,-18251,-47.781005,-0.597263
240.2210,-18251,-47.781005,-0.597263
240.2310,-18251,-47.781005,-0.597263
240.2410,-18251,-47.781005,-0.597263
240.2510,-18251,-47.781005,-0.597263
240.2610,-18251,-47.781005,-0.597263
240.2710,-18251,-47.781005,-0.597263
240.2810,-18251,-47.781005,-0.597263
240.2910,-18251,-47.781005,-0.597263
240.3010,-18251,-47.781005,-0.597263
240.3110,-18251,-47.781005,-0.597263
240.3210,-18251,-47.781005,-0.597263
240.3310,-18251,-47.781005,-0.597263
240.3410,-18251,-47.781005,-0.597263
240.3510,-18251,-47.781005,-0.597263
240.3610,-18251,-47.781005,-0.597263
240.3710,-18251,-47.781005,-0.597263
240.3810,-18252,-47.783626,-0.597295
240.3910,-18252,-47.783626,-0.597295
240.4010,-18252,-47.783626,-0.597295
240.4110,-18252,-47.783626,-0.597295
240.4210,-18252,-47.783626,-0.597295
240.4310,-18252,-47.783626,-0.597295
240.4410,-18252,-47.783626,-0.597295
240.4510,-18252,-47.783626,-0.597295
240.4610,-18252,-47.783626,-0.597295
240.4710,-18252,-47.783626,-0.597295
240.4810,-18252,-47.783626,-0.597295
240.4910,-18252,-47.783626,-0.597295
240.5010,-18252,-47.783626,-0.597295
240.5110,-18252,-47.783626,-0.597295
240.5210,-18252,-47.783626,-0.597295
240.5310,-18252,-47.783626,-0.597295
240.5410,-18252,-47.783626,-0.597295
240.5510,-18252,-47.783626,-0.597295
240.5610,-18252,-47.783626,-0.597295
240.5710,-18252,-47.783626,-0.597295
240.5810,-18252,-47.783626,-0.597295
240.5910,-18252,-47.783626,-0.597295
240.6010,-18252,-47.783626,-0.597295
240.6110,-18252,-47.783626,-0.597295
240.6210,-18252,-47.783626,-0.597295
240.6310,-18252,-47.783626,-0.597295
240.6410,-18252,-47.783626,-0.597295
240.6510,-18252,-47.783626,-0.597295
240.6610,-18252,-47.783626,-0.597295
240.6710,-18252,-47.783626,-0.597295
240.6810,-18252,-47.783626,-0.597295
240.6910,-18252,-47.783626,-0.597295
240.7010,-18252,-47.783626,-0.597295
240.7110,-18252,-47.783626,-0.597295
240.7210,-18252,-47.783626,-0.597295
240.7320,-18252,-47.783626,-0.597295
240.7410,-18252,-47.783626,-0.597295
240.7510,-18252,-47.783626,-0.597295
240.7610,-18252,-47.783626,-0.597295
240.7710,-18252,-47.783626,-0.597295
240.7810,-18252,-47.783626,-0.597295
240.7910,-18249,-47.775772,-0.597197
240.8010,-18249,-47.775772,-0.597197
240.8110,-18249,-47.775772,-0.597197
240.8210,-18249,-47.775772,-0.597197
240.8310,-18249,-47.775772,-0.597197
240.8410,-18249,-47.775772,-0.597197
240.8510,-18249,-47.775772,-0.597197
240.8610,-18249,-47.775772,-0.597197
240.8710,-18249,-47.775772,-0.597197
240.8810,-18249,-47.775772,-0.597197
240.8910,-18249,-47.775772,-0.597197
240.9010,-18249,-47.775772,-0.597197
240.9110,-18249,-47.775772,-0.597197
240.9210,-18249,-47.775772,-0.597197
240.9310,-18249,-47.775772,-0.597197
240.9410,-18249,-47.775772,-0.597197
240.9510,-18249,-47.775772,-0.597197
240.9610,-18249,-47.775772,-0.597197
240.9710,-18249,-47.775772,-0.597197
240.9810,-18249,-47.775772,-0.597197
240.9910,-18249,-47.775772,-0.597197
241.0010,-18249,-47.775772,-0.597197
241.0110,-18249,-47.775772,-0.597197
241.0210,-18249,-47.775772,-0.597197
241.0310,-18249,-47.775772,-0.597197
241.0410,-18249,-47.775772,-0.597197
241.0510,-18250,-47.778388,-0.597230
241.0610,-18250,-47.778388,-0.597230
241.0710,-18250,-47.778388,-0.597230
241.0810,-18250,-47.778388,-0.597230
241.0910,-18250,-47.778388,-0.597230
241.1010,-18250,-47.778388,-0.597230
241.1110,-18250,-47.778388,-0.597230
241.1210,-18250,-47.778388,-0.597230
241.1310,-18250,-47.778388,-0.597230
241.1410,-18250,-47.778388,-0.597230
241.1510,-18250,-47.778388,-0.597230
241.1610,-18250,-47.778388,-0.597230
241.1710,-18250,-47.778388,-0.597230
241.1810,-18250,-47.778388,-0.597230
241.1910,-18250,-47.778388,-0.597230
241.2010,-18250,-47.778388,-0.597230
241.2110,-18250,-47.778388,-0.597230
241.2210,-18250,-47.778388,-0.597230
241.2310,-18250,-47.778388,-0.597230
241.2410,-18250,-47.778388,-0.597230
241.2510,-18250,-47.778388,-0.597230
241.2610,-18250,-47.778388,-0.597230
241.2710,-18250,-47.778388,-0.597230
241.2810,-18250,-47.778388,-0.597230
241.2910,-18250,-47.778388,-0.597230
241.3010,-18250,-47.778388,-0.597230
241.3110,-18250,-47.778388,-0.597230
241.3210,-18250,-47.778388,-0.597230
241.3310,-18250,-47.778388,-0.597230
241.3410,-18250,-47.778388,-0.597230
241.3510,-18251,-47.781005,-0.597263
241.3610,-18251,-47.781005,-0.597263
241.3720,-18251,-47.781005,-0.597263
241.3810,-18251,-47.781005,-0.597263
241.3910,-18251,-47.781005,-0.597263
241.4010,-18251,-47.781005,-0.597263
241.4110,-18251,-47.781005,-0.597263
241.4210,-18251,-47.781005,-0.597263
241.4310,-18251,-47.781005,-0.597263
241.4410,-18251,-47.781005,-0.597263
241.4510,-18251,-47.781005,-0.597263
241.4610,-18251,-47.781005,-0.597263
241.4710,-18251,-47.781005,-0.597263
241.4810,-18251,-47.781005,-0.597263
241.4910,-18251,-47.781005,-0.597263
241.5010,-18251,-47.781005,-0.597263
241.5110,-18251,-47.781005,-0.597263
241.5210,-18251,-47.781005,-0.597263
241.5310,-18251,-47.781005,-0.597263
241.5410,-18251,-47.781005,-0.597263
241.5510,-18251,-47.781005,-0.597263
241.5610,-18251,-47.781005,-0.597263
241.5710,-18251,-47.781005,-0.597263
241.5810,-18251,-47.781005,-0.597263
241.5910,-18251,-47.781005,-0.597263
241.6010,-18251,-47.781005,-0.597263
241.6110,-18251,-47.781005,-0.597263
241.6210,-18251,-47.781005,-0.597263
241.6310,-18251,-47.781005,-0.597263
241.6410,-18251,-47.781005,-0.597263
241.6510,-18251,-47.781005,-0.597263
241.6610,-18251,-47.781005,-0.597263
241.6710,-18251,-47.781005,-0.597263
241.6810,-18251,-47.781005,-0.597263
241.6910,-18251,-47.781005,-0.597263
241.7010,-18251,-47.781005,-0.597263
241.7110,-18251,-47.781005,-0.597263
241.7210,-18251,-47.781005,-0.597263
241.7310,-18251,-47.781005,-0.597263
241.7410,-18251,-47.781005,-0.597263
241.7510,-18251,-47.781005,-0.597263
241.7610,-18251,-47.781005,-0.597263
241.7710,-18251,-47.781005,-0.597263
241.7810,-18251,-47.781005,-0.597263
241.7910,-18251,-47.781005,-0.597263
241.8010,-18251,-47.781005,-0.597263
241.8110,-18251,-47.781005,-0.597263
241.8210,-18251,-47.781005,-0.597263
241.8310,-18251,-47.781005,-0.597263
241.8410,-18251,-47.781005,-0.597263
241.8510,-18251,-47.781005,-0.597263
241.8610,-18251,-47.781005,-0.597263
241.8710,-18251,-47.781005,-0.597263
241.8810,-18251,-47.781005,-0.597263
241.8910,-18251,-47.781005,-0.597263
241.9010,-18251,-47.781005,-0.597263
241.9110,-18252,-47.783626,-0.597295
241.9210,-18252,-47.783626,-0.597295
241.9310,-18252,-47.783626,-0.597295
241.9410,-18252,-47.783626,-0.597295
241.9510,-18252,-47.783626,-0.597295
241.9610,-18252,-47.783626,-0.597295
241.9710,-18252,-47.783626,-0.597295
241.9810,-18252,-47.783626,-0.597295
241.9910,-18252,-47.783626,-0.597295
242.0010,-18252,-47.783626,-0.597295
242.0120,-18252,-47.783626,-0.597295
242.0210,-18252,-47.783626,-0.597295
242.0310,-18252,-47.783626,-0.597295
242.0410,-18252,-47.783626,-0.597295
242.0510,-18252,-47.783626,-0.597295
242.0610,-18252,-47.783626,-0.597295
242.0710,-18252,-47.783626,-0.597295
242.0810,-18252,-47.783626,-0.597295
242.0910,-18252,-47.783626,-0.597295
242.1010,-18252,-47.783626,-0.597295
242.1110,-18252,-47.783626,-0.597295
242.1210,-18252,-47.783626,-0.597295
242.1310,-18252,-47.783626,-0.597295
242.1410,-18252,-47.783626,-0.597295
242.1510,-18252,-47.783626,-0.597295
242.1610,-18252,-47.783626,-0.597295
242.1710,-18252,-47.783626,-0.597295
242.1810,-18252,-47.783626,-0.597295
242.1910,-18252,-47.783626,-0.597295
242.2010,-18252,-47.783626,-0.597295
242.2110,-18252,-47.783626,-0.597295
242.2210,-18252,-47.783626,-0.597295
242.2310,-18252,-47.783626,-0.597295
242.2410,-18252,-47.783626,-0.597295
242.2510,-18252,-47.783626,-0.597295
242.2610,-18252,-47.783626,-0.597295
242.2710,-18252,-47.783626,-0.597295
242.2810,-18252,-47.783626,-0.597295
242.2910,-18252,-47.783626,-0.597295
242.3010,-18252,-47.783626,-0.597295
242.3110,-18252,-47.783626,-0.597295
242.3210,-18252,-47.783626,-0.597295
242.3310,-18252,-47.783626,-0.597295
242.3410,-18252,-47.783626,-0.597295
242.3510,-18252,-47.783626,-0.597295
242.3610,-18252,-47.783626,-0.597295
242.3710,-18252,-47.783626,-0.597295
242.3810,-18252,-47.783626,-0.597295
242.3910,-18252,-47.783626,-0.597295
242.4010,-18252,-47.783626,-0.597295
242.4110,-18252,-47.783626,-0.597295
242.4210,-18252,-47.783626,-0.597295
242.4310,-18252,-47.783626,-0.597295
242.4410,-18252,-47.783626,-0.597295
242.4510,-18252,-47.783626,-0.597295
242.4610,-18253,-47.786243,-0.597328
242.4710,-18253,-47.786243,-0.597328
242.4810,-18253,-47.786243,-0.597328
242.4910,-18253,-47.786243,-0.597328
242.5010,-18253,-47.786243,-0.597328
242.5110,-18253,-47.786243,-0.597328
242.5210,-18253,-47.786243,-0.597328
242.5310,-18253,-47.786243,-0.597328
242.5410,-18253,-47.786243,-0.597328
242.5510,-18253,-47.786243,-0.597328
242.5610,-18253,-47.786243,-0.597328
242.5710,-18253,-47.786243,-0.597328
242.5810,-18253,-47.786243,-0.597328
242.5910,-18253,-47.786243,-0.597328
242.6010,-18253,-47.786243,-0.597328
242.6110,-18253,-47.786243,-0.597328
242.6210,-18253,-47.786243,-0.597328
242.6310,-18253,-47.786243,-0.597328
242.6410,-18253,-47.786243,-0.597328
242.6520,-18253,-47.786243,-0.597328
242.6610,-18253,-47.786243,-0.597328
242.6710,-18253,-47.786243,-0.597328
242.6810,-18253,-47.786243,-0.597328
242.6910,-18253,-47.786243,-0.597328
242.7010,-18253,-47.786243,-0.597328
242.7110,-18253,-47.786243,-0.597328
242.7210,-18253,-47.786243,-0.597328
242.7310,-18253,-47.786243,-0.597328
242.7410,-18253,-47.786243,-0.597328
242.7510,-18253,-47.786243,-0.597328
242.7610,-18253,-47.786243,-0.597328
242.7710,-18253,-47.786243,-0.597328
242.7810,-18253,-47.786243,-0.597328
242.7910,-18253,-47.786243,-0.597328
242.8010,-18253,-47.786243,-0.597328
242.8110,-18253,-47.786243,-0.597328
242.8210,-18253,-47.786243,-0.597328
242.8310,-18253,-47.786243,-0.597328
242.8410,-18253,-47.786243,-0.597328
242.8510,-18253,-47.786243,-0.597328
242.8610,-18253,-47.786243,-0.597328
242.8710,-18253,-47.786243,-0.597328
242.8810,-18253,-47.786243,-0.597328
242.8910,-18253,-47.786243,-0.597328
242.9010,-18253,-47.786243,-0.597328
242.9110,-18253,-47.786243,-0.597328
242.9210,-18253,-47.786243,-0.597328
242.9310,-18253,-47.786243,-0.597328
242.9410,-18253,-47.786243,-0.597328
242.9510,-18253,-47.786243,-0.597328
242.9610,-18253,-47.786243,-0.597328
242.9710,-18253,-47.786243,-0.597328
242.9810,-18253,-47.786243,-0.597328
242.9910,-18253,-47.786243,-0.597328
243.0010,-18253,-47.786243,-0.597328
243.0110,-18253,-47.786243,-0.597328
243.0210,-18254,-47.788864,-0.597361
243.0310,-18254,-47.788864,-0.597361
243.0410,-18254,-47.788864,-0.597361
243.0510,-18254,-47.788864,-0.597361
243.0610,-18254,-47.788864,-0.597361
243.0710,-18254,-47.788864,-0.597361
243.0810,-18254,-47.788864,-0.597361
243.0910,-18254,-47.788864,-0.597361
243.1010,-18254,-47.788864,-0.597361
243.1110,-18254,-47.788864,-0.597361
243.1210,-18254,-47.788864,-0.597361
243.1310,-18254,-47.788864,-0.597361
243.1410,-18254,-47.788864,-0.597361
243.1510,-18254,-47.788864,-0.597361
243.1610,-18254,-47.788864,-0.597361
243.1710,-18254,-47.788864,-0.597361
243.1810,-18254,-47.788864,-0.597361
243.1910,-18254,-47.788864,-0.597361
243.2010,-18254,-47.788864,-0.597361
243.2110,-18254,-47.788864,-0.597361
243.2210,-18254,-47.788864,-0.597361
243.2310,-18254,-47.788864,-0.597361
243.2410,-18254,-47.788864,-0.597361
243.2510,-18254,-47.788864,-0.597361
243.2610,-18254,-47.788864,-0.597361
243.2710,-18254,-47.788864,-0.597361
243.2810,-18254,-47.788864,-0.597361
243.2920,-18254,-47.788864,-0.597361
243.3010,-18254,-47.788864,-0.597361
243.3110,-18254,-47.788864,-0.597361
243.3210,-18254,-47.788864,-0.597361
243.3310,-18254,-47.788864,-0.597361
243.3410,-18254,-47.788864,-0.597361
243.3510,-18254,-47.788864,-0.597361
243.3610,-18254,-47.788864,-0.597361
243.3710,-18254,-47.788864,-0.597361
243.3810,-18254,-47.788864,-0.597361
243.3910,-18254,-47.788864,-0.597361
243.4010,-18254,-47.788864,-0.597361
243.4110,-18254,-47.788864,-0.597361
243.4210,-18254,-47.788864,-0.597361
243.4310,-18254,-47.788864,-0.597361
243.4410,-18254,-47.788864,-0.597361
243.4510,-18255,-47.791477,-0.597393
243.4610,-18255,-47.791477,-0.597393
243.4710,-18255,-47.791477,-0.597393
243.4810,-18255,-47.791477,-0.597393
243.4910,-18255,-47.791477,-0.597393
243.5010,-18255,-47.791477,-0.597393
243.5110,-18255,-47.791477,-0.597393
243.5210,-18255,-47.791477,-0.597393
243.5310,-18255,-47.791477,-0.597393
243.5410,-18255,-47.791477,-0.597393
243.5510,-18255,-47.791477,-0.597393
243.5610,-18255,-47.791477,-0.597393
243.5710,-18255,-47.791477,-0.597393
243.5810,-18255,-47.791477,-0.597393
243.5910,-18255,-47.791477,-0.597393
243.6010,-18255,-47.791477,-0.597393
243.6110,-18255,-47.791477,-0.597393
243.6210,-18255,-47.791477,-0.597393
243.6310,-18255,-47.791477,-0.597393
243.6410,-18255,-47.791477,-0.597393
243.6510,-18255,-47.791477,-0.597393
243.6610,-18255,-47.791477,-0.597393
243.6710,-18255,-47.791477,-0.597393
243.6810,-18255,-47.791477,-0.597393
243.6910,-18255,-47.791477,-0.597393
243.7010,-18255,-47.791477,-0.597393
243.7110,-18255,-47.791477,-0.597393
243.7210,-18255,-47.791477,-0.597393
243.7310,-18255,-47.791477,-0.597393
243.7410,-18255,-47.791477,-0.597393
243.7510,-18255,-47.791477,-0.597393
243.7610,-18255,-47.791477,-0.597393
243.7710,-18255,-47.791477,-0.597393
243.7810,-18255,-47.791477,-0.597393
243.7910,-18255,-47.791477,-0.597393
243.8010,-18255,-47.791477,-0.597393
243.8110,-18255,-47.791477,-0.597393
243.8210,-18255,-47.791477,-0.597393
243.8310,-18255,-47.791477,-0.597393
243.8410,-18255,-47.791477,-0.597393
243.8510,-18255,-47.791477,-0.597393
243.8610,-18256,-47.794097,-0.597426
243.8710,-18256,-47.794097,-0.597426
243.8810,-18256,-47.794097,-0.597426
243.8910,-18256,-47.794097,-0.597426
243.9010,-18256,-47.794097,-0.597426
243.9110,-18256,-47.794097,-0.597426
243.9210,-18256,-47.794097,-0.597426
243.9320,-18256,-47.794097,-0.597426
243.9410,-18256,-47.794097,-0.597426
243.9510,-18256,-47.794097,-0.597426
243.9610,-18256,-47.794097,-0.597426
243.9710,-18256,-47.794097,-0.597426
243.9810,-18256,-47.794097,-0.597426
243.9910,-18256,-47.794097,-0.597426
244.0010,-18256,-47.794097,-0.597426
244.0110,-18256,-47.794097,-0.597426
244.0210,-18256,-47.794097,-0.597426
244.0310,-18256,-47.794097,-0.597426
244.0410,-18256,-47.794097,-0.597426
244.0510,-18256,-47.794097,-0.597426
244.0610,-18256,-47.794097,-0.597426
244.0710,-18256,-47.794097,-0.597426
244.0810,-18256,-47.794097,-0.597426
244.0910,-18256,-47.794097,-0.597426
244.1010,-18256,-47.794097,-0.597426
244.1110,-18256,-47.794097,-0.597426
244.1210,-18256,-47.794097,-0.597426
244.1310,-18256,-47.794097,-0.597426
244.1410,-18256,-47.794097,-0.597426
244.1510,-18256,-47.794097,-0.597426
244.1610,-18256,-47.794097,-0.597426
244.1710,-18256,-47.794097,-0.597426
244.1810,-18256,-47.794097,-0.597426
244.1910,-18256,-47.794097,-0.597426
244.2010,-18256,-47.794097,-0.597426
244.2110,-18256,-47.794097,-0.597426
244.2210,-18256,-47.794097,-0.597426
244.2310,-18256,-47.794097,-0.597426
244.2410,-18256,-47.794097,-0.597426
244.2510,-18256,-47.794097,-0.597426
244.2610,-18256,-47.794097,-0.597426
244.2710,-18256,-47.794097,-0.597426
244.2810,-18256,-47.794097,-0.597426
244.2910,-18256,-47.794097,-0.597426
244.3010,-18256,-47.794097,-0.597426
244.3110,-18256,-47.794097,-0.597426
244.3210,-18256,-47.794097,-0.597426
244.3310,-18256,-47.794097,-0.597426
244.3410,-18256,-47.794097,-0.597426
244.3510,-18256,-47.794097,-0.597426
244.3610,-18256,-47.794097,-0.597426
244.3710,-18256,-47.794097,-0.597426
244.3810,-18256,-47.794097,-0.597426
244.3910,-18256,-47.794097,-0.597426
244.4010,-18257,-47.796714,-0.597459
244.4110,-18256,-47.794097,-0.597426
244.4210,-18257,-47.796714,-0.597459
244.4310,-18257,-47.796714,-0.597459
244.4410,-18257,-47.796714,-0.597459
244.4510,-18257,-47.796714,-0.597459
244.4610,-18257,-47.796714,-0.597459
244.4710,-18257,-47.796714,-0.597459
244.4810,-18257,-47.796714,-0.597459
244.4910,-18257,-47.796714,-0.597459
244.5010,-18257,-47.796714,-0.597459
244.5110,-18257,-47.796714,-0.597459
244.5210,-18257,-47.796714,-0.597459
244.5310,-18257,-47.796714,-0.597459
244.5410,-18257,-47.796714,-0.597459
244.5510,-18257,-47.796714,-0.597459
244.5610,-18257,-47.796714,-0.597459
244.5720,-18257,-47.796714,-0.597459
244.5810,-18257,-47.796714,-0.597459
244.5910,-18257,-47.796714,-0.597459
244.6010,-18257,-47.796714,-0.597459
244.6110,-18257,-47.796714,-0.597459
244.6210,-18257,-47.796714,-0.597459
244.6310,-18257,-47.796714,-0.597459
244.6410,-18257,-47.796714,-0.597459
244.6510,-18257,-47.796714,-0.597459
244.6610,-18257,-47.796714,-0.597459
244.6710,-18257,-47.796714,-0.597459
244.6810,-18257,-47.796714,-0.597459
244.6910,-18257,-47.796714,-0.597459
244.7010,-18257,-47.796714,-0.597459
244.7110,-18257,-47.796714,-0.597459
244.7210,-18257,-47.796714,-0.597459
244.7310,-18257,-47.796714,-0.597459
244.7410,-18257,-47.796714,-0.597459
244.7510,-18257,-47.796714,-0.597459
244.7610,-18257,-47.796714,-0.597459
244.7710,-18257,-47.796714,-0.597459
244.7810,-18257,-47.796714,-0.597459
244.7910,-18257,-47.796714,-0.597459
244.8010,-18257,-47.796714,-0.597459
244.8110,-18257,-47.796714,-0.597459
244.8210,-18258,-47.799335,-0.597492
244.8310,-18258,-47.799335,-0.597492
244.8410,-18258,-47.799335,-0.597492
244.8510,-18258,-47.799335,-0.597492
244.8610,-18258,-47.799335,-0.597492
244.8710,-18258,-47.799335,-0.597492
244.8810,-18258,-47.799335,-0.597492
244.8910,-18258,-47.799335,-0.597492
244.9010,-18258,-47.799335,-0.597492
244.9110,-18258,-47.799335,-0.597492
244.9210,-18258,-47.799335,-0.597492
244.9310,-18258,-47.799335,-0.597492
244.9410,-18258,-47.799335,-0.597492
244.9510,-18258,-47.799335,-0.597492
244.9610,-18258,-47.799335,-0.597492
244.9710,-18258,-47.799335,-0.597492
244.9810,-18258,-47.799335,-0.597492
244.9910,-18258,-47.799335,-0.597492
245.0010,-18258,-47.799335,-0.597492
245.0110,-18258,-47.799335,-0.597492
245.0210,-18258,-47.799335,-0.597492
245.0310,-18258,-47.799335,-0.597492
245.0410,-18258,-47.799335,-0.597492
245.0510,-18258,-47.799335,-0.597492
245.0610,-18258,-47.799335,-0.597492
245.0710,-18258,-47.799335,-0.597492
245.0810,-18258,-47.799335,-0.597492
245.0910,-18258,-47.799335,-0.597492
245.1010,-18258,-47.799335,-0.597492
245.1110,-18258,-47.799335,-0.597492
245.1210,-18258,-47.799335,-0.597492
245.1310,-18258,-47.799335,-0.597492
245.1410,-18258,-47.799335,-0.597492
245.1510,-18258,-47.799335,-0.597492
245.1610,-18258,-47.799335,-0.597492
245.1710,-18258,-47.799335,-0.597492
245.1810,-18258,-47.799335,-0.597492
245.1910,-18258,-47.799335,-0.597492
245.2010,-18258,-47.799335,-0.597492
245.2120,-18258,-47.799335,-0.597492
245.2210,-18258,-47.799335,-0.597492
245.2310,-18258,-47.799335,-0.597492
245.2410,-18258,-47.799335,-0.597492
245.2510,-18258,-47.799335,-0.597492
245.2610,-18258,-47.799335,-0.597492
245.2710,-18258,-47.799335,-0.597492
245.2810,-18258,-47.799335,-0.597492
245.2910,-18258,-47.799335,-0.597492
245.3010,-18258,-47.799335,-0.597492
245.3110,-18258,-47.799335,-0.597492
245.3210,-18258,-47.799335,-0.597492
245.3310,-18258,-47.799335,-0.597492
245.3410,-18258,-47.799335,-0.597492
245.3510,-18258,-47.799335,-0.597492
245.3610,-18258,-47.799335,-0.597492
245.3710,-18259,-47.801952,-0.597524
245.3810,-18259,-47.801952,-0.597524
245.3910,-18259,-47.801952,-0.597524
245.4010,-18259,-47.801952,-0.597524
245.4110,-18259,-47.801952,-0.597524
245.4210,-18259,-47.801952,-0.597524
245.4310,-18259,-47.801952,-0.597524
245.4410,-18259,-47.801952,-0.597524
245.4510,-18259,-47.801952,-0.597524
245.4610,-18259,-47.801952,-0.597524
245.4710,-18259,-47.801952,-0.597524
245.4810,-18259,-47.801952,-0.597524
245.4910,-18259,-47.801952,-0.597524
245.5010,-18259,-47.801952,-0.597524
245.5110,-18259,-47.801952,-0.597524
245.5210,-18259,-47.801952,-0.597524
245.5310,-18259,-47.801952,-0.597524
245.5410,-18259,-47.801952,-0.597524
245.5510,-18259,-47.801952,-0.597524
245.5610,-18259,-47.801952,-0.597524
245.5710,-18259,-47.801952,-0.597524
245.5810,-18259,-47.801952,-0.597524
245.5910,-18259,-47.801952,-0.597524
245.6010,-18259,-47.801952,-0.597524
245.6110,-18259,-47.801952,-0.597524
245.6210,-18259,-47.801952,-0.597524
245.6310,-18259,-47.801952,-0.597524
245.6410,-18259,-47.801952,-0.597524
245.6510,-18259,-47.801952,-0.597524
245.6610,-18259,-47.801952,-0.597524
245.6710,-18259,-47.801952,-0.597524
245.6810,-18259,-47.801952,-0.597524
245.6910,-18259,-47.801952,-0.597524
245.7010,-18259,-47.801952,-0.597524
245.7110,-18259,-47.801952,-0.597524
245.7210,-18259,-47.801952,-0.597524
245.7310,-18259,-47.801952,-0.597524
245.7410,-18259,-47.801952,-0.597524
245.7510,-18259,-47.801952,-0.597524
245.7610,-18259,-47.801952,-0.597524
245.7710,-18259,-47.801952,-0.597524
245.7810,-18259,-47.801952,-0.597524
245.7910,-18260,-47.804569,-0.597557
245.8010,-18260,-47.804569,-0.597557
245.8110,-18260,-47.804569,-0.597557
245.8210,-18260,-47.804569,-0.597557
245.8310,-18260,-47.804569,-0.597557
245.8410,-18260,-47.804569,-0.597557
245.8520,-18260,-47.804569,-0.597557
245.8610,-18260,-47.804569,-0.597557
245.8710,-18260,-47.804569,-0.597557
245.8810,-18260,-47.804569,-0.597557
245.8910,-18260,-47.804569,-0.597557
245.9010,-18260,-47.804569,-0.597557
245.9110,-18260,-47.804569,-0.597557
245.9210,-18260,-47.804569,-0.597557
245.9310,-18260,-47.804569,-0.597557
245.9410,-18260,-47.804569,-0.597557
245.9510,-18260,-47.804569,-0.597557
245.9610,-18260,-47.804569,-0.597557
245.9710,-18260,-47.804569,-0.597557
245.9810,-18260,-47.804569,-0.597557
245.9910,-18260,-47.804569,-0.597557
246.0010,-18260,-47.804569,-0.597557
246.0110,-18260,-47.804569,-0.597557
246.0210,-18260,-47.804569,-0.597557
246.0310,-18260,-47.804569,-0.597557
246.0410,-18260,-47.804569,-0.597557
246.0510,-18260,-47.804569,-0.597557
246.0610,-18260,-47.804569,-0.597557
246.0710,-18260,-47.804569,-0.597557
246.0810,-18260,-47.804569,-0.597557
246.0910,-18260,-47.804569,-0.597557
246.1010,-18260,-47.804569,-0.597557
246.1110,-18260,-47.804569,-0.597557
246.1210,-18260,-47.804569,-0.597557
246.1310,-18260,-47.804569,-0.597557
246.1410,-18260,-47.804569,-0.597557
246.1510,-18260,-47.804569,-0.597557
246.1610,-18260,-47.804569,-0.597557
246.1710,-18260,-47.804569,-0.597557
246.1810,-18260,-47.804569,-0.597557
246.1910,-18260,-47.804569,-0.597557
246.2010,-18260,-47.804569,-0.597557
246.2110,-18260,-47.804569,-0.597557
246.2210,-18260,-47.804569,-0.597557
246.2310,-18260,-47.804569,-0.597557
246.2410,-18260,-47.804569,-0.597557
246.2510,-18260,-47.804569,-0.597557
246.2610,-18260,-47.804569,-0.597557
246.2710,-18260,-47.804569,-0.597557
246.2810,-18260,-47.804569,-0.597557
246.2910,-18260,-47.804569,-0.597557
246.3010,-18260,-47.804569,-0.597557
246.3110,-18260,-47.804569,-0.597557
246.3210,-18260,-47.804569,-0.597557
246.3310,-18260,-47.804569,-0.597557
246.3410,-18261,-47.807186,-0.597590
246.3510,-18261,-47.807186,-0.597590
246.3610,-18261,-47.807186,-0.597590
246.3710,-18261,-47.807186,-0.597590
246.3810,-18261,-47.807186,-0.597590
246.3910,-18261,-47.807186,-0.597590
246.4010,-18261,-47.807186,-0.597590
246.4110,-18261,-47.807186,-0.597590
246.4210,-18261,-47.807186,-0.597590
246.4310,-18261,-47.807186,-0.597590
246.4410,-18261,-47.807186,-0.597590
246.4510,-18261,-47.807186,-0.597590
246.4610,-18261,-47.807186,-0.597590
246.4710,-18261,-47.807186,-0.597590
246.4810,-18261,-47.807186,-0.597590
246.4920,-18261,-47.807186,-0.597590
246.5010,-18261,-47.807186,-0.597590
246.5110,-18261,-47.807186,-0.597590
246.5210,-18261,-47.807186,-0.597590
246.5310,-18261,-47.807186,-0.597590
246.5410,-18261,-47.807186,-0.597590
246.5510,-18261,-47.807186,-0.597590
246.5610,-18261,-47.807186,-0.597590
246.5710,-18261,-47.807186,-0.597590
246.5810,-18261,-47.807186,-0.597590
246.5910,-18261,-47.807186,-0.597590
246.6010,-18261,-47.807186,-0.597590
246.6110,-18261,-47.807186,-0.597590
246.6210,-18261,-47.807186,-0.597590
246.6310,-18261,-47.807186,-0.597590
246.6410,-18261,-47.807186,-0.597590
246.6510,-18261,-47.807186,-0.597590
246.6610,-18261,-47.807186,-0.597590
246.6710,-18261,-47.807186,-0.597590
246.6810,-18261,-47.807186,-0.597590
246.6910,-18261,-47.807186,-0.597590
246.7010,-18261,-47.807186,-0.597590
246.7110,-18261,-47.807186,-0.597590
246.7210,-18261,-47.807186,-0.597590
246.7310,-18261,-47.807186,-0.597590
246.7410,-18261,-47.807186,-0.597590
246.7510,-18261,-47.807186,-0.597590
246.7610,-18262,-47.809806,-0.597623
246.7710,-18262,-47.809806,-0.597623
246.7810,-18262,-47.809806,-0.597623
246.7910,-18262,-47.809806,-0.597623
246.8010,-18262,-47.809806,-0.597623
246.8110,-18262,-47.809806,-0.597623
246.8210,-18262,-47.809806,-0.597623
246.8310,-18262,-47.809806,-0.597623
246.8410,-18262,-47.809806,-0.597623
246.8510,-18262,-47.809806,-0.597623
246.8610,-18262,-47.809806,-0.597623
246.8710,-18262,-47.809806,-0.597623
246.8810,-18262,-47.809806,-0.597623
246.8910,-18262,-47.809806,-0.597623
246.9010,-18262,-47.809806,-0.597623
246.9110,-18262,-47.809806,-0.597623
246.9210,-18262,-47.809806,-0.597623
246.9310,-18262,-47.809806,-0.597623
246.9410,-18262,-47.809806,-0.597623
246.9510,-18262,-47.809806,-0.597623
246.9610,-18262,-47.809806,-0.597623
246.9710,-18262,-47.809806,-0.597623
246.9810,-18262,-47.809806,-0.597623
246.9910,-18262,-47.809806,-0.597623
247.0010,-18262,-47.809806,-0.597623
247.0110,-18262,-47.809806,-0.597623
247.0210,-18262,-47.809806,-0.597623
247.0310,-18262,-47.809806,-0.597623
247.0410,-18262,-47.809806,-0.597623
247.0510,-18262,-47.809806,-0.597623
247.0610,-18262,-47.809806,-0.597623
247.0710,-18262,-47.809806,-0.597623
247.0810,-18262,-47.809806,-0.597623
247.0910,-18262,-47.809806,-0.597623
247.1010,-18262,-47.809806,-0.597623
247.1110,-18262,-47.809806,-0.597623
247.1210,-18262,-47.809806,-0.597623
247.1320,-18262,-47.809806,-0.597623
247.1410,-18262,-47.809806,-0.597623
247.1510,-18262,-47.809806,-0.597623
247.1610,-18262,-47.809806,-0.597623
247.1710,-18262,-47.809806,-0.597623
247.1810,-18263,-47.812423,-0.597655
247.1910,-18263,-47.812423,-0.597655
247.2010,-18263,-47.812423,-0.597655
247.2110,-18263,-47.812423,-0.597655
247.2210,-18263,-47.812423,-0.597655
247.2310,-18263,-47.812423,-0.597655
247.2410,-18263,-47.812423,-0.597655
247.2510,-18263,-47.812423,-0.597655
247.2610,-18263,-47.812423,-0.597655
247.2710,-18263,-47.812423,-0.597655
247.2810,-18263,-47.812423,-0.597655
247.2910,-18263,-47.812423,-0.597655
247.3010,-18263,-47.812423,-0.597655
247.3110,-18263,-47.812423,-0.597655
247.3210,-18263,-47.812423,-0.597655
247.3310,-18263,-47.812423,-0.597655
247.3410,-18263,-47.812423,-0.597655
247.3510,-18263,-47.812423,-0.597655
247.3610,-18263,-47.812423,-0.597655
247.3710,-18263,-47.812423,-0.597655
247.3810,-18263,-47.812423,-0.597655
247.3910,-18263,-47.812423,-0.597655
247.4010,-18263,-47.812423,-0.597655
247.4110,-18263,-47.812423,-0.597655
247.4210,-18263,-47.812423,-0.597655
247.4310,-18263,-47.812423,-0.597655
247.4410,-18263,-47.812423,-0.597655
247.4510,-18263,-47.812423,-0.597655
247.4610,-18263,-47.812423,-0.597655
247.4710,-18263,-47.812423,-0.597655
247.4810,-18263,-47.812423,-0.597655
247.4910,-18263,-47.812423,-0.597655
247.5010,-18263,-47.812423,-0.597655
247.5110,-18263,-47.812423,-0.597655
247.5210,-18263,-47.812423,-0.597655
247.5310,-18263,-47.812423,-0.597655
247.5410,-18263,-47.812423,-0.597655
247.5510,-18263,-47.812423,-0.597655
247.5610,-18263,-47.812423,-0.597655
247.5710,-18263,-47.812423,-0.597655
247.5810,-18263,-47.812423,-0.597655
247.5910,-18263,-47.812423,-0.597655
247.6010,-18263,-47.812423,-0.597655
247.6110,-18263,-47.812423,-0.597655
247.6210,-18263,-47.812423,-0.597655
247.6310,-18264,-47.815040,-0.597688
247.6410,-18264,-47.815040,-0.597688
247.6510,-18264,-47.815040,-0.597688
247.6610,-18264,-47.815040,-0.597688
247.6710,-18264,-47.815040,-0.597688
247.6810,-18264,-47.815040,-0.597688
247.6910,-18264,-47.815040,-0.597688
247.7010,-18264,-47.815040,-0.597688
247.7110,-18264,-47.815040,-0.597688
247.7210,-18264,-47.815040,-0.597688
247.7310,-18264,-47.815040,-0.597688
247.7410,-18264,-47.815040,-0.597688
247.7510,-18264,-47.815040,-0.597688
247.7610,-18264,-47.815040,-0.597688
247.7720,-18264,-47.815040,-0.597688
247.7810,-18264,-47.815040,-0.597688
247.7910,-18264,-47.815040,-0.597688
247.8010,-18264,-47.815040,-0.597688
247.8110,-18264,-47.815040,-0.597688
247.8210,-18264,-47.815040,-0.597688
247.8310,-18264,-47.815040,-0.597688
247.8410,-18264,-47.815040,-0.597688
247.8510,-18264,-47.815040,-0.597688
247.8610,-18264,-47.815040,-0.597688
247.8710,-18264,-47.815040,-0.597688
247.8810,-18264,-47.815040,-0.597688
247.8910,-18264,-47.815040,-0.597688
247.9010,-18264,-47.815040,-0.597688
247.9110,-18264,-47.815040,-0.597688
247.9210,-18264,-47.815040,-0.597688
247.9310,-18264,-47.815040,-0.597688
247.9410,-18264,-47.815040,-0.597688
247.9510,-18264,-47.815040,-0.597688
247.9610,-18264,-47.815040,-0.597688
247.9710,-18264,-47.815040,-0.597688
247.9810,-18264,-47.815040,-0.597688
247.9910,-18264,-47.815040,-0.597688
248.0010,-18264,-47.815040,-0.597688
248.0110,-18264,-47.815040,-0.597688
248.0210,-18264,-47.815040,-0.597688
248.0310,-18264,-47.815040,-0.597688
248.0410,-18264,-47.815040,-0.597688
248.0510,-18264,-47.815040,-0.597688
248.0610,-18264,-47.815040,-0.597688
248.0710,-18264,-47.815040,-0.597688
248.0810,-18264,-47.815040,-0.597688
248.0910,-18264,-47.815040,-0.597688
248.1010,-18264,-47.815040,-0.597688
248.1110,-18264,-47.815040,-0.597688
248.1210,-18264,-47.815040,-0.597688
248.1310,-18264,-47.815040,-0.597688
248.1410,-18264,-47.815040,-0.597688
248.1510,-18264,-47.815040,-0.597688
248.1610,-18264,-47.815040,-0.597688
248.1710,-18264,-47.815040,-0.597688
248.1810,-18264,-47.815040,-0.597688
248.1910,-18264,-47.815040,-0.597688
248.2010,-18264,-47.815040,-0.597688
248.2110,-18264,-47.815040,-0.597688
248.2210,-18264,-47.815040,-0.597688
248.2310,-18264,-47.815040,-0.597688
248.2410,-18264,-47.815040,-0.597688
248.2510,-18264,-47.815040,-0.597688
248.2610,-18264,-47.815040,-0.597688
248.2710,-18264,-47.815040,-0.597688
248.2810,-18264,-47.815040,-0.597688
248.2910,-18265,-47.817661,-0.597721
248.3010,-18265,-47.817661,-0.597721
248.3110,-18265,-47.817661,-0.597721
248.3210,-18265,-47.817661,-0.597721
248.3310,-18265,-47.817661,-0.597721
248.3410,-18265,-47.817661,-0.597721
248.3510,-18265,-47.817661,-0.597721
248.3610,-18265,-47.817661,-0.597721
248.3710,-18265,-47.817661,-0.597721
248.3810,-18265,-47.817661,-0.597721
248.3910,-18265,-47.817661,-0.597721
248.4010,-18265,-47.817661,-0.597721
248.4120,-18265,-47.817661,-0.597721
248.4210,-18265,-47.817661,-0.597721
248.4310,-18265,-47.817661,-0.597721
248.4410,-18265,-47.817661,-0.597721
248.4510,-18265,-47.817661,-0.597721
248.4610,-18265,-47.817661,-0.597721
248.4710,-18265,-47.817661,-0.597721
248.4810,-18265,-47.817661,-0.597721
248.4910,-18265,-47.817661,-0.597721
248.5010,-18265,-47.817661,-0.597721
248.5110,-18265,-47.817661,-0.597721
248.5210,-18265,-47.817661,-0.597721
248.5310,-18265,-47.817661,-0.597721
248.5410,-18265,-47.817661,-0.597721
248.5510,-18265,-47.817661,-0.597721
248.5610,-18265,-47.817661,-0.597721
248.5710,-18265,-47.817661,-0.597721
248.5810,-18265,-47.817661,-0.597721
248.5910,-18265,-47.817661,-0.597721
248.6010,-18265,-47.817661,-0.597721
248.6110,-18265,-47.817661,-0.597721
248.6210,-18265,-47.817661,-0.597721
248.6310,-18265,-47.817661,-0.597721
248.6410,-18265,-47.817661,-0.597721
248.6510,-18265,-47.817661,-0.597721
248.6610,-18265,-47.817661,-0.597721
248.6710,-18265,-47.817661,-0.597721
248.6810,-18265,-47.817661,-0.597721
248.6910,-18265,-47.817661,-0.597721
248.7010,-18265,-47.817661,-0.597721
248.7110,-18265,-47.817661,-0.597721
248.7210,-18265,-47.817661,-0.597721
248.7310,-18265,-47.817661,-0.597721
248.7410,-18265,-47.817661,-0.597721
248.7510,-18265,-47.817661,-0.597721
248.7610,-18265,-47.817661,-0.597721
248.7710,-18265,-47.817661,-0.597721
248.7810,-18265,-47.817661,-0.597721
248.7910,-18265,-47.817661,-0.597721
248.8010,-18265,-47.817661,-0.597721
248.8110,-18265,-47.817661,-0.597721
248.8210,-18265,-47.817661,-0.597721
248.8310,-18265,-47.817661,-0.597721
248.8410,-18266,-47.820278,-0.597753
248.8510,-18266,-47.820278,-0.597753
248.8610,-18266,-47.820278,-0.597753
248.8710,-18266,-47.820278,-0.597753
248.8810,-18266,-47.820278,-0.597753
248.8910,-18266,-47.820278,-0.597753
248.9010,-18266,-47.820278,-0.597753
248.9110,-18266,-47.820278,-0.597753
248.9210,-18266,-47.820278,-0.597753
248.9310,-18266,-47.820278,-0.597753
248.9410,-18266,-47.820278,-0.597753
248.9510,-18266,-47.820278,-0.597753
248.9610,-18266,-47.820278,-0.597753
248.9710,-18266,-47.820278,-0.597753
248.9810,-18266,-47.820278,-0.597753
248.9910,-18266,-47.820278,-0.597753
249.0010,-18266,-47.820278,-0.597753
249.0110,-18266,-47.820278,-0.597753
249.0210,-18266,-47.820278,-0.597753
249.0310,-18266,-47.820278,-0.597753
249.0410,-18266,-47.820278,-0.597753
249.0520,-18266,-47.820278,-0.597753
249.0610,-18266,-47.820278,-0.597753
249.0710,-18266,-47.820278,-0.597753
249.0810,-18266,-47.820278,-0.597753
249.0910,-18266,-47.820278,-0.597753
249.1010,-18266,-47.820278,-0.597753
249.1110,-18266,-47.820278,-0.597753
249.1210,-18266,-47.820278,-0.597753
249.1310,-18266,-47.820278,-0.597753
249.1410,-18266,-47.820278,-0.597753
249.1510,-18266,-47.820278,-0.597753
249.1610,-18266,-47.820278,-0.597753
249.1710,-18266,-47.820278,-0.597753
249.1810,-18266,-47.820278,-0.597753
249.1910,-18266,-47.820278,-0.597753
249.2010,-18266,-47.820278,-0.597753
249.2110,-18266,-47.820278,-0.597753
249.2210,-18266,-47.820278,-0.597753
249.2310,-18266,-47.820278,-0.597753
249.2410,-18266,-47.820278,-0.597753
249.2510,-18266,-47.820278,-0.597753
249.2610,-18266,-47.820278,-0.597753
249.2710,-18266,-47.820278,-0.597753
249.2810,-18266,-47.820278,-0.597753
249.2910,-18266,-47.820278,-0.597753
249.3010,-18266,-47.820278,-0.597753
249.3110,-18266,-47.820278,-0.597753
249.3210,-18266,-47.820278,-0.597753
249.3310,-18266,-47.820278,-0.597753
249.3410,-18266,-47.820278,-0.597753
249.3510,-18266,-47.820278,-0.597753
249.3610,-18266,-47.820278,-0.597753
249.3710,-18266,-47.820278,-0.597753
249.3810,-18266,-47.820278,-0.597753
249.3910,-18266,-47.820278,-0.597753
249.4010,-18266,-47.820278,-0.597753
249.4110,-18266,-47.820278,-0.597753
249.4210,-18266,-47.820278,-0.597753
249.4310,-18266,-47.820278,-0.597753
249.4410,-18266,-47.820278,-0.597753
249.4510,-18266,-47.820278,-0.597753
249.4610,-18266,-47.820278,-0.597753
249.4710,-18266,-47.820278,-0.597753
249.4810,-18266,-47.820278,-0.597753
249.4910,-18266,-47.820278,-0.597753
249.5010,-18266,-47.820278,-0.597753
249.5110,-18266,-47.820278,-0.597753
249.5210,-18266,-47.820278,-0.597753
249.5310,-18266,-47.820278,-0.597753
249.5410,-18267,-47.822895,-0.597786
249.5510,-18267,-47.822895,-0.597786
249.5610,-18267,-47.822895,-0.597786
249.5710,-18267,-47.822895,-0.597786
249.5810,-18267,-47.822895,-0.597786
249.5910,-18267,-47.822895,-0.597786
249.6010,-18267,-47.822895,-0.597786
249.6110,-18267,-47.822895,-0.597786
249.6210,-18267,-47.822895,-0.597786
249.6310,-18267,-47.822895,-0.597786
249.6410,-18267,-47.822895,-0.597786
249.6510,-18267,-47.822895,-0.597786
249.6610,-18267,-47.822895,-0.597786
249.6710,-18267,-47.822895,-0.597786
249.6810,-18267,-47.822895,-0.597786
249.6920,-18267,-47.822895,-0.597786
249.7010,-18267,-47.822895,-0.597786
249.7110,-18267,-47.822895,-0.597786
249.7210,-18267,-47.822895,-0.597786
249.7310,-18267,-47.822895,-0.597786
249.7410,-18267,-47.822895,-0.597786
249.7510,-18267,-47.822895,-0.597786
249.7610,-18267,-47.822895,-0.597786
249.7710,-18267,-47.822895,-0.597786
249.7810,-18267,-47.822895,-0.597786
249.7910,-18267,-47.822895,-0.597786
249.8010,-18267,-47.822895,-0.597786
249.8110,-18267,-47.822895,-0.597786
249.8210,-18267,-47.822895,-0.597786
249.8310,-18267,-47.822895,-0.597786
249.8410,-18267,-47.822895,-0.597786
249.8510,-18267,-47.822895,-0.597786
249.8610,-18267,-47.822895,-0.597786
249.8710,-18267,-47.822895,-0.597786
249.8810,-18267,-47.822895,-0.597786
249.8910,-18267,-47.822895,-0.597786
249.9010,-18267,-47.822895,-0.597786
249.9110,-18267,-47.822895,-0.597786
249.9210,-18267,-47.822895,-0.597786
249.9310,-18267,-47.822895,-0.597786
249.9410,-18267,-47.822895,-0.597786
249.9510,-18267,-47.822895,-0.597786
249.9610,-18267,-47.822895,-0.597786
249.9710,-18267,-47.822895,-0.597786
249.9810,-18267,-47.822895,-0.597786
249.9910,-18267,-47.822895,-0.597786
250.0010,-18267,-47.822895,-0.597786
250.0110,-18267,-47.822895,-0.597786
250.0210,-18267,-47.822895,-0.597786
250.0310,-18267,-47.822895,-0.597786
250.0410,-18267,-47.822895,-0.597786
250.0510,-18267,-47.822895,-0.597786
250.0610,-18267,-47.822895,-0.597786
250.0710,-18267,-47.822895,-0.597786
250.0810,-18267,-47.822895,-0.597786
250.0910,-18267,-47.822895,-0.597786
250.1010,-18267,-47.822895,-0.597786
250.1110,-18267,-47.822895,-0.597786
250.1210,-18267,-47.822895,-0.597786
250.1310,-18268,-47.825511,-0.597819
250.1410,-18267,-47.822895,-0.597786
250.1510,-18268,-47.825511,-0.597819
250.1610,-18268,-47.825511,-0.597819
250.1710,-18268,-47.825511,-0.597819
250.1810,-18268,-47.825511,-0.597819
250.1910,-18268,-47.825511,-0.597819
250.2010,-18268,-47.825511,-0.597819
250.2110,-18268,-47.825511,-0.597819
250.2210,-18268,-47.825511,-0.597819
250.2310,-18268,-47.825511,-0.597819
250.2410,-18268,-47.825511,-0.597819
250.2510,-18268,-47.825511,-0.597819
250.2610,-18268,-47.825511,-0.597819
250.2710,-18268,-47.825511,-0.597819
250.2810,-18268,-47.825511,-0.597819
250.2910,-18268,-47.825511,-0.597819
250.3010,-18268,-47.825511,-0.597819
250.3110,-18268,-47.825511,-0.597819
250.3210,-18268,-47.825511,-0.597819
250.3320,-18268,-47.825511,-0.597819
250.3410,-18268,-47.825511,-0.597819
250.3510,-18268,-47.825511,-0.597819
250.3610,-18268,-47.825511,-0.597819
250.3710,-18268,-47.825511,-0.597819
250.3810,-18268,-47.825511,-0.597819
250.3910,-18268,-47.825511,-0.597819
250.4010,-18268,-47.825511,-0.597819
250.4110,-18268,-47.825511,-0.597819
250.4210,-18268,-47.825511,-0.597819
250.4310,-18268,-47.825511,-0.597819
250.4410,-18268,-47.825511,-0.597819
250.4510,-18268,-47.825511,-0.597819
250.4610,-18268,-47.825511,-0.597819
250.4710,-18268,-47.825511,-0.597819
250.4810,-18268,-47.825511,-0.597819
250.4910,-18268,-47.825511,-0.597819
250.5010,-18268,-47.825511,-0.597819
250.5110,-18268,-47.825511,-0.597819
250.5210,-18268,-47.825511,-0.597819
250.5310,-18268,-47.825511,-0.597819
250.5410,-18268,-47.825511,-0.597819
250.5510,-18268,-47.825511,-0.597819
250.5610,-18268,-47.825511,-0.597819
250.5710,-18268,-47.825511,-0.597819
250.5810,-18268,-47.825511,-0.597819
250.5910,-18268,-47.825511,-0.597819
250.6010,-18268,-47.825511,-0.597819
250.6110,-18268,-47.825511,-0.597819
250.6210,-18268,-47.825511,-0.597819
250.6310,-18268,-47.825511,-0.597819
250.6410,-18268,-47.825511,-0.597819
250.6510,-18268,-47.825511,-0.597819
250.6610,-18268,-47.825511,-0.597819
250.6710,-18268,-47.825511,-0.597819
250.6810,-18268,-47.825511,-0.597819
250.6910,-18268,-47.825511,-0.597819
250.7010,-18268,-47.825511,-0.597819
250.7110,-18268,-47.825511,-0.597819
250.7210,-18268,-47.825511,-0.597819
250.7310,-18268,-47.825511,-0.597819
250.7410,-18268,-47.825511,-0.597819
250.7510,-18268,-47.825511,-0.597819
250.7610,-18268,-47.825511,-0.597819
250.7710,-18268,-47.825511,-0.597819
250.7810,-18268,-47.825511,-0.597819
250.7910,-18268,-47.825511,-0.597819
250.8010,-18268,-47.825511,-0.597819
250.8110,-18268,-47.825511,-0.597819
250.8210,-18269,-47.828132,-0.597852
250.8310,-18268,-47.825511,-0.597819
250.8410,-18268,-47.825511,-0.597819
250.8510,-18268,-47.825511,-0.597819
250.8610,-18268,-47.825511,-0.597819
250.8710,-18268,-47.825511,-0.597819
250.8810,-18268,-47.825511,-0.597819
250.8910,-18268,-47.825511,-0.597819
250.9010,-18268,-47.825511,-0.597819
250.9110,-18268,-47.825511,-0.597819
250.9210,-18269,-47.828132,-0.597852
250.9310,-18268,-47.825511,-0.597819
250.9410,-18269,-47.828132,-0.597852
250.9510,-18269,-47.828132,-0.597852
250.9610,-18269,-47.828132,-0.597852
250.9720,-18269,-47.828132,-0.597852
250.9810,-18269,-47.828132,-0.597852
250.9910,-18269,-47.828132,-0.597852
251.0010,-18269,-47.828132,-0.597852
251.0110,-18269,-47.828132,-0.597852
251.0210,-18269,-47.828132,-0.597852
251.0310,-18269,-47.828132,-0.597852
251.0410,-18269,-47.828132,-0.597852
251.0510,-18269,-47.828132,-0.597852
251.0610,-18269,-47.828132,-0.597852
251.0710,-18269,-47.828132,-0.597852
251.0810,-18269,-47.828132,-0.597852
251.0910,-18269,-47.828132,-0.597852
251.1010,-18269,-47.828132,-0.597852
251.1110,-18269,-47.828132,-0.597852
251.1210,-18269,-47.828132,-0.597852
251.1310,-18269,-47.828132,-0.597852
251.1410,-18269,-47.828132,-0.597852
251.1510,-18269,-47.828132,-0.597852
251.1610,-18269,-47.828132,-0.597852
251.1710,-18269,-47.828132,-0.597852
251.1810,-18269,-47.828132,-0.597852
251.1910,-18269,-47.828132,-0.597852
251.2010,-18269,-47.828132,-0.597852
251.2110,-18269,-47.828132,-0.597852
251.2210,-18269,-47.828132,-0.597852
251.2310,-18269,-47.828132,-0.597852
251.2410,-18269,-47.828132,-0.597852
251.2510,-18269,-47.828132,-0.597852
251.2610,-18269,-47.828132,-0.597852
251.2710,-18269,-47.828132,-0.597852
251.2810,-18269,-47.828132,-0.597852
251.2910,-18269,-47.828132,-0.597852
251.3010,-18269,-47.828132,-0.597852
251.3110,-18269,-47.828132,-0.597852
251.3210,-18269,-47.828132,-0.597852
251.3310,-18269,-47.828132,-0.597852
251.3410,-18269,-47.828132,-0.597852
251.3510,-18269,-47.828132,-0.597852
251.3610,-18269,-47.828132,-0.597852
251.3710,-18269,-47.828132,-0.597852
251.3810,-18269,-47.828132,-0.597852
251.3910,-18269,-47.828132,-0.597852
251.4010,-18269,-47.828132,-0.597852
251.4110,-18269,-47.828132,-0.597852
251.4210,-18269,-47.828132,-0.597852
251.4310,-18269,-47.828132,-0.597852
251.4410,-18269,-47.828132,-0.597852
251.4510,-18269,-47.828132,-0.597852
251.4610,-18269,-47.828132,-0.597852
251.4710,-18269,-47.828132,-0.597852
251.4810,-18270,-47.830749,-0.597884
251.4910,-18270,-47.830749,-0.597884
251.5010,-18270,-47.830749,-0.597884
251.5110,-18269,-47.828132,-0.597852
251.5210,-18270,-47.830749,-0.597884
251.5310,-18269,-47.828132,-0.597852
251.5410,-18270,-47.830749,-0.597884
251.5510,-18270,-47.830749,-0.597884
251.5610,-18270,-47.830749,-0.597884
251.5710,-18270,-47.830749,-0.597884
251.5810,-18270,-47.830749,-0.597884
251.5910,-18270,-47.830749,-0.597884
251.6010,-18270,-47.830749,-0.597884
251.6120,-18270,-47.830749,-0.597884
251.6210,-18270,-47.830749,-0.597884
251.6310,-18270,-47.830749,-0.597884
251.6410,-18270,-47.830749,-0.597884
251.6510,-18270,-47.830749,-0.597884
251.6610,-18270,-47.830749,-0.597884
251.6710,-18270,-47.830749,-0.597884
251.6810,-18270,-47.830749,-0.597884
251.6910,-18270,-47.830749,-0.597884
251.7010,-18270,-47.830749,-0.597884
251.7110,-18270,-47.830749,-0.597884
251.7210,-18270,-47.830749,-0.597884
251.7310,-18270,-47.830749,-0.597884
251.7410,-18270,-47.830749,-0.597884
251.7510,-18270,-47.830749,-0.597884
251.7610,-18270,-47.830749,-0.597884
251.7710,-18270,-47.830749,-0.597884
251.7810,-18270,-47.830749,-0.597884
251.7910,-18270,-47.830749,-0.597884
251.8010,-18270,-47.830749,-0.597884
251.8110,-18270,-47.830749,-0.597884
251.8210,-18270,-47.830749,-0.597884
251.8310,-18270,-47.830749,-0.597884
251.8410,-18270,-47.830749,-0.597884
251.8510,-18270,-47.830749,-0.597884
251.8610,-18270,-47.830749,-0.597884
251.8710,-18270,-47.830749,-0.597884
251.8810,-18270,-47.830749,-0.597884
251.8910,-18270,-47.830749,-0.597884
251.9010,-18270,-47.830749,-0.597884
251.9110,-18270,-47.830749,-0.597884
251.9210,-18270,-47.830749,-0.597884
251.9310,-18270,-47.830749,-0.597884
251.9410,-18270,-47.830749,-0.597884
251.9510,-18270,-47.830749,-0.597884
251.9610,-18270,-47.830749,-0.597884
251.9710,-18270,-47.830749,-0.597884
251.9810,-18270,-47.830749,-0.597884
251.9910,-18270,-47.830749,-0.597884
252.0010,-18270,-47.830749,-0.597884
252.0110,-18270,-47.830749,-0.597884
252.0210,-18270,-47.830749,-0.597884
252.0310,-18270,-47.830749,-0.597884
252.0410,-18270,-47.830749,-0.597884
252.0510,-18270,-47.830749,-0.597884
252.0610,-18270,-47.830749,-0.597884
252.0710,-18270,-47.830749,-0.597884
252.0810,-18270,-47.830749,-0.597884
252.0910,-18270,-47.830749,-0.597884
252.1010,-18270,-47.830749,-0.597884
252.1110,-18270,-47.830749,-0.597884
252.1210,-18270,-47.830749,-0.597884
252.1310,-18270,-47.830749,-0.597884
252.1410,-18270,-47.830749,-0.597884
252.1510,-18270,-47.830749,-0.597884
252.1610,-18270,-47.830749,-0.597884
252.1710,-18271,-47.833366,-0.597917
252.1810,-18270,-47.830749,-0.597884
252.1910,-18271,-47.833366,-0.597917
252.2010,-18270,-47.830749,-0.597884
252.2110,-18271,-47.833366,-0.597917
252.2210,-18271,-47.833366,-0.597917
252.2310,-18271,-47.833366,-0.597917
252.2410,-18271,-47.833366,-0.597917
252.2520,-18270,-47.830749,-0.597884
252.2610,-18271,-47.833366,-0.597917
252.2710,-18270,-47.830749,-0.597884
252.2810,-18271,-47.833366,-0.597917
252.2910,-18271,-47.833366,-0.597917
252.3010,-18270,-47.830749,-0.597884
252.3110,-18271,-47.833366,-0.597917
252.3210,-18270,-47.830749,-0.597884
252.3310,-18271,-47.833366,-0.597917
252.3410,-18271,-47.833366,-0.597917
252.3510,-18271,-47.833366,-0.597917
252.3610,-18271,-47.833366,-0.597917
252.3710,-18271,-47.833366,-0.597917
252.3810,-18271,-47.833366,-0.597917
252.3910,-18271,-47.833366,-0.597917
252.4010,-18271,-47.833366,-0.597917
252.4110,-18271,-47.833366,-0.597917
252.4210,-18271,-47.833366,-0.597917
252.4310,-18271,-47.833366,-0.597917
252.4410,-18271,-47.833366,-0.597917
252.4510,-18271,-47.833366,-0.597917
252.4610,-18271,-47.833366,-0.597917
252.4710,-18271,-47.833366,-0.597917
252.4810,-18271,-47.833366,-0.597917
252.4910,-18271,-47.833366,-0.597917
252.5010,-18271,-47.833366,-0.597917
252.5110,-18271,-47.833366,-0.597917
252.5210,-18271,-47.833366,-0.597917
252.5310,-18271,-47.833366,-0.597917
252.5410,-18271,-47.833366,-0.597917
252.5510,-18271,-47.833366,-0.597917
252.5610,-18271,-47.833366,-0.597917
252.5710,-18271,-47.833366,-0.597917
252.5810,-18271,-47.833366,-0.597917
252.5910,-18271,-47.833366,-0.597917
252.6010,-18271,-47.833366,-0.597917
252.6110,-18271,-47.833366,-0.597917
252.6210,-18271,-47.833366,-0.597917
252.6310,-18271,-47.833366,-0.597917
252.6410,-18271,-47.833366,-0.597917
252.6510,-18271,-47.833366,-0.597917
252.6610,-18271,-47.833366,-0.597917
252.6710,-18271,-47.833366,-0.597917
252.6810,-18271,-47.833366,-0.597917
252.6910,-18271,-47.833366,-0.597917
252.7010,-18271,-47.833366,-0.597917
252.7110,-18271,-47.833366,-0.597917
252.7210,-18271,-47.833366,-0.597917
252.7310,-18271,-47.833366,-0.597917
252.7410,-18271,-47.833366,-0.597917
252.7510,-18271,-47.833366,-0.597917
252.7610,-18271,-47.833366,-0.597917
252.7710,-18271,-47.833366,-0.597917
252.7810,-18271,-47.833366,-0.597917
252.7910,-18271,-47.833366,-0.597917
252.8010,-18271,-47.833366,-0.597917
252.8110,-18271,-47.833366,-0.597917
252.8210,-18271,-47.833366,-0.597917
252.8310,-18271,-47.833366,-0.597917
252.8410,-18271,-47.833366,-0.597917
252.8510,-18271,-47.833366,-0.597917
252.8610,-18272,-47.835983,-0.597950
252.8710,-18271,-47.833366,-0.597917
252.8810,-18272,-47.835983,-0.597950
252.8920,-18272,-47.835983,-0.597950
252.9010,-18271,-47.833366,-0.597917
252.9110,-18272,-47.835983,-0.597950
252.9210,-18271,-47.833366,-0.597917
252.9310,-18272,-47.835983,-0.597950
252.9410,-18272,-47.835983,-0.597950
252.9510,-18271,-47.833366,-0.597917
252.9610,-18272,-47.835983,-0.597950
252.9710,-18271,-47.833366,-0.597917
252.9810,-18272,-47.835983,-0.597950
252.9910,-18271,-47.833366,-0.597917
253.0010,-18272,-47.835983,-0.597950
253.0110,-18272,-47.835983,-0.597950
253.0210,-18272,-47.835983,-0.597950
253.0310,-18272,-47.835983,-0.597950
253.0410,-18272,-47.835983,-0.597950
253.0510,-18272,-47.835983,-0.597950
253.0610,-18272,-47.835983,-0.597950
253.0710,-18272,-47.835983,-0.597950
253.0810,-18272,-47.835983,-0.597950
253.0910,-18272,-47.835983,-0.597950
253.1010,-18272,-47.835983,-0.597950
253.1110,-18272,-47.835983,-0.597950
253.1210,-18272,-47.835983,-0.597950
253.1310,-18272,-47.835983,-0.597950
253.1410,-18272,-47.835983,-0.597950
253.1510,-18272,-47.835983,-0.597950
253.1610,-18272,-47.835983,-0.597950
253.1710,-18272,-47.835983,-0.597950
253.1810,-18272,-47.835983,-0.597950
253.1910,-18272,-47.835983,-0.597950
253.2010,-18272,-47.835983,-0.597950
253.2110,-18272,-47.835983,-0.597950
253.2210,-18272,-47.835983,-0.597950
253.2310,-18272,-47.835983,-0.597950
253.2410,-18272,-47.835983,-0.597950
253.2510,-18272,-47.835983,-0.597950
253.2610,-18272,-47.835983,-0.597950
253.2710,-18272,-47.835983,-0.597950
253.2810,-18272,-47.835983,-0.597950
253.2910,-18272,-47.835983,-0.597950
253.3010,-18272,-47.835983,-0.597950
253.3110,-18272,-47.835983,-0.597950
253.3210,-18272,-47.835983,-0.597950
253.3310,-18272,-47.835983,-0.597950
253.3410,-18272,-47.835983,-0.597950
253.3510,-18272,-47.835983,-0.597950
253.3610,-18272,-47.835983,-0.597950
253.3710,-18272,-47.835983,-0.597950
253.3810,-18272,-47.835983,-0.597950
253.3910,-18272,-47.835983,-0.597950
253.4010,-18272,-47.835983,-0.597950
253.4110,-18272,-47.835983,-0.597950
253.4210,-18272,-47.835983,-0.597950
253.4310,-18272,-47.835983,-0.597950
253.4410,-18272,-47.835983,-0.597950
253.4510,-18272,-47.835983,-0.597950
253.4610,-18272,-47.835983,-0.597950
253.4710,-18272,-47.835983,-0.597950
253.4810,-18272,-47.835983,-0.597950
253.4910,-18272,-47.835983,-0.597950
253.5010,-18272,-47.835983,-0.597950
253.5110,-18272,-47.835983,-0.597950
253.5210,-18272,-47.835983,-0.597950
253.5320,-18272,-47.835983,-0.597950
253.5410,-18272,-47.835983,-0.597950
253.5510,-18272,-47.835983,-0.597950
253.5610,-18272,-47.835983,-0.597950
253.5710,-18272,-47.835983,-0.597950
253.5810,-18272,-47.835983,-0.597950
253.5910,-18272,-47.835983,-0.597950
253.6010,-18272,-47.835983,-0.597950
253.6110,-18272,-47.835983,-0.597950
253.6210,-18272,-47.835983,-0.597950
253.6310,-18272,-47.835983,-0.597950
253.6410,-18272,-47.835983,-0.597950
253.6510,-18272,-47.835983,-0.597950
253.6610,-18272,-47.835983,-0.597950
253.6710,-18272,-47.835983,-0.597950
253.6810,-18272,-47.835983,-0.597950
253.6910,-18272,-47.835983,-0.597950
253.7010,-18273,-47.838603,-0.597983
253.7110,-18272,-47.835983,-0.597950
253.7210,-18273,-47.838603,-0.597983
253.7310,-18272,-47.835983,-0.597950
253.7410,-18273,-47.838603,-0.597983
253.7510,-18273,-47.838603,-0.597983
253.7610,-18273,-47.838603,-0.597983
253.7710,-18273,-47.838603,-0.597983
253.7810,-18273,-47.838603,-0.597983
253.7910,-18273,-47.838603,-0.597983
253.8010,-18272,-47.835983,-0.597950
253.8110,-18273,-47.838603,-0.597983
253.8210,-18273,-47.838603,-0.597983
253.8310,-18273,-47.838603,-0.597983
253.8410,-18273,-47.838603,-0.597983
253.8510,-18273,-47.838603,-0.597983
253.8610,-18273,-47.838603,-0.597983
253.8710,-18273,-47.838603,-0.597983
253.8810,-18273,-47.838603,-0.597983
253.8910,-18273,-47.838603,-0.597983
253.9010,-18273,-47.838603,-0.597983
253.9110,-18273,-47.838603,-0.597983
253.9210,-18273,-47.838603,-0.597983
253.9310,-18273,-47.838603,-0.597983
253.9410,-18273,-47.838603,-0.597983
253.9510,-18273,-47.838603,-0.597983
253.9610,-18273,-47.838603,-0.597983
253.9710,-18273,-47.838603,-0.597983
253.9810,-18273,-47.838603,-0.597983
253.9910,-18273,-47.838603,-0.597983
254.0010,-18273,-47.838603,-0.597983
254.0110,-18273,-47.838603,-0.597983
254.0210,-18273,-47.838603,-0.597983
254.0310,-18273,-47.838603,-0.597983
254.0410,-18273,-47.838603,-0.597983
254.0510,-18273,-47.838603,-0.597983
254.0610,-18273,-47.838603,-0.597983
254.0710,-18273,-47.838603,-0.597983
254.0810,-18273,-47.838603,-0.597983
254.0910,-18273,-47.838603,-0.597983
254.1010,-18273,-47.838603,-0.597983
254.1110,-18273,-47.838603,-0.597983
254.1210,-18273,-47.838603,-0.597983
254.1310,-18273,-47.838603,-0.597983
254.1410,-18273,-47.838603,-0.597983
254.1510,-18273,-47.838603,-0.597983
254.1610,-18273,-47.838603,-0.597983
254.1720,-18273,-47.838603,-0.597983
254.1810,-18273,-47.838603,-0.597983
254.1910,-18273,-47.838603,-0.597983
254.2010,-18273,-47.838603,-0.597983
254.2110,-18273,-47.838603,-0.597983
254.2210,-18273,-47.838603,-0.597983
254.2310,-18273,-47.838603,-0.597983
254.2410,-18273,-47.838603,-0.597983
254.2510,-18273,-47.838603,-0.597983
254.2610,-18273,-47.838603,-0.597983
254.2710,-18273,-47.838603,-0.597983
254.2810,-18273,-47.838603,-0.597983
254.2910,-18273,-47.838603,-0.597983
254.3010,-18273,-47.838603,-0.597983
254.3110,-18273,-47.838603,-0.597983
254.3210,-18273,-47.838603,-0.597983
254.3310,-18273,-47.838603,-0.597983
254.3410,-18273,-47.838603,-0.597983
254.3510,-18273,-47.838603,-0.597983
254.3610,-18273,-47.838603,-0.597983
254.3710,-18273,-47.838603,-0.597983
254.3810,-18273,-47.838603,-0.597983
254.3910,-18274,-47.841220,-0.598015
254.4010,-18273,-47.838603,-0.597983
254.4110,-18274,-47.841220,-0.598015
254.4210,-18273,-47.838603,-0.597983
254.4310,-18274,-47.841220,-0.598015
254.4410,-18274,-47.841220,-0.598015
254.4510,-18274,-47.841220,-0.598015
254.4610,-18274,-47.841220,-0.598015
254.4710,-18274,-47.841220,-0.598015
254.4810,-18274,-47.841220,-0.598015
254.4910,-18274,-47.841220,-0.598015
254.5010,-18273,-47.838603,-0.597983
254.5110,-18274,-47.841220,-0.598015
254.5210,-18273,-47.838603,-0.597983
254.5310,-18274,-47.841220,-0.598015
254.5410,-18274,-47.841220,-0.598015
254.5510,-18274,-47.841220,-0.598015
254.5610,-18274,-47.841220,-0.598015
254.5710,-18274,-47.841220,-0.598015
254.5810,-18274,-47.841220,-0.598015
254.5910,-18274,-47.841220,-0.598015
254.6010,-18274,-47.841220,-0.598015
254.6110,-18274,-47.841220,-0.598015
254.6210,-18274,-47.841220,-0.598015
254.6310,-18274,-47.841220,-0.598015
254.6410,-18274,-47.841220,-0.598015
254.6510,-18274,-47.841220,-0.598015
254.6610,-18274,-47.841220,-0.598015
254.6710,-18274,-47.841220,-0.598015
254.6810,-18274,-47.841220,-0.598015
254.6910,-18274,-47.841220,-0.598015
254.7010,-18274,-47.841220,-0.598015
254.7110,-18274,-47.841220,-0.598015
254.7210,-18274,-47.841220,-0.598015
254.7310,-18274,-47.841220,-0.598015
254.7410,-18274,-47.841220,-0.598015
254.7510,-18274,-47.841220,-0.598015
254.7610,-18274,-47.841220,-0.598015
254.7710,-18274,-47.841220,-0.598015
254.7810,-18274,-47.841220,-0.598015
254.7910,-18274,-47.841220,-0.598015
254.8010,-18274,-47.841220,-0.598015
254.8120,-18274,-47.841220,-0.598015
254.8210,-18274,-47.841220,-0.598015
254.8310,-18274,-47.841220,-0.598015
254.8410,-18274,-47.841220,-0.598015
254.8510,-18274,-47.841220,-0.598015
254.8610,-18274,-47.841220,-0.598015
254.8710,-18274,-47.841220,-0.598015
254.8810,-18274,-47.841220,-0.598015
254.8910,-18274,-47.841220,-0.598015
254.9010,-18274,-47.841220,-0.598015
254.9110,-18274,-47.841220,-0.598015
254.9210,-18274,-47.841220,-0.598015
254.9310,-18274,-47.841220,-0.598015
254.9410,-18274,-47.841220,-0.598015
254.9510,-18274,-47.841220,-0.598015
254.9610,-18274,-47.841220,-0.598015
254.9710,-18274,-47.841220,-0.598015
254.9810,-18274,-47.841220,-0.598015
254.9910,-18274,-47.841220,-0.598015
255.0010,-18274,-47.841220,-0.598015
255.0110,-18274,-47.841220,-0.598015
255.0210,-18274,-47.841220,-0.598015
255.0310,-18274,-47.841220,-0.598015
255.0410,-18274,-47.841220,-0.598015
255.0510,-18274,-47.841220,-0.598015
255.0610,-18274,-47.841220,-0.598015
255.0710,-18274,-47.841220,-0.598015
255.0810,-18274,-47.841220,-0.598015
255.0910,-18274,-47.841220,-0.598015
255.1010,-18274,-47.841220,-0.598015
255.1110,-18274,-47.841220,-0.598015
255.1210,-18274,-47.841220,-0.598015
255.1310,-18274,-47.841220,-0.598015
255.1410,-18274,-47.841220,-0.598015
255.1510,-18274,-47.841220,-0.598015
255.1610,-18274,-47.841220,-0.598015
255.1710,-18274,-47.841220,-0.598015
255.1810,-18274,-47.841220,-0.598015
255.1910,-18274,-47.841220,-0.598015
255.2010,-18274,-47.841220,-0.598015
255.2110,-18274,-47.841220,-0.598015
255.2210,-18275,-47.843841,-0.598048
255.2310,-18275,-47.843841,-0.598048
255.2410,-18275,-47.843841,-0.598048
255.2510,-18275,-47.843841,-0.598048
255.2610,-18275,-47.843841,-0.598048
255.2710,-18275,-47.843841,-0.598048
255.2810,-18275,-47.843841,-0.598048
255.2910,-18275,-47.843841,-0.598048
255.3010,-18275,-47.843841,-0.598048
255.3110,-18275,-47.843841,-0.598048
255.3210,-18275,-47.843841,-0.598048
255.3310,-18275,-47.843841,-0.598048
255.3410,-18275,-47.843841,-0.598048
255.3510,-18275,-47.843841,-0.598048
255.3610,-18275,-47.843841,-0.598048
255.3710,-18275,-47.843841,-0.598048
255.3810,-18275,-47.843841,-0.598048
255.3910,-18275,-47.843841,-0.598048
255.4010,-18275,-47.843841,-0.598048
255.4110,-18275,-47.843841,-0.598048
255.4210,-18275,-47.843841,-0.598048
255.4310,-18275,-47.843841,-0.598048
255.4410,-18275,-47.843841,-0.598048
255.4520,-18275,-47.843841,-0.598048
255.4610,-18275,-47.843841,-0.598048
255.4710,-18275,-47.843841,-0.598048
255.4810,-18275,-47.843841,-0.598048
255.4910,-18275,-47.843841,-0.598048
255.5010,-18275,-47.843841,-0.598048
255.5110,-18275,-47.843841,-0.598048
255.5210,-18275,-47.843841,-0.598048
255.5310,-18275,-47.843841,-0.598048
255.5410,-18275,-47.843841,-0.598048
255.5510,-18275,-47.843841,-0.598048
255.5610,-18275,-47.843841,-0.598048
255.5710,-18275,-47.843841,-0.598048
255.5810,-18275,-47.843841,-0.598048
255.5910,-18275,-47.843841,-0.598048
255.6010,-18275,-47.843841,-0.598048
255.6110,-18275,-47.843841,-0.598048
255.6210,-18275,-47.843841,-0.598048
255.6310,-18275,-47.843841,-0.598048
255.6410,-18275,-47.843841,-0.598048
255.6510,-18275,-47.843841,-0.598048
255.6610,-18275,-47.843841,-0.598048
255.6710,-18275,-47.843841,-0.598048
255.6810,-18275,-47.843841,-0.598048
255.6910,-18275,-47.843841,-0.598048
255.7010,-18275,-47.843841,-0.598048
255.7110,-18275,-47.843841,-0.598048
255.7210,-18275,-47.843841,-0.598048
255.7310,-18275,-47.843841,-0.598048
255.7410,-18275,-47.843841,-0.598048
255.7510,-18275,-47.843841,-0.598048
255.7610,-18275,-47.843841,-0.598048
255.7710,-18275,-47.843841,-0.598048
255.7810,-18275,-47.843841,-0.598048
255.7910,-18275,-47.843841,-0.598048
255.8010,-18275,-47.843841,-0.598048
255.8110,-18275,-47.843841,-0.598048
255.8210,-18275,-47.843841,-0.598048
255.8310,-18275,-47.843841,-0.598048
255.8410,-18275,-47.843841,-0.598048
255.8510,-18275,-47.843841,-0.598048
255.8610,-18275,-47.843841,-0.598048
255.8710,-18275,-47.843841,-0.598048
255.8810,-18275,-47.843841,-0.598048
255.8910,-18275,-47.843841,-0.598048
255.9010,-18275,-47.843841,-0.598048
255.9110,-18275,-47.843841,-0.598048
255.9210,-18276,-47.846454,-0.598081
255.9310,-18275,-47.843841,-0.598048
255.9410,-18276,-47.846454,-0.598081
255.9510,-18275,-47.843841,-0.598048
255.9610,-18276,-47.846454,-0.598081
255.9710,-18276,-47.846454,-0.598081
255.9810,-18276,-47.846454,-0.598081
255.9910,-18276,-47.846454,-0.598081
256.0010,-18276,-47.846454,-0.598081
256.0110,-18276,-47.846454,-0.598081
256.0210,-18275,-47.843841,-0.598048
256.0310,-18276,-47.846454,-0.598081
256.0410,-18276,-47.846454,-0.598081
256.0510,-18275,-47.843841,-0.598048
256.0610,-18276,-47.846454,-0.598081
256.0710,-18276,-47.846454,-0.598081
256.0810,-18276,-47.846454,-0.598081
256.0920,-18276,-47.846454,-0.598081
256.1010,-18276,-47.846454,-0.598081
256.1110,-18276,-47.846454,-0.598081
256.1210,-18276,-47.846454,-0.598081
256.1310,-18276,-47.846454,-0.598081
256.1410,-18276,-47.846454,-0.598081
256.1510,-18276,-47.846454,-0.598081
256.1610,-18276,-47.846454,-0.598081
256.1710,-18276,-47.846454,-0.598081
256.1810,-18276,-47.846454,-0.598081
256.1910,-18276,-47.846454,-0.598081
256.2010,-18276,-47.846454,-0.598081
256.2110,-18276,-47.846454,-0.598081
256.2210,-18276,-47.846454,-0.598081
256.2310,-18276,-47.846454,-0.598081
256.2410,-18276,-47.846454,-0.598081
256.2510,-18276,-47.846454,-0.598081
256.2610,-18276,-47.846454,-0.598081
256.2710,-18276,-47.846454,-0.598081
256.2810,-18276,-47.846454,-0.598081
256.2910,-18276,-47.846454,-0.598081
256.3010,-18276,-47.846454,-0.598081
256.3110,-18276,-47.846454,-0.598081
256.3210,-18276,-47.846454,-0.598081
256.3310,-18276,-47.846454,-0.598081
256.3410,-18276,-47.846454,-0.598081
256.3510,-18276,-47.846454,-0.598081
256.3610,-18276,-47.846454,-0.598081
256.3710,-18276,-47.846454,-0.598081
256.3810,-18276,-47.846454,-0.598081
256.3910,-18276,-47.846454,-0.598081
256.4010,-18276,-47.846454,-0.598081
256.4110,-18276,-47.846454,-0.598081
256.4210,-18276,-47.846454,-0.598081
256.4310,-18276,-47.846454,-0.598081
256.4410,-18276,-47.846454,-0.598081
256.4510,-18276,-47.846454,-0.598081
256.4610,-18276,-47.846454,-0.598081
256.4710,-18276,-47.846454,-0.598081
256.4810,-18276,-47.846454,-0.598081
256.4910,-18276,-47.846454,-0.598081
256.5010,-18276,-47.846454,-0.598081
256.5110,-18276,-47.846454,-0.598081
256.5210,-18276,-47.846454,-0.598081
256.5310,-18276,-47.846454,-0.598081
256.5410,-18276,-47.846454,-0.598081
256.5510,-18276,-47.846454,-0.598081
256.5610,-18276,-47.846454,-0.598081
256.5710,-18276,-47.846454,-0.598081
256.5810,-18276,-47.846454,-0.598081
256.5910,-18276,-47.846454,-0.598081
256.6010,-18276,-47.846454,-0.598081
256.6110,-18276,-47.846454,-0.598081
256.6210,-18276,-47.846454,-0.598081
256.6310,-18276,-47.846454,-0.598081
256.6410,-18276,-47.846454,-0.598081
256.6510,-18276,-47.846454,-0.598081
256.6610,-18276,-47.846454,-0.598081
256.6710,-18276,-47.846454,-0.598081
256.6810,-18276,-47.846454,-0.598081
256.6910,-18276,-47.846454,-0.598081
256.7010,-18276,-47.846454,-0.598081
256.7110,-18276,-47.846454,-0.598081
256.7210,-18276,-47.846454,-0.598081
256.7320,-18276,-47.846454,-0.598081
256.7410,-18276,-47.846454,-0.598081
256.7510,-18275,-47.843841,-0.598048
256.7610,-18275,-47.843841,-0.598048
256.7710,-18275,-47.843841,-0.598048
256.7810,-18275,-47.843841,-0.598048
256.7910,-18275,-47.843841,-0.598048
256.8010,-18275,-47.843841,-0.598048
256.8110,-18275,-47.843841,-0.598048
256.8210,-18275,-47.843841,-0.598048
256.8310,-18275,-47.843841,-0.598048
256.8410,-18275,-47.843841,-0.598048
256.8510,-18275,-47.843841,-0.598048
256.8610,-18275,-47.843841,-0.598048
256.8710,-18275,-47.843841,-0.598048
256.8810,-18275,-47.843841,-0.598048
256.8910,-18275,-47.843841,-0.598048
256.9010,-18275,-47.843841,-0.598048
256.9110,-18275,-47.843841,-0.598048
256.9210,-18275,-47.843841,-0.598048
256.9310,-18275,-47.843841,-0.598048
256.9410,-18275,-47.843841,-0.598048
256.9510,-18275,-47.843841,-0.598048
256.9610,-18275,-47.843841,-0.598048
256.9710,-18275,-47.843841,-0.598048
256.9810,-18275,-47.843841,-0.598048
256.9910,-18275,-47.843841,-0.598048
257.0010,-18275,-47.843841,-0.598048
257.0110,-18275,-47.843841,-0.598048
257.0210,-18275,-47.843841,-0.598048
257.0310,-18275,-47.843841,-0.598048
257.0410,-18275,-47.843841,-0.598048
257.0510,-18275,-47.843841,-0.598048
257.0610,-18275,-47.843841,-0.598048
257.0710,-18275,-47.843841,-0.598048
257.0810,-18275,-47.843841,-0.598048
257.0910,-18275,-47.843841,-0.598048
257.1010,-18275,-47.843841,-0.598048
257.1110,-18275,-47.843841,-0.598048
257.1210,-18275,-47.843841,-0.598048
257.1310,-18275,-47.843841,-0.598048
257.1410,-18275,-47.843841,-0.598048
257.1510,-18275,-47.843841,-0.598048
257.1610,-18275,-47.843841,-0.598048
257.1710,-18275,-47.843841,-0.598048
257.1810,-18275,-47.843841,-0.598048
257.1910,-18275,-47.843841,-0.598048
257.2010,-18275,-47.843841,-0.598048
257.2110,-18275,-47.843841,-0.598048
257.2210,-18275,-47.843841,-0.598048
257.2310,-18275,-47.843841,-0.598048
257.2410,-18275,-47.843841,-0.598048
257.2510,-18275,-47.843841,-0.598048
257.2610,-18275,-47.843841,-0.598048
257.2710,-18275,-47.843841,-0.598048
257.2810,-18275,-47.843841,-0.598048
257.2910,-18275,-47.843841,-0.598048
257.3010,-18275,-47.843841,-0.598048
257.3110,-18275,-47.843841,-0.598048
257.3210,-18275,-47.843841,-0.598048
257.3310,-18275,-47.843841,-0.598048
257.3410,-18275,-47.843841,-0.598048
257.3510,-18275,-47.843841,-0.598048
257.3610,-18275,-47.843841,-0.598048
257.3720,-18275,-47.843841,-0.598048
257.3810,-18275,-47.843841,-0.598048
257.3910,-18275,-47.843841,-0.598048
257.4010,-18275,-47.843841,-0.598048
257.4110,-18275,-47.843841,-0.598048
257.4210,-18275,-47.843841,-0.598048
257.4310,-18275,-47.843841,-0.598048
257.4410,-18276,-47.846454,-0.598081
257.4510,-18275,-47.843841,-0.598048
257.4610,-18276,-47.846454,-0.598081
257.4710,-18276,-47.846454,-0.598081
257.4810,-18276,-47.846454,-0.598081
257.4910,-18276,-47.846454,-0.598081
257.5010,-18276,-47.846454,-0.598081
257.5110,-18276,-47.846454,-0.598081
257.5210,-18276,-47.846454,-0.598081
257.5310,-18276,-47.846454,-0.598081
257.5410,-18276,-47.846454,-0.598081
257.5510,-18276,-47.846454,-0.598081
257.5610,-18276,-47.846454,-0.598081
257.5710,-18276,-47.846454,-0.598081
257.5810,-18276,-47.846454,-0.598081
257.5910,-18276,-47.846454,-0.598081
257.6010,-18276,-47.846454,-0.598081
257.6110,-18276,-47.846454,-0.598081
257.6210,-18276,-47.846454,-0.598081
257.6310,-18276,-47.846454,-0.598081
257.6410,-18276,-47.846454,-0.598081
257.6510,-18276,-47.846454,-0.598081
257.6610,-18276,-47.846454,-0.598081
257.6710,-18276,-47.846454,-0.598081
257.6810,-18276,-47.846454,-0.598081
257.6910,-18276,-47.846454,-0.598081
257.7010,-18276,-47.846454,-0.598081
257.7110,-18276,-47.846454,-0.598081
257.7210,-18276,-47.846454,-0.598081
257.7310,-18276,-47.846454,-0.598081
257.7410,-18276,-47.846454,-0.598081
257.7510,-18276,-47.846454,-0.598081
257.7610,-18276,-47.846454,-0.598081
257.7710,-18276,-47.846454,-0.598081
257.7810,-18276,-47.846454,-0.598081
257.7910,-18276,-47.846454,-0.598081
257.8010,-18276,-47.846454,-0.598081
257.8110,-18276,-47.846454,-0.598081
257.8210,-18276,-47.846454,-0.598081
257.8310,-18276,-47.846454,-0.598081
257.8410,-18276,-47.846454,-0.598081
257.8510,-18276,-47.846454,-0.598081
257.8610,-18276,-47.846454,-0.598081
257.8710,-18276,-47.846454,-0.598081
257.8810,-18276,-47.846454,-0.598081
257.8910,-18276,-47.846454,-0.598081
257.9010,-18276,-47.846454,-0.598081
257.9110,-18276,-47.846454,-0.598081
257.9210,-18276,-47.846454,-0.598081
257.9310,-18276,-47.846454,-0.598081
257.9410,-18276,-47.846454,-0.598081
257.9510,-18276,-47.846454,-0.598081
257.9610,-18276,-47.846454,-0.598081
257.9710,-18276,-47.846454,-0.598081
257.9810,-18276,-47.846454,-0.598081
257.9910,-18276,-47.846454,-0.598081
