t_s,count,theta_rad,x_m
0.0000,0,0.000000,0.000000
0.0020,0,0.000000,0.000000
0.0040,0,0.000000,0.000000
0.0080,0,0.000000,0.000000
0.0100,0,0.000000,0.000000
0.0120,0,0.000000,0.000000
0.0140,0,0.000000,0.000000
0.0170,0,0.000000,0.000000
0.0190,0,0.000000,0.000000
0.0210,0,0.000000,0.000000
0.0240,0,0.000000,0.000000
0.0260,0,0.000000,0.000000
0.0280,0,0.000000,0.000000
0.0300,0,0.000000,0.000000
0.0330,0,0.000000,0.000000
0.0350,0,0.000000,0.000000
0.0370,0,0.000000,0.000000
0.0390,0,0.000000,0.000000
0.0420,0,0.000000,0.000000
0.0440,0,0.000000,0.000000
0.0460,0,0.000000,0.000000
0.0500,0,0.000000,0.000000
0.0520,0,0.000000,0.000000
0.0540,0,0.000000,0.000000
0.0560,0,0.000000,0.000000
0.0590,0,0.000000,0.000000
0.0610,0,0.000000,0.000000
0.0630,0,0.000000,0.000000
0.0650,0,0.000000,0.000000
0.0680,0,0.000000,0.000000
0.0700,0,0.000000,0.000000
0.0720,0,0.000000,0.000000
0.0750,0,0.000000,0.000000
0.0770,0,0.000000,0.000000
0.0790,0,0.000000,0.000000
0.0810,0,0.000000,0.000000
0.0840,0,0.000000,0.000000
0.0860,0,0.000000,0.000000
0.0880,0,0.000000,0.000000
0.0900,0,0.000000,0.000000
0.0940,0,0.000000,0.000000
0.0960,0,0.000000,0.000000
0.0980,0,0.000000,0.000000
0.1010,0,0.000000,0.000000
0.1030,0,0.000000,0.000000
0.1050,0,0.000000,0.000000
0.1070,0,0.000000,0.000000
0.1100,0,0.000000,0.000000
0.1120,0,0.000000,0.000000
0.1140,0,0.000000,0.000000
0.1160,0,0.000000,0.000000
0.1190,0,0.000000,0.000000
0.1210,0,0.000000,0.000000
0.1230,0,0.000000,0.000000
0.1260,0,0.000000,0.000000
0.1280,0,0.000000,0.000000
0.1300,0,0.000000,0.000000
0.1320,0,0.000000,0.000000
0.1360,0,0.000000,0.000000
0.1380,0,0.000000,0.000000
0.1400,0,0.000000,0.000000
0.1430,0,0.000000,0.000000
0.1450,0,0.000000,0.000000
0.1470,0,0.000000,0.000000
0.1500,0,0.000000,0.000000
0.1520,0,0.000000,0.000000
0.1540,0,0.000000,0.000000
0.1570,0,0.000000,0.000000
0.1590,0,0.000000,0.000000
0.1610,0,0.000000,0.000000
0.1640,0,0.000000,0.000000
0.1660,0,0.000000,0.000000
0.1680,0,0.000000,0.000000
0.1710,0,0.000000,0.000000
0.1730,0,0.000000,0.000000
0.1750,0,0.000000,0.000000
0.1790,0,0.000000,0.000000
0.1810,0,0.000000,0.000000
0.1830,0,0.000000,0.000000
0.1860,0,0.000000,0.000000
0.1880,0,0.000000,0.000000
0.1900,0,0.000000,0.000000
0.1930,0,0.000000,0.000000
0.1950,0,0.000000,0.000000
0.1970,0,0.000000,0.000000
0.2000,0,0.000000,0.000000
0.2020,0,0.000000,0.000000
0.2040,0,0.000000,0.000000
0.2070,0,0.000000,0.000000
0.2090,0,0.000000,0.000000
0.2110,0,0.000000,0.000000
0.2140,0,0.000000,0.000000
0.2160,0,0.000000,0.000000
0.2180,0,0.000000,0.000000
0.2210,0,0.000000,0.000000
0.2240,0,0.000000,0.000000
0.2260,0,0.000000,0.000000
0.2280,0,0.000000,0.000000
0.2310,0,0.000000,0.000000
0.2330,0,0.000000,0.000000
0.2350,0,0.000000,0.000000
0.2380,0,0.000000,0.000000
0.2400,0,0.000000,0.000000
0.2420,0,0.000000,0.000000
0.2450,0,0.000000,0.000000
0.2470,0,0.000000,0.000000
0.2490,0,0.000000,0.000000
0.2520,0,0.000000,0.000000
0.2540,0,0.000000,0.000000
0.2560,0,0.000000,0.000000
0.2590,0,0.000000,0.000000
0.2610,0,0.000000,0.000000
0.2640,0,0.000000,0.000000
0.2670,0,0.000000,0.000000
0.2690,0,0.000000,0.000000
0.2710,0,0.000000,0.000000
0.2740,0,0.000000,0.000000
0.2760,0,0.000000,0.000000
0.2780,0,0.000000,0.000000
0.2810,0,0.000000,0.000000
0.2830,0,0.000000,0.000000
0.2850,0,0.000000,0.000000
0.2880,0,0.000000,0.000000
0.2900,0,0.000000,0.000000
0.2920,0,0.000000,0.000000
0.2950,0,0.000000,0.000000
0.2970,0,0.000000,0.000000
0.2990,0,0.000000,0.000000
0.3020,0,0.000000,0.000000
0.3050,0,0.000000,0.000000
0.3070,0,0.000000,0.000000
0.3090,0,0.000000,0.000000
0.3120,0,0.000000,0.000000
0.3140,0,0.000000,0.000000
0.3160,0,0.000000,0.000000
0.3190,0,0.000000,0.000000
0.3210,0,0.000000,0.000000
0.3230,0,0.000000,0.000000
0.3260,0,0.000000,0.000000
0.3280,0,0.000000,0.000000
0.3300,0,0.000000,0.000000
0.3330,0,0.000000,0.000000
0.3350,0,0.000000,0.000000
0.3370,0,0.000000,0.000000
0.3400,0,0.000000,0.000000
0.3420,0,0.000000,0.000000
0.3440,0,0.000000,0.000000
0.3480,0,0.000000,0.000000
0.3500,0,0.000000,0.000000
0.3520,0,0.000000,0.000000
0.3550,0,0.000000,0.000000
0.3570,0,0.000000,0.000000
0.3590,0,0.000000,0.000000
0.3620,0,0.000000,0.000000
0.3640,0,0.000000,0.000000
0.3660,0,0.000000,0.000000
0.3690,0,0.000000,0.000000
0.3710,0,0.000000,0.000000
0.3730,0,0.000000,0.000000
0.3760,0,0.000000,0.000000
0.3780,0,0.000000,0.000000
0.3800,0,0.000000,0.000000
0.3830,0,0.000000,0.000000
0.3850,0,0.000000,0.000000
0.3870,0,0.000000,0.000000
0.3910,0,0.000000,0.000000
0.3930,0,0.000000,0.000000
0.3950,0,0.000000,0.000000
0.3970,0,0.000000,0.000000
0.4000,0,0.000000,0.000000
0.4020,0,0.000000,0.000000
0.4040,0,0.000000,0.000000
0.4070,0,0.000000,0.000000
0.4090,0,0.000000,0.000000
0.4110,0,0.000000,0.000000
0.4140,0,0.000000,0.000000
0.4160,0,0.000000,0.000000
0.4180,0,0.000000,0.000000
0.4210,0,0.000000,0.000000
0.4230,0,0.000000,0.000000
0.4250,0,0.000000,0.000000
0.4280,0,0.000000,0.000000
0.4300,0,0.000000,0.000000
0.4330,0,0.000000,0.000000
0.4360,0,0.000000,0.000000
0.4380,0,0.000000,0.000000
0.4400,0,0.000000,0.000000
0.4430,0,0.000000,0.000000
0.4450,0,0.000000,0.000000
0.4470,0,0.000000,0.000000
0.4500,0,0.000000,0.000000
0.4520,0,0.000000,0.000000
0.4540,0,0.000000,0.000000
0.4570,0,0.000000,0.000000
0.4590,0,0.000000,0.000000
0.4610,0,0.000000,0.000000
0.4640,0,0.000000,0.000000
0.4660,0,0.000000,0.000000
0.4680,0,0.000000,0.000000
0.4710,0,0.000000,0.000000
0.4730,0,0.000000,0.000000
0.4760,0,0.000000,0.000000
0.4790,0,0.000000,0.000000
0.4810,0,0.000000,0.000000
0.4830,0,0.000000,0.000000
0.4850,0,0.000000,0.000000
0.4880,0,0.000000,0.000000
0.4900,0,0.000000,0.000000
0.4920,0,0.000000,0.000000
0.4950,0,0.000000,0.000000
0.4970,0,0.000000,0.000000
0.4990,0,0.000000,0.000000
0.5020,0,0.000000,0.000000
0.5040,0,0.000000,0.000000
0.5060,0,0.000000,0.000000
0.5090,0,0.000000,0.000000
0.5110,0,0.000000,0.000000
0.5130,0,0.000000,0.000000
0.5160,0,0.000000,0.000000
0.5190,0,0.000000,0.000000
0.5210,0,0.000000,0.000000
0.5240,0,0.000000,0.000000
0.5260,0,0.000000,0.000000
0.5280,0,0.000000,0.000000
0.5310,0,0.000000,0.000000
0.5330,0,0.000000,0.000000
0.5350,0,0.000000,0.000000
0.5380,0,0.000000,0.000000
0.5400,0,0.000000,0.000000
0.5420,0,0.000000,0.000000
0.5450,0,0.000000,0.000000
0.5470,0,0.000000,0.000000
0.5490,0,0.000000,0.000000
0.5520,0,0.000000,0.000000
0.5540,0,0.000000,0.000000
0.5560,0,0.000000,0.000000
0.5590,0,0.000000,0.000000
0.5620,0,0.000000,0.000000
0.5640,0,0.000000,0.000000
0.5660,0,0.000000,0.000000
0.5690,0,0.000000,0.000000
0.5710,0,0.000000,0.000000
0.5730,0,0.000000,0.000000
0.5760,0,0.000000,0.000000
0.5780,0,0.000000,0.000000
0.5800,0,0.000000,0.000000
0.5830,0,0.000000,0.000000
0.5850,0,0.000000,0.000000
0.5870,0,0.000000,0.000000
0.5900,0,0.000000,0.000000
0.5920,0,0.000000,0.000000
0.5940,0,0.000000,0.000000
0.5970,0,0.000000,0.000000
0.5990,0,0.000000,0.000000
0.6010,0,0.000000,0.000000
0.6050,0,0.000000,0.000000
0.6070,0,0.000000,0.000000
0.6090,0,0.000000,0.000000
0.6120,0,0.000000,0.000000
0.6140,0,0.000000,0.000000
0.6160,0,0.000000,0.000000
0.6210,0,0.000000,0.000000
0.6310,0,0.000000,0.000000
0.6410,0,0.000000,0.000000
0.6510,0,0.000000,0.000000
0.6610,0,0.000000,0.000000
0.6710,0,0.000000,0.000000
0.6810,0,0.000000,0.000000
0.6910,0,0.000000,0.000000
0.7010,0,0.000000,0.000000
0.7110,0,0.000000,0.000000
0.7210,0,0.000000,0.000000
0.7320,0,0.000000,0.000000
0.7410,0,0.000000,0.000000
0.7510,0,0.000000,0.000000
0.7610,0,0.000000,0.000000
0.7710,0,0.000000,0.000000
0.7810,0,0.000000,0.000000
0.7910,0,0.000000,0.000000
0.8010,0,0.000000,0.000000
0.8110,0,0.000000,0.000000
0.8210,0,0.000000,0.000000
0.8310,0,0.000000,0.000000
0.8410,0,0.000000,0.000000
0.8510,0,0.000000,0.000000
0.8610,0,0.000000,0.000000
0.8710,0,0.000000,0.000000
0.8810,0,0.000000,0.000000
0.8910,0,0.000000,0.000000
0.9010,0,0.000000,0.000000
0.9110,0,0.000000,0.000000
0.9210,0,0.000000,0.000000
0.9310,0,0.000000,0.000000
0.9410,0,0.000000,0.000000
0.9510,0,0.000000,0.000000
0.9610,0,0.000000,0.000000
0.9710,0,0.000000,0.000000
0.9810,0,0.000000,0.000000
0.9910,0,0.000000,0.000000
1.0010,0,0.000000,0.000000
1.0110,0,0.000000,0.000000
1.0210,0,0.000000,0.000000
1.0310,0,0.000000,0.000000
1.0410,0,0.000000,0.000000
1.0510,0,0.000000,0.000000
1.0610,0,0.000000,0.000000
1.0710,0,0.000000,0.000000
1.0810,0,0.000000,0.000000
1.0910,0,0.000000,0.000000
1.1010,0,0.000000,0.000000
1.1110,0,0.000000,0.000000
1.1210,0,0.000000,0.000000
1.1310,0,0.000000,0.000000
1.1410,0,0.000000,0.000000
1.1510,0,0.000000,0.000000
1.1610,0,0.000000,0.000000
1.1710,0,0.000000,0.000000
1.1810,0,0.000000,0.000000
1.1910,0,0.000000,0.000000
1.2010,0,0.000000,0.000000
1.2110,0,0.000000,0.000000
1.2210,0,0.000000,0.000000
1.2310,0,0.000000,0.000000
1.2410,0,0.000000,0.000000
1.2510,0,0.000000,0.000000
1.2610,0,0.000000,0.000000
1.2710,0,0.000000,0.000000
1.2810,0,0.000000,0.000000
1.2910,0,0.000000,0.000000
1.3010,0,0.000000,0.000000
1.3110,0,0.000000,0.000000
1.3210,0,0.000000,0.000000
1.3310,0,0.000000,0.000000
1.3410,0,0.000000,0.000000
1.3510,0,0.000000,0.000000
1.3610,0,0.000000,0.000000
1.3720,0,0.000000,0.000000
1.3810,0,0.000000,0.000000
1.3910,0,0.000000,0.000000
1.4010,0,0.000000,0.000000
1.4110,0,0.000000,0.000000
1.4210,0,0.000000,0.000000
1.4310,0,0.000000,0.000000
1.4410,0,0.000000,0.000000
1.4510,0,0.000000,0.000000
1.4610,0,0.000000,0.000000
1.4710,0,0.000000,0.000000
1.4810,0,0.000000,0.000000
1.4910,0,0.000000,0.000000
1.5010,0,0.000000,0.000000
1.5110,0,0.000000,0.000000
1.5210,0,0.000000,0.000000
1.5310,0,0.000000,0.000000
1.5410,0,0.000000,0.000000
1.5510,0,0.000000,0.000000
1.5610,0,0.000000,0.000000
1.5710,0,0.000000,0.000000
1.5810,0,0.000000,0.000000
1.5910,0,0.000000,0.000000
1.6010,0,0.000000,0.000000
1.6110,0,0.000000,0.000000
1.6210,0,0.000000,0.000000
1.6310,0,0.000000,0.000000
1.6410,0,0.000000,0.000000
1.6510,0,0.000000,0.000000
1.6610,0,0.000000,0.000000
1.6710,0,0.000000,0.000000
1.6810,0,0.000000,0.000000
1.6910,0,0.000000,0.000000
1.7010,0,0.000000,0.000000
1.7110,0,0.000000,0.000000
1.7210,0,0.000000,0.000000
1.7310,0,0.000000,0.000000
1.7410,0,0.000000,0.000000
1.7510,0,0.000000,0.000000
1.7610,0,0.000000,0.000000
1.7710,0,0.000000,0.000000
1.7810,0,0.000000,0.000000
1.7910,0,0.000000,0.000000
1.8010,0,0.000000,0.000000
1.8110,0,0.000000,0.000000
1.8210,0,0.000000,0.000000
1.8310,0,0.000000,0.000000
1.8410,0,0.000000,0.000000
1.8510,0,0.000000,0.000000
1.8610,0,0.000000,0.000000
1.8710,0,0.000000,0.000000
1.8810,0,0.000000,0.000000
1.8910,0,0.000000,0.000000
1.9010,0,0.000000,0.000000
1.9110,0,0.000000,0.000000
1.9210,0,0.000000,0.000000
1.9310,0,0.000000,0.000000
1.9410,0,0.000000,0.000000
1.9510,0,0.000000,0.000000
1.9610,0,0.000000,0.000000
1.9710,0,0.000000,0.000000
1.9810,0,0.000000,0.000000
1.9910,0,0.000000,0.000000
2.0010,0,0.000000,0.000000
2.0120,0,0.000000,0.000000
2.0210,0,0.000000,0.000000
2.0310,0,0.000000,0.000000
2.0410,0,0.000000,0.000000
2.0510,0,0.000000,0.000000
2.0610,0,0.000000,0.000000
2.0710,0,0.000000,0.000000
2.0810,0,0.000000,0.000000
2.0910,0,0.000000,0.000000
2.1010,0,0.000000,0.000000
2.1110,0,0.000000,0.000000
2.1210,0,0.000000,0.000000
2.1310,0,0.000000,0.000000
2.1410,0,0.000000,0.000000
2.1510,0,0.000000,0.000000
2.1610,0,0.000000,0.000000
2.1710,0,0.000000,0.000000
2.1810,0,0.000000,0.000000
2.1910,0,0.000000,0.000000
2.2010,0,0.000000,0.000000
2.2110,0,0.000000,0.000000
2.2210,0,0.000000,0.000000
2.2310,0,0.000000,0.000000
2.2410,0,0.000000,0.000000
2.2510,0,0.000000,0.000000
2.2610,0,0.000000,0.000000
2.2710,0,0.000000,0.000000
2.2810,0,0.000000,0.000000
2.2910,0,0.000000,0.000000
2.3010,0,0.000000,0.000000
2.3110,0,0.000000,0.000000
2.3210,0,0.000000,0.000000
2.3310,0,0.000000,0.000000
2.3410,0,0.000000,0.000000
2.3510,0,0.000000,0.000000
2.3610,0,0.000000,0.000000
2.3710,0,0.000000,0.000000
2.3810,0,0.000000,0.000000
2.3910,0,0.000000,0.000000
2.4010,0,0.000000,0.000000
2.4110,0,0.000000,0.000000
2.4210,0,0.000000,0.000000
2.4310,0,0.000000,0.000000
2.4410,0,0.000000,0.000000
2.4510,0,0.000000,0.000000
2.4610,0,0.000000,0.000000
2.4710,0,0.000000,0.000000
2.4810,0,0.000000,0.000000
2.4910,0,0.000000,0.000000
2.5010,0,0.000000,0.000000
2.5110,0,0.000000,0.000000
2.5210,0,0.000000,0.000000
2.5310,0,0.000000,0.000000
2.5410,0,0.000000,0.000000
2.5510,0,0.000000,0.000000
2.5610,0,0.000000,0.000000
2.5710,0,0.000000,0.000000
2.5810,0,0.000000,0.000000
2.5910,0,0.000000,0.000000
2.6010,0,0.000000,0.000000
2.6110,0,0.000000,0.000000
2.6210,0,0.000000,0.000000
2.6310,0,0.000000,0.000000
2.6410,0,0.000000,0.000000
2.6520,0,0.000000,0.000000
2.6610,0,0.000000,0.000000
2.6710,0,0.000000,0.000000
2.6810,0,0.000000,0.000000
2.6910,0,0.000000,0.000000
2.7010,0,0.000000,0.000000
2.7110,0,0.000000,0.000000
2.7210,0,0.000000,0.000000
2.7310,0,0.000000,0.000000
2.7410,0,0.000000,0.000000
2.7510,0,0.000000,0.000000
2.7610,0,0.000000,0.000000
2.7710,0,0.000000,0.000000
2.7810,0,0.000000,0.000000
2.7910,0,0.000000,0.000000
2.8010,0,0.000000,0.000000
2.8110,0,0.000000,0.000000
2.8210,0,0.000000,0.000000
2.8310,0,0.000000,0.000000
2.8410,0,0.000000,0.000000
2.8510,0,0.000000,0.000000
2.8610,0,0.000000,0.000000
2.8710,0,0.000000,0.000000
2.8810,0,0.000000,0.000000
2.8910,0,0.000000,0.000000
2.9010,0,0.000000,0.000000
2.9110,0,0.000000,0.000000
2.9210,0,0.000000,0.000000
2.9310,0,0.000000,0.000000
2.9410,0,0.000000,0.000000
2.9510,0,0.000000,0.000000
2.9610,0,0.000000,0.000000
2.9710,0,0.000000,0.000000
2.9810,0,0.000000,0.000000
2.9910,0,0.000000,0.000000
3.0010,0,0.000000,0.000000
3.0110,0,0.000000,0.000000
3.0210,0,0.000000,0.000000
3.0310,0,0.000000,0.000000
3.0410,0,0.000000,0.000000
3.0510,0,0.000000,0.000000
3.0610,0,0.000000,0.000000
3.0710,0,0.000000,0.000000
3.0810,0,0.000000,0.000000
3.0910,0,0.000000,0.000000
3.1010,0,0.000000,0.000000
3.1110,0,0.000000,0.000000
3.1210,0,0.000000,0.000000
3.1310,0,0.000000,0.000000
3.1410,0,0.000000,0.000000
3.1510,0,0.000000,0.000000
3.1610,0,0.000000,0.000000
3.1710,0,0.000000,0.000000
3.1810,0,0.000000,0.000000
3.1910,0,0.000000,0.000000
3.2010,0,0.000000,0.000000
3.2110,0,0.000000,0.000000
3.2210,0,0.000000,0.000000
3.2310,0,0.000000,0.000000
3.2410,0,0.000000,0.000000
3.2510,0,0.000000,0.000000
3.2610,0,0.000000,0.000000
3.2710,0,0.000000,0.000000
3.2810,0,0.000000,0.000000
3.2920,0,0.000000,0.000000
3.3010,0,0.000000,0.000000
3.3110,0,0.000000,0.000000
3.3210,0,0.000000,0.000000
3.3310,0,0.000000,0.000000
3.3410,0,0.000000,0.000000
3.3510,0,0.000000,0.000000
3.3610,0,0.000000,0.000000
3.3710,0,0.000000,0.000000
3.3810,0,0.000000,0.000000
3.3910,0,0.000000,0.000000
3.4010,0,0.000000,0.000000
3.4110,0,0.000000,0.000000
3.4210,0,0.000000,0.000000
3.4310,0,0.000000,0.000000
3.4410,0,0.000000,0.000000
3.4510,0,0.000000,0.000000
3.4610,0,0.000000,0.000000
3.4710,0,0.000000,0.000000
3.4810,0,0.000000,0.000000
3.4910,0,0.000000,0.000000
3.5010,0,0.000000,0.000000
3.5110,0,0.000000,0.000000
3.5210,0,0.000000,0.000000
3.5310,0,0.000000,0.000000
3.5410,0,0.000000,0.000000
3.5510,0,0.000000,0.000000
3.5610,0,0.000000,0.000000
3.5710,0,0.000000,0.000000
3.5810,0,0.000000,0.000000
3.5910,0,0.000000,0.000000
3.6010,0,0.000000,0.000000
3.6110,0,0.000000,0.000000
3.6210,0,0.000000,0.000000
3.6310,0,0.000000,0.000000
3.6410,0,0.000000,0.000000
3.6510,0,0.000000,0.000000
3.6610,0,0.000000,0.000000
3.6710,0,0.000000,0.000000
3.6810,0,0.000000,0.000000
3.6910,0,0.000000,0.000000
3.7010,0,0.000000,0.000000
3.7110,0,0.000000,0.000000
3.7210,0,0.000000,0.000000
3.7310,0,0.000000,0.000000
3.7410,0,0.000000,0.000000
3.7510,0,0.000000,0.000000
3.7610,0,0.000000,0.000000
3.7710,0,0.000000,0.000000
3.7810,0,0.000000,0.000000
3.7910,0,0.000000,0.000000
3.8010,0,0.000000,0.000000
3.8110,0,0.000000,0.000000
3.8210,0,0.000000,0.000000
3.8310,0,0.000000,0.000000
3.8410,0,0.000000,0.000000
3.8510,0,0.000000,0.000000
3.8610,0,0.000000,0.000000
3.8710,0,0.000000,0.000000
3.8810,0,0.000000,0.000000
3.8910,0,0.000000,0.000000
3.9010,0,0.000000,0.000000
3.9110,0,0.000000,0.000000
3.9210,0,0.000000,0.000000
3.9320,0,0.000000,0.000000
3.9410,0,0.000000,0.000000
3.9510,0,0.000000,0.000000
3.9610,0,0.000000,0.000000
3.9710,0,0.000000,0.000000
3.9810,0,0.000000,0.000000
3.9910,0,0.000000,0.000000
4.0010,0,0.000000,0.000000
4.0110,0,0.000000,0.000000
4.0210,0,0.000000,0.000000
4.0310,0,0.000000,0.000000
4.0410,0,0.000000,0.000000
4.0510,0,0.000000,0.000000
4.0610,0,0.000000,0.000000
4.0710,0,0.000000,0.000000
4.0810,0,0.000000,0.000000
4.0910,0,0.000000,0.000000
4.1010,0,0.000000,0.000000
4.1110,0,0.000000,0.000000
4.1210,0,0.000000,0.000000
4.1310,0,0.000000,0.000000
4.1410,0,0.000000,0.000000
4.1510,0,0.000000,0.000000
4.1610,0,0.000000,0.000000
4.1710,0,0.000000,0.000000
4.1810,0,0.000000,0.000000
4.1910,0,0.000000,0.000000
4.2010,0,0.000000,0.000000
4.2110,0,0.000000,0.000000
4.2210,0,0.000000,0.000000
4.2310,0,0.000000,0.000000
4.2410,0,0.000000,0.000000
4.2510,0,0.000000,0.000000
4.2610,0,0.000000,0.000000
4.2710,0,0.000000,0.000000
4.2810,0,0.000000,0.000000
4.2910,0,0.000000,0.000000
4.3010,0,0.000000,0.000000
4.3110,0,0.000000,0.000000
4.3210,0,0.000000,0.000000
4.3310,0,0.000000,0.000000
4.3410,0,0.000000,0.000000
4.3510,0,0.000000,0.000000
4.3610,0,0.000000,0.000000
4.3710,0,0.000000,0.000000
4.3810,0,0.000000,0.000000
4.3910,0,0.000000,0.000000
4.4010,0,0.000000,0.000000
4.4110,0,0.000000,0.000000
4.4210,0,0.000000,0.000000
4.4310,0,0.000000,0.000000
4.4410,0,0.000000,0.000000
4.4510,0,0.000000,0.000000
4.4610,0,0.000000,0.000000
4.4710,0,0.000000,0.000000
4.4810,0,0.000000,0.000000
4.4910,0,0.000000,0.000000
4.5010,0,0.000000,0.000000
4.5110,0,0.000000,0.000000
4.5210,0,0.000000,0.000000
4.5310,0,0.000000,0.000000
4.5410,0,0.000000,0.000000
4.5510,0,0.000000,0.000000
4.5610,0,0.000000,0.000000
4.5720,0,0.000000,0.000000
4.5810,0,0.000000,0.000000
4.5910,0,0.000000,0.000000
4.6010,0,0.000000,0.000000
4.6110,0,0.000000,0.000000
4.6210,0,0.000000,0.000000
4.6310,0,0.000000,0.000000
4.6410,0,0.000000,0.000000
4.6510,0,0.000000,0.000000
4.6610,0,0.000000,0.000000
4.6710,0,0.000000,0.000000
4.6810,0,0.000000,0.000000
4.6910,0,0.000000,0.000000
4.7010,0,0.000000,0.000000
4.7110,0,0.000000,0.000000
4.7210,0,0.000000,0.000000
4.7310,0,0.000000,0.000000
4.7410,0,0.000000,0.000000
4.7510,0,0.000000,0.000000
4.7610,0,0.000000,0.000000
4.7710,0,0.000000,0.000000
4.7810,0,0.000000,0.000000
4.7910,0,0.000000,0.000000
4.8010,0,0.000000,0.000000
4.8110,0,0.000000,0.000000
4.8210,0,0.000000,0.000000
4.8310,0,0.000000,0.000000
4.8410,0,0.000000,0.000000
4.8510,0,0.000000,0.000000
4.8610,0,0.000000,0.000000
4.8710,0,0.000000,0.000000
4.8810,0,0.000000,0.000000
4.8910,0,0.000000,0.000000
4.9010,0,0.000000,0.000000
4.9110,0,0.000000,0.000000
4.9210,0,0.000000,0.000000
4.9310,0,0.000000,0.000000
4.9410,0,0.000000,0.000000
4.9510,0,0.000000,0.000000
4.9610,0,0.000000,0.000000
4.9710,0,0.000000,0.000000
4.9810,0,0.000000,0.000000
4.9910,0,0.000000,0.000000
5.0010,0,0.000000,0.000000
5.0110,0,0.000000,0.000000
5.0210,0,0.000000,0.000000
5.0310,0,0.000000,0.000000
5.0410,0,0.000000,0.000000
5.0510,0,0.000000,0.000000
5.0610,0,0.000000,0.000000
5.0710,0,0.000000,0.000000
5.0810,0,0.000000,0.000000
5.0910,0,0.000000,0.000000
5.1010,0,0.000000,0.000000
5.1110,0,0.000000,0.000000
5.1210,0,0.000000,0.000000
5.1310,0,0.000000,0.000000
5.1410,0,0.000000,0.000000
5.1510,0,0.000000,0.000000
5.1610,0,0.000000,0.000000
5.1710,0,0.000000,0.000000
5.1810,0,0.000000,0.000000
5.1910,0,0.000000,0.000000
5.2010,0,0.000000,0.000000
5.2120,0,0.000000,0.000000
5.2210,0,0.000000,0.000000
5.2310,0,0.000000,0.000000
5.2410,0,0.000000,0.000000
5.2510,0,0.000000,0.000000
5.2610,0,0.000000,0.000000
5.2710,0,0.000000,0.000000
5.2810,0,0.000000,0.000000
5.2910,0,0.000000,0.000000
5.3010,0,0.000000,0.000000
5.3110,0,0.000000,0.000000
5.3210,0,0.000000,0.000000
5.3310,0,0.000000,0.000000
5.3410,0,0.000000,0.000000
5.3510,0,0.000000,0.000000
5.3610,0,0.000000,0.000000
5.3710,0,0.000000,0.000000
5.3810,0,0.000000,0.000000
5.3910,0,0.000000,0.000000
5.4010,0,0.000000,0.000000
5.4110,0,0.000000,0.000000
5.4210,0,0.000000,0.000000
5.4310,0,0.000000,0.000000
5.4410,0,0.000000,0.000000
5.4510,0,0.000000,0.000000
5.4610,0,0.000000,0.000000
5.4710,0,0.000000,0.000000
5.4810,0,0.000000,0.000000
5.4910,0,0.000000,0.000000
5.5010,0,0.000000,0.000000
5.5110,0,0.000000,0.000000
5.5210,0,0.000000,0.000000
5.5310,0,0.000000,0.000000
5.5410,0,0.000000,0.000000
5.5510,0,0.000000,0.000000
5.5610,0,0.000000,0.000000
5.5710,0,0.000000,0.000000
5.5810,0,0.000000,0.000000
5.5910,0,0.000000,0.000000
5.6010,0,0.000000,0.000000
5.6110,0,0.000000,0.000000
5.6210,0,0.000000,0.000000
5.6310,0,0.000000,0.000000
5.6410,0,0.000000,0.000000
5.6510,0,0.000000,0.000000
5.6610,0,0.000000,0.000000
5.6710,0,0.000000,0.000000
5.6810,0,0.000000,0.000000
5.6910,0,0.000000,0.000000
5.7010,0,0.000000,0.000000
5.7110,0,0.000000,0.000000
5.7210,0,0.000000,0.000000
5.7310,0,0.000000,0.000000
5.7410,0,0.000000,0.000000
5.7510,0,0.000000,0.000000
5.7610,0,0.000000,0.000000
5.7710,0,0.000000,0.000000
5.7810,0,0.000000,0.000000
5.7910,0,0.000000,0.000000
5.8010,0,0.000000,0.000000
5.8110,0,0.000000,0.000000
5.8210,0,0.000000,0.000000
5.8310,0,0.000000,0.000000
5.8410,0,0.000000,0.000000
5.8520,0,0.000000,0.000000
5.8610,0,0.000000,0.000000
5.8710,0,0.000000,0.000000
5.8810,0,0.000000,0.000000
5.8910,0,0.000000,0.000000
5.9010,0,0.000000,0.000000
5.9110,0,0.000000,0.000000
5.9210,0,0.000000,0.000000
5.9310,0,0.000000,0.000000
5.9410,0,0.000000,0.000000
5.9510,0,0.000000,0.000000
5.9610,0,0.000000,0.000000
5.9710,0,0.000000,0.000000
5.9810,0,0.000000,0.000000
5.9910,0,0.000000,0.000000
6.0010,0,0.000000,0.000000
6.0110,0,0.000000,0.000000
6.0210,0,0.000000,0.000000
6.0310,0,0.000000,0.000000
6.0410,0,0.000000,0.000000
6.0510,0,0.000000,0.000000
6.0610,0,0.000000,0.000000
6.0710,0,0.000000,0.000000
6.0810,0,0.000000,0.000000
6.0910,0,0.000000,0.000000
6.1010,0,0.000000,0.000000
6.1110,0,0.000000,0.000000
6.1210,0,0.000000,0.000000
6.1310,0,0.000000,0.000000
6.1410,0,0.000000,0.000000
6.1510,0,0.000000,0.000000
6.1610,0,0.000000,0.000000
6.1710,0,0.000000,0.000000
6.1810,0,0.000000,0.000000
6.1910,0,0.000000,0.000000
6.2010,0,0.000000,0.000000
6.2110,0,0.000000,0.000000
6.2210,0,0.000000,0.000000
6.2310,0,0.000000,0.000000
6.2410,0,0.000000,0.000000
6.2510,0,0.000000,0.000000
6.2610,0,0.000000,0.000000
6.2710,0,0.000000,0.000000
6.2810,0,0.000000,0.000000
6.2910,0,0.000000,0.000000
6.3010,0,0.000000,0.000000
6.3110,0,0.000000,0.000000
6.3210,0,0.000000,0.000000
6.3310,0,0.000000,0.000000
6.3410,0,0.000000,0.000000
6.3510,0,0.000000,0.000000
6.3610,0,0.000000,0.000000
6.3710,0,0.000000,0.000000
6.3810,0,0.000000,0.000000
6.3910,0,0.000000,0.000000
6.4010,0,0.000000,0.000000
6.4110,0,0.000000,0.000000
6.4210,0,0.000000,0.000000
6.4310,0,0.000000,0.000000
6.4410,0,0.000000,0.000000
6.4510,0,0.000000,0.000000
6.4610,0,0.000000,0.000000
6.4710,0,0.000000,0.000000
6.4810,0,0.000000,0.000000
6.4920,0,0.000000,0.000000
6.5010,0,0.000000,0.000000
6.5110,0,0.000000,0.000000
6.5210,0,0.000000,0.000000
6.5310,0,0.000000,0.000000
6.5410,0,0.000000,0.000000
6.5510,0,0.000000,0.000000
6.5610,0,0.000000,0.000000
6.5710,0,0.000000,0.000000
6.5810,0,0.000000,0.000000
6.5910,0,0.000000,0.000000
6.6010,0,0.000000,0.000000
6.6110,0,0.000000,0.000000
6.6210,0,0.000000,0.000000
6.6310,0,0.000000,0.000000
6.6410,0,0.000000,0.000000
6.6510,0,0.000000,0.000000
6.6610,0,0.000000,0.000000
6.6710,0,0.000000,0.000000
6.6810,0,0.000000,0.000000
6.6910,0,0.000000,0.000000
6.7010,0,0.000000,0.000000
6.7110,0,0.000000,0.000000
6.7210,0,0.000000,0.000000
6.7310,0,0.000000,0.000000
6.7410,0,0.000000,0.000000
6.7510,0,0.000000,0.000000
6.7610,0,0.000000,0.000000
6.7710,0,0.000000,0.000000
6.7810,0,0.000000,0.000000
6.7910,0,0.000000,0.000000
6.8010,0,0.000000,0.000000
6.8110,0,0.000000,0.000000
6.8210,0,0.000000,0.000000
6.8310,0,0.000000,0.000000
6.8410,0,0.000000,0.000000
6.8510,0,0.000000,0.000000
6.8610,0,0.000000,0.000000
6.8710,0,0.000000,0.000000
6.8810,0,0.000000,0.000000
6.8910,0,0.000000,0.000000
6.9010,0,0.000000,0.000000
6.9110,0,0.000000,0.000000
6.9210,0,0.000000,0.000000
6.9310,0,0.000000,0.000000
6.9410,0,0.000000,0.000000
6.9510,0,0.000000,0.000000
6.9610,0,0.000000,0.000000
6.9710,0,0.000000,0.000000
6.9810,0,0.000000,0.000000
6.9910,0,0.000000,0.000000
7.0010,0,0.000000,0.000000
7.0110,0,0.000000,0.000000
7.0210,0,0.000000,0.000000
7.0310,0,0.000000,0.000000
7.0410,0,0.000000,0.000000
7.0510,0,0.000000,0.000000
7.0610,0,0.000000,0.000000
7.0710,0,0.000000,0.000000
7.0810,0,0.000000,0.000000
7.0910,0,0.000000,0.000000
7.1010,0,0.000000,0.000000
7.1110,0,0.000000,0.000000
7.1210,0,0.000000,0.000000
7.1320,0,0.000000,0.000000
7.1410,0,0.000000,0.000000
7.1510,0,0.000000,0.000000
7.1610,0,0.000000,0.000000
7.1710,0,0.000000,0.000000
7.1810,0,0.000000,0.000000
7.1910,0,0.000000,0.000000
7.2010,0,0.000000,0.000000
7.2110,0,0.000000,0.000000
7.2210,0,0.000000,0.000000
7.2310,0,0.000000,0.000000
7.2410,0,0.000000,0.000000
7.2510,0,0.000000,0.000000
7.2610,0,0.000000,0.000000
7.2710,0,0.000000,0.000000
7.2810,0,0.000000,0.000000
7.2910,0,0.000000,0.000000
7.3010,0,0.000000,0.000000
7.3110,0,0.000000,0.000000
7.3210,0,0.000000,0.000000
7.3310,0,0.000000,0.000000
7.3410,0,0.000000,0.000000
7.3510,0,0.000000,0.000000
7.3610,0,0.000000,0.000000
7.3710,0,0.000000,0.000000
7.3810,0,0.000000,0.000000
7.3910,0,0.000000,0.000000
7.4010,0,0.000000,0.000000
7.4110,0,0.000000,0.000000
7.4210,0,0.000000,0.000000
7.4310,0,0.000000,0.000000
7.4410,0,0.000000,0.000000
7.4510,0,0.000000,0.000000
7.4610,0,0.000000,0.000000
7.4710,0,0.000000,0.000000
7.4810,0,0.000000,0.000000
7.4910,0,0.000000,0.000000
7.5010,0,0.000000,0.000000
7.5110,0,0.000000,0.000000
7.5210,0,0.000000,0.000000
7.5310,0,0.000000,0.000000
7.5410,0,0.000000,0.000000
7.5510,0,0.000000,0.000000
7.5610,0,0.000000,0.000000
7.5710,0,0.000000,0.000000
7.5810,0,0.000000,0.000000
7.5910,0,0.000000,0.000000
7.6010,0,0.000000,0.000000
7.6110,0,0.000000,0.000000
7.6210,0,0.000000,0.000000
7.6310,0,0.000000,0.000000
7.6410,0,0.000000,0.000000
7.6510,0,0.000000,0.000000
7.6610,0,0.000000,0.000000
7.6710,0,0.000000,0.000000
7.6810,0,0.000000,0.000000
7.6910,0,0.000000,0.000000
7.7010,0,0.000000,0.000000
7.7110,0,0.000000,0.000000
7.7210,0,0.000000,0.000000
7.7310,0,0.000000,0.000000
7.7410,0,0.000000,0.000000
7.7510,0,0.000000,0.000000
7.7610,0,0.000000,0.000000
7.7720,0,0.000000,0.000000
7.7810,0,0.000000,0.000000
7.7910,0,0.000000,0.000000
7.8010,0,0.000000,0.000000
7.8110,0,0.000000,0.000000
7.8210,0,0.000000,0.000000
7.8310,0,0.000000,0.000000
7.8410,0,0.000000,0.000000
7.8510,0,0.000000,0.000000
7.8610,0,0.000000,0.000000
7.8710,0,0.000000,0.000000
7.8810,0,0.000000,0.000000
7.8910,0,0.000000,0.000000
7.9010,0,0.000000,0.000000
7.9110,0,0.000000,0.000000
7.9210,0,0.000000,0.000000
7.9310,0,0.000000,0.000000
7.9410,0,0.000000,0.000000
7.9510,0,0.000000,0.000000
7.9610,0,0.000000,0.000000
7.9710,0,0.000000,0.000000
7.9810,0,0.000000,0.000000
7.9910,0,0.000000,0.000000
8.0010,0,0.000000,0.000000
8.0110,0,0.000000,0.000000
8.0210,0,0.000000,0.000000
8.0310,0,0.000000,0.000000
8.0410,0,0.000000,0.000000
8.0510,0,0.000000,0.000000
8.0610,0,0.000000,0.000000
8.0710,0,0.000000,0.000000
8.0810,0,0.000000,0.000000
8.0910,0,0.000000,0.000000
8.1010,0,0.000000,0.000000
8.1110,0,0.000000,0.000000
8.1210,0,0.000000,0.000000
8.1310,0,0.000000,0.000000
8.1410,0,0.000000,0.000000
8.1510,0,0.000000,0.000000
8.1610,0,0.000000,0.000000
8.1710,0,0.000000,0.000000
8.1810,0,0.000000,0.000000
8.1910,0,0.000000,0.000000
8.2010,0,0.000000,0.000000
8.2110,0,0.000000,0.000000
8.2210,0,0.000000,0.000000
8.2310,0,0.000000,0.000000
8.2410,0,0.000000,0.000000
8.2510,0,0.000000,0.000000
8.2610,0,0.000000,0.000000
8.2710,0,0.000000,0.000000
8.2810,0,0.000000,0.000000
8.2910,0,0.000000,0.000000
8.3010,0,0.000000,0.000000
8.3110,0,0.000000,0.000000
8.3210,0,0.000000,0.000000
8.3310,0,0.000000,0.000000
8.3410,0,0.000000,0.000000
8.3510,0,0.000000,0.000000
8.3610,0,0.000000,0.000000
8.3710,0,0.000000,0.000000
8.3810,0,0.000000,0.000000
8.3910,0,0.000000,0.000000
8.4010,0,0.000000,0.000000
8.4120,0,0.000000,0.000000
8.4210,0,0.000000,0.000000
8.4310,0,0.000000,0.000000
8.4410,0,0.000000,0.000000
8.4510,0,0.000000,0.000000
8.4610,0,0.000000,0.000000
8.4710,0,0.000000,0.000000
8.4810,0,0.000000,0.000000
8.4910,0,0.000000,0.000000
8.5010,0,0.000000,0.000000
8.5110,0,0.000000,0.000000
8.5210,0,0.000000,0.000000
8.5310,0,0.000000,0.000000
8.5410,0,0.000000,0.000000
8.5510,0,0.000000,0.000000
8.5610,0,0.000000,0.000000
8.5710,0,0.000000,0.000000
8.5810,0,0.000000,0.000000
8.5910,0,0.000000,0.000000
8.6010,-1,-0.002618,-0.000033
8.6110,-1,-0.002618,-0.000033
8.6210,-1,-0.002618,-0.000033
8.6310,-1,-0.002618,-0.000033
8.6410,-1,-0.002618,-0.000033
8.6510,-1,-0.002618,-0.000033
8.6610,-1,-0.002618,-0.000033
8.6710,-1,-0.002618,-0.000033
8.6810,-1,-0.002618,-0.000033
8.6910,-1,-0.002618,-0.000033
8.7010,-1,-0.002618,-0.000033
8.7110,-1,-0.002618,-0.000033
8.7210,-1,-0.002618,-0.000033
8.7310,-1,-0.002618,-0.000033
8.7410,-1,-0.002618,-0.000033
8.7510,-1,-0.002618,-0.000033
8.7610,-1,-0.002618,-0.000033
8.7710,-1,-0.002618,-0.000033
8.7810,-1,-0.002618,-0.000033
8.7910,-1,-0.002618,-0.000033
8.8010,-1,-0.002618,-0.000033
8.8110,-1,-0.002618,-0.000033
8.8210,-1,-0.002618,-0.000033
8.8310,-1,-0.002618,-0.000033
8.8410,-1,-0.002618,-0.000033
8.8510,-1,-0.002618,-0.000033
8.8610,-1,-0.002618,-0.000033
8.8710,-1,-0.002618,-0.000033
8.8810,-1,-0.002618,-0.000033
8.8910,-1,-0.002618,-0.000033
8.9010,-1,-0.002618,-0.000033
8.9110,-1,-0.002618,-0.000033
8.9210,-1,-0.002618,-0.000033
8.9310,-1,-0.002618,-0.000033
8.9410,-1,-0.002618,-0.000033
8.9510,-1,-0.002618,-0.000033
8.9610,-1,-0.002618,-0.000033
8.9710,-1,-0.002618,-0.000033
8.9810,-1,-0.002618,-0.000033
8.9910,-1,-0.002618,-0.000033
9.0010,-1,-0.002618,-0.000033
9.0110,-1,-0.002618,-0.000033
9.0210,-1,-0.002618,-0.000033
9.0310,-1,-0.002618,-0.000033
9.0410,-1,-0.002618,-0.000033
9.0520,-1,-0.002618,-0.000033
9.0610,-1,-0.002618,-0.000033
9.0710,-1,-0.002618,-0.000033
9.0810,-1,-0.002618,-0.000033
9.0910,-1,-0.002618,-0.000033
9.1010,-1,-0.002618,-0.000033
9.1110,-1,-0.002618,-0.000033
9.1210,-1,-0.002618,-0.000033
9.1310,-1,-0.002618,-0.000033
9.1410,-1,-0.002618,-0.000033
9.1510,-1,-0.002618,-0.000033
9.1610,-1,-0.002618,-0.000033
9.1710,-1,-0.002618,-0.000033
9.1810,-1,-0.002618,-0.000033
9.1910,-1,-0.002618,-0.000033
9.2010,-1,-0.002618,-0.000033
9.2110,-1,-0.002618,-0.000033
9.2210,-1,-0.002618,-0.000033
9.2310,-1,-0.002618,-0.000033
9.2410,-1,-0.002618,-0.000033
9.2510,-1,-0.002618,-0.000033
9.2610,-1,-0.002618,-0.000033
9.2710,-1,-0.002618,-0.000033
9.2810,-1,-0.002618,-0.000033
9.2910,-1,-0.002618,-0.000033
9.3010,-1,-0.002618,-0.000033
9.3110,-1,-0.002618,-0.000033
9.3210,-1,-0.002618,-0.000033
9.3310,-1,-0.002618,-0.000033
9.3410,-1,-0.002618,-0.000033
9.3510,-1,-0.002618,-0.000033
9.3610,-1,-0.002618,-0.000033
9.3710,-1,-0.002618,-0.000033
9.3810,-1,-0.002618,-0.000033
9.3910,-1,-0.002618,-0.000033
9.4010,-1,-0.002618,-0.000033
9.4110,-1,-0.002618,-0.000033
9.4210,-1,-0.002618,-0.000033
9.4310,-1,-0.002618,-0.000033
9.4410,-1,-0.002618,-0.000033
9.4510,-1,-0.002618,-0.000033
9.4610,-1,-0.002618,-0.000033
9.4710,-1,-0.002618,-0.000033
9.4810,-1,-0.002618,-0.000033
9.4910,-1,-0.002618,-0.000033
9.5010,-1,-0.002618,-0.000033
9.5110,-1,-0.002618,-0.000033
9.5210,-1,-0.002618,-0.000033
9.5310,-1,-0.002618,-0.000033
9.5410,-1,-0.002618,-0.000033
9.5510,-1,-0.002618,-0.000033
9.5610,-1,-0.002618,-0.000033
9.5710,-1,-0.002618,-0.000033
9.5810,-1,-0.002618,-0.000033
9.5910,-1,-0.002618,-0.000033
9.6010,-1,-0.002618,-0.000033
9.6110,-1,-0.002618,-0.000033
9.6210,-1,-0.002618,-0.000033
9.6310,-1,-0.002618,-0.000033
9.6410,-1,-0.002618,-0.000033
9.6510,-1,-0.002618,-0.000033
9.6610,-1,-0.002618,-0.000033
9.6710,-1,-0.002618,-0.000033
9.6810,-1,-0.002618,-0.000033
9.6920,-1,-0.002618,-0.000033
9.7010,-1,-0.002618,-0.000033
9.7110,-1,-0.002618,-0.000033
9.7210,-1,-0.002618,-0.000033
9.7310,-1,-0.002618,-0.000033
9.7410,-1,-0.002618,-0.000033
9.7510,-1,-0.002618,-0.000033
9.7610,-1,-0.002618,-0.000033
9.7710,-1,-0.002618,-0.000033
9.7810,-1,-0.002618,-0.000033
9.7910,-1,-0.002618,-0.000033
9.8010,-1,-0.002618,-0.000033
9.8110,-1,-0.002618,-0.000033
9.8210,-1,-0.002618,-0.000033
9.8310,-1,-0.002618,-0.000033
9.8410,-1,-0.002618,-0.000033
9.8510,-1,-0.002618,-0.000033
9.8610,-1,-0.002618,-0.000033
9.8710,-1,-0.002618,-0.000033
9.8810,-1,-0.002618,-0.000033
9.8910,-1,-0.002618,-0.000033
9.9010,-1,-0.002618,-0.000033
9.9110,-1,-0.002618,-0.000033
9.9210,-1,-0.002618,-0.000033
9.9310,-1,-0.002618,-0.000033
9.9410,-1,-0.002618,-0.000033
9.9510,-1,-0.002618,-0.000033
9.9610,-1,-0.002618,-0.000033
9.9710,-1,-0.002618,-0.000033
9.9810,-1,-0.002618,-0.000033
9.9910,-1,-0.002618,-0.000033
10.0010,-1,-0.002618,-0.000033
10.0110,-1,-0.002618,-0.000033
10.0210,-1,-0.002618,-0.000033
10.0310,-1,-0.002618,-0.000033
10.0410,-1,-0.002618,-0.000033
10.0510,-1,-0.002618,-0.000033
10.0610,-1,-0.002618,-0.000033
10.0710,-1,-0.002618,-0.000033
10.0810,-1,-0.002618,-0.000033
10.0910,-1,-0.002618,-0.000033
10.1010,-1,-0.002618,-0.000033
10.1110,-1,-0.002618,-0.000033
10.1210,-1,-0.002618,-0.000033
10.1310,-1,-0.002618,-0.000033
10.1410,-1,-0.002618,-0.000033
10.1510,-1,-0.002618,-0.000033
10.1610,-1,-0.002618,-0.000033
10.1710,-1,-0.002618,-0.000033
10.1810,-1,-0.002618,-0.000033
10.1910,-1,-0.002618,-0.000033
10.2010,-1,-0.002618,-0.000033
10.2110,-1,-0.002618,-0.000033
10.2210,-1,-0.002618,-0.000033
10.2310,-1,-0.002618,-0.000033
10.2410,-1,-0.002618,-0.000033
10.2510,-1,-0.002618,-0.000033
10.2610,-1,-0.002618,-0.000033
10.2710,-1,-0.002618,-0.000033
10.2810,-1,-0.002618,-0.000033
10.2910,-1,-0.002618,-0.000033
10.3010,-1,-0.002618,-0.000033
10.3110,-1,-0.002618,-0.000033
10.3210,-1,-0.002618,-0.000033
10.3320,-1,-0.002618,-0.000033
10.3410,-1,-0.002618,-0.000033
10.3510,-1,-0.002618,-0.000033
10.3610,-1,-0.002618,-0.000033
10.3710,-1,-0.002618,-0.000033
10.3810,-1,-0.002618,-0.000033
10.3910,-1,-0.002618,-0.000033
10.4010,-1,-0.002618,-0.000033
10.4110,-1,-0.002618,-0.000033
10.4210,-1,-0.002618,-0.000033
10.4310,-1,-0.002618,-0.000033
10.4410,-1,-0.002618,-0.000033
10.4510,-1,-0.002618,-0.000033
10.4610,-1,-0.002618,-0.000033
10.4710,-1,-0.002618,-0.000033
10.4810,-1,-0.002618,-0.000033
10.4910,-1,-0.002618,-0.000033
10.5010,-1,-0.002618,-0.000033
10.5110,-1,-0.002618,-0.000033
10.5210,-1,-0.002618,-0.000033
10.5310,-1,-0.002618,-0.000033
10.5410,-1,-0.002618,-0.000033
10.5510,-1,-0.002618,-0.000033
10.5610,-1,-0.002618,-0.000033
10.5710,-1,-0.002618,-0.000033
10.5810,-1,-0.002618,-0.000033
10.5910,-1,-0.002618,-0.000033
10.6010,-1,-0.002618,-0.000033
10.6110,-1,-0.002618,-0.000033
10.6210,-1,-0.002618,-0.000033
10.6310,-1,-0.002618,-0.000033
10.6410,-1,-0.002618,-0.000033
10.6510,-1,-0.002618,-0.000033
10.6610,-1,-0.002618,-0.000033
10.6710,-1,-0.002618,-0.000033
10.6810,-1,-0.002618,-0.000033
10.6910,-1,-0.002618,-0.000033
10.7010,-1,-0.002618,-0.000033
10.7110,-1,-0.002618,-0.000033
10.7210,-1,-0.002618,-0.000033
10.7310,-1,-0.002618,-0.000033
10.7410,-1,-0.002618,-0.000033
10.7510,-1,-0.002618,-0.000033
10.7610,-1,-0.002618,-0.000033
10.7710,-1,-0.002618,-0.000033
10.7810,-1,-0.002618,-0.000033
10.7910,-1,-0.002618,-0.000033
10.8010,-1,-0.002618,-0.000033
10.8110,-1,-0.002618,-0.000033
10.8210,-1,-0.002618,-0.000033
10.8310,-1,-0.002618,-0.000033
10.8410,-1,-0.002618,-0.000033
10.8510,-1,-0.002618,-0.000033
10.8610,-1,-0.002618,-0.000033
10.8710,-1,-0.002618,-0.000033
10.8810,-1,-0.002618,-0.000033
10.8910,-1,-0.002618,-0.000033
10.9010,-1,-0.002618,-0.000033
10.9110,-1,-0.002618,-0.000033
10.9210,-1,-0.002618,-0.000033
10.9310,-1,-0.002618,-0.000033
10.9410,-1,-0.002618,-0.000033
10.9510,-1,-0.002618,-0.000033
10.9610,-1,-0.002618,-0.000033
10.9720,-1,-0.002618,-0.000033
10.9810,-1,-0.002618,-0.000033
10.9910,-1,-0.002618,-0.000033
11.0010,-1,-0.002618,-0.000033
11.0110,-1,-0.002618,-0.000033
11.0210,-1,-0.002618,-0.000033
11.0310,-1,-0.002618,-0.000033
11.0410,-1,-0.002618,-0.000033
11.0510,-1,-0.002618,-0.000033
11.0610,-1,-0.002618,-0.000033
11.0710,-1,-0.002618,-0.000033
11.0810,-1,-0.002618,-0.000033
11.0910,-1,-0.002618,-0.000033
11.1010,-1,-0.002618,-0.000033
11.1110,-1,-0.002618,-0.000033
11.1210,-1,-0.002618,-0.000033
11.1310,-1,-0.002618,-0.000033
11.1410,-1,-0.002618,-0.000033
11.1510,-1,-0.002618,-0.000033
11.1610,-1,-0.002618,-0.000033
11.1710,-1,-0.002618,-0.000033
11.1810,-1,-0.002618,-0.000033
11.1910,-1,-0.002618,-0.000033
11.2010,-1,-0.002618,-0.000033
11.2110,-1,-0.002618,-0.000033
11.2210,-1,-0.002618,-0.000033
11.2310,-1,-0.002618,-0.000033
11.2410,-1,-0.002618,-0.000033
11.2510,-1,-0.002618,-0.000033
11.2610,-1,-0.002618,-0.000033
11.2710,-1,-0.002618,-0.000033
11.2810,-1,-0.002618,-0.000033
11.2910,-1,-0.002618,-0.000033
11.3010,-1,-0.002618,-0.000033
11.3110,-1,-0.002618,-0.000033
11.3210,-1,-0.002618,-0.000033
11.3310,-1,-0.002618,-0.000033
11.3410,-1,-0.002618,-0.000033
11.3510,-1,-0.002618,-0.000033
11.3610,-1,-0.002618,-0.000033
11.3710,-1,-0.002618,-0.000033
11.3810,-1,-0.002618,-0.000033
11.3910,-1,-0.002618,-0.000033
11.4010,-1,-0.002618,-0.000033
11.4110,-1,-0.002618,-0.000033
11.4210,-1,-0.002618,-0.000033
11.4310,-1,-0.002618,-0.000033
11.4410,-1,-0.002618,-0.000033
11.4510,-1,-0.002618,-0.000033
11.4610,-1,-0.002618,-0.000033
11.4710,-1,-0.002618,-0.000033
11.4810,-1,-0.002618,-0.000033
11.4910,-1,-0.002618,-0.000033
11.5010,-1,-0.002618,-0.000033
11.5110,-1,-0.002618,-0.000033
11.5210,-1,-0.002618,-0.000033
11.5310,-1,-0.002618,-0.000033
11.5410,-1,-0.002618,-0.000033
11.5510,-1,-0.002618,-0.000033
11.5610,-1,-0.002618,-0.000033
11.5710,-1,-0.002618,-0.000033
11.5810,-1,-0.002618,-0.000033
11.5910,-1,-0.002618,-0.000033
11.6010,-1,-0.002618,-0.000033
11.6120,-1,-0.002618,-0.000033
11.6210,-1,-0.002618,-0.000033
11.6310,-1,-0.002618,-0.000033
11.6410,-1,-0.002618,-0.000033
11.6510,-1,-0.002618,-0.000033
11.6610,-1,-0.002618,-0.000033
11.6710,-1,-0.002618,-0.000033
11.6810,-1,-0.002618,-0.000033
11.6910,-1,-0.002618,-0.000033
11.7010,-1,-0.002618,-0.000033
11.7110,-1,-0.002618,-0.000033
11.7210,-1,-0.002618,-0.000033
11.7310,-1,-0.002618,-0.000033
11.7410,-1,-0.002618,-0.000033
11.7510,-1,-0.002618,-0.000033
11.7610,-1,-0.002618,-0.000033
11.7710,-1,-0.002618,-0.000033
11.7810,-1,-0.002618,-0.000033
11.7910,-1,-0.002618,-0.000033
11.8010,-1,-0.002618,-0.000033
11.8110,-1,-0.002618,-0.000033
11.8210,-1,-0.002618,-0.000033
11.8310,-1,-0.002618,-0.000033
11.8410,-1,-0.002618,-0.000033
11.8510,-1,-0.002618,-0.000033
11.8610,-1,-0.002618,-0.000033
11.8710,-1,-0.002618,-0.000033
11.8810,-1,-0.002618,-0.000033
11.8910,-1,-0.002618,-0.000033
11.9010,-1,-0.002618,-0.000033
11.9110,-1,-0.002618,-0.000033
11.9210,-1,-0.002618,-0.000033
11.9310,-1,-0.002618,-0.000033
11.9410,-1,-0.002618,-0.000033
11.9510,-1,-0.002618,-0.000033
11.9610,-1,-0.002618,-0.000033
11.9710,-1,-0.002618,-0.000033
11.9810,-1,-0.002618,-0.000033
11.9910,-1,-0.002618,-0.000033
12.0010,-1,-0.002618,-0.000033
12.0110,-1,-0.002618,-0.000033
12.0210,-1,-0.002618,-0.000033
12.0310,-1,-0.002618,-0.000033
12.0410,-1,-0.002618,-0.000033
12.0510,-1,-0.002618,-0.000033
12.0610,-1,-0.002618,-0.000033
12.0710,-1,-0.002618,-0.000033
12.0810,-1,-0.002618,-0.000033
12.0910,-1,-0.002618,-0.000033
12.1010,-1,-0.002618,-0.000033
12.1110,-1,-0.002618,-0.000033
12.1210,-1,-0.002618,-0.000033
12.1310,-1,-0.002618,-0.000033
12.1410,-1,-0.002618,-0.000033
12.1510,-1,-0.002618,-0.000033
12.1610,-1,-0.002618,-0.000033
12.1710,-1,-0.002618,-0.000033
12.1810,-1,-0.002618,-0.000033
12.1910,-1,-0.002618,-0.000033
12.2010,-1,-0.002618,-0.000033
12.2110,-1,-0.002618,-0.000033
12.2210,-1,-0.002618,-0.000033
12.2310,-1,-0.002618,-0.000033
12.2410,-1,-0.002618,-0.000033
12.2520,-1,-0.002618,-0.000033
12.2610,-1,-0.002618,-0.000033
12.2710,-1,-0.002618,-0.000033
12.2810,-1,-0.002618,-0.000033
12.2910,-1,-0.002618,-0.000033
12.3010,-1,-0.002618,-0.000033
12.3110,-1,-0.002618,-0.000033
12.3210,-1,-0.002618,-0.000033
12.3310,-1,-0.002618,-0.000033
12.3410,-1,-0.002618,-0.000033
12.3510,-1,-0.002618,-0.000033
12.3610,-1,-0.002618,-0.000033
12.3710,-1,-0.002618,-0.000033
12.3810,-1,-0.002618,-0.000033
12.3910,-1,-0.002618,-0.000033
12.4010,-1,-0.002618,-0.000033
12.4110,-1,-0.002618,-0.000033
12.4210,-1,-0.002618,-0.000033
12.4310,-1,-0.002618,-0.000033
12.4410,-1,-0.002618,-0.000033
12.4510,-1,-0.002618,-0.000033
12.4610,-1,-0.002618,-0.000033
12.4710,-1,-0.002618,-0.000033
12.4810,-1,-0.002618,-0.000033
12.4910,-1,-0.002618,-0.000033
12.5010,-1,-0.002618,-0.000033
12.5110,-1,-0.002618,-0.000033
12.5210,-1,-0.002618,-0.000033
12.5310,-1,-0.002618,-0.000033
12.5410,-1,-0.002618,-0.000033
12.5510,-1,-0.002618,-0.000033
12.5610,-1,-0.002618,-0.000033
12.5710,-1,-0.002618,-0.000033
12.5810,-1,-0.002618,-0.000033
12.5910,-1,-0.002618,-0.000033
12.6010,-1,-0.002618,-0.000033
12.6110,-1,-0.002618,-0.000033
12.6210,-1,-0.002618,-0.000033
12.6310,-1,-0.002618,-0.000033
12.6410,-1,-0.002618,-0.000033
12.6510,-1,-0.002618,-0.000033
12.6610,-1,-0.002618,-0.000033
12.6710,-1,-0.002618,-0.000033
12.6810,-1,-0.002618,-0.000033
12.6910,-1,-0.002618,-0.000033
12.7010,-1,-0.002618,-0.000033
12.7110,-1,-0.002618,-0.000033
12.7210,-1,-0.002618,-0.000033
12.7310,-1,-0.002618,-0.000033
12.7410,-1,-0.002618,-0.000033
12.7510,-1,-0.002618,-0.000033
12.7610,-1,-0.002618,-0.000033
12.7710,-1,-0.002618,-0.000033
12.7810,-1,-0.002618,-0.000033
12.7910,-1,-0.002618,-0.000033
12.8010,-1,-0.002618,-0.000033
12.8110,-1,-0.002618,-0.000033
12.8210,-1,-0.002618,-0.000033
12.8310,-1,-0.002618,-0.000033
12.8410,-1,-0.002618,-0.000033
12.8510,-1,-0.002618,-0.000033
12.8610,-1,-0.002618,-0.000033
12.8710,-1,-0.002618,-0.000033
12.8810,-1,-0.002618,-0.000033
12.8920,-1,-0.002618,-0.000033
12.9010,-1,-0.002618,-0.000033
12.9110,-1,-0.002618,-0.000033
12.9210,-1,-0.002618,-0.000033
12.9310,-1,-0.002618,-0.000033
12.9410,-1,-0.002618,-0.000033
12.9510,-1,-0.002618,-0.000033
12.9610,-1,-0.002618,-0.000033
12.9710,-1,-0.002618,-0.000033
12.9810,-1,-0.002618,-0.000033
12.9910,-1,-0.002618,-0.000033
13.0010,-1,-0.002618,-0.000033
13.0110,-1,-0.002618,-0.000033
13.0210,-1,-0.002618,-0.000033
13.0310,-1,-0.002618,-0.000033
13.0410,-1,-0.002618,-0.000033
13.0510,-1,-0.002618,-0.000033
13.0610,-1,-0.002618,-0.000033
13.0710,-1,-0.002618,-0.000033
13.0810,-1,-0.002618,-0.000033
13.0910,-1,-0.002618,-0.000033
13.1010,-1,-0.002618,-0.000033
13.1110,-1,-0.002618,-0.000033
13.1210,-1,-0.002618,-0.000033
13.1310,-1,-0.002618,-0.000033
13.1410,-1,-0.002618,-0.000033
13.1510,-1,-0.002618,-0.000033
13.1610,-1,-0.002618,-0.000033
13.1710,-1,-0.002618,-0.000033
13.1810,-1,-0.002618,-0.000033
13.1910,-1,-0.002618,-0.000033
13.2010,-1,-0.002618,-0.000033
13.2110,-1,-0.002618,-0.000033
13.2210,-1,-0.002618,-0.000033
13.2310,-1,-0.002618,-0.000033
13.2410,-1,-0.002618,-0.000033
13.2510,-1,-0.002618,-0.000033
13.2610,-1,-0.002618,-0.000033
13.2710,-1,-0.002618,-0.000033
13.2810,-1,-0.002618,-0.000033
13.2910,-1,-0.002618,-0.000033
13.3010,-1,-0.002618,-0.000033
13.3110,-1,-0.002618,-0.000033
13.3210,-1,-0.002618,-0.000033
13.3310,-1,-0.002618,-0.000033
13.3410,-1,-0.002618,-0.000033
13.3510,-1,-0.002618,-0.000033
13.3610,-1,-0.002618,-0.000033
13.3710,-1,-0.002618,-0.000033
13.3810,-1,-0.002618,-0.000033
13.3910,-1,-0.002618,-0.000033
13.4010,-1,-0.002618,-0.000033
13.4110,-1,-0.002618,-0.000033
13.4210,-1,-0.002618,-0.000033
13.4310,-1,-0.002618,-0.000033
13.4410,-1,-0.002618,-0.000033
13.4510,-1,-0.002618,-0.000033
13.4610,-1,-0.002618,-0.000033
13.4710,-1,-0.002618,-0.000033
13.4810,-1,-0.002618,-0.000033
13.4910,-1,-0.002618,-0.000033
13.5010,-1,-0.002618,-0.000033
13.5110,-1,-0.002618,-0.000033
13.5210,-1,-0.002618,-0.000033
13.5320,-1,-0.002618,-0.000033
13.5410,-1,-0.002618,-0.000033
13.5510,-1,-0.002618,-0.000033
13.5610,-1,-0.002618,-0.000033
13.5710,-1,-0.002618,-0.000033
13.5810,-1,-0.002618,-0.000033
13.5910,-1,-0.002618,-0.000033
13.6010,-1,-0.002618,-0.000033
13.6110,-1,-0.002618,-0.000033
13.6210,-1,-0.002618,-0.000033
13.6310,-1,-0.002618,-0.000033
13.6410,-1,-0.002618,-0.000033
13.6510,-1,-0.002618,-0.000033
13.6610,-1,-0.002618,-0.000033
13.6710,-1,-0.002618,-0.000033
13.6810,-1,-0.002618,-0.000033
13.6910,-1,-0.002618,-0.000033
13.7010,-1,-0.002618,-0.000033
13.7110,-1,-0.002618,-0.000033
13.7210,-1,-0.002618,-0.000033
13.7310,-1,-0.002618,-0.000033
13.7410,-1,-0.002618,-0.000033
13.7510,-1,-0.002618,-0.000033
13.7610,-1,-0.002618,-0.000033
13.7710,-1,-0.002618,-0.000033
13.7810,-1,-0.002618,-0.000033
13.7910,-1,-0.002618,-0.000033
13.8010,-1,-0.002618,-0.000033
13.8110,-1,-0.002618,-0.000033
13.8210,-1,-0.002618,-0.000033
13.8310,-1,-0.002618,-0.000033
13.8410,-1,-0.002618,-0.000033
13.8510,-1,-0.002618,-0.000033
13.8610,-1,-0.002618,-0.000033
13.8710,-1,-0.002618,-0.000033
13.8810,-1,-0.002618,-0.000033
13.8910,-1,-0.002618,-0.000033
13.9010,-1,-0.002618,-0.000033
13.9110,-1,-0.002618,-0.000033
13.9210,-1,-0.002618,-0.000033
13.9310,-1,-0.002618,-0.000033
13.9410,-1,-0.002618,-0.000033
13.9510,-1,-0.002618,-0.000033
13.9610,-1,-0.002618,-0.000033
13.9710,-1,-0.002618,-0.000033
13.9810,-1,-0.002618,-0.000033
13.9910,-1,-0.002618,-0.000033
14.0010,-1,-0.002618,-0.000033
14.0110,-1,-0.002618,-0.000033
14.0210,-1,-0.002618,-0.000033
14.0310,-1,-0.002618,-0.000033
14.0410,-1,-0.002618,-0.000033
14.0510,-1,-0.002618,-0.000033
14.0610,-1,-0.002618,-0.000033
14.0710,-1,-0.002618,-0.000033
14.0810,-1,-0.002618,-0.000033
14.0910,-1,-0.002618,-0.000033
14.1010,-1,-0.002618,-0.000033
14.1110,-1,-0.002618,-0.000033
14.1210,-1,-0.002618,-0.000033
14.1310,-1,-0.002618,-0.000033
14.1410,-1,-0.002618,-0.000033
14.1510,-1,-0.002618,-0.000033
14.1610,-1,-0.002618,-0.000033
14.1720,-1,-0.002618,-0.000033
14.1810,-1,-0.002618,-0.000033
14.1910,-1,-0.002618,-0.000033
14.2010,-1,-0.002618,-0.000033
14.2110,-1,-0.002618,-0.000033
14.2210,-1,-0.002618,-0.000033
14.2310,-1,-0.002618,-0.000033
14.2410,-1,-0.002618,-0.000033
14.2510,-1,-0.002618,-0.000033
14.2610,-1,-0.002618,-0.000033
14.2710,-1,-0.002618,-0.000033
14.2810,-1,-0.002618,-0.000033
14.2910,-1,-0.002618,-0.000033
14.3010,-1,-0.002618,-0.000033
14.3110,-1,-0.002618,-0.000033
14.3210,-1,-0.002618,-0.000033
14.3310,-1,-0.002618,-0.000033
14.3410,-1,-0.002618,-0.000033
14.3510,-1,-0.002618,-0.000033
14.3610,-1,-0.002618,-0.000033
14.3710,-1,-0.002618,-0.000033
14.3810,-1,-0.002618,-0.000033
14.3910,-1,-0.002618,-0.000033
14.4010,-1,-0.002618,-0.000033
14.4110,-1,-0.002618,-0.000033
14.4210,-1,-0.002618,-0.000033
14.4310,-1,-0.002618,-0.000033
14.4410,-1,-0.002618,-0.000033
14.4510,-1,-0.002618,-0.000033
14.4610,-1,-0.002618,-0.000033
14.4710,-1,-0.002618,-0.000033
14.4810,-1,-0.002618,-0.000033
14.4910,-1,-0.002618,-0.000033
14.5010,-1,-0.002618,-0.000033
14.5110,-1,-0.002618,-0.000033
14.5210,-1,-0.002618,-0.000033
14.5310,-1,-0.002618,-0.000033
14.5410,-1,-0.002618,-0.000033
14.5510,-1,-0.002618,-0.000033
14.5610,-1,-0.002618,-0.000033
14.5710,-1,-0.002618,-0.000033
14.5810,-1,-0.002618,-0.000033
14.5910,-1,-0.002618,-0.000033
14.6010,-1,-0.002618,-0.000033
14.6110,-1,-0.002618,-0.000033
14.6210,-1,-0.002618,-0.000033
14.6310,-1,-0.002618,-0.000033
14.6410,-1,-0.002618,-0.000033
14.6510,-1,-0.002618,-0.000033
14.6610,-1,-0.002618,-0.000033
14.6710,-1,-0.002618,-0.000033
14.6810,-1,-0.002618,-0.000033
14.6910,-1,-0.002618,-0.000033
14.7010,-1,-0.002618,-0.000033
14.7110,-1,-0.002618,-0.000033
14.7210,-1,-0.002618,-0.000033
14.7310,-1,-0.002618,-0.000033
14.7410,-1,-0.002618,-0.000033
14.7510,-1,-0.002618,-0.000033
14.7610,-1,-0.002618,-0.000033
14.7710,-1,-0.002618,-0.000033
14.7810,-1,-0.002618,-0.000033
14.7910,-1,-0.002618,-0.000033
14.8010,-1,-0.002618,-0.000033
14.8120,-1,-0.002618,-0.000033
14.8210,-1,-0.002618,-0.000033
14.8310,-1,-0.002618,-0.000033
14.8410,-1,-0.002618,-0.000033
14.8510,-1,-0.002618,-0.000033
14.8610,-1,-0.002618,-0.000033
14.8710,-1,-0.002618,-0.000033
14.8810,-1,-0.002618,-0.000033
14.8910,-1,-0.002618,-0.000033
14.9010,-1,-0.002618,-0.000033
14.9110,-1,-0.002618,-0.000033
14.9210,-1,-0.002618,-0.000033
14.9310,-1,-0.002618,-0.000033
14.9410,-1,-0.002618,-0.000033
14.9510,-1,-0.002618,-0.000033
14.9610,-1,-0.002618,-0.000033
14.9710,-1,-0.002618,-0.000033
14.9810,-1,-0.002618,-0.000033
14.9910,-1,-0.002618,-0.000033
15.0010,-1,-0.002618,-0.000033
15.0110,-1,-0.002618,-0.000033
15.0210,-1,-0.002618,-0.000033
15.0310,-1,-0.002618,-0.000033
15.0410,-1,-0.002618,-0.000033
15.0510,-1,-0.002618,-0.000033
15.0610,-1,-0.002618,-0.000033
15.0710,-1,-0.002618,-0.000033
15.0810,-1,-0.002618,-0.000033
15.0910,-1,-0.002618,-0.000033
15.1010,-1,-0.002618,-0.000033
15.1110,-1,-0.002618,-0.000033
15.1210,-1,-0.002618,-0.000033
15.1310,-1,-0.002618,-0.000033
15.1410,-1,-0.002618,-0.000033
15.1510,-1,-0.002618,-0.000033
15.1610,-1,-0.002618,-0.000033
15.1710,-1,-0.002618,-0.000033
15.1810,-1,-0.002618,-0.000033
15.1910,-1,-0.002618,-0.000033
15.2010,-1,-0.002618,-0.000033
15.2110,-1,-0.002618,-0.000033
15.2210,-1,-0.002618,-0.000033
15.2310,-1,-0.002618,-0.000033
15.2410,-1,-0.002618,-0.000033
15.2510,-1,-0.002618,-0.000033
15.2610,-1,-0.002618,-0.000033
15.2710,-1,-0.002618,-0.000033
15.2810,-1,-0.002618,-0.000033
15.2910,-1,-0.002618,-0.000033
15.3010,-1,-0.002618,-0.000033
15.3110,-1,-0.002618,-0.000033
15.3210,-1,-0.002618,-0.000033
15.3310,-1,-0.002618,-0.000033
15.3410,-1,-0.002618,-0.000033
15.3510,-1,-0.002618,-0.000033
15.3610,-1,-0.002618,-0.000033
15.3710,-1,-0.002618,-0.000033
15.3810,-1,-0.002618,-0.000033
15.3910,-1,-0.002618,-0.000033
15.4010,-1,-0.002618,-0.000033
15.4110,-1,-0.002618,-0.000033
15.4210,-1,-0.002618,-0.000033
15.4310,-1,-0.002618,-0.000033
15.4410,-1,-0.002618,-0.000033
15.4520,-1,-0.002618,-0.000033
15.4610,-1,-0.002618,-0.000033
15.4710,-1,-0.002618,-0.000033
15.4810,-1,-0.002618,-0.000033
15.4910,-1,-0.002618,-0.000033
15.5010,-1,-0.002618,-0.000033
15.5110,-1,-0.002618,-0.000033
15.5210,-1,-0.002618,-0.000033
15.5310,-1,-0.002618,-0.000033
15.5410,-1,-0.002618,-0.000033
15.5510,-1,-0.002618,-0.000033
15.5610,-1,-0.002618,-0.000033
15.5710,-1,-0.002618,-0.000033
15.5810,-1,-0.002618,-0.000033
15.5910,-1,-0.002618,-0.000033
15.6010,-1,-0.002618,-0.000033
15.6110,-1,-0.002618,-0.000033
15.6210,-1,-0.002618,-0.000033
15.6310,-1,-0.002618,-0.000033
15.6410,-1,-0.002618,-0.000033
15.6510,-1,-0.002618,-0.000033
15.6610,-1,-0.002618,-0.000033
15.6710,-1,-0.002618,-0.000033
15.6810,-1,-0.002618,-0.000033
15.6910,-1,-0.002618,-0.000033
15.7010,-1,-0.002618,-0.000033
15.7110,-1,-0.002618,-0.000033
15.7210,-1,-0.002618,-0.000033
15.7310,-1,-0.002618,-0.000033
15.7410,-1,-0.002618,-0.000033
15.7510,-1,-0.002618,-0.000033
15.7610,-1,-0.002618,-0.000033
15.7710,-1,-0.002618,-0.000033
15.7810,-1,-0.002618,-0.000033
15.7910,-1,-0.002618,-0.000033
15.8010,-1,-0.002618,-0.000033
15.8110,-1,-0.002618,-0.000033
15.8210,-1,-0.002618,-0.000033
15.8310,-1,-0.002618,-0.000033
15.8410,-1,-0.002618,-0.000033
15.8510,-1,-0.002618,-0.000033
15.8610,-1,-0.002618,-0.000033
15.8710,-1,-0.002618,-0.000033
15.8810,-1,-0.002618,-0.000033
15.8910,-1,-0.002618,-0.000033
15.9010,-1,-0.002618,-0.000033
15.9110,-1,-0.002618,-0.000033
15.9210,-1,-0.002618,-0.000033
15.9310,-1,-0.002618,-0.000033
15.9410,-1,-0.002618,-0.000033
15.9510,-1,-0.002618,-0.000033
15.9610,-1,-0.002618,-0.000033
15.9710,-1,-0.002618,-0.000033
15.9810,-1,-0.002618,-0.000033
15.9910,-1,-0.002618,-0.000033
16.0010,-1,-0.002618,-0.000033
16.0110,-1,-0.002618,-0.000033
16.0210,-1,-0.002618,-0.000033
16.0310,-1,-0.002618,-0.000033
16.0410,-1,-0.002618,-0.000033
16.0510,-1,-0.002618,-0.000033
16.0610,-1,-0.002618,-0.000033
16.0710,-1,-0.002618,-0.000033
16.0810,-1,-0.002618,-0.000033
16.0920,-1,-0.002618,-0.000033
16.1010,-1,-0.002618,-0.000033
16.1110,-1,-0.002618,-0.000033
16.1210,-2,-0.005236,-0.000065
16.1310,-2,-0.005236,-0.000065
16.1410,-2,-0.005236,-0.000065
16.1510,-2,-0.005236,-0.000065
16.1610,-2,-0.005236,-0.000065
16.1710,-2,-0.005236,-0.000065
16.1810,-2,-0.005236,-0.000065
16.1910,-2,-0.005236,-0.000065
16.2010,-2,-0.005236,-0.000065
16.2110,-2,-0.005236,-0.000065
16.2210,-2,-0.005236,-0.000065
16.2310,-2,-0.005236,-0.000065
16.2410,-2,-0.005236,-0.000065
16.2510,-2,-0.005236,-0.000065
16.2610,-2,-0.005236,-0.000065
16.2710,-2,-0.005236,-0.000065
16.2810,-2,-0.005236,-0.000065
16.2910,-2,-0.005236,-0.000065
16.3010,-2,-0.005236,-0.000065
16.3110,-2,-0.005236,-0.000065
16.3210,-2,-0.005236,-0.000065
16.3310,-2,-0.005236,-0.000065
16.3410,-2,-0.005236,-0.000065
16.3510,-2,-0.005236,-0.000065
16.3610,-2,-0.005236,-0.000065
16.3710,-2,-0.005236,-0.000065
16.3810,-2,-0.005236,-0.000065
16.3910,-2,-0.005236,-0.000065
16.4010,-2,-0.005236,-0.000065
16.4110,-2,-0.005236,-0.000065
16.4210,-2,-0.005236,-0.000065
16.4310,-2,-0.005236,-0.000065
16.4410,-2,-0.005236,-0.000065
16.4510,-2,-0.005236,-0.000065
16.4610,-2,-0.005236,-0.000065
16.4710,-2,-0.005236,-0.000065
16.4810,-2,-0.005236,-0.000065
16.4910,-2,-0.005236,-0.000065
16.5010,-2,-0.005236,-0.000065
16.5110,-2,-0.005236,-0.000065
16.5210,-2,-0.005236,-0.000065
16.5310,-2,-0.005236,-0.000065
16.5410,-2,-0.005236,-0.000065
16.5510,-2,-0.005236,-0.000065
16.5610,-2,-0.005236,-0.000065
16.5710,-2,-0.005236,-0.000065
16.5810,-2,-0.005236,-0.000065
16.5910,-2,-0.005236,-0.000065
16.6010,-2,-0.005236,-0.000065
16.6110,-2,-0.005236,-0.000065
16.6210,-2,-0.005236,-0.000065
16.6310,-2,-0.005236,-0.000065
16.6410,-2,-0.005236,-0.000065
16.6510,-2,-0.005236,-0.000065
16.6610,-2,-0.005236,-0.000065
16.6710,-2,-0.005236,-0.000065
16.6810,-2,-0.005236,-0.000065
16.6910,-2,-0.005236,-0.000065
16.7010,-2,-0.005236,-0.000065
16.7110,-2,-0.005236,-0.000065
16.7210,-2,-0.005236,-0.000065
16.7320,-2,-0.005236,-0.000065
16.7410,-2,-0.005236,-0.000065
16.7510,-2,-0.005236,-0.000065
16.7610,-2,-0.005236,-0.000065
16.7710,-2,-0.005236,-0.000065
16.7810,-2,-0.005236,-0.000065
16.7910,-2,-0.005236,-0.000065
16.8010,-2,-0.005236,-0.000065
16.8110,-2,-0.005236,-0.000065
16.8210,-2,-0.005236,-0.000065
16.8310,-2,-0.005236,-0.000065
16.8410,-2,-0.005236,-0.000065
16.8510,-2,-0.005236,-0.000065
16.8610,-2,-0.005236,-0.000065
16.8710,-2,-0.005236,-0.000065
16.8810,-2,-0.005236,-0.000065
16.8910,-2,-0.005236,-0.000065
16.9010,-2,-0.005236,-0.000065
16.9110,-2,-0.005236,-0.000065
16.9210,-2,-0.005236,-0.000065
16.9310,-2,-0.005236,-0.000065
16.9410,-2,-0.005236,-0.000065
16.9510,-2,-0.005236,-0.000065
16.9610,-2,-0.005236,-0.000065
16.9710,-2,-0.005236,-0.000065
16.9810,-2,-0.005236,-0.000065
16.9910,-2,-0.005236,-0.000065
17.0010,-2,-0.005236,-0.000065
17.0110,-2,-0.005236,-0.000065
17.0210,-2,-0.005236,-0.000065
17.0310,-2,-0.005236,-0.000065
17.0410,-2,-0.005236,-0.000065
17.0510,-2,-0.005236,-0.000065
17.0610,-2,-0.005236,-0.000065
17.0710,-2,-0.005236,-0.000065
17.0810,-2,-0.005236,-0.000065
17.0910,-2,-0.005236,-0.000065
17.1010,-2,-0.005236,-0.000065
17.1110,-2,-0.005236,-0.000065
17.1210,-2,-0.005236,-0.000065
17.1310,-2,-0.005236,-0.000065
17.1410,-2,-0.005236,-0.000065
17.1510,-2,-0.005236,-0.000065
17.1610,-2,-0.005236,-0.000065
17.1710,-2,-0.005236,-0.000065
17.1810,-2,-0.005236,-0.000065
17.1910,-2,-0.005236,-0.000065
17.2010,-2,-0.005236,-0.000065
17.2110,-2,-0.005236,-0.000065
17.2210,-2,-0.005236,-0.000065
17.2310,-2,-0.005236,-0.000065
17.2410,-2,-0.005236,-0.000065
17.2510,-2,-0.005236,-0.000065
17.2610,-2,-0.005236,-0.000065
17.2710,-2,-0.005236,-0.000065
17.2810,-2,-0.005236,-0.000065
17.2910,-2,-0.005236,-0.000065
17.3010,-2,-0.005236,-0.000065
17.3110,-2,-0.005236,-0.000065
17.3210,-2,-0.005236,-0.000065
17.3310,-2,-0.005236,-0.000065
17.3410,-2,-0.005236,-0.000065
17.3510,-2,-0.005236,-0.000065
17.3610,-2,-0.005236,-0.000065
17.3720,-2,-0.005236,-0.000065
17.3810,-2,-0.005236,-0.000065
17.3910,-2,-0.005236,-0.000065
17.4010,-2,-0.005236,-0.000065
17.4110,-2,-0.005236,-0.000065
17.4210,-2,-0.005236,-0.000065
17.4310,-2,-0.005236,-0.000065
17.4410,-2,-0.005236,-0.000065
17.4510,-2,-0.005236,-0.000065
17.4610,-2,-0.005236,-0.000065
17.4710,-2,-0.005236,-0.000065
17.4810,-2,-0.005236,-0.000065
17.4910,-2,-0.005236,-0.000065
17.5010,-2,-0.005236,-0.000065
17.5110,-2,-0.005236,-0.000065
17.5210,-2,-0.005236,-0.000065
17.5310,-2,-0.005236,-0.000065
17.5410,-2,-0.005236,-0.000065
17.5510,-2,-0.005236,-0.000065
17.5610,-2,-0.005236,-0.000065
17.5710,-2,-0.005236,-0.000065
17.5810,-2,-0.005236,-0.000065
17.5910,-2,-0.005236,-0.000065
17.6010,-2,-0.005236,-0.000065
17.6110,-2,-0.005236,-0.000065
17.6210,-2,-0.005236,-0.000065
17.6310,-2,-0.005236,-0.000065
17.6410,-2,-0.005236,-0.000065
17.6510,-2,-0.005236,-0.000065
17.6610,-2,-0.005236,-0.000065
17.6710,-2,-0.005236,-0.000065
17.6810,-2,-0.005236,-0.000065
17.6910,-2,-0.005236,-0.000065
17.7010,-2,-0.005236,-0.000065
17.7110,-2,-0.005236,-0.000065
17.7210,-2,-0.005236,-0.000065
17.7310,-2,-0.005236,-0.000065
17.7410,-2,-0.005236,-0.000065
17.7510,-2,-0.005236,-0.000065
17.7610,-2,-0.005236,-0.000065
17.7710,-2,-0.005236,-0.000065
17.7810,-2,-0.005236,-0.000065
17.7910,-2,-0.005236,-0.000065
17.8010,-2,-0.005236,-0.000065
17.8110,-2,-0.005236,-0.000065
17.8210,-2,-0.005236,-0.000065
17.8310,-2,-0.005236,-0.000065
17.8410,-2,-0.005236,-0.000065
17.8510,-2,-0.005236,-0.000065
17.8610,-2,-0.005236,-0.000065
17.8710,-2,-0.005236,-0.000065
17.8810,-2,-0.005236,-0.000065
17.8910,-2,-0.005236,-0.000065
17.9010,-2,-0.005236,-0.000065
17.9110,-2,-0.005236,-0.000065
17.9210,-2,-0.005236,-0.000065
17.9310,-2,-0.005236,-0.000065
17.9410,-2,-0.005236,-0.000065
17.9510,-2,-0.005236,-0.000065
17.9610,-2,-0.005236,-0.000065
17.9710,-2,-0.005236,-0.000065
17.9810,-2,-0.005236,-0.000065
17.9910,-2,-0.005236,-0.000065
18.0010,-2,-0.005236,-0.000065
18.0120,-2,-0.005236,-0.000065
18.0210,-2,-0.005236,-0.000065
18.0310,-2,-0.005236,-0.000065
18.0410,-2,-0.005236,-0.000065
18.0510,-2,-0.005236,-0.000065
18.0610,-2,-0.005236,-0.000065
18.0710,-2,-0.005236,-0.000065
18.0810,-3,-0.007854,-0.000098
18.0910,-3,-0.007854,-0.000098
18.1010,-3,-0.007854,-0.000098
18.1110,-3,-0.007854,-0.000098
18.1210,-3,-0.007854,-0.000098
18.1310,-3,-0.007854,-0.000098
18.1410,-3,-0.007854,-0.000098
18.1510,-3,-0.007854,-0.000098
18.1610,-3,-0.007854,-0.000098
18.1710,-3,-0.007854,-0.000098
18.1810,-3,-0.007854,-0.000098
18.1910,-3,-0.007854,-0.000098
18.2010,-3,-0.007854,-0.000098
18.2110,-3,-0.007854,-0.000098
18.2210,-3,-0.007854,-0.000098
18.2310,-3,-0.007854,-0.000098
18.2410,-3,-0.007854,-0.000098
18.2510,-3,-0.007854,-0.000098
18.2610,-3,-0.007854,-0.000098
18.2710,-3,-0.007854,-0.000098
18.2810,-3,-0.007854,-0.000098
18.2910,-3,-0.007854,-0.000098
18.3010,-3,-0.007854,-0.000098
18.3110,-3,-0.007854,-0.000098
18.3210,-3,-0.007854,-0.000098
18.3310,-3,-0.007854,-0.000098
18.3410,-3,-0.007854,-0.000098
18.3510,-3,-0.007854,-0.000098
18.3610,-3,-0.007854,-0.000098
18.3710,-3,-0.007854,-0.000098
18.3810,-3,-0.007854,-0.000098
18.3910,-3,-0.007854,-0.000098
18.4010,-3,-0.007854,-0.000098
18.4110,-3,-0.007854,-0.000098
18.4210,-3,-0.007854,-0.000098
18.4310,-3,-0.007854,-0.000098
18.4410,-3,-0.007854,-0.000098
18.4510,-3,-0.007854,-0.000098
18.4610,-3,-0.007854,-0.000098
18.4710,-3,-0.007854,-0.000098
18.4810,-3,-0.007854,-0.000098
18.4910,-3,-0.007854,-0.000098
18.5010,-3,-0.007854,-0.000098
18.5110,-3,-0.007854,-0.000098
18.5210,-3,-0.007854,-0.000098
18.5310,-3,-0.007854,-0.000098
18.5410,-3,-0.007854,-0.000098
18.5510,-3,-0.007854,-0.000098
18.5610,-3,-0.007854,-0.000098
18.5710,-3,-0.007854,-0.000098
18.5810,-3,-0.007854,-0.000098
18.5910,-3,-0.007854,-0.000098
18.6010,-3,-0.007854,-0.000098
18.6110,-3,-0.007854,-0.000098
18.6210,-3,-0.007854,-0.000098
18.6310,-3,-0.007854,-0.000098
18.6410,-3,-0.007854,-0.000098
18.6520,-3,-0.007854,-0.000098
18.6610,-3,-0.007854,-0.000098
18.6710,-3,-0.007854,-0.000098
18.6810,-3,-0.007854,-0.000098
18.6910,-3,-0.007854,-0.000098
18.7010,-3,-0.007854,-0.000098
18.7110,-3,-0.007854,-0.000098
18.7210,-3,-0.007854,-0.000098
18.7310,-3,-0.007854,-0.000098
18.7410,-3,-0.007854,-0.000098
18.7510,-3,-0.007854,-0.000098
18.7610,-3,-0.007854,-0.000098
18.7710,-3,-0.007854,-0.000098
18.7810,-3,-0.007854,-0.000098
18.7910,-3,-0.007854,-0.000098
18.8010,-3,-0.007854,-0.000098
18.8110,-3,-0.007854,-0.000098
18.8210,-3,-0.007854,-0.000098
18.8310,-3,-0.007854,-0.000098
18.8410,-3,-0.007854,-0.000098
18.8510,-3,-0.007854,-0.000098
18.8610,-3,-0.007854,-0.000098
18.8710,-3,-0.007854,-0.000098
18.8810,-3,-0.007854,-0.000098
18.8910,-3,-0.007854,-0.000098
18.9010,-3,-0.007854,-0.000098
18.9110,-3,-0.007854,-0.000098
18.9210,-3,-0.007854,-0.000098
18.9310,-3,-0.007854,-0.000098
18.9410,-3,-0.007854,-0.000098
18.9510,-3,-0.007854,-0.000098
18.9610,-3,-0.007854,-0.000098
18.9710,-3,-0.007854,-0.000098
18.9810,-3,-0.007854,-0.000098
18.9910,-3,-0.007854,-0.000098
19.0010,-3,-0.007854,-0.000098
19.0110,-3,-0.007854,-0.000098
19.0210,-3,-0.007854,-0.000098
19.0310,-3,-0.007854,-0.000098
19.0410,-3,-0.007854,-0.000098
19.0510,-3,-0.007854,-0.000098
19.0610,-3,-0.007854,-0.000098
19.0710,-3,-0.007854,-0.000098
19.0810,-3,-0.007854,-0.000098
19.0910,-3,-0.007854,-0.000098
19.1010,-3,-0.007854,-0.000098
19.1110,-3,-0.007854,-0.000098
19.1210,-3,-0.007854,-0.000098
19.1310,-3,-0.007854,-0.000098
19.1410,-3,-0.007854,-0.000098
19.1510,-3,-0.007854,-0.000098
19.1610,-3,-0.007854,-0.000098
19.1710,-3,-0.007854,-0.000098
19.1810,-3,-0.007854,-0.000098
19.1910,-3,-0.007854,-0.000098
19.2010,-3,-0.007854,-0.000098
19.2110,-3,-0.007854,-0.000098
19.2210,-3,-0.007854,-0.000098
19.2310,-3,-0.007854,-0.000098
19.2410,-3,-0.007854,-0.000098
19.2510,-3,-0.007854,-0.000098
19.2610,-3,-0.007854,-0.000098
19.2710,-3,-0.007854,-0.000098
19.2810,-3,-0.007854,-0.000098
19.2920,-3,-0.007854,-0.000098
19.3010,-3,-0.007854,-0.000098
19.3110,-3,-0.007854,-0.000098
19.3210,-3,-0.007854,-0.000098
19.3310,-3,-0.007854,-0.000098
19.3410,-3,-0.007854,-0.000098
19.3510,-3,-0.007854,-0.000098
19.3610,-3,-0.007854,-0.000098
19.3710,-3,-0.007854,-0.000098
19.3810,-3,-0.007854,-0.000098
19.3910,-3,-0.007854,-0.000098
19.4010,-3,-0.007854,-0.000098
19.4110,-3,-0.007854,-0.000098
19.4210,-3,-0.007854,-0.000098
19.4310,-3,-0.007854,-0.000098
19.4410,-3,-0.007854,-0.000098
19.4510,-3,-0.007854,-0.000098
19.4610,-3,-0.007854,-0.000098
19.4710,-3,-0.007854,-0.000098
19.4810,-3,-0.007854,-0.000098
19.4910,-3,-0.007854,-0.000098
19.5010,-3,-0.007854,-0.000098
19.5110,-3,-0.007854,-0.000098
19.5210,-3,-0.007854,-0.000098
19.5310,-3,-0.007854,-0.000098
19.5410,-3,-0.007854,-0.000098
19.5510,-3,-0.007854,-0.000098
19.5610,-3,-0.007854,-0.000098
19.5710,-3,-0.007854,-0.000098
19.5810,-3,-0.007854,-0.000098
19.5910,-3,-0.007854,-0.000098
19.6010,-3,-0.007854,-0.000098
19.6110,-3,-0.007854,-0.000098
19.6210,-3,-0.007854,-0.000098
19.6310,-3,-0.007854,-0.000098
19.6410,-3,-0.007854,-0.000098
19.6510,-3,-0.007854,-0.000098
19.6610,-3,-0.007854,-0.000098
19.6710,-3,-0.007854,-0.000098
19.6810,-3,-0.007854,-0.000098
19.6910,-3,-0.007854,-0.000098
19.7010,-3,-0.007854,-0.000098
19.7110,-3,-0.007854,-0.000098
19.7210,-3,-0.007854,-0.000098
19.7310,-3,-0.007854,-0.000098
19.7410,-3,-0.007854,-0.000098
19.7510,-3,-0.007854,-0.000098
19.7610,-3,-0.007854,-0.000098
19.7710,-3,-0.007854,-0.000098
19.7810,-3,-0.007854,-0.000098
19.7910,-3,-0.007854,-0.000098
19.8010,-3,-0.007854,-0.000098
19.8110,-3,-0.007854,-0.000098
19.8210,-3,-0.007854,-0.000098
19.8310,-3,-0.007854,-0.000098
19.8410,-3,-0.007854,-0.000098
19.8510,-3,-0.007854,-0.000098
19.8610,-3,-0.007854,-0.000098
19.8710,-3,-0.007854,-0.000098
19.8810,-3,-0.007854,-0.000098
19.8910,-3,-0.007854,-0.000098
19.9010,-3,-0.007854,-0.000098
19.9110,-3,-0.007854,-0.000098
19.9210,-3,-0.007854,-0.000098
19.9320,-3,-0.007854,-0.000098
19.9410,-3,-0.007854,-0.000098
19.9510,-3,-0.007854,-0.000098
19.9610,-3,-0.007854,-0.000098
19.9710,-3,-0.007854,-0.000098
19.9810,-3,-0.007854,-0.000098
19.9910,-3,-0.007854,-0.000098
20.0010,-4,-0.010472,-0.000131
20.0110,-4,-0.010472,-0.000131
20.0210,-4,-0.010472,-0.000131
20.0310,-4,-0.010472,-0.000131
20.0410,-4,-0.010472,-0.000131
20.0510,-4,-0.010472,-0.000131
20.0610,-4,-0.010472,-0.000131
20.0710,-4,-0.010472,-0.000131
20.0810,-4,-0.010472,-0.000131
20.0910,-4,-0.010472,-0.000131
20.1010,-4,-0.010472,-0.000131
20.1110,-4,-0.010472,-0.000131
20.1210,-4,-0.010472,-0.000131
20.1310,-4,-0.010472,-0.000131
20.1410,-4,-0.010472,-0.000131
20.1510,-4,-0.010472,-0.000131
20.1610,-4,-0.010472,-0.000131
20.1710,-4,-0.010472,-0.000131
20.1810,-4,-0.010472,-0.000131
20.1910,-4,-0.010472,-0.000131
20.2010,-4,-0.010472,-0.000131
20.2110,-4,-0.010472,-0.000131
20.2210,-4,-0.010472,-0.000131
20.2310,-4,-0.010472,-0.000131
20.2410,-4,-0.010472,-0.000131
20.2510,-4,-0.010472,-0.000131
20.2610,-4,-0.010472,-0.000131
20.2710,-4,-0.010472,-0.000131
20.2810,-4,-0.010472,-0.000131
20.2910,-4,-0.010472,-0.000131
20.3010,-4,-0.010472,-0.000131
20.3110,-4,-0.010472,-0.000131
20.3210,-4,-0.010472,-0.000131
20.3310,-4,-0.010472,-0.000131
20.3410,-4,-0.010472,-0.000131
20.3510,-4,-0.010472,-0.000131
20.3610,-4,-0.010472,-0.000131
20.3710,-4,-0.010472,-0.000131
20.3810,-4,-0.010472,-0.000131
20.3910,-4,-0.010472,-0.000131
20.4010,-4,-0.010472,-0.000131
20.4110,-4,-0.010472,-0.000131
20.4210,-4,-0.010472,-0.000131
20.4310,-4,-0.010472,-0.000131
20.4410,-4,-0.010472,-0.000131
20.4510,-4,-0.010472,-0.000131
20.4610,-4,-0.010472,-0.000131
20.4710,-4,-0.010472,-0.000131
20.4810,-4,-0.010472,-0.000131
20.4910,-4,-0.010472,-0.000131
20.5010,-4,-0.010472,-0.000131
20.5110,-4,-0.010472,-0.000131
20.5210,-4,-0.010472,-0.000131
20.5310,-4,-0.010472,-0.000131
20.5410,-4,-0.010472,-0.000131
20.5510,-4,-0.010472,-0.000131
20.5610,-4,-0.010472,-0.000131
20.5720,-4,-0.010472,-0.000131
20.5810,-4,-0.010472,-0.000131
20.5910,-4,-0.010472,-0.000131
20.6010,-4,-0.010472,-0.000131
20.6110,-4,-0.010472,-0.000131
20.6210,-4,-0.010472,-0.000131
20.6310,-4,-0.010472,-0.000131
20.6410,-4,-0.010472,-0.000131
20.6510,-4,-0.010472,-0.000131
20.6610,-4,-0.010472,-0.000131
20.6710,-4,-0.010472,-0.000131
20.6810,-4,-0.010472,-0.000131
20.6910,-4,-0.010472,-0.000131
20.7010,-4,-0.010472,-0.000131
20.7110,-4,-0.010472,-0.000131
20.7210,-4,-0.010472,-0.000131
20.7310,-4,-0.010472,-0.000131
20.7410,-4,-0.010472,-0.000131
20.7510,-4,-0.010472,-0.000131
20.7610,-4,-0.010472,-0.000131
20.7710,-4,-0.010472,-0.000131
20.7810,-4,-0.010472,-0.000131
20.7910,-4,-0.010472,-0.000131
20.8010,-4,-0.010472,-0.000131
20.8110,-4,-0.010472,-0.000131
20.8210,-4,-0.010472,-0.000131
20.8310,-4,-0.010472,-0.000131
20.8410,-4,-0.010472,-0.000131
20.8510,-4,-0.010472,-0.000131
20.8610,-4,-0.010472,-0.000131
20.8710,-4,-0.010472,-0.000131
20.8810,-4,-0.010472,-0.000131
20.8910,-4,-0.010472,-0.000131
20.9010,-4,-0.010472,-0.000131
20.9110,-4,-0.010472,-0.000131
20.9210,-4,-0.010472,-0.000131
20.9310,-4,-0.010472,-0.000131
20.9410,-4,-0.010472,-0.000131
20.9510,-4,-0.010472,-0.000131
20.9610,-4,-0.010472,-0.000131
20.9710,-4,-0.010472,-0.000131
20.9810,-4,-0.010472,-0.000131
20.9910,-4,-0.010472,-0.000131
21.0010,-4,-0.010472,-0.000131
21.0110,-4,-0.010472,-0.000131
21.0210,-4,-0.010472,-0.000131
21.0310,-4,-0.010472,-0.000131
21.0410,-4,-0.010472,-0.000131
21.0510,-4,-0.010472,-0.000131
21.0610,-4,-0.010472,-0.000131
21.0710,-4,-0.010472,-0.000131
21.0810,-4,-0.010472,-0.000131
21.0910,-4,-0.010472,-0.000131
21.1010,-4,-0.010472,-0.000131
21.1110,-4,-0.010472,-0.000131
21.1210,-4,-0.010472,-0.000131
21.1310,-4,-0.010472,-0.000131
21.1410,-4,-0.010472,-0.000131
21.1510,-4,-0.010472,-0.000131
21.1610,-4,-0.010472,-0.000131
21.1710,-4,-0.010472,-0.000131
21.1810,-4,-0.010472,-0.000131
21.1910,-4,-0.010472,-0.000131
21.2010,-4,-0.010472,-0.000131
21.2120,-4,-0.010472,-0.000131
21.2210,-4,-0.010472,-0.000131
21.2310,-4,-0.010472,-0.000131
21.2410,-4,-0.010472,-0.000131
21.2510,-4,-0.010472,-0.000131
21.2610,-4,-0.010472,-0.000131
21.2710,-4,-0.010472,-0.000131
21.2810,-4,-0.010472,-0.000131
21.2910,-4,-0.010472,-0.000131
21.3010,-4,-0.010472,-0.000131
21.3110,-4,-0.010472,-0.000131
21.3210,-4,-0.010472,-0.000131
21.3310,-4,-0.010472,-0.000131
21.3410,-4,-0.010472,-0.000131
21.3510,-4,-0.010472,-0.000131
21.3610,-4,-0.010472,-0.000131
21.3710,-4,-0.010472,-0.000131
21.3810,-4,-0.010472,-0.000131
21.3910,-4,-0.010472,-0.000131
21.4010,-4,-0.010472,-0.000131
21.4110,-4,-0.010472,-0.000131
21.4210,-4,-0.010472,-0.000131
21.4310,-4,-0.010472,-0.000131
21.4410,-4,-0.010472,-0.000131
21.4510,-4,-0.010472,-0.000131
21.4610,-4,-0.010472,-0.000131
21.4710,-4,-0.010472,-0.000131
21.4810,-4,-0.010472,-0.000131
21.4910,-4,-0.010472,-0.000131
21.5010,-4,-0.010472,-0.000131
21.5110,-4,-0.010472,-0.000131
21.5210,-4,-0.010472,-0.000131
21.5310,-4,-0.010472,-0.000131
21.5410,-4,-0.010472,-0.000131
21.5510,-4,-0.010472,-0.000131
21.5610,-4,-0.010472,-0.000131
21.5710,-4,-0.010472,-0.000131
21.5810,-4,-0.010472,-0.000131
21.5910,-4,-0.010472,-0.000131
21.6010,-4,-0.010472,-0.000131
21.6110,-4,-0.010472,-0.000131
21.6210,-4,-0.010472,-0.000131
21.6310,-4,-0.010472,-0.000131
21.6410,-4,-0.010472,-0.000131
21.6510,-4,-0.010472,-0.000131
21.6610,-4,-0.010472,-0.000131
21.6710,-4,-0.010472,-0.000131
21.6810,-4,-0.010472,-0.000131
21.6910,-4,-0.010472,-0.000131
21.7010,-4,-0.010472,-0.000131
21.7110,-4,-0.010472,-0.000131
21.7210,-4,-0.010472,-0.000131
21.7310,-4,-0.010472,-0.000131
21.7410,-4,-0.010472,-0.000131
21.7510,-4,-0.010472,-0.000131
21.7610,-4,-0.010472,-0.000131
21.7710,-4,-0.010472,-0.000131
21.7810,-4,-0.010472,-0.000131
21.7910,-4,-0.010472,-0.000131
21.8010,-4,-0.010472,-0.000131
21.8110,-4,-0.010472,-0.000131
21.8210,-4,-0.010472,-0.000131
21.8310,-4,-0.010472,-0.000131
21.8410,-4,-0.010472,-0.000131
21.8520,-4,-0.010472,-0.000131
21.8610,-4,-0.010472,-0.000131
21.8710,-4,-0.010472,-0.000131
21.8810,-4,-0.010472,-0.000131
21.8910,-4,-0.010472,-0.000131
21.9010,-4,-0.010472,-0.000131
21.9110,-4,-0.010472,-0.000131
21.9210,-4,-0.010472,-0.000131
21.9310,-4,-0.010472,-0.000131
21.9410,-4,-0.010472,-0.000131
21.9510,-5,-0.013090,-0.000164
21.9610,-5,-0.013090,-0.000164
21.9710,-5,-0.013090,-0.000164
21.9810,-5,-0.013090,-0.000164
21.9910,-5,-0.013090,-0.000164
22.0010,-5,-0.013090,-0.000164
22.0110,-5,-0.013090,-0.000164
22.0210,-5,-0.013090,-0.000164
22.0310,-5,-0.013090,-0.000164
22.0410,-5,-0.013090,-0.000164
22.0510,-5,-0.013090,-0.000164
22.0610,-5,-0.013090,-0.000164
22.0710,-5,-0.013090,-0.000164
22.0810,-5,-0.013090,-0.000164
22.0910,-5,-0.013090,-0.000164
22.1010,-5,-0.013090,-0.000164
22.1110,-5,-0.013090,-0.000164
22.1210,-5,-0.013090,-0.000164
22.1310,-5,-0.013090,-0.000164
22.1410,-5,-0.013090,-0.000164
22.1510,-5,-0.013090,-0.000164
22.1610,-5,-0.013090,-0.000164
22.1710,-5,-0.013090,-0.000164
22.1810,-5,-0.013090,-0.000164
22.1910,-5,-0.013090,-0.000164
22.2010,-5,-0.013090,-0.000164
22.2110,-5,-0.013090,-0.000164
22.2210,-5,-0.013090,-0.000164
22.2310,-5,-0.013090,-0.000164
22.2410,-5,-0.013090,-0.000164
22.2510,-5,-0.013090,-0.000164
22.2610,-5,-0.013090,-0.000164
22.2710,-5,-0.013090,-0.000164
22.2810,-5,-0.013090,-0.000164
22.2910,-5,-0.013090,-0.000164
22.3010,-5,-0.013090,-0.000164
22.3110,-5,-0.013090,-0.000164
22.3210,-5,-0.013090,-0.000164
22.3310,-5,-0.013090,-0.000164
22.3410,-5,-0.013090,-0.000164
22.3510,-5,-0.013090,-0.000164
22.3610,-5,-0.013090,-0.000164
22.3710,-5,-0.013090,-0.000164
22.3810,-5,-0.013090,-0.000164
22.3910,-5,-0.013090,-0.000164
22.4010,-5,-0.013090,-0.000164
22.4110,-5,-0.013090,-0.000164
22.4210,-5,-0.013090,-0.000164
22.4310,-5,-0.013090,-0.000164
22.4410,-5,-0.013090,-0.000164
22.4510,-5,-0.013090,-0.000164
22.4610,-5,-0.013090,-0.000164
22.4710,-5,-0.013090,-0.000164
22.4810,-5,-0.013090,-0.000164
22.4920,-5,-0.013090,-0.000164
22.5010,-5,-0.013090,-0.000164
22.5110,-5,-0.013090,-0.000164
22.5210,-5,-0.013090,-0.000164
22.5310,-5,-0.013090,-0.000164
22.5410,-5,-0.013090,-0.000164
22.5510,-5,-0.013090,-0.000164
22.5610,-5,-0.013090,-0.000164
22.5710,-5,-0.013090,-0.000164
22.5810,-5,-0.013090,-0.000164
22.5910,-5,-0.013090,-0.000164
22.6010,-5,-0.013090,-0.000164
22.6110,-5,-0.013090,-0.000164
22.6210,-5,-0.013090,-0.000164
22.6310,-5,-0.013090,-0.000164
22.6410,-5,-0.013090,-0.000164
22.6510,-5,-0.013090,-0.000164
22.6610,-5,-0.013090,-0.000164
22.6710,-5,-0.013090,-0.000164
22.6810,-5,-0.013090,-0.000164
22.6910,-5,-0.013090,-0.000164
22.7010,-5,-0.013090,-0.000164
22.7110,-5,-0.013090,-0.000164
22.7210,-5,-0.013090,-0.000164
22.7310,-5,-0.013090,-0.000164
22.7410,-5,-0.013090,-0.000164
22.7510,-5,-0.013090,-0.000164
22.7610,-5,-0.013090,-0.000164
22.7710,-5,-0.013090,-0.000164
22.7810,-5,-0.013090,-0.000164
22.7910,-5,-0.013090,-0.000164
22.8010,-5,-0.013090,-0.000164
22.8110,-5,-0.013090,-0.000164
22.8210,-5,-0.013090,-0.000164
22.8310,-5,-0.013090,-0.000164
22.8410,-5,-0.013090,-0.000164
22.8510,-5,-0.013090,-0.000164
22.8610,-5,-0.013090,-0.000164
22.8710,-5,-0.013090,-0.000164
22.8810,-5,-0.013090,-0.000164
22.8910,-5,-0.013090,-0.000164
22.9010,-5,-0.013090,-0.000164
22.9110,-5,-0.013090,-0.000164
22.9210,-5,-0.013090,-0.000164
22.9310,-5,-0.013090,-0.000164
22.9410,-5,-0.013090,-0.000164
22.9510,-5,-0.013090,-0.000164
22.9610,-5,-0.013090,-0.000164
22.9710,-5,-0.013090,-0.000164
22.9810,-5,-0.013090,-0.000164
22.9910,-5,-0.013090,-0.000164
23.0010,-5,-0.013090,-0.000164
23.0110,-5,-0.013090,-0.000164
23.0210,-5,-0.013090,-0.000164
23.0310,-5,-0.013090,-0.000164
23.0410,-5,-0.013090,-0.000164
23.0510,-5,-0.013090,-0.000164
23.0610,-5,-0.013090,-0.000164
23.0710,-5,-0.013090,-0.000164
23.0810,-5,-0.013090,-0.000164
23.0910,-5,-0.013090,-0.000164
23.1010,-5,-0.013090,-0.000164
23.1110,-5,-0.013090,-0.000164
23.1210,-5,-0.013090,-0.000164
23.1320,-5,-0.013090,-0.000164
23.1410,-5,-0.013090,-0.000164
23.1510,-5,-0.013090,-0.000164
23.1610,-5,-0.013090,-0.000164
23.1710,-5,-0.013090,-0.000164
23.1810,-5,-0.013090,-0.000164
23.1910,-5,-0.013090,-0.000164
23.2010,-5,-0.013090,-0.000164
23.2110,-5,-0.013090,-0.000164
23.2210,-5,-0.013090,-0.000164
23.2310,-5,-0.013090,-0.000164
23.2410,-5,-0.013090,-0.000164
23.2510,-5,-0.013090,-0.000164
23.2610,-5,-0.013090,-0.000164
23.2710,-5,-0.013090,-0.000164
23.2810,-5,-0.013090,-0.000164
23.2910,-5,-0.013090,-0.000164
23.3010,-5,-0.013090,-0.000164
23.3110,-5,-0.013090,-0.000164
23.3210,-5,-0.013090,-0.000164
23.3310,-5,-0.013090,-0.000164
23.3410,-5,-0.013090,-0.000164
23.3510,-5,-0.013090,-0.000164
23.3610,-5,-0.013090,-0.000164
23.3710,-5,-0.013090,-0.000164
23.3810,-5,-0.013090,-0.000164
23.3910,-5,-0.013090,-0.000164
23.4010,-5,-0.013090,-0.000164
23.4110,-5,-0.013090,-0.000164
23.4210,-5,-0.013090,-0.000164
23.4310,-5,-0.013090,-0.000164
23.4410,-5,-0.013090,-0.000164
23.4510,-5,-0.013090,-0.000164
23.4610,-5,-0.013090,-0.000164
23.4710,-5,-0.013090,-0.000164
23.4810,-5,-0.013090,-0.000164
23.4910,-5,-0.013090,-0.000164
23.5010,-5,-0.013090,-0.000164
23.5110,-5,-0.013090,-0.000164
23.5210,-5,-0.013090,-0.000164
23.5310,-5,-0.013090,-0.000164
23.5410,-5,-0.013090,-0.000164
23.5510,-5,-0.013090,-0.000164
23.5610,-5,-0.013090,-0.000164
23.5710,-5,-0.013090,-0.000164
23.5810,-5,-0.013090,-0.000164
23.5910,-5,-0.013090,-0.000164
23.6010,-5,-0.013090,-0.000164
23.6110,-5,-0.013090,-0.000164
23.6210,-5,-0.013090,-0.000164
23.6310,-5,-0.013090,-0.000164
23.6410,-5,-0.013090,-0.000164
23.6510,-5,-0.013090,-0.000164
23.6610,-5,-0.013090,-0.000164
23.6710,-5,-0.013090,-0.000164
23.6810,-5,-0.013090,-0.000164
23.6910,-5,-0.013090,-0.000164
23.7010,-5,-0.013090,-0.000164
23.7110,-5,-0.013090,-0.000164
23.7210,-5,-0.013090,-0.000164
23.7310,-5,-0.013090,-0.000164
23.7410,-5,-0.013090,-0.000164
23.7510,-5,-0.013090,-0.000164
23.7610,-5,-0.013090,-0.000164
23.7720,-5,-0.013090,-0.000164
23.7810,-5,-0.013090,-0.000164
23.7910,-5,-0.013090,-0.000164
23.8010,-5,-0.013090,-0.000164
23.8110,-5,-0.013090,-0.000164
23.8210,-5,-0.013090,-0.000164
23.8310,-5,-0.013090,-0.000164
23.8410,-5,-0.013090,-0.000164
23.8510,-5,-0.013090,-0.000164
23.8610,-5,-0.013090,-0.000164
23.8710,-5,-0.013090,-0.000164
23.8810,-6,-0.015708,-0.000196
23.8910,-6,-0.015708,-0.000196
23.9010,-6,-0.015708,-0.000196
23.9110,-6,-0.015708,-0.000196
23.9210,-6,-0.015708,-0.000196
23.9310,-6,-0.015708,-0.000196
23.9410,-6,-0.015708,-0.000196
23.9510,-6,-0.015708,-0.000196
23.9610,-6,-0.015708,-0.000196
23.9710,-6,-0.015708,-0.000196
23.9810,-6,-0.015708,-0.000196
23.9910,-6,-0.015708,-0.000196
24.0010,-6,-0.015708,-0.000196
24.0110,-6,-0.015708,-0.000196
24.0210,-6,-0.015708,-0.000196
24.0310,-6,-0.015708,-0.000196
24.0410,-6,-0.015708,-0.000196
24.0510,-6,-0.015708,-0.000196
24.0610,-6,-0.015708,-0.000196
24.0710,-6,-0.015708,-0.000196
24.0810,-6,-0.015708,-0.000196
24.0910,-6,-0.015708,-0.000196
24.1010,-6,-0.015708,-0.000196
24.1110,-6,-0.015708,-0.000196
24.1210,-6,-0.015708,-0.000196
24.1310,-6,-0.015708,-0.000196
24.1410,-6,-0.015708,-0.000196
24.1510,-6,-0.015708,-0.000196
24.1610,-6,-0.015708,-0.000196
24.1710,-6,-0.015708,-0.000196
24.1810,-6,-0.015708,-0.000196
24.1910,-6,-0.015708,-0.000196
24.2010,-6,-0.015708,-0.000196
24.2110,-6,-0.015708,-0.000196
24.2210,-6,-0.015708,-0.000196
24.2310,-6,-0.015708,-0.000196
24.2410,-6,-0.015708,-0.000196
24.2510,-6,-0.015708,-0.000196
24.2610,-6,-0.015708,-0.000196
24.2710,-6,-0.015708,-0.000196
24.2810,-6,-0.015708,-0.000196
24.2910,-6,-0.015708,-0.000196
24.3010,-6,-0.015708,-0.000196
24.3110,-6,-0.015708,-0.000196
24.3210,-6,-0.015708,-0.000196
24.3310,-6,-0.015708,-0.000196
24.3410,-6,-0.015708,-0.000196
24.3510,-6,-0.015708,-0.000196
24.3610,-6,-0.015708,-0.000196
24.3710,-6,-0.015708,-0.000196
24.3810,-6,-0.015708,-0.000196
24.3910,-6,-0.015708,-0.000196
24.4010,-6,-0.015708,-0.000196
24.4120,-6,-0.015708,-0.000196
24.4210,-6,-0.015708,-0.000196
24.4310,-6,-0.015708,-0.000196
24.4410,-6,-0.015708,-0.000196
24.4510,-6,-0.015708,-0.000196
24.4610,-6,-0.015708,-0.000196
24.4710,-6,-0.015708,-0.000196
24.4810,-6,-0.015708,-0.000196
24.4910,-6,-0.015708,-0.000196
24.5010,-6,-0.015708,-0.000196
24.5110,-6,-0.015708,-0.000196
24.5210,-6,-0.015708,-0.000196
24.5310,-6,-0.015708,-0.000196
24.5410,-6,-0.015708,-0.000196
24.5510,-6,-0.015708,-0.000196
24.5610,-6,-0.015708,-0.000196
24.5710,-6,-0.015708,-0.000196
24.5810,-6,-0.015708,-0.000196
24.5910,-6,-0.015708,-0.000196
24.6010,-6,-0.015708,-0.000196
24.6110,-6,-0.015708,-0.000196
24.6210,-6,-0.015708,-0.000196
24.6310,-6,-0.015708,-0.000196
24.6410,-6,-0.015708,-0.000196
24.6510,-6,-0.015708,-0.000196
24.6610,-6,-0.015708,-0.000196
24.6710,-6,-0.015708,-0.000196
24.6810,-6,-0.015708,-0.000196
24.6910,-6,-0.015708,-0.000196
24.7010,-6,-0.015708,-0.000196
24.7110,-6,-0.015708,-0.000196
24.7210,-6,-0.015708,-0.000196
24.7310,-6,-0.015708,-0.000196
24.7410,-6,-0.015708,-0.000196
24.7510,-6,-0.015708,-0.000196
24.7610,-6,-0.015708,-0.000196
24.7710,-6,-0.015708,-0.000196
24.7810,-6,-0.015708,-0.000196
24.7910,-6,-0.015708,-0.000196
24.8010,-6,-0.015708,-0.000196
24.8110,-6,-0.015708,-0.000196
24.8210,-6,-0.015708,-0.000196
24.8310,-6,-0.015708,-0.000196
24.8410,-6,-0.015708,-0.000196
24.8510,-6,-0.015708,-0.000196
24.8610,-6,-0.015708,-0.000196
24.8710,-6,-0.015708,-0.000196
24.8810,-6,-0.015708,-0.000196
24.8910,-6,-0.015708,-0.000196
24.9010,-6,-0.015708,-0.000196
24.9110,-6,-0.015708,-0.000196
24.9210,-6,-0.015708,-0.000196
24.9310,-6,-0.015708,-0.000196
24.9410,-6,-0.015708,-0.000196
24.9510,-6,-0.015708,-0.000196
24.9610,-6,-0.015708,-0.000196
24.9710,-6,-0.015708,-0.000196
24.9810,-6,-0.015708,-0.000196
24.9910,-6,-0.015708,-0.000196
25.0010,-6,-0.015708,-0.000196
25.0110,-6,-0.015708,-0.000196
25.0210,-6,-0.015708,-0.000196
25.0310,-6,-0.015708,-0.000196
25.0410,-6,-0.015708,-0.000196
25.0520,-6,-0.015708,-0.000196
25.0610,-6,-0.015708,-0.000196
25.0710,-6,-0.015708,-0.000196
25.0810,-6,-0.015708,-0.000196
25.0910,-6,-0.015708,-0.000196
25.1010,-6,-0.015708,-0.000196
25.1110,-6,-0.015708,-0.000196
25.1210,-6,-0.015708,-0.000196
25.1310,-6,-0.015708,-0.000196
25.1410,-6,-0.015708,-0.000196
25.1510,-6,-0.015708,-0.000196
25.1610,-6,-0.015708,-0.000196
25.1710,-6,-0.015708,-0.000196
25.1810,-6,-0.015708,-0.000196
25.1910,-6,-0.015708,-0.000196
25.2010,-6,-0.015708,-0.000196
25.2110,-6,-0.015708,-0.000196
25.2210,-6,-0.015708,-0.000196
25.2310,-6,-0.015708,-0.000196
25.2410,-6,-0.015708,-0.000196
25.2510,-6,-0.015708,-0.000196
25.2610,-6,-0.015708,-0.000196
25.2710,-6,-0.015708,-0.000196
25.2810,-6,-0.015708,-0.000196
25.2910,-6,-0.015708,-0.000196
25.3010,-6,-0.015708,-0.000196
25.3110,-6,-0.015708,-0.000196
25.3210,-6,-0.015708,-0.000196
25.3310,-6,-0.015708,-0.000196
25.3410,-6,-0.015708,-0.000196
25.3510,-6,-0.015708,-0.000196
25.3610,-6,-0.015708,-0.000196
25.3710,-6,-0.015708,-0.000196
25.3810,-6,-0.015708,-0.000196
25.3910,-6,-0.015708,-0.000196
25.4010,-6,-0.015708,-0.000196
25.4110,-6,-0.015708,-0.000196
25.4210,-6,-0.015708,-0.000196
25.4310,-6,-0.015708,-0.000196
25.4410,-6,-0.015708,-0.000196
25.4510,-6,-0.015708,-0.000196
25.4610,-6,-0.015708,-0.000196
25.4710,-6,-0.015708,-0.000196
25.4810,-6,-0.015708,-0.000196
25.4910,-6,-0.015708,-0.000196
25.5010,-6,-0.015708,-0.000196
25.5110,-6,-0.015708,-0.000196
25.5210,-6,-0.015708,-0.000196
25.5310,-6,-0.015708,-0.000196
25.5410,-6,-0.015708,-0.000196
25.5510,-6,-0.015708,-0.000196
25.5610,-6,-0.015708,-0.000196
25.5710,-6,-0.015708,-0.000196
25.5810,-6,-0.015708,-0.000196
25.5910,-6,-0.015708,-0.000196
25.6010,-6,-0.015708,-0.000196
25.6110,-6,-0.015708,-0.000196
25.6210,-6,-0.015708,-0.000196
25.6310,-6,-0.015708,-0.000196
25.6410,-6,-0.015708,-0.000196
25.6510,-6,-0.015708,-0.000196
25.6610,-6,-0.015708,-0.000196
25.6710,-6,-0.015708,-0.000196
25.6810,-6,-0.015708,-0.000196
25.6920,-6,-0.015708,-0.000196
25.7010,-6,-0.015708,-0.000196
25.7110,-6,-0.015708,-0.000196
25.7210,-6,-0.015708,-0.000196
25.7310,-6,-0.015708,-0.000196
25.7410,-6,-0.015708,-0.000196
25.7510,-6,-0.015708,-0.000196
25.7610,-6,-0.015708,-0.000196
25.7710,-6,-0.015708,-0.000196
25.7810,-6,-0.015708,-0.000196
25.7910,-6,-0.015708,-0.000196
25.8010,-6,-0.015708,-0.000196
25.8110,-6,-0.015708,-0.000196
25.8210,-7,-0.018326,-0.000229
25.8310,-7,-0.018326,-0.000229
25.8410,-7,-0.018326,-0.000229
25.8510,-7,-0.018326,-0.000229
25.8610,-7,-0.018326,-0.000229
25.8710,-7,-0.018326,-0.000229
25.8810,-7,-0.018326,-0.000229
25.8910,-7,-0.018326,-0.000229
25.9010,-7,-0.018326,-0.000229
25.9110,-7,-0.018326,-0.000229
25.9210,-7,-0.018326,-0.000229
25.9310,-7,-0.018326,-0.000229
25.9410,-7,-0.018326,-0.000229
25.9510,-7,-0.018326,-0.000229
25.9610,-7,-0.018326,-0.000229
25.9710,-7,-0.018326,-0.000229
25.9810,-7,-0.018326,-0.000229
25.9910,-7,-0.018326,-0.000229
26.0010,-7,-0.018326,-0.000229
26.0110,-7,-0.018326,-0.000229
26.0210,-7,-0.018326,-0.000229
26.0310,-7,-0.018326,-0.000229
26.0410,-7,-0.018326,-0.000229
26.0510,-7,-0.018326,-0.000229
26.0610,-7,-0.018326,-0.000229
26.0710,-7,-0.018326,-0.000229
26.0810,-7,-0.018326,-0.000229
26.0910,-7,-0.018326,-0.000229
26.1010,-7,-0.018326,-0.000229
26.1110,-7,-0.018326,-0.000229
26.1210,-7,-0.018326,-0.000229
26.1310,-7,-0.018326,-0.000229
26.1410,-7,-0.018326,-0.000229
26.1510,-7,-0.018326,-0.000229
26.1610,-7,-0.018326,-0.000229
26.1710,-7,-0.018326,-0.000229
26.1810,-7,-0.018326,-0.000229
26.1910,-7,-0.018326,-0.000229
26.2010,-7,-0.018326,-0.000229
26.2110,-7,-0.018326,-0.000229
26.2210,-7,-0.018326,-0.000229
26.2310,-7,-0.018326,-0.000229
26.2410,-7,-0.018326,-0.000229
26.2510,-7,-0.018326,-0.000229
26.2610,-7,-0.018326,-0.000229
26.2710,-7,-0.018326,-0.000229
26.2810,-7,-0.018326,-0.000229
26.2910,-7,-0.018326,-0.000229
26.3010,-7,-0.018326,-0.000229
26.3110,-7,-0.018326,-0.000229
26.3210,-7,-0.018326,-0.000229
26.3320,-7,-0.018326,-0.000229
26.3410,-7,-0.018326,-0.000229
26.3510,-7,-0.018326,-0.000229
26.3610,-7,-0.018326,-0.000229
26.3710,-7,-0.018326,-0.000229
26.3810,-7,-0.018326,-0.000229
26.3910,-7,-0.018326,-0.000229
26.4010,-7,-0.018326,-0.000229
26.4110,-7,-0.018326,-0.000229
26.4210,-7,-0.018326,-0.000229
26.4310,-7,-0.018326,-0.000229
26.4410,-7,-0.018326,-0.000229
26.4510,-7,-0.018326,-0.000229
26.4610,-7,-0.018326,-0.000229
26.4710,-7,-0.018326,-0.000229
26.4810,-7,-0.018326,-0.000229
26.4910,-7,-0.018326,-0.000229
26.5010,-7,-0.018326,-0.000229
26.5110,-7,-0.018326,-0.000229
26.5210,-7,-0.018326,-0.000229
26.5310,-7,-0.018326,-0.000229
26.5410,-7,-0.018326,-0.000229
26.5510,-7,-0.018326,-0.000229
26.5610,-7,-0.018326,-0.000229
26.5710,-7,-0.018326,-0.000229
26.5810,-7,-0.018326,-0.000229
26.5910,-7,-0.018326,-0.000229
26.6010,-7,-0.018326,-0.000229
26.6110,-7,-0.018326,-0.000229
26.6210,-7,-0.018326,-0.000229
26.6310,-7,-0.018326,-0.000229
26.6410,-7,-0.018326,-0.000229
26.6510,-7,-0.018326,-0.000229
26.6610,-7,-0.018326,-0.000229
26.6710,-7,-0.018326,-0.000229
26.6810,-7,-0.018326,-0.000229
26.6910,-7,-0.018326,-0.000229
26.7010,-7,-0.018326,-0.000229
26.7110,-7,-0.018326,-0.000229
26.7210,-7,-0.018326,-0.000229
26.7310,-7,-0.018326,-0.000229
26.7410,-7,-0.018326,-0.000229
26.7510,-7,-0.018326,-0.000229
26.7610,-7,-0.018326,-0.000229
26.7710,-7,-0.018326,-0.000229
26.7810,-7,-0.018326,-0.000229
26.7910,-7,-0.018326,-0.000229
26.8010,-7,-0.018326,-0.000229
26.8110,-7,-0.018326,-0.000229
26.8210,-7,-0.018326,-0.000229
26.8310,-7,-0.018326,-0.000229
26.8410,-7,-0.018326,-0.000229
26.8510,-7,-0.018326,-0.000229
26.8610,-7,-0.018326,-0.000229
26.8710,-7,-0.018326,-0.000229
26.8810,-7,-0.018326,-0.000229
26.8910,-7,-0.018326,-0.000229
26.9010,-7,-0.018326,-0.000229
26.9110,-7,-0.018326,-0.000229
26.9210,-7,-0.018326,-0.000229
26.9310,-7,-0.018326,-0.000229
26.9410,-7,-0.018326,-0.000229
26.9510,-7,-0.018326,-0.000229
26.9610,-7,-0.018326,-0.000229
26.9720,-7,-0.018326,-0.000229
26.9810,-7,-0.018326,-0.000229
26.9910,-7,-0.018326,-0.000229
27.0010,-7,-0.018326,-0.000229
27.0110,-7,-0.018326,-0.000229
27.0210,-7,-0.018326,-0.000229
27.0310,-7,-0.018326,-0.000229
27.0410,-7,-0.018326,-0.000229
27.0510,-7,-0.018326,-0.000229
27.0610,-7,-0.018326,-0.000229
27.0710,-7,-0.018326,-0.000229
27.0810,-7,-0.018326,-0.000229
27.0910,-7,-0.018326,-0.000229
27.1010,-7,-0.018326,-0.000229
27.1110,-7,-0.018326,-0.000229
27.1210,-7,-0.018326,-0.000229
27.1310,-7,-0.018326,-0.000229
27.1410,-7,-0.018326,-0.000229
27.1510,-7,-0.018326,-0.000229
27.1610,-7,-0.018326,-0.000229
27.1710,-7,-0.018326,-0.000229
27.1810,-7,-0.018326,-0.000229
27.1910,-7,-0.018326,-0.000229
27.2010,-7,-0.018326,-0.000229
27.2110,-7,-0.018326,-0.000229
27.2210,-7,-0.018326,-0.000229
27.2310,-7,-0.018326,-0.000229
27.2410,-7,-0.018326,-0.000229
27.2510,-7,-0.018326,-0.000229
27.2610,-7,-0.018326,-0.000229
27.2710,-7,-0.018326,-0.000229
27.2810,-7,-0.018326,-0.000229
27.2910,-7,-0.018326,-0.000229
27.3010,-7,-0.018326,-0.000229
27.3110,-7,-0.018326,-0.000229
27.3210,-7,-0.018326,-0.000229
27.3310,-7,-0.018326,-0.000229
27.3410,-7,-0.018326,-0.000229
27.3510,-7,-0.018326,-0.000229
27.3610,-7,-0.018326,-0.000229
27.3710,-7,-0.018326,-0.000229
27.3810,-7,-0.018326,-0.000229
27.3910,-7,-0.018326,-0.000229
27.4010,-7,-0.018326,-0.000229
27.4110,-7,-0.018326,-0.000229
27.4210,-7,-0.018326,-0.000229
27.4310,-7,-0.018326,-0.000229
27.4410,-7,-0.018326,-0.000229
27.4510,-7,-0.018326,-0.000229
27.4610,-7,-0.018326,-0.000229
27.4710,-7,-0.018326,-0.000229
27.4810,-7,-0.018326,-0.000229
27.4910,-7,-0.018326,-0.000229
27.5010,-7,-0.018326,-0.000229
27.5110,-7,-0.018326,-0.000229
27.5210,-7,-0.018326,-0.000229
27.5310,-7,-0.018326,-0.000229
27.5410,-7,-0.018326,-0.000229
27.5510,-7,-0.018326,-0.000229
27.5610,-7,-0.018326,-0.000229
27.5710,-7,-0.018326,-0.000229
27.5810,-7,-0.018326,-0.000229
27.5910,-7,-0.018326,-0.000229
27.6010,-7,-0.018326,-0.000229
27.6120,-7,-0.018326,-0.000229
27.6210,-7,-0.018326,-0.000229
27.6310,-7,-0.018326,-0.000229
27.6410,-7,-0.018326,-0.000229
27.6510,-7,-0.018326,-0.000229
27.6610,-7,-0.018326,-0.000229
27.6710,-7,-0.018326,-0.000229
27.6810,-7,-0.018326,-0.000229
27.6910,-7,-0.018326,-0.000229
27.7010,-7,-0.018326,-0.000229
27.7110,-7,-0.018326,-0.000229
27.7210,-7,-0.018326,-0.000229
27.7310,-7,-0.018326,-0.000229
27.7410,-7,-0.018326,-0.000229
27.7510,-7,-0.018326,-0.000229
27.7610,-7,-0.018326,-0.000229
27.7710,-8,-0.020944,-0.000262
27.7810,-8,-0.020944,-0.000262
27.7910,-8,-0.020944,-0.000262
27.8010,-8,-0.020944,-0.000262
27.8110,-8,-0.020944,-0.000262
27.8210,-8,-0.020944,-0.000262
27.8310,-8,-0.020944,-0.000262
27.8410,-8,-0.020944,-0.000262
27.8510,-8,-0.020944,-0.000262
27.8610,-8,-0.020944,-0.000262
27.8710,-8,-0.020944,-0.000262
27.8810,-8,-0.020944,-0.000262
27.8910,-8,-0.020944,-0.000262
27.9010,-8,-0.020944,-0.000262
27.9110,-8,-0.020944,-0.000262
27.9210,-8,-0.020944,-0.000262
27.9310,-8,-0.020944,-0.000262
27.9410,-8,-0.020944,-0.000262
27.9510,-8,-0.020944,-0.000262
27.9610,-8,-0.020944,-0.000262
27.9710,-8,-0.020944,-0.000262
27.9810,-8,-0.020944,-0.000262
27.9910,-8,-0.020944,-0.000262
28.0010,-8,-0.020944,-0.000262
28.0110,-8,-0.020944,-0.000262
28.0210,-8,-0.020944,-0.000262
28.0310,-8,-0.020944,-0.000262
28.0410,-8,-0.020944,-0.000262
28.0510,-8,-0.020944,-0.000262
28.0610,-8,-0.020944,-0.000262
28.0710,-8,-0.020944,-0.000262
28.0810,-8,-0.020944,-0.000262
28.0910,-8,-0.020944,-0.000262
28.1010,-8,-0.020944,-0.000262
28.1110,-8,-0.020944,-0.000262
28.1210,-8,-0.020944,-0.000262
28.1310,-8,-0.020944,-0.000262
28.1410,-8,-0.020944,-0.000262
28.1510,-8,-0.020944,-0.000262
28.1610,-8,-0.020944,-0.000262
28.1710,-8,-0.020944,-0.000262
28.1810,-8,-0.020944,-0.000262
28.1910,-8,-0.020944,-0.000262
28.2010,-8,-0.020944,-0.000262
28.2110,-8,-0.020944,-0.000262
28.2210,-8,-0.020944,-0.000262
28.2310,-8,-0.020944,-0.000262
28.2410,-8,-0.020944,-0.000262
28.2520,-8,-0.020944,-0.000262
28.2610,-8,-0.020944,-0.000262
28.2710,-8,-0.020944,-0.000262
28.2810,-8,-0.020944,-0.000262
28.2910,-8,-0.020944,-0.000262
28.3010,-8,-0.020944,-0.000262
28.3110,-8,-0.020944,-0.000262
28.3210,-8,-0.020944,-0.000262
28.3310,-8,-0.020944,-0.000262
28.3410,-8,-0.020944,-0.000262
28.3510,-8,-0.020944,-0.000262
28.3610,-8,-0.020944,-0.000262
28.3710,-8,-0.020944,-0.000262
28.3810,-8,-0.020944,-0.000262
28.3910,-8,-0.020944,-0.000262
28.4010,-8,-0.020944,-0.000262
28.4110,-8,-0.020944,-0.000262
28.4210,-8,-0.020944,-0.000262
28.4310,-8,-0.020944,-0.000262
28.4410,-8,-0.020944,-0.000262
28.4510,-8,-0.020944,-0.000262
28.4610,-8,-0.020944,-0.000262
28.4710,-8,-0.020944,-0.000262
28.4810,-8,-0.020944,-0.000262
28.4910,-8,-0.020944,-0.000262
28.5010,-8,-0.020944,-0.000262
28.5110,-8,-0.020944,-0.000262
28.5210,-8,-0.020944,-0.000262
28.5310,-8,-0.020944,-0.000262
28.5410,-8,-0.020944,-0.000262
28.5510,-8,-0.020944,-0.000262
28.5610,-8,-0.020944,-0.000262
28.5710,-8,-0.020944,-0.000262
28.5810,-8,-0.020944,-0.000262
28.5910,-8,-0.020944,-0.000262
28.6010,-8,-0.020944,-0.000262
28.6110,-8,-0.020944,-0.000262
28.6210,-8,-0.020944,-0.000262
28.6310,-8,-0.020944,-0.000262
28.6410,-8,-0.020944,-0.000262
28.6510,-8,-0.020944,-0.000262
28.6610,-8,-0.020944,-0.000262
28.6710,-8,-0.020944,-0.000262
28.6810,-8,-0.020944,-0.000262
28.6910,-8,-0.020944,-0.000262
28.7010,-8,-0.020944,-0.000262
28.7110,-8,-0.020944,-0.000262
28.7210,-8,-0.020944,-0.000262
28.7310,-8,-0.020944,-0.000262
28.7410,-8,-0.020944,-0.000262
28.7510,-8,-0.020944,-0.000262
28.7610,-8,-0.020944,-0.000262
28.7710,-8,-0.020944,-0.000262
28.7810,-8,-0.020944,-0.000262
28.7910,-8,-0.020944,-0.000262
28.8010,-8,-0.020944,-0.000262
28.8110,-8,-0.020944,-0.000262
28.8210,-8,-0.020944,-0.000262
28.8310,-8,-0.020944,-0.000262
28.8410,-8,-0.020944,-0.000262
28.8510,-8,-0.020944,-0.000262
28.8610,-8,-0.020944,-0.000262
28.8710,-8,-0.020944,-0.000262
28.8810,-8,-0.020944,-0.000262
28.8920,-8,-0.020944,-0.000262
28.9010,-8,-0.020944,-0.000262
28.9110,-8,-0.020944,-0.000262
28.9210,-8,-0.020944,-0.000262
28.9310,-8,-0.020944,-0.000262
28.9410,-8,-0.020944,-0.000262
28.9510,-8,-0.020944,-0.000262
28.9610,-8,-0.020944,-0.000262
28.9710,-8,-0.020944,-0.000262
28.9810,-8,-0.020944,-0.000262
28.9910,-8,-0.020944,-0.000262
29.0010,-8,-0.020944,-0.000262
29.0110,-8,-0.020944,-0.000262
29.0210,-8,-0.020944,-0.000262
29.0310,-8,-0.020944,-0.000262
29.0410,-8,-0.020944,-0.000262
29.0510,-8,-0.020944,-0.000262
29.0610,-8,-0.020944,-0.000262
29.0710,-8,-0.020944,-0.000262
29.0810,-8,-0.020944,-0.000262
29.0910,-8,-0.020944,-0.000262
29.1010,-8,-0.020944,-0.000262
29.1110,-8,-0.020944,-0.000262
29.1210,-8,-0.020944,-0.000262
29.1310,-8,-0.020944,-0.000262
29.1410,-8,-0.020944,-0.000262
29.1510,-8,-0.020944,-0.000262
29.1610,-8,-0.020944,-0.000262
29.1710,-8,-0.020944,-0.000262
29.1810,-8,-0.020944,-0.000262
29.1910,-8,-0.020944,-0.000262
29.2010,-8,-0.020944,-0.000262
29.2110,-8,-0.020944,-0.000262
29.2210,-8,-0.020944,-0.000262
29.2310,-8,-0.020944,-0.000262
29.2410,-8,-0.020944,-0.000262
29.2510,-8,-0.020944,-0.000262
29.2610,-8,-0.020944,-0.000262
29.2710,-8,-0.020944,-0.000262
29.2810,-8,-0.020944,-0.000262
29.2910,-8,-0.020944,-0.000262
29.3010,-8,-0.020944,-0.000262
29.3110,-8,-0.020944,-0.000262
29.3210,-8,-0.020944,-0.000262
29.3310,-8,-0.020944,-0.000262
29.3410,-8,-0.020944,-0.000262
29.3510,-8,-0.020944,-0.000262
29.3610,-8,-0.020944,-0.000262
29.3710,-8,-0.020944,-0.000262
29.3810,-8,-0.020944,-0.000262
29.3910,-8,-0.020944,-0.000262
29.4010,-8,-0.020944,-0.000262
29.4110,-8,-0.020944,-0.000262
29.4210,-8,-0.020944,-0.000262
29.4310,-8,-0.020944,-0.000262
29.4410,-8,-0.020944,-0.000262
29.4510,-8,-0.020944,-0.000262
29.4610,-8,-0.020944,-0.000262
29.4710,-8,-0.020944,-0.000262
29.4810,-8,-0.020944,-0.000262
29.4910,-8,-0.020944,-0.000262
29.5010,-8,-0.020944,-0.000262
29.5110,-8,-0.020944,-0.000262
29.5210,-8,-0.020944,-0.000262
29.5320,-8,-0.020944,-0.000262
29.5410,-8,-0.020944,-0.000262
29.5510,-8,-0.020944,-0.000262
29.5610,-8,-0.020944,-0.000262
29.5710,-8,-0.020944,-0.000262
29.5810,-8,-0.020944,-0.000262
29.5910,-8,-0.020944,-0.000262
29.6010,-8,-0.020944,-0.000262
29.6110,-8,-0.020944,-0.000262
29.6210,-8,-0.020944,-0.000262
29.6310,-8,-0.020944,-0.000262
29.6410,-8,-0.020944,-0.000262
29.6510,-8,-0.020944,-0.000262
29.6610,-8,-0.020944,-0.000262
29.6710,-8,-0.020944,-0.000262
29.6810,-8,-0.020944,-0.000262
29.6910,-8,-0.020944,-0.000262
29.7010,-8,-0.020944,-0.000262
29.7110,-8,-0.020944,-0.000262
29.7210,-8,-0.020944,-0.000262
29.7310,-8,-0.020944,-0.000262
29.7410,-8,-0.020944,-0.000262
29.7510,-8,-0.020944,-0.000262
29.7610,-8,-0.020944,-0.000262
29.7710,-8,-0.020944,-0.000262
29.7810,-8,-0.020944,-0.000262
29.7910,-8,-0.020944,-0.000262
29.8010,-8,-0.020944,-0.000262
29.8110,-8,-0.020944,-0.000262
29.8210,-8,-0.020944,-0.000262
29.8310,-8,-0.020944,-0.000262
29.8410,-8,-0.020944,-0.000262
29.8510,-8,-0.020944,-0.000262
29.8610,-8,-0.020944,-0.000262
29.8710,-8,-0.020944,-0.000262
29.8810,-8,-0.020944,-0.000262
29.8910,-8,-0.020944,-0.000262
29.9010,-8,-0.020944,-0.000262
29.9110,-8,-0.020944,-0.000262
29.9210,-8,-0.020944,-0.000262
29.9310,-8,-0.020944,-0.000262
29.9410,-8,-0.020944,-0.000262
29.9510,-8,-0.020944,-0.000262
29.9610,-8,-0.020944,-0.000262
29.9710,-8,-0.020944,-0.000262
29.9810,-8,-0.020944,-0.000262
29.9910,-8,-0.020944,-0.000262
30.0010,-8,-0.020944,-0.000262
30.0110,-8,-0.020944,-0.000262
30.0210,-8,-0.020944,-0.000262
30.0310,-8,-0.020944,-0.000262
30.0410,-8,-0.020944,-0.000262
30.0510,-8,-0.020944,-0.000262
30.0610,-8,-0.020944,-0.000262
30.0710,-8,-0.020944,-0.000262
30.0810,-8,-0.020944,-0.000262
30.0910,-8,-0.020944,-0.000262
30.1010,-8,-0.020944,-0.000262
30.1110,-8,-0.020944,-0.000262
30.1210,-8,-0.020944,-0.000262
30.1310,-8,-0.020944,-0.000262
30.1410,-8,-0.020944,-0.000262
30.1510,-8,-0.020944,-0.000262
30.1610,-8,-0.020944,-0.000262
30.1720,-8,-0.020944,-0.000262
30.1810,-8,-0.020944,-0.000262
30.1910,-8,-0.020944,-0.000262
30.2010,-8,-0.020944,-0.000262
30.2110,-8,-0.020944,-0.000262
30.2210,-8,-0.020944,-0.000262
30.2310,-8,-0.020944,-0.000262
30.2410,-8,-0.020944,-0.000262
30.2510,-8,-0.020944,-0.000262
30.2610,-8,-0.020944,-0.000262
30.2710,-8,-0.020944,-0.000262
30.2810,-8,-0.020944,-0.000262
30.2910,-8,-0.020944,-0.000262
30.3010,-8,-0.020944,-0.000262
30.3110,-8,-0.020944,-0.000262
30.3210,-8,-0.020944,-0.000262
30.3310,-8,-0.020944,-0.000262
30.3410,-8,-0.020944,-0.000262
30.3510,-8,-0.020944,-0.000262
30.3610,-8,-0.020944,-0.000262
30.3710,-8,-0.020944,-0.000262
30.3810,-8,-0.020944,-0.000262
30.3910,-8,-0.020944,-0.000262
30.4010,-8,-0.020944,-0.000262
30.4110,-8,-0.020944,-0.000262
30.4210,-8,-0.020944,-0.000262
30.4310,-8,-0.020944,-0.000262
30.4410,-8,-0.020944,-0.000262
30.4510,-8,-0.020944,-0.000262
30.4610,-8,-0.020944,-0.000262
30.4710,-8,-0.020944,-0.000262
30.4810,-8,-0.020944,-0.000262
30.4910,-8,-0.020944,-0.000262
30.5010,-8,-0.020944,-0.000262
30.5110,-8,-0.020944,-0.000262
30.5210,-8,-0.020944,-0.000262
30.5310,-8,-0.020944,-0.000262
30.5410,-8,-0.020944,-0.000262
30.5510,-8,-0.020944,-0.000262
30.5610,-8,-0.020944,-0.000262
30.5710,-8,-0.020944,-0.000262
30.5810,-8,-0.020944,-0.000262
30.5910,-8,-0.020944,-0.000262
30.6010,-8,-0.020944,-0.000262
30.6110,-8,-0.020944,-0.000262
30.6210,-8,-0.020944,-0.000262
30.6310,-8,-0.020944,-0.000262
30.6410,-8,-0.020944,-0.000262
30.6510,-8,-0.020944,-0.000262
30.6610,-8,-0.020944,-0.000262
30.6710,-8,-0.020944,-0.000262
30.6810,-8,-0.020944,-0.000262
30.6910,-8,-0.020944,-0.000262
30.7010,-8,-0.020944,-0.000262
30.7110,-8,-0.020944,-0.000262
30.7210,-8,-0.020944,-0.000262
30.7310,-8,-0.020944,-0.000262
30.7410,-8,-0.020944,-0.000262
30.7510,-8,-0.020944,-0.000262
30.7610,-8,-0.020944,-0.000262
30.7710,-8,-0.020944,-0.000262
30.7810,-8,-0.020944,-0.000262
30.7910,-8,-0.020944,-0.000262
30.8010,-8,-0.020944,-0.000262
30.8120,-8,-0.020944,-0.000262
30.8210,-8,-0.020944,-0.000262
30.8310,-8,-0.020944,-0.000262
30.8410,-8,-0.020944,-0.000262
30.8510,-8,-0.020944,-0.000262
30.8610,-8,-0.020944,-0.000262
30.8710,-8,-0.020944,-0.000262
30.8810,-8,-0.020944,-0.000262
30.8910,-8,-0.020944,-0.000262
30.9010,-8,-0.020944,-0.000262
30.9110,-8,-0.020944,-0.000262
30.9210,-8,-0.020944,-0.000262
30.9310,-8,-0.020944,-0.000262
30.9410,-8,-0.020944,-0.000262
30.9510,-8,-0.020944,-0.000262
30.9610,-8,-0.020944,-0.000262
30.9710,-8,-0.020944,-0.000262
30.9810,-8,-0.020944,-0.000262
30.9910,-8,-0.020944,-0.000262
31.0010,-8,-0.020944,-0.000262
31.0110,-8,-0.020944,-0.000262
31.0210,-8,-0.020944,-0.000262
31.0310,-8,-0.020944,-0.000262
31.0410,-8,-0.020944,-0.000262
31.0510,-8,-0.020944,-0.000262
31.0610,-8,-0.020944,-0.000262
31.0710,-8,-0.020944,-0.000262
31.0810,-8,-0.020944,-0.000262
31.0910,-8,-0.020944,-0.000262
31.1010,-8,-0.020944,-0.000262
31.1110,-8,-0.020944,-0.000262
31.1210,-8,-0.020944,-0.000262
31.1310,-8,-0.020944,-0.000262
31.1410,-8,-0.020944,-0.000262
31.1510,-8,-0.020944,-0.000262
31.1610,-8,-0.020944,-0.000262
31.1710,-8,-0.020944,-0.000262
31.1810,-8,-0.020944,-0.000262
31.1910,-8,-0.020944,-0.000262
31.2010,-8,-0.020944,-0.000262
31.2110,-8,-0.020944,-0.000262
31.2210,-8,-0.020944,-0.000262
31.2310,-8,-0.020944,-0.000262
31.2410,-8,-0.020944,-0.000262
31.2510,-8,-0.020944,-0.000262
31.2610,-8,-0.020944,-0.000262
31.2710,-8,-0.020944,-0.000262
31.2810,-8,-0.020944,-0.000262
31.2910,-8,-0.020944,-0.000262
31.3010,-8,-0.020944,-0.000262
31.3110,-8,-0.020944,-0.000262
31.3210,-8,-0.020944,-0.000262
31.3310,-8,-0.020944,-0.000262
31.3410,-8,-0.020944,-0.000262
31.3510,-8,-0.020944,-0.000262
31.3610,-8,-0.020944,-0.000262
31.3710,-8,-0.020944,-0.000262
31.3810,-8,-0.020944,-0.000262
31.3910,-8,-0.020944,-0.000262
31.4010,-8,-0.020944,-0.000262
31.4110,-8,-0.020944,-0.000262
31.4210,-8,-0.020944,-0.000262
31.4310,-8,-0.020944,-0.000262
31.4410,-8,-0.020944,-0.000262
31.4520,-8,-0.020944,-0.000262
31.4610,-8,-0.020944,-0.000262
31.4710,-8,-0.020944,-0.000262
31.4810,-8,-0.020944,-0.000262
31.4910,-8,-0.020944,-0.000262
31.5010,-8,-0.020944,-0.000262
31.5110,-8,-0.020944,-0.000262
31.5210,-8,-0.020944,-0.000262
31.5310,-8,-0.020944,-0.000262
31.5410,-8,-0.020944,-0.000262
31.5510,-8,-0.020944,-0.000262
31.5610,-8,-0.020944,-0.000262
31.5710,-8,-0.020944,-0.000262
31.5810,-8,-0.020944,-0.000262
31.5910,-8,-0.020944,-0.000262
31.6010,-9,-0.023562,-0.000295
31.6110,-9,-0.023562,-0.000295
31.6210,-9,-0.023562,-0.000295
31.6310,-9,-0.023562,-0.000295
31.6410,-10,-0.026180,-0.000327
31.6510,-10,-0.026180,-0.000327
31.6610,-10,-0.026180,-0.000327
31.6710,-10,-0.026180,-0.000327
31.6810,-10,-0.026180,-0.000327
31.6910,-10,-0.026180,-0.000327
31.7010,-10,-0.026180,-0.000327
31.7110,-10,-0.026180,-0.000327
31.7210,-10,-0.026180,-0.000327
31.7310,-10,-0.026180,-0.000327
31.7410,-10,-0.026180,-0.000327
31.7510,-10,-0.026180,-0.000327
31.7610,-10,-0.026180,-0.000327
31.7710,-10,-0.026180,-0.000327
31.7810,-10,-0.026180,-0.000327
31.7910,-10,-0.026180,-0.000327
31.8010,-10,-0.026180,-0.000327
31.8110,-10,-0.026180,-0.000327
31.8210,-10,-0.026180,-0.000327
31.8310,-10,-0.026180,-0.000327
31.8410,-10,-0.026180,-0.000327
31.8510,-10,-0.026180,-0.000327
31.8610,-10,-0.026180,-0.000327
31.8710,-10,-0.026180,-0.000327
31.8810,-10,-0.026180,-0.000327
31.8910,-10,-0.026180,-0.000327
31.9010,-10,-0.026180,-0.000327
31.9110,-10,-0.026180,-0.000327
31.9210,-10,-0.026180,-0.000327
31.9310,-10,-0.026180,-0.000327
31.9410,-10,-0.026180,-0.000327
31.9510,-10,-0.026180,-0.000327
31.9610,-10,-0.026180,-0.000327
31.9710,-10,-0.026180,-0.000327
31.9810,-10,-0.026180,-0.000327
31.9910,-10,-0.026180,-0.000327
32.0010,-10,-0.026180,-0.000327
32.0110,-10,-0.026180,-0.000327
32.0210,-10,-0.026180,-0.000327
32.0310,-10,-0.026180,-0.000327
32.0410,-10,-0.026180,-0.000327
32.0510,-10,-0.026180,-0.000327
32.0610,-10,-0.026180,-0.000327
32.0710,-10,-0.026180,-0.000327
32.0810,-10,-0.026180,-0.000327
32.0920,-10,-0.026180,-0.000327
32.1010,-10,-0.026180,-0.000327
32.1110,-10,-0.026180,-0.000327
32.1210,-10,-0.026180,-0.000327
32.1310,-10,-0.026180,-0.000327
32.1410,-10,-0.026180,-0.000327
32.1510,-10,-0.026180,-0.000327
32.1610,-10,-0.026180,-0.000327
32.1710,-10,-0.026180,-0.000327
32.1810,-10,-0.026180,-0.000327
32.1910,-10,-0.026180,-0.000327
32.2010,-10,-0.026180,-0.000327
32.2110,-10,-0.026180,-0.000327
32.2210,-10,-0.026180,-0.000327
32.2310,-10,-0.026180,-0.000327
32.2410,-10,-0.026180,-0.000327
32.2510,-10,-0.026180,-0.000327
32.2610,-10,-0.026180,-0.000327
32.2710,-10,-0.026180,-0.000327
32.2810,-10,-0.026180,-0.000327
32.2910,-10,-0.026180,-0.000327
32.3010,-10,-0.026180,-0.000327
32.3110,-10,-0.026180,-0.000327
32.3210,-10,-0.026180,-0.000327
32.3310,-10,-0.026180,-0.000327
32.3410,-10,-0.026180,-0.000327
32.3510,-10,-0.026180,-0.000327
32.3610,-10,-0.026180,-0.000327
32.3710,-10,-0.026180,-0.000327
32.3810,-10,-0.026180,-0.000327
32.3910,-10,-0.026180,-0.000327
32.4010,-10,-0.026180,-0.000327
32.4110,-10,-0.026180,-0.000327
32.4210,-10,-0.026180,-0.000327
32.4310,-10,-0.026180,-0.000327
32.4410,-10,-0.026180,-0.000327
32.4510,-10,-0.026180,-0.000327
32.4610,-10,-0.026180,-0.000327
32.4710,-10,-0.026180,-0.000327
32.4810,-10,-0.026180,-0.000327
32.4910,-10,-0.026180,-0.000327
32.5010,-10,-0.026180,-0.000327
32.5110,-10,-0.026180,-0.000327
32.5210,-10,-0.026180,-0.000327
32.5310,-10,-0.026180,-0.000327
32.5410,-10,-0.026180,-0.000327
32.5510,-10,-0.026180,-0.000327
32.5610,-10,-0.026180,-0.000327
32.5710,-10,-0.026180,-0.000327
32.5810,-10,-0.026180,-0.000327
32.5910,-10,-0.026180,-0.000327
32.6010,-10,-0.026180,-0.000327
32.6110,-10,-0.026180,-0.000327
32.6210,-10,-0.026180,-0.000327
32.6310,-10,-0.026180,-0.000327
32.6410,-10,-0.026180,-0.000327
32.6510,-10,-0.026180,-0.000327
32.6610,-10,-0.026180,-0.000327
32.6710,-10,-0.026180,-0.000327
32.6810,-10,-0.026180,-0.000327
32.6910,-10,-0.026180,-0.000327
32.7010,-10,-0.026180,-0.000327
32.7110,-10,-0.026180,-0.000327
32.7210,-10,-0.026180,-0.000327
32.7320,-10,-0.026180,-0.000327
32.7410,-10,-0.026180,-0.000327
32.7510,-10,-0.026180,-0.000327
32.7610,-10,-0.026180,-0.000327
32.7710,-10,-0.026180,-0.000327
32.7810,-10,-0.026180,-0.000327
32.7910,-10,-0.026180,-0.000327
32.8010,-10,-0.026180,-0.000327
32.8110,-10,-0.026180,-0.000327
32.8210,-10,-0.026180,-0.000327
32.8310,-10,-0.026180,-0.000327
32.8410,-10,-0.026180,-0.000327
32.8510,-10,-0.026180,-0.000327
32.8610,-10,-0.026180,-0.000327
32.8710,-10,-0.026180,-0.000327
32.8810,-10,-0.026180,-0.000327
32.8910,-10,-0.026180,-0.000327
32.9010,-10,-0.026180,-0.000327
32.9110,-10,-0.026180,-0.000327
32.9210,-10,-0.026180,-0.000327
32.9310,-10,-0.026180,-0.000327
32.9410,-10,-0.026180,-0.000327
32.9510,-10,-0.026180,-0.000327
32.9610,-10,-0.026180,-0.000327
32.9710,-10,-0.026180,-0.000327
32.9810,-10,-0.026180,-0.000327
32.9910,-10,-0.026180,-0.000327
33.0010,-10,-0.026180,-0.000327
33.0110,-10,-0.026180,-0.000327
33.0210,-10,-0.026180,-0.000327
33.0310,-10,-0.026180,-0.000327
33.0410,-10,-0.026180,-0.000327
33.0510,-10,-0.026180,-0.000327
33.0610,-10,-0.026180,-0.000327
33.0710,-10,-0.026180,-0.000327
33.0810,-10,-0.026180,-0.000327
33.0910,-10,-0.026180,-0.000327
33.1010,-10,-0.026180,-0.000327
33.1110,-10,-0.026180,-0.000327
33.1210,-10,-0.026180,-0.000327
33.1310,-10,-0.026180,-0.000327
33.1410,-10,-0.026180,-0.000327
33.1510,-10,-0.026180,-0.000327
33.1610,-10,-0.026180,-0.000327
33.1710,-10,-0.026180,-0.000327
33.1810,-10,-0.026180,-0.000327
33.1910,-10,-0.026180,-0.000327
33.2010,-10,-0.026180,-0.000327
33.2110,-10,-0.026180,-0.000327
33.2210,-10,-0.026180,-0.000327
33.2310,-10,-0.026180,-0.000327
33.2410,-10,-0.026180,-0.000327
33.2510,-10,-0.026180,-0.000327
33.2610,-10,-0.026180,-0.000327
33.2710,-10,-0.026180,-0.000327
33.2810,-10,-0.026180,-0.000327
33.2910,-10,-0.026180,-0.000327
33.3010,-10,-0.026180,-0.000327
33.3110,-10,-0.026180,-0.000327
33.3210,-10,-0.026180,-0.000327
33.3310,-10,-0.026180,-0.000327
33.3410,-10,-0.026180,-0.000327
33.3510,-10,-0.026180,-0.000327
33.3610,-10,-0.026180,-0.000327
33.3720,-10,-0.026180,-0.000327
33.3810,-10,-0.026180,-0.000327
33.3910,-10,-0.026180,-0.000327
33.4010,-10,-0.026180,-0.000327
33.4110,-10,-0.026180,-0.000327
33.4210,-10,-0.026180,-0.000327
33.4310,-10,-0.026180,-0.000327
33.4410,-10,-0.026180,-0.000327
33.4510,-10,-0.026180,-0.000327
33.4610,-10,-0.026180,-0.000327
33.4710,-10,-0.026180,-0.000327
33.4810,-10,-0.026180,-0.000327
33.4910,-10,-0.026180,-0.000327
33.5010,-10,-0.026180,-0.000327
33.5110,-10,-0.026180,-0.000327
33.5210,-10,-0.026180,-0.000327
33.5310,-10,-0.026180,-0.000327
33.5410,-10,-0.026180,-0.000327
33.5510,-10,-0.026180,-0.000327
33.5610,-10,-0.026180,-0.000327
33.5710,-11,-0.028798,-0.000360
33.5810,-11,-0.028798,-0.000360
33.5910,-11,-0.028798,-0.000360
33.6010,-11,-0.028798,-0.000360
33.6110,-11,-0.028798,-0.000360
33.6210,-11,-0.028798,-0.000360
33.6310,-11,-0.028798,-0.000360
33.6410,-11,-0.028798,-0.000360
33.6510,-11,-0.028798,-0.000360
33.6610,-11,-0.028798,-0.000360
33.6710,-11,-0.028798,-0.000360
33.6810,-11,-0.028798,-0.000360
33.6910,-11,-0.028798,-0.000360
33.7010,-11,-0.028798,-0.000360
33.7110,-11,-0.028798,-0.000360
33.7210,-11,-0.028798,-0.000360
33.7310,-11,-0.028798,-0.000360
33.7410,-11,-0.028798,-0.000360
33.7510,-11,-0.028798,-0.000360
33.7610,-11,-0.028798,-0.000360
33.7710,-11,-0.028798,-0.000360
33.7810,-11,-0.028798,-0.000360
33.7910,-11,-0.028798,-0.000360
33.8010,-11,-0.028798,-0.000360
33.8110,-11,-0.028798,-0.000360
33.8210,-11,-0.028798,-0.000360
33.8310,-11,-0.028798,-0.000360
33.8410,-11,-0.028798,-0.000360
33.8510,-11,-0.028798,-0.000360
33.8610,-11,-0.028798,-0.000360
33.8710,-11,-0.028798,-0.000360
33.8810,-11,-0.028798,-0.000360
33.8910,-11,-0.028798,-0.000360
33.9010,-11,-0.028798,-0.000360
33.9110,-11,-0.028798,-0.000360
33.9210,-11,-0.028798,-0.000360
33.9310,-11,-0.028798,-0.000360
33.9410,-11,-0.028798,-0.000360
33.9510,-11,-0.028798,-0.000360
33.9610,-11,-0.028798,-0.000360
33.9710,-11,-0.028798,-0.000360
33.9810,-11,-0.028798,-0.000360
33.9910,-11,-0.028798,-0.000360
34.0010,-11,-0.028798,-0.000360
34.0120,-11,-0.028798,-0.000360
34.0210,-11,-0.028798,-0.000360
34.0310,-11,-0.028798,-0.000360
34.0410,-11,-0.028798,-0.000360
34.0510,-11,-0.028798,-0.000360
34.0610,-11,-0.028798,-0.000360
34.0710,-11,-0.028798,-0.000360
34.0810,-11,-0.028798,-0.000360
34.0910,-11,-0.028798,-0.000360
34.1010,-11,-0.028798,-0.000360
34.1110,-11,-0.028798,-0.000360
34.1210,-11,-0.028798,-0.000360
34.1310,-11,-0.028798,-0.000360
34.1410,-11,-0.028798,-0.000360
34.1510,-11,-0.028798,-0.000360
34.1610,-11,-0.028798,-0.000360
34.1710,-11,-0.028798,-0.000360
34.1810,-11,-0.028798,-0.000360
34.1910,-11,-0.028798,-0.000360
34.2010,-11,-0.028798,-0.000360
34.2110,-11,-0.028798,-0.000360
34.2210,-11,-0.028798,-0.000360
34.2310,-11,-0.028798,-0.000360
34.2410,-11,-0.028798,-0.000360
34.2510,-11,-0.028798,-0.000360
34.2610,-11,-0.028798,-0.000360
34.2710,-11,-0.028798,-0.000360
34.2810,-11,-0.028798,-0.000360
34.2910,-11,-0.028798,-0.000360
34.3010,-11,-0.028798,-0.000360
34.3110,-11,-0.028798,-0.000360
34.3210,-11,-0.028798,-0.000360
34.3310,-11,-0.028798,-0.000360
34.3410,-11,-0.028798,-0.000360
34.3510,-11,-0.028798,-0.000360
34.3610,-11,-0.028798,-0.000360
34.3710,-11,-0.028798,-0.000360
34.3810,-11,-0.028798,-0.000360
34.3910,-11,-0.028798,-0.000360
34.4010,-11,-0.028798,-0.000360
34.4110,-11,-0.028798,-0.000360
34.4210,-11,-0.028798,-0.000360
34.4310,-11,-0.028798,-0.000360
34.4410,-11,-0.028798,-0.000360
34.4510,-11,-0.028798,-0.000360
34.4610,-11,-0.028798,-0.000360
34.4710,-11,-0.028798,-0.000360
34.4810,-11,-0.028798,-0.000360
34.4910,-11,-0.028798,-0.000360
34.5010,-11,-0.028798,-0.000360
34.5110,-11,-0.028798,-0.000360
34.5210,-11,-0.028798,-0.000360
34.5310,-11,-0.028798,-0.000360
34.5410,-11,-0.028798,-0.000360
34.5510,-11,-0.028798,-0.000360
34.5610,-11,-0.028798,-0.000360
34.5710,-11,-0.028798,-0.000360
34.5810,-11,-0.028798,-0.000360
34.5910,-11,-0.028798,-0.000360
34.6010,-11,-0.028798,-0.000360
34.6110,-11,-0.028798,-0.000360
34.6210,-11,-0.028798,-0.000360
34.6310,-11,-0.028798,-0.000360
34.6410,-11,-0.028798,-0.000360
34.6520,-11,-0.028798,-0.000360
34.6610,-11,-0.028798,-0.000360
34.6710,-11,-0.028798,-0.000360
34.6810,-11,-0.028798,-0.000360
34.6910,-11,-0.028798,-0.000360
34.7010,-11,-0.028798,-0.000360
34.7110,-11,-0.028798,-0.000360
34.7210,-11,-0.028798,-0.000360
34.7310,-11,-0.028798,-0.000360
34.7410,-11,-0.028798,-0.000360
34.7510,-11,-0.028798,-0.000360
34.7610,-11,-0.028798,-0.000360
34.7710,-11,-0.028798,-0.000360
34.7810,-11,-0.028798,-0.000360
34.7910,-11,-0.028798,-0.000360
34.8010,-11,-0.028798,-0.000360
34.8110,-11,-0.028798,-0.000360
34.8210,-11,-0.028798,-0.000360
34.8310,-11,-0.028798,-0.000360
34.8410,-11,-0.028798,-0.000360
34.8510,-11,-0.028798,-0.000360
34.8610,-11,-0.028798,-0.000360
34.8710,-11,-0.028798,-0.000360
34.8810,-11,-0.028798,-0.000360
34.8910,-11,-0.028798,-0.000360
34.9010,-11,-0.028798,-0.000360
34.9110,-11,-0.028798,-0.000360
34.9210,-11,-0.028798,-0.000360
34.9310,-11,-0.028798,-0.000360
34.9410,-11,-0.028798,-0.000360
34.9510,-11,-0.028798,-0.000360
34.9610,-11,-0.028798,-0.000360
34.9710,-11,-0.028798,-0.000360
34.9810,-11,-0.028798,-0.000360
34.9910,-11,-0.028798,-0.000360
35.0010,-11,-0.028798,-0.000360
35.0110,-11,-0.028798,-0.000360
35.0210,-11,-0.028798,-0.000360
35.0310,-11,-0.028798,-0.000360
35.0410,-11,-0.028798,-0.000360
35.0510,-11,-0.028798,-0.000360
35.0610,-11,-0.028798,-0.000360
35.0710,-11,-0.028798,-0.000360
35.0810,-11,-0.028798,-0.000360
35.0910,-11,-0.028798,-0.000360
35.1010,-11,-0.028798,-0.000360
35.1110,-11,-0.028798,-0.000360
35.1210,-11,-0.028798,-0.000360
35.1310,-11,-0.028798,-0.000360
35.1410,-11,-0.028798,-0.000360
35.1510,-11,-0.028798,-0.000360
35.1610,-11,-0.028798,-0.000360
35.1710,-11,-0.028798,-0.000360
35.1810,-11,-0.028798,-0.000360
35.1910,-11,-0.028798,-0.000360
35.2010,-11,-0.028798,-0.000360
35.2110,-11,-0.028798,-0.000360
35.2210,-11,-0.028798,-0.000360
35.2310,-11,-0.028798,-0.000360
35.2410,-11,-0.028798,-0.000360
35.2510,-11,-0.028798,-0.000360
35.2610,-11,-0.028798,-0.000360
35.2710,-11,-0.028798,-0.000360
35.2810,-11,-0.028798,-0.000360
35.2920,-11,-0.028798,-0.000360
35.3010,-11,-0.028798,-0.000360
35.3110,-11,-0.028798,-0.000360
35.3210,-11,-0.028798,-0.000360
35.3310,-11,-0.028798,-0.000360
35.3410,-11,-0.028798,-0.000360
35.3510,-11,-0.028798,-0.000360
35.3610,-11,-0.028798,-0.000360
35.3710,-11,-0.028798,-0.000360
35.3810,-11,-0.028798,-0.000360
35.3910,-11,-0.028798,-0.000360
35.4010,-11,-0.028798,-0.000360
35.4110,-11,-0.028798,-0.000360
35.4210,-11,-0.028798,-0.000360
35.4310,-11,-0.028798,-0.000360
35.4410,-11,-0.028798,-0.000360
35.4510,-11,-0.028798,-0.000360
35.4610,-11,-0.028798,-0.000360
35.4710,-11,-0.028798,-0.000360
35.4810,-11,-0.028798,-0.000360
35.4910,-12,-0.031416,-0.000393
35.5010,-12,-0.031416,-0.000393
35.5110,-12,-0.031416,-0.000393
35.5210,-12,-0.031416,-0.000393
35.5310,-12,-0.031416,-0.000393
35.5410,-12,-0.031416,-0.000393
35.5510,-12,-0.031416,-0.000393
35.5610,-12,-0.031416,-0.000393
35.5710,-12,-0.031416,-0.000393
35.5810,-12,-0.031416,-0.000393
35.5910,-12,-0.031416,-0.000393
35.6010,-12,-0.031416,-0.000393
35.6110,-12,-0.031416,-0.000393
35.6210,-12,-0.031416,-0.000393
35.6310,-12,-0.031416,-0.000393
35.6410,-12,-0.031416,-0.000393
35.6510,-12,-0.031416,-0.000393
35.6610,-12,-0.031416,-0.000393
35.6710,-12,-0.031416,-0.000393
35.6810,-12,-0.031416,-0.000393
35.6910,-12,-0.031416,-0.000393
35.7010,-12,-0.031416,-0.000393
35.7110,-12,-0.031416,-0.000393
35.7210,-12,-0.031416,-0.000393
35.7310,-12,-0.031416,-0.000393
35.7410,-12,-0.031416,-0.000393
35.7510,-12,-0.031416,-0.000393
35.7610,-12,-0.031416,-0.000393
35.7710,-12,-0.031416,-0.000393
35.7810,-12,-0.031416,-0.000393
35.7910,-12,-0.031416,-0.000393
35.8010,-12,-0.031416,-0.000393
35.8110,-12,-0.031416,-0.000393
35.8210,-12,-0.031416,-0.000393
35.8310,-12,-0.031416,-0.000393
35.8410,-12,-0.031416,-0.000393
35.8510,-12,-0.031416,-0.000393
35.8610,-12,-0.031416,-0.000393
35.8710,-12,-0.031416,-0.000393
35.8810,-12,-0.031416,-0.000393
35.8910,-12,-0.031416,-0.000393
35.9010,-12,-0.031416,-0.000393
35.9110,-12,-0.031416,-0.000393
35.9210,-12,-0.031416,-0.000393
35.9320,-12,-0.031416,-0.000393
35.9410,-12,-0.031416,-0.000393
35.9510,-12,-0.031416,-0.000393
35.9610,-12,-0.031416,-0.000393
35.9710,-12,-0.031416,-0.000393
35.9810,-12,-0.031416,-0.000393
35.9910,-12,-0.031416,-0.000393
36.0010,-12,-0.031416,-0.000393
36.0110,-12,-0.031416,-0.000393
36.0210,-12,-0.031416,-0.000393
36.0310,-12,-0.031416,-0.000393
36.0410,-12,-0.031416,-0.000393
36.0510,-12,-0.031416,-0.000393
36.0610,-12,-0.031416,-0.000393
36.0710,-12,-0.031416,-0.000393
36.0810,-12,-0.031416,-0.000393
36.0910,-12,-0.031416,-0.000393
36.1010,-12,-0.031416,-0.000393
36.1110,-12,-0.031416,-0.000393
36.1210,-12,-0.031416,-0.000393
36.1310,-12,-0.031416,-0.000393
36.1410,-12,-0.031416,-0.000393
36.1510,-12,-0.031416,-0.000393
36.1610,-12,-0.031416,-0.000393
36.1710,-12,-0.031416,-0.000393
36.1810,-12,-0.031416,-0.000393
36.1910,-12,-0.031416,-0.000393
36.2010,-12,-0.031416,-0.000393
36.2110,-12,-0.031416,-0.000393
36.2210,-12,-0.031416,-0.000393
36.2310,-12,-0.031416,-0.000393
36.2410,-12,-0.031416,-0.000393
36.2510,-12,-0.031416,-0.000393
36.2610,-12,-0.031416,-0.000393
36.2710,-12,-0.031416,-0.000393
36.2810,-12,-0.031416,-0.000393
36.2910,-12,-0.031416,-0.000393
36.3010,-12,-0.031416,-0.000393
36.3110,-12,-0.031416,-0.000393
36.3210,-12,-0.031416,-0.000393
36.3310,-12,-0.031416,-0.000393
36.3410,-12,-0.031416,-0.000393
36.3510,-12,-0.031416,-0.000393
36.3610,-12,-0.031416,-0.000393
36.3710,-12,-0.031416,-0.000393
36.3810,-12,-0.031416,-0.000393
36.3910,-12,-0.031416,-0.000393
36.4010,-12,-0.031416,-0.000393
36.4110,-12,-0.031416,-0.000393
36.4210,-12,-0.031416,-0.000393
36.4310,-12,-0.031416,-0.000393
36.4410,-12,-0.031416,-0.000393
36.4510,-12,-0.031416,-0.000393
36.4610,-12,-0.031416,-0.000393
36.4710,-12,-0.031416,-0.000393
36.4810,-12,-0.031416,-0.000393
36.4910,-12,-0.031416,-0.000393
36.5010,-12,-0.031416,-0.000393
36.5110,-12,-0.031416,-0.000393
36.5210,-12,-0.031416,-0.000393
36.5310,-12,-0.031416,-0.000393
36.5410,-12,-0.031416,-0.000393
36.5510,-12,-0.031416,-0.000393
36.5610,-12,-0.031416,-0.000393
36.5720,-12,-0.031416,-0.000393
36.5810,-12,-0.031416,-0.000393
36.5910,-12,-0.031416,-0.000393
36.6010,-12,-0.031416,-0.000393
36.6110,-12,-0.031416,-0.000393
36.6210,-12,-0.031416,-0.000393
36.6310,-12,-0.031416,-0.000393
36.6410,-12,-0.031416,-0.000393
36.6510,-12,-0.031416,-0.000393
36.6610,-12,-0.031416,-0.000393
36.6710,-12,-0.031416,-0.000393
36.6810,-12,-0.031416,-0.000393
36.6910,-12,-0.031416,-0.000393
36.7010,-12,-0.031416,-0.000393
36.7110,-12,-0.031416,-0.000393
36.7210,-12,-0.031416,-0.000393
36.7310,-12,-0.031416,-0.000393
36.7410,-12,-0.031416,-0.000393
36.7510,-12,-0.031416,-0.000393
36.7610,-12,-0.031416,-0.000393
36.7710,-12,-0.031416,-0.000393
36.7810,-12,-0.031416,-0.000393
36.7910,-12,-0.031416,-0.000393
36.8010,-12,-0.031416,-0.000393
36.8110,-12,-0.031416,-0.000393
36.8210,-12,-0.031416,-0.000393
36.8310,-12,-0.031416,-0.000393
36.8410,-12,-0.031416,-0.000393
36.8510,-12,-0.031416,-0.000393
36.8610,-12,-0.031416,-0.000393
36.8710,-12,-0.031416,-0.000393
36.8810,-12,-0.031416,-0.000393
36.8910,-12,-0.031416,-0.000393
36.9010,-12,-0.031416,-0.000393
36.9110,-12,-0.031416,-0.000393
36.9210,-12,-0.031416,-0.000393
36.9310,-12,-0.031416,-0.000393
36.9410,-12,-0.031416,-0.000393
36.9510,-12,-0.031416,-0.000393
36.9610,-12,-0.031416,-0.000393
36.9710,-12,-0.031416,-0.000393
36.9810,-12,-0.031416,-0.000393
36.9910,-12,-0.031416,-0.000393
37.0010,-12,-0.031416,-0.000393
37.0110,-12,-0.031416,-0.000393
37.0210,-12,-0.031416,-0.000393
37.0310,-12,-0.031416,-0.000393
37.0410,-12,-0.031416,-0.000393
37.0510,-12,-0.031416,-0.000393
37.0610,-12,-0.031416,-0.000393
37.0710,-12,-0.031416,-0.000393
37.0810,-12,-0.031416,-0.000393
37.0910,-12,-0.031416,-0.000393
37.1010,-12,-0.031416,-0.000393
37.1110,-12,-0.031416,-0.000393
37.1210,-12,-0.031416,-0.000393
37.1310,-12,-0.031416,-0.000393
37.1410,-12,-0.031416,-0.000393
37.1510,-12,-0.031416,-0.000393
37.1610,-12,-0.031416,-0.000393
37.1710,-12,-0.031416,-0.000393
37.1810,-12,-0.031416,-0.000393
37.1910,-12,-0.031416,-0.000393
37.2010,-12,-0.031416,-0.000393
37.2120,-12,-0.031416,-0.000393
37.2210,-12,-0.031416,-0.000393
37.2310,-12,-0.031416,-0.000393
37.2410,-12,-0.031416,-0.000393
37.2510,-12,-0.031416,-0.000393
37.2610,-12,-0.031416,-0.000393
37.2710,-12,-0.031416,-0.000393
37.2810,-12,-0.031416,-0.000393
37.2910,-12,-0.031416,-0.000393
37.3010,-12,-0.031416,-0.000393
37.3110,-12,-0.031416,-0.000393
37.3210,-12,-0.031416,-0.000393
37.3310,-12,-0.031416,-0.000393
37.3410,-12,-0.031416,-0.000393
37.3510,-12,-0.031416,-0.000393
37.3610,-12,-0.031416,-0.000393
37.3710,-12,-0.031416,-0.000393
37.3810,-12,-0.031416,-0.000393
37.3910,-12,-0.031416,-0.000393
37.4010,-12,-0.031416,-0.000393
37.4110,-12,-0.031416,-0.000393
37.4210,-13,-0.034034,-0.000425
37.4310,-13,-0.034034,-0.000425
37.4410,-13,-0.034034,-0.000425
37.4510,-13,-0.034034,-0.000425
37.4610,-13,-0.034034,-0.000425
37.4710,-13,-0.034034,-0.000425
37.4810,-13,-0.034034,-0.000425
37.4910,-13,-0.034034,-0.000425
37.5010,-13,-0.034034,-0.000425
37.5110,-13,-0.034034,-0.000425
37.5210,-13,-0.034034,-0.000425
37.5310,-13,-0.034034,-0.000425
37.5410,-13,-0.034034,-0.000425
37.5510,-13,-0.034034,-0.000425
37.5610,-13,-0.034034,-0.000425
37.5710,-13,-0.034034,-0.000425
37.5810,-13,-0.034034,-0.000425
37.5910,-13,-0.034034,-0.000425
37.6010,-13,-0.034034,-0.000425
37.6110,-13,-0.034034,-0.000425
37.6210,-13,-0.034034,-0.000425
37.6310,-13,-0.034034,-0.000425
37.6410,-13,-0.034034,-0.000425
37.6510,-13,-0.034034,-0.000425
37.6610,-13,-0.034034,-0.000425
37.6710,-13,-0.034034,-0.000425
37.6810,-13,-0.034034,-0.000425
37.6910,-13,-0.034034,-0.000425
37.7010,-13,-0.034034,-0.000425
37.7110,-13,-0.034034,-0.000425
37.7210,-13,-0.034034,-0.000425
37.7310,-13,-0.034034,-0.000425
37.7410,-13,-0.034034,-0.000425
37.7510,-13,-0.034034,-0.000425
37.7610,-13,-0.034034,-0.000425
37.7710,-13,-0.034034,-0.000425
37.7810,-13,-0.034034,-0.000425
37.7910,-13,-0.034034,-0.000425
37.8010,-13,-0.034034,-0.000425
37.8110,-13,-0.034034,-0.000425
37.8210,-13,-0.034034,-0.000425
37.8310,-13,-0.034034,-0.000425
37.8410,-13,-0.034034,-0.000425
37.8520,-13,-0.034034,-0.000425
37.8610,-13,-0.034034,-0.000425
37.8710,-13,-0.034034,-0.000425
37.8810,-13,-0.034034,-0.000425
37.8910,-13,-0.034034,-0.000425
37.9010,-13,-0.034034,-0.000425
37.9110,-13,-0.034034,-0.000425
37.9210,-13,-0.034034,-0.000425
37.9310,-13,-0.034034,-0.000425
37.9410,-13,-0.034034,-0.000425
37.9510,-13,-0.034034,-0.000425
37.9610,-13,-0.034034,-0.000425
37.9710,-13,-0.034034,-0.000425
37.9810,-13,-0.034034,-0.000425
37.9910,-13,-0.034034,-0.000425
38.0010,-13,-0.034034,-0.000425
38.0110,-13,-0.034034,-0.000425
38.0210,-13,-0.034034,-0.000425
38.0310,-13,-0.034034,-0.000425
38.0410,-13,-0.034034,-0.000425
38.0510,-13,-0.034034,-0.000425
38.0610,-13,-0.034034,-0.000425
38.0710,-13,-0.034034,-0.000425
38.0810,-13,-0.034034,-0.000425
38.0910,-13,-0.034034,-0.000425
38.1010,-13,-0.034034,-0.000425
38.1110,-13,-0.034034,-0.000425
38.1210,-13,-0.034034,-0.000425
38.1310,-13,-0.034034,-0.000425
38.1410,-13,-0.034034,-0.000425
38.1510,-13,-0.034034,-0.000425
38.1610,-13,-0.034034,-0.000425
38.1710,-13,-0.034034,-0.000425
38.1810,-13,-0.034034,-0.000425
38.1910,-13,-0.034034,-0.000425
38.2010,-13,-0.034034,-0.000425
38.2110,-13,-0.034034,-0.000425
38.2210,-13,-0.034034,-0.000425
38.2310,-13,-0.034034,-0.000425
38.2410,-13,-0.034034,-0.000425
38.2510,-13,-0.034034,-0.000425
38.2610,-13,-0.034034,-0.000425
38.2710,-13,-0.034034,-0.000425
38.2810,-13,-0.034034,-0.000425
38.2910,-13,-0.034034,-0.000425
38.3010,-13,-0.034034,-0.000425
38.3110,-13,-0.034034,-0.000425
38.3210,-13,-0.034034,-0.000425
38.3310,-13,-0.034034,-0.000425
38.3410,-13,-0.034034,-0.000425
38.3510,-13,-0.034034,-0.000425
38.3610,-13,-0.034034,-0.000425
38.3710,-13,-0.034034,-0.000425
38.3810,-13,-0.034034,-0.000425
38.3910,-13,-0.034034,-0.000425
38.4010,-13,-0.034034,-0.000425
38.4110,-13,-0.034034,-0.000425
38.4210,-13,-0.034034,-0.000425
38.4310,-13,-0.034034,-0.000425
38.4410,-13,-0.034034,-0.000425
38.4510,-13,-0.034034,-0.000425
38.4610,-13,-0.034034,-0.000425
38.4710,-13,-0.034034,-0.000425
38.4810,-13,-0.034034,-0.000425
38.4920,-13,-0.034034,-0.000425
38.5010,-13,-0.034034,-0.000425
38.5110,-13,-0.034034,-0.000425
38.5210,-13,-0.034034,-0.000425
38.5310,-13,-0.034034,-0.000425
38.5410,-13,-0.034034,-0.000425
38.5510,-13,-0.034034,-0.000425
38.5610,-13,-0.034034,-0.000425
38.5710,-13,-0.034034,-0.000425
38.5810,-13,-0.034034,-0.000425
38.5910,-13,-0.034034,-0.000425
38.6010,-13,-0.034034,-0.000425
38.6110,-13,-0.034034,-0.000425
38.6210,-13,-0.034034,-0.000425
38.6310,-13,-0.034034,-0.000425
38.6410,-13,-0.034034,-0.000425
38.6510,-13,-0.034034,-0.000425
38.6610,-13,-0.034034,-0.000425
38.6710,-13,-0.034034,-0.000425
38.6810,-13,-0.034034,-0.000425
38.6910,-13,-0.034034,-0.000425
38.7010,-13,-0.034034,-0.000425
38.7110,-13,-0.034034,-0.000425
38.7210,-13,-0.034034,-0.000425
38.7310,-13,-0.034034,-0.000425
38.7410,-13,-0.034034,-0.000425
38.7510,-13,-0.034034,-0.000425
38.7610,-13,-0.034034,-0.000425
38.7710,-13,-0.034034,-0.000425
38.7810,-13,-0.034034,-0.000425
38.7910,-13,-0.034034,-0.000425
38.8010,-13,-0.034034,-0.000425
38.8110,-13,-0.034034,-0.000425
38.8210,-13,-0.034034,-0.000425
38.8310,-13,-0.034034,-0.000425
38.8410,-13,-0.034034,-0.000425
38.8510,-13,-0.034034,-0.000425
38.8610,-13,-0.034034,-0.000425
38.8710,-13,-0.034034,-0.000425
38.8810,-13,-0.034034,-0.000425
38.8910,-13,-0.034034,-0.000425
38.9010,-13,-0.034034,-0.000425
38.9110,-13,-0.034034,-0.000425
38.9210,-13,-0.034034,-0.000425
38.9310,-13,-0.034034,-0.000425
38.9410,-13,-0.034034,-0.000425
38.9510,-13,-0.034034,-0.000425
38.9610,-13,-0.034034,-0.000425
38.9710,-13,-0.034034,-0.000425
38.9810,-13,-0.034034,-0.000425
38.9910,-13,-0.034034,-0.000425
39.0010,-13,-0.034034,-0.000425
39.0110,-13,-0.034034,-0.000425
39.0210,-13,-0.034034,-0.000425
39.0310,-13,-0.034034,-0.000425
39.0410,-13,-0.034034,-0.000425
39.0510,-13,-0.034034,-0.000425
39.0610,-13,-0.034034,-0.000425
39.0710,-13,-0.034034,-0.000425
39.0810,-13,-0.034034,-0.000425
39.0910,-13,-0.034034,-0.000425
39.1010,-13,-0.034034,-0.000425
39.1110,-13,-0.034034,-0.000425
39.1210,-13,-0.034034,-0.000425
39.1320,-13,-0.034034,-0.000425
39.1410,-13,-0.034034,-0.000425
39.1510,-13,-0.034034,-0.000425
39.1610,-13,-0.034034,-0.000425
39.1710,-13,-0.034034,-0.000425
39.1810,-13,-0.034034,-0.000425
39.1910,-13,-0.034034,-0.000425
39.2010,-13,-0.034034,-0.000425
39.2110,-13,-0.034034,-0.000425
39.2210,-13,-0.034034,-0.000425
39.2310,-13,-0.034034,-0.000425
39.2410,-13,-0.034034,-0.000425
39.2510,-13,-0.034034,-0.000425
39.2610,-13,-0.034034,-0.000425
39.2710,-13,-0.034034,-0.000425
39.2810,-13,-0.034034,-0.000425
39.2910,-13,-0.034034,-0.000425
39.3010,-13,-0.034034,-0.000425
39.3110,-13,-0.034034,-0.000425
39.3210,-13,-0.034034,-0.000425
39.3310,-13,-0.034034,-0.000425
39.3410,-13,-0.034034,-0.000425
39.3510,-14,-0.036652,-0.000458
39.3610,-14,-0.036652,-0.000458
39.3710,-14,-0.036652,-0.000458
39.3810,-14,-0.036652,-0.000458
39.3910,-14,-0.036652,-0.000458
39.4010,-14,-0.036652,-0.000458
39.4110,-14,-0.036652,-0.000458
39.4210,-14,-0.036652,-0.000458
39.4310,-14,-0.036652,-0.000458
39.4410,-14,-0.036652,-0.000458
39.4510,-14,-0.036652,-0.000458
39.4610,-14,-0.036652,-0.000458
39.4710,-14,-0.036652,-0.000458
39.4810,-14,-0.036652,-0.000458
39.4910,-14,-0.036652,-0.000458
39.5010,-14,-0.036652,-0.000458
39.5110,-14,-0.036652,-0.000458
39.5210,-14,-0.036652,-0.000458
39.5310,-14,-0.036652,-0.000458
39.5410,-14,-0.036652,-0.000458
39.5510,-14,-0.036652,-0.000458
39.5610,-14,-0.036652,-0.000458
39.5710,-14,-0.036652,-0.000458
39.5810,-14,-0.036652,-0.000458
39.5910,-14,-0.036652,-0.000458
39.6010,-14,-0.036652,-0.000458
39.6110,-14,-0.036652,-0.000458
39.6210,-14,-0.036652,-0.000458
39.6310,-14,-0.036652,-0.000458
39.6410,-14,-0.036652,-0.000458
39.6510,-14,-0.036652,-0.000458
39.6610,-14,-0.036652,-0.000458
39.6710,-14,-0.036652,-0.000458
39.6810,-14,-0.036652,-0.000458
39.6910,-14,-0.036652,-0.000458
39.7010,-14,-0.036652,-0.000458
39.7110,-14,-0.036652,-0.000458
39.7210,-14,-0.036652,-0.000458
39.7310,-14,-0.036652,-0.000458
39.7410,-14,-0.036652,-0.000458
39.7510,-14,-0.036652,-0.000458
39.7610,-14,-0.036652,-0.000458
39.7720,-14,-0.036652,-0.000458
39.7810,-14,-0.036652,-0.000458
39.7910,-14,-0.036652,-0.000458
39.8010,-14,-0.036652,-0.000458
39.8110,-14,-0.036652,-0.000458
39.8210,-14,-0.036652,-0.000458
39.8310,-14,-0.036652,-0.000458
39.8410,-14,-0.036652,-0.000458
39.8510,-14,-0.036652,-0.000458
39.8610,-14,-0.036652,-0.000458
39.8710,-14,-0.036652,-0.000458
39.8810,-14,-0.036652,-0.000458
39.8910,-14,-0.036652,-0.000458
39.9010,-14,-0.036652,-0.000458
39.9110,-14,-0.036652,-0.000458
39.9210,-14,-0.036652,-0.000458
39.9310,-14,-0.036652,-0.000458
39.9410,-14,-0.036652,-0.000458
39.9510,-14,-0.036652,-0.000458
39.9610,-14,-0.036652,-0.000458
39.9710,-14,-0.036652,-0.000458
39.9810,-14,-0.036652,-0.000458
39.9910,-14,-0.036652,-0.000458
40.0010,-14,-0.036652,-0.000458
40.0110,-14,-0.036652,-0.000458
40.0210,-14,-0.036652,-0.000458
40.0310,-14,-0.036652,-0.000458
40.0410,-14,-0.036652,-0.000458
40.0510,-14,-0.036652,-0.000458
40.0610,-14,-0.036652,-0.000458
40.0710,-14,-0.036652,-0.000458
40.0810,-14,-0.036652,-0.000458
40.0910,-14,-0.036652,-0.000458
40.1010,-14,-0.036652,-0.000458
40.1110,-14,-0.036652,-0.000458
40.1210,-14,-0.036652,-0.000458
40.1310,-14,-0.036652,-0.000458
40.1410,-14,-0.036652,-0.000458
40.1510,-14,-0.036652,-0.000458
40.1610,-14,-0.036652,-0.000458
40.1710,-14,-0.036652,-0.000458
40.1810,-14,-0.036652,-0.000458
40.1910,-14,-0.036652,-0.000458
40.2010,-14,-0.036652,-0.000458
40.2110,-14,-0.036652,-0.000458
40.2210,-14,-0.036652,-0.000458
40.2310,-14,-0.036652,-0.000458
40.2410,-14,-0.036652,-0.000458
40.2510,-14,-0.036652,-0.000458
40.2610,-14,-0.036652,-0.000458
40.2710,-14,-0.036652,-0.000458
40.2810,-14,-0.036652,-0.000458
40.2910,-14,-0.036652,-0.000458
40.3010,-14,-0.036652,-0.000458
40.3110,-14,-0.036652,-0.000458
40.3210,-14,-0.036652,-0.000458
40.3310,-14,-0.036652,-0.000458
40.3410,-14,-0.036652,-0.000458
40.3510,-14,-0.036652,-0.000458
40.3610,-14,-0.036652,-0.000458
40.3710,-14,-0.036652,-0.000458
40.3810,-14,-0.036652,-0.000458
40.3910,-14,-0.036652,-0.000458
40.4010,-14,-0.036652,-0.000458
40.4120,-14,-0.036652,-0.000458
40.4210,-14,-0.036652,-0.000458
40.4310,-14,-0.036652,-0.000458
40.4410,-14,-0.036652,-0.000458
40.4510,-14,-0.036652,-0.000458
40.4610,-14,-0.036652,-0.000458
40.4710,-14,-0.036652,-0.000458
40.4810,-14,-0.036652,-0.000458
40.4910,-14,-0.036652,-0.000458
40.5010,-14,-0.036652,-0.000458
40.5110,-14,-0.036652,-0.000458
40.5210,-14,-0.036652,-0.000458
40.5310,-14,-0.036652,-0.000458
40.5410,-14,-0.036652,-0.000458
40.5510,-14,-0.036652,-0.000458
40.5610,-14,-0.036652,-0.000458
40.5710,-14,-0.036652,-0.000458
40.5810,-14,-0.036652,-0.000458
40.5910,-14,-0.036652,-0.000458
40.6010,-14,-0.036652,-0.000458
40.6110,-14,-0.036652,-0.000458
40.6210,-14,-0.036652,-0.000458
40.6310,-14,-0.036652,-0.000458
40.6410,-14,-0.036652,-0.000458
40.6510,-14,-0.036652,-0.000458
40.6610,-14,-0.036652,-0.000458
40.6710,-14,-0.036652,-0.000458
40.6810,-14,-0.036652,-0.000458
40.6910,-14,-0.036652,-0.000458
40.7010,-14,-0.036652,-0.000458
40.7110,-14,-0.036652,-0.000458
40.7210,-14,-0.036652,-0.000458
40.7310,-14,-0.036652,-0.000458
40.7410,-14,-0.036652,-0.000458
40.7510,-14,-0.036652,-0.000458
40.7610,-14,-0.036652,-0.000458
40.7710,-14,-0.036652,-0.000458
40.7810,-14,-0.036652,-0.000458
40.7910,-14,-0.036652,-0.000458
40.8010,-14,-0.036652,-0.000458
40.8110,-14,-0.036652,-0.000458
40.8210,-14,-0.036652,-0.000458
40.8310,-14,-0.036652,-0.000458
40.8410,-14,-0.036652,-0.000458
40.8510,-14,-0.036652,-0.000458
40.8610,-14,-0.036652,-0.000458
40.8710,-14,-0.036652,-0.000458
40.8810,-14,-0.036652,-0.000458
40.8910,-14,-0.036652,-0.000458
40.9010,-14,-0.036652,-0.000458
40.9110,-14,-0.036652,-0.000458
40.9210,-14,-0.036652,-0.000458
40.9310,-14,-0.036652,-0.000458
40.9410,-14,-0.036652,-0.000458
40.9510,-14,-0.036652,-0.000458
40.9610,-14,-0.036652,-0.000458
40.9710,-14,-0.036652,-0.000458
40.9810,-14,-0.036652,-0.000458
40.9910,-14,-0.036652,-0.000458
41.0010,-14,-0.036652,-0.000458
41.0110,-14,-0.036652,-0.000458
41.0210,-14,-0.036652,-0.000458
41.0310,-14,-0.036652,-0.000458
41.0410,-14,-0.036652,-0.000458
41.0520,-14,-0.036652,-0.000458
41.0610,-14,-0.036652,-0.000458
41.0710,-14,-0.036652,-0.000458
41.0810,-14,-0.036652,-0.000458
41.0910,-14,-0.036652,-0.000458
41.1010,-14,-0.036652,-0.000458
41.1110,-14,-0.036652,-0.000458
41.1210,-14,-0.036652,-0.000458
41.1310,-14,-0.036652,-0.000458
41.1410,-14,-0.036652,-0.000458
41.1510,-14,-0.036652,-0.000458
41.1610,-14,-0.036652,-0.000458
41.1710,-14,-0.036652,-0.000458
41.1810,-14,-0.036652,-0.000458
41.1910,-14,-0.036652,-0.000458
41.2010,-14,-0.036652,-0.000458
41.2110,-14,-0.036652,-0.000458
41.2210,-14,-0.036652,-0.000458
41.2310,-14,-0.036652,-0.000458
41.2410,-14,-0.036652,-0.000458
41.2510,-14,-0.036652,-0.000458
41.2610,-14,-0.036652,-0.000458
41.2710,-14,-0.036652,-0.000458
41.2810,-14,-0.036652,-0.000458
41.2910,-15,-0.039270,-0.000491
41.3010,-15,-0.039270,-0.000491
41.3110,-15,-0.039270,-0.000491
41.3210,-15,-0.039270,-0.000491
41.3310,-15,-0.039270,-0.000491
41.3410,-15,-0.039270,-0.000491
41.3510,-15,-0.039270,-0.000491
41.3610,-15,-0.039270,-0.000491
41.3710,-15,-0.039270,-0.000491
41.3810,-15,-0.039270,-0.000491
41.3910,-15,-0.039270,-0.000491
41.4010,-15,-0.039270,-0.000491
41.4110,-15,-0.039270,-0.000491
41.4210,-15,-0.039270,-0.000491
41.4310,-15,-0.039270,-0.000491
41.4410,-15,-0.039270,-0.000491
41.4510,-15,-0.039270,-0.000491
41.4610,-15,-0.039270,-0.000491
41.4710,-15,-0.039270,-0.000491
41.4810,-15,-0.039270,-0.000491
41.4910,-15,-0.039270,-0.000491
41.5010,-15,-0.039270,-0.000491
41.5110,-15,-0.039270,-0.000491
41.5210,-15,-0.039270,-0.000491
41.5310,-15,-0.039270,-0.000491
41.5410,-15,-0.039270,-0.000491
41.5510,-15,-0.039270,-0.000491
41.5610,-15,-0.039270,-0.000491
41.5710,-15,-0.039270,-0.000491
41.5810,-15,-0.039270,-0.000491
41.5910,-15,-0.039270,-0.000491
41.6010,-15,-0.039270,-0.000491
41.6110,-15,-0.039270,-0.000491
41.6210,-15,-0.039270,-0.000491
41.6310,-15,-0.039270,-0.000491
41.6410,-15,-0.039270,-0.000491
41.6510,-15,-0.039270,-0.000491
41.6610,-15,-0.039270,-0.000491
41.6710,-15,-0.039270,-0.000491
41.6810,-15,-0.039270,-0.000491
41.6920,-15,-0.039270,-0.000491
41.7010,-15,-0.039270,-0.000491
41.7110,-15,-0.039270,-0.000491
41.7210,-15,-0.039270,-0.000491
41.7310,-15,-0.039270,-0.000491
41.7410,-15,-0.039270,-0.000491
41.7510,-15,-0.039270,-0.000491
41.7610,-15,-0.039270,-0.000491
41.7710,-15,-0.039270,-0.000491
41.7810,-15,-0.039270,-0.000491
41.7910,-15,-0.039270,-0.000491
41.8010,-15,-0.039270,-0.000491
41.8110,-15,-0.039270,-0.000491
41.8210,-15,-0.039270,-0.000491
41.8310,-15,-0.039270,-0.000491
41.8410,-15,-0.039270,-0.000491
41.8510,-15,-0.039270,-0.000491
41.8610,-15,-0.039270,-0.000491
41.8710,-15,-0.039270,-0.000491
41.8810,-15,-0.039270,-0.000491
41.8910,-15,-0.039270,-0.000491
41.9010,-15,-0.039270,-0.000491
41.9110,-15,-0.039270,-0.000491
41.9210,-15,-0.039270,-0.000491
41.9310,-15,-0.039270,-0.000491
41.9410,-15,-0.039270,-0.000491
41.9510,-15,-0.039270,-0.000491
41.9610,-15,-0.039270,-0.000491
41.9710,-15,-0.039270,-0.000491
41.9810,-15,-0.039270,-0.000491
41.9910,-15,-0.039270,-0.000491
42.0010,-15,-0.039270,-0.000491
42.0110,-15,-0.039270,-0.000491
42.0210,-15,-0.039270,-0.000491
42.0310,-15,-0.039270,-0.000491
42.0410,-15,-0.039270,-0.000491
42.0510,-15,-0.039270,-0.000491
42.0610,-15,-0.039270,-0.000491
42.0710,-15,-0.039270,-0.000491
42.0810,-15,-0.039270,-0.000491
42.0910,-15,-0.039270,-0.000491
42.1010,-15,-0.039270,-0.000491
42.1110,-15,-0.039270,-0.000491
42.1210,-15,-0.039270,-0.000491
42.1310,-15,-0.039270,-0.000491
42.1410,-15,-0.039270,-0.000491
42.1510,-15,-0.039270,-0.000491
42.1610,-15,-0.039270,-0.000491
42.1710,-15,-0.039270,-0.000491
42.1810,-15,-0.039270,-0.000491
42.1910,-15,-0.039270,-0.000491
42.2010,-15,-0.039270,-0.000491
42.2110,-15,-0.039270,-0.000491
42.2210,-15,-0.039270,-0.000491
42.2310,-15,-0.039270,-0.000491
42.2410,-15,-0.039270,-0.000491
42.2510,-15,-0.039270,-0.000491
42.2610,-15,-0.039270,-0.000491
42.2710,-15,-0.039270,-0.000491
42.2810,-15,-0.039270,-0.000491
42.2910,-15,-0.039270,-0.000491
42.3010,-15,-0.039270,-0.000491
42.3110,-15,-0.039270,-0.000491
42.3210,-15,-0.039270,-0.000491
42.3320,-15,-0.039270,-0.000491
42.3410,-15,-0.039270,-0.000491
42.3510,-15,-0.039270,-0.000491
42.3610,-15,-0.039270,-0.000491
42.3710,-15,-0.039270,-0.000491
42.3810,-15,-0.039270,-0.000491
42.3910,-15,-0.039270,-0.000491
42.4010,-15,-0.039270,-0.000491
42.4110,-15,-0.039270,-0.000491
42.4210,-15,-0.039270,-0.000491
42.4310,-15,-0.039270,-0.000491
42.4410,-15,-0.039270,-0.000491
42.4510,-15,-0.039270,-0.000491
42.4610,-15,-0.039270,-0.000491
42.4710,-15,-0.039270,-0.000491
42.4810,-15,-0.039270,-0.000491
42.4910,-15,-0.039270,-0.000491
42.5010,-15,-0.039270,-0.000491
42.5110,-15,-0.039270,-0.000491
42.5210,-15,-0.039270,-0.000491
42.5310,-15,-0.039270,-0.000491
42.5410,-15,-0.039270,-0.000491
42.5510,-15,-0.039270,-0.000491
42.5610,-15,-0.039270,-0.000491
42.5710,-15,-0.039270,-0.000491
42.5810,-15,-0.039270,-0.000491
42.5910,-15,-0.039270,-0.000491
42.6010,-15,-0.039270,-0.000491
42.6110,-15,-0.039270,-0.000491
42.6210,-15,-0.039270,-0.000491
42.6310,-15,-0.039270,-0.000491
42.6410,-15,-0.039270,-0.000491
42.6510,-15,-0.039270,-0.000491
42.6610,-15,-0.039270,-0.000491
42.6710,-15,-0.039270,-0.000491
42.6810,-15,-0.039270,-0.000491
42.6910,-15,-0.039270,-0.000491
42.7010,-15,-0.039270,-0.000491
42.7110,-15,-0.039270,-0.000491
42.7210,-15,-0.039270,-0.000491
42.7310,-15,-0.039270,-0.000491
42.7410,-15,-0.039270,-0.000491
42.7510,-15,-0.039270,-0.000491
42.7610,-15,-0.039270,-0.000491
42.7710,-15,-0.039270,-0.000491
42.7810,-15,-0.039270,-0.000491
42.7910,-15,-0.039270,-0.000491
42.8010,-15,-0.039270,-0.000491
42.8110,-15,-0.039270,-0.000491
42.8210,-15,-0.039270,-0.000491
42.8310,-15,-0.039270,-0.000491
42.8410,-15,-0.039270,-0.000491
42.8510,-15,-0.039270,-0.000491
42.8610,-15,-0.039270,-0.000491
42.8710,-15,-0.039270,-0.000491
42.8810,-15,-0.039270,-0.000491
42.8910,-15,-0.039270,-0.000491
42.9010,-16,-0.041888,-0.000524
42.9110,-16,-0.041888,-0.000524
42.9210,-16,-0.041888,-0.000524
42.9310,-16,-0.041888,-0.000524
42.9410,-16,-0.041888,-0.000524
42.9510,-16,-0.041888,-0.000524
42.9610,-16,-0.041888,-0.000524
42.9720,-16,-0.041888,-0.000524
42.9810,-16,-0.041888,-0.000524
42.9910,-16,-0.041888,-0.000524
43.0010,-16,-0.041888,-0.000524
43.0110,-16,-0.041888,-0.000524
43.0210,-16,-0.041888,-0.000524
43.0310,-16,-0.041888,-0.000524
43.0410,-16,-0.041888,-0.000524
43.0510,-16,-0.041888,-0.000524
43.0610,-16,-0.041888,-0.000524
43.0710,-16,-0.041888,-0.000524
43.0810,-16,-0.041888,-0.000524
43.0910,-16,-0.041888,-0.000524
43.1010,-16,-0.041888,-0.000524
43.1110,-16,-0.041888,-0.000524
43.1210,-16,-0.041888,-0.000524
43.1310,-16,-0.041888,-0.000524
43.1410,-16,-0.041888,-0.000524
43.1510,-16,-0.041888,-0.000524
43.1610,-16,-0.041888,-0.000524
43.1710,-16,-0.041888,-0.000524
43.1810,-16,-0.041888,-0.000524
43.1910,-16,-0.041888,-0.000524
43.2010,-16,-0.041888,-0.000524
43.2110,-16,-0.041888,-0.000524
43.2210,-16,-0.041888,-0.000524
43.2310,-16,-0.041888,-0.000524
43.2410,-16,-0.041888,-0.000524
43.2510,-16,-0.041888,-0.000524
43.2610,-16,-0.041888,-0.000524
43.2710,-16,-0.041888,-0.000524
43.2810,-16,-0.041888,-0.000524
43.2910,-16,-0.041888,-0.000524
43.3010,-16,-0.041888,-0.000524
43.3110,-16,-0.041888,-0.000524
43.3210,-16,-0.041888,-0.000524
43.3310,-16,-0.041888,-0.000524
43.3410,-16,-0.041888,-0.000524
43.3510,-16,-0.041888,-0.000524
43.3610,-16,-0.041888,-0.000524
43.3710,-16,-0.041888,-0.000524
43.3810,-16,-0.041888,-0.000524
43.3910,-16,-0.041888,-0.000524
43.4010,-16,-0.041888,-0.000524
43.4110,-16,-0.041888,-0.000524
43.4210,-16,-0.041888,-0.000524
43.4310,-16,-0.041888,-0.000524
43.4410,-16,-0.041888,-0.000524
43.4510,-16,-0.041888,-0.000524
43.4610,-16,-0.041888,-0.000524
43.4710,-16,-0.041888,-0.000524
43.4810,-16,-0.041888,-0.000524
43.4910,-16,-0.041888,-0.000524
43.5010,-16,-0.041888,-0.000524
43.5110,-16,-0.041888,-0.000524
43.5210,-16,-0.041888,-0.000524
43.5310,-16,-0.041888,-0.000524
43.5410,-17,-0.044506,-0.000556
43.5510,-17,-0.044506,-0.000556
43.5610,-17,-0.044506,-0.000556
43.5710,-17,-0.044506,-0.000556
43.5810,-17,-0.044506,-0.000556
43.5910,-17,-0.044506,-0.000556
43.6010,-17,-0.044506,-0.000556
43.6120,-17,-0.044506,-0.000556
43.6210,-17,-0.044506,-0.000556
43.6310,-17,-0.044506,-0.000556
43.6410,-17,-0.044506,-0.000556
43.6510,-17,-0.044506,-0.000556
43.6610,-17,-0.044506,-0.000556
43.6710,-17,-0.044506,-0.000556
43.6810,-17,-0.044506,-0.000556
43.6910,-17,-0.044506,-0.000556
43.7010,-17,-0.044506,-0.000556
43.7110,-17,-0.044506,-0.000556
43.7210,-17,-0.044506,-0.000556
43.7310,-17,-0.044506,-0.000556
43.7410,-17,-0.044506,-0.000556
43.7510,-17,-0.044506,-0.000556
43.7610,-17,-0.044506,-0.000556
43.7710,-17,-0.044506,-0.000556
43.7810,-17,-0.044506,-0.000556
43.7910,-17,-0.044506,-0.000556
43.8010,-17,-0.044506,-0.000556
43.8110,-17,-0.044506,-0.000556
43.8210,-17,-0.044506,-0.000556
43.8310,-17,-0.044506,-0.000556
43.8410,-17,-0.044506,-0.000556
43.8510,-17,-0.044506,-0.000556
43.8610,-17,-0.044506,-0.000556
43.8710,-17,-0.044506,-0.000556
43.8810,-17,-0.044506,-0.000556
43.8910,-17,-0.044506,-0.000556
43.9010,-17,-0.044506,-0.000556
43.9110,-17,-0.044506,-0.000556
43.9210,-17,-0.044506,-0.000556
43.9310,-17,-0.044506,-0.000556
43.9410,-17,-0.044506,-0.000556
43.9510,-17,-0.044506,-0.000556
43.9610,-17,-0.044506,-0.000556
43.9710,-17,-0.044506,-0.000556
43.9810,-17,-0.044506,-0.000556
43.9910,-17,-0.044506,-0.000556
44.0010,-17,-0.044506,-0.000556
44.0110,-17,-0.044506,-0.000556
44.0210,-17,-0.044506,-0.000556
44.0310,-17,-0.044506,-0.000556
44.0410,-17,-0.044506,-0.000556
44.0510,-17,-0.044506,-0.000556
44.0610,-17,-0.044506,-0.000556
44.0710,-17,-0.044506,-0.000556
44.0810,-17,-0.044506,-0.000556
44.0910,-17,-0.044506,-0.000556
44.1010,-17,-0.044506,-0.000556
44.1110,-17,-0.044506,-0.000556
44.1210,-17,-0.044506,-0.000556
44.1310,-17,-0.044506,-0.000556
44.1410,-17,-0.044506,-0.000556
44.1510,-17,-0.044506,-0.000556
44.1610,-17,-0.044506,-0.000556
44.1710,-17,-0.044506,-0.000556
44.1810,-18,-0.047124,-0.000589
44.1910,-18,-0.047124,-0.000589
44.2010,-18,-0.047124,-0.000589
44.2110,-18,-0.047124,-0.000589
44.2210,-18,-0.047124,-0.000589
44.2310,-18,-0.047124,-0.000589
44.2410,-18,-0.047124,-0.000589
44.2520,-18,-0.047124,-0.000589
44.2610,-18,-0.047124,-0.000589
44.2710,-18,-0.047124,-0.000589
44.2810,-18,-0.047124,-0.000589
44.2910,-18,-0.047124,-0.000589
44.3010,-18,-0.047124,-0.000589
44.3110,-18,-0.047124,-0.000589
44.3210,-18,-0.047124,-0.000589
44.3310,-18,-0.047124,-0.000589
44.3410,-18,-0.047124,-0.000589
44.3510,-18,-0.047124,-0.000589
44.3610,-18,-0.047124,-0.000589
44.3710,-18,-0.047124,-0.000589
44.3810,-18,-0.047124,-0.000589
44.3910,-18,-0.047124,-0.000589
44.4010,-18,-0.047124,-0.000589
44.4110,-18,-0.047124,-0.000589
44.4210,-18,-0.047124,-0.000589
44.4310,-18,-0.047124,-0.000589
44.4410,-18,-0.047124,-0.000589
44.4510,-18,-0.047124,-0.000589
44.4610,-18,-0.047124,-0.000589
44.4710,-18,-0.047124,-0.000589
44.4810,-18,-0.047124,-0.000589
44.4910,-18,-0.047124,-0.000589
44.5010,-18,-0.047124,-0.000589
44.5110,-18,-0.047124,-0.000589
44.5210,-18,-0.047124,-0.000589
44.5310,-18,-0.047124,-0.000589
44.5410,-18,-0.047124,-0.000589
44.5510,-18,-0.047124,-0.000589
44.5610,-18,-0.047124,-0.000589
44.5710,-18,-0.047124,-0.000589
44.5810,-18,-0.047124,-0.000589
44.5910,-18,-0.047124,-0.000589
44.6010,-18,-0.047124,-0.000589
44.6110,-18,-0.047124,-0.000589
44.6210,-18,-0.047124,-0.000589
44.6310,-18,-0.047124,-0.000589
44.6410,-18,-0.047124,-0.000589
44.6510,-18,-0.047124,-0.000589
44.6610,-18,-0.047124,-0.000589
44.6710,-18,-0.047124,-0.000589
44.6810,-18,-0.047124,-0.000589
44.6910,-18,-0.047124,-0.000589
44.7010,-18,-0.047124,-0.000589
44.7110,-18,-0.047124,-0.000589
44.7210,-18,-0.047124,-0.000589
44.7310,-18,-0.047124,-0.000589
44.7410,-18,-0.047124,-0.000589
44.7510,-18,-0.047124,-0.000589
44.7610,-18,-0.047124,-0.000589
44.7710,-18,-0.047124,-0.000589
44.7810,-18,-0.047124,-0.000589
44.7910,-18,-0.047124,-0.000589
44.8010,-18,-0.047124,-0.000589
44.8110,-18,-0.047124,-0.000589
44.8210,-18,-0.047124,-0.000589
44.8310,-18,-0.047124,-0.000589
44.8410,-18,-0.047124,-0.000589
44.8510,-18,-0.047124,-0.000589
44.8610,-18,-0.047124,-0.000589
44.8710,-18,-0.047124,-0.000589
44.8810,-18,-0.047124,-0.000589
44.8920,-18,-0.047124,-0.000589
44.9010,-18,-0.047124,-0.000589
44.9110,-18,-0.047124,-0.000589
44.9210,-18,-0.047124,-0.000589
44.9310,-18,-0.047124,-0.000589
44.9410,-18,-0.047124,-0.000589
44.9510,-18,-0.047124,-0.000589
44.9610,-18,-0.047124,-0.000589
44.9710,-18,-0.047124,-0.000589
44.9810,-18,-0.047124,-0.000589
44.9910,-18,-0.047124,-0.000589
45.0010,-18,-0.047124,-0.000589
45.0110,-18,-0.047124,-0.000589
45.0210,-18,-0.047124,-0.000589
45.0310,-18,-0.047124,-0.000589
45.0410,-18,-0.047124,-0.000589
45.0510,-18,-0.047124,-0.000589
45.0610,-18,-0.047124,-0.000589
45.0710,-18,-0.047124,-0.000589
45.0810,-18,-0.047124,-0.000589
45.0910,-18,-0.047124,-0.000589
45.1010,-18,-0.047124,-0.000589
45.1110,-18,-0.047124,-0.000589
45.1210,-18,-0.047124,-0.000589
45.1310,-18,-0.047124,-0.000589
45.1410,-18,-0.047124,-0.000589
45.1510,-18,-0.047124,-0.000589
45.1610,-18,-0.047124,-0.000589
45.1710,-18,-0.047124,-0.000589
45.1810,-18,-0.047124,-0.000589
45.1910,-18,-0.047124,-0.000589
45.2010,-18,-0.047124,-0.000589
45.2110,-18,-0.047124,-0.000589
45.2210,-18,-0.047124,-0.000589
45.2310,-18,-0.047124,-0.000589
45.2410,-18,-0.047124,-0.000589
45.2510,-18,-0.047124,-0.000589
45.2610,-18,-0.047124,-0.000589
45.2710,-18,-0.047124,-0.000589
45.2810,-18,-0.047124,-0.000589
45.2910,-18,-0.047124,-0.000589
45.3010,-18,-0.047124,-0.000589
45.3110,-18,-0.047124,-0.000589
45.3210,-18,-0.047124,-0.000589
45.3310,-18,-0.047124,-0.000589
45.3410,-18,-0.047124,-0.000589
45.3510,-18,-0.047124,-0.000589
45.3610,-18,-0.047124,-0.000589
45.3710,-18,-0.047124,-0.000589
45.3810,-18,-0.047124,-0.000589
45.3910,-18,-0.047124,-0.000589
45.4010,-18,-0.047124,-0.000589
45.4110,-18,-0.047124,-0.000589
45.4210,-18,-0.047124,-0.000589
45.4310,-19,-0.049742,-0.000622
45.4410,-19,-0.049742,-0.000622
45.4510,-19,-0.049742,-0.000622
45.4610,-19,-0.049742,-0.000622
45.4710,-19,-0.049742,-0.000622
45.4810,-19,-0.049742,-0.000622
45.4910,-19,-0.049742,-0.000622
45.5010,-19,-0.049742,-0.000622
45.5110,-19,-0.049742,-0.000622
45.5210,-19,-0.049742,-0.000622
45.5320,-19,-0.049742,-0.000622
45.5410,-19,-0.049742,-0.000622
45.5510,-19,-0.049742,-0.000622
45.5610,-19,-0.049742,-0.000622
45.5710,-19,-0.049742,-0.000622
45.5810,-19,-0.049742,-0.000622
45.5910,-19,-0.049742,-0.000622
45.6010,-19,-0.049742,-0.000622
45.6110,-19,-0.049742,-0.000622
45.6210,-19,-0.049742,-0.000622
45.6310,-19,-0.049742,-0.000622
45.6410,-19,-0.049742,-0.000622
45.6510,-19,-0.049742,-0.000622
45.6610,-19,-0.049742,-0.000622
45.6710,-19,-0.049742,-0.000622
45.6810,-19,-0.049742,-0.000622
45.6910,-19,-0.049742,-0.000622
45.7010,-19,-0.049742,-0.000622
45.7110,-19,-0.049742,-0.000622
45.7210,-19,-0.049742,-0.000622
45.7310,-19,-0.049742,-0.000622
45.7410,-19,-0.049742,-0.000622
45.7510,-19,-0.049742,-0.000622
45.7610,-19,-0.049742,-0.000622
45.7710,-19,-0.049742,-0.000622
45.7810,-19,-0.049742,-0.000622
45.7910,-19,-0.049742,-0.000622
45.8010,-19,-0.049742,-0.000622
45.8110,-19,-0.049742,-0.000622
45.8210,-19,-0.049742,-0.000622
45.8310,-19,-0.049742,-0.000622
45.8410,-19,-0.049742,-0.000622
45.8510,-19,-0.049742,-0.000622
45.8610,-19,-0.049742,-0.000622
45.8710,-19,-0.049742,-0.000622
45.8810,-19,-0.049742,-0.000622
45.8910,-19,-0.049742,-0.000622
45.9010,-19,-0.049742,-0.000622
45.9110,-19,-0.049742,-0.000622
45.9210,-19,-0.049742,-0.000622
45.9310,-19,-0.049742,-0.000622
45.9410,-19,-0.049742,-0.000622
45.9510,-19,-0.049742,-0.000622
45.9610,-19,-0.049742,-0.000622
45.9710,-19,-0.049742,-0.000622
45.9810,-19,-0.049742,-0.000622
45.9910,-19,-0.049742,-0.000622
46.0010,-19,-0.049742,-0.000622
46.0110,-19,-0.049742,-0.000622
46.0210,-19,-0.049742,-0.000622
46.0310,-19,-0.049742,-0.000622
46.0410,-19,-0.049742,-0.000622
46.0510,-19,-0.049742,-0.000622
46.0610,-20,-0.052360,-0.000654
46.0710,-20,-0.052360,-0.000654
46.0810,-20,-0.052360,-0.000654
46.0910,-20,-0.052360,-0.000654
46.1010,-20,-0.052360,-0.000654
46.1110,-20,-0.052360,-0.000654
46.1210,-20,-0.052360,-0.000654
46.1310,-20,-0.052360,-0.000654
46.1410,-20,-0.052360,-0.000654
46.1510,-20,-0.052360,-0.000654
46.1610,-20,-0.052360,-0.000654
46.1720,-20,-0.052360,-0.000654
46.1810,-20,-0.052360,-0.000654
46.1910,-20,-0.052360,-0.000654
46.2010,-20,-0.052360,-0.000654
46.2110,-20,-0.052360,-0.000654
46.2210,-20,-0.052360,-0.000654
46.2310,-20,-0.052360,-0.000654
46.2410,-20,-0.052360,-0.000654
46.2510,-20,-0.052360,-0.000654
46.2610,-20,-0.052360,-0.000654
46.2710,-20,-0.052360,-0.000654
46.2810,-20,-0.052360,-0.000654
46.2910,-20,-0.052360,-0.000654
46.3010,-20,-0.052360,-0.000654
46.3110,-20,-0.052360,-0.000654
46.3210,-20,-0.052360,-0.000654
46.3310,-20,-0.052360,-0.000654
46.3410,-20,-0.052360,-0.000654
46.3510,-20,-0.052360,-0.000654
46.3610,-20,-0.052360,-0.000654
46.3710,-20,-0.052360,-0.000654
46.3810,-20,-0.052360,-0.000654
46.3910,-20,-0.052360,-0.000654
46.4010,-20,-0.052360,-0.000654
46.4110,-20,-0.052360,-0.000654
46.4210,-20,-0.052360,-0.000654
46.4310,-20,-0.052360,-0.000654
46.4410,-20,-0.052360,-0.000654
46.4510,-20,-0.052360,-0.000654
46.4610,-20,-0.052360,-0.000654
46.4710,-20,-0.052360,-0.000654
46.4810,-20,-0.052360,-0.000654
46.4910,-20,-0.052360,-0.000654
46.5010,-20,-0.052360,-0.000654
46.5110,-20,-0.052360,-0.000654
46.5210,-20,-0.052360,-0.000654
46.5310,-20,-0.052360,-0.000654
46.5410,-20,-0.052360,-0.000654
46.5510,-20,-0.052360,-0.000654
46.5610,-20,-0.052360,-0.000654
46.5710,-20,-0.052360,-0.000654
46.5810,-20,-0.052360,-0.000654
46.5910,-20,-0.052360,-0.000654
46.6010,-20,-0.052360,-0.000654
46.6110,-20,-0.052360,-0.000654
46.6210,-20,-0.052360,-0.000654
46.6310,-20,-0.052360,-0.000654
46.6410,-20,-0.052360,-0.000654
46.6510,-20,-0.052360,-0.000654
46.6610,-20,-0.052360,-0.000654
46.6710,-20,-0.052360,-0.000654
46.6810,-20,-0.052360,-0.000654
46.6910,-20,-0.052360,-0.000654
46.7010,-20,-0.052360,-0.000654
46.7110,-20,-0.052360,-0.000654
46.7210,-21,-0.054978,-0.000687
46.7310,-21,-0.054978,-0.000687
46.7410,-21,-0.054978,-0.000687
46.7510,-21,-0.054978,-0.000687
46.7610,-21,-0.054978,-0.000687
46.7710,-21,-0.054978,-0.000687
46.7810,-21,-0.054978,-0.000687
46.7910,-21,-0.054978,-0.000687
46.8010,-21,-0.054978,-0.000687
46.8120,-21,-0.054978,-0.000687
46.8210,-21,-0.054978,-0.000687
46.8310,-21,-0.054978,-0.000687
46.8410,-21,-0.054978,-0.000687
46.8510,-21,-0.054978,-0.000687
46.8610,-21,-0.054978,-0.000687
46.8710,-21,-0.054978,-0.000687
46.8810,-21,-0.054978,-0.000687
46.8910,-21,-0.054978,-0.000687
46.9010,-21,-0.054978,-0.000687
46.9110,-21,-0.054978,-0.000687
46.9210,-21,-0.054978,-0.000687
46.9310,-21,-0.054978,-0.000687
46.9410,-21,-0.054978,-0.000687
46.9510,-21,-0.054978,-0.000687
46.9610,-21,-0.054978,-0.000687
46.9710,-21,-0.054978,-0.000687
46.9810,-21,-0.054978,-0.000687
46.9910,-21,-0.054978,-0.000687
47.0010,-21,-0.054978,-0.000687
47.0110,-21,-0.054978,-0.000687
47.0210,-21,-0.054978,-0.000687
47.0310,-21,-0.054978,-0.000687
47.0410,-21,-0.054978,-0.000687
47.0510,-21,-0.054978,-0.000687
47.0610,-21,-0.054978,-0.000687
47.0710,-21,-0.054978,-0.000687
47.0810,-21,-0.054978,-0.000687
47.0910,-21,-0.054978,-0.000687
47.1010,-21,-0.054978,-0.000687
47.1110,-21,-0.054978,-0.000687
47.1210,-21,-0.054978,-0.000687
47.1310,-21,-0.054978,-0.000687
47.1410,-21,-0.054978,-0.000687
47.1510,-21,-0.054978,-0.000687
47.1610,-21,-0.054978,-0.000687
47.1710,-21,-0.054978,-0.000687
47.1810,-21,-0.054978,-0.000687
47.1910,-21,-0.054978,-0.000687
47.2010,-21,-0.054978,-0.000687
47.2110,-21,-0.054978,-0.000687
47.2210,-21,-0.054978,-0.000687
47.2310,-21,-0.054978,-0.000687
47.2410,-21,-0.054978,-0.000687
47.2510,-21,-0.054978,-0.000687
47.2610,-21,-0.054978,-0.000687
47.2710,-21,-0.054978,-0.000687
47.2810,-21,-0.054978,-0.000687
47.2910,-21,-0.054978,-0.000687
47.3010,-21,-0.054978,-0.000687
47.3110,-21,-0.054978,-0.000687
47.3210,-21,-0.054978,-0.000687
47.3310,-21,-0.054978,-0.000687
47.3410,-21,-0.054978,-0.000687
47.3510,-21,-0.054978,-0.000687
47.3610,-22,-0.057596,-0.000720
47.3710,-22,-0.057596,-0.000720
47.3810,-22,-0.057596,-0.000720
47.3910,-22,-0.057596,-0.000720
47.4010,-22,-0.057596,-0.000720
47.4110,-22,-0.057596,-0.000720
47.4210,-22,-0.057596,-0.000720
47.4310,-22,-0.057596,-0.000720
47.4410,-22,-0.057596,-0.000720
47.4520,-22,-0.057596,-0.000720
47.4610,-22,-0.057596,-0.000720
47.4710,-22,-0.057596,-0.000720
47.4810,-22,-0.057596,-0.000720
47.4910,-22,-0.057596,-0.000720
47.5010,-22,-0.057596,-0.000720
47.5110,-22,-0.057596,-0.000720
47.5210,-22,-0.057596,-0.000720
47.5310,-22,-0.057596,-0.000720
47.5410,-22,-0.057596,-0.000720
47.5510,-22,-0.057596,-0.000720
47.5610,-22,-0.057596,-0.000720
47.5710,-22,-0.057596,-0.000720
47.5810,-22,-0.057596,-0.000720
47.5910,-22,-0.057596,-0.000720
47.6010,-22,-0.057596,-0.000720
47.6110,-22,-0.057596,-0.000720
47.6210,-22,-0.057596,-0.000720
47.6310,-22,-0.057596,-0.000720
47.6410,-22,-0.057596,-0.000720
47.6510,-22,-0.057596,-0.000720
47.6610,-22,-0.057596,-0.000720
47.6710,-22,-0.057596,-0.000720
47.6810,-22,-0.057596,-0.000720
47.6910,-22,-0.057596,-0.000720
47.7010,-22,-0.057596,-0.000720
47.7110,-22,-0.057596,-0.000720
47.7210,-22,-0.057596,-0.000720
47.7310,-22,-0.057596,-0.000720
47.7410,-22,-0.057596,-0.000720
47.7510,-22,-0.057596,-0.000720
47.7610,-22,-0.057596,-0.000720
47.7710,-22,-0.057596,-0.000720
47.7810,-22,-0.057596,-0.000720
47.7910,-22,-0.057596,-0.000720
47.8010,-22,-0.057596,-0.000720
47.8110,-22,-0.057596,-0.000720
47.8210,-22,-0.057596,-0.000720
47.8310,-22,-0.057596,-0.000720
47.8410,-22,-0.057596,-0.000720
47.8510,-22,-0.057596,-0.000720
47.8610,-22,-0.057596,-0.000720
47.8710,-22,-0.057596,-0.000720
47.8810,-22,-0.057596,-0.000720
47.8910,-22,-0.057596,-0.000720
47.9010,-22,-0.057596,-0.000720
47.9110,-22,-0.057596,-0.000720
47.9210,-22,-0.057596,-0.000720
47.9310,-22,-0.057596,-0.000720
47.9410,-22,-0.057596,-0.000720
47.9510,-22,-0.057596,-0.000720
47.9610,-22,-0.057596,-0.000720
47.9710,-22,-0.057596,-0.000720
47.9810,-22,-0.057596,-0.000720
47.9910,-22,-0.057596,-0.000720
48.0010,-23,-0.060214,-0.000753
48.0110,-23,-0.060214,-0.000753
48.0210,-23,-0.060214,-0.000753
48.0310,-23,-0.060214,-0.000753
48.0410,-23,-0.060214,-0.000753
48.0510,-23,-0.060214,-0.000753
48.0610,-23,-0.060214,-0.000753
48.0710,-23,-0.060214,-0.000753
48.0810,-23,-0.060214,-0.000753
48.0920,-23,-0.060214,-0.000753
48.1010,-23,-0.060214,-0.000753
48.1110,-23,-0.060214,-0.000753
48.1210,-23,-0.060214,-0.000753
48.1310,-23,-0.060214,-0.000753
48.1410,-23,-0.060214,-0.000753
48.1510,-23,-0.060214,-0.000753
48.1610,-23,-0.060214,-0.000753
48.1710,-23,-0.060214,-0.000753
48.1810,-23,-0.060214,-0.000753
48.1910,-23,-0.060214,-0.000753
48.2010,-23,-0.060214,-0.000753
48.2110,-23,-0.060214,-0.000753
48.2210,-23,-0.060214,-0.000753
48.2310,-23,-0.060214,-0.000753
48.2410,-23,-0.060214,-0.000753
48.2510,-23,-0.060214,-0.000753
48.2610,-23,-0.060214,-0.000753
48.2710,-23,-0.060214,-0.000753
48.2810,-23,-0.060214,-0.000753
48.2910,-23,-0.060214,-0.000753
48.3010,-23,-0.060214,-0.000753
48.3110,-23,-0.060214,-0.000753
48.3210,-23,-0.060214,-0.000753
48.3310,-23,-0.060214,-0.000753
48.3410,-23,-0.060214,-0.000753
48.3510,-23,-0.060214,-0.000753
48.3610,-23,-0.060214,-0.000753
48.3710,-23,-0.060214,-0.000753
48.3810,-23,-0.060214,-0.000753
48.3910,-23,-0.060214,-0.000753
48.4010,-23,-0.060214,-0.000753
48.4110,-23,-0.060214,-0.000753
48.4210,-23,-0.060214,-0.000753
48.4310,-23,-0.060214,-0.000753
48.4410,-23,-0.060214,-0.000753
48.4510,-23,-0.060214,-0.000753
48.4610,-23,-0.060214,-0.000753
48.4710,-23,-0.060214,-0.000753
48.4810,-23,-0.060214,-0.000753
48.4910,-23,-0.060214,-0.000753
48.5010,-23,-0.060214,-0.000753
48.5110,-23,-0.060214,-0.000753
48.5210,-23,-0.060214,-0.000753
48.5310,-23,-0.060214,-0.000753
48.5410,-23,-0.060214,-0.000753
48.5510,-23,-0.060214,-0.000753
48.5610,-23,-0.060214,-0.000753
48.5710,-23,-0.060214,-0.000753
48.5810,-23,-0.060214,-0.000753
48.5910,-23,-0.060214,-0.000753
48.6010,-23,-0.060214,-0.000753
48.6110,-23,-0.060214,-0.000753
48.6210,-23,-0.060214,-0.000753
48.6310,-23,-0.060214,-0.000753
48.6410,-23,-0.060214,-0.000753
48.6510,-23,-0.060214,-0.000753
48.6610,-24,-0.062832,-0.000785
48.6710,-24,-0.062832,-0.000785
48.6810,-24,-0.062832,-0.000785
48.6910,-24,-0.062832,-0.000785
48.7010,-24,-0.062832,-0.000785
48.7110,-24,-0.062832,-0.000785
48.7210,-24,-0.062832,-0.000785
48.7320,-24,-0.062832,-0.000785
48.7410,-24,-0.062832,-0.000785
48.7510,-24,-0.062832,-0.000785
48.7610,-24,-0.062832,-0.000785
48.7710,-24,-0.062832,-0.000785
48.7810,-24,-0.062832,-0.000785
48.7910,-24,-0.062832,-0.000785
48.8010,-24,-0.062832,-0.000785
48.8110,-24,-0.062832,-0.000785
48.8210,-24,-0.062832,-0.000785
48.8310,-24,-0.062832,-0.000785
48.8410,-24,-0.062832,-0.000785
48.8510,-24,-0.062832,-0.000785
48.8610,-24,-0.062832,-0.000785
48.8710,-24,-0.062832,-0.000785
48.8810,-24,-0.062832,-0.000785
48.8910,-24,-0.062832,-0.000785
48.9010,-24,-0.062832,-0.000785
48.9110,-24,-0.062832,-0.000785
48.9210,-24,-0.062832,-0.000785
48.9310,-24,-0.062832,-0.000785
48.9410,-24,-0.062832,-0.000785
48.9510,-24,-0.062832,-0.000785
48.9610,-24,-0.062832,-0.000785
48.9710,-24,-0.062832,-0.000785
48.9810,-24,-0.062832,-0.000785
48.9910,-24,-0.062832,-0.000785
49.0010,-24,-0.062832,-0.000785
49.0110,-24,-0.062832,-0.000785
49.0210,-24,-0.062832,-0.000785
49.0310,-24,-0.062832,-0.000785
49.0410,-24,-0.062832,-0.000785
49.0510,-24,-0.062832,-0.000785
49.0610,-24,-0.062832,-0.000785
49.0710,-24,-0.062832,-0.000785
49.0810,-24,-0.062832,-0.000785
49.0910,-24,-0.062832,-0.000785
49.1010,-24,-0.062832,-0.000785
49.1110,-24,-0.062832,-0.000785
49.1210,-24,-0.062832,-0.000785
49.1310,-24,-0.062832,-0.000785
49.1410,-24,-0.062832,-0.000785
49.1510,-24,-0.062832,-0.000785
49.1610,-24,-0.062832,-0.000785
49.1710,-24,-0.062832,-0.000785
49.1810,-24,-0.062832,-0.000785
49.1910,-24,-0.062832,-0.000785
49.2010,-24,-0.062832,-0.000785
49.2110,-24,-0.062832,-0.000785
49.2210,-24,-0.062832,-0.000785
49.2310,-24,-0.062832,-0.000785
49.2410,-24,-0.062832,-0.000785
49.2510,-24,-0.062832,-0.000785
49.2610,-24,-0.062832,-0.000785
49.2710,-24,-0.062832,-0.000785
49.2810,-24,-0.062832,-0.000785
49.2910,-24,-0.062832,-0.000785
49.3010,-24,-0.062832,-0.000785
49.3110,-24,-0.062832,-0.000785
49.3210,-24,-0.062832,-0.000785
49.3310,-24,-0.062832,-0.000785
49.3410,-24,-0.062832,-0.000785
49.3510,-24,-0.062832,-0.000785
49.3610,-24,-0.062832,-0.000785
49.3720,-24,-0.062832,-0.000785
49.3810,-24,-0.062832,-0.000785
49.3910,-24,-0.062832,-0.000785
49.4010,-24,-0.062832,-0.000785
49.4110,-24,-0.062832,-0.000785
49.4210,-24,-0.062832,-0.000785
49.4310,-24,-0.062832,-0.000785
49.4410,-24,-0.062832,-0.000785
49.4510,-24,-0.062832,-0.000785
49.4610,-24,-0.062832,-0.000785
49.4710,-24,-0.062832,-0.000785
49.4810,-24,-0.062832,-0.000785
49.4910,-24,-0.062832,-0.000785
49.5010,-24,-0.062832,-0.000785
49.5110,-24,-0.062832,-0.000785
49.5210,-24,-0.062832,-0.000785
49.5310,-24,-0.062832,-0.000785
49.5410,-24,-0.062832,-0.000785
49.5510,-24,-0.062832,-0.000785
49.5610,-24,-0.062832,-0.000785
49.5710,-24,-0.062832,-0.000785
49.5810,-24,-0.062832,-0.000785
49.5910,-24,-0.062832,-0.000785
49.6010,-24,-0.062832,-0.000785
49.6110,-24,-0.062832,-0.000785
49.6210,-24,-0.062832,-0.000785
49.6310,-24,-0.062832,-0.000785
49.6410,-24,-0.062832,-0.000785
49.6510,-24,-0.062832,-0.000785
49.6610,-24,-0.062832,-0.000785
49.6710,-24,-0.062832,-0.000785
49.6810,-24,-0.062832,-0.000785
49.6910,-24,-0.062832,-0.000785
49.7010,-24,-0.062832,-0.000785
49.7110,-24,-0.062832,-0.000785
49.7210,-24,-0.062832,-0.000785
49.7310,-24,-0.062832,-0.000785
49.7410,-24,-0.062832,-0.000785
49.7510,-24,-0.062832,-0.000785
49.7610,-24,-0.062832,-0.000785
49.7710,-24,-0.062832,-0.000785
49.7810,-24,-0.062832,-0.000785
49.7910,-24,-0.062832,-0.000785
49.8010,-24,-0.062832,-0.000785
49.8110,-24,-0.062832,-0.000785
49.8210,-24,-0.062832,-0.000785
49.8310,-24,-0.062832,-0.000785
49.8410,-24,-0.062832,-0.000785
49.8510,-24,-0.062832,-0.000785
49.8610,-24,-0.062832,-0.000785
49.8710,-24,-0.062832,-0.000785
49.8810,-24,-0.062832,-0.000785
49.8910,-25,-0.065450,-0.000818
49.9010,-25,-0.065450,-0.000818
49.9110,-25,-0.065450,-0.000818
49.9210,-25,-0.065450,-0.000818
49.9310,-25,-0.065450,-0.000818
49.9410,-25,-0.065450,-0.000818
49.9510,-25,-0.065450,-0.000818
49.9610,-25,-0.065450,-0.000818
49.9710,-25,-0.065450,-0.000818
49.9810,-25,-0.065450,-0.000818
49.9910,-25,-0.065450,-0.000818
50.0010,-25,-0.065450,-0.000818
50.0120,-25,-0.065450,-0.000818
50.0210,-25,-0.065450,-0.000818
50.0310,-25,-0.065450,-0.000818
50.0410,-25,-0.065450,-0.000818
50.0510,-25,-0.065450,-0.000818
50.0610,-25,-0.065450,-0.000818
50.0710,-25,-0.065450,-0.000818
50.0810,-25,-0.065450,-0.000818
50.0910,-25,-0.065450,-0.000818
50.1010,-25,-0.065450,-0.000818
50.1110,-25,-0.065450,-0.000818
50.1210,-25,-0.065450,-0.000818
50.1310,-25,-0.065450,-0.000818
50.1410,-25,-0.065450,-0.000818
50.1510,-25,-0.065450,-0.000818
50.1610,-25,-0.065450,-0.000818
50.1710,-25,-0.065450,-0.000818
50.1810,-25,-0.065450,-0.000818
50.1910,-25,-0.065450,-0.000818
50.2010,-25,-0.065450,-0.000818
50.2110,-25,-0.065450,-0.000818
50.2210,-25,-0.065450,-0.000818
50.2310,-25,-0.065450,-0.000818
50.2410,-25,-0.065450,-0.000818
50.2510,-25,-0.065450,-0.000818
50.2610,-25,-0.065450,-0.000818
50.2710,-25,-0.065450,-0.000818
50.2810,-25,-0.065450,-0.000818
50.2910,-25,-0.065450,-0.000818
50.3010,-25,-0.065450,-0.000818
50.3110,-25,-0.065450,-0.000818
50.3210,-25,-0.065450,-0.000818
50.3310,-25,-0.065450,-0.000818
50.3410,-25,-0.065450,-0.000818
50.3510,-25,-0.065450,-0.000818
50.3610,-25,-0.065450,-0.000818
50.3710,-25,-0.065450,-0.000818
50.3810,-25,-0.065450,-0.000818
50.3910,-25,-0.065450,-0.000818
50.4010,-25,-0.065450,-0.000818
50.4110,-25,-0.065450,-0.000818
50.4210,-25,-0.065450,-0.000818
50.4310,-25,-0.065450,-0.000818
50.4410,-25,-0.065450,-0.000818
50.4510,-25,-0.065450,-0.000818
50.4610,-25,-0.065450,-0.000818
50.4710,-25,-0.065450,-0.000818
50.4810,-25,-0.065450,-0.000818
50.4910,-25,-0.065450,-0.000818
50.5010,-25,-0.065450,-0.000818
50.5110,-25,-0.065450,-0.000818
50.5210,-25,-0.065450,-0.000818
50.5310,-25,-0.065450,-0.000818
50.5410,-26,-0.068068,-0.000851
50.5510,-26,-0.068068,-0.000851
50.5610,-26,-0.068068,-0.000851
50.5710,-26,-0.068068,-0.000851
50.5810,-26,-0.068068,-0.000851
50.5910,-26,-0.068068,-0.000851
50.6010,-26,-0.068068,-0.000851
50.6110,-26,-0.068068,-0.000851
50.6210,-26,-0.068068,-0.000851
50.6310,-26,-0.068068,-0.000851
50.6410,-26,-0.068068,-0.000851
50.6520,-26,-0.068068,-0.000851
50.6610,-26,-0.068068,-0.000851
50.6710,-26,-0.068068,-0.000851
50.6810,-26,-0.068068,-0.000851
50.6910,-26,-0.068068,-0.000851
50.7010,-26,-0.068068,-0.000851
50.7110,-26,-0.068068,-0.000851
50.7210,-26,-0.068068,-0.000851
50.7310,-26,-0.068068,-0.000851
50.7410,-26,-0.068068,-0.000851
50.7510,-26,-0.068068,-0.000851
50.7610,-26,-0.068068,-0.000851
50.7710,-26,-0.068068,-0.000851
50.7810,-26,-0.068068,-0.000851
50.7910,-26,-0.068068,-0.000851
50.8010,-26,-0.068068,-0.000851
50.8110,-26,-0.068068,-0.000851
50.8210,-26,-0.068068,-0.000851
50.8310,-26,-0.068068,-0.000851
50.8410,-26,-0.068068,-0.000851
50.8510,-26,-0.068068,-0.000851
50.8610,-26,-0.068068,-0.000851
50.8710,-26,-0.068068,-0.000851
50.8810,-26,-0.068068,-0.000851
50.8910,-26,-0.068068,-0.000851
50.9010,-26,-0.068068,-0.000851
50.9110,-26,-0.068068,-0.000851
50.9210,-26,-0.068068,-0.000851
50.9310,-26,-0.068068,-0.000851
50.9410,-26,-0.068068,-0.000851
50.9510,-26,-0.068068,-0.000851
50.9610,-26,-0.068068,-0.000851
50.9710,-26,-0.068068,-0.000851
50.9810,-26,-0.068068,-0.000851
50.9910,-26,-0.068068,-0.000851
51.0010,-26,-0.068068,-0.000851
51.0110,-26,-0.068068,-0.000851
51.0210,-26,-0.068068,-0.000851
51.0310,-26,-0.068068,-0.000851
51.0410,-26,-0.068068,-0.000851
51.0510,-26,-0.068068,-0.000851
51.0610,-26,-0.068068,-0.000851
51.0710,-26,-0.068068,-0.000851
51.0810,-26,-0.068068,-0.000851
51.0910,-26,-0.068068,-0.000851
51.1010,-26,-0.068068,-0.000851
51.1110,-26,-0.068068,-0.000851
51.1210,-26,-0.068068,-0.000851
51.1310,-26,-0.068068,-0.000851
51.1410,-26,-0.068068,-0.000851
51.1510,-26,-0.068068,-0.000851
51.1610,-26,-0.068068,-0.000851
51.1710,-26,-0.068068,-0.000851
51.1810,-26,-0.068068,-0.000851
51.1910,-26,-0.068068,-0.000851
51.2010,-26,-0.068068,-0.000851
51.2110,-26,-0.068068,-0.000851
51.2210,-26,-0.068068,-0.000851
51.2310,-26,-0.068068,-0.000851
51.2410,-26,-0.068068,-0.000851
51.2510,-26,-0.068068,-0.000851
51.2610,-26,-0.068068,-0.000851
51.2710,-26,-0.068068,-0.000851
51.2810,-26,-0.068068,-0.000851
51.2920,-26,-0.068068,-0.000851
51.3010,-26,-0.068068,-0.000851
51.3110,-26,-0.068068,-0.000851
51.3210,-26,-0.068068,-0.000851
51.3310,-26,-0.068068,-0.000851
51.3410,-26,-0.068068,-0.000851
51.3510,-26,-0.068068,-0.000851
51.3610,-26,-0.068068,-0.000851
51.3710,-26,-0.068068,-0.000851
51.3810,-26,-0.068068,-0.000851
51.3910,-26,-0.068068,-0.000851
51.4010,-26,-0.068068,-0.000851
51.4110,-26,-0.068068,-0.000851
51.4210,-26,-0.068068,-0.000851
51.4310,-26,-0.068068,-0.000851
51.4410,-26,-0.068068,-0.000851
51.4510,-26,-0.068068,-0.000851
51.4610,-26,-0.068068,-0.000851
51.4710,-26,-0.068068,-0.000851
51.4810,-26,-0.068068,-0.000851
51.4910,-26,-0.068068,-0.000851
51.5010,-26,-0.068068,-0.000851
51.5110,-26,-0.068068,-0.000851
51.5210,-26,-0.068068,-0.000851
51.5310,-26,-0.068068,-0.000851
51.5410,-26,-0.068068,-0.000851
51.5510,-26,-0.068068,-0.000851
51.5610,-26,-0.068068,-0.000851
51.5710,-26,-0.068068,-0.000851
51.5810,-26,-0.068068,-0.000851
51.5910,-26,-0.068068,-0.000851
51.6010,-26,-0.068068,-0.000851
51.6110,-26,-0.068068,-0.000851
51.6210,-26,-0.068068,-0.000851
51.6310,-26,-0.068068,-0.000851
51.6410,-26,-0.068068,-0.000851
51.6510,-26,-0.068068,-0.000851
51.6610,-26,-0.068068,-0.000851
51.6710,-26,-0.068068,-0.000851
51.6810,-26,-0.068068,-0.000851
51.6910,-26,-0.068068,-0.000851
51.7010,-26,-0.068068,-0.000851
51.7110,-26,-0.068068,-0.000851
51.7210,-26,-0.068068,-0.000851
51.7310,-26,-0.068068,-0.000851
51.7410,-26,-0.068068,-0.000851
51.7510,-26,-0.068068,-0.000851
51.7610,-26,-0.068068,-0.000851
51.7710,-26,-0.068068,-0.000851
51.7810,-26,-0.068068,-0.000851
51.7910,-27,-0.070686,-0.000884
51.8010,-27,-0.070686,-0.000884
51.8110,-27,-0.070686,-0.000884
51.8210,-27,-0.070686,-0.000884
51.8310,-27,-0.070686,-0.000884
51.8410,-27,-0.070686,-0.000884
51.8510,-27,-0.070686,-0.000884
51.8610,-27,-0.070686,-0.000884
51.8710,-27,-0.070686,-0.000884
51.8810,-27,-0.070686,-0.000884
51.8910,-27,-0.070686,-0.000884
51.9010,-27,-0.070686,-0.000884
51.9110,-27,-0.070686,-0.000884
51.9210,-27,-0.070686,-0.000884
51.9320,-27,-0.070686,-0.000884
51.9410,-27,-0.070686,-0.000884
51.9510,-27,-0.070686,-0.000884
51.9610,-27,-0.070686,-0.000884
51.9710,-27,-0.070686,-0.000884
51.9810,-27,-0.070686,-0.000884
51.9910,-27,-0.070686,-0.000884
52.0010,-27,-0.070686,-0.000884
52.0110,-27,-0.070686,-0.000884
52.0210,-27,-0.070686,-0.000884
52.0310,-27,-0.070686,-0.000884
52.0410,-27,-0.070686,-0.000884
52.0510,-27,-0.070686,-0.000884
52.0610,-27,-0.070686,-0.000884
52.0710,-27,-0.070686,-0.000884
52.0810,-27,-0.070686,-0.000884
52.0910,-27,-0.070686,-0.000884
52.1010,-27,-0.070686,-0.000884
52.1110,-27,-0.070686,-0.000884
52.1210,-27,-0.070686,-0.000884
52.1310,-27,-0.070686,-0.000884
52.1410,-27,-0.070686,-0.000884
52.1510,-27,-0.070686,-0.000884
52.1610,-27,-0.070686,-0.000884
52.1710,-27,-0.070686,-0.000884
52.1810,-27,-0.070686,-0.000884
52.1910,-27,-0.070686,-0.000884
52.2010,-27,-0.070686,-0.000884
52.2110,-27,-0.070686,-0.000884
52.2210,-27,-0.070686,-0.000884
52.2310,-27,-0.070686,-0.000884
52.2410,-27,-0.070686,-0.000884
52.2510,-27,-0.070686,-0.000884
52.2610,-27,-0.070686,-0.000884
52.2710,-27,-0.070686,-0.000884
52.2810,-27,-0.070686,-0.000884
52.2910,-27,-0.070686,-0.000884
52.3010,-27,-0.070686,-0.000884
52.3110,-27,-0.070686,-0.000884
52.3210,-27,-0.070686,-0.000884
52.3310,-27,-0.070686,-0.000884
52.3410,-27,-0.070686,-0.000884
52.3510,-27,-0.070686,-0.000884
52.3610,-27,-0.070686,-0.000884
52.3710,-27,-0.070686,-0.000884
52.3810,-27,-0.070686,-0.000884
52.3910,-27,-0.070686,-0.000884
52.4010,-27,-0.070686,-0.000884
52.4110,-27,-0.070686,-0.000884
52.4210,-27,-0.070686,-0.000884
52.4310,-27,-0.070686,-0.000884
52.4410,-27,-0.070686,-0.000884
52.4510,-27,-0.070686,-0.000884
52.4610,-28,-0.073304,-0.000916
52.4710,-28,-0.073304,-0.000916
52.4810,-28,-0.073304,-0.000916
52.4910,-28,-0.073304,-0.000916
52.5010,-28,-0.073304,-0.000916
52.5110,-28,-0.073304,-0.000916
52.5210,-28,-0.073304,-0.000916
52.5310,-28,-0.073304,-0.000916
52.5410,-28,-0.073304,-0.000916
52.5510,-28,-0.073304,-0.000916
52.5610,-28,-0.073304,-0.000916
52.5720,-28,-0.073304,-0.000916
52.5810,-28,-0.073304,-0.000916
52.5910,-28,-0.073304,-0.000916
52.6010,-28,-0.073304,-0.000916
52.6110,-28,-0.073304,-0.000916
52.6210,-28,-0.073304,-0.000916
52.6310,-28,-0.073304,-0.000916
52.6410,-28,-0.073304,-0.000916
52.6510,-28,-0.073304,-0.000916
52.6610,-28,-0.073304,-0.000916
52.6710,-28,-0.073304,-0.000916
52.6810,-28,-0.073304,-0.000916
52.6910,-28,-0.073304,-0.000916
52.7010,-28,-0.073304,-0.000916
52.7110,-28,-0.073304,-0.000916
52.7210,-28,-0.073304,-0.000916
52.7310,-28,-0.073304,-0.000916
52.7410,-28,-0.073304,-0.000916
52.7510,-28,-0.073304,-0.000916
52.7610,-28,-0.073304,-0.000916
52.7710,-28,-0.073304,-0.000916
52.7810,-28,-0.073304,-0.000916
52.7910,-28,-0.073304,-0.000916
52.8010,-28,-0.073304,-0.000916
52.8110,-28,-0.073304,-0.000916
52.8210,-28,-0.073304,-0.000916
52.8310,-28,-0.073304,-0.000916
52.8410,-28,-0.073304,-0.000916
52.8510,-28,-0.073304,-0.000916
52.8610,-28,-0.073304,-0.000916
52.8710,-28,-0.073304,-0.000916
52.8810,-28,-0.073304,-0.000916
52.8910,-28,-0.073304,-0.000916
52.9010,-28,-0.073304,-0.000916
52.9110,-28,-0.073304,-0.000916
52.9210,-28,-0.073304,-0.000916
52.9310,-28,-0.073304,-0.000916
52.9410,-28,-0.073304,-0.000916
52.9510,-28,-0.073304,-0.000916
52.9610,-28,-0.073304,-0.000916
52.9710,-28,-0.073304,-0.000916
52.9810,-28,-0.073304,-0.000916
52.9910,-28,-0.073304,-0.000916
53.0010,-28,-0.073304,-0.000916
53.0110,-28,-0.073304,-0.000916
53.0210,-28,-0.073304,-0.000916
53.0310,-28,-0.073304,-0.000916
53.0410,-28,-0.073304,-0.000916
53.0510,-28,-0.073304,-0.000916
53.0610,-28,-0.073304,-0.000916
53.0710,-28,-0.073304,-0.000916
53.0810,-28,-0.073304,-0.000916
53.0910,-28,-0.073304,-0.000916
53.1010,-28,-0.073304,-0.000916
53.1110,-28,-0.073304,-0.000916
53.1210,-28,-0.073304,-0.000916
53.1310,-28,-0.073304,-0.000916
53.1410,-28,-0.073304,-0.000916
53.1510,-28,-0.073304,-0.000916
53.1610,-28,-0.073304,-0.000916
53.1710,-28,-0.073304,-0.000916
53.1810,-28,-0.073304,-0.000916
53.1910,-28,-0.073304,-0.000916
53.2010,-28,-0.073304,-0.000916
53.2120,-28,-0.073304,-0.000916
53.2210,-28,-0.073304,-0.000916
53.2310,-28,-0.073304,-0.000916
53.2410,-28,-0.073304,-0.000916
53.2510,-28,-0.073304,-0.000916
53.2610,-28,-0.073304,-0.000916
53.2710,-28,-0.073304,-0.000916
53.2810,-28,-0.073304,-0.000916
53.2910,-28,-0.073304,-0.000916
53.3010,-28,-0.073304,-0.000916
53.3110,-28,-0.073304,-0.000916
53.3210,-28,-0.073304,-0.000916
53.3310,-28,-0.073304,-0.000916
53.3410,-28,-0.073304,-0.000916
53.3510,-28,-0.073304,-0.000916
53.3610,-28,-0.073304,-0.000916
53.3710,-28,-0.073304,-0.000916
53.3810,-28,-0.073304,-0.000916
53.3910,-28,-0.073304,-0.000916
53.4010,-28,-0.073304,-0.000916
53.4110,-28,-0.073304,-0.000916
53.4210,-28,-0.073304,-0.000916
53.4310,-28,-0.073304,-0.000916
53.4410,-28,-0.073304,-0.000916
53.4510,-28,-0.073304,-0.000916
53.4610,-28,-0.073304,-0.000916
53.4710,-28,-0.073304,-0.000916
53.4810,-28,-0.073304,-0.000916
53.4910,-28,-0.073304,-0.000916
53.5010,-28,-0.073304,-0.000916
53.5110,-28,-0.073304,-0.000916
53.5210,-28,-0.073304,-0.000916
53.5310,-28,-0.073304,-0.000916
53.5410,-28,-0.073304,-0.000916
53.5510,-28,-0.073304,-0.000916
53.5610,-28,-0.073304,-0.000916
53.5710,-28,-0.073304,-0.000916
53.5810,-28,-0.073304,-0.000916
53.5910,-28,-0.073304,-0.000916
53.6010,-28,-0.073304,-0.000916
53.6110,-28,-0.073304,-0.000916
53.6210,-28,-0.073304,-0.000916
53.6310,-28,-0.073304,-0.000916
53.6410,-28,-0.073304,-0.000916
53.6510,-28,-0.073304,-0.000916
53.6610,-28,-0.073304,-0.000916
53.6710,-28,-0.073304,-0.000916
53.6810,-28,-0.073304,-0.000916
53.6910,-28,-0.073304,-0.000916
53.7010,-28,-0.073304,-0.000916
53.7110,-28,-0.073304,-0.000916
53.7210,-28,-0.073304,-0.000916
53.7310,-29,-0.075922,-0.000949
53.7410,-29,-0.075922,-0.000949
53.7510,-29,-0.075922,-0.000949
53.7610,-29,-0.075922,-0.000949
53.7710,-29,-0.075922,-0.000949
53.7810,-29,-0.075922,-0.000949
53.7910,-29,-0.075922,-0.000949
53.8010,-29,-0.075922,-0.000949
53.8110,-29,-0.075922,-0.000949
53.8210,-29,-0.075922,-0.000949
53.8310,-29,-0.075922,-0.000949
53.8410,-29,-0.075922,-0.000949
53.8520,-29,-0.075922,-0.000949
53.8610,-29,-0.075922,-0.000949
53.8710,-29,-0.075922,-0.000949
53.8810,-29,-0.075922,-0.000949
53.8910,-29,-0.075922,-0.000949
53.9010,-29,-0.075922,-0.000949
53.9110,-29,-0.075922,-0.000949
53.9210,-29,-0.075922,-0.000949
53.9310,-29,-0.075922,-0.000949
53.9410,-29,-0.075922,-0.000949
53.9510,-29,-0.075922,-0.000949
53.9610,-29,-0.075922,-0.000949
53.9710,-29,-0.075922,-0.000949
53.9810,-29,-0.075922,-0.000949
53.9910,-29,-0.075922,-0.000949
54.0010,-29,-0.075922,-0.000949
54.0110,-29,-0.075922,-0.000949
54.0210,-29,-0.075922,-0.000949
54.0310,-29,-0.075922,-0.000949
54.0410,-29,-0.075922,-0.000949
54.0510,-29,-0.075922,-0.000949
54.0610,-29,-0.075922,-0.000949
54.0710,-29,-0.075922,-0.000949
54.0810,-29,-0.075922,-0.000949
54.0910,-29,-0.075922,-0.000949
54.1010,-29,-0.075922,-0.000949
54.1110,-29,-0.075922,-0.000949
54.1210,-29,-0.075922,-0.000949
54.1310,-29,-0.075922,-0.000949
54.1410,-29,-0.075922,-0.000949
54.1510,-29,-0.075922,-0.000949
54.1610,-29,-0.075922,-0.000949
54.1710,-29,-0.075922,-0.000949
54.1810,-29,-0.075922,-0.000949
54.1910,-29,-0.075922,-0.000949
54.2010,-29,-0.075922,-0.000949
54.2110,-29,-0.075922,-0.000949
54.2210,-29,-0.075922,-0.000949
54.2310,-29,-0.075922,-0.000949
54.2410,-29,-0.075922,-0.000949
54.2510,-29,-0.075922,-0.000949
54.2610,-29,-0.075922,-0.000949
54.2710,-29,-0.075922,-0.000949
54.2810,-29,-0.075922,-0.000949
54.2910,-29,-0.075922,-0.000949
54.3010,-29,-0.075922,-0.000949
54.3110,-29,-0.075922,-0.000949
54.3210,-29,-0.075922,-0.000949
54.3310,-29,-0.075922,-0.000949
54.3410,-29,-0.075922,-0.000949
54.3510,-29,-0.075922,-0.000949
54.3610,-29,-0.075922,-0.000949
54.3710,-29,-0.075922,-0.000949
54.3810,-29,-0.075922,-0.000949
54.3910,-29,-0.075922,-0.000949
54.4010,-29,-0.075922,-0.000949
54.4110,-29,-0.075922,-0.000949
54.4210,-29,-0.075922,-0.000949
54.4310,-29,-0.075922,-0.000949
54.4410,-29,-0.075922,-0.000949
54.4510,-29,-0.075922,-0.000949
54.4610,-29,-0.075922,-0.000949
54.4710,-29,-0.075922,-0.000949
54.4810,-29,-0.075922,-0.000949
54.4920,-29,-0.075922,-0.000949
54.5010,-29,-0.075922,-0.000949
54.5110,-29,-0.075922,-0.000949
54.5210,-29,-0.075922,-0.000949
54.5310,-29,-0.075922,-0.000949
54.5410,-29,-0.075922,-0.000949
54.5510,-29,-0.075922,-0.000949
54.5610,-29,-0.075922,-0.000949
54.5710,-29,-0.075922,-0.000949
54.5810,-29,-0.075922,-0.000949
54.5910,-29,-0.075922,-0.000949
54.6010,-29,-0.075922,-0.000949
54.6110,-29,-0.075922,-0.000949
54.6210,-29,-0.075922,-0.000949
54.6310,-29,-0.075922,-0.000949
54.6410,-29,-0.075922,-0.000949
54.6510,-29,-0.075922,-0.000949
54.6610,-29,-0.075922,-0.000949
54.6710,-29,-0.075922,-0.000949
54.6810,-29,-0.075922,-0.000949
54.6910,-29,-0.075922,-0.000949
54.7010,-29,-0.075922,-0.000949
54.7110,-29,-0.075922,-0.000949
54.7210,-29,-0.075922,-0.000949
54.7310,-29,-0.075922,-0.000949
54.7410,-29,-0.075922,-0.000949
54.7510,-29,-0.075922,-0.000949
54.7610,-29,-0.075922,-0.000949
54.7710,-29,-0.075922,-0.000949
54.7810,-29,-0.075922,-0.000949
54.7910,-29,-0.075922,-0.000949
54.8010,-29,-0.075922,-0.000949
54.8110,-29,-0.075922,-0.000949
54.8210,-29,-0.075922,-0.000949
54.8310,-29,-0.075922,-0.000949
54.8410,-29,-0.075922,-0.000949
54.8510,-29,-0.075922,-0.000949
54.8610,-29,-0.075922,-0.000949
54.8710,-29,-0.075922,-0.000949
54.8810,-29,-0.075922,-0.000949
54.8910,-29,-0.075922,-0.000949
54.9010,-29,-0.075922,-0.000949
54.9110,-29,-0.075922,-0.000949
54.9210,-29,-0.075922,-0.000949
54.9310,-29,-0.075922,-0.000949
54.9410,-29,-0.075922,-0.000949
54.9510,-29,-0.075922,-0.000949
54.9610,-29,-0.075922,-0.000949
54.9710,-29,-0.075922,-0.000949
54.9810,-30,-0.078540,-0.000982
54.9910,-30,-0.078540,-0.000982
55.0010,-30,-0.078540,-0.000982
55.0110,-30,-0.078540,-0.000982
55.0210,-30,-0.078540,-0.000982
55.0310,-30,-0.078540,-0.000982
55.0410,-30,-0.078540,-0.000982
55.0510,-30,-0.078540,-0.000982
55.0610,-30,-0.078540,-0.000982
55.0710,-30,-0.078540,-0.000982
55.0810,-30,-0.078540,-0.000982
55.0910,-30,-0.078540,-0.000982
55.1010,-30,-0.078540,-0.000982
55.1110,-30,-0.078540,-0.000982
55.1210,-30,-0.078540,-0.000982
55.1320,-30,-0.078540,-0.000982
55.1410,-30,-0.078540,-0.000982
55.1510,-30,-0.078540,-0.000982
55.1610,-30,-0.078540,-0.000982
55.1710,-30,-0.078540,-0.000982
55.1810,-30,-0.078540,-0.000982
55.1910,-30,-0.078540,-0.000982
55.2010,-30,-0.078540,-0.000982
55.2110,-30,-0.078540,-0.000982
55.2210,-30,-0.078540,-0.000982
55.2310,-30,-0.078540,-0.000982
55.2410,-30,-0.078540,-0.000982
55.2510,-30,-0.078540,-0.000982
55.2610,-30,-0.078540,-0.000982
55.2710,-30,-0.078540,-0.000982
55.2810,-30,-0.078540,-0.000982
55.2910,-30,-0.078540,-0.000982
55.3010,-30,-0.078540,-0.000982
55.3110,-30,-0.078540,-0.000982
55.3210,-30,-0.078540,-0.000982
55.3310,-30,-0.078540,-0.000982
55.3410,-30,-0.078540,-0.000982
55.3510,-30,-0.078540,-0.000982
55.3610,-30,-0.078540,-0.000982
55.3710,-30,-0.078540,-0.000982
55.3810,-30,-0.078540,-0.000982
55.3910,-30,-0.078540,-0.000982
55.4010,-30,-0.078540,-0.000982
55.4110,-30,-0.078540,-0.000982
55.4210,-30,-0.078540,-0.000982
55.4310,-30,-0.078540,-0.000982
55.4410,-30,-0.078540,-0.000982
55.4510,-30,-0.078540,-0.000982
55.4610,-30,-0.078540,-0.000982
55.4710,-30,-0.078540,-0.000982
55.4810,-30,-0.078540,-0.000982
55.4910,-30,-0.078540,-0.000982
55.5010,-30,-0.078540,-0.000982
55.5110,-30,-0.078540,-0.000982
55.5210,-30,-0.078540,-0.000982
55.5310,-30,-0.078540,-0.000982
55.5410,-30,-0.078540,-0.000982
55.5510,-30,-0.078540,-0.000982
55.5610,-30,-0.078540,-0.000982
55.5710,-30,-0.078540,-0.000982
55.5810,-30,-0.078540,-0.000982
55.5910,-30,-0.078540,-0.000982
55.6010,-30,-0.078540,-0.000982
55.6110,-30,-0.078540,-0.000982
55.6210,-30,-0.078540,-0.000982
55.6310,-30,-0.078540,-0.000982
55.6410,-30,-0.078540,-0.000982
55.6510,-30,-0.078540,-0.000982
55.6610,-31,-0.081158,-0.001014
55.6710,-31,-0.081158,-0.001014
55.6810,-31,-0.081158,-0.001014
55.6910,-31,-0.081158,-0.001014
55.7010,-31,-0.081158,-0.001014
55.7110,-31,-0.081158,-0.001014
55.7210,-31,-0.081158,-0.001014
55.7310,-31,-0.081158,-0.001014
55.7410,-31,-0.081158,-0.001014
55.7510,-31,-0.081158,-0.001014
55.7610,-31,-0.081158,-0.001014
55.7720,-31,-0.081158,-0.001014
55.7810,-31,-0.081158,-0.001014
55.7910,-31,-0.081158,-0.001014
55.8010,-31,-0.081158,-0.001014
55.8110,-31,-0.081158,-0.001014
55.8210,-31,-0.081158,-0.001014
55.8310,-31,-0.081158,-0.001014
55.8410,-31,-0.081158,-0.001014
55.8510,-31,-0.081158,-0.001014
55.8610,-31,-0.081158,-0.001014
55.8710,-31,-0.081158,-0.001014
55.8810,-31,-0.081158,-0.001014
55.8910,-31,-0.081158,-0.001014
55.9010,-31,-0.081158,-0.001014
55.9110,-31,-0.081158,-0.001014
55.9210,-31,-0.081158,-0.001014
55.9310,-31,-0.081158,-0.001014
55.9410,-31,-0.081158,-0.001014
55.9510,-31,-0.081158,-0.001014
55.9610,-31,-0.081158,-0.001014
55.9710,-31,-0.081158,-0.001014
55.9810,-31,-0.081158,-0.001014
55.9910,-31,-0.081158,-0.001014
56.0010,-31,-0.081158,-0.001014
56.0110,-31,-0.081158,-0.001014
56.0210,-31,-0.081158,-0.001014
56.0310,-31,-0.081158,-0.001014
56.0410,-31,-0.081158,-0.001014
56.0510,-31,-0.081158,-0.001014
56.0610,-31,-0.081158,-0.001014
56.0710,-31,-0.081158,-0.001014
56.0810,-31,-0.081158,-0.001014
56.0910,-31,-0.081158,-0.001014
56.1010,-31,-0.081158,-0.001014
56.1110,-31,-0.081158,-0.001014
56.1210,-31,-0.081158,-0.001014
56.1310,-31,-0.081158,-0.001014
56.1410,-31,-0.081158,-0.001014
56.1510,-31,-0.081158,-0.001014
56.1610,-31,-0.081158,-0.001014
56.1710,-31,-0.081158,-0.001014
56.1810,-31,-0.081158,-0.001014
56.1910,-31,-0.081158,-0.001014
56.2010,-31,-0.081158,-0.001014
56.2110,-31,-0.081158,-0.001014
56.2210,-31,-0.081158,-0.001014
56.2310,-31,-0.081158,-0.001014
56.2410,-31,-0.081158,-0.001014
56.2510,-31,-0.081158,-0.001014
56.2610,-31,-0.081158,-0.001014
56.2710,-31,-0.081158,-0.001014
56.2810,-31,-0.081158,-0.001014
56.2910,-31,-0.081158,-0.001014
56.3010,-31,-0.081158,-0.001014
56.3110,-31,-0.081158,-0.001014
56.3210,-31,-0.081158,-0.001014
56.3310,-31,-0.081158,-0.001014
56.3410,-31,-0.081158,-0.001014
56.3510,-31,-0.081158,-0.001014
56.3610,-31,-0.081158,-0.001014
56.3710,-31,-0.081158,-0.001014
56.3810,-31,-0.081158,-0.001014
56.3910,-31,-0.081158,-0.001014
56.4010,-31,-0.081158,-0.001014
56.4120,-31,-0.081158,-0.001014
56.4210,-31,-0.081158,-0.001014
56.4310,-31,-0.081158,-0.001014
56.4410,-31,-0.081158,-0.001014
56.4510,-31,-0.081158,-0.001014
56.4610,-31,-0.081158,-0.001014
56.4710,-31,-0.081158,-0.001014
56.4810,-31,-0.081158,-0.001014
56.4910,-31,-0.081158,-0.001014
56.5010,-31,-0.081158,-0.001014
56.5110,-31,-0.081158,-0.001014
56.5210,-31,-0.081158,-0.001014
56.5310,-31,-0.081158,-0.001014
56.5410,-31,-0.081158,-0.001014
56.5510,-31,-0.081158,-0.001014
56.5610,-31,-0.081158,-0.001014
56.5710,-31,-0.081158,-0.001014
56.5810,-31,-0.081158,-0.001014
56.5910,-31,-0.081158,-0.001014
56.6010,-31,-0.081158,-0.001014
56.6110,-31,-0.081158,-0.001014
56.6210,-31,-0.081158,-0.001014
56.6310,-31,-0.081158,-0.001014
56.6410,-31,-0.081158,-0.001014
56.6510,-31,-0.081158,-0.001014
56.6610,-31,-0.081158,-0.001014
56.6710,-31,-0.081158,-0.001014
56.6810,-31,-0.081158,-0.001014
56.6910,-31,-0.081158,-0.001014
56.7010,-31,-0.081158,-0.001014
56.7110,-31,-0.081158,-0.001014
56.7210,-31,-0.081158,-0.001014
56.7310,-31,-0.081158,-0.001014
56.7410,-31,-0.081158,-0.001014
56.7510,-31,-0.081158,-0.001014
56.7610,-31,-0.081158,-0.001014
56.7710,-31,-0.081158,-0.001014
56.7810,-31,-0.081158,-0.001014
56.7910,-31,-0.081158,-0.001014
56.8010,-31,-0.081158,-0.001014
56.8110,-31,-0.081158,-0.001014
56.8210,-31,-0.081158,-0.001014
56.8310,-31,-0.081158,-0.001014
56.8410,-31,-0.081158,-0.001014
56.8510,-31,-0.081158,-0.001014
56.8610,-31,-0.081158,-0.001014
56.8710,-31,-0.081158,-0.001014
56.8810,-31,-0.081158,-0.001014
56.8910,-32,-0.083776,-0.001047
56.9010,-32,-0.083776,-0.001047
56.9110,-32,-0.083776,-0.001047
56.9210,-32,-0.083776,-0.001047
56.9310,-32,-0.083776,-0.001047
56.9410,-32,-0.083776,-0.001047
56.9510,-32,-0.083776,-0.001047
56.9610,-32,-0.083776,-0.001047
56.9710,-32,-0.083776,-0.001047
56.9810,-32,-0.083776,-0.001047
56.9910,-32,-0.083776,-0.001047
57.0010,-32,-0.083776,-0.001047
57.0110,-32,-0.083776,-0.001047
57.0210,-32,-0.083776,-0.001047
57.0310,-32,-0.083776,-0.001047
57.0410,-32,-0.083776,-0.001047
57.0520,-32,-0.083776,-0.001047
57.0610,-32,-0.083776,-0.001047
57.0710,-32,-0.083776,-0.001047
57.0810,-32,-0.083776,-0.001047
57.0910,-32,-0.083776,-0.001047
57.1010,-32,-0.083776,-0.001047
57.1110,-32,-0.083776,-0.001047
57.1210,-32,-0.083776,-0.001047
57.1310,-32,-0.083776,-0.001047
57.1410,-32,-0.083776,-0.001047
57.1510,-32,-0.083776,-0.001047
57.1610,-32,-0.083776,-0.001047
57.1710,-32,-0.083776,-0.001047
57.1810,-32,-0.083776,-0.001047
57.1910,-32,-0.083776,-0.001047
57.2010,-32,-0.083776,-0.001047
57.2110,-32,-0.083776,-0.001047
57.2210,-32,-0.083776,-0.001047
57.2310,-32,-0.083776,-0.001047
57.2410,-32,-0.083776,-0.001047
57.2510,-32,-0.083776,-0.001047
57.2610,-32,-0.083776,-0.001047
57.2710,-32,-0.083776,-0.001047
57.2810,-32,-0.083776,-0.001047
57.2910,-32,-0.083776,-0.001047
57.3010,-32,-0.083776,-0.001047
57.3110,-32,-0.083776,-0.001047
57.3210,-32,-0.083776,-0.001047
57.3310,-32,-0.083776,-0.001047
57.3410,-32,-0.083776,-0.001047
57.3510,-32,-0.083776,-0.001047
57.3610,-32,-0.083776,-0.001047
57.3710,-32,-0.083776,-0.001047
57.3810,-32,-0.083776,-0.001047
57.3910,-32,-0.083776,-0.001047
57.4010,-32,-0.083776,-0.001047
57.4110,-32,-0.083776,-0.001047
57.4210,-32,-0.083776,-0.001047
57.4310,-32,-0.083776,-0.001047
57.4410,-32,-0.083776,-0.001047
57.4510,-32,-0.083776,-0.001047
57.4610,-32,-0.083776,-0.001047
57.4710,-32,-0.083776,-0.001047
57.4810,-32,-0.083776,-0.001047
57.4910,-32,-0.083776,-0.001047
57.5010,-32,-0.083776,-0.001047
57.5110,-32,-0.083776,-0.001047
57.5210,-32,-0.083776,-0.001047
57.5310,-32,-0.083776,-0.001047
57.5410,-32,-0.083776,-0.001047
57.5510,-32,-0.083776,-0.001047
57.5610,-32,-0.083776,-0.001047
57.5710,-32,-0.083776,-0.001047
57.5810,-32,-0.083776,-0.001047
57.5910,-32,-0.083776,-0.001047
57.6010,-32,-0.083776,-0.001047
57.6110,-32,-0.083776,-0.001047
57.6210,-32,-0.083776,-0.001047
57.6310,-32,-0.083776,-0.001047
57.6410,-32,-0.083776,-0.001047
57.6510,-32,-0.083776,-0.001047
57.6610,-32,-0.083776,-0.001047
57.6710,-32,-0.083776,-0.001047
57.6810,-32,-0.083776,-0.001047
57.6920,-32,-0.083776,-0.001047
57.7010,-32,-0.083776,-0.001047
57.7110,-32,-0.083776,-0.001047
57.7210,-32,-0.083776,-0.001047
57.7310,-32,-0.083776,-0.001047
57.7410,-32,-0.083776,-0.001047
57.7510,-32,-0.083776,-0.001047
57.7610,-32,-0.083776,-0.001047
57.7710,-32,-0.083776,-0.001047
57.7810,-32,-0.083776,-0.001047
57.7910,-32,-0.083776,-0.001047
57.8010,-32,-0.083776,-0.001047
57.8110,-32,-0.083776,-0.001047
57.8210,-32,-0.083776,-0.001047
57.8310,-32,-0.083776,-0.001047
57.8410,-32,-0.083776,-0.001047
57.8510,-32,-0.083776,-0.001047
57.8610,-32,-0.083776,-0.001047
57.8710,-32,-0.083776,-0.001047
57.8810,-32,-0.083776,-0.001047
57.8910,-32,-0.083776,-0.001047
57.9010,-32,-0.083776,-0.001047
57.9110,-32,-0.083776,-0.001047
57.9210,-32,-0.083776,-0.001047
57.9310,-32,-0.083776,-0.001047
57.9410,-32,-0.083776,-0.001047
57.9510,-32,-0.083776,-0.001047
57.9610,-32,-0.083776,-0.001047
57.9710,-32,-0.083776,-0.001047
57.9810,-32,-0.083776,-0.001047
57.9910,-32,-0.083776,-0.001047
58.0010,-32,-0.083776,-0.001047
58.0110,-32,-0.083776,-0.001047
58.0210,-32,-0.083776,-0.001047
58.0310,-32,-0.083776,-0.001047
58.0410,-32,-0.083776,-0.001047
58.0510,-32,-0.083776,-0.001047
58.0610,-32,-0.083776,-0.001047
58.0710,-32,-0.083776,-0.001047
58.0810,-32,-0.083776,-0.001047
58.0910,-32,-0.083776,-0.001047
58.1010,-32,-0.083776,-0.001047
58.1110,-32,-0.083776,-0.001047
58.1210,-32,-0.083776,-0.001047
58.1310,-32,-0.083776,-0.001047
58.1410,-32,-0.083776,-0.001047
58.1510,-32,-0.083776,-0.001047
58.1610,-33,-0.086394,-0.001080
58.1710,-33,-0.086394,-0.001080
58.1810,-33,-0.086394,-0.001080
58.1910,-33,-0.086394,-0.001080
58.2010,-33,-0.086394,-0.001080
58.2110,-33,-0.086394,-0.001080
58.2210,-33,-0.086394,-0.001080
58.2310,-33,-0.086394,-0.001080
58.2410,-33,-0.086394,-0.001080
58.2510,-33,-0.086394,-0.001080
58.2610,-33,-0.086394,-0.001080
58.2710,-33,-0.086394,-0.001080
58.2810,-33,-0.086394,-0.001080
58.2910,-33,-0.086394,-0.001080
58.3010,-33,-0.086394,-0.001080
58.3110,-33,-0.086394,-0.001080
58.3210,-33,-0.086394,-0.001080
58.3320,-33,-0.086394,-0.001080
58.3410,-33,-0.086394,-0.001080
58.3510,-33,-0.086394,-0.001080
58.3610,-33,-0.086394,-0.001080
58.3710,-33,-0.086394,-0.001080
58.3810,-33,-0.086394,-0.001080
58.3910,-33,-0.086394,-0.001080
58.4010,-33,-0.086394,-0.001080
58.4110,-33,-0.086394,-0.001080
58.4210,-33,-0.086394,-0.001080
58.4310,-33,-0.086394,-0.001080
58.4410,-33,-0.086394,-0.001080
58.4510,-33,-0.086394,-0.001080
58.4610,-33,-0.086394,-0.001080
58.4710,-33,-0.086394,-0.001080
58.4810,-33,-0.086394,-0.001080
58.4910,-33,-0.086394,-0.001080
58.5010,-33,-0.086394,-0.001080
58.5110,-33,-0.086394,-0.001080
58.5210,-33,-0.086394,-0.001080
58.5310,-33,-0.086394,-0.001080
58.5410,-33,-0.086394,-0.001080
58.5510,-33,-0.086394,-0.001080
58.5610,-33,-0.086394,-0.001080
58.5710,-33,-0.086394,-0.001080
58.5810,-33,-0.086394,-0.001080
58.5910,-33,-0.086394,-0.001080
58.6010,-33,-0.086394,-0.001080
58.6110,-33,-0.086394,-0.001080
58.6210,-33,-0.086394,-0.001080
58.6310,-33,-0.086394,-0.001080
58.6410,-33,-0.086394,-0.001080
58.6510,-33,-0.086394,-0.001080
58.6610,-33,-0.086394,-0.001080
58.6710,-33,-0.086394,-0.001080
58.6810,-33,-0.086394,-0.001080
58.6910,-33,-0.086394,-0.001080
58.7010,-33,-0.086394,-0.001080
58.7110,-33,-0.086394,-0.001080
58.7210,-33,-0.086394,-0.001080
58.7310,-33,-0.086394,-0.001080
58.7410,-33,-0.086394,-0.001080
58.7510,-33,-0.086394,-0.001080
58.7610,-33,-0.086394,-0.001080
58.7710,-33,-0.086394,-0.001080
58.7810,-33,-0.086394,-0.001080
58.7910,-33,-0.086394,-0.001080
58.8010,-33,-0.086394,-0.001080
58.8110,-33,-0.086394,-0.001080
58.8210,-34,-0.089012,-0.001113
58.8310,-34,-0.089012,-0.001113
58.8410,-34,-0.089012,-0.001113
58.8510,-34,-0.089012,-0.001113
58.8610,-34,-0.089012,-0.001113
58.8710,-34,-0.089012,-0.001113
58.8810,-34,-0.089012,-0.001113
58.8910,-34,-0.089012,-0.001113
58.9010,-34,-0.089012,-0.001113
58.9110,-34,-0.089012,-0.001113
58.9210,-34,-0.089012,-0.001113
58.9310,-34,-0.089012,-0.001113
58.9410,-34,-0.089012,-0.001113
58.9510,-34,-0.089012,-0.001113
58.9610,-34,-0.089012,-0.001113
58.9720,-34,-0.089012,-0.001113
58.9810,-34,-0.089012,-0.001113
58.9910,-34,-0.089012,-0.001113
59.0010,-34,-0.089012,-0.001113
59.0110,-34,-0.089012,-0.001113
59.0210,-34,-0.089012,-0.001113
59.0310,-34,-0.089012,-0.001113
59.0410,-34,-0.089012,-0.001113
59.0510,-34,-0.089012,-0.001113
59.0610,-34,-0.089012,-0.001113
59.0710,-34,-0.089012,-0.001113
59.0810,-34,-0.089012,-0.001113
59.0910,-34,-0.089012,-0.001113
59.1010,-34,-0.089012,-0.001113
59.1110,-34,-0.089012,-0.001113
59.1210,-34,-0.089012,-0.001113
59.1310,-34,-0.089012,-0.001113
59.1410,-34,-0.089012,-0.001113
59.1510,-34,-0.089012,-0.001113
59.1610,-34,-0.089012,-0.001113
59.1710,-34,-0.089012,-0.001113
59.1810,-34,-0.089012,-0.001113
59.1910,-34,-0.089012,-0.001113
59.2010,-34,-0.089012,-0.001113
59.2110,-34,-0.089012,-0.001113
59.2210,-34,-0.089012,-0.001113
59.2310,-34,-0.089012,-0.001113
59.2410,-34,-0.089012,-0.001113
59.2510,-34,-0.089012,-0.001113
59.2610,-34,-0.089012,-0.001113
59.2710,-34,-0.089012,-0.001113
59.2810,-34,-0.089012,-0.001113
59.2910,-34,-0.089012,-0.001113
59.3010,-34,-0.089012,-0.001113
59.3110,-34,-0.089012,-0.001113
59.3210,-34,-0.089012,-0.001113
59.3310,-34,-0.089012,-0.001113
59.3410,-34,-0.089012,-0.001113
59.3510,-34,-0.089012,-0.001113
59.3610,-34,-0.089012,-0.001113
59.3710,-34,-0.089012,-0.001113
59.3810,-34,-0.089012,-0.001113
59.3910,-34,-0.089012,-0.001113
59.4010,-34,-0.089012,-0.001113
59.4110,-34,-0.089012,-0.001113
59.4210,-34,-0.089012,-0.001113
59.4310,-34,-0.089012,-0.001113
59.4410,-34,-0.089012,-0.001113
59.4510,-34,-0.089012,-0.001113
59.4610,-34,-0.089012,-0.001113
59.4710,-34,-0.089012,-0.001113
59.4810,-34,-0.089012,-0.001113
59.4910,-34,-0.089012,-0.001113
59.5010,-34,-0.089012,-0.001113
59.5110,-34,-0.089012,-0.001113
59.5210,-34,-0.089012,-0.001113
59.5310,-34,-0.089012,-0.001113
59.5410,-34,-0.089012,-0.001113
59.5510,-34,-0.089012,-0.001113
59.5610,-34,-0.089012,-0.001113
59.5710,-34,-0.089012,-0.001113
59.5810,-34,-0.089012,-0.001113
59.5910,-34,-0.089012,-0.001113
59.6010,-34,-0.089012,-0.001113
59.6120,-34,-0.089012,-0.001113
59.6210,-34,-0.089012,-0.001113
59.6310,-34,-0.089012,-0.001113
59.6410,-34,-0.089012,-0.001113
59.6510,-34,-0.089012,-0.001113
59.6610,-34,-0.089012,-0.001113
59.6710,-34,-0.089012,-0.001113
59.6810,-34,-0.089012,-0.001113
59.6910,-34,-0.089012,-0.001113
59.7010,-34,-0.089012,-0.001113
59.7110,-34,-0.089012,-0.001113
59.7210,-34,-0.089012,-0.001113
59.7310,-34,-0.089012,-0.001113
59.7410,-34,-0.089012,-0.001113
59.7510,-34,-0.089012,-0.001113
59.7610,-34,-0.089012,-0.001113
59.7710,-34,-0.089012,-0.001113
59.7810,-34,-0.089012,-0.001113
59.7910,-34,-0.089012,-0.001113
59.8010,-34,-0.089012,-0.001113
59.8110,-34,-0.089012,-0.001113
59.8210,-34,-0.089012,-0.001113
59.8310,-34,-0.089012,-0.001113
59.8410,-34,-0.089012,-0.001113
59.8510,-34,-0.089012,-0.001113
59.8610,-34,-0.089012,-0.001113
59.8710,-34,-0.089012,-0.001113
59.8810,-34,-0.089012,-0.001113
59.8910,-34,-0.089012,-0.001113
59.9010,-34,-0.089012,-0.001113
59.9110,-34,-0.089012,-0.001113
59.9210,-34,-0.089012,-0.001113
59.9310,-34,-0.089012,-0.001113
59.9410,-34,-0.089012,-0.001113
59.9510,-34,-0.089012,-0.001113
59.9610,-34,-0.089012,-0.001113
59.9710,-34,-0.089012,-0.001113
59.9810,-34,-0.089012,-0.001113
59.9910,-34,-0.089012,-0.001113
60.0010,-34,-0.089012,-0.001113
60.0110,-34,-0.089012,-0.001113
60.0210,-34,-0.089012,-0.001113
60.0310,-34,-0.089012,-0.001113
60.0410,-34,-0.089012,-0.001113
60.0510,-34,-0.089012,-0.001113
60.0610,-34,-0.089012,-0.001113
60.0710,-35,-0.091630,-0.001145
60.0810,-35,-0.091630,-0.001145
60.0910,-35,-0.091630,-0.001145
60.1010,-35,-0.091630,-0.001145
60.1110,-35,-0.091630,-0.001145
60.1210,-35,-0.091630,-0.001145
60.1310,-35,-0.091630,-0.001145
60.1410,-35,-0.091630,-0.001145
60.1510,-35,-0.091630,-0.001145
60.1610,-35,-0.091630,-0.001145
60.1710,-35,-0.091630,-0.001145
60.1810,-35,-0.091630,-0.001145
60.1910,-35,-0.091630,-0.001145
60.2010,-35,-0.091630,-0.001145
60.2110,-35,-0.091630,-0.001145
60.2210,-35,-0.091630,-0.001145
60.2310,-35,-0.091630,-0.001145
60.2410,-35,-0.091630,-0.001145
60.2520,-35,-0.091630,-0.001145
60.2610,-35,-0.091630,-0.001145
60.2710,-35,-0.091630,-0.001145
60.2810,-35,-0.091630,-0.001145
60.2910,-35,-0.091630,-0.001145
60.3010,-35,-0.091630,-0.001145
60.3110,-35,-0.091630,-0.001145
60.3210,-35,-0.091630,-0.001145
60.3310,-35,-0.091630,-0.001145
60.3410,-35,-0.091630,-0.001145
60.3510,-35,-0.091630,-0.001145
60.3610,-35,-0.091630,-0.001145
60.3710,-35,-0.091630,-0.001145
60.3810,-35,-0.091630,-0.001145
60.3910,-35,-0.091630,-0.001145
60.4010,-35,-0.091630,-0.001145
60.4110,-35,-0.091630,-0.001145
60.4210,-35,-0.091630,-0.001145
60.4310,-35,-0.091630,-0.001145
60.4410,-35,-0.091630,-0.001145
60.4510,-35,-0.091630,-0.001145
60.4610,-35,-0.091630,-0.001145
60.4710,-35,-0.091630,-0.001145
60.4810,-35,-0.091630,-0.001145
60.4910,-35,-0.091630,-0.001145
60.5010,-35,-0.091630,-0.001145
60.5110,-35,-0.091630,-0.001145
60.5210,-35,-0.091630,-0.001145
60.5310,-35,-0.091630,-0.001145
60.5410,-35,-0.091630,-0.001145
60.5510,-35,-0.091630,-0.001145
60.5610,-35,-0.091630,-0.001145
60.5710,-35,-0.091630,-0.001145
60.5810,-35,-0.091630,-0.001145
60.5910,-35,-0.091630,-0.001145
60.6010,-35,-0.091630,-0.001145
60.6110,-35,-0.091630,-0.001145
60.6210,-35,-0.091630,-0.001145
60.6310,-35,-0.091630,-0.001145
60.6410,-35,-0.091630,-0.001145
60.6510,-35,-0.091630,-0.001145
60.6610,-35,-0.091630,-0.001145
60.6710,-35,-0.091630,-0.001145
60.6810,-35,-0.091630,-0.001145
60.6910,-35,-0.091630,-0.001145
60.7010,-35,-0.091630,-0.001145
60.7110,-36,-0.094248,-0.001178
60.7210,-36,-0.094248,-0.001178
60.7310,-36,-0.094248,-0.001178
60.7410,-36,-0.094248,-0.001178
60.7510,-36,-0.094248,-0.001178
60.7610,-36,-0.094248,-0.001178
60.7710,-36,-0.094248,-0.001178
60.7810,-36,-0.094248,-0.001178
60.7910,-36,-0.094248,-0.001178
60.8010,-36,-0.094248,-0.001178
60.8110,-36,-0.094248,-0.001178
60.8210,-36,-0.094248,-0.001178
60.8310,-36,-0.094248,-0.001178
60.8410,-36,-0.094248,-0.001178
60.8510,-36,-0.094248,-0.001178
60.8610,-36,-0.094248,-0.001178
60.8710,-36,-0.094248,-0.001178
60.8810,-36,-0.094248,-0.001178
60.8920,-36,-0.094248,-0.001178
60.9010,-36,-0.094248,-0.001178
60.9110,-36,-0.094248,-0.001178
60.9210,-36,-0.094248,-0.001178
60.9310,-36,-0.094248,-0.001178
60.9410,-36,-0.094248,-0.001178
60.9510,-36,-0.094248,-0.001178
60.9610,-36,-0.094248,-0.001178
60.9710,-36,-0.094248,-0.001178
60.9810,-36,-0.094248,-0.001178
60.9910,-36,-0.094248,-0.001178
61.0010,-36,-0.094248,-0.001178
61.0110,-36,-0.094248,-0.001178
61.0210,-36,-0.094248,-0.001178
61.0310,-36,-0.094248,-0.001178
61.0410,-36,-0.094248,-0.001178
61.0510,-36,-0.094248,-0.001178
61.0610,-36,-0.094248,-0.001178
61.0710,-36,-0.094248,-0.001178
61.0810,-36,-0.094248,-0.001178
61.0910,-36,-0.094248,-0.001178
61.1010,-36,-0.094248,-0.001178
61.1110,-36,-0.094248,-0.001178
61.1210,-36,-0.094248,-0.001178
61.1310,-36,-0.094248,-0.001178
61.1410,-36,-0.094248,-0.001178
61.1510,-36,-0.094248,-0.001178
61.1610,-36,-0.094248,-0.001178
61.1710,-36,-0.094248,-0.001178
61.1810,-36,-0.094248,-0.001178
61.1910,-36,-0.094248,-0.001178
61.2010,-36,-0.094248,-0.001178
61.2110,-36,-0.094248,-0.001178
61.2210,-36,-0.094248,-0.001178
61.2310,-36,-0.094248,-0.001178
61.2410,-36,-0.094248,-0.001178
61.2510,-36,-0.094248,-0.001178
61.2610,-36,-0.094248,-0.001178
61.2710,-36,-0.094248,-0.001178
61.2810,-36,-0.094248,-0.001178
61.2910,-36,-0.094248,-0.001178
61.3010,-36,-0.094248,-0.001178
61.3110,-36,-0.094248,-0.001178
61.3210,-36,-0.094248,-0.001178
61.3310,-36,-0.094248,-0.001178
61.3410,-36,-0.094248,-0.001178
61.3510,-36,-0.094248,-0.001178
61.3610,-36,-0.094248,-0.001178
61.3710,-36,-0.094248,-0.001178
61.3810,-36,-0.094248,-0.001178
61.3910,-37,-0.096866,-0.001211
61.4010,-37,-0.096866,-0.001211
61.4110,-37,-0.096866,-0.001211
61.4210,-37,-0.096866,-0.001211
61.4310,-37,-0.096866,-0.001211
61.4410,-37,-0.096866,-0.001211
61.4510,-37,-0.096866,-0.001211
61.4610,-37,-0.096866,-0.001211
61.4710,-37,-0.096866,-0.001211
61.4810,-37,-0.096866,-0.001211
61.4910,-37,-0.096866,-0.001211
61.5010,-37,-0.096866,-0.001211
61.5110,-37,-0.096866,-0.001211
61.5210,-37,-0.096866,-0.001211
61.5320,-37,-0.096866,-0.001211
61.5410,-37,-0.096866,-0.001211
61.5510,-37,-0.096866,-0.001211
61.5610,-37,-0.096866,-0.001211
61.5710,-37,-0.096866,-0.001211
61.5810,-37,-0.096866,-0.001211
61.5910,-37,-0.096866,-0.001211
61.6010,-37,-0.096866,-0.001211
61.6110,-37,-0.096866,-0.001211
61.6210,-37,-0.096866,-0.001211
61.6310,-37,-0.096866,-0.001211
61.6410,-37,-0.096866,-0.001211
61.6510,-37,-0.096866,-0.001211
61.6610,-37,-0.096866,-0.001211
61.6710,-37,-0.096866,-0.001211
61.6810,-37,-0.096866,-0.001211
61.6910,-37,-0.096866,-0.001211
61.7010,-37,-0.096866,-0.001211
61.7110,-37,-0.096866,-0.001211
61.7210,-37,-0.096866,-0.001211
61.7310,-37,-0.096866,-0.001211
61.7410,-37,-0.096866,-0.001211
61.7510,-37,-0.096866,-0.001211
61.7610,-37,-0.096866,-0.001211
61.7710,-37,-0.096866,-0.001211
61.7810,-37,-0.096866,-0.001211
61.7910,-37,-0.096866,-0.001211
61.8010,-37,-0.096866,-0.001211
61.8110,-37,-0.096866,-0.001211
61.8210,-37,-0.096866,-0.001211
61.8310,-37,-0.096866,-0.001211
61.8410,-37,-0.096866,-0.001211
61.8510,-37,-0.096866,-0.001211
61.8610,-37,-0.096866,-0.001211
61.8710,-37,-0.096866,-0.001211
61.8810,-37,-0.096866,-0.001211
61.8910,-37,-0.096866,-0.001211
61.9010,-37,-0.096866,-0.001211
61.9110,-37,-0.096866,-0.001211
61.9210,-37,-0.096866,-0.001211
61.9310,-37,-0.096866,-0.001211
61.9410,-37,-0.096866,-0.001211
61.9510,-37,-0.096866,-0.001211
61.9610,-37,-0.096866,-0.001211
61.9710,-37,-0.096866,-0.001211
61.9810,-37,-0.096866,-0.001211
61.9910,-37,-0.096866,-0.001211
62.0010,-37,-0.096866,-0.001211
62.0110,-37,-0.096866,-0.001211
62.0210,-37,-0.096866,-0.001211
62.0310,-37,-0.096866,-0.001211
62.0410,-37,-0.096866,-0.001211
62.0510,-37,-0.096866,-0.001211
62.0610,-37,-0.096866,-0.001211
62.0710,-37,-0.096866,-0.001211
62.0810,-37,-0.096866,-0.001211
62.0910,-37,-0.096866,-0.001211
62.1010,-37,-0.096866,-0.001211
62.1110,-37,-0.096866,-0.001211
62.1210,-37,-0.096866,-0.001211
62.1310,-37,-0.096866,-0.001211
62.1410,-37,-0.096866,-0.001211
62.1510,-37,-0.096866,-0.001211
62.1610,-37,-0.096866,-0.001211
62.1720,-37,-0.096866,-0.001211
62.1810,-37,-0.096866,-0.001211
62.1910,-37,-0.096866,-0.001211
62.2010,-37,-0.096866,-0.001211
62.2110,-37,-0.096866,-0.001211
62.2210,-37,-0.096866,-0.001211
62.2310,-37,-0.096866,-0.001211
62.2410,-37,-0.096866,-0.001211
62.2510,-37,-0.096866,-0.001211
62.2610,-37,-0.096866,-0.001211
62.2710,-37,-0.096866,-0.001211
62.2810,-37,-0.096866,-0.001211
62.2910,-37,-0.096866,-0.001211
62.3010,-37,-0.096866,-0.001211
62.3110,-37,-0.096866,-0.001211
62.3210,-37,-0.096866,-0.001211
62.3310,-37,-0.096866,-0.001211
62.3410,-37,-0.096866,-0.001211
62.3510,-37,-0.096866,-0.001211
62.3610,-37,-0.096866,-0.001211
62.3710,-37,-0.096866,-0.001211
62.3810,-37,-0.096866,-0.001211
62.3910,-37,-0.096866,-0.001211
62.4010,-37,-0.096866,-0.001211
62.4110,-37,-0.096866,-0.001211
62.4210,-37,-0.096866,-0.001211
62.4310,-37,-0.096866,-0.001211
62.4410,-37,-0.096866,-0.001211
62.4510,-37,-0.096866,-0.001211
62.4610,-37,-0.096866,-0.001211
62.4710,-37,-0.096866,-0.001211
62.4810,-37,-0.096866,-0.001211
62.4910,-37,-0.096866,-0.001211
62.5010,-37,-0.096866,-0.001211
62.5110,-37,-0.096866,-0.001211
62.5210,-37,-0.096866,-0.001211
62.5310,-37,-0.096866,-0.001211
62.5410,-37,-0.096866,-0.001211
62.5510,-37,-0.096866,-0.001211
62.5610,-37,-0.096866,-0.001211
62.5710,-37,-0.096866,-0.001211
62.5810,-37,-0.096866,-0.001211
62.5910,-37,-0.096866,-0.001211
62.6010,-37,-0.096866,-0.001211
62.6110,-37,-0.096866,-0.001211
62.6210,-38,-0.099484,-0.001244
62.6310,-38,-0.099484,-0.001244
62.6410,-38,-0.099484,-0.001244
62.6510,-38,-0.099484,-0.001244
62.6610,-38,-0.099484,-0.001244
62.6710,-38,-0.099484,-0.001244
62.6810,-38,-0.099484,-0.001244
62.6910,-38,-0.099484,-0.001244
62.7010,-38,-0.099484,-0.001244
62.7110,-38,-0.099484,-0.001244
62.7210,-38,-0.099484,-0.001244
62.7310,-38,-0.099484,-0.001244
62.7410,-38,-0.099484,-0.001244
62.7510,-38,-0.099484,-0.001244
62.7610,-38,-0.099484,-0.001244
62.7710,-38,-0.099484,-0.001244
62.7810,-38,-0.099484,-0.001244
62.7910,-38,-0.099484,-0.001244
62.8010,-38,-0.099484,-0.001244
62.8120,-38,-0.099484,-0.001244
62.8210,-38,-0.099484,-0.001244
62.8310,-38,-0.099484,-0.001244
62.8410,-38,-0.099484,-0.001244
62.8510,-38,-0.099484,-0.001244
62.8610,-38,-0.099484,-0.001244
62.8710,-38,-0.099484,-0.001244
62.8810,-38,-0.099484,-0.001244
62.8910,-38,-0.099484,-0.001244
62.9010,-38,-0.099484,-0.001244
62.9110,-38,-0.099484,-0.001244
62.9210,-38,-0.099484,-0.001244
62.9310,-38,-0.099484,-0.001244
62.9410,-38,-0.099484,-0.001244
62.9510,-38,-0.099484,-0.001244
62.9610,-38,-0.099484,-0.001244
62.9710,-38,-0.099484,-0.001244
62.9810,-38,-0.099484,-0.001244
62.9910,-38,-0.099484,-0.001244
63.0010,-38,-0.099484,-0.001244
63.0110,-38,-0.099484,-0.001244
63.0210,-38,-0.099484,-0.001244
63.0310,-38,-0.099484,-0.001244
63.0410,-38,-0.099484,-0.001244
63.0510,-38,-0.099484,-0.001244
63.0610,-38,-0.099484,-0.001244
63.0710,-38,-0.099484,-0.001244
63.0810,-38,-0.099484,-0.001244
63.0910,-38,-0.099484,-0.001244
63.1010,-38,-0.099484,-0.001244
63.1110,-38,-0.099484,-0.001244
63.1210,-38,-0.099484,-0.001244
63.1310,-38,-0.099484,-0.001244
63.1410,-38,-0.099484,-0.001244
63.1510,-38,-0.099484,-0.001244
63.1610,-38,-0.099484,-0.001244
63.1710,-38,-0.099484,-0.001244
63.1810,-38,-0.099484,-0.001244
63.1910,-38,-0.099484,-0.001244
63.2010,-38,-0.099484,-0.001244
63.2110,-38,-0.099484,-0.001244
63.2210,-38,-0.099484,-0.001244
63.2310,-38,-0.099484,-0.001244
63.2410,-38,-0.099484,-0.001244
63.2510,-38,-0.099484,-0.001244
63.2610,-38,-0.099484,-0.001244
63.2710,-38,-0.099484,-0.001244
63.2810,-39,-0.102102,-0.001276
63.2910,-39,-0.102102,-0.001276
63.3010,-39,-0.102102,-0.001276
63.3110,-39,-0.102102,-0.001276
63.3210,-39,-0.102102,-0.001276
63.3310,-39,-0.102102,-0.001276
63.3410,-39,-0.102102,-0.001276
63.3510,-39,-0.102102,-0.001276
63.3610,-39,-0.102102,-0.001276
63.3710,-39,-0.102102,-0.001276
63.3810,-39,-0.102102,-0.001276
63.3910,-39,-0.102102,-0.001276
63.4010,-39,-0.102102,-0.001276
63.4110,-39,-0.102102,-0.001276
63.4210,-39,-0.102102,-0.001276
63.4310,-39,-0.102102,-0.001276
63.4410,-39,-0.102102,-0.001276
63.4520,-39,-0.102102,-0.001276
63.4610,-39,-0.102102,-0.001276
63.4710,-39,-0.102102,-0.001276
63.4810,-39,-0.102102,-0.001276
63.4910,-39,-0.102102,-0.001276
63.5010,-39,-0.102102,-0.001276
63.5110,-39,-0.102102,-0.001276
63.5210,-39,-0.102102,-0.001276
63.5310,-39,-0.102102,-0.001276
63.5410,-39,-0.102102,-0.001276
63.5510,-39,-0.102102,-0.001276
63.5610,-39,-0.102102,-0.001276
63.5710,-39,-0.102102,-0.001276
63.5810,-39,-0.102102,-0.001276
63.5910,-39,-0.102102,-0.001276
63.6010,-39,-0.102102,-0.001276
63.6110,-39,-0.102102,-0.001276
63.6210,-39,-0.102102,-0.001276
63.6310,-39,-0.102102,-0.001276
63.6410,-39,-0.102102,-0.001276
63.6510,-39,-0.102102,-0.001276
63.6610,-39,-0.102102,-0.001276
63.6710,-39,-0.102102,-0.001276
63.6810,-39,-0.102102,-0.001276
63.6910,-39,-0.102102,-0.001276
63.7010,-39,-0.102102,-0.001276
63.7110,-39,-0.102102,-0.001276
63.7210,-39,-0.102102,-0.001276
63.7310,-39,-0.102102,-0.001276
63.7410,-39,-0.102102,-0.001276
63.7510,-39,-0.102102,-0.001276
63.7610,-39,-0.102102,-0.001276
63.7710,-39,-0.102102,-0.001276
63.7810,-39,-0.102102,-0.001276
63.7910,-39,-0.102102,-0.001276
63.8010,-39,-0.102102,-0.001276
63.8110,-39,-0.102102,-0.001276
63.8210,-39,-0.102102,-0.001276
63.8310,-39,-0.102102,-0.001276
63.8410,-39,-0.102102,-0.001276
63.8510,-39,-0.102102,-0.001276
63.8610,-39,-0.102102,-0.001276
63.8710,-39,-0.102102,-0.001276
63.8810,-39,-0.102102,-0.001276
63.8910,-39,-0.102102,-0.001276
63.9010,-39,-0.102102,-0.001276
63.9110,-39,-0.102102,-0.001276
63.9210,-39,-0.102102,-0.001276
63.9310,-39,-0.102102,-0.001276
63.9410,-39,-0.102102,-0.001276
63.9510,-39,-0.102102,-0.001276
63.9610,-39,-0.102102,-0.001276
63.9710,-39,-0.102102,-0.001276
63.9810,-39,-0.102102,-0.001276
63.9910,-39,-0.102102,-0.001276
64.0010,-39,-0.102102,-0.001276
64.0110,-39,-0.102102,-0.001276
64.0210,-39,-0.102102,-0.001276
64.0310,-39,-0.102102,-0.001276
64.0410,-39,-0.102102,-0.001276
64.0510,-39,-0.102102,-0.001276
64.0610,-39,-0.102102,-0.001276
64.0710,-39,-0.102102,-0.001276
64.0810,-39,-0.102102,-0.001276
64.0920,-39,-0.102102,-0.001276
64.1010,-39,-0.102102,-0.001276
64.1110,-39,-0.102102,-0.001276
64.1210,-39,-0.102102,-0.001276
64.1310,-39,-0.102102,-0.001276
64.1410,-39,-0.102102,-0.001276
64.1510,-39,-0.102102,-0.001276
64.1610,-39,-0.102102,-0.001276
64.1710,-39,-0.102102,-0.001276
64.1810,-39,-0.102102,-0.001276
64.1910,-39,-0.102102,-0.001276
64.2010,-39,-0.102102,-0.001276
64.2110,-39,-0.102102,-0.001276
64.2210,-39,-0.102102,-0.001276
64.2310,-39,-0.102102,-0.001276
64.2410,-39,-0.102102,-0.001276
64.2510,-39,-0.102102,-0.001276
64.2610,-39,-0.102102,-0.001276
64.2710,-39,-0.102102,-0.001276
64.2810,-39,-0.102102,-0.001276
64.2910,-39,-0.102102,-0.001276
64.3010,-39,-0.102102,-0.001276
64.3110,-39,-0.102102,-0.001276
64.3210,-39,-0.102102,-0.001276
64.3310,-39,-0.102102,-0.001276
64.3410,-39,-0.102102,-0.001276
64.3510,-39,-0.102102,-0.001276
64.3610,-39,-0.102102,-0.001276
64.3710,-39,-0.102102,-0.001276
64.3810,-39,-0.102102,-0.001276
64.3910,-39,-0.102102,-0.001276
64.4010,-39,-0.102102,-0.001276
64.4110,-39,-0.102102,-0.001276
64.4210,-39,-0.102102,-0.001276
64.4310,-39,-0.102102,-0.001276
64.4410,-39,-0.102102,-0.001276
64.4510,-39,-0.102102,-0.001276
64.4610,-39,-0.102102,-0.001276
64.4710,-39,-0.102102,-0.001276
64.4810,-39,-0.102102,-0.001276
64.4910,-39,-0.102102,-0.001276
64.5010,-39,-0.102102,-0.001276
64.5110,-39,-0.102102,-0.001276
64.5210,-39,-0.102102,-0.001276
64.5310,-40,-0.104720,-0.001309
64.5410,-40,-0.104720,-0.001309
64.5510,-40,-0.104720,-0.001309
64.5610,-40,-0.104720,-0.001309
64.5710,-40,-0.104720,-0.001309
64.5810,-40,-0.104720,-0.001309
64.5910,-40,-0.104720,-0.001309
64.6010,-40,-0.104720,-0.001309
64.6110,-40,-0.104720,-0.001309
64.6210,-40,-0.104720,-0.001309
64.6310,-40,-0.104720,-0.001309
64.6410,-40,-0.104720,-0.001309
64.6510,-40,-0.104720,-0.001309
64.6610,-40,-0.104720,-0.001309
64.6710,-40,-0.104720,-0.001309
64.6810,-40,-0.104720,-0.001309
64.6910,-40,-0.104720,-0.001309
64.7010,-40,-0.104720,-0.001309
64.7110,-40,-0.104720,-0.001309
64.7210,-40,-0.104720,-0.001309
64.7320,-40,-0.104720,-0.001309
64.7410,-40,-0.104720,-0.001309
64.7510,-40,-0.104720,-0.001309
64.7610,-40,-0.104720,-0.001309
64.7710,-40,-0.104720,-0.001309
64.7810,-40,-0.104720,-0.001309
64.7910,-40,-0.104720,-0.001309
64.8010,-40,-0.104720,-0.001309
64.8110,-40,-0.104720,-0.001309
64.8210,-40,-0.104720,-0.001309
64.8310,-40,-0.104720,-0.001309
64.8410,-40,-0.104720,-0.001309
64.8510,-40,-0.104720,-0.001309
64.8610,-40,-0.104720,-0.001309
64.8710,-40,-0.104720,-0.001309
64.8810,-40,-0.104720,-0.001309
64.8910,-40,-0.104720,-0.001309
64.9010,-40,-0.104720,-0.001309
64.9110,-40,-0.104720,-0.001309
64.9210,-40,-0.104720,-0.001309
64.9310,-40,-0.104720,-0.001309
64.9410,-40,-0.104720,-0.001309
64.9510,-40,-0.104720,-0.001309
64.9610,-40,-0.104720,-0.001309
64.9710,-40,-0.104720,-0.001309
64.9810,-40,-0.104720,-0.001309
64.9910,-40,-0.104720,-0.001309
65.0010,-40,-0.104720,-0.001309
65.0110,-40,-0.104720,-0.001309
65.0210,-40,-0.104720,-0.001309
65.0310,-40,-0.104720,-0.001309
65.0410,-40,-0.104720,-0.001309
65.0510,-40,-0.104720,-0.001309
65.0610,-40,-0.104720,-0.001309
65.0710,-40,-0.104720,-0.001309
65.0810,-40,-0.104720,-0.001309
65.0910,-40,-0.104720,-0.001309
65.1010,-40,-0.104720,-0.001309
65.1110,-40,-0.104720,-0.001309
65.1210,-40,-0.104720,-0.001309
65.1310,-40,-0.104720,-0.001309
65.1410,-40,-0.104720,-0.001309
65.1510,-40,-0.104720,-0.001309
65.1610,-40,-0.104720,-0.001309
65.1710,-40,-0.104720,-0.001309
65.1810,-40,-0.104720,-0.001309
65.1910,-41,-0.107338,-0.001342
65.2010,-41,-0.107338,-0.001342
65.2110,-41,-0.107338,-0.001342
65.2210,-41,-0.107338,-0.001342
65.2310,-41,-0.107338,-0.001342
65.2410,-41,-0.107338,-0.001342
65.2510,-41,-0.107338,-0.001342
65.2610,-41,-0.107338,-0.001342
65.2710,-41,-0.107338,-0.001342
65.2810,-41,-0.107338,-0.001342
65.2910,-41,-0.107338,-0.001342
65.3010,-41,-0.107338,-0.001342
65.3110,-41,-0.107338,-0.001342
65.3210,-41,-0.107338,-0.001342
65.3310,-41,-0.107338,-0.001342
65.3410,-41,-0.107338,-0.001342
65.3510,-41,-0.107338,-0.001342
65.3610,-41,-0.107338,-0.001342
65.3720,-41,-0.107338,-0.001342
65.3810,-41,-0.107338,-0.001342
65.3910,-41,-0.107338,-0.001342
65.4010,-41,-0.107338,-0.001342
65.4110,-41,-0.107338,-0.001342
65.4210,-41,-0.107338,-0.001342
65.4310,-41,-0.107338,-0.001342
65.4410,-41,-0.107338,-0.001342
65.4510,-41,-0.107338,-0.001342
65.4610,-41,-0.107338,-0.001342
65.4710,-41,-0.107338,-0.001342
65.4810,-41,-0.107338,-0.001342
65.4910,-41,-0.107338,-0.001342
65.5010,-41,-0.107338,-0.001342
65.5110,-41,-0.107338,-0.001342
65.5210,-41,-0.107338,-0.001342
65.5310,-41,-0.107338,-0.001342
65.5410,-41,-0.107338,-0.001342
65.5510,-41,-0.107338,-0.001342
65.5610,-41,-0.107338,-0.001342
65.5710,-41,-0.107338,-0.001342
65.5810,-41,-0.107338,-0.001342
65.5910,-41,-0.107338,-0.001342
65.6010,-41,-0.107338,-0.001342
65.6110,-41,-0.107338,-0.001342
65.6210,-41,-0.107338,-0.001342
65.6310,-41,-0.107338,-0.001342
65.6410,-41,-0.107338,-0.001342
65.6510,-41,-0.107338,-0.001342
65.6610,-41,-0.107338,-0.001342
65.6710,-41,-0.107338,-0.001342
65.6810,-41,-0.107338,-0.001342
65.6910,-41,-0.107338,-0.001342
65.7010,-41,-0.107338,-0.001342
65.7110,-41,-0.107338,-0.001342
65.7210,-41,-0.107338,-0.001342
65.7310,-41,-0.107338,-0.001342
65.7410,-41,-0.107338,-0.001342
65.7510,-41,-0.107338,-0.001342
65.7610,-41,-0.107338,-0.001342
65.7710,-41,-0.107338,-0.001342
65.7810,-41,-0.107338,-0.001342
65.7910,-41,-0.107338,-0.001342
65.8010,-41,-0.107338,-0.001342
65.8110,-41,-0.107338,-0.001342
65.8210,-41,-0.107338,-0.001342
65.8310,-41,-0.107338,-0.001342
65.8410,-41,-0.107338,-0.001342
65.8510,-41,-0.107338,-0.001342
65.8610,-41,-0.107338,-0.001342
65.8710,-41,-0.107338,-0.001342
65.8810,-41,-0.107338,-0.001342
65.8910,-41,-0.107338,-0.001342
65.9010,-41,-0.107338,-0.001342
65.9110,-41,-0.107338,-0.001342
65.9210,-41,-0.107338,-0.001342
65.9310,-41,-0.107338,-0.001342
65.9410,-41,-0.107338,-0.001342
65.9510,-41,-0.107338,-0.001342
65.9610,-41,-0.107338,-0.001342
65.9710,-41,-0.107338,-0.001342
65.9810,-41,-0.107338,-0.001342
65.9910,-41,-0.107338,-0.001342
66.0010,-41,-0.107338,-0.001342
66.0120,-41,-0.107338,-0.001342
66.0210,-41,-0.107338,-0.001342
66.0310,-41,-0.107338,-0.001342
66.0410,-41,-0.107338,-0.001342
66.0510,-41,-0.107338,-0.001342
66.0610,-41,-0.107338,-0.001342
66.0710,-41,-0.107338,-0.001342
66.0810,-41,-0.107338,-0.001342
66.0910,-41,-0.107338,-0.001342
66.1010,-41,-0.107338,-0.001342
66.1110,-41,-0.107338,-0.001342
66.1210,-41,-0.107338,-0.001342
66.1310,-41,-0.107338,-0.001342
66.1410,-41,-0.107338,-0.001342
66.1510,-41,-0.107338,-0.001342
66.1610,-41,-0.107338,-0.001342
66.1710,-41,-0.107338,-0.001342
66.1810,-41,-0.107338,-0.001342
66.1910,-41,-0.107338,-0.001342
66.2010,-41,-0.107338,-0.001342
66.2110,-41,-0.107338,-0.001342
66.2210,-41,-0.107338,-0.001342
66.2310,-41,-0.107338,-0.001342
66.2410,-41,-0.107338,-0.001342
66.2510,-41,-0.107338,-0.001342
66.2610,-41,-0.107338,-0.001342
66.2710,-41,-0.107338,-0.001342
66.2810,-41,-0.107338,-0.001342
66.2910,-41,-0.107338,-0.001342
66.3010,-41,-0.107338,-0.001342
66.3110,-41,-0.107338,-0.001342
66.3210,-41,-0.107338,-0.001342
66.3310,-41,-0.107338,-0.001342
66.3410,-41,-0.107338,-0.001342
66.3510,-41,-0.107338,-0.001342
66.3610,-41,-0.107338,-0.001342
66.3710,-41,-0.107338,-0.001342
66.3810,-41,-0.107338,-0.001342
66.3910,-41,-0.107338,-0.001342
66.4010,-41,-0.107338,-0.001342
66.4110,-41,-0.107338,-0.001342
66.4210,-41,-0.107338,-0.001342
66.4310,-42,-0.109956,-0.001374
66.4410,-42,-0.109956,-0.001374
66.4510,-42,-0.109956,-0.001374
66.4610,-42,-0.109956,-0.001374
66.4710,-42,-0.109956,-0.001374
66.4810,-42,-0.109956,-0.001374
66.4910,-42,-0.109956,-0.001374
66.5010,-42,-0.109956,-0.001374
66.5110,-42,-0.109956,-0.001374
66.5210,-42,-0.109956,-0.001374
66.5310,-42,-0.109956,-0.001374
66.5410,-42,-0.109956,-0.001374
66.5510,-42,-0.109956,-0.001374
66.5610,-42,-0.109956,-0.001374
66.5710,-42,-0.109956,-0.001374
66.5810,-42,-0.109956,-0.001374
66.5910,-42,-0.109956,-0.001374
66.6010,-42,-0.109956,-0.001374
66.6110,-42,-0.109956,-0.001374
66.6210,-42,-0.109956,-0.001374
66.6310,-42,-0.109956,-0.001374
66.6410,-42,-0.109956,-0.001374
66.6520,-42,-0.109956,-0.001374
66.6610,-42,-0.109956,-0.001374
66.6710,-42,-0.109956,-0.001374
66.6810,-42,-0.109956,-0.001374
66.6910,-42,-0.109956,-0.001374
66.7010,-42,-0.109956,-0.001374
66.7110,-42,-0.109956,-0.001374
66.7210,-42,-0.109956,-0.001374
66.7310,-42,-0.109956,-0.001374
66.7410,-42,-0.109956,-0.001374
66.7510,-42,-0.109956,-0.001374
66.7610,-42,-0.109956,-0.001374
66.7710,-42,-0.109956,-0.001374
66.7810,-42,-0.109956,-0.001374
66.7910,-42,-0.109956,-0.001374
66.8010,-42,-0.109956,-0.001374
66.8110,-42,-0.109956,-0.001374
66.8210,-42,-0.109956,-0.001374
66.8310,-42,-0.109956,-0.001374
66.8410,-42,-0.109956,-0.001374
66.8510,-42,-0.109956,-0.001374
66.8610,-42,-0.109956,-0.001374
66.8710,-42,-0.109956,-0.001374
66.8810,-42,-0.109956,-0.001374
66.8910,-42,-0.109956,-0.001374
66.9010,-42,-0.109956,-0.001374
66.9110,-42,-0.109956,-0.001374
66.9210,-42,-0.109956,-0.001374
66.9310,-42,-0.109956,-0.001374
66.9410,-42,-0.109956,-0.001374
66.9510,-42,-0.109956,-0.001374
66.9610,-42,-0.109956,-0.001374
66.9710,-42,-0.109956,-0.001374
66.9810,-42,-0.109956,-0.001374
66.9910,-42,-0.109956,-0.001374
67.0010,-42,-0.109956,-0.001374
67.0110,-42,-0.109956,-0.001374
67.0210,-42,-0.109956,-0.001374
67.0310,-42,-0.109956,-0.001374
67.0410,-42,-0.109956,-0.001374
67.0510,-42,-0.109956,-0.001374
67.0610,-42,-0.109956,-0.001374
67.0710,-42,-0.109956,-0.001374
67.0810,-42,-0.109956,-0.001374
67.0910,-42,-0.109956,-0.001374
67.1010,-43,-0.112574,-0.001407
67.1110,-43,-0.112574,-0.001407
67.1210,-43,-0.112574,-0.001407
67.1310,-43,-0.112574,-0.001407
67.1410,-43,-0.112574,-0.001407
67.1510,-43,-0.112574,-0.001407
67.1610,-43,-0.112574,-0.001407
67.1710,-43,-0.112574,-0.001407
67.1810,-43,-0.112574,-0.001407
67.1910,-43,-0.112574,-0.001407
67.2010,-43,-0.112574,-0.001407
67.2110,-43,-0.112574,-0.001407
67.2210,-43,-0.112574,-0.001407
67.2310,-43,-0.112574,-0.001407
67.2410,-43,-0.112574,-0.001407
67.2510,-43,-0.112574,-0.001407
67.2610,-43,-0.112574,-0.001407
67.2710,-43,-0.112574,-0.001407
67.2810,-43,-0.112574,-0.001407
67.2920,-43,-0.112574,-0.001407
67.3010,-43,-0.112574,-0.001407
67.3110,-43,-0.112574,-0.001407
67.3210,-43,-0.112574,-0.001407
67.3310,-43,-0.112574,-0.001407
67.3410,-43,-0.112574,-0.001407
67.3510,-43,-0.112574,-0.001407
67.3610,-43,-0.112574,-0.001407
67.3710,-43,-0.112574,-0.001407
67.3810,-43,-0.112574,-0.001407
67.3910,-43,-0.112574,-0.001407
67.4010,-43,-0.112574,-0.001407
67.4110,-43,-0.112574,-0.001407
67.4210,-43,-0.112574,-0.001407
67.4310,-43,-0.112574,-0.001407
67.4410,-43,-0.112574,-0.001407
67.4510,-43,-0.112574,-0.001407
67.4610,-43,-0.112574,-0.001407
67.4710,-43,-0.112574,-0.001407
67.4810,-43,-0.112574,-0.001407
67.4910,-43,-0.112574,-0.001407
67.5010,-43,-0.112574,-0.001407
67.5110,-43,-0.112574,-0.001407
67.5210,-43,-0.112574,-0.001407
67.5310,-43,-0.112574,-0.001407
67.5410,-43,-0.112574,-0.001407
67.5510,-43,-0.112574,-0.001407
67.5610,-43,-0.112574,-0.001407
67.5710,-43,-0.112574,-0.001407
67.5810,-43,-0.112574,-0.001407
67.5910,-43,-0.112574,-0.001407
67.6010,-43,-0.112574,-0.001407
67.6110,-43,-0.112574,-0.001407
67.6210,-43,-0.112574,-0.001407
67.6310,-43,-0.112574,-0.001407
67.6410,-43,-0.112574,-0.001407
67.6510,-43,-0.112574,-0.001407
67.6610,-43,-0.112574,-0.001407
67.6710,-43,-0.112574,-0.001407
67.6810,-43,-0.112574,-0.001407
67.6910,-43,-0.112574,-0.001407
67.7010,-43,-0.112574,-0.001407
67.7110,-43,-0.112574,-0.001407
67.7210,-43,-0.112574,-0.001407
67.7310,-43,-0.112574,-0.001407
67.7410,-43,-0.112574,-0.001407
67.7510,-43,-0.112574,-0.001407
67.7610,-43,-0.112574,-0.001407
67.7710,-43,-0.112574,-0.001407
67.7810,-43,-0.112574,-0.001407
67.7910,-43,-0.112574,-0.001407
67.8010,-43,-0.112574,-0.001407
67.8110,-43,-0.112574,-0.001407
67.8210,-43,-0.112574,-0.001407
67.8310,-43,-0.112574,-0.001407
67.8410,-43,-0.112574,-0.001407
67.8510,-43,-0.112574,-0.001407
67.8610,-43,-0.112574,-0.001407
67.8710,-43,-0.112574,-0.001407
67.8810,-43,-0.112574,-0.001407
67.8910,-43,-0.112574,-0.001407
67.9010,-43,-0.112574,-0.001407
67.9110,-43,-0.112574,-0.001407
67.9210,-43,-0.112574,-0.001407
67.9320,-43,-0.112574,-0.001407
67.9410,-43,-0.112574,-0.001407
67.9510,-43,-0.112574,-0.001407
67.9610,-43,-0.112574,-0.001407
67.9710,-43,-0.112574,-0.001407
67.9810,-43,-0.112574,-0.001407
67.9910,-43,-0.112574,-0.001407
68.0010,-43,-0.112574,-0.001407
68.0110,-43,-0.112574,-0.001407
68.0210,-43,-0.112574,-0.001407
68.0310,-43,-0.112574,-0.001407
68.0410,-43,-0.112574,-0.001407
68.0510,-43,-0.112574,-0.001407
68.0610,-43,-0.112574,-0.001407
68.0710,-43,-0.112574,-0.001407
68.0810,-43,-0.112574,-0.001407
68.0910,-43,-0.112574,-0.001407
68.1010,-43,-0.112574,-0.001407
68.1110,-43,-0.112574,-0.001407
68.1210,-43,-0.112574,-0.001407
68.1310,-43,-0.112574,-0.001407
68.1410,-43,-0.112574,-0.001407
68.1510,-43,-0.112574,-0.001407
68.1610,-43,-0.112574,-0.001407
68.1710,-43,-0.112574,-0.001407
68.1810,-43,-0.112574,-0.001407
68.1910,-43,-0.112574,-0.001407
68.2010,-43,-0.112574,-0.001407
68.2110,-43,-0.112574,-0.001407
68.2210,-43,-0.112574,-0.001407
68.2310,-43,-0.112574,-0.001407
68.2410,-43,-0.112574,-0.001407
68.2510,-43,-0.112574,-0.001407
68.2610,-43,-0.112574,-0.001407
68.2710,-43,-0.112574,-0.001407
68.2810,-43,-0.112574,-0.001407
68.2910,-43,-0.112574,-0.001407
68.3010,-43,-0.112574,-0.001407
68.3110,-43,-0.112574,-0.001407
68.3210,-43,-0.112574,-0.001407
68.3310,-43,-0.112574,-0.001407
68.3410,-43,-0.112574,-0.001407
68.3510,-44,-0.115192,-0.001440
68.3610,-44,-0.115192,-0.001440
68.3710,-44,-0.115192,-0.001440
68.3810,-44,-0.115192,-0.001440
68.3910,-44,-0.115192,-0.001440
68.4010,-44,-0.115192,-0.001440
68.4110,-44,-0.115192,-0.001440
68.4210,-44,-0.115192,-0.001440
68.4310,-44,-0.115192,-0.001440
68.4410,-44,-0.115192,-0.001440
68.4510,-44,-0.115192,-0.001440
68.4610,-44,-0.115192,-0.001440
68.4710,-44,-0.115192,-0.001440
68.4810,-44,-0.115192,-0.001440
68.4910,-44,-0.115192,-0.001440
68.5010,-44,-0.115192,-0.001440
68.5110,-44,-0.115192,-0.001440
68.5210,-44,-0.115192,-0.001440
68.5310,-44,-0.115192,-0.001440
68.5410,-44,-0.115192,-0.001440
68.5510,-44,-0.115192,-0.001440
68.5610,-44,-0.115192,-0.001440
68.5720,-44,-0.115192,-0.001440
68.5810,-44,-0.115192,-0.001440
68.5910,-44,-0.115192,-0.001440
68.6010,-44,-0.115192,-0.001440
68.6110,-44,-0.115192,-0.001440
68.6210,-44,-0.115192,-0.001440
68.6310,-44,-0.115192,-0.001440
68.6410,-44,-0.115192,-0.001440
68.6510,-44,-0.115192,-0.001440
68.6610,-44,-0.115192,-0.001440
68.6710,-44,-0.115192,-0.001440
68.6810,-44,-0.115192,-0.001440
68.6910,-44,-0.115192,-0.001440
68.7010,-44,-0.115192,-0.001440
68.7110,-44,-0.115192,-0.001440
68.7210,-44,-0.115192,-0.001440
68.7310,-44,-0.115192,-0.001440
68.7410,-44,-0.115192,-0.001440
68.7510,-44,-0.115192,-0.001440
68.7610,-44,-0.115192,-0.001440
68.7710,-44,-0.115192,-0.001440
68.7810,-44,-0.115192,-0.001440
68.7910,-44,-0.115192,-0.001440
68.8010,-44,-0.115192,-0.001440
68.8110,-44,-0.115192,-0.001440
68.8210,-44,-0.115192,-0.001440
68.8310,-44,-0.115192,-0.001440
68.8410,-44,-0.115192,-0.001440
68.8510,-44,-0.115192,-0.001440
68.8610,-44,-0.115192,-0.001440
68.8710,-44,-0.115192,-0.001440
68.8810,-44,-0.115192,-0.001440
68.8910,-44,-0.115192,-0.001440
68.9010,-44,-0.115192,-0.001440
68.9110,-44,-0.115192,-0.001440
68.9210,-44,-0.115192,-0.001440
68.9310,-44,-0.115192,-0.001440
68.9410,-44,-0.115192,-0.001440
68.9510,-44,-0.115192,-0.001440
68.9610,-44,-0.115192,-0.001440
68.9710,-44,-0.115192,-0.001440
68.9810,-44,-0.115192,-0.001440
68.9910,-44,-0.115192,-0.001440
69.0010,-44,-0.115192,-0.001440
69.0110,-44,-0.115192,-0.001440
69.0210,-44,-0.115192,-0.001440
69.0310,-44,-0.115192,-0.001440
69.0410,-44,-0.115192,-0.001440
69.0510,-44,-0.115192,-0.001440
69.0610,-44,-0.115192,-0.001440
69.0710,-44,-0.115192,-0.001440
69.0810,-44,-0.115192,-0.001440
69.0910,-44,-0.115192,-0.001440
69.1010,-44,-0.115192,-0.001440
69.1110,-44,-0.115192,-0.001440
69.1210,-44,-0.115192,-0.001440
69.1310,-44,-0.115192,-0.001440
69.1410,-44,-0.115192,-0.001440
69.1510,-44,-0.115192,-0.001440
69.1610,-44,-0.115192,-0.001440
69.1710,-44,-0.115192,-0.001440
69.1810,-44,-0.115192,-0.001440
69.1910,-44,-0.115192,-0.001440
69.2010,-44,-0.115192,-0.001440
69.2120,-44,-0.115192,-0.001440
69.2210,-44,-0.115192,-0.001440
69.2310,-44,-0.115192,-0.001440
69.2410,-44,-0.115192,-0.001440
69.2510,-44,-0.115192,-0.001440
69.2610,-44,-0.115192,-0.001440
69.2710,-44,-0.115192,-0.001440
69.2810,-44,-0.115192,-0.001440
69.2910,-44,-0.115192,-0.001440
69.3010,-44,-0.115192,-0.001440
69.3110,-44,-0.115192,-0.001440
69.3210,-44,-0.115192,-0.001440
69.3310,-44,-0.115192,-0.001440
69.3410,-44,-0.115192,-0.001440
69.3510,-44,-0.115192,-0.001440
69.3610,-44,-0.115192,-0.001440
69.3710,-44,-0.115192,-0.001440
69.3810,-44,-0.115192,-0.001440
69.3910,-44,-0.115192,-0.001440
69.4010,-44,-0.115192,-0.001440
69.4110,-44,-0.115192,-0.001440
69.4210,-44,-0.115192,-0.001440
69.4310,-44,-0.115192,-0.001440
69.4410,-44,-0.115192,-0.001440
69.4510,-44,-0.115192,-0.001440
69.4610,-44,-0.115192,-0.001440
69.4710,-44,-0.115192,-0.001440
69.4810,-44,-0.115192,-0.001440
69.4910,-44,-0.115192,-0.001440
69.5010,-44,-0.115192,-0.001440
69.5110,-44,-0.115192,-0.001440
69.5210,-44,-0.115192,-0.001440
69.5310,-44,-0.115192,-0.001440
69.5410,-44,-0.115192,-0.001440
69.5510,-44,-0.115192,-0.001440
69.5610,-44,-0.115192,-0.001440
69.5710,-44,-0.115192,-0.001440
69.5810,-44,-0.115192,-0.001440
69.5910,-44,-0.115192,-0.001440
69.6010,-44,-0.115192,-0.001440
69.6110,-44,-0.115192,-0.001440
69.6210,-45,-0.117810,-0.001473
69.6310,-45,-0.117810,-0.001473
69.6410,-45,-0.117810,-0.001473
69.6510,-45,-0.117810,-0.001473
69.6610,-45,-0.117810,-0.001473
69.6710,-45,-0.117810,-0.001473
69.6810,-45,-0.117810,-0.001473
69.6910,-45,-0.117810,-0.001473
69.7010,-45,-0.117810,-0.001473
69.7110,-45,-0.117810,-0.001473
69.7210,-45,-0.117810,-0.001473
69.7310,-45,-0.117810,-0.001473
69.7410,-45,-0.117810,-0.001473
69.7510,-45,-0.117810,-0.001473
69.7610,-45,-0.117810,-0.001473
69.7710,-45,-0.117810,-0.001473
69.7810,-45,-0.117810,-0.001473
69.7910,-45,-0.117810,-0.001473
69.8010,-45,-0.117810,-0.001473
69.8110,-45,-0.117810,-0.001473
69.8210,-45,-0.117810,-0.001473
69.8310,-45,-0.117810,-0.001473
69.8410,-45,-0.117810,-0.001473
69.8520,-45,-0.117810,-0.001473
69.8610,-45,-0.117810,-0.001473
69.8710,-45,-0.117810,-0.001473
69.8810,-45,-0.117810,-0.001473
69.8910,-45,-0.117810,-0.001473
69.9010,-45,-0.117810,-0.001473
69.9110,-45,-0.117810,-0.001473
69.9210,-45,-0.117810,-0.001473
69.9310,-45,-0.117810,-0.001473
69.9410,-45,-0.117810,-0.001473
69.9510,-45,-0.117810,-0.001473
69.9610,-45,-0.117810,-0.001473
69.9710,-45,-0.117810,-0.001473
69.9810,-45,-0.117810,-0.001473
69.9910,-45,-0.117810,-0.001473
70.0010,-45,-0.117810,-0.001473
70.0110,-45,-0.117810,-0.001473
70.0210,-45,-0.117810,-0.001473
70.0310,-45,-0.117810,-0.001473
70.0410,-45,-0.117810,-0.001473
70.0510,-45,-0.117810,-0.001473
70.0610,-45,-0.117810,-0.001473
70.0710,-45,-0.117810,-0.001473
70.0810,-45,-0.117810,-0.001473
70.0910,-45,-0.117810,-0.001473
70.1010,-45,-0.117810,-0.001473
70.1110,-45,-0.117810,-0.001473
70.1210,-45,-0.117810,-0.001473
70.1310,-45,-0.117810,-0.001473
70.1410,-45,-0.117810,-0.001473
70.1510,-45,-0.117810,-0.001473
70.1610,-45,-0.117810,-0.001473
70.1710,-45,-0.117810,-0.001473
70.1810,-45,-0.117810,-0.001473
70.1910,-45,-0.117810,-0.001473
70.2010,-45,-0.117810,-0.001473
70.2110,-45,-0.117810,-0.001473
70.2210,-45,-0.117810,-0.001473
70.2310,-45,-0.117810,-0.001473
70.2410,-45,-0.117810,-0.001473
70.2510,-45,-0.117810,-0.001473
70.2610,-46,-0.120428,-0.001505
70.2710,-46,-0.120428,-0.001505
70.2810,-46,-0.120428,-0.001505
70.2910,-46,-0.120428,-0.001505
70.3010,-46,-0.120428,-0.001505
70.3110,-46,-0.120428,-0.001505
70.3210,-46,-0.120428,-0.001505
70.3310,-46,-0.120428,-0.001505
70.3410,-46,-0.120428,-0.001505
70.3510,-46,-0.120428,-0.001505
70.3610,-46,-0.120428,-0.001505
70.3710,-46,-0.120428,-0.001505
70.3810,-46,-0.120428,-0.001505
70.3910,-46,-0.120428,-0.001505
70.4010,-46,-0.120428,-0.001505
70.4110,-46,-0.120428,-0.001505
70.4210,-46,-0.120428,-0.001505
70.4310,-46,-0.120428,-0.001505
70.4410,-46,-0.120428,-0.001505
70.4510,-46,-0.120428,-0.001505
70.4610,-46,-0.120428,-0.001505
70.4710,-46,-0.120428,-0.001505
70.4810,-46,-0.120428,-0.001505
70.4920,-46,-0.120428,-0.001505
70.5010,-46,-0.120428,-0.001505
70.5110,-46,-0.120428,-0.001505
70.5210,-46,-0.120428,-0.001505
70.5310,-46,-0.120428,-0.001505
70.5410,-46,-0.120428,-0.001505
70.5510,-46,-0.120428,-0.001505
70.5610,-46,-0.120428,-0.001505
70.5710,-46,-0.120428,-0.001505
70.5810,-46,-0.120428,-0.001505
70.5910,-46,-0.120428,-0.001505
70.6010,-46,-0.120428,-0.001505
70.6110,-46,-0.120428,-0.001505
70.6210,-46,-0.120428,-0.001505
70.6310,-46,-0.120428,-0.001505
70.6410,-46,-0.120428,-0.001505
70.6510,-46,-0.120428,-0.001505
70.6610,-46,-0.120428,-0.001505
70.6710,-46,-0.120428,-0.001505
70.6810,-46,-0.120428,-0.001505
70.6910,-46,-0.120428,-0.001505
70.7010,-46,-0.120428,-0.001505
70.7110,-46,-0.120428,-0.001505
70.7210,-46,-0.120428,-0.001505
70.7310,-46,-0.120428,-0.001505
70.7410,-46,-0.120428,-0.001505
70.7510,-46,-0.120428,-0.001505
70.7610,-46,-0.120428,-0.001505
70.7710,-46,-0.120428,-0.001505
70.7810,-46,-0.120428,-0.001505
70.7910,-46,-0.120428,-0.001505
70.8010,-46,-0.120428,-0.001505
70.8110,-46,-0.120428,-0.001505
70.8210,-46,-0.120428,-0.001505
70.8310,-46,-0.120428,-0.001505
70.8410,-46,-0.120428,-0.001505
70.8510,-46,-0.120428,-0.001505
70.8610,-46,-0.120428,-0.001505
70.8710,-46,-0.120428,-0.001505
70.8810,-46,-0.120428,-0.001505
70.8910,-46,-0.120428,-0.001505
70.9010,-46,-0.120428,-0.001505
70.9110,-46,-0.120428,-0.001505
70.9210,-47,-0.123046,-0.001538
70.9310,-47,-0.123046,-0.001538
70.9410,-47,-0.123046,-0.001538
70.9510,-47,-0.123046,-0.001538
70.9610,-47,-0.123046,-0.001538
70.9710,-47,-0.123046,-0.001538
70.9810,-47,-0.123046,-0.001538
70.9910,-47,-0.123046,-0.001538
71.0010,-47,-0.123046,-0.001538
71.0110,-47,-0.123046,-0.001538
71.0210,-47,-0.123046,-0.001538
71.0310,-47,-0.123046,-0.001538
71.0410,-47,-0.123046,-0.001538
71.0510,-47,-0.123046,-0.001538
71.0610,-47,-0.123046,-0.001538
71.0710,-47,-0.123046,-0.001538
71.0810,-47,-0.123046,-0.001538
71.0910,-47,-0.123046,-0.001538
71.1010,-47,-0.123046,-0.001538
71.1110,-47,-0.123046,-0.001538
71.1210,-47,-0.123046,-0.001538
71.1320,-47,-0.123046,-0.001538
71.1410,-47,-0.123046,-0.001538
71.1510,-47,-0.123046,-0.001538
71.1610,-47,-0.123046,-0.001538
71.1710,-47,-0.123046,-0.001538
71.1810,-47,-0.123046,-0.001538
71.1910,-47,-0.123046,-0.001538
71.2010,-47,-0.123046,-0.001538
71.2110,-47,-0.123046,-0.001538
71.2210,-47,-0.123046,-0.001538
71.2310,-47,-0.123046,-0.001538
71.2410,-47,-0.123046,-0.001538
71.2510,-47,-0.123046,-0.001538
71.2610,-47,-0.123046,-0.001538
71.2710,-47,-0.123046,-0.001538
71.2810,-47,-0.123046,-0.001538
71.2910,-47,-0.123046,-0.001538
71.3010,-47,-0.123046,-0.001538
71.3110,-47,-0.123046,-0.001538
71.3210,-47,-0.123046,-0.001538
71.3310,-47,-0.123046,-0.001538
71.3410,-47,-0.123046,-0.001538
71.3510,-47,-0.123046,-0.001538
71.3610,-47,-0.123046,-0.001538
71.3710,-47,-0.123046,-0.001538
71.3810,-47,-0.123046,-0.001538
71.3910,-47,-0.123046,-0.001538
71.4010,-47,-0.123046,-0.001538
71.4110,-47,-0.123046,-0.001538
71.4210,-47,-0.123046,-0.001538
71.4310,-47,-0.123046,-0.001538
71.4410,-47,-0.123046,-0.001538
71.4510,-47,-0.123046,-0.001538
71.4610,-47,-0.123046,-0.001538
71.4710,-47,-0.123046,-0.001538
71.4810,-47,-0.123046,-0.001538
71.4910,-47,-0.123046,-0.001538
71.5010,-47,-0.123046,-0.001538
71.5110,-47,-0.123046,-0.001538
71.5210,-47,-0.123046,-0.001538
71.5310,-47,-0.123046,-0.001538
71.5410,-47,-0.123046,-0.001538
71.5510,-47,-0.123046,-0.001538
71.5610,-47,-0.123046,-0.001538
71.5710,-47,-0.123046,-0.001538
71.5810,-48,-0.125664,-0.001571
71.5910,-48,-0.125664,-0.001571
71.6010,-48,-0.125664,-0.001571
71.6110,-48,-0.125664,-0.001571
71.6210,-48,-0.125664,-0.001571
71.6310,-48,-0.125664,-0.001571
71.6410,-48,-0.125664,-0.001571
71.6510,-48,-0.125664,-0.001571
71.6610,-48,-0.125664,-0.001571
71.6710,-48,-0.125664,-0.001571
71.6810,-48,-0.125664,-0.001571
71.6910,-48,-0.125664,-0.001571
71.7010,-48,-0.125664,-0.001571
71.7110,-48,-0.125664,-0.001571
71.7210,-48,-0.125664,-0.001571
71.7310,-48,-0.125664,-0.001571
71.7410,-48,-0.125664,-0.001571
71.7510,-48,-0.125664,-0.001571
71.7610,-48,-0.125664,-0.001571
71.7720,-48,-0.125664,-0.001571
71.7810,-48,-0.125664,-0.001571
71.7910,-48,-0.125664,-0.001571
71.8010,-48,-0.125664,-0.001571
71.8110,-48,-0.125664,-0.001571
71.8210,-48,-0.125664,-0.001571
71.8310,-48,-0.125664,-0.001571
71.8410,-48,-0.125664,-0.001571
71.8510,-48,-0.125664,-0.001571
71.8610,-48,-0.125664,-0.001571
71.8710,-47,-0.123046,-0.001538
71.8810,-47,-0.123046,-0.001538
71.8910,-47,-0.123046,-0.001538
71.9010,-47,-0.123046,-0.001538
71.9110,-47,-0.123046,-0.001538
71.9210,-47,-0.123046,-0.001538
71.9310,-47,-0.123046,-0.001538
71.9410,-47,-0.123046,-0.001538
71.9510,-47,-0.123046,-0.001538
71.9610,-47,-0.123046,-0.001538
71.9710,-47,-0.123046,-0.001538
71.9810,-47,-0.123046,-0.001538
71.9910,-47,-0.123046,-0.001538
72.0010,-47,-0.123046,-0.001538
72.0110,-47,-0.123046,-0.001538
72.0210,-47,-0.123046,-0.001538
72.0310,-47,-0.123046,-0.001538
72.0410,-47,-0.123046,-0.001538
72.0510,-47,-0.123046,-0.001538
72.0610,-47,-0.123046,-0.001538
72.0710,-47,-0.123046,-0.001538
72.0810,-47,-0.123046,-0.001538
72.0910,-47,-0.123046,-0.001538
72.1010,-47,-0.123046,-0.001538
72.1110,-47,-0.123046,-0.001538
72.1210,-47,-0.123046,-0.001538
72.1310,-47,-0.123046,-0.001538
72.1410,-47,-0.123046,-0.001538
72.1510,-47,-0.123046,-0.001538
72.1610,-48,-0.125664,-0.001571
72.1710,-48,-0.125664,-0.001571
72.1810,-48,-0.125664,-0.001571
72.1910,-48,-0.125664,-0.001571
72.2010,-48,-0.125664,-0.001571
72.2110,-48,-0.125664,-0.001571
72.2210,-48,-0.125664,-0.001571
72.2310,-48,-0.125664,-0.001571
72.2410,-48,-0.125664,-0.001571
72.2510,-48,-0.125664,-0.001571
72.2610,-48,-0.125664,-0.001571
72.2710,-48,-0.125664,-0.001571
72.2810,-48,-0.125664,-0.001571
72.2910,-48,-0.125664,-0.001571
72.3010,-48,-0.125664,-0.001571
72.3110,-48,-0.125664,-0.001571
72.3210,-48,-0.125664,-0.001571
72.3310,-48,-0.125664,-0.001571
72.3410,-48,-0.125664,-0.001571
72.3510,-48,-0.125664,-0.001571
72.3610,-48,-0.125664,-0.001571
72.3710,-48,-0.125664,-0.001571
72.3810,-48,-0.125664,-0.001571
72.3910,-48,-0.125664,-0.001571
72.4010,-48,-0.125664,-0.001571
72.4120,-48,-0.125664,-0.001571
72.4210,-48,-0.125664,-0.001571
72.4310,-48,-0.125664,-0.001571
72.4410,-48,-0.125664,-0.001571
72.4510,-48,-0.125664,-0.001571
72.4610,-48,-0.125664,-0.001571
72.4710,-48,-0.125664,-0.001571
72.4810,-48,-0.125664,-0.001571
72.4910,-48,-0.125664,-0.001571
72.5010,-48,-0.125664,-0.001571
72.5110,-48,-0.125664,-0.001571
72.5210,-48,-0.125664,-0.001571
72.5310,-48,-0.125664,-0.001571
72.5410,-48,-0.125664,-0.001571
72.5510,-48,-0.125664,-0.001571
72.5610,-48,-0.125664,-0.001571
72.5710,-48,-0.125664,-0.001571
72.5810,-48,-0.125664,-0.001571
72.5910,-48,-0.125664,-0.001571
72.6010,-48,-0.125664,-0.001571
72.6110,-48,-0.125664,-0.001571
72.6210,-48,-0.125664,-0.001571
72.6310,-48,-0.125664,-0.001571
72.6410,-48,-0.125664,-0.001571
72.6510,-48,-0.125664,-0.001571
72.6610,-48,-0.125664,-0.001571
72.6710,-48,-0.125664,-0.001571
72.6810,-48,-0.125664,-0.001571
72.6910,-48,-0.125664,-0.001571
72.7010,-48,-0.125664,-0.001571
72.7110,-48,-0.125664,-0.001571
72.7210,-48,-0.125664,-0.001571
72.7310,-48,-0.125664,-0.001571
72.7410,-48,-0.125664,-0.001571
72.7510,-48,-0.125664,-0.001571
72.7610,-48,-0.125664,-0.001571
72.7710,-48,-0.125664,-0.001571
72.7810,-48,-0.125664,-0.001571
72.7910,-48,-0.125664,-0.001571
72.8010,-49,-0.128282,-0.001604
72.8110,-49,-0.128282,-0.001604
72.8210,-49,-0.128282,-0.001604
72.8310,-49,-0.128282,-0.001604
72.8410,-49,-0.128282,-0.001604
72.8510,-49,-0.128282,-0.001604
72.8610,-49,-0.128282,-0.001604
72.8710,-49,-0.128282,-0.001604
72.8810,-49,-0.128282,-0.001604
72.8910,-49,-0.128282,-0.001604
72.9010,-49,-0.128282,-0.001604
72.9110,-49,-0.128282,-0.001604
72.9210,-49,-0.128282,-0.001604
72.9310,-49,-0.128282,-0.001604
72.9410,-49,-0.128282,-0.001604
72.9510,-49,-0.128282,-0.001604
72.9610,-49,-0.128282,-0.001604
72.9710,-49,-0.128282,-0.001604
72.9810,-49,-0.128282,-0.001604
72.9910,-49,-0.128282,-0.001604
73.0010,-49,-0.128282,-0.001604
73.0110,-49,-0.128282,-0.001604
73.0210,-49,-0.128282,-0.001604
73.0310,-49,-0.128282,-0.001604
73.0410,-49,-0.128282,-0.001604
73.0520,-49,-0.128282,-0.001604
73.0610,-49,-0.128282,-0.001604
73.0710,-49,-0.128282,-0.001604
73.0810,-49,-0.128282,-0.001604
73.0910,-49,-0.128282,-0.001604
73.1010,-49,-0.128282,-0.001604
73.1110,-49,-0.128282,-0.001604
73.1210,-49,-0.128282,-0.001604
73.1310,-49,-0.128282,-0.001604
73.1410,-49,-0.128282,-0.001604
73.1510,-49,-0.128282,-0.001604
73.1610,-49,-0.128282,-0.001604
73.1710,-49,-0.128282,-0.001604
73.1810,-49,-0.128282,-0.001604
73.1910,-49,-0.128282,-0.001604
73.2010,-49,-0.128282,-0.001604
73.2110,-49,-0.128282,-0.001604
73.2210,-49,-0.128282,-0.001604
73.2310,-49,-0.128282,-0.001604
73.2410,-49,-0.128282,-0.001604
73.2510,-49,-0.128282,-0.001604
73.2610,-49,-0.128282,-0.001604
73.2710,-49,-0.128282,-0.001604
73.2810,-49,-0.128282,-0.001604
73.2910,-49,-0.128282,-0.001604
73.3010,-49,-0.128282,-0.001604
73.3110,-49,-0.128282,-0.001604
73.3210,-49,-0.128282,-0.001604
73.3310,-49,-0.128282,-0.001604
73.3410,-49,-0.128282,-0.001604
73.3510,-49,-0.128282,-0.001604
73.3610,-49,-0.128282,-0.001604
73.3710,-49,-0.128282,-0.001604
73.3810,-49,-0.128282,-0.001604
73.3910,-49,-0.128282,-0.001604
73.4010,-49,-0.128282,-0.001604
73.4110,-49,-0.128282,-0.001604
73.4210,-49,-0.128282,-0.001604
73.4310,-49,-0.128282,-0.001604
73.4410,-50,-0.130900,-0.001636
73.4510,-50,-0.130900,-0.001636
73.4610,-50,-0.130900,-0.001636
73.4710,-50,-0.130900,-0.001636
73.4810,-50,-0.130900,-0.001636
73.4910,-50,-0.130900,-0.001636
73.5010,-50,-0.130900,-0.001636
73.5110,-50,-0.130900,-0.001636
73.5210,-50,-0.130900,-0.001636
73.5310,-50,-0.130900,-0.001636
73.5410,-50,-0.130900,-0.001636
73.5510,-50,-0.130900,-0.001636
73.5610,-50,-0.130900,-0.001636
73.5710,-50,-0.130900,-0.001636
73.5810,-50,-0.130900,-0.001636
73.5910,-50,-0.130900,-0.001636
73.6010,-50,-0.130900,-0.001636
73.6110,-50,-0.130900,-0.001636
73.6210,-50,-0.130900,-0.001636
73.6310,-50,-0.130900,-0.001636
73.6410,-50,-0.130900,-0.001636
73.6510,-50,-0.130900,-0.001636
73.6610,-50,-0.130900,-0.001636
73.6710,-50,-0.130900,-0.001636
73.6810,-50,-0.130900,-0.001636
73.6920,-50,-0.130900,-0.001636
73.7010,-50,-0.130900,-0.001636
73.7110,-50,-0.130900,-0.001636
73.7210,-50,-0.130900,-0.001636
73.7310,-50,-0.130900,-0.001636
73.7410,-50,-0.130900,-0.001636
73.7510,-50,-0.130900,-0.001636
73.7610,-50,-0.130900,-0.001636
73.7710,-50,-0.130900,-0.001636
73.7810,-50,-0.130900,-0.001636
73.7910,-50,-0.130900,-0.001636
73.8010,-50,-0.130900,-0.001636
73.8110,-50,-0.130900,-0.001636
73.8210,-50,-0.130900,-0.001636
73.8310,-50,-0.130900,-0.001636
73.8410,-50,-0.130900,-0.001636
73.8510,-50,-0.130900,-0.001636
73.8610,-50,-0.130900,-0.001636
73.8710,-50,-0.130900,-0.001636
73.8810,-50,-0.130900,-0.001636
73.8910,-50,-0.130900,-0.001636
73.9010,-50,-0.130900,-0.001636
73.9110,-50,-0.130900,-0.001636
73.9210,-50,-0.130900,-0.001636
73.9310,-50,-0.130900,-0.001636
73.9410,-50,-0.130900,-0.001636
73.9510,-50,-0.130900,-0.001636
73.9610,-50,-0.130900,-0.001636
73.9710,-50,-0.130900,-0.001636
73.9810,-50,-0.130900,-0.001636
73.9910,-50,-0.130900,-0.001636
74.0010,-50,-0.130900,-0.001636
74.0110,-50,-0.130900,-0.001636
74.0210,-50,-0.130900,-0.001636
74.0310,-50,-0.130900,-0.001636
74.0410,-50,-0.130900,-0.001636
74.0510,-50,-0.130900,-0.001636
74.0610,-50,-0.130900,-0.001636
74.0710,-50,-0.130900,-0.001636
74.0810,-50,-0.130900,-0.001636
74.0910,-50,-0.130900,-0.001636
74.1010,-51,-0.133518,-0.001669
74.1110,-51,-0.133518,-0.001669
74.1210,-51,-0.133518,-0.001669
74.1310,-51,-0.133518,-0.001669
74.1410,-51,-0.133518,-0.001669
74.1510,-51,-0.133518,-0.001669
74.1610,-51,-0.133518,-0.001669
74.1710,-51,-0.133518,-0.001669
74.1810,-51,-0.133518,-0.001669
74.1910,-51,-0.133518,-0.001669
74.2010,-51,-0.133518,-0.001669
74.2110,-51,-0.133518,-0.001669
74.2210,-51,-0.133518,-0.001669
74.2310,-51,-0.133518,-0.001669
74.2410,-51,-0.133518,-0.001669
74.2510,-51,-0.133518,-0.001669
74.2610,-51,-0.133518,-0.001669
74.2710,-51,-0.133518,-0.001669
74.2810,-51,-0.133518,-0.001669
74.2910,-51,-0.133518,-0.001669
74.3010,-51,-0.133518,-0.001669
74.3110,-51,-0.133518,-0.001669
74.3210,-51,-0.133518,-0.001669
74.3320,-51,-0.133518,-0.001669
74.3410,-51,-0.133518,-0.001669
74.3510,-51,-0.133518,-0.001669
74.3610,-51,-0.133518,-0.001669
74.3710,-51,-0.133518,-0.001669
74.3810,-51,-0.133518,-0.001669
74.3910,-51,-0.133518,-0.001669
74.4010,-51,-0.133518,-0.001669
74.4110,-51,-0.133518,-0.001669
74.4210,-51,-0.133518,-0.001669
74.4310,-51,-0.133518,-0.001669
74.4410,-51,-0.133518,-0.001669
74.4510,-51,-0.133518,-0.001669
74.4610,-51,-0.133518,-0.001669
74.4710,-51,-0.133518,-0.001669
74.4810,-51,-0.133518,-0.001669
74.4910,-51,-0.133518,-0.001669
74.5010,-51,-0.133518,-0.001669
74.5110,-51,-0.133518,-0.001669
74.5210,-51,-0.133518,-0.001669
74.5310,-51,-0.133518,-0.001669
74.5410,-51,-0.133518,-0.001669
74.5510,-51,-0.133518,-0.001669
74.5610,-51,-0.133518,-0.001669
74.5710,-51,-0.133518,-0.001669
74.5810,-51,-0.133518,-0.001669
74.5910,-51,-0.133518,-0.001669
74.6010,-51,-0.133518,-0.001669
74.6110,-51,-0.133518,-0.001669
74.6210,-51,-0.133518,-0.001669
74.6310,-51,-0.133518,-0.001669
74.6410,-51,-0.133518,-0.001669
74.6510,-51,-0.133518,-0.001669
74.6610,-51,-0.133518,-0.001669
74.6710,-51,-0.133518,-0.001669
74.6810,-51,-0.133518,-0.001669
74.6910,-51,-0.133518,-0.001669
74.7010,-51,-0.133518,-0.001669
74.7110,-51,-0.133518,-0.001669
74.7210,-51,-0.133518,-0.001669
74.7310,-51,-0.133518,-0.001669
74.7410,-51,-0.133518,-0.001669
74.7510,-51,-0.133518,-0.001669
74.7610,-51,-0.133518,-0.001669
74.7710,-51,-0.133518,-0.001669
74.7810,-51,-0.133518,-0.001669
74.7910,-51,-0.133518,-0.001669
74.8010,-51,-0.133518,-0.001669
74.8110,-51,-0.133518,-0.001669
74.8210,-51,-0.133518,-0.001669
74.8310,-51,-0.133518,-0.001669
74.8410,-51,-0.133518,-0.001669
74.8510,-51,-0.133518,-0.001669
74.8610,-51,-0.133518,-0.001669
74.8710,-51,-0.133518,-0.001669
74.8810,-51,-0.133518,-0.001669
74.8910,-51,-0.133518,-0.001669
74.9010,-51,-0.133518,-0.001669
74.9110,-51,-0.133518,-0.001669
74.9210,-51,-0.133518,-0.001669
74.9310,-51,-0.133518,-0.001669
74.9410,-51,-0.133518,-0.001669
74.9510,-51,-0.133518,-0.001669
74.9610,-51,-0.133518,-0.001669
74.9720,-51,-0.133518,-0.001669
74.9810,-51,-0.133518,-0.001669
74.9910,-51,-0.133518,-0.001669
75.0010,-51,-0.133518,-0.001669
75.0110,-51,-0.133518,-0.001669
75.0210,-51,-0.133518,-0.001669
75.0310,-51,-0.133518,-0.001669
75.0410,-51,-0.133518,-0.001669
75.0510,-51,-0.133518,-0.001669
75.0610,-51,-0.133518,-0.001669
75.0710,-51,-0.133518,-0.001669
75.0810,-51,-0.133518,-0.001669
75.0910,-51,-0.133518,-0.001669
75.1010,-51,-0.133518,-0.001669
75.1110,-51,-0.133518,-0.001669
75.1210,-51,-0.133518,-0.001669
75.1310,-51,-0.133518,-0.001669
75.1410,-51,-0.133518,-0.001669
75.1510,-51,-0.133518,-0.001669
75.1610,-51,-0.133518,-0.001669
75.1710,-51,-0.133518,-0.001669
75.1810,-51,-0.133518,-0.001669
75.1910,-51,-0.133518,-0.001669
75.2010,-51,-0.133518,-0.001669
75.2110,-51,-0.133518,-0.001669
75.2210,-51,-0.133518,-0.001669
75.2310,-51,-0.133518,-0.001669
75.2410,-51,-0.133518,-0.001669
75.2510,-51,-0.133518,-0.001669
75.2610,-51,-0.133518,-0.001669
75.2710,-51,-0.133518,-0.001669
75.2810,-51,-0.133518,-0.001669
75.2910,-51,-0.133518,-0.001669
75.3010,-51,-0.133518,-0.001669
75.3110,-51,-0.133518,-0.001669
75.3210,-51,-0.133518,-0.001669
75.3310,-51,-0.133518,-0.001669
75.3410,-51,-0.133518,-0.001669
75.3510,-52,-0.136136,-0.001702
75.3610,-52,-0.136136,-0.001702
75.3710,-52,-0.136136,-0.001702
75.3810,-52,-0.136136,-0.001702
75.3910,-52,-0.136136,-0.001702
75.4010,-52,-0.136136,-0.001702
75.4110,-52,-0.136136,-0.001702
75.4210,-52,-0.136136,-0.001702
75.4310,-52,-0.136136,-0.001702
75.4410,-52,-0.136136,-0.001702
75.4510,-52,-0.136136,-0.001702
75.4610,-52,-0.136136,-0.001702
75.4710,-52,-0.136136,-0.001702
75.4810,-52,-0.136136,-0.001702
75.4910,-52,-0.136136,-0.001702
75.5010,-52,-0.136136,-0.001702
75.5110,-52,-0.136136,-0.001702
75.5210,-52,-0.136136,-0.001702
75.5310,-52,-0.136136,-0.001702
75.5410,-52,-0.136136,-0.001702
75.5510,-52,-0.136136,-0.001702
75.5610,-52,-0.136136,-0.001702
75.5710,-52,-0.136136,-0.001702
75.5810,-52,-0.136136,-0.001702
75.5910,-52,-0.136136,-0.001702
75.6010,-52,-0.136136,-0.001702
75.6120,-52,-0.136136,-0.001702
75.6210,-52,-0.136136,-0.001702
75.6310,-52,-0.136136,-0.001702
75.6410,-52,-0.136136,-0.001702
75.6510,-52,-0.136136,-0.001702
75.6610,-52,-0.136136,-0.001702
75.6710,-52,-0.136136,-0.001702
75.6810,-52,-0.136136,-0.001702
75.6910,-52,-0.136136,-0.001702
75.7010,-52,-0.136136,-0.001702
75.7110,-52,-0.136136,-0.001702
75.7210,-52,-0.136136,-0.001702
75.7310,-52,-0.136136,-0.001702
75.7410,-52,-0.136136,-0.001702
75.7510,-52,-0.136136,-0.001702
75.7610,-52,-0.136136,-0.001702
75.7710,-52,-0.136136,-0.001702
75.7810,-52,-0.136136,-0.001702
75.7910,-52,-0.136136,-0.001702
75.8010,-52,-0.136136,-0.001702
75.8110,-52,-0.136136,-0.001702
75.8210,-52,-0.136136,-0.001702
75.8310,-52,-0.136136,-0.001702
75.8410,-52,-0.136136,-0.001702
75.8510,-52,-0.136136,-0.001702
75.8610,-52,-0.136136,-0.001702
75.8710,-52,-0.136136,-0.001702
75.8810,-52,-0.136136,-0.001702
75.8910,-52,-0.136136,-0.001702
75.9010,-52,-0.136136,-0.001702
75.9110,-52,-0.136136,-0.001702
75.9210,-52,-0.136136,-0.001702
75.9310,-52,-0.136136,-0.001702
75.9410,-52,-0.136136,-0.001702
75.9510,-52,-0.136136,-0.001702
75.9610,-52,-0.136136,-0.001702
75.9710,-52,-0.136136,-0.001702
75.9810,-52,-0.136136,-0.001702
75.9910,-52,-0.136136,-0.001702
76.0010,-52,-0.136136,-0.001702
76.0110,-53,-0.138754,-0.001734
76.0210,-53,-0.138754,-0.001734
76.0310,-53,-0.138754,-0.001734
76.0410,-53,-0.138754,-0.001734
76.0510,-53,-0.138754,-0.001734
76.0610,-53,-0.138754,-0.001734
76.0710,-53,-0.138754,-0.001734
76.0810,-53,-0.138754,-0.001734
76.0910,-53,-0.138754,-0.001734
76.1010,-53,-0.138754,-0.001734
76.1110,-53,-0.138754,-0.001734
76.1210,-53,-0.138754,-0.001734
76.1310,-53,-0.138754,-0.001734
76.1410,-53,-0.138754,-0.001734
76.1510,-53,-0.138754,-0.001734
76.1610,-53,-0.138754,-0.001734
76.1710,-53,-0.138754,-0.001734
76.1810,-53,-0.138754,-0.001734
76.1910,-53,-0.138754,-0.001734
76.2010,-53,-0.138754,-0.001734
76.2110,-53,-0.138754,-0.001734
76.2210,-53,-0.138754,-0.001734
76.2310,-53,-0.138754,-0.001734
76.2410,-53,-0.138754,-0.001734
76.2520,-53,-0.138754,-0.001734
76.2610,-53,-0.138754,-0.001734
76.2710,-53,-0.138754,-0.001734
76.2810,-53,-0.138754,-0.001734
76.2910,-53,-0.138754,-0.001734
76.3010,-53,-0.138754,-0.001734
76.3110,-53,-0.138754,-0.001734
76.3210,-53,-0.138754,-0.001734
76.3310,-53,-0.138754,-0.001734
76.3410,-53,-0.138754,-0.001734
76.3510,-53,-0.138754,-0.001734
76.3610,-53,-0.138754,-0.001734
76.3710,-53,-0.138754,-0.001734
76.3810,-53,-0.138754,-0.001734
76.3910,-53,-0.138754,-0.001734
76.4010,-53,-0.138754,-0.001734
76.4110,-53,-0.138754,-0.001734
76.4210,-53,-0.138754,-0.001734
76.4310,-53,-0.138754,-0.001734
76.4410,-53,-0.138754,-0.001734
76.4510,-53,-0.138754,-0.001734
76.4610,-53,-0.138754,-0.001734
76.4710,-53,-0.138754,-0.001734
76.4810,-53,-0.138754,-0.001734
76.4910,-53,-0.138754,-0.001734
76.5010,-53,-0.138754,-0.001734
76.5110,-53,-0.138754,-0.001734
76.5210,-53,-0.138754,-0.001734
76.5310,-53,-0.138754,-0.001734
76.5410,-53,-0.138754,-0.001734
76.5510,-53,-0.138754,-0.001734
76.5610,-53,-0.138754,-0.001734
76.5710,-53,-0.138754,-0.001734
76.5810,-53,-0.138754,-0.001734
76.5910,-53,-0.138754,-0.001734
76.6010,-53,-0.138754,-0.001734
76.6110,-53,-0.138754,-0.001734
76.6210,-53,-0.138754,-0.001734
76.6310,-53,-0.138754,-0.001734
76.6410,-54,-0.141372,-0.001767
76.6510,-54,-0.141372,-0.001767
76.6610,-54,-0.141372,-0.001767
76.6710,-54,-0.141372,-0.001767
76.6810,-54,-0.141372,-0.001767
76.6910,-54,-0.141372,-0.001767
76.7010,-54,-0.141372,-0.001767
76.7110,-54,-0.141372,-0.001767
76.7210,-54,-0.141372,-0.001767
76.7310,-54,-0.141372,-0.001767
76.7410,-54,-0.141372,-0.001767
76.7510,-54,-0.141372,-0.001767
76.7610,-54,-0.141372,-0.001767
76.7710,-54,-0.141372,-0.001767
76.7810,-54,-0.141372,-0.001767
76.7910,-54,-0.141372,-0.001767
76.8010,-54,-0.141372,-0.001767
76.8110,-54,-0.141372,-0.001767
76.8210,-54,-0.141372,-0.001767
76.8310,-54,-0.141372,-0.001767
76.8410,-54,-0.141372,-0.001767
76.8510,-54,-0.141372,-0.001767
76.8610,-54,-0.141372,-0.001767
76.8710,-54,-0.141372,-0.001767
76.8810,-54,-0.141372,-0.001767
76.8920,-54,-0.141372,-0.001767
76.9010,-54,-0.141372,-0.001767
76.9110,-54,-0.141372,-0.001767
76.9210,-54,-0.141372,-0.001767
76.9310,-54,-0.141372,-0.001767
76.9410,-54,-0.141372,-0.001767
76.9510,-54,-0.141372,-0.001767
76.9610,-54,-0.141372,-0.001767
76.9710,-54,-0.141372,-0.001767
76.9810,-54,-0.141372,-0.001767
76.9910,-54,-0.141372,-0.001767
77.0010,-54,-0.141372,-0.001767
77.0110,-54,-0.141372,-0.001767
77.0210,-54,-0.141372,-0.001767
77.0310,-54,-0.141372,-0.001767
77.0410,-54,-0.141372,-0.001767
77.0510,-54,-0.141372,-0.001767
77.0610,-54,-0.141372,-0.001767
77.0710,-54,-0.141372,-0.001767
77.0810,-54,-0.141372,-0.001767
77.0910,-54,-0.141372,-0.001767
77.1010,-54,-0.141372,-0.001767
77.1110,-54,-0.141372,-0.001767
77.1210,-54,-0.141372,-0.001767
77.1310,-54,-0.141372,-0.001767
77.1410,-54,-0.141372,-0.001767
77.1510,-54,-0.141372,-0.001767
77.1610,-54,-0.141372,-0.001767
77.1710,-54,-0.141372,-0.001767
77.1810,-54,-0.141372,-0.001767
77.1910,-54,-0.141372,-0.001767
77.2010,-54,-0.141372,-0.001767
77.2110,-54,-0.141372,-0.001767
77.2210,-54,-0.141372,-0.001767
77.2310,-54,-0.141372,-0.001767
77.2410,-54,-0.141372,-0.001767
77.2510,-54,-0.141372,-0.001767
77.2610,-54,-0.141372,-0.001767
77.2710,-54,-0.141372,-0.001767
77.2810,-54,-0.141372,-0.001767
77.2910,-54,-0.141372,-0.001767
77.3010,-55,-0.143990,-0.001800
77.3110,-55,-0.143990,-0.001800
77.3210,-55,-0.143990,-0.001800
77.3310,-55,-0.143990,-0.001800
77.3410,-55,-0.143990,-0.001800
77.3510,-55,-0.143990,-0.001800
77.3610,-55,-0.143990,-0.001800
77.3710,-55,-0.143990,-0.001800
77.3810,-55,-0.143990,-0.001800
77.3910,-55,-0.143990,-0.001800
77.4010,-55,-0.143990,-0.001800
77.4110,-55,-0.143990,-0.001800
77.4210,-55,-0.143990,-0.001800
77.4310,-55,-0.143990,-0.001800
77.4410,-55,-0.143990,-0.001800
77.4510,-55,-0.143990,-0.001800
77.4610,-55,-0.143990,-0.001800
77.4710,-55,-0.143990,-0.001800
77.4810,-55,-0.143990,-0.001800
77.4910,-55,-0.143990,-0.001800
77.5010,-55,-0.143990,-0.001800
77.5110,-55,-0.143990,-0.001800
77.5210,-55,-0.143990,-0.001800
77.5320,-55,-0.143990,-0.001800
77.5410,-55,-0.143990,-0.001800
77.5510,-55,-0.143990,-0.001800
77.5610,-55,-0.143990,-0.001800
77.5710,-55,-0.143990,-0.001800
77.5810,-55,-0.143990,-0.001800
77.5910,-55,-0.143990,-0.001800
77.6010,-55,-0.143990,-0.001800
77.6110,-55,-0.143990,-0.001800
77.6210,-55,-0.143990,-0.001800
77.6310,-55,-0.143990,-0.001800
77.6410,-55,-0.143990,-0.001800
77.6510,-55,-0.143990,-0.001800
77.6610,-55,-0.143990,-0.001800
77.6710,-55,-0.143990,-0.001800
77.6810,-55,-0.143990,-0.001800
77.6910,-55,-0.143990,-0.001800
77.7010,-55,-0.143990,-0.001800
77.7110,-55,-0.143990,-0.001800
77.7210,-55,-0.143990,-0.001800
77.7310,-55,-0.143990,-0.001800
77.7410,-55,-0.143990,-0.001800
77.7510,-55,-0.143990,-0.001800
77.7610,-55,-0.143990,-0.001800
77.7710,-55,-0.143990,-0.001800
77.7810,-55,-0.143990,-0.001800
77.7910,-55,-0.143990,-0.001800
77.8010,-55,-0.143990,-0.001800
77.8110,-55,-0.143990,-0.001800
77.8210,-55,-0.143990,-0.001800
77.8310,-55,-0.143990,-0.001800
77.8410,-55,-0.143990,-0.001800
77.8510,-55,-0.143990,-0.001800
77.8610,-55,-0.143990,-0.001800
77.8710,-55,-0.143990,-0.001800
77.8810,-55,-0.143990,-0.001800
77.8910,-55,-0.143990,-0.001800
77.9010,-55,-0.143990,-0.001800
77.9110,-55,-0.143990,-0.001800
77.9210,-55,-0.143990,-0.001800
77.9310,-55,-0.143990,-0.001800
77.9410,-55,-0.143990,-0.001800
77.9510,-55,-0.143990,-0.001800
77.9610,-55,-0.143990,-0.001800
77.9710,-55,-0.143990,-0.001800
77.9810,-55,-0.143990,-0.001800
77.9910,-55,-0.143990,-0.001800
78.0010,-55,-0.143990,-0.001800
78.0110,-55,-0.143990,-0.001800
78.0210,-55,-0.143990,-0.001800
78.0310,-55,-0.143990,-0.001800
78.0410,-55,-0.143990,-0.001800
78.0510,-55,-0.143990,-0.001800
78.0610,-55,-0.143990,-0.001800
78.0710,-55,-0.143990,-0.001800
78.0810,-55,-0.143990,-0.001800
78.0910,-55,-0.143990,-0.001800
78.1010,-55,-0.143990,-0.001800
78.1110,-55,-0.143990,-0.001800
78.1210,-55,-0.143990,-0.001800
78.1310,-55,-0.143990,-0.001800
78.1410,-55,-0.143990,-0.001800
78.1510,-55,-0.143990,-0.001800
78.1610,-55,-0.143990,-0.001800
78.1720,-55,-0.143990,-0.001800
78.1810,-55,-0.143990,-0.001800
78.1910,-55,-0.143990,-0.001800
78.2010,-55,-0.143990,-0.001800
78.2110,-55,-0.143990,-0.001800
78.2210,-55,-0.143990,-0.001800
78.2310,-55,-0.143990,-0.001800
78.2410,-55,-0.143990,-0.001800
78.2510,-55,-0.143990,-0.001800
78.2610,-55,-0.143990,-0.001800
78.2710,-55,-0.143990,-0.001800
78.2810,-55,-0.143990,-0.001800
78.2910,-55,-0.143990,-0.001800
78.3010,-55,-0.143990,-0.001800
78.3110,-55,-0.143990,-0.001800
78.3210,-55,-0.143990,-0.001800
78.3310,-55,-0.143990,-0.001800
78.3410,-55,-0.143990,-0.001800
78.3510,-55,-0.143990,-0.001800
78.3610,-55,-0.143990,-0.001800
78.3710,-55,-0.143990,-0.001800
78.3810,-55,-0.143990,-0.001800
78.3910,-55,-0.143990,-0.001800
78.4010,-55,-0.143990,-0.001800
78.4110,-55,-0.143990,-0.001800
78.4210,-55,-0.143990,-0.001800
78.4310,-55,-0.143990,-0.001800
78.4410,-55,-0.143990,-0.001800
78.4510,-55,-0.143990,-0.001800
78.4610,-55,-0.143990,-0.001800
78.4710,-55,-0.143990,-0.001800
78.4810,-55,-0.143990,-0.001800
78.4910,-55,-0.143990,-0.001800
78.5010,-55,-0.143990,-0.001800
78.5110,-55,-0.143990,-0.001800
78.5210,-55,-0.143990,-0.001800
78.5310,-56,-0.146608,-0.001833
78.5410,-56,-0.146608,-0.001833
78.5510,-56,-0.146608,-0.001833
78.5610,-56,-0.146608,-0.001833
78.5710,-56,-0.146608,-0.001833
78.5810,-56,-0.146608,-0.001833
78.5910,-56,-0.146608,-0.001833
78.6010,-56,-0.146608,-0.001833
78.6110,-56,-0.146608,-0.001833
78.6210,-56,-0.146608,-0.001833
78.6310,-56,-0.146608,-0.001833
78.6410,-56,-0.146608,-0.001833
78.6510,-56,-0.146608,-0.001833
78.6610,-56,-0.146608,-0.001833
78.6710,-56,-0.146608,-0.001833
78.6810,-56,-0.146608,-0.001833
78.6910,-56,-0.146608,-0.001833
78.7010,-56,-0.146608,-0.001833
78.7110,-56,-0.146608,-0.001833
78.7210,-56,-0.146608,-0.001833
78.7310,-56,-0.146608,-0.001833
78.7410,-56,-0.146608,-0.001833
78.7510,-56,-0.146608,-0.001833
78.7610,-56,-0.146608,-0.001833
78.7710,-56,-0.146608,-0.001833
78.7810,-56,-0.146608,-0.001833
78.7910,-56,-0.146608,-0.001833
78.8010,-56,-0.146608,-0.001833
78.8120,-56,-0.146608,-0.001833
78.8210,-56,-0.146608,-0.001833
78.8310,-56,-0.146608,-0.001833
78.8410,-56,-0.146608,-0.001833
78.8510,-56,-0.146608,-0.001833
78.8610,-56,-0.146608,-0.001833
78.8710,-56,-0.146608,-0.001833
78.8810,-56,-0.146608,-0.001833
78.8910,-56,-0.146608,-0.001833
78.9010,-56,-0.146608,-0.001833
78.9110,-56,-0.146608,-0.001833
78.9210,-56,-0.146608,-0.001833
78.9310,-56,-0.146608,-0.001833
78.9410,-56,-0.146608,-0.001833
78.9510,-56,-0.146608,-0.001833
78.9610,-56,-0.146608,-0.001833
78.9710,-56,-0.146608,-0.001833
78.9810,-56,-0.146608,-0.001833
78.9910,-56,-0.146608,-0.001833
79.0010,-56,-0.146608,-0.001833
79.0110,-56,-0.146608,-0.001833
79.0210,-56,-0.146608,-0.001833
79.0310,-56,-0.146608,-0.001833
79.0410,-56,-0.146608,-0.001833
79.0510,-56,-0.146608,-0.001833
79.0610,-56,-0.146608,-0.001833
79.0710,-56,-0.146608,-0.001833
79.0810,-56,-0.146608,-0.001833
79.0910,-56,-0.146608,-0.001833
79.1010,-56,-0.146608,-0.001833
79.1110,-56,-0.146608,-0.001833
79.1210,-56,-0.146608,-0.001833
79.1310,-56,-0.146608,-0.001833
79.1410,-56,-0.146608,-0.001833
79.1510,-56,-0.146608,-0.001833
79.1610,-56,-0.146608,-0.001833
79.1710,-57,-0.149226,-0.001865
79.1810,-57,-0.149226,-0.001865
79.1910,-57,-0.149226,-0.001865
79.2010,-57,-0.149226,-0.001865
79.2110,-57,-0.149226,-0.001865
79.2210,-57,-0.149226,-0.001865
79.2310,-57,-0.149226,-0.001865
79.2410,-57,-0.149226,-0.001865
79.2510,-57,-0.149226,-0.001865
79.2610,-57,-0.149226,-0.001865
79.2710,-57,-0.149226,-0.001865
79.2810,-57,-0.149226,-0.001865
79.2910,-57,-0.149226,-0.001865
79.3010,-57,-0.149226,-0.001865
79.3110,-57,-0.149226,-0.001865
79.3210,-57,-0.149226,-0.001865
79.3310,-57,-0.149226,-0.001865
79.3410,-57,-0.149226,-0.001865
79.3510,-57,-0.149226,-0.001865
79.3610,-57,-0.149226,-0.001865
79.3710,-57,-0.149226,-0.001865
79.3810,-57,-0.149226,-0.001865
79.3910,-57,-0.149226,-0.001865
79.4010,-57,-0.149226,-0.001865
79.4110,-57,-0.149226,-0.001865
79.4210,-57,-0.149226,-0.001865
79.4310,-57,-0.149226,-0.001865
79.4410,-57,-0.149226,-0.001865
79.4520,-57,-0.149226,-0.001865
79.4610,-57,-0.149226,-0.001865
79.4710,-57,-0.149226,-0.001865
79.4810,-57,-0.149226,-0.001865
79.4910,-57,-0.149226,-0.001865
79.5010,-57,-0.149226,-0.001865
79.5110,-57,-0.149226,-0.001865
79.5210,-57,-0.149226,-0.001865
79.5310,-57,-0.149226,-0.001865
79.5410,-57,-0.149226,-0.001865
79.5510,-57,-0.149226,-0.001865
79.5610,-57,-0.149226,-0.001865
79.5710,-57,-0.149226,-0.001865
79.5810,-57,-0.149226,-0.001865
79.5910,-57,-0.149226,-0.001865
79.6010,-57,-0.149226,-0.001865
79.6110,-57,-0.149226,-0.001865
79.6210,-57,-0.149226,-0.001865
79.6310,-57,-0.149226,-0.001865
79.6410,-57,-0.149226,-0.001865
79.6510,-57,-0.149226,-0.001865
79.6610,-57,-0.149226,-0.001865
79.6710,-57,-0.149226,-0.001865
79.6810,-57,-0.149226,-0.001865
79.6910,-57,-0.149226,-0.001865
79.7010,-57,-0.149226,-0.001865
79.7110,-57,-0.149226,-0.001865
79.7210,-57,-0.149226,-0.001865
79.7310,-57,-0.149226,-0.001865
79.7410,-57,-0.149226,-0.001865
79.7510,-57,-0.149226,-0.001865
79.7610,-57,-0.149226,-0.001865
79.7710,-57,-0.149226,-0.001865
79.7810,-57,-0.149226,-0.001865
79.7910,-57,-0.149226,-0.001865
79.8010,-57,-0.149226,-0.001865
79.8110,-57,-0.149226,-0.001865
79.8210,-58,-0.151844,-0.001898
79.8310,-58,-0.151844,-0.001898
79.8410,-58,-0.151844,-0.001898
79.8510,-58,-0.151844,-0.001898
79.8610,-58,-0.151844,-0.001898
79.8710,-58,-0.151844,-0.001898
79.8810,-58,-0.151844,-0.001898
79.8910,-58,-0.151844,-0.001898
79.9010,-58,-0.151844,-0.001898
79.9110,-58,-0.151844,-0.001898
79.9210,-58,-0.151844,-0.001898
79.9310,-58,-0.151844,-0.001898
79.9410,-58,-0.151844,-0.001898
79.9510,-58,-0.151844,-0.001898
79.9610,-58,-0.151844,-0.001898
79.9710,-58,-0.151844,-0.001898
79.9810,-58,-0.151844,-0.001898
79.9910,-58,-0.151844,-0.001898
80.0010,-58,-0.151844,-0.001898
80.0110,-58,-0.151844,-0.001898
80.0210,-58,-0.151844,-0.001898
80.0310,-58,-0.151844,-0.001898
80.0410,-58,-0.151844,-0.001898
80.0510,-58,-0.151844,-0.001898
80.0610,-58,-0.151844,-0.001898
80.0710,-58,-0.151844,-0.001898
80.0810,-58,-0.151844,-0.001898
80.0920,-58,-0.151844,-0.001898
80.1010,-58,-0.151844,-0.001898
80.1110,-58,-0.151844,-0.001898
80.1210,-58,-0.151844,-0.001898
80.1310,-58,-0.151844,-0.001898
80.1410,-58,-0.151844,-0.001898
80.1510,-58,-0.151844,-0.001898
80.1610,-58,-0.151844,-0.001898
80.1710,-58,-0.151844,-0.001898
80.1810,-58,-0.151844,-0.001898
80.1910,-58,-0.151844,-0.001898
80.2010,-58,-0.151844,-0.001898
80.2110,-58,-0.151844,-0.001898
80.2210,-58,-0.151844,-0.001898
80.2310,-58,-0.151844,-0.001898
80.2410,-58,-0.151844,-0.001898
80.2510,-58,-0.151844,-0.001898
80.2610,-58,-0.151844,-0.001898
80.2710,-58,-0.151844,-0.001898
80.2810,-58,-0.151844,-0.001898
80.2910,-58,-0.151844,-0.001898
80.3010,-58,-0.151844,-0.001898
80.3110,-58,-0.151844,-0.001898
80.3210,-58,-0.151844,-0.001898
80.3310,-58,-0.151844,-0.001898
80.3410,-58,-0.151844,-0.001898
80.3510,-58,-0.151844,-0.001898
80.3610,-58,-0.151844,-0.001898
80.3710,-58,-0.151844,-0.001898
80.3810,-58,-0.151844,-0.001898
80.3910,-58,-0.151844,-0.001898
80.4010,-58,-0.151844,-0.001898
80.4110,-58,-0.151844,-0.001898
80.4210,-58,-0.151844,-0.001898
80.4310,-58,-0.151844,-0.001898
80.4410,-58,-0.151844,-0.001898
80.4510,-58,-0.151844,-0.001898
80.4610,-59,-0.154462,-0.001931
80.4710,-59,-0.154462,-0.001931
80.4810,-59,-0.154462,-0.001931
80.4910,-59,-0.154462,-0.001931
80.5010,-59,-0.154462,-0.001931
80.5110,-59,-0.154462,-0.001931
80.5210,-59,-0.154462,-0.001931
80.5310,-59,-0.154462,-0.001931
80.5410,-59,-0.154462,-0.001931
80.5510,-59,-0.154462,-0.001931
80.5610,-59,-0.154462,-0.001931
80.5710,-59,-0.154462,-0.001931
80.5810,-59,-0.154462,-0.001931
80.5910,-59,-0.154462,-0.001931
80.6010,-59,-0.154462,-0.001931
80.6110,-59,-0.154462,-0.001931
80.6210,-59,-0.154462,-0.001931
80.6310,-59,-0.154462,-0.001931
80.6410,-59,-0.154462,-0.001931
80.6510,-59,-0.154462,-0.001931
80.6610,-59,-0.154462,-0.001931
80.6710,-59,-0.154462,-0.001931
80.6810,-59,-0.154462,-0.001931
80.6910,-59,-0.154462,-0.001931
80.7010,-59,-0.154462,-0.001931
80.7110,-59,-0.154462,-0.001931
80.7210,-59,-0.154462,-0.001931
80.7320,-59,-0.154462,-0.001931
80.7410,-59,-0.154462,-0.001931
80.7510,-59,-0.154462,-0.001931
80.7610,-59,-0.154462,-0.001931
80.7710,-59,-0.154462,-0.001931
80.7810,-59,-0.154462,-0.001931
80.7910,-59,-0.154462,-0.001931
80.8010,-59,-0.154462,-0.001931
80.8110,-59,-0.154462,-0.001931
80.8210,-59,-0.154462,-0.001931
80.8310,-59,-0.154462,-0.001931
80.8410,-59,-0.154462,-0.001931
80.8510,-59,-0.154462,-0.001931
80.8610,-59,-0.154462,-0.001931
80.8710,-59,-0.154462,-0.001931
80.8810,-59,-0.154462,-0.001931
80.8910,-59,-0.154462,-0.001931
80.9010,-59,-0.154462,-0.001931
80.9110,-59,-0.154462,-0.001931
80.9210,-59,-0.154462,-0.001931
80.9310,-59,-0.154462,-0.001931
80.9410,-59,-0.154462,-0.001931
80.9510,-59,-0.154462,-0.001931
80.9610,-59,-0.154462,-0.001931
80.9710,-59,-0.154462,-0.001931
80.9810,-59,-0.154462,-0.001931
80.9910,-59,-0.154462,-0.001931
81.0010,-59,-0.154462,-0.001931
81.0110,-59,-0.154462,-0.001931
81.0210,-59,-0.154462,-0.001931
81.0310,-59,-0.154462,-0.001931
81.0410,-59,-0.154462,-0.001931
81.0510,-59,-0.154462,-0.001931
81.0610,-59,-0.154462,-0.001931
81.0710,-59,-0.154462,-0.001931
81.0810,-59,-0.154462,-0.001931
81.0910,-59,-0.154462,-0.001931
81.1010,-60,-0.157080,-0.001963
81.1110,-60,-0.157080,-0.001963
81.1210,-60,-0.157080,-0.001963
81.1310,-60,-0.157080,-0.001963
81.1410,-60,-0.157080,-0.001963
81.1510,-60,-0.157080,-0.001963
81.1610,-60,-0.157080,-0.001963
81.1710,-60,-0.157080,-0.001963
81.1810,-60,-0.157080,-0.001963
81.1910,-60,-0.157080,-0.001963
81.2010,-60,-0.157080,-0.001963
81.2110,-60,-0.157080,-0.001963
81.2210,-60,-0.157080,-0.001963
81.2310,-60,-0.157080,-0.001963
81.2410,-60,-0.157080,-0.001963
81.2510,-60,-0.157080,-0.001963
81.2610,-60,-0.157080,-0.001963
81.2710,-60,-0.157080,-0.001963
81.2810,-60,-0.157080,-0.001963
81.2910,-60,-0.157080,-0.001963
81.3010,-60,-0.157080,-0.001963
81.3110,-60,-0.157080,-0.001963
81.3210,-60,-0.157080,-0.001963
81.3310,-60,-0.157080,-0.001963
81.3410,-60,-0.157080,-0.001963
81.3510,-60,-0.157080,-0.001963
81.3610,-60,-0.157080,-0.001963
81.3720,-60,-0.157080,-0.001963
81.3810,-60,-0.157080,-0.001963
81.3910,-60,-0.157080,-0.001963
81.4010,-60,-0.157080,-0.001963
81.4110,-60,-0.157080,-0.001963
81.4210,-60,-0.157080,-0.001963
81.4310,-60,-0.157080,-0.001963
81.4410,-60,-0.157080,-0.001963
81.4510,-60,-0.157080,-0.001963
81.4610,-60,-0.157080,-0.001963
81.4710,-60,-0.157080,-0.001963
81.4810,-60,-0.157080,-0.001963
81.4910,-60,-0.157080,-0.001963
81.5010,-60,-0.157080,-0.001963
81.5110,-60,-0.157080,-0.001963
81.5210,-60,-0.157080,-0.001963
81.5310,-60,-0.157080,-0.001963
81.5410,-60,-0.157080,-0.001963
81.5510,-60,-0.157080,-0.001963
81.5610,-60,-0.157080,-0.001963
81.5710,-60,-0.157080,-0.001963
81.5810,-60,-0.157080,-0.001963
81.5910,-60,-0.157080,-0.001963
81.6010,-60,-0.157080,-0.001963
81.6110,-60,-0.157080,-0.001963
81.6210,-60,-0.157080,-0.001963
81.6310,-60,-0.157080,-0.001963
81.6410,-60,-0.157080,-0.001963
81.6510,-60,-0.157080,-0.001963
81.6610,-60,-0.157080,-0.001963
81.6710,-60,-0.157080,-0.001963
81.6810,-60,-0.157080,-0.001963
81.6910,-60,-0.157080,-0.001963
81.7010,-60,-0.157080,-0.001963
81.7110,-60,-0.157080,-0.001963
81.7210,-60,-0.157080,-0.001963
81.7310,-60,-0.157080,-0.001963
81.7410,-60,-0.157080,-0.001963
81.7510,-60,-0.157080,-0.001963
81.7610,-60,-0.157080,-0.001963
81.7710,-60,-0.157080,-0.001963
81.7810,-60,-0.157080,-0.001963
81.7910,-60,-0.157080,-0.001963
81.8010,-60,-0.157080,-0.001963
81.8110,-60,-0.157080,-0.001963
81.8210,-60,-0.157080,-0.001963
81.8310,-60,-0.157080,-0.001963
81.8410,-60,-0.157080,-0.001963
81.8510,-60,-0.157080,-0.001963
81.8610,-60,-0.157080,-0.001963
81.8710,-60,-0.157080,-0.001963
81.8810,-60,-0.157080,-0.001963
81.8910,-60,-0.157080,-0.001963
81.9010,-60,-0.157080,-0.001963
81.9110,-60,-0.157080,-0.001963
81.9210,-60,-0.157080,-0.001963
81.9310,-60,-0.157080,-0.001963
81.9410,-60,-0.157080,-0.001963
81.9510,-60,-0.157080,-0.001963
81.9610,-60,-0.157080,-0.001963
81.9710,-60,-0.157080,-0.001963
81.9810,-60,-0.157080,-0.001963
81.9910,-60,-0.157080,-0.001963
82.0010,-60,-0.157080,-0.001963
82.0120,-60,-0.157080,-0.001963
82.0210,-60,-0.157080,-0.001963
82.0310,-60,-0.157080,-0.001963
82.0410,-60,-0.157080,-0.001963
82.0510,-60,-0.157080,-0.001963
82.0610,-60,-0.157080,-0.001963
82.0710,-60,-0.157080,-0.001963
82.0810,-60,-0.157080,-0.001963
82.0910,-60,-0.157080,-0.001963
82.1010,-60,-0.157080,-0.001963
82.1110,-60,-0.157080,-0.001963
82.1210,-60,-0.157080,-0.001963
82.1310,-60,-0.157080,-0.001963
82.1410,-60,-0.157080,-0.001963
82.1510,-60,-0.157080,-0.001963
82.1610,-60,-0.157080,-0.001963
82.1710,-60,-0.157080,-0.001963
82.1810,-60,-0.157080,-0.001963
82.1910,-60,-0.157080,-0.001963
82.2010,-60,-0.157080,-0.001963
82.2110,-60,-0.157080,-0.001963
82.2210,-60,-0.157080,-0.001963
82.2310,-60,-0.157080,-0.001963
82.2410,-60,-0.157080,-0.001963
82.2510,-60,-0.157080,-0.001963
82.2610,-60,-0.157080,-0.001963
82.2710,-60,-0.157080,-0.001963
82.2810,-60,-0.157080,-0.001963
82.2910,-60,-0.157080,-0.001963
82.3010,-60,-0.157080,-0.001963
82.3110,-60,-0.157080,-0.001963
82.3210,-60,-0.157080,-0.001963
82.3310,-60,-0.157080,-0.001963
82.3410,-60,-0.157080,-0.001963
82.3510,-61,-0.159698,-0.001996
82.3610,-61,-0.159698,-0.001996
82.3710,-61,-0.159698,-0.001996
82.3810,-61,-0.159698,-0.001996
82.3910,-61,-0.159698,-0.001996
82.4010,-61,-0.159698,-0.001996
82.4110,-61,-0.159698,-0.001996
82.4210,-61,-0.159698,-0.001996
82.4310,-61,-0.159698,-0.001996
82.4410,-61,-0.159698,-0.001996
82.4510,-61,-0.159698,-0.001996
82.4610,-61,-0.159698,-0.001996
82.4710,-61,-0.159698,-0.001996
82.4810,-61,-0.159698,-0.001996
82.4910,-61,-0.159698,-0.001996
82.5010,-61,-0.159698,-0.001996
82.5110,-61,-0.159698,-0.001996
82.5210,-61,-0.159698,-0.001996
82.5310,-61,-0.159698,-0.001996
82.5410,-61,-0.159698,-0.001996
82.5510,-61,-0.159698,-0.001996
82.5610,-61,-0.159698,-0.001996
82.5710,-61,-0.159698,-0.001996
82.5810,-61,-0.159698,-0.001996
82.5910,-61,-0.159698,-0.001996
82.6010,-61,-0.159698,-0.001996
82.6110,-61,-0.159698,-0.001996
82.6210,-61,-0.159698,-0.001996
82.6310,-61,-0.159698,-0.001996
82.6410,-61,-0.159698,-0.001996
82.6520,-61,-0.159698,-0.001996
82.6610,-61,-0.159698,-0.001996
82.6710,-61,-0.159698,-0.001996
82.6810,-61,-0.159698,-0.001996
82.6910,-61,-0.159698,-0.001996
82.7010,-61,-0.159698,-0.001996
82.7110,-61,-0.159698,-0.001996
82.7210,-61,-0.159698,-0.001996
82.7310,-61,-0.159698,-0.001996
82.7410,-61,-0.159698,-0.001996
82.7510,-61,-0.159698,-0.001996
82.7610,-61,-0.159698,-0.001996
82.7710,-61,-0.159698,-0.001996
82.7810,-61,-0.159698,-0.001996
82.7910,-61,-0.159698,-0.001996
82.8010,-61,-0.159698,-0.001996
82.8110,-61,-0.159698,-0.001996
82.8210,-61,-0.159698,-0.001996
82.8310,-61,-0.159698,-0.001996
82.8410,-61,-0.159698,-0.001996
82.8510,-61,-0.159698,-0.001996
82.8610,-61,-0.159698,-0.001996
82.8710,-61,-0.159698,-0.001996
82.8810,-61,-0.159698,-0.001996
82.8910,-61,-0.159698,-0.001996
82.9010,-61,-0.159698,-0.001996
82.9110,-61,-0.159698,-0.001996
82.9210,-61,-0.159698,-0.001996
82.9310,-61,-0.159698,-0.001996
82.9410,-61,-0.159698,-0.001996
82.9510,-61,-0.159698,-0.001996
82.9610,-61,-0.159698,-0.001996
82.9710,-61,-0.159698,-0.001996
82.9810,-61,-0.159698,-0.001996
82.9910,-62,-0.162316,-0.002029
83.0010,-62,-0.162316,-0.002029
83.0110,-62,-0.162316,-0.002029
83.0210,-62,-0.162316,-0.002029
83.0310,-62,-0.162316,-0.002029
83.0410,-62,-0.162316,-0.002029
83.0510,-62,-0.162316,-0.002029
83.0610,-62,-0.162316,-0.002029
83.0710,-62,-0.162316,-0.002029
83.0810,-62,-0.162316,-0.002029
83.0910,-62,-0.162316,-0.002029
83.1010,-62,-0.162316,-0.002029
83.1110,-62,-0.162316,-0.002029
83.1210,-62,-0.162316,-0.002029
83.1310,-62,-0.162316,-0.002029
83.1410,-62,-0.162316,-0.002029
83.1510,-62,-0.162316,-0.002029
83.1610,-62,-0.162316,-0.002029
83.1710,-62,-0.162316,-0.002029
83.1810,-62,-0.162316,-0.002029
83.1910,-62,-0.162316,-0.002029
83.2010,-62,-0.162316,-0.002029
83.2110,-62,-0.162316,-0.002029
83.2210,-62,-0.162316,-0.002029
83.2310,-62,-0.162316,-0.002029
83.2410,-62,-0.162316,-0.002029
83.2510,-62,-0.162316,-0.002029
83.2610,-62,-0.162316,-0.002029
83.2710,-62,-0.162316,-0.002029
83.2810,-62,-0.162316,-0.002029
83.2920,-62,-0.162316,-0.002029
83.3010,-62,-0.162316,-0.002029
83.3110,-62,-0.162316,-0.002029
83.3210,-62,-0.162316,-0.002029
83.3310,-62,-0.162316,-0.002029
83.3410,-62,-0.162316,-0.002029
83.3510,-62,-0.162316,-0.002029
83.3610,-62,-0.162316,-0.002029
83.3710,-62,-0.162316,-0.002029
83.3810,-62,-0.162316,-0.002029
83.3910,-62,-0.162316,-0.002029
83.4010,-62,-0.162316,-0.002029
83.4110,-62,-0.162316,-0.002029
83.4210,-62,-0.162316,-0.002029
83.4310,-62,-0.162316,-0.002029
83.4410,-62,-0.162316,-0.002029
83.4510,-62,-0.162316,-0.002029
83.4610,-62,-0.162316,-0.002029
83.4710,-62,-0.162316,-0.002029
83.4810,-62,-0.162316,-0.002029
83.4910,-62,-0.162316,-0.002029
83.5010,-62,-0.162316,-0.002029
83.5110,-62,-0.162316,-0.002029
83.5210,-62,-0.162316,-0.002029
83.5310,-62,-0.162316,-0.002029
83.5410,-62,-0.162316,-0.002029
83.5510,-62,-0.162316,-0.002029
83.5610,-62,-0.162316,-0.002029
83.5710,-62,-0.162316,-0.002029
83.5810,-62,-0.162316,-0.002029
83.5910,-62,-0.162316,-0.002029
83.6010,-62,-0.162316,-0.002029
83.6110,-62,-0.162316,-0.002029
83.6210,-62,-0.162316,-0.002029
83.6310,-62,-0.162316,-0.002029
83.6410,-62,-0.162316,-0.002029
83.6510,-63,-0.164934,-0.002062
83.6610,-63,-0.164934,-0.002062
83.6710,-63,-0.164934,-0.002062
83.6810,-63,-0.164934,-0.002062
83.6910,-63,-0.164934,-0.002062
83.7010,-63,-0.164934,-0.002062
83.7110,-63,-0.164934,-0.002062
83.7210,-63,-0.164934,-0.002062
83.7310,-63,-0.164934,-0.002062
83.7410,-63,-0.164934,-0.002062
83.7510,-63,-0.164934,-0.002062
83.7610,-63,-0.164934,-0.002062
83.7710,-63,-0.164934,-0.002062
83.7810,-63,-0.164934,-0.002062
83.7910,-63,-0.164934,-0.002062
83.8010,-63,-0.164934,-0.002062
83.8110,-63,-0.164934,-0.002062
83.8210,-63,-0.164934,-0.002062
83.8310,-63,-0.164934,-0.002062
83.8410,-63,-0.164934,-0.002062
83.8510,-63,-0.164934,-0.002062
83.8610,-63,-0.164934,-0.002062
83.8710,-63,-0.164934,-0.002062
83.8810,-63,-0.164934,-0.002062
83.8910,-63,-0.164934,-0.002062
83.9010,-63,-0.164934,-0.002062
83.9110,-63,-0.164934,-0.002062
83.9210,-63,-0.164934,-0.002062
83.9320,-63,-0.164934,-0.002062
83.9410,-63,-0.164934,-0.002062
83.9510,-63,-0.164934,-0.002062
83.9610,-63,-0.164934,-0.002062
83.9710,-63,-0.164934,-0.002062
83.9810,-63,-0.164934,-0.002062
83.9910,-63,-0.164934,-0.002062
84.0010,-63,-0.164934,-0.002062
84.0110,-63,-0.164934,-0.002062
84.0210,-63,-0.164934,-0.002062
84.0310,-63,-0.164934,-0.002062
84.0410,-63,-0.164934,-0.002062
84.0510,-63,-0.164934,-0.002062
84.0610,-63,-0.164934,-0.002062
84.0710,-63,-0.164934,-0.002062
84.0810,-63,-0.164934,-0.002062
84.0910,-63,-0.164934,-0.002062
84.1010,-63,-0.164934,-0.002062
84.1110,-63,-0.164934,-0.002062
84.1210,-63,-0.164934,-0.002062
84.1310,-63,-0.164934,-0.002062
84.1410,-63,-0.164934,-0.002062
84.1510,-63,-0.164934,-0.002062
84.1610,-63,-0.164934,-0.002062
84.1710,-63,-0.164934,-0.002062
84.1810,-63,-0.164934,-0.002062
84.1910,-63,-0.164934,-0.002062
84.2010,-63,-0.164934,-0.002062
84.2110,-63,-0.164934,-0.002062
84.2210,-63,-0.164934,-0.002062
84.2310,-63,-0.164934,-0.002062
84.2410,-63,-0.164934,-0.002062
84.2510,-63,-0.164934,-0.002062
84.2610,-63,-0.164934,-0.002062
84.2710,-63,-0.164934,-0.002062
84.2810,-64,-0.167552,-0.002094
84.2910,-64,-0.167552,-0.002094
84.3010,-64,-0.167552,-0.002094
84.3110,-64,-0.167552,-0.002094
84.3210,-64,-0.167552,-0.002094
84.3310,-64,-0.167552,-0.002094
84.3410,-64,-0.167552,-0.002094
84.3510,-64,-0.167552,-0.002094
84.3610,-64,-0.167552,-0.002094
84.3710,-64,-0.167552,-0.002094
84.3810,-64,-0.167552,-0.002094
84.3910,-64,-0.167552,-0.002094
84.4010,-64,-0.167552,-0.002094
84.4110,-64,-0.167552,-0.002094
84.4210,-64,-0.167552,-0.002094
84.4310,-64,-0.167552,-0.002094
84.4410,-64,-0.167552,-0.002094
84.4510,-64,-0.167552,-0.002094
84.4610,-64,-0.167552,-0.002094
84.4710,-64,-0.167552,-0.002094
84.4810,-64,-0.167552,-0.002094
84.4910,-64,-0.167552,-0.002094
84.5010,-64,-0.167552,-0.002094
84.5110,-64,-0.167552,-0.002094
84.5210,-64,-0.167552,-0.002094
84.5310,-64,-0.167552,-0.002094
84.5410,-64,-0.167552,-0.002094
84.5510,-64,-0.167552,-0.002094
84.5610,-64,-0.167552,-0.002094
84.5720,-64,-0.167552,-0.002094
84.5810,-64,-0.167552,-0.002094
84.5910,-64,-0.167552,-0.002094
84.6010,-64,-0.167552,-0.002094
84.6110,-64,-0.167552,-0.002094
84.6210,-64,-0.167552,-0.002094
84.6310,-64,-0.167552,-0.002094
84.6410,-64,-0.167552,-0.002094
84.6510,-64,-0.167552,-0.002094
84.6610,-64,-0.167552,-0.002094
84.6710,-64,-0.167552,-0.002094
84.6810,-64,-0.167552,-0.002094
84.6910,-64,-0.167552,-0.002094
84.7010,-64,-0.167552,-0.002094
84.7110,-64,-0.167552,-0.002094
84.7210,-64,-0.167552,-0.002094
84.7310,-64,-0.167552,-0.002094
84.7410,-64,-0.167552,-0.002094
84.7510,-64,-0.167552,-0.002094
84.7610,-64,-0.167552,-0.002094
84.7710,-64,-0.167552,-0.002094
84.7810,-64,-0.167552,-0.002094
84.7910,-64,-0.167552,-0.002094
84.8010,-64,-0.167552,-0.002094
84.8110,-64,-0.167552,-0.002094
84.8210,-64,-0.167552,-0.002094
84.8310,-64,-0.167552,-0.002094
84.8410,-64,-0.167552,-0.002094
84.8510,-64,-0.167552,-0.002094
84.8610,-64,-0.167552,-0.002094
84.8710,-64,-0.167552,-0.002094
84.8810,-64,-0.167552,-0.002094
84.8910,-64,-0.167552,-0.002094
84.9010,-64,-0.167552,-0.002094
84.9110,-64,-0.167552,-0.002094
84.9210,-65,-0.170170,-0.002127
84.9310,-65,-0.170170,-0.002127
84.9410,-65,-0.170170,-0.002127
84.9510,-65,-0.170170,-0.002127
84.9610,-65,-0.170170,-0.002127
84.9710,-65,-0.170170,-0.002127
84.9810,-65,-0.170170,-0.002127
84.9910,-65,-0.170170,-0.002127
85.0010,-65,-0.170170,-0.002127
85.0110,-65,-0.170170,-0.002127
85.0210,-65,-0.170170,-0.002127
85.0310,-65,-0.170170,-0.002127
85.0410,-65,-0.170170,-0.002127
85.0510,-65,-0.170170,-0.002127
85.0610,-65,-0.170170,-0.002127
85.0710,-65,-0.170170,-0.002127
85.0810,-65,-0.170170,-0.002127
85.0910,-65,-0.170170,-0.002127
85.1010,-65,-0.170170,-0.002127
85.1110,-65,-0.170170,-0.002127
85.1210,-65,-0.170170,-0.002127
85.1310,-65,-0.170170,-0.002127
85.1410,-65,-0.170170,-0.002127
85.1510,-65,-0.170170,-0.002127
85.1610,-65,-0.170170,-0.002127
85.1710,-65,-0.170170,-0.002127
85.1810,-65,-0.170170,-0.002127
85.1910,-65,-0.170170,-0.002127
85.2010,-65,-0.170170,-0.002127
85.2120,-65,-0.170170,-0.002127
85.2210,-65,-0.170170,-0.002127
85.2310,-65,-0.170170,-0.002127
85.2410,-65,-0.170170,-0.002127
85.2510,-65,-0.170170,-0.002127
85.2610,-65,-0.170170,-0.002127
85.2710,-65,-0.170170,-0.002127
85.2810,-65,-0.170170,-0.002127
85.2910,-65,-0.170170,-0.002127
85.3010,-65,-0.170170,-0.002127
85.3110,-65,-0.170170,-0.002127
85.3210,-65,-0.170170,-0.002127
85.3310,-65,-0.170170,-0.002127
85.3410,-65,-0.170170,-0.002127
85.3510,-65,-0.170170,-0.002127
85.3610,-65,-0.170170,-0.002127
85.3710,-65,-0.170170,-0.002127
85.3810,-65,-0.170170,-0.002127
85.3910,-65,-0.170170,-0.002127
85.4010,-65,-0.170170,-0.002127
85.4110,-65,-0.170170,-0.002127
85.4210,-65,-0.170170,-0.002127
85.4310,-65,-0.170170,-0.002127
85.4410,-65,-0.170170,-0.002127
85.4510,-65,-0.170170,-0.002127
85.4610,-65,-0.170170,-0.002127
85.4710,-65,-0.170170,-0.002127
85.4810,-65,-0.170170,-0.002127
85.4910,-65,-0.170170,-0.002127
85.5010,-65,-0.170170,-0.002127
85.5110,-65,-0.170170,-0.002127
85.5210,-65,-0.170170,-0.002127
85.5310,-65,-0.170170,-0.002127
85.5410,-65,-0.170170,-0.002127
85.5510,-65,-0.170170,-0.002127
85.5610,-66,-0.172788,-0.002160
85.5710,-66,-0.172788,-0.002160
85.5810,-66,-0.172788,-0.002160
85.5910,-66,-0.172788,-0.002160
85.6010,-66,-0.172788,-0.002160
85.6110,-66,-0.172788,-0.002160
85.6210,-66,-0.172788,-0.002160
85.6310,-66,-0.172788,-0.002160
85.6410,-66,-0.172788,-0.002160
85.6510,-66,-0.172788,-0.002160
85.6610,-66,-0.172788,-0.002160
85.6710,-66,-0.172788,-0.002160
85.6810,-66,-0.172788,-0.002160
85.6910,-66,-0.172788,-0.002160
85.7010,-66,-0.172788,-0.002160
85.7110,-66,-0.172788,-0.002160
85.7210,-66,-0.172788,-0.002160
85.7310,-66,-0.172788,-0.002160
85.7410,-66,-0.172788,-0.002160
85.7510,-66,-0.172788,-0.002160
85.7610,-66,-0.172788,-0.002160
85.7710,-66,-0.172788,-0.002160
85.7810,-66,-0.172788,-0.002160
85.7910,-66,-0.172788,-0.002160
85.8010,-66,-0.172788,-0.002160
85.8110,-66,-0.172788,-0.002160
85.8210,-66,-0.172788,-0.002160
85.8310,-66,-0.172788,-0.002160
85.8410,-66,-0.172788,-0.002160
85.8520,-66,-0.172788,-0.002160
85.8610,-66,-0.172788,-0.002160
85.8710,-66,-0.172788,-0.002160
85.8810,-66,-0.172788,-0.002160
85.8910,-66,-0.172788,-0.002160
85.9010,-66,-0.172788,-0.002160
85.9110,-66,-0.172788,-0.002160
85.9210,-66,-0.172788,-0.002160
85.9310,-66,-0.172788,-0.002160
85.9410,-66,-0.172788,-0.002160
85.9510,-66,-0.172788,-0.002160
85.9610,-66,-0.172788,-0.002160
85.9710,-66,-0.172788,-0.002160
85.9810,-66,-0.172788,-0.002160
85.9910,-66,-0.172788,-0.002160
86.0010,-66,-0.172788,-0.002160
86.0110,-66,-0.172788,-0.002160
86.0210,-66,-0.172788,-0.002160
86.0310,-66,-0.172788,-0.002160
86.0410,-66,-0.172788,-0.002160
86.0510,-66,-0.172788,-0.002160
86.0610,-66,-0.172788,-0.002160
86.0710,-66,-0.172788,-0.002160
86.0810,-66,-0.172788,-0.002160
86.0910,-66,-0.172788,-0.002160
86.1010,-66,-0.172788,-0.002160
86.1110,-66,-0.172788,-0.002160
86.1210,-66,-0.172788,-0.002160
86.1310,-66,-0.172788,-0.002160
86.1410,-66,-0.172788,-0.002160
86.1510,-66,-0.172788,-0.002160
86.1610,-66,-0.172788,-0.002160
86.1710,-66,-0.172788,-0.002160
86.1810,-66,-0.172788,-0.002160
86.1910,-67,-0.175406,-0.002193
86.2010,-67,-0.175406,-0.002193
86.2110,-67,-0.175406,-0.002193
86.2210,-67,-0.175406,-0.002193
86.2310,-67,-0.175406,-0.002193
86.2410,-67,-0.175406,-0.002193
86.2510,-67,-0.175406,-0.002193
86.2610,-67,-0.175406,-0.002193
86.2710,-67,-0.175406,-0.002193
86.2810,-67,-0.175406,-0.002193
86.2910,-67,-0.175406,-0.002193
86.3010,-67,-0.175406,-0.002193
86.3110,-67,-0.175406,-0.002193
86.3210,-67,-0.175406,-0.002193
86.3310,-67,-0.175406,-0.002193
86.3410,-67,-0.175406,-0.002193
86.3510,-67,-0.175406,-0.002193
86.3610,-67,-0.175406,-0.002193
86.3710,-67,-0.175406,-0.002193
86.3810,-67,-0.175406,-0.002193
86.3910,-67,-0.175406,-0.002193
86.4010,-67,-0.175406,-0.002193
86.4110,-67,-0.175406,-0.002193
86.4210,-67,-0.175406,-0.002193
86.4310,-67,-0.175406,-0.002193
86.4410,-67,-0.175406,-0.002193
86.4510,-67,-0.175406,-0.002193
86.4610,-67,-0.175406,-0.002193
86.4710,-67,-0.175406,-0.002193
86.4810,-67,-0.175406,-0.002193
86.4920,-67,-0.175406,-0.002193
86.5010,-67,-0.175406,-0.002193
86.5110,-67,-0.175406,-0.002193
86.5210,-67,-0.175406,-0.002193
86.5310,-67,-0.175406,-0.002193
86.5410,-67,-0.175406,-0.002193
86.5510,-67,-0.175406,-0.002193
86.5610,-67,-0.175406,-0.002193
86.5710,-67,-0.175406,-0.002193
86.5810,-67,-0.175406,-0.002193
86.5910,-67,-0.175406,-0.002193
86.6010,-67,-0.175406,-0.002193
86.6110,-67,-0.175406,-0.002193
86.6210,-67,-0.175406,-0.002193
86.6310,-67,-0.175406,-0.002193
86.6410,-67,-0.175406,-0.002193
86.6510,-67,-0.175406,-0.002193
86.6610,-67,-0.175406,-0.002193
86.6710,-67,-0.175406,-0.002193
86.6810,-67,-0.175406,-0.002193
86.6910,-67,-0.175406,-0.002193
86.7010,-67,-0.175406,-0.002193
86.7110,-67,-0.175406,-0.002193
86.7210,-67,-0.175406,-0.002193
86.7310,-67,-0.175406,-0.002193
86.7410,-67,-0.175406,-0.002193
86.7510,-67,-0.175406,-0.002193
86.7610,-67,-0.175406,-0.002193
86.7710,-67,-0.175406,-0.002193
86.7810,-67,-0.175406,-0.002193
86.7910,-67,-0.175406,-0.002193
86.8010,-67,-0.175406,-0.002193
86.8110,-67,-0.175406,-0.002193
86.8210,-67,-0.175406,-0.002193
86.8310,-68,-0.178024,-0.002225
86.8410,-68,-0.178024,-0.002225
86.8510,-68,-0.178024,-0.002225
86.8610,-68,-0.178024,-0.002225
86.8710,-68,-0.178024,-0.002225
86.8810,-68,-0.178024,-0.002225
86.8910,-68,-0.178024,-0.002225
86.9010,-68,-0.178024,-0.002225
86.9110,-68,-0.178024,-0.002225
86.9210,-68,-0.178024,-0.002225
86.9310,-68,-0.178024,-0.002225
86.9410,-68,-0.178024,-0.002225
86.9510,-68,-0.178024,-0.002225
86.9610,-68,-0.178024,-0.002225
86.9710,-68,-0.178024,-0.002225
86.9810,-68,-0.178024,-0.002225
86.9910,-68,-0.178024,-0.002225
87.0010,-68,-0.178024,-0.002225
87.0110,-68,-0.178024,-0.002225
87.0210,-68,-0.178024,-0.002225
87.0310,-68,-0.178024,-0.002225
87.0410,-68,-0.178024,-0.002225
87.0510,-68,-0.178024,-0.002225
87.0610,-68,-0.178024,-0.002225
87.0710,-68,-0.178024,-0.002225
87.0810,-68,-0.178024,-0.002225
87.0910,-68,-0.178024,-0.002225
87.1010,-68,-0.178024,-0.002225
87.1110,-68,-0.178024,-0.002225
87.1210,-68,-0.178024,-0.002225
87.1320,-68,-0.178024,-0.002225
87.1410,-68,-0.178024,-0.002225
87.1510,-68,-0.178024,-0.002225
87.1610,-68,-0.178024,-0.002225
87.1710,-68,-0.178024,-0.002225
87.1810,-68,-0.178024,-0.002225
87.1910,-68,-0.178024,-0.002225
87.2010,-68,-0.178024,-0.002225
87.2110,-68,-0.178024,-0.002225
87.2210,-68,-0.178024,-0.002225
87.2310,-68,-0.178024,-0.002225
87.2410,-68,-0.178024,-0.002225
87.2510,-68,-0.178024,-0.002225
87.2610,-68,-0.178024,-0.002225
87.2710,-68,-0.178024,-0.002225
87.2810,-68,-0.178024,-0.002225
87.2910,-68,-0.178024,-0.002225
87.3010,-68,-0.178024,-0.002225
87.3110,-68,-0.178024,-0.002225
87.3210,-68,-0.178024,-0.002225
87.3310,-68,-0.178024,-0.002225
87.3410,-68,-0.178024,-0.002225
87.3510,-68,-0.178024,-0.002225
87.3610,-68,-0.178024,-0.002225
87.3710,-68,-0.178024,-0.002225
87.3810,-68,-0.178024,-0.002225
87.3910,-68,-0.178024,-0.002225
87.4010,-68,-0.178024,-0.002225
87.4110,-68,-0.178024,-0.002225
87.4210,-68,-0.178024,-0.002225
87.4310,-68,-0.178024,-0.002225
87.4410,-68,-0.178024,-0.002225
87.4510,-68,-0.178024,-0.002225
87.4610,-69,-0.180642,-0.002258
87.4710,-69,-0.180642,-0.002258
87.4810,-69,-0.180642,-0.002258
87.4910,-69,-0.180642,-0.002258
87.5010,-69,-0.180642,-0.002258
87.5110,-69,-0.180642,-0.002258
87.5210,-69,-0.180642,-0.002258
87.5310,-69,-0.180642,-0.002258
87.5410,-69,-0.180642,-0.002258
87.5510,-69,-0.180642,-0.002258
87.5610,-69,-0.180642,-0.002258
87.5710,-69,-0.180642,-0.002258
87.5810,-69,-0.180642,-0.002258
87.5910,-69,-0.180642,-0.002258
87.6010,-69,-0.180642,-0.002258
87.6110,-69,-0.180642,-0.002258
87.6210,-69,-0.180642,-0.002258
87.6310,-69,-0.180642,-0.002258
87.6410,-69,-0.180642,-0.002258
87.6510,-69,-0.180642,-0.002258
87.6610,-69,-0.180642,-0.002258
87.6710,-69,-0.180642,-0.002258
87.6810,-69,-0.180642,-0.002258
87.6910,-69,-0.180642,-0.002258
87.7010,-69,-0.180642,-0.002258
87.7110,-69,-0.180642,-0.002258
87.7210,-69,-0.180642,-0.002258
87.7310,-69,-0.180642,-0.002258
87.7410,-69,-0.180642,-0.002258
87.7510,-69,-0.180642,-0.002258
87.7610,-69,-0.180642,-0.002258
87.7720,-69,-0.180642,-0.002258
87.7810,-69,-0.180642,-0.002258
87.7910,-69,-0.180642,-0.002258
87.8010,-69,-0.180642,-0.002258
87.8110,-69,-0.180642,-0.002258
87.8210,-69,-0.180642,-0.002258
87.8310,-69,-0.180642,-0.002258
87.8410,-69,-0.180642,-0.002258
87.8510,-69,-0.180642,-0.002258
87.8610,-69,-0.180642,-0.002258
87.8710,-69,-0.180642,-0.002258
87.8810,-69,-0.180642,-0.002258
87.8910,-69,-0.180642,-0.002258
87.9010,-69,-0.180642,-0.002258
87.9110,-69,-0.180642,-0.002258
87.9210,-69,-0.180642,-0.002258
87.9310,-69,-0.180642,-0.002258
87.9410,-69,-0.180642,-0.002258
87.9510,-69,-0.180642,-0.002258
87.9610,-69,-0.180642,-0.002258
87.9710,-69,-0.180642,-0.002258
87.9810,-69,-0.180642,-0.002258
87.9910,-69,-0.180642,-0.002258
88.0010,-69,-0.180642,-0.002258
88.0110,-69,-0.180642,-0.002258
88.0210,-69,-0.180642,-0.002258
88.0310,-69,-0.180642,-0.002258
88.0410,-69,-0.180642,-0.002258
88.0510,-69,-0.180642,-0.002258
88.0610,-69,-0.180642,-0.002258
88.0710,-69,-0.180642,-0.002258
88.0810,-69,-0.180642,-0.002258
88.0910,-69,-0.180642,-0.002258
88.1010,-70,-0.183260,-0.002291
88.1110,-70,-0.183260,-0.002291
88.1210,-70,-0.183260,-0.002291
88.1310,-70,-0.183260,-0.002291
88.1410,-70,-0.183260,-0.002291
88.1510,-70,-0.183260,-0.002291
88.1610,-70,-0.183260,-0.002291
88.1710,-70,-0.183260,-0.002291
88.1810,-70,-0.183260,-0.002291
88.1910,-70,-0.183260,-0.002291
88.2010,-70,-0.183260,-0.002291
88.2110,-70,-0.183260,-0.002291
88.2210,-70,-0.183260,-0.002291
88.2310,-70,-0.183260,-0.002291
88.2410,-70,-0.183260,-0.002291
88.2510,-70,-0.183260,-0.002291
88.2610,-70,-0.183260,-0.002291
88.2710,-70,-0.183260,-0.002291
88.2810,-70,-0.183260,-0.002291
88.2910,-70,-0.183260,-0.002291
88.3010,-70,-0.183260,-0.002291
88.3110,-70,-0.183260,-0.002291
88.3210,-70,-0.183260,-0.002291
88.3310,-70,-0.183260,-0.002291
88.3410,-70,-0.183260,-0.002291
88.3510,-70,-0.183260,-0.002291
88.3610,-70,-0.183260,-0.002291
88.3710,-70,-0.183260,-0.002291
88.3810,-70,-0.183260,-0.002291
88.3910,-70,-0.183260,-0.002291
88.4010,-70,-0.183260,-0.002291
88.4120,-70,-0.183260,-0.002291
88.4210,-70,-0.183260,-0.002291
88.4310,-70,-0.183260,-0.002291
88.4410,-70,-0.183260,-0.002291
88.4510,-70,-0.183260,-0.002291
88.4610,-70,-0.183260,-0.002291
88.4710,-70,-0.183260,-0.002291
88.4810,-70,-0.183260,-0.002291
88.4910,-70,-0.183260,-0.002291
88.5010,-70,-0.183260,-0.002291
88.5110,-70,-0.183260,-0.002291
88.5210,-70,-0.183260,-0.002291
88.5310,-70,-0.183260,-0.002291
88.5410,-70,-0.183260,-0.002291
88.5510,-70,-0.183260,-0.002291
88.5610,-70,-0.183260,-0.002291
88.5710,-70,-0.183260,-0.002291
88.5810,-70,-0.183260,-0.002291
88.5910,-70,-0.183260,-0.002291
88.6010,-70,-0.183260,-0.002291
88.6110,-70,-0.183260,-0.002291
88.6210,-70,-0.183260,-0.002291
88.6310,-70,-0.183260,-0.002291
88.6410,-70,-0.183260,-0.002291
88.6510,-70,-0.183260,-0.002291
88.6610,-70,-0.183260,-0.002291
88.6710,-70,-0.183260,-0.002291
88.6810,-70,-0.183260,-0.002291
88.6910,-70,-0.183260,-0.002291
88.7010,-70,-0.183260,-0.002291
88.7110,-70,-0.183260,-0.002291
88.7210,-70,-0.183260,-0.002291
88.7310,-70,-0.183260,-0.002291
88.7410,-70,-0.183260,-0.002291
88.7510,-70,-0.183260,-0.002291
88.7610,-71,-0.185878,-0.002323
88.7710,-71,-0.185878,-0.002323
88.7810,-71,-0.185878,-0.002323
88.7910,-71,-0.185878,-0.002323
88.8010,-71,-0.185878,-0.002323
88.8110,-71,-0.185878,-0.002323
88.8210,-71,-0.185878,-0.002323
88.8310,-71,-0.185878,-0.002323
88.8410,-71,-0.185878,-0.002323
88.8510,-71,-0.185878,-0.002323
88.8610,-71,-0.185878,-0.002323
88.8710,-71,-0.185878,-0.002323
88.8810,-71,-0.185878,-0.002323
88.8910,-71,-0.185878,-0.002323
88.9010,-71,-0.185878,-0.002323
88.9110,-71,-0.185878,-0.002323
88.9210,-71,-0.185878,-0.002323
88.9310,-71,-0.185878,-0.002323
88.9410,-71,-0.185878,-0.002323
88.9510,-71,-0.185878,-0.002323
88.9610,-71,-0.185878,-0.002323
88.9710,-71,-0.185878,-0.002323
88.9810,-71,-0.185878,-0.002323
88.9910,-71,-0.185878,-0.002323
89.0010,-71,-0.185878,-0.002323
89.0110,-71,-0.185878,-0.002323
89.0210,-71,-0.185878,-0.002323
89.0310,-71,-0.185878,-0.002323
89.0410,-71,-0.185878,-0.002323
89.0520,-71,-0.185878,-0.002323
89.0610,-71,-0.185878,-0.002323
89.0710,-71,-0.185878,-0.002323
89.0810,-71,-0.185878,-0.002323
89.0910,-71,-0.185878,-0.002323
89.1010,-71,-0.185878,-0.002323
89.1110,-71,-0.185878,-0.002323
89.1210,-71,-0.185878,-0.002323
89.1310,-71,-0.185878,-0.002323
89.1410,-71,-0.185878,-0.002323
89.1510,-71,-0.185878,-0.002323
89.1610,-71,-0.185878,-0.002323
89.1710,-71,-0.185878,-0.002323
89.1810,-71,-0.185878,-0.002323
89.1910,-71,-0.185878,-0.002323
89.2010,-71,-0.185878,-0.002323
89.2110,-71,-0.185878,-0.002323
89.2210,-71,-0.185878,-0.002323
89.2310,-71,-0.185878,-0.002323
89.2410,-71,-0.185878,-0.002323
89.2510,-71,-0.185878,-0.002323
89.2610,-71,-0.185878,-0.002323
89.2710,-71,-0.185878,-0.002323
89.2810,-71,-0.185878,-0.002323
89.2910,-71,-0.185878,-0.002323
89.3010,-71,-0.185878,-0.002323
89.3110,-71,-0.185878,-0.002323
89.3210,-71,-0.185878,-0.002323
89.3310,-71,-0.185878,-0.002323
89.3410,-71,-0.185878,-0.002323
89.3510,-71,-0.185878,-0.002323
89.3610,-71,-0.185878,-0.002323
89.3710,-71,-0.185878,-0.002323
89.3810,-72,-0.188496,-0.002356
89.3910,-72,-0.188496,-0.002356
89.4010,-72,-0.188496,-0.002356
89.4110,-72,-0.188496,-0.002356
89.4210,-72,-0.188496,-0.002356
89.4310,-72,-0.188496,-0.002356
89.4410,-72,-0.188496,-0.002356
89.4510,-72,-0.188496,-0.002356
89.4610,-72,-0.188496,-0.002356
89.4710,-72,-0.188496,-0.002356
89.4810,-72,-0.188496,-0.002356
89.4910,-72,-0.188496,-0.002356
89.5010,-72,-0.188496,-0.002356
89.5110,-72,-0.188496,-0.002356
89.5210,-72,-0.188496,-0.002356
89.5310,-72,-0.188496,-0.002356
89.5410,-72,-0.188496,-0.002356
89.5510,-72,-0.188496,-0.002356
89.5610,-72,-0.188496,-0.002356
89.5710,-72,-0.188496,-0.002356
89.5810,-72,-0.188496,-0.002356
89.5910,-72,-0.188496,-0.002356
89.6010,-72,-0.188496,-0.002356
89.6110,-72,-0.188496,-0.002356
89.6210,-72,-0.188496,-0.002356
89.6310,-72,-0.188496,-0.002356
89.6410,-72,-0.188496,-0.002356
89.6510,-72,-0.188496,-0.002356
89.6610,-72,-0.188496,-0.002356
89.6710,-72,-0.188496,-0.002356
89.6810,-72,-0.188496,-0.002356
89.6920,-72,-0.188496,-0.002356
89.7010,-72,-0.188496,-0.002356
89.7110,-72,-0.188496,-0.002356
89.7210,-72,-0.188496,-0.002356
89.7310,-72,-0.188496,-0.002356
89.7410,-72,-0.188496,-0.002356
89.7510,-72,-0.188496,-0.002356
89.7610,-72,-0.188496,-0.002356
89.7710,-72,-0.188496,-0.002356
89.7810,-72,-0.188496,-0.002356
89.7910,-72,-0.188496,-0.002356
89.8010,-72,-0.188496,-0.002356
89.8110,-72,-0.188496,-0.002356
89.8210,-72,-0.188496,-0.002356
89.8310,-72,-0.188496,-0.002356
89.8410,-72,-0.188496,-0.002356
89.8510,-72,-0.188496,-0.002356
89.8610,-72,-0.188496,-0.002356
89.8710,-72,-0.188496,-0.002356
89.8810,-72,-0.188496,-0.002356
89.8910,-72,-0.188496,-0.002356
89.9010,-72,-0.188496,-0.002356
89.9110,-72,-0.188496,-0.002356
89.9210,-72,-0.188496,-0.002356
89.9310,-72,-0.188496,-0.002356
89.9410,-72,-0.188496,-0.002356
89.9510,-72,-0.188496,-0.002356
89.9610,-72,-0.188496,-0.002356
89.9710,-72,-0.188496,-0.002356
89.9810,-72,-0.188496,-0.002356
89.9910,-72,-0.188496,-0.002356
90.0010,-73,-0.191114,-0.002389
90.0110,-73,-0.191114,-0.002389
90.0210,-73,-0.191114,-0.002389
90.0310,-73,-0.191114,-0.002389
90.0410,-73,-0.191114,-0.002389
90.0510,-73,-0.191114,-0.002389
90.0610,-73,-0.191114,-0.002389
90.0710,-73,-0.191114,-0.002389
90.0810,-73,-0.191114,-0.002389
90.0910,-73,-0.191114,-0.002389
90.1010,-73,-0.191114,-0.002389
90.1110,-73,-0.191114,-0.002389
90.1210,-73,-0.191114,-0.002389
90.1310,-73,-0.191114,-0.002389
90.1410,-73,-0.191114,-0.002389
90.1510,-73,-0.191114,-0.002389
90.1610,-73,-0.191114,-0.002389
90.1710,-73,-0.191114,-0.002389
90.1810,-73,-0.191114,-0.002389
90.1910,-73,-0.191114,-0.002389
90.2010,-73,-0.191114,-0.002389
90.2110,-73,-0.191114,-0.002389
90.2210,-73,-0.191114,-0.002389
90.2310,-73,-0.191114,-0.002389
90.2410,-73,-0.191114,-0.002389
90.2510,-73,-0.191114,-0.002389
90.2610,-73,-0.191114,-0.002389
90.2710,-73,-0.191114,-0.002389
90.2810,-73,-0.191114,-0.002389
90.2910,-73,-0.191114,-0.002389
90.3010,-73,-0.191114,-0.002389
90.3110,-73,-0.191114,-0.002389
90.3210,-73,-0.191114,-0.002389
90.3320,-73,-0.191114,-0.002389
90.3410,-73,-0.191114,-0.002389
90.3510,-73,-0.191114,-0.002389
90.3610,-73,-0.191114,-0.002389
90.3710,-73,-0.191114,-0.002389
90.3810,-73,-0.191114,-0.002389
90.3910,-73,-0.191114,-0.002389
90.4010,-73,-0.191114,-0.002389
90.4110,-73,-0.191114,-0.002389
90.4210,-73,-0.191114,-0.002389
90.4310,-73,-0.191114,-0.002389
90.4410,-73,-0.191114,-0.002389
90.4510,-73,-0.191114,-0.002389
90.4610,-73,-0.191114,-0.002389
90.4710,-73,-0.191114,-0.002389
90.4810,-73,-0.191114,-0.002389
90.4910,-73,-0.191114,-0.002389
90.5010,-73,-0.191114,-0.002389
90.5110,-73,-0.191114,-0.002389
90.5210,-73,-0.191114,-0.002389
90.5310,-73,-0.191114,-0.002389
90.5410,-73,-0.191114,-0.002389
90.5510,-73,-0.191114,-0.002389
90.5610,-73,-0.191114,-0.002389
90.5710,-73,-0.191114,-0.002389
90.5810,-73,-0.191114,-0.002389
90.5910,-73,-0.191114,-0.002389
90.6010,-73,-0.191114,-0.002389
90.6110,-74,-0.193732,-0.002422
90.6210,-74,-0.193732,-0.002422
90.6310,-74,-0.193732,-0.002422
90.6410,-74,-0.193732,-0.002422
90.6510,-75,-0.196350,-0.002454
90.6610,-75,-0.196350,-0.002454
90.6710,-75,-0.196350,-0.002454
90.6810,-75,-0.196350,-0.002454
90.6910,-75,-0.196350,-0.002454
90.7010,-75,-0.196350,-0.002454
90.7110,-75,-0.196350,-0.002454
90.7210,-75,-0.196350,-0.002454
90.7310,-75,-0.196350,-0.002454
90.7410,-75,-0.196350,-0.002454
90.7510,-75,-0.196350,-0.002454
90.7610,-75,-0.196350,-0.002454
90.7710,-75,-0.196350,-0.002454
90.7810,-75,-0.196350,-0.002454
90.7910,-75,-0.196350,-0.002454
90.8010,-75,-0.196350,-0.002454
90.8110,-75,-0.196350,-0.002454
90.8210,-75,-0.196350,-0.002454
90.8310,-75,-0.196350,-0.002454
90.8410,-75,-0.196350,-0.002454
90.8510,-75,-0.196350,-0.002454
90.8610,-75,-0.196350,-0.002454
90.8710,-75,-0.196350,-0.002454
90.8810,-75,-0.196350,-0.002454
90.8910,-75,-0.196350,-0.002454
90.9010,-75,-0.196350,-0.002454
90.9110,-75,-0.196350,-0.002454
90.9210,-75,-0.196350,-0.002454
90.9310,-75,-0.196350,-0.002454
90.9410,-75,-0.196350,-0.002454
90.9510,-75,-0.196350,-0.002454
90.9610,-75,-0.196350,-0.002454
90.9720,-75,-0.196350,-0.002454
90.9810,-75,-0.196350,-0.002454
90.9910,-75,-0.196350,-0.002454
91.0010,-75,-0.196350,-0.002454
91.0110,-75,-0.196350,-0.002454
91.0210,-75,-0.196350,-0.002454
91.0310,-75,-0.196350,-0.002454
91.0410,-75,-0.196350,-0.002454
91.0510,-75,-0.196350,-0.002454
91.0610,-75,-0.196350,-0.002454
91.0710,-75,-0.196350,-0.002454
91.0810,-75,-0.196350,-0.002454
91.0910,-75,-0.196350,-0.002454
91.1010,-75,-0.196350,-0.002454
91.1110,-75,-0.196350,-0.002454
91.1210,-75,-0.196350,-0.002454
91.1310,-75,-0.196350,-0.002454
91.1410,-76,-0.198968,-0.002487
91.1510,-76,-0.198968,-0.002487
91.1610,-76,-0.198968,-0.002487
91.1710,-76,-0.198968,-0.002487
91.1810,-76,-0.198968,-0.002487
91.1910,-76,-0.198968,-0.002487
91.2010,-76,-0.198968,-0.002487
91.2110,-76,-0.198968,-0.002487
91.2210,-76,-0.198968,-0.002487
91.2310,-76,-0.198968,-0.002487
91.2410,-76,-0.198968,-0.002487
91.2510,-76,-0.198968,-0.002487
91.2610,-76,-0.198968,-0.002487
91.2710,-76,-0.198968,-0.002487
91.2810,-76,-0.198968,-0.002487
91.2910,-76,-0.198968,-0.002487
91.3010,-76,-0.198968,-0.002487
91.3110,-76,-0.198968,-0.002487
91.3210,-76,-0.198968,-0.002487
91.3310,-76,-0.198968,-0.002487
91.3410,-76,-0.198968,-0.002487
91.3510,-76,-0.198968,-0.002487
91.3610,-76,-0.198968,-0.002487
91.3710,-76,-0.198968,-0.002487
91.3810,-76,-0.198968,-0.002487
91.3910,-76,-0.198968,-0.002487
91.4010,-76,-0.198968,-0.002487
91.4110,-76,-0.198968,-0.002487
91.4210,-76,-0.198968,-0.002487
91.4310,-76,-0.198968,-0.002487
91.4410,-76,-0.198968,-0.002487
91.4510,-76,-0.198968,-0.002487
91.4610,-76,-0.198968,-0.002487
91.4710,-76,-0.198968,-0.002487
91.4810,-76,-0.198968,-0.002487
91.4910,-76,-0.198968,-0.002487
91.5010,-76,-0.198968,-0.002487
91.5110,-76,-0.198968,-0.002487
91.5210,-77,-0.201586,-0.002520
91.5310,-77,-0.201586,-0.002520
91.5410,-77,-0.201586,-0.002520
91.5510,-77,-0.201586,-0.002520
91.5610,-78,-0.204204,-0.002553
91.5710,-78,-0.204204,-0.002553
91.5810,-78,-0.204204,-0.002553
91.5910,-78,-0.204204,-0.002553
91.6010,-78,-0.204204,-0.002553
91.6120,-78,-0.204204,-0.002553
91.6210,-78,-0.204204,-0.002553
91.6310,-78,-0.204204,-0.002553
91.6410,-78,-0.204204,-0.002553
91.6510,-78,-0.204204,-0.002553
91.6610,-78,-0.204204,-0.002553
91.6710,-78,-0.204204,-0.002553
91.6810,-78,-0.204204,-0.002553
91.6910,-78,-0.204204,-0.002553
91.7010,-78,-0.204204,-0.002553
91.7110,-78,-0.204204,-0.002553
91.7210,-78,-0.204204,-0.002553
91.7310,-78,-0.204204,-0.002553
91.7410,-78,-0.204204,-0.002553
91.7510,-78,-0.204204,-0.002553
91.7610,-78,-0.204204,-0.002553
91.7710,-78,-0.204204,-0.002553
91.7810,-78,-0.204204,-0.002553
91.7910,-78,-0.204204,-0.002553
91.8010,-78,-0.204204,-0.002553
91.8110,-78,-0.204204,-0.002553
91.8210,-78,-0.204204,-0.002553
91.8310,-78,-0.204204,-0.002553
91.8410,-78,-0.204204,-0.002553
91.8510,-78,-0.204204,-0.002553
91.8610,-78,-0.204204,-0.002553
91.8710,-78,-0.204204,-0.002553
91.8810,-78,-0.204204,-0.002553
91.8910,-78,-0.204204,-0.002553
91.9010,-78,-0.204204,-0.002553
91.9110,-78,-0.204204,-0.002553
91.9210,-78,-0.204204,-0.002553
91.9310,-79,-0.206822,-0.002585
91.9410,-79,-0.206822,-0.002585
91.9510,-79,-0.206822,-0.002585
91.9610,-79,-0.206822,-0.002585
91.9710,-79,-0.206822,-0.002585
91.9810,-79,-0.206822,-0.002585
91.9910,-79,-0.206822,-0.002585
92.0010,-79,-0.206822,-0.002585
92.0110,-79,-0.206822,-0.002585
92.0210,-79,-0.206822,-0.002585
92.0310,-79,-0.206822,-0.002585
92.0410,-79,-0.206822,-0.002585
92.0510,-79,-0.206822,-0.002585
92.0610,-79,-0.206822,-0.002585
92.0710,-79,-0.206822,-0.002585
92.0810,-79,-0.206822,-0.002585
92.0910,-79,-0.206822,-0.002585
92.1010,-79,-0.206822,-0.002585
92.1110,-79,-0.206822,-0.002585
92.1210,-79,-0.206822,-0.002585
92.1310,-79,-0.206822,-0.002585
92.1410,-79,-0.206822,-0.002585
92.1510,-79,-0.206822,-0.002585
92.1610,-79,-0.206822,-0.002585
92.1710,-79,-0.206822,-0.002585
92.1810,-79,-0.206822,-0.002585
92.1910,-79,-0.206822,-0.002585
92.2010,-79,-0.206822,-0.002585
92.2110,-79,-0.206822,-0.002585
92.2210,-79,-0.206822,-0.002585
92.2310,-79,-0.206822,-0.002585
92.2410,-79,-0.206822,-0.002585
92.2520,-79,-0.206822,-0.002585
92.2610,-79,-0.206822,-0.002585
92.2710,-79,-0.206822,-0.002585
92.2810,-79,-0.206822,-0.002585
92.2910,-79,-0.206822,-0.002585
92.3010,-79,-0.206822,-0.002585
92.3110,-79,-0.206822,-0.002585
92.3210,-80,-0.209440,-0.002618
92.3310,-80,-0.209440,-0.002618
92.3410,-80,-0.209440,-0.002618
92.3510,-80,-0.209440,-0.002618
92.3610,-80,-0.209440,-0.002618
92.3710,-80,-0.209440,-0.002618
92.3810,-80,-0.209440,-0.002618
92.3910,-80,-0.209440,-0.002618
92.4010,-80,-0.209440,-0.002618
92.4110,-80,-0.209440,-0.002618
92.4210,-80,-0.209440,-0.002618
92.4310,-80,-0.209440,-0.002618
92.4410,-80,-0.209440,-0.002618
92.4510,-80,-0.209440,-0.002618
92.4610,-80,-0.209440,-0.002618
92.4710,-80,-0.209440,-0.002618
92.4810,-80,-0.209440,-0.002618
92.4910,-80,-0.209440,-0.002618
92.5010,-80,-0.209440,-0.002618
92.5110,-80,-0.209440,-0.002618
92.5210,-80,-0.209440,-0.002618
92.5310,-80,-0.209440,-0.002618
92.5410,-80,-0.209440,-0.002618
92.5510,-80,-0.209440,-0.002618
92.5610,-80,-0.209440,-0.002618
92.5710,-80,-0.209440,-0.002618
92.5810,-80,-0.209440,-0.002618
92.5910,-80,-0.209440,-0.002618
92.6010,-80,-0.209440,-0.002618
92.6110,-80,-0.209440,-0.002618
92.6210,-80,-0.209440,-0.002618
92.6310,-80,-0.209440,-0.002618
92.6410,-80,-0.209440,-0.002618
92.6510,-80,-0.209440,-0.002618
92.6610,-80,-0.209440,-0.002618
92.6710,-80,-0.209440,-0.002618
92.6810,-80,-0.209440,-0.002618
92.6910,-80,-0.209440,-0.002618
92.7010,-80,-0.209440,-0.002618
92.7110,-80,-0.209440,-0.002618
92.7210,-81,-0.212058,-0.002651
92.7310,-81,-0.212058,-0.002651
92.7410,-81,-0.212058,-0.002651
92.7510,-81,-0.212058,-0.002651
92.7610,-81,-0.212058,-0.002651
92.7710,-81,-0.212058,-0.002651
92.7810,-81,-0.212058,-0.002651
92.7910,-81,-0.212058,-0.002651
92.8010,-81,-0.212058,-0.002651
92.8110,-81,-0.212058,-0.002651
92.8210,-81,-0.212058,-0.002651
92.8310,-81,-0.212058,-0.002651
92.8410,-81,-0.212058,-0.002651
92.8510,-81,-0.212058,-0.002651
92.8610,-81,-0.212058,-0.002651
92.8710,-81,-0.212058,-0.002651
92.8810,-81,-0.212058,-0.002651
92.8920,-81,-0.212058,-0.002651
92.9010,-81,-0.212058,-0.002651
92.9110,-81,-0.212058,-0.002651
92.9210,-81,-0.212058,-0.002651
92.9310,-81,-0.212058,-0.002651
92.9410,-81,-0.212058,-0.002651
92.9510,-81,-0.212058,-0.002651
92.9610,-81,-0.212058,-0.002651
92.9710,-81,-0.212058,-0.002651
92.9810,-81,-0.212058,-0.002651
92.9910,-81,-0.212058,-0.002651
93.0010,-81,-0.212058,-0.002651
93.0110,-81,-0.212058,-0.002651
93.0210,-81,-0.212058,-0.002651
93.0310,-81,-0.212058,-0.002651
93.0410,-81,-0.212058,-0.002651
93.0510,-81,-0.212058,-0.002651
93.0610,-81,-0.212058,-0.002651
93.0710,-81,-0.212058,-0.002651
93.0810,-81,-0.212058,-0.002651
93.0910,-81,-0.212058,-0.002651
93.1010,-82,-0.214676,-0.002683
93.1110,-82,-0.214676,-0.002683
93.1210,-82,-0.214676,-0.002683
93.1310,-82,-0.214676,-0.002683
93.1410,-82,-0.214676,-0.002683
93.1510,-82,-0.214676,-0.002683
93.1610,-82,-0.214676,-0.002683
93.1710,-82,-0.214676,-0.002683
93.1810,-82,-0.214676,-0.002683
93.1910,-82,-0.214676,-0.002683
93.2010,-82,-0.214676,-0.002683
93.2110,-82,-0.214676,-0.002683
93.2210,-82,-0.214676,-0.002683
93.2310,-82,-0.214676,-0.002683
93.2410,-82,-0.214676,-0.002683
93.2510,-82,-0.214676,-0.002683
93.2610,-82,-0.214676,-0.002683
93.2710,-82,-0.214676,-0.002683
93.2810,-82,-0.214676,-0.002683
93.2910,-82,-0.214676,-0.002683
93.3010,-82,-0.214676,-0.002683
93.3110,-82,-0.214676,-0.002683
93.3210,-82,-0.214676,-0.002683
93.3310,-82,-0.214676,-0.002683
93.3410,-82,-0.214676,-0.002683
93.3510,-82,-0.214676,-0.002683
93.3610,-82,-0.214676,-0.002683
93.3710,-82,-0.214676,-0.002683
93.3810,-82,-0.214676,-0.002683
93.3910,-82,-0.214676,-0.002683
93.4010,-82,-0.214676,-0.002683
93.4110,-82,-0.214676,-0.002683
93.4210,-82,-0.214676,-0.002683
93.4310,-82,-0.214676,-0.002683
93.4410,-82,-0.214676,-0.002683
93.4510,-82,-0.214676,-0.002683
93.4610,-82,-0.214676,-0.002683
93.4710,-82,-0.214676,-0.002683
93.4810,-82,-0.214676,-0.002683
93.4910,-82,-0.214676,-0.002683
93.5010,-82,-0.214676,-0.002683
93.5110,-83,-0.217294,-0.002716
93.5210,-83,-0.217294,-0.002716
93.5320,-83,-0.217294,-0.002716
93.5410,-83,-0.217294,-0.002716
93.5510,-83,-0.217294,-0.002716
93.5610,-83,-0.217294,-0.002716
93.5710,-83,-0.217294,-0.002716
93.5810,-83,-0.217294,-0.002716
93.5910,-83,-0.217294,-0.002716
93.6010,-83,-0.217294,-0.002716
93.6110,-83,-0.217294,-0.002716
93.6210,-83,-0.217294,-0.002716
93.6310,-83,-0.217294,-0.002716
93.6410,-83,-0.217294,-0.002716
93.6510,-83,-0.217294,-0.002716
93.6610,-83,-0.217294,-0.002716
93.6710,-83,-0.217294,-0.002716
93.6810,-83,-0.217294,-0.002716
93.6910,-83,-0.217294,-0.002716
93.7010,-83,-0.217294,-0.002716
93.7110,-83,-0.217294,-0.002716
93.7210,-83,-0.217294,-0.002716
93.7310,-83,-0.217294,-0.002716
93.7410,-83,-0.217294,-0.002716
93.7510,-83,-0.217294,-0.002716
93.7610,-83,-0.217294,-0.002716
93.7710,-83,-0.217294,-0.002716
93.7810,-83,-0.217294,-0.002716
93.7910,-83,-0.217294,-0.002716
93.8010,-83,-0.217294,-0.002716
93.8110,-83,-0.217294,-0.002716
93.8210,-83,-0.217294,-0.002716
93.8310,-83,-0.217294,-0.002716
93.8410,-83,-0.217294,-0.002716
93.8510,-83,-0.217294,-0.002716
93.8610,-83,-0.217294,-0.002716
93.8710,-83,-0.217294,-0.002716
93.8810,-83,-0.217294,-0.002716
93.8910,-83,-0.217294,-0.002716
93.9010,-83,-0.217294,-0.002716
93.9110,-84,-0.219912,-0.002749
93.9210,-84,-0.219912,-0.002749
93.9310,-84,-0.219912,-0.002749
93.9410,-84,-0.219912,-0.002749
93.9510,-84,-0.219912,-0.002749
93.9610,-84,-0.219912,-0.002749
93.9710,-84,-0.219912,-0.002749
93.9810,-84,-0.219912,-0.002749
93.9910,-84,-0.219912,-0.002749
94.0010,-84,-0.219912,-0.002749
94.0110,-84,-0.219912,-0.002749
94.0210,-84,-0.219912,-0.002749
94.0310,-84,-0.219912,-0.002749
94.0410,-84,-0.219912,-0.002749
94.0510,-84,-0.219912,-0.002749
94.0610,-84,-0.219912,-0.002749
94.0710,-84,-0.219912,-0.002749
94.0810,-84,-0.219912,-0.002749
94.0910,-84,-0.219912,-0.002749
94.1010,-84,-0.219912,-0.002749
94.1110,-84,-0.219912,-0.002749
94.1210,-84,-0.219912,-0.002749
94.1310,-84,-0.219912,-0.002749
94.1410,-84,-0.219912,-0.002749
94.1510,-84,-0.219912,-0.002749
94.1610,-84,-0.219912,-0.002749
94.1720,-84,-0.219912,-0.002749
94.1810,-84,-0.219912,-0.002749
94.1910,-84,-0.219912,-0.002749
94.2010,-84,-0.219912,-0.002749
94.2110,-84,-0.219912,-0.002749
94.2210,-84,-0.219912,-0.002749
94.2310,-84,-0.219912,-0.002749
94.2410,-84,-0.219912,-0.002749
94.2510,-84,-0.219912,-0.002749
94.2610,-84,-0.219912,-0.002749
94.2710,-84,-0.219912,-0.002749
94.2810,-84,-0.219912,-0.002749
94.2910,-84,-0.219912,-0.002749
94.3010,-84,-0.219912,-0.002749
94.3110,-84,-0.219912,-0.002749
94.3210,-84,-0.219912,-0.002749
94.3310,-85,-0.222529,-0.002782
94.3410,-85,-0.222529,-0.002782
94.3510,-85,-0.222529,-0.002782
94.3610,-85,-0.222529,-0.002782
94.3710,-85,-0.222529,-0.002782
94.3810,-85,-0.222529,-0.002782
94.3910,-85,-0.222529,-0.002782
94.4010,-85,-0.222529,-0.002782
94.4110,-85,-0.222529,-0.002782
94.4210,-85,-0.222529,-0.002782
94.4310,-85,-0.222529,-0.002782
94.4410,-85,-0.222529,-0.002782
94.4510,-85,-0.222529,-0.002782
94.4610,-85,-0.222529,-0.002782
94.4710,-85,-0.222529,-0.002782
94.4810,-84,-0.219912,-0.002749
94.4910,-84,-0.219912,-0.002749
94.5010,-84,-0.219912,-0.002749
94.5110,-84,-0.219912,-0.002749
94.5210,-84,-0.219912,-0.002749
94.5310,-84,-0.219912,-0.002749
94.5410,-84,-0.219912,-0.002749
94.5510,-84,-0.219912,-0.002749
94.5610,-84,-0.219912,-0.002749
94.5710,-84,-0.219912,-0.002749
94.5810,-84,-0.219912,-0.002749
94.5910,-84,-0.219912,-0.002749
94.6010,-84,-0.219912,-0.002749
94.6110,-84,-0.219912,-0.002749
94.6210,-84,-0.219912,-0.002749
94.6310,-84,-0.219912,-0.002749
94.6410,-84,-0.219912,-0.002749
94.6510,-84,-0.219912,-0.002749
94.6610,-84,-0.219912,-0.002749
94.6710,-84,-0.219912,-0.002749
94.6810,-85,-0.222529,-0.002782
94.6910,-85,-0.222529,-0.002782
94.7010,-85,-0.222529,-0.002782
94.7110,-85,-0.222529,-0.002782
94.7210,-85,-0.222529,-0.002782
94.7310,-85,-0.222529,-0.002782
94.7410,-85,-0.222529,-0.002782
94.7510,-85,-0.222529,-0.002782
94.7610,-85,-0.222529,-0.002782
94.7710,-85,-0.222529,-0.002782
94.7810,-85,-0.222529,-0.002782
94.7910,-85,-0.222529,-0.002782
94.8010,-85,-0.222529,-0.002782
94.8120,-85,-0.222529,-0.002782
94.8210,-85,-0.222529,-0.002782
94.8310,-85,-0.222529,-0.002782
94.8410,-85,-0.222529,-0.002782
94.8510,-85,-0.222529,-0.002782
94.8610,-85,-0.222529,-0.002782
94.8710,-85,-0.222529,-0.002782
94.8810,-85,-0.222529,-0.002782
94.8910,-85,-0.222529,-0.002782
94.9010,-85,-0.222529,-0.002782
94.9110,-85,-0.222529,-0.002782
94.9210,-85,-0.222529,-0.002782
94.9310,-85,-0.222529,-0.002782
94.9410,-85,-0.222529,-0.002782
94.9510,-85,-0.222529,-0.002782
94.9610,-85,-0.222529,-0.002782
94.9710,-85,-0.222529,-0.002782
94.9810,-85,-0.222529,-0.002782
94.9910,-85,-0.222529,-0.002782
95.0010,-85,-0.222529,-0.002782
95.0110,-85,-0.222529,-0.002782
95.0210,-85,-0.222529,-0.002782
95.0310,-85,-0.222529,-0.002782
95.0410,-85,-0.222529,-0.002782
95.0510,-85,-0.222529,-0.002782
95.0610,-85,-0.222529,-0.002782
95.0710,-86,-0.225147,-0.002814
95.0810,-86,-0.225147,-0.002814
95.0910,-86,-0.225147,-0.002814
95.1010,-86,-0.225147,-0.002814
95.1110,-86,-0.225147,-0.002814
95.1210,-86,-0.225147,-0.002814
95.1310,-86,-0.225147,-0.002814
95.1410,-86,-0.225147,-0.002814
95.1510,-86,-0.225147,-0.002814
95.1610,-86,-0.225147,-0.002814
95.1710,-86,-0.225147,-0.002814
95.1810,-86,-0.225147,-0.002814
95.1910,-86,-0.225147,-0.002814
95.2010,-86,-0.225147,-0.002814
95.2110,-86,-0.225147,-0.002814
95.2210,-86,-0.225147,-0.002814
95.2310,-86,-0.225147,-0.002814
95.2410,-86,-0.225147,-0.002814
95.2510,-86,-0.225147,-0.002814
95.2610,-86,-0.225147,-0.002814
95.2710,-86,-0.225147,-0.002814
95.2810,-86,-0.225147,-0.002814
95.2910,-86,-0.225147,-0.002814
95.3010,-86,-0.225147,-0.002814
95.3110,-86,-0.225147,-0.002814
95.3210,-86,-0.225147,-0.002814
95.3310,-86,-0.225147,-0.002814
95.3410,-86,-0.225147,-0.002814
95.3510,-86,-0.225147,-0.002814
95.3610,-86,-0.225147,-0.002814
95.3710,-86,-0.225147,-0.002814
95.3810,-86,-0.225147,-0.002814
95.3910,-86,-0.225147,-0.002814
95.4010,-86,-0.225147,-0.002814
95.4110,-86,-0.225147,-0.002814
95.4210,-86,-0.225147,-0.002814
95.4310,-86,-0.225147,-0.002814
95.4410,-86,-0.225147,-0.002814
95.4520,-86,-0.225147,-0.002814
95.4610,-86,-0.225147,-0.002814
95.4710,-86,-0.225147,-0.002814
95.4810,-86,-0.225147,-0.002814
95.4910,-87,-0.227765,-0.002847
95.5010,-87,-0.227765,-0.002847
95.5110,-87,-0.227765,-0.002847
95.5210,-87,-0.227765,-0.002847
95.5310,-87,-0.227765,-0.002847
95.5410,-87,-0.227765,-0.002847
95.5510,-87,-0.227765,-0.002847
95.5610,-87,-0.227765,-0.002847
95.5710,-87,-0.227765,-0.002847
95.5810,-87,-0.227765,-0.002847
95.5910,-87,-0.227765,-0.002847
95.6010,-87,-0.227765,-0.002847
95.6110,-87,-0.227765,-0.002847
95.6210,-87,-0.227765,-0.002847
95.6310,-87,-0.227765,-0.002847
95.6410,-87,-0.227765,-0.002847
95.6510,-87,-0.227765,-0.002847
95.6610,-87,-0.227765,-0.002847
95.6710,-87,-0.227765,-0.002847
95.6810,-87,-0.227765,-0.002847
95.6910,-87,-0.227765,-0.002847
95.7010,-87,-0.227765,-0.002847
95.7110,-87,-0.227765,-0.002847
95.7210,-87,-0.227765,-0.002847
95.7310,-87,-0.227765,-0.002847
95.7410,-87,-0.227765,-0.002847
95.7510,-87,-0.227765,-0.002847
95.7610,-87,-0.227765,-0.002847
95.7710,-87,-0.227765,-0.002847
95.7810,-87,-0.227765,-0.002847
95.7910,-87,-0.227765,-0.002847
95.8010,-87,-0.227765,-0.002847
95.8110,-87,-0.227765,-0.002847
95.8210,-87,-0.227765,-0.002847
95.8310,-87,-0.227765,-0.002847
95.8410,-87,-0.227765,-0.002847
95.8510,-87,-0.227765,-0.002847
95.8610,-87,-0.227765,-0.002847
95.8710,-87,-0.227765,-0.002847
95.8810,-87,-0.227765,-0.002847
95.8910,-88,-0.230383,-0.002880
95.9010,-88,-0.230383,-0.002880
95.9110,-88,-0.230383,-0.002880
95.9210,-88,-0.230383,-0.002880
95.9310,-88,-0.230383,-0.002880
95.9410,-88,-0.230383,-0.002880
95.9510,-88,-0.230383,-0.002880
95.9610,-88,-0.230383,-0.002880
95.9710,-88,-0.230383,-0.002880
95.9810,-88,-0.230383,-0.002880
95.9910,-88,-0.230383,-0.002880
96.0010,-88,-0.230383,-0.002880
96.0110,-88,-0.230383,-0.002880
96.0210,-88,-0.230383,-0.002880
96.0310,-88,-0.230383,-0.002880
96.0410,-88,-0.230383,-0.002880
96.0510,-88,-0.230383,-0.002880
96.0610,-88,-0.230383,-0.002880
96.0710,-88,-0.230383,-0.002880
96.0810,-88,-0.230383,-0.002880
96.0920,-88,-0.230383,-0.002880
96.1010,-88,-0.230383,-0.002880
96.1110,-88,-0.230383,-0.002880
96.1210,-88,-0.230383,-0.002880
96.1310,-88,-0.230383,-0.002880
96.1410,-88,-0.230383,-0.002880
96.1510,-88,-0.230383,-0.002880
96.1610,-88,-0.230383,-0.002880
96.1710,-88,-0.230383,-0.002880
96.1810,-88,-0.230383,-0.002880
96.1910,-88,-0.230383,-0.002880
96.2010,-88,-0.230383,-0.002880
96.2110,-88,-0.230383,-0.002880
96.2210,-88,-0.230383,-0.002880
96.2310,-88,-0.230383,-0.002880
96.2410,-88,-0.230383,-0.002880
96.2510,-88,-0.230383,-0.002880
96.2610,-88,-0.230383,-0.002880
96.2710,-88,-0.230383,-0.002880
96.2810,-88,-0.230383,-0.002880
96.2910,-88,-0.230383,-0.002880
96.3010,-88,-0.230383,-0.002880
96.3110,-88,-0.230383,-0.002880
96.3210,-88,-0.230383,-0.002880
96.3310,-88,-0.230383,-0.002880
96.3410,-88,-0.230383,-0.002880
96.3510,-88,-0.230383,-0.002880
96.3610,-88,-0.230383,-0.002880
96.3710,-88,-0.230383,-0.002880
96.3810,-88,-0.230383,-0.002880
96.3910,-88,-0.230383,-0.002880
96.4010,-88,-0.230383,-0.002880
96.4110,-88,-0.230383,-0.002880
96.4210,-88,-0.230383,-0.002880
96.4310,-88,-0.230383,-0.002880
96.4410,-88,-0.230383,-0.002880
96.4510,-88,-0.230383,-0.002880
96.4610,-88,-0.230383,-0.002880
96.4710,-88,-0.230383,-0.002880
96.4810,-88,-0.230383,-0.002880
96.4910,-88,-0.230383,-0.002880
96.5010,-88,-0.230383,-0.002880
96.5110,-88,-0.230383,-0.002880
96.5210,-88,-0.230383,-0.002880
96.5310,-88,-0.230383,-0.002880
96.5410,-88,-0.230383,-0.002880
96.5510,-88,-0.230383,-0.002880
96.5610,-88,-0.230383,-0.002880
96.5710,-88,-0.230383,-0.002880
96.5810,-88,-0.230383,-0.002880
96.5910,-88,-0.230383,-0.002880
96.6010,-88,-0.230383,-0.002880
96.6110,-88,-0.230383,-0.002880
96.6210,-88,-0.230383,-0.002880
96.6310,-88,-0.230383,-0.002880
96.6410,-88,-0.230383,-0.002880
96.6510,-89,-0.233001,-0.002913
96.6610,-89,-0.233001,-0.002913
96.6710,-89,-0.233001,-0.002913
96.6810,-89,-0.233001,-0.002913
96.6910,-89,-0.233001,-0.002913
96.7010,-89,-0.233001,-0.002913
96.7110,-89,-0.233001,-0.002913
96.7210,-89,-0.233001,-0.002913
96.7320,-89,-0.233001,-0.002913
96.7410,-89,-0.233001,-0.002913
96.7510,-89,-0.233001,-0.002913
96.7610,-89,-0.233001,-0.002913
96.7710,-89,-0.233001,-0.002913
96.7810,-89,-0.233001,-0.002913
96.7910,-89,-0.233001,-0.002913
96.8010,-89,-0.233001,-0.002913
96.8110,-89,-0.233001,-0.002913
96.8210,-89,-0.233001,-0.002913
96.8310,-89,-0.233001,-0.002913
96.8410,-89,-0.233001,-0.002913
96.8510,-89,-0.233001,-0.002913
96.8610,-89,-0.233001,-0.002913
96.8710,-89,-0.233001,-0.002913
96.8810,-89,-0.233001,-0.002913
96.8910,-89,-0.233001,-0.002913
96.9010,-89,-0.233001,-0.002913
96.9110,-89,-0.233001,-0.002913
96.9210,-89,-0.233001,-0.002913
96.9310,-89,-0.233001,-0.002913
96.9410,-89,-0.233001,-0.002913
96.9510,-89,-0.233001,-0.002913
96.9610,-89,-0.233001,-0.002913
96.9710,-89,-0.233001,-0.002913
96.9810,-89,-0.233001,-0.002913
96.9910,-89,-0.233001,-0.002913
97.0010,-89,-0.233001,-0.002913
97.0110,-89,-0.233001,-0.002913
97.0210,-89,-0.233001,-0.002913
97.0310,-89,-0.233001,-0.002913
97.0410,-89,-0.233001,-0.002913
97.0510,-90,-0.235619,-0.002945
97.0610,-90,-0.235619,-0.002945
97.0710,-90,-0.235619,-0.002945
97.0810,-90,-0.235619,-0.002945
97.0910,-90,-0.235619,-0.002945
97.1010,-90,-0.235619,-0.002945
97.1110,-90,-0.235619,-0.002945
97.1210,-90,-0.235619,-0.002945
97.1310,-90,-0.235619,-0.002945
97.1410,-90,-0.235619,-0.002945
97.1510,-90,-0.235619,-0.002945
97.1610,-90,-0.235619,-0.002945
97.1710,-90,-0.235619,-0.002945
97.1810,-90,-0.235619,-0.002945
97.1910,-90,-0.235619,-0.002945
97.2010,-90,-0.235619,-0.002945
97.2110,-90,-0.235619,-0.002945
97.2210,-90,-0.235619,-0.002945
97.2310,-90,-0.235619,-0.002945
97.2410,-90,-0.235619,-0.002945
97.2510,-90,-0.235619,-0.002945
97.2610,-90,-0.235619,-0.002945
97.2710,-90,-0.235619,-0.002945
97.2810,-90,-0.235619,-0.002945
97.2910,-90,-0.235619,-0.002945
97.3010,-90,-0.235619,-0.002945
97.3110,-90,-0.235619,-0.002945
97.3210,-90,-0.235619,-0.002945
97.3310,-90,-0.235619,-0.002945
97.3410,-90,-0.235619,-0.002945
97.3510,-90,-0.235619,-0.002945
97.3610,-90,-0.235619,-0.002945
97.3720,-90,-0.235619,-0.002945
97.3810,-90,-0.235619,-0.002945
97.3910,-90,-0.235619,-0.002945
97.4010,-90,-0.235619,-0.002945
97.4110,-90,-0.235619,-0.002945
97.4210,-90,-0.235619,-0.002945
97.4310,-90,-0.235619,-0.002945
97.4410,-90,-0.235619,-0.002945
97.4510,-91,-0.238237,-0.002978
97.4610,-91,-0.238237,-0.002978
97.4710,-91,-0.238237,-0.002978
97.4810,-91,-0.238237,-0.002978
97.4910,-91,-0.238237,-0.002978
97.5010,-91,-0.238237,-0.002978
97.5110,-91,-0.238237,-0.002978
97.5210,-91,-0.238237,-0.002978
97.5310,-91,-0.238237,-0.002978
97.5410,-91,-0.238237,-0.002978
97.5510,-91,-0.238237,-0.002978
97.5610,-91,-0.238237,-0.002978
97.5710,-91,-0.238237,-0.002978
97.5810,-91,-0.238237,-0.002978
97.5910,-91,-0.238237,-0.002978
97.6010,-91,-0.238237,-0.002978
97.6110,-91,-0.238237,-0.002978
97.6210,-91,-0.238237,-0.002978
97.6310,-91,-0.238237,-0.002978
97.6410,-91,-0.238237,-0.002978
97.6510,-91,-0.238237,-0.002978
97.6610,-91,-0.238237,-0.002978
97.6710,-91,-0.238237,-0.002978
97.6810,-91,-0.238237,-0.002978
97.6910,-91,-0.238237,-0.002978
97.7010,-91,-0.238237,-0.002978
97.7110,-91,-0.238237,-0.002978
97.7210,-91,-0.238237,-0.002978
97.7310,-91,-0.238237,-0.002978
97.7410,-91,-0.238237,-0.002978
97.7510,-91,-0.238237,-0.002978
97.7610,-91,-0.238237,-0.002978
97.7710,-91,-0.238237,-0.002978
97.7810,-91,-0.238237,-0.002978
97.7910,-91,-0.238237,-0.002978
97.8010,-91,-0.238237,-0.002978
97.8110,-91,-0.238237,-0.002978
97.8210,-91,-0.238237,-0.002978
97.8310,-91,-0.238237,-0.002978
97.8410,-91,-0.238237,-0.002978
97.8510,-92,-0.240855,-0.003011
97.8610,-92,-0.240855,-0.003011
97.8710,-92,-0.240855,-0.003011
97.8810,-92,-0.240855,-0.003011
97.8910,-92,-0.240855,-0.003011
97.9010,-92,-0.240855,-0.003011
97.9110,-92,-0.240855,-0.003011
97.9210,-92,-0.240855,-0.003011
97.9310,-92,-0.240855,-0.003011
97.9410,-92,-0.240855,-0.003011
97.9510,-92,-0.240855,-0.003011
97.9610,-92,-0.240855,-0.003011
97.9710,-92,-0.240855,-0.003011
97.9810,-92,-0.240855,-0.003011
97.9910,-92,-0.240855,-0.003011
98.0010,-92,-0.240855,-0.003011
98.0120,-92,-0.240855,-0.003011
98.0210,-92,-0.240855,-0.003011
98.0310,-92,-0.240855,-0.003011
98.0410,-92,-0.240855,-0.003011
98.0510,-92,-0.240855,-0.003011
98.0610,-92,-0.240855,-0.003011
98.0710,-92,-0.240855,-0.003011
98.0810,-92,-0.240855,-0.003011
98.0910,-92,-0.240855,-0.003011
98.1010,-92,-0.240855,-0.003011
98.1110,-92,-0.240855,-0.003011
98.1210,-92,-0.240855,-0.003011
98.1310,-92,-0.240855,-0.003011
98.1410,-92,-0.240855,-0.003011
98.1510,-92,-0.240855,-0.003011
98.1610,-92,-0.240855,-0.003011
98.1710,-92,-0.240855,-0.003011
98.1810,-92,-0.240855,-0.003011
98.1910,-92,-0.240855,-0.003011
98.2010,-92,-0.240855,-0.003011
98.2110,-92,-0.240855,-0.003011
98.2210,-92,-0.240855,-0.003011
98.2310,-92,-0.240855,-0.003011
98.2410,-92,-0.240855,-0.003011
98.2510,-92,-0.240855,-0.003011
98.2610,-92,-0.240855,-0.003011
98.2710,-92,-0.240855,-0.003011
98.2810,-93,-0.243473,-0.003043
98.2910,-93,-0.243473,-0.003043
98.3010,-93,-0.243473,-0.003043
98.3110,-93,-0.243473,-0.003043
98.3210,-93,-0.243473,-0.003043
98.3310,-93,-0.243473,-0.003043
98.3410,-93,-0.243473,-0.003043
98.3510,-93,-0.243473,-0.003043
98.3610,-93,-0.243473,-0.003043
98.3710,-93,-0.243473,-0.003043
98.3810,-93,-0.243473,-0.003043
98.3910,-93,-0.243473,-0.003043
98.4010,-93,-0.243473,-0.003043
98.4110,-93,-0.243473,-0.003043
98.4210,-93,-0.243473,-0.003043
98.4310,-93,-0.243473,-0.003043
98.4410,-93,-0.243473,-0.003043
98.4510,-93,-0.243473,-0.003043
98.4610,-93,-0.243473,-0.003043
98.4710,-93,-0.243473,-0.003043
98.4810,-93,-0.243473,-0.003043
98.4910,-93,-0.243473,-0.003043
98.5010,-93,-0.243473,-0.003043
98.5110,-93,-0.243473,-0.003043
98.5210,-93,-0.243473,-0.003043
98.5310,-93,-0.243473,-0.003043
98.5410,-93,-0.243473,-0.003043
98.5510,-93,-0.243473,-0.003043
98.5610,-93,-0.243473,-0.003043
98.5710,-93,-0.243473,-0.003043
98.5810,-93,-0.243473,-0.003043
98.5910,-93,-0.243473,-0.003043
98.6010,-93,-0.243473,-0.003043
98.6110,-93,-0.243473,-0.003043
98.6210,-93,-0.243473,-0.003043
98.6310,-93,-0.243473,-0.003043
98.6410,-93,-0.243473,-0.003043
98.6520,-93,-0.243473,-0.003043
98.6610,-93,-0.243473,-0.003043
98.6710,-93,-0.243473,-0.003043
98.6810,-93,-0.243473,-0.003043
98.6910,-93,-0.243473,-0.003043
98.7010,-93,-0.243473,-0.003043
98.7110,-93,-0.243473,-0.003043
98.7210,-93,-0.243473,-0.003043
98.7310,-93,-0.243473,-0.003043
98.7410,-93,-0.243473,-0.003043
98.7510,-93,-0.243473,-0.003043
98.7610,-93,-0.243473,-0.003043
98.7710,-93,-0.243473,-0.003043
98.7810,-93,-0.243473,-0.003043
98.7910,-93,-0.243473,-0.003043
98.8010,-93,-0.243473,-0.003043
98.8110,-93,-0.243473,-0.003043
98.8210,-93,-0.243473,-0.003043
98.8310,-93,-0.243473,-0.003043
98.8410,-93,-0.243473,-0.003043
98.8510,-93,-0.243473,-0.003043
98.8610,-93,-0.243473,-0.003043
98.8710,-93,-0.243473,-0.003043
98.8810,-93,-0.243473,-0.003043
98.8910,-93,-0.243473,-0.003043
98.9010,-93,-0.243473,-0.003043
98.9110,-93,-0.243473,-0.003043
98.9210,-93,-0.243473,-0.003043
98.9310,-93,-0.243473,-0.003043
98.9410,-93,-0.243473,-0.003043
98.9510,-93,-0.243473,-0.003043
98.9610,-93,-0.243473,-0.003043
98.9710,-93,-0.243473,-0.003043
98.9810,-93,-0.243473,-0.003043
98.9910,-93,-0.243473,-0.003043
99.0010,-93,-0.243473,-0.003043
99.0110,-93,-0.243473,-0.003043
99.0210,-94,-0.246091,-0.003076
99.0310,-94,-0.246091,-0.003076
99.0410,-94,-0.246091,-0.003076
99.0510,-94,-0.246091,-0.003076
99.0610,-94,-0.246091,-0.003076
99.0710,-94,-0.246091,-0.003076
99.0810,-94,-0.246091,-0.003076
99.0910,-94,-0.246091,-0.003076
99.1010,-94,-0.246091,-0.003076
99.1110,-94,-0.246091,-0.003076
99.1210,-94,-0.246091,-0.003076
99.1310,-94,-0.246091,-0.003076
99.1410,-94,-0.246091,-0.003076
99.1510,-94,-0.246091,-0.003076
99.1610,-94,-0.246091,-0.003076
99.1710,-94,-0.246091,-0.003076
99.1810,-94,-0.246091,-0.003076
99.1910,-94,-0.246091,-0.003076
99.2010,-94,-0.246091,-0.003076
99.2110,-94,-0.246091,-0.003076
99.2210,-94,-0.246091,-0.003076
99.2310,-94,-0.246091,-0.003076
99.2410,-94,-0.246091,-0.003076
99.2510,-94,-0.246091,-0.003076
99.2610,-94,-0.246091,-0.003076
99.2710,-94,-0.246091,-0.003076
99.2810,-94,-0.246091,-0.003076
99.2920,-94,-0.246091,-0.003076
99.3010,-94,-0.246091,-0.003076
99.3110,-94,-0.246091,-0.003076
99.3210,-94,-0.246091,-0.003076
99.3310,-94,-0.246091,-0.003076
99.3410,-94,-0.246091,-0.003076
99.3510,-94,-0.246091,-0.003076
99.3610,-94,-0.246091,-0.003076
99.3710,-94,-0.246091,-0.003076
99.3810,-94,-0.246091,-0.003076
99.3910,-94,-0.246091,-0.003076
99.4010,-94,-0.246091,-0.003076
99.4110,-95,-0.248709,-0.003109
99.4210,-95,-0.248709,-0.003109
99.4310,-95,-0.248709,-0.003109
99.4410,-95,-0.248709,-0.003109
99.4510,-95,-0.248709,-0.003109
99.4610,-95,-0.248709,-0.003109
99.4710,-95,-0.248709,-0.003109
99.4810,-95,-0.248709,-0.003109
99.4910,-95,-0.248709,-0.003109
99.5010,-95,-0.248709,-0.003109
99.5110,-95,-0.248709,-0.003109
99.5210,-95,-0.248709,-0.003109
99.5310,-95,-0.248709,-0.003109
99.5410,-95,-0.248709,-0.003109
99.5510,-95,-0.248709,-0.003109
99.5610,-95,-0.248709,-0.003109
99.5710,-95,-0.248709,-0.003109
99.5810,-95,-0.248709,-0.003109
99.5910,-95,-0.248709,-0.003109
99.6010,-95,-0.248709,-0.003109
99.6110,-95,-0.248709,-0.003109
99.6210,-95,-0.248709,-0.003109
99.6310,-95,-0.248709,-0.003109
99.6410,-95,-0.248709,-0.003109
99.6510,-95,-0.248709,-0.003109
99.6610,-95,-0.248709,-0.003109
99.6710,-95,-0.248709,-0.003109
99.6810,-95,-0.248709,-0.003109
99.6910,-95,-0.248709,-0.003109
99.7010,-95,-0.248709,-0.003109
99.7110,-95,-0.248709,-0.003109
99.7210,-95,-0.248709,-0.003109
99.7310,-95,-0.248709,-0.003109
99.7410,-95,-0.248709,-0.003109
99.7510,-95,-0.248709,-0.003109
99.7610,-95,-0.248709,-0.003109
99.7710,-95,-0.248709,-0.003109
99.7810,-95,-0.248709,-0.003109
99.7910,-95,-0.248709,-0.003109
99.8010,-95,-0.248709,-0.003109
99.8110,-95,-0.248709,-0.003109
99.8210,-96,-0.251327,-0.003142
99.8310,-96,-0.251327,-0.003142
99.8410,-96,-0.251327,-0.003142
99.8510,-96,-0.251327,-0.003142
99.8610,-96,-0.251327,-0.003142
99.8710,-96,-0.251327,-0.003142
99.8810,-96,-0.251327,-0.003142
99.8910,-96,-0.251327,-0.003142
99.9010,-96,-0.251327,-0.003142
99.9110,-96,-0.251327,-0.003142
99.9210,-96,-0.251327,-0.003142
99.9320,-96,-0.251327,-0.003142
99.9410,-96,-0.251327,-0.003142
99.9510,-96,-0.251327,-0.003142
99.9610,-96,-0.251327,-0.003142
99.9710,-96,-0.251327,-0.003142
99.9810,-96,-0.251327,-0.003142
99.9910,-96,-0.251327,-0.003142
100.0010,-96,-0.251327,-0.003142
100.0110,-96,-0.251327,-0.003142
100.0210,-96,-0.251327,-0.003142
100.0310,-96,-0.251327,-0.003142
100.0410,-96,-0.251327,-0.003142
100.0510,-96,-0.251327,-0.003142
100.0610,-96,-0.251327,-0.003142
100.0710,-96,-0.251327,-0.003142
100.0810,-96,-0.251327,-0.003142
100.0910,-96,-0.251327,-0.003142
100.1010,-96,-0.251327,-0.003142
100.1110,-96,-0.251327,-0.003142
100.1210,-96,-0.251327,-0.003142
100.1310,-96,-0.251327,-0.003142
100.1410,-96,-0.251327,-0.003142
100.1510,-96,-0.251327,-0.003142
100.1610,-96,-0.251327,-0.003142
100.1710,-96,-0.251327,-0.003142
100.1810,-96,-0.251327,-0.003142
100.1910,-96,-0.251327,-0.003142
100.2010,-96,-0.251327,-0.003142
100.2110,-96,-0.251327,-0.003142
100.2210,-96,-0.251327,-0.003142
100.2310,-96,-0.251327,-0.003142
100.2410,-96,-0.251327,-0.003142
100.2510,-97,-0.253945,-0.003174
100.2610,-97,-0.253945,-0.003174
100.2710,-97,-0.253945,-0.003174
100.2810,-97,-0.253945,-0.003174
100.2910,-97,-0.253945,-0.003174
100.3010,-97,-0.253945,-0.003174
100.3110,-97,-0.253945,-0.003174
100.3210,-97,-0.253945,-0.003174
100.3310,-97,-0.253945,-0.003174
100.3410,-97,-0.253945,-0.003174
100.3510,-97,-0.253945,-0.003174
100.3610,-97,-0.253945,-0.003174
100.3710,-97,-0.253945,-0.003174
100.3810,-97,-0.253945,-0.003174
100.3910,-97,-0.253945,-0.003174
100.4010,-97,-0.253945,-0.003174
100.4110,-97,-0.253945,-0.003174
100.4210,-97,-0.253945,-0.003174
100.4310,-97,-0.253945,-0.003174
100.4410,-97,-0.253945,-0.003174
100.4510,-97,-0.253945,-0.003174
100.4610,-97,-0.253945,-0.003174
100.4710,-97,-0.253945,-0.003174
100.4810,-97,-0.253945,-0.003174
100.4910,-97,-0.253945,-0.003174
100.5010,-97,-0.253945,-0.003174
100.5110,-97,-0.253945,-0.003174
100.5210,-97,-0.253945,-0.003174
100.5310,-97,-0.253945,-0.003174
100.5410,-97,-0.253945,-0.003174
100.5510,-97,-0.253945,-0.003174
100.5610,-97,-0.253945,-0.003174
100.5720,-97,-0.253945,-0.003174
100.5810,-97,-0.253945,-0.003174
100.5910,-97,-0.253945,-0.003174
100.6010,-97,-0.253945,-0.003174
100.6110,-97,-0.253945,-0.003174
100.6210,-97,-0.253945,-0.003174
100.6310,-97,-0.253945,-0.003174
100.6410,-98,-0.256563,-0.003207
100.6510,-98,-0.256563,-0.003207
100.6610,-98,-0.256563,-0.003207
100.6710,-98,-0.256563,-0.003207
100.6810,-98,-0.256563,-0.003207
100.6910,-98,-0.256563,-0.003207
100.7010,-98,-0.256563,-0.003207
100.7110,-98,-0.256563,-0.003207
100.7210,-98,-0.256563,-0.003207
100.7310,-98,-0.256563,-0.003207
100.7410,-98,-0.256563,-0.003207
100.7510,-98,-0.256563,-0.003207
100.7610,-98,-0.256563,-0.003207
100.7710,-98,-0.256563,-0.003207
100.7810,-98,-0.256563,-0.003207
100.7910,-97,-0.253945,-0.003174
100.8010,-97,-0.253945,-0.003174
100.8110,-97,-0.253945,-0.003174
100.8210,-97,-0.253945,-0.003174
100.8310,-97,-0.253945,-0.003174
100.8410,-97,-0.253945,-0.003174
100.8510,-97,-0.253945,-0.003174
100.8610,-97,-0.253945,-0.003174
100.8710,-97,-0.253945,-0.003174
100.8810,-97,-0.253945,-0.003174
100.8910,-97,-0.253945,-0.003174
100.9010,-97,-0.253945,-0.003174
100.9110,-97,-0.253945,-0.003174
100.9210,-97,-0.253945,-0.003174
100.9310,-97,-0.253945,-0.003174
100.9410,-97,-0.253945,-0.003174
100.9510,-97,-0.253945,-0.003174
100.9610,-97,-0.253945,-0.003174
100.9710,-97,-0.253945,-0.003174
100.9810,-97,-0.253945,-0.003174
100.9910,-98,-0.256563,-0.003207
101.0010,-98,-0.256563,-0.003207
101.0110,-98,-0.256563,-0.003207
101.0210,-98,-0.256563,-0.003207
101.0310,-98,-0.256563,-0.003207
101.0410,-98,-0.256563,-0.003207
101.0510,-98,-0.256563,-0.003207
101.0610,-98,-0.256563,-0.003207
101.0710,-98,-0.256563,-0.003207
101.0810,-98,-0.256563,-0.003207
101.0910,-98,-0.256563,-0.003207
101.1010,-98,-0.256563,-0.003207
101.1110,-98,-0.256563,-0.003207
101.1210,-98,-0.256563,-0.003207
101.1310,-98,-0.256563,-0.003207
101.1410,-98,-0.256563,-0.003207
101.1510,-98,-0.256563,-0.003207
101.1610,-98,-0.256563,-0.003207
101.1710,-98,-0.256563,-0.003207
101.1810,-98,-0.256563,-0.003207
101.1910,-98,-0.256563,-0.003207
101.2010,-98,-0.256563,-0.003207
101.2120,-98,-0.256563,-0.003207
101.2210,-98,-0.256563,-0.003207
101.2310,-98,-0.256563,-0.003207
101.2410,-98,-0.256563,-0.003207
101.2510,-98,-0.256563,-0.003207
101.2610,-98,-0.256563,-0.003207
101.2710,-98,-0.256563,-0.003207
101.2810,-98,-0.256563,-0.003207
101.2910,-98,-0.256563,-0.003207
101.3010,-98,-0.256563,-0.003207
101.3110,-98,-0.256563,-0.003207
101.3210,-98,-0.256563,-0.003207
101.3310,-98,-0.256563,-0.003207
101.3410,-98,-0.256563,-0.003207
101.3510,-98,-0.256563,-0.003207
101.3610,-98,-0.256563,-0.003207
101.3710,-98,-0.256563,-0.003207
101.3810,-99,-0.259181,-0.003240
101.3910,-99,-0.259181,-0.003240
101.4010,-99,-0.259181,-0.003240
101.4110,-99,-0.259181,-0.003240
101.4210,-99,-0.259181,-0.003240
101.4310,-99,-0.259181,-0.003240
101.4410,-99,-0.259181,-0.003240
101.4510,-99,-0.259181,-0.003240
101.4610,-99,-0.259181,-0.003240
101.4710,-99,-0.259181,-0.003240
101.4810,-99,-0.259181,-0.003240
101.4910,-99,-0.259181,-0.003240
101.5010,-99,-0.259181,-0.003240
101.5110,-99,-0.259181,-0.003240
101.5210,-99,-0.259181,-0.003240
101.5310,-99,-0.259181,-0.003240
101.5410,-99,-0.259181,-0.003240
101.5510,-99,-0.259181,-0.003240
101.5610,-99,-0.259181,-0.003240
101.5710,-99,-0.259181,-0.003240
101.5810,-99,-0.259181,-0.003240
101.5910,-99,-0.259181,-0.003240
101.6010,-99,-0.259181,-0.003240
101.6110,-99,-0.259181,-0.003240
101.6210,-99,-0.259181,-0.003240
101.6310,-99,-0.259181,-0.003240
101.6410,-99,-0.259181,-0.003240
101.6510,-99,-0.259181,-0.003240
101.6610,-99,-0.259181,-0.003240
101.6710,-99,-0.259181,-0.003240
101.6810,-99,-0.259181,-0.003240
101.6910,-99,-0.259181,-0.003240
101.7010,-99,-0.259181,-0.003240
101.7110,-99,-0.259181,-0.003240
101.7210,-99,-0.259181,-0.003240
101.7310,-99,-0.259181,-0.003240
101.7410,-99,-0.259181,-0.003240
101.7510,-99,-0.259181,-0.003240
101.7610,-99,-0.259181,-0.003240
101.7710,-99,-0.259181,-0.003240
101.7810,-100,-0.261799,-0.003272
101.7910,-100,-0.261799,-0.003272
101.8010,-100,-0.261799,-0.003272
101.8110,-100,-0.261799,-0.003272
101.8210,-100,-0.261799,-0.003272
101.8310,-100,-0.261799,-0.003272
101.8410,-100,-0.261799,-0.003272
101.8520,-100,-0.261799,-0.003272
101.8610,-100,-0.261799,-0.003272
101.8710,-100,-0.261799,-0.003272
101.8810,-100,-0.261799,-0.003272
101.8910,-100,-0.261799,-0.003272
101.9010,-100,-0.261799,-0.003272
101.9110,-100,-0.261799,-0.003272
101.9210,-100,-0.261799,-0.003272
101.9310,-100,-0.261799,-0.003272
101.9410,-100,-0.261799,-0.003272
101.9510,-100,-0.261799,-0.003272
101.9610,-100,-0.261799,-0.003272
101.9710,-100,-0.261799,-0.003272
101.9810,-100,-0.261799,-0.003272
101.9910,-100,-0.261799,-0.003272
102.0010,-100,-0.261799,-0.003272
102.0110,-100,-0.261799,-0.003272
102.0210,-100,-0.261799,-0.003272
102.0310,-100,-0.261799,-0.003272
102.0410,-100,-0.261799,-0.003272
102.0510,-100,-0.261799,-0.003272
102.0610,-100,-0.261799,-0.003272
102.0710,-100,-0.261799,-0.003272
102.0810,-100,-0.261799,-0.003272
102.0910,-100,-0.261799,-0.003272
102.1010,-100,-0.261799,-0.003272
102.1110,-100,-0.261799,-0.003272
102.1210,-100,-0.261799,-0.003272
102.1310,-100,-0.261799,-0.003272
102.1410,-100,-0.261799,-0.003272
102.1510,-100,-0.261799,-0.003272
102.1610,-100,-0.261799,-0.003272
102.1710,-101,-0.264417,-0.003305
102.1810,-101,-0.264417,-0.003305
102.1910,-101,-0.264417,-0.003305
102.2010,-101,-0.264417,-0.003305
102.2110,-101,-0.264417,-0.003305
102.2210,-101,-0.264417,-0.003305
102.2310,-101,-0.264417,-0.003305
102.2410,-101,-0.264417,-0.003305
102.2510,-101,-0.264417,-0.003305
102.2610,-101,-0.264417,-0.003305
102.2710,-101,-0.264417,-0.003305
102.2810,-101,-0.264417,-0.003305
102.2910,-101,-0.264417,-0.003305
102.3010,-101,-0.264417,-0.003305
102.3110,-101,-0.264417,-0.003305
102.3210,-101,-0.264417,-0.003305
102.3310,-101,-0.264417,-0.003305
102.3410,-101,-0.264417,-0.003305
102.3510,-101,-0.264417,-0.003305
102.3610,-101,-0.264417,-0.003305
102.3710,-101,-0.264417,-0.003305
102.3810,-101,-0.264417,-0.003305
102.3910,-101,-0.264417,-0.003305
102.4010,-101,-0.264417,-0.003305
102.4110,-101,-0.264417,-0.003305
102.4210,-101,-0.264417,-0.003305
102.4310,-101,-0.264417,-0.003305
102.4410,-101,-0.264417,-0.003305
102.4510,-101,-0.264417,-0.003305
102.4610,-101,-0.264417,-0.003305
102.4710,-101,-0.264417,-0.003305
102.4810,-101,-0.264417,-0.003305
102.4920,-101,-0.264417,-0.003305
102.5010,-101,-0.264417,-0.003305
102.5110,-101,-0.264417,-0.003305
102.5210,-101,-0.264417,-0.003305
102.5310,-101,-0.264417,-0.003305
102.5410,-101,-0.264417,-0.003305
102.5510,-101,-0.264417,-0.003305
102.5610,-101,-0.264417,-0.003305
102.5710,-102,-0.267035,-0.003338
102.5810,-102,-0.267035,-0.003338
102.5910,-102,-0.267035,-0.003338
102.6010,-102,-0.267035,-0.003338
102.6110,-102,-0.267035,-0.003338
102.6210,-102,-0.267035,-0.003338
102.6310,-102,-0.267035,-0.003338
102.6410,-102,-0.267035,-0.003338
102.6510,-102,-0.267035,-0.003338
102.6610,-102,-0.267035,-0.003338
102.6710,-102,-0.267035,-0.003338
102.6810,-102,-0.267035,-0.003338
102.6910,-102,-0.267035,-0.003338
102.7010,-102,-0.267035,-0.003338
102.7110,-102,-0.267035,-0.003338
102.7210,-102,-0.267035,-0.003338
102.7310,-102,-0.267035,-0.003338
102.7410,-102,-0.267035,-0.003338
102.7510,-102,-0.267035,-0.003338
102.7610,-102,-0.267035,-0.003338
102.7710,-102,-0.267035,-0.003338
102.7810,-102,-0.267035,-0.003338
102.7910,-102,-0.267035,-0.003338
102.8010,-102,-0.267035,-0.003338
102.8110,-102,-0.267035,-0.003338
102.8210,-102,-0.267035,-0.003338
102.8310,-102,-0.267035,-0.003338
102.8410,-102,-0.267035,-0.003338
102.8510,-102,-0.267035,-0.003338
102.8610,-102,-0.267035,-0.003338
102.8710,-102,-0.267035,-0.003338
102.8810,-102,-0.267035,-0.003338
102.8910,-102,-0.267035,-0.003338
102.9010,-102,-0.267035,-0.003338
102.9110,-102,-0.267035,-0.003338
102.9210,-102,-0.267035,-0.003338
102.9310,-102,-0.267035,-0.003338
102.9410,-102,-0.267035,-0.003338
102.9510,-102,-0.267035,-0.003338
102.9610,-103,-0.269653,-0.003371
102.9710,-103,-0.269653,-0.003371
102.9810,-103,-0.269653,-0.003371
102.9910,-103,-0.269653,-0.003371
103.0010,-103,-0.269653,-0.003371
103.0110,-103,-0.269653,-0.003371
103.0210,-103,-0.269653,-0.003371
103.0310,-103,-0.269653,-0.003371
103.0410,-103,-0.269653,-0.003371
103.0510,-103,-0.269653,-0.003371
103.0610,-103,-0.269653,-0.003371
103.0710,-103,-0.269653,-0.003371
103.0810,-103,-0.269653,-0.003371
103.0910,-103,-0.269653,-0.003371
103.1010,-103,-0.269653,-0.003371
103.1110,-103,-0.269653,-0.003371
103.1210,-103,-0.269653,-0.003371
103.1320,-103,-0.269653,-0.003371
103.1410,-103,-0.269653,-0.003371
103.1510,-103,-0.269653,-0.003371
103.1610,-103,-0.269653,-0.003371
103.1710,-103,-0.269653,-0.003371
103.1810,-103,-0.269653,-0.003371
103.1910,-103,-0.269653,-0.003371
103.2010,-103,-0.269653,-0.003371
103.2110,-103,-0.269653,-0.003371
103.2210,-103,-0.269653,-0.003371
103.2310,-103,-0.269653,-0.003371
103.2410,-103,-0.269653,-0.003371
103.2510,-103,-0.269653,-0.003371
103.2610,-103,-0.269653,-0.003371
103.2710,-103,-0.269653,-0.003371
103.2810,-103,-0.269653,-0.003371
103.2910,-103,-0.269653,-0.003371
103.3010,-103,-0.269653,-0.003371
103.3110,-103,-0.269653,-0.003371
103.3210,-103,-0.269653,-0.003371
103.3310,-103,-0.269653,-0.003371
103.3410,-103,-0.269653,-0.003371
103.3510,-103,-0.269653,-0.003371
103.3610,-104,-0.272271,-0.003403
103.3710,-104,-0.272271,-0.003403
103.3810,-104,-0.272271,-0.003403
103.3910,-104,-0.272271,-0.003403
103.4010,-104,-0.272271,-0.003403
103.4110,-104,-0.272271,-0.003403
103.4210,-104,-0.272271,-0.003403
103.4310,-104,-0.272271,-0.003403
103.4410,-104,-0.272271,-0.003403
103.4510,-104,-0.272271,-0.003403
103.4610,-104,-0.272271,-0.003403
103.4710,-104,-0.272271,-0.003403
103.4810,-104,-0.272271,-0.003403
103.4910,-104,-0.272271,-0.003403
103.5010,-104,-0.272271,-0.003403
103.5110,-104,-0.272271,-0.003403
103.5210,-104,-0.272271,-0.003403
103.5310,-104,-0.272271,-0.003403
103.5410,-104,-0.272271,-0.003403
103.5510,-104,-0.272271,-0.003403
103.5610,-104,-0.272271,-0.003403
103.5710,-104,-0.272271,-0.003403
103.5810,-104,-0.272271,-0.003403
103.5910,-104,-0.272271,-0.003403
103.6010,-104,-0.272271,-0.003403
103.6110,-104,-0.272271,-0.003403
103.6210,-104,-0.272271,-0.003403
103.6310,-104,-0.272271,-0.003403
103.6410,-104,-0.272271,-0.003403
103.6510,-104,-0.272271,-0.003403
103.6610,-104,-0.272271,-0.003403
103.6710,-104,-0.272271,-0.003403
103.6810,-104,-0.272271,-0.003403
103.6910,-104,-0.272271,-0.003403
103.7010,-104,-0.272271,-0.003403
103.7110,-104,-0.272271,-0.003403
103.7210,-104,-0.272271,-0.003403
103.7310,-104,-0.272271,-0.003403
103.7410,-104,-0.272271,-0.003403
103.7510,-104,-0.272271,-0.003403
103.7610,-105,-0.274889,-0.003436
103.7720,-105,-0.274889,-0.003436
103.7810,-105,-0.274889,-0.003436
103.7910,-105,-0.274889,-0.003436
103.8010,-105,-0.274889,-0.003436
103.8110,-105,-0.274889,-0.003436
103.8210,-105,-0.274889,-0.003436
103.8310,-105,-0.274889,-0.003436
103.8410,-105,-0.274889,-0.003436
103.8510,-105,-0.274889,-0.003436
103.8610,-105,-0.274889,-0.003436
103.8710,-105,-0.274889,-0.003436
103.8810,-105,-0.274889,-0.003436
103.8910,-105,-0.274889,-0.003436
103.9010,-105,-0.274889,-0.003436
103.9110,-105,-0.274889,-0.003436
103.9210,-105,-0.274889,-0.003436
103.9310,-105,-0.274889,-0.003436
103.9410,-105,-0.274889,-0.003436
103.9510,-105,-0.274889,-0.003436
103.9610,-105,-0.274889,-0.003436
103.9710,-105,-0.274889,-0.003436
103.9810,-105,-0.274889,-0.003436
103.9910,-105,-0.274889,-0.003436
104.0010,-105,-0.274889,-0.003436
104.0110,-105,-0.274889,-0.003436
104.0210,-105,-0.274889,-0.003436
104.0310,-105,-0.274889,-0.003436
104.0410,-105,-0.274889,-0.003436
104.0510,-105,-0.274889,-0.003436
104.0610,-105,-0.274889,-0.003436
104.0710,-105,-0.274889,-0.003436
104.0810,-105,-0.274889,-0.003436
104.0910,-105,-0.274889,-0.003436
104.1010,-105,-0.274889,-0.003436
104.1110,-105,-0.274889,-0.003436
104.1210,-105,-0.274889,-0.003436
104.1310,-105,-0.274889,-0.003436
104.1410,-105,-0.274889,-0.003436
104.1510,-106,-0.277507,-0.003469
104.1610,-106,-0.277507,-0.003469
104.1710,-106,-0.277507,-0.003469
104.1810,-106,-0.277507,-0.003469
104.1910,-106,-0.277507,-0.003469
104.2010,-106,-0.277507,-0.003469
104.2110,-106,-0.277507,-0.003469
104.2210,-106,-0.277507,-0.003469
104.2310,-106,-0.277507,-0.003469
104.2410,-106,-0.277507,-0.003469
104.2510,-106,-0.277507,-0.003469
104.2610,-106,-0.277507,-0.003469
104.2710,-106,-0.277507,-0.003469
104.2810,-106,-0.277507,-0.003469
104.2910,-106,-0.277507,-0.003469
104.3010,-106,-0.277507,-0.003469
104.3110,-106,-0.277507,-0.003469
104.3210,-106,-0.277507,-0.003469
104.3310,-106,-0.277507,-0.003469
104.3410,-106,-0.277507,-0.003469
104.3510,-106,-0.277507,-0.003469
104.3610,-106,-0.277507,-0.003469
104.3710,-106,-0.277507,-0.003469
104.3810,-106,-0.277507,-0.003469
104.3910,-106,-0.277507,-0.003469
104.4010,-106,-0.277507,-0.003469
104.4120,-106,-0.277507,-0.003469
104.4210,-106,-0.277507,-0.003469
104.4310,-106,-0.277507,-0.003469
104.4410,-106,-0.277507,-0.003469
104.4510,-106,-0.277507,-0.003469
104.4610,-106,-0.277507,-0.003469
104.4710,-106,-0.277507,-0.003469
104.4810,-106,-0.277507,-0.003469
104.4910,-106,-0.277507,-0.003469
104.5010,-106,-0.277507,-0.003469
104.5110,-106,-0.277507,-0.003469
104.5210,-106,-0.277507,-0.003469
104.5310,-106,-0.277507,-0.003469
104.5410,-107,-0.280125,-0.003502
104.5510,-107,-0.280125,-0.003502
104.5610,-107,-0.280125,-0.003502
104.5710,-107,-0.280125,-0.003502
104.5810,-107,-0.280125,-0.003502
104.5910,-107,-0.280125,-0.003502
104.6010,-107,-0.280125,-0.003502
104.6110,-107,-0.280125,-0.003502
104.6210,-107,-0.280125,-0.003502
104.6310,-107,-0.280125,-0.003502
104.6410,-107,-0.280125,-0.003502
104.6510,-107,-0.280125,-0.003502
104.6610,-107,-0.280125,-0.003502
104.6710,-107,-0.280125,-0.003502
104.6810,-107,-0.280125,-0.003502
104.6910,-107,-0.280125,-0.003502
104.7010,-107,-0.280125,-0.003502
104.7110,-107,-0.280125,-0.003502
104.7210,-107,-0.280125,-0.003502
104.7310,-107,-0.280125,-0.003502
104.7410,-107,-0.280125,-0.003502
104.7510,-107,-0.280125,-0.003502
104.7610,-107,-0.280125,-0.003502
104.7710,-107,-0.280125,-0.003502
104.7810,-107,-0.280125,-0.003502
104.7910,-107,-0.280125,-0.003502
104.8010,-107,-0.280125,-0.003502
104.8110,-107,-0.280125,-0.003502
104.8210,-107,-0.280125,-0.003502
104.8310,-107,-0.280125,-0.003502
104.8410,-107,-0.280125,-0.003502
104.8510,-107,-0.280125,-0.003502
104.8610,-107,-0.280125,-0.003502
104.8710,-107,-0.280125,-0.003502
104.8810,-107,-0.280125,-0.003502
104.8910,-107,-0.280125,-0.003502
104.9010,-107,-0.280125,-0.003502
104.9110,-107,-0.280125,-0.003502
104.9210,-107,-0.280125,-0.003502
104.9310,-107,-0.280125,-0.003502
104.9410,-108,-0.282743,-0.003534
104.9510,-108,-0.282743,-0.003534
104.9610,-108,-0.282743,-0.003534
104.9710,-108,-0.282743,-0.003534
104.9810,-108,-0.282743,-0.003534
104.9910,-108,-0.282743,-0.003534
105.0010,-108,-0.282743,-0.003534
105.0110,-108,-0.282743,-0.003534
105.0210,-108,-0.282743,-0.003534
105.0310,-108,-0.282743,-0.003534
105.0410,-108,-0.282743,-0.003534
105.0520,-108,-0.282743,-0.003534
105.0610,-108,-0.282743,-0.003534
105.0710,-108,-0.282743,-0.003534
105.0810,-108,-0.282743,-0.003534
105.0910,-108,-0.282743,-0.003534
105.1010,-108,-0.282743,-0.003534
105.1110,-108,-0.282743,-0.003534
105.1210,-108,-0.282743,-0.003534
105.1310,-108,-0.282743,-0.003534
105.1410,-108,-0.282743,-0.003534
105.1510,-108,-0.282743,-0.003534
105.1610,-108,-0.282743,-0.003534
105.1710,-108,-0.282743,-0.003534
105.1810,-108,-0.282743,-0.003534
105.1910,-108,-0.282743,-0.003534
105.2010,-108,-0.282743,-0.003534
105.2110,-108,-0.282743,-0.003534
105.2210,-108,-0.282743,-0.003534
105.2310,-108,-0.282743,-0.003534
105.2410,-108,-0.282743,-0.003534
105.2510,-108,-0.282743,-0.003534
105.2610,-108,-0.282743,-0.003534
105.2710,-108,-0.282743,-0.003534
105.2810,-108,-0.282743,-0.003534
105.2910,-108,-0.282743,-0.003534
105.3010,-108,-0.282743,-0.003534
105.3110,-108,-0.282743,-0.003534
105.3210,-108,-0.282743,-0.003534
105.3310,-108,-0.282743,-0.003534
105.3410,-109,-0.285361,-0.003567
105.3510,-109,-0.285361,-0.003567
105.3610,-109,-0.285361,-0.003567
105.3710,-109,-0.285361,-0.003567
105.3810,-109,-0.285361,-0.003567
105.3910,-109,-0.285361,-0.003567
105.4010,-109,-0.285361,-0.003567
105.4110,-109,-0.285361,-0.003567
105.4210,-109,-0.285361,-0.003567
105.4310,-109,-0.285361,-0.003567
105.4410,-109,-0.285361,-0.003567
105.4510,-109,-0.285361,-0.003567
105.4610,-109,-0.285361,-0.003567
105.4710,-109,-0.285361,-0.003567
105.4810,-109,-0.285361,-0.003567
105.4910,-109,-0.285361,-0.003567
105.5010,-109,-0.285361,-0.003567
105.5110,-109,-0.285361,-0.003567
105.5210,-109,-0.285361,-0.003567
105.5310,-109,-0.285361,-0.003567
105.5410,-109,-0.285361,-0.003567
105.5510,-109,-0.285361,-0.003567
105.5610,-109,-0.285361,-0.003567
105.5710,-109,-0.285361,-0.003567
105.5810,-109,-0.285361,-0.003567
105.5910,-109,-0.285361,-0.003567
105.6010,-109,-0.285361,-0.003567
105.6110,-109,-0.285361,-0.003567
105.6210,-109,-0.285361,-0.003567
105.6310,-109,-0.285361,-0.003567
105.6410,-109,-0.285361,-0.003567
105.6510,-109,-0.285361,-0.003567
105.6610,-109,-0.285361,-0.003567
105.6710,-109,-0.285361,-0.003567
105.6810,-109,-0.285361,-0.003567
105.6920,-109,-0.285361,-0.003567
105.7010,-109,-0.285361,-0.003567
105.7110,-109,-0.285361,-0.003567
105.7210,-109,-0.285361,-0.003567
105.7310,-110,-0.287979,-0.003600
105.7410,-110,-0.287979,-0.003600
105.7510,-110,-0.287979,-0.003600
105.7610,-110,-0.287979,-0.003600
105.7710,-110,-0.287979,-0.003600
105.7810,-110,-0.287979,-0.003600
105.7910,-110,-0.287979,-0.003600
105.8010,-110,-0.287979,-0.003600
105.8110,-110,-0.287979,-0.003600
105.8210,-110,-0.287979,-0.003600
105.8310,-110,-0.287979,-0.003600
105.8410,-110,-0.287979,-0.003600
105.8510,-110,-0.287979,-0.003600
105.8610,-110,-0.287979,-0.003600
105.8710,-110,-0.287979,-0.003600
105.8810,-110,-0.287979,-0.003600
105.8910,-110,-0.287979,-0.003600
105.9010,-110,-0.287979,-0.003600
105.9110,-110,-0.287979,-0.003600
105.9210,-110,-0.287979,-0.003600
105.9310,-110,-0.287979,-0.003600
105.9410,-110,-0.287979,-0.003600
105.9510,-110,-0.287979,-0.003600
105.9610,-110,-0.287979,-0.003600
105.9710,-110,-0.287979,-0.003600
105.9810,-110,-0.287979,-0.003600
105.9910,-110,-0.287979,-0.003600
106.0010,-110,-0.287979,-0.003600
106.0110,-110,-0.287979,-0.003600
106.0210,-110,-0.287979,-0.003600
106.0310,-110,-0.287979,-0.003600
106.0410,-110,-0.287979,-0.003600
106.0510,-110,-0.287979,-0.003600
106.0610,-110,-0.287979,-0.003600
106.0710,-110,-0.287979,-0.003600
106.0810,-110,-0.287979,-0.003600
106.0910,-110,-0.287979,-0.003600
106.1010,-110,-0.287979,-0.003600
106.1110,-110,-0.287979,-0.003600
106.1210,-111,-0.290597,-0.003632
106.1310,-111,-0.290597,-0.003632
106.1410,-111,-0.290597,-0.003632
106.1510,-111,-0.290597,-0.003632
106.1610,-111,-0.290597,-0.003632
106.1710,-111,-0.290597,-0.003632
106.1810,-111,-0.290597,-0.003632
106.1910,-111,-0.290597,-0.003632
106.2010,-111,-0.290597,-0.003632
106.2110,-111,-0.290597,-0.003632
106.2210,-111,-0.290597,-0.003632
106.2310,-111,-0.290597,-0.003632
106.2410,-111,-0.290597,-0.003632
106.2510,-111,-0.290597,-0.003632
106.2610,-111,-0.290597,-0.003632
106.2710,-111,-0.290597,-0.003632
106.2810,-111,-0.290597,-0.003632
106.2910,-111,-0.290597,-0.003632
106.3010,-111,-0.290597,-0.003632
106.3110,-111,-0.290597,-0.003632
106.3210,-111,-0.290597,-0.003632
106.3320,-111,-0.290597,-0.003632
106.3410,-111,-0.290597,-0.003632
106.3510,-111,-0.290597,-0.003632
106.3610,-111,-0.290597,-0.003632
106.3710,-111,-0.290597,-0.003632
106.3810,-111,-0.290597,-0.003632
106.3910,-111,-0.290597,-0.003632
106.4010,-111,-0.290597,-0.003632
106.4110,-111,-0.290597,-0.003632
106.4210,-111,-0.290597,-0.003632
106.4310,-111,-0.290597,-0.003632
106.4410,-111,-0.290597,-0.003632
106.4510,-111,-0.290597,-0.003632
106.4610,-111,-0.290597,-0.003632
106.4710,-111,-0.290597,-0.003632
106.4810,-111,-0.290597,-0.003632
106.4910,-111,-0.290597,-0.003632
106.5010,-111,-0.290597,-0.003632
106.5110,-112,-0.293215,-0.003665
106.5210,-112,-0.293215,-0.003665
106.5310,-112,-0.293215,-0.003665
106.5410,-112,-0.293215,-0.003665
106.5510,-112,-0.293215,-0.003665
106.5610,-112,-0.293215,-0.003665
106.5710,-112,-0.293215,-0.003665
106.5810,-112,-0.293215,-0.003665
106.5910,-112,-0.293215,-0.003665
106.6010,-112,-0.293215,-0.003665
106.6110,-112,-0.293215,-0.003665
106.6210,-112,-0.293215,-0.003665
106.6310,-112,-0.293215,-0.003665
106.6410,-112,-0.293215,-0.003665
106.6510,-112,-0.293215,-0.003665
106.6610,-112,-0.293215,-0.003665
106.6710,-112,-0.293215,-0.003665
106.6810,-112,-0.293215,-0.003665
106.6910,-112,-0.293215,-0.003665
106.7010,-112,-0.293215,-0.003665
106.7110,-112,-0.293215,-0.003665
106.7210,-112,-0.293215,-0.003665
106.7310,-112,-0.293215,-0.003665
106.7410,-112,-0.293215,-0.003665
106.7510,-112,-0.293215,-0.003665
106.7610,-112,-0.293215,-0.003665
106.7710,-112,-0.293215,-0.003665
106.7810,-112,-0.293215,-0.003665
106.7910,-112,-0.293215,-0.003665
106.8010,-112,-0.293215,-0.003665
106.8110,-112,-0.293215,-0.003665
106.8210,-112,-0.293215,-0.003665
106.8310,-112,-0.293215,-0.003665
106.8410,-112,-0.293215,-0.003665
106.8510,-112,-0.293215,-0.003665
106.8610,-112,-0.293215,-0.003665
106.8710,-112,-0.293215,-0.003665
106.8810,-112,-0.293215,-0.003665
106.8910,-112,-0.293215,-0.003665
106.9010,-112,-0.293215,-0.003665
106.9110,-113,-0.295833,-0.003698
106.9210,-113,-0.295833,-0.003698
106.9310,-113,-0.295833,-0.003698
106.9410,-113,-0.295833,-0.003698
106.9510,-113,-0.295833,-0.003698
106.9610,-113,-0.295833,-0.003698
106.9720,-113,-0.295833,-0.003698
106.9810,-113,-0.295833,-0.003698
106.9910,-113,-0.295833,-0.003698
107.0010,-113,-0.295833,-0.003698
107.0110,-113,-0.295833,-0.003698
107.0210,-113,-0.295833,-0.003698
107.0310,-113,-0.295833,-0.003698
107.0410,-113,-0.295833,-0.003698
107.0510,-113,-0.295833,-0.003698
107.0610,-113,-0.295833,-0.003698
107.0710,-113,-0.295833,-0.003698
107.0810,-113,-0.295833,-0.003698
107.0910,-113,-0.295833,-0.003698
107.1010,-113,-0.295833,-0.003698
107.1110,-113,-0.295833,-0.003698
107.1210,-113,-0.295833,-0.003698
107.1310,-113,-0.295833,-0.003698
107.1410,-113,-0.295833,-0.003698
107.1510,-113,-0.295833,-0.003698
107.1610,-113,-0.295833,-0.003698
107.1710,-113,-0.295833,-0.003698
107.1810,-113,-0.295833,-0.003698
107.1910,-113,-0.295833,-0.003698
107.2010,-113,-0.295833,-0.003698
107.2110,-113,-0.295833,-0.003698
107.2210,-113,-0.295833,-0.003698
107.2310,-113,-0.295833,-0.003698
107.2410,-113,-0.295833,-0.003698
107.2510,-113,-0.295833,-0.003698
107.2610,-113,-0.295833,-0.003698
107.2710,-113,-0.295833,-0.003698
107.2810,-113,-0.295833,-0.003698
107.2910,-113,-0.295833,-0.003698
107.3010,-114,-0.298451,-0.003731
107.3110,-114,-0.298451,-0.003731
107.3210,-114,-0.298451,-0.003731
107.3310,-114,-0.298451,-0.003731
107.3410,-114,-0.298451,-0.003731
107.3510,-114,-0.298451,-0.003731
107.3610,-114,-0.298451,-0.003731
107.3710,-114,-0.298451,-0.003731
107.3810,-114,-0.298451,-0.003731
107.3910,-114,-0.298451,-0.003731
107.4010,-114,-0.298451,-0.003731
107.4110,-114,-0.298451,-0.003731
107.4210,-114,-0.298451,-0.003731
107.4310,-114,-0.298451,-0.003731
107.4410,-114,-0.298451,-0.003731
107.4510,-114,-0.298451,-0.003731
107.4610,-114,-0.298451,-0.003731
107.4710,-114,-0.298451,-0.003731
107.4810,-114,-0.298451,-0.003731
107.4910,-114,-0.298451,-0.003731
107.5010,-114,-0.298451,-0.003731
107.5110,-114,-0.298451,-0.003731
107.5210,-114,-0.298451,-0.003731
107.5310,-114,-0.298451,-0.003731
107.5410,-114,-0.298451,-0.003731
107.5510,-114,-0.298451,-0.003731
107.5610,-114,-0.298451,-0.003731
107.5710,-114,-0.298451,-0.003731
107.5810,-114,-0.298451,-0.003731
107.5910,-114,-0.298451,-0.003731
107.6010,-114,-0.298451,-0.003731
107.6120,-114,-0.298451,-0.003731
107.6210,-114,-0.298451,-0.003731
107.6310,-114,-0.298451,-0.003731
107.6410,-114,-0.298451,-0.003731
107.6510,-114,-0.298451,-0.003731
107.6610,-114,-0.298451,-0.003731
107.6710,-114,-0.298451,-0.003731
107.6810,-114,-0.298451,-0.003731
107.6910,-115,-0.301069,-0.003763
107.7010,-115,-0.301069,-0.003763
107.7110,-115,-0.301069,-0.003763
107.7210,-115,-0.301069,-0.003763
107.7310,-115,-0.301069,-0.003763
107.7410,-115,-0.301069,-0.003763
107.7510,-115,-0.301069,-0.003763
107.7610,-115,-0.301069,-0.003763
107.7710,-115,-0.301069,-0.003763
107.7810,-115,-0.301069,-0.003763
107.7910,-115,-0.301069,-0.003763
107.8010,-115,-0.301069,-0.003763
107.8110,-115,-0.301069,-0.003763
107.8210,-115,-0.301069,-0.003763
107.8310,-115,-0.301069,-0.003763
107.8410,-115,-0.301069,-0.003763
107.8510,-115,-0.301069,-0.003763
107.8610,-115,-0.301069,-0.003763
107.8710,-115,-0.301069,-0.003763
107.8810,-115,-0.301069,-0.003763
107.8910,-115,-0.301069,-0.003763
107.9010,-115,-0.301069,-0.003763
107.9110,-115,-0.301069,-0.003763
107.9210,-115,-0.301069,-0.003763
107.9310,-115,-0.301069,-0.003763
107.9410,-115,-0.301069,-0.003763
107.9510,-115,-0.301069,-0.003763
107.9610,-115,-0.301069,-0.003763
107.9710,-115,-0.301069,-0.003763
107.9810,-115,-0.301069,-0.003763
107.9910,-115,-0.301069,-0.003763
108.0010,-115,-0.301069,-0.003763
108.0110,-115,-0.301069,-0.003763
108.0210,-115,-0.301069,-0.003763
108.0310,-115,-0.301069,-0.003763
108.0410,-115,-0.301069,-0.003763
108.0510,-115,-0.301069,-0.003763
108.0610,-115,-0.301069,-0.003763
108.0710,-115,-0.301069,-0.003763
108.0810,-115,-0.301069,-0.003763
108.0910,-116,-0.303687,-0.003796
108.1010,-116,-0.303687,-0.003796
108.1110,-116,-0.303687,-0.003796
108.1210,-116,-0.303687,-0.003796
108.1310,-116,-0.303687,-0.003796
108.1410,-116,-0.303687,-0.003796
108.1510,-116,-0.303687,-0.003796
108.1610,-116,-0.303687,-0.003796
108.1710,-116,-0.303687,-0.003796
108.1810,-116,-0.303687,-0.003796
108.1910,-116,-0.303687,-0.003796
108.2010,-116,-0.303687,-0.003796
108.2110,-116,-0.303687,-0.003796
108.2210,-116,-0.303687,-0.003796
108.2310,-116,-0.303687,-0.003796
108.2410,-116,-0.303687,-0.003796
108.2520,-116,-0.303687,-0.003796
108.2610,-116,-0.303687,-0.003796
108.2710,-116,-0.303687,-0.003796
108.2810,-116,-0.303687,-0.003796
108.2910,-116,-0.303687,-0.003796
108.3010,-116,-0.303687,-0.003796
108.3110,-116,-0.303687,-0.003796
108.3210,-116,-0.303687,-0.003796
108.3310,-116,-0.303687,-0.003796
108.3410,-116,-0.303687,-0.003796
108.3510,-116,-0.303687,-0.003796
108.3610,-116,-0.303687,-0.003796
108.3710,-116,-0.303687,-0.003796
108.3810,-116,-0.303687,-0.003796
108.3910,-116,-0.303687,-0.003796
108.4010,-116,-0.303687,-0.003796
108.4110,-116,-0.303687,-0.003796
108.4210,-116,-0.303687,-0.003796
108.4310,-116,-0.303687,-0.003796
108.4410,-116,-0.303687,-0.003796
108.4510,-116,-0.303687,-0.003796
108.4610,-116,-0.303687,-0.003796
108.4710,-116,-0.303687,-0.003796
108.4810,-116,-0.303687,-0.003796
108.4910,-116,-0.303687,-0.003796
108.5010,-117,-0.306305,-0.003829
108.5110,-117,-0.306305,-0.003829
108.5210,-117,-0.306305,-0.003829
108.5310,-117,-0.306305,-0.003829
108.5410,-117,-0.306305,-0.003829
108.5510,-117,-0.306305,-0.003829
108.5610,-117,-0.306305,-0.003829
108.5710,-117,-0.306305,-0.003829
108.5810,-117,-0.306305,-0.003829
108.5910,-117,-0.306305,-0.003829
108.6010,-117,-0.306305,-0.003829
108.6110,-117,-0.306305,-0.003829
108.6210,-117,-0.306305,-0.003829
108.6310,-117,-0.306305,-0.003829
108.6410,-117,-0.306305,-0.003829
108.6510,-117,-0.306305,-0.003829
108.6610,-117,-0.306305,-0.003829
108.6710,-117,-0.306305,-0.003829
108.6810,-117,-0.306305,-0.003829
108.6910,-117,-0.306305,-0.003829
108.7010,-117,-0.306305,-0.003829
108.7110,-117,-0.306305,-0.003829
108.7210,-117,-0.306305,-0.003829
108.7310,-117,-0.306305,-0.003829
108.7410,-117,-0.306305,-0.003829
108.7510,-117,-0.306305,-0.003829
108.7610,-117,-0.306305,-0.003829
108.7710,-117,-0.306305,-0.003829
108.7810,-117,-0.306305,-0.003829
108.7910,-117,-0.306305,-0.003829
108.8010,-117,-0.306305,-0.003829
108.8110,-117,-0.306305,-0.003829
108.8210,-117,-0.306305,-0.003829
108.8310,-117,-0.306305,-0.003829
108.8410,-117,-0.306305,-0.003829
108.8510,-117,-0.306305,-0.003829
108.8610,-117,-0.306305,-0.003829
108.8710,-117,-0.306305,-0.003829
108.8810,-117,-0.306305,-0.003829
108.8920,-117,-0.306305,-0.003829
108.9010,-117,-0.306305,-0.003829
108.9110,-118,-0.308923,-0.003862
108.9210,-118,-0.308923,-0.003862
108.9310,-118,-0.308923,-0.003862
108.9410,-118,-0.308923,-0.003862
108.9510,-118,-0.308923,-0.003862
108.9610,-118,-0.308923,-0.003862
108.9710,-118,-0.308923,-0.003862
108.9810,-118,-0.308923,-0.003862
108.9910,-118,-0.308923,-0.003862
109.0010,-118,-0.308923,-0.003862
109.0110,-118,-0.308923,-0.003862
109.0210,-118,-0.308923,-0.003862
109.0310,-118,-0.308923,-0.003862
109.0410,-118,-0.308923,-0.003862
109.0510,-118,-0.308923,-0.003862
109.0610,-118,-0.308923,-0.003862
109.0710,-118,-0.308923,-0.003862
109.0810,-118,-0.308923,-0.003862
109.0910,-118,-0.308923,-0.003862
109.1010,-118,-0.308923,-0.003862
109.1110,-118,-0.308923,-0.003862
109.1210,-118,-0.308923,-0.003862
109.1310,-118,-0.308923,-0.003862
109.1410,-118,-0.308923,-0.003862
109.1510,-118,-0.308923,-0.003862
109.1610,-118,-0.308923,-0.003862
109.1710,-118,-0.308923,-0.003862
109.1810,-118,-0.308923,-0.003862
109.1910,-118,-0.308923,-0.003862
109.2010,-118,-0.308923,-0.003862
109.2110,-118,-0.308923,-0.003862
109.2210,-118,-0.308923,-0.003862
109.2310,-118,-0.308923,-0.003862
109.2410,-118,-0.308923,-0.003862
109.2510,-118,-0.308923,-0.003862
109.2610,-118,-0.308923,-0.003862
109.2710,-118,-0.308923,-0.003862
109.2810,-118,-0.308923,-0.003862
109.2910,-118,-0.308923,-0.003862
109.3010,-118,-0.308923,-0.003862
109.3110,-118,-0.308923,-0.003862
109.3210,-118,-0.308923,-0.003862
109.3310,-118,-0.308923,-0.003862
109.3410,-118,-0.308923,-0.003862
109.3510,-118,-0.308923,-0.003862
109.3610,-118,-0.308923,-0.003862
109.3710,-118,-0.308923,-0.003862
109.3810,-118,-0.308923,-0.003862
109.3910,-118,-0.308923,-0.003862
109.4010,-118,-0.308923,-0.003862
109.4110,-118,-0.308923,-0.003862
109.4210,-118,-0.308923,-0.003862
109.4310,-118,-0.308923,-0.003862
109.4410,-118,-0.308923,-0.003862
109.4510,-118,-0.308923,-0.003862
109.4610,-118,-0.308923,-0.003862
109.4710,-118,-0.308923,-0.003862
109.4810,-118,-0.308923,-0.003862
109.4910,-118,-0.308923,-0.003862
109.5010,-118,-0.308923,-0.003862
109.5110,-118,-0.308923,-0.003862
109.5210,-118,-0.308923,-0.003862
109.5320,-118,-0.308923,-0.003862
109.5410,-118,-0.308923,-0.003862
109.5510,-118,-0.308923,-0.003862
109.5610,-118,-0.308923,-0.003862
109.5710,-118,-0.308923,-0.003862
109.5810,-118,-0.308923,-0.003862
109.5910,-118,-0.308923,-0.003862
109.6010,-118,-0.308923,-0.003862
109.6110,-118,-0.308923,-0.003862
109.6210,-118,-0.308923,-0.003862
109.6310,-118,-0.308923,-0.003862
109.6410,-118,-0.308923,-0.003862
109.6510,-118,-0.308923,-0.003862
109.6610,-118,-0.308923,-0.003862
109.6710,-119,-0.311541,-0.003894
109.6810,-119,-0.311541,-0.003894
109.6910,-119,-0.311541,-0.003894
109.7010,-119,-0.311541,-0.003894
109.7110,-119,-0.311541,-0.003894
109.7210,-119,-0.311541,-0.003894
109.7310,-119,-0.311541,-0.003894
109.7410,-119,-0.311541,-0.003894
109.7510,-119,-0.311541,-0.003894
109.7610,-119,-0.311541,-0.003894
109.7710,-119,-0.311541,-0.003894
109.7810,-119,-0.311541,-0.003894
109.7910,-119,-0.311541,-0.003894
109.8010,-119,-0.311541,-0.003894
109.8110,-119,-0.311541,-0.003894
109.8210,-119,-0.311541,-0.003894
109.8310,-119,-0.311541,-0.003894
109.8410,-119,-0.311541,-0.003894
109.8510,-119,-0.311541,-0.003894
109.8610,-119,-0.311541,-0.003894
109.8710,-119,-0.311541,-0.003894
109.8810,-119,-0.311541,-0.003894
109.8910,-119,-0.311541,-0.003894
109.9010,-119,-0.311541,-0.003894
109.9110,-119,-0.311541,-0.003894
109.9210,-119,-0.311541,-0.003894
109.9310,-119,-0.311541,-0.003894
109.9410,-119,-0.311541,-0.003894
109.9510,-119,-0.311541,-0.003894
109.9610,-119,-0.311541,-0.003894
109.9710,-119,-0.311541,-0.003894
109.9810,-119,-0.311541,-0.003894
109.9910,-119,-0.311541,-0.003894
110.0010,-119,-0.311541,-0.003894
110.0110,-119,-0.311541,-0.003894
110.0210,-119,-0.311541,-0.003894
110.0310,-119,-0.311541,-0.003894
110.0410,-119,-0.311541,-0.003894
110.0510,-119,-0.311541,-0.003894
110.0610,-120,-0.314159,-0.003927
110.0710,-120,-0.314159,-0.003927
110.0810,-120,-0.314159,-0.003927
110.0910,-120,-0.314159,-0.003927
110.1010,-120,-0.314159,-0.003927
110.1110,-120,-0.314159,-0.003927
110.1210,-120,-0.314159,-0.003927
110.1310,-120,-0.314159,-0.003927
110.1410,-120,-0.314159,-0.003927
110.1510,-120,-0.314159,-0.003927
110.1610,-120,-0.314159,-0.003927
110.1720,-120,-0.314159,-0.003927
110.1810,-120,-0.314159,-0.003927
110.1910,-120,-0.314159,-0.003927
110.2010,-120,-0.314159,-0.003927
110.2110,-120,-0.314159,-0.003927
110.2210,-120,-0.314159,-0.003927
110.2310,-120,-0.314159,-0.003927
110.2410,-120,-0.314159,-0.003927
110.2510,-120,-0.314159,-0.003927
110.2610,-120,-0.314159,-0.003927
110.2710,-120,-0.314159,-0.003927
110.2810,-120,-0.314159,-0.003927
110.2910,-120,-0.314159,-0.003927
110.3010,-120,-0.314159,-0.003927
110.3110,-120,-0.314159,-0.003927
110.3210,-120,-0.314159,-0.003927
110.3310,-120,-0.314159,-0.003927
110.3410,-120,-0.314159,-0.003927
110.3510,-120,-0.314159,-0.003927
110.3610,-120,-0.314159,-0.003927
110.3710,-120,-0.314159,-0.003927
110.3810,-120,-0.314159,-0.003927
110.3910,-120,-0.314159,-0.003927
110.4010,-120,-0.314159,-0.003927
110.4110,-120,-0.314159,-0.003927
110.4210,-120,-0.314159,-0.003927
110.4310,-120,-0.314159,-0.003927
110.4410,-120,-0.314159,-0.003927
110.4510,-120,-0.314159,-0.003927
110.4610,-121,-0.316777,-0.003960
110.4710,-121,-0.316777,-0.003960
110.4810,-121,-0.316777,-0.003960
110.4910,-121,-0.316777,-0.003960
110.5010,-121,-0.316777,-0.003960
110.5110,-121,-0.316777,-0.003960
110.5210,-121,-0.316777,-0.003960
110.5310,-121,-0.316777,-0.003960
110.5410,-121,-0.316777,-0.003960
110.5510,-121,-0.316777,-0.003960
110.5610,-121,-0.316777,-0.003960
110.5710,-121,-0.316777,-0.003960
110.5810,-121,-0.316777,-0.003960
110.5910,-121,-0.316777,-0.003960
110.6010,-121,-0.316777,-0.003960
110.6110,-121,-0.316777,-0.003960
110.6210,-121,-0.316777,-0.003960
110.6310,-121,-0.316777,-0.003960
110.6410,-121,-0.316777,-0.003960
110.6510,-121,-0.316777,-0.003960
110.6610,-121,-0.316777,-0.003960
110.6710,-121,-0.316777,-0.003960
110.6810,-121,-0.316777,-0.003960
110.6910,-121,-0.316777,-0.003960
110.7010,-121,-0.316777,-0.003960
110.7110,-121,-0.316777,-0.003960
110.7210,-121,-0.316777,-0.003960
110.7310,-121,-0.316777,-0.003960
110.7410,-121,-0.316777,-0.003960
110.7510,-121,-0.316777,-0.003960
110.7610,-121,-0.316777,-0.003960
110.7710,-121,-0.316777,-0.003960
110.7810,-121,-0.316777,-0.003960
110.7910,-122,-0.319395,-0.003992
110.8010,-122,-0.319395,-0.003992
110.8120,-122,-0.319395,-0.003992
110.8210,-122,-0.319395,-0.003992
110.8310,-122,-0.319395,-0.003992
110.8410,-122,-0.319395,-0.003992
110.8510,-122,-0.319395,-0.003992
110.8610,-122,-0.319395,-0.003992
110.8710,-122,-0.319395,-0.003992
110.8810,-122,-0.319395,-0.003992
110.8910,-122,-0.319395,-0.003992
110.9010,-122,-0.319395,-0.003992
110.9110,-122,-0.319395,-0.003992
110.9210,-121,-0.316777,-0.003960
110.9310,-121,-0.316777,-0.003960
110.9410,-121,-0.316777,-0.003960
110.9510,-121,-0.316777,-0.003960
110.9610,-121,-0.316777,-0.003960
110.9710,-121,-0.316777,-0.003960
110.9810,-121,-0.316777,-0.003960
110.9910,-121,-0.316777,-0.003960
111.0010,-121,-0.316777,-0.003960
111.0110,-121,-0.316777,-0.003960
111.0210,-121,-0.316777,-0.003960
111.0310,-121,-0.316777,-0.003960
111.0410,-122,-0.319395,-0.003992
111.0510,-122,-0.319395,-0.003992
111.0610,-122,-0.319395,-0.003992
111.0710,-122,-0.319395,-0.003992
111.0810,-122,-0.319395,-0.003992
111.0910,-122,-0.319395,-0.003992
111.1010,-122,-0.319395,-0.003992
111.1110,-122,-0.319395,-0.003992
111.1210,-122,-0.319395,-0.003992
111.1310,-122,-0.319395,-0.003992
111.1410,-122,-0.319395,-0.003992
111.1510,-122,-0.319395,-0.003992
111.1610,-122,-0.319395,-0.003992
111.1710,-122,-0.319395,-0.003992
111.1810,-122,-0.319395,-0.003992
111.1910,-122,-0.319395,-0.003992
111.2010,-122,-0.319395,-0.003992
111.2110,-122,-0.319395,-0.003992
111.2210,-122,-0.319395,-0.003992
111.2310,-122,-0.319395,-0.003992
111.2410,-122,-0.319395,-0.003992
111.2510,-122,-0.319395,-0.003992
111.2610,-122,-0.319395,-0.003992
111.2710,-122,-0.319395,-0.003992
111.2810,-122,-0.319395,-0.003992
111.2910,-122,-0.319395,-0.003992
111.3010,-122,-0.319395,-0.003992
111.3110,-122,-0.319395,-0.003992
111.3210,-123,-0.322013,-0.004025
111.3310,-123,-0.322013,-0.004025
111.3410,-123,-0.322013,-0.004025
111.3510,-123,-0.322013,-0.004025
111.3610,-123,-0.322013,-0.004025
111.3710,-123,-0.322013,-0.004025
111.3810,-123,-0.322013,-0.004025
111.3910,-123,-0.322013,-0.004025
111.4010,-123,-0.322013,-0.004025
111.4110,-123,-0.322013,-0.004025
111.4210,-123,-0.322013,-0.004025
111.4310,-123,-0.322013,-0.004025
111.4410,-123,-0.322013,-0.004025
111.4520,-123,-0.322013,-0.004025
111.4610,-123,-0.322013,-0.004025
111.4710,-123,-0.322013,-0.004025
111.4810,-123,-0.322013,-0.004025
111.4910,-123,-0.322013,-0.004025
111.5010,-123,-0.322013,-0.004025
111.5110,-123,-0.322013,-0.004025
111.5210,-123,-0.322013,-0.004025
111.5310,-123,-0.322013,-0.004025
111.5410,-123,-0.322013,-0.004025
111.5510,-123,-0.322013,-0.004025
111.5610,-123,-0.322013,-0.004025
111.5710,-123,-0.322013,-0.004025
111.5810,-123,-0.322013,-0.004025
111.5910,-123,-0.322013,-0.004025
111.6010,-123,-0.322013,-0.004025
111.6110,-124,-0.324631,-0.004058
111.6210,-124,-0.324631,-0.004058
111.6310,-124,-0.324631,-0.004058
111.6410,-124,-0.324631,-0.004058
111.6510,-124,-0.324631,-0.004058
111.6610,-124,-0.324631,-0.004058
111.6710,-124,-0.324631,-0.004058
111.6810,-124,-0.324631,-0.004058
111.6910,-124,-0.324631,-0.004058
111.7010,-124,-0.324631,-0.004058
111.7110,-124,-0.324631,-0.004058
111.7210,-124,-0.324631,-0.004058
111.7310,-124,-0.324631,-0.004058
111.7410,-124,-0.324631,-0.004058
111.7510,-124,-0.324631,-0.004058
111.7610,-124,-0.324631,-0.004058
111.7710,-124,-0.324631,-0.004058
111.7810,-124,-0.324631,-0.004058
111.7910,-124,-0.324631,-0.004058
111.8010,-124,-0.324631,-0.004058
111.8110,-124,-0.324631,-0.004058
111.8210,-124,-0.324631,-0.004058
111.8310,-124,-0.324631,-0.004058
111.8410,-124,-0.324631,-0.004058
111.8510,-124,-0.324631,-0.004058
111.8610,-124,-0.324631,-0.004058
111.8710,-124,-0.324631,-0.004058
111.8810,-124,-0.324631,-0.004058
111.8910,-124,-0.324631,-0.004058
111.9010,-124,-0.324631,-0.004058
111.9110,-124,-0.324631,-0.004058
111.9210,-124,-0.324631,-0.004058
111.9310,-124,-0.324631,-0.004058
111.9410,-124,-0.324631,-0.004058
111.9510,-124,-0.324631,-0.004058
111.9610,-124,-0.324631,-0.004058
111.9710,-124,-0.324631,-0.004058
111.9810,-124,-0.324631,-0.004058
111.9910,-124,-0.324631,-0.004058
112.0010,-124,-0.324631,-0.004058
112.0110,-124,-0.324631,-0.004058
112.0210,-124,-0.324631,-0.004058
112.0310,-124,-0.324631,-0.004058
112.0410,-124,-0.324631,-0.004058
112.0510,-124,-0.324631,-0.004058
112.0610,-124,-0.324631,-0.004058
112.0710,-124,-0.324631,-0.004058
112.0810,-124,-0.324631,-0.004058
112.0920,-124,-0.324631,-0.004058
112.1010,-124,-0.324631,-0.004058
112.1110,-124,-0.324631,-0.004058
112.1210,-124,-0.324631,-0.004058
112.1310,-124,-0.324631,-0.004058
112.1410,-124,-0.324631,-0.004058
112.1510,-124,-0.324631,-0.004058
112.1610,-124,-0.324631,-0.004058
112.1710,-124,-0.324631,-0.004058
112.1810,-125,-0.327249,-0.004091
112.1910,-125,-0.327249,-0.004091
112.2010,-125,-0.327249,-0.004091
112.2110,-125,-0.327249,-0.004091
112.2210,-125,-0.327249,-0.004091
112.2310,-125,-0.327249,-0.004091
112.2410,-125,-0.327249,-0.004091
112.2510,-125,-0.327249,-0.004091
112.2610,-125,-0.327249,-0.004091
112.2710,-125,-0.327249,-0.004091
112.2810,-125,-0.327249,-0.004091
112.2910,-125,-0.327249,-0.004091
112.3010,-125,-0.327249,-0.004091
112.3110,-125,-0.327249,-0.004091
112.3210,-125,-0.327249,-0.004091
112.3310,-125,-0.327249,-0.004091
112.3410,-125,-0.327249,-0.004091
112.3510,-125,-0.327249,-0.004091
112.3610,-125,-0.327249,-0.004091
112.3710,-125,-0.327249,-0.004091
112.3810,-125,-0.327249,-0.004091
112.3910,-125,-0.327249,-0.004091
112.4010,-125,-0.327249,-0.004091
112.4110,-125,-0.327249,-0.004091
112.4210,-125,-0.327249,-0.004091
112.4310,-125,-0.327249,-0.004091
112.4410,-125,-0.327249,-0.004091
112.4510,-125,-0.327249,-0.004091
112.4610,-125,-0.327249,-0.004091
112.4710,-125,-0.327249,-0.004091
112.4810,-125,-0.327249,-0.004091
112.4910,-125,-0.327249,-0.004091
112.5010,-125,-0.327249,-0.004091
112.5110,-125,-0.327249,-0.004091
112.5210,-125,-0.327249,-0.004091
112.5310,-125,-0.327249,-0.004091
112.5410,-125,-0.327249,-0.004091
112.5510,-125,-0.327249,-0.004091
112.5610,-125,-0.327249,-0.004091
112.5710,-125,-0.327249,-0.004091
112.5810,-125,-0.327249,-0.004091
112.5910,-125,-0.327249,-0.004091
112.6010,-125,-0.327249,-0.004091
112.6110,-125,-0.327249,-0.004091
112.6210,-125,-0.327249,-0.004091
112.6310,-125,-0.327249,-0.004091
112.6410,-125,-0.327249,-0.004091
112.6510,-125,-0.327249,-0.004091
112.6610,-125,-0.327249,-0.004091
112.6710,-125,-0.327249,-0.004091
112.6810,-125,-0.327249,-0.004091
112.6910,-125,-0.327249,-0.004091
112.7010,-125,-0.327249,-0.004091
112.7110,-125,-0.327249,-0.004091
112.7210,-125,-0.327249,-0.004091
112.7320,-125,-0.327249,-0.004091
112.7410,-125,-0.327249,-0.004091
112.7510,-126,-0.329867,-0.004123
112.7610,-126,-0.329867,-0.004123
112.7710,-126,-0.329867,-0.004123
112.7810,-126,-0.329867,-0.004123
112.7910,-126,-0.329867,-0.004123
112.8010,-126,-0.329867,-0.004123
112.8110,-126,-0.329867,-0.004123
112.8210,-126,-0.329867,-0.004123
112.8310,-126,-0.329867,-0.004123
112.8410,-126,-0.329867,-0.004123
112.8510,-126,-0.329867,-0.004123
112.8610,-126,-0.329867,-0.004123
112.8710,-126,-0.329867,-0.004123
112.8810,-126,-0.329867,-0.004123
112.8910,-126,-0.329867,-0.004123
112.9010,-126,-0.329867,-0.004123
112.9110,-126,-0.329867,-0.004123
112.9210,-126,-0.329867,-0.004123
112.9310,-126,-0.329867,-0.004123
112.9410,-126,-0.329867,-0.004123
112.9510,-126,-0.329867,-0.004123
112.9610,-126,-0.329867,-0.004123
112.9710,-126,-0.329867,-0.004123
112.9810,-126,-0.329867,-0.004123
112.9910,-126,-0.329867,-0.004123
113.0010,-126,-0.329867,-0.004123
113.0110,-126,-0.329867,-0.004123
113.0210,-126,-0.329867,-0.004123
113.0310,-127,-0.332485,-0.004156
113.0410,-127,-0.332485,-0.004156
113.0510,-127,-0.332485,-0.004156
113.0610,-127,-0.332485,-0.004156
113.0710,-127,-0.332485,-0.004156
113.0810,-127,-0.332485,-0.004156
113.0910,-127,-0.332485,-0.004156
113.1010,-127,-0.332485,-0.004156
113.1110,-127,-0.332485,-0.004156
113.1210,-127,-0.332485,-0.004156
113.1310,-127,-0.332485,-0.004156
113.1410,-127,-0.332485,-0.004156
113.1510,-127,-0.332485,-0.004156
113.1610,-127,-0.332485,-0.004156
113.1710,-127,-0.332485,-0.004156
113.1810,-127,-0.332485,-0.004156
113.1910,-127,-0.332485,-0.004156
113.2010,-127,-0.332485,-0.004156
113.2110,-127,-0.332485,-0.004156
113.2210,-127,-0.332485,-0.004156
113.2310,-127,-0.332485,-0.004156
113.2410,-127,-0.332485,-0.004156
113.2510,-127,-0.332485,-0.004156
113.2610,-127,-0.332485,-0.004156
113.2710,-127,-0.332485,-0.004156
113.2810,-127,-0.332485,-0.004156
113.2910,-127,-0.332485,-0.004156
113.3010,-127,-0.332485,-0.004156
113.3110,-127,-0.332485,-0.004156
113.3210,-127,-0.332485,-0.004156
113.3310,-127,-0.332485,-0.004156
113.3410,-128,-0.335103,-0.004189
113.3510,-128,-0.335103,-0.004189
113.3610,-128,-0.335103,-0.004189
113.3720,-128,-0.335103,-0.004189
113.3810,-128,-0.335103,-0.004189
113.3910,-128,-0.335103,-0.004189
113.4010,-128,-0.335103,-0.004189
113.4110,-128,-0.335103,-0.004189
113.4210,-128,-0.335103,-0.004189
113.4310,-128,-0.335103,-0.004189
113.4410,-128,-0.335103,-0.004189
113.4510,-128,-0.335103,-0.004189
113.4610,-128,-0.335103,-0.004189
113.4710,-128,-0.335103,-0.004189
113.4810,-128,-0.335103,-0.004189
113.4910,-128,-0.335103,-0.004189
113.5010,-128,-0.335103,-0.004189
113.5110,-128,-0.335103,-0.004189
113.5210,-128,-0.335103,-0.004189
113.5310,-128,-0.335103,-0.004189
113.5410,-128,-0.335103,-0.004189
113.5510,-128,-0.335103,-0.004189
113.5610,-128,-0.335103,-0.004189
113.5710,-128,-0.335103,-0.004189
113.5810,-128,-0.335103,-0.004189
113.5910,-128,-0.335103,-0.004189
113.6010,-128,-0.335103,-0.004189
113.6110,-128,-0.335103,-0.004189
113.6210,-128,-0.335103,-0.004189
113.6310,-128,-0.335103,-0.004189
113.6410,-128,-0.335103,-0.004189
113.6510,-128,-0.335103,-0.004189
113.6610,-128,-0.335103,-0.004189
113.6710,-128,-0.335103,-0.004189
113.6810,-128,-0.335103,-0.004189
113.6910,-128,-0.335103,-0.004189
113.7010,-128,-0.335103,-0.004189
113.7110,-128,-0.335103,-0.004189
113.7210,-128,-0.335103,-0.004189
113.7310,-128,-0.335103,-0.004189
113.7410,-128,-0.335103,-0.004189
113.7510,-128,-0.335103,-0.004189
113.7610,-128,-0.335103,-0.004189
113.7710,-128,-0.335103,-0.004189
113.7810,-128,-0.335103,-0.004189
113.7910,-128,-0.335103,-0.004189
113.8010,-128,-0.335103,-0.004189
113.8110,-128,-0.335103,-0.004189
113.8210,-128,-0.335103,-0.004189
113.8310,-128,-0.335103,-0.004189
113.8410,-128,-0.335103,-0.004189
113.8510,-128,-0.335103,-0.004189
113.8610,-128,-0.335103,-0.004189
113.8710,-128,-0.335103,-0.004189
113.8810,-128,-0.335103,-0.004189
113.8910,-129,-0.337721,-0.004222
113.9010,-129,-0.337721,-0.004222
113.9110,-129,-0.337721,-0.004222
113.9210,-129,-0.337721,-0.004222
113.9310,-129,-0.337721,-0.004222
113.9410,-129,-0.337721,-0.004222
113.9510,-129,-0.337721,-0.004222
113.9610,-129,-0.337721,-0.004222
113.9710,-129,-0.337721,-0.004222
113.9810,-129,-0.337721,-0.004222
113.9910,-129,-0.337721,-0.004222
114.0010,-129,-0.337721,-0.004222
114.0120,-129,-0.337721,-0.004222
114.0210,-129,-0.337721,-0.004222
114.0310,-129,-0.337721,-0.004222
114.0410,-129,-0.337721,-0.004222
114.0510,-129,-0.337721,-0.004222
114.0610,-129,-0.337721,-0.004222
114.0710,-129,-0.337721,-0.004222
114.0810,-129,-0.337721,-0.004222
114.0910,-129,-0.337721,-0.004222
114.1010,-129,-0.337721,-0.004222
114.1110,-129,-0.337721,-0.004222
114.1210,-129,-0.337721,-0.004222
114.1310,-129,-0.337721,-0.004222
114.1410,-129,-0.337721,-0.004222
114.1510,-129,-0.337721,-0.004222
114.1610,-129,-0.337721,-0.004222
114.1710,-130,-0.340339,-0.004254
114.1810,-130,-0.340339,-0.004254
114.1910,-130,-0.340339,-0.004254
114.2010,-130,-0.340339,-0.004254
114.2110,-130,-0.340339,-0.004254
114.2210,-130,-0.340339,-0.004254
114.2310,-130,-0.340339,-0.004254
114.2410,-130,-0.340339,-0.004254
114.2510,-130,-0.340339,-0.004254
114.2610,-130,-0.340339,-0.004254
114.2710,-130,-0.340339,-0.004254
114.2810,-130,-0.340339,-0.004254
114.2910,-130,-0.340339,-0.004254
114.3010,-130,-0.340339,-0.004254
114.3110,-130,-0.340339,-0.004254
114.3210,-130,-0.340339,-0.004254
114.3310,-130,-0.340339,-0.004254
114.3410,-130,-0.340339,-0.004254
114.3510,-130,-0.340339,-0.004254
114.3610,-130,-0.340339,-0.004254
114.3710,-130,-0.340339,-0.004254
114.3810,-130,-0.340339,-0.004254
114.3910,-130,-0.340339,-0.004254
114.4010,-130,-0.340339,-0.004254
114.4110,-130,-0.340339,-0.004254
114.4210,-130,-0.340339,-0.004254
114.4310,-130,-0.340339,-0.004254
114.4410,-130,-0.340339,-0.004254
114.4510,-130,-0.340339,-0.004254
114.4610,-130,-0.340339,-0.004254
114.4710,-130,-0.340339,-0.004254
114.4810,-131,-0.342957,-0.004287
114.4910,-131,-0.342957,-0.004287
114.5010,-131,-0.342957,-0.004287
114.5110,-131,-0.342957,-0.004287
114.5210,-131,-0.342957,-0.004287
114.5310,-131,-0.342957,-0.004287
114.5410,-131,-0.342957,-0.004287
114.5510,-131,-0.342957,-0.004287
114.5610,-131,-0.342957,-0.004287
114.5710,-131,-0.342957,-0.004287
114.5810,-131,-0.342957,-0.004287
114.5910,-131,-0.342957,-0.004287
114.6010,-131,-0.342957,-0.004287
114.6110,-131,-0.342957,-0.004287
114.6210,-131,-0.342957,-0.004287
114.6310,-131,-0.342957,-0.004287
114.6410,-131,-0.342957,-0.004287
114.6520,-131,-0.342957,-0.004287
114.6610,-131,-0.342957,-0.004287
114.6710,-131,-0.342957,-0.004287
114.6810,-131,-0.342957,-0.004287
114.6910,-131,-0.342957,-0.004287
114.7010,-131,-0.342957,-0.004287
114.7110,-131,-0.342957,-0.004287
114.7210,-131,-0.342957,-0.004287
114.7310,-131,-0.342957,-0.004287
114.7410,-131,-0.342957,-0.004287
114.7510,-131,-0.342957,-0.004287
114.7610,-131,-0.342957,-0.004287
114.7710,-131,-0.342957,-0.004287
114.7810,-131,-0.342957,-0.004287
114.7910,-132,-0.345575,-0.004320
114.8010,-132,-0.345575,-0.004320
114.8110,-132,-0.345575,-0.004320
114.8210,-132,-0.345575,-0.004320
114.8310,-132,-0.345575,-0.004320
114.8410,-132,-0.345575,-0.004320
114.8510,-132,-0.345575,-0.004320
114.8610,-132,-0.345575,-0.004320
114.8710,-132,-0.345575,-0.004320
114.8810,-131,-0.342957,-0.004287
114.8910,-131,-0.342957,-0.004287
114.9010,-131,-0.342957,-0.004287
114.9110,-131,-0.342957,-0.004287
114.9210,-131,-0.342957,-0.004287
114.9310,-131,-0.342957,-0.004287
114.9410,-131,-0.342957,-0.004287
114.9510,-131,-0.342957,-0.004287
114.9610,-131,-0.342957,-0.004287
114.9710,-131,-0.342957,-0.004287
114.9810,-131,-0.342957,-0.004287
114.9910,-131,-0.342957,-0.004287
115.0010,-131,-0.342957,-0.004287
115.0110,-131,-0.342957,-0.004287
115.0210,-132,-0.345575,-0.004320
115.0310,-132,-0.345575,-0.004320
115.0410,-132,-0.345575,-0.004320
115.0510,-132,-0.345575,-0.004320
115.0610,-132,-0.345575,-0.004320
115.0710,-132,-0.345575,-0.004320
115.0810,-132,-0.345575,-0.004320
115.0910,-132,-0.345575,-0.004320
115.1010,-132,-0.345575,-0.004320
115.1110,-132,-0.345575,-0.004320
115.1210,-132,-0.345575,-0.004320
115.1310,-132,-0.345575,-0.004320
115.1410,-132,-0.345575,-0.004320
115.1510,-132,-0.345575,-0.004320
115.1610,-132,-0.345575,-0.004320
115.1710,-132,-0.345575,-0.004320
115.1810,-132,-0.345575,-0.004320
115.1910,-132,-0.345575,-0.004320
115.2010,-132,-0.345575,-0.004320
115.2110,-132,-0.345575,-0.004320
115.2210,-132,-0.345575,-0.004320
115.2310,-132,-0.345575,-0.004320
115.2410,-132,-0.345575,-0.004320
115.2510,-132,-0.345575,-0.004320
115.2610,-132,-0.345575,-0.004320
115.2710,-132,-0.345575,-0.004320
115.2810,-132,-0.345575,-0.004320
115.2920,-132,-0.345575,-0.004320
115.3010,-132,-0.345575,-0.004320
115.3110,-133,-0.348193,-0.004352
115.3210,-133,-0.348193,-0.004352
115.3310,-133,-0.348193,-0.004352
115.3410,-133,-0.348193,-0.004352
115.3510,-133,-0.348193,-0.004352
115.3610,-133,-0.348193,-0.004352
115.3710,-133,-0.348193,-0.004352
115.3810,-133,-0.348193,-0.004352
115.3910,-133,-0.348193,-0.004352
115.4010,-133,-0.348193,-0.004352
115.4110,-133,-0.348193,-0.004352
115.4210,-133,-0.348193,-0.004352
115.4310,-133,-0.348193,-0.004352
115.4410,-133,-0.348193,-0.004352
115.4510,-133,-0.348193,-0.004352
115.4610,-133,-0.348193,-0.004352
115.4710,-133,-0.348193,-0.004352
115.4810,-133,-0.348193,-0.004352
115.4910,-133,-0.348193,-0.004352
115.5010,-133,-0.348193,-0.004352
115.5110,-133,-0.348193,-0.004352
115.5210,-133,-0.348193,-0.004352
115.5310,-133,-0.348193,-0.004352
115.5410,-133,-0.348193,-0.004352
115.5510,-133,-0.348193,-0.004352
115.5610,-133,-0.348193,-0.004352
115.5710,-133,-0.348193,-0.004352
115.5810,-133,-0.348193,-0.004352
115.5910,-133,-0.348193,-0.004352
115.6010,-133,-0.348193,-0.004352
115.6110,-133,-0.348193,-0.004352
115.6210,-133,-0.348193,-0.004352
115.6310,-133,-0.348193,-0.004352
115.6410,-134,-0.350811,-0.004385
115.6510,-134,-0.350811,-0.004385
115.6610,-134,-0.350811,-0.004385
115.6710,-134,-0.350811,-0.004385
115.6810,-134,-0.350811,-0.004385
115.6910,-134,-0.350811,-0.004385
115.7010,-134,-0.350811,-0.004385
115.7110,-134,-0.350811,-0.004385
115.7210,-134,-0.350811,-0.004385
115.7310,-133,-0.348193,-0.004352
115.7410,-133,-0.348193,-0.004352
115.7510,-133,-0.348193,-0.004352
115.7610,-133,-0.348193,-0.004352
115.7710,-133,-0.348193,-0.004352
115.7810,-133,-0.348193,-0.004352
115.7910,-133,-0.348193,-0.004352
115.8010,-133,-0.348193,-0.004352
115.8110,-133,-0.348193,-0.004352
115.8210,-133,-0.348193,-0.004352
115.8310,-133,-0.348193,-0.004352
115.8410,-133,-0.348193,-0.004352
115.8510,-133,-0.348193,-0.004352
115.8610,-133,-0.348193,-0.004352
115.8710,-133,-0.348193,-0.004352
115.8810,-134,-0.350811,-0.004385
115.8910,-134,-0.350811,-0.004385
115.9010,-134,-0.350811,-0.004385
115.9110,-134,-0.350811,-0.004385
115.9210,-134,-0.350811,-0.004385
115.9320,-134,-0.350811,-0.004385
115.9410,-134,-0.350811,-0.004385
115.9510,-134,-0.350811,-0.004385
115.9610,-134,-0.350811,-0.004385
115.9710,-134,-0.350811,-0.004385
115.9810,-134,-0.350811,-0.004385
115.9910,-134,-0.350811,-0.004385
116.0010,-134,-0.350811,-0.004385
116.0110,-134,-0.350811,-0.004385
116.0210,-134,-0.350811,-0.004385
116.0310,-134,-0.350811,-0.004385
116.0410,-134,-0.350811,-0.004385
116.0510,-134,-0.350811,-0.004385
116.0610,-134,-0.350811,-0.004385
116.0710,-134,-0.350811,-0.004385
116.0810,-134,-0.350811,-0.004385
116.0910,-134,-0.350811,-0.004385
116.1010,-134,-0.350811,-0.004385
116.1110,-134,-0.350811,-0.004385
116.1210,-134,-0.350811,-0.004385
116.1310,-134,-0.350811,-0.004385
116.1410,-134,-0.350811,-0.004385
116.1510,-134,-0.350811,-0.004385
116.1610,-134,-0.350811,-0.004385
116.1710,-135,-0.353429,-0.004418
116.1810,-135,-0.353429,-0.004418
116.1910,-135,-0.353429,-0.004418
116.2010,-135,-0.353429,-0.004418
116.2110,-135,-0.353429,-0.004418
116.2210,-135,-0.353429,-0.004418
116.2310,-135,-0.353429,-0.004418
116.2410,-135,-0.353429,-0.004418
116.2510,-135,-0.353429,-0.004418
116.2610,-135,-0.353429,-0.004418
116.2710,-135,-0.353429,-0.004418
116.2810,-135,-0.353429,-0.004418
116.2910,-135,-0.353429,-0.004418
116.3010,-135,-0.353429,-0.004418
116.3110,-135,-0.353429,-0.004418
116.3210,-135,-0.353429,-0.004418
116.3310,-135,-0.353429,-0.004418
116.3410,-135,-0.353429,-0.004418
116.3510,-135,-0.353429,-0.004418
116.3610,-135,-0.353429,-0.004418
116.3710,-135,-0.353429,-0.004418
116.3810,-135,-0.353429,-0.004418
116.3910,-135,-0.353429,-0.004418
116.4010,-135,-0.353429,-0.004418
116.4110,-135,-0.353429,-0.004418
116.4210,-135,-0.353429,-0.004418
116.4310,-135,-0.353429,-0.004418
116.4410,-135,-0.353429,-0.004418
116.4510,-135,-0.353429,-0.004418
116.4610,-135,-0.353429,-0.004418
116.4710,-135,-0.353429,-0.004418
116.4810,-136,-0.356047,-0.004451
116.4910,-136,-0.356047,-0.004451
116.5010,-136,-0.356047,-0.004451
116.5110,-136,-0.356047,-0.004451
116.5210,-136,-0.356047,-0.004451
116.5310,-136,-0.356047,-0.004451
116.5410,-136,-0.356047,-0.004451
116.5510,-136,-0.356047,-0.004451
116.5610,-136,-0.356047,-0.004451
116.5720,-136,-0.356047,-0.004451
116.5810,-136,-0.356047,-0.004451
116.5910,-135,-0.353429,-0.004418
116.6010,-135,-0.353429,-0.004418
116.6110,-135,-0.353429,-0.004418
116.6210,-135,-0.353429,-0.004418
116.6310,-135,-0.353429,-0.004418
116.6410,-135,-0.353429,-0.004418
116.6510,-135,-0.353429,-0.004418
116.6610,-135,-0.353429,-0.004418
116.6710,-135,-0.353429,-0.004418
116.6810,-135,-0.353429,-0.004418
116.6910,-135,-0.353429,-0.004418
116.7010,-135,-0.353429,-0.004418
116.7110,-135,-0.353429,-0.004418
116.7210,-135,-0.353429,-0.004418
116.7310,-136,-0.356047,-0.004451
116.7410,-136,-0.356047,-0.004451
116.7510,-136,-0.356047,-0.004451
116.7610,-136,-0.356047,-0.004451
116.7710,-136,-0.356047,-0.004451
116.7810,-136,-0.356047,-0.004451
116.7910,-136,-0.356047,-0.004451
116.8010,-136,-0.356047,-0.004451
116.8110,-136,-0.356047,-0.004451
116.8210,-136,-0.356047,-0.004451
116.8310,-136,-0.356047,-0.004451
116.8410,-136,-0.356047,-0.004451
116.8510,-136,-0.356047,-0.004451
116.8610,-136,-0.356047,-0.004451
116.8710,-136,-0.356047,-0.004451
116.8810,-136,-0.356047,-0.004451
116.8910,-136,-0.356047,-0.004451
116.9010,-136,-0.356047,-0.004451
116.9110,-136,-0.356047,-0.004451
116.9210,-136,-0.356047,-0.004451
116.9310,-136,-0.356047,-0.004451
116.9410,-136,-0.356047,-0.004451
116.9510,-136,-0.356047,-0.004451
116.9610,-136,-0.356047,-0.004451
116.9710,-136,-0.356047,-0.004451
116.9810,-136,-0.356047,-0.004451
116.9910,-136,-0.356047,-0.004451
117.0010,-136,-0.356047,-0.004451
117.0110,-136,-0.356047,-0.004451
117.0210,-136,-0.356047,-0.004451
117.0310,-136,-0.356047,-0.004451
117.0410,-137,-0.358665,-0.004483
117.0510,-137,-0.358665,-0.004483
117.0610,-137,-0.358665,-0.004483
117.0710,-137,-0.358665,-0.004483
117.0810,-137,-0.358665,-0.004483
117.0910,-137,-0.358665,-0.004483
117.1010,-137,-0.358665,-0.004483
117.1110,-137,-0.358665,-0.004483
117.1210,-137,-0.358665,-0.004483
117.1310,-137,-0.358665,-0.004483
117.1410,-137,-0.358665,-0.004483
117.1510,-137,-0.358665,-0.004483
117.1610,-137,-0.358665,-0.004483
117.1710,-137,-0.358665,-0.004483
117.1810,-137,-0.358665,-0.004483
117.1910,-137,-0.358665,-0.004483
117.2010,-137,-0.358665,-0.004483
117.2120,-137,-0.358665,-0.004483
117.2210,-137,-0.358665,-0.004483
117.2310,-137,-0.358665,-0.004483
117.2410,-137,-0.358665,-0.004483
117.2510,-137,-0.358665,-0.004483
117.2610,-137,-0.358665,-0.004483
117.2710,-137,-0.358665,-0.004483
117.2810,-137,-0.358665,-0.004483
117.2910,-137,-0.358665,-0.004483
117.3010,-137,-0.358665,-0.004483
117.3110,-137,-0.358665,-0.004483
117.3210,-137,-0.358665,-0.004483
117.3310,-137,-0.358665,-0.004483
117.3410,-137,-0.358665,-0.004483
117.3510,-137,-0.358665,-0.004483
117.3610,-137,-0.358665,-0.004483
117.3710,-137,-0.358665,-0.004483
117.3810,-137,-0.358665,-0.004483
117.3910,-137,-0.358665,-0.004483
117.4010,-137,-0.358665,-0.004483
117.4110,-137,-0.358665,-0.004483
117.4210,-137,-0.358665,-0.004483
117.4310,-137,-0.358665,-0.004483
117.4410,-137,-0.358665,-0.004483
117.4510,-137,-0.358665,-0.004483
117.4610,-137,-0.358665,-0.004483
117.4710,-137,-0.358665,-0.004483
117.4810,-137,-0.358665,-0.004483
117.4910,-137,-0.358665,-0.004483
117.5010,-137,-0.358665,-0.004483
117.5110,-137,-0.358665,-0.004483
117.5210,-137,-0.358665,-0.004483
117.5310,-137,-0.358665,-0.004483
117.5410,-137,-0.358665,-0.004483
117.5510,-137,-0.358665,-0.004483
117.5610,-137,-0.358665,-0.004483
117.5710,-137,-0.358665,-0.004483
117.5810,-137,-0.358665,-0.004483
117.5910,-138,-0.361283,-0.004516
117.6010,-138,-0.361283,-0.004516
117.6110,-138,-0.361283,-0.004516
117.6210,-138,-0.361283,-0.004516
117.6310,-138,-0.361283,-0.004516
117.6410,-138,-0.361283,-0.004516
117.6510,-138,-0.361283,-0.004516
117.6610,-138,-0.361283,-0.004516
117.6710,-138,-0.361283,-0.004516
117.6810,-138,-0.361283,-0.004516
117.6910,-138,-0.361283,-0.004516
117.7010,-138,-0.361283,-0.004516
117.7110,-138,-0.361283,-0.004516
117.7210,-138,-0.361283,-0.004516
117.7310,-138,-0.361283,-0.004516
117.7410,-138,-0.361283,-0.004516
117.7510,-138,-0.361283,-0.004516
117.7610,-138,-0.361283,-0.004516
117.7710,-138,-0.361283,-0.004516
117.7810,-138,-0.361283,-0.004516
117.7910,-138,-0.361283,-0.004516
117.8010,-138,-0.361283,-0.004516
117.8110,-138,-0.361283,-0.004516
117.8210,-138,-0.361283,-0.004516
117.8310,-138,-0.361283,-0.004516
117.8410,-138,-0.361283,-0.004516
117.8520,-138,-0.361283,-0.004516
117.8610,-138,-0.361283,-0.004516
117.8710,-138,-0.361283,-0.004516
117.8810,-139,-0.363901,-0.004549
117.8910,-139,-0.363901,-0.004549
117.9010,-139,-0.363901,-0.004549
117.9110,-139,-0.363901,-0.004549
117.9210,-139,-0.363901,-0.004549
117.9310,-139,-0.363901,-0.004549
117.9410,-139,-0.363901,-0.004549
117.9510,-139,-0.363901,-0.004549
117.9610,-139,-0.363901,-0.004549
117.9710,-139,-0.363901,-0.004549
117.9810,-139,-0.363901,-0.004549
117.9910,-139,-0.363901,-0.004549
118.0010,-139,-0.363901,-0.004549
118.0110,-139,-0.363901,-0.004549
118.0210,-139,-0.363901,-0.004549
118.0310,-139,-0.363901,-0.004549
118.0410,-139,-0.363901,-0.004549
118.0510,-139,-0.363901,-0.004549
118.0610,-139,-0.363901,-0.004549
118.0710,-139,-0.363901,-0.004549
118.0810,-139,-0.363901,-0.004549
118.0910,-139,-0.363901,-0.004549
118.1010,-139,-0.363901,-0.004549
118.1110,-139,-0.363901,-0.004549
118.1210,-139,-0.363901,-0.004549
118.1310,-139,-0.363901,-0.004549
118.1410,-139,-0.363901,-0.004549
118.1510,-139,-0.363901,-0.004549
118.1610,-139,-0.363901,-0.004549
118.1710,-139,-0.363901,-0.004549
118.1810,-139,-0.363901,-0.004549
118.1910,-139,-0.363901,-0.004549
118.2010,-139,-0.363901,-0.004549
118.2110,-140,-0.366519,-0.004581
118.2210,-140,-0.366519,-0.004581
118.2310,-140,-0.366519,-0.004581
118.2410,-140,-0.366519,-0.004581
118.2510,-140,-0.366519,-0.004581
118.2610,-140,-0.366519,-0.004581
118.2710,-140,-0.366519,-0.004581
118.2810,-140,-0.366519,-0.004581
118.2910,-140,-0.366519,-0.004581
118.3010,-139,-0.363901,-0.004549
118.3110,-139,-0.363901,-0.004549
118.3210,-139,-0.363901,-0.004549
118.3310,-139,-0.363901,-0.004549
118.3410,-139,-0.363901,-0.004549
118.3510,-139,-0.363901,-0.004549
118.3610,-139,-0.363901,-0.004549
118.3710,-139,-0.363901,-0.004549
118.3810,-139,-0.363901,-0.004549
118.3910,-139,-0.363901,-0.004549
118.4010,-139,-0.363901,-0.004549
118.4110,-139,-0.363901,-0.004549
118.4210,-139,-0.363901,-0.004549
118.4310,-139,-0.363901,-0.004549
118.4410,-140,-0.366519,-0.004581
118.4510,-140,-0.366519,-0.004581
118.4610,-140,-0.366519,-0.004581
118.4710,-140,-0.366519,-0.004581
118.4810,-140,-0.366519,-0.004581
118.4920,-140,-0.366519,-0.004581
118.5010,-140,-0.366519,-0.004581
118.5110,-140,-0.366519,-0.004581
118.5210,-140,-0.366519,-0.004581
118.5310,-140,-0.366519,-0.004581
118.5410,-140,-0.366519,-0.004581
118.5510,-140,-0.366519,-0.004581
118.5610,-140,-0.366519,-0.004581
118.5710,-140,-0.366519,-0.004581
118.5810,-140,-0.366519,-0.004581
118.5910,-140,-0.366519,-0.004581
118.6010,-140,-0.366519,-0.004581
118.6110,-140,-0.366519,-0.004581
118.6210,-140,-0.366519,-0.004581
118.6310,-140,-0.366519,-0.004581
118.6410,-140,-0.366519,-0.004581
118.6510,-140,-0.366519,-0.004581
118.6610,-140,-0.366519,-0.004581
118.6710,-140,-0.366519,-0.004581
118.6810,-140,-0.366519,-0.004581
118.6910,-140,-0.366519,-0.004581
118.7010,-140,-0.366519,-0.004581
118.7110,-140,-0.366519,-0.004581
118.7210,-140,-0.366519,-0.004581
118.7310,-141,-0.369137,-0.004614
118.7410,-141,-0.369137,-0.004614
118.7510,-141,-0.369137,-0.004614
118.7610,-141,-0.369137,-0.004614
118.7710,-141,-0.369137,-0.004614
118.7810,-141,-0.369137,-0.004614
118.7910,-141,-0.369137,-0.004614
118.8010,-141,-0.369137,-0.004614
118.8110,-141,-0.369137,-0.004614
118.8210,-141,-0.369137,-0.004614
118.8310,-141,-0.369137,-0.004614
118.8410,-141,-0.369137,-0.004614
118.8510,-141,-0.369137,-0.004614
118.8610,-141,-0.369137,-0.004614
118.8710,-141,-0.369137,-0.004614
118.8810,-141,-0.369137,-0.004614
118.8910,-141,-0.369137,-0.004614
118.9010,-141,-0.369137,-0.004614
118.9110,-141,-0.369137,-0.004614
118.9210,-141,-0.369137,-0.004614
118.9310,-141,-0.369137,-0.004614
118.9410,-141,-0.369137,-0.004614
118.9510,-141,-0.369137,-0.004614
118.9610,-141,-0.369137,-0.004614
118.9710,-141,-0.369137,-0.004614
118.9810,-141,-0.369137,-0.004614
118.9910,-141,-0.369137,-0.004614
119.0010,-141,-0.369137,-0.004614
119.0110,-141,-0.369137,-0.004614
119.0210,-141,-0.369137,-0.004614
119.0310,-141,-0.369137,-0.004614
119.0410,-142,-0.371755,-0.004647
119.0510,-142,-0.371755,-0.004647
119.0610,-142,-0.371755,-0.004647
119.0710,-142,-0.371755,-0.004647
119.0810,-142,-0.371755,-0.004647
119.0910,-142,-0.371755,-0.004647
119.1010,-142,-0.371755,-0.004647
119.1110,-142,-0.371755,-0.004647
119.1210,-142,-0.371755,-0.004647
119.1320,-142,-0.371755,-0.004647
119.1410,-142,-0.371755,-0.004647
119.1510,-142,-0.371755,-0.004647
119.1610,-141,-0.369137,-0.004614
119.1710,-141,-0.369137,-0.004614
119.1810,-141,-0.369137,-0.004614
119.1910,-141,-0.369137,-0.004614
119.2010,-141,-0.369137,-0.004614
119.2110,-141,-0.369137,-0.004614
119.2210,-141,-0.369137,-0.004614
119.2310,-141,-0.369137,-0.004614
119.2410,-141,-0.369137,-0.004614
119.2510,-141,-0.369137,-0.004614
119.2610,-141,-0.369137,-0.004614
119.2710,-141,-0.369137,-0.004614
119.2810,-141,-0.369137,-0.004614
119.2910,-141,-0.369137,-0.004614
119.3010,-142,-0.371755,-0.004647
119.3110,-142,-0.371755,-0.004647
119.3210,-142,-0.371755,-0.004647
119.3310,-142,-0.371755,-0.004647
119.3410,-142,-0.371755,-0.004647
119.3510,-142,-0.371755,-0.004647
119.3610,-142,-0.371755,-0.004647
119.3710,-142,-0.371755,-0.004647
119.3810,-142,-0.371755,-0.004647
119.3910,-142,-0.371755,-0.004647
119.4010,-142,-0.371755,-0.004647
119.4110,-142,-0.371755,-0.004647
119.4210,-142,-0.371755,-0.004647
119.4310,-142,-0.371755,-0.004647
119.4410,-142,-0.371755,-0.004647
119.4510,-142,-0.371755,-0.004647
119.4610,-142,-0.371755,-0.004647
119.4710,-142,-0.371755,-0.004647
119.4810,-142,-0.371755,-0.004647
119.4910,-142,-0.371755,-0.004647
119.5010,-142,-0.371755,-0.004647
119.5110,-142,-0.371755,-0.004647
119.5210,-142,-0.371755,-0.004647
119.5310,-142,-0.371755,-0.004647
119.5410,-142,-0.371755,-0.004647
119.5510,-142,-0.371755,-0.004647
119.5610,-142,-0.371755,-0.004647
119.5710,-142,-0.371755,-0.004647
119.5810,-142,-0.371755,-0.004647
119.5910,-143,-0.374373,-0.004680
119.6010,-143,-0.374373,-0.004680
119.6110,-143,-0.374373,-0.004680
119.6210,-143,-0.374373,-0.004680
119.6310,-143,-0.374373,-0.004680
119.6410,-143,-0.374373,-0.004680
119.6510,-143,-0.374373,-0.004680
119.6610,-143,-0.374373,-0.004680
119.6710,-143,-0.374373,-0.004680
119.6810,-143,-0.374373,-0.004680
119.6910,-143,-0.374373,-0.004680
119.7010,-143,-0.374373,-0.004680
119.7110,-143,-0.374373,-0.004680
119.7210,-143,-0.374373,-0.004680
119.7310,-143,-0.374373,-0.004680
119.7410,-143,-0.374373,-0.004680
119.7510,-143,-0.374373,-0.004680
119.7610,-143,-0.374373,-0.004680
119.7720,-143,-0.374373,-0.004680
119.7810,-143,-0.374373,-0.004680
119.7910,-143,-0.374373,-0.004680
119.8010,-143,-0.374373,-0.004680
119.8110,-143,-0.374373,-0.004680
119.8210,-143,-0.374373,-0.004680
119.8310,-143,-0.374373,-0.004680
119.8410,-143,-0.374373,-0.004680
119.8510,-143,-0.374373,-0.004680
119.8610,-143,-0.374373,-0.004680
119.8710,-143,-0.374373,-0.004680
119.8810,-143,-0.374373,-0.004680
119.8910,-144,-0.376991,-0.004712
119.9010,-144,-0.376991,-0.004712
119.9110,-144,-0.376991,-0.004712
119.9210,-144,-0.376991,-0.004712
119.9310,-144,-0.376991,-0.004712
119.9410,-144,-0.376991,-0.004712
119.9510,-144,-0.376991,-0.004712
119.9610,-144,-0.376991,-0.004712
119.9710,-144,-0.376991,-0.004712
119.9810,-144,-0.376991,-0.004712
119.9910,-144,-0.376991,-0.004712
120.0010,-144,-0.376991,-0.004712
120.0110,-144,-0.376991,-0.004712
120.0210,-144,-0.376991,-0.004712
120.0310,-144,-0.376991,-0.004712
120.0410,-144,-0.376991,-0.004712
120.0510,-144,-0.376991,-0.004712
120.0610,-144,-0.376991,-0.004712
120.0710,-144,-0.376991,-0.004712
120.0810,-144,-0.376991,-0.004712
120.0910,-144,-0.376991,-0.004712
120.1010,-144,-0.376991,-0.004712
120.1110,-144,-0.376991,-0.004712
120.1210,-144,-0.376991,-0.004712
120.1310,-144,-0.376991,-0.004712
120.1410,-144,-0.376991,-0.004712
120.1510,-144,-0.376991,-0.004712
120.1610,-144,-0.376991,-0.004712
120.1710,-144,-0.376991,-0.004712
120.1810,-144,-0.376991,-0.004712
120.1910,-144,-0.376991,-0.004712
120.2010,-144,-0.376991,-0.004712
120.2110,-144,-0.376991,-0.004712
120.2210,-144,-0.376991,-0.004712
120.2310,-144,-0.376991,-0.004712
120.2410,-144,-0.376991,-0.004712
120.2510,-144,-0.376991,-0.004712
120.2610,-144,-0.376991,-0.004712
120.2710,-144,-0.376991,-0.004712
120.2810,-144,-0.376991,-0.004712
120.2910,-144,-0.376991,-0.004712
120.3010,-144,-0.376991,-0.004712
120.3110,-144,-0.376991,-0.004712
120.3210,-144,-0.376991,-0.004712
120.3310,-144,-0.376991,-0.004712
120.3410,-144,-0.376991,-0.004712
120.3510,-144,-0.376991,-0.004712
120.3610,-144,-0.376991,-0.004712
120.3710,-144,-0.376991,-0.004712
120.3810,-144,-0.376991,-0.004712
120.3910,-144,-0.376991,-0.004712
120.4010,-144,-0.376991,-0.004712
120.4120,-144,-0.376991,-0.004712
120.4210,-144,-0.376991,-0.004712
120.4310,-144,-0.376991,-0.004712
120.4410,-145,-0.379609,-0.004745
120.4510,-145,-0.379609,-0.004745
120.4610,-145,-0.379609,-0.004745
120.4710,-145,-0.379609,-0.004745
120.4810,-145,-0.379609,-0.004745
120.4910,-145,-0.379609,-0.004745
120.5010,-145,-0.379609,-0.004745
120.5110,-145,-0.379609,-0.004745
120.5210,-145,-0.379609,-0.004745
120.5310,-145,-0.379609,-0.004745
120.5410,-145,-0.379609,-0.004745
120.5510,-145,-0.379609,-0.004745
120.5610,-145,-0.379609,-0.004745
120.5710,-145,-0.379609,-0.004745
120.5810,-145,-0.379609,-0.004745
120.5910,-145,-0.379609,-0.004745
120.6010,-145,-0.379609,-0.004745
120.6110,-145,-0.379609,-0.004745
120.6210,-145,-0.379609,-0.004745
120.6310,-145,-0.379609,-0.004745
120.6410,-145,-0.379609,-0.004745
120.6510,-145,-0.379609,-0.004745
120.6610,-145,-0.379609,-0.004745
120.6710,-145,-0.379609,-0.004745
120.6810,-145,-0.379609,-0.004745
120.6910,-145,-0.379609,-0.004745
120.7010,-145,-0.379609,-0.004745
120.7110,-145,-0.379609,-0.004745
120.7210,-145,-0.379609,-0.004745
120.7310,-146,-0.382227,-0.004778
120.7410,-146,-0.382227,-0.004778
120.7510,-146,-0.382227,-0.004778
120.7610,-146,-0.382227,-0.004778
120.7710,-146,-0.382227,-0.004778
120.7810,-146,-0.382227,-0.004778
120.7910,-146,-0.382227,-0.004778
120.8010,-146,-0.382227,-0.004778
120.8110,-146,-0.382227,-0.004778
120.8210,-146,-0.382227,-0.004778
120.8310,-146,-0.382227,-0.004778
120.8410,-146,-0.382227,-0.004778
120.8510,-146,-0.382227,-0.004778
120.8610,-146,-0.382227,-0.004778
120.8710,-146,-0.382227,-0.004778
120.8810,-146,-0.382227,-0.004778
120.8910,-146,-0.382227,-0.004778
120.9010,-146,-0.382227,-0.004778
120.9110,-146,-0.382227,-0.004778
120.9210,-146,-0.382227,-0.004778
120.9310,-146,-0.382227,-0.004778
120.9410,-146,-0.382227,-0.004778
120.9510,-146,-0.382227,-0.004778
120.9610,-146,-0.382227,-0.004778
120.9710,-146,-0.382227,-0.004778
120.9810,-146,-0.382227,-0.004778
120.9910,-146,-0.382227,-0.004778
121.0010,-146,-0.382227,-0.004778
121.0110,-146,-0.382227,-0.004778
121.0210,-146,-0.382227,-0.004778
121.0310,-146,-0.382227,-0.004778
121.0410,-146,-0.382227,-0.004778
121.0520,-146,-0.382227,-0.004778
121.0610,-146,-0.382227,-0.004778
121.0710,-146,-0.382227,-0.004778
121.0810,-146,-0.382227,-0.004778
121.0910,-146,-0.382227,-0.004778
121.1010,-146,-0.382227,-0.004778
121.1110,-146,-0.382227,-0.004778
121.1210,-146,-0.382227,-0.004778
121.1310,-146,-0.382227,-0.004778
121.1410,-146,-0.382227,-0.004778
121.1510,-146,-0.382227,-0.004778
121.1610,-146,-0.382227,-0.004778
121.1710,-146,-0.382227,-0.004778
121.1810,-146,-0.382227,-0.004778
121.1910,-146,-0.382227,-0.004778
121.2010,-146,-0.382227,-0.004778
121.2110,-146,-0.382227,-0.004778
121.2210,-146,-0.382227,-0.004778
121.2310,-146,-0.382227,-0.004778
121.2410,-146,-0.382227,-0.004778
121.2510,-146,-0.382227,-0.004778
121.2610,-146,-0.382227,-0.004778
121.2710,-146,-0.382227,-0.004778
121.2810,-146,-0.382227,-0.004778
121.2910,-147,-0.384845,-0.004811
121.3010,-147,-0.384845,-0.004811
121.3110,-147,-0.384845,-0.004811
121.3210,-147,-0.384845,-0.004811
121.3310,-147,-0.384845,-0.004811
121.3410,-147,-0.384845,-0.004811
121.3510,-147,-0.384845,-0.004811
121.3610,-147,-0.384845,-0.004811
121.3710,-147,-0.384845,-0.004811
121.3810,-147,-0.384845,-0.004811
121.3910,-147,-0.384845,-0.004811
121.4010,-147,-0.384845,-0.004811
121.4110,-147,-0.384845,-0.004811
121.4210,-147,-0.384845,-0.004811
121.4310,-147,-0.384845,-0.004811
121.4410,-147,-0.384845,-0.004811
121.4510,-147,-0.384845,-0.004811
121.4610,-147,-0.384845,-0.004811
121.4710,-147,-0.384845,-0.004811
121.4810,-147,-0.384845,-0.004811
121.4910,-147,-0.384845,-0.004811
121.5010,-147,-0.384845,-0.004811
121.5110,-147,-0.384845,-0.004811
121.5210,-147,-0.384845,-0.004811
121.5310,-147,-0.384845,-0.004811
121.5410,-147,-0.384845,-0.004811
121.5510,-147,-0.384845,-0.004811
121.5610,-147,-0.384845,-0.004811
121.5710,-147,-0.384845,-0.004811
121.5810,-148,-0.387463,-0.004843
121.5910,-148,-0.387463,-0.004843
121.6010,-148,-0.387463,-0.004843
121.6110,-148,-0.387463,-0.004843
121.6210,-148,-0.387463,-0.004843
121.6310,-148,-0.387463,-0.004843
121.6410,-148,-0.387463,-0.004843
121.6510,-148,-0.387463,-0.004843
121.6610,-148,-0.387463,-0.004843
121.6710,-148,-0.387463,-0.004843
121.6810,-148,-0.387463,-0.004843
121.6920,-148,-0.387463,-0.004843
121.7010,-148,-0.387463,-0.004843
121.7110,-148,-0.387463,-0.004843
121.7210,-148,-0.387463,-0.004843
121.7310,-148,-0.387463,-0.004843
121.7410,-148,-0.387463,-0.004843
121.7510,-148,-0.387463,-0.004843
121.7610,-148,-0.387463,-0.004843
121.7710,-148,-0.387463,-0.004843
121.7810,-148,-0.387463,-0.004843
121.7910,-148,-0.387463,-0.004843
121.8010,-148,-0.387463,-0.004843
121.8110,-148,-0.387463,-0.004843
121.8210,-148,-0.387463,-0.004843
121.8310,-148,-0.387463,-0.004843
121.8410,-148,-0.387463,-0.004843
121.8510,-148,-0.387463,-0.004843
121.8610,-148,-0.387463,-0.004843
121.8710,-148,-0.387463,-0.004843
121.8810,-148,-0.387463,-0.004843
121.8910,-148,-0.387463,-0.004843
121.9010,-148,-0.387463,-0.004843
121.9110,-148,-0.387463,-0.004843
121.9210,-148,-0.387463,-0.004843
121.9310,-148,-0.387463,-0.004843
121.9410,-148,-0.387463,-0.004843
121.9510,-148,-0.387463,-0.004843
121.9610,-148,-0.387463,-0.004843
121.9710,-148,-0.387463,-0.004843
121.9810,-148,-0.387463,-0.004843
121.9910,-148,-0.387463,-0.004843
122.0010,-148,-0.387463,-0.004843
122.0110,-148,-0.387463,-0.004843
122.0210,-148,-0.387463,-0.004843
122.0310,-148,-0.387463,-0.004843
122.0410,-148,-0.387463,-0.004843
122.0510,-148,-0.387463,-0.004843
122.0610,-148,-0.387463,-0.004843
122.0710,-148,-0.387463,-0.004843
122.0810,-148,-0.387463,-0.004843
122.0910,-148,-0.387463,-0.004843
122.1010,-148,-0.387463,-0.004843
122.1110,-148,-0.387463,-0.004843
122.1210,-148,-0.387463,-0.004843
122.1310,-148,-0.387463,-0.004843
122.1410,-148,-0.387463,-0.004843
122.1510,-149,-0.390081,-0.004876
122.1610,-149,-0.390081,-0.004876
122.1710,-149,-0.390081,-0.004876
122.1810,-149,-0.390081,-0.004876
122.1910,-149,-0.390081,-0.004876
122.2010,-149,-0.390081,-0.004876
122.2110,-149,-0.390081,-0.004876
122.2210,-149,-0.390081,-0.004876
122.2310,-149,-0.390081,-0.004876
122.2410,-149,-0.390081,-0.004876
122.2510,-149,-0.390081,-0.004876
122.2610,-149,-0.390081,-0.004876
122.2710,-149,-0.390081,-0.004876
122.2810,-149,-0.390081,-0.004876
122.2910,-149,-0.390081,-0.004876
122.3010,-149,-0.390081,-0.004876
122.3110,-149,-0.390081,-0.004876
122.3210,-149,-0.390081,-0.004876
122.3320,-149,-0.390081,-0.004876
122.3410,-149,-0.390081,-0.004876
122.3510,-149,-0.390081,-0.004876
122.3610,-149,-0.390081,-0.004876
122.3710,-149,-0.390081,-0.004876
122.3810,-149,-0.390081,-0.004876
122.3910,-149,-0.390081,-0.004876
122.4010,-149,-0.390081,-0.004876
122.4110,-149,-0.390081,-0.004876
122.4210,-149,-0.390081,-0.004876
122.4310,-149,-0.390081,-0.004876
122.4410,-150,-0.392699,-0.004909
122.4510,-150,-0.392699,-0.004909
122.4610,-150,-0.392699,-0.004909
122.4710,-150,-0.392699,-0.004909
122.4810,-150,-0.392699,-0.004909
122.4910,-150,-0.392699,-0.004909
122.5010,-150,-0.392699,-0.004909
122.5110,-150,-0.392699,-0.004909
122.5210,-150,-0.392699,-0.004909
122.5310,-150,-0.392699,-0.004909
122.5410,-150,-0.392699,-0.004909
122.5510,-150,-0.392699,-0.004909
122.5610,-150,-0.392699,-0.004909
122.5710,-150,-0.392699,-0.004909
122.5810,-150,-0.392699,-0.004909
122.5910,-150,-0.392699,-0.004909
122.6010,-150,-0.392699,-0.004909
122.6110,-150,-0.392699,-0.004909
122.6210,-150,-0.392699,-0.004909
122.6310,-150,-0.392699,-0.004909
122.6410,-150,-0.392699,-0.004909
122.6510,-150,-0.392699,-0.004909
122.6610,-150,-0.392699,-0.004909
122.6710,-150,-0.392699,-0.004909
122.6810,-150,-0.392699,-0.004909
122.6910,-150,-0.392699,-0.004909
122.7010,-150,-0.392699,-0.004909
122.7110,-150,-0.392699,-0.004909
122.7210,-150,-0.392699,-0.004909
122.7310,-150,-0.392699,-0.004909
122.7410,-150,-0.392699,-0.004909
122.7510,-150,-0.392699,-0.004909
122.7610,-150,-0.392699,-0.004909
122.7710,-150,-0.392699,-0.004909
122.7810,-150,-0.392699,-0.004909
122.7910,-150,-0.392699,-0.004909
122.8010,-150,-0.392699,-0.004909
122.8110,-150,-0.392699,-0.004909
122.8210,-150,-0.392699,-0.004909
122.8310,-150,-0.392699,-0.004909
122.8410,-150,-0.392699,-0.004909
122.8510,-150,-0.392699,-0.004909
122.8610,-150,-0.392699,-0.004909
122.8710,-150,-0.392699,-0.004909
122.8810,-150,-0.392699,-0.004909
122.8910,-150,-0.392699,-0.004909
122.9010,-150,-0.392699,-0.004909
122.9110,-150,-0.392699,-0.004909
122.9210,-150,-0.392699,-0.004909
122.9310,-150,-0.392699,-0.004909
122.9410,-150,-0.392699,-0.004909
122.9510,-150,-0.392699,-0.004909
122.9610,-150,-0.392699,-0.004909
122.9720,-150,-0.392699,-0.004909
122.9810,-151,-0.395317,-0.004941
122.9910,-151,-0.395317,-0.004941
123.0010,-151,-0.395317,-0.004941
123.0110,-151,-0.395317,-0.004941
123.0210,-151,-0.395317,-0.004941
123.0310,-151,-0.395317,-0.004941
123.0410,-151,-0.395317,-0.004941
123.0510,-151,-0.395317,-0.004941
123.0610,-151,-0.395317,-0.004941
123.0710,-151,-0.395317,-0.004941
123.0810,-151,-0.395317,-0.004941
123.0910,-151,-0.395317,-0.004941
123.1010,-151,-0.395317,-0.004941
123.1110,-151,-0.395317,-0.004941
123.1210,-151,-0.395317,-0.004941
123.1310,-151,-0.395317,-0.004941
123.1410,-151,-0.395317,-0.004941
123.1510,-151,-0.395317,-0.004941
123.1610,-151,-0.395317,-0.004941
123.1710,-151,-0.395317,-0.004941
123.1810,-151,-0.395317,-0.004941
123.1910,-151,-0.395317,-0.004941
123.2010,-152,-0.397935,-0.004974
123.2110,-152,-0.397935,-0.004974
123.2210,-152,-0.397935,-0.004974
123.2310,-152,-0.397935,-0.004974
123.2410,-152,-0.397935,-0.004974
123.2510,-152,-0.397935,-0.004974
123.2610,-152,-0.397935,-0.004974
123.2710,-152,-0.397935,-0.004974
123.2810,-152,-0.397935,-0.004974
123.2910,-152,-0.397935,-0.004974
123.3010,-152,-0.397935,-0.004974
123.3110,-152,-0.397935,-0.004974
123.3210,-152,-0.397935,-0.004974
123.3310,-152,-0.397935,-0.004974
123.3410,-152,-0.397935,-0.004974
123.3510,-152,-0.397935,-0.004974
123.3610,-152,-0.397935,-0.004974
123.3710,-152,-0.397935,-0.004974
123.3810,-152,-0.397935,-0.004974
123.3910,-152,-0.397935,-0.004974
123.4010,-152,-0.397935,-0.004974
123.4110,-152,-0.397935,-0.004974
123.4210,-152,-0.397935,-0.004974
123.4310,-152,-0.397935,-0.004974
123.4410,-152,-0.397935,-0.004974
123.4510,-152,-0.397935,-0.004974
123.4610,-152,-0.397935,-0.004974
123.4710,-152,-0.397935,-0.004974
123.4810,-152,-0.397935,-0.004974
123.4910,-152,-0.397935,-0.004974
123.5010,-152,-0.397935,-0.004974
123.5110,-152,-0.397935,-0.004974
123.5210,-152,-0.397935,-0.004974
123.5310,-152,-0.397935,-0.004974
123.5410,-152,-0.397935,-0.004974
123.5510,-152,-0.397935,-0.004974
123.5610,-152,-0.397935,-0.004974
123.5710,-153,-0.400553,-0.005007
123.5810,-153,-0.400553,-0.005007
123.5910,-153,-0.400553,-0.005007
123.6010,-153,-0.400553,-0.005007
123.6120,-153,-0.400553,-0.005007
123.6210,-153,-0.400553,-0.005007
123.6310,-153,-0.400553,-0.005007
123.6410,-153,-0.400553,-0.005007
123.6510,-153,-0.400553,-0.005007
123.6610,-153,-0.400553,-0.005007
123.6710,-153,-0.400553,-0.005007
123.6810,-153,-0.400553,-0.005007
123.6910,-153,-0.400553,-0.005007
123.7010,-153,-0.400553,-0.005007
123.7110,-153,-0.400553,-0.005007
123.7210,-153,-0.400553,-0.005007
123.7310,-153,-0.400553,-0.005007
123.7410,-153,-0.400553,-0.005007
123.7510,-153,-0.400553,-0.005007
123.7610,-153,-0.400553,-0.005007
123.7710,-154,-0.403171,-0.005040
123.7810,-154,-0.403171,-0.005040
123.7910,-154,-0.403171,-0.005040
123.8010,-154,-0.403171,-0.005040
123.8110,-154,-0.403171,-0.005040
123.8210,-154,-0.403171,-0.005040
123.8310,-153,-0.400553,-0.005007
123.8410,-153,-0.400553,-0.005007
123.8510,-153,-0.400553,-0.005007
123.8610,-153,-0.400553,-0.005007
123.8710,-153,-0.400553,-0.005007
123.8810,-153,-0.400553,-0.005007
123.8910,-153,-0.400553,-0.005007
123.9010,-153,-0.400553,-0.005007
123.9110,-153,-0.400553,-0.005007
123.9210,-153,-0.400553,-0.005007
123.9310,-154,-0.403171,-0.005040
123.9410,-154,-0.403171,-0.005040
123.9510,-154,-0.403171,-0.005040
123.9610,-154,-0.403171,-0.005040
123.9710,-154,-0.403171,-0.005040
123.9810,-154,-0.403171,-0.005040
123.9910,-154,-0.403171,-0.005040
124.0010,-154,-0.403171,-0.005040
124.0110,-154,-0.403171,-0.005040
124.0210,-154,-0.403171,-0.005040
124.0310,-154,-0.403171,-0.005040
124.0410,-154,-0.403171,-0.005040
124.0510,-154,-0.403171,-0.005040
124.0610,-154,-0.403171,-0.005040
124.0710,-154,-0.403171,-0.005040
124.0810,-154,-0.403171,-0.005040
124.0910,-154,-0.403171,-0.005040
124.1010,-154,-0.403171,-0.005040
124.1110,-154,-0.403171,-0.005040
124.1210,-155,-0.405789,-0.005072
124.1310,-155,-0.405789,-0.005072
124.1410,-155,-0.405789,-0.005072
124.1510,-155,-0.405789,-0.005072
124.1610,-155,-0.405789,-0.005072
124.1710,-155,-0.405789,-0.005072
124.1810,-155,-0.405789,-0.005072
124.1910,-155,-0.405789,-0.005072
124.2010,-155,-0.405789,-0.005072
124.2110,-155,-0.405789,-0.005072
124.2210,-155,-0.405789,-0.005072
124.2310,-155,-0.405789,-0.005072
124.2410,-155,-0.405789,-0.005072
124.2520,-155,-0.405789,-0.005072
124.2610,-155,-0.405789,-0.005072
124.2710,-155,-0.405789,-0.005072
124.2810,-155,-0.405789,-0.005072
124.2910,-155,-0.405789,-0.005072
124.3010,-155,-0.405789,-0.005072
124.3110,-155,-0.405789,-0.005072
124.3210,-156,-0.408407,-0.005105
124.3310,-156,-0.408407,-0.005105
124.3410,-156,-0.408407,-0.005105
124.3510,-156,-0.408407,-0.005105
124.3610,-156,-0.408407,-0.005105
124.3710,-156,-0.408407,-0.005105
124.3810,-156,-0.408407,-0.005105
124.3910,-156,-0.408407,-0.005105
124.4010,-156,-0.408407,-0.005105
124.4110,-156,-0.408407,-0.005105
124.4210,-156,-0.408407,-0.005105
124.4310,-156,-0.408407,-0.005105
124.4410,-156,-0.408407,-0.005105
124.4510,-156,-0.408407,-0.005105
124.4610,-156,-0.408407,-0.005105
124.4710,-156,-0.408407,-0.005105
124.4810,-156,-0.408407,-0.005105
124.4910,-156,-0.408407,-0.005105
124.5010,-156,-0.408407,-0.005105
124.5110,-156,-0.408407,-0.005105
124.5210,-156,-0.408407,-0.005105
124.5310,-156,-0.408407,-0.005105
124.5410,-156,-0.408407,-0.005105
124.5510,-156,-0.408407,-0.005105
124.5610,-156,-0.408407,-0.005105
124.5710,-156,-0.408407,-0.005105
124.5810,-156,-0.408407,-0.005105
124.5910,-156,-0.408407,-0.005105
124.6010,-156,-0.408407,-0.005105
124.6110,-156,-0.408407,-0.005105
124.6210,-156,-0.408407,-0.005105
124.6310,-156,-0.408407,-0.005105
124.6410,-156,-0.408407,-0.005105
124.6510,-156,-0.408407,-0.005105
124.6610,-156,-0.408407,-0.005105
124.6710,-156,-0.408407,-0.005105
124.6810,-157,-0.411025,-0.005138
124.6910,-157,-0.411025,-0.005138
124.7010,-157,-0.411025,-0.005138
124.7110,-157,-0.411025,-0.005138
124.7210,-157,-0.411025,-0.005138
124.7310,-157,-0.411025,-0.005138
124.7410,-157,-0.411025,-0.005138
124.7510,-157,-0.411025,-0.005138
124.7610,-157,-0.411025,-0.005138
124.7710,-157,-0.411025,-0.005138
124.7810,-157,-0.411025,-0.005138
124.7910,-157,-0.411025,-0.005138
124.8010,-157,-0.411025,-0.005138
124.8110,-157,-0.411025,-0.005138
124.8210,-157,-0.411025,-0.005138
124.8310,-157,-0.411025,-0.005138
124.8410,-157,-0.411025,-0.005138
124.8510,-157,-0.411025,-0.005138
124.8610,-157,-0.411025,-0.005138
124.8710,-157,-0.411025,-0.005138
124.8810,-158,-0.413643,-0.005171
124.8920,-158,-0.413643,-0.005171
124.9010,-158,-0.413643,-0.005171
124.9110,-158,-0.413643,-0.005171
124.9210,-158,-0.413643,-0.005171
124.9310,-158,-0.413643,-0.005171
124.9410,-158,-0.413643,-0.005171
124.9510,-158,-0.413643,-0.005171
124.9610,-158,-0.413643,-0.005171
124.9710,-158,-0.413643,-0.005171
124.9810,-158,-0.413643,-0.005171
124.9910,-158,-0.413643,-0.005171
125.0010,-158,-0.413643,-0.005171
125.0110,-158,-0.413643,-0.005171
125.0210,-158,-0.413643,-0.005171
125.0310,-158,-0.413643,-0.005171
125.0410,-158,-0.413643,-0.005171
125.0510,-158,-0.413643,-0.005171
125.0610,-158,-0.413643,-0.005171
125.0710,-158,-0.413643,-0.005171
125.0810,-158,-0.413643,-0.005171
125.0910,-159,-0.416261,-0.005203
125.1010,-159,-0.416261,-0.005203
125.1110,-159,-0.416261,-0.005203
125.1210,-159,-0.416261,-0.005203
125.1310,-159,-0.416261,-0.005203
125.1410,-159,-0.416261,-0.005203
125.1510,-158,-0.413643,-0.005171
125.1610,-158,-0.413643,-0.005171
125.1710,-158,-0.413643,-0.005171
125.1810,-158,-0.413643,-0.005171
125.1910,-158,-0.413643,-0.005171
125.2010,-158,-0.413643,-0.005171
125.2110,-158,-0.413643,-0.005171
125.2210,-158,-0.413643,-0.005171
125.2310,-158,-0.413643,-0.005171
125.2410,-158,-0.413643,-0.005171
125.2510,-159,-0.416261,-0.005203
125.2610,-159,-0.416261,-0.005203
125.2710,-159,-0.416261,-0.005203
125.2810,-159,-0.416261,-0.005203
125.2910,-159,-0.416261,-0.005203
125.3010,-159,-0.416261,-0.005203
125.3110,-159,-0.416261,-0.005203
125.3210,-159,-0.416261,-0.005203
125.3310,-159,-0.416261,-0.005203
125.3410,-159,-0.416261,-0.005203
125.3510,-159,-0.416261,-0.005203
125.3610,-159,-0.416261,-0.005203
125.3710,-159,-0.416261,-0.005203
125.3810,-159,-0.416261,-0.005203
125.3910,-159,-0.416261,-0.005203
125.4010,-159,-0.416261,-0.005203
125.4110,-159,-0.416261,-0.005203
125.4210,-159,-0.416261,-0.005203
125.4310,-159,-0.416261,-0.005203
125.4410,-160,-0.418879,-0.005236
125.4510,-160,-0.418879,-0.005236
125.4610,-160,-0.418879,-0.005236
125.4710,-160,-0.418879,-0.005236
125.4810,-160,-0.418879,-0.005236
125.4910,-160,-0.418879,-0.005236
125.5010,-160,-0.418879,-0.005236
125.5110,-160,-0.418879,-0.005236
125.5210,-160,-0.418879,-0.005236
125.5320,-160,-0.418879,-0.005236
125.5410,-160,-0.418879,-0.005236
125.5510,-160,-0.418879,-0.005236
125.5610,-160,-0.418879,-0.005236
125.5710,-160,-0.418879,-0.005236
125.5810,-160,-0.418879,-0.005236
125.5910,-160,-0.418879,-0.005236
125.6010,-160,-0.418879,-0.005236
125.6110,-160,-0.418879,-0.005236
125.6210,-160,-0.418879,-0.005236
125.6310,-160,-0.418879,-0.005236
125.6410,-160,-0.418879,-0.005236
125.6510,-161,-0.421497,-0.005269
125.6610,-161,-0.421497,-0.005269
125.6710,-161,-0.421497,-0.005269
125.6810,-161,-0.421497,-0.005269
125.6910,-161,-0.421497,-0.005269
125.7010,-161,-0.421497,-0.005269
125.7110,-160,-0.418879,-0.005236
125.7210,-160,-0.418879,-0.005236
125.7310,-160,-0.418879,-0.005236
125.7410,-160,-0.418879,-0.005236
125.7510,-160,-0.418879,-0.005236
125.7610,-160,-0.418879,-0.005236
125.7710,-160,-0.418879,-0.005236
125.7810,-160,-0.418879,-0.005236
125.7910,-160,-0.418879,-0.005236
125.8010,-160,-0.418879,-0.005236
125.8110,-161,-0.421497,-0.005269
125.8210,-161,-0.421497,-0.005269
125.8310,-161,-0.421497,-0.005269
125.8410,-161,-0.421497,-0.005269
125.8510,-161,-0.421497,-0.005269
125.8610,-161,-0.421497,-0.005269
125.8710,-161,-0.421497,-0.005269
125.8810,-161,-0.421497,-0.005269
125.8910,-161,-0.421497,-0.005269
125.9010,-161,-0.421497,-0.005269
125.9110,-161,-0.421497,-0.005269
125.9210,-161,-0.421497,-0.005269
125.9310,-161,-0.421497,-0.005269
125.9410,-161,-0.421497,-0.005269
125.9510,-161,-0.421497,-0.005269
125.9610,-161,-0.421497,-0.005269
125.9710,-161,-0.421497,-0.005269
125.9810,-161,-0.421497,-0.005269
125.9910,-161,-0.421497,-0.005269
126.0010,-162,-0.424115,-0.005301
126.0110,-162,-0.424115,-0.005301
126.0210,-162,-0.424115,-0.005301
126.0310,-162,-0.424115,-0.005301
126.0410,-162,-0.424115,-0.005301
126.0510,-162,-0.424115,-0.005301
126.0610,-162,-0.424115,-0.005301
126.0710,-162,-0.424115,-0.005301
126.0810,-162,-0.424115,-0.005301
126.0910,-162,-0.424115,-0.005301
126.1010,-162,-0.424115,-0.005301
126.1110,-162,-0.424115,-0.005301
126.1210,-162,-0.424115,-0.005301
126.1310,-162,-0.424115,-0.005301
126.1410,-162,-0.424115,-0.005301
126.1510,-162,-0.424115,-0.005301
126.1610,-162,-0.424115,-0.005301
126.1720,-162,-0.424115,-0.005301
126.1810,-162,-0.424115,-0.005301
126.1910,-162,-0.424115,-0.005301
126.2010,-163,-0.426733,-0.005334
126.2110,-163,-0.426733,-0.005334
126.2210,-163,-0.426733,-0.005334
126.2310,-163,-0.426733,-0.005334
126.2410,-163,-0.426733,-0.005334
126.2510,-163,-0.426733,-0.005334
126.2610,-163,-0.426733,-0.005334
126.2710,-163,-0.426733,-0.005334
126.2810,-163,-0.426733,-0.005334
126.2910,-163,-0.426733,-0.005334
126.3010,-163,-0.426733,-0.005334
126.3110,-163,-0.426733,-0.005334
126.3210,-163,-0.426733,-0.005334
126.3310,-163,-0.426733,-0.005334
126.3410,-163,-0.426733,-0.005334
126.3510,-163,-0.426733,-0.005334
126.3610,-163,-0.426733,-0.005334
126.3710,-163,-0.426733,-0.005334
126.3810,-163,-0.426733,-0.005334
126.3910,-164,-0.429351,-0.005367
126.4010,-164,-0.429351,-0.005367
126.4110,-164,-0.429351,-0.005367
126.4210,-164,-0.429351,-0.005367
126.4310,-164,-0.429351,-0.005367
126.4410,-164,-0.429351,-0.005367
126.4510,-164,-0.429351,-0.005367
126.4610,-164,-0.429351,-0.005367
126.4710,-164,-0.429351,-0.005367
126.4810,-164,-0.429351,-0.005367
126.4910,-164,-0.429351,-0.005367
126.5010,-164,-0.429351,-0.005367
126.5110,-164,-0.429351,-0.005367
126.5210,-164,-0.429351,-0.005367
126.5310,-164,-0.429351,-0.005367
126.5410,-164,-0.429351,-0.005367
126.5510,-164,-0.429351,-0.005367
126.5610,-164,-0.429351,-0.005367
126.5710,-164,-0.429351,-0.005367
126.5810,-164,-0.429351,-0.005367
126.5910,-165,-0.431969,-0.005400
126.6010,-165,-0.431969,-0.005400
126.6110,-165,-0.431969,-0.005400
126.6210,-165,-0.431969,-0.005400
126.6310,-165,-0.431969,-0.005400
126.6410,-165,-0.431969,-0.005400
126.6510,-164,-0.429351,-0.005367
126.6610,-164,-0.429351,-0.005367
126.6710,-164,-0.429351,-0.005367
126.6810,-164,-0.429351,-0.005367
126.6910,-164,-0.429351,-0.005367
126.7010,-164,-0.429351,-0.005367
126.7110,-164,-0.429351,-0.005367
126.7210,-164,-0.429351,-0.005367
126.7310,-164,-0.429351,-0.005367
126.7410,-164,-0.429351,-0.005367
126.7510,-165,-0.431969,-0.005400
126.7610,-165,-0.431969,-0.005400
126.7710,-165,-0.431969,-0.005400
126.7810,-166,-0.434587,-0.005432
126.7910,-166,-0.434587,-0.005432
126.8010,-166,-0.434587,-0.005432
126.8120,-166,-0.434587,-0.005432
126.8210,-166,-0.434587,-0.005432
126.8310,-166,-0.434587,-0.005432
126.8410,-165,-0.431969,-0.005400
126.8510,-165,-0.431969,-0.005400
126.8610,-165,-0.431969,-0.005400
126.8710,-165,-0.431969,-0.005400
126.8810,-165,-0.431969,-0.005400
126.8910,-165,-0.431969,-0.005400
126.9010,-165,-0.431969,-0.005400
126.9110,-165,-0.431969,-0.005400
126.9210,-165,-0.431969,-0.005400
126.9310,-165,-0.431969,-0.005400
126.9410,-166,-0.434587,-0.005432
126.9510,-166,-0.434587,-0.005432
126.9610,-166,-0.434587,-0.005432
126.9710,-167,-0.437205,-0.005465
126.9810,-167,-0.437205,-0.005465
126.9910,-167,-0.437205,-0.005465
127.0010,-167,-0.437205,-0.005465
127.0110,-167,-0.437205,-0.005465
127.0210,-167,-0.437205,-0.005465
127.0310,-166,-0.434587,-0.005432
127.0410,-166,-0.434587,-0.005432
127.0510,-166,-0.434587,-0.005432
127.0610,-166,-0.434587,-0.005432
127.0710,-166,-0.434587,-0.005432
127.0810,-166,-0.434587,-0.005432
127.0910,-166,-0.434587,-0.005432
127.1010,-166,-0.434587,-0.005432
127.1110,-166,-0.434587,-0.005432
127.1210,-166,-0.434587,-0.005432
127.1310,-167,-0.437205,-0.005465
127.1410,-167,-0.437205,-0.005465
127.1510,-168,-0.439823,-0.005498
127.1610,-168,-0.439823,-0.005498
127.1710,-168,-0.439823,-0.005498
127.1810,-168,-0.439823,-0.005498
127.1910,-168,-0.439823,-0.005498
127.2010,-168,-0.439823,-0.005498
127.2110,-168,-0.439823,-0.005498
127.2210,-167,-0.437205,-0.005465
127.2310,-167,-0.437205,-0.005465
127.2410,-167,-0.437205,-0.005465
127.2510,-167,-0.437205,-0.005465
127.2610,-167,-0.437205,-0.005465
127.2710,-167,-0.437205,-0.005465
127.2810,-167,-0.437205,-0.005465
127.2910,-167,-0.437205,-0.005465
127.3010,-167,-0.437205,-0.005465
127.3110,-168,-0.439823,-0.005498
127.3210,-168,-0.439823,-0.005498
127.3310,-168,-0.439823,-0.005498
127.3410,-169,-0.442441,-0.005531
127.3510,-169,-0.442441,-0.005531
127.3610,-169,-0.442441,-0.005531
127.3710,-169,-0.442441,-0.005531
127.3810,-169,-0.442441,-0.005531
127.3910,-169,-0.442441,-0.005531
127.4010,-168,-0.439823,-0.005498
127.4110,-168,-0.439823,-0.005498
127.4210,-168,-0.439823,-0.005498
127.4310,-168,-0.439823,-0.005498
127.4410,-168,-0.439823,-0.005498
127.4520,-168,-0.439823,-0.005498
127.4610,-168,-0.439823,-0.005498
127.4710,-168,-0.439823,-0.005498
127.4810,-168,-0.439823,-0.005498
127.4910,-168,-0.439823,-0.005498
127.5010,-169,-0.442441,-0.005531
127.5110,-169,-0.442441,-0.005531
127.5210,-170,-0.445059,-0.005563
127.5310,-170,-0.445059,-0.005563
127.5410,-170,-0.445059,-0.005563
127.5510,-170,-0.445059,-0.005563
127.5610,-170,-0.445059,-0.005563
127.5710,-170,-0.445059,-0.005563
127.5810,-170,-0.445059,-0.005563
127.5910,-170,-0.445059,-0.005563
127.6010,-170,-0.445059,-0.005563
127.6110,-170,-0.445059,-0.005563
127.6210,-170,-0.445059,-0.005563
127.6310,-170,-0.445059,-0.005563
127.6410,-170,-0.445059,-0.005563
127.6510,-170,-0.445059,-0.005563
127.6610,-170,-0.445059,-0.005563
127.6710,-170,-0.445059,-0.005563
127.6810,-170,-0.445059,-0.005563
127.6910,-170,-0.445059,-0.005563
127.7010,-171,-0.447677,-0.005596
127.7110,-171,-0.447677,-0.005596
127.7210,-171,-0.447677,-0.005596
127.7310,-171,-0.447677,-0.005596
127.7410,-171,-0.447677,-0.005596
127.7510,-171,-0.447677,-0.005596
127.7610,-171,-0.447677,-0.005596
127.7710,-171,-0.447677,-0.005596
127.7810,-171,-0.447677,-0.005596
127.7910,-171,-0.447677,-0.005596
127.8010,-171,-0.447677,-0.005596
127.8110,-171,-0.447677,-0.005596
127.8210,-171,-0.447677,-0.005596
127.8310,-171,-0.447677,-0.005596
127.8410,-171,-0.447677,-0.005596
127.8510,-171,-0.447677,-0.005596
127.8610,-171,-0.447677,-0.005596
127.8710,-171,-0.447677,-0.005596
127.8810,-171,-0.447677,-0.005596
127.8910,-172,-0.450295,-0.005629
127.9010,-172,-0.450295,-0.005629
127.9110,-172,-0.450295,-0.005629
127.9210,-172,-0.450295,-0.005629
127.9310,-172,-0.450295,-0.005629
127.9410,-172,-0.450295,-0.005629
127.9510,-172,-0.450295,-0.005629
127.9610,-172,-0.450295,-0.005629
127.9710,-172,-0.450295,-0.005629
127.9810,-172,-0.450295,-0.005629
127.9910,-172,-0.450295,-0.005629
128.0010,-172,-0.450295,-0.005629
128.0110,-172,-0.450295,-0.005629
128.0210,-172,-0.450295,-0.005629
128.0310,-172,-0.450295,-0.005629
128.0410,-172,-0.450295,-0.005629
128.0510,-172,-0.450295,-0.005629
128.0610,-172,-0.450295,-0.005629
128.0710,-173,-0.452913,-0.005661
128.0810,-173,-0.452913,-0.005661
128.0920,-173,-0.452913,-0.005661
128.1010,-174,-0.455531,-0.005694
128.1110,-174,-0.455531,-0.005694
128.1210,-174,-0.455531,-0.005694
128.1310,-174,-0.455531,-0.005694
128.1410,-174,-0.455531,-0.005694
128.1510,-173,-0.452913,-0.005661
128.1610,-173,-0.452913,-0.005661
128.1710,-173,-0.452913,-0.005661
128.1810,-173,-0.452913,-0.005661
128.1910,-173,-0.452913,-0.005661
128.2010,-173,-0.452913,-0.005661
128.2110,-173,-0.452913,-0.005661
128.2210,-173,-0.452913,-0.005661
128.2310,-173,-0.452913,-0.005661
128.2410,-173,-0.452913,-0.005661
128.2510,-174,-0.455531,-0.005694
128.2610,-174,-0.455531,-0.005694
128.2710,-174,-0.455531,-0.005694
128.2810,-175,-0.458149,-0.005727
128.2910,-175,-0.458149,-0.005727
128.3010,-175,-0.458149,-0.005727
128.3110,-175,-0.458149,-0.005727
128.3210,-175,-0.458149,-0.005727
128.3310,-175,-0.458149,-0.005727
128.3410,-175,-0.458149,-0.005727
128.3510,-175,-0.458149,-0.005727
128.3610,-175,-0.458149,-0.005727
128.3710,-175,-0.458149,-0.005727
128.3810,-175,-0.458149,-0.005727
128.3910,-175,-0.458149,-0.005727
128.4010,-175,-0.458149,-0.005727
128.4110,-175,-0.458149,-0.005727
128.4210,-175,-0.458149,-0.005727
128.4310,-175,-0.458149,-0.005727
128.4410,-175,-0.458149,-0.005727
128.4510,-176,-0.460767,-0.005760
128.4610,-176,-0.460767,-0.005760
128.4710,-176,-0.460767,-0.005760
128.4810,-176,-0.460767,-0.005760
128.4910,-176,-0.460767,-0.005760
128.5010,-176,-0.460767,-0.005760
128.5110,-176,-0.460767,-0.005760
128.5210,-176,-0.460767,-0.005760
128.5310,-176,-0.460767,-0.005760
128.5410,-176,-0.460767,-0.005760
128.5510,-176,-0.460767,-0.005760
128.5610,-176,-0.460767,-0.005760
128.5710,-176,-0.460767,-0.005760
128.5810,-176,-0.460767,-0.005760
128.5910,-176,-0.460767,-0.005760
128.6010,-176,-0.460767,-0.005760
128.6110,-176,-0.460767,-0.005760
128.6210,-176,-0.460767,-0.005760
128.6310,-176,-0.460767,-0.005760
128.6410,-177,-0.463385,-0.005792
128.6510,-177,-0.463385,-0.005792
128.6610,-178,-0.466003,-0.005825
128.6710,-178,-0.466003,-0.005825
128.6810,-178,-0.466003,-0.005825
128.6910,-178,-0.466003,-0.005825
128.7010,-178,-0.466003,-0.005825
128.7110,-177,-0.463385,-0.005792
128.7210,-177,-0.463385,-0.005792
128.7320,-177,-0.463385,-0.005792
128.7410,-177,-0.463385,-0.005792
128.7510,-177,-0.463385,-0.005792
128.7610,-177,-0.463385,-0.005792
128.7710,-177,-0.463385,-0.005792
128.7810,-177,-0.463385,-0.005792
128.7910,-177,-0.463385,-0.005792
128.8010,-177,-0.463385,-0.005792
128.8110,-177,-0.463385,-0.005792
128.8210,-178,-0.466003,-0.005825
128.8310,-179,-0.468621,-0.005858
128.8410,-179,-0.468621,-0.005858
128.8510,-179,-0.468621,-0.005858
128.8610,-179,-0.468621,-0.005858
128.8710,-179,-0.468621,-0.005858
128.8810,-179,-0.468621,-0.005858
128.8910,-179,-0.468621,-0.005858
128.9010,-179,-0.468621,-0.005858
128.9110,-179,-0.468621,-0.005858
128.9210,-179,-0.468621,-0.005858
128.9310,-179,-0.468621,-0.005858
128.9410,-179,-0.468621,-0.005858
128.9510,-179,-0.468621,-0.005858
128.9610,-179,-0.468621,-0.005858
128.9710,-179,-0.468621,-0.005858
128.9810,-179,-0.468621,-0.005858
128.9910,-179,-0.468621,-0.005858
129.0010,-179,-0.468621,-0.005858
129.0110,-180,-0.471239,-0.005890
129.0210,-180,-0.471239,-0.005890
129.0310,-180,-0.471239,-0.005890
129.0410,-180,-0.471239,-0.005890
129.0510,-180,-0.471239,-0.005890
129.0610,-181,-0.473857,-0.005923
129.0710,-181,-0.473857,-0.005923
129.0810,-180,-0.471239,-0.005890
129.0910,-180,-0.471239,-0.005890
129.1010,-180,-0.471239,-0.005890
129.1110,-180,-0.471239,-0.005890
129.1210,-180,-0.471239,-0.005890
129.1310,-180,-0.471239,-0.005890
129.1410,-180,-0.471239,-0.005890
129.1510,-180,-0.471239,-0.005890
129.1610,-180,-0.471239,-0.005890
129.1710,-180,-0.471239,-0.005890
129.1810,-180,-0.471239,-0.005890
129.1910,-181,-0.473857,-0.005923
129.2010,-181,-0.473857,-0.005923
129.2110,-182,-0.476475,-0.005956
129.2210,-182,-0.476475,-0.005956
129.2310,-182,-0.476475,-0.005956
129.2410,-182,-0.476475,-0.005956
129.2510,-182,-0.476475,-0.005956
129.2610,-182,-0.476475,-0.005956
129.2710,-182,-0.476475,-0.005956
129.2810,-182,-0.476475,-0.005956
129.2910,-182,-0.476475,-0.005956
129.3010,-182,-0.476475,-0.005956
129.3110,-182,-0.476475,-0.005956
129.3210,-182,-0.476475,-0.005956
129.3310,-182,-0.476475,-0.005956
129.3410,-182,-0.476475,-0.005956
129.3510,-182,-0.476475,-0.005956
129.3610,-182,-0.476475,-0.005956
129.3720,-182,-0.476475,-0.005956
129.3810,-182,-0.476475,-0.005956
129.3910,-183,-0.479093,-0.005989
129.4010,-183,-0.479093,-0.005989
129.4110,-184,-0.481711,-0.006021
129.4210,-184,-0.481711,-0.006021
129.4310,-184,-0.481711,-0.006021
129.4410,-184,-0.481711,-0.006021
129.4510,-184,-0.481711,-0.006021
129.4610,-184,-0.481711,-0.006021
129.4710,-184,-0.481711,-0.006021
129.4810,-184,-0.481711,-0.006021
129.4910,-184,-0.481711,-0.006021
129.5010,-184,-0.481711,-0.006021
129.5110,-184,-0.481711,-0.006021
129.5210,-184,-0.481711,-0.006021
129.5310,-184,-0.481711,-0.006021
129.5410,-184,-0.481711,-0.006021
129.5510,-184,-0.481711,-0.006021
129.5610,-184,-0.481711,-0.006021
129.5710,-184,-0.481711,-0.006021
129.5810,-185,-0.484329,-0.006054
129.5910,-185,-0.484329,-0.006054
129.6010,-186,-0.486947,-0.006087
129.6110,-186,-0.486947,-0.006087
129.6210,-186,-0.486947,-0.006087
129.6310,-186,-0.486947,-0.006087
129.6410,-186,-0.486947,-0.006087
129.6510,-186,-0.486947,-0.006087
129.6610,-186,-0.486947,-0.006087
129.6710,-186,-0.486947,-0.006087
129.6810,-186,-0.486947,-0.006087
129.6910,-186,-0.486947,-0.006087
129.7010,-186,-0.486947,-0.006087
129.7110,-186,-0.486947,-0.006087
129.7210,-186,-0.486947,-0.006087
129.7310,-186,-0.486947,-0.006087
129.7410,-186,-0.486947,-0.006087
129.7510,-186,-0.486947,-0.006087
129.7610,-186,-0.486947,-0.006087
129.7710,-187,-0.489565,-0.006120
129.7810,-187,-0.489565,-0.006120
129.7910,-188,-0.492183,-0.006152
129.8010,-188,-0.492183,-0.006152
129.8110,-188,-0.492183,-0.006152
129.8210,-188,-0.492183,-0.006152
129.8310,-188,-0.492183,-0.006152
129.8410,-188,-0.492183,-0.006152
129.8510,-188,-0.492183,-0.006152
129.8610,-188,-0.492183,-0.006152
129.8710,-188,-0.492183,-0.006152
129.8810,-188,-0.492183,-0.006152
129.8910,-188,-0.492183,-0.006152
129.9010,-188,-0.492183,-0.006152
129.9110,-188,-0.492183,-0.006152
129.9210,-188,-0.492183,-0.006152
129.9310,-188,-0.492183,-0.006152
129.9410,-188,-0.492183,-0.006152
129.9510,-188,-0.492183,-0.006152
129.9610,-189,-0.494801,-0.006185
129.9710,-189,-0.494801,-0.006185
129.9810,-190,-0.497419,-0.006218
129.9910,-190,-0.497419,-0.006218
130.0010,-190,-0.497419,-0.006218
130.0120,-190,-0.497419,-0.006218
130.0210,-190,-0.497419,-0.006218
130.0310,-190,-0.497419,-0.006218
130.0410,-189,-0.494801,-0.006185
130.0510,-189,-0.494801,-0.006185
130.0610,-190,-0.497419,-0.006218
130.0710,-190,-0.497419,-0.006218
130.0810,-190,-0.497419,-0.006218
130.0910,-190,-0.497419,-0.006218
130.1010,-190,-0.497419,-0.006218
130.1110,-190,-0.497419,-0.006218
130.1210,-190,-0.497419,-0.006218
130.1310,-190,-0.497419,-0.006218
130.1410,-190,-0.497419,-0.006218
130.1510,-191,-0.500037,-0.006250
130.1610,-192,-0.502655,-0.006283
130.1710,-192,-0.502655,-0.006283
130.1810,-192,-0.502655,-0.006283
130.1910,-192,-0.502655,-0.006283
130.2010,-192,-0.502655,-0.006283
130.2110,-192,-0.502655,-0.006283
130.2210,-191,-0.500037,-0.006250
130.2310,-191,-0.500037,-0.006250
130.2410,-191,-0.500037,-0.006250
130.2510,-192,-0.502655,-0.006283
130.2610,-192,-0.502655,-0.006283
130.2710,-192,-0.502655,-0.006283
130.2810,-192,-0.502655,-0.006283
130.2910,-192,-0.502655,-0.006283
130.3010,-192,-0.502655,-0.006283
130.3110,-192,-0.502655,-0.006283
130.3210,-192,-0.502655,-0.006283
130.3310,-193,-0.505273,-0.006316
130.3410,-193,-0.505273,-0.006316
130.3510,-194,-0.507891,-0.006349
130.3610,-194,-0.507891,-0.006349
130.3710,-194,-0.507891,-0.006349
130.3810,-194,-0.507891,-0.006349
130.3910,-194,-0.507891,-0.006349
130.4010,-193,-0.505273,-0.006316
130.4110,-193,-0.505273,-0.006316
130.4210,-193,-0.505273,-0.006316
130.4310,-193,-0.505273,-0.006316
130.4410,-194,-0.507891,-0.006349
130.4510,-194,-0.507891,-0.006349
130.4610,-194,-0.507891,-0.006349
130.4710,-194,-0.507891,-0.006349
130.4810,-194,-0.507891,-0.006349
130.4910,-194,-0.507891,-0.006349
130.5010,-194,-0.507891,-0.006349
130.5110,-195,-0.510509,-0.006381
130.5210,-195,-0.510509,-0.006381
130.5310,-195,-0.510509,-0.006381
130.5410,-196,-0.513127,-0.006414
130.5510,-196,-0.513127,-0.006414
130.5610,-196,-0.513127,-0.006414
130.5710,-196,-0.513127,-0.006414
130.5810,-195,-0.510509,-0.006381
130.5910,-195,-0.510509,-0.006381
130.6010,-195,-0.510509,-0.006381
130.6110,-195,-0.510509,-0.006381
130.6210,-196,-0.513127,-0.006414
130.6310,-196,-0.513127,-0.006414
130.6410,-196,-0.513127,-0.006414
130.6520,-196,-0.513127,-0.006414
130.6610,-196,-0.513127,-0.006414
130.6710,-196,-0.513127,-0.006414
130.6810,-197,-0.515745,-0.006447
130.6910,-197,-0.515745,-0.006447
130.7010,-198,-0.518363,-0.006480
130.7110,-198,-0.518363,-0.006480
130.7210,-198,-0.518363,-0.006480
130.7310,-198,-0.518363,-0.006480
130.7410,-198,-0.518363,-0.006480
130.7510,-198,-0.518363,-0.006480
130.7610,-198,-0.518363,-0.006480
130.7710,-198,-0.518363,-0.006480
130.7810,-198,-0.518363,-0.006480
130.7910,-198,-0.518363,-0.006480
130.8010,-199,-0.520981,-0.006512
130.8110,-199,-0.520981,-0.006512
130.8210,-199,-0.520981,-0.006512
130.8310,-199,-0.520981,-0.006512
130.8410,-200,-0.523599,-0.006545
130.8510,-200,-0.523599,-0.006545
130.8610,-200,-0.523599,-0.006545
130.8710,-201,-0.526217,-0.006578
130.8810,-201,-0.526217,-0.006578
130.8910,-201,-0.526217,-0.006578
130.9010,-201,-0.526217,-0.006578
130.9110,-201,-0.526217,-0.006578
130.9210,-201,-0.526217,-0.006578
130.9310,-201,-0.526217,-0.006578
130.9410,-201,-0.526217,-0.006578
130.9510,-201,-0.526217,-0.006578
130.9610,-202,-0.528835,-0.006610
130.9710,-202,-0.528835,-0.006610
130.9810,-202,-0.528835,-0.006610
130.9910,-203,-0.531453,-0.006643
131.0010,-203,-0.531453,-0.006643
131.0110,-204,-0.534071,-0.006676
131.0210,-204,-0.534071,-0.006676
131.0310,-204,-0.534071,-0.006676
131.0410,-204,-0.534071,-0.006676
131.0510,-204,-0.534071,-0.006676
131.0610,-204,-0.534071,-0.006676
131.0710,-204,-0.534071,-0.006676
131.0810,-204,-0.534071,-0.006676
131.0910,-204,-0.534071,-0.006676
131.1010,-204,-0.534071,-0.006676
131.1110,-204,-0.534071,-0.006676
131.1210,-205,-0.536689,-0.006709
131.1310,-205,-0.536689,-0.006709
131.1410,-205,-0.536689,-0.006709
131.1510,-206,-0.539307,-0.006741
131.1610,-206,-0.539307,-0.006741
131.1710,-207,-0.541925,-0.006774
131.1810,-207,-0.541925,-0.006774
131.1910,-208,-0.544543,-0.006807
131.2010,-208,-0.544543,-0.006807
131.2110,-208,-0.544543,-0.006807
131.2210,-208,-0.544543,-0.006807
131.2310,-208,-0.544543,-0.006807
131.2410,-208,-0.544543,-0.006807
131.2510,-208,-0.544543,-0.006807
131.2610,-208,-0.544543,-0.006807
131.2710,-208,-0.544543,-0.006807
131.2810,-208,-0.544543,-0.006807
131.2920,-208,-0.544543,-0.006807
131.3010,-209,-0.547161,-0.006840
131.3110,-209,-0.547161,-0.006840
131.3210,-210,-0.549779,-0.006872
131.3310,-211,-0.552397,-0.006905
131.3410,-211,-0.552397,-0.006905
131.3510,-212,-0.555015,-0.006938
131.3610,-212,-0.555015,-0.006938
131.3710,-212,-0.555015,-0.006938
131.3810,-212,-0.555015,-0.006938
131.3910,-212,-0.555015,-0.006938
131.4010,-211,-0.552397,-0.006905
131.4110,-211,-0.552397,-0.006905
131.4210,-211,-0.552397,-0.006905
131.4310,-212,-0.555015,-0.006938
131.4410,-212,-0.555015,-0.006938
131.4510,-212,-0.555015,-0.006938
131.4610,-212,-0.555015,-0.006938
131.4710,-213,-0.557633,-0.006970
131.4810,-214,-0.560251,-0.007003
131.4910,-214,-0.560251,-0.007003
131.5010,-214,-0.560251,-0.007003
131.5110,-215,-0.562869,-0.007036
131.5210,-215,-0.562869,-0.007036
131.5310,-215,-0.562869,-0.007036
131.5410,-215,-0.562869,-0.007036
131.5510,-215,-0.562869,-0.007036
131.5610,-215,-0.562869,-0.007036
131.5710,-215,-0.562869,-0.007036
131.5810,-215,-0.562869,-0.007036
131.5910,-215,-0.562869,-0.007036
131.6010,-215,-0.562869,-0.007036
131.6110,-215,-0.562869,-0.007036
131.6210,-216,-0.565487,-0.007069
131.6310,-217,-0.568105,-0.007101
131.6410,-217,-0.568105,-0.007101
131.6510,-218,-0.570723,-0.007134
131.6610,-218,-0.570723,-0.007134
131.6710,-218,-0.570723,-0.007134
131.6810,-218,-0.570723,-0.007134
131.6910,-218,-0.570723,-0.007134
131.7010,-218,-0.570723,-0.007134
131.7110,-218,-0.570723,-0.007134
131.7210,-218,-0.570723,-0.007134
131.7310,-218,-0.570723,-0.007134
131.7410,-218,-0.570723,-0.007134
131.7510,-218,-0.570723,-0.007134
131.7610,-218,-0.570723,-0.007134
131.7710,-218,-0.570723,-0.007134
131.7810,-219,-0.573341,-0.007167
131.7910,-219,-0.573341,-0.007167
131.8010,-219,-0.573341,-0.007167
131.8110,-219,-0.573341,-0.007167
131.8210,-220,-0.575959,-0.007199
131.8310,-220,-0.575959,-0.007199
131.8410,-220,-0.575959,-0.007199
131.8510,-220,-0.575959,-0.007199
131.8610,-220,-0.575959,-0.007199
131.8710,-220,-0.575959,-0.007199
131.8810,-220,-0.575959,-0.007199
131.8910,-220,-0.575959,-0.007199
131.9010,-220,-0.575959,-0.007199
131.9110,-220,-0.575959,-0.007199
131.9210,-220,-0.575959,-0.007199
131.9320,-220,-0.575959,-0.007199
131.9410,-220,-0.575959,-0.007199
131.9510,-220,-0.575959,-0.007199
131.9610,-221,-0.578577,-0.007232
131.9710,-221,-0.578577,-0.007232
131.9810,-221,-0.578577,-0.007232
131.9910,-221,-0.578577,-0.007232
132.0010,-221,-0.578577,-0.007232
132.0110,-221,-0.578577,-0.007232
132.0210,-221,-0.578577,-0.007232
132.0310,-221,-0.578577,-0.007232
132.0410,-221,-0.578577,-0.007232
132.0510,-222,-0.581195,-0.007265
132.0610,-222,-0.581195,-0.007265
132.0710,-222,-0.581195,-0.007265
132.0810,-222,-0.581195,-0.007265
132.0910,-222,-0.581195,-0.007265
132.1010,-223,-0.583813,-0.007298
132.1110,-224,-0.586431,-0.007330
132.1210,-225,-0.589049,-0.007363
132.1310,-225,-0.589049,-0.007363
132.1410,-226,-0.591667,-0.007396
132.1510,-226,-0.591667,-0.007396
132.1610,-226,-0.591667,-0.007396
132.1710,-226,-0.591667,-0.007396
132.1810,-226,-0.591667,-0.007396
132.1910,-226,-0.591667,-0.007396
132.2010,-225,-0.589049,-0.007363
132.2110,-225,-0.589049,-0.007363
132.2210,-225,-0.589049,-0.007363
132.2310,-226,-0.591667,-0.007396
132.2410,-226,-0.591667,-0.007396
132.2510,-226,-0.591667,-0.007396
132.2610,-227,-0.594285,-0.007429
132.2710,-227,-0.594285,-0.007429
132.2810,-227,-0.594285,-0.007429
132.2910,-227,-0.594285,-0.007429
132.3010,-227,-0.594285,-0.007429
132.3110,-227,-0.594285,-0.007429
132.3210,-227,-0.594285,-0.007429
132.3310,-227,-0.594285,-0.007429
132.3410,-227,-0.594285,-0.007429
132.3510,-227,-0.594285,-0.007429
132.3610,-227,-0.594285,-0.007429
132.3710,-227,-0.594285,-0.007429
132.3810,-227,-0.594285,-0.007429
132.3910,-227,-0.594285,-0.007429
132.4010,-227,-0.594285,-0.007429
132.4110,-227,-0.594285,-0.007429
132.4210,-228,-0.596903,-0.007461
132.4310,-228,-0.596903,-0.007461
132.4410,-228,-0.596903,-0.007461
132.4510,-228,-0.596903,-0.007461
132.4610,-228,-0.596903,-0.007461
132.4710,-228,-0.596903,-0.007461
132.4810,-228,-0.596903,-0.007461
132.4910,-228,-0.596903,-0.007461
132.5010,-228,-0.596903,-0.007461
132.5110,-228,-0.596903,-0.007461
132.5210,-228,-0.596903,-0.007461
132.5310,-228,-0.596903,-0.007461
132.5410,-228,-0.596903,-0.007461
132.5510,-228,-0.596903,-0.007461
132.5610,-228,-0.596903,-0.007461
132.5720,-229,-0.599521,-0.007494
132.5810,-229,-0.599521,-0.007494
132.5910,-229,-0.599521,-0.007494
132.6010,-229,-0.599521,-0.007494
132.6110,-229,-0.599521,-0.007494
132.6210,-230,-0.602139,-0.007527
132.6310,-230,-0.602139,-0.007527
132.6410,-230,-0.602139,-0.007527
132.6510,-229,-0.599521,-0.007494
132.6610,-229,-0.599521,-0.007494
132.6710,-229,-0.599521,-0.007494
132.6810,-229,-0.599521,-0.007494
132.6910,-229,-0.599521,-0.007494
132.7010,-229,-0.599521,-0.007494
132.7110,-229,-0.599521,-0.007494
132.7210,-229,-0.599521,-0.007494
132.7310,-230,-0.602139,-0.007527
132.7410,-230,-0.602139,-0.007527
132.7510,-230,-0.602139,-0.007527
132.7610,-231,-0.604757,-0.007559
132.7710,-231,-0.604757,-0.007559
132.7810,-231,-0.604757,-0.007559
132.7910,-231,-0.604757,-0.007559
132.8010,-231,-0.604757,-0.007559
132.8110,-231,-0.604757,-0.007559
132.8210,-231,-0.604757,-0.007559
132.8310,-231,-0.604757,-0.007559
132.8410,-231,-0.604757,-0.007559
132.8510,-231,-0.604757,-0.007559
132.8610,-231,-0.604757,-0.007559
132.8710,-231,-0.604757,-0.007559
132.8810,-231,-0.604757,-0.007559
132.8910,-231,-0.604757,-0.007559
132.9010,-231,-0.604757,-0.007559
132.9110,-232,-0.607375,-0.007592
132.9210,-232,-0.607375,-0.007592
132.9310,-232,-0.607375,-0.007592
132.9410,-232,-0.607375,-0.007592
132.9510,-232,-0.607375,-0.007592
132.9610,-232,-0.607375,-0.007592
132.9710,-232,-0.607375,-0.007592
132.9810,-232,-0.607375,-0.007592
132.9910,-232,-0.607375,-0.007592
133.0010,-232,-0.607375,-0.007592
133.0110,-232,-0.607375,-0.007592
133.0210,-232,-0.607375,-0.007592
133.0310,-232,-0.607375,-0.007592
133.0410,-232,-0.607375,-0.007592
133.0510,-232,-0.607375,-0.007592
133.0610,-232,-0.607375,-0.007592
133.0710,-233,-0.609993,-0.007625
133.0810,-233,-0.609993,-0.007625
133.0910,-233,-0.609993,-0.007625
133.1010,-233,-0.609993,-0.007625
133.1110,-233,-0.609993,-0.007625
133.1210,-233,-0.609993,-0.007625
133.1310,-233,-0.609993,-0.007625
133.1410,-233,-0.609993,-0.007625
133.1510,-233,-0.609993,-0.007625
133.1610,-233,-0.609993,-0.007625
133.1710,-233,-0.609993,-0.007625
133.1810,-233,-0.609993,-0.007625
133.1910,-233,-0.609993,-0.007625
133.2010,-233,-0.609993,-0.007625
133.2120,-234,-0.612611,-0.007658
133.2210,-234,-0.612611,-0.007658
133.2310,-234,-0.612611,-0.007658
133.2410,-234,-0.612611,-0.007658
133.2510,-234,-0.612611,-0.007658
133.2610,-234,-0.612611,-0.007658
133.2710,-234,-0.612611,-0.007658
133.2810,-234,-0.612611,-0.007658
133.2910,-234,-0.612611,-0.007658
133.3010,-234,-0.612611,-0.007658
133.3110,-234,-0.612611,-0.007658
133.3210,-234,-0.612611,-0.007658
133.3310,-234,-0.612611,-0.007658
133.3410,-234,-0.612611,-0.007658
133.3510,-234,-0.612611,-0.007658
133.3610,-234,-0.612611,-0.007658
133.3710,-235,-0.615229,-0.007690
133.3810,-235,-0.615229,-0.007690
133.3910,-235,-0.615229,-0.007690
133.4010,-235,-0.615229,-0.007690
133.4110,-235,-0.615229,-0.007690
133.4210,-235,-0.615229,-0.007690
133.4310,-235,-0.615229,-0.007690
133.4410,-235,-0.615229,-0.007690
133.4510,-235,-0.615229,-0.007690
133.4610,-235,-0.615229,-0.007690
133.4710,-235,-0.615229,-0.007690
133.4810,-235,-0.615229,-0.007690
133.4910,-235,-0.615229,-0.007690
133.5010,-235,-0.615229,-0.007690
133.5110,-235,-0.615229,-0.007690
133.5210,-235,-0.615229,-0.007690
133.5310,-236,-0.617847,-0.007723
133.5410,-236,-0.617847,-0.007723
133.5510,-236,-0.617847,-0.007723
133.5610,-236,-0.617847,-0.007723
133.5710,-237,-0.620465,-0.007756
133.5810,-237,-0.620465,-0.007756
133.5910,-237,-0.620465,-0.007756
133.6010,-236,-0.617847,-0.007723
133.6110,-236,-0.617847,-0.007723
133.6210,-236,-0.617847,-0.007723
133.6310,-236,-0.617847,-0.007723
133.6410,-236,-0.617847,-0.007723
133.6510,-236,-0.617847,-0.007723
133.6610,-236,-0.617847,-0.007723
133.6710,-236,-0.617847,-0.007723
133.6810,-237,-0.620465,-0.007756
133.6910,-237,-0.620465,-0.007756
133.7010,-237,-0.620465,-0.007756
133.7110,-237,-0.620465,-0.007756
133.7210,-237,-0.620465,-0.007756
133.7310,-238,-0.623083,-0.007789
133.7410,-238,-0.623083,-0.007789
133.7510,-238,-0.623083,-0.007789
133.7610,-237,-0.620465,-0.007756
133.7710,-237,-0.620465,-0.007756
133.7810,-237,-0.620465,-0.007756
133.7910,-237,-0.620465,-0.007756
133.8010,-237,-0.620465,-0.007756
133.8110,-237,-0.620465,-0.007756
133.8210,-237,-0.620465,-0.007756
133.8310,-237,-0.620465,-0.007756
133.8410,-238,-0.623083,-0.007789
133.8520,-238,-0.623083,-0.007789
133.8610,-238,-0.623083,-0.007789
133.8710,-238,-0.623083,-0.007789
133.8810,-238,-0.623083,-0.007789
133.8910,-239,-0.625701,-0.007821
133.9010,-239,-0.625701,-0.007821
133.9110,-239,-0.625701,-0.007821
133.9210,-238,-0.623083,-0.007789
133.9310,-238,-0.623083,-0.007789
133.9410,-238,-0.623083,-0.007789
133.9510,-238,-0.623083,-0.007789
133.9610,-238,-0.623083,-0.007789
133.9710,-238,-0.623083,-0.007789
133.9810,-238,-0.623083,-0.007789
133.9910,-238,-0.623083,-0.007789
134.0010,-239,-0.625701,-0.007821
134.0110,-239,-0.625701,-0.007821
134.0210,-239,-0.625701,-0.007821
134.0310,-239,-0.625701,-0.007821
134.0410,-239,-0.625701,-0.007821
134.0510,-239,-0.625701,-0.007821
134.0610,-239,-0.625701,-0.007821
134.0710,-239,-0.625701,-0.007821
134.0810,-239,-0.625701,-0.007821
134.0910,-239,-0.625701,-0.007821
134.1010,-239,-0.625701,-0.007821
134.1110,-239,-0.625701,-0.007821
134.1210,-239,-0.625701,-0.007821
134.1310,-239,-0.625701,-0.007821
134.1410,-239,-0.625701,-0.007821
134.1510,-239,-0.625701,-0.007821
134.1610,-240,-0.628319,-0.007854
134.1710,-240,-0.628319,-0.007854
134.1810,-240,-0.628319,-0.007854
134.1910,-240,-0.628319,-0.007854
134.2010,-240,-0.628319,-0.007854
134.2110,-240,-0.628319,-0.007854
134.2210,-240,-0.628319,-0.007854
134.2310,-240,-0.628319,-0.007854
134.2410,-240,-0.628319,-0.007854
134.2510,-240,-0.628319,-0.007854
134.2610,-240,-0.628319,-0.007854
134.2710,-240,-0.628319,-0.007854
134.2810,-240,-0.628319,-0.007854
134.2910,-240,-0.628319,-0.007854
134.3010,-240,-0.628319,-0.007854
134.3110,-240,-0.628319,-0.007854
134.3210,-240,-0.628319,-0.007854
134.3310,-240,-0.628319,-0.007854
134.3410,-241,-0.630937,-0.007887
134.3510,-241,-0.630937,-0.007887
134.3610,-241,-0.630937,-0.007887
134.3710,-241,-0.630937,-0.007887
134.3810,-241,-0.630937,-0.007887
134.3910,-241,-0.630937,-0.007887
134.4010,-241,-0.630937,-0.007887
134.4110,-241,-0.630937,-0.007887
134.4210,-241,-0.630937,-0.007887
134.4310,-241,-0.630937,-0.007887
134.4410,-241,-0.630937,-0.007887
134.4510,-241,-0.630937,-0.007887
134.4610,-241,-0.630937,-0.007887
134.4710,-241,-0.630937,-0.007887
134.4810,-242,-0.633554,-0.007919
134.4920,-242,-0.633554,-0.007919
134.5010,-242,-0.633554,-0.007919
134.5110,-243,-0.636173,-0.007952
134.5210,-243,-0.636173,-0.007952
134.5310,-243,-0.636173,-0.007952
134.5410,-243,-0.636173,-0.007952
134.5510,-243,-0.636173,-0.007952
134.5610,-243,-0.636173,-0.007952
134.5710,-243,-0.636173,-0.007952
134.5810,-243,-0.636173,-0.007952
134.5910,-243,-0.636173,-0.007952
134.6010,-243,-0.636173,-0.007952
134.6110,-243,-0.636173,-0.007952
134.6210,-243,-0.636173,-0.007952
134.6310,-243,-0.636173,-0.007952
134.6410,-243,-0.636173,-0.007952
134.6510,-243,-0.636173,-0.007952
134.6610,-244,-0.638791,-0.007985
134.6710,-244,-0.638791,-0.007985
134.6810,-244,-0.638791,-0.007985
134.6910,-244,-0.638791,-0.007985
134.7010,-244,-0.638791,-0.007985
134.7110,-244,-0.638791,-0.007985
134.7210,-244,-0.638791,-0.007985
134.7310,-244,-0.638791,-0.007985
134.7410,-244,-0.638791,-0.007985
134.7510,-244,-0.638791,-0.007985
134.7610,-244,-0.638791,-0.007985
134.7710,-244,-0.638791,-0.007985
134.7810,-244,-0.638791,-0.007985
134.7910,-244,-0.638791,-0.007985
134.8010,-244,-0.638791,-0.007985
134.8110,-244,-0.638791,-0.007985
134.8210,-245,-0.641408,-0.008018
134.8310,-245,-0.641408,-0.008018
134.8410,-245,-0.641408,-0.008018
134.8510,-245,-0.641408,-0.008018
134.8610,-245,-0.641408,-0.008018
134.8710,-244,-0.638791,-0.007985
134.8810,-244,-0.638791,-0.007985
134.8910,-244,-0.638791,-0.007985
134.9010,-244,-0.638791,-0.007985
134.9110,-244,-0.638791,-0.007985
134.9210,-244,-0.638791,-0.007985
134.9310,-244,-0.638791,-0.007985
134.9410,-244,-0.638791,-0.007985
134.9510,-245,-0.641408,-0.008018
134.9610,-245,-0.641408,-0.008018
134.9710,-245,-0.641408,-0.008018
134.9810,-246,-0.644026,-0.008050
134.9910,-246,-0.644026,-0.008050
135.0010,-246,-0.644026,-0.008050
135.0110,-246,-0.644026,-0.008050
135.0210,-246,-0.644026,-0.008050
135.0310,-245,-0.641408,-0.008018
135.0410,-245,-0.641408,-0.008018
135.0510,-245,-0.641408,-0.008018
135.0610,-245,-0.641408,-0.008018
135.0710,-245,-0.641408,-0.008018
135.0810,-245,-0.641408,-0.008018
135.0910,-245,-0.641408,-0.008018
135.1010,-245,-0.641408,-0.008018
135.1110,-246,-0.644026,-0.008050
135.1210,-246,-0.644026,-0.008050
135.1320,-246,-0.644026,-0.008050
135.1410,-247,-0.646644,-0.008083
135.1510,-247,-0.646644,-0.008083
135.1610,-247,-0.646644,-0.008083
135.1710,-247,-0.646644,-0.008083
135.1810,-247,-0.646644,-0.008083
135.1910,-246,-0.644026,-0.008050
135.2010,-246,-0.644026,-0.008050
135.2110,-246,-0.644026,-0.008050
135.2210,-246,-0.644026,-0.008050
135.2310,-246,-0.644026,-0.008050
135.2410,-246,-0.644026,-0.008050
135.2510,-246,-0.644026,-0.008050
135.2610,-246,-0.644026,-0.008050
135.2710,-247,-0.646644,-0.008083
135.2810,-247,-0.646644,-0.008083
135.2910,-247,-0.646644,-0.008083
135.3010,-248,-0.649262,-0.008116
135.3110,-248,-0.649262,-0.008116
135.3210,-248,-0.649262,-0.008116
135.3310,-248,-0.649262,-0.008116
135.3410,-248,-0.649262,-0.008116
135.3510,-248,-0.649262,-0.008116
135.3610,-248,-0.649262,-0.008116
135.3710,-248,-0.649262,-0.008116
135.3810,-248,-0.649262,-0.008116
135.3910,-248,-0.649262,-0.008116
135.4010,-248,-0.649262,-0.008116
135.4110,-248,-0.649262,-0.008116
135.4210,-248,-0.649262,-0.008116
135.4310,-248,-0.649262,-0.008116
135.4410,-248,-0.649262,-0.008116
135.4510,-248,-0.649262,-0.008116
135.4610,-249,-0.651880,-0.008149
135.4710,-249,-0.651880,-0.008149
135.4810,-249,-0.651880,-0.008149
135.4910,-249,-0.651880,-0.008149
135.5010,-249,-0.651880,-0.008149
135.5110,-249,-0.651880,-0.008149
135.5210,-249,-0.651880,-0.008149
135.5310,-249,-0.651880,-0.008149
135.5410,-249,-0.651880,-0.008149
135.5510,-249,-0.651880,-0.008149
135.5610,-249,-0.651880,-0.008149
135.5710,-249,-0.651880,-0.008149
135.5810,-249,-0.651880,-0.008149
135.5910,-249,-0.651880,-0.008149
135.6010,-249,-0.651880,-0.008149
135.6110,-250,-0.654498,-0.008181
135.6210,-250,-0.654498,-0.008181
135.6310,-250,-0.654498,-0.008181
135.6410,-250,-0.654498,-0.008181
135.6510,-250,-0.654498,-0.008181
135.6610,-250,-0.654498,-0.008181
135.6710,-250,-0.654498,-0.008181
135.6810,-250,-0.654498,-0.008181
135.6910,-250,-0.654498,-0.008181
135.7010,-250,-0.654498,-0.008181
135.7110,-250,-0.654498,-0.008181
135.7210,-250,-0.654498,-0.008181
135.7310,-250,-0.654498,-0.008181
135.7410,-250,-0.654498,-0.008181
135.7510,-250,-0.654498,-0.008181
135.7610,-250,-0.654498,-0.008181
135.7720,-251,-0.657116,-0.008214
135.7810,-251,-0.657116,-0.008214
135.7910,-251,-0.657116,-0.008214
135.8010,-251,-0.657116,-0.008214
135.8110,-251,-0.657116,-0.008214
135.8210,-251,-0.657116,-0.008214
135.8310,-251,-0.657116,-0.008214
135.8410,-251,-0.657116,-0.008214
135.8510,-251,-0.657116,-0.008214
135.8610,-251,-0.657116,-0.008214
135.8710,-251,-0.657116,-0.008214
135.8810,-251,-0.657116,-0.008214
135.8910,-251,-0.657116,-0.008214
135.9010,-251,-0.657116,-0.008214
135.9110,-251,-0.657116,-0.008214
135.9210,-251,-0.657116,-0.008214
135.9310,-252,-0.659734,-0.008247
135.9410,-252,-0.659734,-0.008247
135.9510,-252,-0.659734,-0.008247
135.9610,-252,-0.659734,-0.008247
135.9710,-252,-0.659734,-0.008247
135.9810,-252,-0.659734,-0.008247
135.9910,-252,-0.659734,-0.008247
136.0010,-252,-0.659734,-0.008247
136.0110,-252,-0.659734,-0.008247
136.0210,-252,-0.659734,-0.008247
136.0310,-252,-0.659734,-0.008247
136.0410,-252,-0.659734,-0.008247
136.0510,-252,-0.659734,-0.008247
136.0610,-252,-0.659734,-0.008247
136.0710,-252,-0.659734,-0.008247
136.0810,-252,-0.659734,-0.008247
136.0910,-252,-0.659734,-0.008247
136.1010,-252,-0.659734,-0.008247
136.1110,-253,-0.662352,-0.008279
136.1210,-253,-0.662352,-0.008279
136.1310,-253,-0.662352,-0.008279
136.1410,-252,-0.659734,-0.008247
136.1510,-252,-0.659734,-0.008247
136.1610,-252,-0.659734,-0.008247
136.1710,-252,-0.659734,-0.008247
136.1810,-252,-0.659734,-0.008247
136.1910,-252,-0.659734,-0.008247
136.2010,-252,-0.659734,-0.008247
136.2110,-252,-0.659734,-0.008247
136.2210,-253,-0.662352,-0.008279
136.2310,-253,-0.662352,-0.008279
136.2410,-253,-0.662352,-0.008279
136.2510,-253,-0.662352,-0.008279
136.2610,-253,-0.662352,-0.008279
136.2710,-254,-0.664970,-0.008312
136.2810,-254,-0.664970,-0.008312
136.2910,-254,-0.664970,-0.008312
136.3010,-253,-0.662352,-0.008279
136.3110,-253,-0.662352,-0.008279
136.3210,-253,-0.662352,-0.008279
136.3310,-253,-0.662352,-0.008279
136.3410,-253,-0.662352,-0.008279
136.3510,-253,-0.662352,-0.008279
136.3610,-253,-0.662352,-0.008279
136.3710,-253,-0.662352,-0.008279
136.3810,-254,-0.664970,-0.008312
136.3910,-254,-0.664970,-0.008312
136.4010,-254,-0.664970,-0.008312
136.4120,-254,-0.664970,-0.008312
136.4210,-254,-0.664970,-0.008312
136.4310,-254,-0.664970,-0.008312
136.4410,-254,-0.664970,-0.008312
136.4510,-254,-0.664970,-0.008312
136.4610,-254,-0.664970,-0.008312
136.4710,-254,-0.664970,-0.008312
136.4810,-254,-0.664970,-0.008312
136.4910,-254,-0.664970,-0.008312
136.5010,-254,-0.664970,-0.008312
136.5110,-254,-0.664970,-0.008312
136.5210,-254,-0.664970,-0.008312
136.5310,-254,-0.664970,-0.008312
136.5410,-255,-0.667588,-0.008345
136.5510,-255,-0.667588,-0.008345
136.5610,-255,-0.667588,-0.008345
136.5710,-255,-0.667588,-0.008345
136.5810,-255,-0.667588,-0.008345
136.5910,-255,-0.667588,-0.008345
136.6010,-255,-0.667588,-0.008345
136.6110,-255,-0.667588,-0.008345
136.6210,-255,-0.667588,-0.008345
136.6310,-255,-0.667588,-0.008345
136.6410,-255,-0.667588,-0.008345
136.6510,-255,-0.667588,-0.008345
136.6610,-255,-0.667588,-0.008345
136.6710,-255,-0.667588,-0.008345
136.6810,-255,-0.667588,-0.008345
136.6910,-255,-0.667588,-0.008345
136.7010,-256,-0.670206,-0.008378
136.7110,-256,-0.670206,-0.008378
136.7210,-256,-0.670206,-0.008378
136.7310,-256,-0.670206,-0.008378
136.7410,-257,-0.672824,-0.008410
136.7510,-257,-0.672824,-0.008410
136.7610,-257,-0.672824,-0.008410
136.7710,-257,-0.672824,-0.008410
136.7810,-256,-0.670206,-0.008378
136.7910,-256,-0.670206,-0.008378
136.8010,-256,-0.670206,-0.008378
136.8110,-256,-0.670206,-0.008378
136.8210,-257,-0.672824,-0.008410
136.8310,-257,-0.672824,-0.008410
136.8410,-257,-0.672824,-0.008410
136.8510,-257,-0.672824,-0.008410
136.8610,-257,-0.672824,-0.008410
136.8710,-257,-0.672824,-0.008410
136.8810,-258,-0.675442,-0.008443
136.8910,-258,-0.675442,-0.008443
136.9010,-258,-0.675442,-0.008443
136.9110,-258,-0.675442,-0.008443
136.9210,-258,-0.675442,-0.008443
136.9310,-258,-0.675442,-0.008443
136.9410,-258,-0.675442,-0.008443
136.9510,-258,-0.675442,-0.008443
136.9610,-258,-0.675442,-0.008443
136.9710,-258,-0.675442,-0.008443
136.9810,-258,-0.675442,-0.008443
136.9910,-258,-0.675442,-0.008443
137.0010,-258,-0.675442,-0.008443
137.0110,-258,-0.675442,-0.008443
137.0210,-259,-0.678060,-0.008476
137.0310,-259,-0.678060,-0.008476
137.0410,-259,-0.678060,-0.008476
137.0520,-259,-0.678060,-0.008476
137.0610,-259,-0.678060,-0.008476
137.0710,-259,-0.678060,-0.008476
137.0810,-259,-0.678060,-0.008476
137.0910,-259,-0.678060,-0.008476
137.1010,-259,-0.678060,-0.008476
137.1110,-259,-0.678060,-0.008476
137.1210,-259,-0.678060,-0.008476
137.1310,-259,-0.678060,-0.008476
137.1410,-259,-0.678060,-0.008476
137.1510,-259,-0.678060,-0.008476
137.1610,-259,-0.678060,-0.008476
137.1710,-260,-0.680678,-0.008508
137.1810,-260,-0.680678,-0.008508
137.1910,-260,-0.680678,-0.008508
137.2010,-260,-0.680678,-0.008508
137.2110,-260,-0.680678,-0.008508
137.2210,-260,-0.680678,-0.008508
137.2310,-260,-0.680678,-0.008508
137.2410,-260,-0.680678,-0.008508
137.2510,-260,-0.680678,-0.008508
137.2610,-260,-0.680678,-0.008508
137.2710,-260,-0.680678,-0.008508
137.2810,-260,-0.680678,-0.008508
137.2910,-260,-0.680678,-0.008508
137.3010,-260,-0.680678,-0.008508
137.3110,-260,-0.680678,-0.008508
137.3210,-260,-0.680678,-0.008508
137.3310,-261,-0.683296,-0.008541
137.3410,-261,-0.683296,-0.008541
137.3510,-261,-0.683296,-0.008541
137.3610,-261,-0.683296,-0.008541
137.3710,-261,-0.683296,-0.008541
137.3810,-262,-0.685914,-0.008574
137.3910,-262,-0.685914,-0.008574
137.4010,-262,-0.685914,-0.008574
137.4110,-261,-0.683296,-0.008541
137.4210,-261,-0.683296,-0.008541
137.4310,-261,-0.683296,-0.008541
137.4410,-261,-0.683296,-0.008541
137.4510,-261,-0.683296,-0.008541
137.4610,-261,-0.683296,-0.008541
137.4710,-261,-0.683296,-0.008541
137.4810,-261,-0.683296,-0.008541
137.4910,-262,-0.685914,-0.008574
137.5010,-262,-0.685914,-0.008574
137.5110,-262,-0.685914,-0.008574
137.5210,-263,-0.688532,-0.008607
137.5310,-263,-0.688532,-0.008607
137.5410,-263,-0.688532,-0.008607
137.5510,-263,-0.688532,-0.008607
137.5610,-263,-0.688532,-0.008607
137.5710,-263,-0.688532,-0.008607
137.5810,-263,-0.688532,-0.008607
137.5910,-263,-0.688532,-0.008607
137.6010,-263,-0.688532,-0.008607
137.6110,-263,-0.688532,-0.008607
137.6210,-263,-0.688532,-0.008607
137.6310,-263,-0.688532,-0.008607
137.6410,-263,-0.688532,-0.008607
137.6510,-263,-0.688532,-0.008607
137.6610,-263,-0.688532,-0.008607
137.6710,-264,-0.691150,-0.008639
137.6810,-264,-0.691150,-0.008639
137.6920,-264,-0.691150,-0.008639
137.7010,-264,-0.691150,-0.008639
137.7110,-264,-0.691150,-0.008639
137.7210,-264,-0.691150,-0.008639
137.7310,-264,-0.691150,-0.008639
137.7410,-264,-0.691150,-0.008639
137.7510,-264,-0.691150,-0.008639
137.7610,-264,-0.691150,-0.008639
137.7710,-264,-0.691150,-0.008639
137.7810,-264,-0.691150,-0.008639
137.7910,-264,-0.691150,-0.008639
137.8010,-264,-0.691150,-0.008639
137.8110,-265,-0.693768,-0.008672
137.8210,-265,-0.693768,-0.008672
137.8310,-265,-0.693768,-0.008672
137.8410,-266,-0.696386,-0.008705
137.8510,-266,-0.696386,-0.008705
137.8610,-266,-0.696386,-0.008705
137.8710,-266,-0.696386,-0.008705
137.8810,-266,-0.696386,-0.008705
137.8910,-266,-0.696386,-0.008705
137.9010,-266,-0.696386,-0.008705
137.9110,-266,-0.696386,-0.008705
137.9210,-266,-0.696386,-0.008705
137.9310,-266,-0.696386,-0.008705
137.9410,-266,-0.696386,-0.008705
137.9510,-266,-0.696386,-0.008705
137.9610,-266,-0.696386,-0.008705
137.9710,-266,-0.696386,-0.008705
137.9810,-267,-0.699004,-0.008738
137.9910,-267,-0.699004,-0.008738
138.0010,-267,-0.699004,-0.008738
138.0110,-267,-0.699004,-0.008738
138.0210,-267,-0.699004,-0.008738
138.0310,-267,-0.699004,-0.008738
138.0410,-267,-0.699004,-0.008738
138.0510,-267,-0.699004,-0.008738
138.0610,-267,-0.699004,-0.008738
138.0710,-267,-0.699004,-0.008738
138.0810,-267,-0.699004,-0.008738
138.0910,-267,-0.699004,-0.008738
138.1010,-267,-0.699004,-0.008738
138.1110,-267,-0.699004,-0.008738
138.1210,-267,-0.699004,-0.008738
138.1310,-268,-0.701622,-0.008770
138.1410,-268,-0.701622,-0.008770
138.1510,-269,-0.704240,-0.008803
138.1610,-269,-0.704240,-0.008803
138.1710,-269,-0.704240,-0.008803
138.1810,-269,-0.704240,-0.008803
138.1910,-269,-0.704240,-0.008803
138.2010,-269,-0.704240,-0.008803
138.2110,-269,-0.704240,-0.008803
138.2210,-269,-0.704240,-0.008803
138.2310,-269,-0.704240,-0.008803
138.2410,-269,-0.704240,-0.008803
138.2510,-269,-0.704240,-0.008803
138.2610,-269,-0.704240,-0.008803
138.2710,-269,-0.704240,-0.008803
138.2810,-270,-0.706858,-0.008836
138.2910,-270,-0.706858,-0.008836
138.3010,-270,-0.706858,-0.008836
138.3110,-270,-0.706858,-0.008836
138.3210,-270,-0.706858,-0.008836
138.3320,-271,-0.709476,-0.008868
138.3410,-271,-0.709476,-0.008868
138.3510,-271,-0.709476,-0.008868
138.3610,-271,-0.709476,-0.008868
138.3710,-271,-0.709476,-0.008868
138.3810,-271,-0.709476,-0.008868
138.3910,-271,-0.709476,-0.008868
138.4010,-271,-0.709476,-0.008868
138.4110,-271,-0.709476,-0.008868
138.4210,-271,-0.709476,-0.008868
138.4310,-271,-0.709476,-0.008868
138.4410,-272,-0.712094,-0.008901
138.4510,-272,-0.712094,-0.008901
138.4610,-272,-0.712094,-0.008901
138.4710,-273,-0.714712,-0.008934
138.4810,-273,-0.714712,-0.008934
138.4910,-274,-0.717330,-0.008967
138.5010,-274,-0.717330,-0.008967
138.5110,-274,-0.717330,-0.008967
138.5210,-274,-0.717330,-0.008967
138.5310,-274,-0.717330,-0.008967
138.5410,-274,-0.717330,-0.008967
138.5510,-274,-0.717330,-0.008967
138.5610,-274,-0.717330,-0.008967
138.5710,-274,-0.717330,-0.008967
138.5810,-274,-0.717330,-0.008967
138.5910,-274,-0.717330,-0.008967
138.6010,-275,-0.719948,-0.008999
138.6110,-275,-0.719948,-0.008999
138.6210,-275,-0.719948,-0.008999
138.6310,-276,-0.722566,-0.009032
138.6410,-276,-0.722566,-0.009032
138.6510,-276,-0.722566,-0.009032
138.6610,-276,-0.722566,-0.009032
138.6710,-276,-0.722566,-0.009032
138.6810,-276,-0.722566,-0.009032
138.6910,-276,-0.722566,-0.009032
138.7010,-276,-0.722566,-0.009032
138.7110,-276,-0.722566,-0.009032
138.7210,-276,-0.722566,-0.009032
138.7310,-276,-0.722566,-0.009032
138.7410,-276,-0.722566,-0.009032
138.7510,-276,-0.722566,-0.009032
138.7610,-277,-0.725184,-0.009065
138.7710,-277,-0.725184,-0.009065
138.7810,-277,-0.725184,-0.009065
138.7910,-278,-0.727802,-0.009098
138.8010,-278,-0.727802,-0.009098
138.8110,-278,-0.727802,-0.009098
138.8210,-278,-0.727802,-0.009098
138.8310,-278,-0.727802,-0.009098
138.8410,-278,-0.727802,-0.009098
138.8510,-278,-0.727802,-0.009098
138.8610,-278,-0.727802,-0.009098
138.8710,-278,-0.727802,-0.009098
138.8810,-278,-0.727802,-0.009098
138.8910,-278,-0.727802,-0.009098
138.9010,-278,-0.727802,-0.009098
138.9110,-278,-0.727802,-0.009098
138.9210,-279,-0.730420,-0.009130
138.9310,-279,-0.730420,-0.009130
138.9410,-279,-0.730420,-0.009130
138.9510,-279,-0.730420,-0.009130
138.9610,-279,-0.730420,-0.009130
138.9720,-279,-0.730420,-0.009130
138.9810,-279,-0.730420,-0.009130
138.9910,-279,-0.730420,-0.009130
139.0010,-279,-0.730420,-0.009130
139.0110,-279,-0.730420,-0.009130
139.0210,-279,-0.730420,-0.009130
139.0310,-279,-0.730420,-0.009130
139.0410,-279,-0.730420,-0.009130
139.0510,-279,-0.730420,-0.009130
139.0610,-279,-0.730420,-0.009130
139.0710,-279,-0.730420,-0.009130
139.0810,-280,-0.733038,-0.009163
139.0910,-280,-0.733038,-0.009163
139.1010,-281,-0.735656,-0.009196
139.1110,-281,-0.735656,-0.009196
139.1210,-281,-0.735656,-0.009196
139.1310,-281,-0.735656,-0.009196
139.1410,-281,-0.735656,-0.009196
139.1510,-281,-0.735656,-0.009196
139.1610,-281,-0.735656,-0.009196
139.1710,-281,-0.735656,-0.009196
139.1810,-281,-0.735656,-0.009196
139.1910,-281,-0.735656,-0.009196
139.2010,-281,-0.735656,-0.009196
139.2110,-281,-0.735656,-0.009196
139.2210,-281,-0.735656,-0.009196
139.2310,-281,-0.735656,-0.009196
139.2410,-282,-0.738274,-0.009228
139.2510,-282,-0.738274,-0.009228
139.2610,-283,-0.740892,-0.009261
139.2710,-283,-0.740892,-0.009261
139.2810,-283,-0.740892,-0.009261
139.2910,-283,-0.740892,-0.009261
139.3010,-283,-0.740892,-0.009261
139.3110,-283,-0.740892,-0.009261
139.3210,-283,-0.740892,-0.009261
139.3310,-283,-0.740892,-0.009261
139.3410,-283,-0.740892,-0.009261
139.3510,-283,-0.740892,-0.009261
139.3610,-283,-0.740892,-0.009261
139.3710,-283,-0.740892,-0.009261
139.3810,-283,-0.740892,-0.009261
139.3910,-283,-0.740892,-0.009261
139.4010,-284,-0.743510,-0.009294
139.4110,-285,-0.746128,-0.009327
139.4210,-285,-0.746128,-0.009327
139.4310,-285,-0.746128,-0.009327
139.4410,-286,-0.748746,-0.009359
139.4510,-286,-0.748746,-0.009359
139.4610,-286,-0.748746,-0.009359
139.4710,-285,-0.746128,-0.009327
139.4810,-285,-0.746128,-0.009327
139.4910,-285,-0.746128,-0.009327
139.5010,-285,-0.746128,-0.009327
139.5110,-286,-0.748746,-0.009359
139.5210,-286,-0.748746,-0.009359
139.5310,-286,-0.748746,-0.009359
139.5410,-286,-0.748746,-0.009359
139.5510,-286,-0.748746,-0.009359
139.5610,-287,-0.751364,-0.009392
139.5710,-287,-0.751364,-0.009392
139.5810,-288,-0.753982,-0.009425
139.5910,-288,-0.753982,-0.009425
139.6010,-288,-0.753982,-0.009425
139.6120,-288,-0.753982,-0.009425
139.6210,-288,-0.753982,-0.009425
139.6310,-288,-0.753982,-0.009425
139.6410,-288,-0.753982,-0.009425
139.6510,-288,-0.753982,-0.009425
139.6610,-288,-0.753982,-0.009425
139.6710,-288,-0.753982,-0.009425
139.6810,-288,-0.753982,-0.009425
139.6910,-288,-0.753982,-0.009425
139.7010,-288,-0.753982,-0.009425
139.7110,-289,-0.756600,-0.009458
139.7210,-289,-0.756600,-0.009458
139.7310,-290,-0.759218,-0.009490
139.7410,-290,-0.759218,-0.009490
139.7510,-290,-0.759218,-0.009490
139.7610,-291,-0.761836,-0.009523
139.7710,-291,-0.761836,-0.009523
139.7810,-291,-0.761836,-0.009523
139.7910,-290,-0.759218,-0.009490
139.8010,-290,-0.759218,-0.009490
139.8110,-290,-0.759218,-0.009490
139.8210,-290,-0.759218,-0.009490
139.8310,-290,-0.759218,-0.009490
139.8410,-291,-0.761836,-0.009523
139.8510,-291,-0.761836,-0.009523
139.8610,-291,-0.761836,-0.009523
139.8710,-292,-0.764454,-0.009556
139.8810,-292,-0.764454,-0.009556
139.8910,-292,-0.764454,-0.009556
139.9010,-293,-0.767072,-0.009588
139.9110,-293,-0.767072,-0.009588
139.9210,-293,-0.767072,-0.009588
139.9310,-293,-0.767072,-0.009588
139.9410,-293,-0.767072,-0.009588
139.9510,-293,-0.767072,-0.009588
139.9610,-293,-0.767072,-0.009588
139.9710,-293,-0.767072,-0.009588
139.9810,-293,-0.767072,-0.009588
139.9910,-293,-0.767072,-0.009588
140.0010,-293,-0.767072,-0.009588
140.0110,-293,-0.767072,-0.009588
140.0210,-293,-0.767072,-0.009588
140.0310,-294,-0.769690,-0.009621
140.0410,-294,-0.769690,-0.009621
140.0510,-294,-0.769690,-0.009621
140.0610,-295,-0.772308,-0.009654
140.0710,-295,-0.772308,-0.009654
140.0810,-295,-0.772308,-0.009654
140.0910,-295,-0.772308,-0.009654
140.1010,-295,-0.772308,-0.009654
140.1110,-295,-0.772308,-0.009654
140.1210,-295,-0.772308,-0.009654
140.1310,-295,-0.772308,-0.009654
140.1410,-295,-0.772308,-0.009654
140.1510,-295,-0.772308,-0.009654
140.1610,-295,-0.772308,-0.009654
140.1710,-295,-0.772308,-0.009654
140.1810,-295,-0.772308,-0.009654
140.1910,-295,-0.772308,-0.009654
140.2010,-295,-0.772308,-0.009654
140.2110,-296,-0.774926,-0.009687
140.2210,-296,-0.774926,-0.009687
140.2310,-296,-0.774926,-0.009687
140.2410,-296,-0.774926,-0.009687
140.2520,-296,-0.774926,-0.009687
140.2610,-296,-0.774926,-0.009687
140.2710,-296,-0.774926,-0.009687
140.2810,-296,-0.774926,-0.009687
140.2910,-296,-0.774926,-0.009687
140.3010,-296,-0.774926,-0.009687
140.3110,-296,-0.774926,-0.009687
140.3210,-296,-0.774926,-0.009687
140.3310,-296,-0.774926,-0.009687
140.3410,-296,-0.774926,-0.009687
140.3510,-297,-0.777544,-0.009719
140.3610,-297,-0.777544,-0.009719
140.3710,-297,-0.777544,-0.009719
140.3810,-297,-0.777544,-0.009719
140.3910,-298,-0.780162,-0.009752
140.4010,-298,-0.780162,-0.009752
140.4110,-298,-0.780162,-0.009752
140.4210,-297,-0.777544,-0.009719
140.4310,-297,-0.777544,-0.009719
140.4410,-297,-0.777544,-0.009719
140.4510,-297,-0.777544,-0.009719
140.4610,-297,-0.777544,-0.009719
140.4710,-297,-0.777544,-0.009719
140.4810,-297,-0.777544,-0.009719
140.4910,-297,-0.777544,-0.009719
140.5010,-298,-0.780162,-0.009752
140.5110,-298,-0.780162,-0.009752
140.5210,-298,-0.780162,-0.009752
140.5310,-299,-0.782780,-0.009785
140.5410,-299,-0.782780,-0.009785
140.5510,-299,-0.782780,-0.009785
140.5610,-299,-0.782780,-0.009785
140.5710,-299,-0.782780,-0.009785
140.5810,-299,-0.782780,-0.009785
140.5910,-299,-0.782780,-0.009785
140.6010,-299,-0.782780,-0.009785
140.6110,-299,-0.782780,-0.009785
140.6210,-299,-0.782780,-0.009785
140.6310,-299,-0.782780,-0.009785
140.6410,-299,-0.782780,-0.009785
140.6510,-299,-0.782780,-0.009785
140.6610,-299,-0.782780,-0.009785
140.6710,-299,-0.782780,-0.009785
140.6810,-299,-0.782780,-0.009785
140.6910,-300,-0.785398,-0.009817
140.7010,-300,-0.785398,-0.009817
140.7110,-300,-0.785398,-0.009817
140.7210,-300,-0.785398,-0.009817
140.7310,-300,-0.785398,-0.009817
140.7410,-300,-0.785398,-0.009817
140.7510,-300,-0.785398,-0.009817
140.7610,-300,-0.785398,-0.009817
140.7710,-300,-0.785398,-0.009817
140.7810,-300,-0.785398,-0.009817
140.7910,-300,-0.785398,-0.009817
140.8010,-300,-0.785398,-0.009817
140.8110,-300,-0.785398,-0.009817
140.8210,-300,-0.785398,-0.009817
140.8310,-300,-0.785398,-0.009817
140.8410,-300,-0.785398,-0.009817
140.8510,-301,-0.788016,-0.009850
140.8610,-301,-0.788016,-0.009850
140.8710,-301,-0.788016,-0.009850
140.8810,-301,-0.788016,-0.009850
140.8920,-301,-0.788016,-0.009850
140.9010,-301,-0.788016,-0.009850
140.9110,-301,-0.788016,-0.009850
140.9210,-301,-0.788016,-0.009850
140.9310,-301,-0.788016,-0.009850
140.9410,-301,-0.788016,-0.009850
140.9510,-301,-0.788016,-0.009850
140.9610,-301,-0.788016,-0.009850
140.9710,-301,-0.788016,-0.009850
140.9810,-301,-0.788016,-0.009850
140.9910,-301,-0.788016,-0.009850
141.0010,-301,-0.788016,-0.009850
141.0110,-302,-0.790634,-0.009883
141.0210,-302,-0.790634,-0.009883
141.0310,-302,-0.790634,-0.009883
141.0410,-302,-0.790634,-0.009883
141.0510,-302,-0.790634,-0.009883
141.0610,-302,-0.790634,-0.009883
141.0710,-302,-0.790634,-0.009883
141.0810,-302,-0.790634,-0.009883
141.0910,-302,-0.790634,-0.009883
141.1010,-302,-0.790634,-0.009883
141.1110,-302,-0.790634,-0.009883
141.1210,-302,-0.790634,-0.009883
141.1310,-302,-0.790634,-0.009883
141.1410,-302,-0.790634,-0.009883
141.1510,-302,-0.790634,-0.009883
141.1610,-302,-0.790634,-0.009883
141.1710,-303,-0.793252,-0.009916
141.1810,-303,-0.793252,-0.009916
141.1910,-303,-0.793252,-0.009916
141.2010,-303,-0.793252,-0.009916
141.2110,-303,-0.793252,-0.009916
141.2210,-302,-0.790634,-0.009883
141.2310,-302,-0.790634,-0.009883
141.2410,-302,-0.790634,-0.009883
141.2510,-302,-0.790634,-0.009883
141.2610,-302,-0.790634,-0.009883
141.2710,-303,-0.793252,-0.009916
141.2810,-303,-0.793252,-0.009916
141.2910,-303,-0.793252,-0.009916
141.3010,-303,-0.793252,-0.009916
141.3110,-303,-0.793252,-0.009916
141.3210,-303,-0.793252,-0.009916
141.3310,-304,-0.795870,-0.009948
141.3410,-304,-0.795870,-0.009948
141.3510,-304,-0.795870,-0.009948
141.3610,-304,-0.795870,-0.009948
141.3710,-304,-0.795870,-0.009948
141.3810,-303,-0.793252,-0.009916
141.3910,-303,-0.793252,-0.009916
141.4010,-303,-0.793252,-0.009916
141.4110,-303,-0.793252,-0.009916
141.4210,-303,-0.793252,-0.009916
141.4310,-303,-0.793252,-0.009916
141.4410,-303,-0.793252,-0.009916
141.4510,-303,-0.793252,-0.009916
141.4610,-304,-0.795870,-0.009948
141.4710,-304,-0.795870,-0.009948
141.4810,-304,-0.795870,-0.009948
141.4910,-304,-0.795870,-0.009948
141.5010,-304,-0.795870,-0.009948
141.5110,-304,-0.795870,-0.009948
141.5210,-304,-0.795870,-0.009948
141.5320,-304,-0.795870,-0.009948
141.5410,-304,-0.795870,-0.009948
141.5510,-304,-0.795870,-0.009948
141.5610,-304,-0.795870,-0.009948
141.5710,-304,-0.795870,-0.009948
141.5810,-304,-0.795870,-0.009948
141.5910,-304,-0.795870,-0.009948
141.6010,-304,-0.795870,-0.009948
141.6110,-304,-0.795870,-0.009948
141.6210,-305,-0.798488,-0.009981
141.6310,-305,-0.798488,-0.009981
141.6410,-305,-0.798488,-0.009981
141.6510,-305,-0.798488,-0.009981
141.6610,-305,-0.798488,-0.009981
141.6710,-305,-0.798488,-0.009981
141.6810,-305,-0.798488,-0.009981
141.6910,-305,-0.798488,-0.009981
141.7010,-305,-0.798488,-0.009981
141.7110,-305,-0.798488,-0.009981
141.7210,-305,-0.798488,-0.009981
141.7310,-305,-0.798488,-0.009981
141.7410,-305,-0.798488,-0.009981
141.7510,-305,-0.798488,-0.009981
141.7610,-305,-0.798488,-0.009981
141.7710,-305,-0.798488,-0.009981
141.7810,-306,-0.801106,-0.010014
141.7910,-306,-0.801106,-0.010014
141.8010,-306,-0.801106,-0.010014
141.8110,-306,-0.801106,-0.010014
141.8210,-306,-0.801106,-0.010014
141.8310,-306,-0.801106,-0.010014
141.8410,-306,-0.801106,-0.010014
141.8510,-306,-0.801106,-0.010014
141.8610,-306,-0.801106,-0.010014
141.8710,-306,-0.801106,-0.010014
141.8810,-306,-0.801106,-0.010014
141.8910,-306,-0.801106,-0.010014
141.9010,-306,-0.801106,-0.010014
141.9110,-306,-0.801106,-0.010014
141.9210,-306,-0.801106,-0.010014
141.9310,-306,-0.801106,-0.010014
141.9410,-307,-0.803724,-0.010047
141.9510,-307,-0.803724,-0.010047
141.9610,-307,-0.803724,-0.010047
141.9710,-307,-0.803724,-0.010047
141.9810,-307,-0.803724,-0.010047
141.9910,-307,-0.803724,-0.010047
142.0010,-307,-0.803724,-0.010047
142.0110,-307,-0.803724,-0.010047
142.0210,-307,-0.803724,-0.010047
142.0310,-307,-0.803724,-0.010047
142.0410,-307,-0.803724,-0.010047
142.0510,-307,-0.803724,-0.010047
142.0610,-307,-0.803724,-0.010047
142.0710,-307,-0.803724,-0.010047
142.0810,-307,-0.803724,-0.010047
142.0910,-307,-0.803724,-0.010047
142.1010,-307,-0.803724,-0.010047
142.1110,-308,-0.806342,-0.010079
142.1210,-308,-0.806342,-0.010079
142.1310,-308,-0.806342,-0.010079
142.1410,-308,-0.806342,-0.010079
142.1510,-308,-0.806342,-0.010079
142.1610,-308,-0.806342,-0.010079
142.1720,-308,-0.806342,-0.010079
142.1810,-308,-0.806342,-0.010079
142.1910,-308,-0.806342,-0.010079
142.2010,-308,-0.806342,-0.010079
142.2110,-308,-0.806342,-0.010079
142.2210,-308,-0.806342,-0.010079
142.2310,-308,-0.806342,-0.010079
142.2410,-308,-0.806342,-0.010079
142.2510,-308,-0.806342,-0.010079
142.2610,-308,-0.806342,-0.010079
142.2710,-308,-0.806342,-0.010079
142.2810,-309,-0.808960,-0.010112
142.2910,-309,-0.808960,-0.010112
142.3010,-309,-0.808960,-0.010112
142.3110,-309,-0.808960,-0.010112
142.3210,-309,-0.808960,-0.010112
142.3310,-309,-0.808960,-0.010112
142.3410,-309,-0.808960,-0.010112
142.3510,-309,-0.808960,-0.010112
142.3610,-309,-0.808960,-0.010112
142.3710,-309,-0.808960,-0.010112
142.3810,-309,-0.808960,-0.010112
142.3910,-309,-0.808960,-0.010112
142.4010,-309,-0.808960,-0.010112
142.4110,-309,-0.808960,-0.010112
142.4210,-309,-0.808960,-0.010112
142.4310,-310,-0.811578,-0.010145
142.4410,-310,-0.811578,-0.010145
142.4510,-310,-0.811578,-0.010145
142.4610,-310,-0.811578,-0.010145
142.4710,-310,-0.811578,-0.010145
142.4810,-310,-0.811578,-0.010145
142.4910,-310,-0.811578,-0.010145
142.5010,-310,-0.811578,-0.010145
142.5110,-310,-0.811578,-0.010145
142.5210,-310,-0.811578,-0.010145
142.5310,-310,-0.811578,-0.010145
142.5410,-310,-0.811578,-0.010145
142.5510,-310,-0.811578,-0.010145
142.5610,-310,-0.811578,-0.010145
142.5710,-310,-0.811578,-0.010145
142.5810,-310,-0.811578,-0.010145
142.5910,-311,-0.814196,-0.010177
142.6010,-311,-0.814196,-0.010177
142.6110,-311,-0.814196,-0.010177
142.6210,-311,-0.814196,-0.010177
142.6310,-311,-0.814196,-0.010177
142.6410,-311,-0.814196,-0.010177
142.6510,-311,-0.814196,-0.010177
142.6610,-311,-0.814196,-0.010177
142.6710,-311,-0.814196,-0.010177
142.6810,-311,-0.814196,-0.010177
142.6910,-311,-0.814196,-0.010177
142.7010,-311,-0.814196,-0.010177
142.7110,-311,-0.814196,-0.010177
142.7210,-311,-0.814196,-0.010177
142.7310,-312,-0.816814,-0.010210
142.7410,-312,-0.816814,-0.010210
142.7510,-312,-0.816814,-0.010210
142.7610,-312,-0.816814,-0.010210
142.7710,-312,-0.816814,-0.010210
142.7810,-312,-0.816814,-0.010210
142.7910,-312,-0.816814,-0.010210
142.8010,-312,-0.816814,-0.010210
142.8120,-312,-0.816814,-0.010210
142.8210,-312,-0.816814,-0.010210
142.8310,-312,-0.816814,-0.010210
142.8410,-312,-0.816814,-0.010210
142.8510,-312,-0.816814,-0.010210
142.8610,-312,-0.816814,-0.010210
142.8710,-312,-0.816814,-0.010210
142.8810,-312,-0.816814,-0.010210
142.8910,-312,-0.816814,-0.010210
142.9010,-313,-0.819432,-0.010243
142.9110,-313,-0.819432,-0.010243
142.9210,-313,-0.819432,-0.010243
142.9310,-313,-0.819432,-0.010243
142.9410,-313,-0.819432,-0.010243
142.9510,-313,-0.819432,-0.010243
142.9610,-313,-0.819432,-0.010243
142.9710,-313,-0.819432,-0.010243
142.9810,-313,-0.819432,-0.010243
142.9910,-313,-0.819432,-0.010243
143.0010,-313,-0.819432,-0.010243
143.0110,-313,-0.819432,-0.010243
143.0210,-313,-0.819432,-0.010243
143.0310,-313,-0.819432,-0.010243
143.0410,-313,-0.819432,-0.010243
143.0510,-314,-0.822050,-0.010276
143.0610,-314,-0.822050,-0.010276
143.0710,-314,-0.822050,-0.010276
143.0810,-314,-0.822050,-0.010276
143.0910,-314,-0.822050,-0.010276
143.1010,-314,-0.822050,-0.010276
143.1110,-314,-0.822050,-0.010276
143.1210,-314,-0.822050,-0.010276
143.1310,-314,-0.822050,-0.010276
143.1410,-314,-0.822050,-0.010276
143.1510,-314,-0.822050,-0.010276
143.1610,-314,-0.822050,-0.010276
143.1710,-314,-0.822050,-0.010276
143.1810,-314,-0.822050,-0.010276
143.1910,-314,-0.822050,-0.010276
143.2010,-314,-0.822050,-0.010276
143.2110,-315,-0.824668,-0.010308
143.2210,-315,-0.824668,-0.010308
143.2310,-315,-0.824668,-0.010308
143.2410,-315,-0.824668,-0.010308
143.2510,-315,-0.824668,-0.010308
143.2610,-315,-0.824668,-0.010308
143.2710,-315,-0.824668,-0.010308
143.2810,-315,-0.824668,-0.010308
143.2910,-315,-0.824668,-0.010308
143.3010,-315,-0.824668,-0.010308
143.3110,-315,-0.824668,-0.010308
143.3210,-315,-0.824668,-0.010308
143.3310,-315,-0.824668,-0.010308
143.3410,-315,-0.824668,-0.010308
143.3510,-315,-0.824668,-0.010308
143.3610,-316,-0.827286,-0.010341
143.3710,-316,-0.827286,-0.010341
143.3810,-316,-0.827286,-0.010341
143.3910,-316,-0.827286,-0.010341
143.4010,-316,-0.827286,-0.010341
143.4110,-316,-0.827286,-0.010341
143.4210,-316,-0.827286,-0.010341
143.4310,-316,-0.827286,-0.010341
143.4410,-316,-0.827286,-0.010341
143.4520,-316,-0.827286,-0.010341
143.4610,-316,-0.827286,-0.010341
143.4710,-316,-0.827286,-0.010341
143.4810,-316,-0.827286,-0.010341
143.4910,-316,-0.827286,-0.010341
143.5010,-316,-0.827286,-0.010341
143.5110,-316,-0.827286,-0.010341
143.5210,-317,-0.829904,-0.010374
143.5310,-317,-0.829904,-0.010374
143.5410,-317,-0.829904,-0.010374
143.5510,-317,-0.829904,-0.010374
143.5610,-317,-0.829904,-0.010374
143.5710,-317,-0.829904,-0.010374
143.5810,-317,-0.829904,-0.010374
143.5910,-317,-0.829904,-0.010374
143.6010,-317,-0.829904,-0.010374
143.6110,-317,-0.829904,-0.010374
143.6210,-317,-0.829904,-0.010374
143.6310,-317,-0.829904,-0.010374
143.6410,-317,-0.829904,-0.010374
143.6510,-317,-0.829904,-0.010374
143.6610,-317,-0.829904,-0.010374
143.6710,-317,-0.829904,-0.010374
143.6810,-318,-0.832522,-0.010407
143.6910,-318,-0.832522,-0.010407
143.7010,-318,-0.832522,-0.010407
143.7110,-318,-0.832522,-0.010407
143.7210,-318,-0.832522,-0.010407
143.7310,-318,-0.832522,-0.010407
143.7410,-318,-0.832522,-0.010407
143.7510,-318,-0.832522,-0.010407
143.7610,-318,-0.832522,-0.010407
143.7710,-318,-0.832522,-0.010407
143.7810,-318,-0.832522,-0.010407
143.7910,-318,-0.832522,-0.010407
143.8010,-318,-0.832522,-0.010407
143.8110,-318,-0.832522,-0.010407
143.8210,-318,-0.832522,-0.010407
143.8310,-318,-0.832522,-0.010407
143.8410,-319,-0.835140,-0.010439
143.8510,-319,-0.835140,-0.010439
143.8610,-319,-0.835140,-0.010439
143.8710,-319,-0.835140,-0.010439
143.8810,-319,-0.835140,-0.010439
143.8910,-319,-0.835140,-0.010439
143.9010,-319,-0.835140,-0.010439
143.9110,-319,-0.835140,-0.010439
143.9210,-319,-0.835140,-0.010439
143.9310,-319,-0.835140,-0.010439
143.9410,-319,-0.835140,-0.010439
143.9510,-319,-0.835140,-0.010439
143.9610,-319,-0.835140,-0.010439
143.9710,-319,-0.835140,-0.010439
143.9810,-319,-0.835140,-0.010439
143.9910,-319,-0.835140,-0.010439
144.0010,-320,-0.837758,-0.010472
144.0110,-320,-0.837758,-0.010472
144.0210,-320,-0.837758,-0.010472
144.0310,-320,-0.837758,-0.010472
144.0410,-320,-0.837758,-0.010472
144.0510,-320,-0.837758,-0.010472
144.0610,-320,-0.837758,-0.010472
144.0710,-320,-0.837758,-0.010472
144.0810,-320,-0.837758,-0.010472
144.0920,-320,-0.837758,-0.010472
144.1010,-320,-0.837758,-0.010472
144.1110,-320,-0.837758,-0.010472
144.1210,-320,-0.837758,-0.010472
144.1310,-320,-0.837758,-0.010472
144.1410,-320,-0.837758,-0.010472
144.1510,-320,-0.837758,-0.010472
144.1610,-320,-0.837758,-0.010472
144.1710,-321,-0.840376,-0.010505
144.1810,-321,-0.840376,-0.010505
144.1910,-321,-0.840376,-0.010505
144.2010,-321,-0.840376,-0.010505
144.2110,-321,-0.840376,-0.010505
144.2210,-321,-0.840376,-0.010505
144.2310,-321,-0.840376,-0.010505
144.2410,-321,-0.840376,-0.010505
144.2510,-321,-0.840376,-0.010505
144.2610,-321,-0.840376,-0.010505
144.2710,-321,-0.840376,-0.010505
144.2810,-321,-0.840376,-0.010505
144.2910,-321,-0.840376,-0.010505
144.3010,-321,-0.840376,-0.010505
144.3110,-321,-0.840376,-0.010505
144.3210,-322,-0.842994,-0.010537
144.3310,-322,-0.842994,-0.010537
144.3410,-322,-0.842994,-0.010537
144.3510,-322,-0.842994,-0.010537
144.3610,-322,-0.842994,-0.010537
144.3710,-322,-0.842994,-0.010537
144.3810,-322,-0.842994,-0.010537
144.3910,-322,-0.842994,-0.010537
144.4010,-322,-0.842994,-0.010537
144.4110,-322,-0.842994,-0.010537
144.4210,-322,-0.842994,-0.010537
144.4310,-322,-0.842994,-0.010537
144.4410,-322,-0.842994,-0.010537
144.4510,-322,-0.842994,-0.010537
144.4610,-322,-0.842994,-0.010537
144.4710,-323,-0.845612,-0.010570
144.4810,-323,-0.845612,-0.010570
144.4910,-323,-0.845612,-0.010570
144.5010,-323,-0.845612,-0.010570
144.5110,-323,-0.845612,-0.010570
144.5210,-323,-0.845612,-0.010570
144.5310,-323,-0.845612,-0.010570
144.5410,-323,-0.845612,-0.010570
144.5510,-323,-0.845612,-0.010570
144.5610,-323,-0.845612,-0.010570
144.5710,-323,-0.845612,-0.010570
144.5810,-323,-0.845612,-0.010570
144.5910,-323,-0.845612,-0.010570
144.6010,-323,-0.845612,-0.010570
144.6110,-323,-0.845612,-0.010570
144.6210,-323,-0.845612,-0.010570
144.6310,-324,-0.848230,-0.010603
144.6410,-324,-0.848230,-0.010603
144.6510,-324,-0.848230,-0.010603
144.6610,-324,-0.848230,-0.010603
144.6710,-324,-0.848230,-0.010603
144.6810,-324,-0.848230,-0.010603
144.6910,-324,-0.848230,-0.010603
144.7010,-324,-0.848230,-0.010603
144.7110,-324,-0.848230,-0.010603
144.7210,-324,-0.848230,-0.010603
144.7320,-324,-0.848230,-0.010603
144.7410,-324,-0.848230,-0.010603
144.7510,-324,-0.848230,-0.010603
144.7610,-324,-0.848230,-0.010603
144.7710,-324,-0.848230,-0.010603
144.7810,-324,-0.848230,-0.010603
144.7910,-325,-0.850848,-0.010636
144.8010,-325,-0.850848,-0.010636
144.8110,-325,-0.850848,-0.010636
144.8210,-325,-0.850848,-0.010636
144.8310,-325,-0.850848,-0.010636
144.8410,-326,-0.853466,-0.010668
144.8510,-326,-0.853466,-0.010668
144.8610,-325,-0.850848,-0.010636
144.8710,-325,-0.850848,-0.010636
144.8810,-325,-0.850848,-0.010636
144.8910,-325,-0.850848,-0.010636
144.9010,-325,-0.850848,-0.010636
144.9110,-325,-0.850848,-0.010636
144.9210,-325,-0.850848,-0.010636
144.9310,-325,-0.850848,-0.010636
144.9410,-325,-0.850848,-0.010636
144.9510,-326,-0.853466,-0.010668
144.9610,-326,-0.853466,-0.010668
144.9710,-326,-0.853466,-0.010668
144.9810,-327,-0.856084,-0.010701
144.9910,-327,-0.856084,-0.010701
145.0010,-327,-0.856084,-0.010701
145.0110,-327,-0.856084,-0.010701
145.0210,-327,-0.856084,-0.010701
145.0310,-326,-0.853466,-0.010668
145.0410,-326,-0.853466,-0.010668
145.0510,-326,-0.853466,-0.010668
145.0610,-327,-0.856084,-0.010701
145.0710,-327,-0.856084,-0.010701
145.0810,-327,-0.856084,-0.010701
145.0910,-327,-0.856084,-0.010701
145.1010,-327,-0.856084,-0.010701
145.1110,-327,-0.856084,-0.010701
145.1210,-327,-0.856084,-0.010701
145.1310,-328,-0.858702,-0.010734
145.1410,-328,-0.858702,-0.010734
145.1510,-328,-0.858702,-0.010734
145.1610,-328,-0.858702,-0.010734
145.1710,-328,-0.858702,-0.010734
145.1810,-328,-0.858702,-0.010734
145.1910,-328,-0.858702,-0.010734
145.2010,-328,-0.858702,-0.010734
145.2110,-328,-0.858702,-0.010734
145.2210,-328,-0.858702,-0.010734
145.2310,-328,-0.858702,-0.010734
145.2410,-328,-0.858702,-0.010734
145.2510,-328,-0.858702,-0.010734
145.2610,-328,-0.858702,-0.010734
145.2710,-328,-0.858702,-0.010734
145.2810,-329,-0.861320,-0.010767
145.2910,-329,-0.861320,-0.010767
145.3010,-329,-0.861320,-0.010767
145.3110,-330,-0.863938,-0.010799
145.3210,-330,-0.863938,-0.010799
145.3310,-330,-0.863938,-0.010799
145.3410,-329,-0.861320,-0.010767
145.3510,-329,-0.861320,-0.010767
145.3610,-329,-0.861320,-0.010767
145.3720,-329,-0.861320,-0.010767
145.3810,-329,-0.861320,-0.010767
145.3910,-329,-0.861320,-0.010767
145.4010,-329,-0.861320,-0.010767
145.4110,-329,-0.861320,-0.010767
145.4210,-330,-0.863938,-0.010799
145.4310,-330,-0.863938,-0.010799
145.4410,-330,-0.863938,-0.010799
145.4510,-331,-0.866556,-0.010832
145.4610,-331,-0.866556,-0.010832
145.4710,-331,-0.866556,-0.010832
145.4810,-331,-0.866556,-0.010832
145.4910,-331,-0.866556,-0.010832
145.5010,-331,-0.866556,-0.010832
145.5110,-331,-0.866556,-0.010832
145.5210,-331,-0.866556,-0.010832
145.5310,-331,-0.866556,-0.010832
145.5410,-331,-0.866556,-0.010832
145.5510,-331,-0.866556,-0.010832
145.5610,-331,-0.866556,-0.010832
145.5710,-331,-0.866556,-0.010832
145.5810,-331,-0.866556,-0.010832
145.5910,-331,-0.866556,-0.010832
145.6010,-332,-0.869174,-0.010865
145.6110,-332,-0.869174,-0.010865
145.6210,-332,-0.869174,-0.010865
145.6310,-332,-0.869174,-0.010865
145.6410,-332,-0.869174,-0.010865
145.6510,-332,-0.869174,-0.010865
145.6610,-332,-0.869174,-0.010865
145.6710,-332,-0.869174,-0.010865
145.6810,-332,-0.869174,-0.010865
145.6910,-332,-0.869174,-0.010865
145.7010,-332,-0.869174,-0.010865
145.7110,-332,-0.869174,-0.010865
145.7210,-332,-0.869174,-0.010865
145.7310,-332,-0.869174,-0.010865
145.7410,-333,-0.871792,-0.010897
145.7510,-333,-0.871792,-0.010897
145.7610,-333,-0.871792,-0.010897
145.7710,-334,-0.874410,-0.010930
145.7810,-334,-0.874410,-0.010930
145.7910,-334,-0.874410,-0.010930
145.8010,-334,-0.874410,-0.010930
145.8110,-334,-0.874410,-0.010930
145.8210,-334,-0.874410,-0.010930
145.8310,-334,-0.874410,-0.010930
145.8410,-334,-0.874410,-0.010930
145.8510,-334,-0.874410,-0.010930
145.8610,-334,-0.874410,-0.010930
145.8710,-334,-0.874410,-0.010930
145.8810,-334,-0.874410,-0.010930
145.8910,-334,-0.874410,-0.010930
145.9010,-334,-0.874410,-0.010930
145.9110,-334,-0.874410,-0.010930
145.9210,-335,-0.877028,-0.010963
145.9310,-335,-0.877028,-0.010963
145.9410,-335,-0.877028,-0.010963
145.9510,-335,-0.877028,-0.010963
145.9610,-335,-0.877028,-0.010963
145.9710,-335,-0.877028,-0.010963
145.9810,-335,-0.877028,-0.010963
145.9910,-335,-0.877028,-0.010963
146.0010,-335,-0.877028,-0.010963
146.0120,-335,-0.877028,-0.010963
146.0210,-335,-0.877028,-0.010963
146.0310,-335,-0.877028,-0.010963
146.0410,-335,-0.877028,-0.010963
146.0510,-335,-0.877028,-0.010963
146.0610,-336,-0.879646,-0.010996
146.0710,-336,-0.879646,-0.010996
146.0810,-336,-0.879646,-0.010996
146.0910,-337,-0.882264,-0.011028
146.1010,-337,-0.882264,-0.011028
146.1110,-337,-0.882264,-0.011028
146.1210,-337,-0.882264,-0.011028
146.1310,-337,-0.882264,-0.011028
146.1410,-336,-0.879646,-0.010996
146.1510,-336,-0.879646,-0.010996
146.1610,-336,-0.879646,-0.010996
146.1710,-337,-0.882264,-0.011028
146.1810,-337,-0.882264,-0.011028
146.1910,-337,-0.882264,-0.011028
146.2010,-337,-0.882264,-0.011028
146.2110,-337,-0.882264,-0.011028
146.2210,-337,-0.882264,-0.011028
146.2310,-338,-0.884882,-0.011061
146.2410,-338,-0.884882,-0.011061
146.2510,-338,-0.884882,-0.011061
146.2610,-338,-0.884882,-0.011061
146.2710,-339,-0.887500,-0.011094
146.2810,-339,-0.887500,-0.011094
146.2910,-338,-0.884882,-0.011061
146.3010,-338,-0.884882,-0.011061
146.3110,-338,-0.884882,-0.011061
146.3210,-338,-0.884882,-0.011061
146.3310,-338,-0.884882,-0.011061
146.3410,-338,-0.884882,-0.011061
146.3510,-338,-0.884882,-0.011061
146.3610,-338,-0.884882,-0.011061
146.3710,-338,-0.884882,-0.011061
146.3810,-339,-0.887500,-0.011094
146.3910,-339,-0.887500,-0.011094
146.4010,-340,-0.890118,-0.011126
146.4110,-340,-0.890118,-0.011126
146.4210,-340,-0.890118,-0.011126
146.4310,-340,-0.890118,-0.011126
146.4410,-340,-0.890118,-0.011126
146.4510,-340,-0.890118,-0.011126
146.4610,-340,-0.890118,-0.011126
146.4710,-340,-0.890118,-0.011126
146.4810,-340,-0.890118,-0.011126
146.4910,-340,-0.890118,-0.011126
146.5010,-340,-0.890118,-0.011126
146.5110,-340,-0.890118,-0.011126
146.5210,-340,-0.890118,-0.011126
146.5310,-341,-0.892736,-0.011159
146.5410,-341,-0.892736,-0.011159
146.5510,-341,-0.892736,-0.011159
146.5610,-342,-0.895354,-0.011192
146.5710,-342,-0.895354,-0.011192
146.5810,-342,-0.895354,-0.011192
146.5910,-342,-0.895354,-0.011192
146.6010,-342,-0.895354,-0.011192
146.6110,-342,-0.895354,-0.011192
146.6210,-342,-0.895354,-0.011192
146.6310,-342,-0.895354,-0.011192
146.6410,-342,-0.895354,-0.011192
146.6520,-342,-0.895354,-0.011192
146.6610,-342,-0.895354,-0.011192
146.6710,-342,-0.895354,-0.011192
146.6810,-343,-0.897972,-0.011225
146.6910,-344,-0.900590,-0.011257
146.7010,-344,-0.900590,-0.011257
146.7110,-344,-0.900590,-0.011257
146.7210,-344,-0.900590,-0.011257
146.7310,-344,-0.900590,-0.011257
146.7410,-344,-0.900590,-0.011257
146.7510,-344,-0.900590,-0.011257
146.7610,-344,-0.900590,-0.011257
146.7710,-344,-0.900590,-0.011257
146.7810,-344,-0.900590,-0.011257
146.7910,-345,-0.903208,-0.011290
146.8010,-345,-0.903208,-0.011290
146.8110,-346,-0.905826,-0.011323
146.8210,-346,-0.905826,-0.011323
146.8310,-346,-0.905826,-0.011323
146.8410,-346,-0.905826,-0.011323
146.8510,-347,-0.908444,-0.011356
146.8610,-347,-0.908444,-0.011356
146.8710,-347,-0.908444,-0.011356
146.8810,-347,-0.908444,-0.011356
146.8910,-348,-0.911062,-0.011388
146.9010,-349,-0.913680,-0.011421
146.9110,-349,-0.913680,-0.011421
146.9210,-350,-0.916298,-0.011454
146.9310,-350,-0.916298,-0.011454
146.9410,-350,-0.916298,-0.011454
146.9510,-351,-0.918916,-0.011486
146.9610,-351,-0.918916,-0.011486
146.9710,-351,-0.918916,-0.011486
146.9810,-351,-0.918916,-0.011486
146.9910,-352,-0.921534,-0.011519
147.0010,-353,-0.924152,-0.011552
147.0110,-353,-0.924152,-0.011552
147.0210,-353,-0.924152,-0.011552
147.0310,-353,-0.924152,-0.011552
147.0410,-353,-0.924152,-0.011552
147.0510,-353,-0.924152,-0.011552
147.0610,-353,-0.924152,-0.011552
147.0710,-353,-0.924152,-0.011552
147.0810,-354,-0.926770,-0.011585
147.0910,-354,-0.926770,-0.011585
147.1010,-355,-0.929388,-0.011617
147.1110,-356,-0.932006,-0.011650
147.1210,-356,-0.932006,-0.011650
147.1310,-356,-0.932006,-0.011650
147.1410,-356,-0.932006,-0.011650
147.1510,-356,-0.932006,-0.011650
147.1610,-356,-0.932006,-0.011650
147.1710,-355,-0.929388,-0.011617
147.1810,-356,-0.932006,-0.011650
147.1910,-357,-0.934624,-0.011683
147.2010,-357,-0.934624,-0.011683
147.2110,-358,-0.937242,-0.011716
147.2210,-358,-0.937242,-0.011716
147.2310,-358,-0.937242,-0.011716
147.2410,-358,-0.937242,-0.011716
147.2510,-358,-0.937242,-0.011716
147.2610,-358,-0.937242,-0.011716
147.2710,-358,-0.937242,-0.011716
147.2810,-359,-0.939860,-0.011748
147.2920,-359,-0.939860,-0.011748
147.3010,-360,-0.942478,-0.011781
147.3110,-360,-0.942478,-0.011781
147.3210,-360,-0.942478,-0.011781
147.3310,-360,-0.942478,-0.011781
147.3410,-360,-0.942478,-0.011781
147.3510,-360,-0.942478,-0.011781
147.3610,-360,-0.942478,-0.011781
147.3710,-360,-0.942478,-0.011781
147.3810,-360,-0.942478,-0.011781
147.3910,-361,-0.945096,-0.011814
147.4010,-362,-0.947714,-0.011846
147.4110,-362,-0.947714,-0.011846
147.4210,-362,-0.947714,-0.011846
147.4310,-362,-0.947714,-0.011846
147.4410,-362,-0.947714,-0.011846
147.4510,-362,-0.947714,-0.011846
147.4610,-362,-0.947714,-0.011846
147.4710,-362,-0.947714,-0.011846
147.4810,-363,-0.950332,-0.011879
147.4910,-364,-0.952950,-0.011912
147.5010,-364,-0.952950,-0.011912
147.5110,-364,-0.952950,-0.011912
147.5210,-364,-0.952950,-0.011912
147.5310,-364,-0.952950,-0.011912
147.5410,-364,-0.952950,-0.011912
147.5510,-364,-0.952950,-0.011912
147.5610,-364,-0.952950,-0.011912
147.5710,-365,-0.955568,-0.011945
147.5810,-365,-0.955568,-0.011945
147.5910,-366,-0.958186,-0.011977
147.6010,-366,-0.958186,-0.011977
147.6110,-366,-0.958186,-0.011977
147.6210,-366,-0.958186,-0.011977
147.6310,-366,-0.958186,-0.011977
147.6410,-366,-0.958186,-0.011977
147.6510,-366,-0.958186,-0.011977
147.6610,-366,-0.958186,-0.011977
147.6710,-367,-0.960804,-0.012010
147.6810,-367,-0.960804,-0.012010
147.6910,-368,-0.963422,-0.012043
147.7010,-368,-0.963422,-0.012043
147.7110,-368,-0.963422,-0.012043
147.7210,-368,-0.963422,-0.012043
147.7310,-368,-0.963422,-0.012043
147.7410,-368,-0.963422,-0.012043
147.7510,-368,-0.963422,-0.012043
147.7610,-368,-0.963422,-0.012043
147.7710,-369,-0.966040,-0.012075
147.7810,-370,-0.968658,-0.012108
147.7910,-370,-0.968658,-0.012108
147.8010,-370,-0.968658,-0.012108
147.8110,-370,-0.968658,-0.012108
147.8210,-370,-0.968658,-0.012108
147.8310,-370,-0.968658,-0.012108
147.8410,-370,-0.968658,-0.012108
147.8510,-370,-0.968658,-0.012108
147.8610,-370,-0.968658,-0.012108
147.8710,-371,-0.971276,-0.012141
147.8810,-372,-0.973894,-0.012174
147.8910,-372,-0.973894,-0.012174
147.9010,-372,-0.973894,-0.012174
147.9110,-372,-0.973894,-0.012174
147.9210,-372,-0.973894,-0.012174
147.9320,-371,-0.971276,-0.012141
147.9410,-371,-0.971276,-0.012141
147.9510,-372,-0.973894,-0.012174
147.9610,-372,-0.973894,-0.012174
147.9710,-373,-0.976512,-0.012206
147.9810,-373,-0.976512,-0.012206
147.9910,-373,-0.976512,-0.012206
148.0010,-373,-0.976512,-0.012206
148.0110,-373,-0.976512,-0.012206
148.0210,-373,-0.976512,-0.012206
148.0310,-373,-0.976512,-0.012206
148.0410,-373,-0.976512,-0.012206
148.0510,-374,-0.979130,-0.012239
148.0610,-374,-0.979130,-0.012239
148.0710,-375,-0.981748,-0.012272
148.0810,-375,-0.981748,-0.012272
148.0910,-375,-0.981748,-0.012272
148.1010,-375,-0.981748,-0.012272
148.1110,-375,-0.981748,-0.012272
148.1210,-375,-0.981748,-0.012272
148.1310,-375,-0.981748,-0.012272
148.1410,-375,-0.981748,-0.012272
148.1510,-376,-0.984366,-0.012305
148.1610,-376,-0.984366,-0.012305
148.1710,-377,-0.986984,-0.012337
148.1810,-377,-0.986984,-0.012337
148.1910,-377,-0.986984,-0.012337
148.2010,-377,-0.986984,-0.012337
148.2110,-376,-0.984366,-0.012305
148.2210,-376,-0.984366,-0.012305
148.2310,-376,-0.984366,-0.012305
148.2410,-376,-0.984366,-0.012305
148.2510,-377,-0.986984,-0.012337
148.2610,-378,-0.989602,-0.012370
148.2710,-378,-0.989602,-0.012370
148.2810,-378,-0.989602,-0.012370
148.2910,-378,-0.989602,-0.012370
148.3010,-378,-0.989602,-0.012370
148.3110,-378,-0.989602,-0.012370
148.3210,-378,-0.989602,-0.012370
148.3310,-378,-0.989602,-0.012370
148.3410,-379,-0.992220,-0.012403
148.3510,-379,-0.992220,-0.012403
148.3610,-380,-0.994838,-0.012435
148.3710,-380,-0.994838,-0.012435
148.3810,-380,-0.994838,-0.012435
148.3910,-380,-0.994838,-0.012435
148.4010,-380,-0.994838,-0.012435
148.4110,-380,-0.994838,-0.012435
148.4210,-380,-0.994838,-0.012435
148.4310,-380,-0.994838,-0.012435
148.4410,-380,-0.994838,-0.012435
148.4510,-381,-0.997456,-0.012468
148.4610,-381,-0.997456,-0.012468
148.4710,-382,-1.000074,-0.012501
148.4810,-382,-1.000074,-0.012501
148.4910,-381,-0.997456,-0.012468
148.5010,-381,-0.997456,-0.012468
148.5110,-381,-0.997456,-0.012468
148.5210,-381,-0.997456,-0.012468
148.5310,-381,-0.997456,-0.012468
148.5410,-382,-1.000074,-0.012501
148.5510,-383,-1.002692,-0.012534
148.5610,-383,-1.002692,-0.012534
148.5720,-383,-1.002692,-0.012534
148.5810,-383,-1.002692,-0.012534
148.5910,-383,-1.002692,-0.012534
148.6010,-383,-1.002692,-0.012534
148.6110,-383,-1.002692,-0.012534
148.6210,-383,-1.002692,-0.012534
148.6310,-383,-1.002692,-0.012534
148.6410,-384,-1.005310,-0.012566
148.6510,-384,-1.005310,-0.012566
148.6610,-384,-1.005310,-0.012566
148.6710,-384,-1.005310,-0.012566
148.6810,-384,-1.005310,-0.012566
148.6910,-384,-1.005310,-0.012566
148.7010,-384,-1.005310,-0.012566
148.7110,-384,-1.005310,-0.012566
148.7210,-384,-1.005310,-0.012566
148.7310,-385,-1.007928,-0.012599
148.7410,-385,-1.007928,-0.012599
148.7510,-386,-1.010546,-0.012632
148.7610,-386,-1.010546,-0.012632
148.7710,-386,-1.010546,-0.012632
148.7810,-386,-1.010546,-0.012632
148.7910,-386,-1.010546,-0.012632
148.8010,-386,-1.010546,-0.012632
148.8110,-386,-1.010546,-0.012632
148.8210,-386,-1.010546,-0.012632
148.8310,-387,-1.013164,-0.012665
148.8410,-387,-1.013164,-0.012665
148.8510,-388,-1.015782,-0.012697
148.8610,-388,-1.015782,-0.012697
148.8710,-388,-1.015782,-0.012697
148.8810,-388,-1.015782,-0.012697
148.8910,-387,-1.013164,-0.012665
148.9010,-387,-1.013164,-0.012665
148.9110,-387,-1.013164,-0.012665
148.9210,-388,-1.015782,-0.012697
148.9310,-388,-1.015782,-0.012697
148.9410,-388,-1.015782,-0.012697
148.9510,-389,-1.018400,-0.012730
148.9610,-389,-1.018400,-0.012730
148.9710,-388,-1.015782,-0.012697
148.9810,-388,-1.015782,-0.012697
148.9910,-388,-1.015782,-0.012697
149.0010,-388,-1.015782,-0.012697
149.0110,-388,-1.015782,-0.012697
149.0210,-389,-1.018400,-0.012730
149.0310,-389,-1.018400,-0.012730
149.0410,-390,-1.021018,-0.012763
149.0510,-390,-1.021018,-0.012763
149.0610,-390,-1.021018,-0.012763
149.0710,-390,-1.021018,-0.012763
149.0810,-390,-1.021018,-0.012763
149.0910,-390,-1.021018,-0.012763
149.1010,-390,-1.021018,-0.012763
149.1110,-390,-1.021018,-0.012763
149.1210,-391,-1.023636,-0.012795
149.1310,-391,-1.023636,-0.012795
149.1410,-391,-1.023636,-0.012795
149.1510,-391,-1.023636,-0.012795
149.1610,-391,-1.023636,-0.012795
149.1710,-391,-1.023636,-0.012795
149.1810,-391,-1.023636,-0.012795
149.1910,-391,-1.023636,-0.012795
149.2010,-391,-1.023636,-0.012795
149.2120,-391,-1.023636,-0.012795
149.2210,-392,-1.026254,-0.012828
149.2310,-392,-1.026254,-0.012828
149.2410,-392,-1.026254,-0.012828
149.2510,-392,-1.026254,-0.012828
149.2610,-392,-1.026254,-0.012828
149.2710,-392,-1.026254,-0.012828
149.2810,-392,-1.026254,-0.012828
149.2910,-392,-1.026254,-0.012828
149.3010,-392,-1.026254,-0.012828
149.3110,-393,-1.028872,-0.012861
149.3210,-393,-1.028872,-0.012861
149.3310,-394,-1.031490,-0.012894
149.3410,-394,-1.031490,-0.012894
149.3510,-394,-1.031490,-0.012894
149.3610,-394,-1.031490,-0.012894
149.3710,-394,-1.031490,-0.012894
149.3810,-394,-1.031490,-0.012894
149.3910,-394,-1.031490,-0.012894
149.4010,-394,-1.031490,-0.012894
149.4110,-395,-1.034108,-0.012926
149.4210,-395,-1.034108,-0.012926
149.4310,-395,-1.034108,-0.012926
149.4410,-395,-1.034108,-0.012926
149.4510,-395,-1.034108,-0.012926
149.4610,-395,-1.034108,-0.012926
149.4710,-395,-1.034108,-0.012926
149.4810,-395,-1.034108,-0.012926
149.4910,-395,-1.034108,-0.012926
149.5010,-395,-1.034108,-0.012926
149.5110,-396,-1.036726,-0.012959
149.5210,-396,-1.036726,-0.012959
149.5310,-397,-1.039344,-0.012992
149.5410,-397,-1.039344,-0.012992
149.5510,-396,-1.036726,-0.012959
149.5610,-396,-1.036726,-0.012959
149.5710,-396,-1.036726,-0.012959
149.5810,-396,-1.036726,-0.012959
149.5910,-396,-1.036726,-0.012959
149.6010,-397,-1.039344,-0.012992
149.6110,-397,-1.039344,-0.012992
149.6210,-397,-1.039344,-0.012992
149.6310,-398,-1.041962,-0.013025
149.6410,-398,-1.041962,-0.013025
149.6510,-397,-1.039344,-0.012992
149.6610,-397,-1.039344,-0.012992
149.6710,-397,-1.039344,-0.012992
149.6810,-397,-1.039344,-0.012992
149.6910,-397,-1.039344,-0.012992
149.7010,-398,-1.041962,-0.013025
149.7110,-398,-1.041962,-0.013025
149.7210,-398,-1.041962,-0.013025
149.7310,-398,-1.041962,-0.013025
149.7410,-398,-1.041962,-0.013025
149.7510,-398,-1.041962,-0.013025
149.7610,-398,-1.041962,-0.013025
149.7710,-398,-1.041962,-0.013025
149.7810,-398,-1.041962,-0.013025
149.7910,-398,-1.041962,-0.013025
149.8010,-399,-1.044580,-0.013057
149.8110,-399,-1.044580,-0.013057
149.8210,-399,-1.044580,-0.013057
149.8310,-399,-1.044580,-0.013057
149.8410,-399,-1.044580,-0.013057
149.8520,-399,-1.044580,-0.013057
149.8610,-399,-1.044580,-0.013057
149.8710,-399,-1.044580,-0.013057
149.8810,-399,-1.044580,-0.013057
149.8910,-400,-1.047198,-0.013090
149.9010,-400,-1.047198,-0.013090
149.9110,-400,-1.047198,-0.013090
149.9210,-400,-1.047198,-0.013090
149.9310,-400,-1.047198,-0.013090
149.9410,-400,-1.047198,-0.013090
149.9510,-400,-1.047198,-0.013090
149.9610,-400,-1.047198,-0.013090
149.9710,-400,-1.047198,-0.013090
149.9810,-400,-1.047198,-0.013090
149.9910,-400,-1.047198,-0.013090
150.0010,-400,-1.047198,-0.013090
150.0110,-401,-1.049816,-0.013123
150.0210,-401,-1.049816,-0.013123
150.0310,-401,-1.049816,-0.013123
150.0410,-401,-1.049816,-0.013123
150.0510,-401,-1.049816,-0.013123
150.0610,-400,-1.047198,-0.013090
150.0710,-400,-1.047198,-0.013090
150.0810,-400,-1.047198,-0.013090
150.0910,-401,-1.049816,-0.013123
150.1010,-402,-1.052434,-0.013155
150.1110,-402,-1.052434,-0.013155
150.1210,-402,-1.052434,-0.013155
150.1310,-402,-1.052434,-0.013155
150.1410,-402,-1.052434,-0.013155
150.1510,-402,-1.052434,-0.013155
150.1610,-402,-1.052434,-0.013155
150.1710,-402,-1.052434,-0.013155
150.1810,-402,-1.052434,-0.013155
150.1910,-403,-1.055052,-0.013188
150.2010,-403,-1.055052,-0.013188
150.2110,-404,-1.057669,-0.013221
150.2210,-404,-1.057669,-0.013221
150.2310,-403,-1.055052,-0.013188
150.2410,-403,-1.055052,-0.013188
150.2510,-403,-1.055052,-0.013188
150.2610,-403,-1.055052,-0.013188
150.2710,-403,-1.055052,-0.013188
150.2810,-404,-1.057669,-0.013221
150.2910,-404,-1.057669,-0.013221
150.3010,-404,-1.057669,-0.013221
150.3110,-404,-1.057669,-0.013221
150.3210,-404,-1.057669,-0.013221
150.3310,-404,-1.057669,-0.013221
150.3410,-404,-1.057669,-0.013221
150.3510,-404,-1.057669,-0.013221
150.3610,-404,-1.057669,-0.013221
150.3710,-405,-1.060288,-0.013254
150.3810,-405,-1.060288,-0.013254
150.3910,-405,-1.060288,-0.013254
150.4010,-406,-1.062906,-0.013286
150.4110,-405,-1.060288,-0.013254
150.4210,-405,-1.060288,-0.013254
150.4310,-405,-1.060288,-0.013254
150.4410,-405,-1.060288,-0.013254
150.4510,-406,-1.062906,-0.013286
150.4610,-406,-1.062906,-0.013286
150.4710,-407,-1.065523,-0.013319
150.4810,-407,-1.065523,-0.013319
150.4920,-407,-1.065523,-0.013319
150.5010,-407,-1.065523,-0.013319
150.5110,-407,-1.065523,-0.013319
150.5210,-407,-1.065523,-0.013319
150.5310,-407,-1.065523,-0.013319
150.5410,-408,-1.068142,-0.013352
150.5510,-408,-1.068142,-0.013352
150.5610,-408,-1.068142,-0.013352
150.5710,-409,-1.070760,-0.013384
150.5810,-409,-1.070760,-0.013384
150.5910,-410,-1.073377,-0.013417
150.6010,-410,-1.073377,-0.013417
150.6110,-410,-1.073377,-0.013417
150.6210,-411,-1.075996,-0.013450
150.6310,-411,-1.075996,-0.013450
150.6410,-411,-1.075996,-0.013450
150.6510,-411,-1.075996,-0.013450
150.6610,-412,-1.078613,-0.013483
150.6710,-412,-1.078613,-0.013483
150.6810,-412,-1.078613,-0.013483
150.6910,-412,-1.078613,-0.013483
150.7010,-413,-1.081231,-0.013515
150.7110,-413,-1.081231,-0.013515
150.7210,-413,-1.081231,-0.013515
150.7310,-414,-1.083850,-0.013548
150.7410,-414,-1.083850,-0.013548
150.7510,-415,-1.086467,-0.013581
150.7610,-415,-1.086467,-0.013581
150.7710,-415,-1.086467,-0.013581
150.7810,-416,-1.089085,-0.013614
150.7910,-415,-1.086467,-0.013581
150.8010,-416,-1.089085,-0.013614
150.8110,-417,-1.091703,-0.013646
150.8210,-417,-1.091703,-0.013646
150.8310,-417,-1.091703,-0.013646
150.8410,-417,-1.091703,-0.013646
150.8510,-418,-1.094321,-0.013679
150.8610,-418,-1.094321,-0.013679
150.8710,-418,-1.094321,-0.013679
150.8810,-419,-1.096939,-0.013712
150.8910,-419,-1.096939,-0.013712
150.9010,-420,-1.099557,-0.013744
150.9110,-420,-1.099557,-0.013744
150.9210,-420,-1.099557,-0.013744
150.9310,-420,-1.099557,-0.013744
150.9410,-421,-1.102175,-0.013777
150.9510,-422,-1.104793,-0.013810
150.9610,-422,-1.104793,-0.013810
150.9710,-422,-1.104793,-0.013810
150.9810,-422,-1.104793,-0.013810
150.9910,-422,-1.104793,-0.013810
151.0010,-422,-1.104793,-0.013810
151.0110,-423,-1.107411,-0.013843
151.0210,-424,-1.110029,-0.013875
151.0310,-424,-1.110029,-0.013875
151.0410,-424,-1.110029,-0.013875
151.0510,-424,-1.110029,-0.013875
151.0610,-424,-1.110029,-0.013875
151.0710,-424,-1.110029,-0.013875
151.0810,-425,-1.112647,-0.013908
151.0910,-426,-1.115265,-0.013941
151.1010,-425,-1.112647,-0.013908
151.1110,-426,-1.115265,-0.013941
151.1210,-426,-1.115265,-0.013941
151.1320,-426,-1.115265,-0.013941
151.1410,-426,-1.115265,-0.013941
151.1510,-426,-1.115265,-0.013941
151.1610,-427,-1.117883,-0.013974
151.1710,-427,-1.117883,-0.013974
151.1810,-428,-1.120501,-0.014006
151.1910,-428,-1.120501,-0.014006
151.2010,-428,-1.120501,-0.014006
151.2110,-428,-1.120501,-0.014006
151.2210,-428,-1.120501,-0.014006
151.2310,-430,-1.125737,-0.014072
151.2410,-430,-1.125737,-0.014072
151.2510,-430,-1.125737,-0.014072
151.2610,-430,-1.125737,-0.014072
151.2710,-431,-1.128355,-0.014104
151.2810,-431,-1.128355,-0.014104
151.2910,-431,-1.128355,-0.014104
151.3010,-432,-1.130973,-0.014137
151.3110,-432,-1.130973,-0.014137
151.3210,-432,-1.130973,-0.014137
151.3310,-432,-1.130973,-0.014137
151.3410,-433,-1.133591,-0.014170
151.3510,-433,-1.133591,-0.014170
151.3610,-433,-1.133591,-0.014170
151.3710,-434,-1.136209,-0.014203
151.3810,-434,-1.136209,-0.014203
151.3910,-434,-1.136209,-0.014203
151.4010,-434,-1.136209,-0.014203
151.4110,-435,-1.138827,-0.014235
151.4210,-435,-1.138827,-0.014235
151.4310,-435,-1.138827,-0.014235
151.4410,-436,-1.141445,-0.014268
151.4510,-436,-1.141445,-0.014268
151.4610,-436,-1.141445,-0.014268
151.4710,-436,-1.141445,-0.014268
151.4810,-436,-1.141445,-0.014268
151.4910,-436,-1.141445,-0.014268
151.5010,-436,-1.141445,-0.014268
151.5110,-437,-1.144063,-0.014301
151.5210,-437,-1.144063,-0.014301
151.5310,-437,-1.144063,-0.014301
151.5410,-437,-1.144063,-0.014301
151.5510,-438,-1.146681,-0.014334
151.5610,-438,-1.146681,-0.014334
151.5710,-438,-1.146681,-0.014334
151.5810,-439,-1.149299,-0.014366
151.5910,-439,-1.149299,-0.014366
151.6010,-439,-1.149299,-0.014366
151.6110,-439,-1.149299,-0.014366
151.6210,-439,-1.149299,-0.014366
151.6310,-439,-1.149299,-0.014366
151.6410,-439,-1.149299,-0.014366
151.6510,-440,-1.151917,-0.014399
151.6610,-440,-1.151917,-0.014399
151.6710,-440,-1.151917,-0.014399
151.6810,-440,-1.151917,-0.014399
151.6910,-440,-1.151917,-0.014399
151.7010,-440,-1.151917,-0.014399
151.7110,-440,-1.151917,-0.014399
151.7210,-442,-1.157153,-0.014464
151.7310,-442,-1.157153,-0.014464
151.7410,-442,-1.157153,-0.014464
151.7510,-442,-1.157153,-0.014464
151.7610,-442,-1.157153,-0.014464
151.7720,-442,-1.157153,-0.014464
151.7810,-442,-1.157153,-0.014464
151.7910,-443,-1.159771,-0.014497
151.8010,-443,-1.159771,-0.014497
151.8110,-443,-1.159771,-0.014497
151.8210,-444,-1.162389,-0.014530
151.8310,-444,-1.162389,-0.014530
151.8410,-444,-1.162389,-0.014530
151.8510,-444,-1.162389,-0.014530
151.8610,-444,-1.162389,-0.014530
151.8710,-444,-1.162389,-0.014530
151.8810,-445,-1.165007,-0.014563
151.8910,-445,-1.165007,-0.014563
151.9010,-445,-1.165007,-0.014563
151.9110,-445,-1.165007,-0.014563
151.9210,-445,-1.165007,-0.014563
151.9310,-446,-1.167625,-0.014595
151.9410,-446,-1.167625,-0.014595
151.9510,-446,-1.167625,-0.014595
151.9610,-447,-1.170243,-0.014628
151.9710,-447,-1.170243,-0.014628
151.9810,-447,-1.170243,-0.014628
151.9910,-447,-1.170243,-0.014628
152.0010,-448,-1.172861,-0.014661
152.0110,-448,-1.172861,-0.014661
152.0210,-448,-1.172861,-0.014661
152.0310,-448,-1.172861,-0.014661
152.0410,-448,-1.172861,-0.014661
152.0510,-448,-1.172861,-0.014661
152.0610,-448,-1.172861,-0.014661
152.0710,-449,-1.175479,-0.014693
152.0810,-449,-1.175479,-0.014693
152.0910,-449,-1.175479,-0.014693
152.1010,-450,-1.178097,-0.014726
152.1110,-450,-1.178097,-0.014726
152.1210,-450,-1.178097,-0.014726
152.1310,-450,-1.178097,-0.014726
152.1410,-450,-1.178097,-0.014726
152.1510,-451,-1.180715,-0.014759
152.1610,-451,-1.180715,-0.014759
152.1710,-451,-1.180715,-0.014759
152.1810,-451,-1.180715,-0.014759
152.1910,-451,-1.180715,-0.014759
152.2010,-451,-1.180715,-0.014759
152.2110,-452,-1.183333,-0.014792
152.2210,-452,-1.183333,-0.014792
152.2310,-452,-1.183333,-0.014792
152.2410,-452,-1.183333,-0.014792
152.2510,-452,-1.183333,-0.014792
152.2610,-452,-1.183333,-0.014792
152.2710,-452,-1.183333,-0.014792
152.2810,-453,-1.185951,-0.014824
152.2910,-453,-1.185951,-0.014824
152.3010,-453,-1.185951,-0.014824
152.3110,-454,-1.188569,-0.014857
152.3210,-454,-1.188569,-0.014857
152.3310,-454,-1.188569,-0.014857
152.3410,-454,-1.188569,-0.014857
152.3510,-454,-1.188569,-0.014857
152.3610,-455,-1.191187,-0.014890
152.3710,-455,-1.191187,-0.014890
152.3810,-455,-1.191187,-0.014890
152.3910,-455,-1.191187,-0.014890
152.4010,-456,-1.193805,-0.014923
152.4120,-456,-1.193805,-0.014923
152.4210,-456,-1.193805,-0.014923
152.4310,-456,-1.193805,-0.014923
152.4410,-457,-1.196423,-0.014955
152.4510,-457,-1.196423,-0.014955
152.4610,-457,-1.196423,-0.014955
152.4710,-458,-1.199041,-0.014988
152.4810,-457,-1.196423,-0.014955
152.4910,-458,-1.199041,-0.014988
152.5010,-458,-1.199041,-0.014988
152.5110,-458,-1.199041,-0.014988
152.5210,-459,-1.201659,-0.015021
152.5310,-459,-1.201659,-0.015021
152.5410,-459,-1.201659,-0.015021
152.5510,-459,-1.201659,-0.015021
152.5610,-459,-1.201659,-0.015021
152.5710,-460,-1.204277,-0.015053
152.5810,-460,-1.204277,-0.015053
152.5910,-460,-1.204277,-0.015053
152.6010,-460,-1.204277,-0.015053
152.6110,-460,-1.204277,-0.015053
152.6210,-460,-1.204277,-0.015053
152.6310,-460,-1.204277,-0.015053
152.6410,-461,-1.206895,-0.015086
152.6510,-461,-1.206895,-0.015086
152.6610,-462,-1.209513,-0.015119
152.6710,-461,-1.206895,-0.015086
152.6810,-462,-1.209513,-0.015119
152.6910,-462,-1.209513,-0.015119
152.7010,-462,-1.209513,-0.015119
152.7110,-463,-1.212131,-0.015152
152.7210,-463,-1.212131,-0.015152
152.7310,-463,-1.212131,-0.015152
152.7410,-463,-1.212131,-0.015152
152.7510,-463,-1.212131,-0.015152
152.7610,-463,-1.212131,-0.015152
152.7710,-464,-1.214749,-0.015184
152.7810,-464,-1.214749,-0.015184
152.7910,-465,-1.217367,-0.015217
152.8010,-465,-1.217367,-0.015217
152.8110,-465,-1.217367,-0.015217
152.8210,-465,-1.217367,-0.015217
152.8310,-465,-1.217367,-0.015217
152.8410,-465,-1.217367,-0.015217
152.8510,-466,-1.219985,-0.015250
152.8610,-466,-1.219985,-0.015250
152.8710,-467,-1.222603,-0.015283
152.8810,-467,-1.222603,-0.015283
152.8910,-467,-1.222603,-0.015283
152.9010,-467,-1.222603,-0.015283
152.9110,-467,-1.222603,-0.015283
152.9210,-468,-1.225221,-0.015315
152.9310,-468,-1.225221,-0.015315
152.9410,-469,-1.227839,-0.015348
152.9510,-469,-1.227839,-0.015348
152.9610,-469,-1.227839,-0.015348
152.9710,-469,-1.227839,-0.015348
152.9810,-469,-1.227839,-0.015348
152.9910,-470,-1.230457,-0.015381
153.0010,-470,-1.230457,-0.015381
153.0110,-470,-1.230457,-0.015381
153.0210,-470,-1.230457,-0.015381
153.0310,-470,-1.230457,-0.015381
153.0410,-470,-1.230457,-0.015381
153.0520,-470,-1.230457,-0.015381
153.0610,-472,-1.235693,-0.015446
153.0710,-472,-1.235693,-0.015446
153.0810,-472,-1.235693,-0.015446
153.0910,-472,-1.235693,-0.015446
153.1010,-472,-1.235693,-0.015446
153.1110,-473,-1.238311,-0.015479
153.1210,-472,-1.235693,-0.015446
153.1310,-473,-1.238311,-0.015479
153.1410,-473,-1.238311,-0.015479
153.1510,-474,-1.240929,-0.015512
153.1610,-474,-1.240929,-0.015512
153.1710,-474,-1.240929,-0.015512
153.1810,-474,-1.240929,-0.015512
153.1910,-474,-1.240929,-0.015512
153.2010,-475,-1.243547,-0.015544
153.2110,-475,-1.243547,-0.015544
153.2210,-476,-1.246165,-0.015577
153.2310,-476,-1.246165,-0.015577
153.2410,-476,-1.246165,-0.015577
153.2510,-476,-1.246165,-0.015577
153.2610,-476,-1.246165,-0.015577
153.2710,-477,-1.248783,-0.015610
153.2810,-477,-1.248783,-0.015610
153.2910,-477,-1.248783,-0.015610
153.3010,-478,-1.251401,-0.015643
153.3110,-478,-1.251401,-0.015643
153.3210,-478,-1.251401,-0.015643
153.3310,-478,-1.251401,-0.015643
153.3410,-479,-1.254019,-0.015675
153.3510,-479,-1.254019,-0.015675
153.3610,-479,-1.254019,-0.015675
153.3710,-479,-1.254019,-0.015675
153.3810,-479,-1.254019,-0.015675
153.3910,-480,-1.256637,-0.015708
153.4010,-480,-1.256637,-0.015708
153.4110,-480,-1.256637,-0.015708
153.4210,-480,-1.256637,-0.015708
153.4310,-481,-1.259255,-0.015741
153.4410,-481,-1.259255,-0.015741
153.4510,-481,-1.259255,-0.015741
153.4610,-482,-1.261873,-0.015773
153.4710,-481,-1.259255,-0.015741
153.4810,-482,-1.261873,-0.015773
153.4910,-482,-1.261873,-0.015773
153.5010,-483,-1.264491,-0.015806
153.5110,-483,-1.264491,-0.015806
153.5210,-483,-1.264491,-0.015806
153.5310,-483,-1.264491,-0.015806
153.5410,-483,-1.264491,-0.015806
153.5510,-484,-1.267109,-0.015839
153.5610,-484,-1.267109,-0.015839
153.5710,-484,-1.267109,-0.015839
153.5810,-485,-1.269727,-0.015872
153.5910,-485,-1.269727,-0.015872
153.6010,-485,-1.269727,-0.015872
153.6110,-485,-1.269727,-0.015872
153.6210,-486,-1.272345,-0.015904
153.6310,-486,-1.272345,-0.015904
153.6410,-486,-1.272345,-0.015904
153.6510,-486,-1.272345,-0.015904
153.6610,-486,-1.272345,-0.015904
153.6710,-487,-1.274963,-0.015937
153.6810,-487,-1.274963,-0.015937
153.6920,-487,-1.274963,-0.015937
153.7010,-487,-1.274963,-0.015937
153.7110,-487,-1.274963,-0.015937
153.7210,-487,-1.274963,-0.015937
153.7310,-488,-1.277581,-0.015970
153.7410,-488,-1.277581,-0.015970
153.7510,-488,-1.277581,-0.015970
153.7610,-488,-1.277581,-0.015970
153.7710,-488,-1.277581,-0.015970
153.7810,-489,-1.280199,-0.016002
153.7910,-489,-1.280199,-0.016002
153.8010,-489,-1.280199,-0.016002
153.8110,-489,-1.280199,-0.016002
153.8210,-489,-1.280199,-0.016002
153.8310,-490,-1.282817,-0.016035
153.8410,-490,-1.282817,-0.016035
153.8510,-490,-1.282817,-0.016035
153.8610,-490,-1.282817,-0.016035
153.8710,-490,-1.282817,-0.016035
153.8810,-491,-1.285435,-0.016068
153.8910,-491,-1.285435,-0.016068
153.9010,-491,-1.285435,-0.016068
153.9110,-491,-1.285435,-0.016068
153.9210,-491,-1.285435,-0.016068
153.9310,-492,-1.288053,-0.016101
153.9410,-492,-1.288053,-0.016101
153.9510,-492,-1.288053,-0.016101
153.9610,-492,-1.288053,-0.016101
153.9710,-492,-1.288053,-0.016101
153.9810,-493,-1.290671,-0.016133
153.9910,-493,-1.290671,-0.016133
154.0010,-493,-1.290671,-0.016133
154.0110,-493,-1.290671,-0.016133
154.0210,-493,-1.290671,-0.016133
154.0310,-494,-1.293289,-0.016166
154.0410,-494,-1.293289,-0.016166
154.0510,-494,-1.293289,-0.016166
154.0610,-494,-1.293289,-0.016166
154.0710,-495,-1.295907,-0.016199
154.0810,-496,-1.298525,-0.016232
154.0910,-496,-1.298525,-0.016232
154.1010,-496,-1.298525,-0.016232
154.1110,-496,-1.298525,-0.016232
154.1210,-496,-1.298525,-0.016232
154.1310,-496,-1.298525,-0.016232
154.1410,-496,-1.298525,-0.016232
154.1510,-496,-1.298525,-0.016232
154.1610,-497,-1.301143,-0.016264
154.1710,-497,-1.301143,-0.016264
154.1810,-498,-1.303761,-0.016297
154.1910,-498,-1.303761,-0.016297
154.2010,-498,-1.303761,-0.016297
154.2110,-498,-1.303761,-0.016297
154.2210,-498,-1.303761,-0.016297
154.2310,-499,-1.306379,-0.016330
154.2410,-499,-1.306379,-0.016330
154.2510,-499,-1.306379,-0.016330
154.2610,-499,-1.306379,-0.016330
154.2710,-499,-1.306379,-0.016330
154.2810,-500,-1.308997,-0.016362
154.2910,-500,-1.308997,-0.016362
154.3010,-500,-1.308997,-0.016362
154.3110,-500,-1.308997,-0.016362
154.3210,-500,-1.308997,-0.016362
154.3320,-501,-1.311615,-0.016395
154.3410,-501,-1.311615,-0.016395
154.3510,-501,-1.311615,-0.016395
154.3610,-501,-1.311615,-0.016395
154.3710,-502,-1.314233,-0.016428
154.3810,-502,-1.314233,-0.016428
154.3910,-502,-1.314233,-0.016428
154.4010,-502,-1.314233,-0.016428
154.4110,-502,-1.314233,-0.016428
154.4210,-502,-1.314233,-0.016428
154.4310,-503,-1.316851,-0.016461
154.4410,-503,-1.316851,-0.016461
154.4510,-503,-1.316851,-0.016461
154.4610,-504,-1.319469,-0.016493
154.4710,-504,-1.319469,-0.016493
154.4810,-504,-1.319469,-0.016493
154.4910,-504,-1.319469,-0.016493
154.5010,-504,-1.319469,-0.016493
154.5110,-505,-1.322087,-0.016526
154.5210,-505,-1.322087,-0.016526
154.5310,-506,-1.324705,-0.016559
154.5410,-506,-1.324705,-0.016559
154.5510,-506,-1.324705,-0.016559
154.5610,-506,-1.324705,-0.016559
154.5710,-506,-1.324705,-0.016559
154.5810,-507,-1.327323,-0.016592
154.5910,-507,-1.327323,-0.016592
154.6010,-507,-1.327323,-0.016592
154.6110,-507,-1.327323,-0.016592
154.6210,-507,-1.327323,-0.016592
154.6310,-508,-1.329941,-0.016624
154.6410,-508,-1.329941,-0.016624
154.6510,-508,-1.329941,-0.016624
154.6610,-508,-1.329941,-0.016624
154.6710,-508,-1.329941,-0.016624
154.6810,-508,-1.329941,-0.016624
154.6910,-508,-1.329941,-0.016624
154.7010,-508,-1.329941,-0.016624
154.7110,-508,-1.329941,-0.016624
154.7210,-509,-1.332559,-0.016657
154.7310,-509,-1.332559,-0.016657
154.7410,-509,-1.332559,-0.016657
154.7510,-509,-1.332559,-0.016657
154.7610,-510,-1.335177,-0.016690
154.7710,-510,-1.335177,-0.016690
154.7810,-510,-1.335177,-0.016690
154.7910,-510,-1.335177,-0.016690
154.8010,-510,-1.335177,-0.016690
154.8110,-510,-1.335177,-0.016690
154.8210,-511,-1.337795,-0.016722
154.8310,-511,-1.337795,-0.016722
154.8410,-511,-1.337795,-0.016722
154.8510,-511,-1.337795,-0.016722
154.8610,-511,-1.337795,-0.016722
154.8710,-512,-1.340413,-0.016755
154.8810,-512,-1.340413,-0.016755
154.8910,-512,-1.340413,-0.016755
154.9010,-512,-1.340413,-0.016755
154.9110,-512,-1.340413,-0.016755
154.9210,-512,-1.340413,-0.016755
154.9310,-513,-1.343031,-0.016788
154.9410,-513,-1.343031,-0.016788
154.9510,-513,-1.343031,-0.016788
154.9610,-513,-1.343031,-0.016788
154.9720,-513,-1.343031,-0.016788
154.9810,-514,-1.345649,-0.016821
154.9910,-514,-1.345649,-0.016821
155.0010,-514,-1.345649,-0.016821
155.0110,-514,-1.345649,-0.016821
155.0210,-514,-1.345649,-0.016821
155.0310,-515,-1.348267,-0.016853
155.0410,-515,-1.348267,-0.016853
155.0510,-515,-1.348267,-0.016853
155.0610,-515,-1.348267,-0.016853
155.0710,-515,-1.348267,-0.016853
155.0810,-515,-1.348267,-0.016853
155.0910,-515,-1.348267,-0.016853
155.1010,-515,-1.348267,-0.016853
155.1110,-515,-1.348267,-0.016853
155.1210,-516,-1.350885,-0.016886
155.1310,-516,-1.350885,-0.016886
155.1410,-516,-1.350885,-0.016886
155.1510,-516,-1.350885,-0.016886
155.1610,-516,-1.350885,-0.016886
155.1710,-516,-1.350885,-0.016886
155.1810,-516,-1.350885,-0.016886
155.1910,-516,-1.350885,-0.016886
155.2010,-516,-1.350885,-0.016886
155.2110,-516,-1.350885,-0.016886
155.2210,-517,-1.353503,-0.016919
155.2310,-517,-1.353503,-0.016919
155.2410,-517,-1.353503,-0.016919
155.2510,-517,-1.353503,-0.016919
155.2610,-517,-1.353503,-0.016919
155.2710,-517,-1.353503,-0.016919
155.2810,-518,-1.356121,-0.016952
155.2910,-518,-1.356121,-0.016952
155.3010,-518,-1.356121,-0.016952
155.3110,-518,-1.356121,-0.016952
155.3210,-518,-1.356121,-0.016952
155.3310,-519,-1.358739,-0.016984
155.3410,-519,-1.358739,-0.016984
155.3510,-519,-1.358739,-0.016984
155.3610,-519,-1.358739,-0.016984
155.3710,-519,-1.358739,-0.016984
155.3810,-520,-1.361357,-0.017017
155.3910,-520,-1.361357,-0.017017
155.4010,-520,-1.361357,-0.017017
155.4110,-520,-1.361357,-0.017017
155.4210,-520,-1.361357,-0.017017
155.4310,-520,-1.361357,-0.017017
155.4410,-520,-1.361357,-0.017017
155.4510,-520,-1.361357,-0.017017
155.4610,-521,-1.363975,-0.017050
155.4710,-521,-1.363975,-0.017050
155.4810,-521,-1.363975,-0.017050
155.4910,-521,-1.363975,-0.017050
155.5010,-521,-1.363975,-0.017050
155.5110,-521,-1.363975,-0.017050
155.5210,-522,-1.366593,-0.017082
155.5310,-522,-1.366593,-0.017082
155.5410,-522,-1.366593,-0.017082
155.5510,-522,-1.366593,-0.017082
155.5610,-522,-1.366593,-0.017082
155.5710,-523,-1.369211,-0.017115
155.5810,-523,-1.369211,-0.017115
155.5910,-523,-1.369211,-0.017115
155.6010,-523,-1.369211,-0.017115
155.6120,-523,-1.369211,-0.017115
155.6210,-523,-1.369211,-0.017115
155.6310,-524,-1.371829,-0.017148
155.6410,-524,-1.371829,-0.017148
155.6510,-524,-1.371829,-0.017148
155.6610,-524,-1.371829,-0.017148
155.6710,-524,-1.371829,-0.017148
155.6810,-524,-1.371829,-0.017148
155.6910,-524,-1.371829,-0.017148
155.7010,-524,-1.371829,-0.017148
155.7110,-524,-1.371829,-0.017148
155.7210,-525,-1.374447,-0.017181
155.7310,-525,-1.374447,-0.017181
155.7410,-525,-1.374447,-0.017181
155.7510,-525,-1.374447,-0.017181
155.7610,-525,-1.374447,-0.017181
155.7710,-525,-1.374447,-0.017181
155.7810,-526,-1.377065,-0.017213
155.7910,-526,-1.377065,-0.017213
155.8010,-526,-1.377065,-0.017213
155.8110,-526,-1.377065,-0.017213
155.8210,-526,-1.377065,-0.017213
155.8310,-526,-1.377065,-0.017213
155.8410,-526,-1.377065,-0.017213
155.8510,-527,-1.379683,-0.017246
155.8610,-527,-1.379683,-0.017246
155.8710,-527,-1.379683,-0.017246
155.8810,-528,-1.382301,-0.017279
155.8910,-528,-1.382301,-0.017279
155.9010,-528,-1.382301,-0.017279
155.9110,-528,-1.382301,-0.017279
155.9210,-529,-1.384919,-0.017311
155.9310,-529,-1.384919,-0.017311
155.9410,-529,-1.384919,-0.017311
155.9510,-529,-1.384919,-0.017311
155.9610,-529,-1.384919,-0.017311
155.9710,-529,-1.384919,-0.017311
155.9810,-529,-1.384919,-0.017311
155.9910,-530,-1.387537,-0.017344
156.0010,-530,-1.387537,-0.017344
156.0110,-530,-1.387537,-0.017344
156.0210,-531,-1.390155,-0.017377
156.0310,-531,-1.390155,-0.017377
156.0410,-531,-1.390155,-0.017377
156.0510,-531,-1.390155,-0.017377
156.0610,-531,-1.390155,-0.017377
156.0710,-531,-1.390155,-0.017377
156.0810,-531,-1.390155,-0.017377
156.0910,-531,-1.390155,-0.017377
156.1010,-531,-1.390155,-0.017377
156.1110,-531,-1.390155,-0.017377
156.1210,-532,-1.392773,-0.017410
156.1310,-532,-1.392773,-0.017410
156.1410,-532,-1.392773,-0.017410
156.1510,-532,-1.392773,-0.017410
156.1610,-532,-1.392773,-0.017410
156.1710,-533,-1.395391,-0.017442
156.1810,-533,-1.395391,-0.017442
156.1910,-533,-1.395391,-0.017442
156.2010,-533,-1.395391,-0.017442
156.2110,-533,-1.395391,-0.017442
156.2210,-534,-1.398009,-0.017475
156.2310,-534,-1.398009,-0.017475
156.2410,-534,-1.398009,-0.017475
156.2520,-534,-1.398009,-0.017475
156.2610,-534,-1.398009,-0.017475
156.2710,-535,-1.400627,-0.017508
156.2810,-535,-1.400627,-0.017508
156.2910,-535,-1.400627,-0.017508
156.3010,-535,-1.400627,-0.017508
156.3110,-535,-1.400627,-0.017508
156.3210,-536,-1.403245,-0.017541
156.3310,-536,-1.403245,-0.017541
156.3410,-536,-1.403245,-0.017541
156.3510,-536,-1.403245,-0.017541
156.3610,-536,-1.403245,-0.017541
156.3710,-537,-1.405863,-0.017573
156.3810,-537,-1.405863,-0.017573
156.3910,-537,-1.405863,-0.017573
156.4010,-537,-1.405863,-0.017573
156.4110,-537,-1.405863,-0.017573
156.4210,-538,-1.408481,-0.017606
156.4310,-538,-1.408481,-0.017606
156.4410,-538,-1.408481,-0.017606
156.4510,-538,-1.408481,-0.017606
156.4610,-538,-1.408481,-0.017606
156.4710,-539,-1.411099,-0.017639
156.4810,-539,-1.411099,-0.017639
156.4910,-539,-1.411099,-0.017639
156.5010,-539,-1.411099,-0.017639
156.5110,-539,-1.411099,-0.017639
156.5210,-540,-1.413717,-0.017671
156.5310,-540,-1.413717,-0.017671
156.5410,-540,-1.413717,-0.017671
156.5510,-540,-1.413717,-0.017671
156.5610,-540,-1.413717,-0.017671
156.5710,-541,-1.416335,-0.017704
156.5810,-541,-1.416335,-0.017704
156.5910,-541,-1.416335,-0.017704
156.6010,-541,-1.416335,-0.017704
156.6110,-541,-1.416335,-0.017704
156.6210,-542,-1.418953,-0.017737
156.6310,-542,-1.418953,-0.017737
156.6410,-542,-1.418953,-0.017737
156.6510,-542,-1.418953,-0.017737
156.6610,-542,-1.418953,-0.017737
156.6710,-544,-1.424189,-0.017802
156.6810,-544,-1.424189,-0.017802
156.6910,-544,-1.424189,-0.017802
156.7010,-544,-1.424189,-0.017802
156.7110,-544,-1.424189,-0.017802
156.7210,-545,-1.426807,-0.017835
156.7310,-545,-1.426807,-0.017835
156.7410,-545,-1.426807,-0.017835
156.7510,-545,-1.426807,-0.017835
156.7610,-545,-1.426807,-0.017835
156.7710,-546,-1.429425,-0.017868
156.7810,-546,-1.429425,-0.017868
156.7910,-546,-1.429425,-0.017868
156.8010,-546,-1.429425,-0.017868
156.8110,-546,-1.429425,-0.017868
156.8210,-546,-1.429425,-0.017868
156.8310,-546,-1.429425,-0.017868
156.8410,-546,-1.429425,-0.017868
156.8510,-546,-1.429425,-0.017868
156.8610,-546,-1.429425,-0.017868
156.8710,-547,-1.432043,-0.017901
156.8810,-547,-1.432043,-0.017901
156.8920,-547,-1.432043,-0.017901
156.9010,-547,-1.432043,-0.017901
156.9110,-547,-1.432043,-0.017901
156.9210,-548,-1.434661,-0.017933
156.9310,-548,-1.434661,-0.017933
156.9410,-548,-1.434661,-0.017933
156.9510,-548,-1.434661,-0.017933
156.9610,-548,-1.434661,-0.017933
156.9710,-548,-1.434661,-0.017933
156.9810,-548,-1.434661,-0.017933
156.9910,-548,-1.434661,-0.017933
157.0010,-549,-1.437279,-0.017966
157.0110,-549,-1.437279,-0.017966
157.0210,-550,-1.439897,-0.017999
157.0310,-550,-1.439897,-0.017999
157.0410,-550,-1.439897,-0.017999
157.0510,-550,-1.439897,-0.017999
157.0610,-550,-1.439897,-0.017999
157.0710,-551,-1.442515,-0.018031
157.0810,-551,-1.442515,-0.018031
157.0910,-551,-1.442515,-0.018031
157.1010,-551,-1.442515,-0.018031
157.1110,-551,-1.442515,-0.018031
157.1210,-551,-1.442515,-0.018031
157.1310,-551,-1.442515,-0.018031
157.1410,-551,-1.442515,-0.018031
157.1510,-551,-1.442515,-0.018031
157.1610,-551,-1.442515,-0.018031
157.1710,-552,-1.445133,-0.018064
157.1810,-552,-1.445133,-0.018064
157.1910,-552,-1.445133,-0.018064
157.2010,-552,-1.445133,-0.018064
157.2110,-552,-1.445133,-0.018064
157.2210,-552,-1.445133,-0.018064
157.2310,-552,-1.445133,-0.018064
157.2410,-552,-1.445133,-0.018064
157.2510,-552,-1.445133,-0.018064
157.2610,-552,-1.445133,-0.018064
157.2710,-553,-1.447751,-0.018097
157.2810,-553,-1.447751,-0.018097
157.2910,-553,-1.447751,-0.018097
157.3010,-554,-1.450369,-0.018130
157.3110,-554,-1.450369,-0.018130
157.3210,-554,-1.450369,-0.018130
157.3310,-554,-1.450369,-0.018130
157.3410,-554,-1.450369,-0.018130
157.3510,-554,-1.450369,-0.018130
157.3610,-554,-1.450369,-0.018130
157.3710,-555,-1.452987,-0.018162
157.3810,-555,-1.452987,-0.018162
157.3910,-555,-1.452987,-0.018162
157.4010,-555,-1.452987,-0.018162
157.4110,-555,-1.452987,-0.018162
157.4210,-556,-1.455605,-0.018195
157.4310,-556,-1.455605,-0.018195
157.4410,-556,-1.455605,-0.018195
157.4510,-556,-1.455605,-0.018195
157.4610,-556,-1.455605,-0.018195
157.4710,-557,-1.458223,-0.018228
157.4810,-557,-1.458223,-0.018228
157.4910,-557,-1.458223,-0.018228
157.5010,-557,-1.458223,-0.018228
157.5110,-557,-1.458223,-0.018228
157.5210,-557,-1.458223,-0.018228
157.5320,-557,-1.458223,-0.018228
157.5410,-557,-1.458223,-0.018228
157.5510,-557,-1.458223,-0.018228
157.5610,-557,-1.458223,-0.018228
157.5710,-558,-1.460841,-0.018261
157.5810,-558,-1.460841,-0.018261
157.5910,-558,-1.460841,-0.018261
157.6010,-558,-1.460841,-0.018261
157.6110,-558,-1.460841,-0.018261
157.6210,-559,-1.463459,-0.018293
157.6310,-559,-1.463459,-0.018293
157.6410,-559,-1.463459,-0.018293
157.6510,-559,-1.463459,-0.018293
157.6610,-559,-1.463459,-0.018293
157.6710,-559,-1.463459,-0.018293
157.6810,-559,-1.463459,-0.018293
157.6910,-559,-1.463459,-0.018293
157.7010,-559,-1.463459,-0.018293
157.7110,-559,-1.463459,-0.018293
157.7210,-559,-1.463459,-0.018293
157.7310,-560,-1.466077,-0.018326
157.7410,-560,-1.466077,-0.018326
157.7510,-560,-1.466077,-0.018326
157.7610,-560,-1.466077,-0.018326
157.7710,-560,-1.466077,-0.018326
157.7810,-560,-1.466077,-0.018326
157.7910,-560,-1.466077,-0.018326
157.8010,-560,-1.466077,-0.018326
157.8110,-560,-1.466077,-0.018326
157.8210,-561,-1.468695,-0.018359
157.8310,-561,-1.468695,-0.018359
157.8410,-561,-1.468695,-0.018359
157.8510,-561,-1.468695,-0.018359
157.8610,-561,-1.468695,-0.018359
157.8710,-560,-1.466077,-0.018326
157.8810,-560,-1.466077,-0.018326
157.8910,-560,-1.466077,-0.018326
157.9010,-561,-1.468695,-0.018359
157.9110,-561,-1.468695,-0.018359
157.9210,-561,-1.468695,-0.018359
157.9310,-562,-1.471313,-0.018391
157.9410,-562,-1.471313,-0.018391
157.9510,-561,-1.468695,-0.018359
157.9610,-561,-1.468695,-0.018359
157.9710,-561,-1.468695,-0.018359
157.9810,-561,-1.468695,-0.018359
157.9910,-561,-1.468695,-0.018359
158.0010,-562,-1.471313,-0.018391
158.0110,-562,-1.471313,-0.018391
158.0210,-562,-1.471313,-0.018391
158.0310,-562,-1.471313,-0.018391
158.0410,-562,-1.471313,-0.018391
158.0510,-562,-1.471313,-0.018391
158.0610,-562,-1.471313,-0.018391
158.0710,-562,-1.471313,-0.018391
158.0810,-562,-1.471313,-0.018391
158.0910,-562,-1.471313,-0.018391
158.1010,-562,-1.471313,-0.018391
158.1110,-563,-1.473931,-0.018424
158.1210,-563,-1.473931,-0.018424
158.1310,-563,-1.473931,-0.018424
158.1410,-563,-1.473931,-0.018424
158.1510,-563,-1.473931,-0.018424
158.1610,-563,-1.473931,-0.018424
158.1720,-563,-1.473931,-0.018424
158.1810,-563,-1.473931,-0.018424
158.1910,-563,-1.473931,-0.018424
158.2010,-563,-1.473931,-0.018424
158.2110,-563,-1.473931,-0.018424
158.2210,-563,-1.473931,-0.018424
158.2310,-564,-1.476549,-0.018457
158.2410,-564,-1.476549,-0.018457
158.2510,-564,-1.476549,-0.018457
158.2610,-564,-1.476549,-0.018457
158.2710,-564,-1.476549,-0.018457
158.2810,-564,-1.476549,-0.018457
158.2910,-564,-1.476549,-0.018457
158.3010,-564,-1.476549,-0.018457
158.3110,-564,-1.476549,-0.018457
158.3210,-564,-1.476549,-0.018457
158.3310,-564,-1.476549,-0.018457
158.3410,-564,-1.476549,-0.018457
158.3510,-564,-1.476549,-0.018457
158.3610,-564,-1.476549,-0.018457
158.3710,-564,-1.476549,-0.018457
158.3810,-564,-1.476549,-0.018457
158.3910,-564,-1.476549,-0.018457
158.4010,-564,-1.476549,-0.018457
158.4110,-564,-1.476549,-0.018457
158.4210,-564,-1.476549,-0.018457
158.4310,-564,-1.476549,-0.018457
158.4410,-564,-1.476549,-0.018457
158.4510,-564,-1.476549,-0.018457
158.4610,-564,-1.476549,-0.018457
158.4710,-564,-1.476549,-0.018457
158.4810,-564,-1.476549,-0.018457
158.4910,-564,-1.476549,-0.018457
158.5010,-564,-1.476549,-0.018457
158.5110,-564,-1.476549,-0.018457
158.5210,-564,-1.476549,-0.018457
158.5310,-565,-1.479167,-0.018490
158.5410,-565,-1.479167,-0.018490
158.5510,-565,-1.479167,-0.018490
158.5610,-565,-1.479167,-0.018490
158.5710,-565,-1.479167,-0.018490
158.5810,-565,-1.479167,-0.018490
158.5910,-565,-1.479167,-0.018490
158.6010,-565,-1.479167,-0.018490
158.6110,-565,-1.479167,-0.018490
158.6210,-565,-1.479167,-0.018490
158.6310,-565,-1.479167,-0.018490
158.6410,-565,-1.479167,-0.018490
158.6510,-565,-1.479167,-0.018490
158.6610,-565,-1.479167,-0.018490
158.6710,-565,-1.479167,-0.018490
158.6810,-565,-1.479167,-0.018490
158.6910,-565,-1.479167,-0.018490
158.7010,-565,-1.479167,-0.018490
158.7110,-565,-1.479167,-0.018490
158.7210,-565,-1.479167,-0.018490
158.7310,-565,-1.479167,-0.018490
158.7410,-565,-1.479167,-0.018490
158.7510,-565,-1.479167,-0.018490
158.7610,-565,-1.479167,-0.018490
158.7710,-565,-1.479167,-0.018490
158.7810,-566,-1.481785,-0.018522
158.7910,-566,-1.481785,-0.018522
158.8010,-566,-1.481785,-0.018522
158.8120,-566,-1.481785,-0.018522
158.8210,-566,-1.481785,-0.018522
158.8310,-566,-1.481785,-0.018522
158.8410,-566,-1.481785,-0.018522
158.8510,-566,-1.481785,-0.018522
158.8610,-566,-1.481785,-0.018522
158.8710,-566,-1.481785,-0.018522
158.8810,-566,-1.481785,-0.018522
158.8910,-566,-1.481785,-0.018522
158.9010,-565,-1.479167,-0.018490
158.9110,-565,-1.479167,-0.018490
158.9210,-565,-1.479167,-0.018490
158.9310,-565,-1.479167,-0.018490
158.9410,-566,-1.481785,-0.018522
158.9510,-566,-1.481785,-0.018522
158.9610,-566,-1.481785,-0.018522
158.9710,-566,-1.481785,-0.018522
158.9810,-566,-1.481785,-0.018522
158.9910,-566,-1.481785,-0.018522
159.0010,-566,-1.481785,-0.018522
159.0110,-566,-1.481785,-0.018522
159.0210,-566,-1.481785,-0.018522
159.0310,-566,-1.481785,-0.018522
159.0410,-566,-1.481785,-0.018522
159.0510,-566,-1.481785,-0.018522
159.0610,-566,-1.481785,-0.018522
159.0710,-566,-1.481785,-0.018522
159.0810,-566,-1.481785,-0.018522
159.0910,-566,-1.481785,-0.018522
159.1010,-566,-1.481785,-0.018522
159.1110,-566,-1.481785,-0.018522
159.1210,-566,-1.481785,-0.018522
159.1310,-566,-1.481785,-0.018522
159.1410,-566,-1.481785,-0.018522
159.1510,-566,-1.481785,-0.018522
159.1610,-566,-1.481785,-0.018522
159.1710,-566,-1.481785,-0.018522
159.1810,-566,-1.481785,-0.018522
159.1910,-566,-1.481785,-0.018522
159.2010,-566,-1.481785,-0.018522
159.2110,-566,-1.481785,-0.018522
159.2210,-566,-1.481785,-0.018522
159.2310,-566,-1.481785,-0.018522
159.2410,-566,-1.481785,-0.018522
159.2510,-566,-1.481785,-0.018522
159.2610,-566,-1.481785,-0.018522
159.2710,-566,-1.481785,-0.018522
159.2810,-566,-1.481785,-0.018522
159.2910,-566,-1.481785,-0.018522
159.3010,-566,-1.481785,-0.018522
159.3110,-566,-1.481785,-0.018522
159.3210,-566,-1.481785,-0.018522
159.3310,-566,-1.481785,-0.018522
159.3410,-566,-1.481785,-0.018522
159.3510,-566,-1.481785,-0.018522
159.3610,-566,-1.481785,-0.018522
159.3710,-566,-1.481785,-0.018522
159.3810,-566,-1.481785,-0.018522
159.3910,-566,-1.481785,-0.018522
159.4010,-566,-1.481785,-0.018522
159.4110,-566,-1.481785,-0.018522
159.4210,-566,-1.481785,-0.018522
159.4310,-566,-1.481785,-0.018522
159.4410,-566,-1.481785,-0.018522
159.4520,-566,-1.481785,-0.018522
159.4610,-566,-1.481785,-0.018522
159.4710,-566,-1.481785,-0.018522
159.4810,-566,-1.481785,-0.018522
159.4910,-566,-1.481785,-0.018522
159.5010,-566,-1.481785,-0.018522
159.5110,-566,-1.481785,-0.018522
159.5210,-566,-1.481785,-0.018522
159.5310,-566,-1.481785,-0.018522
159.5410,-566,-1.481785,-0.018522
159.5510,-566,-1.481785,-0.018522
159.5610,-566,-1.481785,-0.018522
159.5710,-566,-1.481785,-0.018522
159.5810,-566,-1.481785,-0.018522
159.5910,-566,-1.481785,-0.018522
159.6010,-566,-1.481785,-0.018522
159.6110,-566,-1.481785,-0.018522
159.6210,-566,-1.481785,-0.018522
159.6310,-566,-1.481785,-0.018522
159.6410,-566,-1.481785,-0.018522
159.6510,-566,-1.481785,-0.018522
159.6610,-566,-1.481785,-0.018522
159.6710,-566,-1.481785,-0.018522
159.6810,-566,-1.481785,-0.018522
159.6910,-566,-1.481785,-0.018522
159.7010,-566,-1.481785,-0.018522
159.7110,-566,-1.481785,-0.018522
159.7210,-566,-1.481785,-0.018522
159.7310,-566,-1.481785,-0.018522
159.7410,-566,-1.481785,-0.018522
159.7510,-566,-1.481785,-0.018522
159.7610,-566,-1.481785,-0.018522
159.7710,-566,-1.481785,-0.018522
159.7810,-566,-1.481785,-0.018522
159.7910,-566,-1.481785,-0.018522
159.8010,-566,-1.481785,-0.018522
159.8110,-566,-1.481785,-0.018522
159.8210,-566,-1.481785,-0.018522
159.8310,-566,-1.481785,-0.018522
159.8410,-566,-1.481785,-0.018522
159.8510,-566,-1.481785,-0.018522
159.8610,-566,-1.481785,-0.018522
159.8710,-566,-1.481785,-0.018522
159.8810,-566,-1.481785,-0.018522
159.8910,-566,-1.481785,-0.018522
159.9010,-566,-1.481785,-0.018522
159.9110,-566,-1.481785,-0.018522
159.9210,-566,-1.481785,-0.018522
159.9310,-566,-1.481785,-0.018522
159.9410,-566,-1.481785,-0.018522
159.9510,-566,-1.481785,-0.018522
159.9610,-566,-1.481785,-0.018522
159.9710,-566,-1.481785,-0.018522
159.9810,-566,-1.481785,-0.018522
159.9910,-566,-1.481785,-0.018522
160.0010,-566,-1.481785,-0.018522
160.0110,-566,-1.481785,-0.018522
160.0210,-566,-1.481785,-0.018522
160.0310,-566,-1.481785,-0.018522
160.0410,-566,-1.481785,-0.018522
160.0510,-566,-1.481785,-0.018522
160.0610,-566,-1.481785,-0.018522
160.0710,-566,-1.481785,-0.018522
160.0810,-566,-1.481785,-0.018522
160.0920,-566,-1.481785,-0.018522
160.1010,-566,-1.481785,-0.018522
160.1110,-566,-1.481785,-0.018522
160.1210,-566,-1.481785,-0.018522
160.1310,-566,-1.481785,-0.018522
160.1410,-566,-1.481785,-0.018522
160.1510,-566,-1.481785,-0.018522
160.1610,-566,-1.481785,-0.018522
160.1710,-566,-1.481785,-0.018522
160.1810,-566,-1.481785,-0.018522
160.1910,-566,-1.481785,-0.018522
160.2010,-566,-1.481785,-0.018522
160.2110,-566,-1.481785,-0.018522
160.2210,-566,-1.481785,-0.018522
160.2310,-566,-1.481785,-0.018522
160.2410,-566,-1.481785,-0.018522
160.2510,-566,-1.481785,-0.018522
160.2610,-566,-1.481785,-0.018522
160.2710,-566,-1.481785,-0.018522
160.2810,-566,-1.481785,-0.018522
160.2910,-566,-1.481785,-0.018522
160.3010,-566,-1.481785,-0.018522
160.3110,-566,-1.481785,-0.018522
160.3210,-566,-1.481785,-0.018522
160.3310,-566,-1.481785,-0.018522
160.3410,-566,-1.481785,-0.018522
160.3510,-566,-1.481785,-0.018522
160.3610,-566,-1.481785,-0.018522
160.3710,-566,-1.481785,-0.018522
160.3810,-566,-1.481785,-0.018522
160.3910,-566,-1.481785,-0.018522
160.4010,-566,-1.481785,-0.018522
160.4110,-566,-1.481785,-0.018522
160.4210,-566,-1.481785,-0.018522
160.4310,-566,-1.481785,-0.018522
160.4410,-566,-1.481785,-0.018522
160.4510,-566,-1.481785,-0.018522
160.4610,-566,-1.481785,-0.018522
160.4710,-566,-1.481785,-0.018522
160.4810,-566,-1.481785,-0.018522
160.4910,-566,-1.481785,-0.018522
160.5010,-566,-1.481785,-0.018522
160.5110,-566,-1.481785,-0.018522
160.5210,-566,-1.481785,-0.018522
160.5310,-566,-1.481785,-0.018522
160.5410,-566,-1.481785,-0.018522
160.5510,-566,-1.481785,-0.018522
160.5610,-566,-1.481785,-0.018522
160.5710,-566,-1.481785,-0.018522
160.5810,-566,-1.481785,-0.018522
160.5910,-566,-1.481785,-0.018522
160.6010,-566,-1.481785,-0.018522
160.6110,-566,-1.481785,-0.018522
160.6210,-566,-1.481785,-0.018522
160.6310,-566,-1.481785,-0.018522
160.6410,-566,-1.481785,-0.018522
160.6510,-566,-1.481785,-0.018522
160.6610,-566,-1.481785,-0.018522
160.6710,-566,-1.481785,-0.018522
160.6810,-566,-1.481785,-0.018522
160.6910,-566,-1.481785,-0.018522
160.7010,-566,-1.481785,-0.018522
160.7110,-566,-1.481785,-0.018522
160.7210,-566,-1.481785,-0.018522
160.7320,-566,-1.481785,-0.018522
160.7410,-566,-1.481785,-0.018522
160.7510,-566,-1.481785,-0.018522
160.7610,-566,-1.481785,-0.018522
160.7710,-566,-1.481785,-0.018522
160.7810,-566,-1.481785,-0.018522
160.7910,-566,-1.481785,-0.018522
160.8010,-566,-1.481785,-0.018522
160.8110,-566,-1.481785,-0.018522
160.8210,-566,-1.481785,-0.018522
160.8310,-566,-1.481785,-0.018522
160.8410,-566,-1.481785,-0.018522
160.8510,-566,-1.481785,-0.018522
160.8610,-566,-1.481785,-0.018522
160.8710,-566,-1.481785,-0.018522
160.8810,-566,-1.481785,-0.018522
160.8910,-566,-1.481785,-0.018522
160.9010,-566,-1.481785,-0.018522
160.9110,-566,-1.481785,-0.018522
160.9210,-566,-1.481785,-0.018522
160.9310,-566,-1.481785,-0.018522
160.9410,-566,-1.481785,-0.018522
160.9510,-566,-1.481785,-0.018522
160.9610,-566,-1.481785,-0.018522
160.9710,-566,-1.481785,-0.018522
160.9810,-566,-1.481785,-0.018522
160.9910,-566,-1.481785,-0.018522
161.0010,-566,-1.481785,-0.018522
161.0110,-566,-1.481785,-0.018522
161.0210,-566,-1.481785,-0.018522
161.0310,-566,-1.481785,-0.018522
161.0410,-566,-1.481785,-0.018522
161.0510,-566,-1.481785,-0.018522
161.0610,-566,-1.481785,-0.018522
161.0710,-566,-1.481785,-0.018522
161.0810,-566,-1.481785,-0.018522
161.0910,-566,-1.481785,-0.018522
161.1010,-566,-1.481785,-0.018522
161.1110,-566,-1.481785,-0.018522
161.1210,-566,-1.481785,-0.018522
161.1310,-566,-1.481785,-0.018522
161.1410,-566,-1.481785,-0.018522
161.1510,-566,-1.481785,-0.018522
161.1610,-566,-1.481785,-0.018522
161.1710,-566,-1.481785,-0.018522
161.1810,-566,-1.481785,-0.018522
161.1910,-566,-1.481785,-0.018522
161.2010,-566,-1.481785,-0.018522
161.2110,-566,-1.481785,-0.018522
161.2210,-566,-1.481785,-0.018522
161.2310,-566,-1.481785,-0.018522
161.2410,-566,-1.481785,-0.018522
161.2510,-566,-1.481785,-0.018522
161.2610,-566,-1.481785,-0.018522
161.2710,-566,-1.481785,-0.018522
161.2810,-566,-1.481785,-0.018522
161.2910,-566,-1.481785,-0.018522
161.3010,-566,-1.481785,-0.018522
161.3110,-566,-1.481785,-0.018522
161.3210,-566,-1.481785,-0.018522
161.3310,-566,-1.481785,-0.018522
161.3410,-566,-1.481785,-0.018522
161.3510,-566,-1.481785,-0.018522
161.3610,-566,-1.481785,-0.018522
161.3720,-566,-1.481785,-0.018522
161.3810,-566,-1.481785,-0.018522
161.3910,-566,-1.481785,-0.018522
161.4010,-566,-1.481785,-0.018522
161.4110,-566,-1.481785,-0.018522
161.4210,-566,-1.481785,-0.018522
161.4310,-566,-1.481785,-0.018522
161.4410,-566,-1.481785,-0.018522
161.4510,-566,-1.481785,-0.018522
161.4610,-566,-1.481785,-0.018522
161.4710,-566,-1.481785,-0.018522
161.4810,-566,-1.481785,-0.018522
161.4910,-566,-1.481785,-0.018522
161.5010,-566,-1.481785,-0.018522
161.5110,-566,-1.481785,-0.018522
161.5210,-566,-1.481785,-0.018522
161.5310,-566,-1.481785,-0.018522
161.5410,-566,-1.481785,-0.018522
161.5510,-566,-1.481785,-0.018522
161.5610,-566,-1.481785,-0.018522
161.5710,-566,-1.481785,-0.018522
161.5810,-566,-1.481785,-0.018522
161.5910,-566,-1.481785,-0.018522
161.6010,-566,-1.481785,-0.018522
161.6110,-566,-1.481785,-0.018522
161.6210,-566,-1.481785,-0.018522
161.6310,-566,-1.481785,-0.018522
161.6410,-566,-1.481785,-0.018522
161.6510,-566,-1.481785,-0.018522
161.6610,-566,-1.481785,-0.018522
161.6710,-566,-1.481785,-0.018522
161.6810,-566,-1.481785,-0.018522
161.6910,-566,-1.481785,-0.018522
161.7010,-566,-1.481785,-0.018522
161.7110,-566,-1.481785,-0.018522
161.7210,-566,-1.481785,-0.018522
161.7310,-566,-1.481785,-0.018522
161.7410,-566,-1.481785,-0.018522
161.7510,-566,-1.481785,-0.018522
161.7610,-566,-1.481785,-0.018522
161.7710,-566,-1.481785,-0.018522
161.7810,-566,-1.481785,-0.018522
161.7910,-566,-1.481785,-0.018522
161.8010,-566,-1.481785,-0.018522
161.8110,-566,-1.481785,-0.018522
161.8210,-566,-1.481785,-0.018522
161.8310,-566,-1.481785,-0.018522
161.8410,-566,-1.481785,-0.018522
161.8510,-566,-1.481785,-0.018522
161.8610,-566,-1.481785,-0.018522
161.8710,-566,-1.481785,-0.018522
161.8810,-566,-1.481785,-0.018522
161.8910,-566,-1.481785,-0.018522
161.9010,-566,-1.481785,-0.018522
161.9110,-566,-1.481785,-0.018522
161.9210,-566,-1.481785,-0.018522
161.9310,-566,-1.481785,-0.018522
161.9410,-566,-1.481785,-0.018522
161.9510,-566,-1.481785,-0.018522
161.9610,-566,-1.481785,-0.018522
161.9710,-566,-1.481785,-0.018522
161.9810,-566,-1.481785,-0.018522
161.9910,-566,-1.481785,-0.018522
162.0010,-566,-1.481785,-0.018522
162.0120,-566,-1.481785,-0.018522
162.0210,-566,-1.481785,-0.018522
162.0310,-566,-1.481785,-0.018522
162.0410,-566,-1.481785,-0.018522
162.0510,-566,-1.481785,-0.018522
162.0610,-566,-1.481785,-0.018522
162.0710,-566,-1.481785,-0.018522
162.0810,-566,-1.481785,-0.018522
162.0910,-566,-1.481785,-0.018522
162.1010,-566,-1.481785,-0.018522
162.1110,-566,-1.481785,-0.018522
162.1210,-566,-1.481785,-0.018522
162.1310,-566,-1.481785,-0.018522
162.1410,-566,-1.481785,-0.018522
162.1510,-566,-1.481785,-0.018522
162.1610,-566,-1.481785,-0.018522
162.1710,-566,-1.481785,-0.018522
162.1810,-566,-1.481785,-0.018522
162.1910,-566,-1.481785,-0.018522
162.2010,-566,-1.481785,-0.018522
162.2110,-566,-1.481785,-0.018522
162.2210,-566,-1.481785,-0.018522
162.2310,-566,-1.481785,-0.018522
162.2410,-566,-1.481785,-0.018522
162.2510,-566,-1.481785,-0.018522
162.2610,-566,-1.481785,-0.018522
162.2710,-566,-1.481785,-0.018522
162.2810,-566,-1.481785,-0.018522
162.2910,-566,-1.481785,-0.018522
162.3010,-566,-1.481785,-0.018522
162.3110,-566,-1.481785,-0.018522
162.3210,-566,-1.481785,-0.018522
162.3310,-566,-1.481785,-0.018522
162.3410,-566,-1.481785,-0.018522
162.3510,-566,-1.481785,-0.018522
162.3610,-566,-1.481785,-0.018522
162.3710,-566,-1.481785,-0.018522
162.3810,-566,-1.481785,-0.018522
162.3910,-566,-1.481785,-0.018522
162.4010,-566,-1.481785,-0.018522
162.4110,-566,-1.481785,-0.018522
162.4210,-566,-1.481785,-0.018522
162.4310,-566,-1.481785,-0.018522
162.4410,-566,-1.481785,-0.018522
162.4510,-566,-1.481785,-0.018522
162.4610,-566,-1.481785,-0.018522
162.4710,-566,-1.481785,-0.018522
162.4810,-566,-1.481785,-0.018522
162.4910,-566,-1.481785,-0.018522
162.5010,-566,-1.481785,-0.018522
162.5110,-566,-1.481785,-0.018522
162.5210,-566,-1.481785,-0.018522
162.5310,-566,-1.481785,-0.018522
162.5410,-566,-1.481785,-0.018522
162.5510,-566,-1.481785,-0.018522
162.5610,-566,-1.481785,-0.018522
162.5710,-566,-1.481785,-0.018522
162.5810,-566,-1.481785,-0.018522
162.5910,-566,-1.481785,-0.018522
162.6010,-566,-1.481785,-0.018522
162.6110,-566,-1.481785,-0.018522
162.6210,-566,-1.481785,-0.018522
162.6310,-566,-1.481785,-0.018522
162.6410,-566,-1.481785,-0.018522
162.6520,-566,-1.481785,-0.018522
162.6610,-566,-1.481785,-0.018522
162.6710,-566,-1.481785,-0.018522
162.6810,-566,-1.481785,-0.018522
162.6910,-566,-1.481785,-0.018522
162.7010,-566,-1.481785,-0.018522
162.7110,-566,-1.481785,-0.018522
162.7210,-566,-1.481785,-0.018522
162.7310,-566,-1.481785,-0.018522
162.7410,-566,-1.481785,-0.018522
162.7510,-566,-1.481785,-0.018522
162.7610,-566,-1.481785,-0.018522
162.7710,-566,-1.481785,-0.018522
162.7810,-566,-1.481785,-0.018522
162.7910,-566,-1.481785,-0.018522
162.8010,-566,-1.481785,-0.018522
162.8110,-566,-1.481785,-0.018522
162.8210,-566,-1.481785,-0.018522
162.8310,-566,-1.481785,-0.018522
162.8410,-566,-1.481785,-0.018522
162.8510,-566,-1.481785,-0.018522
162.8610,-566,-1.481785,-0.018522
162.8710,-566,-1.481785,-0.018522
162.8810,-566,-1.481785,-0.018522
162.8910,-566,-1.481785,-0.018522
162.9010,-566,-1.481785,-0.018522
162.9110,-566,-1.481785,-0.018522
162.9210,-566,-1.481785,-0.018522
162.9310,-566,-1.481785,-0.018522
162.9410,-566,-1.481785,-0.018522
162.9510,-566,-1.481785,-0.018522
162.9610,-566,-1.481785,-0.018522
162.9710,-566,-1.481785,-0.018522
162.9810,-566,-1.481785,-0.018522
162.9910,-566,-1.481785,-0.018522
163.0010,-566,-1.481785,-0.018522
163.0110,-566,-1.481785,-0.018522
163.0210,-566,-1.481785,-0.018522
163.0310,-566,-1.481785,-0.018522
163.0410,-566,-1.481785,-0.018522
163.0510,-566,-1.481785,-0.018522
163.0610,-566,-1.481785,-0.018522
163.0710,-566,-1.481785,-0.018522
163.0810,-566,-1.481785,-0.018522
163.0910,-566,-1.481785,-0.018522
163.1010,-566,-1.481785,-0.018522
163.1110,-566,-1.481785,-0.018522
163.1210,-566,-1.481785,-0.018522
163.1310,-566,-1.481785,-0.018522
163.1410,-566,-1.481785,-0.018522
163.1510,-566,-1.481785,-0.018522
163.1610,-566,-1.481785,-0.018522
163.1710,-566,-1.481785,-0.018522
163.1810,-566,-1.481785,-0.018522
163.1910,-566,-1.481785,-0.018522
163.2010,-566,-1.481785,-0.018522
163.2110,-566,-1.481785,-0.018522
163.2210,-566,-1.481785,-0.018522
163.2310,-566,-1.481785,-0.018522
163.2410,-566,-1.481785,-0.018522
163.2510,-566,-1.481785,-0.018522
163.2610,-566,-1.481785,-0.018522
163.2710,-566,-1.481785,-0.018522
163.2810,-566,-1.481785,-0.018522
163.2920,-566,-1.481785,-0.018522
163.3010,-566,-1.481785,-0.018522
163.3110,-566,-1.481785,-0.018522
163.3210,-566,-1.481785,-0.018522
163.3310,-566,-1.481785,-0.018522
163.3410,-566,-1.481785,-0.018522
163.3510,-566,-1.481785,-0.018522
163.3610,-566,-1.481785,-0.018522
163.3710,-566,-1.481785,-0.018522
163.3810,-566,-1.481785,-0.018522
163.3910,-566,-1.481785,-0.018522
163.4010,-566,-1.481785,-0.018522
163.4110,-566,-1.481785,-0.018522
163.4210,-566,-1.481785,-0.018522
163.4310,-566,-1.481785,-0.018522
163.4410,-566,-1.481785,-0.018522
163.4510,-566,-1.481785,-0.018522
163.4610,-566,-1.481785,-0.018522
163.4710,-566,-1.481785,-0.018522
163.4810,-566,-1.481785,-0.018522
163.4910,-566,-1.481785,-0.018522
163.5010,-566,-1.481785,-0.018522
163.5110,-566,-1.481785,-0.018522
163.5210,-566,-1.481785,-0.018522
163.5310,-566,-1.481785,-0.018522
163.5410,-566,-1.481785,-0.018522
163.5510,-566,-1.481785,-0.018522
163.5610,-566,-1.481785,-0.018522
163.5710,-566,-1.481785,-0.018522
163.5810,-566,-1.481785,-0.018522
163.5910,-566,-1.481785,-0.018522
163.6010,-566,-1.481785,-0.018522
163.6110,-566,-1.481785,-0.018522
163.6210,-566,-1.481785,-0.018522
163.6310,-566,-1.481785,-0.018522
163.6410,-566,-1.481785,-0.018522
163.6510,-566,-1.481785,-0.018522
163.6610,-566,-1.481785,-0.018522
163.6710,-566,-1.481785,-0.018522
163.6810,-566,-1.481785,-0.018522
163.6910,-566,-1.481785,-0.018522
163.7010,-566,-1.481785,-0.018522
163.7110,-566,-1.481785,-0.018522
163.7210,-566,-1.481785,-0.018522
163.7310,-566,-1.481785,-0.018522
163.7410,-566,-1.481785,-0.018522
163.7510,-566,-1.481785,-0.018522
163.7610,-566,-1.481785,-0.018522
163.7710,-566,-1.481785,-0.018522
163.7810,-566,-1.481785,-0.018522
163.7910,-566,-1.481785,-0.018522
163.8010,-566,-1.481785,-0.018522
163.8110,-566,-1.481785,-0.018522
163.8210,-566,-1.481785,-0.018522
163.8310,-566,-1.481785,-0.018522
163.8410,-566,-1.481785,-0.018522
163.8510,-566,-1.481785,-0.018522
163.8610,-566,-1.481785,-0.018522
163.8710,-566,-1.481785,-0.018522
163.8810,-566,-1.481785,-0.018522
163.8910,-566,-1.481785,-0.018522
163.9010,-566,-1.481785,-0.018522
163.9110,-566,-1.481785,-0.018522
163.9210,-566,-1.481785,-0.018522
163.9320,-566,-1.481785,-0.018522
163.9410,-566,-1.481785,-0.018522
163.9510,-566,-1.481785,-0.018522
163.9610,-566,-1.481785,-0.018522
163.9710,-566,-1.481785,-0.018522
163.9810,-566,-1.481785,-0.018522
163.9910,-566,-1.481785,-0.018522
164.0010,-566,-1.481785,-0.018522
164.0110,-566,-1.481785,-0.018522
164.0210,-566,-1.481785,-0.018522
164.0310,-566,-1.481785,-0.018522
164.0410,-566,-1.481785,-0.018522
164.0510,-566,-1.481785,-0.018522
164.0610,-566,-1.481785,-0.018522
164.0710,-566,-1.481785,-0.018522
164.0810,-566,-1.481785,-0.018522
164.0910,-566,-1.481785,-0.018522
164.1010,-566,-1.481785,-0.018522
164.1110,-566,-1.481785,-0.018522
164.1210,-566,-1.481785,-0.018522
164.1310,-566,-1.481785,-0.018522
164.1410,-566,-1.481785,-0.018522
164.1510,-566,-1.481785,-0.018522
164.1610,-566,-1.481785,-0.018522
164.1710,-566,-1.481785,-0.018522
164.1810,-566,-1.481785,-0.018522
164.1910,-566,-1.481785,-0.018522
164.2010,-566,-1.481785,-0.018522
164.2110,-566,-1.481785,-0.018522
164.2210,-566,-1.481785,-0.018522
164.2310,-566,-1.481785,-0.018522
164.2410,-566,-1.481785,-0.018522
164.2510,-566,-1.481785,-0.018522
164.2610,-566,-1.481785,-0.018522
164.2710,-566,-1.481785,-0.018522
164.2810,-566,-1.481785,-0.018522
164.2910,-566,-1.481785,-0.018522
164.3010,-566,-1.481785,-0.018522
164.3110,-566,-1.481785,-0.018522
164.3210,-566,-1.481785,-0.018522
164.3310,-566,-1.481785,-0.018522
164.3410,-566,-1.481785,-0.018522
164.3510,-566,-1.481785,-0.018522
164.3610,-566,-1.481785,-0.018522
164.3710,-566,-1.481785,-0.018522
164.3810,-566,-1.481785,-0.018522
164.3910,-566,-1.481785,-0.018522
164.4010,-566,-1.481785,-0.018522
164.4110,-566,-1.481785,-0.018522
164.4210,-566,-1.481785,-0.018522
164.4310,-566,-1.481785,-0.018522
164.4410,-566,-1.481785,-0.018522
164.4510,-566,-1.481785,-0.018522
164.4610,-566,-1.481785,-0.018522
164.4710,-566,-1.481785,-0.018522
164.4810,-566,-1.481785,-0.018522
164.4910,-566,-1.481785,-0.018522
164.5010,-566,-1.481785,-0.018522
164.5110,-566,-1.481785,-0.018522
164.5210,-566,-1.481785,-0.018522
164.5310,-566,-1.481785,-0.018522
164.5410,-566,-1.481785,-0.018522
164.5510,-566,-1.481785,-0.018522
164.5610,-566,-1.481785,-0.018522
164.5720,-566,-1.481785,-0.018522
164.5810,-566,-1.481785,-0.018522
164.5910,-566,-1.481785,-0.018522
164.6010,-566,-1.481785,-0.018522
164.6110,-566,-1.481785,-0.018522
164.6210,-566,-1.481785,-0.018522
164.6310,-566,-1.481785,-0.018522
164.6410,-566,-1.481785,-0.018522
164.6510,-566,-1.481785,-0.018522
164.6610,-566,-1.481785,-0.018522
164.6710,-566,-1.481785,-0.018522
164.6810,-566,-1.481785,-0.018522
164.6910,-566,-1.481785,-0.018522
164.7010,-566,-1.481785,-0.018522
164.7110,-566,-1.481785,-0.018522
164.7210,-566,-1.481785,-0.018522
164.7310,-566,-1.481785,-0.018522
164.7410,-566,-1.481785,-0.018522
164.7510,-566,-1.481785,-0.018522
164.7610,-566,-1.481785,-0.018522
164.7710,-566,-1.481785,-0.018522
164.7810,-566,-1.481785,-0.018522
164.7910,-566,-1.481785,-0.018522
164.8010,-566,-1.481785,-0.018522
164.8110,-566,-1.481785,-0.018522
164.8210,-566,-1.481785,-0.018522
164.8310,-566,-1.481785,-0.018522
164.8410,-566,-1.481785,-0.018522
164.8510,-566,-1.481785,-0.018522
164.8610,-566,-1.481785,-0.018522
164.8710,-566,-1.481785,-0.018522
164.8810,-566,-1.481785,-0.018522
164.8910,-566,-1.481785,-0.018522
164.9010,-566,-1.481785,-0.018522
164.9110,-566,-1.481785,-0.018522
164.9210,-566,-1.481785,-0.018522
164.9310,-566,-1.481785,-0.018522
164.9410,-566,-1.481785,-0.018522
164.9510,-566,-1.481785,-0.018522
164.9610,-566,-1.481785,-0.018522
164.9710,-566,-1.481785,-0.018522
164.9810,-566,-1.481785,-0.018522
164.9910,-566,-1.481785,-0.018522
165.0010,-566,-1.481785,-0.018522
165.0110,-566,-1.481785,-0.018522
165.0210,-566,-1.481785,-0.018522
165.0310,-566,-1.481785,-0.018522
165.0410,-566,-1.481785,-0.018522
165.0510,-566,-1.481785,-0.018522
165.0610,-566,-1.481785,-0.018522
165.0710,-566,-1.481785,-0.018522
165.0810,-566,-1.481785,-0.018522
165.0910,-566,-1.481785,-0.018522
165.1010,-566,-1.481785,-0.018522
165.1110,-566,-1.481785,-0.018522
165.1210,-566,-1.481785,-0.018522
165.1310,-566,-1.481785,-0.018522
165.1410,-566,-1.481785,-0.018522
165.1510,-566,-1.481785,-0.018522
165.1610,-566,-1.481785,-0.018522
165.1710,-566,-1.481785,-0.018522
165.1810,-566,-1.481785,-0.018522
165.1910,-566,-1.481785,-0.018522
165.2010,-566,-1.481785,-0.018522
165.2120,-566,-1.481785,-0.018522
165.2210,-566,-1.481785,-0.018522
165.2310,-566,-1.481785,-0.018522
165.2410,-566,-1.481785,-0.018522
165.2510,-566,-1.481785,-0.018522
165.2610,-566,-1.481785,-0.018522
165.2710,-566,-1.481785,-0.018522
165.2810,-566,-1.481785,-0.018522
165.2910,-566,-1.481785,-0.018522
165.3010,-566,-1.481785,-0.018522
165.3110,-566,-1.481785,-0.018522
165.3210,-566,-1.481785,-0.018522
165.3310,-566,-1.481785,-0.018522
165.3410,-566,-1.481785,-0.018522
165.3510,-566,-1.481785,-0.018522
165.3610,-566,-1.481785,-0.018522
165.3710,-566,-1.481785,-0.018522
165.3810,-566,-1.481785,-0.018522
165.3910,-566,-1.481785,-0.018522
165.4010,-566,-1.481785,-0.018522
165.4110,-566,-1.481785,-0.018522
165.4210,-566,-1.481785,-0.018522
165.4310,-566,-1.481785,-0.018522
165.4410,-566,-1.481785,-0.018522
165.4510,-566,-1.481785,-0.018522
165.4610,-566,-1.481785,-0.018522
165.4710,-566,-1.481785,-0.018522
165.4810,-566,-1.481785,-0.018522
165.4910,-566,-1.481785,-0.018522
165.5010,-566,-1.481785,-0.018522
165.5110,-566,-1.481785,-0.018522
165.5210,-566,-1.481785,-0.018522
165.5310,-566,-1.481785,-0.018522
165.5410,-566,-1.481785,-0.018522
165.5510,-566,-1.481785,-0.018522
165.5610,-566,-1.481785,-0.018522
165.5710,-566,-1.481785,-0.018522
165.5810,-566,-1.481785,-0.018522
165.5910,-566,-1.481785,-0.018522
165.6010,-566,-1.481785,-0.018522
165.6110,-566,-1.481785,-0.018522
165.6210,-566,-1.481785,-0.018522
165.6310,-566,-1.481785,-0.018522
165.6410,-566,-1.481785,-0.018522
165.6510,-566,-1.481785,-0.018522
165.6610,-566,-1.481785,-0.018522
165.6710,-566,-1.481785,-0.018522
165.6810,-566,-1.481785,-0.018522
165.6910,-566,-1.481785,-0.018522
165.7010,-566,-1.481785,-0.018522
165.7110,-566,-1.481785,-0.018522
165.7210,-566,-1.481785,-0.018522
165.7310,-566,-1.481785,-0.018522
165.7410,-566,-1.481785,-0.018522
165.7510,-566,-1.481785,-0.018522
165.7610,-566,-1.481785,-0.018522
165.7710,-566,-1.481785,-0.018522
165.7810,-566,-1.481785,-0.018522
165.7910,-566,-1.481785,-0.018522
165.8010,-566,-1.481785,-0.018522
165.8110,-566,-1.481785,-0.018522
165.8210,-566,-1.481785,-0.018522
165.8310,-566,-1.481785,-0.018522
165.8410,-566,-1.481785,-0.018522
165.8520,-566,-1.481785,-0.018522
165.8610,-566,-1.481785,-0.018522
165.8710,-566,-1.481785,-0.018522
165.8810,-566,-1.481785,-0.018522
165.8910,-566,-1.481785,-0.018522
165.9010,-566,-1.481785,-0.018522
165.9110,-566,-1.481785,-0.018522
165.9210,-566,-1.481785,-0.018522
165.9310,-566,-1.481785,-0.018522
165.9410,-566,-1.481785,-0.018522
165.9510,-566,-1.481785,-0.018522
165.9610,-566,-1.481785,-0.018522
165.9710,-566,-1.481785,-0.018522
