t_s,count,theta_rad,x_m
0.0000,0,0.000000,0.000000
0.0020,0,0.000000,0.000000
0.0040,0,0.000000,0.000000
0.0080,0,0.000000,0.000000
0.0100,0,0.000000,0.000000
0.0120,0,0.000000,0.000000
0.0140,0,0.000000,0.000000
0.0170,0,0.000000,0.000000
0.0190,0,0.000000,0.000000
0.0210,0,0.000000,0.000000
0.0240,0,0.000000,0.000000
0.0260,0,0.000000,0.000000
0.0280,0,0.000000,0.000000
0.0300,0,0.000000,0.000000
0.0330,0,0.000000,0.000000
0.0350,0,0.000000,0.000000
0.0370,0,0.000000,0.000000
0.0390,0,0.000000,0.000000
0.0420,0,0.000000,0.000000
0.0440,0,0.000000,0.000000
0.0460,0,0.000000,0.000000
0.0500,0,0.000000,0.000000
0.0520,0,0.000000,0.000000
0.0540,0,0.000000,0.000000
0.0560,0,0.000000,0.000000
0.0590,0,0.000000,0.000000
0.0610,0,0.000000,0.000000
0.0630,0,0.000000,0.000000
0.0650,0,0.000000,0.000000
0.0680,0,0.000000,0.000000
0.0700,0,0.000000,0.000000
0.0720,0,0.000000,0.000000
0.0750,0,0.000000,0.000000
0.0770,0,0.000000,0.000000
0.0790,0,0.000000,0.000000
0.0810,0,0.000000,0.000000
0.0840,0,0.000000,0.000000
0.0860,0,0.000000,0.000000
0.0880,0,0.000000,0.000000
0.0900,0,0.000000,0.000000
0.0940,0,0.000000,0.000000
0.0960,0,0.000000,0.000000
0.0980,0,0.000000,0.000000
0.1010,0,0.000000,0.000000
0.1030,0,0.000000,0.000000
0.1050,0,0.000000,0.000000
0.1070,0,0.000000,0.000000
0.1100,0,0.000000,0.000000
0.1120,0,0.000000,0.000000
0.1140,0,0.000000,0.000000
0.1160,0,0.000000,0.000000
0.1190,0,0.000000,0.000000
0.1210,0,0.000000,0.000000
0.1230,0,0.000000,0.000000
0.1260,0,0.000000,0.000000
0.1280,0,0.000000,0.000000
0.1300,0,0.000000,0.000000
0.1320,0,0.000000,0.000000
0.1360,0,0.000000,0.000000
0.1380,0,0.000000,0.000000
0.1400,0,0.000000,0.000000
0.1430,0,0.000000,0.000000
0.1450,0,0.000000,0.000000
0.1470,0,0.000000,0.000000
0.1500,0,0.000000,0.000000
0.1520,0,0.000000,0.000000
0.1540,0,0.000000,0.000000
0.1570,0,0.000000,0.000000
0.1590,0,0.000000,0.000000
0.1610,0,0.000000,0.000000
0.1640,0,0.000000,0.000000
0.1660,0,0.000000,0.000000
0.1680,0,0.000000,0.000000
0.1710,0,0.000000,0.000000
0.1730,0,0.000000,0.000000
0.1750,0,0.000000,0.000000
0.1790,0,0.000000,0.000000
0.1810,0,0.000000,0.000000
0.1830,0,0.000000,0.000000
0.1860,0,0.000000,0.000000
0.1880,0,0.000000,0.000000
0.1900,0,0.000000,0.000000
0.1930,0,0.000000,0.000000
0.1950,0,0.000000,0.000000
0.1970,0,0.000000,0.000000
0.2000,0,0.000000,0.000000
0.2020,0,0.000000,0.000000
0.2040,0,0.000000,0.000000
0.2070,0,0.000000,0.000000
0.2090,0,0.000000,0.000000
0.2110,0,0.000000,0.000000
0.2140,0,0.000000,0.000000
0.2160,0,0.000000,0.000000
0.2180,0,0.000000,0.000000
0.2210,0,0.000000,0.000000
0.2240,0,0.000000,0.000000
0.2260,0,0.000000,0.000000
0.2280,0,0.000000,0.000000
0.2310,0,0.000000,0.000000
0.2330,0,0.000000,0.000000
0.2350,0,0.000000,0.000000
0.2380,0,0.000000,0.000000
0.2400,0,0.000000,0.000000
0.2420,0,0.000000,0.000000
0.2450,0,0.000000,0.000000
0.2470,0,0.000000,0.000000
0.2490,0,0.000000,0.000000
0.2520,0,0.000000,0.000000
0.2540,0,0.000000,0.000000
0.2560,0,0.000000,0.000000
0.2590,0,0.000000,0.000000
0.2610,0,0.000000,0.000000
0.2640,0,0.000000,0.000000
0.2670,0,0.000000,0.000000
0.2690,0,0.000000,0.000000
0.2710,0,0.000000,0.000000
0.2740,0,0.000000,0.000000
0.2760,0,0.000000,0.000000
0.2780,0,0.000000,0.000000
0.2810,0,0.000000,0.000000
0.2830,0,0.000000,0.000000
0.2850,0,0.000000,0.000000
0.2880,0,0.000000,0.000000
0.2900,0,0.000000,0.000000
0.2920,0,0.000000,0.000000
0.2950,0,0.000000,0.000000
0.2970,0,0.000000,0.000000
0.2990,0,0.000000,0.000000
0.3020,0,0.000000,0.000000
0.3050,0,0.000000,0.000000
0.3070,0,0.000000,0.000000
0.3090,0,0.000000,0.000000
0.3120,0,0.000000,0.000000
0.3140,0,0.000000,0.000000
0.3160,0,0.000000,0.000000
0.3190,0,0.000000,0.000000
0.3210,0,0.000000,0.000000
0.3230,0,0.000000,0.000000
0.3260,0,0.000000,0.000000
0.3280,0,0.000000,0.000000
0.3300,0,0.000000,0.000000
0.3330,0,0.000000,0.000000
0.3350,0,0.000000,0.000000
0.3370,0,0.000000,0.000000
0.3400,0,0.000000,0.000000
0.3420,0,0.000000,0.000000
0.3440,0,0.000000,0.000000
0.3480,0,0.000000,0.000000
0.3500,0,0.000000,0.000000
0.3520,0,0.000000,0.000000
0.3550,0,0.000000,0.000000
0.3570,0,0.000000,0.000000
0.3590,0,0.000000,0.000000
0.3620,0,0.000000,0.000000
0.3640,0,0.000000,0.000000
0.3660,0,0.000000,0.000000
0.3690,0,0.000000,0.000000
0.3710,0,0.000000,0.000000
0.3730,0,0.000000,0.000000
0.3760,0,0.000000,0.000000
0.3780,0,0.000000,0.000000
0.3800,0,0.000000,0.000000
0.3830,0,0.000000,0.000000
0.3850,0,0.000000,0.000000
0.3870,0,0.000000,0.000000
0.3910,0,0.000000,0.000000
0.3930,0,0.000000,0.000000
0.3950,0,0.000000,0.000000
0.3970,0,0.000000,0.000000
0.4000,0,0.000000,0.000000
0.4020,0,0.000000,0.000000
0.4040,0,0.000000,0.000000
0.4070,0,0.000000,0.000000
0.4090,0,0.000000,0.000000
0.4110,0,0.000000,0.000000
0.4140,0,0.000000,0.000000
0.4160,0,0.000000,0.000000
0.4180,0,0.000000,0.000000
0.4210,0,0.000000,0.000000
0.4230,0,0.000000,0.000000
0.4250,0,0.000000,0.000000
0.4280,0,0.000000,0.000000
0.4300,0,0.000000,0.000000
0.4330,0,0.000000,0.000000
0.4360,0,0.000000,0.000000
0.4380,0,0.000000,0.000000
0.4400,0,0.000000,0.000000
0.4430,0,0.000000,0.000000
0.4450,0,0.000000,0.000000
0.4470,0,0.000000,0.000000
0.4500,0,0.000000,0.000000
0.4520,0,0.000000,0.000000
0.4540,0,0.000000,0.000000
0.4570,0,0.000000,0.000000
0.4590,0,0.000000,0.000000
0.4610,0,0.000000,0.000000
0.4640,0,0.000000,0.000000
0.4660,0,0.000000,0.000000
0.4680,0,0.000000,0.000000
0.4710,0,0.000000,0.000000
0.4730,0,0.000000,0.000000
0.4760,0,0.000000,0.000000
0.4790,0,0.000000,0.000000
0.4810,0,0.000000,0.000000
0.4830,0,0.000000,0.000000
0.4850,0,0.000000,0.000000
0.4880,0,0.000000,0.000000
0.4900,0,0.000000,0.000000
0.4920,0,0.000000,0.000000
0.4950,0,0.000000,0.000000
0.4970,0,0.000000,0.000000
0.4990,0,0.000000,0.000000
0.5020,0,0.000000,0.000000
0.5040,0,0.000000,0.000000
0.5060,0,0.000000,0.000000
0.5090,0,0.000000,0.000000
0.5110,0,0.000000,0.000000
0.5130,0,0.000000,0.000000
0.5160,0,0.000000,0.000000
0.5190,0,0.000000,0.000000
0.5210,0,0.000000,0.000000
0.5240,0,0.000000,0.000000
0.5260,0,0.000000,0.000000
0.5280,0,0.000000,0.000000
0.5310,0,0.000000,0.000000
0.5330,0,0.000000,0.000000
0.5350,0,0.000000,0.000000
0.5380,0,0.000000,0.000000
0.5400,0,0.000000,0.000000
0.5420,0,0.000000,0.000000
0.5450,0,0.000000,0.000000
0.5470,0,0.000000,0.000000
0.5490,0,0.000000,0.000000
0.5520,0,0.000000,0.000000
0.5540,0,0.000000,0.000000
0.5560,0,0.000000,0.000000
0.5590,0,0.000000,0.000000
0.5620,0,0.000000,0.000000
0.5640,0,0.000000,0.000000
0.5660,0,0.000000,0.000000
0.5690,0,0.000000,0.000000
0.5710,0,0.000000,0.000000
0.5730,0,0.000000,0.000000
0.5760,0,0.000000,0.000000
0.5780,0,0.000000,0.000000
0.5800,0,0.000000,0.000000
0.5830,0,0.000000,0.000000
0.5850,0,0.000000,0.000000
0.5870,0,0.000000,0.000000
0.5900,0,0.000000,0.000000
0.5920,0,0.000000,0.000000
0.5940,0,0.000000,0.000000
0.5970,0,0.000000,0.000000
0.5990,0,0.000000,0.000000
0.6010,0,0.000000,0.000000
0.6050,0,0.000000,0.000000
0.6070,0,0.000000,0.000000
0.6090,0,0.000000,0.000000
0.6120,0,0.000000,0.000000
0.6140,0,0.000000,0.000000
0.6160,0,0.000000,0.000000
0.6210,0,0.000000,0.000000
0.6310,0,0.000000,0.000000
0.6410,0,0.000000,0.000000
0.6510,0,0.000000,0.000000
0.6610,0,0.000000,0.000000
0.6710,0,0.000000,0.000000
0.6810,0,0.000000,0.000000
0.6910,0,0.000000,0.000000
0.7010,0,0.000000,0.000000
0.7110,0,0.000000,0.000000
0.7210,0,0.000000,0.000000
0.7320,0,0.000000,0.000000
0.7410,0,0.000000,0.000000
0.7510,0,0.000000,0.000000
0.7610,0,0.000000,0.000000
0.7710,0,0.000000,0.000000
0.7810,0,0.000000,0.000000
0.7910,0,0.000000,0.000000
0.8010,0,0.000000,0.000000
0.8110,0,0.000000,0.000000
0.8210,0,0.000000,0.000000
0.8310,0,0.000000,0.000000
0.8410,0,0.000000,0.000000
0.8510,0,0.000000,0.000000
0.8610,0,0.000000,0.000000
0.8710,0,0.000000,0.000000
0.8810,0,0.000000,0.000000
0.8910,0,0.000000,0.000000
0.9010,0,0.000000,0.000000
0.9110,0,0.000000,0.000000
0.9210,0,0.000000,0.000000
0.9310,0,0.000000,0.000000
0.9410,0,0.000000,0.000000
0.9510,0,0.000000,0.000000
0.9610,0,0.000000,0.000000
0.9710,0,0.000000,0.000000
0.9810,0,0.000000,0.000000
0.9910,0,0.000000,0.000000
1.0010,0,0.000000,0.000000
1.0110,0,0.000000,0.000000
1.0210,0,0.000000,0.000000
1.0310,0,0.000000,0.000000
1.0410,0,0.000000,0.000000
1.0510,0,0.000000,0.000000
1.0610,0,0.000000,0.000000
1.0710,0,0.000000,0.000000
1.0810,0,0.000000,0.000000
1.0910,0,0.000000,0.000000
1.1010,0,0.000000,0.000000
1.1110,0,0.000000,0.000000
1.1210,0,0.000000,0.000000
1.1310,0,0.000000,0.000000
1.1410,0,0.000000,0.000000
1.1510,0,0.000000,0.000000
1.1610,0,0.000000,0.000000
1.1710,0,0.000000,0.000000
1.1810,0,0.000000,0.000000
1.1910,0,0.000000,0.000000
1.2010,0,0.000000,0.000000
1.2110,0,0.000000,0.000000
1.2210,0,0.000000,0.000000
1.2310,0,0.000000,0.000000
1.2410,0,0.000000,0.000000
1.2510,0,0.000000,0.000000
1.2610,0,0.000000,0.000000
1.2710,0,0.000000,0.000000
1.2810,0,0.000000,0.000000
1.2910,0,0.000000,0.000000
1.3010,0,0.000000,0.000000
1.3110,0,0.000000,0.000000
1.3210,0,0.000000,0.000000
1.3310,0,0.000000,0.000000
1.3410,0,0.000000,0.000000
1.3510,0,0.000000,0.000000
1.3610,0,0.000000,0.000000
1.3720,0,0.000000,0.000000
1.3810,0,0.000000,0.000000
1.3910,0,0.000000,0.000000
1.4010,0,0.000000,0.000000
1.4110,0,0.000000,0.000000
1.4210,0,0.000000,0.000000
1.4310,0,0.000000,0.000000
1.4410,0,0.000000,0.000000
1.4510,0,0.000000,0.000000
1.4610,0,0.000000,0.000000
1.4710,0,0.000000,0.000000
1.4810,0,0.000000,0.000000
1.4910,0,0.000000,0.000000
1.5010,0,0.000000,0.000000
1.5110,0,0.000000,0.000000
1.5210,0,0.000000,0.000000
1.5310,0,0.000000,0.000000
1.5410,0,0.000000,0.000000
1.5510,0,0.000000,0.000000
1.5610,0,0.000000,0.000000
1.5710,0,0.000000,0.000000
1.5810,0,0.000000,0.000000
1.5910,0,0.000000,0.000000
1.6010,0,0.000000,0.000000
1.6110,0,0.000000,0.000000
1.6210,0,0.000000,0.000000
1.6310,0,0.000000,0.000000
1.6410,0,0.000000,0.000000
1.6510,0,0.000000,0.000000
1.6610,0,0.000000,0.000000
1.6710,0,0.000000,0.000000
1.6810,0,0.000000,0.000000
1.6910,0,0.000000,0.000000
1.7010,0,0.000000,0.000000
1.7110,0,0.000000,0.000000
1.7210,0,0.000000,0.000000
1.7310,0,0.000000,0.000000
1.7410,0,0.000000,0.000000
1.7510,0,0.000000,0.000000
1.7610,0,0.000000,0.000000
1.7710,0,0.000000,0.000000
1.7810,0,0.000000,0.000000
1.7910,0,0.000000,0.000000
1.8010,0,0.000000,0.000000
1.8110,0,0.000000,0.000000
1.8210,0,0.000000,0.000000
1.8310,0,0.000000,0.000000
1.8410,0,0.000000,0.000000
1.8510,0,0.000000,0.000000
1.8610,0,0.000000,0.000000
1.8710,0,0.000000,0.000000
1.8810,0,0.000000,0.000000
1.8910,0,0.000000,0.000000
1.9010,0,0.000000,0.000000
1.9110,0,0.000000,0.000000
1.9210,0,0.000000,0.000000
1.9310,0,0.000000,0.000000
1.9410,0,0.000000,0.000000
1.9510,0,0.000000,0.000000
1.9610,0,0.000000,0.000000
1.9710,0,0.000000,0.000000
1.9810,0,0.000000,0.000000
1.9910,0,0.000000,0.000000
2.0010,0,0.000000,0.000000
2.0120,0,0.000000,0.000000
2.0210,0,0.000000,0.000000
2.0310,0,0.000000,0.000000
2.0410,0,0.000000,0.000000
2.0510,0,0.000000,0.000000
2.0610,0,0.000000,0.000000
2.0710,0,0.000000,0.000000
2.0810,0,0.000000,0.000000
2.0910,0,0.000000,0.000000
2.1010,0,0.000000,0.000000
2.1110,0,0.000000,0.000000
2.1210,0,0.000000,0.000000
2.1310,0,0.000000,0.000000
2.1410,0,0.000000,0.000000
2.1510,0,0.000000,0.000000
2.1610,0,0.000000,0.000000
2.1710,0,0.000000,0.000000
2.1810,0,0.000000,0.000000
2.1910,0,0.000000,0.000000
2.2010,0,0.000000,0.000000
2.2110,0,0.000000,0.000000
2.2210,0,0.000000,0.000000
2.2310,0,0.000000,0.000000
2.2410,0,0.000000,0.000000
2.2510,0,0.000000,0.000000
2.2610,0,0.000000,0.000000
2.2710,0,0.000000,0.000000
2.2810,0,0.000000,0.000000
2.2910,0,0.000000,0.000000
2.3010,0,0.000000,0.000000
2.3110,0,0.000000,0.000000
2.3210,0,0.000000,0.000000
2.3310,0,0.000000,0.000000
2.3410,0,0.000000,0.000000
2.3510,0,0.000000,0.000000
2.3610,0,0.000000,0.000000
2.3710,0,0.000000,0.000000
2.3810,0,0.000000,0.000000
2.3910,0,0.000000,0.000000
2.4010,0,0.000000,0.000000
2.4110,0,0.000000,0.000000
2.4210,0,0.000000,0.000000
2.4310,0,0.000000,0.000000
2.4410,0,0.000000,0.000000
2.4510,0,0.000000,0.000000
2.4610,0,0.000000,0.000000
2.4710,0,0.000000,0.000000
2.4810,0,0.000000,0.000000
2.4910,0,0.000000,0.000000
2.5010,0,0.000000,0.000000
2.5110,0,0.000000,0.000000
2.5210,0,0.000000,0.000000
2.5310,0,0.000000,0.000000
2.5410,0,0.000000,0.000000
2.5510,0,0.000000,0.000000
2.5610,0,0.000000,0.000000
2.5710,0,0.000000,0.000000
2.5810,0,0.000000,0.000000
2.5910,0,0.000000,0.000000
2.6010,0,0.000000,0.000000
2.6110,0,0.000000,0.000000
2.6210,0,0.000000,0.000000
2.6310,0,0.000000,0.000000
2.6410,0,0.000000,0.000000
2.6520,0,0.000000,0.000000
2.6610,0,0.000000,0.000000
2.6710,0,0.000000,0.000000
2.6810,0,0.000000,0.000000
2.6910,0,0.000000,0.000000
2.7010,0,0.000000,0.000000
2.7110,0,0.000000,0.000000
2.7210,0,0.000000,0.000000
2.7310,0,0.000000,0.000000
2.7410,0,0.000000,0.000000
2.7510,0,0.000000,0.000000
2.7610,0,0.000000,0.000000
2.7710,0,0.000000,0.000000
2.7810,0,0.000000,0.000000
2.7910,0,0.000000,0.000000
2.8010,0,0.000000,0.000000
2.8110,0,0.000000,0.000000
2.8210,0,0.000000,0.000000
2.8310,0,0.000000,0.000000
2.8410,0,0.000000,0.000000
2.8510,0,0.000000,0.000000
2.8610,0,0.000000,0.000000
2.8710,0,0.000000,0.000000
2.8810,0,0.000000,0.000000
2.8910,0,0.000000,0.000000
2.9010,0,0.000000,0.000000
2.9110,0,0.000000,0.000000
2.9210,0,0.000000,0.000000
2.9310,0,0.000000,0.000000
2.9410,0,0.000000,0.000000
2.9510,0,0.000000,0.000000
2.9610,0,0.000000,0.000000
2.9710,0,0.000000,0.000000
2.9810,0,0.000000,0.000000
2.9910,0,0.000000,0.000000
3.0010,0,0.000000,0.000000
3.0110,0,0.000000,0.000000
3.0210,0,0.000000,0.000000
3.0310,0,0.000000,0.000000
3.0410,0,0.000000,0.000000
3.0510,0,0.000000,0.000000
3.0610,0,0.000000,0.000000
3.0710,0,0.000000,0.000000
3.0810,0,0.000000,0.000000
3.0910,0,0.000000,0.000000
3.1010,0,0.000000,0.000000
3.1110,0,0.000000,0.000000
3.1210,0,0.000000,0.000000
3.1310,0,0.000000,0.000000
3.1410,0,0.000000,0.000000
3.1510,0,0.000000,0.000000
3.1610,0,0.000000,0.000000
3.1710,0,0.000000,0.000000
3.1810,0,0.000000,0.000000
3.1910,0,0.000000,0.000000
3.2010,0,0.000000,0.000000
3.2110,0,0.000000,0.000000
3.2210,0,0.000000,0.000000
3.2310,0,0.000000,0.000000
3.2410,0,0.000000,0.000000
3.2510,0,0.000000,0.000000
3.2610,0,0.000000,0.000000
3.2710,0,0.000000,0.000000
3.2810,0,0.000000,0.000000
3.2920,0,0.000000,0.000000
3.3010,0,0.000000,0.000000
3.3110,0,0.000000,0.000000
3.3210,0,0.000000,0.000000
3.3310,0,0.000000,0.000000
3.3410,0,0.000000,0.000000
3.3510,0,0.000000,0.000000
3.3610,0,0.000000,0.000000
3.3710,0,0.000000,0.000000
3.3810,0,0.000000,0.000000
3.3910,0,0.000000,0.000000
3.4010,0,0.000000,0.000000
3.4110,0,0.000000,0.000000
3.4210,0,0.000000,0.000000
3.4310,0,0.000000,0.000000
3.4410,0,0.000000,0.000000
3.4510,0,0.000000,0.000000
3.4610,0,0.000000,0.000000
3.4710,0,0.000000,0.000000
3.4810,0,0.000000,0.000000
3.4910,0,0.000000,0.000000
3.5010,0,0.000000,0.000000
3.5110,0,0.000000,0.000000
3.5210,0,0.000000,0.000000
3.5310,0,0.000000,0.000000
3.5410,0,0.000000,0.000000
3.5510,0,0.000000,0.000000
3.5610,0,0.000000,0.000000
3.5710,0,0.000000,0.000000
3.5810,0,0.000000,0.000000
3.5910,0,0.000000,0.000000
3.6010,0,0.000000,0.000000
3.6110,0,0.000000,0.000000
3.6210,0,0.000000,0.000000
3.6310,0,0.000000,0.000000
3.6410,0,0.000000,0.000000
3.6510,0,0.000000,0.000000
3.6610,0,0.000000,0.000000
3.6710,0,0.000000,0.000000
3.6810,0,0.000000,0.000000
3.6910,0,0.000000,0.000000
3.7010,0,0.000000,0.000000
3.7110,0,0.000000,0.000000
3.7210,0,0.000000,0.000000
3.7310,0,0.000000,0.000000
3.7410,0,0.000000,0.000000
3.7510,0,0.000000,0.000000
3.7610,0,0.000000,0.000000
3.7710,0,0.000000,0.000000
3.7810,0,0.000000,0.000000
3.7910,0,0.000000,0.000000
3.8010,0,0.000000,0.000000
3.8110,0,0.000000,0.000000
3.8210,0,0.000000,0.000000
3.8310,0,0.000000,0.000000
3.8410,0,0.000000,0.000000
3.8510,0,0.000000,0.000000
3.8610,0,0.000000,0.000000
3.8710,0,0.000000,0.000000
3.8810,0,0.000000,0.000000
3.8910,0,0.000000,0.000000
3.9010,0,0.000000,0.000000
3.9110,0,0.000000,0.000000
3.9210,0,0.000000,0.000000
3.9320,0,0.000000,0.000000
3.9410,0,0.000000,0.000000
3.9510,0,0.000000,0.000000
3.9610,-1,-0.002618,-0.000033
3.9710,-1,-0.002618,-0.000033
3.9810,-1,-0.002618,-0.000033
3.9910,-1,-0.002618,-0.000033
4.0010,-1,-0.002618,-0.000033
4.0110,-1,-0.002618,-0.000033
4.0210,-1,-0.002618,-0.000033
4.0310,-1,-0.002618,-0.000033
4.0410,-1,-0.002618,-0.000033
4.0510,-1,-0.002618,-0.000033
4.0610,-1,-0.002618,-0.000033
4.0710,-1,-0.002618,-0.000033
4.0810,-1,-0.002618,-0.000033
4.0910,-1,-0.002618,-0.000033
4.1010,-1,-0.002618,-0.000033
4.1110,-1,-0.002618,-0.000033
4.1210,-1,-0.002618,-0.000033
4.1310,-1,-0.002618,-0.000033
4.1410,-1,-0.002618,-0.000033
4.1510,-1,-0.002618,-0.000033
4.1610,-1,-0.002618,-0.000033
4.1710,-1,-0.002618,-0.000033
4.1810,-2,-0.005236,-0.000065
4.1910,-2,-0.005236,-0.000065
4.2010,-2,-0.005236,-0.000065
4.2110,-2,-0.005236,-0.000065
4.2210,-2,-0.005236,-0.000065
4.2310,-2,-0.005236,-0.000065
4.2410,-2,-0.005236,-0.000065
4.2510,-2,-0.005236,-0.000065
4.2610,-2,-0.005236,-0.000065
4.2710,-2,-0.005236,-0.000065
4.2810,-2,-0.005236,-0.000065
4.2910,-2,-0.005236,-0.000065
4.3010,-2,-0.005236,-0.000065
4.3110,-2,-0.005236,-0.000065
4.3210,-2,-0.005236,-0.000065
4.3310,-2,-0.005236,-0.000065
4.3410,-2,-0.005236,-0.000065
4.3510,-2,-0.005236,-0.000065
4.3610,-2,-0.005236,-0.000065
4.3710,-2,-0.005236,-0.000065
4.3810,-2,-0.005236,-0.000065
4.3910,-2,-0.005236,-0.000065
4.4010,-2,-0.005236,-0.000065
4.4110,-2,-0.005236,-0.000065
4.4210,-3,-0.007854,-0.000098
4.4310,-3,-0.007854,-0.000098
4.4410,-3,-0.007854,-0.000098
4.4510,-3,-0.007854,-0.000098
4.4610,-3,-0.007854,-0.000098
4.4710,-3,-0.007854,-0.000098
4.4810,-3,-0.007854,-0.000098
4.4910,-3,-0.007854,-0.000098
4.5010,-3,-0.007854,-0.000098
4.5110,-3,-0.007854,-0.000098
4.5210,-3,-0.007854,-0.000098
4.5310,-3,-0.007854,-0.000098
4.5410,-3,-0.007854,-0.000098
4.5510,-3,-0.007854,-0.000098
4.5610,-3,-0.007854,-0.000098
4.5720,-3,-0.007854,-0.000098
4.5810,-3,-0.007854,-0.000098
4.5910,-3,-0.007854,-0.000098
4.6010,-3,-0.007854,-0.000098
4.6110,-3,-0.007854,-0.000098
4.6210,-3,-0.007854,-0.000098
4.6310,-3,-0.007854,-0.000098
4.6410,-3,-0.007854,-0.000098
4.6510,-3,-0.007854,-0.000098
4.6610,-3,-0.007854,-0.000098
4.6710,-3,-0.007854,-0.000098
4.6810,-3,-0.007854,-0.000098
4.6910,-3,-0.007854,-0.000098
4.7010,-3,-0.007854,-0.000098
4.7110,-4,-0.010472,-0.000131
4.7210,-4,-0.010472,-0.000131
4.7310,-4,-0.010472,-0.000131
4.7410,-4,-0.010472,-0.000131
4.7510,-4,-0.010472,-0.000131
4.7610,-4,-0.010472,-0.000131
4.7710,-4,-0.010472,-0.000131
4.7810,-4,-0.010472,-0.000131
4.7910,-4,-0.010472,-0.000131
4.8010,-4,-0.010472,-0.000131
4.8110,-5,-0.013090,-0.000164
4.8210,-5,-0.013090,-0.000164
4.8310,-5,-0.013090,-0.000164
4.8410,-5,-0.013090,-0.000164
4.8510,-6,-0.015708,-0.000196
4.8610,-6,-0.015708,-0.000196
4.8710,-6,-0.015708,-0.000196
4.8810,-6,-0.015708,-0.000196
4.8910,-6,-0.015708,-0.000196
4.9010,-6,-0.015708,-0.000196
4.9110,-6,-0.015708,-0.000196
4.9210,-6,-0.015708,-0.000196
4.9310,-7,-0.018326,-0.000229
4.9410,-7,-0.018326,-0.000229
4.9510,-7,-0.018326,-0.000229
4.9610,-7,-0.018326,-0.000229
4.9710,-7,-0.018326,-0.000229
4.9810,-7,-0.018326,-0.000229
4.9910,-7,-0.018326,-0.000229
5.0010,-7,-0.018326,-0.000229
5.0110,-7,-0.018326,-0.000229
5.0210,-7,-0.018326,-0.000229
5.0310,-7,-0.018326,-0.000229
5.0410,-8,-0.020944,-0.000262
5.0510,-8,-0.020944,-0.000262
5.0610,-8,-0.020944,-0.000262
5.0710,-8,-0.020944,-0.000262
5.0810,-8,-0.020944,-0.000262
5.0910,-8,-0.020944,-0.000262
5.1010,-8,-0.020944,-0.000262
5.1110,-8,-0.020944,-0.000262
5.1210,-8,-0.020944,-0.000262
5.1310,-8,-0.020944,-0.000262
5.1410,-9,-0.023562,-0.000295
5.1510,-9,-0.023562,-0.000295
5.1610,-9,-0.023562,-0.000295
5.1710,-9,-0.023562,-0.000295
5.1810,-9,-0.023562,-0.000295
5.1910,-9,-0.023562,-0.000295
5.2010,-9,-0.023562,-0.000295
5.2120,-9,-0.023562,-0.000295
5.2210,-9,-0.023562,-0.000295
5.2310,-9,-0.023562,-0.000295
5.2410,-9,-0.023562,-0.000295
5.2510,-9,-0.023562,-0.000295
5.2610,-10,-0.026180,-0.000327
5.2710,-10,-0.026180,-0.000327
5.2810,-10,-0.026180,-0.000327
5.2910,-10,-0.026180,-0.000327
5.3010,-10,-0.026180,-0.000327
5.3110,-10,-0.026180,-0.000327
5.3210,-10,-0.026180,-0.000327
5.3310,-10,-0.026180,-0.000327
5.3410,-10,-0.026180,-0.000327
5.3510,-10,-0.026180,-0.000327
5.3610,-11,-0.028798,-0.000360
5.3710,-11,-0.028798,-0.000360
5.3810,-11,-0.028798,-0.000360
5.3910,-11,-0.028798,-0.000360
5.4010,-11,-0.028798,-0.000360
5.4110,-11,-0.028798,-0.000360
5.4210,-11,-0.028798,-0.000360
5.4310,-11,-0.028798,-0.000360
5.4410,-11,-0.028798,-0.000360
5.4510,-11,-0.028798,-0.000360
5.4610,-11,-0.028798,-0.000360
5.4710,-11,-0.028798,-0.000360
5.4810,-12,-0.031416,-0.000393
5.4910,-12,-0.031416,-0.000393
5.5010,-12,-0.031416,-0.000393
5.5110,-12,-0.031416,-0.000393
5.5210,-12,-0.031416,-0.000393
5.5310,-12,-0.031416,-0.000393
5.5410,-12,-0.031416,-0.000393
5.5510,-12,-0.031416,-0.000393
5.5610,-12,-0.031416,-0.000393
5.5710,-12,-0.031416,-0.000393
5.5810,-12,-0.031416,-0.000393
5.5910,-12,-0.031416,-0.000393
5.6010,-13,-0.034034,-0.000425
5.6110,-13,-0.034034,-0.000425
5.6210,-13,-0.034034,-0.000425
5.6310,-13,-0.034034,-0.000425
5.6410,-13,-0.034034,-0.000425
5.6510,-13,-0.034034,-0.000425
5.6610,-13,-0.034034,-0.000425
5.6710,-13,-0.034034,-0.000425
5.6810,-13,-0.034034,-0.000425
5.6910,-13,-0.034034,-0.000425
5.7010,-13,-0.034034,-0.000425
5.7110,-13,-0.034034,-0.000425
5.7210,-13,-0.034034,-0.000425
5.7310,-13,-0.034034,-0.000425
5.7410,-13,-0.034034,-0.000425
5.7510,-13,-0.034034,-0.000425
5.7610,-13,-0.034034,-0.000425
5.7710,-13,-0.034034,-0.000425
5.7810,-13,-0.034034,-0.000425
5.7910,-13,-0.034034,-0.000425
5.8010,-13,-0.034034,-0.000425
5.8110,-13,-0.034034,-0.000425
5.8210,-13,-0.034034,-0.000425
5.8310,-13,-0.034034,-0.000425
5.8410,-13,-0.034034,-0.000425
5.8520,-13,-0.034034,-0.000425
5.8610,-14,-0.036652,-0.000458
5.8710,-14,-0.036652,-0.000458
5.8810,-14,-0.036652,-0.000458
5.8910,-14,-0.036652,-0.000458
5.9010,-14,-0.036652,-0.000458
5.9110,-14,-0.036652,-0.000458
5.9210,-15,-0.039270,-0.000491
5.9310,-15,-0.039270,-0.000491
5.9410,-15,-0.039270,-0.000491
5.9510,-15,-0.039270,-0.000491
5.9610,-15,-0.039270,-0.000491
5.9710,-15,-0.039270,-0.000491
5.9810,-15,-0.039270,-0.000491
5.9910,-15,-0.039270,-0.000491
6.0010,-15,-0.039270,-0.000491
6.0110,-15,-0.039270,-0.000491
6.0210,-15,-0.039270,-0.000491
6.0310,-15,-0.039270,-0.000491
6.0410,-15,-0.039270,-0.000491
6.0510,-15,-0.039270,-0.000491
6.0610,-15,-0.039270,-0.000491
6.0710,-16,-0.041888,-0.000524
6.0810,-16,-0.041888,-0.000524
6.0910,-16,-0.041888,-0.000524
6.1010,-16,-0.041888,-0.000524
6.1110,-16,-0.041888,-0.000524
6.1210,-17,-0.044506,-0.000556
6.1310,-17,-0.044506,-0.000556
6.1410,-17,-0.044506,-0.000556
6.1510,-17,-0.044506,-0.000556
6.1610,-17,-0.044506,-0.000556
6.1710,-17,-0.044506,-0.000556
6.1810,-18,-0.047124,-0.000589
6.1910,-18,-0.047124,-0.000589
6.2010,-18,-0.047124,-0.000589
6.2110,-18,-0.047124,-0.000589
6.2210,-19,-0.049742,-0.000622
6.2310,-19,-0.049742,-0.000622
6.2410,-19,-0.049742,-0.000622
6.2510,-20,-0.052360,-0.000654
6.2610,-20,-0.052360,-0.000654
6.2710,-20,-0.052360,-0.000654
6.2810,-20,-0.052360,-0.000654
6.2910,-21,-0.054978,-0.000687
6.3010,-21,-0.054978,-0.000687
6.3110,-21,-0.054978,-0.000687
6.3210,-21,-0.054978,-0.000687
6.3310,-22,-0.057596,-0.000720
6.3410,-22,-0.057596,-0.000720
6.3510,-22,-0.057596,-0.000720
6.3610,-22,-0.057596,-0.000720
6.3710,-22,-0.057596,-0.000720
6.3810,-22,-0.057596,-0.000720
6.3910,-22,-0.057596,-0.000720
6.4010,-23,-0.060214,-0.000753
6.4110,-23,-0.060214,-0.000753
6.4210,-23,-0.060214,-0.000753
6.4310,-24,-0.062832,-0.000785
6.4410,-24,-0.062832,-0.000785
6.4510,-24,-0.062832,-0.000785
6.4610,-25,-0.065450,-0.000818
6.4710,-25,-0.065450,-0.000818
6.4810,-25,-0.065450,-0.000818
6.4920,-25,-0.065450,-0.000818
6.5010,-25,-0.065450,-0.000818
6.5110,-25,-0.065450,-0.000818
6.5210,-26,-0.068068,-0.000851
6.5310,-26,-0.068068,-0.000851
6.5410,-27,-0.070686,-0.000884
6.5510,-27,-0.070686,-0.000884
6.5610,-27,-0.070686,-0.000884
6.5710,-28,-0.073304,-0.000916
6.5810,-28,-0.073304,-0.000916
6.5910,-28,-0.073304,-0.000916
6.6010,-28,-0.073304,-0.000916
6.6110,-28,-0.073304,-0.000916
6.6210,-28,-0.073304,-0.000916
6.6310,-28,-0.073304,-0.000916
6.6410,-29,-0.075922,-0.000949
6.6510,-29,-0.075922,-0.000949
6.6610,-30,-0.078540,-0.000982
6.6710,-30,-0.078540,-0.000982
6.6810,-30,-0.078540,-0.000982
6.6910,-30,-0.078540,-0.000982
6.7010,-30,-0.078540,-0.000982
6.7110,-30,-0.078540,-0.000982
6.7210,-30,-0.078540,-0.000982
6.7310,-31,-0.081158,-0.001014
6.7410,-31,-0.081158,-0.001014
6.7510,-31,-0.081158,-0.001014
6.7610,-32,-0.083776,-0.001047
6.7710,-32,-0.083776,-0.001047
6.7810,-32,-0.083776,-0.001047
6.7910,-32,-0.083776,-0.001047
6.8010,-32,-0.083776,-0.001047
6.8110,-32,-0.083776,-0.001047
6.8210,-32,-0.083776,-0.001047
6.8310,-32,-0.083776,-0.001047
6.8410,-32,-0.083776,-0.001047
6.8510,-33,-0.086394,-0.001080
6.8610,-33,-0.086394,-0.001080
6.8710,-34,-0.089012,-0.001113
6.8810,-34,-0.089012,-0.001113
6.8910,-34,-0.089012,-0.001113
6.9010,-34,-0.089012,-0.001113
6.9110,-34,-0.089012,-0.001113
6.9210,-34,-0.089012,-0.001113
6.9310,-34,-0.089012,-0.001113
6.9410,-34,-0.089012,-0.001113
6.9510,-34,-0.089012,-0.001113
6.9610,-34,-0.089012,-0.001113
6.9710,-35,-0.091630,-0.001145
6.9810,-35,-0.091630,-0.001145
6.9910,-35,-0.091630,-0.001145
7.0010,-35,-0.091630,-0.001145
7.0110,-35,-0.091630,-0.001145
7.0210,-35,-0.091630,-0.001145
7.0310,-35,-0.091630,-0.001145
7.0410,-36,-0.094248,-0.001178
7.0510,-36,-0.094248,-0.001178
7.0610,-36,-0.094248,-0.001178
7.0710,-36,-0.094248,-0.001178
7.0810,-37,-0.096866,-0.001211
7.0910,-37,-0.096866,-0.001211
7.1010,-37,-0.096866,-0.001211
7.1110,-37,-0.096866,-0.001211
7.1210,-37,-0.096866,-0.001211
7.1320,-37,-0.096866,-0.001211
7.1410,-37,-0.096866,-0.001211
7.1510,-38,-0.099484,-0.001244
7.1610,-38,-0.099484,-0.001244
7.1710,-39,-0.102102,-0.001276
7.1810,-39,-0.102102,-0.001276
7.1910,-40,-0.104720,-0.001309
7.2010,-40,-0.104720,-0.001309
7.2110,-41,-0.107338,-0.001342
7.2210,-41,-0.107338,-0.001342
7.2310,-41,-0.107338,-0.001342
7.2410,-41,-0.107338,-0.001342
7.2510,-42,-0.109956,-0.001374
7.2610,-43,-0.112574,-0.001407
7.2710,-43,-0.112574,-0.001407
7.2810,-45,-0.117810,-0.001473
7.2910,-47,-0.123046,-0.001538
7.3010,-48,-0.125664,-0.001571
7.3110,-49,-0.128282,-0.001604
7.3210,-51,-0.133518,-0.001669
7.3310,-51,-0.133518,-0.001669
7.3410,-52,-0.136136,-0.001702
7.3510,-52,-0.136136,-0.001702
7.3610,-54,-0.141372,-0.001767
7.3710,-55,-0.143990,-0.001800
7.3810,-59,-0.154462,-0.001931
7.3910,-63,-0.164934,-0.002062
7.4010,-67,-0.175406,-0.002193
7.4110,-72,-0.188496,-0.002356
7.4210,-76,-0.198968,-0.002487
7.4310,-79,-0.206822,-0.002585
7.4410,-81,-0.212058,-0.002651
7.4510,-82,-0.214676,-0.002683
7.4610,-82,-0.214676,-0.002683
7.4710,-82,-0.214676,-0.002683
7.4810,-81,-0.212058,-0.002651
7.4910,-81,-0.212058,-0.002651
7.5010,-82,-0.214676,-0.002683
7.5110,-84,-0.219912,-0.002749
7.5210,-86,-0.225147,-0.002814
7.5310,-88,-0.230383,-0.002880
7.5410,-89,-0.233001,-0.002913
7.5510,-90,-0.235619,-0.002945
7.5610,-90,-0.235619,-0.002945
7.5710,-90,-0.235619,-0.002945
7.5810,-90,-0.235619,-0.002945
7.5910,-91,-0.238237,-0.002978
7.6010,-93,-0.243473,-0.003043
7.6110,-96,-0.251327,-0.003142
7.6210,-100,-0.261799,-0.003272
7.6310,-103,-0.269653,-0.003371
7.6410,-105,-0.274889,-0.003436
7.6510,-107,-0.280125,-0.003502
7.6610,-108,-0.282743,-0.003534
7.6710,-109,-0.285361,-0.003567
7.6810,-111,-0.290597,-0.003632
7.6910,-114,-0.298451,-0.003731
7.7010,-118,-0.308923,-0.003862
7.7110,-124,-0.324631,-0.004058
7.7210,-132,-0.345575,-0.004320
7.7310,-140,-0.366519,-0.004581
7.7410,-149,-0.390081,-0.004876
7.7510,-158,-0.413643,-0.005171
7.7610,-166,-0.434587,-0.005432
7.7720,-175,-0.458149,-0.005727
7.7810,-183,-0.479093,-0.005989
7.7910,-195,-0.510509,-0.006381
7.8010,-213,-0.557633,-0.006970
7.8110,-233,-0.609993,-0.007625
7.8210,-249,-0.651880,-0.008149
7.8310,-266,-0.696386,-0.008705
7.8410,-282,-0.738274,-0.009228
7.8510,-295,-0.772308,-0.009654
7.8610,-301,-0.788016,-0.009850
7.8710,-303,-0.793252,-0.009916
7.8810,-300,-0.785398,-0.009817
7.8910,-293,-0.767072,-0.009588
7.9010,-287,-0.751364,-0.009392
7.9110,-282,-0.738274,-0.009228
7.9210,-278,-0.727802,-0.009098
7.9310,-278,-0.727802,-0.009098
7.9410,-281,-0.735656,-0.009196
7.9510,-285,-0.746128,-0.009327
7.9610,-291,-0.761836,-0.009523
7.9710,-296,-0.774926,-0.009687
7.9810,-299,-0.782780,-0.009785
7.9910,-300,-0.785398,-0.009817
8.0010,-300,-0.785398,-0.009817
8.0110,-298,-0.780162,-0.009752
8.0210,-294,-0.769690,-0.009621
8.0310,-293,-0.767072,-0.009588
8.0410,-291,-0.761836,-0.009523
8.0510,-291,-0.761836,-0.009523
8.0610,-293,-0.767072,-0.009588
8.0710,-295,-0.772308,-0.009654
8.0810,-298,-0.780162,-0.009752
8.0910,-301,-0.788016,-0.009850
8.1010,-303,-0.793252,-0.009916
8.1110,-305,-0.798488,-0.009981
8.1210,-306,-0.801106,-0.010014
8.1310,-307,-0.803724,-0.010047
8.1410,-309,-0.808960,-0.010112
8.1510,-311,-0.814196,-0.010177
8.1610,-314,-0.822050,-0.010276
8.1710,-317,-0.829904,-0.010374
8.1810,-321,-0.840376,-0.010505
8.1910,-325,-0.850848,-0.010636
8.2010,-329,-0.861320,-0.010767
8.2110,-333,-0.871792,-0.010897
8.2210,-339,-0.887500,-0.011094
8.2310,-346,-0.905826,-0.011323
8.2410,-353,-0.924152,-0.011552
8.2510,-362,-0.947714,-0.011846
8.2610,-373,-0.976512,-0.012206
8.2710,-387,-1.013164,-0.012665
8.2810,-400,-1.047198,-0.013090
8.2910,-412,-1.078613,-0.013483
8.3010,-426,-1.115265,-0.013941
8.3110,-439,-1.149299,-0.014366
8.3210,-450,-1.178097,-0.014726
8.3310,-460,-1.204277,-0.015053
8.3410,-471,-1.233075,-0.015413
8.3510,-482,-1.261873,-0.015773
8.3610,-495,-1.295907,-0.016199
8.3710,-509,-1.332559,-0.016657
8.3810,-528,-1.382301,-0.017279
8.3910,-551,-1.442515,-0.018031
8.4010,-581,-1.521054,-0.019013
8.4120,-617,-1.615302,-0.020191
8.4210,-649,-1.699078,-0.021238
8.4310,-687,-1.798562,-0.022482
8.4410,-723,-1.892810,-0.023660
8.4510,-753,-1.971349,-0.024642
8.4610,-779,-2.039417,-0.025493
8.4710,-794,-2.078687,-0.025984
8.4810,-799,-2.091777,-0.026147
8.4910,-796,-2.083923,-0.026049
8.5010,-789,-2.065597,-0.025820
8.5110,-778,-2.036799,-0.025460
8.5210,-767,-2.008001,-0.025100
8.5310,-759,-1.987057,-0.024838
8.5410,-756,-1.979203,-0.024740
8.5510,-757,-1.981821,-0.024773
8.5610,-762,-1.994911,-0.024936
8.5710,-770,-2.015855,-0.025198
8.5810,-779,-2.039417,-0.025493
8.5910,-786,-2.057743,-0.025722
8.6010,-791,-2.070833,-0.025885
8.6110,-791,-2.070833,-0.025885
8.6210,-789,-2.065597,-0.025820
8.6310,-784,-2.052507,-0.025656
8.6410,-778,-2.036799,-0.025460
8.6510,-772,-2.021091,-0.025264
8.6610,-769,-2.013237,-0.025165
8.6710,-768,-2.010619,-0.025133
8.6810,-770,-2.015855,-0.025198
8.6910,-774,-2.026327,-0.025329
8.7010,-779,-2.039417,-0.025493
8.7110,-783,-2.049889,-0.025624
8.7210,-787,-2.060361,-0.025755
8.7310,-788,-2.062979,-0.025787
8.7410,-787,-2.060361,-0.025755
8.7510,-785,-2.055125,-0.025689
8.7610,-781,-2.044653,-0.025558
8.7710,-778,-2.036799,-0.025460
8.7810,-775,-2.028945,-0.025362
8.7910,-774,-2.026327,-0.025329
8.8010,-774,-2.026327,-0.025329
8.8110,-777,-2.034181,-0.025427
8.8210,-780,-2.042035,-0.025525
8.8310,-783,-2.049889,-0.025624
8.8410,-785,-2.055125,-0.025689
8.8510,-786,-2.057743,-0.025722
8.8610,-786,-2.057743,-0.025722
8.8710,-785,-2.055125,-0.025689
8.8810,-783,-2.049889,-0.025624
8.8910,-780,-2.042035,-0.025525
8.9010,-778,-2.036799,-0.025460
8.9110,-778,-2.036799,-0.025460
8.9210,-778,-2.036799,-0.025460
8.9310,-778,-2.036799,-0.025460
8.9410,-781,-2.044653,-0.025558
8.9510,-783,-2.049889,-0.025624
8.9610,-784,-2.052507,-0.025656
8.9710,-785,-2.055125,-0.025689
8.9810,-785,-2.055125,-0.025689
8.9910,-784,-2.052507,-0.025656
9.0010,-782,-2.047271,-0.025591
9.0110,-781,-2.044653,-0.025558
9.0210,-780,-2.042035,-0.025525
9.0310,-779,-2.039417,-0.025493
9.0410,-780,-2.042035,-0.025525
9.0520,-781,-2.044653,-0.025558
9.0610,-782,-2.047271,-0.025591
9.0710,-783,-2.049889,-0.025624
9.0810,-785,-2.055125,-0.025689
9.0910,-785,-2.055125,-0.025689
9.1010,-785,-2.055125,-0.025689
9.1110,-784,-2.052507,-0.025656
9.1210,-783,-2.049889,-0.025624
9.1310,-782,-2.047271,-0.025591
9.1410,-781,-2.044653,-0.025558
9.1510,-781,-2.044653,-0.025558
9.1610,-782,-2.047271,-0.025591
9.1710,-783,-2.049889,-0.025624
9.1810,-783,-2.049889,-0.025624
9.1910,-784,-2.052507,-0.025656
9.2010,-784,-2.052507,-0.025656
9.2110,-784,-2.052507,-0.025656
9.2210,-784,-2.052507,-0.025656
9.2310,-784,-2.052507,-0.025656
9.2410,-783,-2.049889,-0.025624
9.2510,-783,-2.049889,-0.025624
9.2610,-783,-2.049889,-0.025624
9.2710,-783,-2.049889,-0.025624
9.2810,-783,-2.049889,-0.025624
9.2910,-783,-2.049889,-0.025624
9.3010,-784,-2.052507,-0.025656
9.3110,-784,-2.052507,-0.025656
9.3210,-784,-2.052507,-0.025656
9.3310,-784,-2.052507,-0.025656
9.3410,-784,-2.052507,-0.025656
9.3510,-784,-2.052507,-0.025656
9.3610,-783,-2.049889,-0.025624
9.3710,-783,-2.049889,-0.025624
9.3810,-783,-2.049889,-0.025624
9.3910,-783,-2.049889,-0.025624
9.4010,-784,-2.052507,-0.025656
9.4110,-784,-2.052507,-0.025656
9.4210,-784,-2.052507,-0.025656
9.4310,-785,-2.055125,-0.025689
9.4410,-785,-2.055125,-0.025689
9.4510,-785,-2.055125,-0.025689
9.4610,-784,-2.052507,-0.025656
9.4710,-784,-2.052507,-0.025656
9.4810,-784,-2.052507,-0.025656
9.4910,-784,-2.052507,-0.025656
9.5010,-784,-2.052507,-0.025656
9.5110,-784,-2.052507,-0.025656
9.5210,-785,-2.055125,-0.025689
9.5310,-785,-2.055125,-0.025689
9.5410,-785,-2.055125,-0.025689
9.5510,-785,-2.055125,-0.025689
9.5610,-785,-2.055125,-0.025689
9.5710,-785,-2.055125,-0.025689
9.5810,-785,-2.055125,-0.025689
9.5910,-785,-2.055125,-0.025689
9.6010,-785,-2.055125,-0.025689
9.6110,-785,-2.055125,-0.025689
9.6210,-785,-2.055125,-0.025689
9.6310,-785,-2.055125,-0.025689
9.6410,-786,-2.057743,-0.025722
9.6510,-786,-2.057743,-0.025722
9.6610,-786,-2.057743,-0.025722
9.6710,-786,-2.057743,-0.025722
9.6810,-786,-2.057743,-0.025722
9.6920,-786,-2.057743,-0.025722
9.7010,-786,-2.057743,-0.025722
9.7110,-786,-2.057743,-0.025722
9.7210,-786,-2.057743,-0.025722
9.7310,-786,-2.057743,-0.025722
9.7410,-786,-2.057743,-0.025722
9.7510,-786,-2.057743,-0.025722
9.7610,-787,-2.060361,-0.025755
9.7710,-787,-2.060361,-0.025755
9.7810,-787,-2.060361,-0.025755
9.7910,-787,-2.060361,-0.025755
9.8010,-787,-2.060361,-0.025755
9.8110,-787,-2.060361,-0.025755
9.8210,-787,-2.060361,-0.025755
9.8310,-788,-2.062979,-0.025787
9.8410,-788,-2.062979,-0.025787
9.8510,-788,-2.062979,-0.025787
9.8610,-788,-2.062979,-0.025787
9.8710,-788,-2.062979,-0.025787
9.8810,-788,-2.062979,-0.025787
9.8910,-788,-2.062979,-0.025787
9.9010,-788,-2.062979,-0.025787
9.9110,-788,-2.062979,-0.025787
9.9210,-789,-2.065597,-0.025820
9.9310,-789,-2.065597,-0.025820
9.9410,-789,-2.065597,-0.025820
9.9510,-789,-2.065597,-0.025820
9.9610,-789,-2.065597,-0.025820
9.9710,-789,-2.065597,-0.025820
9.9810,-789,-2.065597,-0.025820
9.9910,-789,-2.065597,-0.025820
10.0010,-789,-2.065597,-0.025820
10.0110,-789,-2.065597,-0.025820
10.0210,-789,-2.065597,-0.025820
10.0310,-790,-2.068215,-0.025853
10.0410,-790,-2.068215,-0.025853
10.0510,-790,-2.068215,-0.025853
10.0610,-790,-2.068215,-0.025853
10.0710,-791,-2.070833,-0.025885
10.0810,-791,-2.070833,-0.025885
10.0910,-791,-2.070833,-0.025885
10.1010,-791,-2.070833,-0.025885
10.1110,-791,-2.070833,-0.025885
10.1210,-791,-2.070833,-0.025885
10.1310,-791,-2.070833,-0.025885
10.1410,-791,-2.070833,-0.025885
10.1510,-791,-2.070833,-0.025885
10.1610,-791,-2.070833,-0.025885
10.1710,-791,-2.070833,-0.025885
10.1810,-791,-2.070833,-0.025885
10.1910,-791,-2.070833,-0.025885
10.2010,-791,-2.070833,-0.025885
10.2110,-791,-2.070833,-0.025885
10.2210,-792,-2.073451,-0.025918
10.2310,-792,-2.073451,-0.025918
10.2410,-792,-2.073451,-0.025918
10.2510,-792,-2.073451,-0.025918
10.2610,-792,-2.073451,-0.025918
10.2710,-792,-2.073451,-0.025918
10.2810,-792,-2.073451,-0.025918
10.2910,-792,-2.073451,-0.025918
10.3010,-792,-2.073451,-0.025918
10.3110,-792,-2.073451,-0.025918
10.3210,-792,-2.073451,-0.025918
10.3320,-792,-2.073451,-0.025918
10.3410,-792,-2.073451,-0.025918
10.3510,-792,-2.073451,-0.025918
10.3610,-792,-2.073451,-0.025918
10.3710,-792,-2.073451,-0.025918
10.3810,-792,-2.073451,-0.025918
10.3910,-792,-2.073451,-0.025918
10.4010,-793,-2.076069,-0.025951
10.4110,-793,-2.076069,-0.025951
10.4210,-793,-2.076069,-0.025951
10.4310,-793,-2.076069,-0.025951
10.4410,-793,-2.076069,-0.025951
10.4510,-793,-2.076069,-0.025951
10.4610,-793,-2.076069,-0.025951
10.4710,-793,-2.076069,-0.025951
10.4810,-793,-2.076069,-0.025951
10.4910,-794,-2.078687,-0.025984
10.5010,-794,-2.078687,-0.025984
10.5110,-794,-2.078687,-0.025984
10.5210,-794,-2.078687,-0.025984
10.5310,-794,-2.078687,-0.025984
10.5410,-794,-2.078687,-0.025984
10.5510,-794,-2.078687,-0.025984
10.5610,-794,-2.078687,-0.025984
10.5710,-795,-2.081305,-0.026016
10.5810,-795,-2.081305,-0.026016
10.5910,-796,-2.083923,-0.026049
10.6010,-796,-2.083923,-0.026049
10.6110,-797,-2.086541,-0.026082
10.6210,-797,-2.086541,-0.026082
10.6310,-797,-2.086541,-0.026082
10.6410,-798,-2.089159,-0.026114
10.6510,-798,-2.089159,-0.026114
10.6610,-798,-2.089159,-0.026114
10.6710,-798,-2.089159,-0.026114
10.6810,-798,-2.089159,-0.026114
10.6910,-799,-2.091777,-0.026147
10.7010,-800,-2.094395,-0.026180
10.7110,-802,-2.099631,-0.026245
10.7210,-804,-2.104867,-0.026311
10.7310,-807,-2.112721,-0.026409
10.7410,-810,-2.120575,-0.026507
10.7510,-813,-2.128429,-0.026605
10.7610,-816,-2.136283,-0.026704
10.7710,-819,-2.144137,-0.026802
10.7810,-822,-2.151991,-0.026900
10.7910,-824,-2.157227,-0.026965
10.8010,-825,-2.159845,-0.026998
10.8110,-826,-2.162463,-0.027031
10.8210,-826,-2.162463,-0.027031
10.8310,-827,-2.165081,-0.027064
10.8410,-827,-2.165081,-0.027064
10.8510,-827,-2.165081,-0.027064
10.8610,-827,-2.165081,-0.027064
10.8710,-828,-2.167699,-0.027096
10.8810,-829,-2.170317,-0.027129
10.8910,-830,-2.172935,-0.027162
10.9010,-831,-2.175553,-0.027194
10.9110,-833,-2.180789,-0.027260
10.9210,-834,-2.183407,-0.027293
10.9310,-836,-2.188643,-0.027358
10.9410,-837,-2.191261,-0.027391
10.9510,-839,-2.196497,-0.027456
10.9610,-843,-2.206969,-0.027587
10.9720,-846,-2.214823,-0.027685
10.9810,-849,-2.222677,-0.027783
10.9910,-853,-2.233149,-0.027914
11.0010,-856,-2.241003,-0.028013
11.0110,-860,-2.251475,-0.028143
11.0210,-862,-2.256711,-0.028209
11.0310,-863,-2.259329,-0.028242
11.0410,-864,-2.261947,-0.028274
11.0510,-864,-2.261947,-0.028274
11.0610,-863,-2.259329,-0.028242
11.0710,-862,-2.256711,-0.028209
11.0810,-861,-2.254093,-0.028176
11.0910,-861,-2.254093,-0.028176
11.1010,-862,-2.256711,-0.028209
11.1110,-863,-2.259329,-0.028242
11.1210,-864,-2.261947,-0.028274
11.1310,-865,-2.264565,-0.028307
11.1410,-867,-2.269801,-0.028373
11.1510,-867,-2.269801,-0.028373
11.1610,-867,-2.269801,-0.028373
11.1710,-867,-2.269801,-0.028373
11.1810,-867,-2.269801,-0.028373
11.1910,-867,-2.269801,-0.028373
11.2010,-867,-2.269801,-0.028373
11.2110,-867,-2.269801,-0.028373
11.2210,-867,-2.269801,-0.028373
11.2310,-869,-2.275037,-0.028438
11.2410,-870,-2.277655,-0.028471
11.2510,-871,-2.280273,-0.028503
11.2610,-871,-2.280273,-0.028503
11.2710,-872,-2.282891,-0.028536
11.2810,-872,-2.282891,-0.028536
11.2910,-872,-2.282891,-0.028536
11.3010,-872,-2.282891,-0.028536
11.3110,-872,-2.282891,-0.028536
11.3210,-872,-2.282891,-0.028536
11.3310,-872,-2.282891,-0.028536
11.3410,-872,-2.282891,-0.028536
11.3510,-873,-2.285509,-0.028569
11.3610,-874,-2.288127,-0.028602
11.3710,-875,-2.290745,-0.028634
11.3810,-876,-2.293363,-0.028667
11.3910,-876,-2.293363,-0.028667
11.4010,-876,-2.293363,-0.028667
11.4110,-877,-2.295981,-0.028700
11.4210,-877,-2.295981,-0.028700
11.4310,-877,-2.295981,-0.028700
11.4410,-877,-2.295981,-0.028700
11.4510,-877,-2.295981,-0.028700
11.4610,-877,-2.295981,-0.028700
11.4710,-877,-2.295981,-0.028700
11.4810,-879,-2.301217,-0.028765
11.4910,-879,-2.301217,-0.028765
11.5010,-880,-2.303835,-0.028798
11.5110,-881,-2.306453,-0.028831
11.5210,-881,-2.306453,-0.028831
11.5310,-881,-2.306453,-0.028831
11.5410,-882,-2.309071,-0.028863
11.5510,-882,-2.309071,-0.028863
11.5610,-882,-2.309071,-0.028863
11.5710,-881,-2.306453,-0.028831
11.5810,-881,-2.306453,-0.028831
11.5910,-882,-2.309071,-0.028863
11.6010,-882,-2.309071,-0.028863
11.6120,-883,-2.311689,-0.028896
11.6210,-883,-2.311689,-0.028896
11.6310,-884,-2.314307,-0.028929
11.6410,-885,-2.316925,-0.028962
11.6510,-885,-2.316925,-0.028962
11.6610,-885,-2.316925,-0.028962
11.6710,-885,-2.316925,-0.028962
11.6810,-885,-2.316925,-0.028962
11.6910,-885,-2.316925,-0.028962
11.7010,-885,-2.316925,-0.028962
11.7110,-885,-2.316925,-0.028962
11.7210,-885,-2.316925,-0.028962
11.7310,-886,-2.319543,-0.028994
11.7410,-886,-2.319543,-0.028994
11.7510,-887,-2.322161,-0.029027
11.7610,-888,-2.324779,-0.029060
11.7710,-889,-2.327397,-0.029092
11.7810,-889,-2.327397,-0.029092
11.7910,-890,-2.330015,-0.029125
11.8010,-890,-2.330015,-0.029125
11.8110,-890,-2.330015,-0.029125
11.8210,-890,-2.330015,-0.029125
11.8310,-890,-2.330015,-0.029125
11.8410,-890,-2.330015,-0.029125
11.8510,-890,-2.330015,-0.029125
11.8610,-890,-2.330015,-0.029125
11.8710,-891,-2.332633,-0.029158
11.8810,-891,-2.332633,-0.029158
11.8910,-892,-2.335251,-0.029191
11.9010,-892,-2.335251,-0.029191
11.9110,-893,-2.337869,-0.029223
11.9210,-893,-2.337869,-0.029223
11.9310,-893,-2.337869,-0.029223
11.9410,-894,-2.340487,-0.029256
11.9510,-894,-2.340487,-0.029256
11.9610,-894,-2.340487,-0.029256
11.9710,-894,-2.340487,-0.029256
11.9810,-893,-2.337869,-0.029223
11.9910,-893,-2.337869,-0.029223
12.0010,-894,-2.340487,-0.029256
12.0110,-894,-2.340487,-0.029256
12.0210,-895,-2.343105,-0.029289
12.0310,-895,-2.343105,-0.029289
12.0410,-896,-2.345723,-0.029322
12.0510,-896,-2.345723,-0.029322
12.0610,-896,-2.345723,-0.029322
12.0710,-896,-2.345723,-0.029322
12.0810,-896,-2.345723,-0.029322
12.0910,-896,-2.345723,-0.029322
12.1010,-896,-2.345723,-0.029322
12.1110,-896,-2.345723,-0.029322
12.1210,-896,-2.345723,-0.029322
12.1310,-896,-2.345723,-0.029322
12.1410,-897,-2.348340,-0.029354
12.1510,-897,-2.348340,-0.029354
12.1610,-898,-2.350959,-0.029387
12.1710,-898,-2.350959,-0.029387
12.1810,-898,-2.350959,-0.029387
12.1910,-898,-2.350959,-0.029387
12.2010,-899,-2.353577,-0.029420
12.2110,-899,-2.353577,-0.029420
12.2210,-899,-2.353577,-0.029420
12.2310,-899,-2.353577,-0.029420
12.2410,-899,-2.353577,-0.029420
12.2520,-900,-2.356194,-0.029452
12.2610,-900,-2.356194,-0.029452
12.2710,-901,-2.358813,-0.029485
12.2810,-902,-2.361431,-0.029518
12.2910,-902,-2.361431,-0.029518
12.3010,-903,-2.364048,-0.029551
12.3110,-903,-2.364048,-0.029551
12.3210,-903,-2.364048,-0.029551
12.3310,-903,-2.364048,-0.029551
12.3410,-903,-2.364048,-0.029551
12.3510,-903,-2.364048,-0.029551
12.3610,-903,-2.364048,-0.029551
12.3710,-903,-2.364048,-0.029551
12.3810,-903,-2.364048,-0.029551
12.3910,-903,-2.364048,-0.029551
12.4010,-904,-2.366667,-0.029583
12.4110,-905,-2.369285,-0.029616
12.4210,-905,-2.369285,-0.029616
12.4310,-905,-2.369285,-0.029616
12.4410,-906,-2.371902,-0.029649
12.4510,-906,-2.371902,-0.029649
12.4610,-906,-2.371902,-0.029649
12.4710,-906,-2.371902,-0.029649
12.4810,-906,-2.371902,-0.029649
12.4910,-906,-2.371902,-0.029649
12.5010,-906,-2.371902,-0.029649
12.5110,-906,-2.371902,-0.029649
12.5210,-906,-2.371902,-0.029649
12.5310,-907,-2.374521,-0.029682
12.5410,-907,-2.374521,-0.029682
12.5510,-908,-2.377138,-0.029714
12.5610,-908,-2.377138,-0.029714
12.5710,-908,-2.377138,-0.029714
12.5810,-908,-2.377138,-0.029714
12.5910,-909,-2.379756,-0.029747
12.6010,-909,-2.379756,-0.029747
12.6110,-909,-2.379756,-0.029747
12.6210,-909,-2.379756,-0.029747
12.6310,-909,-2.379756,-0.029747
12.6410,-909,-2.379756,-0.029747
12.6510,-909,-2.379756,-0.029747
12.6610,-909,-2.379756,-0.029747
12.6710,-910,-2.382375,-0.029780
12.6810,-910,-2.382375,-0.029780
12.6910,-910,-2.382375,-0.029780
12.7010,-911,-2.384992,-0.029812
12.7110,-911,-2.384992,-0.029812
12.7210,-911,-2.384992,-0.029812
12.7310,-911,-2.384992,-0.029812
12.7410,-911,-2.384992,-0.029812
12.7510,-911,-2.384992,-0.029812
12.7610,-911,-2.384992,-0.029812
12.7710,-911,-2.384992,-0.029812
12.7810,-911,-2.384992,-0.029812
12.7910,-912,-2.387610,-0.029845
12.8010,-912,-2.387610,-0.029845
12.8110,-912,-2.387610,-0.029845
12.8210,-912,-2.387610,-0.029845
12.8310,-913,-2.390228,-0.029878
12.8410,-913,-2.390228,-0.029878
12.8510,-913,-2.390228,-0.029878
12.8610,-913,-2.390228,-0.029878
12.8710,-913,-2.390228,-0.029878
12.8810,-913,-2.390228,-0.029878
12.8920,-913,-2.390228,-0.029878
12.9010,-913,-2.390228,-0.029878
12.9110,-913,-2.390228,-0.029878
12.9210,-913,-2.390228,-0.029878
12.9310,-914,-2.392846,-0.029911
12.9410,-914,-2.392846,-0.029911
12.9510,-914,-2.392846,-0.029911
12.9610,-914,-2.392846,-0.029911
12.9710,-914,-2.392846,-0.029911
12.9810,-915,-2.395464,-0.029943
12.9910,-915,-2.395464,-0.029943
13.0010,-915,-2.395464,-0.029943
13.0110,-915,-2.395464,-0.029943
13.0210,-915,-2.395464,-0.029943
13.0310,-915,-2.395464,-0.029943
13.0410,-915,-2.395464,-0.029943
13.0510,-915,-2.395464,-0.029943
13.0610,-915,-2.395464,-0.029943
13.0710,-915,-2.395464,-0.029943
13.0810,-915,-2.395464,-0.029943
13.0910,-915,-2.395464,-0.029943
13.1010,-915,-2.395464,-0.029943
13.1110,-915,-2.395464,-0.029943
13.1210,-915,-2.395464,-0.029943
13.1310,-915,-2.395464,-0.029943
13.1410,-915,-2.395464,-0.029943
13.1510,-915,-2.395464,-0.029943
13.1610,-915,-2.395464,-0.029943
13.1710,-915,-2.395464,-0.029943
13.1810,-916,-2.398082,-0.029976
13.1910,-916,-2.398082,-0.029976
13.2010,-916,-2.398082,-0.029976
13.2110,-916,-2.398082,-0.029976
13.2210,-916,-2.398082,-0.029976
13.2310,-916,-2.398082,-0.029976
13.2410,-916,-2.398082,-0.029976
13.2510,-916,-2.398082,-0.029976
13.2610,-916,-2.398082,-0.029976
13.2710,-916,-2.398082,-0.029976
13.2810,-916,-2.398082,-0.029976
13.2910,-916,-2.398082,-0.029976
13.3010,-916,-2.398082,-0.029976
13.3110,-916,-2.398082,-0.029976
13.3210,-916,-2.398082,-0.029976
13.3310,-916,-2.398082,-0.029976
13.3410,-916,-2.398082,-0.029976
13.3510,-916,-2.398082,-0.029976
13.3610,-916,-2.398082,-0.029976
13.3710,-916,-2.398082,-0.029976
13.3810,-916,-2.398082,-0.029976
13.3910,-916,-2.398082,-0.029976
13.4010,-917,-2.400700,-0.030009
13.4110,-917,-2.400700,-0.030009
13.4210,-917,-2.400700,-0.030009
13.4310,-917,-2.400700,-0.030009
13.4410,-917,-2.400700,-0.030009
13.4510,-917,-2.400700,-0.030009
13.4610,-917,-2.400700,-0.030009
13.4710,-917,-2.400700,-0.030009
13.4810,-917,-2.400700,-0.030009
13.4910,-917,-2.400700,-0.030009
13.5010,-917,-2.400700,-0.030009
13.5110,-917,-2.400700,-0.030009
13.5210,-917,-2.400700,-0.030009
13.5320,-917,-2.400700,-0.030009
13.5410,-917,-2.400700,-0.030009
13.5510,-917,-2.400700,-0.030009
13.5610,-917,-2.400700,-0.030009
13.5710,-917,-2.400700,-0.030009
13.5810,-917,-2.400700,-0.030009
13.5910,-917,-2.400700,-0.030009
13.6010,-917,-2.400700,-0.030009
13.6110,-917,-2.400700,-0.030009
13.6210,-917,-2.400700,-0.030009
13.6310,-917,-2.400700,-0.030009
13.6410,-918,-2.403318,-0.030041
13.6510,-918,-2.403318,-0.030041
13.6610,-918,-2.403318,-0.030041
13.6710,-918,-2.403318,-0.030041
13.6810,-918,-2.403318,-0.030041
13.6910,-918,-2.403318,-0.030041
13.7010,-918,-2.403318,-0.030041
13.7110,-918,-2.403318,-0.030041
13.7210,-918,-2.403318,-0.030041
13.7310,-918,-2.403318,-0.030041
13.7410,-918,-2.403318,-0.030041
13.7510,-918,-2.403318,-0.030041
13.7610,-918,-2.403318,-0.030041
13.7710,-919,-2.405936,-0.030074
13.7810,-919,-2.405936,-0.030074
13.7910,-919,-2.405936,-0.030074
13.8010,-919,-2.405936,-0.030074
13.8110,-919,-2.405936,-0.030074
13.8210,-919,-2.405936,-0.030074
13.8310,-919,-2.405936,-0.030074
13.8410,-919,-2.405936,-0.030074
13.8510,-919,-2.405936,-0.030074
13.8610,-919,-2.405936,-0.030074
13.8710,-919,-2.405936,-0.030074
13.8810,-919,-2.405936,-0.030074
13.8910,-919,-2.405936,-0.030074
13.9010,-920,-2.408554,-0.030107
13.9110,-920,-2.408554,-0.030107
13.9210,-920,-2.408554,-0.030107
13.9310,-920,-2.408554,-0.030107
13.9410,-920,-2.408554,-0.030107
13.9510,-920,-2.408554,-0.030107
13.9610,-920,-2.408554,-0.030107
13.9710,-920,-2.408554,-0.030107
13.9810,-920,-2.408554,-0.030107
13.9910,-920,-2.408554,-0.030107
14.0010,-920,-2.408554,-0.030107
14.0110,-921,-2.411172,-0.030140
14.0210,-921,-2.411172,-0.030140
14.0310,-921,-2.411172,-0.030140
14.0410,-921,-2.411172,-0.030140
14.0510,-921,-2.411172,-0.030140
14.0610,-921,-2.411172,-0.030140
14.0710,-921,-2.411172,-0.030140
14.0810,-921,-2.411172,-0.030140
14.0910,-921,-2.411172,-0.030140
14.1010,-921,-2.411172,-0.030140
14.1110,-921,-2.411172,-0.030140
14.1210,-922,-2.413790,-0.030172
14.1310,-922,-2.413790,-0.030172
14.1410,-922,-2.413790,-0.030172
14.1510,-922,-2.413790,-0.030172
14.1610,-922,-2.413790,-0.030172
14.1720,-922,-2.413790,-0.030172
14.1810,-922,-2.413790,-0.030172
14.1910,-922,-2.413790,-0.030172
14.2010,-922,-2.413790,-0.030172
14.2110,-922,-2.413790,-0.030172
14.2210,-922,-2.413790,-0.030172
14.2310,-922,-2.413790,-0.030172
14.2410,-923,-2.416408,-0.030205
14.2510,-923,-2.416408,-0.030205
14.2610,-923,-2.416408,-0.030205
14.2710,-923,-2.416408,-0.030205
14.2810,-923,-2.416408,-0.030205
14.2910,-923,-2.416408,-0.030205
14.3010,-924,-2.419026,-0.030238
14.3110,-924,-2.419026,-0.030238
14.3210,-924,-2.419026,-0.030238
14.3310,-924,-2.419026,-0.030238
14.3410,-924,-2.419026,-0.030238
14.3510,-924,-2.419026,-0.030238
14.3610,-924,-2.419026,-0.030238
14.3710,-924,-2.419026,-0.030238
14.3810,-924,-2.419026,-0.030238
14.3910,-925,-2.421644,-0.030271
14.4010,-925,-2.421644,-0.030271
14.4110,-925,-2.421644,-0.030271
14.4210,-925,-2.421644,-0.030271
14.4310,-925,-2.421644,-0.030271
14.4410,-925,-2.421644,-0.030271
14.4510,-925,-2.421644,-0.030271
14.4610,-925,-2.421644,-0.030271
14.4710,-925,-2.421644,-0.030271
14.4810,-925,-2.421644,-0.030271
14.4910,-925,-2.421644,-0.030271
14.5010,-925,-2.421644,-0.030271
14.5110,-925,-2.421644,-0.030271
14.5210,-926,-2.424262,-0.030303
14.5310,-926,-2.424262,-0.030303
14.5410,-926,-2.424262,-0.030303
14.5510,-926,-2.424262,-0.030303
14.5610,-926,-2.424262,-0.030303
14.5710,-926,-2.424262,-0.030303
14.5810,-926,-2.424262,-0.030303
14.5910,-926,-2.424262,-0.030303
14.6010,-926,-2.424262,-0.030303
14.6110,-926,-2.424262,-0.030303
14.6210,-926,-2.424262,-0.030303
14.6310,-926,-2.424262,-0.030303
14.6410,-926,-2.424262,-0.030303
14.6510,-927,-2.426880,-0.030336
14.6610,-927,-2.426880,-0.030336
14.6710,-927,-2.426880,-0.030336
14.6810,-927,-2.426880,-0.030336
14.6910,-927,-2.426880,-0.030336
14.7010,-927,-2.426880,-0.030336
14.7110,-927,-2.426880,-0.030336
14.7210,-927,-2.426880,-0.030336
14.7310,-927,-2.426880,-0.030336
14.7410,-927,-2.426880,-0.030336
14.7510,-927,-2.426880,-0.030336
14.7610,-927,-2.426880,-0.030336
14.7710,-927,-2.426880,-0.030336
14.7810,-927,-2.426880,-0.030336
14.7910,-928,-2.429498,-0.030369
14.8010,-928,-2.429498,-0.030369
14.8120,-928,-2.429498,-0.030369
14.8210,-928,-2.429498,-0.030369
14.8310,-928,-2.429498,-0.030369
14.8410,-928,-2.429498,-0.030369
14.8510,-928,-2.429498,-0.030369
14.8610,-928,-2.429498,-0.030369
14.8710,-928,-2.429498,-0.030369
14.8810,-928,-2.429498,-0.030369
14.8910,-928,-2.429498,-0.030369
14.9010,-928,-2.429498,-0.030369
14.9110,-928,-2.429498,-0.030369
14.9210,-929,-2.432116,-0.030401
14.9310,-929,-2.432116,-0.030401
14.9410,-929,-2.432116,-0.030401
14.9510,-929,-2.432116,-0.030401
14.9610,-929,-2.432116,-0.030401
14.9710,-929,-2.432116,-0.030401
14.9810,-929,-2.432116,-0.030401
14.9910,-929,-2.432116,-0.030401
15.0010,-929,-2.432116,-0.030401
15.0110,-929,-2.432116,-0.030401
15.0210,-929,-2.432116,-0.030401
15.0310,-929,-2.432116,-0.030401
15.0410,-929,-2.432116,-0.030401
15.0510,-929,-2.432116,-0.030401
15.0610,-929,-2.432116,-0.030401
15.0710,-929,-2.432116,-0.030401
15.0810,-929,-2.432116,-0.030401
15.0910,-930,-2.434734,-0.030434
15.1010,-930,-2.434734,-0.030434
15.1110,-930,-2.434734,-0.030434
15.1210,-930,-2.434734,-0.030434
15.1310,-930,-2.434734,-0.030434
15.1410,-930,-2.434734,-0.030434
15.1510,-930,-2.434734,-0.030434
15.1610,-930,-2.434734,-0.030434
15.1710,-930,-2.434734,-0.030434
15.1810,-930,-2.434734,-0.030434
15.1910,-930,-2.434734,-0.030434
15.2010,-930,-2.434734,-0.030434
15.2110,-930,-2.434734,-0.030434
15.2210,-930,-2.434734,-0.030434
15.2310,-930,-2.434734,-0.030434
15.2410,-930,-2.434734,-0.030434
15.2510,-930,-2.434734,-0.030434
15.2610,-931,-2.437352,-0.030467
15.2710,-931,-2.437352,-0.030467
15.2810,-931,-2.437352,-0.030467
15.2910,-931,-2.437352,-0.030467
15.3010,-931,-2.437352,-0.030467
15.3110,-931,-2.437352,-0.030467
15.3210,-931,-2.437352,-0.030467
15.3310,-931,-2.437352,-0.030467
15.3410,-931,-2.437352,-0.030467
15.3510,-931,-2.437352,-0.030467
15.3610,-931,-2.437352,-0.030467
15.3710,-931,-2.437352,-0.030467
15.3810,-931,-2.437352,-0.030467
15.3910,-931,-2.437352,-0.030467
15.4010,-931,-2.437352,-0.030467
15.4110,-931,-2.437352,-0.030467
15.4210,-931,-2.437352,-0.030467
15.4310,-931,-2.437352,-0.030467
15.4410,-932,-2.439970,-0.030500
15.4520,-932,-2.439970,-0.030500
15.4610,-932,-2.439970,-0.030500
15.4710,-932,-2.439970,-0.030500
15.4810,-932,-2.439970,-0.030500
15.4910,-932,-2.439970,-0.030500
15.5010,-932,-2.439970,-0.030500
15.5110,-932,-2.439970,-0.030500
15.5210,-932,-2.439970,-0.030500
15.5310,-932,-2.439970,-0.030500
15.5410,-932,-2.439970,-0.030500
15.5510,-932,-2.439970,-0.030500
15.5610,-932,-2.439970,-0.030500
15.5710,-932,-2.439970,-0.030500
15.5810,-932,-2.439970,-0.030500
15.5910,-933,-2.442588,-0.030532
15.6010,-933,-2.442588,-0.030532
15.6110,-933,-2.442588,-0.030532
15.6210,-933,-2.442588,-0.030532
15.6310,-933,-2.442588,-0.030532
15.6410,-933,-2.442588,-0.030532
15.6510,-933,-2.442588,-0.030532
15.6610,-933,-2.442588,-0.030532
15.6710,-933,-2.442588,-0.030532
15.6810,-933,-2.442588,-0.030532
15.6910,-933,-2.442588,-0.030532
15.7010,-933,-2.442588,-0.030532
15.7110,-933,-2.442588,-0.030532
15.7210,-933,-2.442588,-0.030532
15.7310,-933,-2.442588,-0.030532
15.7410,-933,-2.442588,-0.030532
15.7510,-933,-2.442588,-0.030532
15.7610,-933,-2.442588,-0.030532
15.7710,-933,-2.442588,-0.030532
15.7810,-933,-2.442588,-0.030532
15.7910,-934,-2.445206,-0.030565
15.8010,-934,-2.445206,-0.030565
15.8110,-934,-2.445206,-0.030565
15.8210,-934,-2.445206,-0.030565
15.8310,-934,-2.445206,-0.030565
15.8410,-934,-2.445206,-0.030565
15.8510,-934,-2.445206,-0.030565
15.8610,-934,-2.445206,-0.030565
15.8710,-934,-2.445206,-0.030565
15.8810,-934,-2.445206,-0.030565
15.8910,-934,-2.445206,-0.030565
15.9010,-934,-2.445206,-0.030565
15.9110,-934,-2.445206,-0.030565
15.9210,-934,-2.445206,-0.030565
15.9310,-934,-2.445206,-0.030565
15.9410,-934,-2.445206,-0.030565
15.9510,-935,-2.447824,-0.030598
15.9610,-935,-2.447824,-0.030598
15.9710,-935,-2.447824,-0.030598
15.9810,-935,-2.447824,-0.030598
15.9910,-935,-2.447824,-0.030598
16.0010,-935,-2.447824,-0.030598
16.0110,-935,-2.447824,-0.030598
16.0210,-935,-2.447824,-0.030598
16.0310,-935,-2.447824,-0.030598
16.0410,-935,-2.447824,-0.030598
16.0510,-935,-2.447824,-0.030598
16.0610,-935,-2.447824,-0.030598
16.0710,-935,-2.447824,-0.030598
16.0810,-935,-2.447824,-0.030598
16.0920,-935,-2.447824,-0.030598
16.1010,-935,-2.447824,-0.030598
16.1110,-935,-2.447824,-0.030598
16.1210,-935,-2.447824,-0.030598
16.1310,-935,-2.447824,-0.030598
16.1410,-936,-2.450442,-0.030631
16.1510,-936,-2.450442,-0.030631
16.1610,-936,-2.450442,-0.030631
16.1710,-936,-2.450442,-0.030631
16.1810,-936,-2.450442,-0.030631
16.1910,-936,-2.450442,-0.030631
16.2010,-936,-2.450442,-0.030631
16.2110,-936,-2.450442,-0.030631
16.2210,-936,-2.450442,-0.030631
16.2310,-936,-2.450442,-0.030631
16.2410,-936,-2.450442,-0.030631
16.2510,-936,-2.450442,-0.030631
16.2610,-936,-2.450442,-0.030631
16.2710,-936,-2.450442,-0.030631
16.2810,-937,-2.453060,-0.030663
16.2910,-937,-2.453060,-0.030663
16.3010,-937,-2.453060,-0.030663
16.3110,-937,-2.453060,-0.030663
16.3210,-937,-2.453060,-0.030663
16.3310,-937,-2.453060,-0.030663
16.3410,-937,-2.453060,-0.030663
16.3510,-937,-2.453060,-0.030663
16.3610,-937,-2.453060,-0.030663
16.3710,-937,-2.453060,-0.030663
16.3810,-937,-2.453060,-0.030663
16.3910,-937,-2.453060,-0.030663
16.4010,-937,-2.453060,-0.030663
16.4110,-937,-2.453060,-0.030663
16.4210,-937,-2.453060,-0.030663
16.4310,-937,-2.453060,-0.030663
16.4410,-937,-2.453060,-0.030663
16.4510,-937,-2.453060,-0.030663
16.4610,-938,-2.455678,-0.030696
16.4710,-938,-2.455678,-0.030696
16.4810,-938,-2.455678,-0.030696
16.4910,-938,-2.455678,-0.030696
16.5010,-938,-2.455678,-0.030696
16.5110,-938,-2.455678,-0.030696
16.5210,-938,-2.455678,-0.030696
16.5310,-938,-2.455678,-0.030696
16.5410,-938,-2.455678,-0.030696
16.5510,-938,-2.455678,-0.030696
16.5610,-938,-2.455678,-0.030696
16.5710,-938,-2.455678,-0.030696
16.5810,-938,-2.455678,-0.030696
16.5910,-939,-2.458296,-0.030729
16.6010,-939,-2.458296,-0.030729
16.6110,-939,-2.458296,-0.030729
16.6210,-939,-2.458296,-0.030729
16.6310,-939,-2.458296,-0.030729
16.6410,-939,-2.458296,-0.030729
16.6510,-939,-2.458296,-0.030729
16.6610,-939,-2.458296,-0.030729
16.6710,-939,-2.458296,-0.030729
16.6810,-939,-2.458296,-0.030729
16.6910,-939,-2.458296,-0.030729
16.7010,-939,-2.458296,-0.030729
16.7110,-939,-2.458296,-0.030729
16.7210,-939,-2.458296,-0.030729
16.7320,-939,-2.458296,-0.030729
16.7410,-939,-2.458296,-0.030729
16.7510,-939,-2.458296,-0.030729
16.7610,-939,-2.458296,-0.030729
16.7710,-939,-2.458296,-0.030729
16.7810,-939,-2.458296,-0.030729
16.7910,-939,-2.458296,-0.030729
16.8010,-940,-2.460914,-0.030761
16.8110,-940,-2.460914,-0.030761
16.8210,-940,-2.460914,-0.030761
16.8310,-940,-2.460914,-0.030761
16.8410,-940,-2.460914,-0.030761
16.8510,-940,-2.460914,-0.030761
16.8610,-940,-2.460914,-0.030761
16.8710,-940,-2.460914,-0.030761
16.8810,-940,-2.460914,-0.030761
16.8910,-940,-2.460914,-0.030761
16.9010,-940,-2.460914,-0.030761
16.9110,-940,-2.460914,-0.030761
16.9210,-940,-2.460914,-0.030761
16.9310,-940,-2.460914,-0.030761
16.9410,-940,-2.460914,-0.030761
16.9510,-940,-2.460914,-0.030761
16.9610,-940,-2.460914,-0.030761
16.9710,-940,-2.460914,-0.030761
16.9810,-940,-2.460914,-0.030761
16.9910,-941,-2.463532,-0.030794
17.0010,-941,-2.463532,-0.030794
17.0110,-941,-2.463532,-0.030794
17.0210,-941,-2.463532,-0.030794
17.0310,-941,-2.463532,-0.030794
17.0410,-941,-2.463532,-0.030794
17.0510,-941,-2.463532,-0.030794
17.0610,-941,-2.463532,-0.030794
17.0710,-941,-2.463532,-0.030794
17.0810,-941,-2.463532,-0.030794
17.0910,-941,-2.463532,-0.030794
17.1010,-941,-2.463532,-0.030794
17.1110,-941,-2.463532,-0.030794
17.1210,-941,-2.463532,-0.030794
17.1310,-941,-2.463532,-0.030794
17.1410,-941,-2.463532,-0.030794
17.1510,-942,-2.466150,-0.030827
17.1610,-942,-2.466150,-0.030827
17.1710,-942,-2.466150,-0.030827
17.1810,-942,-2.466150,-0.030827
17.1910,-942,-2.466150,-0.030827
17.2010,-942,-2.466150,-0.030827
17.2110,-942,-2.466150,-0.030827
17.2210,-942,-2.466150,-0.030827
17.2310,-942,-2.466150,-0.030827
17.2410,-942,-2.466150,-0.030827
17.2510,-942,-2.466150,-0.030827
17.2610,-942,-2.466150,-0.030827
17.2710,-942,-2.466150,-0.030827
17.2810,-943,-2.468768,-0.030860
17.2910,-943,-2.468768,-0.030860
17.3010,-943,-2.468768,-0.030860
17.3110,-943,-2.468768,-0.030860
17.3210,-943,-2.468768,-0.030860
17.3310,-943,-2.468768,-0.030860
17.3410,-943,-2.468768,-0.030860
17.3510,-943,-2.468768,-0.030860
17.3610,-943,-2.468768,-0.030860
17.3720,-943,-2.468768,-0.030860
17.3810,-943,-2.468768,-0.030860
17.3910,-943,-2.468768,-0.030860
17.4010,-943,-2.468768,-0.030860
17.4110,-943,-2.468768,-0.030860
17.4210,-943,-2.468768,-0.030860
17.4310,-943,-2.468768,-0.030860
17.4410,-943,-2.468768,-0.030860
17.4510,-944,-2.471386,-0.030892
17.4610,-944,-2.471386,-0.030892
17.4710,-944,-2.471386,-0.030892
17.4810,-944,-2.471386,-0.030892
17.4910,-944,-2.471386,-0.030892
17.5010,-944,-2.471386,-0.030892
17.5110,-944,-2.471386,-0.030892
17.5210,-944,-2.471386,-0.030892
17.5310,-944,-2.471386,-0.030892
17.5410,-944,-2.471386,-0.030892
17.5510,-944,-2.471386,-0.030892
17.5610,-944,-2.471386,-0.030892
17.5710,-944,-2.471386,-0.030892
17.5810,-945,-2.474004,-0.030925
17.5910,-945,-2.474004,-0.030925
17.6010,-945,-2.474004,-0.030925
17.6110,-945,-2.474004,-0.030925
17.6210,-945,-2.474004,-0.030925
17.6310,-945,-2.474004,-0.030925
17.6410,-945,-2.474004,-0.030925
17.6510,-945,-2.474004,-0.030925
17.6610,-945,-2.474004,-0.030925
17.6710,-945,-2.474004,-0.030925
17.6810,-945,-2.474004,-0.030925
17.6910,-945,-2.474004,-0.030925
17.7010,-945,-2.474004,-0.030925
17.7110,-945,-2.474004,-0.030925
17.7210,-946,-2.476622,-0.030958
17.7310,-946,-2.476622,-0.030958
17.7410,-946,-2.476622,-0.030958
17.7510,-946,-2.476622,-0.030958
17.7610,-946,-2.476622,-0.030958
17.7710,-946,-2.476622,-0.030958
17.7810,-946,-2.476622,-0.030958
17.7910,-946,-2.476622,-0.030958
17.8010,-946,-2.476622,-0.030958
17.8110,-946,-2.476622,-0.030958
17.8210,-946,-2.476622,-0.030958
17.8310,-946,-2.476622,-0.030958
17.8410,-946,-2.476622,-0.030958
17.8510,-947,-2.479240,-0.030991
17.8610,-947,-2.479240,-0.030991
17.8710,-947,-2.479240,-0.030991
17.8810,-947,-2.479240,-0.030991
17.8910,-947,-2.479240,-0.030991
17.9010,-947,-2.479240,-0.030991
17.9110,-947,-2.479240,-0.030991
17.9210,-947,-2.479240,-0.030991
17.9310,-947,-2.479240,-0.030991
17.9410,-947,-2.479240,-0.030991
17.9510,-947,-2.479240,-0.030991
17.9610,-947,-2.479240,-0.030991
17.9710,-947,-2.479240,-0.030991
17.9810,-947,-2.479240,-0.030991
17.9910,-947,-2.479240,-0.030991
18.0010,-947,-2.479240,-0.030991
18.0120,-947,-2.479240,-0.030991
18.0210,-947,-2.479240,-0.030991
18.0310,-947,-2.479240,-0.030991
18.0410,-947,-2.479240,-0.030991
18.0510,-947,-2.479240,-0.030991
18.0610,-948,-2.481858,-0.031023
18.0710,-948,-2.481858,-0.031023
18.0810,-948,-2.481858,-0.031023
18.0910,-948,-2.481858,-0.031023
18.1010,-948,-2.481858,-0.031023
18.1110,-948,-2.481858,-0.031023
18.1210,-948,-2.481858,-0.031023
18.1310,-948,-2.481858,-0.031023
18.1410,-948,-2.481858,-0.031023
18.1510,-948,-2.481858,-0.031023
18.1610,-948,-2.481858,-0.031023
18.1710,-948,-2.481858,-0.031023
18.1810,-949,-2.484476,-0.031056
18.1910,-949,-2.484476,-0.031056
18.2010,-949,-2.484476,-0.031056
18.2110,-949,-2.484476,-0.031056
18.2210,-949,-2.484476,-0.031056
18.2310,-949,-2.484476,-0.031056
18.2410,-949,-2.484476,-0.031056
18.2510,-949,-2.484476,-0.031056
18.2610,-949,-2.484476,-0.031056
18.2710,-949,-2.484476,-0.031056
18.2810,-949,-2.484476,-0.031056
18.2910,-949,-2.484476,-0.031056
18.3010,-949,-2.484476,-0.031056
18.3110,-949,-2.484476,-0.031056
18.3210,-950,-2.487094,-0.031089
18.3310,-950,-2.487094,-0.031089
18.3410,-950,-2.487094,-0.031089
18.3510,-950,-2.487094,-0.031089
18.3610,-950,-2.487094,-0.031089
18.3710,-950,-2.487094,-0.031089
18.3810,-950,-2.487094,-0.031089
18.3910,-950,-2.487094,-0.031089
18.4010,-950,-2.487094,-0.031089
18.4110,-950,-2.487094,-0.031089
18.4210,-950,-2.487094,-0.031089
18.4310,-950,-2.487094,-0.031089
18.4410,-950,-2.487094,-0.031089
18.4510,-950,-2.487094,-0.031089
18.4610,-951,-2.489712,-0.031121
18.4710,-951,-2.489712,-0.031121
18.4810,-951,-2.489712,-0.031121
18.4910,-951,-2.489712,-0.031121
18.5010,-951,-2.489712,-0.031121
18.5110,-951,-2.489712,-0.031121
18.5210,-951,-2.489712,-0.031121
18.5310,-951,-2.489712,-0.031121
18.5410,-951,-2.489712,-0.031121
18.5510,-951,-2.489712,-0.031121
18.5610,-951,-2.489712,-0.031121
18.5710,-951,-2.489712,-0.031121
18.5810,-951,-2.489712,-0.031121
18.5910,-951,-2.489712,-0.031121
18.6010,-951,-2.489712,-0.031121
18.6110,-952,-2.492330,-0.031154
18.6210,-952,-2.492330,-0.031154
18.6310,-952,-2.492330,-0.031154
18.6410,-952,-2.492330,-0.031154
18.6520,-952,-2.492330,-0.031154
18.6610,-952,-2.492330,-0.031154
18.6710,-952,-2.492330,-0.031154
18.6810,-952,-2.492330,-0.031154
18.6910,-952,-2.492330,-0.031154
18.7010,-952,-2.492330,-0.031154
18.7110,-952,-2.492330,-0.031154
18.7210,-952,-2.492330,-0.031154
18.7310,-952,-2.492330,-0.031154
18.7410,-952,-2.492330,-0.031154
18.7510,-953,-2.494948,-0.031187
18.7610,-953,-2.494948,-0.031187
18.7710,-953,-2.494948,-0.031187
18.7810,-954,-2.497566,-0.031220
18.7910,-955,-2.500184,-0.031252
18.8010,-955,-2.500184,-0.031252
18.8110,-956,-2.502802,-0.031285
18.8210,-957,-2.505420,-0.031318
18.8310,-957,-2.505420,-0.031318
18.8410,-958,-2.508038,-0.031350
18.8510,-958,-2.508038,-0.031350
18.8610,-958,-2.508038,-0.031350
18.8710,-958,-2.508038,-0.031350
18.8810,-958,-2.508038,-0.031350
18.8910,-957,-2.505420,-0.031318
18.9010,-958,-2.508038,-0.031350
18.9110,-959,-2.510656,-0.031383
18.9210,-959,-2.510656,-0.031383
18.9310,-960,-2.513274,-0.031416
18.9410,-961,-2.515892,-0.031449
18.9510,-962,-2.518510,-0.031481
18.9610,-963,-2.521128,-0.031514
18.9710,-964,-2.523746,-0.031547
18.9810,-964,-2.523746,-0.031547
18.9910,-964,-2.523746,-0.031547
19.0010,-965,-2.526364,-0.031580
19.0110,-965,-2.526364,-0.031580
19.0210,-966,-2.528982,-0.031612
19.0310,-967,-2.531600,-0.031645
19.0410,-969,-2.536836,-0.031710
19.0510,-971,-2.542072,-0.031776
19.0610,-976,-2.555162,-0.031940
19.0710,-984,-2.576106,-0.032201
19.0810,-995,-2.604904,-0.032561
19.0910,-1010,-2.644174,-0.033052
19.1010,-1027,-2.688680,-0.033608
19.1110,-1043,-2.730568,-0.034132
19.1210,-1059,-2.772455,-0.034656
19.1310,-1076,-2.816962,-0.035212
19.1410,-1093,-2.861467,-0.035768
19.1510,-1108,-2.900737,-0.036259
19.1610,-1119,-2.929535,-0.036619
19.1710,-1126,-2.947861,-0.036848
19.1810,-1130,-2.958333,-0.036979
19.1910,-1132,-2.963569,-0.037045
19.2010,-1134,-2.968805,-0.037110
19.2110,-1134,-2.968805,-0.037110
19.2210,-1134,-2.968805,-0.037110
19.2310,-1134,-2.968805,-0.037110
19.2410,-1135,-2.971423,-0.037143
19.2510,-1138,-2.979277,-0.037241
19.2610,-1144,-2.994985,-0.037437
19.2710,-1155,-3.023783,-0.037797
19.2810,-1171,-3.065671,-0.038321
19.2920,-1187,-3.107559,-0.038844
19.3010,-1203,-3.149447,-0.039368
19.3110,-1223,-3.201807,-0.040023
19.3210,-1244,-3.256784,-0.040710
19.3310,-1261,-3.301290,-0.041266
19.3410,-1272,-3.330088,-0.041626
19.3510,-1282,-3.356268,-0.041953
19.3610,-1288,-3.371976,-0.042150
19.3710,-1290,-3.377212,-0.042215
19.3810,-1290,-3.377212,-0.042215
19.3910,-1288,-3.371976,-0.042150
19.4010,-1287,-3.369358,-0.042117
19.4110,-1286,-3.366740,-0.042084
19.4210,-1287,-3.369358,-0.042117
19.4310,-1288,-3.371976,-0.042150
19.4410,-1291,-3.379830,-0.042248
19.4510,-1294,-3.387684,-0.042346
19.4610,-1297,-3.395538,-0.042444
19.4710,-1299,-3.400774,-0.042510
19.4810,-1301,-3.406010,-0.042575
19.4910,-1301,-3.406010,-0.042575
19.5010,-1302,-3.408628,-0.042608
19.5110,-1302,-3.408628,-0.042608
19.5210,-1301,-3.406010,-0.042575
19.5310,-1302,-3.408628,-0.042608
19.5410,-1302,-3.408628,-0.042608
19.5510,-1303,-3.411246,-0.042641
19.5610,-1305,-3.416482,-0.042706
19.5710,-1306,-3.419100,-0.042739
19.5810,-1307,-3.421718,-0.042771
19.5910,-1308,-3.424336,-0.042804
19.6010,-1309,-3.426954,-0.042837
19.6110,-1310,-3.429572,-0.042870
19.6210,-1310,-3.429572,-0.042870
19.6310,-1311,-3.432190,-0.042902
19.6410,-1311,-3.432190,-0.042902
19.6510,-1312,-3.434808,-0.042935
19.6610,-1313,-3.437426,-0.042968
19.6710,-1314,-3.440044,-0.043001
19.6810,-1315,-3.442662,-0.043033
19.6910,-1316,-3.445280,-0.043066
19.7010,-1317,-3.447898,-0.043099
19.7110,-1318,-3.450516,-0.043131
19.7210,-1319,-3.453134,-0.043164
19.7310,-1320,-3.455752,-0.043197
19.7410,-1321,-3.458370,-0.043230
19.7510,-1322,-3.460988,-0.043262
19.7610,-1323,-3.463606,-0.043295
19.7710,-1323,-3.463606,-0.043295
19.7810,-1325,-3.468842,-0.043361
19.7910,-1328,-3.476696,-0.043459
19.8010,-1333,-3.489786,-0.043622
19.8110,-1337,-3.500258,-0.043753
19.8210,-1343,-3.515966,-0.043950
19.8310,-1350,-3.534292,-0.044179
19.8410,-1358,-3.555236,-0.044440
19.8510,-1365,-3.573562,-0.044670
19.8610,-1373,-3.594506,-0.044931
19.8710,-1379,-3.610214,-0.045128
19.8810,-1386,-3.628540,-0.045357
19.8910,-1391,-3.641630,-0.045520
19.9010,-1396,-3.654719,-0.045684
19.9110,-1401,-3.667809,-0.045848
19.9210,-1408,-3.686135,-0.046077
19.9320,-1413,-3.699225,-0.046240
19.9410,-1419,-3.714933,-0.046437
19.9510,-1428,-3.738496,-0.046731
19.9610,-1437,-3.762057,-0.047026
19.9710,-1445,-3.783001,-0.047288
19.9810,-1453,-3.803945,-0.047549
19.9910,-1461,-3.824889,-0.047811
20.0010,-1469,-3.845833,-0.048073
20.0110,-1480,-3.874631,-0.048433
20.0210,-1489,-3.898193,-0.048727
20.0310,-1501,-3.929609,-0.049120
20.0410,-1513,-3.961025,-0.049513
20.0510,-1526,-3.995059,-0.049938
20.0610,-1538,-4.026474,-0.050331
20.0710,-1553,-4.065745,-0.050822
20.0810,-1568,-4.105014,-0.051313
20.0910,-1583,-4.144284,-0.051804
20.1010,-1598,-4.183555,-0.052294
20.1110,-1609,-4.212352,-0.052654
20.1210,-1621,-4.243768,-0.053047
20.1310,-1631,-4.269948,-0.053374
20.1410,-1639,-4.290892,-0.053636
20.1510,-1644,-4.303982,-0.053800
20.1610,-1649,-4.317072,-0.053963
20.1710,-1654,-4.330162,-0.054127
20.1810,-1660,-4.345870,-0.054323
20.1910,-1664,-4.356342,-0.054454
20.2010,-1671,-4.374668,-0.054683
20.2110,-1678,-4.392994,-0.054912
20.2210,-1688,-4.419174,-0.055240
20.2310,-1697,-4.442736,-0.055534
20.2410,-1711,-4.479388,-0.055992
20.2510,-1728,-4.523894,-0.056549
20.2610,-1744,-4.565782,-0.057072
20.2710,-1762,-4.612905,-0.057661
20.2810,-1779,-4.657411,-0.058218
20.2910,-1802,-4.717625,-0.058970
20.3010,-1832,-4.796165,-0.059952
20.3110,-1862,-4.874704,-0.060934
20.3210,-1886,-4.937537,-0.061719
20.3310,-1916,-5.016077,-0.062701
20.3410,-1949,-5.102470,-0.063781
20.3510,-1988,-5.204572,-0.065057
20.3610,-2025,-5.301438,-0.066268
20.3710,-2071,-5.421865,-0.067773
20.3810,-2109,-5.521349,-0.069017
20.3910,-2146,-5.618215,-0.070228
20.4010,-2173,-5.688901,-0.071111
20.4110,-2200,-5.759587,-0.071995
20.4210,-2227,-5.830272,-0.072878
20.4310,-2247,-5.882632,-0.073533
20.4410,-2260,-5.916666,-0.073958
20.4510,-2269,-5.940228,-0.074253
20.4610,-2278,-5.963790,-0.074547
20.4710,-2288,-5.989970,-0.074875
20.4810,-2297,-6.013532,-0.075169
20.4910,-2305,-6.034476,-0.075431
20.5010,-2315,-6.060656,-0.075758
20.5110,-2326,-6.089454,-0.076118
20.5210,-2340,-6.126106,-0.076576
20.5310,-2351,-6.154904,-0.076936
20.5410,-2365,-6.191555,-0.077394
20.5510,-2377,-6.222971,-0.077787
20.5610,-2389,-6.254387,-0.078180
20.5720,-2400,-6.283185,-0.078540
20.5810,-2410,-6.309366,-0.078867
20.5910,-2419,-6.332928,-0.079162
20.6010,-2425,-6.348635,-0.079358
20.6110,-2428,-6.356489,-0.079456
20.6210,-2431,-6.364343,-0.079554
20.6310,-2432,-6.366961,-0.079587
20.6410,-2432,-6.366961,-0.079587
20.6510,-2433,-6.369579,-0.079620
20.6610,-2433,-6.369579,-0.079620
20.6710,-2434,-6.372198,-0.079652
20.6810,-2434,-6.372198,-0.079652
20.6910,-2435,-6.374815,-0.079685
20.7010,-2434,-6.372198,-0.079652
20.7110,-2433,-6.369579,-0.079620
20.7210,-2432,-6.366961,-0.079587
20.7310,-2431,-6.364343,-0.079554
20.7410,-2431,-6.364343,-0.079554
20.7510,-2431,-6.364343,-0.079554
20.7610,-2432,-6.366961,-0.079587
20.7710,-2431,-6.364343,-0.079554
20.7810,-2428,-6.356489,-0.079456
20.7910,-2427,-6.353871,-0.079423
20.8010,-2425,-6.348635,-0.079358
20.8110,-2424,-6.346017,-0.079325
20.8210,-2423,-6.343400,-0.079293
20.8310,-2422,-6.340782,-0.079260
20.8410,-2423,-6.343400,-0.079293
20.8510,-2424,-6.346017,-0.079325
20.8610,-2425,-6.348635,-0.079358
20.8710,-2427,-6.353871,-0.079423
20.8810,-2428,-6.356489,-0.079456
20.8910,-2430,-6.361726,-0.079522
20.9010,-2432,-6.366961,-0.079587
20.9110,-2433,-6.369579,-0.079620
20.9210,-2434,-6.372198,-0.079652
20.9310,-2434,-6.372198,-0.079652
20.9410,-2434,-6.372198,-0.079652
20.9510,-2434,-6.372198,-0.079652
20.9610,-2433,-6.369579,-0.079620
20.9710,-2432,-6.366961,-0.079587
20.9810,-2432,-6.366961,-0.079587
20.9910,-2431,-6.364343,-0.079554
21.0010,-2431,-6.364343,-0.079554
21.0110,-2430,-6.361726,-0.079522
21.0210,-2430,-6.361726,-0.079522
21.0310,-2429,-6.359107,-0.079489
21.0410,-2429,-6.359107,-0.079489
21.0510,-2429,-6.359107,-0.079489
21.0610,-2429,-6.359107,-0.079489
21.0710,-2430,-6.361726,-0.079522
21.0810,-2430,-6.361726,-0.079522
21.0910,-2431,-6.364343,-0.079554
21.1010,-2431,-6.364343,-0.079554
21.1110,-2432,-6.366961,-0.079587
21.1210,-2432,-6.366961,-0.079587
21.1310,-2433,-6.369579,-0.079620
21.1410,-2433,-6.369579,-0.079620
21.1510,-2433,-6.369579,-0.079620
21.1610,-2433,-6.369579,-0.079620
21.1710,-2433,-6.369579,-0.079620
21.1810,-2433,-6.369579,-0.079620
21.1910,-2432,-6.366961,-0.079587
21.2010,-2432,-6.366961,-0.079587
21.2120,-2432,-6.366961,-0.079587
21.2210,-2431,-6.364343,-0.079554
21.2310,-2431,-6.364343,-0.079554
21.2410,-2431,-6.364343,-0.079554
21.2510,-2431,-6.364343,-0.079554
21.2610,-2431,-6.364343,-0.079554
21.2710,-2431,-6.364343,-0.079554
21.2810,-2432,-6.366961,-0.079587
21.2910,-2432,-6.366961,-0.079587
21.3010,-2432,-6.366961,-0.079587
21.3110,-2433,-6.369579,-0.079620
21.3210,-2433,-6.369579,-0.079620
21.3310,-2433,-6.369579,-0.079620
21.3410,-2434,-6.372198,-0.079652
21.3510,-2434,-6.372198,-0.079652
21.3610,-2434,-6.372198,-0.079652
21.3710,-2434,-6.372198,-0.079652
21.3810,-2433,-6.369579,-0.079620
21.3910,-2433,-6.369579,-0.079620
21.4010,-2433,-6.369579,-0.079620
21.4110,-2433,-6.369579,-0.079620
21.4210,-2432,-6.366961,-0.079587
21.4310,-2432,-6.366961,-0.079587
21.4410,-2432,-6.366961,-0.079587
21.4510,-2432,-6.366961,-0.079587
21.4610,-2432,-6.366961,-0.079587
21.4710,-2432,-6.366961,-0.079587
21.4810,-2432,-6.366961,-0.079587
21.4910,-2433,-6.369579,-0.079620
21.5010,-2433,-6.369579,-0.079620
21.5110,-2433,-6.369579,-0.079620
21.5210,-2433,-6.369579,-0.079620
21.5310,-2433,-6.369579,-0.079620
21.5410,-2433,-6.369579,-0.079620
21.5510,-2434,-6.372198,-0.079652
21.5610,-2434,-6.372198,-0.079652
21.5710,-2434,-6.372198,-0.079652
21.5810,-2434,-6.372198,-0.079652
21.5910,-2434,-6.372198,-0.079652
21.6010,-2434,-6.372198,-0.079652
21.6110,-2433,-6.369579,-0.079620
21.6210,-2433,-6.369579,-0.079620
21.6310,-2433,-6.369579,-0.079620
21.6410,-2433,-6.369579,-0.079620
21.6510,-2433,-6.369579,-0.079620
21.6610,-2433,-6.369579,-0.079620
21.6710,-2433,-6.369579,-0.079620
21.6810,-2433,-6.369579,-0.079620
21.6910,-2433,-6.369579,-0.079620
21.7010,-2433,-6.369579,-0.079620
21.7110,-2434,-6.372198,-0.079652
21.7210,-2434,-6.372198,-0.079652
21.7310,-2434,-6.372198,-0.079652
21.7410,-2434,-6.372198,-0.079652
21.7510,-2434,-6.372198,-0.079652
21.7610,-2434,-6.372198,-0.079652
21.7710,-2434,-6.372198,-0.079652
21.7810,-2434,-6.372198,-0.079652
21.7910,-2434,-6.372198,-0.079652
21.8010,-2434,-6.372198,-0.079652
21.8110,-2434,-6.372198,-0.079652
21.8210,-2434,-6.372198,-0.079652
21.8310,-2434,-6.372198,-0.079652
21.8410,-2434,-6.372198,-0.079652
21.8520,-2434,-6.372198,-0.079652
21.8610,-2434,-6.372198,-0.079652
21.8710,-2434,-6.372198,-0.079652
21.8810,-2434,-6.372198,-0.079652
21.8910,-2434,-6.372198,-0.079652
21.9010,-2435,-6.374815,-0.079685
21.9110,-2435,-6.374815,-0.079685
21.9210,-2435,-6.374815,-0.079685
21.9310,-2435,-6.374815,-0.079685
21.9410,-2435,-6.374815,-0.079685
21.9510,-2435,-6.374815,-0.079685
21.9610,-2435,-6.374815,-0.079685
21.9710,-2434,-6.372198,-0.079652
21.9810,-2434,-6.372198,-0.079652
21.9910,-2434,-6.372198,-0.079652
22.0010,-2434,-6.372198,-0.079652
22.0110,-2434,-6.372198,-0.079652
22.0210,-2434,-6.372198,-0.079652
22.0310,-2434,-6.372198,-0.079652
22.0410,-2434,-6.372198,-0.079652
22.0510,-2435,-6.374815,-0.079685
22.0610,-2435,-6.374815,-0.079685
22.0710,-2435,-6.374815,-0.079685
22.0810,-2435,-6.374815,-0.079685
22.0910,-2435,-6.374815,-0.079685
22.1010,-2435,-6.374815,-0.079685
22.1110,-2435,-6.374815,-0.079685
22.1210,-2435,-6.374815,-0.079685
22.1310,-2435,-6.374815,-0.079685
22.1410,-2435,-6.374815,-0.079685
22.1510,-2435,-6.374815,-0.079685
22.1610,-2435,-6.374815,-0.079685
22.1710,-2435,-6.374815,-0.079685
22.1810,-2435,-6.374815,-0.079685
22.1910,-2435,-6.374815,-0.079685
22.2010,-2435,-6.374815,-0.079685
22.2110,-2435,-6.374815,-0.079685
22.2210,-2435,-6.374815,-0.079685
22.2310,-2435,-6.374815,-0.079685
22.2410,-2435,-6.374815,-0.079685
22.2510,-2435,-6.374815,-0.079685
22.2610,-2435,-6.374815,-0.079685
22.2710,-2435,-6.374815,-0.079685
22.2810,-2435,-6.374815,-0.079685
22.2910,-2436,-6.377433,-0.079718
22.3010,-2436,-6.377433,-0.079718
22.3110,-2436,-6.377433,-0.079718
22.3210,-2436,-6.377433,-0.079718
22.3310,-2436,-6.377433,-0.079718
22.3410,-2436,-6.377433,-0.079718
22.3510,-2436,-6.377433,-0.079718
22.3610,-2436,-6.377433,-0.079718
22.3710,-2435,-6.374815,-0.079685
22.3810,-2435,-6.374815,-0.079685
22.3910,-2435,-6.374815,-0.079685
22.4010,-2435,-6.374815,-0.079685
22.4110,-2435,-6.374815,-0.079685
22.4210,-2435,-6.374815,-0.079685
22.4310,-2435,-6.374815,-0.079685
22.4410,-2436,-6.377433,-0.079718
22.4510,-2436,-6.377433,-0.079718
22.4610,-2436,-6.377433,-0.079718
22.4710,-2436,-6.377433,-0.079718
22.4810,-2436,-6.377433,-0.079718
22.4920,-2436,-6.377433,-0.079718
22.5010,-2436,-6.377433,-0.079718
22.5110,-2436,-6.377433,-0.079718
22.5210,-2436,-6.377433,-0.079718
22.5310,-2436,-6.377433,-0.079718
22.5410,-2436,-6.377433,-0.079718
22.5510,-2436,-6.377433,-0.079718
22.5610,-2436,-6.377433,-0.079718
22.5710,-2436,-6.377433,-0.079718
22.5810,-2436,-6.377433,-0.079718
22.5910,-2436,-6.377433,-0.079718
22.6010,-2436,-6.377433,-0.079718
22.6110,-2436,-6.377433,-0.079718
22.6210,-2436,-6.377433,-0.079718
22.6310,-2436,-6.377433,-0.079718
22.6410,-2436,-6.377433,-0.079718
22.6510,-2436,-6.377433,-0.079718
22.6610,-2436,-6.377433,-0.079718
22.6710,-2436,-6.377433,-0.079718
22.6810,-2436,-6.377433,-0.079718
22.6910,-2436,-6.377433,-0.079718
22.7010,-2436,-6.377433,-0.079718
22.7110,-2436,-6.377433,-0.079718
22.7210,-2436,-6.377433,-0.079718
22.7310,-2436,-6.377433,-0.079718
22.7410,-2436,-6.377433,-0.079718
22.7510,-2436,-6.377433,-0.079718
22.7610,-2436,-6.377433,-0.079718
22.7710,-2436,-6.377433,-0.079718
22.7810,-2436,-6.377433,-0.079718
22.7910,-2436,-6.377433,-0.079718
22.8010,-2436,-6.377433,-0.079718
22.8110,-2436,-6.377433,-0.079718
22.8210,-2437,-6.380051,-0.079751
22.8310,-2437,-6.380051,-0.079751
22.8410,-2437,-6.380051,-0.079751
22.8510,-2437,-6.380051,-0.079751
22.8610,-2437,-6.380051,-0.079751
22.8710,-2437,-6.380051,-0.079751
22.8810,-2437,-6.380051,-0.079751
22.8910,-2437,-6.380051,-0.079751
22.9010,-2437,-6.380051,-0.079751
22.9110,-2437,-6.380051,-0.079751
22.9210,-2437,-6.380051,-0.079751
22.9310,-2437,-6.380051,-0.079751
22.9410,-2437,-6.380051,-0.079751
22.9510,-2437,-6.380051,-0.079751
22.9610,-2437,-6.380051,-0.079751
22.9710,-2437,-6.380051,-0.079751
22.9810,-2437,-6.380051,-0.079751
22.9910,-2437,-6.380051,-0.079751
23.0010,-2437,-6.380051,-0.079751
23.0110,-2437,-6.380051,-0.079751
23.0210,-2437,-6.380051,-0.079751
23.0310,-2437,-6.380051,-0.079751
23.0410,-2437,-6.380051,-0.079751
23.0510,-2437,-6.380051,-0.079751
23.0610,-2437,-6.380051,-0.079751
23.0710,-2437,-6.380051,-0.079751
23.0810,-2437,-6.380051,-0.079751
23.0910,-2437,-6.380051,-0.079751
23.1010,-2437,-6.380051,-0.079751
23.1110,-2437,-6.380051,-0.079751
23.1210,-2437,-6.380051,-0.079751
23.1320,-2437,-6.380051,-0.079751
23.1410,-2437,-6.380051,-0.079751
23.1510,-2437,-6.380051,-0.079751
23.1610,-2438,-6.382669,-0.079783
23.1710,-2438,-6.382669,-0.079783
23.1810,-2438,-6.382669,-0.079783
23.1910,-2439,-6.385287,-0.079816
23.2010,-2439,-6.385287,-0.079816
23.2110,-2440,-6.387905,-0.079849
23.2210,-2440,-6.387905,-0.079849
23.2310,-2441,-6.390523,-0.079882
23.2410,-2441,-6.390523,-0.079882
23.2510,-2441,-6.390523,-0.079882
23.2610,-2441,-6.390523,-0.079882
23.2710,-2441,-6.390523,-0.079882
23.2810,-2440,-6.387905,-0.079849
23.2910,-2440,-6.387905,-0.079849
23.3010,-2440,-6.387905,-0.079849
23.3110,-2440,-6.387905,-0.079849
23.3210,-2439,-6.385287,-0.079816
23.3310,-2439,-6.385287,-0.079816
23.3410,-2439,-6.385287,-0.079816
23.3510,-2440,-6.387905,-0.079849
23.3610,-2440,-6.387905,-0.079849
23.3710,-2440,-6.387905,-0.079849
23.3810,-2440,-6.387905,-0.079849
23.3910,-2439,-6.385287,-0.079816
23.4010,-2439,-6.385287,-0.079816
23.4110,-2439,-6.385287,-0.079816
23.4210,-2439,-6.385287,-0.079816
23.4310,-2439,-6.385287,-0.079816
23.4410,-2439,-6.385287,-0.079816
23.4510,-2439,-6.385287,-0.079816
23.4610,-2440,-6.387905,-0.079849
23.4710,-2440,-6.387905,-0.079849
23.4810,-2441,-6.390523,-0.079882
23.4910,-2442,-6.393141,-0.079914
23.5010,-2444,-6.398377,-0.079980
23.5110,-2446,-6.403614,-0.080045
23.5210,-2448,-6.408849,-0.080111
23.5310,-2450,-6.414085,-0.080176
23.5410,-2452,-6.419321,-0.080242
23.5510,-2453,-6.421939,-0.080274
23.5610,-2454,-6.424557,-0.080307
23.5710,-2455,-6.427175,-0.080340
23.5810,-2455,-6.427175,-0.080340
23.5910,-2456,-6.429793,-0.080372
23.6010,-2456,-6.429793,-0.080372
23.6110,-2457,-6.432411,-0.080405
23.6210,-2457,-6.432411,-0.080405
23.6310,-2457,-6.432411,-0.080405
23.6410,-2456,-6.429793,-0.080372
23.6510,-2456,-6.429793,-0.080372
23.6610,-2456,-6.429793,-0.080372
23.6710,-2456,-6.429793,-0.080372
23.6810,-2456,-6.429793,-0.080372
23.6910,-2456,-6.429793,-0.080372
23.7010,-2456,-6.429793,-0.080372
23.7110,-2457,-6.432411,-0.080405
23.7210,-2457,-6.432411,-0.080405
23.7310,-2457,-6.432411,-0.080405
23.7410,-2457,-6.432411,-0.080405
23.7510,-2456,-6.429793,-0.080372
23.7610,-2456,-6.429793,-0.080372
23.7720,-2455,-6.427175,-0.080340
23.7810,-2455,-6.427175,-0.080340
23.7910,-2455,-6.427175,-0.080340
23.8010,-2455,-6.427175,-0.080340
23.8110,-2455,-6.427175,-0.080340
23.8210,-2455,-6.427175,-0.080340
23.8310,-2456,-6.429793,-0.080372
23.8410,-2456,-6.429793,-0.080372
23.8510,-2456,-6.429793,-0.080372
23.8610,-2457,-6.432411,-0.080405
23.8710,-2457,-6.432411,-0.080405
23.8810,-2457,-6.432411,-0.080405
23.8910,-2457,-6.432411,-0.080405
23.9010,-2457,-6.432411,-0.080405
23.9110,-2457,-6.432411,-0.080405
23.9210,-2457,-6.432411,-0.080405
23.9310,-2457,-6.432411,-0.080405
23.9410,-2457,-6.432411,-0.080405
23.9510,-2457,-6.432411,-0.080405
23.9610,-2457,-6.432411,-0.080405
23.9710,-2457,-6.432411,-0.080405
23.9810,-2457,-6.432411,-0.080405
23.9910,-2458,-6.435029,-0.080438
24.0010,-2458,-6.435029,-0.080438
24.0110,-2458,-6.435029,-0.080438
24.0210,-2458,-6.435029,-0.080438
24.0310,-2456,-6.429793,-0.080372
24.0410,-2460,-6.440265,-0.080503
24.0510,-2461,-6.442883,-0.080536
24.0610,-2462,-6.445501,-0.080569
24.0710,-2462,-6.445501,-0.080569
24.0810,-2461,-6.442883,-0.080536
24.0910,-2459,-6.437647,-0.080471
24.1010,-2467,-6.458591,-0.080732
24.1110,-2478,-6.487389,-0.081092
24.1210,-2485,-6.505715,-0.081321
24.1310,-2486,-6.508333,-0.081354
24.1410,-2489,-6.516187,-0.081452
24.1510,-2491,-6.521423,-0.081518
24.1610,-2490,-6.518805,-0.081485
24.1710,-2485,-6.505715,-0.081321
24.1810,-2481,-6.495244,-0.081191
24.1910,-2477,-6.484771,-0.081060
24.2010,-2472,-6.471681,-0.080896
24.2110,-2467,-6.458591,-0.080732
24.2210,-2462,-6.445501,-0.080569
24.2310,-2460,-6.440265,-0.080503
24.2410,-2459,-6.437647,-0.080471
24.2510,-2462,-6.445501,-0.080569
24.2610,-2465,-6.453355,-0.080667
24.2710,-2471,-6.469063,-0.080863
24.2810,-2475,-6.479535,-0.080994
24.2910,-2480,-6.492625,-0.081158
24.3010,-2481,-6.495244,-0.081191
24.3110,-2479,-6.490007,-0.081125
24.3210,-2475,-6.479535,-0.080994
24.3310,-2471,-6.469063,-0.080863
24.3410,-2467,-6.458591,-0.080732
24.3510,-2465,-6.453355,-0.080667
24.3610,-2463,-6.448119,-0.080601
24.3710,-2464,-6.450737,-0.080634
24.3810,-2466,-6.455973,-0.080700
24.3910,-2470,-6.466445,-0.080831
24.4010,-2473,-6.474298,-0.080929
24.4120,-2476,-6.482153,-0.081027
24.4210,-2477,-6.484771,-0.081060
24.4310,-2476,-6.482153,-0.081027
24.4410,-2474,-6.476917,-0.080961
24.4510,-2471,-6.469063,-0.080863
24.4610,-2469,-6.463827,-0.080798
24.4710,-2467,-6.458591,-0.080732
24.4810,-2467,-6.458591,-0.080732
24.4910,-2467,-6.458591,-0.080732
24.5010,-2468,-6.461209,-0.080765
24.5110,-2470,-6.466445,-0.080831
24.5210,-2473,-6.474298,-0.080929
24.5310,-2474,-6.476917,-0.080961
24.5410,-2475,-6.479535,-0.080994
24.5510,-2477,-6.484771,-0.081060
24.5610,-2475,-6.479535,-0.080994
24.5710,-2473,-6.474298,-0.080929
24.5810,-2472,-6.471681,-0.080896
24.5910,-2470,-6.466445,-0.080831
24.6010,-2469,-6.463827,-0.080798
24.6110,-2469,-6.463827,-0.080798
24.6210,-2470,-6.466445,-0.080831
24.6310,-2471,-6.469063,-0.080863
24.6410,-2473,-6.474298,-0.080929
24.6510,-2475,-6.479535,-0.080994
24.6610,-2476,-6.482153,-0.081027
24.6710,-2477,-6.484771,-0.081060
24.6810,-2476,-6.482153,-0.081027
24.6910,-2475,-6.479535,-0.080994
24.7010,-2473,-6.474298,-0.080929
24.7110,-2473,-6.474298,-0.080929
24.7210,-2475,-6.479535,-0.080994
24.7310,-2476,-6.482153,-0.081027
24.7410,-2476,-6.482153,-0.081027
24.7510,-2475,-6.479535,-0.080994
24.7610,-2473,-6.474298,-0.080929
24.7710,-2472,-6.471681,-0.080896
24.7810,-2471,-6.469063,-0.080863
24.7910,-2470,-6.466445,-0.080831
24.8010,-2470,-6.466445,-0.080831
24.8110,-2470,-6.466445,-0.080831
24.8210,-2471,-6.469063,-0.080863
24.8310,-2472,-6.471681,-0.080896
24.8410,-2473,-6.474298,-0.080929
24.8510,-2473,-6.474298,-0.080929
24.8610,-2473,-6.474298,-0.080929
24.8710,-2473,-6.474298,-0.080929
24.8810,-2473,-6.474298,-0.080929
24.8910,-2472,-6.471681,-0.080896
24.9010,-2471,-6.469063,-0.080863
24.9110,-2471,-6.469063,-0.080863
24.9210,-2471,-6.469063,-0.080863
24.9310,-2471,-6.469063,-0.080863
24.9410,-2472,-6.471681,-0.080896
24.9510,-2473,-6.474298,-0.080929
24.9610,-2473,-6.474298,-0.080929
24.9710,-2473,-6.474298,-0.080929
24.9810,-2473,-6.474298,-0.080929
24.9910,-2473,-6.474298,-0.080929
25.0010,-2473,-6.474298,-0.080929
25.0110,-2472,-6.471681,-0.080896
25.0210,-2472,-6.471681,-0.080896
25.0310,-2472,-6.471681,-0.080896
25.0410,-2472,-6.471681,-0.080896
25.0520,-2473,-6.474298,-0.080929
25.0610,-2473,-6.474298,-0.080929
25.0710,-2473,-6.474298,-0.080929
25.0810,-2473,-6.474298,-0.080929
25.0910,-2474,-6.476917,-0.080961
25.1010,-2474,-6.476917,-0.080961
25.1110,-2474,-6.476917,-0.080961
25.1210,-2473,-6.474298,-0.080929
25.1310,-2473,-6.474298,-0.080929
25.1410,-2473,-6.474298,-0.080929
25.1510,-2473,-6.474298,-0.080929
25.1610,-2473,-6.474298,-0.080929
25.1710,-2473,-6.474298,-0.080929
25.1810,-2473,-6.474298,-0.080929
25.1910,-2474,-6.476917,-0.080961
25.2010,-2474,-6.476917,-0.080961
25.2110,-2474,-6.476917,-0.080961
25.2210,-2474,-6.476917,-0.080961
25.2310,-2474,-6.476917,-0.080961
25.2410,-2474,-6.476917,-0.080961
25.2510,-2474,-6.476917,-0.080961
25.2610,-2474,-6.476917,-0.080961
25.2710,-2474,-6.476917,-0.080961
25.2810,-2474,-6.476917,-0.080961
25.2910,-2474,-6.476917,-0.080961
25.3010,-2474,-6.476917,-0.080961
25.3110,-2474,-6.476917,-0.080961
25.3210,-2474,-6.476917,-0.080961
25.3310,-2474,-6.476917,-0.080961
25.3410,-2474,-6.476917,-0.080961
25.3510,-2473,-6.474298,-0.080929
25.3610,-2473,-6.474298,-0.080929
25.3710,-2473,-6.474298,-0.080929
25.3810,-2473,-6.474298,-0.080929
25.3910,-2473,-6.474298,-0.080929
25.4010,-2473,-6.474298,-0.080929
25.4110,-2473,-6.474298,-0.080929
25.4210,-2473,-6.474298,-0.080929
25.4310,-2473,-6.474298,-0.080929
25.4410,-2473,-6.474298,-0.080929
25.4510,-2473,-6.474298,-0.080929
25.4610,-2473,-6.474298,-0.080929
25.4710,-2473,-6.474298,-0.080929
25.4810,-2473,-6.474298,-0.080929
25.4910,-2473,-6.474298,-0.080929
25.5010,-2473,-6.474298,-0.080929
25.5110,-2473,-6.474298,-0.080929
25.5210,-2473,-6.474298,-0.080929
25.5310,-2473,-6.474298,-0.080929
25.5410,-2474,-6.476917,-0.080961
25.5510,-2474,-6.476917,-0.080961
25.5610,-2474,-6.476917,-0.080961
25.5710,-2474,-6.476917,-0.080961
25.5810,-2474,-6.476917,-0.080961
25.5910,-2474,-6.476917,-0.080961
25.6010,-2474,-6.476917,-0.080961
25.6110,-2474,-6.476917,-0.080961
25.6210,-2474,-6.476917,-0.080961
25.6310,-2474,-6.476917,-0.080961
25.6410,-2474,-6.476917,-0.080961
25.6510,-2474,-6.476917,-0.080961
25.6610,-2474,-6.476917,-0.080961
25.6710,-2474,-6.476917,-0.080961
25.6810,-2474,-6.476917,-0.080961
25.6920,-2474,-6.476917,-0.080961
25.7010,-2474,-6.476917,-0.080961
25.7110,-2474,-6.476917,-0.080961
25.7210,-2474,-6.476917,-0.080961
25.7310,-2474,-6.476917,-0.080961
25.7410,-2474,-6.476917,-0.080961
25.7510,-2474,-6.476917,-0.080961
25.7610,-2474,-6.476917,-0.080961
25.7710,-2474,-6.476917,-0.080961
25.7810,-2474,-6.476917,-0.080961
25.7910,-2474,-6.476917,-0.080961
25.8010,-2474,-6.476917,-0.080961
25.8110,-2474,-6.476917,-0.080961
25.8210,-2474,-6.476917,-0.080961
25.8310,-2474,-6.476917,-0.080961
25.8410,-2474,-6.476917,-0.080961
25.8510,-2474,-6.476917,-0.080961
25.8610,-2474,-6.476917,-0.080961
25.8710,-2474,-6.476917,-0.080961
25.8810,-2474,-6.476917,-0.080961
25.8910,-2474,-6.476917,-0.080961
25.9010,-2474,-6.476917,-0.080961
25.9110,-2474,-6.476917,-0.080961
25.9210,-2474,-6.476917,-0.080961
25.9310,-2474,-6.476917,-0.080961
25.9410,-2474,-6.476917,-0.080961
25.9510,-2474,-6.476917,-0.080961
25.9610,-2474,-6.476917,-0.080961
25.9710,-2474,-6.476917,-0.080961
25.9810,-2474,-6.476917,-0.080961
25.9910,-2474,-6.476917,-0.080961
26.0010,-2474,-6.476917,-0.080961
26.0110,-2474,-6.476917,-0.080961
26.0210,-2474,-6.476917,-0.080961
26.0310,-2474,-6.476917,-0.080961
26.0410,-2474,-6.476917,-0.080961
26.0510,-2474,-6.476917,-0.080961
26.0610,-2474,-6.476917,-0.080961
26.0710,-2474,-6.476917,-0.080961
26.0810,-2475,-6.479535,-0.080994
26.0910,-2475,-6.479535,-0.080994
26.1010,-2475,-6.479535,-0.080994
26.1110,-2475,-6.479535,-0.080994
26.1210,-2475,-6.479535,-0.080994
26.1310,-2475,-6.479535,-0.080994
26.1410,-2475,-6.479535,-0.080994
26.1510,-2475,-6.479535,-0.080994
26.1610,-2475,-6.479535,-0.080994
26.1710,-2475,-6.479535,-0.080994
26.1810,-2475,-6.479535,-0.080994
26.1910,-2475,-6.479535,-0.080994
26.2010,-2475,-6.479535,-0.080994
26.2110,-2475,-6.479535,-0.080994
26.2210,-2475,-6.479535,-0.080994
26.2310,-2475,-6.479535,-0.080994
26.2410,-2475,-6.479535,-0.080994
26.2510,-2475,-6.479535,-0.080994
26.2610,-2475,-6.479535,-0.080994
26.2710,-2475,-6.479535,-0.080994
26.2810,-2475,-6.479535,-0.080994
26.2910,-2475,-6.479535,-0.080994
26.3010,-2475,-6.479535,-0.080994
26.3110,-2475,-6.479535,-0.080994
26.3210,-2475,-6.479535,-0.080994
26.3320,-2475,-6.479535,-0.080994
26.3410,-2475,-6.479535,-0.080994
26.3510,-2475,-6.479535,-0.080994
26.3610,-2475,-6.479535,-0.080994
26.3710,-2475,-6.479535,-0.080994
26.3810,-2475,-6.479535,-0.080994
26.3910,-2475,-6.479535,-0.080994
26.4010,-2475,-6.479535,-0.080994
26.4110,-2475,-6.479535,-0.080994
26.4210,-2475,-6.479535,-0.080994
26.4310,-2475,-6.479535,-0.080994
26.4410,-2475,-6.479535,-0.080994
26.4510,-2475,-6.479535,-0.080994
26.4610,-2475,-6.479535,-0.080994
26.4710,-2475,-6.479535,-0.080994
26.4810,-2475,-6.479535,-0.080994
26.4910,-2475,-6.479535,-0.080994
26.5010,-2475,-6.479535,-0.080994
26.5110,-2475,-6.479535,-0.080994
26.5210,-2475,-6.479535,-0.080994
26.5310,-2475,-6.479535,-0.080994
26.5410,-2475,-6.479535,-0.080994
26.5510,-2475,-6.479535,-0.080994
26.5610,-2476,-6.482153,-0.081027
26.5710,-2476,-6.482153,-0.081027
26.5810,-2476,-6.482153,-0.081027
26.5910,-2476,-6.482153,-0.081027
26.6010,-2476,-6.482153,-0.081027
26.6110,-2476,-6.482153,-0.081027
26.6210,-2476,-6.482153,-0.081027
26.6310,-2476,-6.482153,-0.081027
26.6410,-2476,-6.482153,-0.081027
26.6510,-2476,-6.482153,-0.081027
26.6610,-2476,-6.482153,-0.081027
26.6710,-2476,-6.482153,-0.081027
26.6810,-2476,-6.482153,-0.081027
26.6910,-2476,-6.482153,-0.081027
26.7010,-2476,-6.482153,-0.081027
26.7110,-2476,-6.482153,-0.081027
26.7210,-2476,-6.482153,-0.081027
26.7310,-2476,-6.482153,-0.081027
26.7410,-2476,-6.482153,-0.081027
26.7510,-2476,-6.482153,-0.081027
26.7610,-2477,-6.484771,-0.081060
26.7710,-2477,-6.484771,-0.081060
26.7810,-2477,-6.484771,-0.081060
26.7910,-2477,-6.484771,-0.081060
26.8010,-2477,-6.484771,-0.081060
26.8110,-2477,-6.484771,-0.081060
26.8210,-2477,-6.484771,-0.081060
26.8310,-2477,-6.484771,-0.081060
26.8410,-2477,-6.484771,-0.081060
26.8510,-2477,-6.484771,-0.081060
26.8610,-2477,-6.484771,-0.081060
26.8710,-2477,-6.484771,-0.081060
26.8810,-2477,-6.484771,-0.081060
26.8910,-2477,-6.484771,-0.081060
26.9010,-2477,-6.484771,-0.081060
26.9110,-2477,-6.484771,-0.081060
26.9210,-2477,-6.484771,-0.081060
26.9310,-2477,-6.484771,-0.081060
26.9410,-2477,-6.484771,-0.081060
26.9510,-2477,-6.484771,-0.081060
26.9610,-2477,-6.484771,-0.081060
26.9720,-2478,-6.487389,-0.081092
26.9810,-2478,-6.487389,-0.081092
26.9910,-2478,-6.487389,-0.081092
27.0010,-2478,-6.487389,-0.081092
27.0110,-2478,-6.487389,-0.081092
27.0210,-2478,-6.487389,-0.081092
27.0310,-2478,-6.487389,-0.081092
27.0410,-2478,-6.487389,-0.081092
27.0510,-2478,-6.487389,-0.081092
27.0610,-2478,-6.487389,-0.081092
27.0710,-2478,-6.487389,-0.081092
27.0810,-2478,-6.487389,-0.081092
27.0910,-2478,-6.487389,-0.081092
27.1010,-2478,-6.487389,-0.081092
27.1110,-2478,-6.487389,-0.081092
27.1210,-2478,-6.487389,-0.081092
27.1310,-2478,-6.487389,-0.081092
27.1410,-2478,-6.487389,-0.081092
27.1510,-2478,-6.487389,-0.081092
27.1610,-2478,-6.487389,-0.081092
27.1710,-2478,-6.487389,-0.081092
27.1810,-2478,-6.487389,-0.081092
27.1910,-2478,-6.487389,-0.081092
27.2010,-2478,-6.487389,-0.081092
27.2110,-2479,-6.490007,-0.081125
27.2210,-2479,-6.490007,-0.081125
27.2310,-2479,-6.490007,-0.081125
27.2410,-2479,-6.490007,-0.081125
27.2510,-2479,-6.490007,-0.081125
27.2610,-2479,-6.490007,-0.081125
27.2710,-2479,-6.490007,-0.081125
27.2810,-2479,-6.490007,-0.081125
27.2910,-2479,-6.490007,-0.081125
27.3010,-2479,-6.490007,-0.081125
27.3110,-2479,-6.490007,-0.081125
27.3210,-2479,-6.490007,-0.081125
27.3310,-2479,-6.490007,-0.081125
27.3410,-2479,-6.490007,-0.081125
27.3510,-2479,-6.490007,-0.081125
27.3610,-2479,-6.490007,-0.081125
27.3710,-2479,-6.490007,-0.081125
27.3810,-2479,-6.490007,-0.081125
27.3910,-2479,-6.490007,-0.081125
27.4010,-2479,-6.490007,-0.081125
27.4110,-2479,-6.490007,-0.081125
27.4210,-2479,-6.490007,-0.081125
27.4310,-2479,-6.490007,-0.081125
27.4410,-2479,-6.490007,-0.081125
27.4510,-2479,-6.490007,-0.081125
27.4610,-2479,-6.490007,-0.081125
27.4710,-2479,-6.490007,-0.081125
27.4810,-2479,-6.490007,-0.081125
27.4910,-2479,-6.490007,-0.081125
27.5010,-2479,-6.490007,-0.081125
27.5110,-2479,-6.490007,-0.081125
27.5210,-2479,-6.490007,-0.081125
27.5310,-2479,-6.490007,-0.081125
27.5410,-2479,-6.490007,-0.081125
27.5510,-2479,-6.490007,-0.081125
27.5610,-2480,-6.492625,-0.081158
27.5710,-2480,-6.492625,-0.081158
27.5810,-2480,-6.492625,-0.081158
27.5910,-2480,-6.492625,-0.081158
27.6010,-2480,-6.492625,-0.081158
27.6120,-2480,-6.492625,-0.081158
27.6210,-2480,-6.492625,-0.081158
27.6310,-2480,-6.492625,-0.081158
27.6410,-2480,-6.492625,-0.081158
27.6510,-2480,-6.492625,-0.081158
27.6610,-2480,-6.492625,-0.081158
27.6710,-2480,-6.492625,-0.081158
27.6810,-2480,-6.492625,-0.081158
27.6910,-2480,-6.492625,-0.081158
27.7010,-2480,-6.492625,-0.081158
27.7110,-2480,-6.492625,-0.081158
27.7210,-2480,-6.492625,-0.081158
27.7310,-2480,-6.492625,-0.081158
27.7410,-2480,-6.492625,-0.081158
27.7510,-2480,-6.492625,-0.081158
27.7610,-2480,-6.492625,-0.081158
27.7710,-2480,-6.492625,-0.081158
27.7810,-2480,-6.492625,-0.081158
27.7910,-2480,-6.492625,-0.081158
27.8010,-2480,-6.492625,-0.081158
27.8110,-2480,-6.492625,-0.081158
27.8210,-2480,-6.492625,-0.081158
27.8310,-2480,-6.492625,-0.081158
27.8410,-2480,-6.492625,-0.081158
27.8510,-2480,-6.492625,-0.081158
27.8610,-2480,-6.492625,-0.081158
27.8710,-2480,-6.492625,-0.081158
27.8810,-2480,-6.492625,-0.081158
27.8910,-2481,-6.495244,-0.081191
27.9010,-2481,-6.495244,-0.081191
27.9110,-2481,-6.495244,-0.081191
27.9210,-2481,-6.495244,-0.081191
27.9310,-2481,-6.495244,-0.081191
27.9410,-2481,-6.495244,-0.081191
27.9510,-2481,-6.495244,-0.081191
27.9610,-2481,-6.495244,-0.081191
27.9710,-2481,-6.495244,-0.081191
27.9810,-2481,-6.495244,-0.081191
27.9910,-2481,-6.495244,-0.081191
28.0010,-2481,-6.495244,-0.081191
28.0110,-2481,-6.495244,-0.081191
28.0210,-2481,-6.495244,-0.081191
28.0310,-2481,-6.495244,-0.081191
28.0410,-2481,-6.495244,-0.081191
28.0510,-2481,-6.495244,-0.081191
28.0610,-2481,-6.495244,-0.081191
28.0710,-2481,-6.495244,-0.081191
28.0810,-2481,-6.495244,-0.081191
28.0910,-2481,-6.495244,-0.081191
28.1010,-2481,-6.495244,-0.081191
28.1110,-2481,-6.495244,-0.081191
28.1210,-2481,-6.495244,-0.081191
28.1310,-2481,-6.495244,-0.081191
28.1410,-2481,-6.495244,-0.081191
28.1510,-2481,-6.495244,-0.081191
28.1610,-2481,-6.495244,-0.081191
28.1710,-2481,-6.495244,-0.081191
28.1810,-2481,-6.495244,-0.081191
28.1910,-2481,-6.495244,-0.081191
28.2010,-2481,-6.495244,-0.081191
28.2110,-2481,-6.495244,-0.081191
28.2210,-2481,-6.495244,-0.081191
28.2310,-2481,-6.495244,-0.081191
28.2410,-2481,-6.495244,-0.081191
28.2520,-2481,-6.495244,-0.081191
28.2610,-2481,-6.495244,-0.081191
28.2710,-2481,-6.495244,-0.081191
28.2810,-2481,-6.495244,-0.081191
28.2910,-2481,-6.495244,-0.081191
28.3010,-2482,-6.497861,-0.081223
28.3110,-2482,-6.497861,-0.081223
28.3210,-2482,-6.497861,-0.081223
28.3310,-2482,-6.497861,-0.081223
28.3410,-2482,-6.497861,-0.081223
28.3510,-2482,-6.497861,-0.081223
28.3610,-2482,-6.497861,-0.081223
28.3710,-2482,-6.497861,-0.081223
28.3810,-2482,-6.497861,-0.081223
28.3910,-2482,-6.497861,-0.081223
28.4010,-2482,-6.497861,-0.081223
28.4110,-2482,-6.497861,-0.081223
28.4210,-2482,-6.497861,-0.081223
28.4310,-2482,-6.497861,-0.081223
28.4410,-2482,-6.497861,-0.081223
28.4510,-2482,-6.497861,-0.081223
28.4610,-2482,-6.497861,-0.081223
28.4710,-2482,-6.497861,-0.081223
28.4810,-2482,-6.497861,-0.081223
28.4910,-2482,-6.497861,-0.081223
28.5010,-2482,-6.497861,-0.081223
28.5110,-2482,-6.497861,-0.081223
28.5210,-2482,-6.497861,-0.081223
28.5310,-2482,-6.497861,-0.081223
28.5410,-2482,-6.497861,-0.081223
28.5510,-2482,-6.497861,-0.081223
28.5610,-2482,-6.497861,-0.081223
28.5710,-2482,-6.497861,-0.081223
28.5810,-2482,-6.497861,-0.081223
28.5910,-2482,-6.497861,-0.081223
28.6010,-2482,-6.497861,-0.081223
28.6110,-2482,-6.497861,-0.081223
28.6210,-2482,-6.497861,-0.081223
28.6310,-2482,-6.497861,-0.081223
28.6410,-2482,-6.497861,-0.081223
28.6510,-2482,-6.497861,-0.081223
28.6610,-2482,-6.497861,-0.081223
28.6710,-2482,-6.497861,-0.081223
28.6810,-2482,-6.497861,-0.081223
28.6910,-2482,-6.497861,-0.081223
28.7010,-2482,-6.497861,-0.081223
28.7110,-2483,-6.500479,-0.081256
28.7210,-2483,-6.500479,-0.081256
28.7310,-2483,-6.500479,-0.081256
28.7410,-2483,-6.500479,-0.081256
28.7510,-2483,-6.500479,-0.081256
28.7610,-2483,-6.500479,-0.081256
28.7710,-2483,-6.500479,-0.081256
28.7810,-2483,-6.500479,-0.081256
28.7910,-2483,-6.500479,-0.081256
28.8010,-2483,-6.500479,-0.081256
28.8110,-2483,-6.500479,-0.081256
28.8210,-2483,-6.500479,-0.081256
28.8310,-2483,-6.500479,-0.081256
28.8410,-2483,-6.500479,-0.081256
28.8510,-2483,-6.500479,-0.081256
28.8610,-2483,-6.500479,-0.081256
28.8710,-2483,-6.500479,-0.081256
28.8810,-2483,-6.500479,-0.081256
28.8920,-2483,-6.500479,-0.081256
28.9010,-2483,-6.500479,-0.081256
28.9110,-2483,-6.500479,-0.081256
28.9210,-2483,-6.500479,-0.081256
28.9310,-2483,-6.500479,-0.081256
28.9410,-2483,-6.500479,-0.081256
28.9510,-2483,-6.500479,-0.081256
28.9610,-2483,-6.500479,-0.081256
28.9710,-2483,-6.500479,-0.081256
28.9810,-2483,-6.500479,-0.081256
28.9910,-2483,-6.500479,-0.081256
29.0010,-2483,-6.500479,-0.081256
29.0110,-2483,-6.500479,-0.081256
29.0210,-2483,-6.500479,-0.081256
29.0310,-2483,-6.500479,-0.081256
29.0410,-2483,-6.500479,-0.081256
29.0510,-2483,-6.500479,-0.081256
29.0610,-2483,-6.500479,-0.081256
29.0710,-2483,-6.500479,-0.081256
29.0810,-2483,-6.500479,-0.081256
29.0910,-2483,-6.500479,-0.081256
29.1010,-2483,-6.500479,-0.081256
29.1110,-2483,-6.500479,-0.081256
29.1210,-2483,-6.500479,-0.081256
29.1310,-2483,-6.500479,-0.081256
29.1410,-2483,-6.500479,-0.081256
29.1510,-2483,-6.500479,-0.081256
29.1610,-2483,-6.500479,-0.081256
29.1710,-2483,-6.500479,-0.081256
29.1810,-2483,-6.500479,-0.081256
29.1910,-2484,-6.503097,-0.081289
29.2010,-2484,-6.503097,-0.081289
29.2110,-2484,-6.503097,-0.081289
29.2210,-2484,-6.503097,-0.081289
29.2310,-2484,-6.503097,-0.081289
29.2410,-2484,-6.503097,-0.081289
29.2510,-2484,-6.503097,-0.081289
29.2610,-2484,-6.503097,-0.081289
29.2710,-2484,-6.503097,-0.081289
29.2810,-2484,-6.503097,-0.081289
29.2910,-2484,-6.503097,-0.081289
29.3010,-2484,-6.503097,-0.081289
29.3110,-2484,-6.503097,-0.081289
29.3210,-2484,-6.503097,-0.081289
29.3310,-2484,-6.503097,-0.081289
29.3410,-2484,-6.503097,-0.081289
29.3510,-2484,-6.503097,-0.081289
29.3610,-2484,-6.503097,-0.081289
29.3710,-2484,-6.503097,-0.081289
29.3810,-2484,-6.503097,-0.081289
29.3910,-2484,-6.503097,-0.081289
29.4010,-2484,-6.503097,-0.081289
29.4110,-2484,-6.503097,-0.081289
29.4210,-2484,-6.503097,-0.081289
29.4310,-2484,-6.503097,-0.081289
29.4410,-2484,-6.503097,-0.081289
29.4510,-2484,-6.503097,-0.081289
29.4610,-2484,-6.503097,-0.081289
29.4710,-2484,-6.503097,-0.081289
29.4810,-2484,-6.503097,-0.081289
29.4910,-2484,-6.503097,-0.081289
29.5010,-2484,-6.503097,-0.081289
29.5110,-2484,-6.503097,-0.081289
29.5210,-2484,-6.503097,-0.081289
29.5320,-2484,-6.503097,-0.081289
29.5410,-2484,-6.503097,-0.081289
29.5510,-2484,-6.503097,-0.081289
29.5610,-2484,-6.503097,-0.081289
29.5710,-2484,-6.503097,-0.081289
29.5810,-2484,-6.503097,-0.081289
29.5910,-2484,-6.503097,-0.081289
29.6010,-2484,-6.503097,-0.081289
29.6110,-2484,-6.503097,-0.081289
29.6210,-2484,-6.503097,-0.081289
29.6310,-2484,-6.503097,-0.081289
29.6410,-2485,-6.505715,-0.081321
29.6510,-2485,-6.505715,-0.081321
29.6610,-2485,-6.505715,-0.081321
29.6710,-2485,-6.505715,-0.081321
29.6810,-2485,-6.505715,-0.081321
29.6910,-2485,-6.505715,-0.081321
29.7010,-2485,-6.505715,-0.081321
29.7110,-2485,-6.505715,-0.081321
29.7210,-2485,-6.505715,-0.081321
29.7310,-2485,-6.505715,-0.081321
29.7410,-2485,-6.505715,-0.081321
29.7510,-2485,-6.505715,-0.081321
29.7610,-2485,-6.505715,-0.081321
29.7710,-2485,-6.505715,-0.081321
29.7810,-2485,-6.505715,-0.081321
29.7910,-2485,-6.505715,-0.081321
29.8010,-2485,-6.505715,-0.081321
29.8110,-2485,-6.505715,-0.081321
29.8210,-2485,-6.505715,-0.081321
29.8310,-2485,-6.505715,-0.081321
29.8410,-2485,-6.505715,-0.081321
29.8510,-2485,-6.505715,-0.081321
29.8610,-2485,-6.505715,-0.081321
29.8710,-2485,-6.505715,-0.081321
29.8810,-2485,-6.505715,-0.081321
29.8910,-2485,-6.505715,-0.081321
29.9010,-2485,-6.505715,-0.081321
29.9110,-2485,-6.505715,-0.081321
29.9210,-2485,-6.505715,-0.081321
29.9310,-2485,-6.505715,-0.081321
29.9410,-2485,-6.505715,-0.081321
29.9510,-2485,-6.505715,-0.081321
29.9610,-2485,-6.505715,-0.081321
29.9710,-2485,-6.505715,-0.081321
29.9810,-2485,-6.505715,-0.081321
29.9910,-2485,-6.505715,-0.081321
30.0010,-2485,-6.505715,-0.081321
30.0110,-2485,-6.505715,-0.081321
30.0210,-2485,-6.505715,-0.081321
30.0310,-2485,-6.505715,-0.081321
30.0410,-2485,-6.505715,-0.081321
30.0510,-2485,-6.505715,-0.081321
30.0610,-2485,-6.505715,-0.081321
30.0710,-2485,-6.505715,-0.081321
30.0810,-2485,-6.505715,-0.081321
30.0910,-2485,-6.505715,-0.081321
30.1010,-2485,-6.505715,-0.081321
30.1110,-2485,-6.505715,-0.081321
30.1210,-2485,-6.505715,-0.081321
30.1310,-2485,-6.505715,-0.081321
30.1410,-2485,-6.505715,-0.081321
30.1510,-2485,-6.505715,-0.081321
30.1610,-2485,-6.505715,-0.081321
30.1720,-2485,-6.505715,-0.081321
30.1810,-2485,-6.505715,-0.081321
30.1910,-2485,-6.505715,-0.081321
30.2010,-2485,-6.505715,-0.081321
30.2110,-2485,-6.505715,-0.081321
30.2210,-2485,-6.505715,-0.081321
30.2310,-2485,-6.505715,-0.081321
30.2410,-2485,-6.505715,-0.081321
30.2510,-2485,-6.505715,-0.081321
30.2610,-2485,-6.505715,-0.081321
30.2710,-2485,-6.505715,-0.081321
30.2810,-2485,-6.505715,-0.081321
30.2910,-2486,-6.508333,-0.081354
30.3010,-2486,-6.508333,-0.081354
30.3110,-2486,-6.508333,-0.081354
30.3210,-2486,-6.508333,-0.081354
30.3310,-2486,-6.508333,-0.081354
30.3410,-2486,-6.508333,-0.081354
30.3510,-2486,-6.508333,-0.081354
30.3610,-2486,-6.508333,-0.081354
30.3710,-2486,-6.508333,-0.081354
30.3810,-2486,-6.508333,-0.081354
30.3910,-2486,-6.508333,-0.081354
30.4010,-2486,-6.508333,-0.081354
30.4110,-2486,-6.508333,-0.081354
30.4210,-2486,-6.508333,-0.081354
30.4310,-2486,-6.508333,-0.081354
30.4410,-2486,-6.508333,-0.081354
30.4510,-2486,-6.508333,-0.081354
30.4610,-2486,-6.508333,-0.081354
30.4710,-2486,-6.508333,-0.081354
30.4810,-2486,-6.508333,-0.081354
30.4910,-2486,-6.508333,-0.081354
30.5010,-2486,-6.508333,-0.081354
30.5110,-2486,-6.508333,-0.081354
30.5210,-2486,-6.508333,-0.081354
30.5310,-2486,-6.508333,-0.081354
30.5410,-2486,-6.508333,-0.081354
30.5510,-2486,-6.508333,-0.081354
30.5610,-2486,-6.508333,-0.081354
30.5710,-2486,-6.508333,-0.081354
30.5810,-2486,-6.508333,-0.081354
30.5910,-2486,-6.508333,-0.081354
30.6010,-2486,-6.508333,-0.081354
30.6110,-2486,-6.508333,-0.081354
30.6210,-2486,-6.508333,-0.081354
30.6310,-2486,-6.508333,-0.081354
30.6410,-2486,-6.508333,-0.081354
30.6510,-2486,-6.508333,-0.081354
30.6610,-2486,-6.508333,-0.081354
30.6710,-2486,-6.508333,-0.081354
30.6810,-2486,-6.508333,-0.081354
30.6910,-2486,-6.508333,-0.081354
30.7010,-2486,-6.508333,-0.081354
30.7110,-2486,-6.508333,-0.081354
30.7210,-2486,-6.508333,-0.081354
30.7310,-2486,-6.508333,-0.081354
30.7410,-2486,-6.508333,-0.081354
30.7510,-2486,-6.508333,-0.081354
30.7610,-2486,-6.508333,-0.081354
30.7710,-2487,-6.510951,-0.081387
30.7810,-2487,-6.510951,-0.081387
30.7910,-2487,-6.510951,-0.081387
30.8010,-2487,-6.510951,-0.081387
30.8120,-2487,-6.510951,-0.081387
30.8210,-2487,-6.510951,-0.081387
30.8310,-2487,-6.510951,-0.081387
30.8410,-2487,-6.510951,-0.081387
30.8510,-2487,-6.510951,-0.081387
30.8610,-2487,-6.510951,-0.081387
30.8710,-2487,-6.510951,-0.081387
30.8810,-2487,-6.510951,-0.081387
30.8910,-2487,-6.510951,-0.081387
30.9010,-2487,-6.510951,-0.081387
30.9110,-2487,-6.510951,-0.081387
30.9210,-2487,-6.510951,-0.081387
30.9310,-2487,-6.510951,-0.081387
30.9410,-2487,-6.510951,-0.081387
30.9510,-2487,-6.510951,-0.081387
30.9610,-2487,-6.510951,-0.081387
30.9710,-2487,-6.510951,-0.081387
30.9810,-2487,-6.510951,-0.081387
30.9910,-2487,-6.510951,-0.081387
31.0010,-2487,-6.510951,-0.081387
31.0110,-2487,-6.510951,-0.081387
31.0210,-2487,-6.510951,-0.081387
31.0310,-2487,-6.510951,-0.081387
31.0410,-2487,-6.510951,-0.081387
31.0510,-2487,-6.510951,-0.081387
31.0610,-2487,-6.510951,-0.081387
31.0710,-2487,-6.510951,-0.081387
31.0810,-2487,-6.510951,-0.081387
31.0910,-2487,-6.510951,-0.081387
31.1010,-2487,-6.510951,-0.081387
31.1110,-2487,-6.510951,-0.081387
31.1210,-2487,-6.510951,-0.081387
31.1310,-2487,-6.510951,-0.081387
31.1410,-2487,-6.510951,-0.081387
31.1510,-2487,-6.510951,-0.081387
31.1610,-2487,-6.510951,-0.081387
31.1710,-2487,-6.510951,-0.081387
31.1810,-2487,-6.510951,-0.081387
31.1910,-2487,-6.510951,-0.081387
31.2010,-2487,-6.510951,-0.081387
31.2110,-2487,-6.510951,-0.081387
31.2210,-2487,-6.510951,-0.081387
31.2310,-2487,-6.510951,-0.081387
31.2410,-2487,-6.510951,-0.081387
31.2510,-2487,-6.510951,-0.081387
31.2610,-2487,-6.510951,-0.081387
31.2710,-2487,-6.510951,-0.081387
31.2810,-2487,-6.510951,-0.081387
31.2910,-2487,-6.510951,-0.081387
31.3010,-2487,-6.510951,-0.081387
31.3110,-2487,-6.510951,-0.081387
31.3210,-2487,-6.510951,-0.081387
31.3310,-2487,-6.510951,-0.081387
31.3410,-2487,-6.510951,-0.081387
31.3510,-2487,-6.510951,-0.081387
31.3610,-2487,-6.510951,-0.081387
31.3710,-2487,-6.510951,-0.081387
31.3810,-2487,-6.510951,-0.081387
31.3910,-2487,-6.510951,-0.081387
31.4010,-2487,-6.510951,-0.081387
31.4110,-2487,-6.510951,-0.081387
31.4210,-2487,-6.510951,-0.081387
31.4310,-2487,-6.510951,-0.081387
31.4410,-2487,-6.510951,-0.081387
31.4520,-2487,-6.510951,-0.081387
31.4610,-2488,-6.513569,-0.081420
31.4710,-2488,-6.513569,-0.081420
31.4810,-2488,-6.513569,-0.081420
31.4910,-2488,-6.513569,-0.081420
31.5010,-2488,-6.513569,-0.081420
31.5110,-2488,-6.513569,-0.081420
31.5210,-2488,-6.513569,-0.081420
31.5310,-2488,-6.513569,-0.081420
31.5410,-2488,-6.513569,-0.081420
31.5510,-2488,-6.513569,-0.081420
31.5610,-2488,-6.513569,-0.081420
31.5710,-2488,-6.513569,-0.081420
31.5810,-2488,-6.513569,-0.081420
31.5910,-2488,-6.513569,-0.081420
31.6010,-2488,-6.513569,-0.081420
31.6110,-2488,-6.513569,-0.081420
31.6210,-2488,-6.513569,-0.081420
31.6310,-2488,-6.513569,-0.081420
31.6410,-2488,-6.513569,-0.081420
31.6510,-2488,-6.513569,-0.081420
31.6610,-2488,-6.513569,-0.081420
31.6710,-2488,-6.513569,-0.081420
31.6810,-2488,-6.513569,-0.081420
31.6910,-2488,-6.513569,-0.081420
31.7010,-2488,-6.513569,-0.081420
31.7110,-2488,-6.513569,-0.081420
31.7210,-2488,-6.513569,-0.081420
31.7310,-2488,-6.513569,-0.081420
31.7410,-2488,-6.513569,-0.081420
31.7510,-2488,-6.513569,-0.081420
31.7610,-2488,-6.513569,-0.081420
31.7710,-2488,-6.513569,-0.081420
31.7810,-2488,-6.513569,-0.081420
31.7910,-2488,-6.513569,-0.081420
31.8010,-2488,-6.513569,-0.081420
31.8110,-2488,-6.513569,-0.081420
31.8210,-2488,-6.513569,-0.081420
31.8310,-2488,-6.513569,-0.081420
31.8410,-2488,-6.513569,-0.081420
31.8510,-2488,-6.513569,-0.081420
31.8610,-2488,-6.513569,-0.081420
31.8710,-2488,-6.513569,-0.081420
31.8810,-2488,-6.513569,-0.081420
31.8910,-2488,-6.513569,-0.081420
31.9010,-2488,-6.513569,-0.081420
31.9110,-2488,-6.513569,-0.081420
31.9210,-2488,-6.513569,-0.081420
31.9310,-2488,-6.513569,-0.081420
31.9410,-2488,-6.513569,-0.081420
31.9510,-2488,-6.513569,-0.081420
31.9610,-2488,-6.513569,-0.081420
31.9710,-2488,-6.513569,-0.081420
31.9810,-2488,-6.513569,-0.081420
31.9910,-2488,-6.513569,-0.081420
32.0010,-2488,-6.513569,-0.081420
32.0110,-2488,-6.513569,-0.081420
32.0210,-2489,-6.516187,-0.081452
32.0310,-2489,-6.516187,-0.081452
32.0410,-2489,-6.516187,-0.081452
32.0510,-2489,-6.516187,-0.081452
32.0610,-2489,-6.516187,-0.081452
32.0710,-2489,-6.516187,-0.081452
32.0810,-2489,-6.516187,-0.081452
32.0920,-2489,-6.516187,-0.081452
32.1010,-2489,-6.516187,-0.081452
32.1110,-2489,-6.516187,-0.081452
32.1210,-2489,-6.516187,-0.081452
32.1310,-2489,-6.516187,-0.081452
32.1410,-2489,-6.516187,-0.081452
32.1510,-2489,-6.516187,-0.081452
32.1610,-2489,-6.516187,-0.081452
32.1710,-2489,-6.516187,-0.081452
32.1810,-2489,-6.516187,-0.081452
32.1910,-2489,-6.516187,-0.081452
32.2010,-2489,-6.516187,-0.081452
32.2110,-2489,-6.516187,-0.081452
32.2210,-2489,-6.516187,-0.081452
32.2310,-2489,-6.516187,-0.081452
32.2410,-2489,-6.516187,-0.081452
32.2510,-2489,-6.516187,-0.081452
32.2610,-2489,-6.516187,-0.081452
32.2710,-2489,-6.516187,-0.081452
32.2810,-2489,-6.516187,-0.081452
32.2910,-2489,-6.516187,-0.081452
32.3010,-2489,-6.516187,-0.081452
32.3110,-2489,-6.516187,-0.081452
32.3210,-2489,-6.516187,-0.081452
32.3310,-2489,-6.516187,-0.081452
32.3410,-2489,-6.516187,-0.081452
32.3510,-2489,-6.516187,-0.081452
32.3610,-2489,-6.516187,-0.081452
32.3710,-2489,-6.516187,-0.081452
32.3810,-2489,-6.516187,-0.081452
32.3910,-2489,-6.516187,-0.081452
32.4010,-2489,-6.516187,-0.081452
32.4110,-2489,-6.516187,-0.081452
32.4210,-2489,-6.516187,-0.081452
32.4310,-2489,-6.516187,-0.081452
32.4410,-2489,-6.516187,-0.081452
32.4510,-2489,-6.516187,-0.081452
32.4610,-2489,-6.516187,-0.081452
32.4710,-2489,-6.516187,-0.081452
32.4810,-2489,-6.516187,-0.081452
32.4910,-2489,-6.516187,-0.081452
32.5010,-2489,-6.516187,-0.081452
32.5110,-2489,-6.516187,-0.081452
32.5210,-2489,-6.516187,-0.081452
32.5310,-2489,-6.516187,-0.081452
32.5410,-2489,-6.516187,-0.081452
32.5510,-2489,-6.516187,-0.081452
32.5610,-2489,-6.516187,-0.081452
32.5710,-2489,-6.516187,-0.081452
32.5810,-2489,-6.516187,-0.081452
32.5910,-2489,-6.516187,-0.081452
32.6010,-2489,-6.516187,-0.081452
32.6110,-2489,-6.516187,-0.081452
32.6210,-2489,-6.516187,-0.081452
32.6310,-2489,-6.516187,-0.081452
32.6410,-2489,-6.516187,-0.081452
32.6510,-2489,-6.516187,-0.081452
32.6610,-2489,-6.516187,-0.081452
32.6710,-2489,-6.516187,-0.081452
32.6810,-2489,-6.516187,-0.081452
32.6910,-2489,-6.516187,-0.081452
32.7010,-2489,-6.516187,-0.081452
32.7110,-2489,-6.516187,-0.081452
32.7210,-2489,-6.516187,-0.081452
32.7320,-2489,-6.516187,-0.081452
32.7410,-2489,-6.516187,-0.081452
32.7510,-2490,-6.518805,-0.081485
32.7610,-2490,-6.518805,-0.081485
32.7710,-2490,-6.518805,-0.081485
32.7810,-2490,-6.518805,-0.081485
32.7910,-2490,-6.518805,-0.081485
32.8010,-2490,-6.518805,-0.081485
32.8110,-2490,-6.518805,-0.081485
32.8210,-2490,-6.518805,-0.081485
32.8310,-2490,-6.518805,-0.081485
32.8410,-2490,-6.518805,-0.081485
32.8510,-2490,-6.518805,-0.081485
32.8610,-2490,-6.518805,-0.081485
32.8710,-2490,-6.518805,-0.081485
32.8810,-2490,-6.518805,-0.081485
32.8910,-2490,-6.518805,-0.081485
32.9010,-2490,-6.518805,-0.081485
32.9110,-2490,-6.518805,-0.081485
32.9210,-2490,-6.518805,-0.081485
32.9310,-2490,-6.518805,-0.081485
32.9410,-2490,-6.518805,-0.081485
32.9510,-2490,-6.518805,-0.081485
32.9610,-2490,-6.518805,-0.081485
32.9710,-2490,-6.518805,-0.081485
32.9810,-2490,-6.518805,-0.081485
32.9910,-2490,-6.518805,-0.081485
33.0010,-2490,-6.518805,-0.081485
33.0110,-2490,-6.518805,-0.081485
33.0210,-2490,-6.518805,-0.081485
33.0310,-2490,-6.518805,-0.081485
33.0410,-2490,-6.518805,-0.081485
33.0510,-2490,-6.518805,-0.081485
33.0610,-2490,-6.518805,-0.081485
33.0710,-2490,-6.518805,-0.081485
33.0810,-2490,-6.518805,-0.081485
33.0910,-2490,-6.518805,-0.081485
33.1010,-2490,-6.518805,-0.081485
33.1110,-2490,-6.518805,-0.081485
33.1210,-2490,-6.518805,-0.081485
33.1310,-2490,-6.518805,-0.081485
33.1410,-2490,-6.518805,-0.081485
33.1510,-2490,-6.518805,-0.081485
33.1610,-2490,-6.518805,-0.081485
33.1710,-2490,-6.518805,-0.081485
33.1810,-2490,-6.518805,-0.081485
33.1910,-2490,-6.518805,-0.081485
33.2010,-2490,-6.518805,-0.081485
33.2110,-2490,-6.518805,-0.081485
33.2210,-2490,-6.518805,-0.081485
33.2310,-2490,-6.518805,-0.081485
33.2410,-2490,-6.518805,-0.081485
33.2510,-2490,-6.518805,-0.081485
33.2610,-2490,-6.518805,-0.081485
33.2710,-2490,-6.518805,-0.081485
33.2810,-2490,-6.518805,-0.081485
33.2910,-2490,-6.518805,-0.081485
33.3010,-2490,-6.518805,-0.081485
33.3110,-2490,-6.518805,-0.081485
33.3210,-2490,-6.518805,-0.081485
33.3310,-2490,-6.518805,-0.081485
33.3410,-2490,-6.518805,-0.081485
33.3510,-2490,-6.518805,-0.081485
33.3610,-2490,-6.518805,-0.081485
33.3720,-2490,-6.518805,-0.081485
33.3810,-2490,-6.518805,-0.081485
33.3910,-2490,-6.518805,-0.081485
33.4010,-2490,-6.518805,-0.081485
33.4110,-2490,-6.518805,-0.081485
33.4210,-2490,-6.518805,-0.081485
33.4310,-2490,-6.518805,-0.081485
33.4410,-2490,-6.518805,-0.081485
33.4510,-2490,-6.518805,-0.081485
33.4610,-2490,-6.518805,-0.081485
33.4710,-2490,-6.518805,-0.081485
33.4810,-2491,-6.521423,-0.081518
33.4910,-2491,-6.521423,-0.081518
33.5010,-2491,-6.521423,-0.081518
33.5110,-2491,-6.521423,-0.081518
33.5210,-2491,-6.521423,-0.081518
33.5310,-2491,-6.521423,-0.081518
33.5410,-2491,-6.521423,-0.081518
33.5510,-2491,-6.521423,-0.081518
33.5610,-2491,-6.521423,-0.081518
33.5710,-2491,-6.521423,-0.081518
33.5810,-2491,-6.521423,-0.081518
33.5910,-2491,-6.521423,-0.081518
33.6010,-2491,-6.521423,-0.081518
33.6110,-2491,-6.521423,-0.081518
33.6210,-2491,-6.521423,-0.081518
33.6310,-2491,-6.521423,-0.081518
33.6410,-2491,-6.521423,-0.081518
33.6510,-2491,-6.521423,-0.081518
33.6610,-2491,-6.521423,-0.081518
33.6710,-2491,-6.521423,-0.081518
33.6810,-2491,-6.521423,-0.081518
33.6910,-2491,-6.521423,-0.081518
33.7010,-2491,-6.521423,-0.081518
33.7110,-2491,-6.521423,-0.081518
33.7210,-2491,-6.521423,-0.081518
33.7310,-2491,-6.521423,-0.081518
33.7410,-2491,-6.521423,-0.081518
33.7510,-2491,-6.521423,-0.081518
33.7610,-2491,-6.521423,-0.081518
33.7710,-2491,-6.521423,-0.081518
33.7810,-2491,-6.521423,-0.081518
33.7910,-2491,-6.521423,-0.081518
33.8010,-2491,-6.521423,-0.081518
33.8110,-2491,-6.521423,-0.081518
33.8210,-2491,-6.521423,-0.081518
33.8310,-2491,-6.521423,-0.081518
33.8410,-2491,-6.521423,-0.081518
33.8510,-2491,-6.521423,-0.081518
33.8610,-2491,-6.521423,-0.081518
33.8710,-2491,-6.521423,-0.081518
33.8810,-2491,-6.521423,-0.081518
33.8910,-2491,-6.521423,-0.081518
33.9010,-2491,-6.521423,-0.081518
33.9110,-2491,-6.521423,-0.081518
33.9210,-2491,-6.521423,-0.081518
33.9310,-2491,-6.521423,-0.081518
33.9410,-2491,-6.521423,-0.081518
33.9510,-2491,-6.521423,-0.081518
33.9610,-2491,-6.521423,-0.081518
33.9710,-2491,-6.521423,-0.081518
33.9810,-2491,-6.521423,-0.081518
33.9910,-2491,-6.521423,-0.081518
34.0010,-2491,-6.521423,-0.081518
34.0120,-2491,-6.521423,-0.081518
34.0210,-2491,-6.521423,-0.081518
34.0310,-2491,-6.521423,-0.081518
34.0410,-2491,-6.521423,-0.081518
34.0510,-2491,-6.521423,-0.081518
34.0610,-2491,-6.521423,-0.081518
34.0710,-2491,-6.521423,-0.081518
34.0810,-2491,-6.521423,-0.081518
34.0910,-2491,-6.521423,-0.081518
34.1010,-2491,-6.521423,-0.081518
34.1110,-2491,-6.521423,-0.081518
34.1210,-2491,-6.521423,-0.081518
34.1310,-2491,-6.521423,-0.081518
34.1410,-2491,-6.521423,-0.081518
34.1510,-2491,-6.521423,-0.081518
34.1610,-2491,-6.521423,-0.081518
34.1710,-2491,-6.521423,-0.081518
34.1810,-2491,-6.521423,-0.081518
34.1910,-2491,-6.521423,-0.081518
34.2010,-2491,-6.521423,-0.081518
34.2110,-2491,-6.521423,-0.081518
34.2210,-2491,-6.521423,-0.081518
34.2310,-2491,-6.521423,-0.081518
34.2410,-2491,-6.521423,-0.081518
34.2510,-2491,-6.521423,-0.081518
34.2610,-2491,-6.521423,-0.081518
34.2710,-2491,-6.521423,-0.081518
34.2810,-2491,-6.521423,-0.081518
34.2910,-2491,-6.521423,-0.081518
34.3010,-2491,-6.521423,-0.081518
34.3110,-2491,-6.521423,-0.081518
34.3210,-2491,-6.521423,-0.081518
34.3310,-2491,-6.521423,-0.081518
34.3410,-2492,-6.524041,-0.081551
34.3510,-2492,-6.524041,-0.081551
34.3610,-2492,-6.524041,-0.081551
34.3710,-2492,-6.524041,-0.081551
34.3810,-2492,-6.524041,-0.081551
34.3910,-2492,-6.524041,-0.081551
34.4010,-2492,-6.524041,-0.081551
34.4110,-2492,-6.524041,-0.081551
34.4210,-2492,-6.524041,-0.081551
34.4310,-2492,-6.524041,-0.081551
34.4410,-2492,-6.524041,-0.081551
34.4510,-2492,-6.524041,-0.081551
34.4610,-2492,-6.524041,-0.081551
34.4710,-2492,-6.524041,-0.081551
34.4810,-2492,-6.524041,-0.081551
34.4910,-2492,-6.524041,-0.081551
34.5010,-2492,-6.524041,-0.081551
34.5110,-2492,-6.524041,-0.081551
34.5210,-2492,-6.524041,-0.081551
34.5310,-2492,-6.524041,-0.081551
34.5410,-2492,-6.524041,-0.081551
34.5510,-2492,-6.524041,-0.081551
34.5610,-2492,-6.524041,-0.081551
34.5710,-2492,-6.524041,-0.081551
34.5810,-2492,-6.524041,-0.081551
34.5910,-2492,-6.524041,-0.081551
34.6010,-2492,-6.524041,-0.081551
34.6110,-2492,-6.524041,-0.081551
34.6210,-2492,-6.524041,-0.081551
34.6310,-2492,-6.524041,-0.081551
34.6410,-2492,-6.524041,-0.081551
34.6520,-2492,-6.524041,-0.081551
34.6610,-2492,-6.524041,-0.081551
34.6710,-2492,-6.524041,-0.081551
34.6810,-2492,-6.524041,-0.081551
34.6910,-2492,-6.524041,-0.081551
34.7010,-2492,-6.524041,-0.081551
34.7110,-2492,-6.524041,-0.081551
34.7210,-2492,-6.524041,-0.081551
34.7310,-2492,-6.524041,-0.081551
34.7410,-2492,-6.524041,-0.081551
34.7510,-2492,-6.524041,-0.081551
34.7610,-2492,-6.524041,-0.081551
34.7710,-2492,-6.524041,-0.081551
34.7810,-2492,-6.524041,-0.081551
34.7910,-2492,-6.524041,-0.081551
34.8010,-2492,-6.524041,-0.081551
34.8110,-2492,-6.524041,-0.081551
34.8210,-2492,-6.524041,-0.081551
34.8310,-2492,-6.524041,-0.081551
34.8410,-2492,-6.524041,-0.081551
34.8510,-2492,-6.524041,-0.081551
34.8610,-2492,-6.524041,-0.081551
34.8710,-2492,-6.524041,-0.081551
34.8810,-2492,-6.524041,-0.081551
34.8910,-2492,-6.524041,-0.081551
34.9010,-2492,-6.524041,-0.081551
34.9110,-2492,-6.524041,-0.081551
34.9210,-2492,-6.524041,-0.081551
34.9310,-2492,-6.524041,-0.081551
34.9410,-2492,-6.524041,-0.081551
34.9510,-2493,-6.526659,-0.081583
34.9610,-2493,-6.526659,-0.081583
34.9710,-2493,-6.526659,-0.081583
34.9810,-2493,-6.526659,-0.081583
34.9910,-2493,-6.526659,-0.081583
35.0010,-2493,-6.526659,-0.081583
35.0110,-2493,-6.526659,-0.081583
35.0210,-2493,-6.526659,-0.081583
35.0310,-2493,-6.526659,-0.081583
35.0410,-2493,-6.526659,-0.081583
35.0510,-2493,-6.526659,-0.081583
35.0610,-2493,-6.526659,-0.081583
35.0710,-2493,-6.526659,-0.081583
35.0810,-2493,-6.526659,-0.081583
35.0910,-2493,-6.526659,-0.081583
35.1010,-2493,-6.526659,-0.081583
35.1110,-2493,-6.526659,-0.081583
35.1210,-2493,-6.526659,-0.081583
35.1310,-2493,-6.526659,-0.081583
35.1410,-2493,-6.526659,-0.081583
35.1510,-2493,-6.526659,-0.081583
35.1610,-2493,-6.526659,-0.081583
35.1710,-2493,-6.526659,-0.081583
35.1810,-2493,-6.526659,-0.081583
35.1910,-2493,-6.526659,-0.081583
35.2010,-2493,-6.526659,-0.081583
35.2110,-2493,-6.526659,-0.081583
35.2210,-2493,-6.526659,-0.081583
35.2310,-2493,-6.526659,-0.081583
35.2410,-2493,-6.526659,-0.081583
35.2510,-2493,-6.526659,-0.081583
35.2610,-2493,-6.526659,-0.081583
35.2710,-2493,-6.526659,-0.081583
35.2810,-2493,-6.526659,-0.081583
35.2920,-2493,-6.526659,-0.081583
35.3010,-2493,-6.526659,-0.081583
35.3110,-2493,-6.526659,-0.081583
35.3210,-2493,-6.526659,-0.081583
35.3310,-2493,-6.526659,-0.081583
35.3410,-2493,-6.526659,-0.081583
35.3510,-2493,-6.526659,-0.081583
35.3610,-2493,-6.526659,-0.081583
35.3710,-2493,-6.526659,-0.081583
35.3810,-2493,-6.526659,-0.081583
35.3910,-2493,-6.526659,-0.081583
35.4010,-2493,-6.526659,-0.081583
35.4110,-2493,-6.526659,-0.081583
35.4210,-2493,-6.526659,-0.081583
35.4310,-2493,-6.526659,-0.081583
35.4410,-2493,-6.526659,-0.081583
35.4510,-2493,-6.526659,-0.081583
35.4610,-2493,-6.526659,-0.081583
35.4710,-2493,-6.526659,-0.081583
35.4810,-2493,-6.526659,-0.081583
35.4910,-2493,-6.526659,-0.081583
35.5010,-2493,-6.526659,-0.081583
35.5110,-2493,-6.526659,-0.081583
35.5210,-2493,-6.526659,-0.081583
35.5310,-2493,-6.526659,-0.081583
35.5410,-2493,-6.526659,-0.081583
35.5510,-2493,-6.526659,-0.081583
35.5610,-2493,-6.526659,-0.081583
35.5710,-2493,-6.526659,-0.081583
35.5810,-2493,-6.526659,-0.081583
35.5910,-2493,-6.526659,-0.081583
35.6010,-2493,-6.526659,-0.081583
35.6110,-2493,-6.526659,-0.081583
35.6210,-2493,-6.526659,-0.081583
35.6310,-2493,-6.526659,-0.081583
35.6410,-2493,-6.526659,-0.081583
35.6510,-2493,-6.526659,-0.081583
35.6610,-2493,-6.526659,-0.081583
35.6710,-2493,-6.526659,-0.081583
35.6810,-2493,-6.526659,-0.081583
35.6910,-2493,-6.526659,-0.081583
35.7010,-2493,-6.526659,-0.081583
35.7110,-2493,-6.526659,-0.081583
35.7210,-2493,-6.526659,-0.081583
35.7310,-2493,-6.526659,-0.081583
35.7410,-2493,-6.526659,-0.081583
35.7510,-2493,-6.526659,-0.081583
35.7610,-2493,-6.526659,-0.081583
35.7710,-2494,-6.529277,-0.081616
35.7810,-2494,-6.529277,-0.081616
35.7910,-2494,-6.529277,-0.081616
35.8010,-2494,-6.529277,-0.081616
35.8110,-2494,-6.529277,-0.081616
35.8210,-2494,-6.529277,-0.081616
35.8310,-2494,-6.529277,-0.081616
35.8410,-2494,-6.529277,-0.081616
35.8510,-2494,-6.529277,-0.081616
35.8610,-2494,-6.529277,-0.081616
35.8710,-2494,-6.529277,-0.081616
35.8810,-2494,-6.529277,-0.081616
35.8910,-2494,-6.529277,-0.081616
35.9010,-2494,-6.529277,-0.081616
35.9110,-2494,-6.529277,-0.081616
35.9210,-2494,-6.529277,-0.081616
35.9320,-2494,-6.529277,-0.081616
35.9410,-2494,-6.529277,-0.081616
35.9510,-2494,-6.529277,-0.081616
35.9610,-2494,-6.529277,-0.081616
35.9710,-2494,-6.529277,-0.081616
35.9810,-2494,-6.529277,-0.081616
35.9910,-2494,-6.529277,-0.081616
36.0010,-2494,-6.529277,-0.081616
36.0110,-2494,-6.529277,-0.081616
36.0210,-2494,-6.529277,-0.081616
36.0310,-2494,-6.529277,-0.081616
36.0410,-2494,-6.529277,-0.081616
36.0510,-2494,-6.529277,-0.081616
36.0610,-2494,-6.529277,-0.081616
36.0710,-2494,-6.529277,-0.081616
36.0810,-2494,-6.529277,-0.081616
36.0910,-2494,-6.529277,-0.081616
36.1010,-2494,-6.529277,-0.081616
36.1110,-2494,-6.529277,-0.081616
36.1210,-2494,-6.529277,-0.081616
36.1310,-2494,-6.529277,-0.081616
36.1410,-2494,-6.529277,-0.081616
36.1510,-2494,-6.529277,-0.081616
36.1610,-2494,-6.529277,-0.081616
36.1710,-2494,-6.529277,-0.081616
36.1810,-2494,-6.529277,-0.081616
36.1910,-2494,-6.529277,-0.081616
36.2010,-2494,-6.529277,-0.081616
36.2110,-2494,-6.529277,-0.081616
36.2210,-2494,-6.529277,-0.081616
36.2310,-2494,-6.529277,-0.081616
36.2410,-2494,-6.529277,-0.081616
36.2510,-2494,-6.529277,-0.081616
36.2610,-2494,-6.529277,-0.081616
36.2710,-2494,-6.529277,-0.081616
36.2810,-2494,-6.529277,-0.081616
36.2910,-2494,-6.529277,-0.081616
36.3010,-2494,-6.529277,-0.081616
36.3110,-2494,-6.529277,-0.081616
36.3210,-2494,-6.529277,-0.081616
36.3310,-2494,-6.529277,-0.081616
36.3410,-2494,-6.529277,-0.081616
36.3510,-2494,-6.529277,-0.081616
36.3610,-2494,-6.529277,-0.081616
36.3710,-2495,-6.531895,-0.081649
36.3810,-2495,-6.531895,-0.081649
36.3910,-2495,-6.531895,-0.081649
36.4010,-2495,-6.531895,-0.081649
36.4110,-2495,-6.531895,-0.081649
36.4210,-2495,-6.531895,-0.081649
36.4310,-2495,-6.531895,-0.081649
36.4410,-2495,-6.531895,-0.081649
36.4510,-2495,-6.531895,-0.081649
36.4610,-2495,-6.531895,-0.081649
36.4710,-2495,-6.531895,-0.081649
36.4810,-2495,-6.531895,-0.081649
36.4910,-2495,-6.531895,-0.081649
36.5010,-2495,-6.531895,-0.081649
36.5110,-2495,-6.531895,-0.081649
36.5210,-2495,-6.531895,-0.081649
36.5310,-2495,-6.531895,-0.081649
36.5410,-2495,-6.531895,-0.081649
36.5510,-2495,-6.531895,-0.081649
36.5610,-2495,-6.531895,-0.081649
36.5720,-2495,-6.531895,-0.081649
36.5810,-2495,-6.531895,-0.081649
36.5910,-2495,-6.531895,-0.081649
36.6010,-2495,-6.531895,-0.081649
36.6110,-2495,-6.531895,-0.081649
36.6210,-2495,-6.531895,-0.081649
36.6310,-2495,-6.531895,-0.081649
36.6410,-2495,-6.531895,-0.081649
36.6510,-2495,-6.531895,-0.081649
36.6610,-2495,-6.531895,-0.081649
36.6710,-2495,-6.531895,-0.081649
36.6810,-2495,-6.531895,-0.081649
36.6910,-2495,-6.531895,-0.081649
36.7010,-2495,-6.531895,-0.081649
36.7110,-2495,-6.531895,-0.081649
36.7210,-2495,-6.531895,-0.081649
36.7310,-2495,-6.531895,-0.081649
36.7410,-2495,-6.531895,-0.081649
36.7510,-2495,-6.531895,-0.081649
36.7610,-2495,-6.531895,-0.081649
36.7710,-2495,-6.531895,-0.081649
36.7810,-2495,-6.531895,-0.081649
36.7910,-2495,-6.531895,-0.081649
36.8010,-2495,-6.531895,-0.081649
36.8110,-2495,-6.531895,-0.081649
36.8210,-2495,-6.531895,-0.081649
36.8310,-2495,-6.531895,-0.081649
36.8410,-2495,-6.531895,-0.081649
36.8510,-2495,-6.531895,-0.081649
36.8610,-2495,-6.531895,-0.081649
36.8710,-2495,-6.531895,-0.081649
36.8810,-2495,-6.531895,-0.081649
36.8910,-2495,-6.531895,-0.081649
36.9010,-2495,-6.531895,-0.081649
36.9110,-2495,-6.531895,-0.081649
36.9210,-2495,-6.531895,-0.081649
36.9310,-2495,-6.531895,-0.081649
36.9410,-2495,-6.531895,-0.081649
36.9510,-2495,-6.531895,-0.081649
36.9610,-2495,-6.531895,-0.081649
36.9710,-2495,-6.531895,-0.081649
36.9810,-2495,-6.531895,-0.081649
36.9910,-2495,-6.531895,-0.081649
37.0010,-2495,-6.531895,-0.081649
37.0110,-2495,-6.531895,-0.081649
37.0210,-2495,-6.531895,-0.081649
37.0310,-2495,-6.531895,-0.081649
37.0410,-2495,-6.531895,-0.081649
37.0510,-2495,-6.531895,-0.081649
37.0610,-2495,-6.531895,-0.081649
37.0710,-2495,-6.531895,-0.081649
37.0810,-2495,-6.531895,-0.081649
37.0910,-2495,-6.531895,-0.081649
37.1010,-2495,-6.531895,-0.081649
37.1110,-2495,-6.531895,-0.081649
37.1210,-2495,-6.531895,-0.081649
37.1310,-2495,-6.531895,-0.081649
37.1410,-2495,-6.531895,-0.081649
37.1510,-2495,-6.531895,-0.081649
37.1610,-2496,-6.534512,-0.081681
37.1710,-2496,-6.534512,-0.081681
37.1810,-2496,-6.534512,-0.081681
37.1910,-2496,-6.534512,-0.081681
37.2010,-2496,-6.534512,-0.081681
37.2120,-2496,-6.534512,-0.081681
37.2210,-2496,-6.534512,-0.081681
37.2310,-2496,-6.534512,-0.081681
37.2410,-2496,-6.534512,-0.081681
37.2510,-2496,-6.534512,-0.081681
37.2610,-2496,-6.534512,-0.081681
37.2710,-2496,-6.534512,-0.081681
37.2810,-2496,-6.534512,-0.081681
37.2910,-2496,-6.534512,-0.081681
37.3010,-2496,-6.534512,-0.081681
37.3110,-2496,-6.534512,-0.081681
37.3210,-2496,-6.534512,-0.081681
37.3310,-2496,-6.534512,-0.081681
37.3410,-2496,-6.534512,-0.081681
37.3510,-2496,-6.534512,-0.081681
37.3610,-2496,-6.534512,-0.081681
37.3710,-2496,-6.534512,-0.081681
37.3810,-2496,-6.534512,-0.081681
37.3910,-2496,-6.534512,-0.081681
37.4010,-2496,-6.534512,-0.081681
37.4110,-2496,-6.534512,-0.081681
37.4210,-2496,-6.534512,-0.081681
37.4310,-2496,-6.534512,-0.081681
37.4410,-2496,-6.534512,-0.081681
37.4510,-2496,-6.534512,-0.081681
37.4610,-2496,-6.534512,-0.081681
37.4710,-2496,-6.534512,-0.081681
37.4810,-2496,-6.534512,-0.081681
37.4910,-2496,-6.534512,-0.081681
37.5010,-2496,-6.534512,-0.081681
37.5110,-2496,-6.534512,-0.081681
37.5210,-2496,-6.534512,-0.081681
37.5310,-2496,-6.534512,-0.081681
37.5410,-2496,-6.534512,-0.081681
37.5510,-2496,-6.534512,-0.081681
37.5610,-2496,-6.534512,-0.081681
37.5710,-2496,-6.534512,-0.081681
37.5810,-2496,-6.534512,-0.081681
37.5910,-2496,-6.534512,-0.081681
37.6010,-2496,-6.534512,-0.081681
37.6110,-2496,-6.534512,-0.081681
37.6210,-2496,-6.534512,-0.081681
37.6310,-2496,-6.534512,-0.081681
37.6410,-2496,-6.534512,-0.081681
37.6510,-2496,-6.534512,-0.081681
37.6610,-2496,-6.534512,-0.081681
37.6710,-2496,-6.534512,-0.081681
37.6810,-2496,-6.534512,-0.081681
37.6910,-2496,-6.534512,-0.081681
37.7010,-2496,-6.534512,-0.081681
37.7110,-2496,-6.534512,-0.081681
37.7210,-2496,-6.534512,-0.081681
37.7310,-2496,-6.534512,-0.081681
37.7410,-2496,-6.534512,-0.081681
37.7510,-2496,-6.534512,-0.081681
37.7610,-2496,-6.534512,-0.081681
37.7710,-2496,-6.534512,-0.081681
37.7810,-2496,-6.534512,-0.081681
37.7910,-2496,-6.534512,-0.081681
37.8010,-2496,-6.534512,-0.081681
37.8110,-2496,-6.534512,-0.081681
37.8210,-2496,-6.534512,-0.081681
37.8310,-2496,-6.534512,-0.081681
37.8410,-2496,-6.534512,-0.081681
37.8520,-2496,-6.534512,-0.081681
37.8610,-2496,-6.534512,-0.081681
37.8710,-2496,-6.534512,-0.081681
37.8810,-2496,-6.534512,-0.081681
37.8910,-2496,-6.534512,-0.081681
37.9010,-2496,-6.534512,-0.081681
37.9110,-2496,-6.534512,-0.081681
37.9210,-2496,-6.534512,-0.081681
37.9310,-2496,-6.534512,-0.081681
37.9410,-2496,-6.534512,-0.081681
37.9510,-2497,-6.537131,-0.081714
37.9610,-2497,-6.537131,-0.081714
37.9710,-2497,-6.537131,-0.081714
37.9810,-2497,-6.537131,-0.081714
37.9910,-2497,-6.537131,-0.081714
38.0010,-2497,-6.537131,-0.081714
38.0110,-2497,-6.537131,-0.081714
38.0210,-2497,-6.537131,-0.081714
38.0310,-2497,-6.537131,-0.081714
38.0410,-2497,-6.537131,-0.081714
38.0510,-2497,-6.537131,-0.081714
38.0610,-2497,-6.537131,-0.081714
38.0710,-2497,-6.537131,-0.081714
38.0810,-2497,-6.537131,-0.081714
38.0910,-2497,-6.537131,-0.081714
38.1010,-2497,-6.537131,-0.081714
38.1110,-2497,-6.537131,-0.081714
38.1210,-2497,-6.537131,-0.081714
38.1310,-2497,-6.537131,-0.081714
38.1410,-2497,-6.537131,-0.081714
38.1510,-2497,-6.537131,-0.081714
38.1610,-2497,-6.537131,-0.081714
38.1710,-2497,-6.537131,-0.081714
38.1810,-2497,-6.537131,-0.081714
38.1910,-2497,-6.537131,-0.081714
38.2010,-2497,-6.537131,-0.081714
38.2110,-2497,-6.537131,-0.081714
38.2210,-2497,-6.537131,-0.081714
38.2310,-2497,-6.537131,-0.081714
38.2410,-2497,-6.537131,-0.081714
38.2510,-2497,-6.537131,-0.081714
38.2610,-2497,-6.537131,-0.081714
38.2710,-2497,-6.537131,-0.081714
38.2810,-2497,-6.537131,-0.081714
38.2910,-2497,-6.537131,-0.081714
38.3010,-2497,-6.537131,-0.081714
38.3110,-2497,-6.537131,-0.081714
38.3210,-2497,-6.537131,-0.081714
38.3310,-2497,-6.537131,-0.081714
38.3410,-2497,-6.537131,-0.081714
38.3510,-2497,-6.537131,-0.081714
38.3610,-2497,-6.537131,-0.081714
38.3710,-2497,-6.537131,-0.081714
38.3810,-2497,-6.537131,-0.081714
38.3910,-2497,-6.537131,-0.081714
38.4010,-2497,-6.537131,-0.081714
38.4110,-2497,-6.537131,-0.081714
38.4210,-2497,-6.537131,-0.081714
38.4310,-2497,-6.537131,-0.081714
38.4410,-2497,-6.537131,-0.081714
38.4510,-2497,-6.537131,-0.081714
38.4610,-2497,-6.537131,-0.081714
38.4710,-2497,-6.537131,-0.081714
38.4810,-2497,-6.537131,-0.081714
38.4920,-2497,-6.537131,-0.081714
38.5010,-2497,-6.537131,-0.081714
38.5110,-2497,-6.537131,-0.081714
38.5210,-2497,-6.537131,-0.081714
38.5310,-2497,-6.537131,-0.081714
38.5410,-2497,-6.537131,-0.081714
38.5510,-2497,-6.537131,-0.081714
38.5610,-2497,-6.537131,-0.081714
38.5710,-2497,-6.537131,-0.081714
38.5810,-2497,-6.537131,-0.081714
38.5910,-2497,-6.537131,-0.081714
38.6010,-2497,-6.537131,-0.081714
38.6110,-2497,-6.537131,-0.081714
38.6210,-2497,-6.537131,-0.081714
38.6310,-2497,-6.537131,-0.081714
38.6410,-2497,-6.537131,-0.081714
38.6510,-2497,-6.537131,-0.081714
38.6610,-2497,-6.537131,-0.081714
38.6710,-2497,-6.537131,-0.081714
38.6810,-2497,-6.537131,-0.081714
38.6910,-2497,-6.537131,-0.081714
38.7010,-2497,-6.537131,-0.081714
38.7110,-2497,-6.537131,-0.081714
38.7210,-2497,-6.537131,-0.081714
38.7310,-2497,-6.537131,-0.081714
38.7410,-2497,-6.537131,-0.081714
38.7510,-2497,-6.537131,-0.081714
38.7610,-2497,-6.537131,-0.081714
38.7710,-2497,-6.537131,-0.081714
38.7810,-2497,-6.537131,-0.081714
38.7910,-2497,-6.537131,-0.081714
38.8010,-2497,-6.537131,-0.081714
38.8110,-2497,-6.537131,-0.081714
38.8210,-2497,-6.537131,-0.081714
38.8310,-2498,-6.539749,-0.081747
38.8410,-2498,-6.539749,-0.081747
38.8510,-2498,-6.539749,-0.081747
38.8610,-2498,-6.539749,-0.081747
38.8710,-2498,-6.539749,-0.081747
38.8810,-2498,-6.539749,-0.081747
38.8910,-2498,-6.539749,-0.081747
38.9010,-2498,-6.539749,-0.081747
38.9110,-2498,-6.539749,-0.081747
38.9210,-2498,-6.539749,-0.081747
38.9310,-2498,-6.539749,-0.081747
38.9410,-2498,-6.539749,-0.081747
38.9510,-2498,-6.539749,-0.081747
38.9610,-2498,-6.539749,-0.081747
38.9710,-2498,-6.539749,-0.081747
38.9810,-2498,-6.539749,-0.081747
38.9910,-2498,-6.539749,-0.081747
39.0010,-2498,-6.539749,-0.081747
39.0110,-2498,-6.539749,-0.081747
39.0210,-2498,-6.539749,-0.081747
39.0310,-2498,-6.539749,-0.081747
39.0410,-2498,-6.539749,-0.081747
39.0510,-2498,-6.539749,-0.081747
39.0610,-2498,-6.539749,-0.081747
39.0710,-2498,-6.539749,-0.081747
39.0810,-2498,-6.539749,-0.081747
39.0910,-2498,-6.539749,-0.081747
39.1010,-2498,-6.539749,-0.081747
39.1110,-2498,-6.539749,-0.081747
39.1210,-2498,-6.539749,-0.081747
39.1320,-2498,-6.539749,-0.081747
39.1410,-2498,-6.539749,-0.081747
39.1510,-2498,-6.539749,-0.081747
39.1610,-2498,-6.539749,-0.081747
39.1710,-2498,-6.539749,-0.081747
39.1810,-2498,-6.539749,-0.081747
39.1910,-2498,-6.539749,-0.081747
39.2010,-2498,-6.539749,-0.081747
39.2110,-2498,-6.539749,-0.081747
39.2210,-2498,-6.539749,-0.081747
39.2310,-2498,-6.539749,-0.081747
39.2410,-2498,-6.539749,-0.081747
39.2510,-2498,-6.539749,-0.081747
39.2610,-2498,-6.539749,-0.081747
39.2710,-2498,-6.539749,-0.081747
39.2810,-2498,-6.539749,-0.081747
39.2910,-2498,-6.539749,-0.081747
39.3010,-2498,-6.539749,-0.081747
39.3110,-2498,-6.539749,-0.081747
39.3210,-2498,-6.539749,-0.081747
39.3310,-2498,-6.539749,-0.081747
39.3410,-2498,-6.539749,-0.081747
39.3510,-2498,-6.539749,-0.081747
39.3610,-2498,-6.539749,-0.081747
39.3710,-2498,-6.539749,-0.081747
39.3810,-2498,-6.539749,-0.081747
39.3910,-2498,-6.539749,-0.081747
39.4010,-2498,-6.539749,-0.081747
39.4110,-2498,-6.539749,-0.081747
39.4210,-2498,-6.539749,-0.081747
39.4310,-2498,-6.539749,-0.081747
39.4410,-2498,-6.539749,-0.081747
39.4510,-2498,-6.539749,-0.081747
39.4610,-2498,-6.539749,-0.081747
39.4710,-2498,-6.539749,-0.081747
39.4810,-2498,-6.539749,-0.081747
39.4910,-2498,-6.539749,-0.081747
39.5010,-2498,-6.539749,-0.081747
39.5110,-2498,-6.539749,-0.081747
39.5210,-2498,-6.539749,-0.081747
39.5310,-2498,-6.539749,-0.081747
39.5410,-2498,-6.539749,-0.081747
39.5510,-2498,-6.539749,-0.081747
39.5610,-2498,-6.539749,-0.081747
39.5710,-2498,-6.539749,-0.081747
39.5810,-2498,-6.539749,-0.081747
39.5910,-2498,-6.539749,-0.081747
39.6010,-2498,-6.539749,-0.081747
39.6110,-2498,-6.539749,-0.081747
39.6210,-2499,-6.542367,-0.081780
39.6310,-2499,-6.542367,-0.081780
39.6410,-2499,-6.542367,-0.081780
39.6510,-2499,-6.542367,-0.081780
39.6610,-2499,-6.542367,-0.081780
39.6710,-2499,-6.542367,-0.081780
39.6810,-2499,-6.542367,-0.081780
39.6910,-2499,-6.542367,-0.081780
39.7010,-2499,-6.542367,-0.081780
39.7110,-2499,-6.542367,-0.081780
39.7210,-2499,-6.542367,-0.081780
39.7310,-2499,-6.542367,-0.081780
39.7410,-2499,-6.542367,-0.081780
39.7510,-2499,-6.542367,-0.081780
39.7610,-2499,-6.542367,-0.081780
39.7720,-2499,-6.542367,-0.081780
39.7810,-2499,-6.542367,-0.081780
39.7910,-2499,-6.542367,-0.081780
39.8010,-2499,-6.542367,-0.081780
39.8110,-2499,-6.542367,-0.081780
39.8210,-2499,-6.542367,-0.081780
39.8310,-2499,-6.542367,-0.081780
39.8410,-2499,-6.542367,-0.081780
39.8510,-2499,-6.542367,-0.081780
39.8610,-2499,-6.542367,-0.081780
39.8710,-2499,-6.542367,-0.081780
39.8810,-2499,-6.542367,-0.081780
39.8910,-2499,-6.542367,-0.081780
39.9010,-2499,-6.542367,-0.081780
39.9110,-2499,-6.542367,-0.081780
39.9210,-2499,-6.542367,-0.081780
39.9310,-2499,-6.542367,-0.081780
39.9410,-2499,-6.542367,-0.081780
39.9510,-2499,-6.542367,-0.081780
39.9610,-2499,-6.542367,-0.081780
39.9710,-2499,-6.542367,-0.081780
39.9810,-2499,-6.542367,-0.081780
39.9910,-2499,-6.542367,-0.081780
40.0010,-2499,-6.542367,-0.081780
40.0110,-2499,-6.542367,-0.081780
40.0210,-2499,-6.542367,-0.081780
40.0310,-2499,-6.542367,-0.081780
40.0410,-2499,-6.542367,-0.081780
40.0510,-2499,-6.542367,-0.081780
40.0610,-2499,-6.542367,-0.081780
40.0710,-2499,-6.542367,-0.081780
40.0810,-2499,-6.542367,-0.081780
40.0910,-2499,-6.542367,-0.081780
40.1010,-2499,-6.542367,-0.081780
40.1110,-2499,-6.542367,-0.081780
40.1210,-2499,-6.542367,-0.081780
40.1310,-2499,-6.542367,-0.081780
40.1410,-2499,-6.542367,-0.081780
40.1510,-2499,-6.542367,-0.081780
40.1610,-2499,-6.542367,-0.081780
40.1710,-2499,-6.542367,-0.081780
40.1810,-2499,-6.542367,-0.081780
40.1910,-2499,-6.542367,-0.081780
40.2010,-2499,-6.542367,-0.081780
40.2110,-2499,-6.542367,-0.081780
40.2210,-2499,-6.542367,-0.081780
40.2310,-2499,-6.542367,-0.081780
40.2410,-2499,-6.542367,-0.081780
40.2510,-2499,-6.542367,-0.081780
40.2610,-2499,-6.542367,-0.081780
40.2710,-2499,-6.542367,-0.081780
40.2810,-2499,-6.542367,-0.081780
40.2910,-2499,-6.542367,-0.081780
40.3010,-2499,-6.542367,-0.081780
40.3110,-2499,-6.542367,-0.081780
40.3210,-2499,-6.542367,-0.081780
40.3310,-2500,-6.544985,-0.081812
40.3410,-2500,-6.544985,-0.081812
40.3510,-2500,-6.544985,-0.081812
40.3610,-2500,-6.544985,-0.081812
40.3710,-2500,-6.544985,-0.081812
40.3810,-2500,-6.544985,-0.081812
40.3910,-2500,-6.544985,-0.081812
40.4010,-2500,-6.544985,-0.081812
40.4120,-2500,-6.544985,-0.081812
40.4210,-2500,-6.544985,-0.081812
40.4310,-2500,-6.544985,-0.081812
40.4410,-2500,-6.544985,-0.081812
40.4510,-2500,-6.544985,-0.081812
40.4610,-2500,-6.544985,-0.081812
40.4710,-2500,-6.544985,-0.081812
40.4810,-2500,-6.544985,-0.081812
40.4910,-2500,-6.544985,-0.081812
40.5010,-2500,-6.544985,-0.081812
40.5110,-2500,-6.544985,-0.081812
40.5210,-2500,-6.544985,-0.081812
40.5310,-2500,-6.544985,-0.081812
40.5410,-2500,-6.544985,-0.081812
40.5510,-2500,-6.544985,-0.081812
40.5610,-2500,-6.544985,-0.081812
40.5710,-2500,-6.544985,-0.081812
40.5810,-2500,-6.544985,-0.081812
40.5910,-2500,-6.544985,-0.081812
40.6010,-2500,-6.544985,-0.081812
40.6110,-2500,-6.544985,-0.081812
40.6210,-2500,-6.544985,-0.081812
40.6310,-2500,-6.544985,-0.081812
40.6410,-2500,-6.544985,-0.081812
40.6510,-2500,-6.544985,-0.081812
40.6610,-2500,-6.544985,-0.081812
40.6710,-2500,-6.544985,-0.081812
40.6810,-2500,-6.544985,-0.081812
40.6910,-2500,-6.544985,-0.081812
40.7010,-2500,-6.544985,-0.081812
40.7110,-2500,-6.544985,-0.081812
40.7210,-2500,-6.544985,-0.081812
40.7310,-2500,-6.544985,-0.081812
40.7410,-2500,-6.544985,-0.081812
40.7510,-2500,-6.544985,-0.081812
40.7610,-2500,-6.544985,-0.081812
40.7710,-2500,-6.544985,-0.081812
40.7810,-2500,-6.544985,-0.081812
40.7910,-2500,-6.544985,-0.081812
40.8010,-2501,-6.547603,-0.081845
40.8110,-2501,-6.547603,-0.081845
40.8210,-2501,-6.547603,-0.081845
40.8310,-2501,-6.547603,-0.081845
40.8410,-2501,-6.547603,-0.081845
40.8510,-2501,-6.547603,-0.081845
40.8610,-2501,-6.547603,-0.081845
40.8710,-2501,-6.547603,-0.081845
40.8810,-2501,-6.547603,-0.081845
40.8910,-2501,-6.547603,-0.081845
40.9010,-2501,-6.547603,-0.081845
40.9110,-2501,-6.547603,-0.081845
40.9210,-2501,-6.547603,-0.081845
40.9310,-2501,-6.547603,-0.081845
40.9410,-2501,-6.547603,-0.081845
40.9510,-2501,-6.547603,-0.081845
40.9610,-2501,-6.547603,-0.081845
40.9710,-2501,-6.547603,-0.081845
40.9810,-2501,-6.547603,-0.081845
40.9910,-2501,-6.547603,-0.081845
41.0010,-2501,-6.547603,-0.081845
41.0110,-2501,-6.547603,-0.081845
41.0210,-2501,-6.547603,-0.081845
41.0310,-2501,-6.547603,-0.081845
41.0410,-2501,-6.547603,-0.081845
41.0520,-2501,-6.547603,-0.081845
41.0610,-2501,-6.547603,-0.081845
41.0710,-2501,-6.547603,-0.081845
41.0810,-2501,-6.547603,-0.081845
41.0910,-2501,-6.547603,-0.081845
41.1010,-2501,-6.547603,-0.081845
41.1110,-2501,-6.547603,-0.081845
41.1210,-2501,-6.547603,-0.081845
41.1310,-2501,-6.547603,-0.081845
41.1410,-2501,-6.547603,-0.081845
41.1510,-2501,-6.547603,-0.081845
41.1610,-2501,-6.547603,-0.081845
41.1710,-2501,-6.547603,-0.081845
41.1810,-2501,-6.547603,-0.081845
41.1910,-2501,-6.547603,-0.081845
41.2010,-2501,-6.547603,-0.081845
41.2110,-2501,-6.547603,-0.081845
41.2210,-2502,-6.550221,-0.081878
41.2310,-2502,-6.550221,-0.081878
41.2410,-2502,-6.550221,-0.081878
41.2510,-2502,-6.550221,-0.081878
41.2610,-2502,-6.550221,-0.081878
41.2710,-2502,-6.550221,-0.081878
41.2810,-2502,-6.550221,-0.081878
41.2910,-2502,-6.550221,-0.081878
41.3010,-2502,-6.550221,-0.081878
41.3110,-2502,-6.550221,-0.081878
41.3210,-2502,-6.550221,-0.081878
41.3310,-2502,-6.550221,-0.081878
41.3410,-2502,-6.550221,-0.081878
41.3510,-2502,-6.550221,-0.081878
41.3610,-2502,-6.550221,-0.081878
41.3710,-2502,-6.550221,-0.081878
41.3810,-2502,-6.550221,-0.081878
41.3910,-2502,-6.550221,-0.081878
41.4010,-2502,-6.550221,-0.081878
41.4110,-2502,-6.550221,-0.081878
41.4210,-2502,-6.550221,-0.081878
41.4310,-2502,-6.550221,-0.081878
41.4410,-2502,-6.550221,-0.081878
41.4510,-2502,-6.550221,-0.081878
41.4610,-2502,-6.550221,-0.081878
41.4710,-2502,-6.550221,-0.081878
41.4810,-2502,-6.550221,-0.081878
41.4910,-2502,-6.550221,-0.081878
41.5010,-2502,-6.550221,-0.081878
41.5110,-2502,-6.550221,-0.081878
41.5210,-2502,-6.550221,-0.081878
41.5310,-2502,-6.550221,-0.081878
41.5410,-2502,-6.550221,-0.081878
41.5510,-2502,-6.550221,-0.081878
41.5610,-2502,-6.550221,-0.081878
41.5710,-2502,-6.550221,-0.081878
41.5810,-2502,-6.550221,-0.081878
41.5910,-2502,-6.550221,-0.081878
41.6010,-2502,-6.550221,-0.081878
41.6110,-2502,-6.550221,-0.081878
41.6210,-2502,-6.550221,-0.081878
41.6310,-2502,-6.550221,-0.081878
41.6410,-2502,-6.550221,-0.081878
41.6510,-2502,-6.550221,-0.081878
41.6610,-2502,-6.550221,-0.081878
41.6710,-2502,-6.550221,-0.081878
41.6810,-2502,-6.550221,-0.081878
41.6920,-2502,-6.550221,-0.081878
41.7010,-2502,-6.550221,-0.081878
41.7110,-2502,-6.550221,-0.081878
41.7210,-2502,-6.550221,-0.081878
41.7310,-2502,-6.550221,-0.081878
41.7410,-2502,-6.550221,-0.081878
41.7510,-2502,-6.550221,-0.081878
41.7610,-2502,-6.550221,-0.081878
41.7710,-2502,-6.550221,-0.081878
41.7810,-2502,-6.550221,-0.081878
41.7910,-2503,-6.552839,-0.081910
41.8010,-2503,-6.552839,-0.081910
41.8110,-2503,-6.552839,-0.081910
41.8210,-2503,-6.552839,-0.081910
41.8310,-2503,-6.552839,-0.081910
41.8410,-2503,-6.552839,-0.081910
41.8510,-2503,-6.552839,-0.081910
41.8610,-2503,-6.552839,-0.081910
41.8710,-2503,-6.552839,-0.081910
41.8810,-2503,-6.552839,-0.081910
41.8910,-2503,-6.552839,-0.081910
41.9010,-2503,-6.552839,-0.081910
41.9110,-2503,-6.552839,-0.081910
41.9210,-2503,-6.552839,-0.081910
41.9310,-2503,-6.552839,-0.081910
41.9410,-2503,-6.552839,-0.081910
41.9510,-2503,-6.552839,-0.081910
41.9610,-2503,-6.552839,-0.081910
41.9710,-2503,-6.552839,-0.081910
41.9810,-2503,-6.552839,-0.081910
41.9910,-2503,-6.552839,-0.081910
42.0010,-2503,-6.552839,-0.081910
42.0110,-2503,-6.552839,-0.081910
42.0210,-2503,-6.552839,-0.081910
42.0310,-2503,-6.552839,-0.081910
42.0410,-2503,-6.552839,-0.081910
42.0510,-2503,-6.552839,-0.081910
42.0610,-2503,-6.552839,-0.081910
42.0710,-2503,-6.552839,-0.081910
42.0810,-2503,-6.552839,-0.081910
42.0910,-2503,-6.552839,-0.081910
42.1010,-2503,-6.552839,-0.081910
42.1110,-2503,-6.552839,-0.081910
42.1210,-2503,-6.552839,-0.081910
42.1310,-2503,-6.552839,-0.081910
42.1410,-2503,-6.552839,-0.081910
42.1510,-2503,-6.552839,-0.081910
42.1610,-2503,-6.552839,-0.081910
42.1710,-2503,-6.552839,-0.081910
42.1810,-2503,-6.552839,-0.081910
42.1910,-2503,-6.552839,-0.081910
42.2010,-2504,-6.555457,-0.081943
42.2110,-2504,-6.555457,-0.081943
42.2210,-2504,-6.555457,-0.081943
42.2310,-2504,-6.555457,-0.081943
42.2410,-2504,-6.555457,-0.081943
42.2510,-2504,-6.555457,-0.081943
42.2610,-2504,-6.555457,-0.081943
42.2710,-2504,-6.555457,-0.081943
42.2810,-2504,-6.555457,-0.081943
42.2910,-2504,-6.555457,-0.081943
42.3010,-2504,-6.555457,-0.081943
42.3110,-2504,-6.555457,-0.081943
42.3210,-2504,-6.555457,-0.081943
42.3320,-2504,-6.555457,-0.081943
42.3410,-2504,-6.555457,-0.081943
42.3510,-2504,-6.555457,-0.081943
42.3610,-2504,-6.555457,-0.081943
42.3710,-2504,-6.555457,-0.081943
42.3810,-2504,-6.555457,-0.081943
42.3910,-2504,-6.555457,-0.081943
42.4010,-2504,-6.555457,-0.081943
42.4110,-2504,-6.555457,-0.081943
42.4210,-2504,-6.555457,-0.081943
42.4310,-2505,-6.558075,-0.081976
42.4410,-2505,-6.558075,-0.081976
42.4510,-2505,-6.558075,-0.081976
42.4610,-2505,-6.558075,-0.081976
42.4710,-2505,-6.558075,-0.081976
42.4810,-2505,-6.558075,-0.081976
42.4910,-2505,-6.558075,-0.081976
42.5010,-2505,-6.558075,-0.081976
42.5110,-2505,-6.558075,-0.081976
42.5210,-2505,-6.558075,-0.081976
42.5310,-2505,-6.558075,-0.081976
42.5410,-2505,-6.558075,-0.081976
42.5510,-2505,-6.558075,-0.081976
42.5610,-2505,-6.558075,-0.081976
42.5710,-2505,-6.558075,-0.081976
42.5810,-2505,-6.558075,-0.081976
42.5910,-2505,-6.558075,-0.081976
42.6010,-2505,-6.558075,-0.081976
42.6110,-2505,-6.558075,-0.081976
42.6210,-2505,-6.558075,-0.081976
42.6310,-2505,-6.558075,-0.081976
42.6410,-2505,-6.558075,-0.081976
42.6510,-2505,-6.558075,-0.081976
42.6610,-2505,-6.558075,-0.081976
42.6710,-2505,-6.558075,-0.081976
42.6810,-2505,-6.558075,-0.081976
42.6910,-2505,-6.558075,-0.081976
42.7010,-2506,-6.560693,-0.082009
42.7110,-2506,-6.560693,-0.082009
42.7210,-2506,-6.560693,-0.082009
42.7310,-2506,-6.560693,-0.082009
42.7410,-2506,-6.560693,-0.082009
42.7510,-2506,-6.560693,-0.082009
42.7610,-2506,-6.560693,-0.082009
42.7710,-2506,-6.560693,-0.082009
42.7810,-2506,-6.560693,-0.082009
42.7910,-2506,-6.560693,-0.082009
42.8010,-2506,-6.560693,-0.082009
42.8110,-2506,-6.560693,-0.082009
42.8210,-2506,-6.560693,-0.082009
42.8310,-2506,-6.560693,-0.082009
42.8410,-2506,-6.560693,-0.082009
42.8510,-2506,-6.560693,-0.082009
42.8610,-2506,-6.560693,-0.082009
42.8710,-2506,-6.560693,-0.082009
42.8810,-2506,-6.560693,-0.082009
42.8910,-2506,-6.560693,-0.082009
42.9010,-2506,-6.560693,-0.082009
42.9110,-2506,-6.560693,-0.082009
42.9210,-2506,-6.560693,-0.082009
42.9310,-2507,-6.563311,-0.082041
42.9410,-2507,-6.563311,-0.082041
42.9510,-2507,-6.563311,-0.082041
42.9610,-2507,-6.563311,-0.082041
42.9720,-2507,-6.563311,-0.082041
42.9810,-2507,-6.563311,-0.082041
42.9910,-2507,-6.563311,-0.082041
43.0010,-2507,-6.563311,-0.082041
43.0110,-2507,-6.563311,-0.082041
43.0210,-2507,-6.563311,-0.082041
43.0310,-2507,-6.563311,-0.082041
43.0410,-2507,-6.563311,-0.082041
43.0510,-2507,-6.563311,-0.082041
43.0610,-2507,-6.563311,-0.082041
43.0710,-2507,-6.563311,-0.082041
43.0810,-2507,-6.563311,-0.082041
43.0910,-2507,-6.563311,-0.082041
43.1010,-2507,-6.563311,-0.082041
43.1110,-2507,-6.563311,-0.082041
43.1210,-2507,-6.563311,-0.082041
43.1310,-2508,-6.565928,-0.082074
43.1410,-2508,-6.565928,-0.082074
43.1510,-2508,-6.565928,-0.082074
43.1610,-2508,-6.565928,-0.082074
43.1710,-2508,-6.565928,-0.082074
43.1810,-2508,-6.565928,-0.082074
43.1910,-2508,-6.565928,-0.082074
43.2010,-2508,-6.565928,-0.082074
43.2110,-2508,-6.565928,-0.082074
43.2210,-2508,-6.565928,-0.082074
43.2310,-2508,-6.565928,-0.082074
43.2410,-2508,-6.565928,-0.082074
43.2510,-2508,-6.565928,-0.082074
43.2610,-2508,-6.565928,-0.082074
43.2710,-2508,-6.565928,-0.082074
43.2810,-2508,-6.565928,-0.082074
43.2910,-2508,-6.565928,-0.082074
43.3010,-2508,-6.565928,-0.082074
43.3110,-2508,-6.565928,-0.082074
43.3210,-2508,-6.565928,-0.082074
43.3310,-2509,-6.568547,-0.082107
43.3410,-2509,-6.568547,-0.082107
43.3510,-2509,-6.568547,-0.082107
43.3610,-2509,-6.568547,-0.082107
43.3710,-2509,-6.568547,-0.082107
43.3810,-2509,-6.568547,-0.082107
43.3910,-2509,-6.568547,-0.082107
43.4010,-2509,-6.568547,-0.082107
43.4110,-2509,-6.568547,-0.082107
43.4210,-2509,-6.568547,-0.082107
43.4310,-2509,-6.568547,-0.082107
43.4410,-2509,-6.568547,-0.082107
43.4510,-2509,-6.568547,-0.082107
43.4610,-2509,-6.568547,-0.082107
43.4710,-2509,-6.568547,-0.082107
43.4810,-2509,-6.568547,-0.082107
43.4910,-2509,-6.568547,-0.082107
43.5010,-2510,-6.571165,-0.082140
43.5110,-2510,-6.571165,-0.082140
43.5210,-2510,-6.571165,-0.082140
43.5310,-2510,-6.571165,-0.082140
43.5410,-2510,-6.571165,-0.082140
43.5510,-2510,-6.571165,-0.082140
43.5610,-2510,-6.571165,-0.082140
43.5710,-2510,-6.571165,-0.082140
43.5810,-2510,-6.571165,-0.082140
43.5910,-2510,-6.571165,-0.082140
43.6010,-2510,-6.571165,-0.082140
43.6120,-2510,-6.571165,-0.082140
43.6210,-2510,-6.571165,-0.082140
43.6310,-2510,-6.571165,-0.082140
43.6410,-2510,-6.571165,-0.082140
43.6510,-2510,-6.571165,-0.082140
43.6610,-2510,-6.571165,-0.082140
43.6710,-2510,-6.571165,-0.082140
43.6810,-2510,-6.571165,-0.082140
43.6910,-2510,-6.571165,-0.082140
43.7010,-2511,-6.573783,-0.082172
43.7110,-2511,-6.573783,-0.082172
43.7210,-2511,-6.573783,-0.082172
43.7310,-2511,-6.573783,-0.082172
43.7410,-2511,-6.573783,-0.082172
43.7510,-2511,-6.573783,-0.082172
43.7610,-2511,-6.573783,-0.082172
43.7710,-2511,-6.573783,-0.082172
43.7810,-2511,-6.573783,-0.082172
43.7910,-2511,-6.573783,-0.082172
43.8010,-2511,-6.573783,-0.082172
43.8110,-2511,-6.573783,-0.082172
43.8210,-2511,-6.573783,-0.082172
43.8310,-2511,-6.573783,-0.082172
43.8410,-2511,-6.573783,-0.082172
43.8510,-2511,-6.573783,-0.082172
43.8610,-2511,-6.573783,-0.082172
43.8710,-2511,-6.573783,-0.082172
43.8810,-2511,-6.573783,-0.082172
43.8910,-2511,-6.573783,-0.082172
43.9010,-2512,-6.576401,-0.082205
43.9110,-2512,-6.576401,-0.082205
43.9210,-2512,-6.576401,-0.082205
43.9310,-2512,-6.576401,-0.082205
43.9410,-2512,-6.576401,-0.082205
43.9510,-2512,-6.576401,-0.082205
43.9610,-2512,-6.576401,-0.082205
43.9710,-2512,-6.576401,-0.082205
43.9810,-2512,-6.576401,-0.082205
43.9910,-2512,-6.576401,-0.082205
44.0010,-2512,-6.576401,-0.082205
44.0110,-2512,-6.576401,-0.082205
44.0210,-2512,-6.576401,-0.082205
44.0310,-2512,-6.576401,-0.082205
44.0410,-2513,-6.579019,-0.082238
44.0510,-2513,-6.579019,-0.082238
44.0610,-2513,-6.579019,-0.082238
44.0710,-2513,-6.579019,-0.082238
44.0810,-2513,-6.579019,-0.082238
44.0910,-2513,-6.579019,-0.082238
44.1010,-2513,-6.579019,-0.082238
44.1110,-2513,-6.579019,-0.082238
44.1210,-2513,-6.579019,-0.082238
44.1310,-2513,-6.579019,-0.082238
44.1410,-2513,-6.579019,-0.082238
44.1510,-2513,-6.579019,-0.082238
44.1610,-2513,-6.579019,-0.082238
44.1710,-2513,-6.579019,-0.082238
44.1810,-2513,-6.579019,-0.082238
44.1910,-2513,-6.579019,-0.082238
44.2010,-2514,-6.581637,-0.082270
44.2110,-2514,-6.581637,-0.082270
44.2210,-2514,-6.581637,-0.082270
44.2310,-2514,-6.581637,-0.082270
44.2410,-2514,-6.581637,-0.082270
44.2520,-2514,-6.581637,-0.082270
44.2610,-2514,-6.581637,-0.082270
44.2710,-2514,-6.581637,-0.082270
44.2810,-2514,-6.581637,-0.082270
44.2910,-2514,-6.581637,-0.082270
44.3010,-2515,-6.584255,-0.082303
44.3110,-2515,-6.584255,-0.082303
44.3210,-2515,-6.584255,-0.082303
44.3310,-2515,-6.584255,-0.082303
44.3410,-2515,-6.584255,-0.082303
44.3510,-2515,-6.584255,-0.082303
44.3610,-2515,-6.584255,-0.082303
44.3710,-2515,-6.584255,-0.082303
44.3810,-2515,-6.584255,-0.082303
44.3910,-2515,-6.584255,-0.082303
44.4010,-2515,-6.584255,-0.082303
44.4110,-2515,-6.584255,-0.082303
44.4210,-2515,-6.584255,-0.082303
44.4310,-2515,-6.584255,-0.082303
44.4410,-2516,-6.586873,-0.082336
44.4510,-2516,-6.586873,-0.082336
44.4610,-2516,-6.586873,-0.082336
44.4710,-2516,-6.586873,-0.082336
44.4810,-2516,-6.586873,-0.082336
44.4910,-2516,-6.586873,-0.082336
44.5010,-2516,-6.586873,-0.082336
44.5110,-2516,-6.586873,-0.082336
44.5210,-2516,-6.586873,-0.082336
44.5310,-2516,-6.586873,-0.082336
44.5410,-2516,-6.586873,-0.082336
44.5510,-2516,-6.586873,-0.082336
44.5610,-2516,-6.586873,-0.082336
44.5710,-2517,-6.589491,-0.082369
44.5810,-2517,-6.589491,-0.082369
44.5910,-2517,-6.589491,-0.082369
44.6010,-2517,-6.589491,-0.082369
44.6110,-2517,-6.589491,-0.082369
44.6210,-2517,-6.589491,-0.082369
44.6310,-2517,-6.589491,-0.082369
44.6410,-2517,-6.589491,-0.082369
44.6510,-2517,-6.589491,-0.082369
44.6610,-2517,-6.589491,-0.082369
44.6710,-2518,-6.592109,-0.082401
44.6810,-2518,-6.592109,-0.082401
44.6910,-2518,-6.592109,-0.082401
44.7010,-2518,-6.592109,-0.082401
44.7110,-2518,-6.592109,-0.082401
44.7210,-2518,-6.592109,-0.082401
44.7310,-2518,-6.592109,-0.082401
44.7410,-2518,-6.592109,-0.082401
44.7510,-2518,-6.592109,-0.082401
44.7610,-2518,-6.592109,-0.082401
44.7710,-2519,-6.594727,-0.082434
44.7810,-2519,-6.594727,-0.082434
44.7910,-2519,-6.594727,-0.082434
44.8010,-2519,-6.594727,-0.082434
44.8110,-2519,-6.594727,-0.082434
44.8210,-2519,-6.594727,-0.082434
44.8310,-2519,-6.594727,-0.082434
44.8410,-2519,-6.594727,-0.082434
44.8510,-2519,-6.594727,-0.082434
44.8610,-2519,-6.594727,-0.082434
44.8710,-2520,-6.597344,-0.082467
44.8810,-2520,-6.597344,-0.082467
44.8920,-2520,-6.597344,-0.082467
44.9010,-2520,-6.597344,-0.082467
44.9110,-2520,-6.597344,-0.082467
44.9210,-2520,-6.597344,-0.082467
44.9310,-2520,-6.597344,-0.082467
44.9410,-2521,-6.599963,-0.082500
44.9510,-2521,-6.599963,-0.082500
44.9610,-2521,-6.599963,-0.082500
44.9710,-2521,-6.599963,-0.082500
44.9810,-2521,-6.599963,-0.082500
44.9910,-2521,-6.599963,-0.082500
45.0010,-2521,-6.599963,-0.082500
45.0110,-2522,-6.602581,-0.082532
45.0210,-2522,-6.602581,-0.082532
45.0310,-2522,-6.602581,-0.082532
45.0410,-2522,-6.602581,-0.082532
45.0510,-2522,-6.602581,-0.082532
45.0610,-2522,-6.602581,-0.082532
45.0710,-2522,-6.602581,-0.082532
45.0810,-2522,-6.602581,-0.082532
45.0910,-2523,-6.605198,-0.082565
45.1010,-2523,-6.605198,-0.082565
45.1110,-2523,-6.605198,-0.082565
45.1210,-2523,-6.605198,-0.082565
45.1310,-2523,-6.605198,-0.082565
45.1410,-2523,-6.605198,-0.082565
45.1510,-2523,-6.605198,-0.082565
45.1610,-2523,-6.605198,-0.082565
45.1710,-2524,-6.607816,-0.082598
45.1810,-2524,-6.607816,-0.082598
45.1910,-2524,-6.607816,-0.082598
45.2010,-2524,-6.607816,-0.082598
45.2110,-2524,-6.607816,-0.082598
45.2210,-2524,-6.607816,-0.082598
45.2310,-2524,-6.607816,-0.082598
45.2410,-2525,-6.610435,-0.082630
45.2510,-2525,-6.610435,-0.082630
45.2610,-2525,-6.610435,-0.082630
45.2710,-2525,-6.610435,-0.082630
45.2810,-2525,-6.610435,-0.082630
45.2910,-2525,-6.610435,-0.082630
45.3010,-2525,-6.610435,-0.082630
45.3110,-2525,-6.610435,-0.082630
45.3210,-2525,-6.610435,-0.082630
45.3310,-2525,-6.610435,-0.082630
45.3410,-2526,-6.613053,-0.082663
45.3510,-2526,-6.613053,-0.082663
45.3610,-2526,-6.613053,-0.082663
45.3710,-2526,-6.613053,-0.082663
45.3810,-2526,-6.613053,-0.082663
45.3910,-2526,-6.613053,-0.082663
45.4010,-2526,-6.613053,-0.082663
45.4110,-2526,-6.613053,-0.082663
45.4210,-2526,-6.613053,-0.082663
45.4310,-2526,-6.613053,-0.082663
45.4410,-2527,-6.615671,-0.082696
45.4510,-2527,-6.615671,-0.082696
45.4610,-2527,-6.615671,-0.082696
45.4710,-2527,-6.615671,-0.082696
45.4810,-2527,-6.615671,-0.082696
45.4910,-2527,-6.615671,-0.082696
45.5010,-2527,-6.615671,-0.082696
45.5110,-2527,-6.615671,-0.082696
45.5210,-2527,-6.615671,-0.082696
45.5320,-2527,-6.615671,-0.082696
45.5410,-2527,-6.615671,-0.082696
45.5510,-2527,-6.615671,-0.082696
45.5610,-2527,-6.615671,-0.082696
45.5710,-2528,-6.618288,-0.082729
45.5810,-2528,-6.618288,-0.082729
45.5910,-2528,-6.618288,-0.082729
45.6010,-2528,-6.618288,-0.082729
45.6110,-2528,-6.618288,-0.082729
45.6210,-2528,-6.618288,-0.082729
45.6310,-2528,-6.618288,-0.082729
45.6410,-2528,-6.618288,-0.082729
45.6510,-2528,-6.618288,-0.082729
45.6610,-2528,-6.618288,-0.082729
45.6710,-2529,-6.620907,-0.082761
45.6810,-2529,-6.620907,-0.082761
45.6910,-2529,-6.620907,-0.082761
45.7010,-2529,-6.620907,-0.082761
45.7110,-2529,-6.620907,-0.082761
45.7210,-2529,-6.620907,-0.082761
45.7310,-2529,-6.620907,-0.082761
45.7410,-2529,-6.620907,-0.082761
45.7510,-2529,-6.620907,-0.082761
45.7610,-2529,-6.620907,-0.082761
45.7710,-2529,-6.620907,-0.082761
45.7810,-2530,-6.623525,-0.082794
45.7910,-2530,-6.623525,-0.082794
45.8010,-2530,-6.623525,-0.082794
45.8110,-2530,-6.623525,-0.082794
45.8210,-2530,-6.623525,-0.082794
45.8310,-2530,-6.623525,-0.082794
45.8410,-2530,-6.623525,-0.082794
45.8510,-2530,-6.623525,-0.082794
45.8610,-2530,-6.623525,-0.082794
45.8710,-2530,-6.623525,-0.082794
45.8810,-2530,-6.623525,-0.082794
45.8910,-2530,-6.623525,-0.082794
45.9010,-2530,-6.623525,-0.082794
45.9110,-2531,-6.626142,-0.082827
45.9210,-2531,-6.626142,-0.082827
45.9310,-2531,-6.626142,-0.082827
45.9410,-2531,-6.626142,-0.082827
45.9510,-2531,-6.626142,-0.082827
45.9610,-2531,-6.626142,-0.082827
45.9710,-2531,-6.626142,-0.082827
45.9810,-2531,-6.626142,-0.082827
45.9910,-2531,-6.626142,-0.082827
46.0010,-2531,-6.626142,-0.082827
46.0110,-2531,-6.626142,-0.082827
46.0210,-2531,-6.626142,-0.082827
46.0310,-2531,-6.626142,-0.082827
46.0410,-2532,-6.628760,-0.082860
46.0510,-2532,-6.628760,-0.082860
46.0610,-2532,-6.628760,-0.082860
46.0710,-2532,-6.628760,-0.082860
46.0810,-2532,-6.628760,-0.082860
46.0910,-2532,-6.628760,-0.082860
46.1010,-2532,-6.628760,-0.082860
46.1110,-2532,-6.628760,-0.082860
46.1210,-2532,-6.628760,-0.082860
46.1310,-2532,-6.628760,-0.082860
46.1410,-2533,-6.631379,-0.082892
46.1510,-2533,-6.631379,-0.082892
46.1610,-2533,-6.631379,-0.082892
46.1720,-2533,-6.631379,-0.082892
46.1810,-2533,-6.631379,-0.082892
46.1910,-2533,-6.631379,-0.082892
46.2010,-2533,-6.631379,-0.082892
46.2110,-2533,-6.631379,-0.082892
46.2210,-2533,-6.631379,-0.082892
46.2310,-2533,-6.631379,-0.082892
46.2410,-2534,-6.633996,-0.082925
46.2510,-2534,-6.633996,-0.082925
46.2610,-2534,-6.633996,-0.082925
46.2710,-2534,-6.633996,-0.082925
46.2810,-2534,-6.633996,-0.082925
46.2910,-2534,-6.633996,-0.082925
46.3010,-2534,-6.633996,-0.082925
46.3110,-2535,-6.636614,-0.082958
46.3210,-2535,-6.636614,-0.082958
46.3310,-2535,-6.636614,-0.082958
46.3410,-2535,-6.636614,-0.082958
46.3510,-2535,-6.636614,-0.082958
46.3610,-2535,-6.636614,-0.082958
46.3710,-2535,-6.636614,-0.082958
46.3810,-2535,-6.636614,-0.082958
46.3910,-2535,-6.636614,-0.082958
46.4010,-2535,-6.636614,-0.082958
46.4110,-2535,-6.636614,-0.082958
46.4210,-2535,-6.636614,-0.082958
46.4310,-2535,-6.636614,-0.082958
46.4410,-2536,-6.639232,-0.082990
46.4510,-2536,-6.639232,-0.082990
46.4610,-2536,-6.639232,-0.082990
46.4710,-2536,-6.639232,-0.082990
46.4810,-2536,-6.639232,-0.082990
46.4910,-2536,-6.639232,-0.082990
46.5010,-2536,-6.639232,-0.082990
46.5110,-2536,-6.639232,-0.082990
46.5210,-2536,-6.639232,-0.082990
46.5310,-2537,-6.641851,-0.083023
46.5410,-2537,-6.641851,-0.083023
46.5510,-2537,-6.641851,-0.083023
46.5610,-2537,-6.641851,-0.083023
46.5710,-2537,-6.641851,-0.083023
46.5810,-2537,-6.641851,-0.083023
46.5910,-2537,-6.641851,-0.083023
46.6010,-2537,-6.641851,-0.083023
46.6110,-2537,-6.641851,-0.083023
46.6210,-2537,-6.641851,-0.083023
46.6310,-2537,-6.641851,-0.083023
46.6410,-2538,-6.644469,-0.083056
46.6510,-2538,-6.644469,-0.083056
46.6610,-2538,-6.644469,-0.083056
46.6710,-2538,-6.644469,-0.083056
46.6810,-2538,-6.644469,-0.083056
46.6910,-2538,-6.644469,-0.083056
46.7010,-2538,-6.644469,-0.083056
46.7110,-2538,-6.644469,-0.083056
46.7210,-2538,-6.644469,-0.083056
46.7310,-2538,-6.644469,-0.083056
46.7410,-2539,-6.647087,-0.083089
46.7510,-2539,-6.647087,-0.083089
46.7610,-2539,-6.647087,-0.083089
46.7710,-2539,-6.647087,-0.083089
46.7810,-2539,-6.647087,-0.083089
46.7910,-2539,-6.647087,-0.083089
46.8010,-2539,-6.647087,-0.083089
46.8120,-2539,-6.647087,-0.083089
46.8210,-2539,-6.647087,-0.083089
46.8310,-2539,-6.647087,-0.083089
46.8410,-2539,-6.647087,-0.083089
46.8510,-2540,-6.649704,-0.083121
46.8610,-2540,-6.649704,-0.083121
46.8710,-2540,-6.649704,-0.083121
46.8810,-2540,-6.649704,-0.083121
46.8910,-2540,-6.649704,-0.083121
46.9010,-2540,-6.649704,-0.083121
46.9110,-2540,-6.649704,-0.083121
46.9210,-2540,-6.649704,-0.083121
46.9310,-2540,-6.649704,-0.083121
46.9410,-2540,-6.649704,-0.083121
46.9510,-2540,-6.649704,-0.083121
46.9610,-2540,-6.649704,-0.083121
46.9710,-2540,-6.649704,-0.083121
46.9810,-2541,-6.652323,-0.083154
46.9910,-2541,-6.652323,-0.083154
47.0010,-2541,-6.652323,-0.083154
47.0110,-2541,-6.652323,-0.083154
47.0210,-2541,-6.652323,-0.083154
47.0310,-2541,-6.652323,-0.083154
47.0410,-2541,-6.652323,-0.083154
47.0510,-2541,-6.652323,-0.083154
47.0610,-2541,-6.652323,-0.083154
47.0710,-2541,-6.652323,-0.083154
47.0810,-2542,-6.654941,-0.083187
47.0910,-2542,-6.654941,-0.083187
47.1010,-2542,-6.654941,-0.083187
47.1110,-2542,-6.654941,-0.083187
47.1210,-2542,-6.654941,-0.083187
47.1310,-2542,-6.654941,-0.083187
47.1410,-2542,-6.654941,-0.083187
47.1510,-2542,-6.654941,-0.083187
47.1610,-2542,-6.654941,-0.083187
47.1710,-2542,-6.654941,-0.083187
47.1810,-2543,-6.657558,-0.083219
47.1910,-2543,-6.657558,-0.083219
47.2010,-2543,-6.657558,-0.083219
47.2110,-2543,-6.657558,-0.083219
47.2210,-2543,-6.657558,-0.083219
47.2310,-2543,-6.657558,-0.083219
47.2410,-2543,-6.657558,-0.083219
47.2510,-2543,-6.657558,-0.083219
47.2610,-2543,-6.657558,-0.083219
47.2710,-2543,-6.657558,-0.083219
47.2810,-2544,-6.660176,-0.083252
47.2910,-2544,-6.660176,-0.083252
47.3010,-2544,-6.660176,-0.083252
47.3110,-2544,-6.660176,-0.083252
47.3210,-2544,-6.660176,-0.083252
47.3310,-2544,-6.660176,-0.083252
47.3410,-2544,-6.660176,-0.083252
47.3510,-2544,-6.660176,-0.083252
47.3610,-2544,-6.660176,-0.083252
47.3710,-2544,-6.660176,-0.083252
47.3810,-2545,-6.662795,-0.083285
47.3910,-2545,-6.662795,-0.083285
47.4010,-2545,-6.662795,-0.083285
47.4110,-2545,-6.662795,-0.083285
47.4210,-2545,-6.662795,-0.083285
47.4310,-2545,-6.662795,-0.083285
47.4410,-2545,-6.662795,-0.083285
47.4520,-2545,-6.662795,-0.083285
47.4610,-2546,-6.665412,-0.083318
47.4710,-2546,-6.665412,-0.083318
47.4810,-2546,-6.665412,-0.083318
47.4910,-2546,-6.665412,-0.083318
47.5010,-2546,-6.665412,-0.083318
47.5110,-2546,-6.665412,-0.083318
47.5210,-2546,-6.665412,-0.083318
47.5310,-2546,-6.665412,-0.083318
47.5410,-2546,-6.665412,-0.083318
47.5510,-2547,-6.668030,-0.083350
47.5610,-2547,-6.668030,-0.083350
47.5710,-2547,-6.668030,-0.083350
47.5810,-2547,-6.668030,-0.083350
47.5910,-2547,-6.668030,-0.083350
47.6010,-2547,-6.668030,-0.083350
47.6110,-2548,-6.670648,-0.083383
47.6210,-2548,-6.670648,-0.083383
47.6310,-2548,-6.670648,-0.083383
47.6410,-2548,-6.670648,-0.083383
47.6510,-2548,-6.670648,-0.083383
47.6610,-2548,-6.670648,-0.083383
47.6710,-2548,-6.670648,-0.083383
47.6810,-2549,-6.673267,-0.083416
47.6910,-2549,-6.673267,-0.083416
47.7010,-2549,-6.673267,-0.083416
47.7110,-2549,-6.673267,-0.083416
47.7210,-2549,-6.673267,-0.083416
47.7310,-2549,-6.673267,-0.083416
47.7410,-2550,-6.675885,-0.083449
47.7510,-2550,-6.675885,-0.083449
47.7610,-2550,-6.675885,-0.083449
47.7710,-2550,-6.675885,-0.083449
47.7810,-2551,-6.678503,-0.083481
47.7910,-2551,-6.678503,-0.083481
47.8010,-2551,-6.678503,-0.083481
47.8110,-2551,-6.678503,-0.083481
47.8210,-2551,-6.678503,-0.083481
47.8310,-2551,-6.678503,-0.083481
47.8410,-2551,-6.678503,-0.083481
47.8510,-2552,-6.681121,-0.083514
47.8610,-2552,-6.681121,-0.083514
47.8710,-2552,-6.681121,-0.083514
47.8810,-2553,-6.683739,-0.083547
47.8910,-2553,-6.683739,-0.083547
47.9010,-2553,-6.683739,-0.083547
47.9110,-2553,-6.683739,-0.083547
47.9210,-2553,-6.683739,-0.083547
47.9310,-2554,-6.686357,-0.083579
47.9410,-2554,-6.686357,-0.083579
47.9510,-2554,-6.686357,-0.083579
47.9610,-2555,-6.688974,-0.083612
47.9710,-2555,-6.688974,-0.083612
47.9810,-2555,-6.688974,-0.083612
47.9910,-2555,-6.688974,-0.083612
48.0010,-2555,-6.688974,-0.083612
48.0110,-2556,-6.691593,-0.083645
48.0210,-2556,-6.691593,-0.083645
48.0310,-2556,-6.691593,-0.083645
48.0410,-2557,-6.694211,-0.083678
48.0510,-2557,-6.694211,-0.083678
48.0610,-2558,-6.696828,-0.083710
48.0710,-2558,-6.696828,-0.083710
48.0810,-2559,-6.699446,-0.083743
48.0920,-2559,-6.699446,-0.083743
48.1010,-2559,-6.699446,-0.083743
48.1110,-2560,-6.702065,-0.083776
48.1210,-2560,-6.702065,-0.083776
48.1310,-2560,-6.702065,-0.083776
48.1410,-2561,-6.704683,-0.083809
48.1510,-2562,-6.707301,-0.083841
48.1610,-2563,-6.709918,-0.083874
48.1710,-2564,-6.712537,-0.083907
48.1810,-2565,-6.715155,-0.083939
48.1910,-2566,-6.717772,-0.083972
48.2010,-2567,-6.720390,-0.084005
48.2110,-2569,-6.725626,-0.084070
48.2210,-2570,-6.728244,-0.084103
48.2310,-2571,-6.730862,-0.084136
48.2410,-2572,-6.733481,-0.084169
48.2510,-2573,-6.736099,-0.084201
48.2610,-2574,-6.738717,-0.084234
48.2710,-2575,-6.741334,-0.084267
48.2810,-2577,-6.746571,-0.084332
48.2910,-2579,-6.751806,-0.084398
48.3010,-2581,-6.757042,-0.084463
48.3110,-2585,-6.767514,-0.084594
48.3210,-2591,-6.783222,-0.084790
48.3310,-2597,-6.798930,-0.084987
48.3410,-2605,-6.819874,-0.085248
48.3510,-2615,-6.846054,-0.085576
48.3610,-2625,-6.872234,-0.085903
48.3710,-2637,-6.903650,-0.086296
48.3810,-2650,-6.937684,-0.086721
48.3910,-2660,-6.963864,-0.087048
48.4010,-2672,-6.995280,-0.087441
48.4110,-2685,-7.029314,-0.087866
48.4210,-2700,-7.068583,-0.088357
48.4310,-2718,-7.115708,-0.088946
48.4410,-2734,-7.157596,-0.089470
48.4510,-2752,-7.204719,-0.090059
48.4610,-2773,-7.259697,-0.090746
48.4710,-2794,-7.314675,-0.091433
48.4810,-2816,-7.372271,-0.092153
48.4910,-2837,-7.427249,-0.092841
48.5010,-2858,-7.482227,-0.093528
48.5110,-2879,-7.537204,-0.094215
48.5210,-2894,-7.576474,-0.094706
48.5310,-2909,-7.615745,-0.095197
48.5410,-2920,-7.644543,-0.095557
48.5510,-2929,-7.668104,-0.095851
48.5610,-2934,-7.681194,-0.096015
48.5710,-2937,-7.689048,-0.096113
48.5810,-2939,-7.694284,-0.096179
48.5910,-2939,-7.694284,-0.096179
48.6010,-2940,-7.696902,-0.096211
48.6110,-2943,-7.704757,-0.096309
48.6210,-2947,-7.715229,-0.096440
48.6310,-2952,-7.728318,-0.096604
48.6410,-2959,-7.746644,-0.096833
48.6510,-2967,-7.767588,-0.097095
48.6610,-2977,-7.793768,-0.097422
48.6710,-2988,-7.822566,-0.097782
48.6810,-3001,-7.856600,-0.098207
48.6910,-3010,-7.880162,-0.098502
48.7010,-3017,-7.898488,-0.098731
48.7110,-3024,-7.916814,-0.098960
48.7210,-3027,-7.924668,-0.099058
48.7320,-3028,-7.927286,-0.099091
48.7410,-3028,-7.927286,-0.099091
48.7510,-3026,-7.922050,-0.099026
48.7610,-3024,-7.916814,-0.098960
48.7710,-3023,-7.914196,-0.098927
48.7810,-3022,-7.911578,-0.098895
48.7910,-3023,-7.914196,-0.098927
48.8010,-3023,-7.914196,-0.098927
48.8110,-3025,-7.919432,-0.098993
48.8210,-3027,-7.924668,-0.099058
48.8310,-3028,-7.927286,-0.099091
48.8410,-3030,-7.932522,-0.099157
48.8510,-3030,-7.932522,-0.099157
48.8610,-3030,-7.932522,-0.099157
48.8710,-3030,-7.932522,-0.099157
48.8810,-3030,-7.932522,-0.099157
48.8910,-3029,-7.929903,-0.099124
48.9010,-3029,-7.929903,-0.099124
48.9110,-3029,-7.929903,-0.099124
48.9210,-3030,-7.932522,-0.099157
48.9310,-3030,-7.932522,-0.099157
48.9410,-3031,-7.935140,-0.099189
48.9510,-3031,-7.935140,-0.099189
48.9610,-3031,-7.935140,-0.099189
48.9710,-3032,-7.937757,-0.099222
48.9810,-3033,-7.940375,-0.099255
48.9910,-3033,-7.940375,-0.099255
49.0010,-3033,-7.940375,-0.099255
49.0110,-3034,-7.942994,-0.099287
49.0210,-3034,-7.942994,-0.099287
49.0310,-3034,-7.942994,-0.099287
49.0410,-3035,-7.945612,-0.099320
49.0510,-3035,-7.945612,-0.099320
49.0610,-3035,-7.945612,-0.099320
49.0710,-3035,-7.945612,-0.099320
49.0810,-3035,-7.945612,-0.099320
49.0910,-3036,-7.948229,-0.099353
49.1010,-3036,-7.948229,-0.099353
49.1110,-3036,-7.948229,-0.099353
49.1210,-3036,-7.948229,-0.099353
49.1310,-3037,-7.950847,-0.099386
49.1410,-3037,-7.950847,-0.099386
49.1510,-3037,-7.950847,-0.099386
49.1610,-3038,-7.953466,-0.099418
49.1710,-3038,-7.953466,-0.099418
49.1810,-3039,-7.956084,-0.099451
49.1910,-3039,-7.956084,-0.099451
49.2010,-3039,-7.956084,-0.099451
49.2110,-3039,-7.956084,-0.099451
49.2210,-3040,-7.958702,-0.099484
49.2310,-3040,-7.958702,-0.099484
49.2410,-3041,-7.961319,-0.099516
49.2510,-3041,-7.961319,-0.099516
49.2610,-3041,-7.961319,-0.099516
49.2710,-3041,-7.961319,-0.099516
49.2810,-3042,-7.963938,-0.099549
49.2910,-3043,-7.966556,-0.099582
49.3010,-3043,-7.966556,-0.099582
49.3110,-3043,-7.966556,-0.099582
49.3210,-3044,-7.969173,-0.099615
49.3310,-3044,-7.969173,-0.099615
49.3410,-3045,-7.971791,-0.099647
49.3510,-3046,-7.974410,-0.099680
49.3610,-3046,-7.974410,-0.099680
49.3720,-3046,-7.974410,-0.099680
49.3810,-3047,-7.977027,-0.099713
49.3910,-3048,-7.979645,-0.099746
49.4010,-3049,-7.982263,-0.099778
49.4110,-3052,-7.990118,-0.099876
49.4210,-3054,-7.995354,-0.099942
49.4310,-3056,-8.000590,-0.100007
49.4410,-3059,-8.008444,-0.100106
49.4510,-3063,-8.018916,-0.100236
49.4610,-3064,-8.021533,-0.100269
49.4710,-3066,-8.026770,-0.100335
49.4810,-3068,-8.032006,-0.100400
49.4910,-3069,-8.034624,-0.100433
49.5010,-3069,-8.034624,-0.100433
49.5110,-3070,-8.037242,-0.100466
49.5210,-3071,-8.039860,-0.100498
49.5310,-3071,-8.039860,-0.100498
49.5410,-3071,-8.039860,-0.100498
49.5510,-3072,-8.042478,-0.100531
49.5610,-3073,-8.045096,-0.100564
49.5710,-3074,-8.047714,-0.100596
49.5810,-3075,-8.050332,-0.100629
49.5910,-3076,-8.052949,-0.100662
49.6010,-3078,-8.058186,-0.100727
49.6110,-3079,-8.060804,-0.100760
49.6210,-3080,-8.063422,-0.100793
49.6310,-3081,-8.066040,-0.100826
49.6410,-3082,-8.068658,-0.100858
49.6510,-3084,-8.073894,-0.100924
49.6610,-3085,-8.076512,-0.100956
49.6710,-3087,-8.081748,-0.101022
49.6810,-3089,-8.086984,-0.101087
49.6910,-3092,-8.094838,-0.101185
49.7010,-3095,-8.102692,-0.101284
49.7110,-3098,-8.110546,-0.101382
49.7210,-3101,-8.118400,-0.101480
49.7310,-3104,-8.126254,-0.101578
49.7410,-3107,-8.134108,-0.101676
49.7510,-3110,-8.141962,-0.101775
49.7610,-3113,-8.149816,-0.101873
49.7710,-3117,-8.160288,-0.102004
49.7810,-3122,-8.173377,-0.102167
49.7910,-3125,-8.181232,-0.102265
49.8010,-3128,-8.189085,-0.102364
49.8110,-3131,-8.196939,-0.102462
49.8210,-3133,-8.202176,-0.102527
49.8310,-3133,-8.202176,-0.102527
49.8410,-3133,-8.202176,-0.102527
49.8510,-3133,-8.202176,-0.102527
49.8610,-3132,-8.199557,-0.102494
49.8710,-3131,-8.196939,-0.102462
49.8810,-3131,-8.196939,-0.102462
49.8910,-3131,-8.196939,-0.102462
49.9010,-3131,-8.196939,-0.102462
49.9110,-3132,-8.199557,-0.102494
49.9210,-3133,-8.202176,-0.102527
49.9310,-3134,-8.204793,-0.102560
49.9410,-3135,-8.207411,-0.102593
49.9510,-3138,-8.215266,-0.102691
49.9610,-3139,-8.217884,-0.102724
49.9710,-3140,-8.220501,-0.102756
49.9810,-3142,-8.225737,-0.102822
49.9910,-3144,-8.230973,-0.102887
50.0010,-3145,-8.233592,-0.102920
50.0120,-3147,-8.238827,-0.102985
50.0210,-3149,-8.244064,-0.103051
50.0310,-3149,-8.244064,-0.103051
50.0410,-3150,-8.246682,-0.103084
50.0510,-3151,-8.249300,-0.103116
50.0610,-3151,-8.249300,-0.103116
50.0710,-3151,-8.249300,-0.103116
50.0810,-3152,-8.251917,-0.103149
50.0910,-3152,-8.251917,-0.103149
50.1010,-3152,-8.251917,-0.103149
50.1110,-3153,-8.254535,-0.103182
50.1210,-3153,-8.254535,-0.103182
50.1310,-3154,-8.257153,-0.103214
50.1410,-3154,-8.257153,-0.103214
50.1510,-3155,-8.259771,-0.103247
50.1610,-3155,-8.259771,-0.103247
50.1710,-3156,-8.262390,-0.103280
50.1810,-3157,-8.265007,-0.103313
50.1910,-3157,-8.265007,-0.103313
50.2010,-3158,-8.267625,-0.103345
50.2110,-3158,-8.267625,-0.103345
50.2210,-3159,-8.270243,-0.103378
50.2310,-3159,-8.270243,-0.103378
50.2410,-3159,-8.270243,-0.103378
50.2510,-3160,-8.272862,-0.103411
50.2610,-3160,-8.272862,-0.103411
50.2710,-3160,-8.272862,-0.103411
50.2810,-3161,-8.275480,-0.103443
50.2910,-3161,-8.275480,-0.103443
50.3010,-3161,-8.275480,-0.103443
50.3110,-3162,-8.278098,-0.103476
50.3210,-3163,-8.280715,-0.103509
50.3310,-3163,-8.280715,-0.103509
50.3410,-3163,-8.280715,-0.103509
50.3510,-3164,-8.283333,-0.103542
50.3610,-3164,-8.283333,-0.103542
50.3710,-3165,-8.285951,-0.103574
50.3810,-3165,-8.285951,-0.103574
50.3910,-3166,-8.288569,-0.103607
50.4010,-3167,-8.291187,-0.103640
50.4110,-3168,-8.293806,-0.103673
50.4210,-3170,-8.299041,-0.103738
50.4310,-3171,-8.301659,-0.103771
50.4410,-3174,-8.309514,-0.103869
50.4510,-3181,-8.327839,-0.104098
50.4610,-3193,-8.359255,-0.104491
50.4710,-3209,-8.401144,-0.105014
50.4810,-3225,-8.443031,-0.105538
50.4910,-3246,-8.498008,-0.106225
50.5010,-3271,-8.563459,-0.107043
50.5110,-3300,-8.639381,-0.107992
50.5210,-3330,-8.717921,-0.108974
50.5310,-3354,-8.780753,-0.109759
50.5410,-3382,-8.854056,-0.110676
50.5510,-3407,-8.919506,-0.111494
50.5610,-3428,-8.974483,-0.112181
50.5710,-3445,-9.018990,-0.112737
50.5810,-3466,-9.073967,-0.113425
50.5910,-3482,-9.115856,-0.113948
50.6010,-3495,-9.149889,-0.114374
50.6110,-3505,-9.176070,-0.114701
50.6210,-3513,-9.197013,-0.114963
50.6310,-3519,-9.212720,-0.115159
50.6410,-3523,-9.223193,-0.115290
50.6520,-3525,-9.228429,-0.115355
50.6610,-3525,-9.228429,-0.115355
50.6710,-3523,-9.223193,-0.115290
50.6810,-3521,-9.217957,-0.115224
50.6910,-3520,-9.215339,-0.115192
50.7010,-3519,-9.212720,-0.115159
50.7110,-3519,-9.212720,-0.115159
50.7210,-3521,-9.217957,-0.115224
50.7310,-3523,-9.223193,-0.115290
50.7410,-3524,-9.225811,-0.115323
50.7510,-3527,-9.233666,-0.115421
50.7610,-3529,-9.238901,-0.115486
50.7710,-3530,-9.241518,-0.115519
50.7810,-3531,-9.244137,-0.115552
50.7910,-3531,-9.244137,-0.115552
50.8010,-3531,-9.244137,-0.115552
50.8110,-3532,-9.246755,-0.115584
50.8210,-3532,-9.246755,-0.115584
50.8310,-3532,-9.246755,-0.115584
50.8410,-3533,-9.249373,-0.115617
50.8510,-3534,-9.251991,-0.115650
50.8610,-3535,-9.254610,-0.115683
50.8710,-3535,-9.254610,-0.115683
50.8810,-3537,-9.259845,-0.115748
50.8910,-3537,-9.259845,-0.115748
50.9010,-3538,-9.262463,-0.115781
50.9110,-3538,-9.262463,-0.115781
50.9210,-3539,-9.265082,-0.115814
50.9310,-3539,-9.265082,-0.115814
50.9410,-3540,-9.267699,-0.115846
50.9510,-3540,-9.267699,-0.115846
50.9610,-3541,-9.270317,-0.115879
50.9710,-3541,-9.270317,-0.115879
50.9810,-3542,-9.272934,-0.115912
50.9910,-3542,-9.272934,-0.115912
51.0010,-3543,-9.275553,-0.115944
51.0110,-3543,-9.275553,-0.115944
51.0210,-3544,-9.278171,-0.115977
51.0310,-3544,-9.278171,-0.115977
51.0410,-3544,-9.278171,-0.115977
51.0510,-3545,-9.280789,-0.116010
51.0610,-3545,-9.280789,-0.116010
51.0710,-3546,-9.283407,-0.116043
51.0810,-3546,-9.283407,-0.116043
51.0910,-3547,-9.286026,-0.116075
51.1010,-3547,-9.286026,-0.116075
51.1110,-3547,-9.286026,-0.116075
51.1210,-3548,-9.288643,-0.116108
51.1310,-3548,-9.288643,-0.116108
51.1410,-3548,-9.288643,-0.116108
51.1510,-3549,-9.291261,-0.116141
51.1610,-3549,-9.291261,-0.116141
51.1710,-3549,-9.291261,-0.116141
51.1810,-3550,-9.293879,-0.116173
51.1910,-3551,-9.296497,-0.116206
51.2010,-3551,-9.296497,-0.116206
51.2110,-3551,-9.296497,-0.116206
51.2210,-3552,-9.299115,-0.116239
51.2310,-3552,-9.299115,-0.116239
51.2410,-3552,-9.299115,-0.116239
51.2510,-3553,-9.301733,-0.116272
51.2610,-3554,-9.304350,-0.116304
51.2710,-3554,-9.304350,-0.116304
51.2810,-3555,-9.306969,-0.116337
51.2920,-3555,-9.306969,-0.116337
51.3010,-3555,-9.306969,-0.116337
51.3110,-3556,-9.309587,-0.116370
51.3210,-3557,-9.312205,-0.116403
51.3310,-3557,-9.312205,-0.116403
51.3410,-3557,-9.312205,-0.116403
51.3510,-3558,-9.314823,-0.116435
51.3610,-3559,-9.317441,-0.116468
51.3710,-3559,-9.317441,-0.116468
51.3810,-3559,-9.317441,-0.116468
51.3910,-3560,-9.320059,-0.116501
51.4010,-3560,-9.320059,-0.116501
51.4110,-3560,-9.320059,-0.116501
51.4210,-3561,-9.322677,-0.116533
51.4310,-3561,-9.322677,-0.116533
51.4410,-3562,-9.325295,-0.116566
51.4510,-3563,-9.327913,-0.116599
51.4610,-3563,-9.327913,-0.116599
51.4710,-3564,-9.330531,-0.116632
51.4810,-3564,-9.330531,-0.116632
51.4910,-3565,-9.333148,-0.116664
51.5010,-3565,-9.333148,-0.116664
51.5110,-3566,-9.335766,-0.116697
51.5210,-3567,-9.338385,-0.116730
51.5310,-3568,-9.341003,-0.116763
51.5410,-3569,-9.343621,-0.116795
51.5510,-3571,-9.348857,-0.116861
51.5610,-3573,-9.354093,-0.116926
51.5710,-3574,-9.356711,-0.116959
51.5810,-3576,-9.361947,-0.117024
51.5910,-3577,-9.364564,-0.117057
51.6010,-3578,-9.367182,-0.117090
51.6110,-3578,-9.367182,-0.117090
51.6210,-3579,-9.369801,-0.117123
51.6310,-3579,-9.369801,-0.117123
51.6410,-3579,-9.369801,-0.117123
51.6510,-3580,-9.372419,-0.117155
51.6610,-3580,-9.372419,-0.117155
51.6710,-3580,-9.372419,-0.117155
51.6810,-3580,-9.372419,-0.117155
51.6910,-3581,-9.375037,-0.117188
51.7010,-3581,-9.375037,-0.117188
51.7110,-3581,-9.375037,-0.117188
51.7210,-3582,-9.377655,-0.117221
51.7310,-3582,-9.377655,-0.117221
51.7410,-3582,-9.377655,-0.117221
51.7510,-3583,-9.380273,-0.117253
51.7610,-3583,-9.380273,-0.117253
51.7710,-3583,-9.380273,-0.117253
51.7810,-3583,-9.380273,-0.117253
51.7910,-3584,-9.382891,-0.117286
51.8010,-3584,-9.382891,-0.117286
51.8110,-3584,-9.382891,-0.117286
51.8210,-3585,-9.385509,-0.117319
51.8310,-3585,-9.385509,-0.117319
51.8410,-3585,-9.385509,-0.117319
51.8510,-3585,-9.385509,-0.117319
51.8610,-3586,-9.388127,-0.117352
51.8710,-3586,-9.388127,-0.117352
51.8810,-3586,-9.388127,-0.117352
51.8910,-3587,-9.390745,-0.117384
51.9010,-3587,-9.390745,-0.117384
51.9110,-3587,-9.390745,-0.117384
51.9210,-3587,-9.390745,-0.117384
51.9320,-3588,-9.393362,-0.117417
51.9410,-3588,-9.393362,-0.117417
51.9510,-3588,-9.393362,-0.117417
51.9610,-3588,-9.393362,-0.117417
51.9710,-3588,-9.393362,-0.117417
51.9810,-3589,-9.395980,-0.117450
51.9910,-3589,-9.395980,-0.117450
52.0010,-3589,-9.395980,-0.117450
52.0110,-3589,-9.395980,-0.117450
52.0210,-3590,-9.398598,-0.117482
52.0310,-3590,-9.398598,-0.117482
52.0410,-3590,-9.398598,-0.117482
52.0510,-3591,-9.401217,-0.117515
52.0610,-3591,-9.401217,-0.117515
52.0710,-3591,-9.401217,-0.117515
52.0810,-3592,-9.403835,-0.117548
52.0910,-3592,-9.403835,-0.117548
52.1010,-3593,-9.406453,-0.117581
52.1110,-3593,-9.406453,-0.117581
52.1210,-3594,-9.409070,-0.117613
52.1310,-3594,-9.409070,-0.117613
52.1410,-3595,-9.411689,-0.117646
52.1510,-3595,-9.411689,-0.117646
52.1610,-3596,-9.414307,-0.117679
52.1710,-3596,-9.414307,-0.117679
52.1810,-3597,-9.416925,-0.117712
52.1910,-3598,-9.419543,-0.117744
52.2010,-3598,-9.419543,-0.117744
52.2110,-3599,-9.422161,-0.117777
52.2210,-3600,-9.424778,-0.117810
52.2310,-3600,-9.424778,-0.117810
52.2410,-3601,-9.427396,-0.117842
52.2510,-3602,-9.430015,-0.117875
52.2610,-3603,-9.432633,-0.117908
52.2710,-3604,-9.435251,-0.117941
52.2810,-3604,-9.435251,-0.117941
52.2910,-3606,-9.440487,-0.118006
52.3010,-3606,-9.440487,-0.118006
52.3110,-3607,-9.443105,-0.118039
52.3210,-3608,-9.445723,-0.118072
52.3310,-3609,-9.448341,-0.118104
52.3410,-3610,-9.450959,-0.118137
52.3510,-3611,-9.453577,-0.118170
52.3610,-3612,-9.456194,-0.118202
52.3710,-3612,-9.456194,-0.118202
52.3810,-3612,-9.456194,-0.118202
52.3910,-3613,-9.458812,-0.118235
52.4010,-3614,-9.461431,-0.118268
52.4110,-3614,-9.461431,-0.118268
52.4210,-3615,-9.464049,-0.118301
52.4310,-3616,-9.466667,-0.118333
52.4410,-3616,-9.466667,-0.118333
52.4510,-3617,-9.469285,-0.118366
52.4610,-3618,-9.471903,-0.118399
52.4710,-3618,-9.471903,-0.118399
52.4810,-3619,-9.474521,-0.118432
52.4910,-3620,-9.477139,-0.118464
52.5010,-3620,-9.477139,-0.118464
52.5110,-3621,-9.479756,-0.118497
52.5210,-3623,-9.484992,-0.118562
52.5310,-3625,-9.490228,-0.118628
52.5410,-3626,-9.492847,-0.118661
52.5510,-3627,-9.495465,-0.118693
52.5610,-3629,-9.500700,-0.118759
52.5720,-3629,-9.500700,-0.118759
52.5810,-3630,-9.503319,-0.118791
52.5910,-3631,-9.505936,-0.118824
52.6010,-3632,-9.508554,-0.118857
52.6110,-3632,-9.508554,-0.118857
52.6210,-3634,-9.513791,-0.118922
52.6310,-3635,-9.516408,-0.118955
52.6410,-3635,-9.516408,-0.118955
52.6510,-3636,-9.519026,-0.118988
52.6610,-3636,-9.519026,-0.118988
52.6710,-3637,-9.521644,-0.119021
52.6810,-3637,-9.521644,-0.119021
52.6910,-3637,-9.521644,-0.119021
52.7010,-3637,-9.521644,-0.119021
52.7110,-3637,-9.521644,-0.119021
52.7210,-3638,-9.524263,-0.119053
52.7310,-3638,-9.524263,-0.119053
52.7410,-3638,-9.524263,-0.119053
52.7510,-3638,-9.524263,-0.119053
52.7610,-3639,-9.526881,-0.119086
52.7710,-3639,-9.526881,-0.119086
52.7810,-3639,-9.526881,-0.119086
52.7910,-3639,-9.526881,-0.119086
52.8010,-3639,-9.526881,-0.119086
52.8110,-3639,-9.526881,-0.119086
52.8210,-3640,-9.529499,-0.119119
52.8310,-3641,-9.532116,-0.119151
52.8410,-3641,-9.532116,-0.119151
52.8510,-3641,-9.532116,-0.119151
52.8610,-3642,-9.534734,-0.119184
52.8710,-3642,-9.534734,-0.119184
52.8810,-3643,-9.537352,-0.119217
52.8910,-3643,-9.537352,-0.119217
52.9010,-3644,-9.539970,-0.119250
52.9110,-3644,-9.539970,-0.119250
52.9210,-3645,-9.542588,-0.119282
52.9310,-3645,-9.542588,-0.119282
52.9410,-3645,-9.542588,-0.119282
52.9510,-3645,-9.542588,-0.119282
52.9610,-3645,-9.542588,-0.119282
52.9710,-3646,-9.545207,-0.119315
52.9810,-3646,-9.545207,-0.119315
52.9910,-3646,-9.545207,-0.119315
53.0010,-3646,-9.545207,-0.119315
53.0110,-3646,-9.545207,-0.119315
53.0210,-3646,-9.545207,-0.119315
53.0310,-3646,-9.545207,-0.119315
53.0410,-3646,-9.545207,-0.119315
53.0510,-3646,-9.545207,-0.119315
53.0610,-3647,-9.547824,-0.119348
53.0710,-3647,-9.547824,-0.119348
53.0810,-3647,-9.547824,-0.119348
53.0910,-3648,-9.550442,-0.119381
53.1010,-3648,-9.550442,-0.119381
53.1110,-3649,-9.553060,-0.119413
53.1210,-3649,-9.553060,-0.119413
53.1310,-3650,-9.555679,-0.119446
53.1410,-3651,-9.558297,-0.119479
53.1510,-3651,-9.558297,-0.119479
53.1610,-3651,-9.558297,-0.119479
53.1710,-3652,-9.560914,-0.119511
53.1810,-3652,-9.560914,-0.119511
53.1910,-3652,-9.560914,-0.119511
53.2010,-3653,-9.563532,-0.119544
53.2120,-3653,-9.563532,-0.119544
53.2210,-3654,-9.566150,-0.119577
53.2310,-3655,-9.568768,-0.119610
53.2410,-3655,-9.568768,-0.119610
53.2510,-3655,-9.568768,-0.119610
53.2610,-3656,-9.571386,-0.119642
53.2710,-3656,-9.571386,-0.119642
53.2810,-3656,-9.571386,-0.119642
53.2910,-3657,-9.574004,-0.119675
53.3010,-3658,-9.576622,-0.119708
53.3110,-3658,-9.576622,-0.119708
53.3210,-3659,-9.579240,-0.119740
53.3310,-3660,-9.581858,-0.119773
53.3410,-3660,-9.581858,-0.119773
53.3510,-3661,-9.584476,-0.119806
53.3610,-3662,-9.587095,-0.119839
53.3710,-3663,-9.589713,-0.119871
53.3810,-3664,-9.592330,-0.119904
53.3910,-3665,-9.594948,-0.119937
53.4010,-3666,-9.597566,-0.119970
53.4110,-3667,-9.600184,-0.120002
53.4210,-3668,-9.602802,-0.120035
53.4310,-3668,-9.602802,-0.120035
53.4410,-3669,-9.605420,-0.120068
53.4510,-3669,-9.605420,-0.120068
53.4610,-3670,-9.608038,-0.120100
53.4710,-3670,-9.608038,-0.120100
53.4810,-3671,-9.610656,-0.120133
53.4910,-3671,-9.610656,-0.120133
53.5010,-3671,-9.610656,-0.120133
53.5110,-3671,-9.610656,-0.120133
53.5210,-3672,-9.613274,-0.120166
53.5310,-3672,-9.613274,-0.120166
53.5410,-3672,-9.613274,-0.120166
53.5510,-3672,-9.613274,-0.120166
53.5610,-3672,-9.613274,-0.120166
53.5710,-3673,-9.615892,-0.120199
53.5810,-3673,-9.615892,-0.120199
53.5910,-3673,-9.615892,-0.120199
53.6010,-3674,-9.618511,-0.120231
53.6110,-3674,-9.618511,-0.120231
53.6210,-3674,-9.618511,-0.120231
53.6310,-3675,-9.621129,-0.120264
53.6410,-3675,-9.621129,-0.120264
53.6510,-3676,-9.623746,-0.120297
53.6610,-3676,-9.623746,-0.120297
53.6710,-3677,-9.626364,-0.120330
53.6810,-3677,-9.626364,-0.120330
53.6910,-3678,-9.628982,-0.120362
53.7010,-3678,-9.628982,-0.120362
53.7110,-3679,-9.631600,-0.120395
53.7210,-3679,-9.631600,-0.120395
53.7310,-3679,-9.631600,-0.120395
53.7410,-3679,-9.631600,-0.120395
53.7510,-3679,-9.631600,-0.120395
53.7610,-3680,-9.634218,-0.120428
53.7710,-3680,-9.634218,-0.120428
53.7810,-3680,-9.634218,-0.120428
53.7910,-3680,-9.634218,-0.120428
53.8010,-3680,-9.634218,-0.120428
53.8110,-3680,-9.634218,-0.120428
53.8210,-3680,-9.634218,-0.120428
53.8310,-3681,-9.636837,-0.120460
53.8410,-3681,-9.636837,-0.120460
53.8520,-3680,-9.634218,-0.120428
53.8610,-3680,-9.634218,-0.120428
53.8710,-3681,-9.636837,-0.120460
53.8810,-3681,-9.636837,-0.120460
53.8910,-3681,-9.636837,-0.120460
53.9010,-3681,-9.636837,-0.120460
53.9110,-3681,-9.636837,-0.120460
53.9210,-3681,-9.636837,-0.120460
53.9310,-3681,-9.636837,-0.120460
53.9410,-3681,-9.636837,-0.120460
53.9510,-3681,-9.636837,-0.120460
53.9610,-3682,-9.639454,-0.120493
53.9710,-3682,-9.639454,-0.120493
53.9810,-3683,-9.642072,-0.120526
53.9910,-3684,-9.644690,-0.120559
54.0010,-3686,-9.649927,-0.120624
54.0110,-3687,-9.652544,-0.120657
54.0210,-3688,-9.655162,-0.120690
54.0310,-3689,-9.657780,-0.120722
54.0410,-3689,-9.657780,-0.120722
54.0510,-3688,-9.655162,-0.120690
54.0610,-3687,-9.652544,-0.120657
54.0710,-3687,-9.652544,-0.120657
54.0810,-3686,-9.649927,-0.120624
54.0910,-3686,-9.649927,-0.120624
54.1010,-3686,-9.649927,-0.120624
54.1110,-3687,-9.652544,-0.120657
54.1210,-3687,-9.652544,-0.120657
54.1310,-3688,-9.655162,-0.120690
54.1410,-3688,-9.655162,-0.120690
54.1510,-3689,-9.657780,-0.120722
54.1610,-3689,-9.657780,-0.120722
54.1710,-3689,-9.657780,-0.120722
54.1810,-3689,-9.657780,-0.120722
54.1910,-3689,-9.657780,-0.120722
54.2010,-3690,-9.660398,-0.120755
54.2110,-3690,-9.660398,-0.120755
54.2210,-3690,-9.660398,-0.120755
54.2310,-3691,-9.663016,-0.120788
54.2410,-3692,-9.665634,-0.120820
54.2510,-3692,-9.665634,-0.120820
54.2610,-3692,-9.665634,-0.120820
54.2710,-3693,-9.668252,-0.120853
54.2810,-3693,-9.668252,-0.120853
54.2910,-3693,-9.668252,-0.120853
54.3010,-3693,-9.668252,-0.120853
54.3110,-3693,-9.668252,-0.120853
54.3210,-3693,-9.668252,-0.120853
54.3310,-3694,-9.670870,-0.120886
54.3410,-3694,-9.670870,-0.120886
54.3510,-3695,-9.673488,-0.120919
54.3610,-3696,-9.676106,-0.120951
54.3710,-3696,-9.676106,-0.120951
54.3810,-3697,-9.678725,-0.120984
54.3910,-3697,-9.678725,-0.120984
54.4010,-3697,-9.678725,-0.120984
54.4110,-3697,-9.678725,-0.120984
54.4210,-3697,-9.678725,-0.120984
54.4310,-3697,-9.678725,-0.120984
54.4410,-3697,-9.678725,-0.120984
54.4510,-3698,-9.681343,-0.121017
54.4610,-3698,-9.681343,-0.121017
54.4710,-3699,-9.683960,-0.121050
54.4810,-3700,-9.686578,-0.121082
54.4920,-3700,-9.686578,-0.121082
54.5010,-3701,-9.689196,-0.121115
54.5110,-3702,-9.691814,-0.121148
54.5210,-3701,-9.689196,-0.121115
54.5310,-3702,-9.691814,-0.121148
54.5410,-3703,-9.694432,-0.121180
54.5510,-3704,-9.697050,-0.121213
54.5610,-3705,-9.699668,-0.121246
54.5710,-3706,-9.702286,-0.121279
54.5810,-3706,-9.702286,-0.121279
54.5910,-3707,-9.704904,-0.121311
54.6010,-3709,-9.710141,-0.121377
54.6110,-3710,-9.712759,-0.121409
54.6210,-3711,-9.715376,-0.121442
54.6310,-3713,-9.720612,-0.121508
54.6410,-3714,-9.723230,-0.121540
54.6510,-3715,-9.725848,-0.121573
54.6610,-3717,-9.731084,-0.121639
54.6710,-3718,-9.733702,-0.121671
54.6810,-3719,-9.736320,-0.121704
54.6910,-3720,-9.738938,-0.121737
54.7010,-3721,-9.741557,-0.121769
54.7110,-3722,-9.744174,-0.121802
54.7210,-3722,-9.744174,-0.121802
54.7310,-3724,-9.749409,-0.121868
54.7410,-3724,-9.749409,-0.121868
54.7510,-3725,-9.752028,-0.121900
54.7610,-3726,-9.754646,-0.121933
54.7710,-3728,-9.759881,-0.121999
54.7810,-3729,-9.762500,-0.122031
54.7910,-3730,-9.765118,-0.122064
54.8010,-3732,-9.770354,-0.122129
54.8110,-3732,-9.770354,-0.122129
54.8210,-3733,-9.772973,-0.122162
54.8310,-3733,-9.772973,-0.122162
54.8410,-3733,-9.772973,-0.122162
54.8510,-3734,-9.775589,-0.122195
54.8610,-3736,-9.780825,-0.122260
54.8710,-3740,-9.791297,-0.122391
54.8810,-3743,-9.799152,-0.122489
54.8910,-3749,-9.814860,-0.122686
54.9010,-3757,-9.835803,-0.122948
54.9110,-3766,-9.859366,-0.123242
54.9210,-3778,-9.890782,-0.123635
54.9310,-3795,-9.935287,-0.124191
54.9410,-3808,-9.969322,-0.124617
54.9510,-3820,-10.000738,-0.125009
54.9610,-3831,-10.029536,-0.125369
54.9710,-3843,-10.060952,-0.125762
54.9810,-3860,-10.105457,-0.126318
54.9910,-3867,-10.123784,-0.126547
55.0010,-3872,-10.136873,-0.126711
55.0110,-3873,-10.139491,-0.126744
55.0210,-3872,-10.136873,-0.126711
55.0310,-3871,-10.134255,-0.126678
55.0410,-3867,-10.123784,-0.126547
55.0510,-3864,-10.115929,-0.126449
55.0610,-3862,-10.110692,-0.126384
55.0710,-3861,-10.108075,-0.126351
55.0810,-3861,-10.108075,-0.126351
55.0910,-3862,-10.110692,-0.126384
55.1010,-3864,-10.115929,-0.126449
55.1110,-3866,-10.121165,-0.126515
55.1210,-3867,-10.123784,-0.126547
55.1320,-3868,-10.126401,-0.126580
55.1410,-3868,-10.126401,-0.126580
55.1510,-3867,-10.123784,-0.126547
55.1610,-3866,-10.121165,-0.126515
55.1710,-3866,-10.121165,-0.126515
55.1810,-3866,-10.121165,-0.126515
55.1910,-3866,-10.121165,-0.126515
55.2010,-3869,-10.129019,-0.126613
55.2110,-3871,-10.134255,-0.126678
55.2210,-3873,-10.139491,-0.126744
55.2310,-3875,-10.144727,-0.126809
55.2410,-3876,-10.147345,-0.126842
55.2510,-3875,-10.144727,-0.126809
55.2610,-3874,-10.142108,-0.126776
55.2710,-3874,-10.142108,-0.126776
55.2810,-3873,-10.139491,-0.126744
55.2910,-3873,-10.139491,-0.126744
55.3010,-3874,-10.142108,-0.126776
55.3110,-3875,-10.144727,-0.126809
55.3210,-3877,-10.149963,-0.126875
55.3310,-3880,-10.157817,-0.126973
55.3410,-3882,-10.163053,-0.127038
55.3510,-3883,-10.165671,-0.127071
55.3610,-3885,-10.170907,-0.127136
55.3710,-3891,-10.186615,-0.127333
55.3810,-3893,-10.191851,-0.127398
55.3910,-3894,-10.194469,-0.127431
55.4010,-3895,-10.197087,-0.127464
55.4110,-3897,-10.202322,-0.127529
55.4210,-3897,-10.202322,-0.127529
55.4310,-3898,-10.204940,-0.127562
55.4410,-3898,-10.204940,-0.127562
55.4510,-3897,-10.202322,-0.127529
55.4610,-3897,-10.202322,-0.127529
55.4710,-3897,-10.202322,-0.127529
55.4810,-3897,-10.202322,-0.127529
55.4910,-3897,-10.202322,-0.127529
55.5010,-3899,-10.207559,-0.127594
55.5110,-3899,-10.207559,-0.127594
55.5210,-3900,-10.210177,-0.127627
55.5310,-3901,-10.212795,-0.127660
55.5410,-3902,-10.215414,-0.127693
55.5510,-3903,-10.218031,-0.127725
55.5610,-3904,-10.220649,-0.127758
55.5710,-3905,-10.223267,-0.127791
55.5810,-3906,-10.225885,-0.127824
55.5910,-3907,-10.228503,-0.127856
55.6010,-3909,-10.233738,-0.127922
55.6110,-3910,-10.236357,-0.127954
55.6210,-3911,-10.238975,-0.127987
55.6310,-3912,-10.241593,-0.128020
55.6410,-3912,-10.241593,-0.128020
55.6510,-3911,-10.238975,-0.127987
55.6610,-3911,-10.238975,-0.127987
55.6710,-3910,-10.236357,-0.127954
55.6810,-3909,-10.233738,-0.127922
55.6910,-3908,-10.231121,-0.127889
55.7010,-3907,-10.228503,-0.127856
55.7110,-3907,-10.228503,-0.127856
55.7210,-3907,-10.228503,-0.127856
55.7310,-3906,-10.225885,-0.127824
55.7410,-3906,-10.225885,-0.127824
55.7510,-3906,-10.225885,-0.127824
55.7610,-3906,-10.225885,-0.127824
55.7720,-3906,-10.225885,-0.127824
55.7810,-3906,-10.225885,-0.127824
55.7910,-3906,-10.225885,-0.127824
55.8010,-3905,-10.223267,-0.127791
55.8110,-3905,-10.223267,-0.127791
55.8210,-3905,-10.223267,-0.127791
55.8310,-3904,-10.220649,-0.127758
55.8410,-3905,-10.223267,-0.127791
55.8510,-3906,-10.225885,-0.127824
55.8610,-3906,-10.225885,-0.127824
55.8710,-3907,-10.228503,-0.127856
55.8810,-3907,-10.228503,-0.127856
55.8910,-3906,-10.225885,-0.127824
55.9010,-3906,-10.225885,-0.127824
55.9110,-3905,-10.223267,-0.127791
55.9210,-3906,-10.225885,-0.127824
55.9310,-3908,-10.231121,-0.127889
55.9410,-3908,-10.231121,-0.127889
55.9510,-3908,-10.231121,-0.127889
55.9610,-3908,-10.231121,-0.127889
55.9710,-3910,-10.236357,-0.127954
55.9810,-3910,-10.236357,-0.127954
55.9910,-3910,-10.236357,-0.127954
56.0010,-3911,-10.238975,-0.127987
56.0110,-3911,-10.238975,-0.127987
56.0210,-3911,-10.238975,-0.127987
56.0310,-3912,-10.241593,-0.128020
56.0410,-3912,-10.241593,-0.128020
56.0510,-3912,-10.241593,-0.128020
56.0610,-3912,-10.241593,-0.128020
56.0710,-3912,-10.241593,-0.128020
56.0810,-3913,-10.244211,-0.128053
56.0910,-3913,-10.244211,-0.128053
56.1010,-3913,-10.244211,-0.128053
56.1110,-3913,-10.244211,-0.128053
56.1210,-3913,-10.244211,-0.128053
56.1310,-3912,-10.241593,-0.128020
56.1410,-3912,-10.241593,-0.128020
56.1510,-3912,-10.241593,-0.128020
56.1610,-3911,-10.238975,-0.127987
56.1710,-3911,-10.238975,-0.127987
56.1810,-3911,-10.238975,-0.127987
56.1910,-3911,-10.238975,-0.127987
56.2010,-3911,-10.238975,-0.127987
56.2110,-3911,-10.238975,-0.127987
56.2210,-3911,-10.238975,-0.127987
56.2310,-3911,-10.238975,-0.127987
56.2410,-3912,-10.241593,-0.128020
56.2510,-3912,-10.241593,-0.128020
56.2610,-3912,-10.241593,-0.128020
56.2710,-3912,-10.241593,-0.128020
56.2810,-3912,-10.241593,-0.128020
56.2910,-3911,-10.238975,-0.127987
56.3010,-3912,-10.241593,-0.128020
56.3110,-3912,-10.241593,-0.128020
56.3210,-3912,-10.241593,-0.128020
56.3310,-3912,-10.241593,-0.128020
56.3410,-3913,-10.244211,-0.128053
56.3510,-3913,-10.244211,-0.128053
56.3610,-3913,-10.244211,-0.128053
56.3710,-3913,-10.244211,-0.128053
56.3810,-3914,-10.246829,-0.128085
56.3910,-3914,-10.246829,-0.128085
56.4010,-3915,-10.249447,-0.128118
56.4120,-3916,-10.252065,-0.128151
56.4210,-3917,-10.254683,-0.128184
56.4310,-3918,-10.257301,-0.128216
56.4410,-3919,-10.259919,-0.128249
56.4510,-3920,-10.262537,-0.128282
56.4610,-3920,-10.262537,-0.128282
56.4710,-3920,-10.262537,-0.128282
56.4810,-3921,-10.265154,-0.128314
56.4910,-3921,-10.265154,-0.128314
56.5010,-3921,-10.265154,-0.128314
56.5110,-3921,-10.265154,-0.128314
56.5210,-3921,-10.265154,-0.128314
56.5310,-3920,-10.262537,-0.128282
56.5410,-3920,-10.262537,-0.128282
56.5510,-3920,-10.262537,-0.128282
56.5610,-3919,-10.259919,-0.128249
56.5710,-3919,-10.259919,-0.128249
56.5810,-3919,-10.259919,-0.128249
56.5910,-3919,-10.259919,-0.128249
56.6010,-3919,-10.259919,-0.128249
56.6110,-3919,-10.259919,-0.128249
56.6210,-3919,-10.259919,-0.128249
56.6310,-3919,-10.259919,-0.128249
56.6410,-3919,-10.259919,-0.128249
56.6510,-3919,-10.259919,-0.128249
56.6610,-3918,-10.257301,-0.128216
56.6710,-3918,-10.257301,-0.128216
56.6810,-3918,-10.257301,-0.128216
56.6910,-3918,-10.257301,-0.128216
56.7010,-3918,-10.257301,-0.128216
56.7110,-3918,-10.257301,-0.128216
56.7210,-3917,-10.254683,-0.128184
56.7310,-3917,-10.254683,-0.128184
56.7410,-3918,-10.257301,-0.128216
56.7510,-3918,-10.257301,-0.128216
56.7610,-3918,-10.257301,-0.128216
56.7710,-3918,-10.257301,-0.128216
56.7810,-3918,-10.257301,-0.128216
56.7910,-3919,-10.259919,-0.128249
56.8010,-3919,-10.259919,-0.128249
56.8110,-3919,-10.259919,-0.128249
56.8210,-3919,-10.259919,-0.128249
56.8310,-3919,-10.259919,-0.128249
56.8410,-3920,-10.262537,-0.128282
56.8510,-3920,-10.262537,-0.128282
56.8610,-3920,-10.262537,-0.128282
56.8710,-3921,-10.265154,-0.128314
56.8810,-3921,-10.265154,-0.128314
56.8910,-3921,-10.265154,-0.128314
56.9010,-3921,-10.265154,-0.128314
56.9110,-3922,-10.267773,-0.128347
56.9210,-3922,-10.267773,-0.128347
56.9310,-3922,-10.267773,-0.128347
56.9410,-3922,-10.267773,-0.128347
56.9510,-3922,-10.267773,-0.128347
56.9610,-3922,-10.267773,-0.128347
56.9710,-3922,-10.267773,-0.128347
56.9810,-3922,-10.267773,-0.128347
56.9910,-3922,-10.267773,-0.128347
57.0010,-3922,-10.267773,-0.128347
57.0110,-3923,-10.270391,-0.128380
57.0210,-3923,-10.270391,-0.128380
57.0310,-3923,-10.270391,-0.128380
57.0410,-3923,-10.270391,-0.128380
57.0520,-3923,-10.270391,-0.128380
57.0610,-3923,-10.270391,-0.128380
57.0710,-3923,-10.270391,-0.128380
57.0810,-3924,-10.273009,-0.128413
57.0910,-3924,-10.273009,-0.128413
57.1010,-3924,-10.273009,-0.128413
57.1110,-3924,-10.273009,-0.128413
57.1210,-3924,-10.273009,-0.128413
57.1310,-3923,-10.270391,-0.128380
57.1410,-3924,-10.273009,-0.128413
57.1510,-3924,-10.273009,-0.128413
57.1610,-3923,-10.270391,-0.128380
57.1710,-3923,-10.270391,-0.128380
57.1810,-3924,-10.273009,-0.128413
57.1910,-3924,-10.273009,-0.128413
57.2010,-3924,-10.273009,-0.128413
57.2110,-3924,-10.273009,-0.128413
57.2210,-3924,-10.273009,-0.128413
57.2310,-3924,-10.273009,-0.128413
57.2410,-3924,-10.273009,-0.128413
57.2510,-3924,-10.273009,-0.128413
57.2610,-3924,-10.273009,-0.128413
57.2710,-3924,-10.273009,-0.128413
57.2810,-3925,-10.275627,-0.128445
57.2910,-3925,-10.275627,-0.128445
57.3010,-3925,-10.275627,-0.128445
57.3110,-3925,-10.275627,-0.128445
57.3210,-3925,-10.275627,-0.128445
57.3310,-3925,-10.275627,-0.128445
57.3410,-3925,-10.275627,-0.128445
57.3510,-3925,-10.275627,-0.128445
57.3610,-3925,-10.275627,-0.128445
57.3710,-3925,-10.275627,-0.128445
57.3810,-3925,-10.275627,-0.128445
57.3910,-3925,-10.275627,-0.128445
57.4010,-3925,-10.275627,-0.128445
57.4110,-3925,-10.275627,-0.128445
57.4210,-3925,-10.275627,-0.128445
57.4310,-3925,-10.275627,-0.128445
57.4410,-3925,-10.275627,-0.128445
57.4510,-3925,-10.275627,-0.128445
57.4610,-3925,-10.275627,-0.128445
57.4710,-3925,-10.275627,-0.128445
57.4810,-3925,-10.275627,-0.128445
57.4910,-3925,-10.275627,-0.128445
57.5010,-3925,-10.275627,-0.128445
57.5110,-3926,-10.278245,-0.128478
57.5210,-3926,-10.278245,-0.128478
57.5310,-3926,-10.278245,-0.128478
57.5410,-3926,-10.278245,-0.128478
57.5510,-3926,-10.278245,-0.128478
57.5610,-3926,-10.278245,-0.128478
57.5710,-3926,-10.278245,-0.128478
57.5810,-3926,-10.278245,-0.128478
57.5910,-3926,-10.278245,-0.128478
57.6010,-3926,-10.278245,-0.128478
57.6110,-3926,-10.278245,-0.128478
57.6210,-3926,-10.278245,-0.128478
57.6310,-3926,-10.278245,-0.128478
57.6410,-3926,-10.278245,-0.128478
57.6510,-3926,-10.278245,-0.128478
57.6610,-3926,-10.278245,-0.128478
57.6710,-3926,-10.278245,-0.128478
57.6810,-3926,-10.278245,-0.128478
57.6920,-3926,-10.278245,-0.128478
57.7010,-3926,-10.278245,-0.128478
57.7110,-3926,-10.278245,-0.128478
57.7210,-3926,-10.278245,-0.128478
57.7310,-3926,-10.278245,-0.128478
57.7410,-3926,-10.278245,-0.128478
57.7510,-3927,-10.280863,-0.128511
57.7610,-3927,-10.280863,-0.128511
57.7710,-3927,-10.280863,-0.128511
57.7810,-3927,-10.280863,-0.128511
57.7910,-3927,-10.280863,-0.128511
57.8010,-3927,-10.280863,-0.128511
57.8110,-3927,-10.280863,-0.128511
57.8210,-3927,-10.280863,-0.128511
57.8310,-3927,-10.280863,-0.128511
57.8410,-3927,-10.280863,-0.128511
57.8510,-3927,-10.280863,-0.128511
57.8610,-3927,-10.280863,-0.128511
57.8710,-3927,-10.280863,-0.128511
57.8810,-3927,-10.280863,-0.128511
57.8910,-3927,-10.280863,-0.128511
57.9010,-3927,-10.280863,-0.128511
57.9110,-3927,-10.280863,-0.128511
57.9210,-3927,-10.280863,-0.128511
57.9310,-3927,-10.280863,-0.128511
57.9410,-3927,-10.280863,-0.128511
57.9510,-3927,-10.280863,-0.128511
57.9610,-3927,-10.280863,-0.128511
57.9710,-3927,-10.280863,-0.128511
57.9810,-3927,-10.280863,-0.128511
57.9910,-3927,-10.280863,-0.128511
58.0010,-3927,-10.280863,-0.128511
58.0110,-3927,-10.280863,-0.128511
58.0210,-3927,-10.280863,-0.128511
58.0310,-3927,-10.280863,-0.128511
58.0410,-3927,-10.280863,-0.128511
58.0510,-3927,-10.280863,-0.128511
58.0610,-3927,-10.280863,-0.128511
58.0710,-3927,-10.280863,-0.128511
58.0810,-3928,-10.283481,-0.128544
58.0910,-3928,-10.283481,-0.128544
58.1010,-3928,-10.283481,-0.128544
58.1110,-3928,-10.283481,-0.128544
58.1210,-3928,-10.283481,-0.128544
58.1310,-3928,-10.283481,-0.128544
58.1410,-3928,-10.283481,-0.128544
58.1510,-3928,-10.283481,-0.128544
58.1610,-3928,-10.283481,-0.128544
58.1710,-3928,-10.283481,-0.128544
58.1810,-3928,-10.283481,-0.128544
58.1910,-3928,-10.283481,-0.128544
58.2010,-3928,-10.283481,-0.128544
58.2110,-3928,-10.283481,-0.128544
58.2210,-3928,-10.283481,-0.128544
58.2310,-3928,-10.283481,-0.128544
58.2410,-3928,-10.283481,-0.128544
58.2510,-3928,-10.283481,-0.128544
58.2610,-3928,-10.283481,-0.128544
58.2710,-3928,-10.283481,-0.128544
58.2810,-3928,-10.283481,-0.128544
58.2910,-3928,-10.283481,-0.128544
58.3010,-3928,-10.283481,-0.128544
58.3110,-3928,-10.283481,-0.128544
58.3210,-3928,-10.283481,-0.128544
58.3320,-3928,-10.283481,-0.128544
58.3410,-3928,-10.283481,-0.128544
58.3510,-3928,-10.283481,-0.128544
58.3610,-3928,-10.283481,-0.128544
58.3710,-3928,-10.283481,-0.128544
58.3810,-3929,-10.286098,-0.128576
58.3910,-3929,-10.286098,-0.128576
58.4010,-3928,-10.283481,-0.128544
58.4110,-3929,-10.286098,-0.128576
58.4210,-3929,-10.286098,-0.128576
58.4310,-3929,-10.286098,-0.128576
58.4410,-3929,-10.286098,-0.128576
58.4510,-3929,-10.286098,-0.128576
58.4610,-3929,-10.286098,-0.128576
58.4710,-3929,-10.286098,-0.128576
58.4810,-3929,-10.286098,-0.128576
58.4910,-3929,-10.286098,-0.128576
58.5010,-3929,-10.286098,-0.128576
58.5110,-3929,-10.286098,-0.128576
58.5210,-3929,-10.286098,-0.128576
58.5310,-3929,-10.286098,-0.128576
58.5410,-3929,-10.286098,-0.128576
58.5510,-3929,-10.286098,-0.128576
58.5610,-3929,-10.286098,-0.128576
58.5710,-3929,-10.286098,-0.128576
58.5810,-3929,-10.286098,-0.128576
58.5910,-3929,-10.286098,-0.128576
58.6010,-3929,-10.286098,-0.128576
58.6110,-3929,-10.286098,-0.128576
58.6210,-3929,-10.286098,-0.128576
58.6310,-3929,-10.286098,-0.128576
58.6410,-3929,-10.286098,-0.128576
58.6510,-3929,-10.286098,-0.128576
58.6610,-3929,-10.286098,-0.128576
58.6710,-3929,-10.286098,-0.128576
58.6810,-3929,-10.286098,-0.128576
58.6910,-3929,-10.286098,-0.128576
58.7010,-3929,-10.286098,-0.128576
58.7110,-3929,-10.286098,-0.128576
58.7210,-3929,-10.286098,-0.128576
58.7310,-3929,-10.286098,-0.128576
58.7410,-3929,-10.286098,-0.128576
58.7510,-3930,-10.288717,-0.128609
58.7610,-3930,-10.288717,-0.128609
58.7710,-3929,-10.286098,-0.128576
58.7810,-3930,-10.288717,-0.128609
58.7910,-3930,-10.288717,-0.128609
58.8010,-3930,-10.288717,-0.128609
58.8110,-3930,-10.288717,-0.128609
58.8210,-3930,-10.288717,-0.128609
58.8310,-3930,-10.288717,-0.128609
58.8410,-3930,-10.288717,-0.128609
58.8510,-3930,-10.288717,-0.128609
58.8610,-3930,-10.288717,-0.128609
58.8710,-3930,-10.288717,-0.128609
58.8810,-3930,-10.288717,-0.128609
58.8910,-3930,-10.288717,-0.128609
58.9010,-3930,-10.288717,-0.128609
58.9110,-3930,-10.288717,-0.128609
58.9210,-3930,-10.288717,-0.128609
58.9310,-3930,-10.288717,-0.128609
58.9410,-3930,-10.288717,-0.128609
58.9510,-3930,-10.288717,-0.128609
58.9610,-3930,-10.288717,-0.128609
58.9720,-3930,-10.288717,-0.128609
58.9810,-3930,-10.288717,-0.128609
58.9910,-3930,-10.288717,-0.128609
59.0010,-3930,-10.288717,-0.128609
59.0110,-3930,-10.288717,-0.128609
59.0210,-3930,-10.288717,-0.128609
59.0310,-3930,-10.288717,-0.128609
59.0410,-3930,-10.288717,-0.128609
59.0510,-3930,-10.288717,-0.128609
59.0610,-3930,-10.288717,-0.128609
59.0710,-3930,-10.288717,-0.128609
59.0810,-3930,-10.288717,-0.128609
59.0910,-3930,-10.288717,-0.128609
59.1010,-3930,-10.288717,-0.128609
59.1110,-3930,-10.288717,-0.128609
59.1210,-3931,-10.291335,-0.128642
59.1310,-3931,-10.291335,-0.128642
59.1410,-3930,-10.288717,-0.128609
59.1510,-3931,-10.291335,-0.128642
59.1610,-3931,-10.291335,-0.128642
59.1710,-3931,-10.291335,-0.128642
59.1810,-3931,-10.291335,-0.128642
59.1910,-3931,-10.291335,-0.128642
59.2010,-3931,-10.291335,-0.128642
59.2110,-3931,-10.291335,-0.128642
59.2210,-3931,-10.291335,-0.128642
59.2310,-3931,-10.291335,-0.128642
59.2410,-3931,-10.291335,-0.128642
59.2510,-3931,-10.291335,-0.128642
59.2610,-3931,-10.291335,-0.128642
59.2710,-3931,-10.291335,-0.128642
59.2810,-3931,-10.291335,-0.128642
59.2910,-3931,-10.291335,-0.128642
59.3010,-3931,-10.291335,-0.128642
59.3110,-3931,-10.291335,-0.128642
59.3210,-3931,-10.291335,-0.128642
59.3310,-3931,-10.291335,-0.128642
59.3410,-3931,-10.291335,-0.128642
59.3510,-3931,-10.291335,-0.128642
59.3610,-3931,-10.291335,-0.128642
59.3710,-3931,-10.291335,-0.128642
59.3810,-3931,-10.291335,-0.128642
59.3910,-3931,-10.291335,-0.128642
59.4010,-3931,-10.291335,-0.128642
59.4110,-3931,-10.291335,-0.128642
59.4210,-3931,-10.291335,-0.128642
59.4310,-3931,-10.291335,-0.128642
59.4410,-3931,-10.291335,-0.128642
59.4510,-3931,-10.291335,-0.128642
59.4610,-3931,-10.291335,-0.128642
59.4710,-3931,-10.291335,-0.128642
59.4810,-3931,-10.291335,-0.128642
59.4910,-3931,-10.291335,-0.128642
59.5010,-3931,-10.291335,-0.128642
59.5110,-3931,-10.291335,-0.128642
59.5210,-3932,-10.293952,-0.128674
59.5310,-3932,-10.293952,-0.128674
59.5410,-3931,-10.291335,-0.128642
59.5510,-3932,-10.293952,-0.128674
59.5610,-3932,-10.293952,-0.128674
59.5710,-3932,-10.293952,-0.128674
59.5810,-3932,-10.293952,-0.128674
59.5910,-3932,-10.293952,-0.128674
59.6010,-3932,-10.293952,-0.128674
59.6120,-3932,-10.293952,-0.128674
59.6210,-3932,-10.293952,-0.128674
59.6310,-3932,-10.293952,-0.128674
59.6410,-3932,-10.293952,-0.128674
59.6510,-3932,-10.293952,-0.128674
59.6610,-3932,-10.293952,-0.128674
59.6710,-3932,-10.293952,-0.128674
59.6810,-3932,-10.293952,-0.128674
59.6910,-3932,-10.293952,-0.128674
59.7010,-3932,-10.293952,-0.128674
59.7110,-3932,-10.293952,-0.128674
59.7210,-3932,-10.293952,-0.128674
59.7310,-3932,-10.293952,-0.128674
59.7410,-3932,-10.293952,-0.128674
59.7510,-3932,-10.293952,-0.128674
59.7610,-3932,-10.293952,-0.128674
59.7710,-3932,-10.293952,-0.128674
59.7810,-3932,-10.293952,-0.128674
59.7910,-3932,-10.293952,-0.128674
59.8010,-3932,-10.293952,-0.128674
59.8110,-3932,-10.293952,-0.128674
59.8210,-3932,-10.293952,-0.128674
59.8310,-3932,-10.293952,-0.128674
59.8410,-3932,-10.293952,-0.128674
59.8510,-3933,-10.296570,-0.128707
59.8610,-3933,-10.296570,-0.128707
59.8710,-3933,-10.296570,-0.128707
59.8810,-3933,-10.296570,-0.128707
59.8910,-3933,-10.296570,-0.128707
59.9010,-3933,-10.296570,-0.128707
59.9110,-3933,-10.296570,-0.128707
59.9210,-3933,-10.296570,-0.128707
59.9310,-3933,-10.296570,-0.128707
59.9410,-3933,-10.296570,-0.128707
59.9510,-3933,-10.296570,-0.128707
59.9610,-3933,-10.296570,-0.128707
59.9710,-3933,-10.296570,-0.128707
59.9810,-3933,-10.296570,-0.128707
59.9910,-3933,-10.296570,-0.128707
60.0010,-3933,-10.296570,-0.128707
60.0110,-3933,-10.296570,-0.128707
60.0210,-3933,-10.296570,-0.128707
60.0310,-3933,-10.296570,-0.128707
60.0410,-3933,-10.296570,-0.128707
60.0510,-3933,-10.296570,-0.128707
60.0610,-3933,-10.296570,-0.128707
60.0710,-3933,-10.296570,-0.128707
60.0810,-3933,-10.296570,-0.128707
60.0910,-3933,-10.296570,-0.128707
60.1010,-3933,-10.296570,-0.128707
60.1110,-3933,-10.296570,-0.128707
60.1210,-3933,-10.296570,-0.128707
60.1310,-3933,-10.296570,-0.128707
60.1410,-3933,-10.296570,-0.128707
60.1510,-3934,-10.299189,-0.128740
60.1610,-3934,-10.299189,-0.128740
60.1710,-3934,-10.299189,-0.128740
60.1810,-3934,-10.299189,-0.128740
60.1910,-3934,-10.299189,-0.128740
60.2010,-3934,-10.299189,-0.128740
60.2110,-3934,-10.299189,-0.128740
60.2210,-3934,-10.299189,-0.128740
60.2310,-3934,-10.299189,-0.128740
60.2410,-3934,-10.299189,-0.128740
60.2520,-3934,-10.299189,-0.128740
60.2610,-3934,-10.299189,-0.128740
60.2710,-3934,-10.299189,-0.128740
60.2810,-3934,-10.299189,-0.128740
60.2910,-3934,-10.299189,-0.128740
60.3010,-3934,-10.299189,-0.128740
60.3110,-3934,-10.299189,-0.128740
60.3210,-3934,-10.299189,-0.128740
60.3310,-3934,-10.299189,-0.128740
60.3410,-3934,-10.299189,-0.128740
60.3510,-3934,-10.299189,-0.128740
60.3610,-3934,-10.299189,-0.128740
60.3710,-3934,-10.299189,-0.128740
60.3810,-3934,-10.299189,-0.128740
60.3910,-3935,-10.301807,-0.128773
60.4010,-3935,-10.301807,-0.128773
60.4110,-3935,-10.301807,-0.128773
60.4210,-3935,-10.301807,-0.128773
60.4310,-3935,-10.301807,-0.128773
60.4410,-3935,-10.301807,-0.128773
60.4510,-3935,-10.301807,-0.128773
60.4610,-3935,-10.301807,-0.128773
60.4710,-3935,-10.301807,-0.128773
60.4810,-3935,-10.301807,-0.128773
60.4910,-3935,-10.301807,-0.128773
60.5010,-3935,-10.301807,-0.128773
60.5110,-3935,-10.301807,-0.128773
60.5210,-3935,-10.301807,-0.128773
60.5310,-3935,-10.301807,-0.128773
60.5410,-3935,-10.301807,-0.128773
60.5510,-3935,-10.301807,-0.128773
60.5610,-3935,-10.301807,-0.128773
60.5710,-3935,-10.301807,-0.128773
60.5810,-3935,-10.301807,-0.128773
60.5910,-3935,-10.301807,-0.128773
60.6010,-3935,-10.301807,-0.128773
60.6110,-3935,-10.301807,-0.128773
60.6210,-3935,-10.301807,-0.128773
60.6310,-3935,-10.301807,-0.128773
60.6410,-3935,-10.301807,-0.128773
60.6510,-3935,-10.301807,-0.128773
60.6610,-3936,-10.304425,-0.128805
60.6710,-3936,-10.304425,-0.128805
60.6810,-3936,-10.304425,-0.128805
60.6910,-3936,-10.304425,-0.128805
60.7010,-3936,-10.304425,-0.128805
60.7110,-3936,-10.304425,-0.128805
60.7210,-3936,-10.304425,-0.128805
60.7310,-3936,-10.304425,-0.128805
60.7410,-3936,-10.304425,-0.128805
60.7510,-3936,-10.304425,-0.128805
60.7610,-3937,-10.307043,-0.128838
60.7710,-3937,-10.307043,-0.128838
60.7810,-3937,-10.307043,-0.128838
60.7910,-3937,-10.307043,-0.128838
60.8010,-3937,-10.307043,-0.128838
60.8110,-3937,-10.307043,-0.128838
60.8210,-3937,-10.307043,-0.128838
60.8310,-3937,-10.307043,-0.128838
60.8410,-3937,-10.307043,-0.128838
60.8510,-3937,-10.307043,-0.128838
60.8610,-3938,-10.309661,-0.128871
60.8710,-3938,-10.309661,-0.128871
60.8810,-3938,-10.309661,-0.128871
60.8920,-3938,-10.309661,-0.128871
60.9010,-3938,-10.309661,-0.128871
60.9110,-3938,-10.309661,-0.128871
60.9210,-3938,-10.309661,-0.128871
60.9310,-3938,-10.309661,-0.128871
60.9410,-3938,-10.309661,-0.128871
60.9510,-3938,-10.309661,-0.128871
60.9610,-3938,-10.309661,-0.128871
60.9710,-3938,-10.309661,-0.128871
60.9810,-3938,-10.309661,-0.128871
60.9910,-3939,-10.312278,-0.128903
61.0010,-3939,-10.312278,-0.128903
61.0110,-3939,-10.312278,-0.128903
61.0210,-3939,-10.312278,-0.128903
61.0310,-3939,-10.312278,-0.128903
61.0410,-3939,-10.312278,-0.128903
61.0510,-3940,-10.314896,-0.128936
61.0610,-3940,-10.314896,-0.128936
61.0710,-3940,-10.314896,-0.128936
61.0810,-3940,-10.314896,-0.128936
61.0910,-3940,-10.314896,-0.128936
61.1010,-3940,-10.314896,-0.128936
61.1110,-3941,-10.317514,-0.128969
61.1210,-3941,-10.317514,-0.128969
61.1310,-3941,-10.317514,-0.128969
61.1410,-3941,-10.317514,-0.128969
61.1510,-3941,-10.317514,-0.128969
61.1610,-3941,-10.317514,-0.128969
61.1710,-3941,-10.317514,-0.128969
61.1810,-3941,-10.317514,-0.128969
61.1910,-3941,-10.317514,-0.128969
61.2010,-3941,-10.317514,-0.128969
61.2110,-3941,-10.317514,-0.128969
61.2210,-3942,-10.320133,-0.129002
61.2310,-3942,-10.320133,-0.129002
61.2410,-3942,-10.320133,-0.129002
61.2510,-3942,-10.320133,-0.129002
61.2610,-3942,-10.320133,-0.129002
61.2710,-3942,-10.320133,-0.129002
61.2810,-3942,-10.320133,-0.129002
61.2910,-3942,-10.320133,-0.129002
61.3010,-3942,-10.320133,-0.129002
61.3110,-3942,-10.320133,-0.129002
61.3210,-3943,-10.322751,-0.129034
61.3310,-3943,-10.322751,-0.129034
61.3410,-3943,-10.322751,-0.129034
61.3510,-3943,-10.322751,-0.129034
61.3610,-3943,-10.322751,-0.129034
61.3710,-3943,-10.322751,-0.129034
61.3810,-3943,-10.322751,-0.129034
61.3910,-3943,-10.322751,-0.129034
61.4010,-3943,-10.322751,-0.129034
61.4110,-3943,-10.322751,-0.129034
61.4210,-3943,-10.322751,-0.129034
61.4310,-3943,-10.322751,-0.129034
61.4410,-3943,-10.322751,-0.129034
61.4510,-3944,-10.325368,-0.129067
61.4610,-3944,-10.325368,-0.129067
61.4710,-3944,-10.325368,-0.129067
61.4810,-3944,-10.325368,-0.129067
61.4910,-3944,-10.325368,-0.129067
61.5010,-3944,-10.325368,-0.129067
61.5110,-3944,-10.325368,-0.129067
61.5210,-3944,-10.325368,-0.129067
61.5320,-3944,-10.325368,-0.129067
61.5410,-3944,-10.325368,-0.129067
61.5510,-3945,-10.327986,-0.129100
61.5610,-3945,-10.327986,-0.129100
61.5710,-3945,-10.327986,-0.129100
61.5810,-3945,-10.327986,-0.129100
61.5910,-3945,-10.327986,-0.129100
61.6010,-3945,-10.327986,-0.129100
61.6110,-3945,-10.327986,-0.129100
61.6210,-3945,-10.327986,-0.129100
61.6310,-3945,-10.327986,-0.129100
61.6410,-3945,-10.327986,-0.129100
61.6510,-3946,-10.330605,-0.129133
61.6610,-3946,-10.330605,-0.129133
61.6710,-3946,-10.330605,-0.129133
61.6810,-3946,-10.330605,-0.129133
61.6910,-3946,-10.330605,-0.129133
61.7010,-3946,-10.330605,-0.129133
61.7110,-3946,-10.330605,-0.129133
61.7210,-3946,-10.330605,-0.129133
61.7310,-3947,-10.333223,-0.129165
61.7410,-3947,-10.333223,-0.129165
61.7510,-3947,-10.333223,-0.129165
61.7610,-3947,-10.333223,-0.129165
61.7710,-3947,-10.333223,-0.129165
61.7810,-3947,-10.333223,-0.129165
61.7910,-3947,-10.333223,-0.129165
61.8010,-3947,-10.333223,-0.129165
61.8110,-3947,-10.333223,-0.129165
61.8210,-3947,-10.333223,-0.129165
61.8310,-3947,-10.333223,-0.129165
61.8410,-3947,-10.333223,-0.129165
61.8510,-3948,-10.335841,-0.129198
61.8610,-3948,-10.335841,-0.129198
61.8710,-3948,-10.335841,-0.129198
61.8810,-3948,-10.335841,-0.129198
61.8910,-3948,-10.335841,-0.129198
61.9010,-3948,-10.335841,-0.129198
61.9110,-3948,-10.335841,-0.129198
61.9210,-3948,-10.335841,-0.129198
61.9310,-3949,-10.338459,-0.129231
61.9410,-3949,-10.338459,-0.129231
61.9510,-3949,-10.338459,-0.129231
61.9610,-3949,-10.338459,-0.129231
61.9710,-3949,-10.338459,-0.129231
61.9810,-3949,-10.338459,-0.129231
61.9910,-3950,-10.341076,-0.129263
62.0010,-3950,-10.341076,-0.129263
62.0110,-3950,-10.341076,-0.129263
62.0210,-3950,-10.341076,-0.129263
62.0310,-3950,-10.341076,-0.129263
62.0410,-3950,-10.341076,-0.129263
62.0510,-3950,-10.341076,-0.129263
62.0610,-3951,-10.343694,-0.129296
62.0710,-3951,-10.343694,-0.129296
62.0810,-3951,-10.343694,-0.129296
62.0910,-3951,-10.343694,-0.129296
62.1010,-3951,-10.343694,-0.129296
62.1110,-3951,-10.343694,-0.129296
62.1210,-3952,-10.346312,-0.129329
62.1310,-3952,-10.346312,-0.129329
62.1410,-3952,-10.346312,-0.129329
62.1510,-3953,-10.348930,-0.129362
62.1610,-3953,-10.348930,-0.129362
62.1720,-3953,-10.348930,-0.129362
62.1810,-3953,-10.348930,-0.129362
62.1910,-3954,-10.351549,-0.129394
62.2010,-3954,-10.351549,-0.129394
62.2110,-3954,-10.351549,-0.129394
62.2210,-3955,-10.354166,-0.129427
62.2310,-3955,-10.354166,-0.129427
62.2410,-3955,-10.354166,-0.129427
62.2510,-3955,-10.354166,-0.129427
62.2610,-3956,-10.356784,-0.129460
62.2710,-3956,-10.356784,-0.129460
62.2810,-3956,-10.356784,-0.129460
62.2910,-3956,-10.356784,-0.129460
62.3010,-3957,-10.359402,-0.129493
62.3110,-3957,-10.359402,-0.129493
62.3210,-3957,-10.359402,-0.129493
62.3310,-3957,-10.359402,-0.129493
62.3410,-3957,-10.359402,-0.129493
62.3510,-3957,-10.359402,-0.129493
62.3610,-3958,-10.362021,-0.129525
62.3710,-3958,-10.362021,-0.129525
62.3810,-3958,-10.362021,-0.129525
62.3910,-3958,-10.362021,-0.129525
62.4010,-3958,-10.362021,-0.129525
62.4110,-3958,-10.362021,-0.129525
62.4210,-3959,-10.364639,-0.129558
62.4310,-3959,-10.364639,-0.129558
62.4410,-3959,-10.364639,-0.129558
62.4510,-3959,-10.364639,-0.129558
62.4610,-3959,-10.364639,-0.129558
62.4710,-3959,-10.364639,-0.129558
62.4810,-3959,-10.364639,-0.129558
62.4910,-3959,-10.364639,-0.129558
62.5010,-3959,-10.364639,-0.129558
62.5110,-3960,-10.367257,-0.129591
62.5210,-3960,-10.367257,-0.129591
62.5310,-3960,-10.367257,-0.129591
62.5410,-3960,-10.367257,-0.129591
62.5510,-3960,-10.367257,-0.129591
62.5610,-3961,-10.369874,-0.129623
62.5710,-3961,-10.369874,-0.129623
62.5810,-3961,-10.369874,-0.129623
62.5910,-3961,-10.369874,-0.129623
62.6010,-3961,-10.369874,-0.129623
62.6110,-3961,-10.369874,-0.129623
62.6210,-3961,-10.369874,-0.129623
62.6310,-3962,-10.372492,-0.129656
62.6410,-3962,-10.372492,-0.129656
62.6510,-3962,-10.372492,-0.129656
62.6610,-3962,-10.372492,-0.129656
62.6710,-3962,-10.372492,-0.129656
62.6810,-3962,-10.372492,-0.129656
62.6910,-3962,-10.372492,-0.129656
62.7010,-3963,-10.375110,-0.129689
62.7110,-3963,-10.375110,-0.129689
62.7210,-3963,-10.375110,-0.129689
62.7310,-3963,-10.375110,-0.129689
62.7410,-3963,-10.375110,-0.129689
62.7510,-3963,-10.375110,-0.129689
62.7610,-3963,-10.375110,-0.129689
62.7710,-3963,-10.375110,-0.129689
62.7810,-3963,-10.375110,-0.129689
62.7910,-3964,-10.377728,-0.129722
62.8010,-3964,-10.377728,-0.129722
62.8120,-3964,-10.377728,-0.129722
62.8210,-3964,-10.377728,-0.129722
62.8310,-3964,-10.377728,-0.129722
62.8410,-3964,-10.377728,-0.129722
62.8510,-3965,-10.380346,-0.129754
62.8610,-3965,-10.380346,-0.129754
62.8710,-3965,-10.380346,-0.129754
62.8810,-3965,-10.380346,-0.129754
62.8910,-3965,-10.380346,-0.129754
62.9010,-3965,-10.380346,-0.129754
62.9110,-3966,-10.382965,-0.129787
62.9210,-3966,-10.382965,-0.129787
62.9310,-3966,-10.382965,-0.129787
62.9410,-3966,-10.382965,-0.129787
62.9510,-3966,-10.382965,-0.129787
62.9610,-3967,-10.385582,-0.129820
62.9710,-3967,-10.385582,-0.129820
62.9810,-3967,-10.385582,-0.129820
62.9910,-3967,-10.385582,-0.129820
63.0010,-3967,-10.385582,-0.129820
63.0110,-3967,-10.385582,-0.129820
63.0210,-3968,-10.388200,-0.129853
63.0310,-3968,-10.388200,-0.129853
63.0410,-3968,-10.388200,-0.129853
63.0510,-3969,-10.390818,-0.129885
63.0610,-3969,-10.390818,-0.129885
63.0710,-3969,-10.390818,-0.129885
63.0810,-3969,-10.390818,-0.129885
63.0910,-3969,-10.390818,-0.129885
63.1010,-3970,-10.393437,-0.129918
63.1110,-3970,-10.393437,-0.129918
63.1210,-3970,-10.393437,-0.129918
63.1310,-3971,-10.396055,-0.129951
63.1410,-3971,-10.396055,-0.129951
63.1510,-3971,-10.396055,-0.129951
63.1610,-3971,-10.396055,-0.129951
63.1710,-3971,-10.396055,-0.129951
63.1810,-3971,-10.396055,-0.129951
63.1910,-3972,-10.398673,-0.129983
63.2010,-3972,-10.398673,-0.129983
63.2110,-3972,-10.398673,-0.129983
63.2210,-3972,-10.398673,-0.129983
63.2310,-3973,-10.401290,-0.130016
63.2410,-3973,-10.401290,-0.130016
63.2510,-3973,-10.401290,-0.130016
63.2610,-3973,-10.401290,-0.130016
63.2710,-3973,-10.401290,-0.130016
63.2810,-3974,-10.403908,-0.130049
63.2910,-3975,-10.406526,-0.130082
63.3010,-3976,-10.409144,-0.130114
63.3110,-3977,-10.411763,-0.130147
63.3210,-3978,-10.414381,-0.130180
63.3310,-3979,-10.416998,-0.130212
63.3410,-3980,-10.419616,-0.130245
63.3510,-3981,-10.422235,-0.130278
63.3610,-3983,-10.427471,-0.130343
63.3710,-3983,-10.427471,-0.130343
63.3810,-3983,-10.427471,-0.130343
63.3910,-3985,-10.432706,-0.130409
63.4010,-3986,-10.435324,-0.130442
63.4110,-3987,-10.437942,-0.130474
63.4210,-3991,-10.448414,-0.130605
63.4310,-3996,-10.461504,-0.130769
63.4410,-4006,-10.487685,-0.131096
63.4520,-4022,-10.529572,-0.131620
63.4610,-4044,-10.587167,-0.132340
63.4710,-4067,-10.647381,-0.133092
63.4810,-4085,-10.694506,-0.133681
63.4910,-4105,-10.746866,-0.134336
63.5010,-4122,-10.791372,-0.134892
63.5110,-4138,-10.833259,-0.135416
63.5210,-4149,-10.862057,-0.135776
63.5310,-4157,-10.883001,-0.136038
63.5410,-4164,-10.901328,-0.136267
63.5510,-4173,-10.924889,-0.136561
63.5610,-4192,-10.974631,-0.137183
63.5710,-4220,-11.047935,-0.138099
63.5810,-4248,-11.121238,-0.139015
63.5910,-4284,-11.215486,-0.140194
63.6010,-4321,-11.312353,-0.141404
63.6110,-4362,-11.419690,-0.142746
63.6210,-4405,-11.532264,-0.144153
63.6310,-4439,-11.621276,-0.145266
63.6410,-4476,-11.718141,-0.146477
63.6510,-4497,-11.773119,-0.147164
63.6610,-4507,-11.799300,-0.147491
63.6710,-4507,-11.799300,-0.147491
63.6810,-4501,-11.783591,-0.147295
63.6910,-4493,-11.762647,-0.147033
63.7010,-4483,-11.736468,-0.146706
63.7110,-4475,-11.715523,-0.146444
63.7210,-4469,-11.699815,-0.146248
63.7310,-4468,-11.697197,-0.146215
63.7410,-4470,-11.702433,-0.146280
63.7510,-4475,-11.715523,-0.146444
63.7610,-4484,-11.739086,-0.146739
63.7710,-4492,-11.760029,-0.147000
63.7810,-4499,-11.778355,-0.147229
63.7910,-4504,-11.791445,-0.147393
63.8010,-4505,-11.794063,-0.147426
63.8110,-4502,-11.786210,-0.147328
63.8210,-4498,-11.775737,-0.147197
63.8310,-4493,-11.762647,-0.147033
63.8410,-4488,-11.749557,-0.146869
63.8510,-4484,-11.739086,-0.146739
63.8610,-4484,-11.739086,-0.146739
63.8710,-4485,-11.741703,-0.146771
63.8810,-4488,-11.749557,-0.146869
63.8910,-4493,-11.762647,-0.147033
63.9010,-4498,-11.775737,-0.147197
63.9110,-4502,-11.786210,-0.147328
63.9210,-4504,-11.791445,-0.147393
63.9310,-4505,-11.794063,-0.147426
63.9410,-4503,-11.788827,-0.147360
63.9510,-4501,-11.783591,-0.147295
63.9610,-4499,-11.778355,-0.147229
63.9710,-4496,-11.770502,-0.147131
63.9810,-4495,-11.767884,-0.147099
63.9910,-4495,-11.767884,-0.147099
64.0010,-4497,-11.773119,-0.147164
64.0110,-4499,-11.778355,-0.147229
64.0210,-4502,-11.786210,-0.147328
64.0310,-4505,-11.794063,-0.147426
64.0410,-4507,-11.799300,-0.147491
64.0510,-4508,-11.801918,-0.147524
64.0610,-4508,-11.801918,-0.147524
64.0710,-4508,-11.801918,-0.147524
64.0810,-4506,-11.796682,-0.147459
64.0920,-4505,-11.794063,-0.147426
64.1010,-4504,-11.791445,-0.147393
64.1110,-4504,-11.791445,-0.147393
64.1210,-4505,-11.794063,-0.147426
64.1310,-4506,-11.796682,-0.147459
64.1410,-4507,-11.799300,-0.147491
64.1510,-4508,-11.801918,-0.147524
64.1610,-4510,-11.807153,-0.147589
64.1710,-4511,-11.809771,-0.147622
64.1810,-4511,-11.809771,-0.147622
64.1910,-4511,-11.809771,-0.147622
64.2010,-4511,-11.809771,-0.147622
64.2110,-4510,-11.807153,-0.147589
64.2210,-4509,-11.804535,-0.147557
64.2310,-4510,-11.807153,-0.147589
64.2410,-4510,-11.807153,-0.147589
64.2510,-4510,-11.807153,-0.147589
64.2610,-4511,-11.809771,-0.147622
64.2710,-4512,-11.812389,-0.147655
64.2810,-4513,-11.815007,-0.147688
64.2910,-4514,-11.817625,-0.147720
64.3010,-4515,-11.820243,-0.147753
64.3110,-4515,-11.820243,-0.147753
64.3210,-4515,-11.820243,-0.147753
64.3310,-4515,-11.820243,-0.147753
64.3410,-4515,-11.820243,-0.147753
64.3510,-4515,-11.820243,-0.147753
64.3610,-4516,-11.822861,-0.147786
64.3710,-4517,-11.825479,-0.147818
64.3810,-4518,-11.828098,-0.147851
64.3910,-4519,-11.830716,-0.147884
64.4010,-4520,-11.833333,-0.147917
64.4110,-4521,-11.835951,-0.147949
64.4210,-4521,-11.835951,-0.147949
64.4310,-4522,-11.838569,-0.147982
64.4410,-4522,-11.838569,-0.147982
64.4510,-4521,-11.835951,-0.147949
64.4610,-4521,-11.835951,-0.147949
64.4710,-4521,-11.835951,-0.147949
64.4810,-4521,-11.835951,-0.147949
64.4910,-4522,-11.838569,-0.147982
64.5010,-4523,-11.841187,-0.148015
64.5110,-4523,-11.841187,-0.148015
64.5210,-4524,-11.843805,-0.148048
64.5310,-4525,-11.846423,-0.148080
64.5410,-4525,-11.846423,-0.148080
64.5510,-4526,-11.849041,-0.148113
64.5610,-4526,-11.849041,-0.148113
64.5710,-4526,-11.849041,-0.148113
64.5810,-4526,-11.849041,-0.148113
64.5910,-4527,-11.851659,-0.148146
64.6010,-4527,-11.851659,-0.148146
64.6110,-4528,-11.854277,-0.148178
64.6210,-4528,-11.854277,-0.148178
64.6310,-4530,-11.859514,-0.148244
64.6410,-4530,-11.859514,-0.148244
64.6510,-4531,-11.862132,-0.148277
64.6610,-4532,-11.864749,-0.148309
64.6710,-4533,-11.867366,-0.148342
64.6810,-4534,-11.869985,-0.148375
64.6910,-4535,-11.872603,-0.148408
64.7010,-4536,-11.875221,-0.148440
64.7110,-4537,-11.877839,-0.148473
64.7210,-4538,-11.880457,-0.148506
64.7320,-4540,-11.885693,-0.148571
64.7410,-4541,-11.888311,-0.148604
64.7510,-4543,-11.893548,-0.148669
64.7610,-4545,-11.898782,-0.148735
64.7710,-4547,-11.904019,-0.148800
64.7810,-4549,-11.909255,-0.148866
64.7910,-4551,-11.914491,-0.148931
64.8010,-4553,-11.919727,-0.148997
64.8110,-4554,-11.922346,-0.149029
64.8210,-4555,-11.924962,-0.149062
64.8310,-4557,-11.930198,-0.149127
64.8410,-4558,-11.932817,-0.149160
64.8510,-4559,-11.935435,-0.149193
64.8610,-4561,-11.940670,-0.149258
64.8710,-4563,-11.945907,-0.149324
64.8810,-4565,-11.951143,-0.149389
64.8910,-4568,-11.958996,-0.149487
64.9010,-4574,-11.974705,-0.149684
64.9110,-4579,-11.987794,-0.149847
64.9210,-4586,-12.006121,-0.150077
64.9310,-4597,-12.034919,-0.150436
64.9410,-4610,-12.068953,-0.150862
64.9510,-4622,-12.100369,-0.151255
64.9610,-4634,-12.131785,-0.151647
64.9710,-4647,-12.165818,-0.152073
64.9810,-4656,-12.189381,-0.152367
64.9910,-4663,-12.207706,-0.152596
65.0010,-4667,-12.218178,-0.152727
65.0110,-4668,-12.220796,-0.152760
65.0210,-4666,-12.215560,-0.152695
65.0310,-4664,-12.210325,-0.152629
65.0410,-4661,-12.202470,-0.152531
65.0510,-4657,-12.191998,-0.152400
65.0610,-4656,-12.189381,-0.152367
65.0710,-4656,-12.189381,-0.152367
65.0810,-4657,-12.191998,-0.152400
65.0910,-4660,-12.199852,-0.152498
65.1010,-4664,-12.210325,-0.152629
65.1110,-4667,-12.218178,-0.152727
65.1210,-4669,-12.223414,-0.152793
65.1310,-4671,-12.228650,-0.152858
65.1410,-4671,-12.228650,-0.152858
65.1510,-4670,-12.226032,-0.152825
65.1610,-4669,-12.223414,-0.152793
65.1710,-4668,-12.220796,-0.152760
65.1810,-4667,-12.218178,-0.152727
65.1910,-4666,-12.215560,-0.152695
65.2010,-4667,-12.218178,-0.152727
65.2110,-4668,-12.220796,-0.152760
65.2210,-4669,-12.223414,-0.152793
65.2310,-4671,-12.228650,-0.152858
65.2410,-4673,-12.233886,-0.152924
65.2510,-4674,-12.236504,-0.152956
65.2610,-4674,-12.236504,-0.152956
65.2710,-4674,-12.236504,-0.152956
65.2810,-4674,-12.236504,-0.152956
65.2910,-4673,-12.233886,-0.152924
65.3010,-4673,-12.233886,-0.152924
65.3110,-4673,-12.233886,-0.152924
65.3210,-4673,-12.233886,-0.152924
65.3310,-4675,-12.239122,-0.152989
65.3410,-4676,-12.241741,-0.153022
65.3510,-4678,-12.246976,-0.153087
65.3610,-4680,-12.252212,-0.153153
65.3720,-4681,-12.254830,-0.153185
65.3810,-4682,-12.257448,-0.153218
65.3910,-4682,-12.257448,-0.153218
65.4010,-4682,-12.257448,-0.153218
65.4110,-4682,-12.257448,-0.153218
65.4210,-4682,-12.257448,-0.153218
65.4310,-4682,-12.257448,-0.153218
65.4410,-4682,-12.257448,-0.153218
65.4510,-4683,-12.260066,-0.153251
65.4610,-4684,-12.262684,-0.153284
65.4710,-4686,-12.267920,-0.153349
65.4810,-4687,-12.270538,-0.153382
65.4910,-4688,-12.273157,-0.153414
65.5010,-4689,-12.275774,-0.153447
65.5110,-4689,-12.275774,-0.153447
65.5210,-4689,-12.275774,-0.153447
65.5310,-4689,-12.275774,-0.153447
65.5410,-4689,-12.275774,-0.153447
65.5510,-4689,-12.275774,-0.153447
65.5610,-4690,-12.278392,-0.153480
65.5710,-4690,-12.278392,-0.153480
65.5810,-4691,-12.281010,-0.153513
65.5910,-4691,-12.281010,-0.153513
65.6010,-4692,-12.283628,-0.153545
65.6110,-4693,-12.286246,-0.153578
65.6210,-4693,-12.286246,-0.153578
65.6310,-4694,-12.288864,-0.153611
65.6410,-4694,-12.288864,-0.153611
65.6510,-4694,-12.288864,-0.153611
65.6610,-4694,-12.288864,-0.153611
65.6710,-4694,-12.288864,-0.153611
65.6810,-4694,-12.288864,-0.153611
65.6910,-4694,-12.288864,-0.153611
65.7010,-4695,-12.291481,-0.153644
65.7110,-4695,-12.291481,-0.153644
65.7210,-4695,-12.291481,-0.153644
65.7310,-4696,-12.294100,-0.153676
65.7410,-4697,-12.296718,-0.153709
65.7510,-4697,-12.296718,-0.153709
65.7610,-4697,-12.296718,-0.153709
65.7710,-4698,-12.299336,-0.153742
65.7810,-4698,-12.299336,-0.153742
65.7910,-4698,-12.299336,-0.153742
65.8010,-4699,-12.301954,-0.153774
65.8110,-4699,-12.301954,-0.153774
65.8210,-4699,-12.301954,-0.153774
65.8310,-4700,-12.304573,-0.153807
65.8410,-4701,-12.307190,-0.153840
65.8510,-4701,-12.307190,-0.153840
65.8610,-4702,-12.309808,-0.153873
65.8710,-4703,-12.312426,-0.153905
65.8810,-4703,-12.312426,-0.153905
65.8910,-4703,-12.312426,-0.153905
65.9010,-4704,-12.315044,-0.153938
65.9110,-4704,-12.315044,-0.153938
65.9210,-4704,-12.315044,-0.153938
65.9310,-4705,-12.317662,-0.153971
65.9410,-4705,-12.317662,-0.153971
65.9510,-4706,-12.320280,-0.154003
65.9610,-4706,-12.320280,-0.154003
65.9710,-4707,-12.322897,-0.154036
65.9810,-4707,-12.322897,-0.154036
65.9910,-4707,-12.322897,-0.154036
66.0010,-4708,-12.325516,-0.154069
66.0120,-4708,-12.325516,-0.154069
66.0210,-4709,-12.328134,-0.154102
66.0310,-4709,-12.328134,-0.154102
66.0410,-4710,-12.330752,-0.154134
66.0510,-4710,-12.330752,-0.154134
66.0610,-4711,-12.333370,-0.154167
66.0710,-4712,-12.335988,-0.154200
66.0810,-4712,-12.335988,-0.154200
66.0910,-4713,-12.338606,-0.154233
66.1010,-4713,-12.338606,-0.154233
66.1110,-4714,-12.341224,-0.154265
66.1210,-4714,-12.341224,-0.154265
66.1310,-4715,-12.343842,-0.154298
66.1410,-4715,-12.343842,-0.154298
66.1510,-4715,-12.343842,-0.154298
66.1610,-4716,-12.346460,-0.154331
66.1710,-4716,-12.346460,-0.154331
66.1810,-4717,-12.349078,-0.154363
66.1910,-4717,-12.349078,-0.154363
66.2010,-4719,-12.354313,-0.154429
66.2110,-4719,-12.354313,-0.154429
66.2210,-4720,-12.356932,-0.154462
66.2310,-4721,-12.359550,-0.154494
66.2410,-4722,-12.362168,-0.154527
66.2510,-4722,-12.362168,-0.154527
66.2610,-4723,-12.364786,-0.154560
66.2710,-4723,-12.364786,-0.154560
66.2810,-4723,-12.364786,-0.154560
66.2910,-4723,-12.364786,-0.154560
66.3010,-4723,-12.364786,-0.154560
66.3110,-4723,-12.364786,-0.154560
66.3210,-4723,-12.364786,-0.154560
66.3310,-4724,-12.367404,-0.154593
66.3410,-4724,-12.367404,-0.154593
66.3510,-4725,-12.370022,-0.154625
66.3610,-4725,-12.370022,-0.154625
66.3710,-4726,-12.372640,-0.154658
66.3810,-4726,-12.372640,-0.154658
66.3910,-4726,-12.372640,-0.154658
66.4010,-4726,-12.372640,-0.154658
66.4110,-4726,-12.372640,-0.154658
66.4210,-4726,-12.372640,-0.154658
66.4310,-4726,-12.372640,-0.154658
66.4410,-4726,-12.372640,-0.154658
66.4510,-4727,-12.375258,-0.154691
66.4610,-4727,-12.375258,-0.154691
66.4710,-4727,-12.375258,-0.154691
66.4810,-4728,-12.377876,-0.154723
66.4910,-4728,-12.377876,-0.154723
66.5010,-4728,-12.377876,-0.154723
66.5110,-4728,-12.377876,-0.154723
66.5210,-4728,-12.377876,-0.154723
66.5310,-4729,-12.380494,-0.154756
66.5410,-4729,-12.380494,-0.154756
66.5510,-4729,-12.380494,-0.154756
66.5610,-4729,-12.380494,-0.154756
66.5710,-4729,-12.380494,-0.154756
66.5810,-4729,-12.380494,-0.154756
66.5910,-4729,-12.380494,-0.154756
66.6010,-4730,-12.383111,-0.154789
66.6110,-4730,-12.383111,-0.154789
66.6210,-4730,-12.383111,-0.154789
66.6310,-4730,-12.383111,-0.154789
66.6410,-4730,-12.383111,-0.154789
66.6520,-4730,-12.383111,-0.154789
66.6610,-4730,-12.383111,-0.154789
66.6710,-4730,-12.383111,-0.154789
66.6810,-4730,-12.383111,-0.154789
66.6910,-4730,-12.383111,-0.154789
66.7010,-4731,-12.385730,-0.154822
66.7110,-4731,-12.385730,-0.154822
66.7210,-4731,-12.385730,-0.154822
66.7310,-4731,-12.385730,-0.154822
66.7410,-4731,-12.385730,-0.154822
66.7510,-4731,-12.385730,-0.154822
66.7610,-4731,-12.385730,-0.154822
66.7710,-4732,-12.388348,-0.154854
66.7810,-4732,-12.388348,-0.154854
66.7910,-4732,-12.388348,-0.154854
66.8010,-4733,-12.390966,-0.154887
66.8110,-4733,-12.390966,-0.154887
66.8210,-4733,-12.390966,-0.154887
66.8310,-4733,-12.390966,-0.154887
66.8410,-4734,-12.393584,-0.154920
66.8510,-4734,-12.393584,-0.154920
66.8610,-4734,-12.393584,-0.154920
66.8710,-4734,-12.393584,-0.154920
66.8810,-4734,-12.393584,-0.154920
66.8910,-4734,-12.393584,-0.154920
66.9010,-4734,-12.393584,-0.154920
66.9110,-4735,-12.396203,-0.154953
66.9210,-4735,-12.396203,-0.154953
66.9310,-4735,-12.396203,-0.154953
66.9410,-4735,-12.396203,-0.154953
66.9510,-4735,-12.396203,-0.154953
66.9610,-4735,-12.396203,-0.154953
66.9710,-4736,-12.398820,-0.154985
66.9810,-4736,-12.398820,-0.154985
66.9910,-4736,-12.398820,-0.154985
67.0010,-4736,-12.398820,-0.154985
67.0110,-4736,-12.398820,-0.154985
67.0210,-4736,-12.398820,-0.154985
67.0310,-4737,-12.401438,-0.155018
67.0410,-4737,-12.401438,-0.155018
67.0510,-4737,-12.401438,-0.155018
67.0610,-4737,-12.401438,-0.155018
67.0710,-4738,-12.404056,-0.155051
67.0810,-4738,-12.404056,-0.155051
67.0910,-4738,-12.404056,-0.155051
67.1010,-4738,-12.404056,-0.155051
67.1110,-4738,-12.404056,-0.155051
67.1210,-4738,-12.404056,-0.155051
67.1310,-4738,-12.404056,-0.155051
67.1410,-4739,-12.406674,-0.155083
67.1510,-4739,-12.406674,-0.155083
67.1610,-4739,-12.406674,-0.155083
67.1710,-4740,-12.409292,-0.155116
67.1810,-4740,-12.409292,-0.155116
67.1910,-4740,-12.409292,-0.155116
67.2010,-4741,-12.411910,-0.155149
67.2110,-4741,-12.411910,-0.155149
67.2210,-4741,-12.411910,-0.155149
67.2310,-4741,-12.411910,-0.155149
67.2410,-4742,-12.414527,-0.155182
67.2510,-4742,-12.414527,-0.155182
67.2610,-4742,-12.414527,-0.155182
67.2710,-4743,-12.417146,-0.155214
67.2810,-4743,-12.417146,-0.155214
67.2920,-4743,-12.417146,-0.155214
67.3010,-4744,-12.419764,-0.155247
67.3110,-4745,-12.422382,-0.155280
67.3210,-4746,-12.425000,-0.155313
67.3310,-4747,-12.427618,-0.155345
67.3410,-4749,-12.432853,-0.155411
67.3510,-4750,-12.435471,-0.155443
67.3610,-4750,-12.435471,-0.155443
67.3710,-4752,-12.440708,-0.155509
67.3810,-4753,-12.443325,-0.155542
67.3910,-4753,-12.443325,-0.155542
67.4010,-4754,-12.445943,-0.155574
67.4110,-4755,-12.448562,-0.155607
67.4210,-4755,-12.448562,-0.155607
67.4310,-4755,-12.448562,-0.155607
67.4410,-4755,-12.448562,-0.155607
67.4510,-4755,-12.448562,-0.155607
67.4610,-4755,-12.448562,-0.155607
67.4710,-4756,-12.451180,-0.155640
67.4810,-4757,-12.453798,-0.155672
67.4910,-4757,-12.453798,-0.155672
67.5010,-4758,-12.456416,-0.155705
67.5110,-4758,-12.456416,-0.155705
67.5210,-4758,-12.456416,-0.155705
67.5310,-4758,-12.456416,-0.155705
67.5410,-4759,-12.459034,-0.155738
67.5510,-4759,-12.459034,-0.155738
67.5610,-4759,-12.459034,-0.155738
67.5710,-4759,-12.459034,-0.155738
67.5810,-4760,-12.461651,-0.155771
67.5910,-4760,-12.461651,-0.155771
67.6010,-4761,-12.464269,-0.155803
67.6110,-4761,-12.464269,-0.155803
67.6210,-4761,-12.464269,-0.155803
67.6310,-4762,-12.466887,-0.155836
67.6410,-4762,-12.466887,-0.155836
67.6510,-4763,-12.469506,-0.155869
67.6610,-4763,-12.469506,-0.155869
67.6710,-4763,-12.469506,-0.155869
67.6810,-4763,-12.469506,-0.155869
67.6910,-4764,-12.472124,-0.155902
67.7010,-4764,-12.472124,-0.155902
67.7110,-4765,-12.474741,-0.155934
67.7210,-4765,-12.474741,-0.155934
67.7310,-4765,-12.474741,-0.155934
67.7410,-4766,-12.477359,-0.155967
67.7510,-4766,-12.477359,-0.155967
67.7610,-4766,-12.477359,-0.155967
67.7710,-4767,-12.479978,-0.156000
67.7810,-4767,-12.479978,-0.156000
67.7910,-4767,-12.479978,-0.156000
67.8010,-4768,-12.482596,-0.156032
67.8110,-4769,-12.485214,-0.156065
67.8210,-4769,-12.485214,-0.156065
67.8310,-4769,-12.485214,-0.156065
67.8410,-4770,-12.487832,-0.156098
67.8510,-4770,-12.487832,-0.156098
67.8610,-4771,-12.490449,-0.156131
67.8710,-4774,-12.498303,-0.156229
67.8810,-4778,-12.508775,-0.156360
67.8910,-4781,-12.516630,-0.156458
67.9010,-4784,-12.524483,-0.156556
67.9110,-4788,-12.534955,-0.156687
67.9210,-4791,-12.542810,-0.156785
67.9320,-4794,-12.550663,-0.156883
67.9410,-4796,-12.555899,-0.156949
67.9510,-4797,-12.558517,-0.156981
67.9610,-4797,-12.558517,-0.156981
67.9710,-4797,-12.558517,-0.156981
67.9810,-4796,-12.555899,-0.156949
67.9910,-4795,-12.553281,-0.156916
68.0010,-4795,-12.553281,-0.156916
68.0110,-4795,-12.553281,-0.156916
68.0210,-4796,-12.555899,-0.156949
68.0310,-4796,-12.555899,-0.156949
68.0410,-4798,-12.561135,-0.157014
68.0510,-4799,-12.563754,-0.157047
68.0610,-4799,-12.563754,-0.157047
68.0710,-4800,-12.566371,-0.157080
68.0810,-4800,-12.566371,-0.157080
68.0910,-4800,-12.566371,-0.157080
68.1010,-4800,-12.566371,-0.157080
68.1110,-4800,-12.566371,-0.157080
68.1210,-4800,-12.566371,-0.157080
68.1310,-4800,-12.566371,-0.157080
68.1410,-4801,-12.568990,-0.157112
68.1510,-4801,-12.568990,-0.157112
68.1610,-4802,-12.571607,-0.157145
68.1710,-4803,-12.574226,-0.157178
68.1810,-4803,-12.574226,-0.157178
68.1910,-4804,-12.576844,-0.157211
68.2010,-4804,-12.576844,-0.157211
68.2110,-4804,-12.576844,-0.157211
68.2210,-4804,-12.576844,-0.157211
68.2310,-4804,-12.576844,-0.157211
68.2410,-4804,-12.576844,-0.157211
68.2510,-4804,-12.576844,-0.157211
68.2610,-4804,-12.576844,-0.157211
68.2710,-4804,-12.576844,-0.157211
68.2810,-4805,-12.579462,-0.157243
68.2910,-4805,-12.579462,-0.157243
68.3010,-4806,-12.582079,-0.157276
68.3110,-4806,-12.582079,-0.157276
68.3210,-4806,-12.582079,-0.157276
68.3310,-4806,-12.582079,-0.157276
68.3410,-4806,-12.582079,-0.157276
68.3510,-4807,-12.584697,-0.157309
68.3610,-4807,-12.584697,-0.157309
68.3710,-4807,-12.584697,-0.157309
68.3810,-4807,-12.584697,-0.157309
68.3910,-4807,-12.584697,-0.157309
68.4010,-4807,-12.584697,-0.157309
68.4110,-4808,-12.587315,-0.157341
68.4210,-4808,-12.587315,-0.157341
68.4310,-4809,-12.589934,-0.157374
68.4410,-4809,-12.589934,-0.157374
68.4510,-4809,-12.589934,-0.157374
68.4610,-4809,-12.589934,-0.157374
68.4710,-4809,-12.589934,-0.157374
68.4810,-4810,-12.592551,-0.157407
68.4910,-4810,-12.592551,-0.157407
68.5010,-4810,-12.592551,-0.157407
68.5110,-4811,-12.595170,-0.157440
68.5210,-4811,-12.595170,-0.157440
68.5310,-4811,-12.595170,-0.157440
68.5410,-4812,-12.597788,-0.157472
68.5510,-4812,-12.597788,-0.157472
68.5610,-4813,-12.600405,-0.157505
68.5720,-4813,-12.600405,-0.157505
68.5810,-4814,-12.603024,-0.157538
68.5910,-4815,-12.605641,-0.157571
68.6010,-4819,-12.616113,-0.157701
68.6110,-4825,-12.631822,-0.157898
68.6210,-4831,-12.647528,-0.158094
68.6310,-4838,-12.665856,-0.158323
68.6410,-4849,-12.694654,-0.158683
68.6510,-4860,-12.723452,-0.159043
68.6610,-4868,-12.744396,-0.159305
68.6710,-4877,-12.767956,-0.159599
68.6810,-4884,-12.786283,-0.159829
68.6910,-4888,-12.796754,-0.159959
68.7010,-4890,-12.801990,-0.160025
68.7110,-4890,-12.801990,-0.160025
68.7210,-4889,-12.799373,-0.159992
68.7310,-4885,-12.788901,-0.159861
68.7410,-4884,-12.786283,-0.159829
68.7510,-4882,-12.781046,-0.159763
68.7610,-4882,-12.781046,-0.159763
68.7710,-4883,-12.783665,-0.159796
68.7810,-4885,-12.788901,-0.159861
68.7910,-4887,-12.794137,-0.159927
68.8010,-4891,-12.804609,-0.160058
68.8110,-4894,-12.812463,-0.160156
68.8210,-4895,-12.815081,-0.160189
68.8310,-4895,-12.815081,-0.160189
68.8410,-4895,-12.815081,-0.160189
68.8510,-4894,-12.812463,-0.160156
68.8610,-4893,-12.809844,-0.160123
68.8710,-4892,-12.807228,-0.160090
68.8810,-4892,-12.807228,-0.160090
68.8910,-4892,-12.807228,-0.160090
68.9010,-4893,-12.809844,-0.160123
68.9110,-4895,-12.815081,-0.160189
68.9210,-4896,-12.817699,-0.160221
68.9310,-4898,-12.822935,-0.160287
68.9410,-4900,-12.828171,-0.160352
68.9510,-4902,-12.833407,-0.160418
68.9610,-4902,-12.833407,-0.160418
68.9710,-4902,-12.833407,-0.160418
68.9810,-4902,-12.833407,-0.160418
68.9910,-4902,-12.833407,-0.160418
69.0010,-4902,-12.833407,-0.160418
69.0110,-4903,-12.836026,-0.160450
69.0210,-4904,-12.838643,-0.160483
69.0310,-4905,-12.841261,-0.160516
69.0410,-4907,-12.846497,-0.160581
69.0510,-4908,-12.849115,-0.160614
69.0610,-4909,-12.851733,-0.160647
69.0710,-4911,-12.856969,-0.160712
69.0810,-4913,-12.862205,-0.160778
69.0910,-4915,-12.867441,-0.160843
69.1010,-4916,-12.870059,-0.160876
69.1110,-4919,-12.877913,-0.160974
69.1210,-4922,-12.885766,-0.161072
69.1310,-4925,-12.893620,-0.161170
69.1410,-4931,-12.909329,-0.161367
69.1510,-4937,-12.925037,-0.161563
69.1610,-4942,-12.938127,-0.161727
69.1710,-4948,-12.953835,-0.161923
69.1810,-4955,-12.972160,-0.162152
69.1910,-4961,-12.987869,-0.162348
69.2010,-4967,-13.003577,-0.162545
69.2120,-4975,-13.024521,-0.162807
69.2210,-4984,-13.048082,-0.163101
69.2310,-4995,-13.076880,-0.163461
69.2410,-5007,-13.108297,-0.163854
69.2510,-5021,-13.144948,-0.164312
69.2610,-5033,-13.176364,-0.164705
69.2710,-5047,-13.213016,-0.165163
69.2810,-5062,-13.252285,-0.165654
69.2910,-5075,-13.286319,-0.166079
69.3010,-5086,-13.315117,-0.166439
69.3110,-5095,-13.338680,-0.166733
69.3210,-5100,-13.351770,-0.166897
69.3310,-5102,-13.357006,-0.166963
69.3410,-5102,-13.357006,-0.166963
69.3510,-5101,-13.354388,-0.166930
69.3610,-5099,-13.349151,-0.166864
69.3710,-5097,-13.343915,-0.166799
69.3810,-5095,-13.338680,-0.166733
69.3910,-5095,-13.338680,-0.166733
69.4010,-5095,-13.338680,-0.166733
69.4110,-5097,-13.343915,-0.166799
69.4210,-5100,-13.351770,-0.166897
69.4310,-5103,-13.359623,-0.166995
69.4410,-5106,-13.367478,-0.167093
69.4510,-5108,-13.372714,-0.167159
69.4610,-5108,-13.372714,-0.167159
69.4710,-5108,-13.372714,-0.167159
69.4810,-5108,-13.372714,-0.167159
69.4910,-5107,-13.370095,-0.167126
69.5010,-5105,-13.364859,-0.167061
69.5110,-5105,-13.364859,-0.167061
69.5210,-5105,-13.364859,-0.167061
69.5310,-5105,-13.364859,-0.167061
69.5410,-5106,-13.367478,-0.167093
69.5510,-5107,-13.370095,-0.167126
69.5610,-5109,-13.375332,-0.167192
69.5710,-5110,-13.377949,-0.167224
69.5810,-5111,-13.380568,-0.167257
69.5910,-5111,-13.380568,-0.167257
69.6010,-5111,-13.380568,-0.167257
69.6110,-5111,-13.380568,-0.167257
69.6210,-5111,-13.380568,-0.167257
69.6310,-5111,-13.380568,-0.167257
69.6410,-5110,-13.377949,-0.167224
69.6510,-5111,-13.380568,-0.167257
69.6610,-5111,-13.380568,-0.167257
69.6710,-5112,-13.383186,-0.167290
69.6810,-5113,-13.385804,-0.167323
69.6910,-5114,-13.388422,-0.167355
69.7010,-5114,-13.388422,-0.167355
69.7110,-5115,-13.391039,-0.167388
69.7210,-5115,-13.391039,-0.167388
69.7310,-5115,-13.391039,-0.167388
69.7410,-5115,-13.391039,-0.167388
69.7510,-5115,-13.391039,-0.167388
69.7610,-5115,-13.391039,-0.167388
69.7710,-5115,-13.391039,-0.167388
69.7810,-5116,-13.393657,-0.167421
69.7910,-5117,-13.396276,-0.167453
69.8010,-5117,-13.396276,-0.167453
69.8110,-5118,-13.398893,-0.167486
69.8210,-5119,-13.401512,-0.167519
69.8310,-5119,-13.401512,-0.167519
69.8410,-5120,-13.404130,-0.167552
69.8520,-5121,-13.406747,-0.167584
69.8610,-5121,-13.406747,-0.167584
69.8710,-5121,-13.406747,-0.167584
69.8810,-5121,-13.406747,-0.167584
69.8910,-5122,-13.409366,-0.167617
69.9010,-5122,-13.409366,-0.167617
69.9110,-5123,-13.411983,-0.167650
69.9210,-5124,-13.414602,-0.167683
69.9310,-5125,-13.417220,-0.167715
69.9410,-5126,-13.419837,-0.167748
69.9510,-5127,-13.422455,-0.167781
69.9610,-5128,-13.425074,-0.167813
69.9710,-5129,-13.427691,-0.167846
69.9810,-5131,-13.432927,-0.167912
69.9910,-5132,-13.435545,-0.167944
70.0010,-5133,-13.438164,-0.167977
70.0110,-5135,-13.443400,-0.168043
70.0210,-5137,-13.448636,-0.168108
70.0310,-5139,-13.453870,-0.168173
70.0410,-5141,-13.459108,-0.168239
70.0510,-5143,-13.464344,-0.168304
70.0610,-5145,-13.469579,-0.168370
70.0710,-5146,-13.472198,-0.168402
70.0810,-5149,-13.480051,-0.168501
70.0910,-5150,-13.482668,-0.168533
70.1010,-5151,-13.485287,-0.168566
70.1110,-5153,-13.490523,-0.168632
70.1210,-5155,-13.495759,-0.168697
70.1310,-5157,-13.500996,-0.168762
70.1410,-5159,-13.506232,-0.168828
70.1510,-5162,-13.514085,-0.168926
70.1610,-5165,-13.521940,-0.169024
70.1710,-5167,-13.527175,-0.169090
70.1810,-5169,-13.532411,-0.169155
70.1910,-5170,-13.535029,-0.169188
70.2010,-5171,-13.537647,-0.169221
70.2110,-5172,-13.540265,-0.169253
70.2210,-5172,-13.540265,-0.169253
70.2310,-5172,-13.540265,-0.169253
70.2410,-5171,-13.537647,-0.169221
70.2510,-5172,-13.540265,-0.169253
70.2610,-5172,-13.540265,-0.169253
70.2710,-5173,-13.542883,-0.169286
70.2810,-5175,-13.548119,-0.169351
70.2910,-5177,-13.553355,-0.169417
70.3010,-5178,-13.555974,-0.169450
70.3110,-5180,-13.561209,-0.169515
70.3210,-5181,-13.563827,-0.169548
70.3310,-5182,-13.566445,-0.169581
70.3410,-5183,-13.569063,-0.169613
70.3510,-5184,-13.571681,-0.169646
70.3610,-5184,-13.571681,-0.169646
70.3710,-5184,-13.571681,-0.169646
70.3810,-5185,-13.574298,-0.169679
70.3910,-5185,-13.574298,-0.169679
70.4010,-5186,-13.576917,-0.169711
70.4110,-5188,-13.582153,-0.169777
70.4210,-5190,-13.587388,-0.169842
70.4310,-5191,-13.590007,-0.169875
70.4410,-5193,-13.595243,-0.169941
70.4510,-5194,-13.597861,-0.169973
70.4610,-5195,-13.600480,-0.170006
70.4710,-5196,-13.603096,-0.170039
70.4810,-5199,-13.610951,-0.170137
70.4920,-5203,-13.621423,-0.170268
70.5010,-5206,-13.629277,-0.170366
70.5110,-5213,-13.647603,-0.170595
70.5210,-5221,-13.668547,-0.170857
70.5310,-5229,-13.689491,-0.171119
70.5410,-5237,-13.710435,-0.171380
70.5510,-5251,-13.747087,-0.171839
70.5610,-5264,-13.781121,-0.172264
70.5710,-5281,-13.825626,-0.172820
70.5810,-5302,-13.880605,-0.173508
70.5910,-5324,-13.938199,-0.174228
70.6010,-5343,-13.987941,-0.174849
70.6110,-5364,-14.042920,-0.175537
70.6210,-5384,-14.095280,-0.176191
70.6310,-5404,-14.147641,-0.176846
70.6410,-5423,-14.197381,-0.177467
70.6510,-5445,-14.254978,-0.178187
70.6610,-5466,-14.309955,-0.178874
70.6710,-5485,-14.359697,-0.179496
70.6810,-5511,-14.427765,-0.180347
70.6910,-5536,-14.493215,-0.181165
70.7010,-5553,-14.537721,-0.181722
70.7110,-5569,-14.579609,-0.182245
70.7210,-5588,-14.629351,-0.182867
70.7310,-5606,-14.676474,-0.183456
70.7410,-5621,-14.715744,-0.183947
70.7510,-5635,-14.752396,-0.184405
70.7610,-5640,-14.765485,-0.184569
70.7710,-5643,-14.773340,-0.184667
70.7810,-5649,-14.789049,-0.184863
70.7910,-5655,-14.804757,-0.185059
70.8010,-5660,-14.817847,-0.185223
70.8110,-5665,-14.830936,-0.185387
70.8210,-5671,-14.846645,-0.185583
70.8310,-5678,-14.864970,-0.185812
70.8410,-5687,-14.888532,-0.186107
70.8510,-5699,-14.919947,-0.186499
70.8610,-5717,-14.967072,-0.187088
70.8710,-5740,-15.027286,-0.187841
70.8810,-5762,-15.084882,-0.188561
70.8910,-5788,-15.152949,-0.189412
70.9010,-5817,-15.228871,-0.190361
70.9110,-5847,-15.307411,-0.191343
70.9210,-5871,-15.370243,-0.192128
70.9310,-5893,-15.427839,-0.192848
70.9410,-5915,-15.485435,-0.193568
70.9510,-5932,-15.529940,-0.194124
70.9610,-5946,-15.566593,-0.194582
70.9710,-5960,-15.603244,-0.195041
70.9810,-5975,-15.642514,-0.195531
70.9910,-5995,-15.694874,-0.196186
71.0010,-6015,-15.747234,-0.196840
71.0110,-6037,-15.804830,-0.197560
71.0210,-6067,-15.883370,-0.198542
71.0310,-6101,-15.972381,-0.199655
71.0410,-6139,-16.071865,-0.200898
71.0510,-6175,-16.166112,-0.202076
71.0610,-6216,-16.273448,-0.203418
71.0710,-6251,-16.365079,-0.204563
71.0810,-6283,-16.448856,-0.205611
71.0910,-6307,-16.511686,-0.206396
71.1010,-6330,-16.571901,-0.207149
71.1110,-6351,-16.626878,-0.207836
71.1210,-6372,-16.681858,-0.208523
71.1320,-6387,-16.721128,-0.209014
71.1410,-6396,-16.744689,-0.209309
71.1510,-6408,-16.776105,-0.209701
71.1610,-6418,-16.802286,-0.210029
71.1710,-6428,-16.828464,-0.210356
71.1810,-6438,-16.854644,-0.210683
71.1910,-6446,-16.875587,-0.210945
71.2010,-6452,-16.891296,-0.211141
71.2110,-6456,-16.901769,-0.211272
71.2210,-6460,-16.912240,-0.211403
71.2310,-6462,-16.917478,-0.211468
71.2410,-6464,-16.922712,-0.211534
71.2510,-6466,-16.927947,-0.211599
71.2610,-6468,-16.933183,-0.211665
71.2710,-6471,-16.941038,-0.211763
71.2810,-6475,-16.951511,-0.211894
71.2910,-6479,-16.961982,-0.212025
71.3010,-6483,-16.972455,-0.212156
71.3110,-6487,-16.982927,-0.212287
71.3210,-6493,-16.998634,-0.212483
71.3310,-6499,-17.014343,-0.212679
71.3410,-6505,-17.030050,-0.212876
71.3510,-6513,-17.050992,-0.213137
71.3610,-6524,-17.079792,-0.213497
71.3710,-6538,-17.116443,-0.213956
71.3810,-6556,-17.163568,-0.214545
71.3910,-6575,-17.213310,-0.215166
71.4010,-6600,-17.278760,-0.215985
71.4110,-6632,-17.362535,-0.217032
71.4210,-6668,-17.456783,-0.218210
71.4310,-6699,-17.537940,-0.219224
71.4410,-6734,-17.629571,-0.220370
71.4510,-6767,-17.715965,-0.221450
71.4610,-6795,-17.789268,-0.222366
71.4710,-6817,-17.846864,-0.223086
71.4810,-6837,-17.899225,-0.223740
71.4910,-6849,-17.930641,-0.224133
71.5010,-6855,-17.946348,-0.224329
71.5110,-6859,-17.956819,-0.224460
71.5210,-6862,-17.964673,-0.224558
71.5310,-6865,-17.972528,-0.224657
71.5410,-6871,-17.988237,-0.224853
71.5510,-6881,-18.014415,-0.225180
71.5610,-6894,-18.048450,-0.225606
71.5710,-6910,-18.090337,-0.226129
71.5810,-6929,-18.140079,-0.226751
71.5910,-6951,-18.197675,-0.227471
71.6010,-6970,-18.247417,-0.228093
71.6110,-6990,-18.299777,-0.228747
71.6210,-7012,-18.357374,-0.229467
71.6310,-7039,-18.428058,-0.230351
71.6410,-7071,-18.511835,-0.231398
71.6510,-7097,-18.579902,-0.232249
71.6610,-7114,-18.624408,-0.232805
71.6710,-7132,-18.671531,-0.233394
71.6810,-7150,-18.718656,-0.233983
71.6910,-7163,-18.752691,-0.234409
71.7010,-7174,-18.781488,-0.234769
71.7110,-7181,-18.799814,-0.234998
71.7210,-7184,-18.807668,-0.235096
71.7310,-7184,-18.807668,-0.235096
71.7410,-7184,-18.807668,-0.235096
71.7510,-7183,-18.805049,-0.235063
71.7610,-7183,-18.805049,-0.235063
71.7720,-7183,-18.805049,-0.235063
71.7810,-7187,-18.815523,-0.235194
71.7910,-7192,-18.828613,-0.235358
71.8010,-7199,-18.846937,-0.235587
71.8110,-7206,-18.865264,-0.235816
71.8210,-7214,-18.886209,-0.236078
71.8310,-7221,-18.904533,-0.236307
71.8410,-7226,-18.917623,-0.236470
71.8510,-7231,-18.930713,-0.236634
71.8610,-7234,-18.938568,-0.236732
71.8710,-7235,-18.941186,-0.236765
71.8810,-7237,-18.946422,-0.236830
71.8910,-7240,-18.954277,-0.236928
71.9010,-7242,-18.959510,-0.236994
71.9110,-7245,-18.967365,-0.237092
71.9210,-7251,-18.983074,-0.237288
71.9310,-7256,-18.996164,-0.237452
71.9410,-7264,-19.017107,-0.237714
71.9510,-7273,-19.040670,-0.238008
71.9610,-7283,-19.066850,-0.238336
71.9710,-7294,-19.095647,-0.238696
71.9810,-7306,-19.127063,-0.239088
71.9910,-7318,-19.158479,-0.239481
72.0010,-7329,-19.187278,-0.239841
72.0110,-7340,-19.216075,-0.240201
72.0210,-7352,-19.247491,-0.240594
72.0310,-7359,-19.265817,-0.240823
72.0410,-7365,-19.281524,-0.241019
72.0510,-7371,-19.297233,-0.241215
72.0610,-7376,-19.310323,-0.241379
72.0710,-7379,-19.318176,-0.241477
72.0810,-7382,-19.326030,-0.241575
72.0910,-7383,-19.328649,-0.241608
72.1010,-7384,-19.331266,-0.241641
72.1110,-7385,-19.333885,-0.241674
72.1210,-7387,-19.339120,-0.241739
72.1310,-7388,-19.341739,-0.241772
72.1410,-7390,-19.346975,-0.241837
72.1510,-7392,-19.352210,-0.241903
72.1610,-7394,-19.357448,-0.241968
72.1710,-7396,-19.362684,-0.242034
72.1810,-7397,-19.365301,-0.242066
72.1910,-7398,-19.367919,-0.242099
72.2010,-7399,-19.370536,-0.242132
72.2110,-7399,-19.370536,-0.242132
72.2210,-7400,-19.373155,-0.242164
72.2310,-7400,-19.373155,-0.242164
72.2410,-7401,-19.375772,-0.242197
72.2510,-7402,-19.378391,-0.242230
72.2610,-7403,-19.381008,-0.242263
72.2710,-7403,-19.381008,-0.242263
72.2810,-7405,-19.386243,-0.242328
72.2910,-7406,-19.388862,-0.242361
72.3010,-7407,-19.391481,-0.242394
72.3110,-7408,-19.394098,-0.242426
72.3210,-7409,-19.396717,-0.242459
72.3310,-7410,-19.399335,-0.242492
72.3410,-7411,-19.401952,-0.242524
72.3510,-7411,-19.401952,-0.242524
72.3610,-7412,-19.404571,-0.242557
72.3710,-7412,-19.404571,-0.242557
72.3810,-7412,-19.404571,-0.242557
72.3910,-7413,-19.407188,-0.242590
72.4010,-7413,-19.407188,-0.242590
72.4120,-7413,-19.407188,-0.242590
72.4210,-7414,-19.409807,-0.242623
72.4310,-7414,-19.409807,-0.242623
72.4410,-7415,-19.412425,-0.242655
72.4510,-7416,-19.415042,-0.242688
72.4610,-7417,-19.417661,-0.242721
72.4710,-7417,-19.417661,-0.242721
72.4810,-7418,-19.420280,-0.242754
72.4910,-7418,-19.420280,-0.242754
72.5010,-7418,-19.420280,-0.242754
72.5110,-7418,-19.420280,-0.242754
72.5210,-7419,-19.422897,-0.242786
72.5310,-7420,-19.425516,-0.242819
72.5410,-7420,-19.425516,-0.242819
72.5510,-7421,-19.428133,-0.242852
72.5610,-7422,-19.430751,-0.242884
72.5710,-7422,-19.430751,-0.242884
72.5810,-7423,-19.433368,-0.242917
72.5910,-7424,-19.435987,-0.242950
72.6010,-7424,-19.435987,-0.242950
72.6110,-7424,-19.435987,-0.242950
72.6210,-7425,-19.438604,-0.242983
72.6310,-7425,-19.438604,-0.242983
72.6410,-7425,-19.438604,-0.242983
72.6510,-7426,-19.441223,-0.243015
72.6610,-7426,-19.441223,-0.243015
72.6710,-7426,-19.441223,-0.243015
72.6810,-7427,-19.443840,-0.243048
72.6910,-7427,-19.443840,-0.243048
72.7010,-7427,-19.443840,-0.243048
72.7110,-7428,-19.446458,-0.243081
72.7210,-7429,-19.449077,-0.243113
72.7310,-7429,-19.449077,-0.243113
72.7410,-7429,-19.449077,-0.243113
72.7510,-7430,-19.451694,-0.243146
72.7610,-7430,-19.451694,-0.243146
72.7710,-7430,-19.451694,-0.243146
72.7810,-7430,-19.451694,-0.243146
72.7910,-7430,-19.451694,-0.243146
72.8010,-7430,-19.451694,-0.243146
72.8110,-7430,-19.451694,-0.243146
72.8210,-7431,-19.454313,-0.243179
72.8310,-7431,-19.454313,-0.243179
72.8410,-7431,-19.454313,-0.243179
72.8510,-7432,-19.456930,-0.243212
72.8610,-7432,-19.456930,-0.243212
72.8710,-7432,-19.456930,-0.243212
72.8810,-7432,-19.456930,-0.243212
72.8910,-7433,-19.459548,-0.243244
72.9010,-7433,-19.459548,-0.243244
72.9110,-7433,-19.459548,-0.243244
72.9210,-7433,-19.459548,-0.243244
72.9310,-7433,-19.459548,-0.243244
72.9410,-7433,-19.459548,-0.243244
72.9510,-7434,-19.462167,-0.243277
72.9610,-7434,-19.462167,-0.243277
72.9710,-7434,-19.462167,-0.243277
72.9810,-7434,-19.462167,-0.243277
72.9910,-7435,-19.464784,-0.243310
73.0010,-7435,-19.464784,-0.243310
73.0110,-7435,-19.464784,-0.243310
73.0210,-7435,-19.464784,-0.243310
73.0310,-7435,-19.464784,-0.243310
73.0410,-7435,-19.464784,-0.243310
73.0520,-7436,-19.467403,-0.243343
73.0610,-7436,-19.467403,-0.243343
73.0710,-7436,-19.467403,-0.243343
73.0810,-7436,-19.467403,-0.243343
73.0910,-7437,-19.470022,-0.243375
73.1010,-7437,-19.470022,-0.243375
73.1110,-7437,-19.470022,-0.243375
73.1210,-7438,-19.472639,-0.243408
73.1310,-7438,-19.472639,-0.243408
73.1410,-7438,-19.472639,-0.243408
73.1510,-7439,-19.475257,-0.243441
73.1610,-7439,-19.475257,-0.243441
73.1710,-7439,-19.475257,-0.243441
73.1810,-7439,-19.475257,-0.243441
73.1910,-7440,-19.477874,-0.243473
73.2010,-7440,-19.477874,-0.243473
73.2110,-7440,-19.477874,-0.243473
73.2210,-7440,-19.477874,-0.243473
73.2310,-7441,-19.480493,-0.243506
73.2410,-7441,-19.480493,-0.243506
73.2510,-7441,-19.480493,-0.243506
73.2610,-7441,-19.480493,-0.243506
73.2710,-7441,-19.480493,-0.243506
73.2810,-7441,-19.480493,-0.243506
73.2910,-7442,-19.483112,-0.243539
73.3010,-7442,-19.483112,-0.243539
73.3110,-7442,-19.483112,-0.243539
73.3210,-7442,-19.483112,-0.243539
73.3310,-7443,-19.485729,-0.243572
73.3410,-7443,-19.485729,-0.243572
73.3510,-7443,-19.485729,-0.243572
73.3610,-7443,-19.485729,-0.243572
73.3710,-7443,-19.485729,-0.243572
73.3810,-7443,-19.485729,-0.243572
73.3910,-7443,-19.485729,-0.243572
73.4010,-7443,-19.485729,-0.243572
73.4110,-7443,-19.485729,-0.243572
73.4210,-7444,-19.488348,-0.243604
73.4310,-7444,-19.488348,-0.243604
73.4410,-7444,-19.488348,-0.243604
73.4510,-7444,-19.488348,-0.243604
73.4610,-7445,-19.490964,-0.243637
73.4710,-7445,-19.490964,-0.243637
73.4810,-7445,-19.490964,-0.243637
73.4910,-7445,-19.490964,-0.243637
73.5010,-7445,-19.490964,-0.243637
73.5110,-7445,-19.490964,-0.243637
73.5210,-7445,-19.490964,-0.243637
73.5310,-7446,-19.493581,-0.243670
73.5410,-7446,-19.493581,-0.243670
73.5510,-7446,-19.493581,-0.243670
73.5610,-7446,-19.493581,-0.243670
73.5710,-7446,-19.493581,-0.243670
73.5810,-7446,-19.493581,-0.243670
73.5910,-7447,-19.496200,-0.243703
73.6010,-7447,-19.496200,-0.243703
73.6110,-7447,-19.496200,-0.243703
73.6210,-7447,-19.496200,-0.243703
73.6310,-7447,-19.496200,-0.243703
73.6410,-7447,-19.496200,-0.243703
73.6510,-7447,-19.496200,-0.243703
73.6610,-7448,-19.498817,-0.243735
73.6710,-7448,-19.498817,-0.243735
73.6810,-7448,-19.498817,-0.243735
73.6920,-7448,-19.498817,-0.243735
73.7010,-7449,-19.501436,-0.243768
73.7110,-7449,-19.501436,-0.243768
73.7210,-7449,-19.501436,-0.243768
73.7310,-7449,-19.501436,-0.243768
73.7410,-7449,-19.501436,-0.243768
73.7510,-7450,-19.504055,-0.243801
73.7610,-7450,-19.504055,-0.243801
73.7710,-7450,-19.504055,-0.243801
73.7810,-7450,-19.504055,-0.243801
73.7910,-7451,-19.506671,-0.243833
73.8010,-7451,-19.506671,-0.243833
73.8110,-7451,-19.506671,-0.243833
73.8210,-7451,-19.506671,-0.243833
73.8310,-7451,-19.506671,-0.243833
73.8410,-7452,-19.509290,-0.243866
73.8510,-7452,-19.509290,-0.243866
73.8610,-7452,-19.509290,-0.243866
73.8710,-7452,-19.509290,-0.243866
73.8810,-7453,-19.511909,-0.243899
73.8910,-7453,-19.511909,-0.243899
73.9010,-7453,-19.511909,-0.243899
73.9110,-7453,-19.511909,-0.243899
73.9210,-7454,-19.514526,-0.243932
73.9310,-7454,-19.514526,-0.243932
73.9410,-7454,-19.514526,-0.243932
73.9510,-7454,-19.514526,-0.243932
73.9610,-7455,-19.517145,-0.243964
73.9710,-7455,-19.517145,-0.243964
73.9810,-7455,-19.517145,-0.243964
73.9910,-7455,-19.517145,-0.243964
74.0010,-7456,-19.519762,-0.243997
74.0110,-7456,-19.519762,-0.243997
74.0210,-7456,-19.519762,-0.243997
74.0310,-7457,-19.522380,-0.244030
74.0410,-7457,-19.522380,-0.244030
74.0510,-7457,-19.522380,-0.244030
74.0610,-7458,-19.524999,-0.244062
74.0710,-7458,-19.524999,-0.244062
74.0810,-7459,-19.527616,-0.244095
74.0910,-7459,-19.527616,-0.244095
74.1010,-7460,-19.530235,-0.244128
74.1110,-7460,-19.530235,-0.244128
74.1210,-7461,-19.532854,-0.244161
74.1310,-7462,-19.535470,-0.244193
74.1410,-7462,-19.535470,-0.244193
74.1510,-7462,-19.535470,-0.244193
74.1610,-7463,-19.538089,-0.244226
74.1710,-7463,-19.538089,-0.244226
74.1810,-7463,-19.538089,-0.244226
74.1910,-7463,-19.538089,-0.244226
74.2010,-7464,-19.540706,-0.244259
74.2110,-7464,-19.540706,-0.244259
74.2210,-7464,-19.540706,-0.244259
74.2310,-7465,-19.543325,-0.244292
74.2410,-7465,-19.543325,-0.244292
74.2510,-7465,-19.543325,-0.244292
74.2610,-7466,-19.545944,-0.244324
74.2710,-7466,-19.545944,-0.244324
74.2810,-7466,-19.545944,-0.244324
74.2910,-7467,-19.548561,-0.244357
74.3010,-7467,-19.548561,-0.244357
74.3110,-7467,-19.548561,-0.244357
74.3210,-7468,-19.551177,-0.244390
74.3320,-7468,-19.551177,-0.244390
74.3410,-7468,-19.551177,-0.244390
74.3510,-7468,-19.551177,-0.244390
74.3610,-7469,-19.553796,-0.244422
74.3710,-7469,-19.553796,-0.244422
74.3810,-7469,-19.553796,-0.244422
74.3910,-7469,-19.553796,-0.244422
74.4010,-7470,-19.556413,-0.244455
74.4110,-7470,-19.556413,-0.244455
74.4210,-7470,-19.556413,-0.244455
74.4310,-7470,-19.556413,-0.244455
74.4410,-7470,-19.556413,-0.244455
74.4510,-7471,-19.559032,-0.244488
74.4610,-7471,-19.559032,-0.244488
74.4710,-7471,-19.559032,-0.244488
74.4810,-7471,-19.559032,-0.244488
74.4910,-7471,-19.559032,-0.244488
74.5010,-7471,-19.559032,-0.244488
74.5110,-7471,-19.559032,-0.244488
74.5210,-7472,-19.561649,-0.244521
74.5310,-7472,-19.561649,-0.244521
74.5410,-7472,-19.561649,-0.244521
74.5510,-7472,-19.561649,-0.244521
74.5610,-7473,-19.564268,-0.244553
74.5710,-7473,-19.564268,-0.244553
74.5810,-7473,-19.564268,-0.244553
74.5910,-7473,-19.564268,-0.244553
74.6010,-7473,-19.564268,-0.244553
74.6110,-7473,-19.564268,-0.244553
74.6210,-7474,-19.566886,-0.244586
74.6310,-7474,-19.566886,-0.244586
74.6410,-7474,-19.566886,-0.244586
74.6510,-7474,-19.566886,-0.244586
74.6610,-7475,-19.569503,-0.244619
74.6710,-7475,-19.569503,-0.244619
74.6810,-7475,-19.569503,-0.244619
74.6910,-7476,-19.572122,-0.244652
74.7010,-7476,-19.572122,-0.244652
74.7110,-7476,-19.572122,-0.244652
74.7210,-7476,-19.572122,-0.244652
74.7310,-7477,-19.574741,-0.244684
74.7410,-7477,-19.574741,-0.244684
74.7510,-7477,-19.574741,-0.244684
74.7610,-7477,-19.574741,-0.244684
74.7710,-7478,-19.577358,-0.244717
74.7810,-7478,-19.577358,-0.244717
74.7910,-7478,-19.577358,-0.244717
74.8010,-7478,-19.577358,-0.244717
74.8110,-7478,-19.577358,-0.244717
74.8210,-7479,-19.579977,-0.244750
74.8310,-7479,-19.579977,-0.244750
74.8410,-7479,-19.579977,-0.244750
74.8510,-7479,-19.579977,-0.244750
74.8610,-7479,-19.579977,-0.244750
74.8710,-7480,-19.582593,-0.244782
74.8810,-7480,-19.582593,-0.244782
74.8910,-7480,-19.582593,-0.244782
74.9010,-7481,-19.585212,-0.244815
74.9110,-7481,-19.585212,-0.244815
74.9210,-7481,-19.585212,-0.244815
74.9310,-7481,-19.585212,-0.244815
74.9410,-7481,-19.585212,-0.244815
74.9510,-7481,-19.585212,-0.244815
74.9610,-7482,-19.587831,-0.244848
74.9720,-7482,-19.587831,-0.244848
74.9810,-7482,-19.587831,-0.244848
74.9910,-7482,-19.587831,-0.244848
75.0010,-7482,-19.587831,-0.244848
75.0110,-7482,-19.587831,-0.244848
75.0210,-7483,-19.590448,-0.244881
75.0310,-7483,-19.590448,-0.244881
75.0410,-7483,-19.590448,-0.244881
75.0510,-7483,-19.590448,-0.244881
75.0610,-7483,-19.590448,-0.244881
75.0710,-7483,-19.590448,-0.244881
75.0810,-7483,-19.590448,-0.244881
75.0910,-7484,-19.593067,-0.244913
75.1010,-7484,-19.593067,-0.244913
75.1110,-7484,-19.593067,-0.244913
75.1210,-7484,-19.593067,-0.244913
75.1310,-7485,-19.595685,-0.244946
75.1410,-7485,-19.595685,-0.244946
75.1510,-7485,-19.595685,-0.244946
75.1610,-7485,-19.595685,-0.244946
75.1710,-7486,-19.598302,-0.244979
75.1810,-7486,-19.598302,-0.244979
75.1910,-7486,-19.598302,-0.244979
75.2010,-7487,-19.600921,-0.245012
75.2110,-7487,-19.600921,-0.245012
75.2210,-7487,-19.600921,-0.245012
75.2310,-7488,-19.603538,-0.245044
75.2410,-7488,-19.603538,-0.245044
75.2510,-7489,-19.606157,-0.245077
75.2610,-7490,-19.608774,-0.245110
75.2710,-7491,-19.611392,-0.245142
75.2810,-7492,-19.614009,-0.245175
75.2910,-7493,-19.616628,-0.245208
75.3010,-7494,-19.619245,-0.245241
75.3110,-7495,-19.621864,-0.245273
75.3210,-7495,-19.621864,-0.245273
75.3310,-7497,-19.627099,-0.245339
75.3410,-7497,-19.627099,-0.245339
75.3510,-7498,-19.629718,-0.245372
75.3610,-7499,-19.632335,-0.245404
75.3710,-7500,-19.634954,-0.245437
75.3810,-7501,-19.637573,-0.245470
75.3910,-7502,-19.640190,-0.245502
75.4010,-7503,-19.642808,-0.245535
75.4110,-7503,-19.642808,-0.245535
75.4210,-7503,-19.642808,-0.245535
75.4310,-7504,-19.645427,-0.245568
75.4410,-7505,-19.648044,-0.245601
75.4510,-7505,-19.648044,-0.245601
75.4610,-7506,-19.650663,-0.245633
75.4710,-7506,-19.650663,-0.245633
75.4810,-7507,-19.653280,-0.245666
75.4910,-7507,-19.653280,-0.245666
75.5010,-7509,-19.658517,-0.245731
75.5110,-7509,-19.658517,-0.245731
75.5210,-7510,-19.661134,-0.245764
75.5310,-7511,-19.663753,-0.245797
75.5410,-7512,-19.666370,-0.245830
75.5510,-7513,-19.668989,-0.245862
75.5610,-7515,-19.674224,-0.245928
75.5710,-7516,-19.676841,-0.245961
75.5810,-7518,-19.682077,-0.246026
75.5910,-7520,-19.687314,-0.246091
75.6010,-7523,-19.695167,-0.246190
75.6120,-7525,-19.700405,-0.246255
75.6210,-7527,-19.705640,-0.246321
75.6310,-7531,-19.716112,-0.246451
75.6410,-7535,-19.726585,-0.246582
75.6510,-7538,-19.734437,-0.246680
75.6610,-7542,-19.744909,-0.246811
75.6710,-7547,-19.757999,-0.246975
75.6810,-7551,-19.768472,-0.247106
75.6910,-7555,-19.778944,-0.247237
75.7010,-7558,-19.786798,-0.247335
75.7110,-7562,-19.797269,-0.247466
75.7210,-7565,-19.805124,-0.247564
75.7310,-7568,-19.812978,-0.247662
75.7410,-7572,-19.823450,-0.247793
75.7510,-7576,-19.833923,-0.247924
75.7610,-7581,-19.847011,-0.248088
75.7710,-7588,-19.865337,-0.248317
75.7810,-7597,-19.888900,-0.248611
75.7910,-7608,-19.917697,-0.248971
75.8010,-7624,-19.959587,-0.249495
75.8110,-7644,-20.011945,-0.250149
75.8210,-7666,-20.069541,-0.250869
75.8310,-7689,-20.129755,-0.251622
75.8410,-7714,-20.195205,-0.252440
75.8510,-7737,-20.255420,-0.253193
75.8610,-7762,-20.320869,-0.254011
75.8710,-7783,-20.375846,-0.254698
75.8810,-7806,-20.436061,-0.255451
75.8910,-7821,-20.475330,-0.255942
75.9010,-7831,-20.501510,-0.256269
75.9110,-7836,-20.514600,-0.256433
75.9210,-7840,-20.525072,-0.256563
75.9310,-7844,-20.535545,-0.256694
75.9410,-7848,-20.546016,-0.256825
75.9510,-7853,-20.559106,-0.256989
75.9610,-7861,-20.580049,-0.257251
75.9710,-7876,-20.619321,-0.257742
75.9810,-7900,-20.682151,-0.258527
75.9910,-7928,-20.755455,-0.259443
76.0010,-7955,-20.826141,-0.260327
76.0110,-7986,-20.907300,-0.261341
76.0210,-8022,-21.001546,-0.262519
76.0310,-8060,-21.101032,-0.263763
76.0410,-8095,-21.192661,-0.264908
76.0510,-8137,-21.302616,-0.266283
76.0610,-8172,-21.394247,-0.267428
76.0710,-8202,-21.472785,-0.268410
76.0810,-8226,-21.535617,-0.269195
76.0910,-8255,-21.611539,-0.270144
76.1010,-8294,-21.713642,-0.271421
76.1110,-8331,-21.810508,-0.272631
76.1210,-8359,-21.883810,-0.273548
76.1310,-8383,-21.946641,-0.274333
76.1410,-8407,-22.009473,-0.275118
76.1510,-8434,-22.080160,-0.276002
76.1610,-8466,-22.163936,-0.277049
76.1710,-8491,-22.229387,-0.277867
76.1810,-8516,-22.294836,-0.278685
76.1910,-8537,-22.349815,-0.279373
76.2010,-8559,-22.407411,-0.280093
76.2110,-8579,-22.459770,-0.280747
76.2210,-8605,-22.527837,-0.281598
76.2310,-8638,-22.614231,-0.282678
76.2410,-8676,-22.713716,-0.283921
76.2520,-8715,-22.815816,-0.285198
76.2610,-8752,-22.912683,-0.286409
76.2710,-8793,-23.020019,-0.287750
76.2810,-8832,-23.122123,-0.289027
76.2910,-8878,-23.242551,-0.290532
76.3010,-8928,-23.373449,-0.292168
76.3110,-8982,-23.514822,-0.293935
76.3210,-9026,-23.630012,-0.295375
76.3310,-9069,-23.742586,-0.296782
76.3410,-9110,-23.849924,-0.298124
76.3510,-9153,-23.962499,-0.299531
76.3610,-9200,-24.085544,-0.301069
76.3710,-9244,-24.200736,-0.302509
76.3810,-9284,-24.305456,-0.303818
76.3910,-9330,-24.425884,-0.305324
76.4010,-9381,-24.559402,-0.306993
76.4110,-9429,-24.685064,-0.308563
76.4210,-9472,-24.797639,-0.309970
76.4310,-9510,-24.897123,-0.311214
76.4410,-9555,-25.014932,-0.312687
76.4510,-9593,-25.114416,-0.313930
76.4610,-9629,-25.208665,-0.315108
76.4710,-9659,-25.287202,-0.316090
76.4810,-9691,-25.370979,-0.317137
76.4910,-9722,-25.452136,-0.318152
76.5010,-9757,-25.543767,-0.319297
76.5110,-9792,-25.635396,-0.320442
76.5210,-9832,-25.740118,-0.321751
76.5310,-9879,-25.863162,-0.323290
76.5410,-9929,-25.994062,-0.324926
76.5510,-9981,-26.130197,-0.326627
76.5610,-10042,-26.289894,-0.328624
76.5710,-10110,-26.467920,-0.330849
76.5810,-10172,-26.630233,-0.332878
76.5910,-10230,-26.782077,-0.334776
76.6010,-10279,-26.910358,-0.336380
76.6110,-10325,-27.030788,-0.337885
76.6210,-10354,-27.106708,-0.338834
76.6310,-10379,-27.172161,-0.339652
76.6410,-10400,-27.227138,-0.340339
76.6510,-10419,-27.276878,-0.340961
76.6610,-10428,-27.300439,-0.341256
76.6710,-10437,-27.324003,-0.341550
76.6810,-10441,-27.334474,-0.341681
76.6910,-10444,-27.342327,-0.341779
76.7010,-10452,-27.363273,-0.342041
76.7110,-10461,-27.386833,-0.342335
76.7210,-10469,-27.407779,-0.342597
76.7310,-10478,-27.431341,-0.342892
76.7410,-10486,-27.452285,-0.343154
76.7510,-10491,-27.465375,-0.343317
76.7610,-10495,-27.475847,-0.343448
76.7710,-10496,-27.478466,-0.343481
76.7810,-10496,-27.478466,-0.343481
76.7910,-10493,-27.470609,-0.343383
76.8010,-10491,-27.465375,-0.343317
76.8110,-10489,-27.460138,-0.343252
76.8210,-10487,-27.454900,-0.343186
76.8310,-10487,-27.454900,-0.343186
76.8410,-10487,-27.454900,-0.343186
76.8510,-10488,-27.457519,-0.343219
76.8610,-10491,-27.465375,-0.343317
76.8710,-10494,-27.473228,-0.343415
76.8810,-10497,-27.481082,-0.343514
76.8920,-10500,-27.488937,-0.343612
76.9010,-10502,-27.494173,-0.343677
76.9110,-10504,-27.499406,-0.343743
76.9210,-10504,-27.499406,-0.343743
76.9310,-10505,-27.502025,-0.343775
76.9410,-10506,-27.504644,-0.343808
76.9510,-10505,-27.502025,-0.343775
76.9610,-10506,-27.504644,-0.343808
76.9710,-10507,-27.507263,-0.343841
76.9810,-10507,-27.507263,-0.343841
76.9910,-10509,-27.512496,-0.343906
77.0010,-10512,-27.520353,-0.344004
77.0110,-10515,-27.528205,-0.344103
77.0210,-10517,-27.533443,-0.344168
77.0310,-10521,-27.543914,-0.344299
77.0410,-10525,-27.554386,-0.344430
77.0510,-10528,-27.562240,-0.344528
77.0610,-10532,-27.572711,-0.344659
77.0710,-10538,-27.588420,-0.344855
77.0810,-10546,-27.609363,-0.345117
77.0910,-10558,-27.640779,-0.345510
77.1010,-10571,-27.674814,-0.345935
77.1110,-10588,-27.719320,-0.346492
77.1210,-10614,-27.787387,-0.347342
77.1310,-10643,-27.863307,-0.348291
77.1410,-10675,-27.947084,-0.349339
77.1510,-10710,-28.038715,-0.350484
77.1610,-10753,-28.151288,-0.351891
77.1710,-10794,-28.258626,-0.353233
77.1810,-10835,-28.365962,-0.354575
77.1910,-10875,-28.470684,-0.355884
77.2010,-10914,-28.572786,-0.357160
77.2110,-10947,-28.659181,-0.358240
77.2210,-10974,-28.729867,-0.359123
77.2310,-10997,-28.790079,-0.359876
77.2410,-11013,-28.831966,-0.360400
77.2510,-11023,-28.858146,-0.360727
77.2610,-11026,-28.866001,-0.360825
77.2710,-11025,-28.863384,-0.360792
77.2810,-11023,-28.858146,-0.360727
77.2910,-11019,-28.847675,-0.360596
77.3010,-11017,-28.842437,-0.360530
77.3110,-11014,-28.834585,-0.360432
77.3210,-11013,-28.831966,-0.360400
77.3310,-11013,-28.831966,-0.360400
77.3410,-11015,-28.837203,-0.360465
77.3510,-11017,-28.842437,-0.360530
77.3610,-11021,-28.852912,-0.360661
77.3710,-11025,-28.863384,-0.360792
77.3810,-11029,-28.873853,-0.360923
77.3910,-11031,-28.879091,-0.360989
77.4010,-11033,-28.884328,-0.361054
77.4110,-11034,-28.886943,-0.361087
77.4210,-11034,-28.886943,-0.361087
77.4310,-11033,-28.884328,-0.361054
77.4410,-11032,-28.881710,-0.361021
77.4510,-11030,-28.876472,-0.360956
77.4610,-11030,-28.876472,-0.360956
77.4710,-11030,-28.876472,-0.360956
77.4810,-11031,-28.879091,-0.360989
77.4910,-11032,-28.881710,-0.361021
77.5010,-11035,-28.889562,-0.361120
77.5110,-11038,-28.897418,-0.361218
77.5210,-11041,-28.905271,-0.361316
77.5320,-11043,-28.910509,-0.361381
77.5410,-11046,-28.918361,-0.361480
77.5510,-11049,-28.926216,-0.361578
77.5610,-11052,-28.934068,-0.361676
77.5710,-11059,-28.952396,-0.361905
77.5810,-11067,-28.973339,-0.362167
77.5910,-11075,-28.994283,-0.362429
77.6010,-11083,-29.015226,-0.362690
77.6110,-11093,-29.041406,-0.363018
77.6210,-11102,-29.064970,-0.363312
77.6310,-11115,-29.099002,-0.363738
77.6410,-11127,-29.130418,-0.364130
77.6510,-11138,-29.159217,-0.364490
77.6610,-11145,-29.177543,-0.364719
77.6710,-11155,-29.203723,-0.365047
77.6810,-11165,-29.229902,-0.365374
77.6910,-11171,-29.245611,-0.365570
77.7010,-11177,-29.261320,-0.365767
77.7110,-11182,-29.274408,-0.365930
77.7210,-11187,-29.287498,-0.366094
77.7310,-11191,-29.297969,-0.366225
77.7410,-11196,-29.311059,-0.366388
77.7510,-11198,-29.316297,-0.366454
77.7610,-11200,-29.321531,-0.366519
77.7710,-11201,-29.324150,-0.366552
77.7810,-11202,-29.326768,-0.366585
77.7910,-11202,-29.326768,-0.366585
77.8010,-11203,-29.329387,-0.366617
77.8110,-11202,-29.326768,-0.366585
77.8210,-11202,-29.326768,-0.366585
77.8310,-11201,-29.324150,-0.366552
77.8410,-11201,-29.324150,-0.366552
77.8510,-11201,-29.324150,-0.366552
77.8610,-11202,-29.326768,-0.366585
77.8710,-11203,-29.329387,-0.366617
77.8810,-11204,-29.332004,-0.366650
77.8910,-11206,-29.337240,-0.366716
77.9010,-11208,-29.342475,-0.366781
77.9110,-11209,-29.345094,-0.366814
77.9210,-11210,-29.347711,-0.366846
77.9310,-11211,-29.350328,-0.366879
77.9410,-11211,-29.350328,-0.366879
77.9510,-11211,-29.350328,-0.366879
77.9610,-11211,-29.350328,-0.366879
77.9710,-11212,-29.352947,-0.366912
77.9810,-11212,-29.352947,-0.366912
77.9910,-11212,-29.352947,-0.366912
78.0010,-11213,-29.355566,-0.366945
78.0110,-11214,-29.358184,-0.366977
78.0210,-11215,-29.360803,-0.367010
78.0310,-11216,-29.363418,-0.367043
78.0410,-11217,-29.366037,-0.367075
78.0510,-11217,-29.366037,-0.367075
78.0610,-11217,-29.366037,-0.367075
78.0710,-11218,-29.368656,-0.367108
78.0810,-11218,-29.368656,-0.367108
78.0910,-11218,-29.368656,-0.367108
78.1010,-11218,-29.368656,-0.367108
78.1110,-11218,-29.368656,-0.367108
78.1210,-11218,-29.368656,-0.367108
78.1310,-11218,-29.368656,-0.367108
78.1410,-11219,-29.371274,-0.367141
78.1510,-11219,-29.371274,-0.367141
78.1610,-11220,-29.373893,-0.367174
78.1720,-11221,-29.376508,-0.367206
78.1810,-11221,-29.376508,-0.367206
78.1910,-11221,-29.376508,-0.367206
78.2010,-11222,-29.379127,-0.367239
78.2110,-11222,-29.379127,-0.367239
78.2210,-11222,-29.379127,-0.367239
78.2310,-11222,-29.379127,-0.367239
78.2410,-11223,-29.381746,-0.367272
78.2510,-11223,-29.381746,-0.367272
78.2610,-11223,-29.381746,-0.367272
78.2710,-11223,-29.381746,-0.367272
78.2810,-11223,-29.381746,-0.367272
78.2910,-11224,-29.384365,-0.367305
78.3010,-11224,-29.384365,-0.367305
78.3110,-11225,-29.386983,-0.367337
78.3210,-11225,-29.386983,-0.367337
78.3310,-11225,-29.386983,-0.367337
78.3410,-11226,-29.389598,-0.367370
78.3510,-11226,-29.389598,-0.367370
78.3610,-11226,-29.389598,-0.367370
78.3710,-11226,-29.389598,-0.367370
78.3810,-11226,-29.389598,-0.367370
78.3910,-11226,-29.389598,-0.367370
78.4010,-11226,-29.389598,-0.367370
78.4110,-11227,-29.392217,-0.367403
78.4210,-11227,-29.392217,-0.367403
78.4310,-11227,-29.392217,-0.367403
78.4410,-11228,-29.394836,-0.367435
78.4510,-11228,-29.394836,-0.367435
78.4610,-11229,-29.397455,-0.367468
78.4710,-11229,-29.397455,-0.367468
78.4810,-11230,-29.400072,-0.367501
78.4910,-11230,-29.400072,-0.367501
78.5010,-11231,-29.402690,-0.367534
78.5110,-11231,-29.402690,-0.367534
78.5210,-11232,-29.405307,-0.367566
78.5310,-11232,-29.405307,-0.367566
78.5410,-11235,-29.413162,-0.367665
78.5510,-11237,-29.418395,-0.367730
78.5610,-11239,-29.423633,-0.367795
78.5710,-11242,-29.431486,-0.367894
78.5810,-11246,-29.441961,-0.368025
78.5910,-11249,-29.449813,-0.368123
78.6010,-11252,-29.457668,-0.368221
78.6110,-11255,-29.465520,-0.368319
78.6210,-11257,-29.470758,-0.368384
78.6310,-11259,-29.475992,-0.368450
78.6410,-11261,-29.481229,-0.368515
78.6510,-11262,-29.483848,-0.368548
78.6610,-11263,-29.486467,-0.368581
78.6710,-11263,-29.486467,-0.368581
78.6810,-11263,-29.486467,-0.368581
78.6910,-11263,-29.486467,-0.368581
78.7010,-11263,-29.486467,-0.368581
78.7110,-11264,-29.489082,-0.368614
78.7210,-11264,-29.489082,-0.368614
78.7310,-11265,-29.491701,-0.368646
78.7410,-11266,-29.494319,-0.368679
78.7510,-11267,-29.496938,-0.368712
78.7610,-11267,-29.496938,-0.368712
78.7710,-11268,-29.499557,-0.368744
78.7810,-11268,-29.499557,-0.368744
78.7910,-11269,-29.502172,-0.368777
78.8010,-11269,-29.502172,-0.368777
78.8120,-11269,-29.502172,-0.368777
78.8210,-11269,-29.502172,-0.368777
78.8310,-11270,-29.504791,-0.368810
78.8410,-11271,-29.507410,-0.368843
78.8510,-11271,-29.507410,-0.368843
78.8610,-11272,-29.510028,-0.368875
78.8710,-11275,-29.517881,-0.368974
78.8810,-11277,-29.523117,-0.369039
78.8910,-11279,-29.528354,-0.369104
78.9010,-11283,-29.538825,-0.369235
78.9110,-11288,-29.551916,-0.369399
78.9210,-11297,-29.575477,-0.369693
78.9310,-11307,-29.601655,-0.370021
78.9410,-11320,-29.635692,-0.370446
78.9510,-11337,-29.680198,-0.371003
78.9610,-11359,-29.737794,-0.371722
78.9710,-11387,-29.811096,-0.372639
78.9810,-11419,-29.894870,-0.373686
78.9910,-11450,-29.976032,-0.374700
79.0010,-11481,-30.057188,-0.375715
79.0110,-11508,-30.127874,-0.376598
79.0210,-11531,-30.188089,-0.377351
79.0310,-11548,-30.232593,-0.377907
79.0410,-11563,-30.271865,-0.378398
79.0510,-11571,-30.292808,-0.378660
79.0610,-11572,-30.295425,-0.378693
79.0710,-11569,-30.287570,-0.378595
79.0810,-11563,-30.271865,-0.378398
79.0910,-11555,-30.250919,-0.378136
79.1010,-11548,-30.232593,-0.377907
79.1110,-11543,-30.219503,-0.377744
79.1210,-11542,-30.216884,-0.377711
79.1310,-11542,-30.216884,-0.377711
79.1410,-11546,-30.227359,-0.377842
79.1510,-11552,-30.243066,-0.378038
79.1610,-11558,-30.258775,-0.378235
79.1710,-11566,-30.279718,-0.378497
79.1810,-11572,-30.295425,-0.378693
79.1910,-11575,-30.303279,-0.378791
79.2010,-11577,-30.308515,-0.378856
79.2110,-11578,-30.311134,-0.378889
79.2210,-11577,-30.308515,-0.378856
79.2310,-11574,-30.300662,-0.378758
79.2410,-11573,-30.298044,-0.378726
79.2510,-11571,-30.292808,-0.378660
79.2610,-11571,-30.292808,-0.378660
79.2710,-11572,-30.295425,-0.378693
79.2810,-11575,-30.303279,-0.378791
79.2910,-11579,-30.313753,-0.378922
79.3010,-11583,-30.324224,-0.379053
79.3110,-11588,-30.337314,-0.379216
79.3210,-11591,-30.345167,-0.379315
79.3310,-11592,-30.347785,-0.379347
79.3410,-11594,-30.353021,-0.379413
79.3510,-11594,-30.353021,-0.379413
79.3610,-11592,-30.347785,-0.379347
79.3710,-11591,-30.345167,-0.379315
79.3810,-11590,-30.342552,-0.379282
79.3910,-11589,-30.339933,-0.379249
79.4010,-11589,-30.339933,-0.379249
79.4110,-11590,-30.342552,-0.379282
79.4210,-11591,-30.345167,-0.379315
79.4310,-11593,-30.350404,-0.379380
79.4410,-11596,-30.358257,-0.379478
79.4520,-11598,-30.363492,-0.379544
79.4610,-11599,-30.366111,-0.379576
79.4710,-11601,-30.371345,-0.379642
79.4810,-11601,-30.371345,-0.379642
79.4910,-11601,-30.371345,-0.379642
79.5010,-11600,-30.368730,-0.379609
79.5110,-11599,-30.366111,-0.379576
79.5210,-11599,-30.366111,-0.379576
79.5310,-11598,-30.363492,-0.379544
79.5410,-11598,-30.363492,-0.379544
79.5510,-11599,-30.366111,-0.379576
79.5610,-11599,-30.366111,-0.379576
79.5710,-11601,-30.371345,-0.379642
79.5810,-11603,-30.376583,-0.379707
79.5910,-11604,-30.379201,-0.379740
79.6010,-11605,-30.381820,-0.379773
79.6110,-11606,-30.384439,-0.379806
79.6210,-11606,-30.384439,-0.379806
79.6310,-11605,-30.381820,-0.379773
79.6410,-11605,-30.381820,-0.379773
79.6510,-11605,-30.381820,-0.379773
79.6610,-11605,-30.381820,-0.379773
79.6710,-11604,-30.379201,-0.379740
79.6810,-11605,-30.381820,-0.379773
79.6910,-11605,-30.381820,-0.379773
79.7010,-11605,-30.381820,-0.379773
79.7110,-11607,-30.387054,-0.379838
79.7210,-11607,-30.387054,-0.379838
79.7310,-11608,-30.389673,-0.379871
79.7410,-11609,-30.392292,-0.379904
79.7510,-11609,-30.392292,-0.379904
79.7610,-11609,-30.392292,-0.379904
79.7710,-11609,-30.392292,-0.379904
79.7810,-11609,-30.392292,-0.379904
79.7910,-11609,-30.392292,-0.379904
79.8010,-11609,-30.392292,-0.379904
79.8110,-11609,-30.392292,-0.379904
79.8210,-11610,-30.394910,-0.379936
79.8310,-11610,-30.394910,-0.379936
79.8410,-11611,-30.397529,-0.379969
79.8510,-11611,-30.397529,-0.379969
79.8610,-11612,-30.400144,-0.380002
79.8710,-11613,-30.402763,-0.380035
79.8810,-11613,-30.402763,-0.380035
79.8910,-11613,-30.402763,-0.380035
79.9010,-11613,-30.402763,-0.380035
79.9110,-11613,-30.402763,-0.380035
79.9210,-11613,-30.402763,-0.380035
79.9310,-11613,-30.402763,-0.380035
79.9410,-11613,-30.402763,-0.380035
79.9510,-11614,-30.405382,-0.380067
79.9610,-11614,-30.405382,-0.380067
79.9710,-11614,-30.405382,-0.380067
79.9810,-11615,-30.408000,-0.380100
79.9910,-11615,-30.408000,-0.380100
80.0010,-11615,-30.408000,-0.380100
80.0110,-11616,-30.410617,-0.380133
80.0210,-11616,-30.410617,-0.380133
80.0310,-11617,-30.413234,-0.380165
80.0410,-11617,-30.413234,-0.380165
80.0510,-11617,-30.413234,-0.380165
80.0610,-11617,-30.413234,-0.380165
80.0710,-11617,-30.413234,-0.380165
80.0810,-11617,-30.413234,-0.380165
80.0920,-11617,-30.413234,-0.380165
80.1010,-11617,-30.413234,-0.380165
80.1110,-11618,-30.415853,-0.380198
80.1210,-11618,-30.415853,-0.380198
80.1310,-11618,-30.415853,-0.380198
80.1410,-11619,-30.418472,-0.380231
80.1510,-11619,-30.418472,-0.380231
80.1610,-11619,-30.418472,-0.380231
80.1710,-11619,-30.418472,-0.380231
80.1810,-11619,-30.418472,-0.380231
80.1910,-11620,-30.421089,-0.380264
80.2010,-11620,-30.421089,-0.380264
80.2110,-11620,-30.421089,-0.380264
80.2210,-11620,-30.421089,-0.380264
80.2310,-11620,-30.421089,-0.380264
80.2410,-11620,-30.421089,-0.380264
80.2510,-11621,-30.423707,-0.380296
80.2610,-11621,-30.423707,-0.380296
80.2710,-11621,-30.423707,-0.380296
80.2810,-11621,-30.423707,-0.380296
80.2910,-11621,-30.423707,-0.380296
80.3010,-11621,-30.423707,-0.380296
80.3110,-11622,-30.426326,-0.380329
80.3210,-11622,-30.426326,-0.380329
80.3310,-11622,-30.426326,-0.380329
80.3410,-11622,-30.426326,-0.380329
80.3510,-11622,-30.426326,-0.380329
80.3610,-11622,-30.426326,-0.380329
80.3710,-11622,-30.426326,-0.380329
80.3810,-11622,-30.426326,-0.380329
80.3910,-11622,-30.426326,-0.380329
80.4010,-11623,-30.428941,-0.380362
80.4110,-11623,-30.428941,-0.380362
80.4210,-11623,-30.428941,-0.380362
80.4310,-11623,-30.428941,-0.380362
80.4410,-11623,-30.428941,-0.380362
80.4510,-11623,-30.428941,-0.380362
80.4610,-11623,-30.428941,-0.380362
80.4710,-11623,-30.428941,-0.380362
80.4810,-11623,-30.428941,-0.380362
80.4910,-11624,-30.431560,-0.380395
80.5010,-11624,-30.431560,-0.380395
80.5110,-11624,-30.431560,-0.380395
80.5210,-11624,-30.431560,-0.380395
80.5310,-11624,-30.431560,-0.380395
80.5410,-11624,-30.431560,-0.380395
80.5510,-11625,-30.434179,-0.380427
80.5610,-11625,-30.434179,-0.380427
80.5710,-11625,-30.434179,-0.380427
80.5810,-11625,-30.434179,-0.380427
80.5910,-11625,-30.434179,-0.380427
80.6010,-11625,-30.434179,-0.380427
80.6110,-11625,-30.434179,-0.380427
80.6210,-11625,-30.434179,-0.380427
80.6310,-11625,-30.434179,-0.380427
80.6410,-11626,-30.436798,-0.380460
80.6510,-11626,-30.436798,-0.380460
80.6610,-11626,-30.436798,-0.380460
80.6710,-11626,-30.436798,-0.380460
80.6810,-11626,-30.436798,-0.380460
80.6910,-11626,-30.436798,-0.380460
80.7010,-11627,-30.439416,-0.380493
80.7110,-11627,-30.439416,-0.380493
80.7210,-11627,-30.439416,-0.380493
80.7320,-11627,-30.439416,-0.380493
80.7410,-11627,-30.439416,-0.380493
80.7510,-11627,-30.439416,-0.380493
80.7610,-11627,-30.439416,-0.380493
80.7710,-11627,-30.439416,-0.380493
80.7810,-11628,-30.442031,-0.380525
80.7910,-11628,-30.442031,-0.380525
80.8010,-11628,-30.442031,-0.380525
80.8110,-11628,-30.442031,-0.380525
80.8210,-11628,-30.442031,-0.380525
80.8310,-11628,-30.442031,-0.380525
80.8410,-11629,-30.444650,-0.380558
80.8510,-11629,-30.444650,-0.380558
80.8610,-11629,-30.444650,-0.380558
80.8710,-11629,-30.444650,-0.380558
80.8810,-11629,-30.444650,-0.380558
80.8910,-11629,-30.444650,-0.380558
80.9010,-11629,-30.444650,-0.380558
80.9110,-11630,-30.447269,-0.380591
80.9210,-11630,-30.447269,-0.380591
80.9310,-11630,-30.447269,-0.380591
80.9410,-11630,-30.447269,-0.380591
80.9510,-11630,-30.447269,-0.380591
80.9610,-11630,-30.447269,-0.380591
80.9710,-11630,-30.447269,-0.380591
80.9810,-11631,-30.449888,-0.380624
80.9910,-11631,-30.449888,-0.380624
81.0010,-11631,-30.449888,-0.380624
81.0110,-11631,-30.449888,-0.380624
81.0210,-11631,-30.449888,-0.380624
81.0310,-11631,-30.449888,-0.380624
81.0410,-11631,-30.449888,-0.380624
81.0510,-11632,-30.452507,-0.380656
81.0610,-11632,-30.452507,-0.380656
81.0710,-11632,-30.452507,-0.380656
81.0810,-11632,-30.452507,-0.380656
81.0910,-11632,-30.452507,-0.380656
81.1010,-11632,-30.452507,-0.380656
81.1110,-11633,-30.455125,-0.380689
81.1210,-11633,-30.455125,-0.380689
81.1310,-11633,-30.455125,-0.380689
81.1410,-11633,-30.455125,-0.380689
81.1510,-11633,-30.455125,-0.380689
81.1610,-11633,-30.455125,-0.380689
81.1710,-11633,-30.455125,-0.380689
81.1810,-11633,-30.455125,-0.380689
81.1910,-11634,-30.457740,-0.380722
81.2010,-11634,-30.457740,-0.380722
81.2110,-11634,-30.457740,-0.380722
81.2210,-11634,-30.457740,-0.380722
81.2310,-11634,-30.457740,-0.380722
81.2410,-11634,-30.457740,-0.380722
81.2510,-11634,-30.457740,-0.380722
81.2610,-11635,-30.460359,-0.380754
81.2710,-11635,-30.460359,-0.380754
81.2810,-11635,-30.460359,-0.380754
81.2910,-11635,-30.460359,-0.380754
81.3010,-11635,-30.460359,-0.380754
81.3110,-11635,-30.460359,-0.380754
81.3210,-11635,-30.460359,-0.380754
81.3310,-11635,-30.460359,-0.380754
81.3410,-11635,-30.460359,-0.380754
81.3510,-11636,-30.462978,-0.380787
81.3610,-11636,-30.462978,-0.380787
81.3720,-11636,-30.462978,-0.380787
81.3810,-11636,-30.462978,-0.380787
81.3910,-11636,-30.462978,-0.380787
81.4010,-11636,-30.462978,-0.380787
81.4110,-11636,-30.462978,-0.380787
81.4210,-11637,-30.465597,-0.380820
81.4310,-11637,-30.465597,-0.380820
81.4410,-11637,-30.465597,-0.380820
81.4510,-11637,-30.465597,-0.380820
81.4610,-11637,-30.465597,-0.380820
81.4710,-11637,-30.465597,-0.380820
81.4810,-11637,-30.465597,-0.380820
81.4910,-11637,-30.465597,-0.380820
81.5010,-11637,-30.465597,-0.380820
81.5110,-11638,-30.468214,-0.380853
81.5210,-11638,-30.468214,-0.380853
81.5310,-11638,-30.468214,-0.380853
81.5410,-11638,-30.468214,-0.380853
81.5510,-11638,-30.468214,-0.380853
81.5610,-11638,-30.468214,-0.380853
81.5710,-11638,-30.468214,-0.380853
81.5810,-11639,-30.470830,-0.380885
81.5910,-11639,-30.470830,-0.380885
81.6010,-11639,-30.470830,-0.380885
81.6110,-11639,-30.470830,-0.380885
81.6210,-11639,-30.470830,-0.380885
81.6310,-11639,-30.470830,-0.380885
81.6410,-11640,-30.473449,-0.380918
81.6510,-11641,-30.476066,-0.380951
81.6610,-11641,-30.476066,-0.380951
81.6710,-11641,-30.476066,-0.380951
81.6810,-11642,-30.478685,-0.380984
81.6910,-11642,-30.478685,-0.380984
81.7010,-11643,-30.481304,-0.381016
81.7110,-11643,-30.481304,-0.381016
81.7210,-11643,-30.481304,-0.381016
81.7310,-11643,-30.481304,-0.381016
81.7410,-11643,-30.481304,-0.381016
81.7510,-11643,-30.481304,-0.381016
81.7610,-11644,-30.483921,-0.381049
81.7710,-11644,-30.483921,-0.381049
81.7810,-11644,-30.483921,-0.381049
81.7910,-11644,-30.483921,-0.381049
81.8010,-11644,-30.483921,-0.381049
81.8110,-11644,-30.483921,-0.381049
81.8210,-11645,-30.486537,-0.381082
81.8310,-11645,-30.486537,-0.381082
81.8410,-11645,-30.486537,-0.381082
81.8510,-11646,-30.489156,-0.381114
81.8610,-11646,-30.489156,-0.381114
81.8710,-11646,-30.489156,-0.381114
81.8810,-11646,-30.489156,-0.381114
81.8910,-11646,-30.489156,-0.381114
81.9010,-11646,-30.489156,-0.381114
81.9110,-11646,-30.489156,-0.381114
81.9210,-11646,-30.489156,-0.381114
81.9310,-11646,-30.489156,-0.381114
81.9410,-11646,-30.489156,-0.381114
81.9510,-11647,-30.491775,-0.381147
81.9610,-11647,-30.491775,-0.381147
81.9710,-11647,-30.491775,-0.381147
81.9810,-11647,-30.491775,-0.381147
81.9910,-11648,-30.494394,-0.381180
82.0010,-11648,-30.494394,-0.381180
82.0120,-11648,-30.494394,-0.381180
82.0210,-11648,-30.494394,-0.381180
82.0310,-11648,-30.494394,-0.381180
82.0410,-11648,-30.494394,-0.381180
82.0510,-11648,-30.494394,-0.381180
82.0610,-11648,-30.494394,-0.381180
82.0710,-11648,-30.494394,-0.381180
82.0810,-11649,-30.497013,-0.381213
82.0910,-11649,-30.497013,-0.381213
82.1010,-11649,-30.497013,-0.381213
82.1110,-11649,-30.497013,-0.381213
82.1210,-11649,-30.497013,-0.381213
82.1310,-11649,-30.497013,-0.381213
82.1410,-11649,-30.497013,-0.381213
82.1510,-11649,-30.497013,-0.381213
82.1610,-11650,-30.499628,-0.381245
82.1710,-11650,-30.499628,-0.381245
82.1810,-11650,-30.499628,-0.381245
82.1910,-11650,-30.499628,-0.381245
82.2010,-11650,-30.499628,-0.381245
82.2110,-11650,-30.499628,-0.381245
82.2210,-11651,-30.502246,-0.381278
82.2310,-11651,-30.502246,-0.381278
82.2410,-11651,-30.502246,-0.381278
82.2510,-11651,-30.502246,-0.381278
82.2610,-11651,-30.502246,-0.381278
82.2710,-11651,-30.502246,-0.381278
82.2810,-11651,-30.502246,-0.381278
82.2910,-11651,-30.502246,-0.381278
82.3010,-11651,-30.502246,-0.381278
82.3110,-11651,-30.502246,-0.381278
82.3210,-11652,-30.504865,-0.381311
82.3310,-11652,-30.504865,-0.381311
82.3410,-11652,-30.504865,-0.381311
82.3510,-11652,-30.504865,-0.381311
82.3610,-11652,-30.504865,-0.381311
82.3710,-11653,-30.507484,-0.381344
82.3810,-11653,-30.507484,-0.381344
82.3910,-11653,-30.507484,-0.381344
82.4010,-11653,-30.507484,-0.381344
82.4110,-11653,-30.507484,-0.381344
82.4210,-11653,-30.507484,-0.381344
82.4310,-11654,-30.510103,-0.381376
82.4410,-11654,-30.510103,-0.381376
82.4510,-11654,-30.510103,-0.381376
82.4610,-11654,-30.510103,-0.381376
82.4710,-11654,-30.510103,-0.381376
82.4810,-11654,-30.510103,-0.381376
82.4910,-11655,-30.512718,-0.381409
82.5010,-11655,-30.512718,-0.381409
82.5110,-11655,-30.512718,-0.381409
82.5210,-11655,-30.512718,-0.381409
82.5310,-11655,-30.512718,-0.381409
82.5410,-11655,-30.512718,-0.381409
82.5510,-11655,-30.512718,-0.381409
82.5610,-11656,-30.515336,-0.381442
82.5710,-11656,-30.515336,-0.381442
82.5810,-11656,-30.515336,-0.381442
82.5910,-11656,-30.515336,-0.381442
82.6010,-11656,-30.515336,-0.381442
82.6110,-11656,-30.515336,-0.381442
82.6210,-11657,-30.517955,-0.381474
82.6310,-11657,-30.517955,-0.381474
82.6410,-11657,-30.517955,-0.381474
82.6520,-11657,-30.517955,-0.381474
82.6610,-11658,-30.520574,-0.381507
82.6710,-11658,-30.520574,-0.381507
82.6810,-11658,-30.520574,-0.381507
82.6910,-11658,-30.520574,-0.381507
82.7010,-11658,-30.520574,-0.381507
82.7110,-11659,-30.523193,-0.381540
82.7210,-11659,-30.523193,-0.381540
82.7310,-11659,-30.523193,-0.381540
82.7410,-11659,-30.523193,-0.381540
82.7510,-11660,-30.525808,-0.381573
82.7610,-11660,-30.525808,-0.381573
82.7710,-11660,-30.525808,-0.381573
82.7810,-11661,-30.528427,-0.381605
82.7910,-11661,-30.528427,-0.381605
82.8010,-11661,-30.528427,-0.381605
82.8110,-11662,-30.531045,-0.381638
82.8210,-11663,-30.533662,-0.381671
82.8310,-11663,-30.533662,-0.381671
82.8410,-11663,-30.533662,-0.381671
82.8510,-11665,-30.538900,-0.381736
82.8610,-11665,-30.538900,-0.381736
82.8710,-11666,-30.541517,-0.381769
82.8810,-11667,-30.544134,-0.381802
82.8910,-11668,-30.546752,-0.381834
82.9010,-11668,-30.546752,-0.381834
82.9110,-11668,-30.546752,-0.381834
82.9210,-11670,-30.551990,-0.381900
82.9310,-11670,-30.551990,-0.381900
82.9410,-11671,-30.554605,-0.381933
82.9510,-11672,-30.557224,-0.381965
82.9610,-11673,-30.559843,-0.381998
82.9710,-11674,-30.562461,-0.382031
82.9810,-11675,-30.565080,-0.382064
82.9910,-11677,-30.570314,-0.382129
83.0010,-11677,-30.570314,-0.382129
83.0110,-11678,-30.572933,-0.382162
83.0210,-11680,-30.578170,-0.382227
83.0310,-11680,-30.578170,-0.382227
83.0410,-11681,-30.580789,-0.382260
83.0510,-11682,-30.583404,-0.382293
83.0610,-11683,-30.586023,-0.382325
83.0710,-11683,-30.586023,-0.382325
83.0810,-11684,-30.588642,-0.382358
83.0910,-11685,-30.591259,-0.382391
83.1010,-11686,-30.593877,-0.382423
83.1110,-11686,-30.593877,-0.382423
83.1210,-11688,-30.599113,-0.382489
83.1310,-11688,-30.599113,-0.382489
83.1410,-11689,-30.601730,-0.382522
83.1510,-11690,-30.604349,-0.382554
83.1610,-11691,-30.606967,-0.382587
83.1710,-11691,-30.606967,-0.382587
83.1810,-11691,-30.606967,-0.382587
83.1910,-11692,-30.609582,-0.382620
83.2010,-11692,-30.609582,-0.382620
83.2110,-11692,-30.609582,-0.382620
83.2210,-11692,-30.609582,-0.382620
83.2310,-11693,-30.612201,-0.382653
83.2410,-11693,-30.612201,-0.382653
83.2510,-11694,-30.614820,-0.382685
83.2610,-11694,-30.614820,-0.382685
83.2710,-11694,-30.614820,-0.382685
83.2810,-11695,-30.617439,-0.382718
83.2920,-11695,-30.617439,-0.382718
83.3010,-11696,-30.620058,-0.382751
83.3110,-11696,-30.620058,-0.382751
83.3210,-11696,-30.620058,-0.382751
83.3310,-11697,-30.622676,-0.382783
83.3410,-11697,-30.622676,-0.382783
83.3510,-11697,-30.622676,-0.382783
83.3610,-11698,-30.625291,-0.382816
83.3710,-11698,-30.625291,-0.382816
83.3810,-11698,-30.625291,-0.382816
83.3910,-11698,-30.625291,-0.382816
83.4010,-11698,-30.625291,-0.382816
83.4110,-11699,-30.627910,-0.382849
83.4210,-11699,-30.627910,-0.382849
83.4310,-11700,-30.630529,-0.382882
83.4410,-11700,-30.630529,-0.382882
83.4510,-11700,-30.630529,-0.382882
83.4610,-11701,-30.633148,-0.382914
83.4710,-11701,-30.633148,-0.382914
83.4810,-11701,-30.633148,-0.382914
83.4910,-11701,-30.633148,-0.382914
83.5010,-11702,-30.635766,-0.382947
83.5110,-11702,-30.635766,-0.382947
83.5210,-11702,-30.635766,-0.382947
83.5310,-11702,-30.635766,-0.382947
83.5410,-11702,-30.635766,-0.382947
83.5510,-11702,-30.635766,-0.382947
83.5610,-11702,-30.635766,-0.382947
83.5710,-11702,-30.635766,-0.382947
83.5810,-11702,-30.635766,-0.382947
83.5910,-11703,-30.638381,-0.382980
83.6010,-11703,-30.638381,-0.382980
83.6110,-11703,-30.638381,-0.382980
83.6210,-11703,-30.638381,-0.382980
83.6310,-11703,-30.638381,-0.382980
83.6410,-11703,-30.638381,-0.382980
83.6510,-11703,-30.638381,-0.382980
83.6610,-11703,-30.638381,-0.382980
83.6710,-11703,-30.638381,-0.382980
83.6810,-11703,-30.638381,-0.382980
83.6910,-11704,-30.641000,-0.383013
83.7010,-11704,-30.641000,-0.383013
83.7110,-11704,-30.641000,-0.383013
83.7210,-11704,-30.641000,-0.383013
83.7310,-11704,-30.641000,-0.383013
83.7410,-11704,-30.641000,-0.383013
83.7510,-11704,-30.641000,-0.383013
83.7610,-11705,-30.643619,-0.383045
83.7710,-11705,-30.643619,-0.383045
83.7810,-11705,-30.643619,-0.383045
83.7910,-11705,-30.643619,-0.383045
83.8010,-11705,-30.643619,-0.383045
83.8110,-11705,-30.643619,-0.383045
83.8210,-11706,-30.646238,-0.383078
83.8310,-11706,-30.646238,-0.383078
83.8410,-11706,-30.646238,-0.383078
83.8510,-11706,-30.646238,-0.383078
83.8610,-11707,-30.648855,-0.383111
83.8710,-11707,-30.648855,-0.383111
83.8810,-11707,-30.648855,-0.383111
83.8910,-11708,-30.651473,-0.383143
83.9010,-11708,-30.651473,-0.383143
83.9110,-11709,-30.654090,-0.383176
83.9210,-11709,-30.654090,-0.383176
83.9320,-11710,-30.656709,-0.383209
83.9410,-11710,-30.656709,-0.383209
83.9510,-11711,-30.659326,-0.383242
83.9610,-11711,-30.659326,-0.383242
83.9710,-11711,-30.659326,-0.383242
83.9810,-11712,-30.661945,-0.383274
83.9910,-11712,-30.661945,-0.383274
84.0010,-11713,-30.664564,-0.383307
84.0110,-11713,-30.664564,-0.383307
84.0210,-11713,-30.664564,-0.383307
84.0310,-11713,-30.664564,-0.383307
84.0410,-11713,-30.664564,-0.383307
84.0510,-11713,-30.664564,-0.383307
84.0610,-11714,-30.667179,-0.383340
84.0710,-11714,-30.667179,-0.383340
84.0810,-11714,-30.667179,-0.383340
84.0910,-11715,-30.669797,-0.383372
84.1010,-11715,-30.669797,-0.383372
84.1110,-11716,-30.672416,-0.383405
84.1210,-11717,-30.675035,-0.383438
84.1310,-11719,-30.680269,-0.383503
84.1410,-11720,-30.682888,-0.383536
84.1510,-11721,-30.685506,-0.383569
84.1610,-11723,-30.690744,-0.383634
84.1710,-11724,-30.693363,-0.383667
84.1810,-11725,-30.695978,-0.383700
84.1910,-11727,-30.701215,-0.383765
84.2010,-11728,-30.703834,-0.383798
84.2110,-11729,-30.706451,-0.383831
84.2210,-11730,-30.709068,-0.383863
84.2310,-11730,-30.709068,-0.383863
84.2410,-11730,-30.709068,-0.383863
84.2510,-11730,-30.709068,-0.383863
84.2610,-11730,-30.709068,-0.383863
84.2710,-11730,-30.709068,-0.383863
84.2810,-11730,-30.709068,-0.383863
84.2910,-11731,-30.711687,-0.383896
84.3010,-11731,-30.711687,-0.383896
84.3110,-11731,-30.711687,-0.383896
84.3210,-11732,-30.714305,-0.383929
84.3310,-11732,-30.714305,-0.383929
84.3410,-11733,-30.716922,-0.383962
84.3510,-11733,-30.716922,-0.383962
84.3610,-11734,-30.719541,-0.383994
84.3710,-11734,-30.719541,-0.383994
84.3810,-11734,-30.719541,-0.383994
84.3910,-11734,-30.719541,-0.383994
84.4010,-11734,-30.719541,-0.383994
84.4110,-11734,-30.719541,-0.383994
84.4210,-11734,-30.719541,-0.383994
84.4310,-11734,-30.719541,-0.383994
84.4410,-11734,-30.719541,-0.383994
84.4510,-11734,-30.719541,-0.383994
84.4610,-11735,-30.722158,-0.384027
84.4710,-11735,-30.722158,-0.384027
84.4810,-11735,-30.722158,-0.384027
84.4910,-11735,-30.722158,-0.384027
84.5010,-11736,-30.724775,-0.384060
84.5110,-11736,-30.724775,-0.384060
84.5210,-11736,-30.724775,-0.384060
84.5310,-11736,-30.724775,-0.384060
84.5410,-11736,-30.724775,-0.384060
84.5510,-11736,-30.724775,-0.384060
84.5610,-11736,-30.724775,-0.384060
84.5720,-11736,-30.724775,-0.384060
84.5810,-11736,-30.724775,-0.384060
84.5910,-11736,-30.724775,-0.384060
84.6010,-11737,-30.727394,-0.384092
84.6110,-11737,-30.727394,-0.384092
84.6210,-11737,-30.727394,-0.384092
84.6310,-11737,-30.727394,-0.384092
84.6410,-11737,-30.727394,-0.384092
84.6510,-11737,-30.727394,-0.384092
84.6610,-11737,-30.727394,-0.384092
84.6710,-11738,-30.730012,-0.384125
84.6810,-11738,-30.730012,-0.384125
84.6910,-11738,-30.730012,-0.384125
84.7010,-11738,-30.730012,-0.384125
84.7110,-11738,-30.730012,-0.384125
84.7210,-11738,-30.730012,-0.384125
84.7310,-11738,-30.730012,-0.384125
84.7410,-11738,-30.730012,-0.384125
84.7510,-11739,-30.732631,-0.384158
84.7610,-11739,-30.732631,-0.384158
84.7710,-11739,-30.732631,-0.384158
84.7810,-11739,-30.732631,-0.384158
84.7910,-11739,-30.732631,-0.384158
84.8010,-11739,-30.732631,-0.384158
84.8110,-11739,-30.732631,-0.384158
84.8210,-11739,-30.732631,-0.384158
84.8310,-11740,-30.735250,-0.384191
84.8410,-11740,-30.735250,-0.384191
84.8510,-11740,-30.735250,-0.384191
84.8610,-11740,-30.735250,-0.384191
84.8710,-11740,-30.735250,-0.384191
84.8810,-11740,-30.735250,-0.384191
84.8910,-11741,-30.737865,-0.384223
84.9010,-11741,-30.737865,-0.384223
84.9110,-11741,-30.737865,-0.384223
84.9210,-11741,-30.737865,-0.384223
84.9310,-11741,-30.737865,-0.384223
84.9410,-11741,-30.737865,-0.384223
84.9510,-11741,-30.737865,-0.384223
84.9610,-11741,-30.737865,-0.384223
84.9710,-11741,-30.737865,-0.384223
84.9810,-11741,-30.737865,-0.384223
84.9910,-11741,-30.737865,-0.384223
85.0010,-11742,-30.740484,-0.384256
85.0110,-11742,-30.740484,-0.384256
85.0210,-11742,-30.740484,-0.384256
85.0310,-11742,-30.740484,-0.384256
85.0410,-11742,-30.740484,-0.384256
85.0510,-11742,-30.740484,-0.384256
85.0610,-11742,-30.740484,-0.384256
85.0710,-11742,-30.740484,-0.384256
85.0810,-11742,-30.740484,-0.384256
85.0910,-11742,-30.740484,-0.384256
85.1010,-11743,-30.743103,-0.384289
85.1110,-11743,-30.743103,-0.384289
85.1210,-11743,-30.743103,-0.384289
85.1310,-11743,-30.743103,-0.384289
85.1410,-11743,-30.743103,-0.384289
85.1510,-11743,-30.743103,-0.384289
85.1610,-11743,-30.743103,-0.384289
85.1710,-11743,-30.743103,-0.384289
85.1810,-11743,-30.743103,-0.384289
85.1910,-11743,-30.743103,-0.384289
85.2010,-11743,-30.743103,-0.384289
85.2120,-11743,-30.743103,-0.384289
85.2210,-11743,-30.743103,-0.384289
85.2310,-11744,-30.745721,-0.384322
85.2410,-11744,-30.745721,-0.384322
85.2510,-11744,-30.745721,-0.384322
85.2610,-11744,-30.745721,-0.384322
85.2710,-11744,-30.745721,-0.384322
85.2810,-11744,-30.745721,-0.384322
85.2910,-11744,-30.745721,-0.384322
85.3010,-11744,-30.745721,-0.384322
85.3110,-11744,-30.745721,-0.384322
85.3210,-11744,-30.745721,-0.384322
85.3310,-11744,-30.745721,-0.384322
85.3410,-11744,-30.745721,-0.384322
85.3510,-11744,-30.745721,-0.384322
85.3610,-11744,-30.745721,-0.384322
85.3710,-11745,-30.748340,-0.384354
85.3810,-11745,-30.748340,-0.384354
85.3910,-11745,-30.748340,-0.384354
85.4010,-11745,-30.748340,-0.384354
85.4110,-11745,-30.748340,-0.384354
85.4210,-11745,-30.748340,-0.384354
85.4310,-11745,-30.748340,-0.384354
85.4410,-11745,-30.748340,-0.384354
85.4510,-11745,-30.748340,-0.384354
85.4610,-11745,-30.748340,-0.384354
85.4710,-11745,-30.748340,-0.384354
85.4810,-11745,-30.748340,-0.384354
85.4910,-11745,-30.748340,-0.384354
85.5010,-11745,-30.748340,-0.384354
85.5110,-11745,-30.748340,-0.384354
85.5210,-11746,-30.750955,-0.384387
85.5310,-11746,-30.750955,-0.384387
85.5410,-11746,-30.750955,-0.384387
85.5510,-11746,-30.750955,-0.384387
85.5610,-11746,-30.750955,-0.384387
85.5710,-11746,-30.750955,-0.384387
85.5810,-11746,-30.750955,-0.384387
85.5910,-11746,-30.750955,-0.384387
85.6010,-11746,-30.750955,-0.384387
85.6110,-11746,-30.750955,-0.384387
85.6210,-11746,-30.750955,-0.384387
85.6310,-11746,-30.750955,-0.384387
85.6410,-11746,-30.750955,-0.384387
85.6510,-11746,-30.750955,-0.384387
85.6610,-11746,-30.750955,-0.384387
85.6710,-11747,-30.753574,-0.384420
85.6810,-11747,-30.753574,-0.384420
85.6910,-11747,-30.753574,-0.384420
85.7010,-11747,-30.753574,-0.384420
85.7110,-11747,-30.753574,-0.384420
85.7210,-11747,-30.753574,-0.384420
85.7310,-11747,-30.753574,-0.384420
85.7410,-11747,-30.753574,-0.384420
85.7510,-11747,-30.753574,-0.384420
85.7610,-11747,-30.753574,-0.384420
85.7710,-11747,-30.753574,-0.384420
85.7810,-11747,-30.753574,-0.384420
85.7910,-11747,-30.753574,-0.384420
85.8010,-11747,-30.753574,-0.384420
85.8110,-11747,-30.753574,-0.384420
85.8210,-11747,-30.753574,-0.384420
85.8310,-11748,-30.756193,-0.384452
85.8410,-11748,-30.756193,-0.384452
85.8520,-11748,-30.756193,-0.384452
85.8610,-11748,-30.756193,-0.384452
85.8710,-11748,-30.756193,-0.384452
85.8810,-11748,-30.756193,-0.384452
85.8910,-11748,-30.756193,-0.384452
85.9010,-11748,-30.756193,-0.384452
85.9110,-11748,-30.756193,-0.384452
85.9210,-11748,-30.756193,-0.384452
85.9310,-11749,-30.758811,-0.384485
85.9410,-11749,-30.758811,-0.384485
85.9510,-11749,-30.758811,-0.384485
85.9610,-11749,-30.758811,-0.384485
85.9710,-11749,-30.758811,-0.384485
85.9810,-11749,-30.758811,-0.384485
85.9910,-11749,-30.758811,-0.384485
86.0010,-11750,-30.761430,-0.384518
86.0110,-11750,-30.761430,-0.384518
86.0210,-11750,-30.761430,-0.384518
86.0310,-11750,-30.761430,-0.384518
86.0410,-11751,-30.764045,-0.384551
86.0510,-11751,-30.764045,-0.384551
86.0610,-11752,-30.766664,-0.384583
86.0710,-11752,-30.766664,-0.384583
86.0810,-11753,-30.769283,-0.384616
86.0910,-11753,-30.769283,-0.384616
86.1010,-11754,-30.771902,-0.384649
86.1110,-11754,-30.771902,-0.384649
86.1210,-11755,-30.774518,-0.384681
86.1310,-11756,-30.777137,-0.384714
86.1410,-11757,-30.779754,-0.384747
86.1510,-11758,-30.782371,-0.384780
86.1610,-11761,-30.790227,-0.384878
86.1710,-11766,-30.803318,-0.385041
86.1810,-11771,-30.816408,-0.385205
86.1910,-11776,-30.829496,-0.385369
86.2010,-11781,-30.842586,-0.385532
86.2110,-11786,-30.855676,-0.385696
86.2210,-11790,-30.866147,-0.385827
86.2310,-11794,-30.876619,-0.385958
86.2410,-11796,-30.881856,-0.386023
86.2510,-11798,-30.887092,-0.386089
86.2610,-11798,-30.887092,-0.386089
86.2710,-11798,-30.887092,-0.386089
86.2810,-11797,-30.884475,-0.386056
86.2910,-11796,-30.881856,-0.386023
86.3010,-11796,-30.881856,-0.386023
86.3110,-11795,-30.879238,-0.385990
86.3210,-11795,-30.879238,-0.385990
86.3310,-11796,-30.881856,-0.386023
86.3410,-11798,-30.887092,-0.386089
86.3510,-11799,-30.889711,-0.386121
86.3610,-11801,-30.894947,-0.386187
86.3710,-11803,-30.900182,-0.386252
86.3810,-11804,-30.902801,-0.386285
86.3910,-11804,-30.902801,-0.386285
86.4010,-11804,-30.902801,-0.386285
86.4110,-11804,-30.902801,-0.386285
86.4210,-11803,-30.900182,-0.386252
86.4310,-11803,-30.900182,-0.386252
86.4410,-11802,-30.897563,-0.386220
86.4510,-11802,-30.897563,-0.386220
86.4610,-11803,-30.900182,-0.386252
86.4710,-11803,-30.900182,-0.386252
86.4810,-11804,-30.902801,-0.386285
86.4920,-11805,-30.905416,-0.386318
86.5010,-11807,-30.910654,-0.386383
86.5110,-11807,-30.910654,-0.386383
86.5210,-11808,-30.913272,-0.386416
86.5310,-11808,-30.913272,-0.386416
86.5410,-11808,-30.913272,-0.386416
86.5510,-11808,-30.913272,-0.386416
86.5610,-11808,-30.913272,-0.386416
86.5710,-11808,-30.913272,-0.386416
86.5810,-11808,-30.913272,-0.386416
86.5910,-11808,-30.913272,-0.386416
86.6010,-11809,-30.915891,-0.386449
86.6110,-11809,-30.915891,-0.386449
86.6210,-11810,-30.918506,-0.386481
86.6310,-11811,-30.921125,-0.386514
86.6410,-11812,-30.923744,-0.386547
86.6510,-11813,-30.926362,-0.386580
86.6610,-11814,-30.928981,-0.386612
86.6710,-11815,-30.931600,-0.386645
86.6810,-11815,-30.931600,-0.386645
86.6910,-11815,-30.931600,-0.386645
86.7010,-11816,-30.934215,-0.386678
86.7110,-11816,-30.934215,-0.386678
86.7210,-11816,-30.934215,-0.386678
86.7310,-11818,-30.939453,-0.386743
86.7410,-11819,-30.942071,-0.386776
86.7510,-11820,-30.944688,-0.386809
86.7610,-11822,-30.949924,-0.386874
86.7710,-11824,-30.955160,-0.386940
86.7810,-11827,-30.963012,-0.387038
86.7910,-11830,-30.970869,-0.387136
86.8010,-11834,-30.981340,-0.387267
86.8110,-11840,-30.997049,-0.387463
86.8210,-11847,-31.015375,-0.387692
86.8310,-11857,-31.041555,-0.388019
86.8410,-11871,-31.078205,-0.388478
86.8510,-11884,-31.112241,-0.388903
86.8610,-11895,-31.141038,-0.389263
86.8710,-11906,-31.169837,-0.389623
86.8810,-11916,-31.196016,-0.389950
86.8910,-11925,-31.219577,-0.390245
86.9010,-11935,-31.245758,-0.390572
86.9110,-11942,-31.264083,-0.390801
86.9210,-11945,-31.271936,-0.390899
86.9310,-11946,-31.274555,-0.390932
86.9410,-11946,-31.274555,-0.390932
86.9510,-11945,-31.271936,-0.390899
86.9610,-11943,-31.266702,-0.390834
86.9710,-11943,-31.266702,-0.390834
86.9810,-11942,-31.264083,-0.390801
86.9910,-11942,-31.264083,-0.390801
87.0010,-11942,-31.264083,-0.390801
87.0110,-11944,-31.269317,-0.390866
87.0210,-11945,-31.271936,-0.390899
87.0310,-11948,-31.279792,-0.390997
87.0410,-11950,-31.285026,-0.391063
87.0510,-11952,-31.290264,-0.391128
87.0610,-11953,-31.292882,-0.391161
87.0710,-11954,-31.295501,-0.391194
87.0810,-11954,-31.295501,-0.391194
87.0910,-11953,-31.292882,-0.391161
87.1010,-11953,-31.292882,-0.391161
87.1110,-11953,-31.292882,-0.391161
87.1210,-11953,-31.292882,-0.391161
87.1320,-11953,-31.292882,-0.391161
87.1410,-11953,-31.292882,-0.391161
87.1510,-11954,-31.295501,-0.391194
87.1610,-11956,-31.300735,-0.391259
87.1710,-11957,-31.303354,-0.391292
87.1810,-11959,-31.308589,-0.391357
87.1910,-11959,-31.308589,-0.391357
87.2010,-11960,-31.311206,-0.391390
87.2110,-11961,-31.313825,-0.391423
87.2210,-11961,-31.313825,-0.391423
87.2310,-11961,-31.313825,-0.391423
87.2410,-11962,-31.316442,-0.391456
87.2510,-11962,-31.316442,-0.391456
87.2610,-11963,-31.319061,-0.391488
87.2710,-11964,-31.321680,-0.391521
87.2810,-11965,-31.324298,-0.391554
87.2910,-11966,-31.326913,-0.391586
87.3010,-11968,-31.332151,-0.391652
87.3110,-11970,-31.337388,-0.391717
87.3210,-11972,-31.342622,-0.391783
87.3310,-11973,-31.345241,-0.391816
87.3410,-11976,-31.353094,-0.391914
87.3510,-11977,-31.355712,-0.391946
87.3610,-11978,-31.358331,-0.391979
87.3710,-11980,-31.363569,-0.392045
87.3810,-11982,-31.368803,-0.392110
87.3910,-11983,-31.371421,-0.392143
87.4010,-11985,-31.376657,-0.392208
87.4110,-11987,-31.381893,-0.392274
87.4210,-11990,-31.389747,-0.392372
87.4310,-11993,-31.397600,-0.392470
87.4410,-11998,-31.410690,-0.392634
87.4510,-12004,-31.426399,-0.392830
87.4610,-12008,-31.436872,-0.392961
87.4710,-12012,-31.447343,-0.393092
87.4810,-12015,-31.455196,-0.393190
87.4910,-12017,-31.460433,-0.393255
87.5010,-12019,-31.465667,-0.393321
87.5110,-12020,-31.468286,-0.393354
87.5210,-12020,-31.468286,-0.393354
87.5310,-12020,-31.468286,-0.393354
87.5410,-12019,-31.465667,-0.393321
87.5510,-12018,-31.463052,-0.393288
87.5610,-12017,-31.460433,-0.393255
87.5710,-12017,-31.460433,-0.393255
87.5810,-12017,-31.460433,-0.393255
87.5910,-12017,-31.460433,-0.393255
87.6010,-12019,-31.465667,-0.393321
87.6110,-12020,-31.468286,-0.393354
87.6210,-12022,-31.473524,-0.393419
87.6310,-12023,-31.476142,-0.393452
87.6410,-12024,-31.478759,-0.393485
87.6510,-12025,-31.481376,-0.393517
87.6610,-12025,-31.481376,-0.393517
87.6710,-12024,-31.478759,-0.393485
87.6810,-12024,-31.478759,-0.393485
87.6910,-12023,-31.476142,-0.393452
87.7010,-12023,-31.476142,-0.393452
87.7110,-12023,-31.476142,-0.393452
87.7210,-12023,-31.476142,-0.393452
87.7310,-12024,-31.478759,-0.393485
87.7410,-12025,-31.481376,-0.393517
87.7510,-12026,-31.483995,-0.393550
87.7610,-12027,-31.486614,-0.393583
87.7720,-12028,-31.489231,-0.393615
87.7810,-12029,-31.491849,-0.393648
87.7910,-12029,-31.491849,-0.393648
87.8010,-12029,-31.491849,-0.393648
87.8110,-12029,-31.491849,-0.393648
87.8210,-12029,-31.491849,-0.393648
87.8310,-12029,-31.491849,-0.393648
87.8410,-12030,-31.494466,-0.393681
87.8510,-12030,-31.494466,-0.393681
87.8610,-12030,-31.494466,-0.393681
87.8710,-12031,-31.497083,-0.393714
87.8810,-12032,-31.499702,-0.393746
87.8910,-12032,-31.499702,-0.393746
87.9010,-12033,-31.502321,-0.393779
87.9110,-12034,-31.504940,-0.393812
87.9210,-12034,-31.504940,-0.393812
87.9310,-12034,-31.504940,-0.393812
87.9410,-12035,-31.507555,-0.393844
87.9510,-12035,-31.507555,-0.393844
87.9610,-12035,-31.507555,-0.393844
87.9710,-12035,-31.507555,-0.393844
87.9810,-12035,-31.507555,-0.393844
87.9910,-12035,-31.507555,-0.393844
88.0010,-12036,-31.510173,-0.393877
88.0110,-12037,-31.512792,-0.393910
88.0210,-12037,-31.512792,-0.393910
88.0310,-12037,-31.512792,-0.393910
88.0410,-12038,-31.515411,-0.393943
88.0510,-12039,-31.518030,-0.393975
88.0610,-12039,-31.518030,-0.393975
88.0710,-12039,-31.518030,-0.393975
88.0810,-12040,-31.520648,-0.394008
88.0910,-12040,-31.520648,-0.394008
88.1010,-12040,-31.520648,-0.394008
88.1110,-12041,-31.523263,-0.394041
88.1210,-12041,-31.523263,-0.394041
88.1310,-12041,-31.523263,-0.394041
88.1410,-12042,-31.525882,-0.394074
88.1510,-12042,-31.525882,-0.394074
88.1610,-12042,-31.525882,-0.394074
88.1710,-12043,-31.528501,-0.394106
88.1810,-12043,-31.528501,-0.394106
88.1910,-12043,-31.528501,-0.394106
88.2010,-12043,-31.528501,-0.394106
88.2110,-12043,-31.528501,-0.394106
88.2210,-12043,-31.528501,-0.394106
88.2310,-12043,-31.528501,-0.394106
88.2410,-12044,-31.531120,-0.394139
88.2510,-12044,-31.531120,-0.394139
88.2610,-12044,-31.531120,-0.394139
88.2710,-12045,-31.533739,-0.394172
88.2810,-12045,-31.533739,-0.394172
88.2910,-12045,-31.533739,-0.394172
88.3010,-12045,-31.533739,-0.394172
88.3110,-12046,-31.536354,-0.394204
88.3210,-12046,-31.536354,-0.394204
88.3310,-12046,-31.536354,-0.394204
88.3410,-12046,-31.536354,-0.394204
88.3510,-12046,-31.536354,-0.394204
88.3610,-12046,-31.536354,-0.394204
88.3710,-12047,-31.538972,-0.394237
88.3810,-12047,-31.538972,-0.394237
88.3910,-12047,-31.538972,-0.394237
88.4010,-12047,-31.538972,-0.394237
88.4120,-12047,-31.538972,-0.394237
88.4210,-12048,-31.541591,-0.394270
88.4310,-12048,-31.541591,-0.394270
88.4410,-12048,-31.541591,-0.394270
88.4510,-12048,-31.541591,-0.394270
88.4610,-12048,-31.541591,-0.394270
88.4710,-12049,-31.544210,-0.394303
88.4810,-12049,-31.544210,-0.394303
88.4910,-12049,-31.544210,-0.394303
88.5010,-12049,-31.544210,-0.394303
88.5110,-12050,-31.546827,-0.394335
88.5210,-12050,-31.546827,-0.394335
88.5310,-12050,-31.546827,-0.394335
88.5410,-12050,-31.546827,-0.394335
88.5510,-12050,-31.546827,-0.394335
88.5610,-12051,-31.549444,-0.394368
88.5710,-12051,-31.549444,-0.394368
88.5810,-12051,-31.549444,-0.394368
88.5910,-12051,-31.549444,-0.394368
88.6010,-12051,-31.549444,-0.394368
88.6110,-12051,-31.549444,-0.394368
88.6210,-12051,-31.549444,-0.394368
88.6310,-12051,-31.549444,-0.394368
88.6410,-12052,-31.552062,-0.394401
88.6510,-12052,-31.552062,-0.394401
88.6610,-12052,-31.552062,-0.394401
88.6710,-12052,-31.552062,-0.394401
88.6810,-12052,-31.552062,-0.394401
88.6910,-12052,-31.552062,-0.394401
88.7010,-12052,-31.552062,-0.394401
88.7110,-12053,-31.554679,-0.394433
88.7210,-12053,-31.554679,-0.394433
88.7310,-12053,-31.554679,-0.394433
88.7410,-12053,-31.554679,-0.394433
88.7510,-12053,-31.554679,-0.394433
88.7610,-12053,-31.554679,-0.394433
88.7710,-12053,-31.554679,-0.394433
88.7810,-12053,-31.554679,-0.394433
88.7910,-12053,-31.554679,-0.394433
88.8010,-12053,-31.554679,-0.394433
88.8110,-12054,-31.557298,-0.394466
88.8210,-12054,-31.557298,-0.394466
88.8310,-12054,-31.557298,-0.394466
88.8410,-12054,-31.557298,-0.394466
88.8510,-12054,-31.557298,-0.394466
88.8610,-12054,-31.557298,-0.394466
88.8710,-12055,-31.559917,-0.394499
88.8810,-12055,-31.559917,-0.394499
88.8910,-12055,-31.559917,-0.394499
88.9010,-12055,-31.559917,-0.394499
88.9110,-12055,-31.559917,-0.394499
88.9210,-12055,-31.559917,-0.394499
88.9310,-12055,-31.559917,-0.394499
88.9410,-12056,-31.562536,-0.394532
88.9510,-12056,-31.562536,-0.394532
88.9610,-12056,-31.562536,-0.394532
88.9710,-12056,-31.562536,-0.394532
88.9810,-12056,-31.562536,-0.394532
88.9910,-12056,-31.562536,-0.394532
89.0010,-12056,-31.562536,-0.394532
89.0110,-12057,-31.565151,-0.394564
89.0210,-12057,-31.565151,-0.394564
89.0310,-12057,-31.565151,-0.394564
89.0410,-12057,-31.565151,-0.394564
89.0520,-12057,-31.565151,-0.394564
89.0610,-12057,-31.565151,-0.394564
89.0710,-12057,-31.565151,-0.394564
89.0810,-12057,-31.565151,-0.394564
89.0910,-12057,-31.565151,-0.394564
89.1010,-12057,-31.565151,-0.394564
89.1110,-12058,-31.567770,-0.394597
89.1210,-12058,-31.567770,-0.394597
89.1310,-12058,-31.567770,-0.394597
89.1410,-12058,-31.567770,-0.394597
89.1510,-12058,-31.567770,-0.394597
89.1610,-12058,-31.567770,-0.394597
89.1710,-12058,-31.567770,-0.394597
89.1810,-12059,-31.570388,-0.394630
89.1910,-12059,-31.570388,-0.394630
89.2010,-12059,-31.570388,-0.394630
89.2110,-12059,-31.570388,-0.394630
89.2210,-12059,-31.570388,-0.394630
89.2310,-12059,-31.570388,-0.394630
89.2410,-12059,-31.570388,-0.394630
89.2510,-12060,-31.573007,-0.394663
89.2610,-12060,-31.573007,-0.394663
89.2710,-12060,-31.573007,-0.394663
89.2810,-12061,-31.575626,-0.394695
89.2910,-12061,-31.575626,-0.394695
89.3010,-12061,-31.575626,-0.394695
89.3110,-12061,-31.575626,-0.394695
89.3210,-12062,-31.578241,-0.394728
89.3310,-12062,-31.578241,-0.394728
89.3410,-12062,-31.578241,-0.394728
89.3510,-12062,-31.578241,-0.394728
89.3610,-12063,-31.580860,-0.394761
89.3710,-12063,-31.580860,-0.394761
89.3810,-12063,-31.580860,-0.394761
89.3910,-12063,-31.580860,-0.394761
89.4010,-12063,-31.580860,-0.394761
89.4110,-12064,-31.583478,-0.394793
89.4210,-12064,-31.583478,-0.394793
89.4310,-12064,-31.583478,-0.394793
89.4410,-12064,-31.583478,-0.394793
89.4510,-12065,-31.586097,-0.394826
89.4610,-12065,-31.586097,-0.394826
89.4710,-12065,-31.586097,-0.394826
89.4810,-12065,-31.586097,-0.394826
89.4910,-12065,-31.586097,-0.394826
89.5010,-12065,-31.586097,-0.394826
89.5110,-12066,-31.588716,-0.394859
89.5210,-12066,-31.588716,-0.394859
89.5310,-12066,-31.588716,-0.394859
89.5410,-12066,-31.588716,-0.394859
89.5510,-12066,-31.588716,-0.394859
89.5610,-12066,-31.588716,-0.394859
89.5710,-12067,-31.591331,-0.394892
89.5810,-12067,-31.591331,-0.394892
89.5910,-12067,-31.591331,-0.394892
89.6010,-12067,-31.591331,-0.394892
89.6110,-12067,-31.591331,-0.394892
89.6210,-12067,-31.591331,-0.394892
89.6310,-12068,-31.593950,-0.394924
89.6410,-12068,-31.593950,-0.394924
89.6510,-12068,-31.593950,-0.394924
89.6610,-12068,-31.593950,-0.394924
89.6710,-12068,-31.593950,-0.394924
89.6810,-12068,-31.593950,-0.394924
89.6920,-12069,-31.596569,-0.394957
89.7010,-12069,-31.596569,-0.394957
89.7110,-12069,-31.596569,-0.394957
89.7210,-12069,-31.596569,-0.394957
89.7310,-12069,-31.596569,-0.394957
89.7410,-12069,-31.596569,-0.394957
89.7510,-12070,-31.599187,-0.394990
89.7610,-12070,-31.599187,-0.394990
89.7710,-12070,-31.599187,-0.394990
89.7810,-12070,-31.599187,-0.394990
89.7910,-12070,-31.599187,-0.394990
89.8010,-12070,-31.599187,-0.394990
89.8110,-12071,-31.601806,-0.395023
89.8210,-12071,-31.601806,-0.395023
89.8310,-12071,-31.601806,-0.395023
89.8410,-12071,-31.601806,-0.395023
89.8510,-12071,-31.601806,-0.395023
89.8610,-12071,-31.601806,-0.395023
89.8710,-12071,-31.601806,-0.395023
89.8810,-12072,-31.604423,-0.395055
89.8910,-12072,-31.604423,-0.395055
89.9010,-12072,-31.604423,-0.395055
89.9110,-12072,-31.604423,-0.395055
89.9210,-12072,-31.604423,-0.395055
89.9310,-12072,-31.604423,-0.395055
89.9410,-12073,-31.607040,-0.395088
89.9510,-12073,-31.607040,-0.395088
89.9610,-12073,-31.607040,-0.395088
89.9710,-12073,-31.607040,-0.395088
89.9810,-12073,-31.607040,-0.395088
89.9910,-12073,-31.607040,-0.395088
90.0010,-12073,-31.607040,-0.395088
90.0110,-12074,-31.609659,-0.395121
90.0210,-12074,-31.609659,-0.395121
90.0310,-12074,-31.609659,-0.395121
90.0410,-12074,-31.609659,-0.395121
90.0510,-12074,-31.609659,-0.395121
90.0610,-12074,-31.609659,-0.395121
90.0710,-12074,-31.609659,-0.395121
90.0810,-12075,-31.612276,-0.395153
90.0910,-12075,-31.612276,-0.395153
90.1010,-12075,-31.612276,-0.395153
90.1110,-12075,-31.612276,-0.395153
90.1210,-12075,-31.612276,-0.395153
90.1310,-12075,-31.612276,-0.395153
90.1410,-12075,-31.612276,-0.395153
90.1510,-12076,-31.614894,-0.395186
90.1610,-12076,-31.614894,-0.395186
90.1710,-12076,-31.614894,-0.395186
90.1810,-12076,-31.614894,-0.395186
90.1910,-12076,-31.614894,-0.395186
90.2010,-12076,-31.614894,-0.395186
90.2110,-12076,-31.614894,-0.395186
90.2210,-12077,-31.617513,-0.395219
90.2310,-12077,-31.617513,-0.395219
90.2410,-12077,-31.617513,-0.395219
90.2510,-12077,-31.617513,-0.395219
90.2610,-12077,-31.617513,-0.395219
90.2710,-12077,-31.617513,-0.395219
90.2810,-12077,-31.617513,-0.395219
90.2910,-12077,-31.617513,-0.395219
90.3010,-12078,-31.620130,-0.395252
90.3110,-12078,-31.620130,-0.395252
90.3210,-12078,-31.620130,-0.395252
90.3320,-12078,-31.620130,-0.395252
90.3410,-12078,-31.620130,-0.395252
90.3510,-12078,-31.620130,-0.395252
90.3610,-12078,-31.620130,-0.395252
90.3710,-12078,-31.620130,-0.395252
90.3810,-12079,-31.622747,-0.395284
90.3910,-12079,-31.622747,-0.395284
90.4010,-12079,-31.622747,-0.395284
90.4110,-12079,-31.622747,-0.395284
90.4210,-12079,-31.622747,-0.395284
90.4310,-12079,-31.622747,-0.395284
90.4410,-12079,-31.622747,-0.395284
90.4510,-12080,-31.625366,-0.395317
90.4610,-12080,-31.625366,-0.395317
90.4710,-12080,-31.625366,-0.395317
90.4810,-12080,-31.625366,-0.395317
90.4910,-12080,-31.625366,-0.395317
90.5010,-12080,-31.625366,-0.395317
90.5110,-12081,-31.627985,-0.395350
90.5210,-12081,-31.627985,-0.395350
90.5310,-12081,-31.627985,-0.395350
90.5410,-12081,-31.627985,-0.395350
90.5510,-12081,-31.627985,-0.395350
90.5610,-12081,-31.627985,-0.395350
90.5710,-12082,-31.630603,-0.395383
90.5810,-12082,-31.630603,-0.395383
90.5910,-12082,-31.630603,-0.395383
90.6010,-12082,-31.630603,-0.395383
90.6110,-12082,-31.630603,-0.395383
90.6210,-12082,-31.630603,-0.395383
90.6310,-12082,-31.630603,-0.395383
90.6410,-12082,-31.630603,-0.395383
90.6510,-12083,-31.633222,-0.395415
90.6610,-12083,-31.633222,-0.395415
90.6710,-12083,-31.633222,-0.395415
90.6810,-12083,-31.633222,-0.395415
90.6910,-12083,-31.633222,-0.395415
90.7010,-12083,-31.633222,-0.395415
90.7110,-12083,-31.633222,-0.395415
90.7210,-12084,-31.635837,-0.395448
90.7310,-12084,-31.635837,-0.395448
90.7410,-12084,-31.635837,-0.395448
90.7510,-12084,-31.635837,-0.395448
90.7610,-12084,-31.635837,-0.395448
90.7710,-12084,-31.635837,-0.395448
90.7810,-12084,-31.635837,-0.395448
90.7910,-12084,-31.635837,-0.395448
90.8010,-12085,-31.638456,-0.395481
90.8110,-12085,-31.638456,-0.395481
90.8210,-12085,-31.638456,-0.395481
90.8310,-12085,-31.638456,-0.395481
90.8410,-12085,-31.638456,-0.395481
90.8510,-12085,-31.638456,-0.395481
90.8610,-12085,-31.638456,-0.395481
90.8710,-12085,-31.638456,-0.395481
90.8810,-12086,-31.641075,-0.395513
90.8910,-12086,-31.641075,-0.395513
90.9010,-12086,-31.641075,-0.395513
90.9110,-12086,-31.641075,-0.395513
90.9210,-12086,-31.641075,-0.395513
90.9310,-12086,-31.641075,-0.395513
90.9410,-12086,-31.641075,-0.395513
90.9510,-12086,-31.641075,-0.395513
90.9610,-12087,-31.643693,-0.395546
90.9720,-12087,-31.643693,-0.395546
90.9810,-12087,-31.643693,-0.395546
90.9910,-12087,-31.643693,-0.395546
91.0010,-12087,-31.643693,-0.395546
91.0110,-12087,-31.643693,-0.395546
91.0210,-12087,-31.643693,-0.395546
91.0310,-12087,-31.643693,-0.395546
91.0410,-12087,-31.643693,-0.395546
91.0510,-12087,-31.643693,-0.395546
91.0610,-12087,-31.643693,-0.395546
91.0710,-12087,-31.643693,-0.395546
91.0810,-12087,-31.643693,-0.395546
91.0910,-12087,-31.643693,-0.395546
91.1010,-12088,-31.646312,-0.395579
91.1110,-12088,-31.646312,-0.395579
91.1210,-12088,-31.646312,-0.395579
91.1310,-12088,-31.646312,-0.395579
91.1410,-12088,-31.646312,-0.395579
91.1510,-12088,-31.646312,-0.395579
91.1610,-12088,-31.646312,-0.395579
91.1710,-12088,-31.646312,-0.395579
91.1810,-12088,-31.646312,-0.395579
91.1910,-12088,-31.646312,-0.395579
91.2010,-12088,-31.646312,-0.395579
91.2110,-12088,-31.646312,-0.395579
91.2210,-12089,-31.648927,-0.395612
91.2310,-12089,-31.648927,-0.395612
91.2410,-12089,-31.648927,-0.395612
91.2510,-12089,-31.648927,-0.395612
91.2610,-12089,-31.648927,-0.395612
91.2710,-12089,-31.648927,-0.395612
91.2810,-12089,-31.648927,-0.395612
91.2910,-12089,-31.648927,-0.395612
91.3010,-12089,-31.648927,-0.395612
91.3110,-12089,-31.648927,-0.395612
91.3210,-12089,-31.648927,-0.395612
91.3310,-12089,-31.648927,-0.395612
91.3410,-12089,-31.648927,-0.395612
91.3510,-12090,-31.651546,-0.395644
91.3610,-12090,-31.651546,-0.395644
91.3710,-12090,-31.651546,-0.395644
91.3810,-12090,-31.651546,-0.395644
91.3910,-12090,-31.651546,-0.395644
91.4010,-12090,-31.651546,-0.395644
91.4110,-12090,-31.651546,-0.395644
91.4210,-12090,-31.651546,-0.395644
91.4310,-12090,-31.651546,-0.395644
91.4410,-12090,-31.651546,-0.395644
91.4510,-12090,-31.651546,-0.395644
91.4610,-12090,-31.651546,-0.395644
91.4710,-12090,-31.651546,-0.395644
91.4810,-12090,-31.651546,-0.395644
91.4910,-12090,-31.651546,-0.395644
91.5010,-12091,-31.654165,-0.395677
91.5110,-12091,-31.654165,-0.395677
91.5210,-12091,-31.654165,-0.395677
91.5310,-12091,-31.654165,-0.395677
91.5410,-12091,-31.654165,-0.395677
91.5510,-12091,-31.654165,-0.395677
91.5610,-12091,-31.654165,-0.395677
91.5710,-12091,-31.654165,-0.395677
91.5810,-12091,-31.654165,-0.395677
91.5910,-12091,-31.654165,-0.395677
91.6010,-12091,-31.654165,-0.395677
91.6120,-12091,-31.654165,-0.395677
91.6210,-12091,-31.654165,-0.395677
91.6310,-12091,-31.654165,-0.395677
91.6410,-12091,-31.654165,-0.395677
91.6510,-12091,-31.654165,-0.395677
91.6610,-12091,-31.654165,-0.395677
91.6710,-12091,-31.654165,-0.395677
91.6810,-12091,-31.654165,-0.395677
91.6910,-12092,-31.656784,-0.395710
91.7010,-12092,-31.656784,-0.395710
91.7110,-12092,-31.656784,-0.395710
91.7210,-12092,-31.656784,-0.395710
91.7310,-12092,-31.656784,-0.395710
91.7410,-12092,-31.656784,-0.395710
91.7510,-12092,-31.656784,-0.395710
91.7610,-12092,-31.656784,-0.395710
91.7710,-12092,-31.656784,-0.395710
91.7810,-12092,-31.656784,-0.395710
91.7910,-12092,-31.656784,-0.395710
91.8010,-12092,-31.656784,-0.395710
91.8110,-12092,-31.656784,-0.395710
91.8210,-12092,-31.656784,-0.395710
91.8310,-12092,-31.656784,-0.395710
91.8410,-12092,-31.656784,-0.395710
91.8510,-12093,-31.659402,-0.395743
91.8610,-12093,-31.659402,-0.395743
91.8710,-12093,-31.659402,-0.395743
91.8810,-12093,-31.659402,-0.395743
91.8910,-12093,-31.659402,-0.395743
91.9010,-12093,-31.659402,-0.395743
91.9110,-12093,-31.659402,-0.395743
91.9210,-12093,-31.659402,-0.395743
91.9310,-12093,-31.659402,-0.395743
91.9410,-12093,-31.659402,-0.395743
91.9510,-12093,-31.659402,-0.395743
91.9610,-12093,-31.659402,-0.395743
91.9710,-12093,-31.659402,-0.395743
91.9810,-12093,-31.659402,-0.395743
91.9910,-12093,-31.659402,-0.395743
92.0010,-12093,-31.659402,-0.395743
92.0110,-12093,-31.659402,-0.395743
92.0210,-12094,-31.662017,-0.395775
92.0310,-12094,-31.662017,-0.395775
92.0410,-12094,-31.662017,-0.395775
92.0510,-12094,-31.662017,-0.395775
92.0610,-12094,-31.662017,-0.395775
92.0710,-12094,-31.662017,-0.395775
92.0810,-12094,-31.662017,-0.395775
92.0910,-12094,-31.662017,-0.395775
92.1010,-12094,-31.662017,-0.395775
92.1110,-12094,-31.662017,-0.395775
92.1210,-12094,-31.662017,-0.395775
92.1310,-12094,-31.662017,-0.395775
92.1410,-12094,-31.662017,-0.395775
92.1510,-12094,-31.662017,-0.395775
92.1610,-12094,-31.662017,-0.395775
92.1710,-12094,-31.662017,-0.395775
92.1810,-12094,-31.662017,-0.395775
92.1910,-12095,-31.664636,-0.395808
92.2010,-12095,-31.664636,-0.395808
92.2110,-12095,-31.664636,-0.395808
92.2210,-12095,-31.664636,-0.395808
92.2310,-12095,-31.664636,-0.395808
92.2410,-12095,-31.664636,-0.395808
92.2520,-12095,-31.664636,-0.395808
92.2610,-12095,-31.664636,-0.395808
92.2710,-12095,-31.664636,-0.395808
92.2810,-12095,-31.664636,-0.395808
92.2910,-12095,-31.664636,-0.395808
92.3010,-12095,-31.664636,-0.395808
92.3110,-12095,-31.664636,-0.395808
92.3210,-12095,-31.664636,-0.395808
92.3310,-12095,-31.664636,-0.395808
92.3410,-12095,-31.664636,-0.395808
92.3510,-12095,-31.664636,-0.395808
92.3610,-12096,-31.667255,-0.395841
92.3710,-12096,-31.667255,-0.395841
92.3810,-12096,-31.667255,-0.395841
92.3910,-12096,-31.667255,-0.395841
92.4010,-12096,-31.667255,-0.395841
92.4110,-12096,-31.667255,-0.395841
92.4210,-12096,-31.667255,-0.395841
92.4310,-12096,-31.667255,-0.395841
92.4410,-12096,-31.667255,-0.395841
92.4510,-12096,-31.667255,-0.395841
92.4610,-12096,-31.667255,-0.395841
92.4710,-12096,-31.667255,-0.395841
92.4810,-12096,-31.667255,-0.395841
92.4910,-12096,-31.667255,-0.395841
92.5010,-12097,-31.669872,-0.395873
92.5110,-12097,-31.669872,-0.395873
92.5210,-12097,-31.669872,-0.395873
92.5310,-12097,-31.669872,-0.395873
92.5410,-12097,-31.669872,-0.395873
92.5510,-12097,-31.669872,-0.395873
92.5610,-12097,-31.669872,-0.395873
92.5710,-12097,-31.669872,-0.395873
92.5810,-12097,-31.669872,-0.395873
92.5910,-12097,-31.669872,-0.395873
92.6010,-12097,-31.669872,-0.395873
92.6110,-12097,-31.669872,-0.395873
92.6210,-12097,-31.669872,-0.395873
92.6310,-12097,-31.669872,-0.395873
92.6410,-12097,-31.669872,-0.395873
92.6510,-12097,-31.669872,-0.395873
92.6610,-12098,-31.672491,-0.395906
92.6710,-12098,-31.672491,-0.395906
92.6810,-12098,-31.672491,-0.395906
92.6910,-12098,-31.672491,-0.395906
92.7010,-12098,-31.672491,-0.395906
92.7110,-12098,-31.672491,-0.395906
92.7210,-12098,-31.672491,-0.395906
92.7310,-12098,-31.672491,-0.395906
92.7410,-12098,-31.672491,-0.395906
92.7510,-12098,-31.672491,-0.395906
92.7610,-12098,-31.672491,-0.395906
92.7710,-12098,-31.672491,-0.395906
92.7810,-12098,-31.672491,-0.395906
92.7910,-12098,-31.672491,-0.395906
92.8010,-12099,-31.675109,-0.395939
92.8110,-12099,-31.675109,-0.395939
92.8210,-12099,-31.675109,-0.395939
92.8310,-12099,-31.675109,-0.395939
92.8410,-12099,-31.675109,-0.395939
92.8510,-12099,-31.675109,-0.395939
92.8610,-12099,-31.675109,-0.395939
92.8710,-12099,-31.675109,-0.395939
92.8810,-12099,-31.675109,-0.395939
92.8920,-12099,-31.675109,-0.395939
92.9010,-12099,-31.675109,-0.395939
92.9110,-12099,-31.675109,-0.395939
92.9210,-12099,-31.675109,-0.395939
92.9310,-12099,-31.675109,-0.395939
92.9410,-12099,-31.675109,-0.395939
92.9510,-12099,-31.675109,-0.395939
92.9610,-12100,-31.677726,-0.395972
92.9710,-12100,-31.677726,-0.395972
92.9810,-12100,-31.677726,-0.395972
92.9910,-12100,-31.677726,-0.395972
93.0010,-12100,-31.677726,-0.395972
93.0110,-12100,-31.677726,-0.395972
93.0210,-12100,-31.677726,-0.395972
93.0310,-12100,-31.677726,-0.395972
93.0410,-12100,-31.677726,-0.395972
93.0510,-12100,-31.677726,-0.395972
93.0610,-12100,-31.677726,-0.395972
93.0710,-12100,-31.677726,-0.395972
93.0810,-12100,-31.677726,-0.395972
93.0910,-12100,-31.677726,-0.395972
93.1010,-12100,-31.677726,-0.395972
93.1110,-12100,-31.677726,-0.395972
93.1210,-12101,-31.680343,-0.396004
93.1310,-12101,-31.680343,-0.396004
93.1410,-12101,-31.680343,-0.396004
93.1510,-12101,-31.680343,-0.396004
93.1610,-12101,-31.680343,-0.396004
93.1710,-12101,-31.680343,-0.396004
93.1810,-12101,-31.680343,-0.396004
93.1910,-12101,-31.680343,-0.396004
93.2010,-12101,-31.680343,-0.396004
93.2110,-12101,-31.680343,-0.396004
93.2210,-12101,-31.680343,-0.396004
93.2310,-12101,-31.680343,-0.396004
93.2410,-12101,-31.680343,-0.396004
93.2510,-12101,-31.680343,-0.396004
93.2610,-12102,-31.682962,-0.396037
93.2710,-12102,-31.682962,-0.396037
93.2810,-12102,-31.682962,-0.396037
93.2910,-12102,-31.682962,-0.396037
93.3010,-12102,-31.682962,-0.396037
93.3110,-12102,-31.682962,-0.396037
93.3210,-12102,-31.682962,-0.396037
93.3310,-12102,-31.682962,-0.396037
93.3410,-12102,-31.682962,-0.396037
93.3510,-12102,-31.682962,-0.396037
93.3610,-12103,-31.685581,-0.396070
93.3710,-12103,-31.685581,-0.396070
93.3810,-12103,-31.685581,-0.396070
93.3910,-12103,-31.685581,-0.396070
93.4010,-12103,-31.685581,-0.396070
93.4110,-12103,-31.685581,-0.396070
93.4210,-12103,-31.685581,-0.396070
93.4310,-12103,-31.685581,-0.396070
93.4410,-12103,-31.685581,-0.396070
93.4510,-12103,-31.685581,-0.396070
93.4610,-12103,-31.685581,-0.396070
93.4710,-12103,-31.685581,-0.396070
93.4810,-12103,-31.685581,-0.396070
93.4910,-12104,-31.688199,-0.396103
93.5010,-12104,-31.688199,-0.396103
93.5110,-12104,-31.688199,-0.396103
93.5210,-12104,-31.688199,-0.396103
93.5320,-12104,-31.688199,-0.396103
93.5410,-12104,-31.688199,-0.396103
93.5510,-12104,-31.688199,-0.396103
93.5610,-12104,-31.688199,-0.396103
93.5710,-12104,-31.688199,-0.396103
93.5810,-12104,-31.688199,-0.396103
93.5910,-12104,-31.688199,-0.396103
93.6010,-12104,-31.688199,-0.396103
93.6110,-12104,-31.688199,-0.396103
93.6210,-12105,-31.690814,-0.396135
93.6310,-12105,-31.690814,-0.396135
93.6410,-12105,-31.690814,-0.396135
93.6510,-12105,-31.690814,-0.396135
93.6610,-12105,-31.690814,-0.396135
93.6710,-12105,-31.690814,-0.396135
93.6810,-12105,-31.690814,-0.396135
93.6910,-12105,-31.690814,-0.396135
93.7010,-12105,-31.690814,-0.396135
93.7110,-12105,-31.690814,-0.396135
93.7210,-12105,-31.690814,-0.396135
93.7310,-12106,-31.693433,-0.396168
93.7410,-12106,-31.693433,-0.396168
93.7510,-12106,-31.693433,-0.396168
93.7610,-12106,-31.693433,-0.396168
93.7710,-12106,-31.693433,-0.396168
93.7810,-12106,-31.693433,-0.396168
93.7910,-12106,-31.693433,-0.396168
93.8010,-12106,-31.693433,-0.396168
93.8110,-12106,-31.693433,-0.396168
93.8210,-12106,-31.693433,-0.396168
93.8310,-12106,-31.693433,-0.396168
93.8410,-12106,-31.693433,-0.396168
93.8510,-12106,-31.693433,-0.396168
93.8610,-12107,-31.696052,-0.396201
93.8710,-12107,-31.696052,-0.396201
93.8810,-12107,-31.696052,-0.396201
93.8910,-12107,-31.696052,-0.396201
93.9010,-12107,-31.696052,-0.396201
93.9110,-12107,-31.696052,-0.396201
93.9210,-12107,-31.696052,-0.396201
93.9310,-12107,-31.696052,-0.396201
93.9410,-12107,-31.696052,-0.396201
93.9510,-12107,-31.696052,-0.396201
93.9610,-12108,-31.698671,-0.396233
93.9710,-12108,-31.698671,-0.396233
93.9810,-12108,-31.698671,-0.396233
93.9910,-12108,-31.698671,-0.396233
94.0010,-12108,-31.698671,-0.396233
94.0110,-12108,-31.698671,-0.396233
94.0210,-12108,-31.698671,-0.396233
94.0310,-12108,-31.698671,-0.396233
94.0410,-12108,-31.698671,-0.396233
94.0510,-12108,-31.698671,-0.396233
94.0610,-12109,-31.701290,-0.396266
94.0710,-12109,-31.701290,-0.396266
94.0810,-12109,-31.701290,-0.396266
94.0910,-12109,-31.701290,-0.396266
94.1010,-12109,-31.701290,-0.396266
94.1110,-12109,-31.701290,-0.396266
94.1210,-12109,-31.701290,-0.396266
94.1310,-12109,-31.701290,-0.396266
94.1410,-12109,-31.701290,-0.396266
94.1510,-12109,-31.701290,-0.396266
94.1610,-12109,-31.701290,-0.396266
94.1720,-12109,-31.701290,-0.396266
94.1810,-12109,-31.701290,-0.396266
94.1910,-12109,-31.701290,-0.396266
94.2010,-12110,-31.703905,-0.396299
94.2110,-12110,-31.703905,-0.396299
94.2210,-12110,-31.703905,-0.396299
94.2310,-12110,-31.703905,-0.396299
94.2410,-12110,-31.703905,-0.396299
94.2510,-12110,-31.703905,-0.396299
94.2610,-12110,-31.703905,-0.396299
94.2710,-12110,-31.703905,-0.396299
94.2810,-12110,-31.703905,-0.396299
94.2910,-12110,-31.703905,-0.396299
94.3010,-12110,-31.703905,-0.396299
94.3110,-12110,-31.703905,-0.396299
94.3210,-12110,-31.703905,-0.396299
94.3310,-12111,-31.706523,-0.396332
94.3410,-12111,-31.706523,-0.396332
94.3510,-12111,-31.706523,-0.396332
94.3610,-12111,-31.706523,-0.396332
94.3710,-12111,-31.706523,-0.396332
94.3810,-12111,-31.706523,-0.396332
94.3910,-12111,-31.706523,-0.396332
94.4010,-12111,-31.706523,-0.396332
94.4110,-12111,-31.706523,-0.396332
94.4210,-12111,-31.706523,-0.396332
94.4310,-12111,-31.706523,-0.396332
94.4410,-12111,-31.706523,-0.396332
94.4510,-12111,-31.706523,-0.396332
94.4610,-12111,-31.706523,-0.396332
94.4710,-12111,-31.706523,-0.396332
94.4810,-12111,-31.706523,-0.396332
94.4910,-12111,-31.706523,-0.396332
94.5010,-12112,-31.709142,-0.396364
94.5110,-12112,-31.709142,-0.396364
94.5210,-12112,-31.709142,-0.396364
94.5310,-12112,-31.709142,-0.396364
94.5410,-12112,-31.709142,-0.396364
94.5510,-12112,-31.709142,-0.396364
94.5610,-12112,-31.709142,-0.396364
94.5710,-12112,-31.709142,-0.396364
94.5810,-12112,-31.709142,-0.396364
94.5910,-12112,-31.709142,-0.396364
94.6010,-12112,-31.709142,-0.396364
94.6110,-12112,-31.709142,-0.396364
94.6210,-12112,-31.709142,-0.396364
94.6310,-12113,-31.711761,-0.396397
94.6410,-12113,-31.711761,-0.396397
94.6510,-12113,-31.711761,-0.396397
94.6610,-12113,-31.711761,-0.396397
94.6710,-12113,-31.711761,-0.396397
94.6810,-12113,-31.711761,-0.396397
94.6910,-12113,-31.711761,-0.396397
94.7010,-12113,-31.711761,-0.396397
94.7110,-12113,-31.711761,-0.396397
94.7210,-12113,-31.711761,-0.396397
94.7310,-12113,-31.711761,-0.396397
94.7410,-12113,-31.711761,-0.396397
94.7510,-12113,-31.711761,-0.396397
94.7610,-12113,-31.711761,-0.396397
94.7710,-12113,-31.711761,-0.396397
94.7810,-12113,-31.711761,-0.396397
94.7910,-12113,-31.711761,-0.396397
94.8010,-12114,-31.714380,-0.396430
94.8120,-12114,-31.714380,-0.396430
94.8210,-12114,-31.714380,-0.396430
94.8310,-12114,-31.714380,-0.396430
94.8410,-12114,-31.714380,-0.396430
94.8510,-12114,-31.714380,-0.396430
94.8610,-12114,-31.714380,-0.396430
94.8710,-12114,-31.714380,-0.396430
94.8810,-12114,-31.714380,-0.396430
94.8910,-12114,-31.714380,-0.396430
94.9010,-12114,-31.714380,-0.396430
94.9110,-12114,-31.714380,-0.396430
94.9210,-12114,-31.714380,-0.396430
94.9310,-12114,-31.714380,-0.396430
94.9410,-12114,-31.714380,-0.396430
94.9510,-12115,-31.716999,-0.396463
94.9610,-12115,-31.716999,-0.396463
94.9710,-12115,-31.716999,-0.396463
94.9810,-12115,-31.716999,-0.396463
94.9910,-12115,-31.716999,-0.396463
95.0010,-12115,-31.716999,-0.396463
95.0110,-12115,-31.716999,-0.396463
95.0210,-12115,-31.716999,-0.396463
95.0310,-12115,-31.716999,-0.396463
95.0410,-12115,-31.716999,-0.396463
95.0510,-12115,-31.716999,-0.396463
95.0610,-12115,-31.716999,-0.396463
95.0710,-12115,-31.716999,-0.396463
95.0810,-12115,-31.716999,-0.396463
95.0910,-12115,-31.716999,-0.396463
95.1010,-12115,-31.716999,-0.396463
95.1110,-12115,-31.716999,-0.396463
95.1210,-12115,-31.716999,-0.396463
95.1310,-12116,-31.719614,-0.396495
95.1410,-12116,-31.719614,-0.396495
95.1510,-12116,-31.719614,-0.396495
95.1610,-12116,-31.719614,-0.396495
95.1710,-12116,-31.719614,-0.396495
95.1810,-12116,-31.719614,-0.396495
95.1910,-12116,-31.719614,-0.396495
95.2010,-12116,-31.719614,-0.396495
95.2110,-12116,-31.719614,-0.396495
95.2210,-12116,-31.719614,-0.396495
95.2310,-12116,-31.719614,-0.396495
95.2410,-12116,-31.719614,-0.396495
95.2510,-12116,-31.719614,-0.396495
95.2610,-12116,-31.719614,-0.396495
95.2710,-12116,-31.719614,-0.396495
95.2810,-12116,-31.719614,-0.396495
95.2910,-12116,-31.719614,-0.396495
95.3010,-12117,-31.722232,-0.396528
95.3110,-12117,-31.722232,-0.396528
95.3210,-12117,-31.722232,-0.396528
95.3310,-12117,-31.722232,-0.396528
95.3410,-12117,-31.722232,-0.396528
95.3510,-12117,-31.722232,-0.396528
95.3610,-12117,-31.722232,-0.396528
95.3710,-12117,-31.722232,-0.396528
95.3810,-12117,-31.722232,-0.396528
95.3910,-12117,-31.722232,-0.396528
95.4010,-12117,-31.722232,-0.396528
95.4110,-12117,-31.722232,-0.396528
95.4210,-12117,-31.722232,-0.396528
95.4310,-12117,-31.722232,-0.396528
95.4410,-12118,-31.724851,-0.396561
95.4520,-12118,-31.724851,-0.396561
95.4610,-12118,-31.724851,-0.396561
95.4710,-12118,-31.724851,-0.396561
95.4810,-12118,-31.724851,-0.396561
95.4910,-12118,-31.724851,-0.396561
95.5010,-12118,-31.724851,-0.396561
95.5110,-12118,-31.724851,-0.396561
95.5210,-12118,-31.724851,-0.396561
95.5310,-12118,-31.724851,-0.396561
95.5410,-12118,-31.724851,-0.396561
95.5510,-12118,-31.724851,-0.396561
95.5610,-12118,-31.724851,-0.396561
95.5710,-12118,-31.724851,-0.396561
95.5810,-12119,-31.727468,-0.396593
95.5910,-12119,-31.727468,-0.396593
95.6010,-12119,-31.727468,-0.396593
95.6110,-12119,-31.727468,-0.396593
95.6210,-12119,-31.727468,-0.396593
95.6310,-12119,-31.727468,-0.396593
95.6410,-12119,-31.727468,-0.396593
95.6510,-12119,-31.727468,-0.396593
95.6610,-12119,-31.727468,-0.396593
95.6710,-12119,-31.727468,-0.396593
95.6810,-12119,-31.727468,-0.396593
95.6910,-12119,-31.727468,-0.396593
95.7010,-12119,-31.727468,-0.396593
95.7110,-12119,-31.727468,-0.396593
95.7210,-12119,-31.727468,-0.396593
95.7310,-12120,-31.730087,-0.396626
95.7410,-12120,-31.730087,-0.396626
95.7510,-12120,-31.730087,-0.396626
95.7610,-12120,-31.730087,-0.396626
95.7710,-12120,-31.730087,-0.396626
95.7810,-12120,-31.730087,-0.396626
95.7910,-12120,-31.730087,-0.396626
95.8010,-12120,-31.730087,-0.396626
95.8110,-12120,-31.730087,-0.396626
95.8210,-12120,-31.730087,-0.396626
95.8310,-12121,-31.732704,-0.396659
95.8410,-12121,-31.732704,-0.396659
95.8510,-12121,-31.732704,-0.396659
95.8610,-12121,-31.732704,-0.396659
95.8710,-12121,-31.732704,-0.396659
95.8810,-12121,-31.732704,-0.396659
95.8910,-12121,-31.732704,-0.396659
95.9010,-12121,-31.732704,-0.396659
95.9110,-12121,-31.732704,-0.396659
95.9210,-12121,-31.732704,-0.396659
95.9310,-12121,-31.732704,-0.396659
95.9410,-12121,-31.732704,-0.396659
95.9510,-12121,-31.732704,-0.396659
95.9610,-12122,-31.735321,-0.396692
95.9710,-12122,-31.735321,-0.396692
95.9810,-12122,-31.735321,-0.396692
95.9910,-12122,-31.735321,-0.396692
96.0010,-12122,-31.735321,-0.396692
96.0110,-12122,-31.735321,-0.396692
96.0210,-12122,-31.735321,-0.396692
96.0310,-12122,-31.735321,-0.396692
96.0410,-12122,-31.735321,-0.396692
96.0510,-12122,-31.735321,-0.396692
96.0610,-12122,-31.735321,-0.396692
96.0710,-12123,-31.737939,-0.396724
96.0810,-12123,-31.737939,-0.396724
96.0920,-12123,-31.737939,-0.396724
96.1010,-12123,-31.737939,-0.396724
96.1110,-12123,-31.737939,-0.396724
96.1210,-12123,-31.737939,-0.396724
96.1310,-12123,-31.737939,-0.396724
96.1410,-12123,-31.737939,-0.396724
96.1510,-12123,-31.737939,-0.396724
96.1610,-12123,-31.737939,-0.396724
96.1710,-12123,-31.737939,-0.396724
96.1810,-12123,-31.737939,-0.396724
96.1910,-12123,-31.737939,-0.396724
96.2010,-12124,-31.740558,-0.396757
96.2110,-12124,-31.740558,-0.396757
96.2210,-12124,-31.740558,-0.396757
96.2310,-12124,-31.740558,-0.396757
96.2410,-12124,-31.740558,-0.396757
96.2510,-12124,-31.740558,-0.396757
96.2610,-12124,-31.740558,-0.396757
96.2710,-12124,-31.740558,-0.396757
96.2810,-12124,-31.740558,-0.396757
96.2910,-12124,-31.740558,-0.396757
96.3010,-12124,-31.740558,-0.396757
96.3110,-12124,-31.740558,-0.396757
96.3210,-12125,-31.743177,-0.396790
96.3310,-12125,-31.743177,-0.396790
96.3410,-12125,-31.743177,-0.396790
96.3510,-12125,-31.743177,-0.396790
96.3610,-12125,-31.743177,-0.396790
96.3710,-12125,-31.743177,-0.396790
96.3810,-12125,-31.743177,-0.396790
96.3910,-12125,-31.743177,-0.396790
96.4010,-12125,-31.743177,-0.396790
96.4110,-12125,-31.743177,-0.396790
96.4210,-12125,-31.743177,-0.396790
96.4310,-12126,-31.745792,-0.396822
96.4410,-12126,-31.745792,-0.396822
96.4510,-12126,-31.745792,-0.396822
96.4610,-12126,-31.745792,-0.396822
96.4710,-12126,-31.745792,-0.396822
96.4810,-12126,-31.745792,-0.396822
96.4910,-12126,-31.745792,-0.396822
96.5010,-12126,-31.745792,-0.396822
96.5110,-12126,-31.745792,-0.396822
96.5210,-12126,-31.745792,-0.396822
96.5310,-12126,-31.745792,-0.396822
96.5410,-12127,-31.748411,-0.396855
96.5510,-12127,-31.748411,-0.396855
96.5610,-12127,-31.748411,-0.396855
96.5710,-12127,-31.748411,-0.396855
96.5810,-12127,-31.748411,-0.396855
96.5910,-12127,-31.748411,-0.396855
96.6010,-12127,-31.748411,-0.396855
96.6110,-12127,-31.748411,-0.396855
96.6210,-12127,-31.748411,-0.396855
96.6310,-12127,-31.748411,-0.396855
96.6410,-12127,-31.748411,-0.396855
96.6510,-12128,-31.751029,-0.396888
96.6610,-12128,-31.751029,-0.396888
96.6710,-12128,-31.751029,-0.396888
96.6810,-12128,-31.751029,-0.396888
96.6910,-12128,-31.751029,-0.396888
96.7010,-12128,-31.751029,-0.396888
96.7110,-12128,-31.751029,-0.396888
96.7210,-12128,-31.751029,-0.396888
96.7320,-12128,-31.751029,-0.396888
96.7410,-12129,-31.753648,-0.396921
96.7510,-12129,-31.753648,-0.396921
96.7610,-12129,-31.753648,-0.396921
96.7710,-12129,-31.753648,-0.396921
96.7810,-12129,-31.753648,-0.396921
96.7910,-12129,-31.753648,-0.396921
96.8010,-12129,-31.753648,-0.396921
96.8110,-12129,-31.753648,-0.396921
96.8210,-12129,-31.753648,-0.396921
96.8310,-12129,-31.753648,-0.396921
96.8410,-12130,-31.756267,-0.396953
96.8510,-12130,-31.756267,-0.396953
96.8610,-12130,-31.756267,-0.396953
96.8710,-12130,-31.756267,-0.396953
96.8810,-12130,-31.756267,-0.396953
96.8910,-12130,-31.756267,-0.396953
96.9010,-12130,-31.756267,-0.396953
96.9110,-12130,-31.756267,-0.396953
96.9210,-12130,-31.756267,-0.396953
96.9310,-12130,-31.756267,-0.396953
96.9410,-12131,-31.758886,-0.396986
96.9510,-12131,-31.758886,-0.396986
96.9610,-12131,-31.758886,-0.396986
96.9710,-12131,-31.758886,-0.396986
96.9810,-12131,-31.758886,-0.396986
96.9910,-12131,-31.758886,-0.396986
97.0010,-12131,-31.758886,-0.396986
97.0110,-12131,-31.758886,-0.396986
97.0210,-12131,-31.758886,-0.396986
97.0310,-12131,-31.758886,-0.396986
97.0410,-12131,-31.758886,-0.396986
97.0510,-12131,-31.758886,-0.396986
97.0610,-12131,-31.758886,-0.396986
97.0710,-12132,-31.761501,-0.397019
97.0810,-12132,-31.761501,-0.397019
97.0910,-12132,-31.761501,-0.397019
97.1010,-12132,-31.761501,-0.397019
97.1110,-12132,-31.761501,-0.397019
97.1210,-12132,-31.761501,-0.397019
97.1310,-12132,-31.761501,-0.397019
97.1410,-12132,-31.761501,-0.397019
97.1510,-12133,-31.764120,-0.397052
97.1610,-12133,-31.764120,-0.397052
97.1710,-12133,-31.764120,-0.397052
97.1810,-12133,-31.764120,-0.397052
97.1910,-12133,-31.764120,-0.397052
97.2010,-12133,-31.764120,-0.397052
97.2110,-12133,-31.764120,-0.397052
97.2210,-12133,-31.764120,-0.397052
97.2310,-12133,-31.764120,-0.397052
97.2410,-12133,-31.764120,-0.397052
97.2510,-12134,-31.766738,-0.397084
97.2610,-12134,-31.766738,-0.397084
97.2710,-12134,-31.766738,-0.397084
97.2810,-12134,-31.766738,-0.397084
97.2910,-12134,-31.766738,-0.397084
97.3010,-12134,-31.766738,-0.397084
97.3110,-12134,-31.766738,-0.397084
97.3210,-12134,-31.766738,-0.397084
97.3310,-12134,-31.766738,-0.397084
97.3410,-12135,-31.769357,-0.397117
97.3510,-12135,-31.769357,-0.397117
97.3610,-12135,-31.769357,-0.397117
97.3720,-12135,-31.769357,-0.397117
97.3810,-12135,-31.769357,-0.397117
97.3910,-12135,-31.769357,-0.397117
97.4010,-12135,-31.769357,-0.397117
97.4110,-12135,-31.769357,-0.397117
97.4210,-12136,-31.771976,-0.397150
97.4310,-12136,-31.771976,-0.397150
97.4410,-12136,-31.771976,-0.397150
97.4510,-12136,-31.771976,-0.397150
97.4610,-12136,-31.771976,-0.397150
97.4710,-12137,-31.774591,-0.397182
97.4810,-12137,-31.774591,-0.397182
97.4910,-12137,-31.774591,-0.397182
97.5010,-12138,-31.777210,-0.397215
97.5110,-12138,-31.777210,-0.397215
97.5210,-12138,-31.777210,-0.397215
97.5310,-12139,-31.779829,-0.397248
97.5410,-12139,-31.779829,-0.397248
97.5510,-12139,-31.779829,-0.397248
97.5610,-12139,-31.779829,-0.397248
97.5710,-12140,-31.782447,-0.397281
97.5810,-12140,-31.782447,-0.397281
97.5910,-12140,-31.782447,-0.397281
97.6010,-12141,-31.785064,-0.397313
97.6110,-12141,-31.785064,-0.397313
97.6210,-12142,-31.787681,-0.397346
97.6310,-12142,-31.787681,-0.397346
97.6410,-12143,-31.790300,-0.397379
97.6510,-12143,-31.790300,-0.397379
97.6610,-12143,-31.790300,-0.397379
97.6710,-12144,-31.792917,-0.397411
97.6810,-12144,-31.792917,-0.397411
97.6910,-12145,-31.795536,-0.397444
97.7010,-12145,-31.795536,-0.397444
97.7110,-12146,-31.798154,-0.397477
97.7210,-12147,-31.800773,-0.397510
97.7310,-12147,-31.800773,-0.397510
97.7410,-12148,-31.803388,-0.397542
97.7510,-12149,-31.806007,-0.397575
97.7610,-12149,-31.806007,-0.397575
97.7710,-12150,-31.808626,-0.397608
97.7810,-12151,-31.811244,-0.397641
97.7910,-12151,-31.811244,-0.397641
97.8010,-12151,-31.811244,-0.397641
97.8110,-12152,-31.813863,-0.397673
97.8210,-12152,-31.813863,-0.397673
97.8310,-12152,-31.813863,-0.397673
97.8410,-12153,-31.816478,-0.397706
97.8510,-12153,-31.816478,-0.397706
97.8610,-12153,-31.816478,-0.397706
97.8710,-12154,-31.819097,-0.397739
97.8810,-12154,-31.819097,-0.397739
97.8910,-12155,-31.821716,-0.397771
97.9010,-12156,-31.824335,-0.397804
97.9110,-12157,-31.826953,-0.397837
97.9210,-12157,-31.826953,-0.397837
97.9310,-12158,-31.829572,-0.397870
97.9410,-12158,-31.829572,-0.397870
97.9510,-12159,-31.832187,-0.397902
97.9610,-12159,-31.832187,-0.397902
97.9710,-12160,-31.834806,-0.397935
97.9810,-12160,-31.834806,-0.397935
97.9910,-12160,-31.834806,-0.397935
98.0010,-12161,-31.837425,-0.397968
98.0120,-12161,-31.837425,-0.397968
98.0210,-12162,-31.840044,-0.398001
98.0310,-12162,-31.840044,-0.398001
98.0410,-12163,-31.842660,-0.398033
98.0510,-12164,-31.845277,-0.398066
98.0610,-12164,-31.845277,-0.398066
98.0710,-12166,-31.850513,-0.398131
98.0810,-12166,-31.850513,-0.398131
98.0910,-12166,-31.850513,-0.398131
98.1010,-12168,-31.855751,-0.398197
98.1110,-12168,-31.855751,-0.398197
98.1210,-12169,-31.858367,-0.398230
98.1310,-12170,-31.860984,-0.398262
98.1410,-12170,-31.860984,-0.398262
98.1510,-12171,-31.863603,-0.398295
98.1610,-12171,-31.863603,-0.398295
98.1710,-12173,-31.868841,-0.398361
98.1810,-12173,-31.868841,-0.398361
98.1910,-12174,-31.871459,-0.398393
98.2010,-12176,-31.876693,-0.398459
98.2110,-12177,-31.879312,-0.398491
98.2210,-12178,-31.881931,-0.398524
98.2310,-12180,-31.887165,-0.398590
98.2410,-12182,-31.892402,-0.398655
98.2510,-12184,-31.897640,-0.398721
98.2610,-12185,-31.900255,-0.398753
98.2710,-12188,-31.908109,-0.398851
98.2810,-12192,-31.918581,-0.398982
98.2910,-12196,-31.929052,-0.399113
98.3010,-12203,-31.947380,-0.399342
98.3110,-12213,-31.973560,-0.399670
98.3210,-12227,-32.010211,-0.400128
98.3310,-12242,-32.049484,-0.400619
98.3410,-12259,-32.093990,-0.401175
98.3510,-12276,-32.138492,-0.401731
98.3610,-12293,-32.182998,-0.402288
98.3710,-12312,-32.232742,-0.402909
98.3810,-12331,-32.282482,-0.403531
98.3910,-12346,-32.321750,-0.404022
98.4010,-12357,-32.350551,-0.404382
98.4110,-12366,-32.374114,-0.404676
98.4210,-12370,-32.384586,-0.404807
98.4310,-12372,-32.389823,-0.404873
98.4410,-12371,-32.387203,-0.404840
98.4510,-12369,-32.381965,-0.404775
98.4610,-12365,-32.371494,-0.404644
98.4710,-12362,-32.363639,-0.404546
98.4810,-12359,-32.355789,-0.404447
98.4910,-12358,-32.353168,-0.404415
98.5010,-12358,-32.353168,-0.404415
98.5110,-12359,-32.355789,-0.404447
98.5210,-12362,-32.363639,-0.404546
98.5310,-12365,-32.371494,-0.404644
98.5410,-12369,-32.381965,-0.404775
98.5510,-12372,-32.389823,-0.404873
98.5610,-12374,-32.395057,-0.404938
98.5710,-12375,-32.397674,-0.404971
98.5810,-12374,-32.395057,-0.404938
98.5910,-12373,-32.392436,-0.404905
98.6010,-12371,-32.387203,-0.404840
98.6110,-12369,-32.381965,-0.404775
98.6210,-12368,-32.379348,-0.404742
98.6310,-12367,-32.376728,-0.404709
98.6410,-12367,-32.376728,-0.404709
98.6520,-12368,-32.379348,-0.404742
98.6610,-12369,-32.381965,-0.404775
98.6710,-12371,-32.387203,-0.404840
98.6810,-12373,-32.392436,-0.404905
98.6910,-12375,-32.397674,-0.404971
98.7010,-12376,-32.400295,-0.405004
98.7110,-12377,-32.402912,-0.405036
98.7210,-12377,-32.402912,-0.405036
98.7310,-12376,-32.400295,-0.405004
98.7410,-12375,-32.397674,-0.404971
98.7510,-12374,-32.395057,-0.404938
98.7610,-12374,-32.395057,-0.404938
98.7710,-12374,-32.395057,-0.404938
98.7810,-12374,-32.395057,-0.404938
98.7910,-12374,-32.395057,-0.404938
98.8010,-12375,-32.397674,-0.404971
98.8110,-12376,-32.400295,-0.405004
98.8210,-12378,-32.405529,-0.405069
98.8310,-12379,-32.408145,-0.405102
98.8410,-12380,-32.410766,-0.405135
98.8510,-12380,-32.410766,-0.405135
98.8610,-12380,-32.410766,-0.405135
98.8710,-12380,-32.410766,-0.405135
98.8810,-12380,-32.410766,-0.405135
98.8910,-12380,-32.410766,-0.405135
98.9010,-12381,-32.413383,-0.405167
98.9110,-12381,-32.413383,-0.405167
98.9210,-12382,-32.416000,-0.405200
98.9310,-12383,-32.418621,-0.405233
98.9410,-12385,-32.423854,-0.405298
98.9510,-12386,-32.426471,-0.405331
98.9610,-12387,-32.429092,-0.405364
98.9710,-12390,-32.436943,-0.405462
98.9810,-12392,-32.442180,-0.405527
98.9910,-12395,-32.450035,-0.405625
99.0010,-12400,-32.463123,-0.405789
99.0110,-12404,-32.473598,-0.405920
99.0210,-12409,-32.486686,-0.406084
99.0310,-12413,-32.497158,-0.406215
99.0410,-12419,-32.512866,-0.406411
99.0510,-12428,-32.536430,-0.406705
99.0610,-12436,-32.557373,-0.406967
99.0710,-12445,-32.580936,-0.407262
99.0810,-12453,-32.601879,-0.407524
99.0910,-12463,-32.628059,-0.407851
99.1010,-12469,-32.643764,-0.408047
99.1110,-12474,-32.656856,-0.408211
99.1210,-12478,-32.667327,-0.408342
99.1310,-12482,-32.677799,-0.408473
99.1410,-12486,-32.688270,-0.408603
99.1510,-12488,-32.693508,-0.408669
99.1610,-12489,-32.696128,-0.408702
99.1710,-12492,-32.703979,-0.408800
99.1810,-12494,-32.709217,-0.408865
99.1910,-12496,-32.714450,-0.408931
99.2010,-12498,-32.719688,-0.408996
99.2110,-12501,-32.727539,-0.409094
99.2210,-12505,-32.738014,-0.409225
99.2310,-12509,-32.748485,-0.409356
99.2410,-12515,-32.764194,-0.409552
99.2510,-12520,-32.777282,-0.409716
99.2610,-12523,-32.785137,-0.409814
99.2710,-12527,-32.795612,-0.409945
99.2810,-12532,-32.808700,-0.410109
99.2920,-12538,-32.824409,-0.410305
99.3010,-12542,-32.834880,-0.410436
99.3110,-12547,-32.847969,-0.410600
99.3210,-12550,-32.855823,-0.410698
99.3310,-12553,-32.863677,-0.410796
99.3410,-12557,-32.874149,-0.410927
99.3510,-12559,-32.879386,-0.410992
99.3610,-12561,-32.884620,-0.411058
99.3710,-12563,-32.889858,-0.411123
99.3810,-12563,-32.889858,-0.411123
99.3910,-12563,-32.889858,-0.411123
99.4010,-12563,-32.889858,-0.411123
99.4110,-12563,-32.889858,-0.411123
99.4210,-12563,-32.889858,-0.411123
99.4310,-12563,-32.889858,-0.411123
99.4410,-12563,-32.889858,-0.411123
99.4510,-12563,-32.889858,-0.411123
99.4610,-12564,-32.892475,-0.411156
99.4710,-12565,-32.895095,-0.411189
99.4810,-12566,-32.897712,-0.411221
99.4910,-12567,-32.900329,-0.411254
99.5010,-12569,-32.905567,-0.411320
99.5110,-12569,-32.905567,-0.411320
99.5210,-12569,-32.905567,-0.411320
99.5310,-12569,-32.905567,-0.411320
99.5410,-12569,-32.905567,-0.411320
99.5510,-12569,-32.905567,-0.411320
99.5610,-12569,-32.905567,-0.411320
99.5710,-12569,-32.905567,-0.411320
99.5810,-12569,-32.905567,-0.411320
99.5910,-12569,-32.905567,-0.411320
99.6010,-12569,-32.905567,-0.411320
99.6110,-12570,-32.908184,-0.411352
99.6210,-12571,-32.910800,-0.411385
99.6310,-12571,-32.910800,-0.411385
99.6410,-12572,-32.913417,-0.411418
99.6510,-12572,-32.913417,-0.411418
99.6610,-12572,-32.913417,-0.411418
99.6710,-12572,-32.913417,-0.411418
99.6810,-12572,-32.913417,-0.411418
99.6910,-12572,-32.913417,-0.411418
99.7010,-12572,-32.913417,-0.411418
99.7110,-12572,-32.913417,-0.411418
99.7210,-12572,-32.913417,-0.411418
99.7310,-12572,-32.913417,-0.411418
99.7410,-12573,-32.916038,-0.411450
99.7510,-12573,-32.916038,-0.411450
99.7610,-12573,-32.916038,-0.411450
99.7710,-12574,-32.918655,-0.411483
99.7810,-12574,-32.918655,-0.411483
99.7910,-12574,-32.918655,-0.411483
99.8010,-12574,-32.918655,-0.411483
99.8110,-12574,-32.918655,-0.411483
99.8210,-12574,-32.918655,-0.411483
99.8310,-12574,-32.918655,-0.411483
99.8410,-12574,-32.918655,-0.411483
99.8510,-12574,-32.918655,-0.411483
99.8610,-12575,-32.921276,-0.411516
99.8710,-12575,-32.921276,-0.411516
99.8810,-12575,-32.921276,-0.411516
99.8910,-12576,-32.923889,-0.411549
99.9010,-12576,-32.923889,-0.411549
99.9110,-12577,-32.926509,-0.411581
99.9210,-12577,-32.926509,-0.411581
99.9320,-12577,-32.926509,-0.411581
99.9410,-12577,-32.926509,-0.411581
99.9510,-12577,-32.926509,-0.411581
99.9610,-12577,-32.926509,-0.411581
99.9710,-12577,-32.926509,-0.411581
99.9810,-12577,-32.926509,-0.411581
99.9910,-12578,-32.929126,-0.411614
100.0010,-12578,-32.929126,-0.411614
100.0110,-12578,-32.929126,-0.411614
100.0210,-12578,-32.929126,-0.411614
100.0310,-12578,-32.929126,-0.411614
100.0410,-12579,-32.931747,-0.411647
100.0510,-12579,-32.931747,-0.411647
100.0610,-12579,-32.931747,-0.411647
100.0710,-12579,-32.931747,-0.411647
100.0810,-12579,-32.931747,-0.411647
100.0910,-12580,-32.934364,-0.411680
100.1010,-12580,-32.934364,-0.411680
100.1110,-12580,-32.934364,-0.411680
100.1210,-12580,-32.934364,-0.411680
100.1310,-12580,-32.934364,-0.411680
100.1410,-12580,-32.934364,-0.411680
100.1510,-12581,-32.936985,-0.411712
100.1610,-12581,-32.936985,-0.411712
100.1710,-12581,-32.936985,-0.411712
100.1810,-12581,-32.936985,-0.411712
100.1910,-12582,-32.939598,-0.411745
100.2010,-12582,-32.939598,-0.411745
100.2110,-12582,-32.939598,-0.411745
100.2210,-12582,-32.939598,-0.411745
100.2310,-12582,-32.939598,-0.411745
100.2410,-12583,-32.942218,-0.411778
100.2510,-12583,-32.942218,-0.411778
100.2610,-12583,-32.942218,-0.411778
100.2710,-12583,-32.942218,-0.411778
100.2810,-12583,-32.942218,-0.411778
100.2910,-12584,-32.944835,-0.411810
100.3010,-12584,-32.944835,-0.411810
100.3110,-12585,-32.947456,-0.411843
100.3210,-12585,-32.947456,-0.411843
100.3310,-12585,-32.947456,-0.411843
100.3410,-12586,-32.950073,-0.411876
100.3510,-12586,-32.950073,-0.411876
100.3610,-12586,-32.950073,-0.411876
100.3710,-12586,-32.950073,-0.411876
100.3810,-12587,-32.952690,-0.411909
100.3910,-12587,-32.952690,-0.411909
100.4010,-12587,-32.952690,-0.411909
100.4110,-12587,-32.952690,-0.411909
100.4210,-12587,-32.952690,-0.411909
100.4310,-12587,-32.952690,-0.411909
100.4410,-12587,-32.952690,-0.411909
100.4510,-12587,-32.952690,-0.411909
100.4610,-12587,-32.952690,-0.411909
100.4710,-12587,-32.952690,-0.411909
100.4810,-12588,-32.955307,-0.411941
100.4910,-12588,-32.955307,-0.411941
100.5010,-12588,-32.955307,-0.411941
100.5110,-12588,-32.955307,-0.411941
100.5210,-12588,-32.955307,-0.411941
100.5310,-12588,-32.955307,-0.411941
100.5410,-12588,-32.955307,-0.411941
100.5510,-12589,-32.957923,-0.411974
100.5610,-12589,-32.957923,-0.411974
100.5720,-12589,-32.957923,-0.411974
100.5810,-12589,-32.957923,-0.411974
100.5910,-12589,-32.957923,-0.411974
100.6010,-12589,-32.957923,-0.411974
100.6110,-12590,-32.960544,-0.412007
100.6210,-12590,-32.960544,-0.412007
100.6310,-12590,-32.960544,-0.412007
100.6410,-12590,-32.960544,-0.412007
100.6510,-12590,-32.960544,-0.412007
100.6610,-12591,-32.963161,-0.412040
100.6710,-12591,-32.963161,-0.412040
100.6810,-12592,-32.965778,-0.412072
100.6910,-12593,-32.968395,-0.412105
100.7010,-12593,-32.968395,-0.412105
100.7110,-12594,-32.971015,-0.412138
100.7210,-12595,-32.973632,-0.412170
100.7310,-12595,-32.973632,-0.412170
100.7410,-12597,-32.978870,-0.412236
100.7510,-12597,-32.978870,-0.412236
100.7610,-12598,-32.981487,-0.412269
100.7710,-12599,-32.984104,-0.412301
100.7810,-12601,-32.989341,-0.412367
100.7910,-12601,-32.989341,-0.412367
100.8010,-12602,-32.991962,-0.412400
100.8110,-12604,-32.997196,-0.412465
100.8210,-12606,-33.002433,-0.412530
100.8310,-12607,-33.005050,-0.412563
100.8410,-12608,-33.007667,-0.412596
100.8510,-12609,-33.010284,-0.412629
100.8610,-12610,-33.012905,-0.412661
100.8710,-12610,-33.012905,-0.412661
100.8810,-12610,-33.012905,-0.412661
100.8910,-12610,-33.012905,-0.412661
100.9010,-12610,-33.012905,-0.412661
100.9110,-12610,-33.012905,-0.412661
100.9210,-12610,-33.012905,-0.412661
100.9310,-12609,-33.010284,-0.412629
100.9410,-12609,-33.010284,-0.412629
100.9510,-12610,-33.012905,-0.412661
100.9610,-12610,-33.012905,-0.412661
100.9710,-12611,-33.015522,-0.412694
100.9810,-12611,-33.015522,-0.412694
100.9910,-12612,-33.018138,-0.412727
101.0010,-12612,-33.018138,-0.412727
101.0110,-12612,-33.018138,-0.412727
101.0210,-12612,-33.018138,-0.412727
101.0310,-12612,-33.018138,-0.412727
101.0410,-12612,-33.018138,-0.412727
101.0510,-12612,-33.018138,-0.412727
101.0610,-12612,-33.018138,-0.412727
101.0710,-12612,-33.018138,-0.412727
101.0810,-12612,-33.018138,-0.412727
101.0910,-12612,-33.018138,-0.412727
101.1010,-12613,-33.020759,-0.412760
101.1110,-12613,-33.020759,-0.412760
101.1210,-12614,-33.023372,-0.412792
101.1310,-12614,-33.023372,-0.412792
101.1410,-12614,-33.023372,-0.412792
101.1510,-12614,-33.023372,-0.412792
101.1610,-12614,-33.023372,-0.412792
101.1710,-12614,-33.023372,-0.412792
101.1810,-12614,-33.023372,-0.412792
101.1910,-12614,-33.023372,-0.412792
101.2010,-12614,-33.023372,-0.412792
101.2120,-12614,-33.023372,-0.412792
101.2210,-12614,-33.023372,-0.412792
101.2310,-12615,-33.025993,-0.412825
101.2410,-12615,-33.025993,-0.412825
101.2510,-12615,-33.025993,-0.412825
101.2610,-12615,-33.025993,-0.412825
101.2710,-12615,-33.025993,-0.412825
101.2810,-12616,-33.028610,-0.412858
101.2910,-12616,-33.028610,-0.412858
101.3010,-12616,-33.028610,-0.412858
101.3110,-12616,-33.028610,-0.412858
101.3210,-12616,-33.028610,-0.412858
101.3310,-12616,-33.028610,-0.412858
101.3410,-12616,-33.028610,-0.412858
101.3510,-12616,-33.028610,-0.412858
101.3610,-12616,-33.028610,-0.412858
101.3710,-12616,-33.028610,-0.412858
101.3810,-12617,-33.031230,-0.412890
101.3910,-12617,-33.031230,-0.412890
101.4010,-12617,-33.031230,-0.412890
101.4110,-12617,-33.031230,-0.412890
101.4210,-12617,-33.031230,-0.412890
101.4310,-12618,-33.033847,-0.412923
101.4410,-12618,-33.033847,-0.412923
101.4510,-12618,-33.033847,-0.412923
101.4610,-12618,-33.033847,-0.412923
101.4710,-12618,-33.033847,-0.412923
101.4810,-12618,-33.033847,-0.412923
101.4910,-12618,-33.033847,-0.412923
101.5010,-12618,-33.033847,-0.412923
101.5110,-12618,-33.033847,-0.412923
101.5210,-12618,-33.033847,-0.412923
101.5310,-12619,-33.036464,-0.412956
101.5410,-12619,-33.036464,-0.412956
101.5510,-12619,-33.036464,-0.412956
101.5610,-12619,-33.036464,-0.412956
101.5710,-12619,-33.036464,-0.412956
101.5810,-12619,-33.036464,-0.412956
101.5910,-12619,-33.036464,-0.412956
101.6010,-12619,-33.036464,-0.412956
101.6110,-12619,-33.036464,-0.412956
101.6210,-12619,-33.036464,-0.412956
101.6310,-12619,-33.036464,-0.412956
101.6410,-12619,-33.036464,-0.412956
101.6510,-12619,-33.036464,-0.412956
101.6610,-12620,-33.039081,-0.412989
101.6710,-12620,-33.039081,-0.412989
101.6810,-12620,-33.039081,-0.412989
101.6910,-12620,-33.039081,-0.412989
101.7010,-12620,-33.039081,-0.412989
101.7110,-12620,-33.039081,-0.412989
101.7210,-12620,-33.039081,-0.412989
101.7310,-12620,-33.039081,-0.412989
101.7410,-12620,-33.039081,-0.412989
101.7510,-12620,-33.039081,-0.412989
101.7610,-12620,-33.039081,-0.412989
101.7710,-12621,-33.041702,-0.413021
101.7810,-12621,-33.041702,-0.413021
101.7910,-12621,-33.041702,-0.413021
101.8010,-12621,-33.041702,-0.413021
101.8110,-12621,-33.041702,-0.413021
101.8210,-12621,-33.041702,-0.413021
101.8310,-12621,-33.041702,-0.413021
101.8410,-12621,-33.041702,-0.413021
101.8520,-12621,-33.041702,-0.413021
101.8610,-12621,-33.041702,-0.413021
101.8710,-12622,-33.044319,-0.413054
101.8810,-12622,-33.044319,-0.413054
101.8910,-12622,-33.044319,-0.413054
101.9010,-12622,-33.044319,-0.413054
101.9110,-12622,-33.044319,-0.413054
101.9210,-12622,-33.044319,-0.413054
101.9310,-12622,-33.044319,-0.413054
101.9410,-12622,-33.044319,-0.413054
101.9510,-12622,-33.044319,-0.413054
101.9610,-12622,-33.044319,-0.413054
101.9710,-12622,-33.044319,-0.413054
101.9810,-12622,-33.044319,-0.413054
101.9910,-12622,-33.044319,-0.413054
102.0010,-12623,-33.046939,-0.413087
102.0110,-12623,-33.046939,-0.413087
102.0210,-12623,-33.046939,-0.413087
102.0310,-12623,-33.046939,-0.413087
102.0410,-12623,-33.046939,-0.413087
102.0510,-12623,-33.046939,-0.413087
102.0610,-12623,-33.046939,-0.413087
102.0710,-12623,-33.046939,-0.413087
102.0810,-12623,-33.046939,-0.413087
102.0910,-12623,-33.046939,-0.413087
102.1010,-12623,-33.046939,-0.413087
102.1110,-12623,-33.046939,-0.413087
102.1210,-12623,-33.046939,-0.413087
102.1310,-12623,-33.046939,-0.413087
102.1410,-12623,-33.046939,-0.413087
102.1510,-12624,-33.049556,-0.413119
102.1610,-12624,-33.049556,-0.413119
102.1710,-12624,-33.049556,-0.413119
102.1810,-12624,-33.049556,-0.413119
102.1910,-12624,-33.049556,-0.413119
102.2010,-12624,-33.049556,-0.413119
102.2110,-12624,-33.049556,-0.413119
102.2210,-12624,-33.049556,-0.413119
102.2310,-12624,-33.049556,-0.413119
102.2410,-12624,-33.049556,-0.413119
102.2510,-12624,-33.049556,-0.413119
102.2610,-12624,-33.049556,-0.413119
102.2710,-12624,-33.049556,-0.413119
102.2810,-12624,-33.049556,-0.413119
102.2910,-12625,-33.052173,-0.413152
102.3010,-12625,-33.052173,-0.413152
102.3110,-12625,-33.052173,-0.413152
102.3210,-12625,-33.052173,-0.413152
102.3310,-12625,-33.052173,-0.413152
102.3410,-12625,-33.052173,-0.413152
102.3510,-12625,-33.052173,-0.413152
102.3610,-12625,-33.052173,-0.413152
102.3710,-12625,-33.052173,-0.413152
102.3810,-12625,-33.052173,-0.413152
102.3910,-12625,-33.052173,-0.413152
102.4010,-12625,-33.052173,-0.413152
102.4110,-12625,-33.052173,-0.413152
102.4210,-12625,-33.052173,-0.413152
102.4310,-12625,-33.052173,-0.413152
102.4410,-12625,-33.052173,-0.413152
102.4510,-12626,-33.054790,-0.413185
102.4610,-12626,-33.054790,-0.413185
102.4710,-12626,-33.054790,-0.413185
102.4810,-12626,-33.054790,-0.413185
102.4920,-12626,-33.054790,-0.413185
102.5010,-12626,-33.054790,-0.413185
102.5110,-12626,-33.054790,-0.413185
102.5210,-12626,-33.054790,-0.413185
102.5310,-12626,-33.054790,-0.413185
102.5410,-12626,-33.054790,-0.413185
102.5510,-12626,-33.054790,-0.413185
102.5610,-12626,-33.054790,-0.413185
102.5710,-12627,-33.057411,-0.413218
102.5810,-12627,-33.057411,-0.413218
102.5910,-12627,-33.057411,-0.413218
102.6010,-12627,-33.057411,-0.413218
102.6110,-12627,-33.057411,-0.413218
102.6210,-12627,-33.057411,-0.413218
102.6310,-12627,-33.057411,-0.413218
102.6410,-12627,-33.057411,-0.413218
102.6510,-12627,-33.057411,-0.413218
102.6610,-12627,-33.057411,-0.413218
102.6710,-12627,-33.057411,-0.413218
102.6810,-12627,-33.057411,-0.413218
102.6910,-12627,-33.057411,-0.413218
102.7010,-12627,-33.057411,-0.413218
102.7110,-12627,-33.057411,-0.413218
102.7210,-12628,-33.060028,-0.413250
102.7310,-12628,-33.060028,-0.413250
102.7410,-12628,-33.060028,-0.413250
102.7510,-12628,-33.060028,-0.413250
102.7610,-12628,-33.060028,-0.413250
102.7710,-12628,-33.060028,-0.413250
102.7810,-12628,-33.060028,-0.413250
102.7910,-12628,-33.060028,-0.413250
102.8010,-12628,-33.060028,-0.413250
102.8110,-12628,-33.060028,-0.413250
102.8210,-12629,-33.062644,-0.413283
102.8310,-12629,-33.062644,-0.413283
102.8410,-12629,-33.062644,-0.413283
102.8510,-12629,-33.062644,-0.413283
102.8610,-12629,-33.062644,-0.413283
102.8710,-12629,-33.062644,-0.413283
102.8810,-12629,-33.062644,-0.413283
102.8910,-12629,-33.062644,-0.413283
102.9010,-12629,-33.062644,-0.413283
102.9110,-12629,-33.062644,-0.413283
102.9210,-12629,-33.062644,-0.413283
102.9310,-12629,-33.062644,-0.413283
102.9410,-12629,-33.062644,-0.413283
102.9510,-12630,-33.065261,-0.413316
102.9610,-12630,-33.065261,-0.413316
102.9710,-12630,-33.065261,-0.413316
102.9810,-12630,-33.065261,-0.413316
102.9910,-12630,-33.065261,-0.413316
103.0010,-12630,-33.065261,-0.413316
103.0110,-12630,-33.065261,-0.413316
103.0210,-12630,-33.065261,-0.413316
103.0310,-12630,-33.065261,-0.413316
103.0410,-12630,-33.065261,-0.413316
103.0510,-12630,-33.065261,-0.413316
103.0610,-12630,-33.065261,-0.413316
103.0710,-12631,-33.067882,-0.413349
103.0810,-12631,-33.067882,-0.413349
103.0910,-12631,-33.067882,-0.413349
103.1010,-12631,-33.067882,-0.413349
103.1110,-12631,-33.067882,-0.413349
103.1210,-12631,-33.067882,-0.413349
103.1320,-12631,-33.067882,-0.413349
103.1410,-12631,-33.067882,-0.413349
103.1510,-12631,-33.067882,-0.413349
103.1610,-12631,-33.067882,-0.413349
103.1710,-12631,-33.067882,-0.413349
103.1810,-12631,-33.067882,-0.413349
103.1910,-12631,-33.067882,-0.413349
103.2010,-12632,-33.070499,-0.413381
103.2110,-12632,-33.070499,-0.413381
103.2210,-12632,-33.070499,-0.413381
103.2310,-12632,-33.070499,-0.413381
103.2410,-12632,-33.070499,-0.413381
103.2510,-12632,-33.070499,-0.413381
103.2610,-12632,-33.070499,-0.413381
103.2710,-12632,-33.070499,-0.413381
103.2810,-12632,-33.070499,-0.413381
103.2910,-12633,-33.073116,-0.413414
103.3010,-12633,-33.073116,-0.413414
103.3110,-12633,-33.073116,-0.413414
103.3210,-12633,-33.073116,-0.413414
103.3310,-12633,-33.073116,-0.413414
103.3410,-12633,-33.073116,-0.413414
103.3510,-12633,-33.073116,-0.413414
103.3610,-12633,-33.073116,-0.413414
103.3710,-12633,-33.073116,-0.413414
103.3810,-12634,-33.075736,-0.413447
103.3910,-12634,-33.075736,-0.413447
103.4010,-12634,-33.075736,-0.413447
103.4110,-12634,-33.075736,-0.413447
103.4210,-12634,-33.075736,-0.413447
103.4310,-12634,-33.075736,-0.413447
103.4410,-12634,-33.075736,-0.413447
103.4510,-12634,-33.075736,-0.413447
103.4610,-12635,-33.078353,-0.413479
103.4710,-12635,-33.078353,-0.413479
103.4810,-12635,-33.078353,-0.413479
103.4910,-12635,-33.078353,-0.413479
103.5010,-12635,-33.078353,-0.413479
103.5110,-12635,-33.078353,-0.413479
103.5210,-12635,-33.078353,-0.413479
103.5310,-12635,-33.078353,-0.413479
103.5410,-12635,-33.078353,-0.413479
103.5510,-12636,-33.080970,-0.413512
103.5610,-12636,-33.080970,-0.413512
103.5710,-12636,-33.080970,-0.413512
103.5810,-12636,-33.080970,-0.413512
103.5910,-12636,-33.080970,-0.413512
103.6010,-12636,-33.080970,-0.413512
103.6110,-12636,-33.080970,-0.413512
103.6210,-12637,-33.083587,-0.413545
103.6310,-12637,-33.083587,-0.413545
103.6410,-12637,-33.083587,-0.413545
103.6510,-12637,-33.083587,-0.413545
103.6610,-12637,-33.083587,-0.413545
103.6710,-12637,-33.083587,-0.413545
103.6810,-12637,-33.083587,-0.413545
103.6910,-12638,-33.086208,-0.413578
103.7010,-12638,-33.086208,-0.413578
103.7110,-12638,-33.086208,-0.413578
103.7210,-12638,-33.086208,-0.413578
103.7310,-12639,-33.088825,-0.413610
103.7410,-12639,-33.088825,-0.413610
103.7510,-12639,-33.088825,-0.413610
103.7610,-12639,-33.088825,-0.413610
103.7720,-12639,-33.088825,-0.413610
103.7810,-12639,-33.088825,-0.413610
103.7910,-12640,-33.091445,-0.413643
103.8010,-12640,-33.091445,-0.413643
103.8110,-12640,-33.091445,-0.413643
103.8210,-12640,-33.091445,-0.413643
103.8310,-12640,-33.091445,-0.413643
103.8410,-12640,-33.091445,-0.413643
103.8510,-12640,-33.091445,-0.413643
103.8610,-12641,-33.094058,-0.413676
103.8710,-12641,-33.094058,-0.413676
103.8810,-12641,-33.094058,-0.413676
103.8910,-12641,-33.094058,-0.413676
103.9010,-12641,-33.094058,-0.413676
103.9110,-12641,-33.094058,-0.413676
103.9210,-12642,-33.096679,-0.413709
103.9310,-12642,-33.096679,-0.413709
103.9410,-12642,-33.096679,-0.413709
103.9510,-12642,-33.096679,-0.413709
103.9610,-12642,-33.096679,-0.413709
103.9710,-12642,-33.096679,-0.413709
103.9810,-12642,-33.096679,-0.413709
103.9910,-12643,-33.099296,-0.413741
104.0010,-12643,-33.099296,-0.413741
104.0110,-12643,-33.099296,-0.413741
104.0210,-12643,-33.099296,-0.413741
104.0310,-12643,-33.099296,-0.413741
104.0410,-12643,-33.099296,-0.413741
104.0510,-12644,-33.101917,-0.413774
104.0610,-12644,-33.101917,-0.413774
104.0710,-12644,-33.101917,-0.413774
104.0810,-12644,-33.101917,-0.413774
104.0910,-12644,-33.101917,-0.413774
104.1010,-12644,-33.101917,-0.413774
104.1110,-12644,-33.101917,-0.413774
104.1210,-12645,-33.104534,-0.413807
104.1310,-12645,-33.104534,-0.413807
104.1410,-12645,-33.104534,-0.413807
104.1510,-12645,-33.104534,-0.413807
104.1610,-12645,-33.104534,-0.413807
104.1710,-12646,-33.107151,-0.413839
104.1810,-12646,-33.107151,-0.413839
104.1910,-12646,-33.107151,-0.413839
104.2010,-12646,-33.107151,-0.413839
104.2110,-12646,-33.107151,-0.413839
104.2210,-12647,-33.109767,-0.413872
104.2310,-12647,-33.109767,-0.413872
104.2410,-12647,-33.109767,-0.413872
104.2510,-12647,-33.109767,-0.413872
104.2610,-12647,-33.109767,-0.413872
104.2710,-12648,-33.112388,-0.413905
104.2810,-12648,-33.112388,-0.413905
104.2910,-12648,-33.112388,-0.413905
104.3010,-12648,-33.112388,-0.413905
104.3110,-12649,-33.115005,-0.413938
104.3210,-12649,-33.115005,-0.413938
104.3310,-12649,-33.115005,-0.413938
104.3410,-12649,-33.115005,-0.413938
104.3510,-12650,-33.117626,-0.413970
104.3610,-12650,-33.117626,-0.413970
104.3710,-12650,-33.117626,-0.413970
104.3810,-12650,-33.117626,-0.413970
104.3910,-12651,-33.120239,-0.414003
104.4010,-12651,-33.120239,-0.414003
104.4120,-12651,-33.120239,-0.414003
104.4210,-12651,-33.120239,-0.414003
104.4310,-12651,-33.120239,-0.414003
104.4410,-12652,-33.122859,-0.414036
104.4510,-12652,-33.122859,-0.414036
104.4610,-12652,-33.122859,-0.414036
104.4710,-12652,-33.122859,-0.414036
104.4810,-12652,-33.122859,-0.414036
104.4910,-12653,-33.125476,-0.414068
104.5010,-12653,-33.125476,-0.414068
104.5110,-12653,-33.125476,-0.414068
104.5210,-12654,-33.128097,-0.414101
104.5310,-12654,-33.128097,-0.414101
104.5410,-12654,-33.128097,-0.414101
104.5510,-12655,-33.130714,-0.414134
104.5610,-12655,-33.130714,-0.414134
104.5710,-12655,-33.130714,-0.414134
104.5810,-12655,-33.130714,-0.414134
104.5910,-12656,-33.133331,-0.414167
104.6010,-12656,-33.133331,-0.414167
104.6110,-12656,-33.133331,-0.414167
104.6210,-12656,-33.133331,-0.414167
104.6310,-12657,-33.135948,-0.414199
104.6410,-12657,-33.135948,-0.414199
104.6510,-12657,-33.135948,-0.414199
104.6610,-12657,-33.135948,-0.414199
104.6710,-12657,-33.135948,-0.414199
104.6810,-12658,-33.138565,-0.414232
104.6910,-12658,-33.138565,-0.414232
104.7010,-12658,-33.138565,-0.414232
104.7110,-12659,-33.141185,-0.414265
104.7210,-12659,-33.141185,-0.414265
104.7310,-12659,-33.141185,-0.414265
104.7410,-12659,-33.141185,-0.414265
104.7510,-12660,-33.143802,-0.414298
104.7610,-12660,-33.143802,-0.414298
104.7710,-12660,-33.143802,-0.414298
104.7810,-12660,-33.143802,-0.414298
104.7910,-12661,-33.146423,-0.414330
104.8010,-12661,-33.146423,-0.414330
104.8110,-12661,-33.146423,-0.414330
104.8210,-12662,-33.149036,-0.414363
104.8310,-12662,-33.149036,-0.414363
104.8410,-12662,-33.149036,-0.414363
104.8510,-12662,-33.149036,-0.414363
104.8610,-12663,-33.151657,-0.414396
104.8710,-12663,-33.151657,-0.414396
104.8810,-12663,-33.151657,-0.414396
104.8910,-12664,-33.154273,-0.414428
104.9010,-12664,-33.154273,-0.414428
104.9110,-12664,-33.154273,-0.414428
104.9210,-12665,-33.156894,-0.414461
104.9310,-12665,-33.156894,-0.414461
104.9410,-12666,-33.159511,-0.414494
104.9510,-12666,-33.159511,-0.414494
104.9610,-12667,-33.162128,-0.414527
104.9710,-12667,-33.162128,-0.414527
104.9810,-12667,-33.162128,-0.414527
104.9910,-12668,-33.164745,-0.414559
105.0010,-12669,-33.167366,-0.414592
105.0110,-12669,-33.167366,-0.414592
105.0210,-12670,-33.169982,-0.414625
105.0310,-12670,-33.169982,-0.414625
105.0410,-12670,-33.169982,-0.414625
105.0520,-12671,-33.172603,-0.414658
105.0610,-12671,-33.172603,-0.414658
105.0710,-12671,-33.172603,-0.414658
105.0810,-12672,-33.175220,-0.414690
105.0910,-12673,-33.177837,-0.414723
105.1010,-12673,-33.177837,-0.414723
105.1110,-12673,-33.177837,-0.414723
105.1210,-12674,-33.180454,-0.414756
105.1310,-12674,-33.180454,-0.414756
105.1410,-12675,-33.183074,-0.414788
105.1510,-12675,-33.183074,-0.414788
105.1610,-12675,-33.183074,-0.414788
105.1710,-12675,-33.183074,-0.414788
105.1810,-12675,-33.183074,-0.414788
105.1910,-12676,-33.185691,-0.414821
105.2010,-12676,-33.185691,-0.414821
105.2110,-12676,-33.185691,-0.414821
105.2210,-12677,-33.188308,-0.414854
105.2310,-12677,-33.188308,-0.414854
105.2410,-12677,-33.188308,-0.414854
105.2510,-12677,-33.188308,-0.414854
105.2610,-12678,-33.190925,-0.414887
105.2710,-12678,-33.190925,-0.414887
105.2810,-12678,-33.190925,-0.414887
105.2910,-12679,-33.193546,-0.414919
105.3010,-12679,-33.193546,-0.414919
105.3110,-12679,-33.193546,-0.414919
105.3210,-12679,-33.193546,-0.414919
105.3310,-12679,-33.193546,-0.414919
105.3410,-12680,-33.196163,-0.414952
105.3510,-12680,-33.196163,-0.414952
105.3610,-12680,-33.196163,-0.414952
105.3710,-12680,-33.196163,-0.414952
105.3810,-12681,-33.198780,-0.414985
105.3910,-12681,-33.198780,-0.414985
105.4010,-12681,-33.198780,-0.414985
105.4110,-12681,-33.198780,-0.414985
105.4210,-12682,-33.201400,-0.415018
105.4310,-12682,-33.201400,-0.415018
105.4410,-12682,-33.201400,-0.415018
105.4510,-12682,-33.201400,-0.415018
105.4610,-12683,-33.204017,-0.415050
105.4710,-12683,-33.204017,-0.415050
105.4810,-12683,-33.204017,-0.415050
105.4910,-12683,-33.204017,-0.415050
105.5010,-12683,-33.204017,-0.415050
105.5110,-12683,-33.204017,-0.415050
105.5210,-12684,-33.206634,-0.415083
105.5310,-12684,-33.206634,-0.415083
105.5410,-12684,-33.206634,-0.415083
105.5510,-12685,-33.209251,-0.415116
105.5610,-12685,-33.209251,-0.415116
105.5710,-12685,-33.209251,-0.415116
105.5810,-12685,-33.209251,-0.415116
105.5910,-12686,-33.211872,-0.415148
105.6010,-12686,-33.211872,-0.415148
105.6110,-12686,-33.211872,-0.415148
105.6210,-12687,-33.214488,-0.415181
105.6310,-12687,-33.214488,-0.415181
105.6410,-12687,-33.214488,-0.415181
105.6510,-12687,-33.214488,-0.415181
105.6610,-12688,-33.217109,-0.415214
105.6710,-12688,-33.217109,-0.415214
105.6810,-12688,-33.217109,-0.415214
105.6920,-12689,-33.219722,-0.415247
105.7010,-12689,-33.219722,-0.415247
105.7110,-12690,-33.222343,-0.415279
105.7210,-12690,-33.222343,-0.415279
105.7310,-12690,-33.222343,-0.415279
105.7410,-12691,-33.224960,-0.415312
105.7510,-12691,-33.224960,-0.415312
105.7610,-12691,-33.224960,-0.415312
105.7710,-12691,-33.224960,-0.415312
105.7810,-12691,-33.224960,-0.415312
105.7910,-12692,-33.227581,-0.415345
105.8010,-12692,-33.227581,-0.415345
105.8110,-12692,-33.227581,-0.415345
105.8210,-12693,-33.230197,-0.415377
105.8310,-12693,-33.230197,-0.415377
105.8410,-12693,-33.230197,-0.415377
105.8510,-12694,-33.232814,-0.415410
105.8610,-12695,-33.235431,-0.415443
105.8710,-12695,-33.235431,-0.415443
105.8810,-12695,-33.235431,-0.415443
105.8910,-12696,-33.238052,-0.415476
105.9010,-12697,-33.240669,-0.415508
105.9110,-12697,-33.240669,-0.415508
105.9210,-12698,-33.243289,-0.415541
105.9310,-12699,-33.245906,-0.415574
105.9410,-12699,-33.245906,-0.415574
105.9510,-12699,-33.245906,-0.415574
105.9610,-12701,-33.251140,-0.415639
105.9710,-12701,-33.251140,-0.415639
105.9810,-12702,-33.253757,-0.415672
105.9910,-12703,-33.256378,-0.415705
106.0010,-12703,-33.256378,-0.415705
106.0110,-12704,-33.258995,-0.415737
106.0210,-12705,-33.261611,-0.415770
106.0310,-12705,-33.261611,-0.415770
106.0410,-12705,-33.261611,-0.415770
106.0510,-12705,-33.261611,-0.415770
106.0610,-12706,-33.264228,-0.415803
106.0710,-12706,-33.264228,-0.415803
106.0810,-12707,-33.266849,-0.415836
106.0910,-12707,-33.266849,-0.415836
106.1010,-12707,-33.266849,-0.415836
106.1110,-12708,-33.269466,-0.415868
106.1210,-12708,-33.269466,-0.415868
106.1310,-12709,-33.272087,-0.415901
106.1410,-12709,-33.272087,-0.415901
106.1510,-12709,-33.272087,-0.415901
106.1610,-12710,-33.274700,-0.415934
106.1710,-12710,-33.274700,-0.415934
106.1810,-12710,-33.274700,-0.415934
106.1910,-12710,-33.274700,-0.415934
106.2010,-12711,-33.277320,-0.415967
106.2110,-12711,-33.277320,-0.415967
106.2210,-12711,-33.277320,-0.415967
106.2310,-12711,-33.277320,-0.415967
106.2410,-12711,-33.277320,-0.415967
106.2510,-12711,-33.277320,-0.415967
106.2610,-12712,-33.279937,-0.415999
106.2710,-12712,-33.279937,-0.415999
106.2810,-12712,-33.279937,-0.415999
106.2910,-12713,-33.282558,-0.416032
106.3010,-12713,-33.282558,-0.416032
106.3110,-12713,-33.282558,-0.416032
106.3210,-12713,-33.282558,-0.416032
106.3320,-12713,-33.282558,-0.416032
106.3410,-12713,-33.282558,-0.416032
106.3510,-12713,-33.282558,-0.416032
106.3610,-12713,-33.282558,-0.416032
106.3710,-12713,-33.282558,-0.416032
106.3810,-12713,-33.282558,-0.416032
106.3910,-12713,-33.282558,-0.416032
106.4010,-12714,-33.285175,-0.416065
106.4110,-12714,-33.285175,-0.416065
106.4210,-12714,-33.285175,-0.416065
106.4310,-12714,-33.285175,-0.416065
106.4410,-12714,-33.285175,-0.416065
106.4510,-12715,-33.287796,-0.416097
106.4610,-12715,-33.287796,-0.416097
106.4710,-12715,-33.287796,-0.416097
106.4810,-12715,-33.287796,-0.416097
106.4910,-12716,-33.290409,-0.416130
106.5010,-12716,-33.290409,-0.416130
106.5110,-12716,-33.290409,-0.416130
106.5210,-12717,-33.293029,-0.416163
106.5310,-12717,-33.293029,-0.416163
106.5410,-12717,-33.293029,-0.416163
106.5510,-12717,-33.293029,-0.416163
106.5610,-12717,-33.293029,-0.416163
106.5710,-12717,-33.293029,-0.416163
106.5810,-12717,-33.293029,-0.416163
106.5910,-12717,-33.293029,-0.416163
106.6010,-12717,-33.293029,-0.416163
106.6110,-12717,-33.293029,-0.416163
106.6210,-12717,-33.293029,-0.416163
106.6310,-12718,-33.295646,-0.416196
106.6410,-12718,-33.295646,-0.416196
106.6510,-12718,-33.295646,-0.416196
106.6610,-12718,-33.295646,-0.416196
106.6710,-12718,-33.295646,-0.416196
106.6810,-12719,-33.298267,-0.416228
106.6910,-12719,-33.298267,-0.416228
106.7010,-12719,-33.298267,-0.416228
106.7110,-12719,-33.298267,-0.416228
106.7210,-12719,-33.298267,-0.416228
106.7310,-12719,-33.298267,-0.416228
106.7410,-12719,-33.298267,-0.416228
106.7510,-12719,-33.298267,-0.416228
106.7610,-12719,-33.298267,-0.416228
106.7710,-12719,-33.298267,-0.416228
106.7810,-12719,-33.298267,-0.416228
106.7910,-12720,-33.300884,-0.416261
106.8010,-12720,-33.300884,-0.416261
106.8110,-12720,-33.300884,-0.416261
106.8210,-12720,-33.300884,-0.416261
106.8310,-12720,-33.300884,-0.416261
106.8410,-12720,-33.300884,-0.416261
106.8510,-12720,-33.300884,-0.416261
106.8610,-12720,-33.300884,-0.416261
106.8710,-12720,-33.300884,-0.416261
106.8810,-12721,-33.303501,-0.416294
106.8910,-12721,-33.303501,-0.416294
106.9010,-12721,-33.303501,-0.416294
106.9110,-12721,-33.303501,-0.416294
106.9210,-12721,-33.303501,-0.416294
106.9310,-12721,-33.303501,-0.416294
106.9410,-12721,-33.303501,-0.416294
106.9510,-12721,-33.303501,-0.416294
106.9610,-12721,-33.303501,-0.416294
106.9720,-12722,-33.306118,-0.416326
106.9810,-12722,-33.306118,-0.416326
106.9910,-12722,-33.306118,-0.416326
107.0010,-12722,-33.306118,-0.416326
107.0110,-12722,-33.306118,-0.416326
107.0210,-12722,-33.306118,-0.416326
107.0310,-12722,-33.306118,-0.416326
107.0410,-12722,-33.306118,-0.416326
107.0510,-12722,-33.306118,-0.416326
107.0610,-12723,-33.308738,-0.416359
107.0710,-12723,-33.308738,-0.416359
107.0810,-12723,-33.308738,-0.416359
107.0910,-12723,-33.308738,-0.416359
107.1010,-12723,-33.308738,-0.416359
107.1110,-12723,-33.308738,-0.416359
107.1210,-12723,-33.308738,-0.416359
107.1310,-12723,-33.308738,-0.416359
107.1410,-12723,-33.308738,-0.416359
107.1510,-12724,-33.311355,-0.416392
107.1610,-12724,-33.311355,-0.416392
107.1710,-12724,-33.311355,-0.416392
107.1810,-12724,-33.311355,-0.416392
107.1910,-12724,-33.311355,-0.416392
107.2010,-12724,-33.311355,-0.416392
107.2110,-12724,-33.311355,-0.416392
107.2210,-12724,-33.311355,-0.416392
107.2310,-12724,-33.311355,-0.416392
107.2410,-12725,-33.313972,-0.416425
107.2510,-12725,-33.313972,-0.416425
107.2610,-12725,-33.313972,-0.416425
107.2710,-12725,-33.313972,-0.416425
107.2810,-12725,-33.313972,-0.416425
107.2910,-12725,-33.313972,-0.416425
107.3010,-12725,-33.313972,-0.416425
107.3110,-12725,-33.313972,-0.416425
107.3210,-12725,-33.313972,-0.416425
107.3310,-12725,-33.313972,-0.416425
107.3410,-12725,-33.313972,-0.416425
107.3510,-12726,-33.316589,-0.416457
107.3610,-12726,-33.316589,-0.416457
107.3710,-12726,-33.316589,-0.416457
107.3810,-12726,-33.316589,-0.416457
107.3910,-12726,-33.316589,-0.416457
107.4010,-12726,-33.316589,-0.416457
107.4110,-12726,-33.316589,-0.416457
107.4210,-12726,-33.316589,-0.416457
107.4310,-12726,-33.316589,-0.416457
107.4410,-12726,-33.316589,-0.416457
107.4510,-12726,-33.316589,-0.416457
107.4610,-12727,-33.319206,-0.416490
107.4710,-12727,-33.319206,-0.416490
107.4810,-12727,-33.319206,-0.416490
107.4910,-12727,-33.319206,-0.416490
107.5010,-12727,-33.319206,-0.416490
107.5110,-12727,-33.319206,-0.416490
107.5210,-12727,-33.319206,-0.416490
107.5310,-12727,-33.319206,-0.416490
107.5410,-12727,-33.319206,-0.416490
107.5510,-12727,-33.319206,-0.416490
107.5610,-12727,-33.319206,-0.416490
107.5710,-12728,-33.321826,-0.416523
107.5810,-12728,-33.321826,-0.416523
107.5910,-12728,-33.321826,-0.416523
107.6010,-12728,-33.321826,-0.416523
107.6120,-12728,-33.321826,-0.416523
107.6210,-12728,-33.321826,-0.416523
107.6310,-12728,-33.321826,-0.416523
107.6410,-12728,-33.321826,-0.416523
107.6510,-12729,-33.324443,-0.416556
107.6610,-12729,-33.324443,-0.416556
107.6710,-12729,-33.324443,-0.416556
107.6810,-12729,-33.324443,-0.416556
107.6910,-12729,-33.324443,-0.416556
107.7010,-12729,-33.324443,-0.416556
107.7110,-12729,-33.324443,-0.416556
107.7210,-12729,-33.324443,-0.416556
107.7310,-12730,-33.327064,-0.416588
107.7410,-12730,-33.327064,-0.416588
107.7510,-12730,-33.327064,-0.416588
107.7610,-12730,-33.327064,-0.416588
107.7710,-12730,-33.327064,-0.416588
107.7810,-12730,-33.327064,-0.416588
107.7910,-12730,-33.327064,-0.416588
107.8010,-12731,-33.329681,-0.416621
107.8110,-12731,-33.329681,-0.416621
107.8210,-12731,-33.329681,-0.416621
107.8310,-12731,-33.329681,-0.416621
107.8410,-12731,-33.329681,-0.416621
107.8510,-12731,-33.329681,-0.416621
107.8610,-12731,-33.329681,-0.416621
107.8710,-12731,-33.329681,-0.416621
107.8810,-12731,-33.329681,-0.416621
107.8910,-12731,-33.329681,-0.416621
107.9010,-12731,-33.329681,-0.416621
107.9110,-12731,-33.329681,-0.416621
107.9210,-12732,-33.332298,-0.416654
107.9310,-12732,-33.332298,-0.416654
107.9410,-12732,-33.332298,-0.416654
107.9510,-12732,-33.332298,-0.416654
107.9610,-12732,-33.332298,-0.416654
107.9710,-12732,-33.332298,-0.416654
107.9810,-12732,-33.332298,-0.416654
107.9910,-12732,-33.332298,-0.416654
108.0010,-12733,-33.334915,-0.416686
108.0110,-12733,-33.334915,-0.416686
108.0210,-12733,-33.334915,-0.416686
108.0310,-12733,-33.334915,-0.416686
108.0410,-12733,-33.334915,-0.416686
108.0510,-12733,-33.334915,-0.416686
108.0610,-12733,-33.334915,-0.416686
108.0710,-12733,-33.334915,-0.416686
108.0810,-12733,-33.334915,-0.416686
108.0910,-12733,-33.334915,-0.416686
108.1010,-12734,-33.337535,-0.416719
108.1110,-12734,-33.337535,-0.416719
108.1210,-12734,-33.337535,-0.416719
108.1310,-12734,-33.337535,-0.416719
108.1410,-12734,-33.337535,-0.416719
108.1510,-12734,-33.337535,-0.416719
108.1610,-12734,-33.337535,-0.416719
108.1710,-12734,-33.337535,-0.416719
108.1810,-12734,-33.337535,-0.416719
108.1910,-12734,-33.337535,-0.416719
108.2010,-12735,-33.340152,-0.416752
108.2110,-12735,-33.340152,-0.416752
108.2210,-12735,-33.340152,-0.416752
108.2310,-12735,-33.340152,-0.416752
108.2410,-12735,-33.340152,-0.416752
108.2520,-12735,-33.340152,-0.416752
108.2610,-12735,-33.340152,-0.416752
108.2710,-12735,-33.340152,-0.416752
108.2810,-12735,-33.340152,-0.416752
108.2910,-12735,-33.340152,-0.416752
108.3010,-12736,-33.342773,-0.416785
108.3110,-12736,-33.342773,-0.416785
108.3210,-12736,-33.342773,-0.416785
108.3310,-12736,-33.342773,-0.416785
108.3410,-12736,-33.342773,-0.416785
108.3510,-12736,-33.342773,-0.416785
108.3610,-12736,-33.342773,-0.416785
108.3710,-12737,-33.345386,-0.416817
108.3810,-12737,-33.345386,-0.416817
108.3910,-12737,-33.345386,-0.416817
108.4010,-12737,-33.345386,-0.416817
108.4110,-12737,-33.345386,-0.416817
108.4210,-12737,-33.345386,-0.416817
108.4310,-12737,-33.345386,-0.416817
108.4410,-12737,-33.345386,-0.416817
108.4510,-12738,-33.348007,-0.416850
108.4610,-12738,-33.348007,-0.416850
108.4710,-12738,-33.348007,-0.416850
108.4810,-12738,-33.348007,-0.416850
108.4910,-12738,-33.348007,-0.416850
108.5010,-12738,-33.348007,-0.416850
108.5110,-12738,-33.348007,-0.416850
108.5210,-12739,-33.350624,-0.416883
108.5310,-12739,-33.350624,-0.416883
108.5410,-12739,-33.350624,-0.416883
108.5510,-12739,-33.350624,-0.416883
108.5610,-12739,-33.350624,-0.416883
108.5710,-12739,-33.350624,-0.416883
108.5810,-12739,-33.350624,-0.416883
108.5910,-12740,-33.353244,-0.416916
108.6010,-12740,-33.353244,-0.416916
108.6110,-12740,-33.353244,-0.416916
108.6210,-12740,-33.353244,-0.416916
108.6310,-12740,-33.353244,-0.416916
108.6410,-12741,-33.355861,-0.416948
108.6510,-12741,-33.355861,-0.416948
108.6610,-12741,-33.355861,-0.416948
108.6710,-12741,-33.355861,-0.416948
108.6810,-12741,-33.355861,-0.416948
108.6910,-12741,-33.355861,-0.416948
108.7010,-12742,-33.358478,-0.416981
108.7110,-12742,-33.358478,-0.416981
108.7210,-12742,-33.358478,-0.416981
108.7310,-12742,-33.358478,-0.416981
108.7410,-12743,-33.361095,-0.417014
108.7510,-12743,-33.361095,-0.417014
108.7610,-12743,-33.361095,-0.417014
108.7710,-12743,-33.361095,-0.417014
108.7810,-12743,-33.361095,-0.417014
108.7910,-12743,-33.361095,-0.417014
108.8010,-12744,-33.363716,-0.417046
108.8110,-12744,-33.363716,-0.417046
108.8210,-12744,-33.363716,-0.417046
108.8310,-12745,-33.366333,-0.417079
108.8410,-12745,-33.366333,-0.417079
108.8510,-12745,-33.366333,-0.417079
108.8610,-12745,-33.366333,-0.417079
108.8710,-12746,-33.368949,-0.417112
108.8810,-12746,-33.368949,-0.417112
108.8920,-12746,-33.368949,-0.417112
108.9010,-12747,-33.371570,-0.417145
108.9110,-12747,-33.371570,-0.417145
108.9210,-12747,-33.371570,-0.417145
108.9310,-12747,-33.371570,-0.417145
108.9410,-12748,-33.374187,-0.417177
108.9510,-12748,-33.374187,-0.417177
108.9610,-12748,-33.374187,-0.417177
108.9710,-12749,-33.376804,-0.417210
108.9810,-12749,-33.376804,-0.417210
108.9910,-12749,-33.376804,-0.417210
109.0010,-12750,-33.379421,-0.417243
109.0110,-12750,-33.379421,-0.417243
109.0210,-12751,-33.382041,-0.417276
109.0310,-12751,-33.382041,-0.417276
109.0410,-12752,-33.384658,-0.417308
109.0510,-12752,-33.384658,-0.417308
109.0610,-12752,-33.384658,-0.417308
109.0710,-12753,-33.387275,-0.417341
109.0810,-12753,-33.387275,-0.417341
109.0910,-12754,-33.389892,-0.417374
109.1010,-12754,-33.389892,-0.417374
109.1110,-12754,-33.389892,-0.417374
109.1210,-12755,-33.392513,-0.417406
109.1310,-12755,-33.392513,-0.417406
109.1410,-12755,-33.392513,-0.417406
109.1510,-12756,-33.395130,-0.417439
109.1610,-12756,-33.395130,-0.417439
109.1710,-12757,-33.397750,-0.417472
109.1810,-12757,-33.397750,-0.417472
109.1910,-12757,-33.397750,-0.417472
109.2010,-12758,-33.400367,-0.417505
109.2110,-12758,-33.400367,-0.417505
109.2210,-12758,-33.400367,-0.417505
109.2310,-12759,-33.402984,-0.417537
109.2410,-12759,-33.402984,-0.417537
109.2510,-12759,-33.402984,-0.417537
109.2610,-12760,-33.405601,-0.417570
109.2710,-12760,-33.405601,-0.417570
109.2810,-12760,-33.405601,-0.417570
109.2910,-12761,-33.408222,-0.417603
109.3010,-12761,-33.408222,-0.417603
109.3110,-12761,-33.408222,-0.417603
109.3210,-12761,-33.408222,-0.417603
109.3310,-12762,-33.410839,-0.417636
109.3410,-12762,-33.410839,-0.417636
109.3510,-12762,-33.410839,-0.417636
109.3610,-12762,-33.410839,-0.417636
109.3710,-12763,-33.413459,-0.417668
109.3810,-12763,-33.413459,-0.417668
109.3910,-12763,-33.413459,-0.417668
109.4010,-12763,-33.413459,-0.417668
109.4110,-12763,-33.413459,-0.417668
109.4210,-12763,-33.413459,-0.417668
109.4310,-12764,-33.416072,-0.417701
109.4410,-12764,-33.416072,-0.417701
109.4510,-12764,-33.416072,-0.417701
109.4610,-12764,-33.416072,-0.417701
109.4710,-12765,-33.418693,-0.417734
109.4810,-12765,-33.418693,-0.417734
109.4910,-12765,-33.418693,-0.417734
109.5010,-12765,-33.418693,-0.417734
109.5110,-12766,-33.421310,-0.417766
109.5210,-12766,-33.421310,-0.417766
109.5320,-12766,-33.421310,-0.417766
109.5410,-12766,-33.421310,-0.417766
109.5510,-12767,-33.423931,-0.417799
109.5610,-12767,-33.423931,-0.417799
109.5710,-12767,-33.423931,-0.417799
109.5810,-12767,-33.423931,-0.417799
109.5910,-12767,-33.423931,-0.417799
109.6010,-12767,-33.423931,-0.417799
109.6110,-12767,-33.423931,-0.417799
109.6210,-12768,-33.426548,-0.417832
109.6310,-12768,-33.426548,-0.417832
109.6410,-12768,-33.426548,-0.417832
109.6510,-12768,-33.426548,-0.417832
109.6610,-12768,-33.426548,-0.417832
109.6710,-12769,-33.429164,-0.417865
109.6810,-12769,-33.429164,-0.417865
109.6910,-12769,-33.429164,-0.417865
109.7010,-12769,-33.429164,-0.417865
109.7110,-12769,-33.429164,-0.417865
109.7210,-12770,-33.431781,-0.417897
109.7310,-12770,-33.431781,-0.417897
109.7410,-12770,-33.431781,-0.417897
109.7510,-12770,-33.431781,-0.417897
109.7610,-12770,-33.431781,-0.417897
109.7710,-12771,-33.434398,-0.417930
109.7810,-12771,-33.434398,-0.417930
109.7910,-12771,-33.434398,-0.417930
109.8010,-12771,-33.434398,-0.417930
109.8110,-12771,-33.434398,-0.417930
109.8210,-12772,-33.437019,-0.417963
109.8310,-12772,-33.437019,-0.417963
109.8410,-12772,-33.437019,-0.417963
109.8510,-12772,-33.437019,-0.417963
109.8610,-12772,-33.437019,-0.417963
109.8710,-12773,-33.439636,-0.417995
109.8810,-12773,-33.439636,-0.417995
109.8910,-12773,-33.439636,-0.417995
109.9010,-12774,-33.442256,-0.418028
109.9110,-12774,-33.442256,-0.418028
109.9210,-12774,-33.442256,-0.418028
109.9310,-12774,-33.442256,-0.418028
109.9410,-12775,-33.444869,-0.418061
109.9510,-12775,-33.444869,-0.418061
109.9610,-12775,-33.444869,-0.418061
109.9710,-12776,-33.447490,-0.418094
109.9810,-12776,-33.447490,-0.418094
109.9910,-12777,-33.450107,-0.418126
110.0010,-12777,-33.450107,-0.418126
110.0110,-12777,-33.450107,-0.418126
110.0210,-12778,-33.452728,-0.418159
110.0310,-12778,-33.452728,-0.418159
110.0410,-12778,-33.452728,-0.418159
110.0510,-12778,-33.452728,-0.418159
110.0610,-12779,-33.455345,-0.418192
110.0710,-12779,-33.455345,-0.418192
110.0810,-12779,-33.455345,-0.418192
110.0910,-12779,-33.455345,-0.418192
110.1010,-12779,-33.455345,-0.418192
110.1110,-12780,-33.457962,-0.418225
110.1210,-12780,-33.457962,-0.418225
110.1310,-12780,-33.457962,-0.418225
110.1410,-12781,-33.460578,-0.418257
110.1510,-12781,-33.460578,-0.418257
110.1610,-12781,-33.460578,-0.418257
110.1720,-12781,-33.460578,-0.418257
110.1810,-12782,-33.463199,-0.418290
110.1910,-12782,-33.463199,-0.418290
110.2010,-12782,-33.463199,-0.418290
110.2110,-12782,-33.463199,-0.418290
110.2210,-12782,-33.463199,-0.418290
110.2310,-12782,-33.463199,-0.418290
110.2410,-12783,-33.465816,-0.418323
110.2510,-12783,-33.465816,-0.418323
110.2610,-12783,-33.465816,-0.418323
110.2710,-12783,-33.465816,-0.418323
110.2810,-12784,-33.468437,-0.418355
110.2910,-12784,-33.468437,-0.418355
110.3010,-12784,-33.468437,-0.418355
110.3110,-12785,-33.471050,-0.418388
110.3210,-12785,-33.471050,-0.418388
110.3310,-12785,-33.471050,-0.418388
110.3410,-12785,-33.471050,-0.418388
110.3510,-12785,-33.471050,-0.418388
110.3610,-12785,-33.471050,-0.418388
110.3710,-12786,-33.473670,-0.418421
110.3810,-12786,-33.473670,-0.418421
110.3910,-12786,-33.473670,-0.418421
110.4010,-12786,-33.473670,-0.418421
110.4110,-12786,-33.473670,-0.418421
110.4210,-12787,-33.476287,-0.418454
110.4310,-12787,-33.476287,-0.418454
110.4410,-12787,-33.476287,-0.418454
110.4510,-12787,-33.476287,-0.418454
110.4610,-12787,-33.476287,-0.418454
110.4710,-12788,-33.478908,-0.418486
110.4810,-12788,-33.478908,-0.418486
110.4910,-12788,-33.478908,-0.418486
110.5010,-12788,-33.478908,-0.418486
110.5110,-12789,-33.481525,-0.418519
110.5210,-12789,-33.481525,-0.418519
110.5310,-12789,-33.481525,-0.418519
110.5410,-12789,-33.481525,-0.418519
110.5510,-12789,-33.481525,-0.418519
110.5610,-12789,-33.481525,-0.418519
110.5710,-12790,-33.484142,-0.418552
110.5810,-12790,-33.484142,-0.418552
110.5910,-12790,-33.484142,-0.418552
110.6010,-12790,-33.484142,-0.418552
110.6110,-12790,-33.484142,-0.418552
110.6210,-12790,-33.484142,-0.418552
110.6310,-12791,-33.486759,-0.418585
110.6410,-12791,-33.486759,-0.418585
110.6510,-12791,-33.486759,-0.418585
110.6610,-12791,-33.486759,-0.418585
110.6710,-12791,-33.486759,-0.418585
110.6810,-12791,-33.486759,-0.418585
110.6910,-12792,-33.489379,-0.418617
110.7010,-12792,-33.489379,-0.418617
110.7110,-12792,-33.489379,-0.418617
110.7210,-12792,-33.489379,-0.418617
110.7310,-12792,-33.489379,-0.418617
110.7410,-12793,-33.491996,-0.418650
110.7510,-12793,-33.491996,-0.418650
110.7610,-12793,-33.491996,-0.418650
110.7710,-12793,-33.491996,-0.418650
110.7810,-12793,-33.491996,-0.418650
110.7910,-12793,-33.491996,-0.418650
110.8010,-12793,-33.491996,-0.418650
110.8120,-12794,-33.494613,-0.418683
110.8210,-12794,-33.494613,-0.418683
110.8310,-12794,-33.494613,-0.418683
110.8410,-12794,-33.494613,-0.418683
110.8510,-12794,-33.494613,-0.418683
110.8610,-12794,-33.494613,-0.418683
110.8710,-12794,-33.494613,-0.418683
110.8810,-12795,-33.497234,-0.418715
110.8910,-12795,-33.497234,-0.418715
110.9010,-12795,-33.497234,-0.418715
110.9110,-12795,-33.497234,-0.418715
110.9210,-12795,-33.497234,-0.418715
110.9310,-12795,-33.497234,-0.418715
110.9410,-12795,-33.497234,-0.418715
110.9510,-12795,-33.497234,-0.418715
110.9610,-12796,-33.499851,-0.418748
110.9710,-12796,-33.499851,-0.418748
110.9810,-12796,-33.499851,-0.418748
110.9910,-12796,-33.499851,-0.418748
111.0010,-12796,-33.499851,-0.418748
111.0110,-12796,-33.499851,-0.418748
111.0210,-12796,-33.499851,-0.418748
111.0310,-12797,-33.502468,-0.418781
111.0410,-12797,-33.502468,-0.418781
111.0510,-12797,-33.502468,-0.418781
111.0610,-12797,-33.502468,-0.418781
111.0710,-12797,-33.502468,-0.418781
111.0810,-12797,-33.502468,-0.418781
111.0910,-12797,-33.502468,-0.418781
111.1010,-12798,-33.505084,-0.418814
111.1110,-12798,-33.505084,-0.418814
111.1210,-12798,-33.505084,-0.418814
111.1310,-12798,-33.505084,-0.418814
111.1410,-12798,-33.505084,-0.418814
111.1510,-12798,-33.505084,-0.418814
111.1610,-12798,-33.505084,-0.418814
111.1710,-12799,-33.507705,-0.418846
111.1810,-12799,-33.507705,-0.418846
111.1910,-12799,-33.507705,-0.418846
111.2010,-12799,-33.507705,-0.418846
111.2110,-12799,-33.507705,-0.418846
111.2210,-12799,-33.507705,-0.418846
111.2310,-12799,-33.507705,-0.418846
111.2410,-12799,-33.507705,-0.418846
111.2510,-12800,-33.510322,-0.418879
111.2610,-12800,-33.510322,-0.418879
111.2710,-12800,-33.510322,-0.418879
111.2810,-12800,-33.510322,-0.418879
111.2910,-12800,-33.510322,-0.418879
111.3010,-12800,-33.510322,-0.418879
111.3110,-12801,-33.512939,-0.418912
111.3210,-12801,-33.512939,-0.418912
111.3310,-12801,-33.512939,-0.418912
111.3410,-12801,-33.512939,-0.418912
111.3510,-12801,-33.512939,-0.418912
111.3610,-12801,-33.512939,-0.418912
111.3710,-12801,-33.512939,-0.418912
111.3810,-12802,-33.515556,-0.418944
111.3910,-12802,-33.515556,-0.418944
111.4010,-12802,-33.515556,-0.418944
111.4110,-12802,-33.515556,-0.418944
111.4210,-12803,-33.518177,-0.418977
111.4310,-12803,-33.518177,-0.418977
111.4410,-12803,-33.518177,-0.418977
111.4520,-12803,-33.518177,-0.418977
111.4610,-12803,-33.518177,-0.418977
111.4710,-12804,-33.520793,-0.419010
111.4810,-12804,-33.520793,-0.419010
111.4910,-12804,-33.520793,-0.419010
111.5010,-12804,-33.520793,-0.419010
111.5110,-12804,-33.520793,-0.419010
111.5210,-12805,-33.523414,-0.419043
111.5310,-12805,-33.523414,-0.419043
111.5410,-12805,-33.523414,-0.419043
111.5510,-12805,-33.523414,-0.419043
111.5610,-12805,-33.523414,-0.419043
111.5710,-12805,-33.523414,-0.419043
111.5810,-12806,-33.526031,-0.419075
111.5910,-12806,-33.526031,-0.419075
111.6010,-12806,-33.526031,-0.419075
111.6110,-12806,-33.526031,-0.419075
111.6210,-12806,-33.526031,-0.419075
111.6310,-12806,-33.526031,-0.419075
111.6410,-12807,-33.528648,-0.419108
111.6510,-12807,-33.528648,-0.419108
111.6610,-12807,-33.528648,-0.419108
111.6710,-12807,-33.528648,-0.419108
111.6810,-12807,-33.528648,-0.419108
111.6910,-12807,-33.528648,-0.419108
111.7010,-12807,-33.528648,-0.419108
111.7110,-12808,-33.531265,-0.419141
111.7210,-12808,-33.531265,-0.419141
111.7310,-12808,-33.531265,-0.419141
111.7410,-12808,-33.531265,-0.419141
111.7510,-12809,-33.533885,-0.419174
111.7610,-12809,-33.533885,-0.419174
111.7710,-12809,-33.533885,-0.419174
111.7810,-12809,-33.533885,-0.419174
111.7910,-12809,-33.533885,-0.419174
111.8010,-12809,-33.533885,-0.419174
111.8110,-12810,-33.536502,-0.419206
111.8210,-12810,-33.536502,-0.419206
111.8310,-12810,-33.536502,-0.419206
111.8410,-12810,-33.536502,-0.419206
111.8510,-12811,-33.539123,-0.419239
111.8610,-12811,-33.539123,-0.419239
111.8710,-12811,-33.539123,-0.419239
111.8810,-12811,-33.539123,-0.419239
111.8910,-12812,-33.541736,-0.419272
111.9010,-12812,-33.541736,-0.419272
111.9110,-12813,-33.544357,-0.419304
111.9210,-12813,-33.544357,-0.419304
111.9310,-12813,-33.544357,-0.419304
111.9410,-12814,-33.546974,-0.419337
111.9510,-12815,-33.549591,-0.419370
111.9610,-12815,-33.549591,-0.419370
111.9710,-12815,-33.549591,-0.419370
111.9810,-12816,-33.552211,-0.419403
111.9910,-12816,-33.552211,-0.419403
112.0010,-12817,-33.554828,-0.419435
112.0110,-12817,-33.554828,-0.419435
112.0210,-12817,-33.554828,-0.419435
112.0310,-12817,-33.554828,-0.419435
112.0410,-12817,-33.554828,-0.419435
112.0510,-12818,-33.557445,-0.419468
112.0610,-12818,-33.557445,-0.419468
112.0710,-12818,-33.557445,-0.419468
112.0810,-12818,-33.557445,-0.419468
112.0920,-12818,-33.557445,-0.419468
112.1010,-12819,-33.560062,-0.419501
112.1110,-12819,-33.560062,-0.419501
112.1210,-12819,-33.560062,-0.419501
112.1310,-12819,-33.560062,-0.419501
112.1410,-12820,-33.562683,-0.419534
112.1510,-12820,-33.562683,-0.419534
112.1610,-12820,-33.562683,-0.419534
112.1710,-12820,-33.562683,-0.419534
112.1810,-12820,-33.562683,-0.419534
112.1910,-12820,-33.562683,-0.419534
112.2010,-12821,-33.565299,-0.419566
112.2110,-12821,-33.565299,-0.419566
112.2210,-12821,-33.565299,-0.419566
112.2310,-12821,-33.565299,-0.419566
112.2410,-12822,-33.567920,-0.419599
112.2510,-12822,-33.567920,-0.419599
112.2610,-12822,-33.567920,-0.419599
112.2710,-12822,-33.567920,-0.419599
112.2810,-12823,-33.570533,-0.419632
112.2910,-12823,-33.570533,-0.419632
112.3010,-12823,-33.570533,-0.419632
112.3110,-12823,-33.570533,-0.419632
112.3210,-12823,-33.570533,-0.419632
112.3310,-12823,-33.570533,-0.419632
112.3410,-12824,-33.573154,-0.419664
112.3510,-12824,-33.573154,-0.419664
112.3610,-12824,-33.573154,-0.419664
112.3710,-12824,-33.573154,-0.419664
112.3810,-12825,-33.575771,-0.419697
112.3910,-12825,-33.575771,-0.419697
112.4010,-12825,-33.575771,-0.419697
112.4110,-12825,-33.575771,-0.419697
112.4210,-12825,-33.575771,-0.419697
112.4310,-12826,-33.578392,-0.419730
112.4410,-12826,-33.578392,-0.419730
112.4510,-12826,-33.578392,-0.419730
112.4610,-12826,-33.578392,-0.419730
112.4710,-12826,-33.578392,-0.419730
112.4810,-12827,-33.581008,-0.419763
112.4910,-12827,-33.581008,-0.419763
112.5010,-12827,-33.581008,-0.419763
112.5110,-12827,-33.581008,-0.419763
112.5210,-12827,-33.581008,-0.419763
112.5310,-12827,-33.581008,-0.419763
112.5410,-12827,-33.581008,-0.419763
112.5510,-12828,-33.583625,-0.419795
112.5610,-12828,-33.583625,-0.419795
112.5710,-12828,-33.583625,-0.419795
112.5810,-12828,-33.583625,-0.419795
112.5910,-12828,-33.583625,-0.419795
112.6010,-12829,-33.586242,-0.419828
112.6110,-12829,-33.586242,-0.419828
112.6210,-12829,-33.586242,-0.419828
112.6310,-12829,-33.586242,-0.419828
112.6410,-12829,-33.586242,-0.419828
112.6510,-12829,-33.586242,-0.419828
112.6610,-12830,-33.588863,-0.419861
112.6710,-12830,-33.588863,-0.419861
112.6810,-12830,-33.588863,-0.419861
112.6910,-12830,-33.588863,-0.419861
112.7010,-12830,-33.588863,-0.419861
112.7110,-12830,-33.588863,-0.419861
112.7210,-12831,-33.591480,-0.419894
112.7320,-12831,-33.591480,-0.419894
112.7410,-12831,-33.591480,-0.419894
112.7510,-12831,-33.591480,-0.419894
112.7610,-12831,-33.591480,-0.419894
112.7710,-12831,-33.591480,-0.419894
112.7810,-12831,-33.591480,-0.419894
112.7910,-12831,-33.591480,-0.419894
112.8010,-12832,-33.594100,-0.419926
112.8110,-12832,-33.594100,-0.419926
112.8210,-12832,-33.594100,-0.419926
112.8310,-12832,-33.594100,-0.419926
112.8410,-12832,-33.594100,-0.419926
112.8510,-12833,-33.596717,-0.419959
112.8610,-12833,-33.596717,-0.419959
112.8710,-12833,-33.596717,-0.419959
112.8810,-12833,-33.596717,-0.419959
112.8910,-12833,-33.596717,-0.419959
112.9010,-12833,-33.596717,-0.419959
112.9110,-12834,-33.599334,-0.419992
112.9210,-12834,-33.599334,-0.419992
112.9310,-12834,-33.599334,-0.419992
112.9410,-12834,-33.599334,-0.419992
112.9510,-12834,-33.599334,-0.419992
112.9610,-12834,-33.599334,-0.419992
112.9710,-12835,-33.601951,-0.420024
112.9810,-12835,-33.601951,-0.420024
112.9910,-12835,-33.601951,-0.420024
113.0010,-12835,-33.601951,-0.420024
113.0110,-12835,-33.601951,-0.420024
113.0210,-12836,-33.604572,-0.420057
113.0310,-12836,-33.604572,-0.420057
113.0410,-12836,-33.604572,-0.420057
113.0510,-12837,-33.607189,-0.420090
113.0610,-12837,-33.607189,-0.420090
113.0710,-12837,-33.607189,-0.420090
113.0810,-12838,-33.609806,-0.420123
113.0910,-12838,-33.609806,-0.420123
113.1010,-12838,-33.609806,-0.420123
113.1110,-12839,-33.612422,-0.420155
113.1210,-12839,-33.612422,-0.420155
113.1310,-12840,-33.615039,-0.420188
113.1410,-12840,-33.615039,-0.420188
113.1510,-12841,-33.617660,-0.420221
113.1610,-12841,-33.617660,-0.420221
113.1710,-12841,-33.617660,-0.420221
113.1810,-12842,-33.620277,-0.420253
113.1910,-12842,-33.620277,-0.420253
113.2010,-12842,-33.620277,-0.420253
113.2110,-12843,-33.622898,-0.420286
113.2210,-12843,-33.622898,-0.420286
113.2310,-12843,-33.622898,-0.420286
113.2410,-12843,-33.622898,-0.420286
113.2510,-12844,-33.625511,-0.420319
113.2610,-12844,-33.625511,-0.420319
113.2710,-12844,-33.625511,-0.420319
113.2810,-12845,-33.628131,-0.420352
113.2910,-12845,-33.628131,-0.420352
113.3010,-12845,-33.628131,-0.420352
113.3110,-12845,-33.628131,-0.420352
113.3210,-12846,-33.630748,-0.420384
113.3310,-12846,-33.630748,-0.420384
113.3410,-12846,-33.630748,-0.420384
113.3510,-12847,-33.633369,-0.420417
113.3610,-12847,-33.633369,-0.420417
113.3720,-12847,-33.633369,-0.420417
113.3810,-12847,-33.633369,-0.420417
113.3910,-12847,-33.633369,-0.420417
113.4010,-12848,-33.635986,-0.420450
113.4110,-12848,-33.635986,-0.420450
113.4210,-12848,-33.635986,-0.420450
113.4310,-12848,-33.635986,-0.420450
113.4410,-12849,-33.638607,-0.420483
113.4510,-12849,-33.638607,-0.420483
113.4610,-12849,-33.638607,-0.420483
113.4710,-12849,-33.638607,-0.420483
113.4810,-12850,-33.641220,-0.420515
113.4910,-12850,-33.641220,-0.420515
113.5010,-12850,-33.641220,-0.420515
113.5110,-12850,-33.641220,-0.420515
113.5210,-12850,-33.641220,-0.420515
113.5310,-12851,-33.643840,-0.420548
113.5410,-12851,-33.643840,-0.420548
113.5510,-12851,-33.643840,-0.420548
113.5610,-12851,-33.643840,-0.420548
113.5710,-12851,-33.643840,-0.420548
113.5810,-12851,-33.643840,-0.420548
113.5910,-12852,-33.646457,-0.420581
113.6010,-12852,-33.646457,-0.420581
113.6110,-12852,-33.646457,-0.420581
113.6210,-12852,-33.646457,-0.420581
113.6310,-12852,-33.646457,-0.420581
113.6410,-12852,-33.646457,-0.420581
113.6510,-12853,-33.649078,-0.420614
113.6610,-12853,-33.649078,-0.420614
113.6710,-12853,-33.649078,-0.420614
113.6810,-12853,-33.649078,-0.420614
113.6910,-12853,-33.649078,-0.420614
113.7010,-12853,-33.649078,-0.420614
113.7110,-12854,-33.651695,-0.420646
113.7210,-12854,-33.651695,-0.420646
113.7310,-12854,-33.651695,-0.420646
113.7410,-12854,-33.651695,-0.420646
113.7510,-12854,-33.651695,-0.420646
113.7610,-12854,-33.651695,-0.420646
113.7710,-12855,-33.654312,-0.420679
113.7810,-12855,-33.654312,-0.420679
113.7910,-12855,-33.654312,-0.420679
113.8010,-12855,-33.654312,-0.420679
113.8110,-12855,-33.654312,-0.420679
113.8210,-12855,-33.654312,-0.420679
113.8310,-12855,-33.654312,-0.420679
113.8410,-12856,-33.656929,-0.420712
113.8510,-12856,-33.656929,-0.420712
113.8610,-12856,-33.656929,-0.420712
113.8710,-12856,-33.656929,-0.420712
113.8810,-12857,-33.659549,-0.420744
113.8910,-12857,-33.659549,-0.420744
113.9010,-12857,-33.659549,-0.420744
113.9110,-12857,-33.659549,-0.420744
113.9210,-12857,-33.659549,-0.420744
113.9310,-12858,-33.662166,-0.420777
113.9410,-12858,-33.662166,-0.420777
113.9510,-12858,-33.662166,-0.420777
113.9610,-12858,-33.662166,-0.420777
113.9710,-12858,-33.662166,-0.420777
113.9810,-12859,-33.664783,-0.420810
113.9910,-12859,-33.664783,-0.420810
114.0010,-12859,-33.664783,-0.420810
114.0120,-12859,-33.664783,-0.420810
114.0210,-12859,-33.664783,-0.420810
114.0310,-12859,-33.664783,-0.420810
114.0410,-12860,-33.667400,-0.420843
114.0510,-12860,-33.667400,-0.420843
114.0610,-12860,-33.667400,-0.420843
114.0710,-12860,-33.667400,-0.420843
114.0810,-12861,-33.670021,-0.420875
114.0910,-12861,-33.670021,-0.420875
114.1010,-12861,-33.670021,-0.420875
114.1110,-12861,-33.670021,-0.420875
114.1210,-12861,-33.670021,-0.420875
114.1310,-12861,-33.670021,-0.420875
114.1410,-12861,-33.670021,-0.420875
114.1510,-12862,-33.672637,-0.420908
114.1610,-12862,-33.672637,-0.420908
114.1710,-12862,-33.672637,-0.420908
114.1810,-12862,-33.672637,-0.420908
114.1910,-12863,-33.675254,-0.420941
114.2010,-12863,-33.675254,-0.420941
114.2110,-12863,-33.675254,-0.420941
114.2210,-12863,-33.675254,-0.420941
114.2310,-12863,-33.675254,-0.420941
114.2410,-12863,-33.675254,-0.420941
114.2510,-12864,-33.677875,-0.420973
114.2610,-12864,-33.677875,-0.420973
114.2710,-12864,-33.677875,-0.420973
114.2810,-12864,-33.677875,-0.420973
114.2910,-12865,-33.680492,-0.421006
114.3010,-12865,-33.680492,-0.421006
114.3110,-12865,-33.680492,-0.421006
114.3210,-12865,-33.680492,-0.421006
114.3310,-12866,-33.683109,-0.421039
114.3410,-12866,-33.683109,-0.421039
114.3510,-12866,-33.683109,-0.421039
114.3610,-12867,-33.685726,-0.421072
114.3710,-12867,-33.685726,-0.421072
114.3810,-12867,-33.685726,-0.421072
114.3910,-12868,-33.688346,-0.421104
114.4010,-12868,-33.688346,-0.421104
114.4110,-12868,-33.688346,-0.421104
114.4210,-12869,-33.690963,-0.421137
114.4310,-12869,-33.690963,-0.421137
114.4410,-12870,-33.693584,-0.421170
114.4510,-12871,-33.696197,-0.421202
114.4610,-12871,-33.696197,-0.421202
114.4710,-12871,-33.696197,-0.421202
114.4810,-12871,-33.696197,-0.421202
114.4910,-12872,-33.698818,-0.421235
114.5010,-12872,-33.698818,-0.421235
114.5110,-12872,-33.698818,-0.421235
114.5210,-12873,-33.701435,-0.421268
114.5310,-12873,-33.701435,-0.421268
114.5410,-12873,-33.701435,-0.421268
114.5510,-12874,-33.704055,-0.421301
114.5610,-12875,-33.706672,-0.421333
114.5710,-12875,-33.706672,-0.421333
114.5810,-12876,-33.709289,-0.421366
114.5910,-12877,-33.711906,-0.421399
114.6010,-12878,-33.714527,-0.421432
114.6110,-12879,-33.717144,-0.421464
114.6210,-12881,-33.722381,-0.421530
114.6310,-12882,-33.724998,-0.421563
114.6410,-12883,-33.727615,-0.421595
114.6520,-12885,-33.732852,-0.421661
114.6610,-12885,-33.732852,-0.421661
114.6710,-12886,-33.735469,-0.421693
114.6810,-12886,-33.735469,-0.421693
114.6910,-12887,-33.738086,-0.421726
114.7010,-12887,-33.738086,-0.421726
114.7110,-12887,-33.738086,-0.421726
114.7210,-12887,-33.738086,-0.421726
114.7310,-12887,-33.738086,-0.421726
114.7410,-12887,-33.738086,-0.421726
114.7510,-12888,-33.740703,-0.421759
114.7610,-12888,-33.740703,-0.421759
114.7710,-12889,-33.743324,-0.421792
114.7810,-12889,-33.743324,-0.421792
114.7910,-12890,-33.745941,-0.421824
114.8010,-12891,-33.748561,-0.421857
114.8110,-12891,-33.748561,-0.421857
114.8210,-12892,-33.751174,-0.421890
114.8310,-12892,-33.751174,-0.421890
114.8410,-12892,-33.751174,-0.421890
114.8510,-12893,-33.753795,-0.421922
114.8610,-12893,-33.753795,-0.421922
114.8710,-12893,-33.753795,-0.421922
114.8810,-12893,-33.753795,-0.421922
114.8910,-12894,-33.756412,-0.421955
114.9010,-12895,-33.759033,-0.421988
114.9110,-12895,-33.759033,-0.421988
114.9210,-12896,-33.761650,-0.422021
114.9310,-12896,-33.761650,-0.422021
114.9410,-12897,-33.764270,-0.422053
114.9510,-12897,-33.764270,-0.422053
114.9610,-12898,-33.766883,-0.422086
114.9710,-12898,-33.766883,-0.422086
114.9810,-12898,-33.766883,-0.422086
114.9910,-12898,-33.766883,-0.422086
115.0010,-12898,-33.766883,-0.422086
115.0110,-12898,-33.766883,-0.422086
115.0210,-12899,-33.769504,-0.422119
115.0310,-12899,-33.769504,-0.422119
115.0410,-12900,-33.772121,-0.422152
115.0510,-12901,-33.774742,-0.422184
115.0610,-12901,-33.774742,-0.422184
115.0710,-12902,-33.777359,-0.422217
115.0810,-12902,-33.777359,-0.422217
115.0910,-12903,-33.779975,-0.422250
115.1010,-12903,-33.779975,-0.422250
115.1110,-12903,-33.779975,-0.422250
115.1210,-12904,-33.782592,-0.422282
115.1310,-12904,-33.782592,-0.422282
115.1410,-12905,-33.785213,-0.422315
115.1510,-12906,-33.787830,-0.422348
115.1610,-12907,-33.790447,-0.422381
115.1710,-12908,-33.793067,-0.422413
115.1810,-12909,-33.795684,-0.422446
115.1910,-12911,-33.800918,-0.422512
115.2010,-12911,-33.800918,-0.422512
115.2110,-12912,-33.803539,-0.422544
115.2210,-12914,-33.808773,-0.422610
115.2310,-12914,-33.808773,-0.422610
115.2410,-12915,-33.811389,-0.422642
115.2510,-12915,-33.811389,-0.422642
115.2610,-12915,-33.811389,-0.422642
115.2710,-12915,-33.811389,-0.422642
115.2810,-12915,-33.811389,-0.422642
115.2920,-12915,-33.811389,-0.422642
115.3010,-12915,-33.811389,-0.422642
115.3110,-12915,-33.811389,-0.422642
115.3210,-12916,-33.814010,-0.422675
115.3310,-12916,-33.814010,-0.422675
115.3410,-12917,-33.816627,-0.422708
115.3510,-12918,-33.819248,-0.422741
115.3610,-12918,-33.819248,-0.422741
115.3710,-12919,-33.821861,-0.422773
115.3810,-12919,-33.821861,-0.422773
115.3910,-12919,-33.821861,-0.422773
115.4010,-12919,-33.821861,-0.422773
115.4110,-12919,-33.821861,-0.422773
115.4210,-12919,-33.821861,-0.422773
115.4310,-12919,-33.821861,-0.422773
115.4410,-12919,-33.821861,-0.422773
115.4510,-12919,-33.821861,-0.422773
115.4610,-12919,-33.821861,-0.422773
115.4710,-12920,-33.824481,-0.422806
115.4810,-12920,-33.824481,-0.422806
115.4910,-12920,-33.824481,-0.422806
115.5010,-12921,-33.827098,-0.422839
115.5110,-12921,-33.827098,-0.422839
115.5210,-12921,-33.827098,-0.422839
115.5310,-12921,-33.827098,-0.422839
115.5410,-12921,-33.827098,-0.422839
115.5510,-12921,-33.827098,-0.422839
115.5610,-12921,-33.827098,-0.422839
115.5710,-12921,-33.827098,-0.422839
115.5810,-12921,-33.827098,-0.422839
115.5910,-12921,-33.827098,-0.422839
115.6010,-12922,-33.829719,-0.422872
115.6110,-12922,-33.829719,-0.422872
115.6210,-12922,-33.829719,-0.422872
115.6310,-12923,-33.832336,-0.422904
115.6410,-12923,-33.832336,-0.422904
115.6510,-12923,-33.832336,-0.422904
115.6610,-12923,-33.832336,-0.422904
115.6710,-12923,-33.832336,-0.422904
115.6810,-12923,-33.832336,-0.422904
115.6910,-12923,-33.832336,-0.422904
115.7010,-12923,-33.832336,-0.422904
115.7110,-12923,-33.832336,-0.422904
115.7210,-12923,-33.832336,-0.422904
115.7310,-12923,-33.832336,-0.422904
115.7410,-12924,-33.834957,-0.422937
115.7510,-12924,-33.834957,-0.422937
115.7610,-12924,-33.834957,-0.422937
115.7710,-12924,-33.834957,-0.422937
115.7810,-12925,-33.837570,-0.422970
115.7910,-12925,-33.837570,-0.422970
115.8010,-12925,-33.837570,-0.422970
115.8110,-12925,-33.837570,-0.422970
115.8210,-12925,-33.837570,-0.422970
115.8310,-12925,-33.837570,-0.422970
115.8410,-12925,-33.837570,-0.422970
115.8510,-12925,-33.837570,-0.422970
115.8610,-12925,-33.837570,-0.422970
115.8710,-12926,-33.840190,-0.423002
115.8810,-12926,-33.840190,-0.423002
115.8910,-12926,-33.840190,-0.423002
115.9010,-12926,-33.840190,-0.423002
115.9110,-12926,-33.840190,-0.423002
115.9210,-12927,-33.842807,-0.423035
115.9320,-12927,-33.842807,-0.423035
115.9410,-12927,-33.842807,-0.423035
115.9510,-12927,-33.842807,-0.423035
115.9610,-12927,-33.842807,-0.423035
115.9710,-12927,-33.842807,-0.423035
115.9810,-12927,-33.842807,-0.423035
115.9910,-12927,-33.842807,-0.423035
116.0010,-12927,-33.842807,-0.423035
116.0110,-12928,-33.845424,-0.423068
116.0210,-12928,-33.845424,-0.423068
116.0310,-12928,-33.845424,-0.423068
116.0410,-12928,-33.845424,-0.423068
116.0510,-12928,-33.845424,-0.423068
116.0610,-12929,-33.848045,-0.423101
116.0710,-12929,-33.848045,-0.423101
116.0810,-12929,-33.848045,-0.423101
116.0910,-12929,-33.848045,-0.423101
116.1010,-12929,-33.848045,-0.423101
116.1110,-12929,-33.848045,-0.423101
116.1210,-12929,-33.848045,-0.423101
116.1310,-12929,-33.848045,-0.423101
116.1410,-12930,-33.850662,-0.423133
116.1510,-12930,-33.850662,-0.423133
116.1610,-12930,-33.850662,-0.423133
116.1710,-12930,-33.850662,-0.423133
116.1810,-12930,-33.850662,-0.423133
116.1910,-12931,-33.853279,-0.423166
116.2010,-12931,-33.853279,-0.423166
116.2110,-12931,-33.853279,-0.423166
116.2210,-12931,-33.853279,-0.423166
116.2310,-12931,-33.853279,-0.423166
116.2410,-12931,-33.853279,-0.423166
116.2510,-12931,-33.853279,-0.423166
116.2610,-12931,-33.853279,-0.423166
116.2710,-12932,-33.855895,-0.423199
116.2810,-12932,-33.855895,-0.423199
116.2910,-12932,-33.855895,-0.423199
116.3010,-12932,-33.855895,-0.423199
116.3110,-12933,-33.858516,-0.423231
116.3210,-12933,-33.858516,-0.423231
116.3310,-12933,-33.858516,-0.423231
116.3410,-12933,-33.858516,-0.423231
116.3510,-12933,-33.858516,-0.423231
116.3610,-12934,-33.861133,-0.423264
116.3710,-12934,-33.861133,-0.423264
116.3810,-12934,-33.861133,-0.423264
116.3910,-12934,-33.861133,-0.423264
116.4010,-12934,-33.861133,-0.423264
116.4110,-12935,-33.863750,-0.423297
116.4210,-12935,-33.863750,-0.423297
116.4310,-12935,-33.863750,-0.423297
116.4410,-12935,-33.863750,-0.423297
116.4510,-12935,-33.863750,-0.423297
116.4610,-12936,-33.866367,-0.423330
116.4710,-12936,-33.866367,-0.423330
116.4810,-12937,-33.868988,-0.423362
116.4910,-12937,-33.868988,-0.423362
116.5010,-12937,-33.868988,-0.423362
116.5110,-12938,-33.871604,-0.423395
116.5210,-12938,-33.871604,-0.423395
116.5310,-12939,-33.874225,-0.423428
116.5410,-12939,-33.874225,-0.423428
116.5510,-12939,-33.874225,-0.423428
116.5610,-12940,-33.876842,-0.423461
116.5720,-12940,-33.876842,-0.423461
116.5810,-12940,-33.876842,-0.423461
116.5910,-12941,-33.879459,-0.423493
116.6010,-12941,-33.879459,-0.423493
116.6110,-12942,-33.882076,-0.423526
116.6210,-12942,-33.882076,-0.423526
116.6310,-12943,-33.884696,-0.423559
116.6410,-12943,-33.884696,-0.423559
116.6510,-12943,-33.884696,-0.423559
116.6610,-12944,-33.887313,-0.423591
116.6710,-12944,-33.887313,-0.423591
116.6810,-12945,-33.889934,-0.423624
116.6910,-12945,-33.889934,-0.423624
116.7010,-12946,-33.892547,-0.423657
116.7110,-12946,-33.892547,-0.423657
116.7210,-12946,-33.892547,-0.423657
116.7310,-12947,-33.895168,-0.423690
116.7410,-12947,-33.895168,-0.423690
116.7510,-12947,-33.895168,-0.423690
116.7610,-12948,-33.897785,-0.423722
116.7710,-12948,-33.897785,-0.423722
116.7810,-12948,-33.897785,-0.423722
116.7910,-12949,-33.900405,-0.423755
116.8010,-12949,-33.900405,-0.423755
116.8110,-12949,-33.900405,-0.423755
116.8210,-12950,-33.903022,-0.423788
116.8310,-12950,-33.903022,-0.423788
116.8410,-12950,-33.903022,-0.423788
116.8510,-12950,-33.903022,-0.423788
116.8610,-12951,-33.905639,-0.423821
116.8710,-12951,-33.905639,-0.423821
116.8810,-12951,-33.905639,-0.423821
116.8910,-12952,-33.908256,-0.423853
116.9010,-12952,-33.908256,-0.423853
116.9110,-12952,-33.908256,-0.423853
116.9210,-12952,-33.908256,-0.423853
116.9310,-12953,-33.910877,-0.423886
116.9410,-12953,-33.910877,-0.423886
116.9510,-12953,-33.910877,-0.423886
116.9610,-12953,-33.910877,-0.423886
116.9710,-12953,-33.910877,-0.423886
116.9810,-12953,-33.910877,-0.423886
116.9910,-12954,-33.913494,-0.423919
117.0010,-12954,-33.913494,-0.423919
117.0110,-12954,-33.913494,-0.423919
117.0210,-12954,-33.913494,-0.423919
117.0310,-12954,-33.913494,-0.423919
117.0410,-12955,-33.916110,-0.423951
117.0510,-12955,-33.916110,-0.423951
117.0610,-12955,-33.916110,-0.423951
117.0710,-12955,-33.916110,-0.423951
117.0810,-12955,-33.916110,-0.423951
117.0910,-12956,-33.918731,-0.423984
117.1010,-12956,-33.918731,-0.423984
117.1110,-12956,-33.918731,-0.423984
117.1210,-12956,-33.918731,-0.423984
117.1310,-12956,-33.918731,-0.423984
117.1410,-12957,-33.921344,-0.424017
117.1510,-12957,-33.921344,-0.424017
117.1610,-12957,-33.921344,-0.424017
117.1710,-12957,-33.921344,-0.424017
117.1810,-12957,-33.921344,-0.424017
117.1910,-12958,-33.923965,-0.424050
117.2010,-12958,-33.923965,-0.424050
117.2120,-12958,-33.923965,-0.424050
117.2210,-12958,-33.923965,-0.424050
117.2310,-12958,-33.923965,-0.424050
117.2410,-12958,-33.923965,-0.424050
117.2510,-12959,-33.926582,-0.424082
117.2610,-12959,-33.926582,-0.424082
117.2710,-12959,-33.926582,-0.424082
117.2810,-12959,-33.926582,-0.424082
117.2910,-12959,-33.926582,-0.424082
117.3010,-12959,-33.926582,-0.424082
117.3110,-12960,-33.929203,-0.424115
117.3210,-12960,-33.929203,-0.424115
117.3310,-12960,-33.929203,-0.424115
117.3410,-12960,-33.929203,-0.424115
117.3510,-12960,-33.929203,-0.424115
117.3610,-12961,-33.931819,-0.424148
117.3710,-12961,-33.931819,-0.424148
117.3810,-12961,-33.931819,-0.424148
117.3910,-12961,-33.931819,-0.424148
117.4010,-12961,-33.931819,-0.424148
117.4110,-12961,-33.931819,-0.424148
117.4210,-12961,-33.931819,-0.424148
117.4310,-12962,-33.934436,-0.424180
117.4410,-12962,-33.934436,-0.424180
117.4510,-12962,-33.934436,-0.424180
117.4610,-12962,-33.934436,-0.424180
117.4710,-12963,-33.937053,-0.424213
117.4810,-12963,-33.937053,-0.424213
117.4910,-12963,-33.937053,-0.424213
117.5010,-12963,-33.937053,-0.424213
117.5110,-12963,-33.937053,-0.424213
117.5210,-12963,-33.937053,-0.424213
117.5310,-12963,-33.937053,-0.424213
117.5410,-12964,-33.939674,-0.424246
117.5510,-12964,-33.939674,-0.424246
117.5610,-12964,-33.939674,-0.424246
117.5710,-12964,-33.939674,-0.424246
117.5810,-12964,-33.939674,-0.424246
117.5910,-12965,-33.942291,-0.424279
117.6010,-12965,-33.942291,-0.424279
117.6110,-12965,-33.942291,-0.424279
117.6210,-12965,-33.942291,-0.424279
117.6310,-12965,-33.942291,-0.424279
117.6410,-12965,-33.942291,-0.424279
117.6510,-12965,-33.942291,-0.424279
117.6610,-12966,-33.944911,-0.424311
117.6710,-12966,-33.944911,-0.424311
117.6810,-12966,-33.944911,-0.424311
117.6910,-12966,-33.944911,-0.424311
117.7010,-12966,-33.944911,-0.424311
117.7110,-12966,-33.944911,-0.424311
117.7210,-12966,-33.944911,-0.424311
117.7310,-12967,-33.947525,-0.424344
117.7410,-12967,-33.947525,-0.424344
117.7510,-12967,-33.947525,-0.424344
117.7610,-12967,-33.947525,-0.424344
117.7710,-12967,-33.947525,-0.424344
117.7810,-12967,-33.947525,-0.424344
117.7910,-12968,-33.950145,-0.424377
117.8010,-12968,-33.950145,-0.424377
117.8110,-12968,-33.950145,-0.424377
117.8210,-12968,-33.950145,-0.424377
117.8310,-12968,-33.950145,-0.424377
117.8410,-12968,-33.950145,-0.424377
117.8520,-12968,-33.950145,-0.424377
117.8610,-12969,-33.952762,-0.424410
117.8710,-12969,-33.952762,-0.424410
117.8810,-12969,-33.952762,-0.424410
117.8910,-12969,-33.952762,-0.424410
117.9010,-12969,-33.952762,-0.424410
117.9110,-12970,-33.955383,-0.424442
117.9210,-12970,-33.955383,-0.424442
117.9310,-12970,-33.955383,-0.424442
117.9410,-12970,-33.955383,-0.424442
117.9510,-12970,-33.955383,-0.424442
117.9610,-12971,-33.958000,-0.424475
117.9710,-12971,-33.958000,-0.424475
117.9810,-12971,-33.958000,-0.424475
117.9910,-12971,-33.958000,-0.424475
118.0010,-12971,-33.958000,-0.424475
118.0110,-12971,-33.958000,-0.424475
118.0210,-12971,-33.958000,-0.424475
118.0310,-12971,-33.958000,-0.424475
118.0410,-12971,-33.958000,-0.424475
118.0510,-12971,-33.958000,-0.424475
118.0610,-12972,-33.960617,-0.424508
118.0710,-12972,-33.960617,-0.424508
118.0810,-12972,-33.960617,-0.424508
118.0910,-12972,-33.960617,-0.424508
118.1010,-12972,-33.960617,-0.424508
118.1110,-12972,-33.960617,-0.424508
118.1210,-12972,-33.960617,-0.424508
118.1310,-12973,-33.963233,-0.424540
118.1410,-12973,-33.963233,-0.424540
118.1510,-12973,-33.963233,-0.424540
118.1610,-12973,-33.963233,-0.424540
118.1710,-12973,-33.963233,-0.424540
118.1810,-12973,-33.963233,-0.424540
118.1910,-12973,-33.963233,-0.424540
118.2010,-12973,-33.963233,-0.424540
118.2110,-12974,-33.965854,-0.424573
118.2210,-12974,-33.965854,-0.424573
118.2310,-12974,-33.965854,-0.424573
118.2410,-12974,-33.965854,-0.424573
118.2510,-12974,-33.965854,-0.424573
118.2610,-12974,-33.965854,-0.424573
118.2710,-12974,-33.965854,-0.424573
118.2810,-12974,-33.965854,-0.424573
118.2910,-12974,-33.965854,-0.424573
118.3010,-12975,-33.968471,-0.424606
118.3110,-12975,-33.968471,-0.424606
118.3210,-12975,-33.968471,-0.424606
118.3310,-12975,-33.968471,-0.424606
118.3410,-12975,-33.968471,-0.424606
118.3510,-12975,-33.968471,-0.424606
118.3610,-12975,-33.968471,-0.424606
118.3710,-12975,-33.968471,-0.424606
118.3810,-12975,-33.968471,-0.424606
118.3910,-12975,-33.968471,-0.424606
118.4010,-12976,-33.971088,-0.424639
118.4110,-12976,-33.971088,-0.424639
118.4210,-12976,-33.971088,-0.424639
118.4310,-12976,-33.971088,-0.424639
118.4410,-12976,-33.971088,-0.424639
118.4510,-12976,-33.971088,-0.424639
118.4610,-12976,-33.971088,-0.424639
118.4710,-12977,-33.973709,-0.424671
118.4810,-12977,-33.973709,-0.424671
118.4920,-12977,-33.973709,-0.424671
118.5010,-12977,-33.973709,-0.424671
118.5110,-12977,-33.973709,-0.424671
118.5210,-12977,-33.973709,-0.424671
118.5310,-12977,-33.973709,-0.424671
118.5410,-12977,-33.973709,-0.424671
118.5510,-12977,-33.973709,-0.424671
118.5610,-12977,-33.973709,-0.424671
118.5710,-12978,-33.976325,-0.424704
118.5810,-12978,-33.976325,-0.424704
118.5910,-12978,-33.976325,-0.424704
118.6010,-12978,-33.976325,-0.424704
118.6110,-12978,-33.976325,-0.424704
118.6210,-12978,-33.976325,-0.424704
118.6310,-12978,-33.976325,-0.424704
118.6410,-12978,-33.976325,-0.424704
118.6510,-12978,-33.976325,-0.424704
118.6610,-12978,-33.976325,-0.424704
118.6710,-12979,-33.978942,-0.424737
118.6810,-12979,-33.978942,-0.424737
118.6910,-12979,-33.978942,-0.424737
118.7010,-12979,-33.978942,-0.424737
118.7110,-12979,-33.978942,-0.424737
118.7210,-12979,-33.978942,-0.424737
118.7310,-12979,-33.978942,-0.424737
118.7410,-12979,-33.978942,-0.424737
118.7510,-12980,-33.981559,-0.424769
118.7610,-12980,-33.981559,-0.424769
118.7710,-12980,-33.981559,-0.424769
118.7810,-12980,-33.981559,-0.424769
118.7910,-12980,-33.981559,-0.424769
118.8010,-12981,-33.984180,-0.424802
118.8110,-12981,-33.984180,-0.424802
118.8210,-12981,-33.984180,-0.424802
118.8310,-12982,-33.986797,-0.424835
118.8410,-12982,-33.986797,-0.424835
118.8510,-12982,-33.986797,-0.424835
118.8610,-12982,-33.986797,-0.424835
118.8710,-12983,-33.989418,-0.424868
118.8810,-12983,-33.989418,-0.424868
118.8910,-12983,-33.989418,-0.424868
118.9010,-12983,-33.989418,-0.424868
118.9110,-12983,-33.989418,-0.424868
118.9210,-12984,-33.992031,-0.424900
118.9310,-12984,-33.992031,-0.424900
118.9410,-12984,-33.992031,-0.424900
118.9510,-12985,-33.994651,-0.424933
118.9610,-12985,-33.994651,-0.424933
118.9710,-12985,-33.994651,-0.424933
118.9810,-12985,-33.994651,-0.424933
118.9910,-12986,-33.997268,-0.424966
119.0010,-12986,-33.997268,-0.424966
119.0110,-12986,-33.997268,-0.424966
119.0210,-12987,-33.999889,-0.424999
119.0310,-12987,-33.999889,-0.424999
119.0410,-12987,-33.999889,-0.424999
119.0510,-12987,-33.999889,-0.424999
119.0610,-12987,-33.999889,-0.424999
119.0710,-12988,-34.002506,-0.425031
119.0810,-12988,-34.002506,-0.425031
119.0910,-12988,-34.002506,-0.425031
119.1010,-12989,-34.005123,-0.425064
119.1110,-12989,-34.005123,-0.425064
119.1210,-12989,-34.005123,-0.425064
119.1320,-12989,-34.005123,-0.425064
119.1410,-12989,-34.005123,-0.425064
119.1510,-12989,-34.005123,-0.425064
119.1610,-12990,-34.007740,-0.425097
119.1710,-12990,-34.007740,-0.425097
119.1810,-12990,-34.007740,-0.425097
119.1910,-12990,-34.007740,-0.425097
119.2010,-12991,-34.010360,-0.425129
119.2110,-12991,-34.010360,-0.425129
119.2210,-12991,-34.010360,-0.425129
119.2310,-12991,-34.010360,-0.425129
119.2410,-12991,-34.010360,-0.425129
119.2510,-12992,-34.012977,-0.425162
119.2610,-12992,-34.012977,-0.425162
119.2710,-12992,-34.012977,-0.425162
119.2810,-12992,-34.012977,-0.425162
119.2910,-12992,-34.012977,-0.425162
119.3010,-12993,-34.015598,-0.425195
119.3110,-12993,-34.015598,-0.425195
119.3210,-12993,-34.015598,-0.425195
119.3310,-12993,-34.015598,-0.425195
119.3410,-12994,-34.018211,-0.425228
119.3510,-12994,-34.018211,-0.425228
119.3610,-12994,-34.018211,-0.425228
119.3710,-12994,-34.018211,-0.425228
119.3810,-12994,-34.018211,-0.425228
119.3910,-12994,-34.018211,-0.425228
119.4010,-12995,-34.020832,-0.425260
119.4110,-12995,-34.020832,-0.425260
119.4210,-12995,-34.020832,-0.425260
119.4310,-12995,-34.020832,-0.425260
119.4410,-12996,-34.023448,-0.425293
119.4510,-12996,-34.023448,-0.425293
119.4610,-12996,-34.023448,-0.425293
119.4710,-12996,-34.023448,-0.425293
119.4810,-12997,-34.026065,-0.425326
119.4910,-12997,-34.026065,-0.425326
119.5010,-12997,-34.026065,-0.425326
119.5110,-12997,-34.026065,-0.425326
119.5210,-12997,-34.026065,-0.425326
119.5310,-12998,-34.028686,-0.425359
119.5410,-12998,-34.028686,-0.425359
119.5510,-12998,-34.028686,-0.425359
119.5610,-12998,-34.028686,-0.425359
119.5710,-12999,-34.031303,-0.425391
119.5810,-12999,-34.031303,-0.425391
119.5910,-12999,-34.031303,-0.425391
119.6010,-13000,-34.033920,-0.425424
119.6110,-13000,-34.033920,-0.425424
119.6210,-13000,-34.033920,-0.425424
119.6310,-13000,-34.033920,-0.425424
119.6410,-13001,-34.036537,-0.425457
119.6510,-13001,-34.036537,-0.425457
119.6610,-13001,-34.036537,-0.425457
119.6710,-13002,-34.039157,-0.425489
119.6810,-13002,-34.039157,-0.425489
119.6910,-13003,-34.041774,-0.425522
119.7010,-13003,-34.041774,-0.425522
119.7110,-13004,-34.044395,-0.425555
119.7210,-13004,-34.044395,-0.425555
119.7310,-13005,-34.047008,-0.425588
119.7410,-13006,-34.049629,-0.425620
119.7510,-13006,-34.049629,-0.425620
119.7610,-13007,-34.052246,-0.425653
119.7720,-13008,-34.054866,-0.425686
119.7810,-13008,-34.054866,-0.425686
119.7910,-13009,-34.057483,-0.425719
119.8010,-13010,-34.060100,-0.425751
119.8110,-13011,-34.062717,-0.425784
119.8210,-13011,-34.062717,-0.425784
119.8310,-13012,-34.065338,-0.425817
119.8410,-13014,-34.070575,-0.425882
119.8510,-13017,-34.078426,-0.425980
119.8610,-13023,-34.094135,-0.426177
119.8710,-13032,-34.117694,-0.426471
119.8810,-13037,-34.130786,-0.426635
119.8910,-13043,-34.146495,-0.426831
119.9010,-13048,-34.159584,-0.426995
119.9110,-13054,-34.175292,-0.427191
119.9210,-13059,-34.188381,-0.427355
119.9310,-13062,-34.196239,-0.427453
119.9410,-13064,-34.201473,-0.427518
119.9510,-13065,-34.204090,-0.427551
119.9610,-13064,-34.201473,-0.427518
119.9710,-13063,-34.198856,-0.427486
119.9810,-13061,-34.193618,-0.427420
119.9910,-13060,-34.191001,-0.427388
120.0010,-13060,-34.191001,-0.427388
120.0110,-13060,-34.191001,-0.427388
120.0210,-13061,-34.193618,-0.427420
120.0310,-13063,-34.198856,-0.427486
120.0410,-13067,-34.209327,-0.427617
120.0510,-13069,-34.214561,-0.427682
120.0610,-13072,-34.222415,-0.427780
120.0710,-13075,-34.230270,-0.427878
120.0810,-13077,-34.235507,-0.427944
120.0910,-13079,-34.240745,-0.428009
120.1010,-13079,-34.240745,-0.428009
120.1110,-13079,-34.240745,-0.428009
120.1210,-13079,-34.240745,-0.428009
120.1310,-13079,-34.240745,-0.428009
120.1410,-13079,-34.240745,-0.428009
120.1510,-13080,-34.243358,-0.428042
120.1610,-13080,-34.243358,-0.428042
120.1710,-13082,-34.248596,-0.428107
120.1810,-13083,-34.251216,-0.428140
120.1910,-13085,-34.256450,-0.428206
120.2010,-13087,-34.261688,-0.428271
120.2110,-13088,-34.264305,-0.428304
120.2210,-13088,-34.264305,-0.428304
120.2310,-13089,-34.266921,-0.428337
120.2410,-13089,-34.266921,-0.428337
120.2510,-13089,-34.266921,-0.428337
120.2610,-13089,-34.266921,-0.428337
120.2710,-13089,-34.266921,-0.428337
120.2810,-13089,-34.266921,-0.428337
120.2910,-13089,-34.266921,-0.428337
120.3010,-13089,-34.266921,-0.428337
120.3110,-13090,-34.269542,-0.428369
120.3210,-13090,-34.269542,-0.428369
120.3310,-13091,-34.272159,-0.428402
120.3410,-13092,-34.274776,-0.428435
120.3510,-13093,-34.277393,-0.428467
120.3610,-13093,-34.277393,-0.428467
120.3710,-13093,-34.277393,-0.428467
120.3810,-13093,-34.277393,-0.428467
120.3910,-13093,-34.277393,-0.428467
120.4010,-13093,-34.277393,-0.428467
120.4120,-13093,-34.277393,-0.428467
120.4210,-13093,-34.277393,-0.428467
120.4310,-13093,-34.277393,-0.428467
120.4410,-13093,-34.277393,-0.428467
120.4510,-13094,-34.280014,-0.428500
120.4610,-13094,-34.280014,-0.428500
120.4710,-13095,-34.282630,-0.428533
120.4810,-13095,-34.282630,-0.428533
120.4910,-13096,-34.285247,-0.428566
120.5010,-13096,-34.285247,-0.428566
120.5110,-13096,-34.285247,-0.428566
120.5210,-13096,-34.285247,-0.428566
120.5310,-13096,-34.285247,-0.428566
120.5410,-13096,-34.285247,-0.428566
120.5510,-13096,-34.285247,-0.428566
120.5610,-13096,-34.285247,-0.428566
120.5710,-13096,-34.285247,-0.428566
120.5810,-13096,-34.285247,-0.428566
120.5910,-13097,-34.287864,-0.428598
120.6010,-13097,-34.287864,-0.428598
120.6110,-13098,-34.290485,-0.428631
120.6210,-13098,-34.290485,-0.428631
120.6310,-13098,-34.290485,-0.428631
120.6410,-13098,-34.290485,-0.428631
120.6510,-13099,-34.293102,-0.428664
120.6610,-13099,-34.293102,-0.428664
120.6710,-13099,-34.293102,-0.428664
120.6810,-13099,-34.293102,-0.428664
120.6910,-13099,-34.293102,-0.428664
120.7010,-13099,-34.293102,-0.428664
120.7110,-13099,-34.293102,-0.428664
120.7210,-13099,-34.293102,-0.428664
120.7310,-13099,-34.293102,-0.428664
120.7410,-13100,-34.295722,-0.428697
120.7510,-13100,-34.295722,-0.428697
120.7610,-13100,-34.295722,-0.428697
120.7710,-13100,-34.295722,-0.428697
120.7810,-13101,-34.298336,-0.428729
120.7910,-13101,-34.298336,-0.428729
120.8010,-13101,-34.298336,-0.428729
120.8110,-13101,-34.298336,-0.428729
120.8210,-13101,-34.298336,-0.428729
120.8310,-13101,-34.298336,-0.428729
120.8410,-13101,-34.298336,-0.428729
120.8510,-13101,-34.298336,-0.428729
120.8610,-13101,-34.298336,-0.428729
120.8710,-13102,-34.300956,-0.428762
120.8810,-13102,-34.300956,-0.428762
120.8910,-13102,-34.300956,-0.428762
120.9010,-13103,-34.303573,-0.428795
120.9110,-13103,-34.303573,-0.428795
120.9210,-13103,-34.303573,-0.428795
120.9310,-13103,-34.303573,-0.428795
120.9410,-13104,-34.306194,-0.428827
120.9510,-13104,-34.306194,-0.428827
120.9610,-13104,-34.306194,-0.428827
120.9710,-13105,-34.308811,-0.428860
120.9810,-13105,-34.308811,-0.428860
120.9910,-13105,-34.308811,-0.428860
121.0010,-13106,-34.311431,-0.428893
121.0110,-13106,-34.311431,-0.428893
121.0210,-13107,-34.314044,-0.428926
121.0310,-13107,-34.314044,-0.428926
121.0410,-13108,-34.316665,-0.428958
121.0520,-13108,-34.316665,-0.428958
121.0610,-13108,-34.316665,-0.428958
121.0710,-13109,-34.319282,-0.428991
121.0810,-13111,-34.324520,-0.429057
121.0910,-13112,-34.327136,-0.429089
121.1010,-13113,-34.329753,-0.429122
121.1110,-13116,-34.337608,-0.429220
121.1210,-13119,-34.345462,-0.429318
121.1310,-13123,-34.355934,-0.429449
121.1410,-13128,-34.369022,-0.429613
121.1510,-13136,-34.389968,-0.429875
121.1610,-13147,-34.418766,-0.430235
121.1710,-13161,-34.455417,-0.430693
121.1810,-13177,-34.497306,-0.431216
121.1910,-13197,-34.549667,-0.431871
121.2010,-13220,-34.609878,-0.432623
121.2110,-13246,-34.677947,-0.433474
121.2210,-13264,-34.725070,-0.434063
121.2310,-13281,-34.769577,-0.434620
121.2410,-13308,-34.840263,-0.435503
121.2510,-13334,-34.908332,-0.436354
121.2610,-13359,-34.973781,-0.437172
121.2710,-13376,-35.018287,-0.437729
121.2810,-13391,-35.057556,-0.438219
121.2910,-13406,-35.096828,-0.438710
121.3010,-13422,-35.138717,-0.439234
121.3110,-13434,-35.170131,-0.439627
121.3210,-13443,-35.193695,-0.439921
121.3310,-13452,-35.217254,-0.440216
121.3410,-13462,-35.243434,-0.440543
121.3510,-13471,-35.266994,-0.440837
121.3610,-13481,-35.293178,-0.441165
121.3710,-13494,-35.327209,-0.441590
121.3810,-13508,-35.363864,-0.442048
121.3910,-13526,-35.410984,-0.442637
121.4010,-13542,-35.452873,-0.443161
121.4110,-13561,-35.502616,-0.443783
121.4210,-13575,-35.539268,-0.444241
121.4310,-13589,-35.575920,-0.444699
121.4410,-13602,-35.609954,-0.445124
121.4510,-13615,-35.643989,-0.445550
121.4610,-13623,-35.664932,-0.445812
121.4710,-13628,-35.678020,-0.445975
121.4810,-13631,-35.685878,-0.446074
121.4910,-13630,-35.683258,-0.446041
121.5010,-13628,-35.678020,-0.445975
121.5110,-13626,-35.672782,-0.445910
121.5210,-13623,-35.664932,-0.445812
121.5310,-13621,-35.659694,-0.445746
121.5410,-13621,-35.659694,-0.445746
121.5510,-13623,-35.664932,-0.445812
121.5610,-13625,-35.670169,-0.445877
121.5710,-13629,-35.680641,-0.446008
121.5810,-13634,-35.693729,-0.446172
121.5910,-13638,-35.704200,-0.446302
121.6010,-13642,-35.714672,-0.446433
121.6110,-13644,-35.719909,-0.446499
121.6210,-13645,-35.722526,-0.446532
121.6310,-13645,-35.722526,-0.446532
121.6410,-13644,-35.719909,-0.446499
121.6510,-13643,-35.717288,-0.446466
121.6610,-13641,-35.712055,-0.446401
121.6710,-13639,-35.706817,-0.446335
121.6810,-13639,-35.706817,-0.446335
121.6920,-13639,-35.706817,-0.446335
121.7010,-13639,-35.706817,-0.446335
121.7110,-13641,-35.712055,-0.446401
121.7210,-13643,-35.717288,-0.446466
121.7310,-13646,-35.725147,-0.446564
121.7410,-13648,-35.730381,-0.446630
121.7510,-13650,-35.735618,-0.446695
121.7610,-13651,-35.738235,-0.446728
121.7710,-13651,-35.738235,-0.446728
121.7810,-13651,-35.738235,-0.446728
121.7910,-13650,-35.735618,-0.446695
121.8010,-13649,-35.732997,-0.446662
121.8110,-13648,-35.730381,-0.446630
121.8210,-13647,-35.727764,-0.446597
121.8310,-13647,-35.727764,-0.446597
121.8410,-13648,-35.730381,-0.446630
121.8510,-13649,-35.732997,-0.446662
121.8610,-13650,-35.735618,-0.446695
121.8710,-13652,-35.740856,-0.446761
121.8810,-13653,-35.743469,-0.446793
121.8910,-13654,-35.746089,-0.446826
121.9010,-13654,-35.746089,-0.446826
121.9110,-13655,-35.748706,-0.446859
121.9210,-13655,-35.748706,-0.446859
121.9310,-13654,-35.746089,-0.446826
121.9410,-13654,-35.746089,-0.446826
121.9510,-13654,-35.746089,-0.446826
121.9610,-13653,-35.743469,-0.446793
121.9710,-13654,-35.746089,-0.446826
121.9810,-13654,-35.746089,-0.446826
121.9910,-13655,-35.748706,-0.446859
122.0010,-13656,-35.751327,-0.446892
122.0110,-13657,-35.753944,-0.446924
122.0210,-13658,-35.756561,-0.446957
122.0310,-13659,-35.759178,-0.446990
122.0410,-13660,-35.761798,-0.447023
122.0510,-13661,-35.764415,-0.447055
122.0610,-13662,-35.767032,-0.447088
122.0710,-13663,-35.769653,-0.447121
122.0810,-13664,-35.772266,-0.447153
122.0910,-13665,-35.774887,-0.447186
122.1010,-13666,-35.777503,-0.447219
122.1110,-13667,-35.780124,-0.447252
122.1210,-13669,-35.785358,-0.447317
122.1310,-13672,-35.793212,-0.447415
122.1410,-13675,-35.801067,-0.447513
122.1510,-13677,-35.806304,-0.447579
122.1610,-13678,-35.808921,-0.447612
122.1710,-13679,-35.811538,-0.447644
122.1810,-13681,-35.816776,-0.447710
122.1910,-13681,-35.816776,-0.447710
122.2010,-13682,-35.819393,-0.447742
122.2110,-13682,-35.819393,-0.447742
122.2210,-13683,-35.822010,-0.447775
122.2310,-13683,-35.822010,-0.447775
122.2410,-13683,-35.822010,-0.447775
122.2510,-13683,-35.822010,-0.447775
122.2610,-13684,-35.824630,-0.447808
122.2710,-13685,-35.827247,-0.447841
122.2810,-13686,-35.829864,-0.447873
122.2910,-13688,-35.835102,-0.447939
122.3010,-13690,-35.840339,-0.448004
122.3110,-13693,-35.848190,-0.448102
122.3210,-13697,-35.858661,-0.448233
122.3320,-13700,-35.866519,-0.448332
122.3410,-13703,-35.874370,-0.448430
122.3510,-13706,-35.882225,-0.448528
122.3610,-13709,-35.890079,-0.448626
122.3710,-13712,-35.897930,-0.448724
122.3810,-13716,-35.908405,-0.448855
122.3910,-13721,-35.921497,-0.449019
122.4010,-13726,-35.934585,-0.449182
122.4110,-13731,-35.947673,-0.449346
122.4210,-13737,-35.963382,-0.449542
122.4310,-13746,-35.986946,-0.449837
122.4410,-13757,-36.015743,-0.450197
122.4510,-13772,-36.055011,-0.450688
122.4610,-13783,-36.083808,-0.451048
122.4710,-13797,-36.120464,-0.451506
122.4810,-13816,-36.170204,-0.452128
122.4910,-13837,-36.225181,-0.452815
122.5010,-13855,-36.272308,-0.453404
122.5110,-13869,-36.308956,-0.453862
122.5210,-13883,-36.345611,-0.454320
122.5310,-13898,-36.384880,-0.454811
122.5410,-13912,-36.421531,-0.455269
122.5510,-13923,-36.450328,-0.455629
122.5610,-13933,-36.476509,-0.455956
122.5710,-13943,-36.502689,-0.456284
122.5810,-13957,-36.539340,-0.456742
122.5910,-13974,-36.583847,-0.457298
122.6010,-13994,-36.636207,-0.457953
122.6110,-14016,-36.693805,-0.458673
122.6210,-14040,-36.756633,-0.459458
122.6310,-14065,-36.822086,-0.460276
122.6410,-14092,-36.892768,-0.461160
122.6510,-14123,-36.973930,-0.462174
122.6610,-14153,-37.052467,-0.463156
122.6710,-14176,-37.112682,-0.463909
122.6810,-14195,-37.162422,-0.464530
122.6910,-14212,-37.206928,-0.465087
122.7010,-14224,-37.238346,-0.465479
122.7110,-14231,-37.256671,-0.465708
122.7210,-14237,-37.272377,-0.465905
122.7310,-14243,-37.288085,-0.466101
122.7410,-14251,-37.309032,-0.466363
122.7510,-14256,-37.322120,-0.466527
122.7610,-14263,-37.340450,-0.466756
122.7710,-14272,-37.364009,-0.467050
122.7810,-14283,-37.392807,-0.467410
122.7910,-14301,-37.439929,-0.467999
122.8010,-14315,-37.476585,-0.468457
122.8110,-14328,-37.510616,-0.468883
122.8210,-14342,-37.547267,-0.469341
122.8310,-14354,-37.578685,-0.469734
122.8410,-14363,-37.602249,-0.470028
122.8510,-14368,-37.615337,-0.470192
122.8610,-14373,-37.628425,-0.470355
122.8710,-14374,-37.631046,-0.470388
122.8810,-14375,-37.633663,-0.470421
122.8910,-14374,-37.631046,-0.470388
122.9010,-14372,-37.625808,-0.470323
122.9110,-14372,-37.625808,-0.470323
122.9210,-14372,-37.625808,-0.470323
122.9310,-14374,-37.631046,-0.470388
122.9410,-14378,-37.641517,-0.470519
122.9510,-14384,-37.657226,-0.470715
122.9610,-14389,-37.670314,-0.470879
122.9720,-14393,-37.680786,-0.471010
122.9810,-14398,-37.693874,-0.471173
122.9910,-14402,-37.704349,-0.471304
123.0010,-14405,-37.712203,-0.471403
123.0110,-14408,-37.720058,-0.471501
123.0210,-14411,-37.727909,-0.471599
123.0310,-14413,-37.733146,-0.471664
123.0410,-14416,-37.741001,-0.471763
123.0510,-14421,-37.754089,-0.471926
123.0610,-14425,-37.764560,-0.472057
123.0710,-14430,-37.777652,-0.472221
123.0810,-14438,-37.798595,-0.472482
123.0910,-14446,-37.819538,-0.472744
123.1010,-14453,-37.837867,-0.472973
123.1110,-14462,-37.861427,-0.473268
123.1210,-14471,-37.884990,-0.473562
123.1310,-14479,-37.905933,-0.473824
123.1410,-14488,-37.929496,-0.474119
123.1510,-14499,-37.958293,-0.474479
123.1610,-14512,-37.992328,-0.474904
123.1710,-14528,-38.034214,-0.475428
123.1810,-14552,-38.097049,-0.476213
123.1910,-14582,-38.175586,-0.477195
123.2010,-14616,-38.264598,-0.478308
123.2110,-14653,-38.361465,-0.479518
123.2210,-14697,-38.476657,-0.480958
123.2310,-14739,-38.586612,-0.482333
123.2410,-14783,-38.701805,-0.483773
123.2510,-14830,-38.824851,-0.485311
123.2610,-14875,-38.942657,-0.486783
123.2710,-14939,-39.110210,-0.488878
123.2810,-14960,-39.165187,-0.489565
123.2910,-14983,-39.225402,-0.490318
123.3010,-14998,-39.264671,-0.490808
123.3110,-15005,-39.282997,-0.491037
123.3210,-15008,-39.290855,-0.491136
123.3310,-15005,-39.282997,-0.491037
123.3410,-14999,-39.267292,-0.490841
123.3510,-14993,-39.251583,-0.490645
123.3610,-14989,-39.241111,-0.490514
123.3710,-14984,-39.228019,-0.490350
123.3810,-14982,-39.222785,-0.490285
123.3910,-14984,-39.228019,-0.490350
123.4010,-14989,-39.241111,-0.490514
123.4110,-14997,-39.262058,-0.490776
123.4210,-15009,-39.293468,-0.491168
123.4310,-15023,-39.330123,-0.491627
123.4410,-15034,-39.358921,-0.491987
123.4510,-15046,-39.390335,-0.492379
123.4610,-15056,-39.416519,-0.492707
123.4710,-15065,-39.440078,-0.493001
123.4810,-15075,-39.466259,-0.493328
123.4910,-15087,-39.497676,-0.493721
123.5010,-15099,-39.529090,-0.494114
123.5110,-15115,-39.570980,-0.494637
123.5210,-15141,-39.639045,-0.495488
123.5310,-15170,-39.714965,-0.496437
123.5410,-15205,-39.806598,-0.497583
123.5510,-15243,-39.906082,-0.498826
123.5610,-15279,-40.000328,-0.500004
123.5710,-15312,-40.086723,-0.501084
123.5810,-15343,-40.167881,-0.502098
123.5910,-15378,-40.259510,-0.503244
123.6010,-15411,-40.345905,-0.504324
123.6120,-15437,-40.413970,-0.505175
123.6210,-15456,-40.463714,-0.505796
123.6310,-15473,-40.508220,-0.506353
123.6410,-15484,-40.537017,-0.506713
123.6510,-15494,-40.563198,-0.507040
123.6610,-15502,-40.584140,-0.507302
123.6710,-15511,-40.607704,-0.507596
123.6810,-15525,-40.644355,-0.508054
123.6910,-15543,-40.691482,-0.508644
123.7010,-15559,-40.733367,-0.509167
123.7110,-15579,-40.785728,-0.509822
123.7210,-15602,-40.845943,-0.510574
123.7310,-15625,-40.906154,-0.511327
123.7410,-15651,-40.974220,-0.512178
123.7510,-15687,-41.068470,-0.513356
123.7610,-15728,-41.175807,-0.514698
123.7710,-15764,-41.270053,-0.515876
123.7810,-15797,-41.356449,-0.516956
123.7910,-15828,-41.437606,-0.517970
123.8010,-15863,-41.529239,-0.519115
123.8110,-15898,-41.620864,-0.520261
123.8210,-15935,-41.717731,-0.521472
123.8310,-15962,-41.788417,-0.522355
123.8410,-15990,-41.861721,-0.523271
123.8510,-16017,-41.932407,-0.524155
123.8610,-16043,-42.000476,-0.525006
123.8710,-16069,-42.068542,-0.525857
123.8810,-16102,-42.154937,-0.526937
123.8910,-16139,-42.251804,-0.528148
123.9010,-16167,-42.325107,-0.529064
123.9110,-16190,-42.385322,-0.529817
123.9210,-16221,-42.466480,-0.530831
123.9310,-16259,-42.565963,-0.532075
123.9410,-16296,-42.662830,-0.533285
123.9510,-16332,-42.757076,-0.534463
123.9610,-16359,-42.827762,-0.535347
123.9710,-16384,-42.893215,-0.536165
123.9810,-16412,-42.966514,-0.537081
123.9910,-16439,-43.037200,-0.537965
124.0010,-16459,-43.089565,-0.538620
124.0110,-16478,-43.139305,-0.539241
124.0210,-16499,-43.194282,-0.539929
124.0310,-16518,-43.244026,-0.540550
124.0410,-16531,-43.278057,-0.540976
124.0510,-16547,-43.319946,-0.541499
124.0610,-16562,-43.359214,-0.541990
124.0710,-16578,-43.401103,-0.542514
124.0810,-16594,-43.442989,-0.543037
124.0910,-16616,-43.500587,-0.543757
124.1010,-16639,-43.560802,-0.544510
124.1110,-16665,-43.628868,-0.545361
124.1210,-16685,-43.681228,-0.546015
124.1310,-16701,-43.723114,-0.546539
124.1410,-16719,-43.770240,-0.547128
124.1510,-16738,-43.819984,-0.547750
124.1610,-16757,-43.869724,-0.548372
124.1710,-16772,-43.908992,-0.548862
124.1810,-16789,-43.953498,-0.549419
124.1910,-16809,-44.005859,-0.550073
124.2010,-16828,-44.055603,-0.550695
124.2110,-16843,-44.094871,-0.551186
124.2210,-16862,-44.144611,-0.551808
124.2310,-16881,-44.194355,-0.552429
124.2410,-16900,-44.244098,-0.553051
124.2520,-16922,-44.301692,-0.553771
124.2610,-16947,-44.367145,-0.554589
124.2710,-16973,-44.435211,-0.555440
124.2810,-17001,-44.508514,-0.556356
124.2910,-17035,-44.597526,-0.557469
124.3010,-17065,-44.676067,-0.558451
124.3110,-17099,-44.765079,-0.559564
124.3210,-17133,-44.854091,-0.560676
124.3310,-17171,-44.953575,-0.561920
124.3410,-17207,-45.047821,-0.563098
124.3510,-17246,-45.149925,-0.564374
124.3610,-17281,-45.241554,-0.565519
124.3710,-17310,-45.317474,-0.566468
124.3810,-17331,-45.372451,-0.567156
124.3910,-17354,-45.432666,-0.567908
124.4010,-17370,-45.474555,-0.568432
124.4110,-17380,-45.500736,-0.568759
124.4210,-17387,-45.519058,-0.568988
124.4310,-17389,-45.524295,-0.569054
124.4410,-17389,-45.524295,-0.569054
124.4510,-17388,-45.521678,-0.569021
124.4610,-17385,-45.513824,-0.568923
124.4710,-17383,-45.508586,-0.568857
124.4810,-17381,-45.503353,-0.568792
124.4910,-17381,-45.503353,-0.568792
124.5010,-17383,-45.508586,-0.568857
124.5110,-17385,-45.513824,-0.568923
124.5210,-17389,-45.524295,-0.569054
124.5310,-17393,-45.534767,-0.569185
124.5410,-17397,-45.545242,-0.569316
124.5510,-17401,-45.555713,-0.569446
124.5610,-17403,-45.560947,-0.569512
124.5710,-17404,-45.563564,-0.569545
124.5810,-17404,-45.563564,-0.569545
124.5910,-17403,-45.560947,-0.569512
124.6010,-17401,-45.555713,-0.569446
124.6110,-17399,-45.550476,-0.569381
124.6210,-17398,-45.547859,-0.569348
124.6310,-17397,-45.545242,-0.569316
124.6410,-17397,-45.545242,-0.569316
124.6510,-17397,-45.545242,-0.569316
124.6610,-17399,-45.550476,-0.569381
124.6710,-17401,-45.555713,-0.569446
124.6810,-17403,-45.560947,-0.569512
124.6910,-17406,-45.568801,-0.569610
124.7010,-17408,-45.574039,-0.569675
124.7110,-17410,-45.579273,-0.569741
124.7210,-17412,-45.584510,-0.569806
124.7310,-17413,-45.587131,-0.569839
124.7410,-17414,-45.589744,-0.569872
124.7510,-17416,-45.594982,-0.569937
124.7610,-17417,-45.597602,-0.569970
124.7710,-17418,-45.600219,-0.570003
124.7810,-17420,-45.605453,-0.570068
124.7910,-17422,-45.610691,-0.570134
124.8010,-17424,-45.615928,-0.570199
124.8110,-17427,-45.623779,-0.570297
124.8210,-17431,-45.634250,-0.570428
124.8310,-17435,-45.644721,-0.570559
124.8410,-17440,-45.657814,-0.570723
124.8510,-17445,-45.670906,-0.570886
124.8610,-17451,-45.686611,-0.571083
124.8710,-17455,-45.697086,-0.571214
124.8810,-17460,-45.710174,-0.571377
124.8920,-17467,-45.728500,-0.571606
124.9010,-17474,-45.746826,-0.571835
124.9110,-17484,-45.773006,-0.572163
124.9210,-17497,-45.807041,-0.572588
124.9310,-17515,-45.854164,-0.573177
124.9410,-17533,-45.901287,-0.573766
124.9510,-17555,-45.958885,-0.574486
124.9610,-17582,-46.029567,-0.575370
124.9710,-17607,-46.095020,-0.576188
124.9810,-17627,-46.147380,-0.576842
124.9910,-17652,-46.212829,-0.577660
125.0010,-17680,-46.286132,-0.578577
125.0110,-17713,-46.372528,-0.579657
125.0210,-17741,-46.445831,-0.580573
125.0310,-17773,-46.529605,-0.581620
125.0410,-17814,-46.636943,-0.582962
125.0510,-17855,-46.744281,-0.584304
125.0610,-17893,-46.843765,-0.585547
125.0710,-17924,-46.924922,-0.586562
125.0810,-17955,-47.006080,-0.587576
125.0910,-17982,-47.076766,-0.588460
125.1010,-18007,-47.142219,-0.589278
125.1110,-18027,-47.194576,-0.589932
125.1210,-18043,-47.236465,-0.590456
125.1310,-18055,-47.267883,-0.590849
125.1410,-18063,-47.288822,-0.591110
125.1510,-18069,-47.304531,-0.591307
125.1610,-18077,-47.325477,-0.591568
125.1710,-18081,-47.335948,-0.591699
125.1810,-18087,-47.351657,-0.591896
125.1910,-18096,-47.375217,-0.592190
125.2010,-18112,-47.417106,-0.592714
125.2110,-18131,-47.466850,-0.593336
125.2210,-18152,-47.521827,-0.594023
125.2310,-18175,-47.582038,-0.594775
125.2410,-18196,-47.637016,-0.595463
125.2510,-18221,-47.702468,-0.596281
125.2610,-18249,-47.775772,-0.597197
125.2710,-18274,-47.841220,-0.598015
125.2810,-18297,-47.901435,-0.598768
125.2910,-18321,-47.964267,-0.599553
125.3010,-18339,-48.011390,-0.600142
125.3110,-18348,-48.034954,-0.600437
125.3210,-18353,-48.048042,-0.600601
125.3310,-18358,-48.061130,-0.600764
125.3410,-18360,-48.066368,-0.600830
125.3510,-18360,-48.066368,-0.600830
125.3610,-18360,-48.066368,-0.600830
125.3710,-18360,-48.066368,-0.600830
125.3810,-18359,-48.063751,-0.600797
125.3910,-18358,-48.061130,-0.600764
125.4010,-18357,-48.058513,-0.600731
125.4110,-18357,-48.058513,-0.600731
125.4210,-18357,-48.058513,-0.600731
125.4310,-18357,-48.058513,-0.600731
125.4410,-18358,-48.061130,-0.600764
125.4510,-18360,-48.066368,-0.600830
125.4610,-18362,-48.071601,-0.600895
125.4710,-18363,-48.074222,-0.600928
125.4810,-18365,-48.079460,-0.600993
125.4910,-18366,-48.082077,-0.601026
125.5010,-18366,-48.082077,-0.601026
125.5110,-18366,-48.082077,-0.601026
125.5210,-18366,-48.082077,-0.601026
125.5320,-18365,-48.079460,-0.600993
125.5410,-18365,-48.079460,-0.600993
125.5510,-18365,-48.079460,-0.600993
125.5610,-18365,-48.079460,-0.600993
125.5710,-18365,-48.079460,-0.600993
125.5810,-18365,-48.079460,-0.600993
125.5910,-18366,-48.082077,-0.601026
125.6010,-18367,-48.084693,-0.601059
125.6110,-18367,-48.084693,-0.601059
125.6210,-18368,-48.087310,-0.601091
125.6310,-18369,-48.089931,-0.601124
125.6410,-18370,-48.092548,-0.601157
125.6510,-18370,-48.092548,-0.601157
125.6610,-18370,-48.092548,-0.601157
125.6710,-18370,-48.092548,-0.601157
125.6810,-18370,-48.092548,-0.601157
125.6910,-18370,-48.092548,-0.601157
125.7010,-18370,-48.092548,-0.601157
125.7110,-18370,-48.092548,-0.601157
125.7210,-18370,-48.092548,-0.601157
125.7310,-18371,-48.095169,-0.601190
125.7410,-18371,-48.095169,-0.601190
125.7510,-18372,-48.097785,-0.601222
125.7610,-18373,-48.100402,-0.601255
125.7710,-18374,-48.103019,-0.601288
125.7810,-18375,-48.105640,-0.601320
125.7910,-18375,-48.105640,-0.601320
125.8010,-18375,-48.105640,-0.601320
125.8110,-18375,-48.105640,-0.601320
125.8210,-18376,-48.108257,-0.601353
125.8310,-18376,-48.108257,-0.601353
125.8410,-18376,-48.108257,-0.601353
125.8510,-18376,-48.108257,-0.601353
125.8610,-18376,-48.108257,-0.601353
125.8710,-18377,-48.110874,-0.601386
125.8810,-18377,-48.110874,-0.601386
125.8910,-18378,-48.113491,-0.601419
125.9010,-18378,-48.113491,-0.601419
125.9110,-18379,-48.116111,-0.601451
125.9210,-18379,-48.116111,-0.601451
125.9310,-18380,-48.118728,-0.601484
125.9410,-18380,-48.118728,-0.601484
125.9510,-18381,-48.121345,-0.601517
125.9610,-18381,-48.121345,-0.601517
125.9710,-18381,-48.121345,-0.601517
125.9810,-18381,-48.121345,-0.601517
125.9910,-18381,-48.121345,-0.601517
126.0010,-18381,-48.121345,-0.601517
126.0110,-18381,-48.121345,-0.601517
126.0210,-18382,-48.123966,-0.601550
126.0310,-18382,-48.123966,-0.601550
126.0410,-18383,-48.126583,-0.601582
126.0510,-18383,-48.126583,-0.601582
126.0610,-18384,-48.129199,-0.601615
126.0710,-18384,-48.129199,-0.601615
126.0810,-18385,-48.131816,-0.601648
126.0910,-18385,-48.131816,-0.601648
126.1010,-18385,-48.131816,-0.601648
126.1110,-18386,-48.134437,-0.601680
126.1210,-18386,-48.134437,-0.601680
126.1310,-18386,-48.134437,-0.601680
126.1410,-18386,-48.134437,-0.601680
126.1510,-18387,-48.137054,-0.601713
126.1610,-18387,-48.137054,-0.601713
126.1720,-18387,-48.137054,-0.601713
126.1810,-18388,-48.139675,-0.601746
126.1910,-18388,-48.139675,-0.601746
126.2010,-18389,-48.142288,-0.601779
126.2110,-18389,-48.142288,-0.601779
126.2210,-18389,-48.142288,-0.601779
126.2310,-18390,-48.144908,-0.601811
126.2410,-18390,-48.144908,-0.601811
126.2510,-18391,-48.147525,-0.601844
126.2610,-18391,-48.147525,-0.601844
126.2710,-18391,-48.147525,-0.601844
126.2810,-18391,-48.147525,-0.601844
126.2910,-18392,-48.150146,-0.601877
126.3010,-18392,-48.150146,-0.601877
126.3110,-18392,-48.150146,-0.601877
126.3210,-18393,-48.152763,-0.601910
126.3310,-18393,-48.152763,-0.601910
126.3410,-18394,-48.155380,-0.601942
126.3510,-18394,-48.155380,-0.601942
126.3610,-18395,-48.157997,-0.601975
126.3710,-18395,-48.157997,-0.601975
126.3810,-18395,-48.157997,-0.601975
126.3910,-18396,-48.160617,-0.602008
126.4010,-18396,-48.160617,-0.602008
126.4110,-18396,-48.160617,-0.602008
126.4210,-18397,-48.163234,-0.602040
126.4310,-18397,-48.163234,-0.602040
126.4410,-18397,-48.163234,-0.602040
126.4510,-18397,-48.163234,-0.602040
126.4610,-18398,-48.165855,-0.602073
126.4710,-18398,-48.165855,-0.602073
126.4810,-18398,-48.165855,-0.602073
126.4910,-18399,-48.168472,-0.602106
126.5010,-18399,-48.168472,-0.602106
126.5110,-18399,-48.168472,-0.602106
126.5210,-18400,-48.171089,-0.602139
126.5310,-18400,-48.171089,-0.602139
126.5410,-18401,-48.173706,-0.602171
126.5510,-18401,-48.173706,-0.602171
126.5610,-18402,-48.176322,-0.602204
126.5710,-18402,-48.176322,-0.602204
126.5810,-18402,-48.176322,-0.602204
126.5910,-18403,-48.178943,-0.602237
126.6010,-18403,-48.178943,-0.602237
126.6110,-18404,-48.181560,-0.602270
126.6210,-18404,-48.181560,-0.602270
126.6310,-18405,-48.184177,-0.602302
126.6410,-18405,-48.184177,-0.602302
126.6510,-18406,-48.186794,-0.602335
126.6610,-18407,-48.189414,-0.602368
126.6710,-18407,-48.189414,-0.602368
126.6810,-18408,-48.192031,-0.602400
126.6910,-18409,-48.194652,-0.602433
126.7010,-18409,-48.194652,-0.602433
126.7110,-18410,-48.197265,-0.602466
126.7210,-18411,-48.199886,-0.602499
126.7310,-18412,-48.202503,-0.602531
126.7410,-18413,-48.205123,-0.602564
126.7510,-18415,-48.210361,-0.602630
126.7610,-18416,-48.212974,-0.602662
126.7710,-18416,-48.212974,-0.602662
126.7810,-18417,-48.215595,-0.602695
126.7910,-18419,-48.220832,-0.602760
126.8010,-18422,-48.228683,-0.602859
126.8120,-18424,-48.233921,-0.602924
126.8210,-18426,-48.239154,-0.602989
126.8310,-18430,-48.249629,-0.603120
126.8410,-18437,-48.267951,-0.603349
126.8510,-18448,-48.296752,-0.603709
126.8610,-18462,-48.333404,-0.604168
126.8710,-18478,-48.375293,-0.604691
126.8810,-18492,-48.411945,-0.605149
126.8910,-18506,-48.448596,-0.605607
126.9010,-18518,-48.480010,-0.606000
126.9110,-18532,-48.516666,-0.606458
126.9210,-18544,-48.548076,-0.606851
126.9310,-18555,-48.576877,-0.607211
126.9410,-18564,-48.600440,-0.607505
126.9510,-18573,-48.624000,-0.607800
126.9610,-18583,-48.650180,-0.608127
126.9710,-18596,-48.684215,-0.608553
126.9810,-18610,-48.720867,-0.609011
126.9910,-18626,-48.762756,-0.609534
127.0010,-18646,-48.815113,-0.610189
127.0110,-18664,-48.862239,-0.610778
127.0210,-18679,-48.901508,-0.611269
127.0310,-18692,-48.935543,-0.611694
127.0410,-18707,-48.974811,-0.612185
127.0510,-18721,-49.011463,-0.612643
127.0610,-18731,-49.037647,-0.612971
127.0710,-18738,-49.055969,-0.613200
127.0810,-18743,-49.069061,-0.613363
127.0910,-18747,-49.079532,-0.613494
127.1010,-18749,-49.084766,-0.613560
127.1110,-18751,-49.090003,-0.613625
127.1210,-18751,-49.090003,-0.613625
127.1310,-18753,-49.095237,-0.613690
127.1410,-18757,-49.105712,-0.613821
127.1510,-18763,-49.121421,-0.614018
127.1610,-18771,-49.142364,-0.614280
127.1710,-18785,-49.179016,-0.614738
127.1810,-18802,-49.223522,-0.615294
127.1910,-18824,-49.281116,-0.616014
127.2010,-18847,-49.341331,-0.616767
127.2110,-18875,-49.414638,-0.617683
127.2210,-18897,-49.472232,-0.618403
127.2310,-18920,-49.532444,-0.619156
127.2410,-18938,-49.579570,-0.619745
127.2510,-18956,-49.626693,-0.620334
127.2610,-18980,-49.689525,-0.621119
127.2710,-19004,-49.752357,-0.621904
127.2810,-19027,-49.812568,-0.622657
127.2910,-19058,-49.893730,-0.623672
127.3010,-19094,-49.987976,-0.624850
127.3110,-19132,-50.087459,-0.626093
127.3210,-19161,-50.163379,-0.627042
127.3310,-19190,-50.239303,-0.627991
127.3410,-19227,-50.336166,-0.629202
127.3510,-19262,-50.427799,-0.630347
127.3610,-19293,-50.508956,-0.631362
127.3710,-19321,-50.582263,-0.632278
127.3810,-19348,-50.652946,-0.633162
127.3910,-19370,-50.710540,-0.633882
127.4010,-19386,-50.752433,-0.634405
127.4110,-19400,-50.789081,-0.634864
127.4210,-19411,-50.817878,-0.635223
127.4310,-19426,-50.857151,-0.635714
127.4410,-19445,-50.906890,-0.636336
127.4520,-19462,-50.951400,-0.636892
127.4610,-19482,-51.003761,-0.637547
127.4710,-19508,-51.071823,-0.638398
127.4810,-19535,-51.142513,-0.639281
127.4910,-19570,-51.234138,-0.640427
127.5010,-19608,-51.333625,-0.641670
127.5110,-19654,-51.454055,-0.643176
127.5210,-19704,-51.584953,-0.644812
127.5310,-19757,-51.723705,-0.646546
127.5410,-19794,-51.820575,-0.647757
127.5510,-19837,-51.933147,-0.649164
127.5610,-19884,-52.056190,-0.650702
127.5710,-19928,-52.171382,-0.652142
127.5810,-19963,-52.263015,-0.653288
127.5910,-19993,-52.341552,-0.654269
127.6010,-20024,-52.422710,-0.655284
127.6110,-20057,-52.509105,-0.656364
127.6210,-20090,-52.595497,-0.657444
127.6310,-20119,-52.671417,-0.658393
127.6410,-20154,-52.763050,-0.659538
127.6510,-20192,-52.862529,-0.660782
127.6610,-20233,-52.969875,-0.662123
127.6710,-20268,-53.061500,-0.663269
127.6810,-20308,-53.166225,-0.664578
127.6910,-20353,-53.284027,-0.666050
127.7010,-20401,-53.409694,-0.667621
127.7110,-20448,-53.532741,-0.669159
127.7210,-20499,-53.666259,-0.670828
127.7310,-20541,-53.776214,-0.672203
127.7410,-20581,-53.880931,-0.673512
127.7510,-20617,-53.975181,-0.674690
127.7610,-20660,-54.087757,-0.676097
127.7710,-20696,-54.181999,-0.677275
127.7810,-20720,-54.244834,-0.678060
127.7910,-20736,-54.286724,-0.678584
127.8010,-20749,-54.320755,-0.679009
127.8110,-20777,-54.394062,-0.679926
127.8210,-20792,-54.433326,-0.680417
127.8310,-20812,-54.485691,-0.681071
127.8410,-20825,-54.519721,-0.681497
127.8510,-20842,-54.564231,-0.682053
127.8610,-20867,-54.629676,-0.682871
127.8710,-20894,-54.700366,-0.683755
127.8810,-20917,-54.760581,-0.684507
127.8910,-20938,-54.815559,-0.685194
127.9010,-20957,-54.865299,-0.685816
127.9110,-20975,-54.912422,-0.686405
127.9210,-20991,-54.954311,-0.686929
127.9310,-21009,-55.001434,-0.687518
127.9410,-21030,-55.056411,-0.688205
127.9510,-21056,-55.124481,-0.689056
127.9610,-21084,-55.197784,-0.689972
127.9710,-21101,-55.242294,-0.690529
127.9810,-21115,-55.278942,-0.690987
127.9910,-21132,-55.323448,-0.691543
128.0010,-21150,-55.370571,-0.692132
128.0110,-21165,-55.409843,-0.692623
128.0210,-21181,-55.451728,-0.693147
128.0310,-21199,-55.498851,-0.693736
128.0410,-21215,-55.540740,-0.694259
128.0510,-21232,-55.585247,-0.694816
128.0610,-21253,-55.640224,-0.695503
128.0710,-21275,-55.697818,-0.696223
128.0810,-21300,-55.763271,-0.697041
128.0920,-21334,-55.852283,-0.698154
128.1010,-21366,-55.936058,-0.699201
128.1110,-21407,-56.043395,-0.700542
128.1210,-21450,-56.155971,-0.701950
128.1310,-21491,-56.263305,-0.703291
128.1410,-21526,-56.354938,-0.704437
128.1510,-21565,-56.457038,-0.705713
128.1610,-21609,-56.572231,-0.707153
128.1710,-21659,-56.703128,-0.708789
128.1810,-21699,-56.807853,-0.710098
128.1910,-21735,-56.902095,-0.711276
128.2010,-21762,-56.972785,-0.712160
128.2110,-21779,-57.017288,-0.712716
128.2210,-21790,-57.046085,-0.713076
128.2310,-21798,-57.067035,-0.713338
128.2410,-21801,-57.074886,-0.713436
128.2510,-21804,-57.082740,-0.713534
128.2610,-21810,-57.098445,-0.713731
128.2710,-21817,-57.116775,-0.713960
128.2810,-21823,-57.132480,-0.714156
128.2910,-21831,-57.153423,-0.714418
128.3010,-21840,-57.176990,-0.714712
128.3110,-21850,-57.203170,-0.715040
128.3210,-21867,-57.247673,-0.715596
128.3310,-21891,-57.310504,-0.716381
128.3410,-21920,-57.386425,-0.717330
128.3510,-21947,-57.457115,-0.718214
128.3610,-21979,-57.540889,-0.719261
128.3710,-22002,-57.601100,-0.720014
128.3810,-22022,-57.653465,-0.720668
128.3910,-22040,-57.700588,-0.721257
128.4010,-22061,-57.755565,-0.721945
128.4110,-22077,-57.797451,-0.722468
128.4210,-22088,-57.826248,-0.722828
128.4310,-22097,-57.849815,-0.723123
128.4410,-22103,-57.865520,-0.723319
128.4510,-22109,-57.881225,-0.723515
128.4610,-22112,-57.889080,-0.723613
128.4710,-22117,-57.902172,-0.723777
128.4810,-22122,-57.915260,-0.723941
128.4910,-22130,-57.936210,-0.724203
128.5010,-22138,-57.957149,-0.724464
128.5110,-22146,-57.978092,-0.724726
128.5210,-22154,-57.999034,-0.724988
128.5310,-22164,-58.025215,-0.725315
128.5410,-22175,-58.054012,-0.725675
128.5510,-22186,-58.082813,-0.726035
128.5610,-22197,-58.111610,-0.726395
128.5710,-22207,-58.137790,-0.726722
128.5810,-22217,-58.163970,-0.727050
128.5910,-22226,-58.187534,-0.727344
128.6010,-22235,-58.211097,-0.727639
128.6110,-22243,-58.232040,-0.727900
128.6210,-22256,-58.266075,-0.728326
128.6310,-22272,-58.307960,-0.728849
128.6410,-22288,-58.349849,-0.729373
128.6510,-22304,-58.391735,-0.729897
128.6610,-22323,-58.441482,-0.730519
128.6710,-22347,-58.504310,-0.731304
128.6810,-22372,-58.569759,-0.732122
128.6910,-22393,-58.624736,-0.732809
128.7010,-22414,-58.679718,-0.733496
128.7110,-22433,-58.729457,-0.734118
128.7210,-22451,-58.776584,-0.734707
128.7320,-22466,-58.815849,-0.735198
128.7410,-22475,-58.839412,-0.735493
128.7510,-22480,-58.852504,-0.735656
128.7610,-22483,-58.860359,-0.735754
128.7710,-22482,-58.857742,-0.735722
128.7810,-22479,-58.849887,-0.735624
128.7910,-22475,-58.839412,-0.735493
128.8010,-22470,-58.826324,-0.735329
128.8110,-22466,-58.815849,-0.735198
128.8210,-22464,-58.810615,-0.735133
128.8310,-22463,-58.807994,-0.735100
128.8410,-22463,-58.807994,-0.735100
128.8510,-22466,-58.815849,-0.735198
128.8610,-22469,-58.823707,-0.735296
128.8710,-22473,-58.834182,-0.735427
128.8810,-22477,-58.844650,-0.735558
128.8910,-22483,-58.860359,-0.735754
128.9010,-22487,-58.870830,-0.735885
128.9110,-22489,-58.876064,-0.735951
128.9210,-22491,-58.881301,-0.736016
128.9310,-22492,-58.883922,-0.736049
128.9410,-22491,-58.881301,-0.736016
128.9510,-22490,-58.878684,-0.735984
128.9610,-22489,-58.876064,-0.735951
128.9710,-22487,-58.870830,-0.735885
128.9810,-22486,-58.868209,-0.735853
128.9910,-22486,-58.868209,-0.735853
129.0010,-22487,-58.870830,-0.735885
129.0110,-22487,-58.870830,-0.735885
129.0210,-22490,-58.878684,-0.735984
129.0310,-22493,-58.886539,-0.736082
129.0410,-22495,-58.891769,-0.736147
129.0510,-22497,-58.897006,-0.736213
129.0610,-22500,-58.904865,-0.736311
129.0710,-22501,-58.907482,-0.736344
129.0810,-22502,-58.910102,-0.736376
129.0910,-22502,-58.910102,-0.736376
129.1010,-22502,-58.910102,-0.736376
129.1110,-22501,-58.907482,-0.736344
129.1210,-22501,-58.907482,-0.736344
129.1310,-22501,-58.907482,-0.736344
129.1410,-22501,-58.907482,-0.736344
129.1510,-22501,-58.907482,-0.736344
129.1610,-22502,-58.910102,-0.736376
129.1710,-22503,-58.912719,-0.736409
129.1810,-22504,-58.915336,-0.736442
129.1910,-22507,-58.923187,-0.736540
129.2010,-22509,-58.928424,-0.736605
129.2110,-22510,-58.931041,-0.736638
129.2210,-22511,-58.933662,-0.736671
129.2310,-22513,-58.938899,-0.736736
129.2410,-22515,-58.944137,-0.736802
129.2510,-22516,-58.946754,-0.736834
129.2610,-22517,-58.949367,-0.736867
129.2710,-22517,-58.949367,-0.736867
129.2810,-22518,-58.951984,-0.736900
129.2910,-22519,-58.954605,-0.736933
129.3010,-22520,-58.957221,-0.736965
129.3110,-22522,-58.962459,-0.737031
129.3210,-22523,-58.965080,-0.737063
129.3310,-22527,-58.975547,-0.737194
129.3410,-22531,-58.986022,-0.737325
129.3510,-22536,-58.999114,-0.737489
129.3610,-22544,-59.020057,-0.737751
129.3720,-22554,-59.046234,-0.738078
129.3810,-22565,-59.075035,-0.738438
129.3910,-22580,-59.114307,-0.738929
129.4010,-22597,-59.158809,-0.739485
129.4110,-22614,-59.203311,-0.740041
129.4210,-22629,-59.242584,-0.740532
129.4310,-22645,-59.284469,-0.741056
129.4410,-22665,-59.336833,-0.741710
129.4510,-22691,-59.404899,-0.742561
129.4610,-22721,-59.483436,-0.743543
129.4710,-22758,-59.580307,-0.744754
129.4810,-22798,-59.685024,-0.746063
129.4910,-22842,-59.800216,-0.747503
129.5010,-22877,-59.891849,-0.748648
129.5110,-22909,-59.975624,-0.749695
129.5210,-22944,-60.067256,-0.750841
129.5310,-22987,-60.179828,-0.752248
129.5410,-23034,-60.302871,-0.753786
129.5510,-23075,-60.410209,-0.755128
129.5610,-23121,-60.530639,-0.756633
129.5710,-23166,-60.648448,-0.758106
129.5810,-23193,-60.719131,-0.758989
129.5910,-23213,-60.771492,-0.759644
129.6010,-23243,-60.850036,-0.760625
129.6110,-23273,-60.928573,-0.761607
129.6210,-23302,-61.004493,-0.762556
129.6310,-23325,-61.064708,-0.763309
129.6410,-23352,-61.135391,-0.764192
129.6510,-23378,-61.203460,-0.765043
129.6610,-23405,-61.274150,-0.765927
129.6710,-23433,-61.347454,-0.766843
129.6810,-23469,-61.441703,-0.768021
129.6910,-23498,-61.517623,-0.768970
129.7010,-23525,-61.588306,-0.769854
129.7110,-23552,-61.658992,-0.770737
129.7210,-23577,-61.724441,-0.771555
129.7310,-23589,-61.755855,-0.771948
129.7410,-23611,-61.813453,-0.772668
129.7510,-23629,-61.860580,-0.773257
129.7610,-23641,-61.891998,-0.773650
129.7710,-23654,-61.926025,-0.774075
129.7810,-23666,-61.957443,-0.774468
129.7910,-23680,-61.994098,-0.774926
129.8010,-23692,-62.025512,-0.775319
129.8110,-23709,-62.070018,-0.775875
129.8210,-23725,-62.111907,-0.776399
129.8310,-23744,-62.161647,-0.777021
129.8410,-23760,-62.203533,-0.777544
129.8510,-23780,-62.255897,-0.778199
129.8610,-23797,-62.300403,-0.778755
129.8710,-23820,-62.360618,-0.779508
129.8810,-23839,-62.410358,-0.780129
129.8910,-23852,-62.444393,-0.780555
129.9010,-23865,-62.478427,-0.780980
129.9110,-23877,-62.509838,-0.781373
129.9210,-23887,-62.536026,-0.781700
129.9310,-23891,-62.546493,-0.781831
129.9410,-23897,-62.562202,-0.782028
129.9510,-23899,-62.567436,-0.782093
129.9610,-23901,-62.572673,-0.782158
129.9710,-23901,-62.572673,-0.782158
129.9810,-23903,-62.577907,-0.782224
129.9910,-23903,-62.577907,-0.782224
130.0010,-23903,-62.577907,-0.782224
130.0120,-23903,-62.577907,-0.782224
130.0210,-23903,-62.577907,-0.782224
130.0310,-23903,-62.577907,-0.782224
130.0410,-23904,-62.580528,-0.782257
130.0510,-23904,-62.580528,-0.782257
130.0610,-23904,-62.580528,-0.782257
130.0710,-23905,-62.583145,-0.782289
130.0810,-23906,-62.585765,-0.782322
130.0910,-23906,-62.585765,-0.782322
130.1010,-23907,-62.588382,-0.782355
130.1110,-23907,-62.588382,-0.782355
130.1210,-23908,-62.591003,-0.782388
130.1310,-23908,-62.591003,-0.782388
130.1410,-23909,-62.593612,-0.782420
130.1510,-23909,-62.593612,-0.782420
130.1610,-23909,-62.593612,-0.782420
130.1710,-23910,-62.596233,-0.782453
130.1810,-23911,-62.598850,-0.782486
130.1910,-23911,-62.598850,-0.782486
130.2010,-23911,-62.598850,-0.782486
130.2110,-23912,-62.601470,-0.782518
130.2210,-23912,-62.601470,-0.782518
130.2310,-23912,-62.601470,-0.782518
130.2410,-23913,-62.604087,-0.782551
130.2510,-23914,-62.606708,-0.782584
130.2610,-23914,-62.606708,-0.782584
130.2710,-23914,-62.606708,-0.782584
130.2810,-23915,-62.609325,-0.782617
130.2910,-23915,-62.609325,-0.782617
130.3010,-23915,-62.609325,-0.782617
130.3110,-23916,-62.611946,-0.782649
130.3210,-23917,-62.614562,-0.782682
130.3310,-23917,-62.614562,-0.782682
130.3410,-23918,-62.617179,-0.782715
130.3510,-23919,-62.619800,-0.782747
130.3610,-23919,-62.619800,-0.782747
130.3710,-23920,-62.622413,-0.782780
130.3810,-23921,-62.625030,-0.782813
130.3910,-23921,-62.625030,-0.782813
130.4010,-23921,-62.625030,-0.782813
130.4110,-23923,-62.630268,-0.782878
130.4210,-23923,-62.630268,-0.782878
130.4310,-23923,-62.630268,-0.782878
130.4410,-23923,-62.630268,-0.782878
130.4510,-23924,-62.632884,-0.782911
130.4610,-23924,-62.632884,-0.782911
130.4710,-23924,-62.632884,-0.782911
130.4810,-23925,-62.635505,-0.782944
130.4910,-23925,-62.635505,-0.782944
130.5010,-23925,-62.635505,-0.782944
130.5110,-23926,-62.638122,-0.782977
130.5210,-23926,-62.638122,-0.782977
130.5310,-23926,-62.638122,-0.782977
130.5410,-23927,-62.640743,-0.783009
130.5510,-23927,-62.640743,-0.783009
130.5610,-23927,-62.640743,-0.783009
130.5710,-23927,-62.640743,-0.783009
130.5810,-23927,-62.640743,-0.783009
130.5910,-23928,-62.643360,-0.783042
130.6010,-23928,-62.643360,-0.783042
130.6110,-23928,-62.643360,-0.783042
130.6210,-23928,-62.643360,-0.783042
130.6310,-23928,-62.643360,-0.783042
130.6410,-23929,-62.645980,-0.783075
130.6520,-23929,-62.645980,-0.783075
130.6610,-23929,-62.645980,-0.783075
130.6710,-23930,-62.648597,-0.783107
130.6810,-23930,-62.648597,-0.783107
130.6910,-23930,-62.648597,-0.783107
130.7010,-23930,-62.648597,-0.783107
130.7110,-23931,-62.651210,-0.783140
130.7210,-23931,-62.651210,-0.783140
130.7310,-23931,-62.651210,-0.783140
130.7410,-23931,-62.651210,-0.783140
130.7510,-23932,-62.653827,-0.783173
130.7610,-23932,-62.653827,-0.783173
130.7710,-23932,-62.653827,-0.783173
130.7810,-23933,-62.656448,-0.783206
130.7910,-23933,-62.656448,-0.783206
130.8010,-23933,-62.656448,-0.783206
130.8110,-23933,-62.656448,-0.783206
130.8210,-23933,-62.656448,-0.783206
130.8310,-23934,-62.659065,-0.783238
130.8410,-23934,-62.659065,-0.783238
130.8510,-23934,-62.659065,-0.783238
130.8610,-23934,-62.659065,-0.783238
130.8710,-23935,-62.661685,-0.783271
130.8810,-23935,-62.661685,-0.783271
130.8910,-23935,-62.661685,-0.783271
130.9010,-23935,-62.661685,-0.783271
130.9110,-23936,-62.664302,-0.783304
130.9210,-23936,-62.664302,-0.783304
130.9310,-23936,-62.664302,-0.783304
130.9410,-23936,-62.664302,-0.783304
130.9510,-23937,-62.666923,-0.783337
130.9610,-23937,-62.666923,-0.783337
130.9710,-23937,-62.666923,-0.783337
130.9810,-23937,-62.666923,-0.783337
130.9910,-23937,-62.666923,-0.783337
131.0010,-23937,-62.666923,-0.783337
131.0110,-23938,-62.669540,-0.783369
131.0210,-23938,-62.669540,-0.783369
131.0310,-23938,-62.669540,-0.783369
131.0410,-23939,-62.672157,-0.783402
131.0510,-23939,-62.672157,-0.783402
131.0610,-23939,-62.672157,-0.783402
131.0710,-23939,-62.672157,-0.783402
131.0810,-23939,-62.672157,-0.783402
131.0910,-23939,-62.672157,-0.783402
131.1010,-23939,-62.672157,-0.783402
131.1110,-23940,-62.674777,-0.783435
131.1210,-23940,-62.674777,-0.783435
131.1310,-23940,-62.674777,-0.783435
131.1410,-23940,-62.674777,-0.783435
131.1510,-23941,-62.677394,-0.783467
131.1610,-23941,-62.677394,-0.783467
131.1710,-23941,-62.677394,-0.783467
131.1810,-23941,-62.677394,-0.783467
131.1910,-23941,-62.677394,-0.783467
131.2010,-23941,-62.677394,-0.783467
131.2110,-23942,-62.680007,-0.783500
131.2210,-23942,-62.680007,-0.783500
131.2310,-23942,-62.680007,-0.783500
131.2410,-23942,-62.680007,-0.783500
131.2510,-23943,-62.682628,-0.783533
131.2610,-23943,-62.682628,-0.783533
131.2710,-23943,-62.682628,-0.783533
131.2810,-23943,-62.682628,-0.783533
131.2920,-23943,-62.682628,-0.783533
131.3010,-23943,-62.682628,-0.783533
131.3110,-23944,-62.685245,-0.783566
131.3210,-23943,-62.682628,-0.783533
131.3310,-23941,-62.677394,-0.783467
131.3410,-23941,-62.677394,-0.783467
131.3510,-23942,-62.680007,-0.783500
131.3610,-23942,-62.680007,-0.783500
131.3710,-23943,-62.682628,-0.783533
131.3810,-23943,-62.682628,-0.783533
131.3910,-23943,-62.682628,-0.783533
131.4010,-23943,-62.682628,-0.783533
131.4110,-23944,-62.685245,-0.783566
131.4210,-23944,-62.685245,-0.783566
131.4310,-23944,-62.685245,-0.783566
131.4410,-23944,-62.685245,-0.783566
131.4510,-23945,-62.687866,-0.783598
131.4610,-23945,-62.687866,-0.783598
131.4710,-23945,-62.687866,-0.783598
131.4810,-23945,-62.687866,-0.783598
131.4910,-23945,-62.687866,-0.783598
131.5010,-23945,-62.687866,-0.783598
131.5110,-23946,-62.690483,-0.783631
131.5210,-23946,-62.690483,-0.783631
131.5310,-23946,-62.690483,-0.783631
131.5410,-23946,-62.690483,-0.783631
131.5510,-23946,-62.690483,-0.783631
131.5610,-23946,-62.690483,-0.783631
131.5710,-23946,-62.690483,-0.783631
131.5810,-23947,-62.693099,-0.783664
131.5910,-23947,-62.693099,-0.783664
131.6010,-23947,-62.693099,-0.783664
131.6110,-23947,-62.693099,-0.783664
131.6210,-23947,-62.693099,-0.783664
131.6310,-23947,-62.693099,-0.783664
131.6410,-23948,-62.695720,-0.783697
131.6510,-23948,-62.695720,-0.783697
131.6610,-23948,-62.695720,-0.783697
131.6710,-23948,-62.695720,-0.783697
131.6810,-23948,-62.695720,-0.783697
131.6910,-23948,-62.695720,-0.783697
131.7010,-23948,-62.695720,-0.783697
131.7110,-23949,-62.698337,-0.783729
131.7210,-23949,-62.698337,-0.783729
131.7310,-23949,-62.698337,-0.783729
131.7410,-23949,-62.698337,-0.783729
131.7510,-23949,-62.698337,-0.783729
131.7610,-23949,-62.698337,-0.783729
131.7710,-23949,-62.698337,-0.783729
131.7810,-23950,-62.700958,-0.783762
131.7910,-23950,-62.700958,-0.783762
131.8010,-23950,-62.700958,-0.783762
131.8110,-23950,-62.700958,-0.783762
131.8210,-23950,-62.700958,-0.783762
131.8310,-23950,-62.700958,-0.783762
131.8410,-23951,-62.703575,-0.783795
131.8510,-23951,-62.703575,-0.783795
131.8610,-23951,-62.703575,-0.783795
131.8710,-23951,-62.703575,-0.783795
131.8810,-23951,-62.703575,-0.783795
131.8910,-23951,-62.703575,-0.783795
131.9010,-23951,-62.703575,-0.783795
131.9110,-23952,-62.706188,-0.783827
131.9210,-23952,-62.706188,-0.783827
131.9320,-23952,-62.706188,-0.783827
131.9410,-23952,-62.706188,-0.783827
131.9510,-23952,-62.706188,-0.783827
131.9610,-23952,-62.706188,-0.783827
131.9710,-23952,-62.706188,-0.783827
131.9810,-23953,-62.708805,-0.783860
131.9910,-23953,-62.708805,-0.783860
132.0010,-23953,-62.708805,-0.783860
132.0110,-23953,-62.708805,-0.783860
132.0210,-23954,-62.711425,-0.783893
132.0310,-23954,-62.711425,-0.783893
132.0410,-23954,-62.711425,-0.783893
132.0510,-23954,-62.711425,-0.783893
132.0610,-23954,-62.711425,-0.783893
132.0710,-23954,-62.711425,-0.783893
132.0810,-23955,-62.714042,-0.783926
132.0910,-23955,-62.714042,-0.783926
132.1010,-23955,-62.714042,-0.783926
132.1110,-23955,-62.714042,-0.783926
132.1210,-23955,-62.714042,-0.783926
132.1310,-23955,-62.714042,-0.783926
132.1410,-23955,-62.714042,-0.783926
132.1510,-23955,-62.714042,-0.783926
132.1610,-23955,-62.714042,-0.783926
132.1710,-23956,-62.716663,-0.783958
132.1810,-23956,-62.716663,-0.783958
132.1910,-23956,-62.716663,-0.783958
132.2010,-23956,-62.716663,-0.783958
132.2110,-23956,-62.716663,-0.783958
132.2210,-23957,-62.719280,-0.783991
132.2310,-23957,-62.719280,-0.783991
132.2410,-23957,-62.719280,-0.783991
132.2510,-23957,-62.719280,-0.783991
132.2610,-23957,-62.719280,-0.783991
132.2710,-23957,-62.719280,-0.783991
132.2810,-23958,-62.721900,-0.784024
132.2910,-23958,-62.721900,-0.784024
132.3010,-23958,-62.721900,-0.784024
132.3110,-23958,-62.721900,-0.784024
132.3210,-23958,-62.721900,-0.784024
132.3310,-23958,-62.721900,-0.784024
132.3410,-23958,-62.721900,-0.784024
132.3510,-23959,-62.724517,-0.784056
132.3610,-23959,-62.724517,-0.784056
132.3710,-23959,-62.724517,-0.784056
132.3810,-23959,-62.724517,-0.784056
132.3910,-23959,-62.724517,-0.784056
132.4010,-23959,-62.724517,-0.784056
132.4110,-23959,-62.724517,-0.784056
132.4210,-23960,-62.727138,-0.784089
132.4310,-23960,-62.727138,-0.784089
132.4410,-23960,-62.727138,-0.784089
132.4510,-23960,-62.727138,-0.784089
132.4610,-23960,-62.727138,-0.784089
132.4710,-23960,-62.727138,-0.784089
132.4810,-23960,-62.727138,-0.784089
132.4910,-23960,-62.727138,-0.784089
132.5010,-23960,-62.727138,-0.784089
132.5110,-23961,-62.729755,-0.784122
132.5210,-23961,-62.729755,-0.784122
132.5310,-23961,-62.729755,-0.784122
132.5410,-23961,-62.729755,-0.784122
132.5510,-23961,-62.729755,-0.784122
132.5610,-23961,-62.729755,-0.784122
132.5720,-23961,-62.729755,-0.784122
132.5810,-23962,-62.732372,-0.784155
132.5910,-23962,-62.732372,-0.784155
132.6010,-23962,-62.732372,-0.784155
132.6110,-23962,-62.732372,-0.784155
132.6210,-23962,-62.732372,-0.784155
132.6310,-23962,-62.732372,-0.784155
132.6410,-23962,-62.732372,-0.784155
132.6510,-23963,-62.734985,-0.784187
132.6610,-23963,-62.734985,-0.784187
132.6710,-23963,-62.734985,-0.784187
132.6810,-23963,-62.734985,-0.784187
132.6910,-23963,-62.734985,-0.784187
132.7010,-23963,-62.734985,-0.784187
132.7110,-23963,-62.734985,-0.784187
132.7210,-23963,-62.734985,-0.784187
132.7310,-23963,-62.734985,-0.784187
132.7410,-23963,-62.734985,-0.784187
132.7510,-23964,-62.737606,-0.784220
132.7610,-23964,-62.737606,-0.784220
132.7710,-23964,-62.737606,-0.784220
132.7810,-23964,-62.737606,-0.784220
132.7910,-23964,-62.737606,-0.784220
132.8010,-23964,-62.737606,-0.784220
132.8110,-23964,-62.737606,-0.784220
132.8210,-23965,-62.740222,-0.784253
132.8310,-23965,-62.740222,-0.784253
132.8410,-23965,-62.740222,-0.784253
132.8510,-23965,-62.740222,-0.784253
132.8610,-23965,-62.740222,-0.784253
132.8710,-23965,-62.740222,-0.784253
132.8810,-23965,-62.740222,-0.784253
132.8910,-23965,-62.740222,-0.784253
132.9010,-23965,-62.740222,-0.784253
132.9110,-23966,-62.742843,-0.784286
132.9210,-23965,-62.740222,-0.784253
132.9310,-23964,-62.737606,-0.784220
132.9410,-23964,-62.737606,-0.784220
132.9510,-23965,-62.740222,-0.784253
132.9610,-23965,-62.740222,-0.784253
132.9710,-23965,-62.740222,-0.784253
132.9810,-23965,-62.740222,-0.784253
132.9910,-23965,-62.740222,-0.784253
133.0010,-23965,-62.740222,-0.784253
133.0110,-23965,-62.740222,-0.784253
133.0210,-23965,-62.740222,-0.784253
133.0310,-23965,-62.740222,-0.784253
133.0410,-23965,-62.740222,-0.784253
133.0510,-23966,-62.742843,-0.784286
133.0610,-23966,-62.742843,-0.784286
133.0710,-23966,-62.742843,-0.784286
133.0810,-23966,-62.742843,-0.784286
133.0910,-23967,-62.745460,-0.784318
133.1010,-23967,-62.745460,-0.784318
133.1110,-23967,-62.745460,-0.784318
133.1210,-23967,-62.745460,-0.784318
133.1310,-23967,-62.745460,-0.784318
133.1410,-23967,-62.745460,-0.784318
133.1510,-23967,-62.745460,-0.784318
133.1610,-23967,-62.745460,-0.784318
133.1710,-23967,-62.745460,-0.784318
133.1810,-23968,-62.748077,-0.784351
133.1910,-23968,-62.748077,-0.784351
133.2010,-23968,-62.748077,-0.784351
133.2120,-23968,-62.748077,-0.784351
133.2210,-23968,-62.748077,-0.784351
133.2310,-23968,-62.748077,-0.784351
133.2410,-23968,-62.748077,-0.784351
133.2510,-23969,-62.750698,-0.784384
133.2610,-23969,-62.750698,-0.784384
133.2710,-23969,-62.750698,-0.784384
133.2810,-23969,-62.750698,-0.784384
133.2910,-23969,-62.750698,-0.784384
133.3010,-23969,-62.750698,-0.784384
133.3110,-23969,-62.750698,-0.784384
133.3210,-23969,-62.750698,-0.784384
133.3310,-23970,-62.753314,-0.784416
133.3410,-23970,-62.753314,-0.784416
133.3510,-23970,-62.753314,-0.784416
133.3610,-23970,-62.753314,-0.784416
133.3710,-23970,-62.753314,-0.784416
133.3810,-23970,-62.753314,-0.784416
133.3910,-23970,-62.753314,-0.784416
133.4010,-23970,-62.753314,-0.784416
133.4110,-23970,-62.753314,-0.784416
133.4210,-23971,-62.755935,-0.784449
133.4310,-23971,-62.755935,-0.784449
133.4410,-23971,-62.755935,-0.784449
133.4510,-23971,-62.755935,-0.784449
133.4610,-23971,-62.755935,-0.784449
133.4710,-23971,-62.755935,-0.784449
133.4810,-23971,-62.755935,-0.784449
133.4910,-23971,-62.755935,-0.784449
133.5010,-23971,-62.755935,-0.784449
133.5110,-23971,-62.755935,-0.784449
133.5210,-23971,-62.755935,-0.784449
133.5310,-23971,-62.755935,-0.784449
133.5410,-23971,-62.755935,-0.784449
133.5510,-23972,-62.758552,-0.784482
133.5610,-23972,-62.758552,-0.784482
133.5710,-23972,-62.758552,-0.784482
133.5810,-23972,-62.758552,-0.784482
133.5910,-23972,-62.758552,-0.784482
133.6010,-23972,-62.758552,-0.784482
133.6110,-23972,-62.758552,-0.784482
133.6210,-23972,-62.758552,-0.784482
133.6310,-23972,-62.758552,-0.784482
133.6410,-23973,-62.761173,-0.784515
133.6510,-23973,-62.761173,-0.784515
133.6610,-23973,-62.761173,-0.784515
133.6710,-23973,-62.761173,-0.784515
133.6810,-23973,-62.761173,-0.784515
133.6910,-23973,-62.761173,-0.784515
133.7010,-23973,-62.761173,-0.784515
133.7110,-23973,-62.761173,-0.784515
133.7210,-23973,-62.761173,-0.784515
133.7310,-23973,-62.761173,-0.784515
133.7410,-23973,-62.761173,-0.784515
133.7510,-23973,-62.761173,-0.784515
133.7610,-23974,-62.763786,-0.784547
133.7710,-23974,-62.763786,-0.784547
133.7810,-23974,-62.763786,-0.784547
133.7910,-23974,-62.763786,-0.784547
133.8010,-23974,-62.763786,-0.784547
133.8110,-23974,-62.763786,-0.784547
133.8210,-23974,-62.763786,-0.784547
133.8310,-23974,-62.763786,-0.784547
133.8410,-23974,-62.763786,-0.784547
133.8520,-23974,-62.763786,-0.784547
133.8610,-23974,-62.763786,-0.784547
133.8710,-23974,-62.763786,-0.784547
133.8810,-23974,-62.763786,-0.784547
133.8910,-23975,-62.766403,-0.784580
133.9010,-23975,-62.766403,-0.784580
133.9110,-23975,-62.766403,-0.784580
133.9210,-23975,-62.766403,-0.784580
133.9310,-23975,-62.766403,-0.784580
133.9410,-23975,-62.766403,-0.784580
133.9510,-23975,-62.766403,-0.784580
133.9610,-23975,-62.766403,-0.784580
133.9710,-23975,-62.766403,-0.784580
133.9810,-23975,-62.766403,-0.784580
133.9910,-23975,-62.766403,-0.784580
134.0010,-23975,-62.766403,-0.784580
134.0110,-23975,-62.766403,-0.784580
134.0210,-23975,-62.766403,-0.784580
134.0310,-23975,-62.766403,-0.784580
134.0410,-23975,-62.766403,-0.784580
134.0510,-23975,-62.766403,-0.784580
134.0610,-23975,-62.766403,-0.784580
134.0710,-23975,-62.766403,-0.784580
134.0810,-23976,-62.769020,-0.784613
134.0910,-23976,-62.769020,-0.784613
134.1010,-23976,-62.769020,-0.784613
134.1110,-23976,-62.769020,-0.784613
134.1210,-23976,-62.769020,-0.784613
134.1310,-23976,-62.769020,-0.784613
134.1410,-23976,-62.769020,-0.784613
134.1510,-23976,-62.769020,-0.784613
134.1610,-23976,-62.769020,-0.784613
134.1710,-23976,-62.769020,-0.784613
134.1810,-23976,-62.769020,-0.784613
134.1910,-23976,-62.769020,-0.784613
134.2010,-23976,-62.769020,-0.784613
134.2110,-23976,-62.769020,-0.784613
134.2210,-23976,-62.769020,-0.784613
134.2310,-23977,-62.771640,-0.784645
134.2410,-23977,-62.771640,-0.784645
134.2510,-23977,-62.771640,-0.784645
134.2610,-23977,-62.771640,-0.784645
134.2710,-23977,-62.771640,-0.784645
134.2810,-23977,-62.771640,-0.784645
134.2910,-23977,-62.771640,-0.784645
134.3010,-23977,-62.771640,-0.784645
134.3110,-23977,-62.771640,-0.784645
134.3210,-23977,-62.771640,-0.784645
134.3310,-23977,-62.771640,-0.784645
134.3410,-23977,-62.771640,-0.784645
134.3510,-23977,-62.771640,-0.784645
134.3610,-23977,-62.771640,-0.784645
134.3710,-23977,-62.771640,-0.784645
134.3810,-23977,-62.771640,-0.784645
134.3910,-23977,-62.771640,-0.784645
134.4010,-23978,-62.774257,-0.784678
134.4110,-23978,-62.774257,-0.784678
134.4210,-23978,-62.774257,-0.784678
134.4310,-23978,-62.774257,-0.784678
134.4410,-23978,-62.774257,-0.784678
134.4510,-23978,-62.774257,-0.784678
134.4610,-23978,-62.774257,-0.784678
134.4710,-23978,-62.774257,-0.784678
134.4810,-23978,-62.774257,-0.784678
134.4920,-23978,-62.774257,-0.784678
134.5010,-23978,-62.774257,-0.784678
134.5110,-23978,-62.774257,-0.784678
134.5210,-23978,-62.774257,-0.784678
134.5310,-23978,-62.774257,-0.784678
134.5410,-23978,-62.774257,-0.784678
134.5510,-23978,-62.774257,-0.784678
134.5610,-23979,-62.776878,-0.784711
134.5710,-23979,-62.776878,-0.784711
134.5810,-23979,-62.776878,-0.784711
134.5910,-23979,-62.776878,-0.784711
134.6010,-23979,-62.776878,-0.784711
134.6110,-23979,-62.776878,-0.784711
134.6210,-23979,-62.776878,-0.784711
134.6310,-23979,-62.776878,-0.784711
134.6410,-23979,-62.776878,-0.784711
134.6510,-23979,-62.776878,-0.784711
134.6610,-23979,-62.776878,-0.784711
134.6710,-23979,-62.776878,-0.784711
134.6810,-23979,-62.776878,-0.784711
134.6910,-23979,-62.776878,-0.784711
134.7010,-23979,-62.776878,-0.784711
134.7110,-23979,-62.776878,-0.784711
134.7210,-23979,-62.776878,-0.784711
134.7310,-23979,-62.776878,-0.784711
134.7410,-23979,-62.776878,-0.784711
134.7510,-23979,-62.776878,-0.784711
134.7610,-23980,-62.779495,-0.784744
134.7710,-23980,-62.779495,-0.784744
134.7810,-23980,-62.779495,-0.784744
134.7910,-23980,-62.779495,-0.784744
134.8010,-23980,-62.779495,-0.784744
134.8110,-23980,-62.779495,-0.784744
134.8210,-23980,-62.779495,-0.784744
134.8310,-23980,-62.779495,-0.784744
134.8410,-23980,-62.779495,-0.784744
134.8510,-23980,-62.779495,-0.784744
134.8610,-23980,-62.779495,-0.784744
134.8710,-23980,-62.779495,-0.784744
134.8810,-23980,-62.779495,-0.784744
134.8910,-23980,-62.779495,-0.784744
134.9010,-23980,-62.779495,-0.784744
134.9110,-23980,-62.779495,-0.784744
134.9210,-23980,-62.779495,-0.784744
134.9310,-23980,-62.779495,-0.784744
134.9410,-23981,-62.782115,-0.784776
134.9510,-23981,-62.782115,-0.784776
134.9610,-23981,-62.782115,-0.784776
134.9710,-23981,-62.782115,-0.784776
134.9810,-23981,-62.782115,-0.784776
134.9910,-23981,-62.782115,-0.784776
135.0010,-23981,-62.782115,-0.784776
135.0110,-23981,-62.782115,-0.784776
135.0210,-23981,-62.782115,-0.784776
135.0310,-23981,-62.782115,-0.784776
135.0410,-23981,-62.782115,-0.784776
135.0510,-23981,-62.782115,-0.784776
135.0610,-23981,-62.782115,-0.784776
135.0710,-23981,-62.782115,-0.784776
135.0810,-23981,-62.782115,-0.784776
135.0910,-23981,-62.782115,-0.784776
135.1010,-23981,-62.782115,-0.784776
135.1110,-23981,-62.782115,-0.784776
135.1210,-23981,-62.782115,-0.784776
135.1320,-23981,-62.782115,-0.784776
135.1410,-23982,-62.784732,-0.784809
135.1510,-23982,-62.784732,-0.784809
135.1610,-23982,-62.784732,-0.784809
135.1710,-23982,-62.784732,-0.784809
135.1810,-23982,-62.784732,-0.784809
135.1910,-23982,-62.784732,-0.784809
135.2010,-23982,-62.784732,-0.784809
135.2110,-23982,-62.784732,-0.784809
135.2210,-23982,-62.784732,-0.784809
135.2310,-23982,-62.784732,-0.784809
135.2410,-23982,-62.784732,-0.784809
135.2510,-23982,-62.784732,-0.784809
135.2610,-23982,-62.784732,-0.784809
135.2710,-23982,-62.784732,-0.784809
135.2810,-23982,-62.784732,-0.784809
135.2910,-23982,-62.784732,-0.784809
135.3010,-23982,-62.784732,-0.784809
135.3110,-23982,-62.784732,-0.784809
135.3210,-23982,-62.784732,-0.784809
135.3310,-23983,-62.787349,-0.784842
135.3410,-23983,-62.787349,-0.784842
135.3510,-23983,-62.787349,-0.784842
135.3610,-23983,-62.787349,-0.784842
135.3710,-23983,-62.787349,-0.784842
135.3810,-23983,-62.787349,-0.784842
135.3910,-23983,-62.787349,-0.784842
135.4010,-23983,-62.787349,-0.784842
135.4110,-23983,-62.787349,-0.784842
135.4210,-23983,-62.787349,-0.784842
135.4310,-23983,-62.787349,-0.784842
135.4410,-23983,-62.787349,-0.784842
135.4510,-23983,-62.787349,-0.784842
135.4610,-23983,-62.787349,-0.784842
135.4710,-23983,-62.787349,-0.784842
135.4810,-23983,-62.787349,-0.784842
135.4910,-23983,-62.787349,-0.784842
135.5010,-23983,-62.787349,-0.784842
135.5110,-23983,-62.787349,-0.784842
135.5210,-23983,-62.787349,-0.784842
135.5310,-23983,-62.787349,-0.784842
135.5410,-23984,-62.789962,-0.784875
135.5510,-23984,-62.789962,-0.784875
135.5610,-23984,-62.789962,-0.784875
135.5710,-23984,-62.789962,-0.784875
135.5810,-23984,-62.789962,-0.784875
135.5910,-23984,-62.789962,-0.784875
135.6010,-23984,-62.789962,-0.784875
135.6110,-23984,-62.789962,-0.784875
135.6210,-23984,-62.789962,-0.784875
135.6310,-23984,-62.789962,-0.784875
135.6410,-23984,-62.789962,-0.784875
135.6510,-23984,-62.789962,-0.784875
135.6610,-23984,-62.789962,-0.784875
135.6710,-23984,-62.789962,-0.784875
135.6810,-23984,-62.789962,-0.784875
135.6910,-23984,-62.789962,-0.784875
135.7010,-23984,-62.789962,-0.784875
135.7110,-23984,-62.789962,-0.784875
135.7210,-23985,-62.792583,-0.784907
135.7310,-23985,-62.792583,-0.784907
135.7410,-23985,-62.792583,-0.784907
135.7510,-23985,-62.792583,-0.784907
135.7610,-23985,-62.792583,-0.784907
135.7720,-23985,-62.792583,-0.784907
135.7810,-23985,-62.792583,-0.784907
135.7910,-23985,-62.792583,-0.784907
135.8010,-23985,-62.792583,-0.784907
135.8110,-23985,-62.792583,-0.784907
135.8210,-23985,-62.792583,-0.784907
135.8310,-23985,-62.792583,-0.784907
135.8410,-23985,-62.792583,-0.784907
135.8510,-23985,-62.792583,-0.784907
135.8610,-23985,-62.792583,-0.784907
135.8710,-23985,-62.792583,-0.784907
135.8810,-23985,-62.792583,-0.784907
135.8910,-23986,-62.795200,-0.784940
135.9010,-23986,-62.795200,-0.784940
135.9110,-23986,-62.795200,-0.784940
135.9210,-23986,-62.795200,-0.784940
135.9310,-23986,-62.795200,-0.784940
135.9410,-23986,-62.795200,-0.784940
135.9510,-23986,-62.795200,-0.784940
135.9610,-23986,-62.795200,-0.784940
135.9710,-23986,-62.795200,-0.784940
135.9810,-23986,-62.795200,-0.784940
135.9910,-23986,-62.795200,-0.784940
136.0010,-23986,-62.795200,-0.784940
136.0110,-23986,-62.795200,-0.784940
136.0210,-23986,-62.795200,-0.784940
136.0310,-23986,-62.795200,-0.784940
136.0410,-23987,-62.797821,-0.784973
136.0510,-23987,-62.797821,-0.784973
136.0610,-23987,-62.797821,-0.784973
136.0710,-23987,-62.797821,-0.784973
136.0810,-23987,-62.797821,-0.784973
136.0910,-23987,-62.797821,-0.784973
136.1010,-23987,-62.797821,-0.784973
136.1110,-23987,-62.797821,-0.784973
136.1210,-23987,-62.797821,-0.784973
136.1310,-23987,-62.797821,-0.784973
136.1410,-23987,-62.797821,-0.784973
136.1510,-23986,-62.795200,-0.784940
136.1610,-23986,-62.795200,-0.784940
136.1710,-23986,-62.795200,-0.784940
136.1810,-23986,-62.795200,-0.784940
136.1910,-23986,-62.795200,-0.784940
136.2010,-23986,-62.795200,-0.784940
136.2110,-23986,-62.795200,-0.784940
136.2210,-23986,-62.795200,-0.784940
136.2310,-23986,-62.795200,-0.784940
136.2410,-23986,-62.795200,-0.784940
136.2510,-23986,-62.795200,-0.784940
136.2610,-23986,-62.795200,-0.784940
136.2710,-23986,-62.795200,-0.784940
136.2810,-23986,-62.795200,-0.784940
136.2910,-23986,-62.795200,-0.784940
136.3010,-23986,-62.795200,-0.784940
136.3110,-23986,-62.795200,-0.784940
136.3210,-23986,-62.795200,-0.784940
136.3310,-23986,-62.795200,-0.784940
136.3410,-23986,-62.795200,-0.784940
136.3510,-23986,-62.795200,-0.784940
136.3610,-23986,-62.795200,-0.784940
136.3710,-23986,-62.795200,-0.784940
136.3810,-23986,-62.795200,-0.784940
136.3910,-23987,-62.797821,-0.784973
136.4010,-23987,-62.797821,-0.784973
136.4120,-23987,-62.797821,-0.784973
136.4210,-23987,-62.797821,-0.784973
136.4310,-23987,-62.797821,-0.784973
136.4410,-23987,-62.797821,-0.784973
136.4510,-23987,-62.797821,-0.784973
136.4610,-23987,-62.797821,-0.784973
136.4710,-23987,-62.797821,-0.784973
136.4810,-23987,-62.797821,-0.784973
136.4910,-23987,-62.797821,-0.784973
136.5010,-23987,-62.797821,-0.784973
136.5110,-23987,-62.797821,-0.784973
136.5210,-23987,-62.797821,-0.784973
136.5310,-23987,-62.797821,-0.784973
136.5410,-23987,-62.797821,-0.784973
136.5510,-23987,-62.797821,-0.784973
136.5610,-23987,-62.797821,-0.784973
136.5710,-23987,-62.797821,-0.784973
136.5810,-23987,-62.797821,-0.784973
136.5910,-23987,-62.797821,-0.784973
136.6010,-23988,-62.800437,-0.785005
136.6110,-23988,-62.800437,-0.785005
136.6210,-23988,-62.800437,-0.785005
136.6310,-23988,-62.800437,-0.785005
136.6410,-23988,-62.800437,-0.785005
136.6510,-23988,-62.800437,-0.785005
136.6610,-23988,-62.800437,-0.785005
136.6710,-23988,-62.800437,-0.785005
136.6810,-23988,-62.800437,-0.785005
136.6910,-23988,-62.800437,-0.785005
136.7010,-23988,-62.800437,-0.785005
136.7110,-23988,-62.800437,-0.785005
136.7210,-23988,-62.800437,-0.785005
136.7310,-23988,-62.800437,-0.785005
136.7410,-23988,-62.800437,-0.785005
136.7510,-23988,-62.800437,-0.785005
136.7610,-23988,-62.800437,-0.785005
136.7710,-23989,-62.803058,-0.785038
136.7810,-23989,-62.803058,-0.785038
136.7910,-23989,-62.803058,-0.785038
136.8010,-23989,-62.803058,-0.785038
136.8110,-23989,-62.803058,-0.785038
136.8210,-23989,-62.803058,-0.785038
136.8310,-23989,-62.803058,-0.785038
136.8410,-23989,-62.803058,-0.785038
136.8510,-23989,-62.803058,-0.785038
136.8610,-23989,-62.803058,-0.785038
136.8710,-23989,-62.803058,-0.785038
136.8810,-23989,-62.803058,-0.785038
136.8910,-23989,-62.803058,-0.785038
136.9010,-23989,-62.803058,-0.785038
136.9110,-23989,-62.803058,-0.785038
136.9210,-23989,-62.803058,-0.785038
136.9310,-23989,-62.803058,-0.785038
136.9410,-23989,-62.803058,-0.785038
136.9510,-23989,-62.803058,-0.785038
136.9610,-23989,-62.803058,-0.785038
136.9710,-23989,-62.803058,-0.785038
136.9810,-23989,-62.803058,-0.785038
136.9910,-23989,-62.803058,-0.785038
137.0010,-23989,-62.803058,-0.785038
137.0110,-23989,-62.803058,-0.785038
137.0210,-23989,-62.803058,-0.785038
137.0310,-23990,-62.805675,-0.785071
137.0410,-23990,-62.805675,-0.785071
137.0520,-23990,-62.805675,-0.785071
137.0610,-23990,-62.805675,-0.785071
137.0710,-23990,-62.805675,-0.785071
137.0810,-23990,-62.805675,-0.785071
137.0910,-23990,-62.805675,-0.785071
137.1010,-23990,-62.805675,-0.785071
137.1110,-23990,-62.805675,-0.785071
137.1210,-23990,-62.805675,-0.785071
137.1310,-23990,-62.805675,-0.785071
137.1410,-23990,-62.805675,-0.785071
137.1510,-23990,-62.805675,-0.785071
137.1610,-23990,-62.805675,-0.785071
137.1710,-23990,-62.805675,-0.785071
137.1810,-23990,-62.805675,-0.785071
137.1910,-23990,-62.805675,-0.785071
137.2010,-23990,-62.805675,-0.785071
137.2110,-23990,-62.805675,-0.785071
137.2210,-23990,-62.805675,-0.785071
137.2310,-23990,-62.805675,-0.785071
137.2410,-23990,-62.805675,-0.785071
137.2510,-23990,-62.805675,-0.785071
137.2610,-23990,-62.805675,-0.785071
137.2710,-23991,-62.808292,-0.785104
137.2810,-23991,-62.808292,-0.785104
137.2910,-23991,-62.808292,-0.785104
137.3010,-23991,-62.808292,-0.785104
137.3110,-23991,-62.808292,-0.785104
137.3210,-23991,-62.808292,-0.785104
137.3310,-23991,-62.808292,-0.785104
137.3410,-23991,-62.808292,-0.785104
137.3510,-23991,-62.808292,-0.785104
137.3610,-23991,-62.808292,-0.785104
137.3710,-23991,-62.808292,-0.785104
137.3810,-23991,-62.808292,-0.785104
137.3910,-23991,-62.808292,-0.785104
137.4010,-23991,-62.808292,-0.785104
137.4110,-23991,-62.808292,-0.785104
137.4210,-23991,-62.808292,-0.785104
137.4310,-23991,-62.808292,-0.785104
137.4410,-23991,-62.808292,-0.785104
137.4510,-23991,-62.808292,-0.785104
137.4610,-23991,-62.808292,-0.785104
137.4710,-23991,-62.808292,-0.785104
137.4810,-23991,-62.808292,-0.785104
137.4910,-23991,-62.808292,-0.785104
137.5010,-23991,-62.808292,-0.785104
137.5110,-23991,-62.808292,-0.785104
137.5210,-23991,-62.808292,-0.785104
137.5310,-23991,-62.808292,-0.785104
137.5410,-23992,-62.810913,-0.785136
137.5510,-23992,-62.810913,-0.785136
137.5610,-23992,-62.810913,-0.785136
137.5710,-23992,-62.810913,-0.785136
137.5810,-23992,-62.810913,-0.785136
137.5910,-23992,-62.810913,-0.785136
137.6010,-23992,-62.810913,-0.785136
137.6110,-23992,-62.810913,-0.785136
137.6210,-23992,-62.810913,-0.785136
137.6310,-23992,-62.810913,-0.785136
137.6410,-23992,-62.810913,-0.785136
137.6510,-23992,-62.810913,-0.785136
137.6610,-23992,-62.810913,-0.785136
137.6710,-23992,-62.810913,-0.785136
137.6810,-23992,-62.810913,-0.785136
137.6920,-23992,-62.810913,-0.785136
137.7010,-23992,-62.810913,-0.785136
137.7110,-23992,-62.810913,-0.785136
137.7210,-23992,-62.810913,-0.785136
137.7310,-23992,-62.810913,-0.785136
137.7410,-23992,-62.810913,-0.785136
137.7510,-23992,-62.810913,-0.785136
137.7610,-23992,-62.810913,-0.785136
137.7710,-23993,-62.813529,-0.785169
137.7810,-23993,-62.813529,-0.785169
137.7910,-23993,-62.813529,-0.785169
137.8010,-23993,-62.813529,-0.785169
137.8110,-23993,-62.813529,-0.785169
137.8210,-23993,-62.813529,-0.785169
137.8310,-23993,-62.813529,-0.785169
137.8410,-23993,-62.813529,-0.785169
137.8510,-23993,-62.813529,-0.785169
137.8610,-23993,-62.813529,-0.785169
137.8710,-23993,-62.813529,-0.785169
137.8810,-23993,-62.813529,-0.785169
137.8910,-23993,-62.813529,-0.785169
137.9010,-23993,-62.813529,-0.785169
137.9110,-23993,-62.813529,-0.785169
137.9210,-23993,-62.813529,-0.785169
137.9310,-23993,-62.813529,-0.785169
137.9410,-23993,-62.813529,-0.785169
137.9510,-23993,-62.813529,-0.785169
137.9610,-23993,-62.813529,-0.785169
137.9710,-23993,-62.813529,-0.785169
137.9810,-23993,-62.813529,-0.785169
137.9910,-23993,-62.813529,-0.785169
138.0010,-23993,-62.813529,-0.785169
138.0110,-23994,-62.816150,-0.785202
138.0210,-23994,-62.816150,-0.785202
138.0310,-23994,-62.816150,-0.785202
138.0410,-23994,-62.816150,-0.785202
138.0510,-23994,-62.816150,-0.785202
138.0610,-23994,-62.816150,-0.785202
138.0710,-23994,-62.816150,-0.785202
138.0810,-23994,-62.816150,-0.785202
138.0910,-23994,-62.816150,-0.785202
138.1010,-23994,-62.816150,-0.785202
138.1110,-23994,-62.816150,-0.785202
138.1210,-23994,-62.816150,-0.785202
138.1310,-23994,-62.816150,-0.785202
138.1410,-23994,-62.816150,-0.785202
138.1510,-23994,-62.816150,-0.785202
138.1610,-23994,-62.816150,-0.785202
138.1710,-23994,-62.816150,-0.785202
138.1810,-23994,-62.816150,-0.785202
138.1910,-23994,-62.816150,-0.785202
138.2010,-23994,-62.816150,-0.785202
138.2110,-23994,-62.816150,-0.785202
138.2210,-23994,-62.816150,-0.785202
138.2310,-23994,-62.816150,-0.785202
138.2410,-23994,-62.816150,-0.785202
138.2510,-23994,-62.816150,-0.785202
138.2610,-23995,-62.818763,-0.785235
138.2710,-23995,-62.818763,-0.785235
138.2810,-23995,-62.818763,-0.785235
138.2910,-23995,-62.818763,-0.785235
138.3010,-23995,-62.818763,-0.785235
138.3110,-23995,-62.818763,-0.785235
138.3210,-23995,-62.818763,-0.785235
138.3320,-23995,-62.818763,-0.785235
138.3410,-23995,-62.818763,-0.785235
138.3510,-23995,-62.818763,-0.785235
138.3610,-23995,-62.818763,-0.785235
138.3710,-23995,-62.818763,-0.785235
138.3810,-23995,-62.818763,-0.785235
138.3910,-23995,-62.818763,-0.785235
138.4010,-23995,-62.818763,-0.785235
138.4110,-23995,-62.818763,-0.785235
138.4210,-23995,-62.818763,-0.785235
138.4310,-23995,-62.818763,-0.785235
138.4410,-23995,-62.818763,-0.785235
138.4510,-23995,-62.818763,-0.785235
138.4610,-23995,-62.818763,-0.785235
138.4710,-23995,-62.818763,-0.785235
138.4810,-23995,-62.818763,-0.785235
138.4910,-23995,-62.818763,-0.785235
138.5010,-23995,-62.818763,-0.785235
138.5110,-23995,-62.818763,-0.785235
138.5210,-23995,-62.818763,-0.785235
138.5310,-23995,-62.818763,-0.785235
138.5410,-23995,-62.818763,-0.785235
138.5510,-23995,-62.818763,-0.785235
138.5610,-23995,-62.818763,-0.785235
138.5710,-23996,-62.821380,-0.785267
138.5810,-23996,-62.821380,-0.785267
138.5910,-23996,-62.821380,-0.785267
138.6010,-23996,-62.821380,-0.785267
138.6110,-23996,-62.821380,-0.785267
138.6210,-23996,-62.821380,-0.785267
138.6310,-23996,-62.821380,-0.785267
138.6410,-23996,-62.821380,-0.785267
138.6510,-23996,-62.821380,-0.785267
138.6610,-23996,-62.821380,-0.785267
138.6710,-23996,-62.821380,-0.785267
138.6810,-23996,-62.821380,-0.785267
138.6910,-23996,-62.821380,-0.785267
138.7010,-23996,-62.821380,-0.785267
138.7110,-23996,-62.821380,-0.785267
138.7210,-23996,-62.821380,-0.785267
138.7310,-23996,-62.821380,-0.785267
138.7410,-23996,-62.821380,-0.785267
138.7510,-23996,-62.821380,-0.785267
138.7610,-23996,-62.821380,-0.785267
138.7710,-23996,-62.821380,-0.785267
138.7810,-23996,-62.821380,-0.785267
138.7910,-23996,-62.821380,-0.785267
138.8010,-23996,-62.821380,-0.785267
138.8110,-23996,-62.821380,-0.785267
138.8210,-23996,-62.821380,-0.785267
138.8310,-23996,-62.821380,-0.785267
138.8410,-23997,-62.823997,-0.785300
138.8510,-23997,-62.823997,-0.785300
138.8610,-23997,-62.823997,-0.785300
138.8710,-23997,-62.823997,-0.785300
138.8810,-23997,-62.823997,-0.785300
138.8910,-23997,-62.823997,-0.785300
138.9010,-23997,-62.823997,-0.785300
138.9110,-23997,-62.823997,-0.785300
138.9210,-23997,-62.823997,-0.785300
138.9310,-23997,-62.823997,-0.785300
138.9410,-23997,-62.823997,-0.785300
138.9510,-23997,-62.823997,-0.785300
138.9610,-23997,-62.823997,-0.785300
138.9720,-23997,-62.823997,-0.785300
138.9810,-23997,-62.823997,-0.785300
138.9910,-23997,-62.823997,-0.785300
139.0010,-23997,-62.823997,-0.785300
139.0110,-23997,-62.823997,-0.785300
139.0210,-23997,-62.823997,-0.785300
139.0310,-23997,-62.823997,-0.785300
139.0410,-23997,-62.823997,-0.785300
139.0510,-23997,-62.823997,-0.785300
139.0610,-23997,-62.823997,-0.785300
139.0710,-23997,-62.823997,-0.785300
139.0810,-23997,-62.823997,-0.785300
139.0910,-23997,-62.823997,-0.785300
139.1010,-23997,-62.823997,-0.785300
139.1110,-23998,-62.826618,-0.785333
139.1210,-23998,-62.826618,-0.785333
139.1310,-23998,-62.826618,-0.785333
139.1410,-23998,-62.826618,-0.785333
139.1510,-23998,-62.826618,-0.785333
139.1610,-23998,-62.826618,-0.785333
139.1710,-23998,-62.826618,-0.785333
139.1810,-23998,-62.826618,-0.785333
139.1910,-23998,-62.826618,-0.785333
139.2010,-23998,-62.826618,-0.785333
139.2110,-23998,-62.826618,-0.785333
139.2210,-23998,-62.826618,-0.785333
139.2310,-23998,-62.826618,-0.785333
139.2410,-23998,-62.826618,-0.785333
139.2510,-23998,-62.826618,-0.785333
139.2610,-23998,-62.826618,-0.785333
139.2710,-23998,-62.826618,-0.785333
139.2810,-23998,-62.826618,-0.785333
139.2910,-23998,-62.826618,-0.785333
139.3010,-23998,-62.826618,-0.785333
139.3110,-23998,-62.826618,-0.785333
139.3210,-23998,-62.826618,-0.785333
139.3310,-23998,-62.826618,-0.785333
139.3410,-23998,-62.826618,-0.785333
139.3510,-23998,-62.826618,-0.785333
139.3610,-23998,-62.826618,-0.785333
139.3710,-23998,-62.826618,-0.785333
139.3810,-23999,-62.829235,-0.785365
139.3910,-23999,-62.829235,-0.785365
139.4010,-23999,-62.829235,-0.785365
139.4110,-23999,-62.829235,-0.785365
139.4210,-23999,-62.829235,-0.785365
139.4310,-23999,-62.829235,-0.785365
139.4410,-23999,-62.829235,-0.785365
139.4510,-23999,-62.829235,-0.785365
139.4610,-23999,-62.829235,-0.785365
139.4710,-23999,-62.829235,-0.785365
139.4810,-23999,-62.829235,-0.785365
139.4910,-23999,-62.829235,-0.785365
139.5010,-23999,-62.829235,-0.785365
139.5110,-23999,-62.829235,-0.785365
139.5210,-23999,-62.829235,-0.785365
139.5310,-23999,-62.829235,-0.785365
139.5410,-23999,-62.829235,-0.785365
139.5510,-23999,-62.829235,-0.785365
139.5610,-23999,-62.829235,-0.785365
139.5710,-23999,-62.829235,-0.785365
139.5810,-23999,-62.829235,-0.785365
139.5910,-23999,-62.829235,-0.785365
139.6010,-23999,-62.829235,-0.785365
139.6120,-23999,-62.829235,-0.785365
139.6210,-23999,-62.829235,-0.785365
139.6310,-23999,-62.829235,-0.785365
139.6410,-23999,-62.829235,-0.785365
139.6510,-23999,-62.829235,-0.785365
139.6610,-23999,-62.829235,-0.785365
139.6710,-23999,-62.829235,-0.785365
139.6810,-23999,-62.829235,-0.785365
139.6910,-23999,-62.829235,-0.785365
139.7010,-23999,-62.829235,-0.785365
139.7110,-24000,-62.831855,-0.785398
139.7210,-24000,-62.831855,-0.785398
139.7310,-24000,-62.831855,-0.785398
139.7410,-24000,-62.831855,-0.785398
139.7510,-24000,-62.831855,-0.785398
139.7610,-24000,-62.831855,-0.785398
139.7710,-24000,-62.831855,-0.785398
139.7810,-24000,-62.831855,-0.785398
139.7910,-24000,-62.831855,-0.785398
139.8010,-24000,-62.831855,-0.785398
139.8110,-24000,-62.831855,-0.785398
139.8210,-24000,-62.831855,-0.785398
139.8310,-24000,-62.831855,-0.785398
139.8410,-24000,-62.831855,-0.785398
139.8510,-24000,-62.831855,-0.785398
139.8610,-24000,-62.831855,-0.785398
139.8710,-24000,-62.831855,-0.785398
139.8810,-24000,-62.831855,-0.785398
139.8910,-24000,-62.831855,-0.785398
139.9010,-24000,-62.831855,-0.785398
139.9110,-24000,-62.831855,-0.785398
139.9210,-24000,-62.831855,-0.785398
139.9310,-24000,-62.831855,-0.785398
139.9410,-24000,-62.831855,-0.785398
139.9510,-24000,-62.831855,-0.785398
139.9610,-24000,-62.831855,-0.785398
139.9710,-24000,-62.831855,-0.785398
139.9810,-24001,-62.834472,-0.785431
139.9910,-24001,-62.834472,-0.785431
140.0010,-24001,-62.834472,-0.785431
140.0110,-24001,-62.834472,-0.785431
140.0210,-24001,-62.834472,-0.785431
140.0310,-24001,-62.834472,-0.785431
140.0410,-24001,-62.834472,-0.785431
140.0510,-24001,-62.834472,-0.785431
140.0610,-24001,-62.834472,-0.785431
140.0710,-24001,-62.834472,-0.785431
140.0810,-24001,-62.834472,-0.785431
140.0910,-24001,-62.834472,-0.785431
140.1010,-24001,-62.834472,-0.785431
140.1110,-24001,-62.834472,-0.785431
140.1210,-24001,-62.834472,-0.785431
140.1310,-24001,-62.834472,-0.785431
140.1410,-24001,-62.834472,-0.785431
140.1510,-24001,-62.834472,-0.785431
140.1610,-24001,-62.834472,-0.785431
140.1710,-24001,-62.834472,-0.785431
140.1810,-24001,-62.834472,-0.785431
140.1910,-24001,-62.834472,-0.785431
140.2010,-24001,-62.834472,-0.785431
140.2110,-24001,-62.834472,-0.785431
140.2210,-24001,-62.834472,-0.785431
140.2310,-24001,-62.834472,-0.785431
140.2410,-24001,-62.834472,-0.785431
140.2520,-24001,-62.834472,-0.785431
140.2610,-24001,-62.834472,-0.785431
140.2710,-24001,-62.834472,-0.785431
140.2810,-24001,-62.834472,-0.785431
140.2910,-24001,-62.834472,-0.785431
140.3010,-24001,-62.834472,-0.785431
140.3110,-24002,-62.837093,-0.785464
140.3210,-24002,-62.837093,-0.785464
140.3310,-24002,-62.837093,-0.785464
140.3410,-24002,-62.837093,-0.785464
140.3510,-24002,-62.837093,-0.785464
140.3610,-24002,-62.837093,-0.785464
140.3710,-24002,-62.837093,-0.785464
140.3810,-24002,-62.837093,-0.785464
140.3910,-24002,-62.837093,-0.785464
140.4010,-24002,-62.837093,-0.785464
140.4110,-24002,-62.837093,-0.785464
140.4210,-24002,-62.837093,-0.785464
140.4310,-24002,-62.837093,-0.785464
140.4410,-24002,-62.837093,-0.785464
140.4510,-24002,-62.837093,-0.785464
140.4610,-24002,-62.837093,-0.785464
140.4710,-24002,-62.837093,-0.785464
140.4810,-24002,-62.837093,-0.785464
140.4910,-24002,-62.837093,-0.785464
140.5010,-24002,-62.837093,-0.785464
140.5110,-24002,-62.837093,-0.785464
140.5210,-24002,-62.837093,-0.785464
140.5310,-24002,-62.837093,-0.785464
140.5410,-24002,-62.837093,-0.785464
140.5510,-24002,-62.837093,-0.785464
140.5610,-24002,-62.837093,-0.785464
140.5710,-24002,-62.837093,-0.785464
140.5810,-24002,-62.837093,-0.785464
140.5910,-24002,-62.837093,-0.785464
140.6010,-24002,-62.837093,-0.785464
140.6110,-24002,-62.837093,-0.785464
140.6210,-24002,-62.837093,-0.785464
140.6310,-24003,-62.839710,-0.785496
140.6410,-24003,-62.839710,-0.785496
140.6510,-24003,-62.839710,-0.785496
140.6610,-24003,-62.839710,-0.785496
140.6710,-24003,-62.839710,-0.785496
140.6810,-24003,-62.839710,-0.785496
140.6910,-24003,-62.839710,-0.785496
140.7010,-24003,-62.839710,-0.785496
140.7110,-24003,-62.839710,-0.785496
140.7210,-24003,-62.839710,-0.785496
140.7310,-24003,-62.839710,-0.785496
140.7410,-24003,-62.839710,-0.785496
140.7510,-24003,-62.839710,-0.785496
140.7610,-24003,-62.839710,-0.785496
140.7710,-24003,-62.839710,-0.785496
140.7810,-24003,-62.839710,-0.785496
140.7910,-24003,-62.839710,-0.785496
140.8010,-24003,-62.839710,-0.785496
140.8110,-24003,-62.839710,-0.785496
140.8210,-24003,-62.839710,-0.785496
140.8310,-24003,-62.839710,-0.785496
140.8410,-24003,-62.839710,-0.785496
140.8510,-24003,-62.839710,-0.785496
140.8610,-24003,-62.839710,-0.785496
140.8710,-24003,-62.839710,-0.785496
140.8810,-24003,-62.839710,-0.785496
140.8920,-24003,-62.839710,-0.785496
140.9010,-24003,-62.839710,-0.785496
140.9110,-24003,-62.839710,-0.785496
140.9210,-24003,-62.839710,-0.785496
140.9310,-24003,-62.839710,-0.785496
140.9410,-24003,-62.839710,-0.785496
140.9510,-24003,-62.839710,-0.785496
140.9610,-24003,-62.839710,-0.785496
140.9710,-24003,-62.839710,-0.785496
140.9810,-24003,-62.839710,-0.785496
140.9910,-24003,-62.839710,-0.785496
141.0010,-24003,-62.839710,-0.785496
141.0110,-24003,-62.839710,-0.785496
141.0210,-24003,-62.839710,-0.785496
141.0310,-24004,-62.842330,-0.785529
141.0410,-24004,-62.842330,-0.785529
141.0510,-24004,-62.842330,-0.785529
141.0610,-24004,-62.842330,-0.785529
141.0710,-24004,-62.842330,-0.785529
141.0810,-24004,-62.842330,-0.785529
141.0910,-24004,-62.842330,-0.785529
141.1010,-24004,-62.842330,-0.785529
141.1110,-24004,-62.842330,-0.785529
141.1210,-24004,-62.842330,-0.785529
141.1310,-24004,-62.842330,-0.785529
141.1410,-24004,-62.842330,-0.785529
141.1510,-24004,-62.842330,-0.785529
141.1610,-24004,-62.842330,-0.785529
141.1710,-24004,-62.842330,-0.785529
141.1810,-24004,-62.842330,-0.785529
141.1910,-24004,-62.842330,-0.785529
141.2010,-24004,-62.842330,-0.785529
141.2110,-24004,-62.842330,-0.785529
141.2210,-24004,-62.842330,-0.785529
141.2310,-24004,-62.842330,-0.785529
141.2410,-24004,-62.842330,-0.785529
141.2510,-24004,-62.842330,-0.785529
141.2610,-24004,-62.842330,-0.785529
141.2710,-24004,-62.842330,-0.785529
141.2810,-24004,-62.842330,-0.785529
141.2910,-24004,-62.842330,-0.785529
141.3010,-24004,-62.842330,-0.785529
141.3110,-24004,-62.842330,-0.785529
141.3210,-24004,-62.842330,-0.785529
141.3310,-24004,-62.842330,-0.785529
141.3410,-24004,-62.842330,-0.785529
141.3510,-24004,-62.842330,-0.785529
141.3610,-24004,-62.842330,-0.785529
141.3710,-24004,-62.842330,-0.785529
141.3810,-24005,-62.844947,-0.785562
141.3910,-24005,-62.844947,-0.785562
141.4010,-24005,-62.844947,-0.785562
141.4110,-24005,-62.844947,-0.785562
141.4210,-24005,-62.844947,-0.785562
141.4310,-24005,-62.844947,-0.785562
141.4410,-24005,-62.844947,-0.785562
141.4510,-24005,-62.844947,-0.785562
141.4610,-24005,-62.844947,-0.785562
141.4710,-24005,-62.844947,-0.785562
141.4810,-24005,-62.844947,-0.785562
141.4910,-24005,-62.844947,-0.785562
141.5010,-24005,-62.844947,-0.785562
141.5110,-24005,-62.844947,-0.785562
141.5210,-24005,-62.844947,-0.785562
141.5320,-24005,-62.844947,-0.785562
141.5410,-24005,-62.844947,-0.785562
141.5510,-24005,-62.844947,-0.785562
141.5610,-24005,-62.844947,-0.785562
141.5710,-24005,-62.844947,-0.785562
141.5810,-24004,-62.842330,-0.785529
141.5910,-24004,-62.842330,-0.785529
141.6010,-24004,-62.842330,-0.785529
141.6110,-24004,-62.842330,-0.785529
141.6210,-24004,-62.842330,-0.785529
141.6310,-24004,-62.842330,-0.785529
141.6410,-24004,-62.842330,-0.785529
141.6510,-24004,-62.842330,-0.785529
141.6610,-24004,-62.842330,-0.785529
141.6710,-24004,-62.842330,-0.785529
141.6810,-24004,-62.842330,-0.785529
141.6910,-24004,-62.842330,-0.785529
141.7010,-24004,-62.842330,-0.785529
141.7110,-24004,-62.842330,-0.785529
141.7210,-24004,-62.842330,-0.785529
141.7310,-24004,-62.842330,-0.785529
141.7410,-24004,-62.842330,-0.785529
141.7510,-24004,-62.842330,-0.785529
141.7610,-24004,-62.842330,-0.785529
141.7710,-24004,-62.842330,-0.785529
141.7810,-24004,-62.842330,-0.785529
141.7910,-24004,-62.842330,-0.785529
141.8010,-24004,-62.842330,-0.785529
141.8110,-24004,-62.842330,-0.785529
141.8210,-24004,-62.842330,-0.785529
141.8310,-24004,-62.842330,-0.785529
141.8410,-24004,-62.842330,-0.785529
141.8510,-24004,-62.842330,-0.785529
141.8610,-24004,-62.842330,-0.785529
141.8710,-24004,-62.842330,-0.785529
141.8810,-24004,-62.842330,-0.785529
141.8910,-24005,-62.844947,-0.785562
141.9010,-24005,-62.844947,-0.785562
141.9110,-24005,-62.844947,-0.785562
141.9210,-24005,-62.844947,-0.785562
141.9310,-24005,-62.844947,-0.785562
141.9410,-24005,-62.844947,-0.785562
141.9510,-24005,-62.844947,-0.785562
141.9610,-24005,-62.844947,-0.785562
141.9710,-24005,-62.844947,-0.785562
141.9810,-24005,-62.844947,-0.785562
141.9910,-24005,-62.844947,-0.785562
142.0010,-24005,-62.844947,-0.785562
142.0110,-24005,-62.844947,-0.785562
142.0210,-24005,-62.844947,-0.785562
142.0310,-24005,-62.844947,-0.785562
142.0410,-24005,-62.844947,-0.785562
142.0510,-24005,-62.844947,-0.785562
142.0610,-24005,-62.844947,-0.785562
142.0710,-24005,-62.844947,-0.785562
142.0810,-24005,-62.844947,-0.785562
142.0910,-24005,-62.844947,-0.785562
142.1010,-24005,-62.844947,-0.785562
142.1110,-24005,-62.844947,-0.785562
142.1210,-24005,-62.844947,-0.785562
142.1310,-24005,-62.844947,-0.785562
142.1410,-24005,-62.844947,-0.785562
142.1510,-24005,-62.844947,-0.785562
142.1610,-24005,-62.844947,-0.785562
142.1720,-24005,-62.844947,-0.785562
142.1810,-24005,-62.844947,-0.785562
142.1910,-24005,-62.844947,-0.785562
142.2010,-24005,-62.844947,-0.785562
142.2110,-24005,-62.844947,-0.785562
142.2210,-24005,-62.844947,-0.785562
142.2310,-24005,-62.844947,-0.785562
142.2410,-24005,-62.844947,-0.785562
142.2510,-24005,-62.844947,-0.785562
142.2610,-24005,-62.844947,-0.785562
142.2710,-24005,-62.844947,-0.785562
142.2810,-24005,-62.844947,-0.785562
142.2910,-24005,-62.844947,-0.785562
142.3010,-24005,-62.844947,-0.785562
142.3110,-24005,-62.844947,-0.785562
142.3210,-24005,-62.844947,-0.785562
142.3310,-24005,-62.844947,-0.785562
142.3410,-24005,-62.844947,-0.785562
142.3510,-24005,-62.844947,-0.785562
142.3610,-24005,-62.844947,-0.785562
142.3710,-24005,-62.844947,-0.785562
142.3810,-24005,-62.844947,-0.785562
142.3910,-24005,-62.844947,-0.785562
142.4010,-24005,-62.844947,-0.785562
142.4110,-24005,-62.844947,-0.785562
142.4210,-24005,-62.844947,-0.785562
142.4310,-24005,-62.844947,-0.785562
142.4410,-24005,-62.844947,-0.785562
142.4510,-24005,-62.844947,-0.785562
142.4610,-24005,-62.844947,-0.785562
142.4710,-24005,-62.844947,-0.785562
142.4810,-24005,-62.844947,-0.785562
142.4910,-24005,-62.844947,-0.785562
142.5010,-24005,-62.844947,-0.785562
142.5110,-24005,-62.844947,-0.785562
142.5210,-24005,-62.844947,-0.785562
142.5310,-24006,-62.847560,-0.785594
142.5410,-24006,-62.847560,-0.785594
142.5510,-24006,-62.847560,-0.785594
142.5610,-24006,-62.847560,-0.785594
142.5710,-24006,-62.847560,-0.785594
142.5810,-24006,-62.847560,-0.785594
142.5910,-24006,-62.847560,-0.785594
142.6010,-24006,-62.847560,-0.785594
142.6110,-24006,-62.847560,-0.785594
142.6210,-24006,-62.847560,-0.785594
142.6310,-24006,-62.847560,-0.785594
142.6410,-24006,-62.847560,-0.785594
142.6510,-24006,-62.847560,-0.785594
142.6610,-24006,-62.847560,-0.785594
142.6710,-24006,-62.847560,-0.785594
142.6810,-24006,-62.847560,-0.785594
142.6910,-24006,-62.847560,-0.785594
142.7010,-24006,-62.847560,-0.785594
142.7110,-24006,-62.847560,-0.785594
142.7210,-24006,-62.847560,-0.785594
142.7310,-24006,-62.847560,-0.785594
142.7410,-24006,-62.847560,-0.785594
142.7510,-24006,-62.847560,-0.785594
142.7610,-24006,-62.847560,-0.785594
142.7710,-24006,-62.847560,-0.785594
142.7810,-24006,-62.847560,-0.785594
142.7910,-24006,-62.847560,-0.785594
142.8010,-24006,-62.847560,-0.785594
142.8120,-24006,-62.847560,-0.785594
142.8210,-24006,-62.847560,-0.785594
142.8310,-24006,-62.847560,-0.785594
142.8410,-24006,-62.847560,-0.785594
142.8510,-24006,-62.847560,-0.785594
142.8610,-24006,-62.847560,-0.785594
142.8710,-24006,-62.847560,-0.785594
142.8810,-24006,-62.847560,-0.785594
142.8910,-24006,-62.847560,-0.785594
142.9010,-24007,-62.850177,-0.785627
142.9110,-24007,-62.850177,-0.785627
142.9210,-24007,-62.850177,-0.785627
142.9310,-24007,-62.850177,-0.785627
142.9410,-24007,-62.850177,-0.785627
142.9510,-24007,-62.850177,-0.785627
142.9610,-24007,-62.850177,-0.785627
142.9710,-24007,-62.850177,-0.785627
142.9810,-24007,-62.850177,-0.785627
142.9910,-24007,-62.850177,-0.785627
143.0010,-24007,-62.850177,-0.785627
143.0110,-24007,-62.850177,-0.785627
143.0210,-24007,-62.850177,-0.785627
143.0310,-24007,-62.850177,-0.785627
143.0410,-24007,-62.850177,-0.785627
143.0510,-24007,-62.850177,-0.785627
143.0610,-24007,-62.850177,-0.785627
143.0710,-24007,-62.850177,-0.785627
143.0810,-24007,-62.850177,-0.785627
143.0910,-24007,-62.850177,-0.785627
143.1010,-24007,-62.850177,-0.785627
143.1110,-24007,-62.850177,-0.785627
143.1210,-24007,-62.850177,-0.785627
143.1310,-24007,-62.850177,-0.785627
143.1410,-24007,-62.850177,-0.785627
143.1510,-24007,-62.850177,-0.785627
143.1610,-24007,-62.850177,-0.785627
143.1710,-24007,-62.850177,-0.785627
143.1810,-24007,-62.850177,-0.785627
143.1910,-24007,-62.850177,-0.785627
143.2010,-24007,-62.850177,-0.785627
143.2110,-24007,-62.850177,-0.785627
143.2210,-24007,-62.850177,-0.785627
143.2310,-24007,-62.850177,-0.785627
143.2410,-24007,-62.850177,-0.785627
143.2510,-24007,-62.850177,-0.785627
143.2610,-24007,-62.850177,-0.785627
143.2710,-24007,-62.850177,-0.785627
143.2810,-24007,-62.850177,-0.785627
143.2910,-24007,-62.850177,-0.785627
143.3010,-24007,-62.850177,-0.785627
143.3110,-24007,-62.850177,-0.785627
143.3210,-24007,-62.850177,-0.785627
143.3310,-24008,-62.852798,-0.785660
143.3410,-24008,-62.852798,-0.785660
143.3510,-24008,-62.852798,-0.785660
143.3610,-24008,-62.852798,-0.785660
143.3710,-24008,-62.852798,-0.785660
143.3810,-24008,-62.852798,-0.785660
143.3910,-24008,-62.852798,-0.785660
143.4010,-24008,-62.852798,-0.785660
143.4110,-24008,-62.852798,-0.785660
143.4210,-24008,-62.852798,-0.785660
143.4310,-24008,-62.852798,-0.785660
143.4410,-24008,-62.852798,-0.785660
143.4520,-24008,-62.852798,-0.785660
143.4610,-24008,-62.852798,-0.785660
143.4710,-24008,-62.852798,-0.785660
143.4810,-24008,-62.852798,-0.785660
143.4910,-24008,-62.852798,-0.785660
143.5010,-24008,-62.852798,-0.785660
143.5110,-24008,-62.852798,-0.785660
143.5210,-24008,-62.852798,-0.785660
143.5310,-24008,-62.852798,-0.785660
143.5410,-24008,-62.852798,-0.785660
143.5510,-24008,-62.852798,-0.785660
143.5610,-24008,-62.852798,-0.785660
143.5710,-24008,-62.852798,-0.785660
143.5810,-24008,-62.852798,-0.785660
143.5910,-24008,-62.852798,-0.785660
143.6010,-24008,-62.852798,-0.785660
143.6110,-24008,-62.852798,-0.785660
143.6210,-24008,-62.852798,-0.785660
143.6310,-24008,-62.852798,-0.785660
143.6410,-24008,-62.852798,-0.785660
143.6510,-24008,-62.852798,-0.785660
143.6610,-24008,-62.852798,-0.785660
143.6710,-24008,-62.852798,-0.785660
143.6810,-24008,-62.852798,-0.785660
143.6910,-24008,-62.852798,-0.785660
143.7010,-24008,-62.852798,-0.785660
143.7110,-24008,-62.852798,-0.785660
143.7210,-24009,-62.855415,-0.785693
143.7310,-24009,-62.855415,-0.785693
143.7410,-24009,-62.855415,-0.785693
143.7510,-24009,-62.855415,-0.785693
143.7610,-24009,-62.855415,-0.785693
143.7710,-24009,-62.855415,-0.785693
143.7810,-24009,-62.855415,-0.785693
143.7910,-24009,-62.855415,-0.785693
143.8010,-24009,-62.855415,-0.785693
143.8110,-24009,-62.855415,-0.785693
143.8210,-24009,-62.855415,-0.785693
143.8310,-24009,-62.855415,-0.785693
143.8410,-24009,-62.855415,-0.785693
143.8510,-24009,-62.855415,-0.785693
143.8610,-24009,-62.855415,-0.785693
143.8710,-24009,-62.855415,-0.785693
143.8810,-24009,-62.855415,-0.785693
143.8910,-24009,-62.855415,-0.785693
143.9010,-24009,-62.855415,-0.785693
143.9110,-24009,-62.855415,-0.785693
143.9210,-24009,-62.855415,-0.785693
143.9310,-24009,-62.855415,-0.785693
143.9410,-24009,-62.855415,-0.785693
143.9510,-24009,-62.855415,-0.785693
143.9610,-24009,-62.855415,-0.785693
143.9710,-24009,-62.855415,-0.785693
143.9810,-24009,-62.855415,-0.785693
143.9910,-24009,-62.855415,-0.785693
144.0010,-24009,-62.855415,-0.785693
144.0110,-24009,-62.855415,-0.785693
144.0210,-24009,-62.855415,-0.785693
144.0310,-24009,-62.855415,-0.785693
144.0410,-24009,-62.855415,-0.785693
144.0510,-24009,-62.855415,-0.785693
144.0610,-24009,-62.855415,-0.785693
144.0710,-24009,-62.855415,-0.785693
144.0810,-24009,-62.855415,-0.785693
144.0920,-24009,-62.855415,-0.785693
144.1010,-24009,-62.855415,-0.785693
144.1110,-24009,-62.855415,-0.785693
144.1210,-24009,-62.855415,-0.785693
144.1310,-24009,-62.855415,-0.785693
144.1410,-24009,-62.855415,-0.785693
144.1510,-24009,-62.855415,-0.785693
144.1610,-24010,-62.858036,-0.785725
144.1710,-24010,-62.858036,-0.785725
144.1810,-24010,-62.858036,-0.785725
144.1910,-24010,-62.858036,-0.785725
144.2010,-24010,-62.858036,-0.785725
144.2110,-24010,-62.858036,-0.785725
144.2210,-24010,-62.858036,-0.785725
144.2310,-24010,-62.858036,-0.785725
144.2410,-24010,-62.858036,-0.785725
144.2510,-24010,-62.858036,-0.785725
144.2610,-24010,-62.858036,-0.785725
144.2710,-24010,-62.858036,-0.785725
144.2810,-24010,-62.858036,-0.785725
144.2910,-24010,-62.858036,-0.785725
144.3010,-24010,-62.858036,-0.785725
144.3110,-24010,-62.858036,-0.785725
144.3210,-24010,-62.858036,-0.785725
144.3310,-24010,-62.858036,-0.785725
144.3410,-24010,-62.858036,-0.785725
144.3510,-24010,-62.858036,-0.785725
144.3610,-24010,-62.858036,-0.785725
144.3710,-24010,-62.858036,-0.785725
144.3810,-24010,-62.858036,-0.785725
144.3910,-24010,-62.858036,-0.785725
144.4010,-24010,-62.858036,-0.785725
144.4110,-24010,-62.858036,-0.785725
144.4210,-24010,-62.858036,-0.785725
144.4310,-24010,-62.858036,-0.785725
144.4410,-24010,-62.858036,-0.785725
144.4510,-24010,-62.858036,-0.785725
144.4610,-24010,-62.858036,-0.785725
144.4710,-24010,-62.858036,-0.785725
144.4810,-24010,-62.858036,-0.785725
144.4910,-24010,-62.858036,-0.785725
144.5010,-24010,-62.858036,-0.785725
144.5110,-24010,-62.858036,-0.785725
144.5210,-24010,-62.858036,-0.785725
144.5310,-24010,-62.858036,-0.785725
144.5410,-24010,-62.858036,-0.785725
144.5510,-24010,-62.858036,-0.785725
144.5610,-24010,-62.858036,-0.785725
144.5710,-24010,-62.858036,-0.785725
144.5810,-24010,-62.858036,-0.785725
144.5910,-24011,-62.860652,-0.785758
144.6010,-24011,-62.860652,-0.785758
144.6110,-24011,-62.860652,-0.785758
144.6210,-24011,-62.860652,-0.785758
144.6310,-24011,-62.860652,-0.785758
144.6410,-24011,-62.860652,-0.785758
144.6510,-24011,-62.860652,-0.785758
144.6610,-24011,-62.860652,-0.785758
144.6710,-24011,-62.860652,-0.785758
144.6810,-24011,-62.860652,-0.785758
144.6910,-24011,-62.860652,-0.785758
144.7010,-24011,-62.860652,-0.785758
144.7110,-24011,-62.860652,-0.785758
144.7210,-24011,-62.860652,-0.785758
144.7320,-24011,-62.860652,-0.785758
144.7410,-24011,-62.860652,-0.785758
144.7510,-24011,-62.860652,-0.785758
144.7610,-24011,-62.860652,-0.785758
144.7710,-24011,-62.860652,-0.785758
144.7810,-24011,-62.860652,-0.785758
144.7910,-24011,-62.860652,-0.785758
144.8010,-24011,-62.860652,-0.785758
144.8110,-24011,-62.860652,-0.785758
144.8210,-24011,-62.860652,-0.785758
144.8310,-24011,-62.860652,-0.785758
144.8410,-24011,-62.860652,-0.785758
144.8510,-24011,-62.860652,-0.785758
144.8610,-24011,-62.860652,-0.785758
144.8710,-24011,-62.860652,-0.785758
144.8810,-24011,-62.860652,-0.785758
144.8910,-24011,-62.860652,-0.785758
144.9010,-24011,-62.860652,-0.785758
144.9110,-24011,-62.860652,-0.785758
144.9210,-24011,-62.860652,-0.785758
144.9310,-24011,-62.860652,-0.785758
144.9410,-24011,-62.860652,-0.785758
144.9510,-24011,-62.860652,-0.785758
144.9610,-24011,-62.860652,-0.785758
144.9710,-24011,-62.860652,-0.785758
144.9810,-24011,-62.860652,-0.785758
144.9910,-24011,-62.860652,-0.785758
145.0010,-24011,-62.860652,-0.785758
145.0110,-24011,-62.860652,-0.785758
145.0210,-24011,-62.860652,-0.785758
145.0310,-24011,-62.860652,-0.785758
145.0410,-24011,-62.860652,-0.785758
145.0510,-24011,-62.860652,-0.785758
145.0610,-24011,-62.860652,-0.785758
145.0710,-24011,-62.860652,-0.785758
145.0810,-24011,-62.860652,-0.785758
145.0910,-24011,-62.860652,-0.785758
145.1010,-24012,-62.863269,-0.785791
145.1110,-24012,-62.863269,-0.785791
145.1210,-24012,-62.863269,-0.785791
145.1310,-24012,-62.863269,-0.785791
145.1410,-24012,-62.863269,-0.785791
145.1510,-24012,-62.863269,-0.785791
145.1610,-24012,-62.863269,-0.785791
145.1710,-24012,-62.863269,-0.785791
145.1810,-24012,-62.863269,-0.785791
145.1910,-24012,-62.863269,-0.785791
145.2010,-24012,-62.863269,-0.785791
145.2110,-24012,-62.863269,-0.785791
145.2210,-24012,-62.863269,-0.785791
145.2310,-24012,-62.863269,-0.785791
145.2410,-24012,-62.863269,-0.785791
145.2510,-24012,-62.863269,-0.785791
145.2610,-24012,-62.863269,-0.785791
145.2710,-24012,-62.863269,-0.785791
145.2810,-24012,-62.863269,-0.785791
145.2910,-24012,-62.863269,-0.785791
145.3010,-24012,-62.863269,-0.785791
145.3110,-24012,-62.863269,-0.785791
145.3210,-24012,-62.863269,-0.785791
145.3310,-24012,-62.863269,-0.785791
145.3410,-24012,-62.863269,-0.785791
145.3510,-24012,-62.863269,-0.785791
145.3610,-24012,-62.863269,-0.785791
145.3720,-24012,-62.863269,-0.785791
145.3810,-24012,-62.863269,-0.785791
145.3910,-24012,-62.863269,-0.785791
145.4010,-24012,-62.863269,-0.785791
145.4110,-24012,-62.863269,-0.785791
145.4210,-24012,-62.863269,-0.785791
145.4310,-24012,-62.863269,-0.785791
145.4410,-24012,-62.863269,-0.785791
145.4510,-24012,-62.863269,-0.785791
145.4610,-24012,-62.863269,-0.785791
145.4710,-24012,-62.863269,-0.785791
145.4810,-24012,-62.863269,-0.785791
145.4910,-24012,-62.863269,-0.785791
145.5010,-24012,-62.863269,-0.785791
145.5110,-24012,-62.863269,-0.785791
145.5210,-24012,-62.863269,-0.785791
145.5310,-24013,-62.865890,-0.785824
145.5410,-24013,-62.865890,-0.785824
145.5510,-24013,-62.865890,-0.785824
145.5610,-24013,-62.865890,-0.785824
145.5710,-24013,-62.865890,-0.785824
145.5810,-24013,-62.865890,-0.785824
145.5910,-24013,-62.865890,-0.785824
145.6010,-24013,-62.865890,-0.785824
145.6110,-24013,-62.865890,-0.785824
145.6210,-24013,-62.865890,-0.785824
145.6310,-24013,-62.865890,-0.785824
145.6410,-24013,-62.865890,-0.785824
145.6510,-24013,-62.865890,-0.785824
145.6610,-24013,-62.865890,-0.785824
145.6710,-24013,-62.865890,-0.785824
145.6810,-24013,-62.865890,-0.785824
145.6910,-24013,-62.865890,-0.785824
145.7010,-24013,-62.865890,-0.785824
145.7110,-24013,-62.865890,-0.785824
145.7210,-24013,-62.865890,-0.785824
145.7310,-24013,-62.865890,-0.785824
145.7410,-24013,-62.865890,-0.785824
145.7510,-24013,-62.865890,-0.785824
145.7610,-24013,-62.865890,-0.785824
145.7710,-24013,-62.865890,-0.785824
145.7810,-24013,-62.865890,-0.785824
145.7910,-24013,-62.865890,-0.785824
145.8010,-24013,-62.865890,-0.785824
145.8110,-24013,-62.865890,-0.785824
145.8210,-24013,-62.865890,-0.785824
145.8310,-24013,-62.865890,-0.785824
145.8410,-24013,-62.865890,-0.785824
145.8510,-24013,-62.865890,-0.785824
145.8610,-24013,-62.865890,-0.785824
145.8710,-24013,-62.865890,-0.785824
145.8810,-24013,-62.865890,-0.785824
145.8910,-24013,-62.865890,-0.785824
145.9010,-24013,-62.865890,-0.785824
145.9110,-24013,-62.865890,-0.785824
145.9210,-24013,-62.865890,-0.785824
145.9310,-24013,-62.865890,-0.785824
145.9410,-24013,-62.865890,-0.785824
145.9510,-24013,-62.865890,-0.785824
145.9610,-24013,-62.865890,-0.785824
145.9710,-24013,-62.865890,-0.785824
145.9810,-24013,-62.865890,-0.785824
145.9910,-24013,-62.865890,-0.785824
146.0010,-24013,-62.865890,-0.785824
146.0120,-24013,-62.865890,-0.785824
146.0210,-24013,-62.865890,-0.785824
146.0310,-24013,-62.865890,-0.785824
146.0410,-24013,-62.865890,-0.785824
146.0510,-24013,-62.865890,-0.785824
146.0610,-24013,-62.865890,-0.785824
146.0710,-24014,-62.868507,-0.785856
146.0810,-24014,-62.868507,-0.785856
146.0910,-24014,-62.868507,-0.785856
146.1010,-24014,-62.868507,-0.785856
146.1110,-24014,-62.868507,-0.785856
146.1210,-24014,-62.868507,-0.785856
146.1310,-24014,-62.868507,-0.785856
146.1410,-24014,-62.868507,-0.785856
146.1510,-24014,-62.868507,-0.785856
146.1610,-24014,-62.868507,-0.785856
146.1710,-24014,-62.868507,-0.785856
146.1810,-24014,-62.868507,-0.785856
146.1910,-24014,-62.868507,-0.785856
146.2010,-24014,-62.868507,-0.785856
146.2110,-24014,-62.868507,-0.785856
146.2210,-24014,-62.868507,-0.785856
146.2310,-24014,-62.868507,-0.785856
146.2410,-24014,-62.868507,-0.785856
146.2510,-24014,-62.868507,-0.785856
146.2610,-24014,-62.868507,-0.785856
146.2710,-24014,-62.868507,-0.785856
146.2810,-24014,-62.868507,-0.785856
146.2910,-24014,-62.868507,-0.785856
146.3010,-24014,-62.868507,-0.785856
146.3110,-24014,-62.868507,-0.785856
146.3210,-24014,-62.868507,-0.785856
146.3310,-24014,-62.868507,-0.785856
146.3410,-24014,-62.868507,-0.785856
146.3510,-24014,-62.868507,-0.785856
146.3610,-24014,-62.868507,-0.785856
146.3710,-24014,-62.868507,-0.785856
146.3810,-24014,-62.868507,-0.785856
146.3910,-24014,-62.868507,-0.785856
146.4010,-24014,-62.868507,-0.785856
146.4110,-24014,-62.868507,-0.785856
146.4210,-24014,-62.868507,-0.785856
146.4310,-24014,-62.868507,-0.785856
146.4410,-24014,-62.868507,-0.785856
146.4510,-24014,-62.868507,-0.785856
146.4610,-24014,-62.868507,-0.785856
146.4710,-24014,-62.868507,-0.785856
146.4810,-24014,-62.868507,-0.785856
146.4910,-24014,-62.868507,-0.785856
146.5010,-24014,-62.868507,-0.785856
146.5110,-24014,-62.868507,-0.785856
146.5210,-24014,-62.868507,-0.785856
146.5310,-24014,-62.868507,-0.785856
146.5410,-24014,-62.868507,-0.785856
146.5510,-24014,-62.868507,-0.785856
146.5610,-24014,-62.868507,-0.785856
146.5710,-24015,-62.871128,-0.785889
146.5810,-24015,-62.871128,-0.785889
146.5910,-24015,-62.871128,-0.785889
146.6010,-24015,-62.871128,-0.785889
146.6110,-24015,-62.871128,-0.785889
146.6210,-24015,-62.871128,-0.785889
146.6310,-24015,-62.871128,-0.785889
146.6410,-24015,-62.871128,-0.785889
146.6520,-24015,-62.871128,-0.785889
146.6610,-24015,-62.871128,-0.785889
146.6710,-24015,-62.871128,-0.785889
146.6810,-24015,-62.871128,-0.785889
146.6910,-24015,-62.871128,-0.785889
146.7010,-24015,-62.871128,-0.785889
146.7110,-24015,-62.871128,-0.785889
146.7210,-24015,-62.871128,-0.785889
146.7310,-24015,-62.871128,-0.785889
146.7410,-24015,-62.871128,-0.785889
146.7510,-24015,-62.871128,-0.785889
146.7610,-24015,-62.871128,-0.785889
146.7710,-24015,-62.871128,-0.785889
146.7810,-24015,-62.871128,-0.785889
146.7910,-24015,-62.871128,-0.785889
146.8010,-24015,-62.871128,-0.785889
146.8110,-24015,-62.871128,-0.785889
146.8210,-24015,-62.871128,-0.785889
146.8310,-24015,-62.871128,-0.785889
146.8410,-24015,-62.871128,-0.785889
146.8510,-24015,-62.871128,-0.785889
146.8610,-24015,-62.871128,-0.785889
146.8710,-24015,-62.871128,-0.785889
146.8810,-24015,-62.871128,-0.785889
146.8910,-24015,-62.871128,-0.785889
146.9010,-24015,-62.871128,-0.785889
146.9110,-24015,-62.871128,-0.785889
146.9210,-24015,-62.871128,-0.785889
146.9310,-24015,-62.871128,-0.785889
146.9410,-24015,-62.871128,-0.785889
146.9510,-24015,-62.871128,-0.785889
146.9610,-24015,-62.871128,-0.785889
146.9710,-24015,-62.871128,-0.785889
146.9810,-24015,-62.871128,-0.785889
146.9910,-24015,-62.871128,-0.785889
147.0010,-24015,-62.871128,-0.785889
147.0110,-24015,-62.871128,-0.785889
147.0210,-24015,-62.871128,-0.785889
147.0310,-24015,-62.871128,-0.785889
147.0410,-24015,-62.871128,-0.785889
147.0510,-24015,-62.871128,-0.785889
147.0610,-24015,-62.871128,-0.785889
147.0710,-24015,-62.871128,-0.785889
147.0810,-24015,-62.871128,-0.785889
147.0910,-24015,-62.871128,-0.785889
147.1010,-24016,-62.873744,-0.785922
147.1110,-24016,-62.873744,-0.785922
147.1210,-24016,-62.873744,-0.785922
147.1310,-24016,-62.873744,-0.785922
147.1410,-24016,-62.873744,-0.785922
147.1510,-24016,-62.873744,-0.785922
147.1610,-24016,-62.873744,-0.785922
147.1710,-24016,-62.873744,-0.785922
147.1810,-24016,-62.873744,-0.785922
147.1910,-24016,-62.873744,-0.785922
147.2010,-24016,-62.873744,-0.785922
147.2110,-24016,-62.873744,-0.785922
147.2210,-24016,-62.873744,-0.785922
147.2310,-24016,-62.873744,-0.785922
147.2410,-24016,-62.873744,-0.785922
147.2510,-24016,-62.873744,-0.785922
147.2610,-24016,-62.873744,-0.785922
147.2710,-24016,-62.873744,-0.785922
147.2810,-24016,-62.873744,-0.785922
147.2920,-24016,-62.873744,-0.785922
147.3010,-24016,-62.873744,-0.785922
147.3110,-24016,-62.873744,-0.785922
147.3210,-24016,-62.873744,-0.785922
147.3310,-24016,-62.873744,-0.785922
147.3410,-24016,-62.873744,-0.785922
147.3510,-24016,-62.873744,-0.785922
147.3610,-24016,-62.873744,-0.785922
147.3710,-24016,-62.873744,-0.785922
147.3810,-24016,-62.873744,-0.785922
147.3910,-24016,-62.873744,-0.785922
147.4010,-24016,-62.873744,-0.785922
147.4110,-24016,-62.873744,-0.785922
147.4210,-24016,-62.873744,-0.785922
147.4310,-24016,-62.873744,-0.785922
147.4410,-24016,-62.873744,-0.785922
147.4510,-24016,-62.873744,-0.785922
147.4610,-24016,-62.873744,-0.785922
147.4710,-24016,-62.873744,-0.785922
147.4810,-24016,-62.873744,-0.785922
147.4910,-24016,-62.873744,-0.785922
147.5010,-24016,-62.873744,-0.785922
147.5110,-24016,-62.873744,-0.785922
147.5210,-24016,-62.873744,-0.785922
147.5310,-24017,-62.876358,-0.785954
147.5410,-24017,-62.876358,-0.785954
147.5510,-24017,-62.876358,-0.785954
147.5610,-24017,-62.876358,-0.785954
147.5710,-24017,-62.876358,-0.785954
147.5810,-24017,-62.876358,-0.785954
147.5910,-24017,-62.876358,-0.785954
147.6010,-24017,-62.876358,-0.785954
147.6110,-24017,-62.876358,-0.785954
147.6210,-24017,-62.876358,-0.785954
147.6310,-24017,-62.876358,-0.785954
147.6410,-24017,-62.876358,-0.785954
147.6510,-24017,-62.876358,-0.785954
147.6610,-24017,-62.876358,-0.785954
147.6710,-24017,-62.876358,-0.785954
147.6810,-24017,-62.876358,-0.785954
147.6910,-24017,-62.876358,-0.785954
147.7010,-24017,-62.876358,-0.785954
147.7110,-24017,-62.876358,-0.785954
147.7210,-24017,-62.876358,-0.785954
147.7310,-24017,-62.876358,-0.785954
147.7410,-24017,-62.876358,-0.785954
147.7510,-24017,-62.876358,-0.785954
147.7610,-24017,-62.876358,-0.785954
147.7710,-24017,-62.876358,-0.785954
147.7810,-24017,-62.876358,-0.785954
147.7910,-24017,-62.876358,-0.785954
147.8010,-24017,-62.876358,-0.785954
147.8110,-24017,-62.876358,-0.785954
147.8210,-24017,-62.876358,-0.785954
147.8310,-24017,-62.876358,-0.785954
147.8410,-24017,-62.876358,-0.785954
147.8510,-24017,-62.876358,-0.785954
147.8610,-24017,-62.876358,-0.785954
147.8710,-24017,-62.876358,-0.785954
147.8810,-24017,-62.876358,-0.785954
147.8910,-24017,-62.876358,-0.785954
147.9010,-24017,-62.876358,-0.785954
147.9110,-24017,-62.876358,-0.785954
147.9210,-24017,-62.876358,-0.785954
147.9320,-24017,-62.876358,-0.785954
147.9410,-24017,-62.876358,-0.785954
147.9510,-24017,-62.876358,-0.785954
147.9610,-24017,-62.876358,-0.785954
147.9710,-24017,-62.876358,-0.785954
147.9810,-24017,-62.876358,-0.785954
147.9910,-24017,-62.876358,-0.785954
148.0010,-24017,-62.876358,-0.785954
148.0110,-24017,-62.876358,-0.785954
148.0210,-24017,-62.876358,-0.785954
148.0310,-24017,-62.876358,-0.785954
148.0410,-24017,-62.876358,-0.785954
148.0510,-24017,-62.876358,-0.785954
148.0610,-24017,-62.876358,-0.785954
148.0710,-24018,-62.878974,-0.785987
148.0810,-24018,-62.878974,-0.785987
148.0910,-24018,-62.878974,-0.785987
148.1010,-24018,-62.878974,-0.785987
148.1110,-24018,-62.878974,-0.785987
148.1210,-24018,-62.878974,-0.785987
148.1310,-24018,-62.878974,-0.785987
148.1410,-24018,-62.878974,-0.785987
148.1510,-24018,-62.878974,-0.785987
148.1610,-24018,-62.878974,-0.785987
148.1710,-24018,-62.878974,-0.785987
148.1810,-24018,-62.878974,-0.785987
148.1910,-24018,-62.878974,-0.785987
148.2010,-24018,-62.878974,-0.785987
148.2110,-24018,-62.878974,-0.785987
148.2210,-24018,-62.878974,-0.785987
148.2310,-24018,-62.878974,-0.785987
148.2410,-24018,-62.878974,-0.785987
148.2510,-24018,-62.878974,-0.785987
148.2610,-24018,-62.878974,-0.785987
148.2710,-24018,-62.878974,-0.785987
148.2810,-24018,-62.878974,-0.785987
148.2910,-24018,-62.878974,-0.785987
148.3010,-24018,-62.878974,-0.785987
148.3110,-24018,-62.878974,-0.785987
148.3210,-24018,-62.878974,-0.785987
148.3310,-24018,-62.878974,-0.785987
148.3410,-24018,-62.878974,-0.785987
148.3510,-24018,-62.878974,-0.785987
148.3610,-24018,-62.878974,-0.785987
148.3710,-24018,-62.878974,-0.785987
148.3810,-24018,-62.878974,-0.785987
148.3910,-24018,-62.878974,-0.785987
148.4010,-24018,-62.878974,-0.785987
148.4110,-24018,-62.878974,-0.785987
148.4210,-24018,-62.878974,-0.785987
148.4310,-24018,-62.878974,-0.785987
148.4410,-24018,-62.878974,-0.785987
148.4510,-24018,-62.878974,-0.785987
148.4610,-24018,-62.878974,-0.785987
148.4710,-24018,-62.878974,-0.785987
148.4810,-24018,-62.878974,-0.785987
148.4910,-24018,-62.878974,-0.785987
148.5010,-24018,-62.878974,-0.785987
148.5110,-24018,-62.878974,-0.785987
148.5210,-24018,-62.878974,-0.785987
148.5310,-24018,-62.878974,-0.785987
148.5410,-24018,-62.878974,-0.785987
148.5510,-24018,-62.878974,-0.785987
148.5610,-24018,-62.878974,-0.785987
148.5720,-24018,-62.878974,-0.785987
148.5810,-24018,-62.878974,-0.785987
148.5910,-24018,-62.878974,-0.785987
148.6010,-24018,-62.878974,-0.785987
148.6110,-24018,-62.878974,-0.785987
148.6210,-24018,-62.878974,-0.785987
148.6310,-24018,-62.878974,-0.785987
148.6410,-24019,-62.881595,-0.786020
148.6510,-24019,-62.881595,-0.786020
148.6610,-24019,-62.881595,-0.786020
148.6710,-24019,-62.881595,-0.786020
148.6810,-24019,-62.881595,-0.786020
148.6910,-24019,-62.881595,-0.786020
148.7010,-24019,-62.881595,-0.786020
148.7110,-24019,-62.881595,-0.786020
148.7210,-24019,-62.881595,-0.786020
148.7310,-24019,-62.881595,-0.786020
148.7410,-24019,-62.881595,-0.786020
148.7510,-24019,-62.881595,-0.786020
148.7610,-24019,-62.881595,-0.786020
148.7710,-24019,-62.881595,-0.786020
148.7810,-24019,-62.881595,-0.786020
148.7910,-24019,-62.881595,-0.786020
148.8010,-24019,-62.881595,-0.786020
148.8110,-24019,-62.881595,-0.786020
148.8210,-24019,-62.881595,-0.786020
148.8310,-24019,-62.881595,-0.786020
148.8410,-24019,-62.881595,-0.786020
148.8510,-24019,-62.881595,-0.786020
148.8610,-24019,-62.881595,-0.786020
148.8710,-24019,-62.881595,-0.786020
148.8810,-24019,-62.881595,-0.786020
148.8910,-24019,-62.881595,-0.786020
148.9010,-24019,-62.881595,-0.786020
148.9110,-24019,-62.881595,-0.786020
148.9210,-24019,-62.881595,-0.786020
148.9310,-24019,-62.881595,-0.786020
148.9410,-24019,-62.881595,-0.786020
148.9510,-24019,-62.881595,-0.786020
148.9610,-24019,-62.881595,-0.786020
148.9710,-24019,-62.881595,-0.786020
148.9810,-24019,-62.881595,-0.786020
148.9910,-24019,-62.881595,-0.786020
149.0010,-24019,-62.881595,-0.786020
149.0110,-24019,-62.881595,-0.786020
149.0210,-24019,-62.881595,-0.786020
149.0310,-24019,-62.881595,-0.786020
149.0410,-24019,-62.881595,-0.786020
149.0510,-24019,-62.881595,-0.786020
149.0610,-24019,-62.881595,-0.786020
149.0710,-24019,-62.881595,-0.786020
149.0810,-24019,-62.881595,-0.786020
149.0910,-24019,-62.881595,-0.786020
149.1010,-24019,-62.881595,-0.786020
149.1110,-24019,-62.881595,-0.786020
149.1210,-24019,-62.881595,-0.786020
149.1310,-24019,-62.881595,-0.786020
149.1410,-24019,-62.881595,-0.786020
149.1510,-24019,-62.881595,-0.786020
149.1610,-24019,-62.881595,-0.786020
149.1710,-24019,-62.881595,-0.786020
149.1810,-24019,-62.881595,-0.786020
149.1910,-24019,-62.881595,-0.786020
149.2010,-24019,-62.881595,-0.786020
149.2120,-24019,-62.881595,-0.786020
149.2210,-24019,-62.881595,-0.786020
149.2310,-24019,-62.881595,-0.786020
149.2410,-24019,-62.881595,-0.786020
149.2510,-24019,-62.881595,-0.786020
149.2610,-24019,-62.881595,-0.786020
149.2710,-24019,-62.881595,-0.786020
149.2810,-24020,-62.884212,-0.786053
149.2910,-24020,-62.884212,-0.786053
149.3010,-24020,-62.884212,-0.786053
149.3110,-24020,-62.884212,-0.786053
149.3210,-24020,-62.884212,-0.786053
149.3310,-24020,-62.884212,-0.786053
149.3410,-24020,-62.884212,-0.786053
149.3510,-24020,-62.884212,-0.786053
149.3610,-24020,-62.884212,-0.786053
149.3710,-24020,-62.884212,-0.786053
149.3810,-24020,-62.884212,-0.786053
149.3910,-24020,-62.884212,-0.786053
149.4010,-24020,-62.884212,-0.786053
149.4110,-24020,-62.884212,-0.786053
149.4210,-24020,-62.884212,-0.786053
149.4310,-24020,-62.884212,-0.786053
149.4410,-24020,-62.884212,-0.786053
149.4510,-24020,-62.884212,-0.786053
149.4610,-24020,-62.884212,-0.786053
149.4710,-24020,-62.884212,-0.786053
149.4810,-24020,-62.884212,-0.786053
149.4910,-24020,-62.884212,-0.786053
149.5010,-24020,-62.884212,-0.786053
149.5110,-24020,-62.884212,-0.786053
149.5210,-24020,-62.884212,-0.786053
149.5310,-24020,-62.884212,-0.786053
149.5410,-24020,-62.884212,-0.786053
149.5510,-24020,-62.884212,-0.786053
149.5610,-24020,-62.884212,-0.786053
149.5710,-24020,-62.884212,-0.786053
149.5810,-24020,-62.884212,-0.786053
149.5910,-24020,-62.884212,-0.786053
149.6010,-24020,-62.884212,-0.786053
149.6110,-24020,-62.884212,-0.786053
149.6210,-24020,-62.884212,-0.786053
149.6310,-24020,-62.884212,-0.786053
149.6410,-24020,-62.884212,-0.786053
149.6510,-24020,-62.884212,-0.786053
149.6610,-24020,-62.884212,-0.786053
149.6710,-24020,-62.884212,-0.786053
149.6810,-24020,-62.884212,-0.786053
149.6910,-24020,-62.884212,-0.786053
149.7010,-24020,-62.884212,-0.786053
149.7110,-24020,-62.884212,-0.786053
149.7210,-24020,-62.884212,-0.786053
149.7310,-24020,-62.884212,-0.786053
149.7410,-24020,-62.884212,-0.786053
149.7510,-24020,-62.884212,-0.786053
149.7610,-24020,-62.884212,-0.786053
149.7710,-24021,-62.886833,-0.786085
149.7810,-24021,-62.886833,-0.786085
149.7910,-24021,-62.886833,-0.786085
149.8010,-24021,-62.886833,-0.786085
149.8110,-24021,-62.886833,-0.786085
149.8210,-24021,-62.886833,-0.786085
149.8310,-24021,-62.886833,-0.786085
149.8410,-24021,-62.886833,-0.786085
149.8520,-24021,-62.886833,-0.786085
149.8610,-24021,-62.886833,-0.786085
149.8710,-24021,-62.886833,-0.786085
149.8810,-24021,-62.886833,-0.786085
149.8910,-24021,-62.886833,-0.786085
149.9010,-24021,-62.886833,-0.786085
149.9110,-24021,-62.886833,-0.786085
149.9210,-24021,-62.886833,-0.786085
149.9310,-24021,-62.886833,-0.786085
149.9410,-24021,-62.886833,-0.786085
149.9510,-24021,-62.886833,-0.786085
149.9610,-24021,-62.886833,-0.786085
149.9710,-24021,-62.886833,-0.786085
149.9810,-24021,-62.886833,-0.786085
149.9910,-24021,-62.886833,-0.786085
150.0010,-24021,-62.886833,-0.786085
150.0110,-24021,-62.886833,-0.786085
150.0210,-24021,-62.886833,-0.786085
150.0310,-24021,-62.886833,-0.786085
150.0410,-24021,-62.886833,-0.786085
150.0510,-24021,-62.886833,-0.786085
150.0610,-24021,-62.886833,-0.786085
150.0710,-24021,-62.886833,-0.786085
150.0810,-24021,-62.886833,-0.786085
150.0910,-24021,-62.886833,-0.786085
150.1010,-24021,-62.886833,-0.786085
150.1110,-24021,-62.886833,-0.786085
150.1210,-24021,-62.886833,-0.786085
150.1310,-24021,-62.886833,-0.786085
150.1410,-24021,-62.886833,-0.786085
150.1510,-24021,-62.886833,-0.786085
150.1610,-24021,-62.886833,-0.786085
150.1710,-24021,-62.886833,-0.786085
150.1810,-24021,-62.886833,-0.786085
150.1910,-24021,-62.886833,-0.786085
150.2010,-24021,-62.886833,-0.786085
150.2110,-24021,-62.886833,-0.786085
150.2210,-24021,-62.886833,-0.786085
150.2310,-24021,-62.886833,-0.786085
150.2410,-24022,-62.889450,-0.786118
150.2510,-24022,-62.889450,-0.786118
150.2610,-24022,-62.889450,-0.786118
150.2710,-24022,-62.889450,-0.786118
150.2810,-24022,-62.889450,-0.786118
150.2910,-24022,-62.889450,-0.786118
150.3010,-24022,-62.889450,-0.786118
150.3110,-24022,-62.889450,-0.786118
150.3210,-24022,-62.889450,-0.786118
150.3310,-24022,-62.889450,-0.786118
150.3410,-24022,-62.889450,-0.786118
150.3510,-24022,-62.889450,-0.786118
150.3610,-24022,-62.889450,-0.786118
150.3710,-24022,-62.889450,-0.786118
150.3810,-24022,-62.889450,-0.786118
150.3910,-24022,-62.889450,-0.786118
150.4010,-24022,-62.889450,-0.786118
150.4110,-24022,-62.889450,-0.786118
150.4210,-24022,-62.889450,-0.786118
150.4310,-24022,-62.889450,-0.786118
150.4410,-24022,-62.889450,-0.786118
150.4510,-24022,-62.889450,-0.786118
150.4610,-24022,-62.889450,-0.786118
150.4710,-24022,-62.889450,-0.786118
150.4810,-24022,-62.889450,-0.786118
150.4920,-24022,-62.889450,-0.786118
150.5010,-24022,-62.889450,-0.786118
150.5110,-24022,-62.889450,-0.786118
150.5210,-24022,-62.889450,-0.786118
150.5310,-24022,-62.889450,-0.786118
150.5410,-24022,-62.889450,-0.786118
150.5510,-24022,-62.889450,-0.786118
150.5610,-24022,-62.889450,-0.786118
150.5710,-24022,-62.889450,-0.786118
150.5810,-24022,-62.889450,-0.786118
150.5910,-24022,-62.889450,-0.786118
150.6010,-24022,-62.889450,-0.786118
150.6110,-24022,-62.889450,-0.786118
150.6210,-24022,-62.889450,-0.786118
150.6310,-24022,-62.889450,-0.786118
150.6410,-24023,-62.892070,-0.786151
150.6510,-24023,-62.892070,-0.786151
150.6610,-24023,-62.892070,-0.786151
150.6710,-24023,-62.892070,-0.786151
150.6810,-24023,-62.892070,-0.786151
150.6910,-24023,-62.892070,-0.786151
150.7010,-24023,-62.892070,-0.786151
150.7110,-24023,-62.892070,-0.786151
150.7210,-24023,-62.892070,-0.786151
150.7310,-24023,-62.892070,-0.786151
150.7410,-24023,-62.892070,-0.786151
150.7510,-24023,-62.892070,-0.786151
150.7610,-24023,-62.892070,-0.786151
150.7710,-24023,-62.892070,-0.786151
150.7810,-24023,-62.892070,-0.786151
150.7910,-24023,-62.892070,-0.786151
150.8010,-24023,-62.892070,-0.786151
150.8110,-24023,-62.892070,-0.786151
150.8210,-24023,-62.892070,-0.786151
150.8310,-24023,-62.892070,-0.786151
150.8410,-24023,-62.892070,-0.786151
150.8510,-24023,-62.892070,-0.786151
150.8610,-24023,-62.892070,-0.786151
150.8710,-24023,-62.892070,-0.786151
150.8810,-24023,-62.892070,-0.786151
150.8910,-24023,-62.892070,-0.786151
150.9010,-24023,-62.892070,-0.786151
150.9110,-24023,-62.892070,-0.786151
150.9210,-24023,-62.892070,-0.786151
150.9310,-24023,-62.892070,-0.786151
150.9410,-24023,-62.892070,-0.786151
150.9510,-24023,-62.892070,-0.786151
150.9610,-24023,-62.892070,-0.786151
150.9710,-24023,-62.892070,-0.786151
150.9810,-24023,-62.892070,-0.786151
150.9910,-24023,-62.892070,-0.786151
151.0010,-24023,-62.892070,-0.786151
151.0110,-24023,-62.892070,-0.786151
151.0210,-24023,-62.892070,-0.786151
151.0310,-24023,-62.892070,-0.786151
151.0410,-24023,-62.892070,-0.786151
151.0510,-24023,-62.892070,-0.786151
151.0610,-24023,-62.892070,-0.786151
151.0710,-24023,-62.892070,-0.786151
151.0810,-24023,-62.892070,-0.786151
151.0910,-24023,-62.892070,-0.786151
151.1010,-24023,-62.892070,-0.786151
151.1110,-24024,-62.894687,-0.786184
151.1210,-24024,-62.894687,-0.786184
151.1320,-24024,-62.894687,-0.786184
151.1410,-24024,-62.894687,-0.786184
151.1510,-24024,-62.894687,-0.786184
151.1610,-24024,-62.894687,-0.786184
151.1710,-24024,-62.894687,-0.786184
151.1810,-24024,-62.894687,-0.786184
151.1910,-24024,-62.894687,-0.786184
151.2010,-24024,-62.894687,-0.786184
151.2110,-24024,-62.894687,-0.786184
151.2210,-24024,-62.894687,-0.786184
151.2310,-24024,-62.894687,-0.786184
151.2410,-24024,-62.894687,-0.786184
151.2510,-24024,-62.894687,-0.786184
151.2610,-24024,-62.894687,-0.786184
151.2710,-24024,-62.894687,-0.786184
151.2810,-24024,-62.894687,-0.786184
151.2910,-24024,-62.894687,-0.786184
151.3010,-24024,-62.894687,-0.786184
151.3110,-24024,-62.894687,-0.786184
151.3210,-24024,-62.894687,-0.786184
151.3310,-24024,-62.894687,-0.786184
151.3410,-24024,-62.894687,-0.786184
151.3510,-24024,-62.894687,-0.786184
151.3610,-24024,-62.894687,-0.786184
151.3710,-24024,-62.894687,-0.786184
151.3810,-24024,-62.894687,-0.786184
151.3910,-24024,-62.894687,-0.786184
151.4010,-24024,-62.894687,-0.786184
151.4110,-24024,-62.894687,-0.786184
151.4210,-24024,-62.894687,-0.786184
151.4310,-24024,-62.894687,-0.786184
151.4410,-24024,-62.894687,-0.786184
151.4510,-24024,-62.894687,-0.786184
151.4610,-24024,-62.894687,-0.786184
151.4710,-24024,-62.894687,-0.786184
151.4810,-24024,-62.894687,-0.786184
151.4910,-24024,-62.894687,-0.786184
151.5010,-24024,-62.894687,-0.786184
151.5110,-24025,-62.897308,-0.786216
151.5210,-24025,-62.897308,-0.786216
151.5310,-24025,-62.897308,-0.786216
151.5410,-24025,-62.897308,-0.786216
151.5510,-24025,-62.897308,-0.786216
151.5610,-24025,-62.897308,-0.786216
151.5710,-24025,-62.897308,-0.786216
151.5810,-24025,-62.897308,-0.786216
151.5910,-24025,-62.897308,-0.786216
151.6010,-24025,-62.897308,-0.786216
151.6110,-24025,-62.897308,-0.786216
151.6210,-24025,-62.897308,-0.786216
151.6310,-24025,-62.897308,-0.786216
151.6410,-24025,-62.897308,-0.786216
151.6510,-24025,-62.897308,-0.786216
151.6610,-24025,-62.897308,-0.786216
151.6710,-24025,-62.897308,-0.786216
151.6810,-24025,-62.897308,-0.786216
151.6910,-24025,-62.897308,-0.786216
151.7010,-24025,-62.897308,-0.786216
151.7110,-24025,-62.897308,-0.786216
151.7210,-24025,-62.897308,-0.786216
151.7310,-24025,-62.897308,-0.786216
151.7410,-24025,-62.897308,-0.786216
151.7510,-24025,-62.897308,-0.786216
151.7610,-24025,-62.897308,-0.786216
151.7720,-24025,-62.897308,-0.786216
151.7810,-24025,-62.897308,-0.786216
151.7910,-24025,-62.897308,-0.786216
151.8010,-24025,-62.897308,-0.786216
151.8110,-24025,-62.897308,-0.786216
151.8210,-24025,-62.897308,-0.786216
151.8310,-24025,-62.897308,-0.786216
151.8410,-24025,-62.897308,-0.786216
151.8510,-24025,-62.897308,-0.786216
151.8610,-24025,-62.897308,-0.786216
151.8710,-24025,-62.897308,-0.786216
151.8810,-24025,-62.897308,-0.786216
151.8910,-24025,-62.897308,-0.786216
151.9010,-24025,-62.897308,-0.786216
151.9110,-24025,-62.897308,-0.786216
151.9210,-24025,-62.897308,-0.786216
151.9310,-24025,-62.897308,-0.786216
151.9410,-24025,-62.897308,-0.786216
151.9510,-24025,-62.897308,-0.786216
151.9610,-24025,-62.897308,-0.786216
151.9710,-24025,-62.897308,-0.786216
151.9810,-24025,-62.897308,-0.786216
151.9910,-24025,-62.897308,-0.786216
152.0010,-24025,-62.897308,-0.786216
152.0110,-24025,-62.897308,-0.786216
152.0210,-24025,-62.897308,-0.786216
152.0310,-24026,-62.899925,-0.786249
152.0410,-24026,-62.899925,-0.786249
152.0510,-24026,-62.899925,-0.786249
152.0610,-24026,-62.899925,-0.786249
152.0710,-24026,-62.899925,-0.786249
152.0810,-24026,-62.899925,-0.786249
152.0910,-24026,-62.899925,-0.786249
152.1010,-24026,-62.899925,-0.786249
152.1110,-24026,-62.899925,-0.786249
152.1210,-24026,-62.899925,-0.786249
152.1310,-24026,-62.899925,-0.786249
152.1410,-24026,-62.899925,-0.786249
152.1510,-24026,-62.899925,-0.786249
152.1610,-24026,-62.899925,-0.786249
152.1710,-24026,-62.899925,-0.786249
152.1810,-24026,-62.899925,-0.786249
152.1910,-24026,-62.899925,-0.786249
152.2010,-24026,-62.899925,-0.786249
152.2110,-24026,-62.899925,-0.786249
152.2210,-24026,-62.899925,-0.786249
152.2310,-24026,-62.899925,-0.786249
152.2410,-24026,-62.899925,-0.786249
152.2510,-24026,-62.899925,-0.786249
152.2610,-24026,-62.899925,-0.786249
152.2710,-24026,-62.899925,-0.786249
152.2810,-24026,-62.899925,-0.786249
152.2910,-24026,-62.899925,-0.786249
152.3010,-24026,-62.899925,-0.786249
152.3110,-24026,-62.899925,-0.786249
152.3210,-24026,-62.899925,-0.786249
152.3310,-24026,-62.899925,-0.786249
152.3410,-24026,-62.899925,-0.786249
152.3510,-24026,-62.899925,-0.786249
152.3610,-24026,-62.899925,-0.786249
152.3710,-24026,-62.899925,-0.786249
152.3810,-24026,-62.899925,-0.786249
152.3910,-24026,-62.899925,-0.786249
152.4010,-24026,-62.899925,-0.786249
152.4120,-24026,-62.899925,-0.786249
152.4210,-24026,-62.899925,-0.786249
152.4310,-24026,-62.899925,-0.786249
152.4410,-24026,-62.899925,-0.786249
152.4510,-24026,-62.899925,-0.786249
152.4610,-24026,-62.899925,-0.786249
152.4710,-24026,-62.899925,-0.786249
152.4810,-24026,-62.899925,-0.786249
152.4910,-24026,-62.899925,-0.786249
152.5010,-24026,-62.899925,-0.786249
152.5110,-24026,-62.899925,-0.786249
152.5210,-24026,-62.899925,-0.786249
152.5310,-24026,-62.899925,-0.786249
152.5410,-24026,-62.899925,-0.786249
152.5510,-24026,-62.899925,-0.786249
152.5610,-24026,-62.899925,-0.786249
152.5710,-24026,-62.899925,-0.786249
152.5810,-24026,-62.899925,-0.786249
152.5910,-24026,-62.899925,-0.786249
152.6010,-24026,-62.899925,-0.786249
152.6110,-24026,-62.899925,-0.786249
152.6210,-24026,-62.899925,-0.786249
152.6310,-24026,-62.899925,-0.786249
152.6410,-24026,-62.899925,-0.786249
152.6510,-24026,-62.899925,-0.786249
152.6610,-24026,-62.899925,-0.786249
152.6710,-24026,-62.899925,-0.786249
152.6810,-24026,-62.899925,-0.786249
152.6910,-24026,-62.899925,-0.786249
152.7010,-24026,-62.899925,-0.786249
152.7110,-24026,-62.899925,-0.786249
152.7210,-24026,-62.899925,-0.786249
152.7310,-24026,-62.899925,-0.786249
152.7410,-24026,-62.899925,-0.786249
152.7510,-24026,-62.899925,-0.786249
152.7610,-24026,-62.899925,-0.786249
152.7710,-24026,-62.899925,-0.786249
152.7810,-24026,-62.899925,-0.786249
152.7910,-24026,-62.899925,-0.786249
152.8010,-24026,-62.899925,-0.786249
152.8110,-24026,-62.899925,-0.786249
152.8210,-24026,-62.899925,-0.786249
152.8310,-24026,-62.899925,-0.786249
152.8410,-24026,-62.899925,-0.786249
152.8510,-24026,-62.899925,-0.786249
152.8610,-24026,-62.899925,-0.786249
152.8710,-24026,-62.899925,-0.786249
152.8810,-24026,-62.899925,-0.786249
152.8910,-24026,-62.899925,-0.786249
152.9010,-24026,-62.899925,-0.786249
152.9110,-24026,-62.899925,-0.786249
152.9210,-24026,-62.899925,-0.786249
152.9310,-24026,-62.899925,-0.786249
152.9410,-24026,-62.899925,-0.786249
152.9510,-24026,-62.899925,-0.786249
152.9610,-24026,-62.899925,-0.786249
152.9710,-24026,-62.899925,-0.786249
152.9810,-24026,-62.899925,-0.786249
152.9910,-24026,-62.899925,-0.786249
153.0010,-24026,-62.899925,-0.786249
153.0110,-24026,-62.899925,-0.786249
153.0210,-24026,-62.899925,-0.786249
153.0310,-24026,-62.899925,-0.786249
153.0410,-24026,-62.899925,-0.786249
153.0520,-24026,-62.899925,-0.786249
153.0610,-24026,-62.899925,-0.786249
153.0710,-24026,-62.899925,-0.786249
153.0810,-24026,-62.899925,-0.786249
153.0910,-24026,-62.899925,-0.786249
153.1010,-24026,-62.899925,-0.786249
153.1110,-24026,-62.899925,-0.786249
153.1210,-24026,-62.899925,-0.786249
153.1310,-24026,-62.899925,-0.786249
153.1410,-24026,-62.899925,-0.786249
153.1510,-24026,-62.899925,-0.786249
153.1610,-24026,-62.899925,-0.786249
153.1710,-24026,-62.899925,-0.786249
153.1810,-24026,-62.899925,-0.786249
153.1910,-24026,-62.899925,-0.786249
153.2010,-24026,-62.899925,-0.786249
153.2110,-24026,-62.899925,-0.786249
153.2210,-24026,-62.899925,-0.786249
153.2310,-24026,-62.899925,-0.786249
153.2410,-24026,-62.899925,-0.786249
153.2510,-24026,-62.899925,-0.786249
153.2610,-24026,-62.899925,-0.786249
153.2710,-24026,-62.899925,-0.786249
153.2810,-24026,-62.899925,-0.786249
153.2910,-24026,-62.899925,-0.786249
153.3010,-24026,-62.899925,-0.786249
153.3110,-24026,-62.899925,-0.786249
153.3210,-24026,-62.899925,-0.786249
153.3310,-24026,-62.899925,-0.786249
153.3410,-24026,-62.899925,-0.786249
153.3510,-24027,-62.902538,-0.786282
153.3610,-24027,-62.902538,-0.786282
153.3710,-24027,-62.902538,-0.786282
153.3810,-24027,-62.902538,-0.786282
153.3910,-24027,-62.902538,-0.786282
153.4010,-24027,-62.902538,-0.786282
153.4110,-24027,-62.902538,-0.786282
153.4210,-24027,-62.902538,-0.786282
153.4310,-24027,-62.902538,-0.786282
153.4410,-24027,-62.902538,-0.786282
153.4510,-24027,-62.902538,-0.786282
153.4610,-24027,-62.902538,-0.786282
153.4710,-24027,-62.902538,-0.786282
153.4810,-24027,-62.902538,-0.786282
153.4910,-24027,-62.902538,-0.786282
153.5010,-24027,-62.902538,-0.786282
153.5110,-24027,-62.902538,-0.786282
153.5210,-24027,-62.902538,-0.786282
153.5310,-24027,-62.902538,-0.786282
153.5410,-24027,-62.902538,-0.786282
153.5510,-24027,-62.902538,-0.786282
153.5610,-24027,-62.902538,-0.786282
153.5710,-24027,-62.902538,-0.786282
153.5810,-24027,-62.902538,-0.786282
153.5910,-24027,-62.902538,-0.786282
153.6010,-24027,-62.902538,-0.786282
153.6110,-24027,-62.902538,-0.786282
153.6210,-24027,-62.902538,-0.786282
153.6310,-24027,-62.902538,-0.786282
153.6410,-24027,-62.902538,-0.786282
153.6510,-24027,-62.902538,-0.786282
153.6610,-24027,-62.902538,-0.786282
153.6710,-24027,-62.902538,-0.786282
153.6810,-24027,-62.902538,-0.786282
153.6920,-24027,-62.902538,-0.786282
153.7010,-24027,-62.902538,-0.786282
153.7110,-24027,-62.902538,-0.786282
153.7210,-24027,-62.902538,-0.786282
153.7310,-24027,-62.902538,-0.786282
153.7410,-24027,-62.902538,-0.786282
153.7510,-24027,-62.902538,-0.786282
153.7610,-24027,-62.902538,-0.786282
153.7710,-24027,-62.902538,-0.786282
153.7810,-24027,-62.902538,-0.786282
153.7910,-24027,-62.902538,-0.786282
153.8010,-24027,-62.902538,-0.786282
153.8110,-24027,-62.902538,-0.786282
153.8210,-24027,-62.902538,-0.786282
153.8310,-24027,-62.902538,-0.786282
153.8410,-24027,-62.902538,-0.786282
153.8510,-24028,-62.905155,-0.786314
153.8610,-24028,-62.905155,-0.786314
153.8710,-24028,-62.905155,-0.786314
153.8810,-24028,-62.905155,-0.786314
153.8910,-24028,-62.905155,-0.786314
153.9010,-24028,-62.905155,-0.786314
153.9110,-24028,-62.905155,-0.786314
153.9210,-24028,-62.905155,-0.786314
153.9310,-24028,-62.905155,-0.786314
153.9410,-24028,-62.905155,-0.786314
153.9510,-24028,-62.905155,-0.786314
153.9610,-24028,-62.905155,-0.786314
153.9710,-24028,-62.905155,-0.786314
153.9810,-24028,-62.905155,-0.786314
153.9910,-24028,-62.905155,-0.786314
154.0010,-24028,-62.905155,-0.786314
154.0110,-24028,-62.905155,-0.786314
154.0210,-24028,-62.905155,-0.786314
154.0310,-24028,-62.905155,-0.786314
154.0410,-24028,-62.905155,-0.786314
154.0510,-24028,-62.905155,-0.786314
154.0610,-24028,-62.905155,-0.786314
154.0710,-24028,-62.905155,-0.786314
154.0810,-24028,-62.905155,-0.786314
154.0910,-24028,-62.905155,-0.786314
154.1010,-24028,-62.905155,-0.786314
154.1110,-24028,-62.905155,-0.786314
154.1210,-24028,-62.905155,-0.786314
154.1310,-24028,-62.905155,-0.786314
154.1410,-24028,-62.905155,-0.786314
154.1510,-24028,-62.905155,-0.786314
154.1610,-24028,-62.905155,-0.786314
154.1710,-24028,-62.905155,-0.786314
154.1810,-24028,-62.905155,-0.786314
154.1910,-24029,-62.907775,-0.786347
154.2010,-24029,-62.907775,-0.786347
154.2110,-24029,-62.907775,-0.786347
154.2210,-24029,-62.907775,-0.786347
154.2310,-24029,-62.907775,-0.786347
154.2410,-24029,-62.907775,-0.786347
154.2510,-24029,-62.907775,-0.786347
154.2610,-24029,-62.907775,-0.786347
154.2710,-24029,-62.907775,-0.786347
154.2810,-24029,-62.907775,-0.786347
154.2910,-24029,-62.907775,-0.786347
154.3010,-24029,-62.907775,-0.786347
154.3110,-24029,-62.907775,-0.786347
154.3210,-24029,-62.907775,-0.786347
154.3320,-24029,-62.907775,-0.786347
154.3410,-24029,-62.907775,-0.786347
154.3510,-24029,-62.907775,-0.786347
154.3610,-24029,-62.907775,-0.786347
154.3710,-24029,-62.907775,-0.786347
154.3810,-24029,-62.907775,-0.786347
154.3910,-24029,-62.907775,-0.786347
154.4010,-24029,-62.907775,-0.786347
154.4110,-24029,-62.907775,-0.786347
154.4210,-24029,-62.907775,-0.786347
154.4310,-24029,-62.907775,-0.786347
154.4410,-24029,-62.907775,-0.786347
154.4510,-24029,-62.907775,-0.786347
154.4610,-24029,-62.907775,-0.786347
154.4710,-24030,-62.910392,-0.786380
154.4810,-24030,-62.910392,-0.786380
154.4910,-24030,-62.910392,-0.786380
154.5010,-24030,-62.910392,-0.786380
154.5110,-24030,-62.910392,-0.786380
154.5210,-24030,-62.910392,-0.786380
154.5310,-24030,-62.910392,-0.786380
154.5410,-24030,-62.910392,-0.786380
154.5510,-24030,-62.910392,-0.786380
154.5610,-24030,-62.910392,-0.786380
154.5710,-24030,-62.910392,-0.786380
154.5810,-24030,-62.910392,-0.786380
154.5910,-24030,-62.910392,-0.786380
154.6010,-24030,-62.910392,-0.786380
154.6110,-24030,-62.910392,-0.786380
154.6210,-24030,-62.910392,-0.786380
154.6310,-24030,-62.910392,-0.786380
154.6410,-24030,-62.910392,-0.786380
154.6510,-24030,-62.910392,-0.786380
154.6610,-24030,-62.910392,-0.786380
154.6710,-24030,-62.910392,-0.786380
154.6810,-24030,-62.910392,-0.786380
154.6910,-24030,-62.910392,-0.786380
154.7010,-24030,-62.910392,-0.786380
154.7110,-24031,-62.913013,-0.786413
154.7210,-24031,-62.913013,-0.786413
154.7310,-24031,-62.913013,-0.786413
154.7410,-24031,-62.913013,-0.786413
154.7510,-24031,-62.913013,-0.786413
154.7610,-24031,-62.913013,-0.786413
154.7710,-24031,-62.913013,-0.786413
154.7810,-24031,-62.913013,-0.786413
154.7910,-24031,-62.913013,-0.786413
154.8010,-24031,-62.913013,-0.786413
154.8110,-24031,-62.913013,-0.786413
154.8210,-24031,-62.913013,-0.786413
154.8310,-24031,-62.913013,-0.786413
154.8410,-24031,-62.913013,-0.786413
154.8510,-24031,-62.913013,-0.786413
154.8610,-24031,-62.913013,-0.786413
154.8710,-24031,-62.913013,-0.786413
154.8810,-24031,-62.913013,-0.786413
154.8910,-24031,-62.913013,-0.786413
154.9010,-24031,-62.913013,-0.786413
154.9110,-24031,-62.913013,-0.786413
154.9210,-24031,-62.913013,-0.786413
154.9310,-24031,-62.913013,-0.786413
154.9410,-24031,-62.913013,-0.786413
154.9510,-24031,-62.913013,-0.786413
154.9610,-24031,-62.913013,-0.786413
154.9720,-24031,-62.913013,-0.786413
154.9810,-24031,-62.913013,-0.786413
154.9910,-24031,-62.913013,-0.786413
155.0010,-24031,-62.913013,-0.786413
155.0110,-24031,-62.913013,-0.786413
155.0210,-24031,-62.913013,-0.786413
155.0310,-24031,-62.913013,-0.786413
155.0410,-24031,-62.913013,-0.786413
155.0510,-24031,-62.913013,-0.786413
155.0610,-24032,-62.915630,-0.786445
155.0710,-24032,-62.915630,-0.786445
155.0810,-24032,-62.915630,-0.786445
155.0910,-24032,-62.915630,-0.786445
155.1010,-24032,-62.915630,-0.786445
155.1110,-24032,-62.915630,-0.786445
155.1210,-24032,-62.915630,-0.786445
155.1310,-24032,-62.915630,-0.786445
155.1410,-24032,-62.915630,-0.786445
155.1510,-24032,-62.915630,-0.786445
155.1610,-24032,-62.915630,-0.786445
155.1710,-24032,-62.915630,-0.786445
155.1810,-24032,-62.915630,-0.786445
155.1910,-24032,-62.915630,-0.786445
155.2010,-24032,-62.915630,-0.786445
155.2110,-24032,-62.915630,-0.786445
155.2210,-24032,-62.915630,-0.786445
155.2310,-24032,-62.915630,-0.786445
155.2410,-24032,-62.915630,-0.786445
155.2510,-24032,-62.915630,-0.786445
155.2610,-24032,-62.915630,-0.786445
155.2710,-24032,-62.915630,-0.786445
155.2810,-24032,-62.915630,-0.786445
155.2910,-24032,-62.915630,-0.786445
155.3010,-24032,-62.915630,-0.786445
155.3110,-24032,-62.915630,-0.786445
155.3210,-24032,-62.915630,-0.786445
155.3310,-24032,-62.915630,-0.786445
155.3410,-24032,-62.915630,-0.786445
155.3510,-24032,-62.915630,-0.786445
155.3610,-24032,-62.915630,-0.786445
155.3710,-24032,-62.915630,-0.786445
155.3810,-24032,-62.915630,-0.786445
155.3910,-24032,-62.915630,-0.786445
155.4010,-24032,-62.915630,-0.786445
155.4110,-24032,-62.915630,-0.786445
155.4210,-24032,-62.915630,-0.786445
155.4310,-24032,-62.915630,-0.786445
155.4410,-24032,-62.915630,-0.786445
155.4510,-24032,-62.915630,-0.786445
155.4610,-24033,-62.918247,-0.786478
155.4710,-24033,-62.918247,-0.786478
155.4810,-24033,-62.918247,-0.786478
155.4910,-24033,-62.918247,-0.786478
155.5010,-24033,-62.918247,-0.786478
155.5110,-24033,-62.918247,-0.786478
155.5210,-24033,-62.918247,-0.786478
155.5310,-24033,-62.918247,-0.786478
155.5410,-24033,-62.918247,-0.786478
155.5510,-24033,-62.918247,-0.786478
155.5610,-24033,-62.918247,-0.786478
155.5710,-24033,-62.918247,-0.786478
155.5810,-24033,-62.918247,-0.786478
155.5910,-24033,-62.918247,-0.786478
155.6010,-24033,-62.918247,-0.786478
155.6120,-24033,-62.918247,-0.786478
155.6210,-24033,-62.918247,-0.786478
155.6310,-24033,-62.918247,-0.786478
155.6410,-24033,-62.918247,-0.786478
155.6510,-24033,-62.918247,-0.786478
155.6610,-24033,-62.918247,-0.786478
155.6710,-24033,-62.918247,-0.786478
155.6810,-24033,-62.918247,-0.786478
155.6910,-24033,-62.918247,-0.786478
155.7010,-24033,-62.918247,-0.786478
155.7110,-24033,-62.918247,-0.786478
155.7210,-24033,-62.918247,-0.786478
155.7310,-24033,-62.918247,-0.786478
155.7410,-24033,-62.918247,-0.786478
155.7510,-24033,-62.918247,-0.786478
155.7610,-24033,-62.918247,-0.786478
155.7710,-24033,-62.918247,-0.786478
155.7810,-24033,-62.918247,-0.786478
155.7910,-24033,-62.918247,-0.786478
155.8010,-24033,-62.918247,-0.786478
155.8110,-24033,-62.918247,-0.786478
155.8210,-24033,-62.918247,-0.786478
155.8310,-24033,-62.918247,-0.786478
155.8410,-24033,-62.918247,-0.786478
155.8510,-24033,-62.918247,-0.786478
155.8610,-24033,-62.918247,-0.786478
155.8710,-24033,-62.918247,-0.786478
155.8810,-24033,-62.918247,-0.786478
155.8910,-24033,-62.918247,-0.786478
155.9010,-24033,-62.918247,-0.786478
155.9110,-24033,-62.918247,-0.786478
155.9210,-24033,-62.918247,-0.786478
155.9310,-24033,-62.918247,-0.786478
155.9410,-24033,-62.918247,-0.786478
155.9510,-24033,-62.918247,-0.786478
155.9610,-24034,-62.920867,-0.786511
155.9710,-24034,-62.920867,-0.786511
155.9810,-24034,-62.920867,-0.786511
155.9910,-24034,-62.920867,-0.786511
156.0010,-24034,-62.920867,-0.786511
156.0110,-24034,-62.920867,-0.786511
156.0210,-24034,-62.920867,-0.786511
156.0310,-24034,-62.920867,-0.786511
156.0410,-24034,-62.920867,-0.786511
156.0510,-24034,-62.920867,-0.786511
156.0610,-24034,-62.920867,-0.786511
156.0710,-24034,-62.920867,-0.786511
156.0810,-24034,-62.920867,-0.786511
156.0910,-24034,-62.920867,-0.786511
156.1010,-24034,-62.920867,-0.786511
156.1110,-24034,-62.920867,-0.786511
156.1210,-24034,-62.920867,-0.786511
156.1310,-24034,-62.920867,-0.786511
156.1410,-24034,-62.920867,-0.786511
156.1510,-24034,-62.920867,-0.786511
156.1610,-24034,-62.920867,-0.786511
156.1710,-24034,-62.920867,-0.786511
156.1810,-24034,-62.920867,-0.786511
156.1910,-24034,-62.920867,-0.786511
156.2010,-24034,-62.920867,-0.786511
156.2110,-24034,-62.920867,-0.786511
156.2210,-24034,-62.920867,-0.786511
156.2310,-24034,-62.920867,-0.786511
156.2410,-24034,-62.920867,-0.786511
156.2520,-24034,-62.920867,-0.786511
156.2610,-24034,-62.920867,-0.786511
156.2710,-24034,-62.920867,-0.786511
156.2810,-24034,-62.920867,-0.786511
156.2910,-24034,-62.920867,-0.786511
156.3010,-24034,-62.920867,-0.786511
156.3110,-24034,-62.920867,-0.786511
156.3210,-24034,-62.920867,-0.786511
156.3310,-24034,-62.920867,-0.786511
156.3410,-24034,-62.920867,-0.786511
156.3510,-24034,-62.920867,-0.786511
156.3610,-24034,-62.920867,-0.786511
156.3710,-24034,-62.920867,-0.786511
156.3810,-24034,-62.920867,-0.786511
156.3910,-24034,-62.920867,-0.786511
156.4010,-24035,-62.923484,-0.786544
156.4110,-24035,-62.923484,-0.786544
156.4210,-24035,-62.923484,-0.786544
156.4310,-24035,-62.923484,-0.786544
156.4410,-24035,-62.923484,-0.786544
156.4510,-24035,-62.923484,-0.786544
156.4610,-24035,-62.923484,-0.786544
156.4710,-24035,-62.923484,-0.786544
156.4810,-24035,-62.923484,-0.786544
156.4910,-24035,-62.923484,-0.786544
156.5010,-24035,-62.923484,-0.786544
156.5110,-24035,-62.923484,-0.786544
156.5210,-24035,-62.923484,-0.786544
156.5310,-24035,-62.923484,-0.786544
156.5410,-24035,-62.923484,-0.786544
156.5510,-24035,-62.923484,-0.786544
156.5610,-24035,-62.923484,-0.786544
156.5710,-24035,-62.923484,-0.786544
156.5810,-24035,-62.923484,-0.786544
156.5910,-24035,-62.923484,-0.786544
156.6010,-24035,-62.923484,-0.786544
156.6110,-24035,-62.923484,-0.786544
156.6210,-24035,-62.923484,-0.786544
156.6310,-24035,-62.923484,-0.786544
156.6410,-24035,-62.923484,-0.786544
156.6510,-24035,-62.923484,-0.786544
156.6610,-24035,-62.923484,-0.786544
156.6710,-24035,-62.923484,-0.786544
156.6810,-24035,-62.923484,-0.786544
156.6910,-24035,-62.923484,-0.786544
156.7010,-24035,-62.923484,-0.786544
156.7110,-24035,-62.923484,-0.786544
156.7210,-24035,-62.923484,-0.786544
156.7310,-24035,-62.923484,-0.786544
156.7410,-24035,-62.923484,-0.786544
156.7510,-24035,-62.923484,-0.786544
156.7610,-24035,-62.923484,-0.786544
156.7710,-24035,-62.923484,-0.786544
156.7810,-24036,-62.926105,-0.786576
156.7910,-24036,-62.926105,-0.786576
156.8010,-24036,-62.926105,-0.786576
156.8110,-24036,-62.926105,-0.786576
156.8210,-24036,-62.926105,-0.786576
156.8310,-24036,-62.926105,-0.786576
156.8410,-24036,-62.926105,-0.786576
156.8510,-24036,-62.926105,-0.786576
156.8610,-24036,-62.926105,-0.786576
156.8710,-24036,-62.926105,-0.786576
156.8810,-24036,-62.926105,-0.786576
156.8920,-24036,-62.926105,-0.786576
156.9010,-24036,-62.926105,-0.786576
156.9110,-24036,-62.926105,-0.786576
156.9210,-24036,-62.926105,-0.786576
156.9310,-24036,-62.926105,-0.786576
156.9410,-24036,-62.926105,-0.786576
156.9510,-24036,-62.926105,-0.786576
156.9610,-24036,-62.926105,-0.786576
156.9710,-24036,-62.926105,-0.786576
156.9810,-24036,-62.926105,-0.786576
156.9910,-24036,-62.926105,-0.786576
157.0010,-24036,-62.926105,-0.786576
157.0110,-24036,-62.926105,-0.786576
157.0210,-24036,-62.926105,-0.786576
157.0310,-24037,-62.928722,-0.786609
157.0410,-24037,-62.928722,-0.786609
157.0510,-24037,-62.928722,-0.786609
157.0610,-24037,-62.928722,-0.786609
157.0710,-24037,-62.928722,-0.786609
157.0810,-24037,-62.928722,-0.786609
157.0910,-24037,-62.928722,-0.786609
157.1010,-24037,-62.928722,-0.786609
157.1110,-24037,-62.928722,-0.786609
157.1210,-24037,-62.928722,-0.786609
157.1310,-24037,-62.928722,-0.786609
157.1410,-24037,-62.928722,-0.786609
157.1510,-24037,-62.928722,-0.786609
157.1610,-24037,-62.928722,-0.786609
157.1710,-24037,-62.928722,-0.786609
157.1810,-24037,-62.928722,-0.786609
157.1910,-24037,-62.928722,-0.786609
157.2010,-24037,-62.928722,-0.786609
157.2110,-24037,-62.928722,-0.786609
157.2210,-24037,-62.928722,-0.786609
157.2310,-24037,-62.928722,-0.786609
157.2410,-24037,-62.928722,-0.786609
157.2510,-24037,-62.928722,-0.786609
157.2610,-24037,-62.928722,-0.786609
157.2710,-24037,-62.928722,-0.786609
157.2810,-24037,-62.928722,-0.786609
157.2910,-24037,-62.928722,-0.786609
157.3010,-24037,-62.928722,-0.786609
157.3110,-24037,-62.928722,-0.786609
157.3210,-24037,-62.928722,-0.786609
157.3310,-24037,-62.928722,-0.786609
157.3410,-24038,-62.931335,-0.786642
157.3510,-24038,-62.931335,-0.786642
157.3610,-24038,-62.931335,-0.786642
157.3710,-24038,-62.931335,-0.786642
157.3810,-24038,-62.931335,-0.786642
157.3910,-24038,-62.931335,-0.786642
157.4010,-24038,-62.931335,-0.786642
157.4110,-24038,-62.931335,-0.786642
157.4210,-24038,-62.931335,-0.786642
157.4310,-24038,-62.931335,-0.786642
157.4410,-24038,-62.931335,-0.786642
157.4510,-24038,-62.931335,-0.786642
157.4610,-24038,-62.931335,-0.786642
157.4710,-24038,-62.931335,-0.786642
157.4810,-24038,-62.931335,-0.786642
157.4910,-24038,-62.931335,-0.786642
157.5010,-24038,-62.931335,-0.786642
157.5110,-24038,-62.931335,-0.786642
157.5210,-24038,-62.931335,-0.786642
157.5320,-24038,-62.931335,-0.786642
157.5410,-24038,-62.931335,-0.786642
157.5510,-24038,-62.931335,-0.786642
157.5610,-24038,-62.931335,-0.786642
157.5710,-24038,-62.931335,-0.786642
157.5810,-24038,-62.931335,-0.786642
157.5910,-24038,-62.931335,-0.786642
157.6010,-24038,-62.931335,-0.786642
157.6110,-24038,-62.931335,-0.786642
157.6210,-24038,-62.931335,-0.786642
157.6310,-24038,-62.931335,-0.786642
157.6410,-24039,-62.933956,-0.786674
157.6510,-24039,-62.933956,-0.786674
157.6610,-24039,-62.933956,-0.786674
157.6710,-24039,-62.933956,-0.786674
157.6810,-24039,-62.933956,-0.786674
157.6910,-24039,-62.933956,-0.786674
157.7010,-24039,-62.933956,-0.786674
157.7110,-24039,-62.933956,-0.786674
157.7210,-24039,-62.933956,-0.786674
157.7310,-24039,-62.933956,-0.786674
157.7410,-24039,-62.933956,-0.786674
157.7510,-24039,-62.933956,-0.786674
157.7610,-24039,-62.933956,-0.786674
157.7710,-24039,-62.933956,-0.786674
157.7810,-24039,-62.933956,-0.786674
157.7910,-24039,-62.933956,-0.786674
157.8010,-24039,-62.933956,-0.786674
157.8110,-24039,-62.933956,-0.786674
157.8210,-24039,-62.933956,-0.786674
157.8310,-24039,-62.933956,-0.786674
157.8410,-24039,-62.933956,-0.786674
157.8510,-24039,-62.933956,-0.786674
157.8610,-24039,-62.933956,-0.786674
157.8710,-24039,-62.933956,-0.786674
157.8810,-24039,-62.933956,-0.786674
157.8910,-24039,-62.933956,-0.786674
157.9010,-24039,-62.933956,-0.786674
157.9110,-24039,-62.933956,-0.786674
157.9210,-24039,-62.933956,-0.786674
157.9310,-24039,-62.933956,-0.786674
157.9410,-24039,-62.933956,-0.786674
157.9510,-24039,-62.933956,-0.786674
157.9610,-24039,-62.933956,-0.786674
157.9710,-24039,-62.933956,-0.786674
157.9810,-24039,-62.933956,-0.786674
157.9910,-24039,-62.933956,-0.786674
158.0010,-24039,-62.933956,-0.786674
158.0110,-24039,-62.933956,-0.786674
158.0210,-24039,-62.933956,-0.786674
158.0310,-24039,-62.933956,-0.786674
158.0410,-24039,-62.933956,-0.786674
158.0510,-24039,-62.933956,-0.786674
158.0610,-24039,-62.933956,-0.786674
158.0710,-24039,-62.933956,-0.786674
158.0810,-24039,-62.933956,-0.786674
158.0910,-24039,-62.933956,-0.786674
158.1010,-24039,-62.933956,-0.786674
158.1110,-24039,-62.933956,-0.786674
158.1210,-24039,-62.933956,-0.786674
158.1310,-24039,-62.933956,-0.786674
158.1410,-24039,-62.933956,-0.786674
158.1510,-24039,-62.933956,-0.786674
158.1610,-24039,-62.933956,-0.786674
158.1720,-24039,-62.933956,-0.786674
158.1810,-24039,-62.933956,-0.786674
158.1910,-24039,-62.933956,-0.786674
158.2010,-24039,-62.933956,-0.786674
158.2110,-24039,-62.933956,-0.786674
158.2210,-24039,-62.933956,-0.786674
158.2310,-24039,-62.933956,-0.786674
158.2410,-24039,-62.933956,-0.786674
158.2510,-24039,-62.933956,-0.786674
158.2610,-24039,-62.933956,-0.786674
158.2710,-24039,-62.933956,-0.786674
158.2810,-24039,-62.933956,-0.786674
158.2910,-24039,-62.933956,-0.786674
158.3010,-24039,-62.933956,-0.786674
158.3110,-24039,-62.933956,-0.786674
158.3210,-24039,-62.933956,-0.786674
158.3310,-24039,-62.933956,-0.786674
158.3410,-24039,-62.933956,-0.786674
158.3510,-24039,-62.933956,-0.786674
158.3610,-24039,-62.933956,-0.786674
158.3710,-24039,-62.933956,-0.786674
158.3810,-24039,-62.933956,-0.786674
158.3910,-24039,-62.933956,-0.786674
158.4010,-24039,-62.933956,-0.786674
158.4110,-24039,-62.933956,-0.786674
158.4210,-24039,-62.933956,-0.786674
158.4310,-24039,-62.933956,-0.786674
158.4410,-24039,-62.933956,-0.786674
158.4510,-24039,-62.933956,-0.786674
158.4610,-24039,-62.933956,-0.786674
158.4710,-24039,-62.933956,-0.786674
158.4810,-24039,-62.933956,-0.786674
158.4910,-24039,-62.933956,-0.786674
158.5010,-24039,-62.933956,-0.786674
158.5110,-24039,-62.933956,-0.786674
158.5210,-24039,-62.933956,-0.786674
158.5310,-24039,-62.933956,-0.786674
158.5410,-24039,-62.933956,-0.786674
158.5510,-24039,-62.933956,-0.786674
158.5610,-24039,-62.933956,-0.786674
158.5710,-24039,-62.933956,-0.786674
158.5810,-24039,-62.933956,-0.786674
158.5910,-24039,-62.933956,-0.786674
158.6010,-24039,-62.933956,-0.786674
158.6110,-24039,-62.933956,-0.786674
158.6210,-24039,-62.933956,-0.786674
158.6310,-24039,-62.933956,-0.786674
158.6410,-24039,-62.933956,-0.786674
158.6510,-24039,-62.933956,-0.786674
158.6610,-24039,-62.933956,-0.786674
158.6710,-24039,-62.933956,-0.786674
158.6810,-24039,-62.933956,-0.786674
158.6910,-24039,-62.933956,-0.786674
158.7010,-24040,-62.936573,-0.786707
158.7110,-24040,-62.936573,-0.786707
158.7210,-24040,-62.936573,-0.786707
158.7310,-24040,-62.936573,-0.786707
158.7410,-24040,-62.936573,-0.786707
158.7510,-24040,-62.936573,-0.786707
158.7610,-24040,-62.936573,-0.786707
158.7710,-24040,-62.936573,-0.786707
158.7810,-24040,-62.936573,-0.786707
158.7910,-24040,-62.936573,-0.786707
158.8010,-24040,-62.936573,-0.786707
158.8120,-24040,-62.936573,-0.786707
158.8210,-24040,-62.936573,-0.786707
158.8310,-24040,-62.936573,-0.786707
158.8410,-24040,-62.936573,-0.786707
158.8510,-24040,-62.936573,-0.786707
158.8610,-24040,-62.936573,-0.786707
158.8710,-24040,-62.936573,-0.786707
158.8810,-24040,-62.936573,-0.786707
158.8910,-24040,-62.936573,-0.786707
158.9010,-24040,-62.936573,-0.786707
158.9110,-24040,-62.936573,-0.786707
158.9210,-24040,-62.936573,-0.786707
158.9310,-24040,-62.936573,-0.786707
158.9410,-24040,-62.936573,-0.786707
158.9510,-24040,-62.936573,-0.786707
158.9610,-24040,-62.936573,-0.786707
158.9710,-24040,-62.936573,-0.786707
158.9810,-24040,-62.936573,-0.786707
158.9910,-24040,-62.936573,-0.786707
159.0010,-24040,-62.936573,-0.786707
159.0110,-24040,-62.936573,-0.786707
159.0210,-24040,-62.936573,-0.786707
159.0310,-24040,-62.936573,-0.786707
159.0410,-24040,-62.936573,-0.786707
159.0510,-24040,-62.936573,-0.786707
159.0610,-24040,-62.936573,-0.786707
159.0710,-24040,-62.936573,-0.786707
159.0810,-24040,-62.936573,-0.786707
159.0910,-24040,-62.936573,-0.786707
159.1010,-24040,-62.936573,-0.786707
159.1110,-24041,-62.939189,-0.786740
159.1210,-24041,-62.939189,-0.786740
159.1310,-24041,-62.939189,-0.786740
159.1410,-24041,-62.939189,-0.786740
159.1510,-24041,-62.939189,-0.786740
159.1610,-24041,-62.939189,-0.786740
159.1710,-24041,-62.939189,-0.786740
159.1810,-24041,-62.939189,-0.786740
159.1910,-24041,-62.939189,-0.786740
159.2010,-24041,-62.939189,-0.786740
159.2110,-24041,-62.939189,-0.786740
159.2210,-24041,-62.939189,-0.786740
159.2310,-24041,-62.939189,-0.786740
159.2410,-24041,-62.939189,-0.786740
159.2510,-24041,-62.939189,-0.786740
159.2610,-24041,-62.939189,-0.786740
159.2710,-24041,-62.939189,-0.786740
159.2810,-24041,-62.939189,-0.786740
159.2910,-24041,-62.939189,-0.786740
159.3010,-24041,-62.939189,-0.786740
159.3110,-24041,-62.939189,-0.786740
159.3210,-24041,-62.939189,-0.786740
159.3310,-24041,-62.939189,-0.786740
159.3410,-24041,-62.939189,-0.786740
159.3510,-24041,-62.939189,-0.786740
159.3610,-24041,-62.939189,-0.786740
159.3710,-24041,-62.939189,-0.786740
159.3810,-24041,-62.939189,-0.786740
159.3910,-24041,-62.939189,-0.786740
159.4010,-24041,-62.939189,-0.786740
159.4110,-24041,-62.939189,-0.786740
159.4210,-24041,-62.939189,-0.786740
159.4310,-24041,-62.939189,-0.786740
159.4410,-24041,-62.939189,-0.786740
159.4520,-24041,-62.939189,-0.786740
159.4610,-24041,-62.939189,-0.786740
159.4710,-24041,-62.939189,-0.786740
159.4810,-24041,-62.939189,-0.786740
159.4910,-24042,-62.941810,-0.786773
159.5010,-24042,-62.941810,-0.786773
159.5110,-24042,-62.941810,-0.786773
159.5210,-24042,-62.941810,-0.786773
159.5310,-24042,-62.941810,-0.786773
159.5410,-24042,-62.941810,-0.786773
159.5510,-24042,-62.941810,-0.786773
159.5610,-24042,-62.941810,-0.786773
159.5710,-24042,-62.941810,-0.786773
159.5810,-24042,-62.941810,-0.786773
159.5910,-24042,-62.941810,-0.786773
159.6010,-24042,-62.941810,-0.786773
159.6110,-24042,-62.941810,-0.786773
159.6210,-24042,-62.941810,-0.786773
159.6310,-24042,-62.941810,-0.786773
159.6410,-24042,-62.941810,-0.786773
159.6510,-24042,-62.941810,-0.786773
159.6610,-24042,-62.941810,-0.786773
159.6710,-24042,-62.941810,-0.786773
159.6810,-24042,-62.941810,-0.786773
159.6910,-24042,-62.941810,-0.786773
159.7010,-24042,-62.941810,-0.786773
159.7110,-24042,-62.941810,-0.786773
159.7210,-24042,-62.941810,-0.786773
159.7310,-24042,-62.941810,-0.786773
159.7410,-24042,-62.941810,-0.786773
159.7510,-24042,-62.941810,-0.786773
159.7610,-24042,-62.941810,-0.786773
159.7710,-24042,-62.941810,-0.786773
159.7810,-24042,-62.941810,-0.786773
159.7910,-24042,-62.941810,-0.786773
159.8010,-24042,-62.941810,-0.786773
159.8110,-24042,-62.941810,-0.786773
159.8210,-24042,-62.941810,-0.786773
159.8310,-24042,-62.941810,-0.786773
159.8410,-24042,-62.941810,-0.786773
159.8510,-24042,-62.941810,-0.786773
159.8610,-24042,-62.941810,-0.786773
159.8710,-24043,-62.944427,-0.786805
159.8810,-24043,-62.944427,-0.786805
159.8910,-24043,-62.944427,-0.786805
159.9010,-24043,-62.944427,-0.786805
159.9110,-24043,-62.944427,-0.786805
159.9210,-24043,-62.944427,-0.786805
159.9310,-24043,-62.944427,-0.786805
159.9410,-24043,-62.944427,-0.786805
159.9510,-24043,-62.944427,-0.786805
159.9610,-24043,-62.944427,-0.786805
159.9710,-24043,-62.944427,-0.786805
159.9810,-24043,-62.944427,-0.786805
159.9910,-24043,-62.944427,-0.786805
160.0010,-24043,-62.944427,-0.786805
160.0110,-24043,-62.944427,-0.786805
160.0210,-24043,-62.944427,-0.786805
160.0310,-24043,-62.944427,-0.786805
160.0410,-24043,-62.944427,-0.786805
160.0510,-24043,-62.944427,-0.786805
160.0610,-24043,-62.944427,-0.786805
160.0710,-24043,-62.944427,-0.786805
160.0810,-24043,-62.944427,-0.786805
160.0920,-24043,-62.944427,-0.786805
160.1010,-24043,-62.944427,-0.786805
160.1110,-24043,-62.944427,-0.786805
160.1210,-24043,-62.944427,-0.786805
160.1310,-24043,-62.944427,-0.786805
160.1410,-24043,-62.944427,-0.786805
160.1510,-24043,-62.944427,-0.786805
160.1610,-24043,-62.944427,-0.786805
160.1710,-24043,-62.944427,-0.786805
160.1810,-24043,-62.944427,-0.786805
160.1910,-24043,-62.944427,-0.786805
160.2010,-24043,-62.944427,-0.786805
160.2110,-24043,-62.944427,-0.786805
160.2210,-24043,-62.944427,-0.786805
160.2310,-24043,-62.944427,-0.786805
160.2410,-24043,-62.944427,-0.786805
160.2510,-24043,-62.944427,-0.786805
160.2610,-24043,-62.944427,-0.786805
160.2710,-24043,-62.944427,-0.786805
160.2810,-24043,-62.944427,-0.786805
160.2910,-24043,-62.944427,-0.786805
160.3010,-24043,-62.944427,-0.786805
160.3110,-24043,-62.944427,-0.786805
160.3210,-24043,-62.944427,-0.786805
160.3310,-24043,-62.944427,-0.786805
160.3410,-24043,-62.944427,-0.786805
160.3510,-24043,-62.944427,-0.786805
160.3610,-24043,-62.944427,-0.786805
160.3710,-24043,-62.944427,-0.786805
160.3810,-24043,-62.944427,-0.786805
160.3910,-24043,-62.944427,-0.786805
160.4010,-24043,-62.944427,-0.786805
160.4110,-24044,-62.947048,-0.786838
160.4210,-24044,-62.947048,-0.786838
160.4310,-24044,-62.947048,-0.786838
160.4410,-24044,-62.947048,-0.786838
160.4510,-24044,-62.947048,-0.786838
160.4610,-24044,-62.947048,-0.786838
160.4710,-24044,-62.947048,-0.786838
160.4810,-24044,-62.947048,-0.786838
160.4910,-24044,-62.947048,-0.786838
160.5010,-24044,-62.947048,-0.786838
160.5110,-24044,-62.947048,-0.786838
160.5210,-24044,-62.947048,-0.786838
160.5310,-24044,-62.947048,-0.786838
160.5410,-24044,-62.947048,-0.786838
160.5510,-24044,-62.947048,-0.786838
160.5610,-24044,-62.947048,-0.786838
160.5710,-24044,-62.947048,-0.786838
160.5810,-24044,-62.947048,-0.786838
160.5910,-24044,-62.947048,-0.786838
160.6010,-24044,-62.947048,-0.786838
160.6110,-24044,-62.947048,-0.786838
160.6210,-24044,-62.947048,-0.786838
160.6310,-24044,-62.947048,-0.786838
160.6410,-24044,-62.947048,-0.786838
160.6510,-24044,-62.947048,-0.786838
160.6610,-24044,-62.947048,-0.786838
160.6710,-24044,-62.947048,-0.786838
160.6810,-24044,-62.947048,-0.786838
160.6910,-24044,-62.947048,-0.786838
160.7010,-24044,-62.947048,-0.786838
160.7110,-24044,-62.947048,-0.786838
160.7210,-24044,-62.947048,-0.786838
160.7320,-24044,-62.947048,-0.786838
160.7410,-24044,-62.947048,-0.786838
160.7510,-24044,-62.947048,-0.786838
160.7610,-24044,-62.947048,-0.786838
160.7710,-24044,-62.947048,-0.786838
160.7810,-24044,-62.947048,-0.786838
160.7910,-24044,-62.947048,-0.786838
160.8010,-24044,-62.947048,-0.786838
160.8110,-24044,-62.947048,-0.786838
160.8210,-24044,-62.947048,-0.786838
160.8310,-24044,-62.947048,-0.786838
160.8410,-24044,-62.947048,-0.786838
160.8510,-24044,-62.947048,-0.786838
160.8610,-24044,-62.947048,-0.786838
160.8710,-24044,-62.947048,-0.786838
160.8810,-24044,-62.947048,-0.786838
160.8910,-24044,-62.947048,-0.786838
160.9010,-24044,-62.947048,-0.786838
160.9110,-24044,-62.947048,-0.786838
160.9210,-24044,-62.947048,-0.786838
160.9310,-24044,-62.947048,-0.786838
160.9410,-24044,-62.947048,-0.786838
160.9510,-24045,-62.949665,-0.786871
160.9610,-24045,-62.949665,-0.786871
160.9710,-24045,-62.949665,-0.786871
160.9810,-24045,-62.949665,-0.786871
160.9910,-24045,-62.949665,-0.786871
161.0010,-24045,-62.949665,-0.786871
161.0110,-24045,-62.949665,-0.786871
161.0210,-24045,-62.949665,-0.786871
161.0310,-24045,-62.949665,-0.786871
161.0410,-24045,-62.949665,-0.786871
161.0510,-24045,-62.949665,-0.786871
161.0610,-24045,-62.949665,-0.786871
161.0710,-24045,-62.949665,-0.786871
161.0810,-24045,-62.949665,-0.786871
161.0910,-24045,-62.949665,-0.786871
161.1010,-24045,-62.949665,-0.786871
161.1110,-24045,-62.949665,-0.786871
161.1210,-24045,-62.949665,-0.786871
161.1310,-24045,-62.949665,-0.786871
161.1410,-24045,-62.949665,-0.786871
161.1510,-24045,-62.949665,-0.786871
161.1610,-24045,-62.949665,-0.786871
161.1710,-24045,-62.949665,-0.786871
161.1810,-24045,-62.949665,-0.786871
161.1910,-24045,-62.949665,-0.786871
161.2010,-24045,-62.949665,-0.786871
161.2110,-24045,-62.949665,-0.786871
161.2210,-24045,-62.949665,-0.786871
161.2310,-24045,-62.949665,-0.786871
161.2410,-24045,-62.949665,-0.786871
161.2510,-24045,-62.949665,-0.786871
161.2610,-24045,-62.949665,-0.786871
161.2710,-24045,-62.949665,-0.786871
161.2810,-24045,-62.949665,-0.786871
161.2910,-24045,-62.949665,-0.786871
161.3010,-24045,-62.949665,-0.786871
161.3110,-24045,-62.949665,-0.786871
161.3210,-24045,-62.949665,-0.786871
161.3310,-24045,-62.949665,-0.786871
161.3410,-24045,-62.949665,-0.786871
161.3510,-24045,-62.949665,-0.786871
161.3610,-24045,-62.949665,-0.786871
161.3720,-24045,-62.949665,-0.786871
161.3810,-24045,-62.949665,-0.786871
161.3910,-24045,-62.949665,-0.786871
161.4010,-24045,-62.949665,-0.786871
161.4110,-24045,-62.949665,-0.786871
161.4210,-24045,-62.949665,-0.786871
161.4310,-24045,-62.949665,-0.786871
161.4410,-24045,-62.949665,-0.786871
161.4510,-24045,-62.949665,-0.786871
161.4610,-24045,-62.949665,-0.786871
161.4710,-24045,-62.949665,-0.786871
161.4810,-24045,-62.949665,-0.786871
161.4910,-24045,-62.949665,-0.786871
161.5010,-24045,-62.949665,-0.786871
161.5110,-24045,-62.949665,-0.786871
161.5210,-24045,-62.949665,-0.786871
161.5310,-24045,-62.949665,-0.786871
161.5410,-24045,-62.949665,-0.786871
161.5510,-24045,-62.949665,-0.786871
161.5610,-24045,-62.949665,-0.786871
161.5710,-24045,-62.949665,-0.786871
161.5810,-24045,-62.949665,-0.786871
161.5910,-24045,-62.949665,-0.786871
161.6010,-24046,-62.952285,-0.786904
161.6110,-24046,-62.952285,-0.786904
161.6210,-24046,-62.952285,-0.786904
161.6310,-24046,-62.952285,-0.786904
161.6410,-24046,-62.952285,-0.786904
161.6510,-24046,-62.952285,-0.786904
161.6610,-24046,-62.952285,-0.786904
161.6710,-24046,-62.952285,-0.786904
161.6810,-24046,-62.952285,-0.786904
161.6910,-24046,-62.952285,-0.786904
161.7010,-24046,-62.952285,-0.786904
161.7110,-24046,-62.952285,-0.786904
161.7210,-24046,-62.952285,-0.786904
161.7310,-24046,-62.952285,-0.786904
161.7410,-24046,-62.952285,-0.786904
161.7510,-24046,-62.952285,-0.786904
161.7610,-24046,-62.952285,-0.786904
161.7710,-24046,-62.952285,-0.786904
161.7810,-24046,-62.952285,-0.786904
161.7910,-24046,-62.952285,-0.786904
161.8010,-24046,-62.952285,-0.786904
161.8110,-24046,-62.952285,-0.786904
161.8210,-24046,-62.952285,-0.786904
161.8310,-24046,-62.952285,-0.786904
161.8410,-24046,-62.952285,-0.786904
161.8510,-24046,-62.952285,-0.786904
161.8610,-24046,-62.952285,-0.786904
161.8710,-24046,-62.952285,-0.786904
161.8810,-24046,-62.952285,-0.786904
161.8910,-24046,-62.952285,-0.786904
161.9010,-24046,-62.952285,-0.786904
161.9110,-24046,-62.952285,-0.786904
161.9210,-24046,-62.952285,-0.786904
161.9310,-24046,-62.952285,-0.786904
161.9410,-24046,-62.952285,-0.786904
161.9510,-24046,-62.952285,-0.786904
161.9610,-24046,-62.952285,-0.786904
161.9710,-24046,-62.952285,-0.786904
161.9810,-24046,-62.952285,-0.786904
161.9910,-24046,-62.952285,-0.786904
162.0010,-24046,-62.952285,-0.786904
162.0120,-24046,-62.952285,-0.786904
162.0210,-24046,-62.952285,-0.786904
162.0310,-24046,-62.952285,-0.786904
162.0410,-24046,-62.952285,-0.786904
162.0510,-24046,-62.952285,-0.786904
162.0610,-24046,-62.952285,-0.786904
162.0710,-24046,-62.952285,-0.786904
162.0810,-24047,-62.954902,-0.786936
162.0910,-24047,-62.954902,-0.786936
162.1010,-24047,-62.954902,-0.786936
162.1110,-24047,-62.954902,-0.786936
162.1210,-24047,-62.954902,-0.786936
162.1310,-24047,-62.954902,-0.786936
162.1410,-24047,-62.954902,-0.786936
162.1510,-24048,-62.957519,-0.786969
162.1610,-24048,-62.957519,-0.786969
162.1710,-24048,-62.957519,-0.786969
162.1810,-24048,-62.957519,-0.786969
162.1910,-24048,-62.957519,-0.786969
162.2010,-24048,-62.957519,-0.786969
162.2110,-24048,-62.957519,-0.786969
162.2210,-24048,-62.957519,-0.786969
162.2310,-24048,-62.957519,-0.786969
162.2410,-24048,-62.957519,-0.786969
162.2510,-24048,-62.957519,-0.786969
162.2610,-24048,-62.957519,-0.786969
162.2710,-24048,-62.957519,-0.786969
162.2810,-24048,-62.957519,-0.786969
162.2910,-24048,-62.957519,-0.786969
162.3010,-24048,-62.957519,-0.786969
162.3110,-24048,-62.957519,-0.786969
162.3210,-24048,-62.957519,-0.786969
162.3310,-24048,-62.957519,-0.786969
162.3410,-24048,-62.957519,-0.786969
162.3510,-24049,-62.960132,-0.787002
162.3610,-24049,-62.960132,-0.787002
162.3710,-24049,-62.960132,-0.787002
162.3810,-24049,-62.960132,-0.787002
162.3910,-24049,-62.960132,-0.787002
162.4010,-24049,-62.960132,-0.787002
162.4110,-24049,-62.960132,-0.787002
162.4210,-24049,-62.960132,-0.787002
162.4310,-24049,-62.960132,-0.787002
162.4410,-24049,-62.960132,-0.787002
162.4510,-24049,-62.960132,-0.787002
162.4610,-24049,-62.960132,-0.787002
162.4710,-24049,-62.960132,-0.787002
162.4810,-24049,-62.960132,-0.787002
162.4910,-24049,-62.960132,-0.787002
162.5010,-24049,-62.960132,-0.787002
162.5110,-24049,-62.960132,-0.787002
162.5210,-24049,-62.960132,-0.787002
162.5310,-24049,-62.960132,-0.787002
162.5410,-24049,-62.960132,-0.787002
162.5510,-24049,-62.960132,-0.787002
162.5610,-24049,-62.960132,-0.787002
162.5710,-24049,-62.960132,-0.787002
162.5810,-24049,-62.960132,-0.787002
162.5910,-24049,-62.960132,-0.787002
162.6010,-24049,-62.960132,-0.787002
162.6110,-24049,-62.960132,-0.787002
162.6210,-24049,-62.960132,-0.787002
162.6310,-24049,-62.960132,-0.787002
162.6410,-24049,-62.960132,-0.787002
162.6520,-24049,-62.960132,-0.787002
162.6610,-24049,-62.960132,-0.787002
162.6710,-24049,-62.960132,-0.787002
162.6810,-24049,-62.960132,-0.787002
162.6910,-24049,-62.960132,-0.787002
162.7010,-24049,-62.960132,-0.787002
162.7110,-24049,-62.960132,-0.787002
162.7210,-24049,-62.960132,-0.787002
162.7310,-24049,-62.960132,-0.787002
162.7410,-24049,-62.960132,-0.787002
162.7510,-24049,-62.960132,-0.787002
162.7610,-24049,-62.960132,-0.787002
162.7710,-24049,-62.960132,-0.787002
162.7810,-24049,-62.960132,-0.787002
162.7910,-24049,-62.960132,-0.787002
162.8010,-24049,-62.960132,-0.787002
162.8110,-24049,-62.960132,-0.787002
162.8210,-24049,-62.960132,-0.787002
162.8310,-24049,-62.960132,-0.787002
162.8410,-24049,-62.960132,-0.787002
162.8510,-24049,-62.960132,-0.787002
162.8610,-24049,-62.960132,-0.787002
162.8710,-24049,-62.960132,-0.787002
162.8810,-24049,-62.960132,-0.787002
162.8910,-24049,-62.960132,-0.787002
162.9010,-24049,-62.960132,-0.787002
162.9110,-24049,-62.960132,-0.787002
162.9210,-24049,-62.960132,-0.787002
162.9310,-24049,-62.960132,-0.787002
162.9410,-24049,-62.960132,-0.787002
162.9510,-24049,-62.960132,-0.787002
162.9610,-24049,-62.960132,-0.787002
162.9710,-24049,-62.960132,-0.787002
162.9810,-24049,-62.960132,-0.787002
162.9910,-24050,-62.962753,-0.787034
163.0010,-24050,-62.962753,-0.787034
163.0110,-24050,-62.962753,-0.787034
163.0210,-24050,-62.962753,-0.787034
163.0310,-24050,-62.962753,-0.787034
163.0410,-24050,-62.962753,-0.787034
163.0510,-24050,-62.962753,-0.787034
163.0610,-24050,-62.962753,-0.787034
163.0710,-24050,-62.962753,-0.787034
163.0810,-24050,-62.962753,-0.787034
163.0910,-24050,-62.962753,-0.787034
163.1010,-24050,-62.962753,-0.787034
163.1110,-24050,-62.962753,-0.787034
163.1210,-24050,-62.962753,-0.787034
163.1310,-24050,-62.962753,-0.787034
163.1410,-24050,-62.962753,-0.787034
163.1510,-24050,-62.962753,-0.787034
163.1610,-24050,-62.962753,-0.787034
163.1710,-24050,-62.962753,-0.787034
163.1810,-24050,-62.962753,-0.787034
163.1910,-24050,-62.962753,-0.787034
163.2010,-24050,-62.962753,-0.787034
163.2110,-24050,-62.962753,-0.787034
163.2210,-24050,-62.962753,-0.787034
163.2310,-24050,-62.962753,-0.787034
163.2410,-24050,-62.962753,-0.787034
163.2510,-24050,-62.962753,-0.787034
163.2610,-24050,-62.962753,-0.787034
163.2710,-24050,-62.962753,-0.787034
163.2810,-24050,-62.962753,-0.787034
163.2920,-24050,-62.962753,-0.787034
163.3010,-24050,-62.962753,-0.787034
163.3110,-24050,-62.962753,-0.787034
163.3210,-24050,-62.962753,-0.787034
163.3310,-24050,-62.962753,-0.787034
163.3410,-24050,-62.962753,-0.787034
163.3510,-24050,-62.962753,-0.787034
163.3610,-24050,-62.962753,-0.787034
163.3710,-24050,-62.962753,-0.787034
163.3810,-24050,-62.962753,-0.787034
163.3910,-24050,-62.962753,-0.787034
163.4010,-24050,-62.962753,-0.787034
163.4110,-24050,-62.962753,-0.787034
163.4210,-24050,-62.962753,-0.787034
163.4310,-24050,-62.962753,-0.787034
163.4410,-24050,-62.962753,-0.787034
163.4510,-24050,-62.962753,-0.787034
163.4610,-24050,-62.962753,-0.787034
163.4710,-24050,-62.962753,-0.787034
163.4810,-24050,-62.962753,-0.787034
163.4910,-24050,-62.962753,-0.787034
163.5010,-24050,-62.962753,-0.787034
163.5110,-24050,-62.962753,-0.787034
163.5210,-24050,-62.962753,-0.787034
163.5310,-24050,-62.962753,-0.787034
163.5410,-24050,-62.962753,-0.787034
163.5510,-24050,-62.962753,-0.787034
163.5610,-24050,-62.962753,-0.787034
163.5710,-24050,-62.962753,-0.787034
163.5810,-24050,-62.962753,-0.787034
163.5910,-24050,-62.962753,-0.787034
163.6010,-24050,-62.962753,-0.787034
163.6110,-24050,-62.962753,-0.787034
163.6210,-24050,-62.962753,-0.787034
163.6310,-24050,-62.962753,-0.787034
163.6410,-24050,-62.962753,-0.787034
163.6510,-24050,-62.962753,-0.787034
163.6610,-24050,-62.962753,-0.787034
163.6710,-24050,-62.962753,-0.787034
163.6810,-24050,-62.962753,-0.787034
163.6910,-24050,-62.962753,-0.787034
163.7010,-24050,-62.962753,-0.787034
163.7110,-24050,-62.962753,-0.787034
163.7210,-24050,-62.962753,-0.787034
163.7310,-24051,-62.965370,-0.787067
163.7410,-24051,-62.965370,-0.787067
163.7510,-24051,-62.965370,-0.787067
163.7610,-24051,-62.965370,-0.787067
163.7710,-24051,-62.965370,-0.787067
163.7810,-24051,-62.965370,-0.787067
163.7910,-24051,-62.965370,-0.787067
163.8010,-24051,-62.965370,-0.787067
163.8110,-24051,-62.965370,-0.787067
163.8210,-24051,-62.965370,-0.787067
163.8310,-24051,-62.965370,-0.787067
163.8410,-24051,-62.965370,-0.787067
163.8510,-24051,-62.965370,-0.787067
163.8610,-24051,-62.965370,-0.787067
163.8710,-24051,-62.965370,-0.787067
163.8810,-24051,-62.965370,-0.787067
163.8910,-24051,-62.965370,-0.787067
163.9010,-24051,-62.965370,-0.787067
163.9110,-24051,-62.965370,-0.787067
163.9210,-24051,-62.965370,-0.787067
163.9320,-24051,-62.965370,-0.787067
163.9410,-24051,-62.965370,-0.787067
163.9510,-24051,-62.965370,-0.787067
163.9610,-24051,-62.965370,-0.787067
163.9710,-24051,-62.965370,-0.787067
163.9810,-24051,-62.965370,-0.787067
163.9910,-24051,-62.965370,-0.787067
164.0010,-24051,-62.965370,-0.787067
164.0110,-24051,-62.965370,-0.787067
164.0210,-24051,-62.965370,-0.787067
164.0310,-24051,-62.965370,-0.787067
164.0410,-24051,-62.965370,-0.787067
164.0510,-24051,-62.965370,-0.787067
164.0610,-24051,-62.965370,-0.787067
164.0710,-24051,-62.965370,-0.787067
164.0810,-24051,-62.965370,-0.787067
164.0910,-24051,-62.965370,-0.787067
164.1010,-24051,-62.965370,-0.787067
164.1110,-24051,-62.965370,-0.787067
164.1210,-24051,-62.965370,-0.787067
164.1310,-24051,-62.965370,-0.787067
164.1410,-24051,-62.965370,-0.787067
164.1510,-24051,-62.965370,-0.787067
164.1610,-24051,-62.965370,-0.787067
164.1710,-24051,-62.965370,-0.787067
164.1810,-24051,-62.965370,-0.787067
164.1910,-24051,-62.965370,-0.787067
164.2010,-24051,-62.965370,-0.787067
164.2110,-24051,-62.965370,-0.787067
164.2210,-24051,-62.965370,-0.787067
164.2310,-24051,-62.965370,-0.787067
164.2410,-24051,-62.965370,-0.787067
164.2510,-24051,-62.965370,-0.787067
164.2610,-24051,-62.965370,-0.787067
164.2710,-24051,-62.965370,-0.787067
164.2810,-24051,-62.965370,-0.787067
164.2910,-24051,-62.965370,-0.787067
164.3010,-24051,-62.965370,-0.787067
164.3110,-24051,-62.965370,-0.787067
164.3210,-24051,-62.965370,-0.787067
164.3310,-24051,-62.965370,-0.787067
164.3410,-24051,-62.965370,-0.787067
164.3510,-24051,-62.965370,-0.787067
164.3610,-24051,-62.965370,-0.787067
164.3710,-24051,-62.965370,-0.787067
164.3810,-24051,-62.965370,-0.787067
164.3910,-24051,-62.965370,-0.787067
164.4010,-24051,-62.965370,-0.787067
164.4110,-24051,-62.965370,-0.787067
164.4210,-24051,-62.965370,-0.787067
164.4310,-24051,-62.965370,-0.787067
164.4410,-24051,-62.965370,-0.787067
164.4510,-24051,-62.965370,-0.787067
164.4610,-24051,-62.965370,-0.787067
164.4710,-24051,-62.965370,-0.787067
164.4810,-24051,-62.965370,-0.787067
164.4910,-24051,-62.965370,-0.787067
164.5010,-24051,-62.965370,-0.787067
164.5110,-24051,-62.965370,-0.787067
164.5210,-24051,-62.965370,-0.787067
164.5310,-24052,-62.967990,-0.787100
164.5410,-24052,-62.967990,-0.787100
164.5510,-24052,-62.967990,-0.787100
164.5610,-24052,-62.967990,-0.787100
164.5720,-24052,-62.967990,-0.787100
164.5810,-24052,-62.967990,-0.787100
164.5910,-24052,-62.967990,-0.787100
164.6010,-24052,-62.967990,-0.787100
164.6110,-24052,-62.967990,-0.787100
164.6210,-24052,-62.967990,-0.787100
164.6310,-24052,-62.967990,-0.787100
164.6410,-24052,-62.967990,-0.787100
164.6510,-24052,-62.967990,-0.787100
164.6610,-24052,-62.967990,-0.787100
164.6710,-24052,-62.967990,-0.787100
164.6810,-24052,-62.967990,-0.787100
164.6910,-24052,-62.967990,-0.787100
164.7010,-24052,-62.967990,-0.787100
164.7110,-24052,-62.967990,-0.787100
164.7210,-24052,-62.967990,-0.787100
164.7310,-24052,-62.967990,-0.787100
164.7410,-24052,-62.967990,-0.787100
164.7510,-24052,-62.967990,-0.787100
164.7610,-24052,-62.967990,-0.787100
164.7710,-24052,-62.967990,-0.787100
164.7810,-24052,-62.967990,-0.787100
164.7910,-24052,-62.967990,-0.787100
164.8010,-24052,-62.967990,-0.787100
164.8110,-24052,-62.967990,-0.787100
164.8210,-24052,-62.967990,-0.787100
164.8310,-24052,-62.967990,-0.787100
164.8410,-24052,-62.967990,-0.787100
164.8510,-24052,-62.967990,-0.787100
164.8610,-24052,-62.967990,-0.787100
164.8710,-24052,-62.967990,-0.787100
164.8810,-24052,-62.967990,-0.787100
164.8910,-24052,-62.967990,-0.787100
164.9010,-24052,-62.967990,-0.787100
164.9110,-24052,-62.967990,-0.787100
164.9210,-24052,-62.967990,-0.787100
164.9310,-24052,-62.967990,-0.787100
164.9410,-24052,-62.967990,-0.787100
164.9510,-24052,-62.967990,-0.787100
164.9610,-24052,-62.967990,-0.787100
164.9710,-24052,-62.967990,-0.787100
164.9810,-24052,-62.967990,-0.787100
164.9910,-24052,-62.967990,-0.787100
165.0010,-24052,-62.967990,-0.787100
165.0110,-24052,-62.967990,-0.787100
165.0210,-24052,-62.967990,-0.787100
165.0310,-24052,-62.967990,-0.787100
165.0410,-24052,-62.967990,-0.787100
165.0510,-24052,-62.967990,-0.787100
165.0610,-24053,-62.970607,-0.787133
165.0710,-24053,-62.970607,-0.787133
165.0810,-24053,-62.970607,-0.787133
165.0910,-24053,-62.970607,-0.787133
165.1010,-24053,-62.970607,-0.787133
165.1110,-24053,-62.970607,-0.787133
165.1210,-24053,-62.970607,-0.787133
165.1310,-24053,-62.970607,-0.787133
165.1410,-24053,-62.970607,-0.787133
165.1510,-24053,-62.970607,-0.787133
165.1610,-24053,-62.970607,-0.787133
165.1710,-24053,-62.970607,-0.787133
165.1810,-24053,-62.970607,-0.787133
165.1910,-24053,-62.970607,-0.787133
165.2010,-24053,-62.970607,-0.787133
165.2120,-24053,-62.970607,-0.787133
165.2210,-24053,-62.970607,-0.787133
165.2310,-24053,-62.970607,-0.787133
165.2410,-24053,-62.970607,-0.787133
165.2510,-24053,-62.970607,-0.787133
165.2610,-24053,-62.970607,-0.787133
165.2710,-24053,-62.970607,-0.787133
165.2810,-24053,-62.970607,-0.787133
165.2910,-24053,-62.970607,-0.787133
165.3010,-24053,-62.970607,-0.787133
165.3110,-24053,-62.970607,-0.787133
165.3210,-24053,-62.970607,-0.787133
165.3310,-24053,-62.970607,-0.787133
165.3410,-24053,-62.970607,-0.787133
165.3510,-24053,-62.970607,-0.787133
165.3610,-24053,-62.970607,-0.787133
165.3710,-24054,-62.973228,-0.787165
165.3810,-24054,-62.973228,-0.787165
165.3910,-24054,-62.973228,-0.787165
165.4010,-24054,-62.973228,-0.787165
165.4110,-24054,-62.973228,-0.787165
165.4210,-24054,-62.973228,-0.787165
165.4310,-24054,-62.973228,-0.787165
165.4410,-24054,-62.973228,-0.787165
165.4510,-24054,-62.973228,-0.787165
165.4610,-24054,-62.973228,-0.787165
165.4710,-24054,-62.973228,-0.787165
165.4810,-24054,-62.973228,-0.787165
165.4910,-24054,-62.973228,-0.787165
165.5010,-24054,-62.973228,-0.787165
165.5110,-24054,-62.973228,-0.787165
165.5210,-24054,-62.973228,-0.787165
165.5310,-24054,-62.973228,-0.787165
165.5410,-24054,-62.973228,-0.787165
165.5510,-24054,-62.973228,-0.787165
165.5610,-24054,-62.973228,-0.787165
165.5710,-24054,-62.973228,-0.787165
165.5810,-24054,-62.973228,-0.787165
165.5910,-24054,-62.973228,-0.787165
165.6010,-24054,-62.973228,-0.787165
165.6110,-24054,-62.973228,-0.787165
165.6210,-24054,-62.973228,-0.787165
165.6310,-24054,-62.973228,-0.787165
165.6410,-24054,-62.973228,-0.787165
165.6510,-24054,-62.973228,-0.787165
165.6610,-24054,-62.973228,-0.787165
165.6710,-24054,-62.973228,-0.787165
165.6810,-24054,-62.973228,-0.787165
165.6910,-24054,-62.973228,-0.787165
165.7010,-24054,-62.973228,-0.787165
165.7110,-24054,-62.973228,-0.787165
165.7210,-24054,-62.973228,-0.787165
165.7310,-24054,-62.973228,-0.787165
165.7410,-24054,-62.973228,-0.787165
165.7510,-24054,-62.973228,-0.787165
165.7610,-24054,-62.973228,-0.787165
165.7710,-24054,-62.973228,-0.787165
165.7810,-24054,-62.973228,-0.787165
165.7910,-24054,-62.973228,-0.787165
165.8010,-24054,-62.973228,-0.787165
165.8110,-24054,-62.973228,-0.787165
165.8210,-24054,-62.973228,-0.787165
165.8310,-24054,-62.973228,-0.787165
165.8410,-24054,-62.973228,-0.787165
165.8520,-24054,-62.973228,-0.787165
165.8610,-24054,-62.973228,-0.787165
165.8710,-24054,-62.973228,-0.787165
165.8810,-24054,-62.973228,-0.787165
165.8910,-24054,-62.973228,-0.787165
165.9010,-24054,-62.973228,-0.787165
165.9110,-24054,-62.973228,-0.787165
165.9210,-24054,-62.973228,-0.787165
165.9310,-24054,-62.973228,-0.787165
165.9410,-24054,-62.973228,-0.787165
165.9510,-24054,-62.973228,-0.787165
165.9610,-24054,-62.973228,-0.787165
165.9710,-24054,-62.973228,-0.787165
165.9810,-24054,-62.973228,-0.787165
165.9910,-24055,-62.975845,-0.787198
166.0010,-24055,-62.975845,-0.787198
166.0110,-24055,-62.975845,-0.787198
166.0210,-24055,-62.975845,-0.787198
166.0310,-24055,-62.975845,-0.787198
166.0410,-24055,-62.975845,-0.787198
166.0510,-24055,-62.975845,-0.787198
166.0610,-24055,-62.975845,-0.787198
166.0710,-24055,-62.975845,-0.787198
166.0810,-24055,-62.975845,-0.787198
166.0910,-24055,-62.975845,-0.787198
166.1010,-24055,-62.975845,-0.787198
166.1110,-24055,-62.975845,-0.787198
166.1210,-24055,-62.975845,-0.787198
166.1310,-24055,-62.975845,-0.787198
166.1410,-24055,-62.975845,-0.787198
166.1510,-24055,-62.975845,-0.787198
166.1610,-24055,-62.975845,-0.787198
166.1710,-24055,-62.975845,-0.787198
166.1810,-24055,-62.975845,-0.787198
166.1910,-24055,-62.975845,-0.787198
166.2010,-24055,-62.975845,-0.787198
166.2110,-24055,-62.975845,-0.787198
166.2210,-24055,-62.975845,-0.787198
166.2310,-24055,-62.975845,-0.787198
166.2410,-24055,-62.975845,-0.787198
166.2510,-24055,-62.975845,-0.787198
166.2610,-24055,-62.975845,-0.787198
166.2710,-24055,-62.975845,-0.787198
166.2810,-24055,-62.975845,-0.787198
166.2910,-24055,-62.975845,-0.787198
166.3010,-24055,-62.975845,-0.787198
166.3110,-24055,-62.975845,-0.787198
166.3210,-24055,-62.975845,-0.787198
166.3310,-24055,-62.975845,-0.787198
166.3410,-24055,-62.975845,-0.787198
166.3510,-24055,-62.975845,-0.787198
166.3610,-24055,-62.975845,-0.787198
166.3710,-24055,-62.975845,-0.787198
166.3810,-24055,-62.975845,-0.787198
166.3910,-24055,-62.975845,-0.787198
166.4010,-24055,-62.975845,-0.787198
166.4110,-24055,-62.975845,-0.787198
166.4210,-24055,-62.975845,-0.787198
166.4310,-24055,-62.975845,-0.787198
166.4410,-24055,-62.975845,-0.787198
166.4510,-24055,-62.975845,-0.787198
166.4610,-24055,-62.975845,-0.787198
166.4710,-24055,-62.975845,-0.787198
166.4810,-24055,-62.975845,-0.787198
166.4920,-24055,-62.975845,-0.787198
166.5010,-24055,-62.975845,-0.787198
166.5110,-24055,-62.975845,-0.787198
166.5210,-24055,-62.975845,-0.787198
166.5310,-24055,-62.975845,-0.787198
166.5410,-24056,-62.978462,-0.787231
166.5510,-24056,-62.978462,-0.787231
166.5610,-24056,-62.978462,-0.787231
166.5710,-24056,-62.978462,-0.787231
166.5810,-24056,-62.978462,-0.787231
166.5910,-24056,-62.978462,-0.787231
166.6010,-24057,-62.981082,-0.787264
166.6110,-24057,-62.981082,-0.787264
166.6210,-24057,-62.981082,-0.787264
166.6310,-24057,-62.981082,-0.787264
166.6410,-24057,-62.981082,-0.787264
166.6510,-24057,-62.981082,-0.787264
166.6610,-24057,-62.981082,-0.787264
166.6710,-24057,-62.981082,-0.787264
166.6810,-24057,-62.981082,-0.787264
166.6910,-24057,-62.981082,-0.787264
166.7010,-24057,-62.981082,-0.787264
166.7110,-24057,-62.981082,-0.787264
166.7210,-24057,-62.981082,-0.787264
166.7310,-24057,-62.981082,-0.787264
166.7410,-24057,-62.981082,-0.787264
166.7510,-24057,-62.981082,-0.787264
166.7610,-24057,-62.981082,-0.787264
166.7710,-24057,-62.981082,-0.787264
166.7810,-24057,-62.981082,-0.787264
166.7910,-24057,-62.981082,-0.787264
166.8010,-24057,-62.981082,-0.787264
166.8110,-24057,-62.981082,-0.787264
166.8210,-24057,-62.981082,-0.787264
166.8310,-24057,-62.981082,-0.787264
166.8410,-24057,-62.981082,-0.787264
166.8510,-24057,-62.981082,-0.787264
166.8610,-24057,-62.981082,-0.787264
166.8710,-24057,-62.981082,-0.787264
166.8810,-24057,-62.981082,-0.787264
166.8910,-24057,-62.981082,-0.787264
166.9010,-24057,-62.981082,-0.787264
166.9110,-24057,-62.981082,-0.787264
166.9210,-24057,-62.981082,-0.787264
166.9310,-24057,-62.981082,-0.787264
166.9410,-24057,-62.981082,-0.787264
166.9510,-24057,-62.981082,-0.787264
166.9610,-24058,-62.983699,-0.787296
166.9710,-24058,-62.983699,-0.787296
166.9810,-24058,-62.983699,-0.787296
166.9910,-24058,-62.983699,-0.787296
167.0010,-24058,-62.983699,-0.787296
167.0110,-24058,-62.983699,-0.787296
167.0210,-24058,-62.983699,-0.787296
167.0310,-24058,-62.983699,-0.787296
167.0410,-24058,-62.983699,-0.787296
167.0510,-24058,-62.983699,-0.787296
167.0610,-24058,-62.983699,-0.787296
167.0710,-24058,-62.983699,-0.787296
167.0810,-24058,-62.983699,-0.787296
167.0910,-24058,-62.983699,-0.787296
167.1010,-24058,-62.983699,-0.787296
167.1110,-24058,-62.983699,-0.787296
167.1210,-24058,-62.983699,-0.787296
167.1320,-24058,-62.983699,-0.787296
167.1410,-24058,-62.983699,-0.787296
167.1510,-24058,-62.983699,-0.787296
167.1610,-24058,-62.983699,-0.787296
167.1710,-24058,-62.983699,-0.787296
167.1810,-24058,-62.983699,-0.787296
167.1910,-24058,-62.983699,-0.787296
167.2010,-24058,-62.983699,-0.787296
167.2110,-24058,-62.983699,-0.787296
167.2210,-24058,-62.983699,-0.787296
167.2310,-24058,-62.983699,-0.787296
167.2410,-24058,-62.983699,-0.787296
167.2510,-24058,-62.983699,-0.787296
167.2610,-24058,-62.983699,-0.787296
167.2710,-24058,-62.983699,-0.787296
167.2810,-24058,-62.983699,-0.787296
167.2910,-24058,-62.983699,-0.787296
167.3010,-24058,-62.983699,-0.787296
167.3110,-24058,-62.983699,-0.787296
167.3210,-24058,-62.983699,-0.787296
167.3310,-24058,-62.983699,-0.787296
167.3410,-24058,-62.983699,-0.787296
167.3510,-24058,-62.983699,-0.787296
167.3610,-24058,-62.983699,-0.787296
167.3710,-24058,-62.983699,-0.787296
167.3810,-24058,-62.983699,-0.787296
167.3910,-24058,-62.983699,-0.787296
167.4010,-24058,-62.983699,-0.787296
167.4110,-24058,-62.983699,-0.787296
167.4210,-24058,-62.983699,-0.787296
167.4310,-24058,-62.983699,-0.787296
167.4410,-24058,-62.983699,-0.787296
167.4510,-24058,-62.983699,-0.787296
167.4610,-24058,-62.983699,-0.787296
167.4710,-24058,-62.983699,-0.787296
167.4810,-24058,-62.983699,-0.787296
167.4910,-24058,-62.983699,-0.787296
167.5010,-24058,-62.983699,-0.787296
167.5110,-24058,-62.983699,-0.787296
167.5210,-24058,-62.983699,-0.787296
167.5310,-24058,-62.983699,-0.787296
167.5410,-24058,-62.983699,-0.787296
167.5510,-24058,-62.983699,-0.787296
167.5610,-24058,-62.983699,-0.787296
167.5710,-24058,-62.983699,-0.787296
167.5810,-24058,-62.983699,-0.787296
167.5910,-24058,-62.983699,-0.787296
167.6010,-24058,-62.983699,-0.787296
167.6110,-24058,-62.983699,-0.787296
167.6210,-24058,-62.983699,-0.787296
167.6310,-24058,-62.983699,-0.787296
167.6410,-24058,-62.983699,-0.787296
167.6510,-24058,-62.983699,-0.787296
167.6610,-24058,-62.983699,-0.787296
167.6710,-24058,-62.983699,-0.787296
167.6810,-24058,-62.983699,-0.787296
167.6910,-24058,-62.983699,-0.787296
167.7010,-24058,-62.983699,-0.787296
167.7110,-24058,-62.983699,-0.787296
167.7210,-24058,-62.983699,-0.787296
167.7310,-24058,-62.983699,-0.787296
167.7410,-24058,-62.983699,-0.787296
167.7510,-24058,-62.983699,-0.787296
167.7610,-24058,-62.983699,-0.787296
167.7720,-24058,-62.983699,-0.787296
167.7810,-24058,-62.983699,-0.787296
167.7910,-24058,-62.983699,-0.787296
167.8010,-24058,-62.983699,-0.787296
167.8110,-24058,-62.983699,-0.787296
167.8210,-24058,-62.983699,-0.787296
167.8310,-24058,-62.983699,-0.787296
167.8410,-24058,-62.983699,-0.787296
167.8510,-24058,-62.983699,-0.787296
167.8610,-24058,-62.983699,-0.787296
167.8710,-24058,-62.983699,-0.787296
167.8810,-24058,-62.983699,-0.787296
167.8910,-24058,-62.983699,-0.787296
167.9010,-24058,-62.983699,-0.787296
167.9110,-24058,-62.983699,-0.787296
167.9210,-24058,-62.983699,-0.787296
167.9310,-24058,-62.983699,-0.787296
167.9410,-24058,-62.983699,-0.787296
167.9510,-24058,-62.983699,-0.787296
167.9610,-24058,-62.983699,-0.787296
167.9710,-24058,-62.983699,-0.787296
167.9810,-24058,-62.983699,-0.787296
167.9910,-24058,-62.983699,-0.787296
168.0010,-24058,-62.983699,-0.787296
168.0110,-24058,-62.983699,-0.787296
168.0210,-24058,-62.983699,-0.787296
168.0310,-24058,-62.983699,-0.787296
168.0410,-24058,-62.983699,-0.787296
168.0510,-24058,-62.983699,-0.787296
168.0610,-24058,-62.983699,-0.787296
168.0710,-24058,-62.983699,-0.787296
168.0810,-24058,-62.983699,-0.787296
168.0910,-24058,-62.983699,-0.787296
168.1010,-24058,-62.983699,-0.787296
168.1110,-24058,-62.983699,-0.787296
168.1210,-24058,-62.983699,-0.787296
168.1310,-24058,-62.983699,-0.787296
168.1410,-24058,-62.983699,-0.787296
168.1510,-24058,-62.983699,-0.787296
168.1610,-24058,-62.983699,-0.787296
168.1710,-24058,-62.983699,-0.787296
168.1810,-24058,-62.983699,-0.787296
168.1910,-24058,-62.983699,-0.787296
168.2010,-24058,-62.983699,-0.787296
168.2110,-24058,-62.983699,-0.787296
168.2210,-24058,-62.983699,-0.787296
168.2310,-24058,-62.983699,-0.787296
168.2410,-24058,-62.983699,-0.787296
168.2510,-24058,-62.983699,-0.787296
168.2610,-24058,-62.983699,-0.787296
168.2710,-24058,-62.983699,-0.787296
168.2810,-24058,-62.983699,-0.787296
168.2910,-24059,-62.986312,-0.787329
168.3010,-24059,-62.986312,-0.787329
168.3110,-24059,-62.986312,-0.787329
168.3210,-24059,-62.986312,-0.787329
168.3310,-24059,-62.986312,-0.787329
168.3410,-24059,-62.986312,-0.787329
168.3510,-24059,-62.986312,-0.787329
168.3610,-24059,-62.986312,-0.787329
168.3710,-24059,-62.986312,-0.787329
168.3810,-24059,-62.986312,-0.787329
168.3910,-24059,-62.986312,-0.787329
168.4010,-24059,-62.986312,-0.787329
168.4120,-24059,-62.986312,-0.787329
168.4210,-24059,-62.986312,-0.787329
168.4310,-24059,-62.986312,-0.787329
168.4410,-24059,-62.986312,-0.787329
168.4510,-24059,-62.986312,-0.787329
168.4610,-24059,-62.986312,-0.787329
168.4710,-24059,-62.986312,-0.787329
168.4810,-24059,-62.986312,-0.787329
168.4910,-24059,-62.986312,-0.787329
168.5010,-24059,-62.986312,-0.787329
168.5110,-24059,-62.986312,-0.787329
168.5210,-24059,-62.986312,-0.787329
168.5310,-24059,-62.986312,-0.787329
168.5410,-24059,-62.986312,-0.787329
168.5510,-24059,-62.986312,-0.787329
168.5610,-24059,-62.986312,-0.787329
168.5710,-24059,-62.986312,-0.787329
168.5810,-24059,-62.986312,-0.787329
168.5910,-24059,-62.986312,-0.787329
168.6010,-24059,-62.986312,-0.787329
168.6110,-24059,-62.986312,-0.787329
168.6210,-24059,-62.986312,-0.787329
168.6310,-24059,-62.986312,-0.787329
168.6410,-24059,-62.986312,-0.787329
168.6510,-24059,-62.986312,-0.787329
168.6610,-24059,-62.986312,-0.787329
168.6710,-24059,-62.986312,-0.787329
168.6810,-24059,-62.986312,-0.787329
168.6910,-24059,-62.986312,-0.787329
168.7010,-24059,-62.986312,-0.787329
168.7110,-24059,-62.986312,-0.787329
168.7210,-24059,-62.986312,-0.787329
168.7310,-24059,-62.986312,-0.787329
168.7410,-24059,-62.986312,-0.787329
168.7510,-24059,-62.986312,-0.787329
168.7610,-24059,-62.986312,-0.787329
168.7710,-24059,-62.986312,-0.787329
168.7810,-24059,-62.986312,-0.787329
168.7910,-24059,-62.986312,-0.787329
168.8010,-24059,-62.986312,-0.787329
168.8110,-24059,-62.986312,-0.787329
168.8210,-24059,-62.986312,-0.787329
168.8310,-24059,-62.986312,-0.787329
168.8410,-24059,-62.986312,-0.787329
168.8510,-24059,-62.986312,-0.787329
168.8610,-24059,-62.986312,-0.787329
168.8710,-24059,-62.986312,-0.787329
168.8810,-24059,-62.986312,-0.787329
168.8910,-24059,-62.986312,-0.787329
168.9010,-24059,-62.986312,-0.787329
168.9110,-24059,-62.986312,-0.787329
168.9210,-24059,-62.986312,-0.787329
168.9310,-24059,-62.986312,-0.787329
168.9410,-24059,-62.986312,-0.787329
168.9510,-24059,-62.986312,-0.787329
168.9610,-24059,-62.986312,-0.787329
168.9710,-24059,-62.986312,-0.787329
168.9810,-24059,-62.986312,-0.787329
168.9910,-24059,-62.986312,-0.787329
169.0010,-24059,-62.986312,-0.787329
169.0110,-24059,-62.986312,-0.787329
169.0210,-24059,-62.986312,-0.787329
169.0310,-24059,-62.986312,-0.787329
169.0410,-24059,-62.986312,-0.787329
169.0520,-24059,-62.986312,-0.787329
169.0610,-24059,-62.986312,-0.787329
169.0710,-24059,-62.986312,-0.787329
169.0810,-24059,-62.986312,-0.787329
169.0910,-24059,-62.986312,-0.787329
169.1010,-24059,-62.986312,-0.787329
169.1110,-24059,-62.986312,-0.787329
169.1210,-24059,-62.986312,-0.787329
169.1310,-24059,-62.986312,-0.787329
169.1410,-24059,-62.986312,-0.787329
169.1510,-24059,-62.986312,-0.787329
169.1610,-24059,-62.986312,-0.787329
169.1710,-24059,-62.986312,-0.787329
169.1810,-24059,-62.986312,-0.787329
169.1910,-24059,-62.986312,-0.787329
169.2010,-24059,-62.986312,-0.787329
169.2110,-24059,-62.986312,-0.787329
169.2210,-24059,-62.986312,-0.787329
169.2310,-24059,-62.986312,-0.787329
169.2410,-24059,-62.986312,-0.787329
169.2510,-24059,-62.986312,-0.787329
169.2610,-24059,-62.986312,-0.787329
169.2710,-24059,-62.986312,-0.787329
169.2810,-24059,-62.986312,-0.787329
169.2910,-24059,-62.986312,-0.787329
169.3010,-24059,-62.986312,-0.787329
169.3110,-24059,-62.986312,-0.787329
169.3210,-24059,-62.986312,-0.787329
169.3310,-24059,-62.986312,-0.787329
169.3410,-24059,-62.986312,-0.787329
169.3510,-24059,-62.986312,-0.787329
169.3610,-24059,-62.986312,-0.787329
169.3710,-24059,-62.986312,-0.787329
169.3810,-24059,-62.986312,-0.787329
169.3910,-24059,-62.986312,-0.787329
169.4010,-24059,-62.986312,-0.787329
169.4110,-24059,-62.986312,-0.787329
169.4210,-24059,-62.986312,-0.787329
169.4310,-24059,-62.986312,-0.787329
169.4410,-24059,-62.986312,-0.787329
169.4510,-24059,-62.986312,-0.787329
169.4610,-24059,-62.986312,-0.787329
169.4710,-24059,-62.986312,-0.787329
169.4810,-24059,-62.986312,-0.787329
169.4910,-24059,-62.986312,-0.787329
169.5010,-24059,-62.986312,-0.787329
169.5110,-24059,-62.986312,-0.787329
169.5210,-24059,-62.986312,-0.787329
169.5310,-24059,-62.986312,-0.787329
169.5410,-24059,-62.986312,-0.787329
169.5510,-24059,-62.986312,-0.787329
169.5610,-24059,-62.986312,-0.787329
169.5710,-24059,-62.986312,-0.787329
169.5810,-24059,-62.986312,-0.787329
169.5910,-24059,-62.986312,-0.787329
169.6010,-24059,-62.986312,-0.787329
169.6110,-24059,-62.986312,-0.787329
169.6210,-24059,-62.986312,-0.787329
169.6310,-24059,-62.986312,-0.787329
169.6410,-24059,-62.986312,-0.787329
169.6510,-24059,-62.986312,-0.787329
169.6610,-24059,-62.986312,-0.787329
169.6710,-24059,-62.986312,-0.787329
169.6810,-24059,-62.986312,-0.787329
169.6920,-24059,-62.986312,-0.787329
169.7010,-24059,-62.986312,-0.787329
169.7110,-24059,-62.986312,-0.787329
169.7210,-24059,-62.986312,-0.787329
169.7310,-24059,-62.986312,-0.787329
169.7410,-24059,-62.986312,-0.787329
169.7510,-24059,-62.986312,-0.787329
169.7610,-24059,-62.986312,-0.787329
169.7710,-24059,-62.986312,-0.787329
169.7810,-24059,-62.986312,-0.787329
169.7910,-24059,-62.986312,-0.787329
169.8010,-24059,-62.986312,-0.787329
169.8110,-24059,-62.986312,-0.787329
169.8210,-24059,-62.986312,-0.787329
169.8310,-24059,-62.986312,-0.787329
169.8410,-24059,-62.986312,-0.787329
169.8510,-24059,-62.986312,-0.787329
169.8610,-24059,-62.986312,-0.787329
169.8710,-24059,-62.986312,-0.787329
169.8810,-24059,-62.986312,-0.787329
169.8910,-24059,-62.986312,-0.787329
169.9010,-24059,-62.986312,-0.787329
169.9110,-24059,-62.986312,-0.787329
169.9210,-24059,-62.986312,-0.787329
169.9310,-24059,-62.986312,-0.787329
169.9410,-24059,-62.986312,-0.787329
169.9510,-24059,-62.986312,-0.787329
169.9610,-24059,-62.986312,-0.787329
169.9710,-24059,-62.986312,-0.787329
169.9810,-24059,-62.986312,-0.787329
169.9910,-24059,-62.986312,-0.787329
170.0010,-24059,-62.986312,-0.787329
170.0110,-24060,-62.988933,-0.787362
170.0210,-24060,-62.988933,-0.787362
170.0310,-24060,-62.988933,-0.787362
170.0410,-24060,-62.988933,-0.787362
170.0510,-24060,-62.988933,-0.787362
170.0610,-24060,-62.988933,-0.787362
170.0710,-24060,-62.988933,-0.787362
170.0810,-24060,-62.988933,-0.787362
170.0910,-24060,-62.988933,-0.787362
170.1010,-24060,-62.988933,-0.787362
170.1110,-24060,-62.988933,-0.787362
170.1210,-24060,-62.988933,-0.787362
170.1310,-24060,-62.988933,-0.787362
170.1410,-24060,-62.988933,-0.787362
170.1510,-24060,-62.988933,-0.787362
170.1610,-24060,-62.988933,-0.787362
170.1710,-24060,-62.988933,-0.787362
170.1810,-24060,-62.988933,-0.787362
170.1910,-24060,-62.988933,-0.787362
170.2010,-24060,-62.988933,-0.787362
170.2110,-24060,-62.988933,-0.787362
170.2210,-24060,-62.988933,-0.787362
170.2310,-24060,-62.988933,-0.787362
170.2410,-24060,-62.988933,-0.787362
170.2510,-24060,-62.988933,-0.787362
170.2610,-24060,-62.988933,-0.787362
170.2710,-24060,-62.988933,-0.787362
170.2810,-24060,-62.988933,-0.787362
170.2910,-24060,-62.988933,-0.787362
170.3010,-24060,-62.988933,-0.787362
170.3110,-24060,-62.988933,-0.787362
170.3210,-24060,-62.988933,-0.787362
170.3320,-24060,-62.988933,-0.787362
170.3410,-24060,-62.988933,-0.787362
170.3510,-24060,-62.988933,-0.787362
170.3610,-24060,-62.988933,-0.787362
170.3710,-24060,-62.988933,-0.787362
170.3810,-24060,-62.988933,-0.787362
170.3910,-24060,-62.988933,-0.787362
170.4010,-24060,-62.988933,-0.787362
170.4110,-24060,-62.988933,-0.787362
170.4210,-24060,-62.988933,-0.787362
170.4310,-24060,-62.988933,-0.787362
170.4410,-24060,-62.988933,-0.787362
170.4510,-24060,-62.988933,-0.787362
170.4610,-24060,-62.988933,-0.787362
170.4710,-24060,-62.988933,-0.787362
170.4810,-24060,-62.988933,-0.787362
170.4910,-24060,-62.988933,-0.787362
170.5010,-24060,-62.988933,-0.787362
170.5110,-24060,-62.988933,-0.787362
170.5210,-24060,-62.988933,-0.787362
170.5310,-24060,-62.988933,-0.787362
170.5410,-24060,-62.988933,-0.787362
170.5510,-24060,-62.988933,-0.787362
170.5610,-24060,-62.988933,-0.787362
170.5710,-24060,-62.988933,-0.787362
170.5810,-24060,-62.988933,-0.787362
170.5910,-24060,-62.988933,-0.787362
170.6010,-24060,-62.988933,-0.787362
170.6110,-24060,-62.988933,-0.787362
170.6210,-24060,-62.988933,-0.787362
170.6310,-24060,-62.988933,-0.787362
170.6410,-24060,-62.988933,-0.787362
170.6510,-24060,-62.988933,-0.787362
170.6610,-24060,-62.988933,-0.787362
170.6710,-24060,-62.988933,-0.787362
170.6810,-24060,-62.988933,-0.787362
170.6910,-24060,-62.988933,-0.787362
170.7010,-24060,-62.988933,-0.787362
170.7110,-24060,-62.988933,-0.787362
170.7210,-24060,-62.988933,-0.787362
170.7310,-24060,-62.988933,-0.787362
170.7410,-24060,-62.988933,-0.787362
170.7510,-24060,-62.988933,-0.787362
170.7610,-24060,-62.988933,-0.787362
170.7710,-24060,-62.988933,-0.787362
170.7810,-24060,-62.988933,-0.787362
170.7910,-24060,-62.988933,-0.787362
170.8010,-24060,-62.988933,-0.787362
170.8110,-24060,-62.988933,-0.787362
170.8210,-24060,-62.988933,-0.787362
170.8310,-24060,-62.988933,-0.787362
170.8410,-24060,-62.988933,-0.787362
170.8510,-24060,-62.988933,-0.787362
170.8610,-24060,-62.988933,-0.787362
170.8710,-24060,-62.988933,-0.787362
170.8810,-24060,-62.988933,-0.787362
170.8910,-24060,-62.988933,-0.787362
170.9010,-24060,-62.988933,-0.787362
170.9110,-24060,-62.988933,-0.787362
170.9210,-24060,-62.988933,-0.787362
170.9310,-24060,-62.988933,-0.787362
170.9410,-24060,-62.988933,-0.787362
170.9510,-24060,-62.988933,-0.787362
170.9610,-24060,-62.988933,-0.787362
170.9720,-24060,-62.988933,-0.787362
170.9810,-24060,-62.988933,-0.787362
170.9910,-24060,-62.988933,-0.787362
171.0010,-24060,-62.988933,-0.787362
171.0110,-24060,-62.988933,-0.787362
171.0210,-24060,-62.988933,-0.787362
171.0310,-24060,-62.988933,-0.787362
171.0410,-24060,-62.988933,-0.787362
171.0510,-24060,-62.988933,-0.787362
171.0610,-24060,-62.988933,-0.787362
171.0710,-24060,-62.988933,-0.787362
171.0810,-24060,-62.988933,-0.787362
171.0910,-24060,-62.988933,-0.787362
171.1010,-24060,-62.988933,-0.787362
171.1110,-24060,-62.988933,-0.787362
171.1210,-24060,-62.988933,-0.787362
171.1310,-24060,-62.988933,-0.787362
171.1410,-24060,-62.988933,-0.787362
171.1510,-24060,-62.988933,-0.787362
171.1610,-24060,-62.988933,-0.787362
171.1710,-24060,-62.988933,-0.787362
171.1810,-24060,-62.988933,-0.787362
171.1910,-24060,-62.988933,-0.787362
171.2010,-24060,-62.988933,-0.787362
171.2110,-24060,-62.988933,-0.787362
171.2210,-24060,-62.988933,-0.787362
171.2310,-24060,-62.988933,-0.787362
171.2410,-24060,-62.988933,-0.787362
171.2510,-24060,-62.988933,-0.787362
171.2610,-24060,-62.988933,-0.787362
171.2710,-24060,-62.988933,-0.787362
171.2810,-24060,-62.988933,-0.787362
171.2910,-24060,-62.988933,-0.787362
171.3010,-24060,-62.988933,-0.787362
171.3110,-24060,-62.988933,-0.787362
171.3210,-24060,-62.988933,-0.787362
171.3310,-24060,-62.988933,-0.787362
171.3410,-24060,-62.988933,-0.787362
171.3510,-24060,-62.988933,-0.787362
171.3610,-24060,-62.988933,-0.787362
171.3710,-24060,-62.988933,-0.787362
171.3810,-24060,-62.988933,-0.787362
171.3910,-24060,-62.988933,-0.787362
171.4010,-24060,-62.988933,-0.787362
171.4110,-24060,-62.988933,-0.787362
171.4210,-24060,-62.988933,-0.787362
171.4310,-24060,-62.988933,-0.787362
171.4410,-24060,-62.988933,-0.787362
171.4510,-24061,-62.991550,-0.787394
171.4610,-24061,-62.991550,-0.787394
171.4710,-24061,-62.991550,-0.787394
171.4810,-24061,-62.991550,-0.787394
171.4910,-24061,-62.991550,-0.787394
171.5010,-24061,-62.991550,-0.787394
171.5110,-24061,-62.991550,-0.787394
171.5210,-24061,-62.991550,-0.787394
171.5310,-24061,-62.991550,-0.787394
171.5410,-24061,-62.991550,-0.787394
171.5510,-24061,-62.991550,-0.787394
171.5610,-24061,-62.991550,-0.787394
171.5710,-24061,-62.991550,-0.787394
171.5810,-24061,-62.991550,-0.787394
171.5910,-24061,-62.991550,-0.787394
171.6010,-24061,-62.991550,-0.787394
171.6120,-24061,-62.991550,-0.787394
171.6210,-24061,-62.991550,-0.787394
171.6310,-24061,-62.991550,-0.787394
171.6410,-24061,-62.991550,-0.787394
171.6510,-24061,-62.991550,-0.787394
171.6610,-24061,-62.991550,-0.787394
171.6710,-24061,-62.991550,-0.787394
171.6810,-24061,-62.991550,-0.787394
171.6910,-24061,-62.991550,-0.787394
171.7010,-24061,-62.991550,-0.787394
171.7110,-24061,-62.991550,-0.787394
171.7210,-24061,-62.991550,-0.787394
171.7310,-24061,-62.991550,-0.787394
171.7410,-24061,-62.991550,-0.787394
171.7510,-24061,-62.991550,-0.787394
171.7610,-24061,-62.991550,-0.787394
171.7710,-24061,-62.991550,-0.787394
171.7810,-24061,-62.991550,-0.787394
171.7910,-24061,-62.991550,-0.787394
171.8010,-24061,-62.991550,-0.787394
171.8110,-24061,-62.991550,-0.787394
171.8210,-24061,-62.991550,-0.787394
171.8310,-24061,-62.991550,-0.787394
171.8410,-24061,-62.991550,-0.787394
171.8510,-24061,-62.991550,-0.787394
171.8610,-24061,-62.991550,-0.787394
171.8710,-24061,-62.991550,-0.787394
171.8810,-24061,-62.991550,-0.787394
171.8910,-24061,-62.991550,-0.787394
171.9010,-24061,-62.991550,-0.787394
171.9110,-24061,-62.991550,-0.787394
171.9210,-24061,-62.991550,-0.787394
171.9310,-24061,-62.991550,-0.787394
171.9410,-24061,-62.991550,-0.787394
171.9510,-24061,-62.991550,-0.787394
171.9610,-24061,-62.991550,-0.787394
171.9710,-24061,-62.991550,-0.787394
171.9810,-24061,-62.991550,-0.787394
171.9910,-24061,-62.991550,-0.787394
172.0010,-24061,-62.991550,-0.787394
172.0110,-24061,-62.991550,-0.787394
172.0210,-24061,-62.991550,-0.787394
172.0310,-24061,-62.991550,-0.787394
172.0410,-24061,-62.991550,-0.787394
172.0510,-24061,-62.991550,-0.787394
172.0610,-24061,-62.991550,-0.787394
172.0710,-24061,-62.991550,-0.787394
172.0810,-24061,-62.991550,-0.787394
172.0910,-24061,-62.991550,-0.787394
172.1010,-24061,-62.991550,-0.787394
172.1110,-24061,-62.991550,-0.787394
172.1210,-24061,-62.991550,-0.787394
172.1310,-24061,-62.991550,-0.787394
172.1410,-24061,-62.991550,-0.787394
172.1510,-24061,-62.991550,-0.787394
172.1610,-24061,-62.991550,-0.787394
172.1710,-24061,-62.991550,-0.787394
172.1810,-24061,-62.991550,-0.787394
172.1910,-24061,-62.991550,-0.787394
172.2010,-24061,-62.991550,-0.787394
172.2110,-24061,-62.991550,-0.787394
172.2210,-24061,-62.991550,-0.787394
172.2310,-24061,-62.991550,-0.787394
172.2410,-24061,-62.991550,-0.787394
172.2520,-24061,-62.991550,-0.787394
172.2610,-24061,-62.991550,-0.787394
172.2710,-24061,-62.991550,-0.787394
172.2810,-24061,-62.991550,-0.787394
172.2910,-24061,-62.991550,-0.787394
172.3010,-24061,-62.991550,-0.787394
172.3110,-24061,-62.991550,-0.787394
172.3210,-24061,-62.991550,-0.787394
172.3310,-24061,-62.991550,-0.787394
172.3410,-24061,-62.991550,-0.787394
172.3510,-24061,-62.991550,-0.787394
172.3610,-24061,-62.991550,-0.787394
172.3710,-24061,-62.991550,-0.787394
172.3810,-24061,-62.991550,-0.787394
172.3910,-24061,-62.991550,-0.787394
172.4010,-24061,-62.991550,-0.787394
172.4110,-24061,-62.991550,-0.787394
172.4210,-24061,-62.991550,-0.787394
172.4310,-24061,-62.991550,-0.787394
172.4410,-24061,-62.991550,-0.787394
172.4510,-24061,-62.991550,-0.787394
172.4610,-24061,-62.991550,-0.787394
172.4710,-24061,-62.991550,-0.787394
172.4810,-24061,-62.991550,-0.787394
172.4910,-24061,-62.991550,-0.787394
172.5010,-24061,-62.991550,-0.787394
172.5110,-24061,-62.991550,-0.787394
172.5210,-24061,-62.991550,-0.787394
172.5310,-24061,-62.991550,-0.787394
172.5410,-24061,-62.991550,-0.787394
172.5510,-24061,-62.991550,-0.787394
172.5610,-24061,-62.991550,-0.787394
172.5710,-24061,-62.991550,-0.787394
172.5810,-24061,-62.991550,-0.787394
172.5910,-24061,-62.991550,-0.787394
172.6010,-24061,-62.991550,-0.787394
172.6110,-24061,-62.991550,-0.787394
172.6210,-24061,-62.991550,-0.787394
172.6310,-24061,-62.991550,-0.787394
172.6410,-24061,-62.991550,-0.787394
172.6510,-24061,-62.991550,-0.787394
172.6610,-24061,-62.991550,-0.787394
172.6710,-24061,-62.991550,-0.787394
172.6810,-24061,-62.991550,-0.787394
172.6910,-24061,-62.991550,-0.787394
172.7010,-24061,-62.991550,-0.787394
172.7110,-24061,-62.991550,-0.787394
172.7210,-24061,-62.991550,-0.787394
172.7310,-24061,-62.991550,-0.787394
172.7410,-24061,-62.991550,-0.787394
172.7510,-24061,-62.991550,-0.787394
172.7610,-24061,-62.991550,-0.787394
172.7710,-24061,-62.991550,-0.787394
172.7810,-24061,-62.991550,-0.787394
172.7910,-24061,-62.991550,-0.787394
172.8010,-24061,-62.991550,-0.787394
172.8110,-24061,-62.991550,-0.787394
172.8210,-24061,-62.991550,-0.787394
172.8310,-24061,-62.991550,-0.787394
172.8410,-24061,-62.991550,-0.787394
172.8510,-24061,-62.991550,-0.787394
172.8610,-24061,-62.991550,-0.787394
172.8710,-24061,-62.991550,-0.787394
172.8810,-24061,-62.991550,-0.787394
172.8920,-24061,-62.991550,-0.787394
172.9010,-24061,-62.991550,-0.787394
172.9110,-24061,-62.991550,-0.787394
172.9210,-24061,-62.991550,-0.787394
172.9310,-24061,-62.991550,-0.787394
172.9410,-24061,-62.991550,-0.787394
172.9510,-24061,-62.991550,-0.787394
172.9610,-24061,-62.991550,-0.787394
172.9710,-24061,-62.991550,-0.787394
172.9810,-24061,-62.991550,-0.787394
172.9910,-24061,-62.991550,-0.787394
173.0010,-24061,-62.991550,-0.787394
173.0110,-24061,-62.991550,-0.787394
173.0210,-24061,-62.991550,-0.787394
173.0310,-24061,-62.991550,-0.787394
173.0410,-24061,-62.991550,-0.787394
173.0510,-24061,-62.991550,-0.787394
173.0610,-24061,-62.991550,-0.787394
173.0710,-24061,-62.991550,-0.787394
173.0810,-24061,-62.991550,-0.787394
173.0910,-24061,-62.991550,-0.787394
173.1010,-24061,-62.991550,-0.787394
173.1110,-24062,-62.994167,-0.787427
173.1210,-24062,-62.994167,-0.787427
173.1310,-24062,-62.994167,-0.787427
173.1410,-24062,-62.994167,-0.787427
173.1510,-24062,-62.994167,-0.787427
173.1610,-24062,-62.994167,-0.787427
173.1710,-24062,-62.994167,-0.787427
173.1810,-24062,-62.994167,-0.787427
173.1910,-24062,-62.994167,-0.787427
173.2010,-24062,-62.994167,-0.787427
173.2110,-24062,-62.994167,-0.787427
173.2210,-24062,-62.994167,-0.787427
173.2310,-24062,-62.994167,-0.787427
173.2410,-24062,-62.994167,-0.787427
173.2510,-24062,-62.994167,-0.787427
173.2610,-24062,-62.994167,-0.787427
173.2710,-24062,-62.994167,-0.787427
173.2810,-24062,-62.994167,-0.787427
173.2910,-24062,-62.994167,-0.787427
173.3010,-24062,-62.994167,-0.787427
173.3110,-24062,-62.994167,-0.787427
173.3210,-24062,-62.994167,-0.787427
173.3310,-24062,-62.994167,-0.787427
173.3410,-24062,-62.994167,-0.787427
173.3510,-24062,-62.994167,-0.787427
173.3610,-24062,-62.994167,-0.787427
173.3710,-24062,-62.994167,-0.787427
173.3810,-24062,-62.994167,-0.787427
173.3910,-24062,-62.994167,-0.787427
173.4010,-24062,-62.994167,-0.787427
173.4110,-24062,-62.994167,-0.787427
173.4210,-24062,-62.994167,-0.787427
173.4310,-24062,-62.994167,-0.787427
173.4410,-24062,-62.994167,-0.787427
173.4510,-24062,-62.994167,-0.787427
173.4610,-24062,-62.994167,-0.787427
173.4710,-24062,-62.994167,-0.787427
173.4810,-24062,-62.994167,-0.787427
173.4910,-24062,-62.994167,-0.787427
173.5010,-24062,-62.994167,-0.787427
173.5110,-24062,-62.994167,-0.787427
173.5210,-24062,-62.994167,-0.787427
173.5320,-24062,-62.994167,-0.787427
173.5410,-24062,-62.994167,-0.787427
173.5510,-24062,-62.994167,-0.787427
173.5610,-24062,-62.994167,-0.787427
173.5710,-24062,-62.994167,-0.787427
173.5810,-24062,-62.994167,-0.787427
173.5910,-24062,-62.994167,-0.787427
173.6010,-24062,-62.994167,-0.787427
173.6110,-24062,-62.994167,-0.787427
173.6210,-24062,-62.994167,-0.787427
173.6310,-24062,-62.994167,-0.787427
173.6410,-24062,-62.994167,-0.787427
173.6510,-24062,-62.994167,-0.787427
173.6610,-24062,-62.994167,-0.787427
173.6710,-24062,-62.994167,-0.787427
173.6810,-24062,-62.994167,-0.787427
173.6910,-24062,-62.994167,-0.787427
173.7010,-24062,-62.994167,-0.787427
173.7110,-24062,-62.994167,-0.787427
173.7210,-24062,-62.994167,-0.787427
173.7310,-24062,-62.994167,-0.787427
173.7410,-24062,-62.994167,-0.787427
173.7510,-24062,-62.994167,-0.787427
173.7610,-24062,-62.994167,-0.787427
173.7710,-24062,-62.994167,-0.787427
173.7810,-24062,-62.994167,-0.787427
173.7910,-24062,-62.994167,-0.787427
173.8010,-24062,-62.994167,-0.787427
173.8110,-24062,-62.994167,-0.787427
173.8210,-24062,-62.994167,-0.787427
173.8310,-24062,-62.994167,-0.787427
173.8410,-24062,-62.994167,-0.787427
173.8510,-24062,-62.994167,-0.787427
173.8610,-24062,-62.994167,-0.787427
173.8710,-24062,-62.994167,-0.787427
173.8810,-24062,-62.994167,-0.787427
173.8910,-24062,-62.994167,-0.787427
173.9010,-24062,-62.994167,-0.787427
173.9110,-24062,-62.994167,-0.787427
173.9210,-24062,-62.994167,-0.787427
173.9310,-24062,-62.994167,-0.787427
173.9410,-24062,-62.994167,-0.787427
173.9510,-24062,-62.994167,-0.787427
173.9610,-24062,-62.994167,-0.787427
173.9710,-24062,-62.994167,-0.787427
173.9810,-24062,-62.994167,-0.787427
173.9910,-24062,-62.994167,-0.787427
174.0010,-24062,-62.994167,-0.787427
174.0110,-24062,-62.994167,-0.787427
174.0210,-24062,-62.994167,-0.787427
174.0310,-24062,-62.994167,-0.787427
174.0410,-24062,-62.994167,-0.787427
174.0510,-24062,-62.994167,-0.787427
174.0610,-24062,-62.994167,-0.787427
174.0710,-24062,-62.994167,-0.787427
174.0810,-24062,-62.994167,-0.787427
174.0910,-24062,-62.994167,-0.787427
174.1010,-24062,-62.994167,-0.787427
174.1110,-24062,-62.994167,-0.787427
174.1210,-24062,-62.994167,-0.787427
174.1310,-24062,-62.994167,-0.787427
174.1410,-24062,-62.994167,-0.787427
174.1510,-24062,-62.994167,-0.787427
174.1610,-24062,-62.994167,-0.787427
174.1720,-24062,-62.994167,-0.787427
174.1810,-24062,-62.994167,-0.787427
174.1910,-24062,-62.994167,-0.787427
174.2010,-24062,-62.994167,-0.787427
174.2110,-24062,-62.994167,-0.787427
174.2210,-24062,-62.994167,-0.787427
174.2310,-24062,-62.994167,-0.787427
174.2410,-24062,-62.994167,-0.787427
174.2510,-24062,-62.994167,-0.787427
174.2610,-24062,-62.994167,-0.787427
174.2710,-24062,-62.994167,-0.787427
174.2810,-24062,-62.994167,-0.787427
174.2910,-24062,-62.994167,-0.787427
174.3010,-24062,-62.994167,-0.787427
174.3110,-24062,-62.994167,-0.787427
174.3210,-24062,-62.994167,-0.787427
174.3310,-24062,-62.994167,-0.787427
174.3410,-24062,-62.994167,-0.787427
174.3510,-24062,-62.994167,-0.787427
174.3610,-24062,-62.994167,-0.787427
174.3710,-24062,-62.994167,-0.787427
174.3810,-24062,-62.994167,-0.787427
174.3910,-24062,-62.994167,-0.787427
174.4010,-24062,-62.994167,-0.787427
174.4110,-24062,-62.994167,-0.787427
174.4210,-24062,-62.994167,-0.787427
174.4310,-24062,-62.994167,-0.787427
174.4410,-24062,-62.994167,-0.787427
174.4510,-24062,-62.994167,-0.787427
174.4610,-24062,-62.994167,-0.787427
174.4710,-24062,-62.994167,-0.787427
174.4810,-24062,-62.994167,-0.787427
174.4910,-24062,-62.994167,-0.787427
174.5010,-24062,-62.994167,-0.787427
174.5110,-24062,-62.994167,-0.787427
174.5210,-24062,-62.994167,-0.787427
174.5310,-24062,-62.994167,-0.787427
174.5410,-24062,-62.994167,-0.787427
174.5510,-24062,-62.994167,-0.787427
174.5610,-24062,-62.994167,-0.787427
174.5710,-24062,-62.994167,-0.787427
174.5810,-24062,-62.994167,-0.787427
174.5910,-24062,-62.994167,-0.787427
174.6010,-24062,-62.994167,-0.787427
174.6110,-24062,-62.994167,-0.787427
174.6210,-24062,-62.994167,-0.787427
174.6310,-24062,-62.994167,-0.787427
174.6410,-24062,-62.994167,-0.787427
174.6510,-24062,-62.994167,-0.787427
174.6610,-24062,-62.994167,-0.787427
174.6710,-24062,-62.994167,-0.787427
174.6810,-24062,-62.994167,-0.787427
174.6910,-24062,-62.994167,-0.787427
174.7010,-24062,-62.994167,-0.787427
174.7110,-24062,-62.994167,-0.787427
174.7210,-24062,-62.994167,-0.787427
174.7310,-24063,-62.996788,-0.787460
174.7410,-24063,-62.996788,-0.787460
174.7510,-24063,-62.996788,-0.787460
174.7610,-24063,-62.996788,-0.787460
174.7710,-24063,-62.996788,-0.787460
174.7810,-24063,-62.996788,-0.787460
174.7910,-24063,-62.996788,-0.787460
174.8010,-24063,-62.996788,-0.787460
174.8120,-24063,-62.996788,-0.787460
174.8210,-24063,-62.996788,-0.787460
174.8310,-24063,-62.996788,-0.787460
174.8410,-24063,-62.996788,-0.787460
174.8510,-24063,-62.996788,-0.787460
174.8610,-24063,-62.996788,-0.787460
174.8710,-24063,-62.996788,-0.787460
174.8810,-24063,-62.996788,-0.787460
174.8910,-24063,-62.996788,-0.787460
174.9010,-24063,-62.996788,-0.787460
174.9110,-24063,-62.996788,-0.787460
174.9210,-24063,-62.996788,-0.787460
174.9310,-24063,-62.996788,-0.787460
174.9410,-24063,-62.996788,-0.787460
174.9510,-24063,-62.996788,-0.787460
174.9610,-24063,-62.996788,-0.787460
174.9710,-24063,-62.996788,-0.787460
174.9810,-24063,-62.996788,-0.787460
174.9910,-24063,-62.996788,-0.787460
175.0010,-24063,-62.996788,-0.787460
175.0110,-24063,-62.996788,-0.787460
175.0210,-24063,-62.996788,-0.787460
175.0310,-24063,-62.996788,-0.787460
175.0410,-24063,-62.996788,-0.787460
175.0510,-24063,-62.996788,-0.787460
175.0610,-24063,-62.996788,-0.787460
175.0710,-24063,-62.996788,-0.787460
175.0810,-24063,-62.996788,-0.787460
175.0910,-24063,-62.996788,-0.787460
175.1010,-24063,-62.996788,-0.787460
175.1110,-24063,-62.996788,-0.787460
175.1210,-24063,-62.996788,-0.787460
175.1310,-24063,-62.996788,-0.787460
175.1410,-24063,-62.996788,-0.787460
175.1510,-24063,-62.996788,-0.787460
175.1610,-24063,-62.996788,-0.787460
175.1710,-24063,-62.996788,-0.787460
175.1810,-24063,-62.996788,-0.787460
175.1910,-24063,-62.996788,-0.787460
175.2010,-24063,-62.996788,-0.787460
175.2110,-24063,-62.996788,-0.787460
175.2210,-24063,-62.996788,-0.787460
175.2310,-24063,-62.996788,-0.787460
175.2410,-24063,-62.996788,-0.787460
175.2510,-24063,-62.996788,-0.787460
175.2610,-24063,-62.996788,-0.787460
175.2710,-24063,-62.996788,-0.787460
175.2810,-24063,-62.996788,-0.787460
175.2910,-24063,-62.996788,-0.787460
175.3010,-24063,-62.996788,-0.787460
175.3110,-24063,-62.996788,-0.787460
175.3210,-24063,-62.996788,-0.787460
175.3310,-24063,-62.996788,-0.787460
175.3410,-24063,-62.996788,-0.787460
175.3510,-24063,-62.996788,-0.787460
175.3610,-24063,-62.996788,-0.787460
175.3710,-24063,-62.996788,-0.787460
175.3810,-24063,-62.996788,-0.787460
175.3910,-24063,-62.996788,-0.787460
175.4010,-24063,-62.996788,-0.787460
175.4110,-24063,-62.996788,-0.787460
175.4210,-24063,-62.996788,-0.787460
175.4310,-24063,-62.996788,-0.787460
175.4410,-24063,-62.996788,-0.787460
175.4520,-24063,-62.996788,-0.787460
175.4610,-24063,-62.996788,-0.787460
175.4710,-24063,-62.996788,-0.787460
175.4810,-24063,-62.996788,-0.787460
175.4910,-24063,-62.996788,-0.787460
175.5010,-24063,-62.996788,-0.787460
175.5110,-24063,-62.996788,-0.787460
175.5210,-24063,-62.996788,-0.787460
175.5310,-24063,-62.996788,-0.787460
175.5410,-24063,-62.996788,-0.787460
175.5510,-24063,-62.996788,-0.787460
175.5610,-24063,-62.996788,-0.787460
175.5710,-24063,-62.996788,-0.787460
175.5810,-24063,-62.996788,-0.787460
175.5910,-24063,-62.996788,-0.787460
175.6010,-24063,-62.996788,-0.787460
175.6110,-24063,-62.996788,-0.787460
175.6210,-24063,-62.996788,-0.787460
175.6310,-24063,-62.996788,-0.787460
175.6410,-24063,-62.996788,-0.787460
175.6510,-24063,-62.996788,-0.787460
175.6610,-24063,-62.996788,-0.787460
175.6710,-24063,-62.996788,-0.787460
175.6810,-24063,-62.996788,-0.787460
175.6910,-24063,-62.996788,-0.787460
175.7010,-24063,-62.996788,-0.787460
175.7110,-24063,-62.996788,-0.787460
175.7210,-24063,-62.996788,-0.787460
175.7310,-24063,-62.996788,-0.787460
175.7410,-24063,-62.996788,-0.787460
175.7510,-24063,-62.996788,-0.787460
175.7610,-24063,-62.996788,-0.787460
175.7710,-24063,-62.996788,-0.787460
175.7810,-24063,-62.996788,-0.787460
175.7910,-24063,-62.996788,-0.787460
175.8010,-24063,-62.996788,-0.787460
175.8110,-24063,-62.996788,-0.787460
175.8210,-24063,-62.996788,-0.787460
175.8310,-24063,-62.996788,-0.787460
175.8410,-24063,-62.996788,-0.787460
175.8510,-24063,-62.996788,-0.787460
175.8610,-24063,-62.996788,-0.787460
175.8710,-24063,-62.996788,-0.787460
175.8810,-24063,-62.996788,-0.787460
175.8910,-24063,-62.996788,-0.787460
175.9010,-24063,-62.996788,-0.787460
175.9110,-24063,-62.996788,-0.787460
175.9210,-24063,-62.996788,-0.787460
175.9310,-24063,-62.996788,-0.787460
175.9410,-24063,-62.996788,-0.787460
175.9510,-24063,-62.996788,-0.787460
175.9610,-24063,-62.996788,-0.787460
175.9710,-24063,-62.996788,-0.787460
175.9810,-24063,-62.996788,-0.787460
175.9910,-24063,-62.996788,-0.787460
176.0010,-24063,-62.996788,-0.787460
176.0110,-24063,-62.996788,-0.787460
176.0210,-24063,-62.996788,-0.787460
176.0310,-24063,-62.996788,-0.787460
176.0410,-24063,-62.996788,-0.787460
176.0510,-24063,-62.996788,-0.787460
176.0610,-24063,-62.996788,-0.787460
176.0710,-24063,-62.996788,-0.787460
176.0810,-24063,-62.996788,-0.787460
176.0920,-24063,-62.996788,-0.787460
176.1010,-24063,-62.996788,-0.787460
176.1110,-24063,-62.996788,-0.787460
176.1210,-24063,-62.996788,-0.787460
176.1310,-24063,-62.996788,-0.787460
176.1410,-24063,-62.996788,-0.787460
176.1510,-24063,-62.996788,-0.787460
176.1610,-24063,-62.996788,-0.787460
176.1710,-24063,-62.996788,-0.787460
176.1810,-24063,-62.996788,-0.787460
176.1910,-24063,-62.996788,-0.787460
176.2010,-24063,-62.996788,-0.787460
176.2110,-24063,-62.996788,-0.787460
176.2210,-24063,-62.996788,-0.787460
176.2310,-24063,-62.996788,-0.787460
176.2410,-24063,-62.996788,-0.787460
176.2510,-24063,-62.996788,-0.787460
176.2610,-24063,-62.996788,-0.787460
176.2710,-24063,-62.996788,-0.787460
176.2810,-24063,-62.996788,-0.787460
176.2910,-24063,-62.996788,-0.787460
176.3010,-24063,-62.996788,-0.787460
176.3110,-24063,-62.996788,-0.787460
176.3210,-24063,-62.996788,-0.787460
176.3310,-24063,-62.996788,-0.787460
176.3410,-24063,-62.996788,-0.787460
176.3510,-24063,-62.996788,-0.787460
176.3610,-24063,-62.996788,-0.787460
176.3710,-24063,-62.996788,-0.787460
176.3810,-24063,-62.996788,-0.787460
176.3910,-24063,-62.996788,-0.787460
176.4010,-24063,-62.996788,-0.787460
176.4110,-24063,-62.996788,-0.787460
176.4210,-24063,-62.996788,-0.787460
176.4310,-24063,-62.996788,-0.787460
176.4410,-24063,-62.996788,-0.787460
176.4510,-24063,-62.996788,-0.787460
176.4610,-24063,-62.996788,-0.787460
176.4710,-24063,-62.996788,-0.787460
176.4810,-24063,-62.996788,-0.787460
176.4910,-24063,-62.996788,-0.787460
176.5010,-24063,-62.996788,-0.787460
176.5110,-24063,-62.996788,-0.787460
176.5210,-24063,-62.996788,-0.787460
176.5310,-24063,-62.996788,-0.787460
176.5410,-24063,-62.996788,-0.787460
176.5510,-24063,-62.996788,-0.787460
176.5610,-24063,-62.996788,-0.787460
176.5710,-24063,-62.996788,-0.787460
176.5810,-24063,-62.996788,-0.787460
176.5910,-24063,-62.996788,-0.787460
176.6010,-24063,-62.996788,-0.787460
176.6110,-24063,-62.996788,-0.787460
176.6210,-24063,-62.996788,-0.787460
176.6310,-24063,-62.996788,-0.787460
176.6410,-24063,-62.996788,-0.787460
176.6510,-24063,-62.996788,-0.787460
176.6610,-24063,-62.996788,-0.787460
176.6710,-24063,-62.996788,-0.787460
176.6810,-24063,-62.996788,-0.787460
176.6910,-24063,-62.996788,-0.787460
176.7010,-24063,-62.996788,-0.787460
176.7110,-24063,-62.996788,-0.787460
176.7210,-24063,-62.996788,-0.787460
176.7320,-24063,-62.996788,-0.787460
176.7410,-24063,-62.996788,-0.787460
176.7510,-24063,-62.996788,-0.787460
176.7610,-24063,-62.996788,-0.787460
176.7710,-24063,-62.996788,-0.787460
176.7810,-24063,-62.996788,-0.787460
176.7910,-24063,-62.996788,-0.787460
176.8010,-24063,-62.996788,-0.787460
176.8110,-24063,-62.996788,-0.787460
176.8210,-24063,-62.996788,-0.787460
176.8310,-24063,-62.996788,-0.787460
176.8410,-24063,-62.996788,-0.787460
176.8510,-24063,-62.996788,-0.787460
176.8610,-24063,-62.996788,-0.787460
176.8710,-24063,-62.996788,-0.787460
176.8810,-24063,-62.996788,-0.787460
176.8910,-24063,-62.996788,-0.787460
176.9010,-24063,-62.996788,-0.787460
176.9110,-24063,-62.996788,-0.787460
176.9210,-24063,-62.996788,-0.787460
176.9310,-24063,-62.996788,-0.787460
176.9410,-24063,-62.996788,-0.787460
176.9510,-24063,-62.996788,-0.787460
176.9610,-24063,-62.996788,-0.787460
176.9710,-24063,-62.996788,-0.787460
176.9810,-24063,-62.996788,-0.787460
176.9910,-24063,-62.996788,-0.787460
177.0010,-24063,-62.996788,-0.787460
177.0110,-24063,-62.996788,-0.787460
177.0210,-24063,-62.996788,-0.787460
177.0310,-24063,-62.996788,-0.787460
177.0410,-24063,-62.996788,-0.787460
177.0510,-24063,-62.996788,-0.787460
177.0610,-24064,-62.999404,-0.787493
177.0710,-24064,-62.999404,-0.787493
177.0810,-24064,-62.999404,-0.787493
177.0910,-24064,-62.999404,-0.787493
177.1010,-24064,-62.999404,-0.787493
177.1110,-24064,-62.999404,-0.787493
177.1210,-24064,-62.999404,-0.787493
177.1310,-24064,-62.999404,-0.787493
177.1410,-24064,-62.999404,-0.787493
177.1510,-24064,-62.999404,-0.787493
177.1610,-24064,-62.999404,-0.787493
177.1710,-24064,-62.999404,-0.787493
177.1810,-24064,-62.999404,-0.787493
177.1910,-24064,-62.999404,-0.787493
177.2010,-24064,-62.999404,-0.787493
177.2110,-24064,-62.999404,-0.787493
177.2210,-24064,-62.999404,-0.787493
177.2310,-24064,-62.999404,-0.787493
177.2410,-24064,-62.999404,-0.787493
177.2510,-24064,-62.999404,-0.787493
177.2610,-24064,-62.999404,-0.787493
177.2710,-24064,-62.999404,-0.787493
177.2810,-24064,-62.999404,-0.787493
177.2910,-24064,-62.999404,-0.787493
177.3010,-24064,-62.999404,-0.787493
177.3110,-24064,-62.999404,-0.787493
177.3210,-24064,-62.999404,-0.787493
177.3310,-24064,-62.999404,-0.787493
177.3410,-24064,-62.999404,-0.787493
177.3510,-24064,-62.999404,-0.787493
177.3610,-24064,-62.999404,-0.787493
177.3720,-24064,-62.999404,-0.787493
177.3810,-24064,-62.999404,-0.787493
177.3910,-24064,-62.999404,-0.787493
177.4010,-24064,-62.999404,-0.787493
177.4110,-24064,-62.999404,-0.787493
177.4210,-24064,-62.999404,-0.787493
177.4310,-24064,-62.999404,-0.787493
177.4410,-24064,-62.999404,-0.787493
177.4510,-24064,-62.999404,-0.787493
177.4610,-24064,-62.999404,-0.787493
177.4710,-24064,-62.999404,-0.787493
177.4810,-24064,-62.999404,-0.787493
177.4910,-24064,-62.999404,-0.787493
177.5010,-24064,-62.999404,-0.787493
177.5110,-24064,-62.999404,-0.787493
177.5210,-24064,-62.999404,-0.787493
177.5310,-24064,-62.999404,-0.787493
177.5410,-24064,-62.999404,-0.787493
177.5510,-24064,-62.999404,-0.787493
177.5610,-24064,-62.999404,-0.787493
177.5710,-24064,-62.999404,-0.787493
177.5810,-24064,-62.999404,-0.787493
177.5910,-24064,-62.999404,-0.787493
177.6010,-24064,-62.999404,-0.787493
177.6110,-24064,-62.999404,-0.787493
177.6210,-24064,-62.999404,-0.787493
177.6310,-24064,-62.999404,-0.787493
177.6410,-24064,-62.999404,-0.787493
177.6510,-24064,-62.999404,-0.787493
177.6610,-24064,-62.999404,-0.787493
177.6710,-24064,-62.999404,-0.787493
177.6810,-24064,-62.999404,-0.787493
177.6910,-24064,-62.999404,-0.787493
177.7010,-24064,-62.999404,-0.787493
177.7110,-24064,-62.999404,-0.787493
177.7210,-24064,-62.999404,-0.787493
177.7310,-24064,-62.999404,-0.787493
177.7410,-24064,-62.999404,-0.787493
177.7510,-24064,-62.999404,-0.787493
177.7610,-24064,-62.999404,-0.787493
177.7710,-24064,-62.999404,-0.787493
177.7810,-24064,-62.999404,-0.787493
177.7910,-24064,-62.999404,-0.787493
177.8010,-24064,-62.999404,-0.787493
177.8110,-24064,-62.999404,-0.787493
177.8210,-24064,-62.999404,-0.787493
177.8310,-24064,-62.999404,-0.787493
177.8410,-24064,-62.999404,-0.787493
177.8510,-24064,-62.999404,-0.787493
177.8610,-24064,-62.999404,-0.787493
177.8710,-24064,-62.999404,-0.787493
177.8810,-24064,-62.999404,-0.787493
177.8910,-24064,-62.999404,-0.787493
177.9010,-24064,-62.999404,-0.787493
177.9110,-24064,-62.999404,-0.787493
177.9210,-24064,-62.999404,-0.787493
177.9310,-24064,-62.999404,-0.787493
177.9410,-24064,-62.999404,-0.787493
177.9510,-24064,-62.999404,-0.787493
177.9610,-24064,-62.999404,-0.787493
177.9710,-24064,-62.999404,-0.787493
177.9810,-24064,-62.999404,-0.787493
177.9910,-24064,-62.999404,-0.787493
178.0010,-24064,-62.999404,-0.787493
178.0120,-24064,-62.999404,-0.787493
178.0210,-24064,-62.999404,-0.787493
178.0310,-24064,-62.999404,-0.787493
178.0410,-24064,-62.999404,-0.787493
178.0510,-24064,-62.999404,-0.787493
178.0610,-24064,-62.999404,-0.787493
178.0710,-24064,-62.999404,-0.787493
178.0810,-24064,-62.999404,-0.787493
178.0910,-24064,-62.999404,-0.787493
178.1010,-24064,-62.999404,-0.787493
178.1110,-24064,-62.999404,-0.787493
178.1210,-24064,-62.999404,-0.787493
178.1310,-24064,-62.999404,-0.787493
178.1410,-24064,-62.999404,-0.787493
178.1510,-24064,-62.999404,-0.787493
178.1610,-24064,-62.999404,-0.787493
178.1710,-24064,-62.999404,-0.787493
178.1810,-24064,-62.999404,-0.787493
178.1910,-24064,-62.999404,-0.787493
178.2010,-24064,-62.999404,-0.787493
178.2110,-24064,-62.999404,-0.787493
178.2210,-24064,-62.999404,-0.787493
178.2310,-24064,-62.999404,-0.787493
178.2410,-24064,-62.999404,-0.787493
178.2510,-24064,-62.999404,-0.787493
178.2610,-24064,-62.999404,-0.787493
178.2710,-24064,-62.999404,-0.787493
178.2810,-24064,-62.999404,-0.787493
178.2910,-24064,-62.999404,-0.787493
178.3010,-24064,-62.999404,-0.787493
178.3110,-24064,-62.999404,-0.787493
178.3210,-24064,-62.999404,-0.787493
178.3310,-24064,-62.999404,-0.787493
178.3410,-24064,-62.999404,-0.787493
178.3510,-24064,-62.999404,-0.787493
178.3610,-24064,-62.999404,-0.787493
178.3710,-24064,-62.999404,-0.787493
178.3810,-24064,-62.999404,-0.787493
178.3910,-24064,-62.999404,-0.787493
178.4010,-24064,-62.999404,-0.787493
178.4110,-24064,-62.999404,-0.787493
178.4210,-24064,-62.999404,-0.787493
178.4310,-24064,-62.999404,-0.787493
178.4410,-24064,-62.999404,-0.787493
178.4510,-24064,-62.999404,-0.787493
178.4610,-24064,-62.999404,-0.787493
178.4710,-24065,-63.002025,-0.787525
178.4810,-24065,-63.002025,-0.787525
178.4910,-24065,-63.002025,-0.787525
178.5010,-24065,-63.002025,-0.787525
178.5110,-24065,-63.002025,-0.787525
178.5210,-24065,-63.002025,-0.787525
178.5310,-24065,-63.002025,-0.787525
178.5410,-24065,-63.002025,-0.787525
178.5510,-24065,-63.002025,-0.787525
178.5610,-24065,-63.002025,-0.787525
178.5710,-24065,-63.002025,-0.787525
178.5810,-24065,-63.002025,-0.787525
178.5910,-24065,-63.002025,-0.787525
178.6010,-24065,-63.002025,-0.787525
178.6110,-24065,-63.002025,-0.787525
178.6210,-24065,-63.002025,-0.787525
178.6310,-24065,-63.002025,-0.787525
178.6410,-24065,-63.002025,-0.787525
178.6520,-24065,-63.002025,-0.787525
178.6610,-24065,-63.002025,-0.787525
178.6710,-24065,-63.002025,-0.787525
178.6810,-24065,-63.002025,-0.787525
178.6910,-24065,-63.002025,-0.787525
178.7010,-24065,-63.002025,-0.787525
178.7110,-24065,-63.002025,-0.787525
178.7210,-24065,-63.002025,-0.787525
178.7310,-24065,-63.002025,-0.787525
178.7410,-24065,-63.002025,-0.787525
178.7510,-24065,-63.002025,-0.787525
178.7610,-24065,-63.002025,-0.787525
178.7710,-24065,-63.002025,-0.787525
178.7810,-24065,-63.002025,-0.787525
178.7910,-24065,-63.002025,-0.787525
178.8010,-24065,-63.002025,-0.787525
178.8110,-24065,-63.002025,-0.787525
178.8210,-24065,-63.002025,-0.787525
178.8310,-24065,-63.002025,-0.787525
178.8410,-24065,-63.002025,-0.787525
178.8510,-24065,-63.002025,-0.787525
178.8610,-24065,-63.002025,-0.787525
178.8710,-24065,-63.002025,-0.787525
178.8810,-24065,-63.002025,-0.787525
178.8910,-24065,-63.002025,-0.787525
178.9010,-24065,-63.002025,-0.787525
178.9110,-24065,-63.002025,-0.787525
178.9210,-24065,-63.002025,-0.787525
178.9310,-24065,-63.002025,-0.787525
178.9410,-24065,-63.002025,-0.787525
178.9510,-24065,-63.002025,-0.787525
178.9610,-24065,-63.002025,-0.787525
178.9710,-24065,-63.002025,-0.787525
178.9810,-24065,-63.002025,-0.787525
178.9910,-24065,-63.002025,-0.787525
179.0010,-24065,-63.002025,-0.787525
179.0110,-24065,-63.002025,-0.787525
179.0210,-24065,-63.002025,-0.787525
179.0310,-24065,-63.002025,-0.787525
179.0410,-24065,-63.002025,-0.787525
179.0510,-24065,-63.002025,-0.787525
179.0610,-24065,-63.002025,-0.787525
179.0710,-24065,-63.002025,-0.787525
179.0810,-24065,-63.002025,-0.787525
179.0910,-24065,-63.002025,-0.787525
179.1010,-24065,-63.002025,-0.787525
179.1110,-24065,-63.002025,-0.787525
179.1210,-24065,-63.002025,-0.787525
179.1310,-24065,-63.002025,-0.787525
179.1410,-24065,-63.002025,-0.787525
179.1510,-24065,-63.002025,-0.787525
179.1610,-24065,-63.002025,-0.787525
179.1710,-24065,-63.002025,-0.787525
179.1810,-24065,-63.002025,-0.787525
179.1910,-24065,-63.002025,-0.787525
179.2010,-24065,-63.002025,-0.787525
179.2110,-24065,-63.002025,-0.787525
179.2210,-24065,-63.002025,-0.787525
179.2310,-24065,-63.002025,-0.787525
179.2410,-24065,-63.002025,-0.787525
179.2510,-24065,-63.002025,-0.787525
179.2610,-24065,-63.002025,-0.787525
179.2710,-24065,-63.002025,-0.787525
179.2810,-24065,-63.002025,-0.787525
179.2920,-24065,-63.002025,-0.787525
179.3010,-24065,-63.002025,-0.787525
179.3110,-24065,-63.002025,-0.787525
179.3210,-24065,-63.002025,-0.787525
179.3310,-24065,-63.002025,-0.787525
179.3410,-24065,-63.002025,-0.787525
179.3510,-24065,-63.002025,-0.787525
179.3610,-24065,-63.002025,-0.787525
179.3710,-24065,-63.002025,-0.787525
179.3810,-24065,-63.002025,-0.787525
179.3910,-24065,-63.002025,-0.787525
179.4010,-24065,-63.002025,-0.787525
179.4110,-24065,-63.002025,-0.787525
179.4210,-24065,-63.002025,-0.787525
179.4310,-24065,-63.002025,-0.787525
179.4410,-24065,-63.002025,-0.787525
179.4510,-24065,-63.002025,-0.787525
179.4610,-24065,-63.002025,-0.787525
179.4710,-24065,-63.002025,-0.787525
179.4810,-24065,-63.002025,-0.787525
179.4910,-24065,-63.002025,-0.787525
179.5010,-24065,-63.002025,-0.787525
179.5110,-24065,-63.002025,-0.787525
179.5210,-24065,-63.002025,-0.787525
179.5310,-24065,-63.002025,-0.787525
179.5410,-24065,-63.002025,-0.787525
179.5510,-24065,-63.002025,-0.787525
179.5610,-24065,-63.002025,-0.787525
179.5710,-24065,-63.002025,-0.787525
179.5810,-24065,-63.002025,-0.787525
179.5910,-24065,-63.002025,-0.787525
179.6010,-24065,-63.002025,-0.787525
179.6110,-24065,-63.002025,-0.787525
179.6210,-24065,-63.002025,-0.787525
179.6310,-24065,-63.002025,-0.787525
179.6410,-24065,-63.002025,-0.787525
179.6510,-24065,-63.002025,-0.787525
179.6610,-24065,-63.002025,-0.787525
179.6710,-24065,-63.002025,-0.787525
179.6810,-24065,-63.002025,-0.787525
179.6910,-24065,-63.002025,-0.787525
179.7010,-24065,-63.002025,-0.787525
179.7110,-24065,-63.002025,-0.787525
179.7210,-24065,-63.002025,-0.787525
179.7310,-24065,-63.002025,-0.787525
179.7410,-24065,-63.002025,-0.787525
179.7510,-24065,-63.002025,-0.787525
179.7610,-24065,-63.002025,-0.787525
179.7710,-24065,-63.002025,-0.787525
179.7810,-24065,-63.002025,-0.787525
179.7910,-24065,-63.002025,-0.787525
179.8010,-24065,-63.002025,-0.787525
179.8110,-24065,-63.002025,-0.787525
179.8210,-24065,-63.002025,-0.787525
179.8310,-24065,-63.002025,-0.787525
179.8410,-24065,-63.002025,-0.787525
179.8510,-24065,-63.002025,-0.787525
179.8610,-24065,-63.002025,-0.787525
179.8710,-24065,-63.002025,-0.787525
179.8810,-24065,-63.002025,-0.787525
179.8910,-24065,-63.002025,-0.787525
179.9010,-24065,-63.002025,-0.787525
179.9110,-24065,-63.002025,-0.787525
179.9210,-24065,-63.002025,-0.787525
179.9320,-24065,-63.002025,-0.787525
179.9410,-24065,-63.002025,-0.787525
179.9510,-24065,-63.002025,-0.787525
179.9610,-24065,-63.002025,-0.787525
179.9710,-24065,-63.002025,-0.787525
179.9810,-24065,-63.002025,-0.787525
179.9910,-24065,-63.002025,-0.787525
180.0010,-24065,-63.002025,-0.787525
180.0110,-24065,-63.002025,-0.787525
180.0210,-24065,-63.002025,-0.787525
180.0310,-24065,-63.002025,-0.787525
180.0410,-24065,-63.002025,-0.787525
180.0510,-24065,-63.002025,-0.787525
180.0610,-24065,-63.002025,-0.787525
180.0710,-24065,-63.002025,-0.787525
180.0810,-24065,-63.002025,-0.787525
180.0910,-24065,-63.002025,-0.787525
180.1010,-24065,-63.002025,-0.787525
180.1110,-24065,-63.002025,-0.787525
180.1210,-24065,-63.002025,-0.787525
180.1310,-24065,-63.002025,-0.787525
180.1410,-24065,-63.002025,-0.787525
180.1510,-24065,-63.002025,-0.787525
180.1610,-24065,-63.002025,-0.787525
180.1710,-24065,-63.002025,-0.787525
180.1810,-24065,-63.002025,-0.787525
180.1910,-24065,-63.002025,-0.787525
180.2010,-24065,-63.002025,-0.787525
180.2110,-24065,-63.002025,-0.787525
180.2210,-24065,-63.002025,-0.787525
180.2310,-24065,-63.002025,-0.787525
180.2410,-24065,-63.002025,-0.787525
180.2510,-24065,-63.002025,-0.787525
180.2610,-24065,-63.002025,-0.787525
180.2710,-24065,-63.002025,-0.787525
180.2810,-24065,-63.002025,-0.787525
180.2910,-24065,-63.002025,-0.787525
180.3010,-24066,-63.004642,-0.787558
180.3110,-24066,-63.004642,-0.787558
180.3210,-24066,-63.004642,-0.787558
180.3310,-24066,-63.004642,-0.787558
180.3410,-24066,-63.004642,-0.787558
180.3510,-24066,-63.004642,-0.787558
180.3610,-24066,-63.004642,-0.787558
180.3710,-24066,-63.004642,-0.787558
180.3810,-24066,-63.004642,-0.787558
180.3910,-24066,-63.004642,-0.787558
180.4010,-24066,-63.004642,-0.787558
180.4110,-24066,-63.004642,-0.787558
180.4210,-24066,-63.004642,-0.787558
180.4310,-24066,-63.004642,-0.787558
180.4410,-24066,-63.004642,-0.787558
180.4510,-24066,-63.004642,-0.787558
180.4610,-24066,-63.004642,-0.787558
180.4710,-24066,-63.004642,-0.787558
180.4810,-24066,-63.004642,-0.787558
180.4910,-24066,-63.004642,-0.787558
180.5010,-24066,-63.004642,-0.787558
180.5110,-24066,-63.004642,-0.787558
180.5210,-24066,-63.004642,-0.787558
180.5310,-24066,-63.004642,-0.787558
180.5410,-24066,-63.004642,-0.787558
180.5510,-24066,-63.004642,-0.787558
180.5610,-24066,-63.004642,-0.787558
180.5720,-24066,-63.004642,-0.787558
180.5810,-24066,-63.004642,-0.787558
180.5910,-24066,-63.004642,-0.787558
180.6010,-24066,-63.004642,-0.787558
180.6110,-24066,-63.004642,-0.787558
180.6210,-24066,-63.004642,-0.787558
180.6310,-24066,-63.004642,-0.787558
180.6410,-24066,-63.004642,-0.787558
180.6510,-24066,-63.004642,-0.787558
180.6610,-24066,-63.004642,-0.787558
180.6710,-24066,-63.004642,-0.787558
180.6810,-24066,-63.004642,-0.787558
180.6910,-24066,-63.004642,-0.787558
180.7010,-24066,-63.004642,-0.787558
180.7110,-24066,-63.004642,-0.787558
180.7210,-24066,-63.004642,-0.787558
180.7310,-24066,-63.004642,-0.787558
180.7410,-24066,-63.004642,-0.787558
180.7510,-24066,-63.004642,-0.787558
180.7610,-24066,-63.004642,-0.787558
180.7710,-24066,-63.004642,-0.787558
180.7810,-24066,-63.004642,-0.787558
180.7910,-24066,-63.004642,-0.787558
180.8010,-24066,-63.004642,-0.787558
180.8110,-24066,-63.004642,-0.787558
180.8210,-24066,-63.004642,-0.787558
180.8310,-24066,-63.004642,-0.787558
180.8410,-24066,-63.004642,-0.787558
180.8510,-24066,-63.004642,-0.787558
180.8610,-24066,-63.004642,-0.787558
180.8710,-24066,-63.004642,-0.787558
180.8810,-24066,-63.004642,-0.787558
180.8910,-24066,-63.004642,-0.787558
180.9010,-24066,-63.004642,-0.787558
180.9110,-24066,-63.004642,-0.787558
180.9210,-24066,-63.004642,-0.787558
180.9310,-24066,-63.004642,-0.787558
180.9410,-24066,-63.004642,-0.787558
180.9510,-24066,-63.004642,-0.787558
180.9610,-24066,-63.004642,-0.787558
180.9710,-24066,-63.004642,-0.787558
180.9810,-24066,-63.004642,-0.787558
180.9910,-24066,-63.004642,-0.787558
181.0010,-24066,-63.004642,-0.787558
181.0110,-24066,-63.004642,-0.787558
181.0210,-24066,-63.004642,-0.787558
181.0310,-24066,-63.004642,-0.787558
181.0410,-24066,-63.004642,-0.787558
181.0510,-24066,-63.004642,-0.787558
181.0610,-24066,-63.004642,-0.787558
181.0710,-24066,-63.004642,-0.787558
181.0810,-24066,-63.004642,-0.787558
181.0910,-24066,-63.004642,-0.787558
181.1010,-24066,-63.004642,-0.787558
181.1110,-24066,-63.004642,-0.787558
181.1210,-24066,-63.004642,-0.787558
181.1310,-24066,-63.004642,-0.787558
181.1410,-24066,-63.004642,-0.787558
181.1510,-24066,-63.004642,-0.787558
181.1610,-24066,-63.004642,-0.787558
181.1710,-24066,-63.004642,-0.787558
181.1810,-24066,-63.004642,-0.787558
181.1910,-24067,-63.007263,-0.787591
181.2010,-24067,-63.007263,-0.787591
181.2120,-24067,-63.007263,-0.787591
181.2210,-24067,-63.007263,-0.787591
181.2310,-24067,-63.007263,-0.787591
181.2410,-24067,-63.007263,-0.787591
181.2510,-24068,-63.009880,-0.787623
181.2610,-24068,-63.009880,-0.787623
181.2710,-24068,-63.009880,-0.787623
181.2810,-24068,-63.009880,-0.787623
181.2910,-24068,-63.009880,-0.787623
181.3010,-24068,-63.009880,-0.787623
181.3110,-24068,-63.009880,-0.787623
181.3210,-24069,-63.012500,-0.787656
181.3310,-24069,-63.012500,-0.787656
181.3410,-24069,-63.012500,-0.787656
181.3510,-24069,-63.012500,-0.787656
181.3610,-24069,-63.012500,-0.787656
181.3710,-24069,-63.012500,-0.787656
181.3810,-24069,-63.012500,-0.787656
181.3910,-24069,-63.012500,-0.787656
181.4010,-24069,-63.012500,-0.787656
181.4110,-24069,-63.012500,-0.787656
181.4210,-24070,-63.015110,-0.787689
181.4310,-24070,-63.015110,-0.787689
181.4410,-24070,-63.015110,-0.787689
181.4510,-24070,-63.015110,-0.787689
181.4610,-24070,-63.015110,-0.787689
181.4710,-24070,-63.015110,-0.787689
181.4810,-24070,-63.015110,-0.787689
181.4910,-24070,-63.015110,-0.787689
181.5010,-24070,-63.015110,-0.787689
181.5110,-24070,-63.015110,-0.787689
181.5210,-24070,-63.015110,-0.787689
181.5310,-24070,-63.015110,-0.787689
181.5410,-24070,-63.015110,-0.787689
181.5510,-24070,-63.015110,-0.787689
181.5610,-24070,-63.015110,-0.787689
181.5710,-24070,-63.015110,-0.787689
181.5810,-24071,-63.017730,-0.787722
181.5910,-24071,-63.017730,-0.787722
181.6010,-24071,-63.017730,-0.787722
181.6110,-24071,-63.017730,-0.787722
181.6210,-24071,-63.017730,-0.787722
181.6310,-24071,-63.017730,-0.787722
181.6410,-24071,-63.017730,-0.787722
181.6510,-24071,-63.017730,-0.787722
181.6610,-24071,-63.017730,-0.787722
181.6710,-24071,-63.017730,-0.787722
181.6810,-24071,-63.017730,-0.787722
181.6910,-24071,-63.017730,-0.787722
181.7010,-24071,-63.017730,-0.787722
181.7110,-24071,-63.017730,-0.787722
181.7210,-24071,-63.017730,-0.787722
181.7310,-24071,-63.017730,-0.787722
181.7410,-24071,-63.017730,-0.787722
181.7510,-24071,-63.017730,-0.787722
181.7610,-24071,-63.017730,-0.787722
181.7710,-24071,-63.017730,-0.787722
181.7810,-24071,-63.017730,-0.787722
181.7910,-24071,-63.017730,-0.787722
181.8010,-24071,-63.017730,-0.787722
181.8110,-24071,-63.017730,-0.787722
181.8210,-24071,-63.017730,-0.787722
181.8310,-24071,-63.017730,-0.787722
181.8410,-24071,-63.017730,-0.787722
181.8520,-24071,-63.017730,-0.787722
181.8610,-24071,-63.017730,-0.787722
181.8710,-24071,-63.017730,-0.787722
181.8810,-24071,-63.017730,-0.787722
181.8910,-24071,-63.017730,-0.787722
181.9010,-24071,-63.017730,-0.787722
181.9110,-24071,-63.017730,-0.787722
181.9210,-24071,-63.017730,-0.787722
181.9310,-24071,-63.017730,-0.787722
181.9410,-24071,-63.017730,-0.787722
181.9510,-24071,-63.017730,-0.787722
181.9610,-24071,-63.017730,-0.787722
181.9710,-24071,-63.017730,-0.787722
181.9810,-24071,-63.017730,-0.787722
181.9910,-24071,-63.017730,-0.787722
182.0010,-24071,-63.017730,-0.787722
182.0110,-24071,-63.017730,-0.787722
182.0210,-24071,-63.017730,-0.787722
182.0310,-24071,-63.017730,-0.787722
182.0410,-24071,-63.017730,-0.787722
182.0510,-24071,-63.017730,-0.787722
182.0610,-24071,-63.017730,-0.787722
182.0710,-24071,-63.017730,-0.787722
182.0810,-24071,-63.017730,-0.787722
182.0910,-24071,-63.017730,-0.787722
182.1010,-24071,-63.017730,-0.787722
182.1110,-24071,-63.017730,-0.787722
182.1210,-24071,-63.017730,-0.787722
182.1310,-24071,-63.017730,-0.787722
182.1410,-24071,-63.017730,-0.787722
182.1510,-24072,-63.020347,-0.787754
182.1610,-24072,-63.020347,-0.787754
182.1710,-24072,-63.020347,-0.787754
182.1810,-24072,-63.020347,-0.787754
182.1910,-24072,-63.020347,-0.787754
182.2010,-24072,-63.020347,-0.787754
182.2110,-24072,-63.020347,-0.787754
182.2210,-24072,-63.020347,-0.787754
182.2310,-24072,-63.020347,-0.787754
182.2410,-24072,-63.020347,-0.787754
182.2510,-24072,-63.020347,-0.787754
182.2610,-24072,-63.020347,-0.787754
182.2710,-24072,-63.020347,-0.787754
182.2810,-24072,-63.020347,-0.787754
182.2910,-24072,-63.020347,-0.787754
182.3010,-24072,-63.020347,-0.787754
182.3110,-24072,-63.020347,-0.787754
182.3210,-24072,-63.020347,-0.787754
182.3310,-24072,-63.020347,-0.787754
182.3410,-24072,-63.020347,-0.787754
182.3510,-24072,-63.020347,-0.787754
182.3610,-24072,-63.020347,-0.787754
182.3710,-24072,-63.020347,-0.787754
182.3810,-24072,-63.020347,-0.787754
182.3910,-24072,-63.020347,-0.787754
182.4010,-24072,-63.020347,-0.787754
182.4110,-24072,-63.020347,-0.787754
182.4210,-24072,-63.020347,-0.787754
182.4310,-24072,-63.020347,-0.787754
182.4410,-24072,-63.020347,-0.787754
182.4510,-24072,-63.020347,-0.787754
182.4610,-24072,-63.020347,-0.787754
182.4710,-24072,-63.020347,-0.787754
182.4810,-24072,-63.020347,-0.787754
182.4920,-24072,-63.020347,-0.787754
182.5010,-24072,-63.020347,-0.787754
182.5110,-24072,-63.020347,-0.787754
182.5210,-24072,-63.020347,-0.787754
182.5310,-24072,-63.020347,-0.787754
182.5410,-24072,-63.020347,-0.787754
182.5510,-24072,-63.020347,-0.787754
182.5610,-24072,-63.020347,-0.787754
182.5710,-24072,-63.020347,-0.787754
182.5810,-24072,-63.020347,-0.787754
182.5910,-24072,-63.020347,-0.787754
182.6010,-24072,-63.020347,-0.787754
182.6110,-24072,-63.020347,-0.787754
182.6210,-24072,-63.020347,-0.787754
182.6310,-24072,-63.020347,-0.787754
182.6410,-24072,-63.020347,-0.787754
182.6510,-24072,-63.020347,-0.787754
182.6610,-24072,-63.020347,-0.787754
182.6710,-24072,-63.020347,-0.787754
182.6810,-24072,-63.020347,-0.787754
182.6910,-24072,-63.020347,-0.787754
182.7010,-24072,-63.020347,-0.787754
182.7110,-24072,-63.020347,-0.787754
182.7210,-24072,-63.020347,-0.787754
182.7310,-24072,-63.020347,-0.787754
182.7410,-24072,-63.020347,-0.787754
182.7510,-24072,-63.020347,-0.787754
182.7610,-24072,-63.020347,-0.787754
182.7710,-24072,-63.020347,-0.787754
182.7810,-24072,-63.020347,-0.787754
182.7910,-24072,-63.020347,-0.787754
182.8010,-24072,-63.020347,-0.787754
182.8110,-24072,-63.020347,-0.787754
182.8210,-24072,-63.020347,-0.787754
182.8310,-24072,-63.020347,-0.787754
182.8410,-24072,-63.020347,-0.787754
182.8510,-24072,-63.020347,-0.787754
182.8610,-24072,-63.020347,-0.787754
182.8710,-24072,-63.020347,-0.787754
182.8810,-24072,-63.020347,-0.787754
182.8910,-24072,-63.020347,-0.787754
182.9010,-24072,-63.020347,-0.787754
182.9110,-24072,-63.020347,-0.787754
182.9210,-24072,-63.020347,-0.787754
182.9310,-24072,-63.020347,-0.787754
182.9410,-24072,-63.020347,-0.787754
182.9510,-24072,-63.020347,-0.787754
182.9610,-24072,-63.020347,-0.787754
182.9710,-24072,-63.020347,-0.787754
182.9810,-24072,-63.020347,-0.787754
182.9910,-24072,-63.020347,-0.787754
183.0010,-24072,-63.020347,-0.787754
183.0110,-24072,-63.020347,-0.787754
183.0210,-24072,-63.020347,-0.787754
183.0310,-24072,-63.020347,-0.787754
183.0410,-24072,-63.020347,-0.787754
183.0510,-24072,-63.020347,-0.787754
183.0610,-24072,-63.020347,-0.787754
183.0710,-24072,-63.020347,-0.787754
183.0810,-24072,-63.020347,-0.787754
183.0910,-24072,-63.020347,-0.787754
183.1010,-24072,-63.020347,-0.787754
183.1110,-24072,-63.020347,-0.787754
183.1210,-24072,-63.020347,-0.787754
183.1320,-24072,-63.020347,-0.787754
183.1410,-24072,-63.020347,-0.787754
183.1510,-24072,-63.020347,-0.787754
183.1610,-24072,-63.020347,-0.787754
183.1710,-24072,-63.020347,-0.787754
183.1810,-24072,-63.020347,-0.787754
183.1910,-24072,-63.020347,-0.787754
183.2010,-24072,-63.020347,-0.787754
183.2110,-24072,-63.020347,-0.787754
183.2210,-24072,-63.020347,-0.787754
183.2310,-24072,-63.020347,-0.787754
183.2410,-24072,-63.020347,-0.787754
183.2510,-24072,-63.020347,-0.787754
183.2610,-24072,-63.020347,-0.787754
183.2710,-24072,-63.020347,-0.787754
183.2810,-24072,-63.020347,-0.787754
183.2910,-24072,-63.020347,-0.787754
183.3010,-24072,-63.020347,-0.787754
183.3110,-24072,-63.020347,-0.787754
183.3210,-24072,-63.020347,-0.787754
183.3310,-24072,-63.020347,-0.787754
183.3410,-24072,-63.020347,-0.787754
183.3510,-24072,-63.020347,-0.787754
183.3610,-24072,-63.020347,-0.787754
183.3710,-24072,-63.020347,-0.787754
183.3810,-24072,-63.020347,-0.787754
183.3910,-24072,-63.020347,-0.787754
183.4010,-24072,-63.020347,-0.787754
183.4110,-24072,-63.020347,-0.787754
183.4210,-24072,-63.020347,-0.787754
183.4310,-24072,-63.020347,-0.787754
183.4410,-24072,-63.020347,-0.787754
183.4510,-24072,-63.020347,-0.787754
183.4610,-24072,-63.020347,-0.787754
183.4710,-24072,-63.020347,-0.787754
183.4810,-24072,-63.020347,-0.787754
183.4910,-24072,-63.020347,-0.787754
183.5010,-24072,-63.020347,-0.787754
183.5110,-24073,-63.022968,-0.787787
183.5210,-24073,-63.022968,-0.787787
183.5310,-24073,-63.022968,-0.787787
183.5410,-24073,-63.022968,-0.787787
183.5510,-24073,-63.022968,-0.787787
183.5610,-24073,-63.022968,-0.787787
183.5710,-24073,-63.022968,-0.787787
183.5810,-24073,-63.022968,-0.787787
183.5910,-24073,-63.022968,-0.787787
183.6010,-24073,-63.022968,-0.787787
183.6110,-24073,-63.022968,-0.787787
183.6210,-24073,-63.022968,-0.787787
183.6310,-24073,-63.022968,-0.787787
183.6410,-24073,-63.022968,-0.787787
183.6510,-24073,-63.022968,-0.787787
183.6610,-24073,-63.022968,-0.787787
183.6710,-24073,-63.022968,-0.787787
183.6810,-24073,-63.022968,-0.787787
183.6910,-24073,-63.022968,-0.787787
183.7010,-24073,-63.022968,-0.787787
183.7110,-24073,-63.022968,-0.787787
183.7210,-24073,-63.022968,-0.787787
183.7310,-24073,-63.022968,-0.787787
183.7410,-24073,-63.022968,-0.787787
183.7510,-24073,-63.022968,-0.787787
183.7610,-24073,-63.022968,-0.787787
183.7720,-24073,-63.022968,-0.787787
183.7810,-24073,-63.022968,-0.787787
183.7910,-24073,-63.022968,-0.787787
183.8010,-24073,-63.022968,-0.787787
183.8110,-24073,-63.022968,-0.787787
183.8210,-24073,-63.022968,-0.787787
183.8310,-24073,-63.022968,-0.787787
183.8410,-24073,-63.022968,-0.787787
183.8510,-24073,-63.022968,-0.787787
183.8610,-24073,-63.022968,-0.787787
183.8710,-24073,-63.022968,-0.787787
183.8810,-24073,-63.022968,-0.787787
183.8910,-24073,-63.022968,-0.787787
183.9010,-24073,-63.022968,-0.787787
183.9110,-24073,-63.022968,-0.787787
183.9210,-24073,-63.022968,-0.787787
183.9310,-24073,-63.022968,-0.787787
183.9410,-24073,-63.022968,-0.787787
183.9510,-24073,-63.022968,-0.787787
183.9610,-24073,-63.022968,-0.787787
183.9710,-24073,-63.022968,-0.787787
183.9810,-24073,-63.022968,-0.787787
183.9910,-24073,-63.022968,-0.787787
184.0010,-24073,-63.022968,-0.787787
184.0110,-24073,-63.022968,-0.787787
184.0210,-24073,-63.022968,-0.787787
184.0310,-24073,-63.022968,-0.787787
184.0410,-24073,-63.022968,-0.787787
184.0510,-24073,-63.022968,-0.787787
184.0610,-24073,-63.022968,-0.787787
184.0710,-24073,-63.022968,-0.787787
184.0810,-24073,-63.022968,-0.787787
184.0910,-24073,-63.022968,-0.787787
184.1010,-24073,-63.022968,-0.787787
184.1110,-24073,-63.022968,-0.787787
184.1210,-24073,-63.022968,-0.787787
184.1310,-24073,-63.022968,-0.787787
184.1410,-24073,-63.022968,-0.787787
184.1510,-24073,-63.022968,-0.787787
184.1610,-24073,-63.022968,-0.787787
184.1710,-24073,-63.022968,-0.787787
184.1810,-24073,-63.022968,-0.787787
184.1910,-24073,-63.022968,-0.787787
184.2010,-24073,-63.022968,-0.787787
184.2110,-24073,-63.022968,-0.787787
184.2210,-24073,-63.022968,-0.787787
184.2310,-24073,-63.022968,-0.787787
184.2410,-24073,-63.022968,-0.787787
184.2510,-24073,-63.022968,-0.787787
184.2610,-24073,-63.022968,-0.787787
184.2710,-24073,-63.022968,-0.787787
184.2810,-24073,-63.022968,-0.787787
184.2910,-24073,-63.022968,-0.787787
184.3010,-24073,-63.022968,-0.787787
184.3110,-24073,-63.022968,-0.787787
184.3210,-24073,-63.022968,-0.787787
184.3310,-24073,-63.022968,-0.787787
184.3410,-24073,-63.022968,-0.787787
184.3510,-24073,-63.022968,-0.787787
184.3610,-24073,-63.022968,-0.787787
184.3710,-24073,-63.022968,-0.787787
184.3810,-24073,-63.022968,-0.787787
184.3910,-24073,-63.022968,-0.787787
184.4010,-24073,-63.022968,-0.787787
184.4120,-24073,-63.022968,-0.787787
184.4210,-24073,-63.022968,-0.787787
184.4310,-24073,-63.022968,-0.787787
184.4410,-24073,-63.022968,-0.787787
184.4510,-24073,-63.022968,-0.787787
184.4610,-24073,-63.022968,-0.787787
184.4710,-24073,-63.022968,-0.787787
184.4810,-24073,-63.022968,-0.787787
184.4910,-24073,-63.022968,-0.787787
184.5010,-24073,-63.022968,-0.787787
184.5110,-24073,-63.022968,-0.787787
184.5210,-24073,-63.022968,-0.787787
184.5310,-24073,-63.022968,-0.787787
184.5410,-24073,-63.022968,-0.787787
184.5510,-24073,-63.022968,-0.787787
184.5610,-24073,-63.022968,-0.787787
184.5710,-24073,-63.022968,-0.787787
184.5810,-24073,-63.022968,-0.787787
184.5910,-24073,-63.022968,-0.787787
184.6010,-24073,-63.022968,-0.787787
184.6110,-24073,-63.022968,-0.787787
184.6210,-24073,-63.022968,-0.787787
184.6310,-24073,-63.022968,-0.787787
184.6410,-24073,-63.022968,-0.787787
184.6510,-24073,-63.022968,-0.787787
184.6610,-24073,-63.022968,-0.787787
184.6710,-24073,-63.022968,-0.787787
184.6810,-24073,-63.022968,-0.787787
184.6910,-24073,-63.022968,-0.787787
184.7010,-24073,-63.022968,-0.787787
184.7110,-24073,-63.022968,-0.787787
184.7210,-24073,-63.022968,-0.787787
184.7310,-24073,-63.022968,-0.787787
184.7410,-24073,-63.022968,-0.787787
184.7510,-24073,-63.022968,-0.787787
184.7610,-24073,-63.022968,-0.787787
184.7710,-24073,-63.022968,-0.787787
184.7810,-24073,-63.022968,-0.787787
184.7910,-24073,-63.022968,-0.787787
184.8010,-24073,-63.022968,-0.787787
184.8110,-24073,-63.022968,-0.787787
184.8210,-24073,-63.022968,-0.787787
184.8310,-24073,-63.022968,-0.787787
184.8410,-24073,-63.022968,-0.787787
184.8510,-24073,-63.022968,-0.787787
184.8610,-24073,-63.022968,-0.787787
184.8710,-24073,-63.022968,-0.787787
184.8810,-24073,-63.022968,-0.787787
184.8910,-24073,-63.022968,-0.787787
184.9010,-24073,-63.022968,-0.787787
184.9110,-24073,-63.022968,-0.787787
184.9210,-24073,-63.022968,-0.787787
184.9310,-24073,-63.022968,-0.787787
184.9410,-24073,-63.022968,-0.787787
184.9510,-24073,-63.022968,-0.787787
184.9610,-24073,-63.022968,-0.787787
184.9710,-24073,-63.022968,-0.787787
184.9810,-24073,-63.022968,-0.787787
184.9910,-24073,-63.022968,-0.787787
185.0010,-24073,-63.022968,-0.787787
185.0110,-24073,-63.022968,-0.787787
185.0210,-24073,-63.022968,-0.787787
185.0310,-24073,-63.022968,-0.787787
185.0410,-24073,-63.022968,-0.787787
185.0520,-24073,-63.022968,-0.787787
185.0610,-24073,-63.022968,-0.787787
185.0710,-24073,-63.022968,-0.787787
185.0810,-24073,-63.022968,-0.787787
185.0910,-24073,-63.022968,-0.787787
185.1010,-24073,-63.022968,-0.787787
185.1110,-24073,-63.022968,-0.787787
185.1210,-24073,-63.022968,-0.787787
185.1310,-24073,-63.022968,-0.787787
185.1410,-24073,-63.022968,-0.787787
185.1510,-24073,-63.022968,-0.787787
185.1610,-24073,-63.022968,-0.787787
185.1710,-24073,-63.022968,-0.787787
185.1810,-24073,-63.022968,-0.787787
185.1910,-24073,-63.022968,-0.787787
185.2010,-24073,-63.022968,-0.787787
185.2110,-24073,-63.022968,-0.787787
185.2210,-24073,-63.022968,-0.787787
185.2310,-24073,-63.022968,-0.787787
185.2410,-24073,-63.022968,-0.787787
185.2510,-24073,-63.022968,-0.787787
185.2610,-24073,-63.022968,-0.787787
185.2710,-24073,-63.022968,-0.787787
185.2810,-24073,-63.022968,-0.787787
185.2910,-24073,-63.022968,-0.787787
185.3010,-24073,-63.022968,-0.787787
185.3110,-24073,-63.022968,-0.787787
185.3210,-24073,-63.022968,-0.787787
185.3310,-24073,-63.022968,-0.787787
185.3410,-24073,-63.022968,-0.787787
185.3510,-24073,-63.022968,-0.787787
185.3610,-24073,-63.022968,-0.787787
185.3710,-24073,-63.022968,-0.787787
185.3810,-24073,-63.022968,-0.787787
185.3910,-24073,-63.022968,-0.787787
185.4010,-24073,-63.022968,-0.787787
185.4110,-24073,-63.022968,-0.787787
185.4210,-24073,-63.022968,-0.787787
185.4310,-24073,-63.022968,-0.787787
185.4410,-24073,-63.022968,-0.787787
185.4510,-24073,-63.022968,-0.787787
185.4610,-24073,-63.022968,-0.787787
185.4710,-24073,-63.022968,-0.787787
185.4810,-24073,-63.022968,-0.787787
185.4910,-24073,-63.022968,-0.787787
185.5010,-24073,-63.022968,-0.787787
185.5110,-24073,-63.022968,-0.787787
185.5210,-24073,-63.022968,-0.787787
185.5310,-24073,-63.022968,-0.787787
185.5410,-24073,-63.022968,-0.787787
185.5510,-24073,-63.022968,-0.787787
185.5610,-24073,-63.022968,-0.787787
185.5710,-24073,-63.022968,-0.787787
185.5810,-24073,-63.022968,-0.787787
185.5910,-24073,-63.022968,-0.787787
185.6010,-24073,-63.022968,-0.787787
185.6110,-24073,-63.022968,-0.787787
185.6210,-24073,-63.022968,-0.787787
185.6310,-24073,-63.022968,-0.787787
185.6410,-24073,-63.022968,-0.787787
185.6510,-24073,-63.022968,-0.787787
185.6610,-24073,-63.022968,-0.787787
185.6710,-24073,-63.022968,-0.787787
185.6810,-24073,-63.022968,-0.787787
185.6920,-24073,-63.022968,-0.787787
185.7010,-24073,-63.022968,-0.787787
185.7110,-24073,-63.022968,-0.787787
185.7210,-24073,-63.022968,-0.787787
185.7310,-24073,-63.022968,-0.787787
185.7410,-24073,-63.022968,-0.787787
185.7510,-24073,-63.022968,-0.787787
185.7610,-24073,-63.022968,-0.787787
185.7710,-24073,-63.022968,-0.787787
185.7810,-24073,-63.022968,-0.787787
185.7910,-24073,-63.022968,-0.787787
185.8010,-24073,-63.022968,-0.787787
185.8110,-24073,-63.022968,-0.787787
185.8210,-24073,-63.022968,-0.787787
185.8310,-24073,-63.022968,-0.787787
185.8410,-24073,-63.022968,-0.787787
185.8510,-24073,-63.022968,-0.787787
185.8610,-24073,-63.022968,-0.787787
185.8710,-24073,-63.022968,-0.787787
185.8810,-24073,-63.022968,-0.787787
185.8910,-24073,-63.022968,-0.787787
185.9010,-24073,-63.022968,-0.787787
185.9110,-24073,-63.022968,-0.787787
185.9210,-24073,-63.022968,-0.787787
185.9310,-24073,-63.022968,-0.787787
185.9410,-24073,-63.022968,-0.787787
185.9510,-24073,-63.022968,-0.787787
185.9610,-24073,-63.022968,-0.787787
185.9710,-24073,-63.022968,-0.787787
185.9810,-24073,-63.022968,-0.787787
185.9910,-24073,-63.022968,-0.787787
186.0010,-24073,-63.022968,-0.787787
186.0110,-24073,-63.022968,-0.787787
186.0210,-24073,-63.022968,-0.787787
186.0310,-24073,-63.022968,-0.787787
186.0410,-24073,-63.022968,-0.787787
186.0510,-24073,-63.022968,-0.787787
186.0610,-24073,-63.022968,-0.787787
186.0710,-24073,-63.022968,-0.787787
186.0810,-24073,-63.022968,-0.787787
186.0910,-24073,-63.022968,-0.787787
186.1010,-24073,-63.022968,-0.787787
186.1110,-24073,-63.022968,-0.787787
186.1210,-24073,-63.022968,-0.787787
186.1310,-24073,-63.022968,-0.787787
186.1410,-24073,-63.022968,-0.787787
186.1510,-24073,-63.022968,-0.787787
186.1610,-24073,-63.022968,-0.787787
186.1710,-24073,-63.022968,-0.787787
186.1810,-24073,-63.022968,-0.787787
186.1910,-24073,-63.022968,-0.787787
186.2010,-24073,-63.022968,-0.787787
186.2110,-24073,-63.022968,-0.787787
186.2210,-24073,-63.022968,-0.787787
186.2310,-24073,-63.022968,-0.787787
186.2410,-24073,-63.022968,-0.787787
186.2510,-24073,-63.022968,-0.787787
186.2610,-24073,-63.022968,-0.787787
186.2710,-24073,-63.022968,-0.787787
186.2810,-24073,-63.022968,-0.787787
186.2910,-24073,-63.022968,-0.787787
186.3010,-24073,-63.022968,-0.787787
186.3110,-24073,-63.022968,-0.787787
186.3210,-24073,-63.022968,-0.787787
186.3320,-24073,-63.022968,-0.787787
186.3410,-24073,-63.022968,-0.787787
186.3510,-24073,-63.022968,-0.787787
186.3610,-24073,-63.022968,-0.787787
186.3710,-24073,-63.022968,-0.787787
186.3810,-24073,-63.022968,-0.787787
186.3910,-24073,-63.022968,-0.787787
186.4010,-24073,-63.022968,-0.787787
186.4110,-24073,-63.022968,-0.787787
186.4210,-24073,-63.022968,-0.787787
186.4310,-24073,-63.022968,-0.787787
186.4410,-24073,-63.022968,-0.787787
186.4510,-24073,-63.022968,-0.787787
186.4610,-24073,-63.022968,-0.787787
186.4710,-24073,-63.022968,-0.787787
186.4810,-24073,-63.022968,-0.787787
186.4910,-24073,-63.022968,-0.787787
186.5010,-24073,-63.022968,-0.787787
186.5110,-24073,-63.022968,-0.787787
186.5210,-24073,-63.022968,-0.787787
186.5310,-24073,-63.022968,-0.787787
186.5410,-24073,-63.022968,-0.787787
186.5510,-24073,-63.022968,-0.787787
186.5610,-24073,-63.022968,-0.787787
186.5710,-24073,-63.022968,-0.787787
186.5810,-24073,-63.022968,-0.787787
186.5910,-24073,-63.022968,-0.787787
186.6010,-24073,-63.022968,-0.787787
186.6110,-24073,-63.022968,-0.787787
186.6210,-24073,-63.022968,-0.787787
186.6310,-24073,-63.022968,-0.787787
186.6410,-24073,-63.022968,-0.787787
186.6510,-24073,-63.022968,-0.787787
186.6610,-24073,-63.022968,-0.787787
186.6710,-24073,-63.022968,-0.787787
186.6810,-24073,-63.022968,-0.787787
186.6910,-24073,-63.022968,-0.787787
186.7010,-24073,-63.022968,-0.787787
186.7110,-24073,-63.022968,-0.787787
186.7210,-24073,-63.022968,-0.787787
186.7310,-24073,-63.022968,-0.787787
186.7410,-24073,-63.022968,-0.787787
186.7510,-24073,-63.022968,-0.787787
186.7610,-24073,-63.022968,-0.787787
186.7710,-24073,-63.022968,-0.787787
186.7810,-24073,-63.022968,-0.787787
186.7910,-24073,-63.022968,-0.787787
186.8010,-24073,-63.022968,-0.787787
186.8110,-24073,-63.022968,-0.787787
186.8210,-24073,-63.022968,-0.787787
186.8310,-24073,-63.022968,-0.787787
186.8410,-24073,-63.022968,-0.787787
186.8510,-24073,-63.022968,-0.787787
186.8610,-24073,-63.022968,-0.787787
186.8710,-24074,-63.025585,-0.787820
186.8810,-24074,-63.025585,-0.787820
186.8910,-24074,-63.025585,-0.787820
186.9010,-24074,-63.025585,-0.787820
186.9110,-24074,-63.025585,-0.787820
186.9210,-24074,-63.025585,-0.787820
186.9310,-24074,-63.025585,-0.787820
186.9410,-24074,-63.025585,-0.787820
186.9510,-24074,-63.025585,-0.787820
186.9610,-24074,-63.025585,-0.787820
186.9720,-24074,-63.025585,-0.787820
186.9810,-24074,-63.025585,-0.787820
186.9910,-24074,-63.025585,-0.787820
187.0010,-24074,-63.025585,-0.787820
187.0110,-24074,-63.025585,-0.787820
187.0210,-24074,-63.025585,-0.787820
187.0310,-24074,-63.025585,-0.787820
187.0410,-24074,-63.025585,-0.787820
187.0510,-24074,-63.025585,-0.787820
187.0610,-24074,-63.025585,-0.787820
187.0710,-24074,-63.025585,-0.787820
187.0810,-24074,-63.025585,-0.787820
187.0910,-24074,-63.025585,-0.787820
187.1010,-24074,-63.025585,-0.787820
187.1110,-24074,-63.025585,-0.787820
187.1210,-24074,-63.025585,-0.787820
187.1310,-24074,-63.025585,-0.787820
187.1410,-24074,-63.025585,-0.787820
187.1510,-24074,-63.025585,-0.787820
187.1610,-24074,-63.025585,-0.787820
187.1710,-24074,-63.025585,-0.787820
187.1810,-24074,-63.025585,-0.787820
187.1910,-24074,-63.025585,-0.787820
187.2010,-24074,-63.025585,-0.787820
187.2110,-24074,-63.025585,-0.787820
187.2210,-24074,-63.025585,-0.787820
187.2310,-24074,-63.025585,-0.787820
187.2410,-24074,-63.025585,-0.787820
187.2510,-24074,-63.025585,-0.787820
187.2610,-24074,-63.025585,-0.787820
187.2710,-24074,-63.025585,-0.787820
187.2810,-24074,-63.025585,-0.787820
187.2910,-24074,-63.025585,-0.787820
187.3010,-24074,-63.025585,-0.787820
187.3110,-24074,-63.025585,-0.787820
187.3210,-24074,-63.025585,-0.787820
187.3310,-24074,-63.025585,-0.787820
187.3410,-24074,-63.025585,-0.787820
187.3510,-24074,-63.025585,-0.787820
187.3610,-24074,-63.025585,-0.787820
187.3710,-24074,-63.025585,-0.787820
187.3810,-24074,-63.025585,-0.787820
187.3910,-24074,-63.025585,-0.787820
187.4010,-24074,-63.025585,-0.787820
187.4110,-24074,-63.025585,-0.787820
187.4210,-24074,-63.025585,-0.787820
187.4310,-24074,-63.025585,-0.787820
187.4410,-24074,-63.025585,-0.787820
187.4510,-24074,-63.025585,-0.787820
187.4610,-24074,-63.025585,-0.787820
187.4710,-24074,-63.025585,-0.787820
187.4810,-24074,-63.025585,-0.787820
187.4910,-24074,-63.025585,-0.787820
187.5010,-24074,-63.025585,-0.787820
187.5110,-24074,-63.025585,-0.787820
187.5210,-24074,-63.025585,-0.787820
187.5310,-24074,-63.025585,-0.787820
187.5410,-24074,-63.025585,-0.787820
187.5510,-24074,-63.025585,-0.787820
187.5610,-24074,-63.025585,-0.787820
187.5710,-24074,-63.025585,-0.787820
187.5810,-24074,-63.025585,-0.787820
187.5910,-24074,-63.025585,-0.787820
187.6010,-24074,-63.025585,-0.787820
187.6120,-24074,-63.025585,-0.787820
187.6210,-24074,-63.025585,-0.787820
187.6310,-24074,-63.025585,-0.787820
187.6410,-24074,-63.025585,-0.787820
187.6510,-24074,-63.025585,-0.787820
187.6610,-24074,-63.025585,-0.787820
187.6710,-24074,-63.025585,-0.787820
187.6810,-24074,-63.025585,-0.787820
187.6910,-24074,-63.025585,-0.787820
187.7010,-24074,-63.025585,-0.787820
187.7110,-24074,-63.025585,-0.787820
187.7210,-24074,-63.025585,-0.787820
187.7310,-24074,-63.025585,-0.787820
187.7410,-24074,-63.025585,-0.787820
187.7510,-24074,-63.025585,-0.787820
187.7610,-24074,-63.025585,-0.787820
187.7710,-24074,-63.025585,-0.787820
187.7810,-24074,-63.025585,-0.787820
187.7910,-24074,-63.025585,-0.787820
187.8010,-24074,-63.025585,-0.787820
187.8110,-24074,-63.025585,-0.787820
187.8210,-24074,-63.025585,-0.787820
187.8310,-24074,-63.025585,-0.787820
187.8410,-24074,-63.025585,-0.787820
187.8510,-24074,-63.025585,-0.787820
187.8610,-24074,-63.025585,-0.787820
187.8710,-24074,-63.025585,-0.787820
187.8810,-24074,-63.025585,-0.787820
187.8910,-24074,-63.025585,-0.787820
187.9010,-24074,-63.025585,-0.787820
187.9110,-24074,-63.025585,-0.787820
187.9210,-24074,-63.025585,-0.787820
187.9310,-24074,-63.025585,-0.787820
187.9410,-24074,-63.025585,-0.787820
187.9510,-24074,-63.025585,-0.787820
187.9610,-24074,-63.025585,-0.787820
187.9710,-24074,-63.025585,-0.787820
187.9810,-24074,-63.025585,-0.787820
187.9910,-24074,-63.025585,-0.787820
188.0010,-24074,-63.025585,-0.787820
188.0110,-24074,-63.025585,-0.787820
188.0210,-24074,-63.025585,-0.787820
188.0310,-24074,-63.025585,-0.787820
188.0410,-24074,-63.025585,-0.787820
188.0510,-24074,-63.025585,-0.787820
188.0610,-24074,-63.025585,-0.787820
188.0710,-24074,-63.025585,-0.787820
188.0810,-24074,-63.025585,-0.787820
188.0910,-24074,-63.025585,-0.787820
188.1010,-24074,-63.025585,-0.787820
188.1110,-24074,-63.025585,-0.787820
188.1210,-24074,-63.025585,-0.787820
188.1310,-24074,-63.025585,-0.787820
188.1410,-24074,-63.025585,-0.787820
188.1510,-24074,-63.025585,-0.787820
188.1610,-24074,-63.025585,-0.787820
188.1710,-24074,-63.025585,-0.787820
188.1810,-24074,-63.025585,-0.787820
188.1910,-24074,-63.025585,-0.787820
188.2010,-24074,-63.025585,-0.787820
188.2110,-24074,-63.025585,-0.787820
188.2210,-24074,-63.025585,-0.787820
188.2310,-24074,-63.025585,-0.787820
188.2410,-24074,-63.025585,-0.787820
188.2520,-24074,-63.025585,-0.787820
188.2610,-24074,-63.025585,-0.787820
188.2710,-24074,-63.025585,-0.787820
188.2810,-24074,-63.025585,-0.787820
188.2910,-24074,-63.025585,-0.787820
188.3010,-24074,-63.025585,-0.787820
188.3110,-24074,-63.025585,-0.787820
188.3210,-24074,-63.025585,-0.787820
188.3310,-24074,-63.025585,-0.787820
188.3410,-24074,-63.025585,-0.787820
188.3510,-24074,-63.025585,-0.787820
188.3610,-24074,-63.025585,-0.787820
188.3710,-24074,-63.025585,-0.787820
188.3810,-24074,-63.025585,-0.787820
188.3910,-24074,-63.025585,-0.787820
188.4010,-24074,-63.025585,-0.787820
188.4110,-24074,-63.025585,-0.787820
188.4210,-24074,-63.025585,-0.787820
188.4310,-24074,-63.025585,-0.787820
188.4410,-24074,-63.025585,-0.787820
188.4510,-24074,-63.025585,-0.787820
188.4610,-24074,-63.025585,-0.787820
188.4710,-24074,-63.025585,-0.787820
188.4810,-24074,-63.025585,-0.787820
188.4910,-24074,-63.025585,-0.787820
188.5010,-24074,-63.025585,-0.787820
188.5110,-24074,-63.025585,-0.787820
188.5210,-24074,-63.025585,-0.787820
188.5310,-24074,-63.025585,-0.787820
188.5410,-24074,-63.025585,-0.787820
188.5510,-24074,-63.025585,-0.787820
188.5610,-24074,-63.025585,-0.787820
188.5710,-24074,-63.025585,-0.787820
188.5810,-24074,-63.025585,-0.787820
188.5910,-24074,-63.025585,-0.787820
188.6010,-24074,-63.025585,-0.787820
188.6110,-24074,-63.025585,-0.787820
188.6210,-24074,-63.025585,-0.787820
188.6310,-24074,-63.025585,-0.787820
188.6410,-24074,-63.025585,-0.787820
188.6510,-24074,-63.025585,-0.787820
188.6610,-24074,-63.025585,-0.787820
188.6710,-24074,-63.025585,-0.787820
188.6810,-24074,-63.025585,-0.787820
188.6910,-24074,-63.025585,-0.787820
188.7010,-24074,-63.025585,-0.787820
188.7110,-24074,-63.025585,-0.787820
188.7210,-24074,-63.025585,-0.787820
188.7310,-24074,-63.025585,-0.787820
188.7410,-24074,-63.025585,-0.787820
188.7510,-24074,-63.025585,-0.787820
188.7610,-24074,-63.025585,-0.787820
188.7710,-24074,-63.025585,-0.787820
188.7810,-24074,-63.025585,-0.787820
188.7910,-24074,-63.025585,-0.787820
188.8010,-24074,-63.025585,-0.787820
188.8110,-24074,-63.025585,-0.787820
188.8210,-24074,-63.025585,-0.787820
188.8310,-24074,-63.025585,-0.787820
188.8410,-24074,-63.025585,-0.787820
188.8510,-24074,-63.025585,-0.787820
188.8610,-24074,-63.025585,-0.787820
188.8710,-24074,-63.025585,-0.787820
188.8810,-24074,-63.025585,-0.787820
188.8920,-24074,-63.025585,-0.787820
188.9010,-24074,-63.025585,-0.787820
188.9110,-24074,-63.025585,-0.787820
188.9210,-24074,-63.025585,-0.787820
188.9310,-24074,-63.025585,-0.787820
188.9410,-24074,-63.025585,-0.787820
188.9510,-24074,-63.025585,-0.787820
188.9610,-24074,-63.025585,-0.787820
188.9710,-24074,-63.025585,-0.787820
188.9810,-24074,-63.025585,-0.787820
188.9910,-24074,-63.025585,-0.787820
189.0010,-24074,-63.025585,-0.787820
189.0110,-24074,-63.025585,-0.787820
189.0210,-24074,-63.025585,-0.787820
189.0310,-24074,-63.025585,-0.787820
189.0410,-24074,-63.025585,-0.787820
189.0510,-24074,-63.025585,-0.787820
189.0610,-24074,-63.025585,-0.787820
189.0710,-24074,-63.025585,-0.787820
189.0810,-24074,-63.025585,-0.787820
189.0910,-24074,-63.025585,-0.787820
189.1010,-24074,-63.025585,-0.787820
189.1110,-24074,-63.025585,-0.787820
189.1210,-24074,-63.025585,-0.787820
189.1310,-24074,-63.025585,-0.787820
189.1410,-24074,-63.025585,-0.787820
189.1510,-24074,-63.025585,-0.787820
189.1610,-24074,-63.025585,-0.787820
189.1710,-24074,-63.025585,-0.787820
189.1810,-24074,-63.025585,-0.787820
189.1910,-24074,-63.025585,-0.787820
189.2010,-24074,-63.025585,-0.787820
189.2110,-24074,-63.025585,-0.787820
189.2210,-24074,-63.025585,-0.787820
189.2310,-24074,-63.025585,-0.787820
189.2410,-24074,-63.025585,-0.787820
189.2510,-24074,-63.025585,-0.787820
189.2610,-24074,-63.025585,-0.787820
189.2710,-24074,-63.025585,-0.787820
189.2810,-24074,-63.025585,-0.787820
189.2910,-24074,-63.025585,-0.787820
189.3010,-24074,-63.025585,-0.787820
189.3110,-24074,-63.025585,-0.787820
189.3210,-24074,-63.025585,-0.787820
189.3310,-24074,-63.025585,-0.787820
189.3410,-24074,-63.025585,-0.787820
189.3510,-24074,-63.025585,-0.787820
189.3610,-24074,-63.025585,-0.787820
189.3710,-24074,-63.025585,-0.787820
189.3810,-24074,-63.025585,-0.787820
189.3910,-24074,-63.025585,-0.787820
189.4010,-24074,-63.025585,-0.787820
189.4110,-24074,-63.025585,-0.787820
189.4210,-24074,-63.025585,-0.787820
189.4310,-24074,-63.025585,-0.787820
189.4410,-24074,-63.025585,-0.787820
189.4510,-24074,-63.025585,-0.787820
189.4610,-24074,-63.025585,-0.787820
189.4710,-24074,-63.025585,-0.787820
189.4810,-24074,-63.025585,-0.787820
189.4910,-24074,-63.025585,-0.787820
189.5010,-24074,-63.025585,-0.787820
189.5110,-24074,-63.025585,-0.787820
189.5210,-24074,-63.025585,-0.787820
189.5320,-24074,-63.025585,-0.787820
189.5410,-24074,-63.025585,-0.787820
189.5510,-24074,-63.025585,-0.787820
189.5610,-24074,-63.025585,-0.787820
189.5710,-24074,-63.025585,-0.787820
189.5810,-24074,-63.025585,-0.787820
189.5910,-24074,-63.025585,-0.787820
189.6010,-24074,-63.025585,-0.787820
189.6110,-24074,-63.025585,-0.787820
189.6210,-24074,-63.025585,-0.787820
189.6310,-24074,-63.025585,-0.787820
189.6410,-24074,-63.025585,-0.787820
189.6510,-24074,-63.025585,-0.787820
189.6610,-24074,-63.025585,-0.787820
189.6710,-24074,-63.025585,-0.787820
189.6810,-24074,-63.025585,-0.787820
189.6910,-24074,-63.025585,-0.787820
189.7010,-24074,-63.025585,-0.787820
189.7110,-24074,-63.025585,-0.787820
189.7210,-24074,-63.025585,-0.787820
189.7310,-24074,-63.025585,-0.787820
189.7410,-24074,-63.025585,-0.787820
189.7510,-24074,-63.025585,-0.787820
189.7610,-24074,-63.025585,-0.787820
189.7710,-24074,-63.025585,-0.787820
189.7810,-24074,-63.025585,-0.787820
189.7910,-24074,-63.025585,-0.787820
189.8010,-24074,-63.025585,-0.787820
189.8110,-24074,-63.025585,-0.787820
189.8210,-24074,-63.025585,-0.787820
189.8310,-24074,-63.025585,-0.787820
189.8410,-24074,-63.025585,-0.787820
189.8510,-24074,-63.025585,-0.787820
189.8610,-24074,-63.025585,-0.787820
189.8710,-24074,-63.025585,-0.787820
189.8810,-24074,-63.025585,-0.787820
189.8910,-24074,-63.025585,-0.787820
189.9010,-24074,-63.025585,-0.787820
189.9110,-24074,-63.025585,-0.787820
189.9210,-24074,-63.025585,-0.787820
189.9310,-24074,-63.025585,-0.787820
189.9410,-24074,-63.025585,-0.787820
189.9510,-24074,-63.025585,-0.787820
189.9610,-24074,-63.025585,-0.787820
189.9710,-24074,-63.025585,-0.787820
189.9810,-24074,-63.025585,-0.787820
189.9910,-24074,-63.025585,-0.787820
190.0010,-24074,-63.025585,-0.787820
190.0110,-24074,-63.025585,-0.787820
190.0210,-24074,-63.025585,-0.787820
190.0310,-24074,-63.025585,-0.787820
190.0410,-24074,-63.025585,-0.787820
190.0510,-24074,-63.025585,-0.787820
190.0610,-24074,-63.025585,-0.787820
190.0710,-24074,-63.025585,-0.787820
190.0810,-24074,-63.025585,-0.787820
190.0910,-24074,-63.025585,-0.787820
190.1010,-24074,-63.025585,-0.787820
190.1110,-24074,-63.025585,-0.787820
190.1210,-24074,-63.025585,-0.787820
190.1310,-24074,-63.025585,-0.787820
190.1410,-24074,-63.025585,-0.787820
190.1510,-24074,-63.025585,-0.787820
190.1610,-24074,-63.025585,-0.787820
190.1720,-24074,-63.025585,-0.787820
190.1810,-24074,-63.025585,-0.787820
190.1910,-24074,-63.025585,-0.787820
190.2010,-24074,-63.025585,-0.787820
190.2110,-24074,-63.025585,-0.787820
190.2210,-24074,-63.025585,-0.787820
190.2310,-24074,-63.025585,-0.787820
190.2410,-24074,-63.025585,-0.787820
190.2510,-24074,-63.025585,-0.787820
190.2610,-24074,-63.025585,-0.787820
190.2710,-24074,-63.025585,-0.787820
190.2810,-24074,-63.025585,-0.787820
190.2910,-24074,-63.025585,-0.787820
190.3010,-24074,-63.025585,-0.787820
190.3110,-24074,-63.025585,-0.787820
190.3210,-24074,-63.025585,-0.787820
190.3310,-24074,-63.025585,-0.787820
190.3410,-24074,-63.025585,-0.787820
190.3510,-24074,-63.025585,-0.787820
190.3610,-24074,-63.025585,-0.787820
190.3710,-24074,-63.025585,-0.787820
190.3810,-24074,-63.025585,-0.787820
190.3910,-24074,-63.025585,-0.787820
190.4010,-24074,-63.025585,-0.787820
190.4110,-24074,-63.025585,-0.787820
190.4210,-24074,-63.025585,-0.787820
190.4310,-24074,-63.025585,-0.787820
190.4410,-24074,-63.025585,-0.787820
190.4510,-24074,-63.025585,-0.787820
190.4610,-24074,-63.025585,-0.787820
190.4710,-24074,-63.025585,-0.787820
190.4810,-24074,-63.025585,-0.787820
190.4910,-24074,-63.025585,-0.787820
190.5010,-24074,-63.025585,-0.787820
190.5110,-24074,-63.025585,-0.787820
190.5210,-24074,-63.025585,-0.787820
190.5310,-24074,-63.025585,-0.787820
190.5410,-24074,-63.025585,-0.787820
190.5510,-24074,-63.025585,-0.787820
190.5610,-24074,-63.025585,-0.787820
190.5710,-24074,-63.025585,-0.787820
190.5810,-24074,-63.025585,-0.787820
190.5910,-24074,-63.025585,-0.787820
190.6010,-24074,-63.025585,-0.787820
190.6110,-24074,-63.025585,-0.787820
190.6210,-24074,-63.025585,-0.787820
190.6310,-24074,-63.025585,-0.787820
190.6410,-24074,-63.025585,-0.787820
190.6510,-24074,-63.025585,-0.787820
190.6610,-24074,-63.025585,-0.787820
190.6710,-24074,-63.025585,-0.787820
190.6810,-24074,-63.025585,-0.787820
190.6910,-24074,-63.025585,-0.787820
190.7010,-24074,-63.025585,-0.787820
190.7110,-24074,-63.025585,-0.787820
190.7210,-24074,-63.025585,-0.787820
190.7310,-24074,-63.025585,-0.787820
190.7410,-24074,-63.025585,-0.787820
190.7510,-24074,-63.025585,-0.787820
190.7610,-24074,-63.025585,-0.787820
190.7710,-24074,-63.025585,-0.787820
190.7810,-24074,-63.025585,-0.787820
190.7910,-24074,-63.025585,-0.787820
190.8010,-24074,-63.025585,-0.787820
190.8120,-24074,-63.025585,-0.787820
190.8210,-24074,-63.025585,-0.787820
190.8310,-24074,-63.025585,-0.787820
190.8410,-24074,-63.025585,-0.787820
190.8510,-24074,-63.025585,-0.787820
190.8610,-24074,-63.025585,-0.787820
190.8710,-24074,-63.025585,-0.787820
190.8810,-24074,-63.025585,-0.787820
190.8910,-24074,-63.025585,-0.787820
190.9010,-24074,-63.025585,-0.787820
190.9110,-24074,-63.025585,-0.787820
190.9210,-24074,-63.025585,-0.787820
190.9310,-24074,-63.025585,-0.787820
190.9410,-24074,-63.025585,-0.787820
190.9510,-24074,-63.025585,-0.787820
190.9610,-24074,-63.025585,-0.787820
190.9710,-24074,-63.025585,-0.787820
190.9810,-24074,-63.025585,-0.787820
190.9910,-24074,-63.025585,-0.787820
191.0010,-24074,-63.025585,-0.787820
191.0110,-24074,-63.025585,-0.787820
191.0210,-24074,-63.025585,-0.787820
191.0310,-24074,-63.025585,-0.787820
191.0410,-24074,-63.025585,-0.787820
191.0510,-24074,-63.025585,-0.787820
191.0610,-24074,-63.025585,-0.787820
191.0710,-24074,-63.025585,-0.787820
191.0810,-24074,-63.025585,-0.787820
191.0910,-24074,-63.025585,-0.787820
191.1010,-24074,-63.025585,-0.787820
191.1110,-24074,-63.025585,-0.787820
191.1210,-24074,-63.025585,-0.787820
191.1310,-24074,-63.025585,-0.787820
191.1410,-24074,-63.025585,-0.787820
191.1510,-24074,-63.025585,-0.787820
191.1610,-24074,-63.025585,-0.787820
191.1710,-24074,-63.025585,-0.787820
191.1810,-24074,-63.025585,-0.787820
191.1910,-24074,-63.025585,-0.787820
191.2010,-24074,-63.025585,-0.787820
191.2110,-24074,-63.025585,-0.787820
191.2210,-24074,-63.025585,-0.787820
191.2310,-24074,-63.025585,-0.787820
191.2410,-24074,-63.025585,-0.787820
191.2510,-24074,-63.025585,-0.787820
191.2610,-24074,-63.025585,-0.787820
191.2710,-24074,-63.025585,-0.787820
191.2810,-24074,-63.025585,-0.787820
191.2910,-24074,-63.025585,-0.787820
191.3010,-24074,-63.025585,-0.787820
191.3110,-24074,-63.025585,-0.787820
191.3210,-24075,-63.028205,-0.787853
191.3310,-24075,-63.028205,-0.787853
191.3410,-24075,-63.028205,-0.787853
191.3510,-24075,-63.028205,-0.787853
191.3610,-24075,-63.028205,-0.787853
191.3710,-24075,-63.028205,-0.787853
191.3810,-24075,-63.028205,-0.787853
191.3910,-24075,-63.028205,-0.787853
191.4010,-24075,-63.028205,-0.787853
191.4110,-24075,-63.028205,-0.787853
191.4210,-24075,-63.028205,-0.787853
191.4310,-24075,-63.028205,-0.787853
191.4410,-24075,-63.028205,-0.787853
191.4520,-24075,-63.028205,-0.787853
191.4610,-24075,-63.028205,-0.787853
191.4710,-24075,-63.028205,-0.787853
191.4810,-24075,-63.028205,-0.787853
191.4910,-24075,-63.028205,-0.787853
191.5010,-24075,-63.028205,-0.787853
191.5110,-24075,-63.028205,-0.787853
191.5210,-24075,-63.028205,-0.787853
191.5310,-24075,-63.028205,-0.787853
191.5410,-24075,-63.028205,-0.787853
191.5510,-24075,-63.028205,-0.787853
191.5610,-24075,-63.028205,-0.787853
191.5710,-24075,-63.028205,-0.787853
191.5810,-24075,-63.028205,-0.787853
191.5910,-24075,-63.028205,-0.787853
191.6010,-24075,-63.028205,-0.787853
191.6110,-24075,-63.028205,-0.787853
191.6210,-24075,-63.028205,-0.787853
191.6310,-24075,-63.028205,-0.787853
191.6410,-24075,-63.028205,-0.787853
191.6510,-24075,-63.028205,-0.787853
191.6610,-24075,-63.028205,-0.787853
191.6710,-24075,-63.028205,-0.787853
191.6810,-24075,-63.028205,-0.787853
191.6910,-24075,-63.028205,-0.787853
191.7010,-24075,-63.028205,-0.787853
191.7110,-24075,-63.028205,-0.787853
191.7210,-24075,-63.028205,-0.787853
191.7310,-24075,-63.028205,-0.787853
191.7410,-24075,-63.028205,-0.787853
191.7510,-24075,-63.028205,-0.787853
191.7610,-24075,-63.028205,-0.787853
191.7710,-24075,-63.028205,-0.787853
191.7810,-24075,-63.028205,-0.787853
191.7910,-24075,-63.028205,-0.787853
191.8010,-24075,-63.028205,-0.787853
191.8110,-24075,-63.028205,-0.787853
191.8210,-24075,-63.028205,-0.787853
191.8310,-24075,-63.028205,-0.787853
191.8410,-24075,-63.028205,-0.787853
191.8510,-24075,-63.028205,-0.787853
191.8610,-24075,-63.028205,-0.787853
191.8710,-24075,-63.028205,-0.787853
191.8810,-24075,-63.028205,-0.787853
191.8910,-24075,-63.028205,-0.787853
191.9010,-24075,-63.028205,-0.787853
191.9110,-24075,-63.028205,-0.787853
191.9210,-24075,-63.028205,-0.787853
191.9310,-24075,-63.028205,-0.787853
191.9410,-24075,-63.028205,-0.787853
191.9510,-24075,-63.028205,-0.787853
191.9610,-24075,-63.028205,-0.787853
191.9710,-24075,-63.028205,-0.787853
191.9810,-24075,-63.028205,-0.787853
191.9910,-24075,-63.028205,-0.787853
192.0010,-24075,-63.028205,-0.787853
192.0110,-24075,-63.028205,-0.787853
192.0210,-24075,-63.028205,-0.787853
192.0310,-24075,-63.028205,-0.787853
192.0410,-24075,-63.028205,-0.787853
192.0510,-24075,-63.028205,-0.787853
192.0610,-24075,-63.028205,-0.787853
192.0710,-24075,-63.028205,-0.787853
192.0810,-24075,-63.028205,-0.787853
192.0920,-24075,-63.028205,-0.787853
192.1010,-24075,-63.028205,-0.787853
192.1110,-24075,-63.028205,-0.787853
192.1210,-24075,-63.028205,-0.787853
192.1310,-24075,-63.028205,-0.787853
192.1410,-24075,-63.028205,-0.787853
192.1510,-24075,-63.028205,-0.787853
192.1610,-24075,-63.028205,-0.787853
192.1710,-24075,-63.028205,-0.787853
192.1810,-24075,-63.028205,-0.787853
192.1910,-24075,-63.028205,-0.787853
192.2010,-24075,-63.028205,-0.787853
192.2110,-24075,-63.028205,-0.787853
192.2210,-24075,-63.028205,-0.787853
192.2310,-24075,-63.028205,-0.787853
192.2410,-24075,-63.028205,-0.787853
192.2510,-24075,-63.028205,-0.787853
192.2610,-24075,-63.028205,-0.787853
192.2710,-24075,-63.028205,-0.787853
192.2810,-24075,-63.028205,-0.787853
192.2910,-24075,-63.028205,-0.787853
192.3010,-24075,-63.028205,-0.787853
192.3110,-24075,-63.028205,-0.787853
192.3210,-24075,-63.028205,-0.787853
192.3310,-24075,-63.028205,-0.787853
192.3410,-24075,-63.028205,-0.787853
192.3510,-24075,-63.028205,-0.787853
192.3610,-24075,-63.028205,-0.787853
192.3710,-24075,-63.028205,-0.787853
192.3810,-24075,-63.028205,-0.787853
192.3910,-24075,-63.028205,-0.787853
192.4010,-24075,-63.028205,-0.787853
192.4110,-24075,-63.028205,-0.787853
192.4210,-24075,-63.028205,-0.787853
192.4310,-24075,-63.028205,-0.787853
192.4410,-24075,-63.028205,-0.787853
192.4510,-24075,-63.028205,-0.787853
192.4610,-24075,-63.028205,-0.787853
192.4710,-24075,-63.028205,-0.787853
192.4810,-24075,-63.028205,-0.787853
192.4910,-24075,-63.028205,-0.787853
192.5010,-24075,-63.028205,-0.787853
192.5110,-24075,-63.028205,-0.787853
192.5210,-24075,-63.028205,-0.787853
192.5310,-24075,-63.028205,-0.787853
192.5410,-24075,-63.028205,-0.787853
192.5510,-24075,-63.028205,-0.787853
192.5610,-24075,-63.028205,-0.787853
192.5710,-24075,-63.028205,-0.787853
192.5810,-24075,-63.028205,-0.787853
192.5910,-24075,-63.028205,-0.787853
192.6010,-24075,-63.028205,-0.787853
192.6110,-24075,-63.028205,-0.787853
192.6210,-24075,-63.028205,-0.787853
192.6310,-24075,-63.028205,-0.787853
192.6410,-24075,-63.028205,-0.787853
192.6510,-24075,-63.028205,-0.787853
192.6610,-24075,-63.028205,-0.787853
192.6710,-24075,-63.028205,-0.787853
192.6810,-24075,-63.028205,-0.787853
192.6910,-24075,-63.028205,-0.787853
192.7010,-24075,-63.028205,-0.787853
192.7110,-24075,-63.028205,-0.787853
192.7210,-24075,-63.028205,-0.787853
192.7320,-24075,-63.028205,-0.787853
192.7410,-24075,-63.028205,-0.787853
192.7510,-24075,-63.028205,-0.787853
192.7610,-24075,-63.028205,-0.787853
192.7710,-24075,-63.028205,-0.787853
192.7810,-24075,-63.028205,-0.787853
192.7910,-24075,-63.028205,-0.787853
192.8010,-24075,-63.028205,-0.787853
192.8110,-24075,-63.028205,-0.787853
192.8210,-24075,-63.028205,-0.787853
192.8310,-24075,-63.028205,-0.787853
192.8410,-24075,-63.028205,-0.787853
192.8510,-24075,-63.028205,-0.787853
192.8610,-24075,-63.028205,-0.787853
192.8710,-24075,-63.028205,-0.787853
192.8810,-24075,-63.028205,-0.787853
192.8910,-24075,-63.028205,-0.787853
192.9010,-24075,-63.028205,-0.787853
192.9110,-24075,-63.028205,-0.787853
192.9210,-24075,-63.028205,-0.787853
192.9310,-24075,-63.028205,-0.787853
192.9410,-24075,-63.028205,-0.787853
192.9510,-24075,-63.028205,-0.787853
192.9610,-24075,-63.028205,-0.787853
192.9710,-24075,-63.028205,-0.787853
192.9810,-24075,-63.028205,-0.787853
192.9910,-24075,-63.028205,-0.787853
193.0010,-24075,-63.028205,-0.787853
193.0110,-24075,-63.028205,-0.787853
193.0210,-24075,-63.028205,-0.787853
193.0310,-24075,-63.028205,-0.787853
193.0410,-24075,-63.028205,-0.787853
193.0510,-24075,-63.028205,-0.787853
193.0610,-24075,-63.028205,-0.787853
193.0710,-24075,-63.028205,-0.787853
193.0810,-24075,-63.028205,-0.787853
193.0910,-24075,-63.028205,-0.787853
193.1010,-24075,-63.028205,-0.787853
193.1110,-24075,-63.028205,-0.787853
193.1210,-24075,-63.028205,-0.787853
193.1310,-24075,-63.028205,-0.787853
193.1410,-24075,-63.028205,-0.787853
193.1510,-24075,-63.028205,-0.787853
193.1610,-24075,-63.028205,-0.787853
193.1710,-24075,-63.028205,-0.787853
193.1810,-24075,-63.028205,-0.787853
193.1910,-24075,-63.028205,-0.787853
193.2010,-24075,-63.028205,-0.787853
193.2110,-24075,-63.028205,-0.787853
193.2210,-24075,-63.028205,-0.787853
193.2310,-24075,-63.028205,-0.787853
193.2410,-24075,-63.028205,-0.787853
193.2510,-24075,-63.028205,-0.787853
193.2610,-24075,-63.028205,-0.787853
193.2710,-24075,-63.028205,-0.787853
193.2810,-24075,-63.028205,-0.787853
193.2910,-24075,-63.028205,-0.787853
193.3010,-24075,-63.028205,-0.787853
193.3110,-24075,-63.028205,-0.787853
193.3210,-24075,-63.028205,-0.787853
193.3310,-24075,-63.028205,-0.787853
193.3410,-24075,-63.028205,-0.787853
193.3510,-24075,-63.028205,-0.787853
193.3610,-24075,-63.028205,-0.787853
193.3720,-24075,-63.028205,-0.787853
193.3810,-24075,-63.028205,-0.787853
193.3910,-24075,-63.028205,-0.787853
193.4010,-24075,-63.028205,-0.787853
193.4110,-24075,-63.028205,-0.787853
193.4210,-24075,-63.028205,-0.787853
193.4310,-24075,-63.028205,-0.787853
193.4410,-24075,-63.028205,-0.787853
193.4510,-24075,-63.028205,-0.787853
193.4610,-24075,-63.028205,-0.787853
193.4710,-24075,-63.028205,-0.787853
193.4810,-24075,-63.028205,-0.787853
193.4910,-24075,-63.028205,-0.787853
193.5010,-24075,-63.028205,-0.787853
193.5110,-24075,-63.028205,-0.787853
193.5210,-24075,-63.028205,-0.787853
193.5310,-24075,-63.028205,-0.787853
193.5410,-24075,-63.028205,-0.787853
193.5510,-24075,-63.028205,-0.787853
193.5610,-24075,-63.028205,-0.787853
193.5710,-24075,-63.028205,-0.787853
193.5810,-24075,-63.028205,-0.787853
193.5910,-24075,-63.028205,-0.787853
193.6010,-24075,-63.028205,-0.787853
193.6110,-24075,-63.028205,-0.787853
193.6210,-24075,-63.028205,-0.787853
193.6310,-24075,-63.028205,-0.787853
193.6410,-24075,-63.028205,-0.787853
193.6510,-24075,-63.028205,-0.787853
193.6610,-24075,-63.028205,-0.787853
193.6710,-24075,-63.028205,-0.787853
193.6810,-24075,-63.028205,-0.787853
193.6910,-24075,-63.028205,-0.787853
193.7010,-24075,-63.028205,-0.787853
193.7110,-24075,-63.028205,-0.787853
193.7210,-24075,-63.028205,-0.787853
193.7310,-24075,-63.028205,-0.787853
193.7410,-24075,-63.028205,-0.787853
193.7510,-24075,-63.028205,-0.787853
193.7610,-24075,-63.028205,-0.787853
193.7710,-24075,-63.028205,-0.787853
193.7810,-24075,-63.028205,-0.787853
193.7910,-24075,-63.028205,-0.787853
193.8010,-24075,-63.028205,-0.787853
193.8110,-24075,-63.028205,-0.787853
193.8210,-24075,-63.028205,-0.787853
193.8310,-24075,-63.028205,-0.787853
193.8410,-24075,-63.028205,-0.787853
193.8510,-24075,-63.028205,-0.787853
193.8610,-24075,-63.028205,-0.787853
193.8710,-24075,-63.028205,-0.787853
193.8810,-24075,-63.028205,-0.787853
193.8910,-24075,-63.028205,-0.787853
193.9010,-24075,-63.028205,-0.787853
193.9110,-24075,-63.028205,-0.787853
193.9210,-24075,-63.028205,-0.787853
193.9310,-24075,-63.028205,-0.787853
193.9410,-24075,-63.028205,-0.787853
193.9510,-24075,-63.028205,-0.787853
193.9610,-24075,-63.028205,-0.787853
193.9710,-24075,-63.028205,-0.787853
193.9810,-24075,-63.028205,-0.787853
193.9910,-24075,-63.028205,-0.787853
194.0010,-24075,-63.028205,-0.787853
194.0120,-24075,-63.028205,-0.787853
194.0210,-24075,-63.028205,-0.787853
194.0310,-24075,-63.028205,-0.787853
194.0410,-24075,-63.028205,-0.787853
194.0510,-24075,-63.028205,-0.787853
194.0610,-24075,-63.028205,-0.787853
194.0710,-24075,-63.028205,-0.787853
194.0810,-24075,-63.028205,-0.787853
194.0910,-24075,-63.028205,-0.787853
194.1010,-24075,-63.028205,-0.787853
194.1110,-24075,-63.028205,-0.787853
194.1210,-24075,-63.028205,-0.787853
194.1310,-24075,-63.028205,-0.787853
194.1410,-24075,-63.028205,-0.787853
194.1510,-24075,-63.028205,-0.787853
194.1610,-24075,-63.028205,-0.787853
194.1710,-24075,-63.028205,-0.787853
194.1810,-24075,-63.028205,-0.787853
194.1910,-24075,-63.028205,-0.787853
194.2010,-24075,-63.028205,-0.787853
194.2110,-24075,-63.028205,-0.787853
194.2210,-24075,-63.028205,-0.787853
194.2310,-24075,-63.028205,-0.787853
194.2410,-24075,-63.028205,-0.787853
194.2510,-24075,-63.028205,-0.787853
194.2610,-24075,-63.028205,-0.787853
194.2710,-24075,-63.028205,-0.787853
194.2810,-24075,-63.028205,-0.787853
194.2910,-24075,-63.028205,-0.787853
194.3010,-24075,-63.028205,-0.787853
194.3110,-24075,-63.028205,-0.787853
194.3210,-24075,-63.028205,-0.787853
194.3310,-24075,-63.028205,-0.787853
194.3410,-24075,-63.028205,-0.787853
194.3510,-24075,-63.028205,-0.787853
194.3610,-24075,-63.028205,-0.787853
194.3710,-24075,-63.028205,-0.787853
194.3810,-24075,-63.028205,-0.787853
194.3910,-24075,-63.028205,-0.787853
194.4010,-24075,-63.028205,-0.787853
194.4110,-24075,-63.028205,-0.787853
194.4210,-24075,-63.028205,-0.787853
194.4310,-24075,-63.028205,-0.787853
194.4410,-24075,-63.028205,-0.787853
194.4510,-24075,-63.028205,-0.787853
194.4610,-24075,-63.028205,-0.787853
194.4710,-24075,-63.028205,-0.787853
194.4810,-24075,-63.028205,-0.787853
194.4910,-24075,-63.028205,-0.787853
194.5010,-24075,-63.028205,-0.787853
194.5110,-24075,-63.028205,-0.787853
194.5210,-24075,-63.028205,-0.787853
194.5310,-24075,-63.028205,-0.787853
194.5410,-24075,-63.028205,-0.787853
194.5510,-24075,-63.028205,-0.787853
194.5610,-24075,-63.028205,-0.787853
194.5710,-24075,-63.028205,-0.787853
194.5810,-24075,-63.028205,-0.787853
194.5910,-24075,-63.028205,-0.787853
194.6010,-24075,-63.028205,-0.787853
194.6110,-24075,-63.028205,-0.787853
194.6210,-24075,-63.028205,-0.787853
194.6310,-24075,-63.028205,-0.787853
194.6410,-24075,-63.028205,-0.787853
194.6520,-24075,-63.028205,-0.787853
194.6610,-24075,-63.028205,-0.787853
194.6710,-24075,-63.028205,-0.787853
194.6810,-24075,-63.028205,-0.787853
194.6910,-24075,-63.028205,-0.787853
194.7010,-24075,-63.028205,-0.787853
194.7110,-24075,-63.028205,-0.787853
194.7210,-24075,-63.028205,-0.787853
194.7310,-24075,-63.028205,-0.787853
194.7410,-24075,-63.028205,-0.787853
194.7510,-24075,-63.028205,-0.787853
194.7610,-24075,-63.028205,-0.787853
194.7710,-24075,-63.028205,-0.787853
194.7810,-24075,-63.028205,-0.787853
194.7910,-24075,-63.028205,-0.787853
194.8010,-24075,-63.028205,-0.787853
194.8110,-24075,-63.028205,-0.787853
194.8210,-24075,-63.028205,-0.787853
194.8310,-24075,-63.028205,-0.787853
194.8410,-24075,-63.028205,-0.787853
194.8510,-24075,-63.028205,-0.787853
194.8610,-24075,-63.028205,-0.787853
194.8710,-24075,-63.028205,-0.787853
194.8810,-24075,-63.028205,-0.787853
194.8910,-24075,-63.028205,-0.787853
194.9010,-24075,-63.028205,-0.787853
194.9110,-24075,-63.028205,-0.787853
194.9210,-24075,-63.028205,-0.787853
194.9310,-24075,-63.028205,-0.787853
194.9410,-24075,-63.028205,-0.787853
194.9510,-24075,-63.028205,-0.787853
194.9610,-24075,-63.028205,-0.787853
194.9710,-24075,-63.028205,-0.787853
194.9810,-24075,-63.028205,-0.787853
194.9910,-24075,-63.028205,-0.787853
195.0010,-24075,-63.028205,-0.787853
195.0110,-24075,-63.028205,-0.787853
195.0210,-24075,-63.028205,-0.787853
195.0310,-24075,-63.028205,-0.787853
195.0410,-24075,-63.028205,-0.787853
195.0510,-24075,-63.028205,-0.787853
195.0610,-24075,-63.028205,-0.787853
195.0710,-24075,-63.028205,-0.787853
195.0810,-24075,-63.028205,-0.787853
195.0910,-24075,-63.028205,-0.787853
195.1010,-24075,-63.028205,-0.787853
195.1110,-24075,-63.028205,-0.787853
195.1210,-24075,-63.028205,-0.787853
195.1310,-24075,-63.028205,-0.787853
195.1410,-24075,-63.028205,-0.787853
195.1510,-24075,-63.028205,-0.787853
195.1610,-24075,-63.028205,-0.787853
195.1710,-24075,-63.028205,-0.787853
195.1810,-24075,-63.028205,-0.787853
195.1910,-24075,-63.028205,-0.787853
195.2010,-24075,-63.028205,-0.787853
195.2110,-24075,-63.028205,-0.787853
195.2210,-24075,-63.028205,-0.787853
195.2310,-24075,-63.028205,-0.787853
195.2410,-24075,-63.028205,-0.787853
195.2510,-24075,-63.028205,-0.787853
195.2610,-24075,-63.028205,-0.787853
195.2710,-24075,-63.028205,-0.787853
195.2810,-24075,-63.028205,-0.787853
195.2920,-24075,-63.028205,-0.787853
195.3010,-24075,-63.028205,-0.787853
195.3110,-24075,-63.028205,-0.787853
195.3210,-24075,-63.028205,-0.787853
195.3310,-24075,-63.028205,-0.787853
195.3410,-24075,-63.028205,-0.787853
195.3510,-24075,-63.028205,-0.787853
195.3610,-24075,-63.028205,-0.787853
195.3710,-24075,-63.028205,-0.787853
195.3810,-24075,-63.028205,-0.787853
195.3910,-24075,-63.028205,-0.787853
195.4010,-24075,-63.028205,-0.787853
195.4110,-24075,-63.028205,-0.787853
195.4210,-24075,-63.028205,-0.787853
195.4310,-24075,-63.028205,-0.787853
195.4410,-24075,-63.028205,-0.787853
195.4510,-24075,-63.028205,-0.787853
195.4610,-24075,-63.028205,-0.787853
195.4710,-24075,-63.028205,-0.787853
195.4810,-24075,-63.028205,-0.787853
195.4910,-24075,-63.028205,-0.787853
195.5010,-24075,-63.028205,-0.787853
195.5110,-24075,-63.028205,-0.787853
195.5210,-24075,-63.028205,-0.787853
195.5310,-24075,-63.028205,-0.787853
195.5410,-24075,-63.028205,-0.787853
195.5510,-24075,-63.028205,-0.787853
195.5610,-24075,-63.028205,-0.787853
195.5710,-24075,-63.028205,-0.787853
195.5810,-24075,-63.028205,-0.787853
195.5910,-24075,-63.028205,-0.787853
195.6010,-24075,-63.028205,-0.787853
195.6110,-24075,-63.028205,-0.787853
195.6210,-24075,-63.028205,-0.787853
195.6310,-24075,-63.028205,-0.787853
195.6410,-24075,-63.028205,-0.787853
195.6510,-24075,-63.028205,-0.787853
195.6610,-24075,-63.028205,-0.787853
195.6710,-24075,-63.028205,-0.787853
195.6810,-24075,-63.028205,-0.787853
195.6910,-24075,-63.028205,-0.787853
195.7010,-24075,-63.028205,-0.787853
195.7110,-24075,-63.028205,-0.787853
195.7210,-24075,-63.028205,-0.787853
195.7310,-24075,-63.028205,-0.787853
195.7410,-24075,-63.028205,-0.787853
195.7510,-24075,-63.028205,-0.787853
195.7610,-24075,-63.028205,-0.787853
195.7710,-24075,-63.028205,-0.787853
195.7810,-24075,-63.028205,-0.787853
195.7910,-24075,-63.028205,-0.787853
195.8010,-24075,-63.028205,-0.787853
195.8110,-24075,-63.028205,-0.787853
195.8210,-24075,-63.028205,-0.787853
195.8310,-24075,-63.028205,-0.787853
195.8410,-24075,-63.028205,-0.787853
195.8510,-24075,-63.028205,-0.787853
195.8610,-24075,-63.028205,-0.787853
195.8710,-24075,-63.028205,-0.787853
195.8810,-24075,-63.028205,-0.787853
195.8910,-24075,-63.028205,-0.787853
195.9010,-24075,-63.028205,-0.787853
195.9110,-24075,-63.028205,-0.787853
195.9210,-24075,-63.028205,-0.787853
195.9320,-24075,-63.028205,-0.787853
195.9410,-24075,-63.028205,-0.787853
195.9510,-24075,-63.028205,-0.787853
195.9610,-24075,-63.028205,-0.787853
195.9710,-24075,-63.028205,-0.787853
195.9810,-24075,-63.028205,-0.787853
195.9910,-24075,-63.028205,-0.787853
196.0010,-24075,-63.028205,-0.787853
196.0110,-24075,-63.028205,-0.787853
196.0210,-24075,-63.028205,-0.787853
196.0310,-24075,-63.028205,-0.787853
196.0410,-24075,-63.028205,-0.787853
196.0510,-24075,-63.028205,-0.787853
196.0610,-24075,-63.028205,-0.787853
196.0710,-24075,-63.028205,-0.787853
196.0810,-24075,-63.028205,-0.787853
196.0910,-24075,-63.028205,-0.787853
196.1010,-24075,-63.028205,-0.787853
196.1110,-24075,-63.028205,-0.787853
196.1210,-24075,-63.028205,-0.787853
196.1310,-24075,-63.028205,-0.787853
196.1410,-24075,-63.028205,-0.787853
196.1510,-24075,-63.028205,-0.787853
196.1610,-24075,-63.028205,-0.787853
196.1710,-24075,-63.028205,-0.787853
196.1810,-24075,-63.028205,-0.787853
196.1910,-24075,-63.028205,-0.787853
196.2010,-24075,-63.028205,-0.787853
196.2110,-24075,-63.028205,-0.787853
196.2210,-24075,-63.028205,-0.787853
196.2310,-24075,-63.028205,-0.787853
196.2410,-24075,-63.028205,-0.787853
196.2510,-24075,-63.028205,-0.787853
196.2610,-24075,-63.028205,-0.787853
196.2710,-24075,-63.028205,-0.787853
196.2810,-24075,-63.028205,-0.787853
196.2910,-24075,-63.028205,-0.787853
196.3010,-24075,-63.028205,-0.787853
196.3110,-24075,-63.028205,-0.787853
196.3210,-24075,-63.028205,-0.787853
196.3310,-24075,-63.028205,-0.787853
196.3410,-24075,-63.028205,-0.787853
196.3510,-24075,-63.028205,-0.787853
196.3610,-24075,-63.028205,-0.787853
196.3710,-24075,-63.028205,-0.787853
196.3810,-24075,-63.028205,-0.787853
196.3910,-24075,-63.028205,-0.787853
196.4010,-24075,-63.028205,-0.787853
196.4110,-24075,-63.028205,-0.787853
196.4210,-24075,-63.028205,-0.787853
196.4310,-24075,-63.028205,-0.787853
196.4410,-24075,-63.028205,-0.787853
196.4510,-24075,-63.028205,-0.787853
196.4610,-24075,-63.028205,-0.787853
196.4710,-24075,-63.028205,-0.787853
196.4810,-24075,-63.028205,-0.787853
196.4910,-24075,-63.028205,-0.787853
196.5010,-24075,-63.028205,-0.787853
196.5110,-24075,-63.028205,-0.787853
196.5210,-24075,-63.028205,-0.787853
196.5310,-24075,-63.028205,-0.787853
196.5410,-24075,-63.028205,-0.787853
196.5510,-24075,-63.028205,-0.787853
196.5610,-24075,-63.028205,-0.787853
196.5720,-24075,-63.028205,-0.787853
196.5810,-24075,-63.028205,-0.787853
196.5910,-24075,-63.028205,-0.787853
196.6010,-24075,-63.028205,-0.787853
196.6110,-24075,-63.028205,-0.787853
196.6210,-24075,-63.028205,-0.787853
196.6310,-24075,-63.028205,-0.787853
196.6410,-24075,-63.028205,-0.787853
196.6510,-24075,-63.028205,-0.787853
196.6610,-24075,-63.028205,-0.787853
196.6710,-24075,-63.028205,-0.787853
196.6810,-24075,-63.028205,-0.787853
196.6910,-24075,-63.028205,-0.787853
196.7010,-24075,-63.028205,-0.787853
196.7110,-24075,-63.028205,-0.787853
196.7210,-24075,-63.028205,-0.787853
196.7310,-24075,-63.028205,-0.787853
196.7410,-24075,-63.028205,-0.787853
196.7510,-24075,-63.028205,-0.787853
196.7610,-24075,-63.028205,-0.787853
196.7710,-24075,-63.028205,-0.787853
196.7810,-24075,-63.028205,-0.787853
196.7910,-24075,-63.028205,-0.787853
196.8010,-24075,-63.028205,-0.787853
196.8110,-24075,-63.028205,-0.787853
196.8210,-24075,-63.028205,-0.787853
196.8310,-24075,-63.028205,-0.787853
196.8410,-24075,-63.028205,-0.787853
196.8510,-24075,-63.028205,-0.787853
196.8610,-24075,-63.028205,-0.787853
196.8710,-24075,-63.028205,-0.787853
196.8810,-24075,-63.028205,-0.787853
196.8910,-24075,-63.028205,-0.787853
196.9010,-24075,-63.028205,-0.787853
196.9110,-24075,-63.028205,-0.787853
196.9210,-24075,-63.028205,-0.787853
196.9310,-24075,-63.028205,-0.787853
196.9410,-24075,-63.028205,-0.787853
196.9510,-24075,-63.028205,-0.787853
196.9610,-24075,-63.028205,-0.787853
196.9710,-24075,-63.028205,-0.787853
196.9810,-24075,-63.028205,-0.787853
196.9910,-24075,-63.028205,-0.787853
197.0010,-24075,-63.028205,-0.787853
197.0110,-24075,-63.028205,-0.787853
197.0210,-24075,-63.028205,-0.787853
197.0310,-24075,-63.028205,-0.787853
197.0410,-24075,-63.028205,-0.787853
197.0510,-24075,-63.028205,-0.787853
197.0610,-24075,-63.028205,-0.787853
197.0710,-24075,-63.028205,-0.787853
197.0810,-24075,-63.028205,-0.787853
197.0910,-24075,-63.028205,-0.787853
197.1010,-24075,-63.028205,-0.787853
197.1110,-24075,-63.028205,-0.787853
197.1210,-24075,-63.028205,-0.787853
197.1310,-24075,-63.028205,-0.787853
197.1410,-24075,-63.028205,-0.787853
197.1510,-24075,-63.028205,-0.787853
197.1610,-24075,-63.028205,-0.787853
197.1710,-24075,-63.028205,-0.787853
197.1810,-24075,-63.028205,-0.787853
197.1910,-24075,-63.028205,-0.787853
197.2010,-24075,-63.028205,-0.787853
197.2120,-24075,-63.028205,-0.787853
197.2210,-24075,-63.028205,-0.787853
197.2310,-24075,-63.028205,-0.787853
197.2410,-24075,-63.028205,-0.787853
197.2510,-24075,-63.028205,-0.787853
197.2610,-24075,-63.028205,-0.787853
197.2710,-24075,-63.028205,-0.787853
197.2810,-24075,-63.028205,-0.787853
197.2910,-24075,-63.028205,-0.787853
197.3010,-24075,-63.028205,-0.787853
197.3110,-24075,-63.028205,-0.787853
197.3210,-24075,-63.028205,-0.787853
197.3310,-24075,-63.028205,-0.787853
197.3410,-24075,-63.028205,-0.787853
197.3510,-24075,-63.028205,-0.787853
197.3610,-24075,-63.028205,-0.787853
197.3710,-24075,-63.028205,-0.787853
197.3810,-24075,-63.028205,-0.787853
197.3910,-24075,-63.028205,-0.787853
197.4010,-24075,-63.028205,-0.787853
197.4110,-24075,-63.028205,-0.787853
197.4210,-24075,-63.028205,-0.787853
197.4310,-24075,-63.028205,-0.787853
197.4410,-24075,-63.028205,-0.787853
197.4510,-24075,-63.028205,-0.787853
197.4610,-24075,-63.028205,-0.787853
197.4710,-24075,-63.028205,-0.787853
197.4810,-24075,-63.028205,-0.787853
197.4910,-24075,-63.028205,-0.787853
197.5010,-24075,-63.028205,-0.787853
197.5110,-24075,-63.028205,-0.787853
197.5210,-24075,-63.028205,-0.787853
197.5310,-24075,-63.028205,-0.787853
197.5410,-24075,-63.028205,-0.787853
197.5510,-24075,-63.028205,-0.787853
197.5610,-24075,-63.028205,-0.787853
197.5710,-24075,-63.028205,-0.787853
197.5810,-24075,-63.028205,-0.787853
197.5910,-24075,-63.028205,-0.787853
197.6010,-24075,-63.028205,-0.787853
197.6110,-24075,-63.028205,-0.787853
197.6210,-24075,-63.028205,-0.787853
197.6310,-24075,-63.028205,-0.787853
197.6410,-24075,-63.028205,-0.787853
197.6510,-24075,-63.028205,-0.787853
197.6610,-24075,-63.028205,-0.787853
197.6710,-24075,-63.028205,-0.787853
197.6810,-24075,-63.028205,-0.787853
197.6910,-24075,-63.028205,-0.787853
197.7010,-24075,-63.028205,-0.787853
197.7110,-24075,-63.028205,-0.787853
197.7210,-24075,-63.028205,-0.787853
197.7310,-24075,-63.028205,-0.787853
197.7410,-24075,-63.028205,-0.787853
197.7510,-24075,-63.028205,-0.787853
197.7610,-24075,-63.028205,-0.787853
197.7710,-24075,-63.028205,-0.787853
197.7810,-24075,-63.028205,-0.787853
197.7910,-24075,-63.028205,-0.787853
197.8010,-24075,-63.028205,-0.787853
197.8110,-24075,-63.028205,-0.787853
197.8210,-24075,-63.028205,-0.787853
197.8310,-24075,-63.028205,-0.787853
197.8410,-24075,-63.028205,-0.787853
197.8520,-24075,-63.028205,-0.787853
197.8610,-24075,-63.028205,-0.787853
197.8710,-24075,-63.028205,-0.787853
197.8810,-24075,-63.028205,-0.787853
197.8910,-24075,-63.028205,-0.787853
197.9010,-24075,-63.028205,-0.787853
197.9110,-24075,-63.028205,-0.787853
197.9210,-24075,-63.028205,-0.787853
197.9310,-24075,-63.028205,-0.787853
197.9410,-24075,-63.028205,-0.787853
197.9510,-24075,-63.028205,-0.787853
197.9610,-24075,-63.028205,-0.787853
197.9710,-24075,-63.028205,-0.787853
197.9810,-24075,-63.028205,-0.787853
197.9910,-24075,-63.028205,-0.787853
198.0010,-24075,-63.028205,-0.787853
198.0110,-24075,-63.028205,-0.787853
198.0210,-24075,-63.028205,-0.787853
198.0310,-24075,-63.028205,-0.787853
198.0410,-24075,-63.028205,-0.787853
198.0510,-24075,-63.028205,-0.787853
198.0610,-24075,-63.028205,-0.787853
198.0710,-24075,-63.028205,-0.787853
198.0810,-24075,-63.028205,-0.787853
198.0910,-24075,-63.028205,-0.787853
198.1010,-24075,-63.028205,-0.787853
198.1110,-24075,-63.028205,-0.787853
198.1210,-24075,-63.028205,-0.787853
198.1310,-24075,-63.028205,-0.787853
198.1410,-24075,-63.028205,-0.787853
198.1510,-24075,-63.028205,-0.787853
198.1610,-24075,-63.028205,-0.787853
198.1710,-24075,-63.028205,-0.787853
198.1810,-24075,-63.028205,-0.787853
198.1910,-24075,-63.028205,-0.787853
198.2010,-24075,-63.028205,-0.787853
198.2110,-24075,-63.028205,-0.787853
198.2210,-24075,-63.028205,-0.787853
198.2310,-24075,-63.028205,-0.787853
198.2410,-24075,-63.028205,-0.787853
198.2510,-24075,-63.028205,-0.787853
198.2610,-24075,-63.028205,-0.787853
198.2710,-24075,-63.028205,-0.787853
198.2810,-24075,-63.028205,-0.787853
198.2910,-24075,-63.028205,-0.787853
198.3010,-24075,-63.028205,-0.787853
198.3110,-24075,-63.028205,-0.787853
198.3210,-24075,-63.028205,-0.787853
198.3310,-24075,-63.028205,-0.787853
198.3410,-24075,-63.028205,-0.787853
198.3510,-24075,-63.028205,-0.787853
198.3610,-24075,-63.028205,-0.787853
198.3710,-24075,-63.028205,-0.787853
198.3810,-24075,-63.028205,-0.787853
198.3910,-24075,-63.028205,-0.787853
198.4010,-24075,-63.028205,-0.787853
198.4110,-24075,-63.028205,-0.787853
198.4210,-24075,-63.028205,-0.787853
198.4310,-24075,-63.028205,-0.787853
198.4410,-24075,-63.028205,-0.787853
198.4510,-24075,-63.028205,-0.787853
198.4610,-24075,-63.028205,-0.787853
198.4710,-24075,-63.028205,-0.787853
198.4810,-24075,-63.028205,-0.787853
198.4920,-24075,-63.028205,-0.787853
198.5010,-24075,-63.028205,-0.787853
198.5110,-24075,-63.028205,-0.787853
198.5210,-24075,-63.028205,-0.787853
198.5310,-24075,-63.028205,-0.787853
198.5410,-24075,-63.028205,-0.787853
198.5510,-24075,-63.028205,-0.787853
198.5610,-24075,-63.028205,-0.787853
198.5710,-24075,-63.028205,-0.787853
198.5810,-24075,-63.028205,-0.787853
198.5910,-24075,-63.028205,-0.787853
198.6010,-24075,-63.028205,-0.787853
198.6110,-24075,-63.028205,-0.787853
198.6210,-24075,-63.028205,-0.787853
198.6310,-24075,-63.028205,-0.787853
198.6410,-24075,-63.028205,-0.787853
198.6510,-24075,-63.028205,-0.787853
198.6610,-24075,-63.028205,-0.787853
198.6710,-24075,-63.028205,-0.787853
198.6810,-24075,-63.028205,-0.787853
198.6910,-24075,-63.028205,-0.787853
198.7010,-24075,-63.028205,-0.787853
198.7110,-24075,-63.028205,-0.787853
198.7210,-24075,-63.028205,-0.787853
198.7310,-24075,-63.028205,-0.787853
198.7410,-24075,-63.028205,-0.787853
198.7510,-24075,-63.028205,-0.787853
198.7610,-24075,-63.028205,-0.787853
198.7710,-24075,-63.028205,-0.787853
198.7810,-24075,-63.028205,-0.787853
198.7910,-24075,-63.028205,-0.787853
198.8010,-24075,-63.028205,-0.787853
198.8110,-24075,-63.028205,-0.787853
198.8210,-24075,-63.028205,-0.787853
198.8310,-24075,-63.028205,-0.787853
198.8410,-24075,-63.028205,-0.787853
198.8510,-24075,-63.028205,-0.787853
198.8610,-24075,-63.028205,-0.787853
198.8710,-24075,-63.028205,-0.787853
198.8810,-24075,-63.028205,-0.787853
198.8910,-24075,-63.028205,-0.787853
198.9010,-24075,-63.028205,-0.787853
198.9110,-24075,-63.028205,-0.787853
198.9210,-24075,-63.028205,-0.787853
198.9310,-24075,-63.028205,-0.787853
198.9410,-24075,-63.028205,-0.787853
198.9510,-24075,-63.028205,-0.787853
198.9610,-24075,-63.028205,-0.787853
198.9710,-24075,-63.028205,-0.787853
198.9810,-24075,-63.028205,-0.787853
198.9910,-24075,-63.028205,-0.787853
199.0010,-24075,-63.028205,-0.787853
199.0110,-24075,-63.028205,-0.787853
199.0210,-24075,-63.028205,-0.787853
199.0310,-24075,-63.028205,-0.787853
199.0410,-24075,-63.028205,-0.787853
199.0510,-24075,-63.028205,-0.787853
199.0610,-24075,-63.028205,-0.787853
199.0710,-24075,-63.028205,-0.787853
199.0810,-24075,-63.028205,-0.787853
199.0910,-24075,-63.028205,-0.787853
199.1010,-24075,-63.028205,-0.787853
199.1110,-24075,-63.028205,-0.787853
199.1210,-24075,-63.028205,-0.787853
199.1320,-24075,-63.028205,-0.787853
199.1410,-24075,-63.028205,-0.787853
199.1510,-24075,-63.028205,-0.787853
199.1610,-24075,-63.028205,-0.787853
199.1710,-24075,-63.028205,-0.787853
199.1810,-24075,-63.028205,-0.787853
199.1910,-24075,-63.028205,-0.787853
199.2010,-24075,-63.028205,-0.787853
199.2110,-24075,-63.028205,-0.787853
199.2210,-24075,-63.028205,-0.787853
199.2310,-24075,-63.028205,-0.787853
199.2410,-24075,-63.028205,-0.787853
199.2510,-24075,-63.028205,-0.787853
199.2610,-24075,-63.028205,-0.787853
199.2710,-24076,-63.030822,-0.787885
199.2810,-24076,-63.030822,-0.787885
199.2910,-24076,-63.030822,-0.787885
199.3010,-24076,-63.030822,-0.787885
199.3110,-24076,-63.030822,-0.787885
199.3210,-24076,-63.030822,-0.787885
199.3310,-24076,-63.030822,-0.787885
199.3410,-24076,-63.030822,-0.787885
199.3510,-24076,-63.030822,-0.787885
199.3610,-24076,-63.030822,-0.787885
199.3710,-24076,-63.030822,-0.787885
199.3810,-24076,-63.030822,-0.787885
199.3910,-24076,-63.030822,-0.787885
199.4010,-24076,-63.030822,-0.787885
199.4110,-24076,-63.030822,-0.787885
199.4210,-24076,-63.030822,-0.787885
199.4310,-24076,-63.030822,-0.787885
199.4410,-24076,-63.030822,-0.787885
199.4510,-24076,-63.030822,-0.787885
199.4610,-24076,-63.030822,-0.787885
199.4710,-24076,-63.030822,-0.787885
199.4810,-24076,-63.030822,-0.787885
199.4910,-24076,-63.030822,-0.787885
199.5010,-24076,-63.030822,-0.787885
199.5110,-24076,-63.030822,-0.787885
199.5210,-24076,-63.030822,-0.787885
199.5310,-24076,-63.030822,-0.787885
199.5410,-24076,-63.030822,-0.787885
199.5510,-24076,-63.030822,-0.787885
199.5610,-24076,-63.030822,-0.787885
199.5710,-24076,-63.030822,-0.787885
199.5810,-24076,-63.030822,-0.787885
199.5910,-24076,-63.030822,-0.787885
199.6010,-24076,-63.030822,-0.787885
199.6110,-24076,-63.030822,-0.787885
199.6210,-24076,-63.030822,-0.787885
199.6310,-24076,-63.030822,-0.787885
199.6410,-24076,-63.030822,-0.787885
199.6510,-24076,-63.030822,-0.787885
199.6610,-24076,-63.030822,-0.787885
199.6710,-24076,-63.030822,-0.787885
199.6810,-24076,-63.030822,-0.787885
199.6910,-24076,-63.030822,-0.787885
199.7010,-24076,-63.030822,-0.787885
199.7110,-24076,-63.030822,-0.787885
199.7210,-24076,-63.030822,-0.787885
199.7310,-24076,-63.030822,-0.787885
199.7410,-24076,-63.030822,-0.787885
199.7510,-24076,-63.030822,-0.787885
199.7610,-24076,-63.030822,-0.787885
199.7720,-24076,-63.030822,-0.787885
199.7810,-24076,-63.030822,-0.787885
199.7910,-24076,-63.030822,-0.787885
199.8010,-24076,-63.030822,-0.787885
199.8110,-24076,-63.030822,-0.787885
199.8210,-24076,-63.030822,-0.787885
199.8310,-24076,-63.030822,-0.787885
199.8410,-24076,-63.030822,-0.787885
199.8510,-24076,-63.030822,-0.787885
199.8610,-24076,-63.030822,-0.787885
199.8710,-24076,-63.030822,-0.787885
199.8810,-24076,-63.030822,-0.787885
199.8910,-24076,-63.030822,-0.787885
199.9010,-24076,-63.030822,-0.787885
199.9110,-24076,-63.030822,-0.787885
199.9210,-24076,-63.030822,-0.787885
199.9310,-24076,-63.030822,-0.787885
199.9410,-24076,-63.030822,-0.787885
199.9510,-24076,-63.030822,-0.787885
199.9610,-24076,-63.030822,-0.787885
199.9710,-24076,-63.030822,-0.787885
199.9810,-24076,-63.030822,-0.787885
199.9910,-24076,-63.030822,-0.787885
200.0010,-24076,-63.030822,-0.787885
200.0110,-24076,-63.030822,-0.787885
200.0210,-24076,-63.030822,-0.787885
200.0310,-24076,-63.030822,-0.787885
200.0410,-24076,-63.030822,-0.787885
200.0510,-24076,-63.030822,-0.787885
200.0610,-24076,-63.030822,-0.787885
200.0710,-24076,-63.030822,-0.787885
200.0810,-24076,-63.030822,-0.787885
200.0910,-24076,-63.030822,-0.787885
200.1010,-24076,-63.030822,-0.787885
200.1110,-24076,-63.030822,-0.787885
200.1210,-24076,-63.030822,-0.787885
200.1310,-24076,-63.030822,-0.787885
200.1410,-24076,-63.030822,-0.787885
200.1510,-24076,-63.030822,-0.787885
200.1610,-24076,-63.030822,-0.787885
200.1710,-24076,-63.030822,-0.787885
200.1810,-24076,-63.030822,-0.787885
200.1910,-24076,-63.030822,-0.787885
200.2010,-24076,-63.030822,-0.787885
200.2110,-24076,-63.030822,-0.787885
200.2210,-24076,-63.030822,-0.787885
200.2310,-24076,-63.030822,-0.787885
200.2410,-24076,-63.030822,-0.787885
200.2510,-24076,-63.030822,-0.787885
200.2610,-24076,-63.030822,-0.787885
200.2710,-24076,-63.030822,-0.787885
200.2810,-24076,-63.030822,-0.787885
200.2910,-24076,-63.030822,-0.787885
200.3010,-24076,-63.030822,-0.787885
200.3110,-24076,-63.030822,-0.787885
200.3210,-24076,-63.030822,-0.787885
200.3310,-24076,-63.030822,-0.787885
200.3410,-24076,-63.030822,-0.787885
200.3510,-24076,-63.030822,-0.787885
200.3610,-24076,-63.030822,-0.787885
200.3710,-24076,-63.030822,-0.787885
200.3810,-24076,-63.030822,-0.787885
200.3910,-24076,-63.030822,-0.787885
200.4010,-24076,-63.030822,-0.787885
200.4120,-24076,-63.030822,-0.787885
200.4210,-24076,-63.030822,-0.787885
200.4310,-24076,-63.030822,-0.787885
200.4410,-24076,-63.030822,-0.787885
200.4510,-24076,-63.030822,-0.787885
200.4610,-24076,-63.030822,-0.787885
200.4710,-24076,-63.030822,-0.787885
200.4810,-24076,-63.030822,-0.787885
200.4910,-24076,-63.030822,-0.787885
200.5010,-24076,-63.030822,-0.787885
200.5110,-24076,-63.030822,-0.787885
200.5210,-24076,-63.030822,-0.787885
200.5310,-24076,-63.030822,-0.787885
200.5410,-24076,-63.030822,-0.787885
200.5510,-24076,-63.030822,-0.787885
200.5610,-24076,-63.030822,-0.787885
200.5710,-24076,-63.030822,-0.787885
200.5810,-24076,-63.030822,-0.787885
200.5910,-24076,-63.030822,-0.787885
200.6010,-24076,-63.030822,-0.787885
200.6110,-24076,-63.030822,-0.787885
200.6210,-24076,-63.030822,-0.787885
200.6310,-24076,-63.030822,-0.787885
200.6410,-24076,-63.030822,-0.787885
200.6510,-24076,-63.030822,-0.787885
200.6610,-24076,-63.030822,-0.787885
200.6710,-24076,-63.030822,-0.787885
200.6810,-24076,-63.030822,-0.787885
200.6910,-24076,-63.030822,-0.787885
200.7010,-24076,-63.030822,-0.787885
200.7110,-24076,-63.030822,-0.787885
200.7210,-24076,-63.030822,-0.787885
200.7310,-24076,-63.030822,-0.787885
200.7410,-24076,-63.030822,-0.787885
200.7510,-24076,-63.030822,-0.787885
200.7610,-24076,-63.030822,-0.787885
200.7710,-24076,-63.030822,-0.787885
200.7810,-24076,-63.030822,-0.787885
200.7910,-24076,-63.030822,-0.787885
200.8010,-24076,-63.030822,-0.787885
200.8110,-24076,-63.030822,-0.787885
200.8210,-24076,-63.030822,-0.787885
200.8310,-24076,-63.030822,-0.787885
200.8410,-24076,-63.030822,-0.787885
200.8510,-24076,-63.030822,-0.787885
200.8610,-24076,-63.030822,-0.787885
200.8710,-24076,-63.030822,-0.787885
200.8810,-24076,-63.030822,-0.787885
200.8910,-24076,-63.030822,-0.787885
200.9010,-24076,-63.030822,-0.787885
200.9110,-24076,-63.030822,-0.787885
200.9210,-24076,-63.030822,-0.787885
200.9310,-24076,-63.030822,-0.787885
200.9410,-24076,-63.030822,-0.787885
200.9510,-24076,-63.030822,-0.787885
200.9610,-24076,-63.030822,-0.787885
200.9710,-24076,-63.030822,-0.787885
200.9810,-24076,-63.030822,-0.787885
200.9910,-24076,-63.030822,-0.787885
201.0010,-24076,-63.030822,-0.787885
201.0110,-24076,-63.030822,-0.787885
201.0210,-24076,-63.030822,-0.787885
201.0310,-24076,-63.030822,-0.787885
201.0410,-24076,-63.030822,-0.787885
201.0520,-24076,-63.030822,-0.787885
201.0610,-24076,-63.030822,-0.787885
201.0710,-24076,-63.030822,-0.787885
201.0810,-24076,-63.030822,-0.787885
201.0910,-24076,-63.030822,-0.787885
201.1010,-24076,-63.030822,-0.787885
201.1110,-24076,-63.030822,-0.787885
201.1210,-24076,-63.030822,-0.787885
201.1310,-24076,-63.030822,-0.787885
201.1410,-24076,-63.030822,-0.787885
201.1510,-24076,-63.030822,-0.787885
201.1610,-24076,-63.030822,-0.787885
201.1710,-24076,-63.030822,-0.787885
201.1810,-24076,-63.030822,-0.787885
201.1910,-24076,-63.030822,-0.787885
201.2010,-24076,-63.030822,-0.787885
201.2110,-24076,-63.030822,-0.787885
201.2210,-24076,-63.030822,-0.787885
201.2310,-24076,-63.030822,-0.787885
201.2410,-24076,-63.030822,-0.787885
201.2510,-24076,-63.030822,-0.787885
201.2610,-24076,-63.030822,-0.787885
201.2710,-24076,-63.030822,-0.787885
201.2810,-24076,-63.030822,-0.787885
201.2910,-24076,-63.030822,-0.787885
201.3010,-24076,-63.030822,-0.787885
201.3110,-24076,-63.030822,-0.787885
201.3210,-24076,-63.030822,-0.787885
201.3310,-24076,-63.030822,-0.787885
201.3410,-24076,-63.030822,-0.787885
201.3510,-24076,-63.030822,-0.787885
201.3610,-24076,-63.030822,-0.787885
201.3710,-24076,-63.030822,-0.787885
201.3810,-24076,-63.030822,-0.787885
201.3910,-24076,-63.030822,-0.787885
201.4010,-24076,-63.030822,-0.787885
201.4110,-24076,-63.030822,-0.787885
201.4210,-24076,-63.030822,-0.787885
201.4310,-24076,-63.030822,-0.787885
201.4410,-24076,-63.030822,-0.787885
201.4510,-24076,-63.030822,-0.787885
201.4610,-24076,-63.030822,-0.787885
201.4710,-24076,-63.030822,-0.787885
201.4810,-24076,-63.030822,-0.787885
201.4910,-24076,-63.030822,-0.787885
201.5010,-24076,-63.030822,-0.787885
201.5110,-24076,-63.030822,-0.787885
201.5210,-24076,-63.030822,-0.787885
201.5310,-24076,-63.030822,-0.787885
201.5410,-24076,-63.030822,-0.787885
201.5510,-24076,-63.030822,-0.787885
201.5610,-24076,-63.030822,-0.787885
201.5710,-24076,-63.030822,-0.787885
201.5810,-24076,-63.030822,-0.787885
201.5910,-24076,-63.030822,-0.787885
201.6010,-24076,-63.030822,-0.787885
201.6110,-24076,-63.030822,-0.787885
201.6210,-24076,-63.030822,-0.787885
201.6310,-24076,-63.030822,-0.787885
201.6410,-24076,-63.030822,-0.787885
201.6510,-24076,-63.030822,-0.787885
201.6610,-24076,-63.030822,-0.787885
201.6710,-24076,-63.030822,-0.787885
201.6810,-24076,-63.030822,-0.787885
201.6920,-24076,-63.030822,-0.787885
201.7010,-24076,-63.030822,-0.787885
201.7110,-24076,-63.030822,-0.787885
201.7210,-24076,-63.030822,-0.787885
201.7310,-24076,-63.030822,-0.787885
201.7410,-24076,-63.030822,-0.787885
201.7510,-24076,-63.030822,-0.787885
201.7610,-24076,-63.030822,-0.787885
201.7710,-24076,-63.030822,-0.787885
201.7810,-24076,-63.030822,-0.787885
201.7910,-24076,-63.030822,-0.787885
201.8010,-24076,-63.030822,-0.787885
201.8110,-24076,-63.030822,-0.787885
201.8210,-24076,-63.030822,-0.787885
201.8310,-24076,-63.030822,-0.787885
201.8410,-24076,-63.030822,-0.787885
201.8510,-24076,-63.030822,-0.787885
201.8610,-24076,-63.030822,-0.787885
201.8710,-24076,-63.030822,-0.787885
201.8810,-24076,-63.030822,-0.787885
201.8910,-24076,-63.030822,-0.787885
201.9010,-24076,-63.030822,-0.787885
201.9110,-24076,-63.030822,-0.787885
201.9210,-24076,-63.030822,-0.787885
201.9310,-24076,-63.030822,-0.787885
201.9410,-24076,-63.030822,-0.787885
201.9510,-24076,-63.030822,-0.787885
201.9610,-24076,-63.030822,-0.787885
201.9710,-24076,-63.030822,-0.787885
201.9810,-24076,-63.030822,-0.787885
201.9910,-24076,-63.030822,-0.787885
202.0010,-24076,-63.030822,-0.787885
202.0110,-24076,-63.030822,-0.787885
202.0210,-24076,-63.030822,-0.787885
202.0310,-24076,-63.030822,-0.787885
202.0410,-24076,-63.030822,-0.787885
202.0510,-24076,-63.030822,-0.787885
202.0610,-24076,-63.030822,-0.787885
202.0710,-24076,-63.030822,-0.787885
202.0810,-24076,-63.030822,-0.787885
202.0910,-24076,-63.030822,-0.787885
202.1010,-24076,-63.030822,-0.787885
202.1110,-24076,-63.030822,-0.787885
202.1210,-24076,-63.030822,-0.787885
202.1310,-24076,-63.030822,-0.787885
202.1410,-24076,-63.030822,-0.787885
202.1510,-24076,-63.030822,-0.787885
202.1610,-24076,-63.030822,-0.787885
202.1710,-24076,-63.030822,-0.787885
202.1810,-24076,-63.030822,-0.787885
202.1910,-24076,-63.030822,-0.787885
202.2010,-24076,-63.030822,-0.787885
202.2110,-24076,-63.030822,-0.787885
202.2210,-24076,-63.030822,-0.787885
202.2310,-24076,-63.030822,-0.787885
202.2410,-24076,-63.030822,-0.787885
202.2510,-24076,-63.030822,-0.787885
202.2610,-24076,-63.030822,-0.787885
202.2710,-24076,-63.030822,-0.787885
202.2810,-24076,-63.030822,-0.787885
202.2910,-24076,-63.030822,-0.787885
202.3010,-24076,-63.030822,-0.787885
202.3110,-24076,-63.030822,-0.787885
202.3210,-24076,-63.030822,-0.787885
202.3320,-24076,-63.030822,-0.787885
202.3410,-24076,-63.030822,-0.787885
202.3510,-24076,-63.030822,-0.787885
202.3610,-24076,-63.030822,-0.787885
202.3710,-24076,-63.030822,-0.787885
202.3810,-24076,-63.030822,-0.787885
202.3910,-24076,-63.030822,-0.787885
202.4010,-24076,-63.030822,-0.787885
202.4110,-24076,-63.030822,-0.787885
202.4210,-24076,-63.030822,-0.787885
202.4310,-24076,-63.030822,-0.787885
202.4410,-24076,-63.030822,-0.787885
202.4510,-24076,-63.030822,-0.787885
202.4610,-24076,-63.030822,-0.787885
202.4710,-24076,-63.030822,-0.787885
202.4810,-24076,-63.030822,-0.787885
202.4910,-24076,-63.030822,-0.787885
202.5010,-24076,-63.030822,-0.787885
202.5110,-24077,-63.033439,-0.787918
202.5210,-24077,-63.033439,-0.787918
202.5310,-24077,-63.033439,-0.787918
202.5410,-24077,-63.033439,-0.787918
202.5510,-24077,-63.033439,-0.787918
202.5610,-24077,-63.033439,-0.787918
202.5710,-24077,-63.033439,-0.787918
202.5810,-24077,-63.033439,-0.787918
202.5910,-24077,-63.033439,-0.787918
202.6010,-24077,-63.033439,-0.787918
202.6110,-24077,-63.033439,-0.787918
202.6210,-24077,-63.033439,-0.787918
202.6310,-24077,-63.033439,-0.787918
202.6410,-24077,-63.033439,-0.787918
202.6510,-24077,-63.033439,-0.787918
202.6610,-24077,-63.033439,-0.787918
202.6710,-24077,-63.033439,-0.787918
202.6810,-24077,-63.033439,-0.787918
202.6910,-24077,-63.033439,-0.787918
202.7010,-24077,-63.033439,-0.787918
202.7110,-24077,-63.033439,-0.787918
202.7210,-24077,-63.033439,-0.787918
202.7310,-24077,-63.033439,-0.787918
202.7410,-24077,-63.033439,-0.787918
202.7510,-24077,-63.033439,-0.787918
202.7610,-24077,-63.033439,-0.787918
202.7710,-24077,-63.033439,-0.787918
202.7810,-24077,-63.033439,-0.787918
202.7910,-24077,-63.033439,-0.787918
202.8010,-24077,-63.033439,-0.787918
202.8110,-24077,-63.033439,-0.787918
202.8210,-24077,-63.033439,-0.787918
202.8310,-24077,-63.033439,-0.787918
202.8410,-24077,-63.033439,-0.787918
202.8510,-24077,-63.033439,-0.787918
202.8610,-24077,-63.033439,-0.787918
202.8710,-24077,-63.033439,-0.787918
202.8810,-24077,-63.033439,-0.787918
202.8910,-24077,-63.033439,-0.787918
202.9010,-24077,-63.033439,-0.787918
202.9110,-24077,-63.033439,-0.787918
202.9210,-24077,-63.033439,-0.787918
202.9310,-24077,-63.033439,-0.787918
202.9410,-24077,-63.033439,-0.787918
202.9510,-24077,-63.033439,-0.787918
202.9610,-24077,-63.033439,-0.787918
202.9720,-24077,-63.033439,-0.787918
202.9810,-24077,-63.033439,-0.787918
202.9910,-24077,-63.033439,-0.787918
203.0010,-24077,-63.033439,-0.787918
203.0110,-24077,-63.033439,-0.787918
203.0210,-24077,-63.033439,-0.787918
203.0310,-24077,-63.033439,-0.787918
203.0410,-24077,-63.033439,-0.787918
203.0510,-24077,-63.033439,-0.787918
203.0610,-24077,-63.033439,-0.787918
203.0710,-24077,-63.033439,-0.787918
203.0810,-24077,-63.033439,-0.787918
203.0910,-24077,-63.033439,-0.787918
203.1010,-24077,-63.033439,-0.787918
203.1110,-24077,-63.033439,-0.787918
203.1210,-24077,-63.033439,-0.787918
203.1310,-24077,-63.033439,-0.787918
203.1410,-24077,-63.033439,-0.787918
203.1510,-24077,-63.033439,-0.787918
203.1610,-24077,-63.033439,-0.787918
203.1710,-24077,-63.033439,-0.787918
203.1810,-24077,-63.033439,-0.787918
203.1910,-24077,-63.033439,-0.787918
203.2010,-24077,-63.033439,-0.787918
203.2110,-24077,-63.033439,-0.787918
203.2210,-24077,-63.033439,-0.787918
203.2310,-24077,-63.033439,-0.787918
203.2410,-24077,-63.033439,-0.787918
203.2510,-24077,-63.033439,-0.787918
203.2610,-24077,-63.033439,-0.787918
203.2710,-24077,-63.033439,-0.787918
203.2810,-24077,-63.033439,-0.787918
203.2910,-24077,-63.033439,-0.787918
203.3010,-24077,-63.033439,-0.787918
203.3110,-24077,-63.033439,-0.787918
203.3210,-24077,-63.033439,-0.787918
203.3310,-24077,-63.033439,-0.787918
203.3410,-24077,-63.033439,-0.787918
203.3510,-24077,-63.033439,-0.787918
203.3610,-24077,-63.033439,-0.787918
203.3710,-24077,-63.033439,-0.787918
203.3810,-24077,-63.033439,-0.787918
203.3910,-24077,-63.033439,-0.787918
203.4010,-24077,-63.033439,-0.787918
203.4110,-24077,-63.033439,-0.787918
203.4210,-24077,-63.033439,-0.787918
203.4310,-24077,-63.033439,-0.787918
203.4410,-24077,-63.033439,-0.787918
203.4510,-24077,-63.033439,-0.787918
203.4610,-24077,-63.033439,-0.787918
203.4710,-24077,-63.033439,-0.787918
203.4810,-24077,-63.033439,-0.787918
203.4910,-24077,-63.033439,-0.787918
203.5010,-24077,-63.033439,-0.787918
203.5110,-24077,-63.033439,-0.787918
203.5210,-24077,-63.033439,-0.787918
203.5310,-24077,-63.033439,-0.787918
203.5410,-24077,-63.033439,-0.787918
203.5510,-24077,-63.033439,-0.787918
203.5610,-24077,-63.033439,-0.787918
203.5710,-24077,-63.033439,-0.787918
203.5810,-24077,-63.033439,-0.787918
203.5910,-24077,-63.033439,-0.787918
203.6010,-24077,-63.033439,-0.787918
203.6120,-24077,-63.033439,-0.787918
203.6210,-24077,-63.033439,-0.787918
203.6310,-24077,-63.033439,-0.787918
203.6410,-24077,-63.033439,-0.787918
203.6510,-24077,-63.033439,-0.787918
203.6610,-24077,-63.033439,-0.787918
203.6710,-24077,-63.033439,-0.787918
203.6810,-24077,-63.033439,-0.787918
203.6910,-24077,-63.033439,-0.787918
203.7010,-24077,-63.033439,-0.787918
203.7110,-24077,-63.033439,-0.787918
203.7210,-24077,-63.033439,-0.787918
203.7310,-24077,-63.033439,-0.787918
203.7410,-24077,-63.033439,-0.787918
203.7510,-24077,-63.033439,-0.787918
203.7610,-24077,-63.033439,-0.787918
203.7710,-24077,-63.033439,-0.787918
203.7810,-24077,-63.033439,-0.787918
203.7910,-24077,-63.033439,-0.787918
203.8010,-24077,-63.033439,-0.787918
203.8110,-24077,-63.033439,-0.787918
203.8210,-24077,-63.033439,-0.787918
203.8310,-24077,-63.033439,-0.787918
203.8410,-24077,-63.033439,-0.787918
203.8510,-24077,-63.033439,-0.787918
203.8610,-24077,-63.033439,-0.787918
203.8710,-24077,-63.033439,-0.787918
203.8810,-24077,-63.033439,-0.787918
203.8910,-24077,-63.033439,-0.787918
203.9010,-24077,-63.033439,-0.787918
203.9110,-24077,-63.033439,-0.787918
203.9210,-24077,-63.033439,-0.787918
203.9310,-24077,-63.033439,-0.787918
203.9410,-24077,-63.033439,-0.787918
203.9510,-24077,-63.033439,-0.787918
203.9610,-24077,-63.033439,-0.787918
203.9710,-24077,-63.033439,-0.787918
203.9810,-24077,-63.033439,-0.787918
203.9910,-24077,-63.033439,-0.787918
204.0010,-24077,-63.033439,-0.787918
204.0110,-24077,-63.033439,-0.787918
204.0210,-24077,-63.033439,-0.787918
204.0310,-24077,-63.033439,-0.787918
204.0410,-24077,-63.033439,-0.787918
204.0510,-24077,-63.033439,-0.787918
204.0610,-24077,-63.033439,-0.787918
204.0710,-24077,-63.033439,-0.787918
204.0810,-24077,-63.033439,-0.787918
204.0910,-24077,-63.033439,-0.787918
204.1010,-24077,-63.033439,-0.787918
204.1110,-24077,-63.033439,-0.787918
204.1210,-24077,-63.033439,-0.787918
204.1310,-24077,-63.033439,-0.787918
204.1410,-24077,-63.033439,-0.787918
204.1510,-24077,-63.033439,-0.787918
204.1610,-24077,-63.033439,-0.787918
204.1710,-24077,-63.033439,-0.787918
204.1810,-24077,-63.033439,-0.787918
204.1910,-24077,-63.033439,-0.787918
204.2010,-24077,-63.033439,-0.787918
204.2110,-24077,-63.033439,-0.787918
204.2210,-24077,-63.033439,-0.787918
204.2310,-24077,-63.033439,-0.787918
204.2410,-24077,-63.033439,-0.787918
204.2520,-24077,-63.033439,-0.787918
204.2610,-24077,-63.033439,-0.787918
204.2710,-24077,-63.033439,-0.787918
204.2810,-24077,-63.033439,-0.787918
204.2910,-24077,-63.033439,-0.787918
204.3010,-24077,-63.033439,-0.787918
204.3110,-24077,-63.033439,-0.787918
204.3210,-24077,-63.033439,-0.787918
204.3310,-24077,-63.033439,-0.787918
204.3410,-24077,-63.033439,-0.787918
204.3510,-24077,-63.033439,-0.787918
204.3610,-24077,-63.033439,-0.787918
204.3710,-24077,-63.033439,-0.787918
204.3810,-24077,-63.033439,-0.787918
204.3910,-24077,-63.033439,-0.787918
204.4010,-24077,-63.033439,-0.787918
204.4110,-24077,-63.033439,-0.787918
204.4210,-24077,-63.033439,-0.787918
204.4310,-24077,-63.033439,-0.787918
204.4410,-24077,-63.033439,-0.787918
204.4510,-24077,-63.033439,-0.787918
204.4610,-24077,-63.033439,-0.787918
204.4710,-24077,-63.033439,-0.787918
204.4810,-24077,-63.033439,-0.787918
204.4910,-24077,-63.033439,-0.787918
204.5010,-24077,-63.033439,-0.787918
204.5110,-24077,-63.033439,-0.787918
204.5210,-24077,-63.033439,-0.787918
204.5310,-24077,-63.033439,-0.787918
204.5410,-24077,-63.033439,-0.787918
204.5510,-24077,-63.033439,-0.787918
204.5610,-24077,-63.033439,-0.787918
204.5710,-24077,-63.033439,-0.787918
204.5810,-24077,-63.033439,-0.787918
204.5910,-24077,-63.033439,-0.787918
204.6010,-24077,-63.033439,-0.787918
204.6110,-24077,-63.033439,-0.787918
204.6210,-24077,-63.033439,-0.787918
204.6310,-24077,-63.033439,-0.787918
204.6410,-24077,-63.033439,-0.787918
204.6510,-24077,-63.033439,-0.787918
204.6610,-24077,-63.033439,-0.787918
204.6710,-24077,-63.033439,-0.787918
204.6810,-24077,-63.033439,-0.787918
204.6910,-24077,-63.033439,-0.787918
204.7010,-24077,-63.033439,-0.787918
204.7110,-24077,-63.033439,-0.787918
204.7210,-24077,-63.033439,-0.787918
204.7310,-24077,-63.033439,-0.787918
204.7410,-24077,-63.033439,-0.787918
204.7510,-24077,-63.033439,-0.787918
204.7610,-24077,-63.033439,-0.787918
204.7710,-24077,-63.033439,-0.787918
204.7810,-24077,-63.033439,-0.787918
204.7910,-24077,-63.033439,-0.787918
204.8010,-24077,-63.033439,-0.787918
204.8110,-24077,-63.033439,-0.787918
204.8210,-24077,-63.033439,-0.787918
204.8310,-24077,-63.033439,-0.787918
204.8410,-24077,-63.033439,-0.787918
204.8510,-24077,-63.033439,-0.787918
204.8610,-24077,-63.033439,-0.787918
204.8710,-24077,-63.033439,-0.787918
204.8810,-24077,-63.033439,-0.787918
204.8920,-24077,-63.033439,-0.787918
204.9010,-24077,-63.033439,-0.787918
204.9110,-24077,-63.033439,-0.787918
204.9210,-24077,-63.033439,-0.787918
204.9310,-24077,-63.033439,-0.787918
204.9410,-24077,-63.033439,-0.787918
204.9510,-24077,-63.033439,-0.787918
204.9610,-24077,-63.033439,-0.787918
204.9710,-24077,-63.033439,-0.787918
204.9810,-24078,-63.036060,-0.787951
204.9910,-24078,-63.036060,-0.787951
205.0010,-24078,-63.036060,-0.787951
205.0110,-24078,-63.036060,-0.787951
205.0210,-24078,-63.036060,-0.787951
205.0310,-24078,-63.036060,-0.787951
205.0410,-24078,-63.036060,-0.787951
205.0510,-24078,-63.036060,-0.787951
205.0610,-24078,-63.036060,-0.787951
205.0710,-24078,-63.036060,-0.787951
205.0810,-24078,-63.036060,-0.787951
205.0910,-24078,-63.036060,-0.787951
205.1010,-24078,-63.036060,-0.787951
205.1110,-24078,-63.036060,-0.787951
205.1210,-24078,-63.036060,-0.787951
205.1310,-24078,-63.036060,-0.787951
205.1410,-24078,-63.036060,-0.787951
205.1510,-24078,-63.036060,-0.787951
205.1610,-24078,-63.036060,-0.787951
205.1710,-24078,-63.036060,-0.787951
205.1810,-24078,-63.036060,-0.787951
205.1910,-24078,-63.036060,-0.787951
205.2010,-24078,-63.036060,-0.787951
205.2110,-24078,-63.036060,-0.787951
205.2210,-24078,-63.036060,-0.787951
205.2310,-24078,-63.036060,-0.787951
205.2410,-24078,-63.036060,-0.787951
205.2510,-24078,-63.036060,-0.787951
205.2610,-24078,-63.036060,-0.787951
205.2710,-24078,-63.036060,-0.787951
205.2810,-24078,-63.036060,-0.787951
205.2910,-24078,-63.036060,-0.787951
205.3010,-24078,-63.036060,-0.787951
205.3110,-24078,-63.036060,-0.787951
205.3210,-24078,-63.036060,-0.787951
205.3310,-24078,-63.036060,-0.787951
205.3410,-24078,-63.036060,-0.787951
205.3510,-24078,-63.036060,-0.787951
205.3610,-24078,-63.036060,-0.787951
205.3710,-24078,-63.036060,-0.787951
205.3810,-24078,-63.036060,-0.787951
205.3910,-24078,-63.036060,-0.787951
205.4010,-24078,-63.036060,-0.787951
205.4110,-24078,-63.036060,-0.787951
205.4210,-24078,-63.036060,-0.787951
205.4310,-24078,-63.036060,-0.787951
205.4410,-24078,-63.036060,-0.787951
205.4510,-24078,-63.036060,-0.787951
205.4610,-24078,-63.036060,-0.787951
205.4710,-24078,-63.036060,-0.787951
205.4810,-24078,-63.036060,-0.787951
205.4910,-24078,-63.036060,-0.787951
205.5010,-24078,-63.036060,-0.787951
205.5110,-24078,-63.036060,-0.787951
205.5210,-24078,-63.036060,-0.787951
205.5320,-24078,-63.036060,-0.787951
205.5410,-24078,-63.036060,-0.787951
205.5510,-24078,-63.036060,-0.787951
205.5610,-24078,-63.036060,-0.787951
205.5710,-24078,-63.036060,-0.787951
205.5810,-24078,-63.036060,-0.787951
205.5910,-24078,-63.036060,-0.787951
205.6010,-24078,-63.036060,-0.787951
205.6110,-24078,-63.036060,-0.787951
205.6210,-24078,-63.036060,-0.787951
205.6310,-24078,-63.036060,-0.787951
205.6410,-24078,-63.036060,-0.787951
205.6510,-24078,-63.036060,-0.787951
205.6610,-24078,-63.036060,-0.787951
205.6710,-24078,-63.036060,-0.787951
205.6810,-24078,-63.036060,-0.787951
205.6910,-24078,-63.036060,-0.787951
205.7010,-24078,-63.036060,-0.787951
205.7110,-24078,-63.036060,-0.787951
205.7210,-24078,-63.036060,-0.787951
205.7310,-24078,-63.036060,-0.787951
205.7410,-24078,-63.036060,-0.787951
205.7510,-24078,-63.036060,-0.787951
205.7610,-24078,-63.036060,-0.787951
205.7710,-24078,-63.036060,-0.787951
205.7810,-24078,-63.036060,-0.787951
205.7910,-24078,-63.036060,-0.787951
205.8010,-24078,-63.036060,-0.787951
205.8110,-24078,-63.036060,-0.787951
205.8210,-24078,-63.036060,-0.787951
205.8310,-24078,-63.036060,-0.787951
205.8410,-24078,-63.036060,-0.787951
205.8510,-24078,-63.036060,-0.787951
205.8610,-24078,-63.036060,-0.787951
205.8710,-24078,-63.036060,-0.787951
205.8810,-24078,-63.036060,-0.787951
205.8910,-24078,-63.036060,-0.787951
205.9010,-24078,-63.036060,-0.787951
205.9110,-24078,-63.036060,-0.787951
205.9210,-24078,-63.036060,-0.787951
205.9310,-24078,-63.036060,-0.787951
205.9410,-24078,-63.036060,-0.787951
205.9510,-24078,-63.036060,-0.787951
205.9610,-24078,-63.036060,-0.787951
205.9710,-24078,-63.036060,-0.787951
205.9810,-24078,-63.036060,-0.787951
205.9910,-24078,-63.036060,-0.787951
206.0010,-24078,-63.036060,-0.787951
206.0110,-24078,-63.036060,-0.787951
206.0210,-24078,-63.036060,-0.787951
206.0310,-24078,-63.036060,-0.787951
206.0410,-24078,-63.036060,-0.787951
206.0510,-24078,-63.036060,-0.787951
206.0610,-24078,-63.036060,-0.787951
206.0710,-24078,-63.036060,-0.787951
206.0810,-24078,-63.036060,-0.787951
206.0910,-24078,-63.036060,-0.787951
206.1010,-24078,-63.036060,-0.787951
206.1110,-24078,-63.036060,-0.787951
206.1210,-24078,-63.036060,-0.787951
206.1310,-24078,-63.036060,-0.787951
206.1410,-24078,-63.036060,-0.787951
206.1510,-24078,-63.036060,-0.787951
206.1610,-24078,-63.036060,-0.787951
206.1720,-24078,-63.036060,-0.787951
206.1810,-24078,-63.036060,-0.787951
206.1910,-24078,-63.036060,-0.787951
206.2010,-24078,-63.036060,-0.787951
206.2110,-24078,-63.036060,-0.787951
206.2210,-24078,-63.036060,-0.787951
206.2310,-24078,-63.036060,-0.787951
206.2410,-24078,-63.036060,-0.787951
206.2510,-24078,-63.036060,-0.787951
206.2610,-24078,-63.036060,-0.787951
206.2710,-24078,-63.036060,-0.787951
206.2810,-24078,-63.036060,-0.787951
206.2910,-24078,-63.036060,-0.787951
206.3010,-24078,-63.036060,-0.787951
206.3110,-24078,-63.036060,-0.787951
206.3210,-24078,-63.036060,-0.787951
206.3310,-24078,-63.036060,-0.787951
206.3410,-24078,-63.036060,-0.787951
206.3510,-24078,-63.036060,-0.787951
206.3610,-24078,-63.036060,-0.787951
206.3710,-24078,-63.036060,-0.787951
206.3810,-24078,-63.036060,-0.787951
206.3910,-24078,-63.036060,-0.787951
206.4010,-24078,-63.036060,-0.787951
206.4110,-24078,-63.036060,-0.787951
206.4210,-24078,-63.036060,-0.787951
206.4310,-24078,-63.036060,-0.787951
206.4410,-24078,-63.036060,-0.787951
206.4510,-24078,-63.036060,-0.787951
206.4610,-24078,-63.036060,-0.787951
206.4710,-24078,-63.036060,-0.787951
206.4810,-24078,-63.036060,-0.787951
206.4910,-24078,-63.036060,-0.787951
206.5010,-24078,-63.036060,-0.787951
206.5110,-24078,-63.036060,-0.787951
206.5210,-24078,-63.036060,-0.787951
206.5310,-24078,-63.036060,-0.787951
206.5410,-24078,-63.036060,-0.787951
206.5510,-24078,-63.036060,-0.787951
206.5610,-24078,-63.036060,-0.787951
206.5710,-24078,-63.036060,-0.787951
206.5810,-24078,-63.036060,-0.787951
206.5910,-24078,-63.036060,-0.787951
206.6010,-24078,-63.036060,-0.787951
206.6110,-24078,-63.036060,-0.787951
206.6210,-24078,-63.036060,-0.787951
206.6310,-24078,-63.036060,-0.787951
206.6410,-24078,-63.036060,-0.787951
206.6510,-24078,-63.036060,-0.787951
206.6610,-24078,-63.036060,-0.787951
206.6710,-24078,-63.036060,-0.787951
206.6810,-24078,-63.036060,-0.787951
206.6910,-24078,-63.036060,-0.787951
206.7010,-24078,-63.036060,-0.787951
206.7110,-24078,-63.036060,-0.787951
206.7210,-24078,-63.036060,-0.787951
206.7310,-24078,-63.036060,-0.787951
206.7410,-24078,-63.036060,-0.787951
206.7510,-24078,-63.036060,-0.787951
206.7610,-24078,-63.036060,-0.787951
206.7710,-24078,-63.036060,-0.787951
206.7810,-24078,-63.036060,-0.787951
206.7910,-24078,-63.036060,-0.787951
206.8010,-24078,-63.036060,-0.787951
206.8120,-24078,-63.036060,-0.787951
206.8210,-24078,-63.036060,-0.787951
206.8310,-24078,-63.036060,-0.787951
206.8410,-24078,-63.036060,-0.787951
206.8510,-24078,-63.036060,-0.787951
206.8610,-24078,-63.036060,-0.787951
206.8710,-24078,-63.036060,-0.787951
206.8810,-24078,-63.036060,-0.787951
206.8910,-24078,-63.036060,-0.787951
206.9010,-24078,-63.036060,-0.787951
206.9110,-24078,-63.036060,-0.787951
206.9210,-24078,-63.036060,-0.787951
206.9310,-24078,-63.036060,-0.787951
206.9410,-24078,-63.036060,-0.787951
206.9510,-24078,-63.036060,-0.787951
206.9610,-24078,-63.036060,-0.787951
206.9710,-24078,-63.036060,-0.787951
206.9810,-24078,-63.036060,-0.787951
206.9910,-24078,-63.036060,-0.787951
207.0010,-24078,-63.036060,-0.787951
207.0110,-24078,-63.036060,-0.787951
207.0210,-24078,-63.036060,-0.787951
207.0310,-24078,-63.036060,-0.787951
207.0410,-24078,-63.036060,-0.787951
207.0510,-24078,-63.036060,-0.787951
207.0610,-24078,-63.036060,-0.787951
207.0710,-24078,-63.036060,-0.787951
207.0810,-24078,-63.036060,-0.787951
207.0910,-24078,-63.036060,-0.787951
207.1010,-24078,-63.036060,-0.787951
207.1110,-24078,-63.036060,-0.787951
207.1210,-24078,-63.036060,-0.787951
207.1310,-24078,-63.036060,-0.787951
207.1410,-24078,-63.036060,-0.787951
207.1510,-24078,-63.036060,-0.787951
207.1610,-24078,-63.036060,-0.787951
207.1710,-24078,-63.036060,-0.787951
207.1810,-24078,-63.036060,-0.787951
207.1910,-24078,-63.036060,-0.787951
207.2010,-24078,-63.036060,-0.787951
207.2110,-24078,-63.036060,-0.787951
207.2210,-24078,-63.036060,-0.787951
207.2310,-24078,-63.036060,-0.787951
207.2410,-24078,-63.036060,-0.787951
207.2510,-24078,-63.036060,-0.787951
207.2610,-24078,-63.036060,-0.787951
207.2710,-24078,-63.036060,-0.787951
207.2810,-24078,-63.036060,-0.787951
207.2910,-24078,-63.036060,-0.787951
207.3010,-24078,-63.036060,-0.787951
207.3110,-24078,-63.036060,-0.787951
207.3210,-24078,-63.036060,-0.787951
207.3310,-24078,-63.036060,-0.787951
207.3410,-24078,-63.036060,-0.787951
207.3510,-24078,-63.036060,-0.787951
207.3610,-24078,-63.036060,-0.787951
207.3710,-24078,-63.036060,-0.787951
207.3810,-24078,-63.036060,-0.787951
207.3910,-24078,-63.036060,-0.787951
207.4010,-24078,-63.036060,-0.787951
207.4110,-24078,-63.036060,-0.787951
207.4210,-24078,-63.036060,-0.787951
207.4310,-24078,-63.036060,-0.787951
207.4410,-24078,-63.036060,-0.787951
207.4520,-24078,-63.036060,-0.787951
207.4610,-24078,-63.036060,-0.787951
207.4710,-24078,-63.036060,-0.787951
207.4810,-24078,-63.036060,-0.787951
207.4910,-24078,-63.036060,-0.787951
207.5010,-24078,-63.036060,-0.787951
207.5110,-24078,-63.036060,-0.787951
207.5210,-24078,-63.036060,-0.787951
207.5310,-24078,-63.036060,-0.787951
207.5410,-24078,-63.036060,-0.787951
207.5510,-24078,-63.036060,-0.787951
207.5610,-24078,-63.036060,-0.787951
207.5710,-24078,-63.036060,-0.787951
207.5810,-24078,-63.036060,-0.787951
207.5910,-24078,-63.036060,-0.787951
207.6010,-24078,-63.036060,-0.787951
207.6110,-24078,-63.036060,-0.787951
207.6210,-24078,-63.036060,-0.787951
207.6310,-24078,-63.036060,-0.787951
207.6410,-24078,-63.036060,-0.787951
207.6510,-24078,-63.036060,-0.787951
207.6610,-24078,-63.036060,-0.787951
207.6710,-24078,-63.036060,-0.787951
207.6810,-24078,-63.036060,-0.787951
207.6910,-24078,-63.036060,-0.787951
207.7010,-24078,-63.036060,-0.787951
207.7110,-24078,-63.036060,-0.787951
207.7210,-24078,-63.036060,-0.787951
207.7310,-24078,-63.036060,-0.787951
207.7410,-24078,-63.036060,-0.787951
207.7510,-24078,-63.036060,-0.787951
207.7610,-24078,-63.036060,-0.787951
207.7710,-24078,-63.036060,-0.787951
207.7810,-24078,-63.036060,-0.787951
207.7910,-24078,-63.036060,-0.787951
207.8010,-24078,-63.036060,-0.787951
207.8110,-24078,-63.036060,-0.787951
207.8210,-24078,-63.036060,-0.787951
207.8310,-24078,-63.036060,-0.787951
207.8410,-24078,-63.036060,-0.787951
207.8510,-24078,-63.036060,-0.787951
207.8610,-24078,-63.036060,-0.787951
207.8710,-24079,-63.038677,-0.787983
207.8810,-24079,-63.038677,-0.787983
207.8910,-24079,-63.038677,-0.787983
207.9010,-24079,-63.038677,-0.787983
207.9110,-24079,-63.038677,-0.787983
207.9210,-24079,-63.038677,-0.787983
207.9310,-24079,-63.038677,-0.787983
207.9410,-24079,-63.038677,-0.787983
207.9510,-24079,-63.038677,-0.787983
207.9610,-24079,-63.038677,-0.787983
207.9710,-24079,-63.038677,-0.787983
207.9810,-24079,-63.038677,-0.787983
207.9910,-24079,-63.038677,-0.787983
208.0010,-24079,-63.038677,-0.787983
208.0110,-24079,-63.038677,-0.787983
208.0210,-24079,-63.038677,-0.787983
208.0310,-24079,-63.038677,-0.787983
208.0410,-24079,-63.038677,-0.787983
208.0510,-24079,-63.038677,-0.787983
208.0610,-24079,-63.038677,-0.787983
208.0710,-24079,-63.038677,-0.787983
208.0810,-24079,-63.038677,-0.787983
208.0920,-24079,-63.038677,-0.787983
208.1010,-24079,-63.038677,-0.787983
208.1110,-24079,-63.038677,-0.787983
208.1210,-24079,-63.038677,-0.787983
208.1310,-24079,-63.038677,-0.787983
208.1410,-24079,-63.038677,-0.787983
208.1510,-24079,-63.038677,-0.787983
208.1610,-24079,-63.038677,-0.787983
208.1710,-24079,-63.038677,-0.787983
208.1810,-24079,-63.038677,-0.787983
208.1910,-24079,-63.038677,-0.787983
208.2010,-24079,-63.038677,-0.787983
208.2110,-24079,-63.038677,-0.787983
208.2210,-24079,-63.038677,-0.787983
208.2310,-24079,-63.038677,-0.787983
208.2410,-24079,-63.038677,-0.787983
208.2510,-24079,-63.038677,-0.787983
208.2610,-24079,-63.038677,-0.787983
208.2710,-24079,-63.038677,-0.787983
208.2810,-24079,-63.038677,-0.787983
208.2910,-24079,-63.038677,-0.787983
208.3010,-24079,-63.038677,-0.787983
208.3110,-24079,-63.038677,-0.787983
208.3210,-24079,-63.038677,-0.787983
208.3310,-24079,-63.038677,-0.787983
208.3410,-24079,-63.038677,-0.787983
208.3510,-24079,-63.038677,-0.787983
208.3610,-24079,-63.038677,-0.787983
208.3710,-24079,-63.038677,-0.787983
208.3810,-24079,-63.038677,-0.787983
208.3910,-24079,-63.038677,-0.787983
208.4010,-24079,-63.038677,-0.787983
208.4110,-24079,-63.038677,-0.787983
208.4210,-24079,-63.038677,-0.787983
208.4310,-24079,-63.038677,-0.787983
208.4410,-24079,-63.038677,-0.787983
208.4510,-24079,-63.038677,-0.787983
208.4610,-24079,-63.038677,-0.787983
208.4710,-24079,-63.038677,-0.787983
208.4810,-24079,-63.038677,-0.787983
208.4910,-24079,-63.038677,-0.787983
208.5010,-24079,-63.038677,-0.787983
208.5110,-24079,-63.038677,-0.787983
208.5210,-24079,-63.038677,-0.787983
208.5310,-24079,-63.038677,-0.787983
208.5410,-24079,-63.038677,-0.787983
208.5510,-24079,-63.038677,-0.787983
208.5610,-24079,-63.038677,-0.787983
208.5710,-24079,-63.038677,-0.787983
208.5810,-24079,-63.038677,-0.787983
208.5910,-24079,-63.038677,-0.787983
208.6010,-24079,-63.038677,-0.787983
208.6110,-24079,-63.038677,-0.787983
208.6210,-24079,-63.038677,-0.787983
208.6310,-24079,-63.038677,-0.787983
208.6410,-24079,-63.038677,-0.787983
208.6510,-24079,-63.038677,-0.787983
208.6610,-24079,-63.038677,-0.787983
208.6710,-24079,-63.038677,-0.787983
208.6810,-24079,-63.038677,-0.787983
208.6910,-24079,-63.038677,-0.787983
208.7010,-24079,-63.038677,-0.787983
208.7110,-24079,-63.038677,-0.787983
208.7210,-24079,-63.038677,-0.787983
208.7320,-24079,-63.038677,-0.787983
208.7410,-24079,-63.038677,-0.787983
208.7510,-24079,-63.038677,-0.787983
208.7610,-24079,-63.038677,-0.787983
208.7710,-24079,-63.038677,-0.787983
208.7810,-24079,-63.038677,-0.787983
208.7910,-24079,-63.038677,-0.787983
208.8010,-24079,-63.038677,-0.787983
208.8110,-24079,-63.038677,-0.787983
208.8210,-24079,-63.038677,-0.787983
208.8310,-24079,-63.038677,-0.787983
208.8410,-24079,-63.038677,-0.787983
208.8510,-24079,-63.038677,-0.787983
208.8610,-24079,-63.038677,-0.787983
208.8710,-24079,-63.038677,-0.787983
208.8810,-24079,-63.038677,-0.787983
208.8910,-24079,-63.038677,-0.787983
208.9010,-24079,-63.038677,-0.787983
208.9110,-24079,-63.038677,-0.787983
208.9210,-24079,-63.038677,-0.787983
208.9310,-24079,-63.038677,-0.787983
208.9410,-24079,-63.038677,-0.787983
208.9510,-24079,-63.038677,-0.787983
208.9610,-24079,-63.038677,-0.787983
208.9710,-24079,-63.038677,-0.787983
208.9810,-24079,-63.038677,-0.787983
208.9910,-24079,-63.038677,-0.787983
209.0010,-24079,-63.038677,-0.787983
209.0110,-24079,-63.038677,-0.787983
209.0210,-24079,-63.038677,-0.787983
209.0310,-24080,-63.041297,-0.788016
209.0410,-24080,-63.041297,-0.788016
209.0510,-24080,-63.041297,-0.788016
209.0610,-24080,-63.041297,-0.788016
209.0710,-24080,-63.041297,-0.788016
209.0810,-24080,-63.041297,-0.788016
209.0910,-24080,-63.041297,-0.788016
209.1010,-24080,-63.041297,-0.788016
209.1110,-24080,-63.041297,-0.788016
209.1210,-24080,-63.041297,-0.788016
209.1310,-24080,-63.041297,-0.788016
209.1410,-24080,-63.041297,-0.788016
209.1510,-24080,-63.041297,-0.788016
209.1610,-24080,-63.041297,-0.788016
209.1710,-24080,-63.041297,-0.788016
209.1810,-24080,-63.041297,-0.788016
209.1910,-24080,-63.041297,-0.788016
209.2010,-24080,-63.041297,-0.788016
209.2110,-24080,-63.041297,-0.788016
209.2210,-24080,-63.041297,-0.788016
209.2310,-24080,-63.041297,-0.788016
209.2410,-24080,-63.041297,-0.788016
209.2510,-24080,-63.041297,-0.788016
209.2610,-24080,-63.041297,-0.788016
209.2710,-24080,-63.041297,-0.788016
209.2810,-24080,-63.041297,-0.788016
209.2910,-24080,-63.041297,-0.788016
209.3010,-24080,-63.041297,-0.788016
209.3110,-24080,-63.041297,-0.788016
209.3210,-24080,-63.041297,-0.788016
209.3310,-24080,-63.041297,-0.788016
209.3410,-24080,-63.041297,-0.788016
209.3510,-24080,-63.041297,-0.788016
209.3610,-24080,-63.041297,-0.788016
209.3720,-24080,-63.041297,-0.788016
209.3810,-24080,-63.041297,-0.788016
209.3910,-24080,-63.041297,-0.788016
209.4010,-24080,-63.041297,-0.788016
209.4110,-24080,-63.041297,-0.788016
209.4210,-24080,-63.041297,-0.788016
209.4310,-24080,-63.041297,-0.788016
209.4410,-24080,-63.041297,-0.788016
209.4510,-24080,-63.041297,-0.788016
209.4610,-24080,-63.041297,-0.788016
209.4710,-24080,-63.041297,-0.788016
209.4810,-24080,-63.041297,-0.788016
209.4910,-24080,-63.041297,-0.788016
209.5010,-24080,-63.041297,-0.788016
209.5110,-24080,-63.041297,-0.788016
209.5210,-24080,-63.041297,-0.788016
209.5310,-24080,-63.041297,-0.788016
209.5410,-24080,-63.041297,-0.788016
209.5510,-24080,-63.041297,-0.788016
209.5610,-24080,-63.041297,-0.788016
209.5710,-24080,-63.041297,-0.788016
209.5810,-24080,-63.041297,-0.788016
209.5910,-24080,-63.041297,-0.788016
209.6010,-24080,-63.041297,-0.788016
209.6110,-24080,-63.041297,-0.788016
209.6210,-24080,-63.041297,-0.788016
209.6310,-24080,-63.041297,-0.788016
209.6410,-24080,-63.041297,-0.788016
209.6510,-24080,-63.041297,-0.788016
209.6610,-24080,-63.041297,-0.788016
209.6710,-24080,-63.041297,-0.788016
209.6810,-24080,-63.041297,-0.788016
209.6910,-24080,-63.041297,-0.788016
209.7010,-24080,-63.041297,-0.788016
209.7110,-24080,-63.041297,-0.788016
209.7210,-24080,-63.041297,-0.788016
209.7310,-24080,-63.041297,-0.788016
209.7410,-24080,-63.041297,-0.788016
209.7510,-24080,-63.041297,-0.788016
209.7610,-24080,-63.041297,-0.788016
209.7710,-24080,-63.041297,-0.788016
209.7810,-24080,-63.041297,-0.788016
209.7910,-24080,-63.041297,-0.788016
209.8010,-24080,-63.041297,-0.788016
209.8110,-24080,-63.041297,-0.788016
209.8210,-24080,-63.041297,-0.788016
209.8310,-24080,-63.041297,-0.788016
209.8410,-24080,-63.041297,-0.788016
209.8510,-24080,-63.041297,-0.788016
209.8610,-24080,-63.041297,-0.788016
209.8710,-24080,-63.041297,-0.788016
209.8810,-24080,-63.041297,-0.788016
209.8910,-24080,-63.041297,-0.788016
209.9010,-24080,-63.041297,-0.788016
209.9110,-24080,-63.041297,-0.788016
209.9210,-24080,-63.041297,-0.788016
209.9310,-24080,-63.041297,-0.788016
209.9410,-24080,-63.041297,-0.788016
209.9510,-24080,-63.041297,-0.788016
209.9610,-24080,-63.041297,-0.788016
209.9710,-24080,-63.041297,-0.788016
209.9810,-24080,-63.041297,-0.788016
209.9910,-24080,-63.041297,-0.788016
210.0010,-24080,-63.041297,-0.788016
210.0120,-24080,-63.041297,-0.788016
210.0210,-24080,-63.041297,-0.788016
210.0310,-24080,-63.041297,-0.788016
210.0410,-24080,-63.041297,-0.788016
210.0510,-24080,-63.041297,-0.788016
210.0610,-24080,-63.041297,-0.788016
210.0710,-24080,-63.041297,-0.788016
210.0810,-24080,-63.041297,-0.788016
210.0910,-24080,-63.041297,-0.788016
210.1010,-24080,-63.041297,-0.788016
210.1110,-24080,-63.041297,-0.788016
210.1210,-24080,-63.041297,-0.788016
210.1310,-24080,-63.041297,-0.788016
210.1410,-24080,-63.041297,-0.788016
210.1510,-24080,-63.041297,-0.788016
210.1610,-24080,-63.041297,-0.788016
210.1710,-24080,-63.041297,-0.788016
210.1810,-24080,-63.041297,-0.788016
210.1910,-24080,-63.041297,-0.788016
210.2010,-24080,-63.041297,-0.788016
210.2110,-24080,-63.041297,-0.788016
210.2210,-24080,-63.041297,-0.788016
210.2310,-24080,-63.041297,-0.788016
210.2410,-24080,-63.041297,-0.788016
210.2510,-24080,-63.041297,-0.788016
210.2610,-24080,-63.041297,-0.788016
210.2710,-24080,-63.041297,-0.788016
210.2810,-24080,-63.041297,-0.788016
210.2910,-24080,-63.041297,-0.788016
210.3010,-24080,-63.041297,-0.788016
210.3110,-24080,-63.041297,-0.788016
210.3210,-24080,-63.041297,-0.788016
210.3310,-24080,-63.041297,-0.788016
210.3410,-24080,-63.041297,-0.788016
210.3510,-24080,-63.041297,-0.788016
210.3610,-24080,-63.041297,-0.788016
210.3710,-24080,-63.041297,-0.788016
210.3810,-24080,-63.041297,-0.788016
210.3910,-24080,-63.041297,-0.788016
210.4010,-24080,-63.041297,-0.788016
210.4110,-24080,-63.041297,-0.788016
210.4210,-24080,-63.041297,-0.788016
210.4310,-24080,-63.041297,-0.788016
210.4410,-24080,-63.041297,-0.788016
210.4510,-24080,-63.041297,-0.788016
210.4610,-24080,-63.041297,-0.788016
210.4710,-24080,-63.041297,-0.788016
210.4810,-24080,-63.041297,-0.788016
210.4910,-24080,-63.041297,-0.788016
210.5010,-24080,-63.041297,-0.788016
210.5110,-24080,-63.041297,-0.788016
210.5210,-24080,-63.041297,-0.788016
210.5310,-24080,-63.041297,-0.788016
210.5410,-24080,-63.041297,-0.788016
210.5510,-24080,-63.041297,-0.788016
210.5610,-24080,-63.041297,-0.788016
210.5710,-24080,-63.041297,-0.788016
210.5810,-24080,-63.041297,-0.788016
210.5910,-24080,-63.041297,-0.788016
210.6010,-24080,-63.041297,-0.788016
210.6110,-24080,-63.041297,-0.788016
210.6210,-24080,-63.041297,-0.788016
210.6310,-24080,-63.041297,-0.788016
210.6410,-24080,-63.041297,-0.788016
210.6520,-24080,-63.041297,-0.788016
210.6610,-24080,-63.041297,-0.788016
210.6710,-24080,-63.041297,-0.788016
210.6810,-24080,-63.041297,-0.788016
210.6910,-24080,-63.041297,-0.788016
210.7010,-24080,-63.041297,-0.788016
210.7110,-24080,-63.041297,-0.788016
210.7210,-24080,-63.041297,-0.788016
210.7310,-24080,-63.041297,-0.788016
210.7410,-24080,-63.041297,-0.788016
210.7510,-24080,-63.041297,-0.788016
210.7610,-24080,-63.041297,-0.788016
210.7710,-24080,-63.041297,-0.788016
210.7810,-24080,-63.041297,-0.788016
210.7910,-24080,-63.041297,-0.788016
210.8010,-24080,-63.041297,-0.788016
210.8110,-24080,-63.041297,-0.788016
210.8210,-24080,-63.041297,-0.788016
210.8310,-24080,-63.041297,-0.788016
210.8410,-24080,-63.041297,-0.788016
210.8510,-24080,-63.041297,-0.788016
210.8610,-24080,-63.041297,-0.788016
210.8710,-24080,-63.041297,-0.788016
210.8810,-24080,-63.041297,-0.788016
210.8910,-24080,-63.041297,-0.788016
210.9010,-24080,-63.041297,-0.788016
210.9110,-24080,-63.041297,-0.788016
210.9210,-24080,-63.041297,-0.788016
210.9310,-24080,-63.041297,-0.788016
210.9410,-24080,-63.041297,-0.788016
210.9510,-24080,-63.041297,-0.788016
210.9610,-24080,-63.041297,-0.788016
210.9710,-24080,-63.041297,-0.788016
210.9810,-24080,-63.041297,-0.788016
210.9910,-24080,-63.041297,-0.788016
211.0010,-24080,-63.041297,-0.788016
211.0110,-24080,-63.041297,-0.788016
211.0210,-24080,-63.041297,-0.788016
211.0310,-24080,-63.041297,-0.788016
211.0410,-24080,-63.041297,-0.788016
211.0510,-24080,-63.041297,-0.788016
211.0610,-24080,-63.041297,-0.788016
211.0710,-24080,-63.041297,-0.788016
211.0810,-24080,-63.041297,-0.788016
211.0910,-24080,-63.041297,-0.788016
211.1010,-24080,-63.041297,-0.788016
211.1110,-24080,-63.041297,-0.788016
211.1210,-24080,-63.041297,-0.788016
211.1310,-24080,-63.041297,-0.788016
211.1410,-24080,-63.041297,-0.788016
211.1510,-24080,-63.041297,-0.788016
211.1610,-24080,-63.041297,-0.788016
211.1710,-24080,-63.041297,-0.788016
211.1810,-24080,-63.041297,-0.788016
211.1910,-24080,-63.041297,-0.788016
211.2010,-24080,-63.041297,-0.788016
211.2110,-24080,-63.041297,-0.788016
211.2210,-24081,-63.043910,-0.788049
211.2310,-24081,-63.043910,-0.788049
211.2410,-24081,-63.043910,-0.788049
211.2510,-24081,-63.043910,-0.788049
211.2610,-24081,-63.043910,-0.788049
211.2710,-24081,-63.043910,-0.788049
211.2810,-24081,-63.043910,-0.788049
211.2920,-24081,-63.043910,-0.788049
211.3010,-24081,-63.043910,-0.788049
211.3110,-24081,-63.043910,-0.788049
211.3210,-24081,-63.043910,-0.788049
211.3310,-24081,-63.043910,-0.788049
211.3410,-24081,-63.043910,-0.788049
211.3510,-24081,-63.043910,-0.788049
211.3610,-24081,-63.043910,-0.788049
211.3710,-24081,-63.043910,-0.788049
211.3810,-24081,-63.043910,-0.788049
211.3910,-24081,-63.043910,-0.788049
211.4010,-24081,-63.043910,-0.788049
211.4110,-24081,-63.043910,-0.788049
211.4210,-24081,-63.043910,-0.788049
211.4310,-24081,-63.043910,-0.788049
211.4410,-24081,-63.043910,-0.788049
211.4510,-24081,-63.043910,-0.788049
211.4610,-24081,-63.043910,-0.788049
211.4710,-24081,-63.043910,-0.788049
211.4810,-24081,-63.043910,-0.788049
211.4910,-24081,-63.043910,-0.788049
211.5010,-24081,-63.043910,-0.788049
211.5110,-24081,-63.043910,-0.788049
211.5210,-24081,-63.043910,-0.788049
211.5310,-24081,-63.043910,-0.788049
211.5410,-24081,-63.043910,-0.788049
211.5510,-24081,-63.043910,-0.788049
211.5610,-24081,-63.043910,-0.788049
211.5710,-24081,-63.043910,-0.788049
211.5810,-24081,-63.043910,-0.788049
211.5910,-24081,-63.043910,-0.788049
211.6010,-24081,-63.043910,-0.788049
211.6110,-24081,-63.043910,-0.788049
211.6210,-24081,-63.043910,-0.788049
211.6310,-24081,-63.043910,-0.788049
211.6410,-24081,-63.043910,-0.788049
211.6510,-24081,-63.043910,-0.788049
211.6610,-24081,-63.043910,-0.788049
211.6710,-24081,-63.043910,-0.788049
211.6810,-24081,-63.043910,-0.788049
211.6910,-24081,-63.043910,-0.788049
211.7010,-24081,-63.043910,-0.788049
211.7110,-24081,-63.043910,-0.788049
211.7210,-24081,-63.043910,-0.788049
211.7310,-24081,-63.043910,-0.788049
211.7410,-24081,-63.043910,-0.788049
211.7510,-24081,-63.043910,-0.788049
211.7610,-24081,-63.043910,-0.788049
211.7710,-24081,-63.043910,-0.788049
211.7810,-24081,-63.043910,-0.788049
211.7910,-24081,-63.043910,-0.788049
211.8010,-24081,-63.043910,-0.788049
211.8110,-24081,-63.043910,-0.788049
211.8210,-24081,-63.043910,-0.788049
211.8310,-24081,-63.043910,-0.788049
211.8410,-24081,-63.043910,-0.788049
211.8510,-24081,-63.043910,-0.788049
211.8610,-24081,-63.043910,-0.788049
211.8710,-24081,-63.043910,-0.788049
211.8810,-24081,-63.043910,-0.788049
211.8910,-24081,-63.043910,-0.788049
211.9010,-24081,-63.043910,-0.788049
211.9110,-24081,-63.043910,-0.788049
211.9210,-24081,-63.043910,-0.788049
211.9320,-24081,-63.043910,-0.788049
211.9410,-24081,-63.043910,-0.788049
211.9510,-24081,-63.043910,-0.788049
211.9610,-24081,-63.043910,-0.788049
211.9710,-24081,-63.043910,-0.788049
211.9810,-24081,-63.043910,-0.788049
211.9910,-24081,-63.043910,-0.788049
212.0010,-24081,-63.043910,-0.788049
212.0110,-24081,-63.043910,-0.788049
212.0210,-24081,-63.043910,-0.788049
212.0310,-24081,-63.043910,-0.788049
212.0410,-24081,-63.043910,-0.788049
212.0510,-24081,-63.043910,-0.788049
212.0610,-24081,-63.043910,-0.788049
212.0710,-24081,-63.043910,-0.788049
212.0810,-24081,-63.043910,-0.788049
212.0910,-24081,-63.043910,-0.788049
212.1010,-24081,-63.043910,-0.788049
212.1110,-24081,-63.043910,-0.788049
212.1210,-24081,-63.043910,-0.788049
212.1310,-24081,-63.043910,-0.788049
212.1410,-24081,-63.043910,-0.788049
212.1510,-24081,-63.043910,-0.788049
212.1610,-24081,-63.043910,-0.788049
212.1710,-24081,-63.043910,-0.788049
212.1810,-24081,-63.043910,-0.788049
212.1910,-24081,-63.043910,-0.788049
212.2010,-24081,-63.043910,-0.788049
212.2110,-24081,-63.043910,-0.788049
212.2210,-24081,-63.043910,-0.788049
212.2310,-24081,-63.043910,-0.788049
212.2410,-24081,-63.043910,-0.788049
212.2510,-24081,-63.043910,-0.788049
212.2610,-24081,-63.043910,-0.788049
212.2710,-24081,-63.043910,-0.788049
212.2810,-24081,-63.043910,-0.788049
212.2910,-24081,-63.043910,-0.788049
212.3010,-24081,-63.043910,-0.788049
212.3110,-24081,-63.043910,-0.788049
212.3210,-24081,-63.043910,-0.788049
212.3310,-24081,-63.043910,-0.788049
212.3410,-24081,-63.043910,-0.788049
212.3510,-24081,-63.043910,-0.788049
212.3610,-24081,-63.043910,-0.788049
212.3710,-24081,-63.043910,-0.788049
212.3810,-24081,-63.043910,-0.788049
212.3910,-24081,-63.043910,-0.788049
212.4010,-24081,-63.043910,-0.788049
212.4110,-24081,-63.043910,-0.788049
212.4210,-24081,-63.043910,-0.788049
212.4310,-24081,-63.043910,-0.788049
212.4410,-24081,-63.043910,-0.788049
212.4510,-24081,-63.043910,-0.788049
212.4610,-24081,-63.043910,-0.788049
212.4710,-24081,-63.043910,-0.788049
212.4810,-24081,-63.043910,-0.788049
212.4910,-24081,-63.043910,-0.788049
212.5010,-24081,-63.043910,-0.788049
212.5110,-24081,-63.043910,-0.788049
212.5210,-24081,-63.043910,-0.788049
212.5310,-24081,-63.043910,-0.788049
212.5410,-24081,-63.043910,-0.788049
212.5510,-24081,-63.043910,-0.788049
212.5610,-24081,-63.043910,-0.788049
212.5720,-24081,-63.043910,-0.788049
212.5810,-24081,-63.043910,-0.788049
212.5910,-24081,-63.043910,-0.788049
212.6010,-24081,-63.043910,-0.788049
212.6110,-24081,-63.043910,-0.788049
212.6210,-24081,-63.043910,-0.788049
212.6310,-24081,-63.043910,-0.788049
212.6410,-24081,-63.043910,-0.788049
212.6510,-24081,-63.043910,-0.788049
212.6610,-24081,-63.043910,-0.788049
212.6710,-24081,-63.043910,-0.788049
212.6810,-24081,-63.043910,-0.788049
212.6910,-24081,-63.043910,-0.788049
212.7010,-24081,-63.043910,-0.788049
212.7110,-24081,-63.043910,-0.788049
212.7210,-24081,-63.043910,-0.788049
212.7310,-24081,-63.043910,-0.788049
212.7410,-24081,-63.043910,-0.788049
212.7510,-24081,-63.043910,-0.788049
212.7610,-24081,-63.043910,-0.788049
212.7710,-24081,-63.043910,-0.788049
212.7810,-24081,-63.043910,-0.788049
212.7910,-24081,-63.043910,-0.788049
212.8010,-24081,-63.043910,-0.788049
212.8110,-24081,-63.043910,-0.788049
212.8210,-24081,-63.043910,-0.788049
212.8310,-24081,-63.043910,-0.788049
212.8410,-24081,-63.043910,-0.788049
212.8510,-24081,-63.043910,-0.788049
212.8610,-24081,-63.043910,-0.788049
212.8710,-24081,-63.043910,-0.788049
212.8810,-24081,-63.043910,-0.788049
212.8910,-24081,-63.043910,-0.788049
212.9010,-24081,-63.043910,-0.788049
212.9110,-24081,-63.043910,-0.788049
212.9210,-24081,-63.043910,-0.788049
212.9310,-24081,-63.043910,-0.788049
212.9410,-24081,-63.043910,-0.788049
212.9510,-24081,-63.043910,-0.788049
212.9610,-24081,-63.043910,-0.788049
212.9710,-24081,-63.043910,-0.788049
212.9810,-24081,-63.043910,-0.788049
212.9910,-24081,-63.043910,-0.788049
213.0010,-24081,-63.043910,-0.788049
213.0110,-24081,-63.043910,-0.788049
213.0210,-24081,-63.043910,-0.788049
213.0310,-24081,-63.043910,-0.788049
213.0410,-24081,-63.043910,-0.788049
213.0510,-24081,-63.043910,-0.788049
213.0610,-24081,-63.043910,-0.788049
213.0710,-24081,-63.043910,-0.788049
213.0810,-24081,-63.043910,-0.788049
213.0910,-24081,-63.043910,-0.788049
213.1010,-24081,-63.043910,-0.788049
213.1110,-24081,-63.043910,-0.788049
213.1210,-24081,-63.043910,-0.788049
213.1310,-24081,-63.043910,-0.788049
213.1410,-24081,-63.043910,-0.788049
213.1510,-24081,-63.043910,-0.788049
213.1610,-24081,-63.043910,-0.788049
213.1710,-24081,-63.043910,-0.788049
213.1810,-24081,-63.043910,-0.788049
213.1910,-24081,-63.043910,-0.788049
213.2010,-24081,-63.043910,-0.788049
213.2120,-24081,-63.043910,-0.788049
213.2210,-24081,-63.043910,-0.788049
213.2310,-24081,-63.043910,-0.788049
213.2410,-24081,-63.043910,-0.788049
213.2510,-24081,-63.043910,-0.788049
213.2610,-24081,-63.043910,-0.788049
213.2710,-24081,-63.043910,-0.788049
213.2810,-24081,-63.043910,-0.788049
213.2910,-24081,-63.043910,-0.788049
213.3010,-24081,-63.043910,-0.788049
213.3110,-24081,-63.043910,-0.788049
213.3210,-24081,-63.043910,-0.788049
213.3310,-24081,-63.043910,-0.788049
213.3410,-24081,-63.043910,-0.788049
213.3510,-24081,-63.043910,-0.788049
213.3610,-24081,-63.043910,-0.788049
213.3710,-24081,-63.043910,-0.788049
213.3810,-24081,-63.043910,-0.788049
213.3910,-24081,-63.043910,-0.788049
213.4010,-24081,-63.043910,-0.788049
213.4110,-24081,-63.043910,-0.788049
213.4210,-24081,-63.043910,-0.788049
213.4310,-24081,-63.043910,-0.788049
213.4410,-24081,-63.043910,-0.788049
213.4510,-24081,-63.043910,-0.788049
213.4610,-24081,-63.043910,-0.788049
213.4710,-24081,-63.043910,-0.788049
213.4810,-24081,-63.043910,-0.788049
213.4910,-24081,-63.043910,-0.788049
213.5010,-24081,-63.043910,-0.788049
213.5110,-24081,-63.043910,-0.788049
213.5210,-24081,-63.043910,-0.788049
213.5310,-24081,-63.043910,-0.788049
213.5410,-24081,-63.043910,-0.788049
213.5510,-24081,-63.043910,-0.788049
213.5610,-24081,-63.043910,-0.788049
213.5710,-24081,-63.043910,-0.788049
213.5810,-24081,-63.043910,-0.788049
213.5910,-24081,-63.043910,-0.788049
213.6010,-24081,-63.043910,-0.788049
213.6110,-24081,-63.043910,-0.788049
213.6210,-24081,-63.043910,-0.788049
213.6310,-24081,-63.043910,-0.788049
213.6410,-24081,-63.043910,-0.788049
213.6510,-24081,-63.043910,-0.788049
213.6610,-24081,-63.043910,-0.788049
213.6710,-24081,-63.043910,-0.788049
213.6810,-24081,-63.043910,-0.788049
213.6910,-24081,-63.043910,-0.788049
213.7010,-24081,-63.043910,-0.788049
213.7110,-24081,-63.043910,-0.788049
213.7210,-24081,-63.043910,-0.788049
213.7310,-24081,-63.043910,-0.788049
213.7410,-24081,-63.043910,-0.788049
213.7510,-24081,-63.043910,-0.788049
213.7610,-24081,-63.043910,-0.788049
213.7710,-24081,-63.043910,-0.788049
213.7810,-24081,-63.043910,-0.788049
213.7910,-24081,-63.043910,-0.788049
213.8010,-24081,-63.043910,-0.788049
213.8110,-24081,-63.043910,-0.788049
213.8210,-24081,-63.043910,-0.788049
213.8310,-24081,-63.043910,-0.788049
213.8410,-24081,-63.043910,-0.788049
213.8520,-24081,-63.043910,-0.788049
213.8610,-24081,-63.043910,-0.788049
213.8710,-24081,-63.043910,-0.788049
213.8810,-24081,-63.043910,-0.788049
213.8910,-24081,-63.043910,-0.788049
213.9010,-24081,-63.043910,-0.788049
213.9110,-24081,-63.043910,-0.788049
213.9210,-24081,-63.043910,-0.788049
213.9310,-24081,-63.043910,-0.788049
213.9410,-24081,-63.043910,-0.788049
213.9510,-24081,-63.043910,-0.788049
213.9610,-24081,-63.043910,-0.788049
213.9710,-24081,-63.043910,-0.788049
213.9810,-24081,-63.043910,-0.788049
213.9910,-24081,-63.043910,-0.788049
214.0010,-24081,-63.043910,-0.788049
214.0110,-24081,-63.043910,-0.788049
214.0210,-24081,-63.043910,-0.788049
214.0310,-24081,-63.043910,-0.788049
214.0410,-24081,-63.043910,-0.788049
214.0510,-24081,-63.043910,-0.788049
214.0610,-24081,-63.043910,-0.788049
214.0710,-24081,-63.043910,-0.788049
214.0810,-24081,-63.043910,-0.788049
214.0910,-24081,-63.043910,-0.788049
214.1010,-24081,-63.043910,-0.788049
214.1110,-24081,-63.043910,-0.788049
214.1210,-24081,-63.043910,-0.788049
214.1310,-24081,-63.043910,-0.788049
214.1410,-24081,-63.043910,-0.788049
214.1510,-24081,-63.043910,-0.788049
214.1610,-24081,-63.043910,-0.788049
214.1710,-24081,-63.043910,-0.788049
214.1810,-24081,-63.043910,-0.788049
214.1910,-24081,-63.043910,-0.788049
214.2010,-24081,-63.043910,-0.788049
214.2110,-24081,-63.043910,-0.788049
214.2210,-24081,-63.043910,-0.788049
214.2310,-24081,-63.043910,-0.788049
214.2410,-24081,-63.043910,-0.788049
214.2510,-24081,-63.043910,-0.788049
214.2610,-24081,-63.043910,-0.788049
214.2710,-24081,-63.043910,-0.788049
214.2810,-24081,-63.043910,-0.788049
214.2910,-24081,-63.043910,-0.788049
214.3010,-24081,-63.043910,-0.788049
214.3110,-24081,-63.043910,-0.788049
214.3210,-24081,-63.043910,-0.788049
214.3310,-24081,-63.043910,-0.788049
214.3410,-24081,-63.043910,-0.788049
214.3510,-24081,-63.043910,-0.788049
214.3610,-24081,-63.043910,-0.788049
214.3710,-24081,-63.043910,-0.788049
214.3810,-24081,-63.043910,-0.788049
214.3910,-24081,-63.043910,-0.788049
214.4010,-24081,-63.043910,-0.788049
214.4110,-24081,-63.043910,-0.788049
214.4210,-24081,-63.043910,-0.788049
214.4310,-24081,-63.043910,-0.788049
214.4410,-24081,-63.043910,-0.788049
214.4510,-24081,-63.043910,-0.788049
214.4610,-24081,-63.043910,-0.788049
214.4710,-24081,-63.043910,-0.788049
214.4810,-24081,-63.043910,-0.788049
214.4920,-24081,-63.043910,-0.788049
214.5010,-24081,-63.043910,-0.788049
214.5110,-24081,-63.043910,-0.788049
214.5210,-24081,-63.043910,-0.788049
214.5310,-24081,-63.043910,-0.788049
214.5410,-24081,-63.043910,-0.788049
214.5510,-24081,-63.043910,-0.788049
214.5610,-24081,-63.043910,-0.788049
214.5710,-24081,-63.043910,-0.788049
214.5810,-24081,-63.043910,-0.788049
214.5910,-24081,-63.043910,-0.788049
214.6010,-24081,-63.043910,-0.788049
214.6110,-24081,-63.043910,-0.788049
214.6210,-24081,-63.043910,-0.788049
214.6310,-24081,-63.043910,-0.788049
214.6410,-24081,-63.043910,-0.788049
214.6510,-24081,-63.043910,-0.788049
214.6610,-24081,-63.043910,-0.788049
214.6710,-24081,-63.043910,-0.788049
214.6810,-24081,-63.043910,-0.788049
214.6910,-24081,-63.043910,-0.788049
214.7010,-24081,-63.043910,-0.788049
214.7110,-24081,-63.043910,-0.788049
214.7210,-24081,-63.043910,-0.788049
214.7310,-24081,-63.043910,-0.788049
214.7410,-24081,-63.043910,-0.788049
214.7510,-24081,-63.043910,-0.788049
214.7610,-24081,-63.043910,-0.788049
214.7710,-24081,-63.043910,-0.788049
214.7810,-24081,-63.043910,-0.788049
214.7910,-24081,-63.043910,-0.788049
214.8010,-24081,-63.043910,-0.788049
214.8110,-24081,-63.043910,-0.788049
214.8210,-24081,-63.043910,-0.788049
214.8310,-24081,-63.043910,-0.788049
214.8410,-24081,-63.043910,-0.788049
214.8510,-24081,-63.043910,-0.788049
214.8610,-24081,-63.043910,-0.788049
214.8710,-24081,-63.043910,-0.788049
214.8810,-24081,-63.043910,-0.788049
214.8910,-24081,-63.043910,-0.788049
214.9010,-24081,-63.043910,-0.788049
214.9110,-24081,-63.043910,-0.788049
214.9210,-24081,-63.043910,-0.788049
214.9310,-24081,-63.043910,-0.788049
214.9410,-24081,-63.043910,-0.788049
214.9510,-24081,-63.043910,-0.788049
214.9610,-24081,-63.043910,-0.788049
214.9710,-24081,-63.043910,-0.788049
214.9810,-24081,-63.043910,-0.788049
214.9910,-24081,-63.043910,-0.788049
215.0010,-24081,-63.043910,-0.788049
215.0110,-24081,-63.043910,-0.788049
215.0210,-24081,-63.043910,-0.788049
215.0310,-24081,-63.043910,-0.788049
215.0410,-24081,-63.043910,-0.788049
215.0510,-24081,-63.043910,-0.788049
215.0610,-24081,-63.043910,-0.788049
215.0710,-24082,-63.046527,-0.788082
215.0810,-24082,-63.046527,-0.788082
215.0910,-24082,-63.046527,-0.788082
215.1010,-24083,-63.049148,-0.788114
215.1110,-24083,-63.049148,-0.788114
215.1210,-24085,-63.054382,-0.788180
215.1320,-24087,-63.059619,-0.788245
215.1410,-24090,-63.067478,-0.788343
215.1510,-24094,-63.077945,-0.788474
215.1610,-24097,-63.085800,-0.788572
215.1710,-24100,-63.093654,-0.788671
215.1810,-24103,-63.101505,-0.788769
215.1910,-24103,-63.101505,-0.788769
215.2010,-24104,-63.104125,-0.788802
215.2110,-24105,-63.106742,-0.788834
215.2210,-24107,-63.111980,-0.788900
215.2310,-24108,-63.114597,-0.788932
215.2410,-24108,-63.114597,-0.788932
215.2510,-24108,-63.114597,-0.788932
215.2610,-24108,-63.114597,-0.788932
215.2710,-24109,-63.117218,-0.788965
215.2810,-24109,-63.117218,-0.788965
215.2910,-24109,-63.117218,-0.788965
215.3010,-24109,-63.117218,-0.788965
215.3110,-24109,-63.117218,-0.788965
215.3210,-24109,-63.117218,-0.788965
215.3310,-24109,-63.117218,-0.788965
215.3410,-24109,-63.117218,-0.788965
215.3510,-24109,-63.117218,-0.788965
215.3610,-24109,-63.117218,-0.788965
215.3710,-24109,-63.117218,-0.788965
215.3810,-24109,-63.117218,-0.788965
215.3910,-24109,-63.117218,-0.788965
215.4010,-24109,-63.117218,-0.788965
215.4110,-24109,-63.117218,-0.788965
215.4210,-24109,-63.117218,-0.788965
215.4310,-24109,-63.117218,-0.788965
215.4410,-24109,-63.117218,-0.788965
215.4510,-24109,-63.117218,-0.788965
215.4610,-24109,-63.117218,-0.788965
215.4710,-24109,-63.117218,-0.788965
215.4810,-24109,-63.117218,-0.788965
215.4910,-24109,-63.117218,-0.788965
215.5010,-24109,-63.117218,-0.788965
215.5110,-24109,-63.117218,-0.788965
215.5210,-24109,-63.117218,-0.788965
215.5310,-24109,-63.117218,-0.788965
215.5410,-24109,-63.117218,-0.788965
215.5510,-24109,-63.117218,-0.788965
215.5610,-24109,-63.117218,-0.788965
215.5710,-24109,-63.117218,-0.788965
215.5810,-24109,-63.117218,-0.788965
215.5910,-24109,-63.117218,-0.788965
215.6010,-24109,-63.117218,-0.788965
215.6110,-24109,-63.117218,-0.788965
215.6210,-24109,-63.117218,-0.788965
215.6310,-24109,-63.117218,-0.788965
215.6410,-24109,-63.117218,-0.788965
215.6510,-24109,-63.117218,-0.788965
215.6610,-24109,-63.117218,-0.788965
215.6710,-24110,-63.119834,-0.788998
215.6810,-24111,-63.122455,-0.789031
215.6910,-24111,-63.122455,-0.789031
215.7010,-24112,-63.125072,-0.789063
215.7110,-24113,-63.127685,-0.789096
215.7210,-24114,-63.130302,-0.789129
215.7310,-24115,-63.132923,-0.789162
215.7410,-24116,-63.135540,-0.789194
215.7510,-24116,-63.135540,-0.789194
215.7610,-24116,-63.135540,-0.789194
215.7720,-24116,-63.135540,-0.789194
215.7810,-24117,-63.138160,-0.789227
215.7910,-24117,-63.138160,-0.789227
215.8010,-24118,-63.140777,-0.789260
215.8110,-24118,-63.140777,-0.789260
215.8210,-24119,-63.143398,-0.789293
215.8310,-24120,-63.146015,-0.789325
215.8410,-24122,-63.151252,-0.789391
215.8510,-24123,-63.153869,-0.789423
215.8610,-24125,-63.159103,-0.789489
215.8710,-24127,-63.164340,-0.789554
215.8810,-24128,-63.166957,-0.789587
215.8910,-24129,-63.169574,-0.789620
215.9010,-24130,-63.172195,-0.789652
215.9110,-24131,-63.174812,-0.789685
215.9210,-24132,-63.177433,-0.789718
215.9310,-24133,-63.180049,-0.789751
215.9410,-24134,-63.182662,-0.789783
215.9510,-24134,-63.182662,-0.789783
215.9610,-24135,-63.185279,-0.789816
215.9710,-24136,-63.187900,-0.789849
215.9810,-24137,-63.190517,-0.789881
215.9910,-24138,-63.193138,-0.789914
216.0010,-24138,-63.193138,-0.789914
216.0110,-24138,-63.193138,-0.789914
216.0210,-24138,-63.193138,-0.789914
216.0310,-24138,-63.193138,-0.789914
216.0410,-24138,-63.193138,-0.789914
216.0510,-24138,-63.193138,-0.789914
216.0610,-24138,-63.193138,-0.789914
216.0710,-24138,-63.193138,-0.789914
216.0810,-24138,-63.193138,-0.789914
216.0910,-24138,-63.193138,-0.789914
216.1010,-24138,-63.193138,-0.789914
216.1110,-24138,-63.193138,-0.789914
216.1210,-24138,-63.193138,-0.789914
216.1310,-24138,-63.193138,-0.789914
216.1410,-24138,-63.193138,-0.789914
216.1510,-24138,-63.193138,-0.789914
216.1610,-24138,-63.193138,-0.789914
216.1710,-24138,-63.193138,-0.789914
216.1810,-24138,-63.193138,-0.789914
216.1910,-24139,-63.195755,-0.789947
216.2010,-24139,-63.195755,-0.789947
216.2110,-24140,-63.198375,-0.789980
216.2210,-24140,-63.198375,-0.789980
216.2310,-24140,-63.198375,-0.789980
216.2410,-24140,-63.198375,-0.789980
216.2510,-24141,-63.200992,-0.790012
216.2610,-24142,-63.203613,-0.790045
216.2710,-24143,-63.206230,-0.790078
216.2810,-24143,-63.206230,-0.790078
216.2910,-24144,-63.208847,-0.790111
216.3010,-24145,-63.211460,-0.790143
216.3110,-24146,-63.214080,-0.790176
216.3210,-24147,-63.216697,-0.790209
216.3310,-24147,-63.216697,-0.790209
216.3410,-24148,-63.219318,-0.790241
216.3510,-24148,-63.219318,-0.790241
216.3610,-24148,-63.219318,-0.790241
216.3710,-24148,-63.219318,-0.790241
216.3810,-24148,-63.219318,-0.790241
216.3910,-24148,-63.219318,-0.790241
216.4010,-24148,-63.219318,-0.790241
216.4120,-24148,-63.219318,-0.790241
216.4210,-24148,-63.219318,-0.790241
216.4310,-24148,-63.219318,-0.790241
216.4410,-24148,-63.219318,-0.790241
216.4510,-24148,-63.219318,-0.790241
216.4610,-24148,-63.219318,-0.790241
216.4710,-24148,-63.219318,-0.790241
216.4810,-24148,-63.219318,-0.790241
216.4910,-24148,-63.219318,-0.790241
216.5010,-24148,-63.219318,-0.790241
216.5110,-24148,-63.219318,-0.790241
216.5210,-24148,-63.219318,-0.790241
216.5310,-24148,-63.219318,-0.790241
216.5410,-24148,-63.219318,-0.790241
216.5510,-24148,-63.219318,-0.790241
216.5610,-24148,-63.219318,-0.790241
216.5710,-24148,-63.219318,-0.790241
216.5810,-24148,-63.219318,-0.790241
216.5910,-24149,-63.221935,-0.790274
216.6010,-24149,-63.221935,-0.790274
216.6110,-24149,-63.221935,-0.790274
216.6210,-24150,-63.224552,-0.790307
216.6310,-24150,-63.224552,-0.790307
216.6410,-24150,-63.224552,-0.790307
216.6510,-24151,-63.227172,-0.790340
216.6610,-24151,-63.227172,-0.790340
216.6710,-24151,-63.227172,-0.790340
216.6810,-24152,-63.229789,-0.790372
216.6910,-24152,-63.229789,-0.790372
216.7010,-24152,-63.229789,-0.790372
216.7110,-24152,-63.229789,-0.790372
216.7210,-24152,-63.229789,-0.790372
216.7310,-24152,-63.229789,-0.790372
216.7410,-24152,-63.229789,-0.790372
216.7510,-24152,-63.229789,-0.790372
216.7610,-24152,-63.229789,-0.790372
216.7710,-24152,-63.229789,-0.790372
216.7810,-24152,-63.229789,-0.790372
216.7910,-24152,-63.229789,-0.790372
216.8010,-24152,-63.229789,-0.790372
216.8110,-24152,-63.229789,-0.790372
216.8210,-24152,-63.229789,-0.790372
216.8310,-24152,-63.229789,-0.790372
216.8410,-24152,-63.229789,-0.790372
216.8510,-24152,-63.229789,-0.790372
216.8610,-24152,-63.229789,-0.790372
216.8710,-24152,-63.229789,-0.790372
216.8810,-24152,-63.229789,-0.790372
216.8910,-24152,-63.229789,-0.790372
216.9010,-24152,-63.229789,-0.790372
216.9110,-24152,-63.229789,-0.790372
216.9210,-24152,-63.229789,-0.790372
216.9310,-24152,-63.229789,-0.790372
216.9410,-24152,-63.229789,-0.790372
216.9510,-24152,-63.229789,-0.790372
216.9610,-24152,-63.229789,-0.790372
216.9710,-24152,-63.229789,-0.790372
216.9810,-24152,-63.229789,-0.790372
216.9910,-24152,-63.229789,-0.790372
217.0010,-24152,-63.229789,-0.790372
217.0110,-24152,-63.229789,-0.790372
217.0210,-24152,-63.229789,-0.790372
217.0310,-24152,-63.229789,-0.790372
217.0410,-24152,-63.229789,-0.790372
217.0520,-24152,-63.229789,-0.790372
217.0610,-24152,-63.229789,-0.790372
217.0710,-24152,-63.229789,-0.790372
217.0810,-24152,-63.229789,-0.790372
217.0910,-24152,-63.229789,-0.790372
217.1010,-24152,-63.229789,-0.790372
217.1110,-24152,-63.229789,-0.790372
217.1210,-24152,-63.229789,-0.790372
217.1310,-24152,-63.229789,-0.790372
217.1410,-24153,-63.232410,-0.790405
217.1510,-24153,-63.232410,-0.790405
217.1610,-24153,-63.232410,-0.790405
217.1710,-24153,-63.232410,-0.790405
217.1810,-24153,-63.232410,-0.790405
217.1910,-24153,-63.232410,-0.790405
217.2010,-24153,-63.232410,-0.790405
217.2110,-24153,-63.232410,-0.790405
217.2210,-24153,-63.232410,-0.790405
217.2310,-24153,-63.232410,-0.790405
217.2410,-24153,-63.232410,-0.790405
217.2510,-24153,-63.232410,-0.790405
217.2610,-24153,-63.232410,-0.790405
217.2710,-24153,-63.232410,-0.790405
217.2810,-24153,-63.232410,-0.790405
217.2910,-24153,-63.232410,-0.790405
217.3010,-24153,-63.232410,-0.790405
217.3110,-24153,-63.232410,-0.790405
217.3210,-24153,-63.232410,-0.790405
217.3310,-24153,-63.232410,-0.790405
217.3410,-24153,-63.232410,-0.790405
217.3510,-24153,-63.232410,-0.790405
217.3610,-24153,-63.232410,-0.790405
217.3710,-24153,-63.232410,-0.790405
217.3810,-24153,-63.232410,-0.790405
217.3910,-24153,-63.232410,-0.790405
217.4010,-24153,-63.232410,-0.790405
217.4110,-24153,-63.232410,-0.790405
217.4210,-24153,-63.232410,-0.790405
217.4310,-24153,-63.232410,-0.790405
217.4410,-24153,-63.232410,-0.790405
217.4510,-24153,-63.232410,-0.790405
217.4610,-24153,-63.232410,-0.790405
217.4710,-24153,-63.232410,-0.790405
217.4810,-24153,-63.232410,-0.790405
217.4910,-24153,-63.232410,-0.790405
217.5010,-24153,-63.232410,-0.790405
217.5110,-24153,-63.232410,-0.790405
217.5210,-24153,-63.232410,-0.790405
217.5310,-24153,-63.232410,-0.790405
217.5410,-24153,-63.232410,-0.790405
217.5510,-24153,-63.232410,-0.790405
217.5610,-24153,-63.232410,-0.790405
217.5710,-24153,-63.232410,-0.790405
217.5810,-24153,-63.232410,-0.790405
217.5910,-24153,-63.232410,-0.790405
217.6010,-24153,-63.232410,-0.790405
217.6110,-24153,-63.232410,-0.790405
217.6210,-24153,-63.232410,-0.790405
217.6310,-24153,-63.232410,-0.790405
217.6410,-24153,-63.232410,-0.790405
217.6510,-24153,-63.232410,-0.790405
217.6610,-24153,-63.232410,-0.790405
217.6710,-24153,-63.232410,-0.790405
217.6810,-24153,-63.232410,-0.790405
217.6920,-24153,-63.232410,-0.790405
217.7010,-24153,-63.232410,-0.790405
217.7110,-24153,-63.232410,-0.790405
217.7210,-24154,-63.235027,-0.790438
217.7310,-24154,-63.235027,-0.790438
217.7410,-24155,-63.237648,-0.790471
217.7510,-24156,-63.240261,-0.790503
217.7610,-24157,-63.242877,-0.790536
217.7710,-24158,-63.245494,-0.790569
217.7810,-24159,-63.248115,-0.790601
217.7910,-24160,-63.250732,-0.790634
217.8010,-24162,-63.255970,-0.790700
217.8110,-24164,-63.261207,-0.790765
217.8210,-24166,-63.266445,-0.790831
217.8310,-24169,-63.274295,-0.790929
217.8410,-24173,-63.284767,-0.791060
217.8510,-24177,-63.295238,-0.791191
217.8610,-24182,-63.308330,-0.791354
217.8710,-24186,-63.318805,-0.791485
217.8810,-24190,-63.329273,-0.791616
217.8910,-24193,-63.337127,-0.791714
217.9010,-24194,-63.339744,-0.791747
217.9110,-24195,-63.342365,-0.791780
217.9210,-24195,-63.342365,-0.791780
217.9310,-24195,-63.342365,-0.791780
217.9410,-24195,-63.342365,-0.791780
217.9510,-24195,-63.342365,-0.791780
217.9610,-24195,-63.342365,-0.791780
217.9710,-24195,-63.342365,-0.791780
217.9810,-24195,-63.342365,-0.791780
217.9910,-24195,-63.342365,-0.791780
218.0010,-24195,-63.342365,-0.791780
218.0110,-24195,-63.342365,-0.791780
218.0210,-24195,-63.342365,-0.791780
218.0310,-24195,-63.342365,-0.791780
218.0410,-24195,-63.342365,-0.791780
218.0510,-24195,-63.342365,-0.791780
218.0610,-24195,-63.342365,-0.791780
218.0710,-24195,-63.342365,-0.791780
218.0810,-24195,-63.342365,-0.791780
218.0910,-24195,-63.342365,-0.791780
218.1010,-24195,-63.342365,-0.791780
218.1110,-24195,-63.342365,-0.791780
218.1210,-24195,-63.342365,-0.791780
218.1310,-24195,-63.342365,-0.791780
218.1410,-24195,-63.342365,-0.791780
218.1510,-24195,-63.342365,-0.791780
218.1610,-24195,-63.342365,-0.791780
218.1710,-24195,-63.342365,-0.791780
218.1810,-24195,-63.342365,-0.791780
218.1910,-24195,-63.342365,-0.791780
218.2010,-24195,-63.342365,-0.791780
218.2110,-24195,-63.342365,-0.791780
218.2210,-24195,-63.342365,-0.791780
218.2310,-24195,-63.342365,-0.791780
218.2410,-24195,-63.342365,-0.791780
218.2510,-24195,-63.342365,-0.791780
218.2610,-24195,-63.342365,-0.791780
218.2710,-24195,-63.342365,-0.791780
218.2810,-24195,-63.342365,-0.791780
218.2910,-24195,-63.342365,-0.791780
218.3010,-24195,-63.342365,-0.791780
218.3110,-24195,-63.342365,-0.791780
218.3210,-24195,-63.342365,-0.791780
218.3320,-24195,-63.342365,-0.791780
218.3410,-24195,-63.342365,-0.791780
218.3510,-24195,-63.342365,-0.791780
218.3610,-24195,-63.342365,-0.791780
218.3710,-24195,-63.342365,-0.791780
218.3810,-24195,-63.342365,-0.791780
218.3910,-24195,-63.342365,-0.791780
218.4010,-24195,-63.342365,-0.791780
218.4110,-24195,-63.342365,-0.791780
218.4210,-24195,-63.342365,-0.791780
218.4310,-24195,-63.342365,-0.791780
218.4410,-24195,-63.342365,-0.791780
218.4510,-24195,-63.342365,-0.791780
218.4610,-24195,-63.342365,-0.791780
218.4710,-24195,-63.342365,-0.791780
218.4810,-24195,-63.342365,-0.791780
218.4910,-24195,-63.342365,-0.791780
218.5010,-24195,-63.342365,-0.791780
218.5110,-24195,-63.342365,-0.791780
218.5210,-24195,-63.342365,-0.791780
218.5310,-24195,-63.342365,-0.791780
218.5410,-24195,-63.342365,-0.791780
218.5510,-24195,-63.342365,-0.791780
218.5610,-24195,-63.342365,-0.791780
218.5710,-24195,-63.342365,-0.791780
218.5810,-24195,-63.342365,-0.791780
218.5910,-24195,-63.342365,-0.791780
218.6010,-24195,-63.342365,-0.791780
218.6110,-24195,-63.342365,-0.791780
218.6210,-24195,-63.342365,-0.791780
218.6310,-24195,-63.342365,-0.791780
218.6410,-24195,-63.342365,-0.791780
218.6510,-24195,-63.342365,-0.791780
218.6610,-24195,-63.342365,-0.791780
218.6710,-24195,-63.342365,-0.791780
218.6810,-24195,-63.342365,-0.791780
218.6910,-24195,-63.342365,-0.791780
218.7010,-24195,-63.342365,-0.791780
218.7110,-24195,-63.342365,-0.791780
218.7210,-24195,-63.342365,-0.791780
218.7310,-24195,-63.342365,-0.791780
218.7410,-24195,-63.342365,-0.791780
218.7510,-24195,-63.342365,-0.791780
218.7610,-24195,-63.342365,-0.791780
218.7710,-24195,-63.342365,-0.791780
218.7810,-24195,-63.342365,-0.791780
218.7910,-24195,-63.342365,-0.791780
218.8010,-24195,-63.342365,-0.791780
218.8110,-24195,-63.342365,-0.791780
218.8210,-24195,-63.342365,-0.791780
218.8310,-24195,-63.342365,-0.791780
218.8410,-24195,-63.342365,-0.791780
218.8510,-24195,-63.342365,-0.791780
218.8610,-24195,-63.342365,-0.791780
218.8710,-24195,-63.342365,-0.791780
218.8810,-24195,-63.342365,-0.791780
218.8910,-24195,-63.342365,-0.791780
218.9010,-24195,-63.342365,-0.791780
218.9110,-24195,-63.342365,-0.791780
218.9210,-24195,-63.342365,-0.791780
218.9310,-24195,-63.342365,-0.791780
218.9410,-24195,-63.342365,-0.791780
218.9510,-24195,-63.342365,-0.791780
218.9610,-24195,-63.342365,-0.791780
218.9720,-24195,-63.342365,-0.791780
218.9810,-24195,-63.342365,-0.791780
218.9910,-24195,-63.342365,-0.791780
219.0010,-24195,-63.342365,-0.791780
219.0110,-24195,-63.342365,-0.791780
219.0210,-24195,-63.342365,-0.791780
219.0310,-24195,-63.342365,-0.791780
219.0410,-24195,-63.342365,-0.791780
219.0510,-24195,-63.342365,-0.791780
219.0610,-24195,-63.342365,-0.791780
219.0710,-24195,-63.342365,-0.791780
219.0810,-24195,-63.342365,-0.791780
219.0910,-24195,-63.342365,-0.791780
219.1010,-24195,-63.342365,-0.791780
219.1110,-24195,-63.342365,-0.791780
219.1210,-24195,-63.342365,-0.791780
219.1310,-24195,-63.342365,-0.791780
219.1410,-24195,-63.342365,-0.791780
219.1510,-24195,-63.342365,-0.791780
219.1610,-24195,-63.342365,-0.791780
219.1710,-24195,-63.342365,-0.791780
219.1810,-24195,-63.342365,-0.791780
219.1910,-24195,-63.342365,-0.791780
219.2010,-24195,-63.342365,-0.791780
219.2110,-24195,-63.342365,-0.791780
219.2210,-24195,-63.342365,-0.791780
219.2310,-24195,-63.342365,-0.791780
219.2410,-24195,-63.342365,-0.791780
219.2510,-24195,-63.342365,-0.791780
219.2610,-24195,-63.342365,-0.791780
219.2710,-24195,-63.342365,-0.791780
219.2810,-24195,-63.342365,-0.791780
219.2910,-24195,-63.342365,-0.791780
219.3010,-24195,-63.342365,-0.791780
219.3110,-24195,-63.342365,-0.791780
219.3210,-24195,-63.342365,-0.791780
219.3310,-24195,-63.342365,-0.791780
219.3410,-24195,-63.342365,-0.791780
219.3510,-24195,-63.342365,-0.791780
219.3610,-24195,-63.342365,-0.791780
219.3710,-24195,-63.342365,-0.791780
219.3810,-24195,-63.342365,-0.791780
219.3910,-24195,-63.342365,-0.791780
219.4010,-24195,-63.342365,-0.791780
219.4110,-24195,-63.342365,-0.791780
219.4210,-24195,-63.342365,-0.791780
219.4310,-24195,-63.342365,-0.791780
219.4410,-24195,-63.342365,-0.791780
219.4510,-24195,-63.342365,-0.791780
219.4610,-24195,-63.342365,-0.791780
219.4710,-24195,-63.342365,-0.791780
219.4810,-24195,-63.342365,-0.791780
219.4910,-24195,-63.342365,-0.791780
219.5010,-24195,-63.342365,-0.791780
219.5110,-24195,-63.342365,-0.791780
219.5210,-24195,-63.342365,-0.791780
219.5310,-24195,-63.342365,-0.791780
219.5410,-24195,-63.342365,-0.791780
219.5510,-24195,-63.342365,-0.791780
219.5610,-24195,-63.342365,-0.791780
219.5710,-24195,-63.342365,-0.791780
219.5810,-24195,-63.342365,-0.791780
219.5910,-24195,-63.342365,-0.791780
219.6010,-24195,-63.342365,-0.791780
219.6120,-24195,-63.342365,-0.791780
219.6210,-24195,-63.342365,-0.791780
219.6310,-24195,-63.342365,-0.791780
219.6410,-24195,-63.342365,-0.791780
219.6510,-24195,-63.342365,-0.791780
219.6610,-24195,-63.342365,-0.791780
219.6710,-24195,-63.342365,-0.791780
219.6810,-24195,-63.342365,-0.791780
219.6910,-24195,-63.342365,-0.791780
219.7010,-24195,-63.342365,-0.791780
219.7110,-24195,-63.342365,-0.791780
219.7210,-24195,-63.342365,-0.791780
219.7310,-24195,-63.342365,-0.791780
219.7410,-24195,-63.342365,-0.791780
219.7510,-24195,-63.342365,-0.791780
219.7610,-24195,-63.342365,-0.791780
219.7710,-24195,-63.342365,-0.791780
219.7810,-24195,-63.342365,-0.791780
219.7910,-24195,-63.342365,-0.791780
219.8010,-24195,-63.342365,-0.791780
219.8110,-24195,-63.342365,-0.791780
219.8210,-24195,-63.342365,-0.791780
219.8310,-24195,-63.342365,-0.791780
219.8410,-24195,-63.342365,-0.791780
219.8510,-24195,-63.342365,-0.791780
219.8610,-24195,-63.342365,-0.791780
219.8710,-24195,-63.342365,-0.791780
219.8810,-24195,-63.342365,-0.791780
219.8910,-24195,-63.342365,-0.791780
219.9010,-24195,-63.342365,-0.791780
219.9110,-24195,-63.342365,-0.791780
219.9210,-24195,-63.342365,-0.791780
219.9310,-24195,-63.342365,-0.791780
219.9410,-24195,-63.342365,-0.791780
219.9510,-24195,-63.342365,-0.791780
219.9610,-24195,-63.342365,-0.791780
219.9710,-24195,-63.342365,-0.791780
219.9810,-24195,-63.342365,-0.791780
219.9910,-24195,-63.342365,-0.791780
220.0010,-24195,-63.342365,-0.791780
220.0110,-24195,-63.342365,-0.791780
220.0210,-24195,-63.342365,-0.791780
220.0310,-24195,-63.342365,-0.791780
220.0410,-24195,-63.342365,-0.791780
220.0510,-24195,-63.342365,-0.791780
220.0610,-24195,-63.342365,-0.791780
220.0710,-24195,-63.342365,-0.791780
220.0810,-24195,-63.342365,-0.791780
220.0910,-24195,-63.342365,-0.791780
220.1010,-24195,-63.342365,-0.791780
220.1110,-24195,-63.342365,-0.791780
220.1210,-24195,-63.342365,-0.791780
220.1310,-24195,-63.342365,-0.791780
220.1410,-24195,-63.342365,-0.791780
220.1510,-24195,-63.342365,-0.791780
220.1610,-24195,-63.342365,-0.791780
220.1710,-24195,-63.342365,-0.791780
220.1810,-24195,-63.342365,-0.791780
220.1910,-24195,-63.342365,-0.791780
220.2010,-24195,-63.342365,-0.791780
220.2110,-24195,-63.342365,-0.791780
220.2210,-24195,-63.342365,-0.791780
220.2310,-24195,-63.342365,-0.791780
220.2410,-24195,-63.342365,-0.791780
220.2520,-24195,-63.342365,-0.791780
220.2610,-24195,-63.342365,-0.791780
220.2710,-24195,-63.342365,-0.791780
220.2810,-24195,-63.342365,-0.791780
220.2910,-24195,-63.342365,-0.791780
220.3010,-24195,-63.342365,-0.791780
220.3110,-24195,-63.342365,-0.791780
220.3210,-24195,-63.342365,-0.791780
220.3310,-24195,-63.342365,-0.791780
220.3410,-24195,-63.342365,-0.791780
220.3510,-24195,-63.342365,-0.791780
220.3610,-24195,-63.342365,-0.791780
220.3710,-24195,-63.342365,-0.791780
220.3810,-24195,-63.342365,-0.791780
220.3910,-24195,-63.342365,-0.791780
220.4010,-24195,-63.342365,-0.791780
220.4110,-24195,-63.342365,-0.791780
220.4210,-24195,-63.342365,-0.791780
220.4310,-24195,-63.342365,-0.791780
220.4410,-24195,-63.342365,-0.791780
220.4510,-24195,-63.342365,-0.791780
220.4610,-24195,-63.342365,-0.791780
220.4710,-24195,-63.342365,-0.791780
220.4810,-24195,-63.342365,-0.791780
220.4910,-24195,-63.342365,-0.791780
220.5010,-24195,-63.342365,-0.791780
220.5110,-24195,-63.342365,-0.791780
220.5210,-24195,-63.342365,-0.791780
220.5310,-24195,-63.342365,-0.791780
220.5410,-24195,-63.342365,-0.791780
220.5510,-24195,-63.342365,-0.791780
220.5610,-24195,-63.342365,-0.791780
220.5710,-24195,-63.342365,-0.791780
220.5810,-24195,-63.342365,-0.791780
220.5910,-24195,-63.342365,-0.791780
220.6010,-24195,-63.342365,-0.791780
220.6110,-24195,-63.342365,-0.791780
220.6210,-24195,-63.342365,-0.791780
220.6310,-24195,-63.342365,-0.791780
220.6410,-24195,-63.342365,-0.791780
220.6510,-24195,-63.342365,-0.791780
220.6610,-24195,-63.342365,-0.791780
220.6710,-24195,-63.342365,-0.791780
220.6810,-24195,-63.342365,-0.791780
220.6910,-24195,-63.342365,-0.791780
220.7010,-24195,-63.342365,-0.791780
220.7110,-24195,-63.342365,-0.791780
220.7210,-24195,-63.342365,-0.791780
220.7310,-24195,-63.342365,-0.791780
220.7410,-24195,-63.342365,-0.791780
220.7510,-24195,-63.342365,-0.791780
220.7610,-24195,-63.342365,-0.791780
220.7710,-24195,-63.342365,-0.791780
220.7810,-24195,-63.342365,-0.791780
220.7910,-24195,-63.342365,-0.791780
220.8010,-24195,-63.342365,-0.791780
220.8110,-24195,-63.342365,-0.791780
220.8210,-24195,-63.342365,-0.791780
220.8310,-24195,-63.342365,-0.791780
220.8410,-24195,-63.342365,-0.791780
220.8510,-24195,-63.342365,-0.791780
220.8610,-24195,-63.342365,-0.791780
220.8710,-24195,-63.342365,-0.791780
220.8810,-24195,-63.342365,-0.791780
220.8920,-24195,-63.342365,-0.791780
220.9010,-24195,-63.342365,-0.791780
220.9110,-24195,-63.342365,-0.791780
220.9210,-24195,-63.342365,-0.791780
220.9310,-24195,-63.342365,-0.791780
220.9410,-24195,-63.342365,-0.791780
220.9510,-24195,-63.342365,-0.791780
220.9610,-24195,-63.342365,-0.791780
220.9710,-24195,-63.342365,-0.791780
220.9810,-24195,-63.342365,-0.791780
220.9910,-24195,-63.342365,-0.791780
221.0010,-24195,-63.342365,-0.791780
221.0110,-24195,-63.342365,-0.791780
221.0210,-24195,-63.342365,-0.791780
221.0310,-24195,-63.342365,-0.791780
221.0410,-24195,-63.342365,-0.791780
221.0510,-24195,-63.342365,-0.791780
221.0610,-24195,-63.342365,-0.791780
221.0710,-24195,-63.342365,-0.791780
221.0810,-24195,-63.342365,-0.791780
221.0910,-24195,-63.342365,-0.791780
221.1010,-24195,-63.342365,-0.791780
221.1110,-24195,-63.342365,-0.791780
221.1210,-24195,-63.342365,-0.791780
221.1310,-24195,-63.342365,-0.791780
221.1410,-24195,-63.342365,-0.791780
221.1510,-24195,-63.342365,-0.791780
221.1610,-24195,-63.342365,-0.791780
221.1710,-24195,-63.342365,-0.791780
221.1810,-24195,-63.342365,-0.791780
221.1910,-24195,-63.342365,-0.791780
221.2010,-24195,-63.342365,-0.791780
221.2110,-24195,-63.342365,-0.791780
221.2210,-24195,-63.342365,-0.791780
221.2310,-24195,-63.342365,-0.791780
221.2410,-24195,-63.342365,-0.791780
221.2510,-24195,-63.342365,-0.791780
221.2610,-24195,-63.342365,-0.791780
221.2710,-24195,-63.342365,-0.791780
221.2810,-24195,-63.342365,-0.791780
221.2910,-24195,-63.342365,-0.791780
221.3010,-24195,-63.342365,-0.791780
221.3110,-24195,-63.342365,-0.791780
221.3210,-24195,-63.342365,-0.791780
221.3310,-24195,-63.342365,-0.791780
221.3410,-24195,-63.342365,-0.791780
221.3510,-24195,-63.342365,-0.791780
221.3610,-24195,-63.342365,-0.791780
221.3710,-24195,-63.342365,-0.791780
221.3810,-24195,-63.342365,-0.791780
221.3910,-24195,-63.342365,-0.791780
221.4010,-24195,-63.342365,-0.791780
221.4110,-24195,-63.342365,-0.791780
221.4210,-24195,-63.342365,-0.791780
221.4310,-24195,-63.342365,-0.791780
221.4410,-24195,-63.342365,-0.791780
221.4510,-24195,-63.342365,-0.791780
221.4610,-24195,-63.342365,-0.791780
221.4710,-24195,-63.342365,-0.791780
221.4810,-24195,-63.342365,-0.791780
221.4910,-24195,-63.342365,-0.791780
221.5010,-24195,-63.342365,-0.791780
221.5110,-24195,-63.342365,-0.791780
221.5210,-24195,-63.342365,-0.791780
221.5320,-24195,-63.342365,-0.791780
221.5410,-24195,-63.342365,-0.791780
221.5510,-24195,-63.342365,-0.791780
221.5610,-24195,-63.342365,-0.791780
221.5710,-24195,-63.342365,-0.791780
221.5810,-24195,-63.342365,-0.791780
221.5910,-24195,-63.342365,-0.791780
221.6010,-24195,-63.342365,-0.791780
221.6110,-24195,-63.342365,-0.791780
221.6210,-24195,-63.342365,-0.791780
221.6310,-24195,-63.342365,-0.791780
221.6410,-24195,-63.342365,-0.791780
221.6510,-24195,-63.342365,-0.791780
221.6610,-24195,-63.342365,-0.791780
221.6710,-24195,-63.342365,-0.791780
221.6810,-24195,-63.342365,-0.791780
221.6910,-24195,-63.342365,-0.791780
221.7010,-24195,-63.342365,-0.791780
221.7110,-24195,-63.342365,-0.791780
221.7210,-24195,-63.342365,-0.791780
221.7310,-24195,-63.342365,-0.791780
221.7410,-24195,-63.342365,-0.791780
221.7510,-24195,-63.342365,-0.791780
221.7610,-24195,-63.342365,-0.791780
221.7710,-24195,-63.342365,-0.791780
221.7810,-24195,-63.342365,-0.791780
221.7910,-24195,-63.342365,-0.791780
221.8010,-24195,-63.342365,-0.791780
221.8110,-24195,-63.342365,-0.791780
221.8210,-24195,-63.342365,-0.791780
221.8310,-24195,-63.342365,-0.791780
221.8410,-24195,-63.342365,-0.791780
221.8510,-24195,-63.342365,-0.791780
221.8610,-24195,-63.342365,-0.791780
221.8710,-24195,-63.342365,-0.791780
221.8810,-24195,-63.342365,-0.791780
221.8910,-24195,-63.342365,-0.791780
221.9010,-24195,-63.342365,-0.791780
221.9110,-24195,-63.342365,-0.791780
221.9210,-24195,-63.342365,-0.791780
221.9310,-24195,-63.342365,-0.791780
221.9410,-24195,-63.342365,-0.791780
221.9510,-24195,-63.342365,-0.791780
221.9610,-24195,-63.342365,-0.791780
221.9710,-24195,-63.342365,-0.791780
221.9810,-24195,-63.342365,-0.791780
221.9910,-24195,-63.342365,-0.791780
222.0010,-24195,-63.342365,-0.791780
222.0110,-24195,-63.342365,-0.791780
222.0210,-24195,-63.342365,-0.791780
222.0310,-24195,-63.342365,-0.791780
222.0410,-24195,-63.342365,-0.791780
222.0510,-24195,-63.342365,-0.791780
222.0610,-24195,-63.342365,-0.791780
222.0710,-24195,-63.342365,-0.791780
222.0810,-24195,-63.342365,-0.791780
222.0910,-24195,-63.342365,-0.791780
222.1010,-24195,-63.342365,-0.791780
222.1110,-24195,-63.342365,-0.791780
222.1210,-24195,-63.342365,-0.791780
222.1310,-24195,-63.342365,-0.791780
222.1410,-24195,-63.342365,-0.791780
222.1510,-24195,-63.342365,-0.791780
222.1610,-24195,-63.342365,-0.791780
222.1720,-24195,-63.342365,-0.791780
222.1810,-24195,-63.342365,-0.791780
222.1910,-24195,-63.342365,-0.791780
222.2010,-24195,-63.342365,-0.791780
222.2110,-24195,-63.342365,-0.791780
222.2210,-24195,-63.342365,-0.791780
222.2310,-24195,-63.342365,-0.791780
222.2410,-24195,-63.342365,-0.791780
222.2510,-24195,-63.342365,-0.791780
222.2610,-24195,-63.342365,-0.791780
222.2710,-24195,-63.342365,-0.791780
222.2810,-24195,-63.342365,-0.791780
222.2910,-24195,-63.342365,-0.791780
222.3010,-24195,-63.342365,-0.791780
222.3110,-24195,-63.342365,-0.791780
222.3210,-24195,-63.342365,-0.791780
222.3310,-24195,-63.342365,-0.791780
222.3410,-24195,-63.342365,-0.791780
222.3510,-24195,-63.342365,-0.791780
222.3610,-24195,-63.342365,-0.791780
222.3710,-24195,-63.342365,-0.791780
222.3810,-24195,-63.342365,-0.791780
222.3910,-24195,-63.342365,-0.791780
222.4010,-24195,-63.342365,-0.791780
222.4110,-24195,-63.342365,-0.791780
222.4210,-24195,-63.342365,-0.791780
222.4310,-24195,-63.342365,-0.791780
222.4410,-24195,-63.342365,-0.791780
222.4510,-24195,-63.342365,-0.791780
222.4610,-24195,-63.342365,-0.791780
222.4710,-24195,-63.342365,-0.791780
222.4810,-24195,-63.342365,-0.791780
222.4910,-24195,-63.342365,-0.791780
222.5010,-24195,-63.342365,-0.791780
222.5110,-24195,-63.342365,-0.791780
222.5210,-24195,-63.342365,-0.791780
222.5310,-24195,-63.342365,-0.791780
222.5410,-24195,-63.342365,-0.791780
222.5510,-24195,-63.342365,-0.791780
222.5610,-24195,-63.342365,-0.791780
222.5710,-24195,-63.342365,-0.791780
222.5810,-24195,-63.342365,-0.791780
222.5910,-24195,-63.342365,-0.791780
222.6010,-24195,-63.342365,-0.791780
222.6110,-24195,-63.342365,-0.791780
222.6210,-24195,-63.342365,-0.791780
222.6310,-24195,-63.342365,-0.791780
222.6410,-24195,-63.342365,-0.791780
222.6510,-24195,-63.342365,-0.791780
222.6610,-24195,-63.342365,-0.791780
222.6710,-24195,-63.342365,-0.791780
222.6810,-24195,-63.342365,-0.791780
222.6910,-24195,-63.342365,-0.791780
222.7010,-24195,-63.342365,-0.791780
222.7110,-24195,-63.342365,-0.791780
222.7210,-24195,-63.342365,-0.791780
222.7310,-24195,-63.342365,-0.791780
222.7410,-24195,-63.342365,-0.791780
222.7510,-24195,-63.342365,-0.791780
222.7610,-24195,-63.342365,-0.791780
222.7710,-24195,-63.342365,-0.791780
222.7810,-24195,-63.342365,-0.791780
222.7910,-24195,-63.342365,-0.791780
222.8010,-24195,-63.342365,-0.791780
222.8120,-24195,-63.342365,-0.791780
222.8210,-24195,-63.342365,-0.791780
222.8310,-24195,-63.342365,-0.791780
222.8410,-24195,-63.342365,-0.791780
222.8510,-24195,-63.342365,-0.791780
222.8610,-24195,-63.342365,-0.791780
222.8710,-24195,-63.342365,-0.791780
222.8810,-24195,-63.342365,-0.791780
222.8910,-24195,-63.342365,-0.791780
222.9010,-24195,-63.342365,-0.791780
222.9110,-24195,-63.342365,-0.791780
222.9210,-24195,-63.342365,-0.791780
222.9310,-24195,-63.342365,-0.791780
222.9410,-24195,-63.342365,-0.791780
222.9510,-24195,-63.342365,-0.791780
222.9610,-24195,-63.342365,-0.791780
222.9710,-24195,-63.342365,-0.791780
222.9810,-24195,-63.342365,-0.791780
222.9910,-24195,-63.342365,-0.791780
223.0010,-24195,-63.342365,-0.791780
223.0110,-24195,-63.342365,-0.791780
223.0210,-24195,-63.342365,-0.791780
223.0310,-24195,-63.342365,-0.791780
223.0410,-24195,-63.342365,-0.791780
223.0510,-24195,-63.342365,-0.791780
223.0610,-24195,-63.342365,-0.791780
223.0710,-24195,-63.342365,-0.791780
223.0810,-24195,-63.342365,-0.791780
223.0910,-24195,-63.342365,-0.791780
223.1010,-24195,-63.342365,-0.791780
223.1110,-24195,-63.342365,-0.791780
223.1210,-24195,-63.342365,-0.791780
223.1310,-24195,-63.342365,-0.791780
223.1410,-24195,-63.342365,-0.791780
223.1510,-24195,-63.342365,-0.791780
223.1610,-24195,-63.342365,-0.791780
223.1710,-24195,-63.342365,-0.791780
223.1810,-24195,-63.342365,-0.791780
223.1910,-24195,-63.342365,-0.791780
223.2010,-24195,-63.342365,-0.791780
223.2110,-24195,-63.342365,-0.791780
223.2210,-24195,-63.342365,-0.791780
223.2310,-24195,-63.342365,-0.791780
223.2410,-24195,-63.342365,-0.791780
223.2510,-24195,-63.342365,-0.791780
223.2610,-24195,-63.342365,-0.791780
223.2710,-24195,-63.342365,-0.791780
223.2810,-24195,-63.342365,-0.791780
223.2910,-24195,-63.342365,-0.791780
223.3010,-24195,-63.342365,-0.791780
223.3110,-24195,-63.342365,-0.791780
223.3210,-24195,-63.342365,-0.791780
223.3310,-24195,-63.342365,-0.791780
223.3410,-24195,-63.342365,-0.791780
223.3510,-24195,-63.342365,-0.791780
223.3610,-24195,-63.342365,-0.791780
223.3710,-24195,-63.342365,-0.791780
223.3810,-24195,-63.342365,-0.791780
223.3910,-24195,-63.342365,-0.791780
223.4010,-24195,-63.342365,-0.791780
223.4110,-24195,-63.342365,-0.791780
223.4210,-24195,-63.342365,-0.791780
223.4310,-24195,-63.342365,-0.791780
223.4410,-24195,-63.342365,-0.791780
223.4520,-24195,-63.342365,-0.791780
223.4610,-24195,-63.342365,-0.791780
223.4710,-24195,-63.342365,-0.791780
223.4810,-24195,-63.342365,-0.791780
223.4910,-24195,-63.342365,-0.791780
223.5010,-24195,-63.342365,-0.791780
223.5110,-24195,-63.342365,-0.791780
223.5210,-24195,-63.342365,-0.791780
223.5310,-24195,-63.342365,-0.791780
223.5410,-24195,-63.342365,-0.791780
223.5510,-24195,-63.342365,-0.791780
223.5610,-24195,-63.342365,-0.791780
223.5710,-24195,-63.342365,-0.791780
223.5810,-24195,-63.342365,-0.791780
223.5910,-24195,-63.342365,-0.791780
223.6010,-24195,-63.342365,-0.791780
223.6110,-24195,-63.342365,-0.791780
223.6210,-24195,-63.342365,-0.791780
223.6310,-24195,-63.342365,-0.791780
223.6410,-24195,-63.342365,-0.791780
223.6510,-24195,-63.342365,-0.791780
223.6610,-24195,-63.342365,-0.791780
223.6710,-24195,-63.342365,-0.791780
223.6810,-24195,-63.342365,-0.791780
223.6910,-24195,-63.342365,-0.791780
223.7010,-24195,-63.342365,-0.791780
223.7110,-24195,-63.342365,-0.791780
223.7210,-24195,-63.342365,-0.791780
223.7310,-24195,-63.342365,-0.791780
223.7410,-24195,-63.342365,-0.791780
223.7510,-24195,-63.342365,-0.791780
223.7610,-24195,-63.342365,-0.791780
223.7710,-24195,-63.342365,-0.791780
223.7810,-24195,-63.342365,-0.791780
223.7910,-24195,-63.342365,-0.791780
223.8010,-24195,-63.342365,-0.791780
223.8110,-24195,-63.342365,-0.791780
223.8210,-24195,-63.342365,-0.791780
223.8310,-24195,-63.342365,-0.791780
223.8410,-24195,-63.342365,-0.791780
223.8510,-24195,-63.342365,-0.791780
223.8610,-24195,-63.342365,-0.791780
223.8710,-24195,-63.342365,-0.791780
223.8810,-24195,-63.342365,-0.791780
223.8910,-24195,-63.342365,-0.791780
223.9010,-24195,-63.342365,-0.791780
223.9110,-24195,-63.342365,-0.791780
223.9210,-24195,-63.342365,-0.791780
223.9310,-24195,-63.342365,-0.791780
223.9410,-24195,-63.342365,-0.791780
223.9510,-24195,-63.342365,-0.791780
223.9610,-24195,-63.342365,-0.791780
223.9710,-24195,-63.342365,-0.791780
223.9810,-24195,-63.342365,-0.791780
223.9910,-24195,-63.342365,-0.791780
224.0010,-24195,-63.342365,-0.791780
224.0110,-24195,-63.342365,-0.791780
224.0210,-24195,-63.342365,-0.791780
224.0310,-24195,-63.342365,-0.791780
224.0410,-24195,-63.342365,-0.791780
224.0510,-24195,-63.342365,-0.791780
224.0610,-24195,-63.342365,-0.791780
224.0710,-24195,-63.342365,-0.791780
224.0810,-24195,-63.342365,-0.791780
224.0920,-24195,-63.342365,-0.791780
224.1010,-24195,-63.342365,-0.791780
224.1110,-24195,-63.342365,-0.791780
224.1210,-24195,-63.342365,-0.791780
