t_s,count,theta_rad,x_m
0.0000,0,0.000000,0.000000
0.0020,0,0.000000,0.000000
0.0040,0,0.000000,0.000000
0.0080,0,0.000000,0.000000
0.0100,0,0.000000,0.000000
0.0120,0,0.000000,0.000000
0.0140,0,0.000000,0.000000
0.0170,0,0.000000,0.000000
0.0190,0,0.000000,0.000000
0.0210,0,0.000000,0.000000
0.0240,0,0.000000,0.000000
0.0260,0,0.000000,0.000000
0.0280,0,0.000000,0.000000
0.0300,0,0.000000,0.000000
0.0330,0,0.000000,0.000000
0.0350,0,0.000000,0.000000
0.0370,0,0.000000,0.000000
0.0390,0,0.000000,0.000000
0.0420,0,0.000000,0.000000
0.0440,0,0.000000,0.000000
0.0460,0,0.000000,0.000000
0.0500,0,0.000000,0.000000
0.0520,0,0.000000,0.000000
0.0540,0,0.000000,0.000000
0.0560,0,0.000000,0.000000
0.0590,0,0.000000,0.000000
0.0610,0,0.000000,0.000000
0.0630,0,0.000000,0.000000
0.0650,0,0.000000,0.000000
0.0680,0,0.000000,0.000000
0.0700,0,0.000000,0.000000
0.0720,0,0.000000,0.000000
0.0750,0,0.000000,0.000000
0.0770,0,0.000000,0.000000
0.0790,0,0.000000,0.000000
0.0810,0,0.000000,0.000000
0.0840,0,0.000000,0.000000
0.0860,0,0.000000,0.000000
0.0880,0,0.000000,0.000000
0.0900,0,0.000000,0.000000
0.0940,0,0.000000,0.000000
0.0960,0,0.000000,0.000000
0.0980,0,0.000000,0.000000
0.1010,0,0.000000,0.000000
0.1030,0,0.000000,0.000000
0.1050,0,0.000000,0.000000
0.1070,0,0.000000,0.000000
0.1100,0,0.000000,0.000000
0.1120,0,0.000000,0.000000
0.1140,0,0.000000,0.000000
0.1160,0,0.000000,0.000000
0.1190,0,0.000000,0.000000
0.1210,0,0.000000,0.000000
0.1230,0,0.000000,0.000000
0.1260,0,0.000000,0.000000
0.1280,0,0.000000,0.000000
0.1300,0,0.000000,0.000000
0.1320,0,0.000000,0.000000
0.1360,0,0.000000,0.000000
0.1380,0,0.000000,0.000000
0.1400,0,0.000000,0.000000
0.1430,0,0.000000,0.000000
0.1450,0,0.000000,0.000000
0.1470,0,0.000000,0.000000
0.1500,0,0.000000,0.000000
0.1520,0,0.000000,0.000000
0.1540,0,0.000000,0.000000
0.1570,0,0.000000,0.000000
0.1590,0,0.000000,0.000000
0.1610,0,0.000000,0.000000
0.1640,0,0.000000,0.000000
0.1660,0,0.000000,0.000000
0.1680,0,0.000000,0.000000
0.1710,0,0.000000,0.000000
0.1730,0,0.000000,0.000000
0.1750,0,0.000000,0.000000
0.1790,0,0.000000,0.000000
0.1810,0,0.000000,0.000000
0.1830,0,0.000000,0.000000
0.1860,0,0.000000,0.000000
0.1880,0,0.000000,0.000000
0.1900,0,0.000000,0.000000
0.1930,0,0.000000,0.000000
0.1950,0,0.000000,0.000000
0.1970,0,0.000000,0.000000
0.2000,0,0.000000,0.000000
0.2020,0,0.000000,0.000000
0.2040,0,0.000000,0.000000
0.2070,0,0.000000,0.000000
0.2090,0,0.000000,0.000000
0.2110,0,0.000000,0.000000
0.2140,0,0.000000,0.000000
0.2160,0,0.000000,0.000000
0.2180,0,0.000000,0.000000
0.2210,0,0.000000,0.000000
0.2240,0,0.000000,0.000000
0.2260,0,0.000000,0.000000
0.2280,0,0.000000,0.000000
0.2310,0,0.000000,0.000000
0.2330,0,0.000000,0.000000
0.2350,0,0.000000,0.000000
0.2380,0,0.000000,0.000000
0.2400,0,0.000000,0.000000
0.2420,0,0.000000,0.000000
0.2450,0,0.000000,0.000000
0.2470,0,0.000000,0.000000
0.2490,0,0.000000,0.000000
0.2520,0,0.000000,0.000000
0.2540,0,0.000000,0.000000
0.2560,0,0.000000,0.000000
0.2590,0,0.000000,0.000000
0.2610,0,0.000000,0.000000
0.2640,0,0.000000,0.000000
0.2670,0,0.000000,0.000000
0.2690,0,0.000000,0.000000
0.2710,0,0.000000,0.000000
0.2740,0,0.000000,0.000000
0.2760,0,0.000000,0.000000
0.2780,0,0.000000,0.000000
0.2810,0,0.000000,0.000000
0.2830,0,0.000000,0.000000
0.2850,0,0.000000,0.000000
0.2880,0,0.000000,0.000000
0.2900,0,0.000000,0.000000
0.2920,0,0.000000,0.000000
0.2950,0,0.000000,0.000000
0.2970,0,0.000000,0.000000
0.2990,0,0.000000,0.000000
0.3020,0,0.000000,0.000000
0.3050,0,0.000000,0.000000
0.3070,0,0.000000,0.000000
0.3090,0,0.000000,0.000000
0.3120,0,0.000000,0.000000
0.3140,0,0.000000,0.000000
0.3160,0,0.000000,0.000000
0.3190,0,0.000000,0.000000
0.3210,0,0.000000,0.000000
0.3230,0,0.000000,0.000000
0.3260,0,0.000000,0.000000
0.3280,0,0.000000,0.000000
0.3300,0,0.000000,0.000000
0.3330,0,0.000000,0.000000
0.3350,0,0.000000,0.000000
0.3370,0,0.000000,0.000000
0.3400,0,0.000000,0.000000
0.3420,0,0.000000,0.000000
0.3440,0,0.000000,0.000000
0.3480,0,0.000000,0.000000
0.3500,0,0.000000,0.000000
0.3520,0,0.000000,0.000000
0.3550,0,0.000000,0.000000
0.3570,0,0.000000,0.000000
0.3590,0,0.000000,0.000000
0.3620,0,0.000000,0.000000
0.3640,0,0.000000,0.000000
0.3660,0,0.000000,0.000000
0.3690,0,0.000000,0.000000
0.3710,0,0.000000,0.000000
0.3730,0,0.000000,0.000000
0.3760,0,0.000000,0.000000
0.3780,0,0.000000,0.000000
0.3800,0,0.000000,0.000000
0.3830,0,0.000000,0.000000
0.3850,0,0.000000,0.000000
0.3870,0,0.000000,0.000000
0.3910,0,0.000000,0.000000
0.3930,0,0.000000,0.000000
0.3950,0,0.000000,0.000000
0.3970,0,0.000000,0.000000
0.4000,0,0.000000,0.000000
0.4020,0,0.000000,0.000000
0.4040,0,0.000000,0.000000
0.4070,0,0.000000,0.000000
0.4090,0,0.000000,0.000000
0.4110,0,0.000000,0.000000
0.4140,0,0.000000,0.000000
0.4160,0,0.000000,0.000000
0.4180,0,0.000000,0.000000
0.4210,0,0.000000,0.000000
0.4230,0,0.000000,0.000000
0.4250,0,0.000000,0.000000
0.4280,0,0.000000,0.000000
0.4300,0,0.000000,0.000000
0.4330,0,0.000000,0.000000
0.4360,0,0.000000,0.000000
0.4380,0,0.000000,0.000000
0.4400,0,0.000000,0.000000
0.4430,0,0.000000,0.000000
0.4450,0,0.000000,0.000000
0.4470,0,0.000000,0.000000
0.4500,0,0.000000,0.000000
0.4520,0,0.000000,0.000000
0.4540,0,0.000000,0.000000
0.4570,0,0.000000,0.000000
0.4590,0,0.000000,0.000000
0.4610,0,0.000000,0.000000
0.4640,0,0.000000,0.000000
0.4660,0,0.000000,0.000000
0.4680,0,0.000000,0.000000
0.4710,0,0.000000,0.000000
0.4730,0,0.000000,0.000000
0.4760,0,0.000000,0.000000
0.4790,0,0.000000,0.000000
0.4810,0,0.000000,0.000000
0.4830,0,0.000000,0.000000
0.4850,0,0.000000,0.000000
0.4880,0,0.000000,0.000000
0.4900,0,0.000000,0.000000
0.4920,0,0.000000,0.000000
0.4950,0,0.000000,0.000000
0.4970,0,0.000000,0.000000
0.4990,0,0.000000,0.000000
0.5020,0,0.000000,0.000000
0.5040,0,0.000000,0.000000
0.5060,0,0.000000,0.000000
0.5090,0,0.000000,0.000000
0.5110,0,0.000000,0.000000
0.5130,0,0.000000,0.000000
0.5160,0,0.000000,0.000000
0.5190,0,0.000000,0.000000
0.5210,0,0.000000,0.000000
0.5240,0,0.000000,0.000000
0.5260,0,0.000000,0.000000
0.5280,0,0.000000,0.000000
0.5310,0,0.000000,0.000000
0.5330,0,0.000000,0.000000
0.5350,0,0.000000,0.000000
0.5380,0,0.000000,0.000000
0.5400,0,0.000000,0.000000
0.5420,0,0.000000,0.000000
0.5450,0,0.000000,0.000000
0.5470,0,0.000000,0.000000
0.5490,0,0.000000,0.000000
0.5520,0,0.000000,0.000000
0.5540,0,0.000000,0.000000
0.5560,0,0.000000,0.000000
0.5590,0,0.000000,0.000000
0.5620,0,0.000000,0.000000
0.5640,0,0.000000,0.000000
0.5660,0,0.000000,0.000000
0.5690,0,0.000000,0.000000
0.5710,0,0.000000,0.000000
0.5730,0,0.000000,0.000000
0.5760,0,0.000000,0.000000
0.5780,0,0.000000,0.000000
0.5800,0,0.000000,0.000000
0.5830,0,0.000000,0.000000
0.5850,0,0.000000,0.000000
0.5870,0,0.000000,0.000000
0.5900,0,0.000000,0.000000
0.5920,0,0.000000,0.000000
0.5940,0,0.000000,0.000000
0.5970,0,0.000000,0.000000
0.5990,0,0.000000,0.000000
0.6010,0,0.000000,0.000000
0.6050,0,0.000000,0.000000
0.6070,0,0.000000,0.000000
0.6090,0,0.000000,0.000000
0.6120,0,0.000000,0.000000
0.6140,0,0.000000,0.000000
0.6160,0,0.000000,0.000000
0.6210,0,0.000000,0.000000
0.6310,0,0.000000,0.000000
0.6410,0,0.000000,0.000000
0.6510,0,0.000000,0.000000
0.6610,0,0.000000,0.000000
0.6710,0,0.000000,0.000000
0.6810,0,0.000000,0.000000
0.6910,0,0.000000,0.000000
0.7010,0,0.000000,0.000000
0.7110,0,0.000000,0.000000
0.7210,0,0.000000,0.000000
0.7320,0,0.000000,0.000000
0.7410,0,0.000000,0.000000
0.7510,0,0.000000,0.000000
0.7610,0,0.000000,0.000000
0.7710,0,0.000000,0.000000
0.7810,0,0.000000,0.000000
0.7910,0,0.000000,0.000000
0.8010,0,0.000000,0.000000
0.8110,0,0.000000,0.000000
0.8210,0,0.000000,0.000000
0.8310,0,0.000000,0.000000
0.8410,0,0.000000,0.000000
0.8510,0,0.000000,0.000000
0.8610,0,0.000000,0.000000
0.8710,0,0.000000,0.000000
0.8810,0,0.000000,0.000000
0.8910,0,0.000000,0.000000
0.9010,0,0.000000,0.000000
0.9110,0,0.000000,0.000000
0.9210,0,0.000000,0.000000
0.9310,0,0.000000,0.000000
0.9410,0,0.000000,0.000000
0.9510,0,0.000000,0.000000
0.9610,0,0.000000,0.000000
0.9710,0,0.000000,0.000000
0.9810,0,0.000000,0.000000
0.9910,0,0.000000,0.000000
1.0010,0,0.000000,0.000000
1.0110,0,0.000000,0.000000
1.0210,0,0.000000,0.000000
1.0310,0,0.000000,0.000000
1.0410,0,0.000000,0.000000
1.0510,0,0.000000,0.000000
1.0610,0,0.000000,0.000000
1.0710,0,0.000000,0.000000
1.0810,0,0.000000,0.000000
1.0910,0,0.000000,0.000000
1.1010,0,0.000000,0.000000
1.1110,0,0.000000,0.000000
1.1210,0,0.000000,0.000000
1.1310,0,0.000000,0.000000
1.1410,0,0.000000,0.000000
1.1510,0,0.000000,0.000000
1.1610,0,0.000000,0.000000
1.1710,0,0.000000,0.000000
1.1810,0,0.000000,0.000000
1.1910,0,0.000000,0.000000
1.2010,0,0.000000,0.000000
1.2110,0,0.000000,0.000000
1.2210,0,0.000000,0.000000
1.2310,0,0.000000,0.000000
1.2410,0,0.000000,0.000000
1.2510,0,0.000000,0.000000
1.2610,0,0.000000,0.000000
1.2710,0,0.000000,0.000000
1.2810,0,0.000000,0.000000
1.2910,0,0.000000,0.000000
1.3010,0,0.000000,0.000000
1.3110,0,0.000000,0.000000
1.3210,0,0.000000,0.000000
1.3310,0,0.000000,0.000000
1.3410,0,0.000000,0.000000
1.3510,0,0.000000,0.000000
1.3610,0,0.000000,0.000000
1.3720,0,0.000000,0.000000
1.3810,0,0.000000,0.000000
1.3910,0,0.000000,0.000000
1.4010,0,0.000000,0.000000
1.4110,0,0.000000,0.000000
1.4210,0,0.000000,0.000000
1.4310,0,0.000000,0.000000
1.4410,0,0.000000,0.000000
1.4510,0,0.000000,0.000000
1.4610,0,0.000000,0.000000
1.4710,0,0.000000,0.000000
1.4810,0,0.000000,0.000000
1.4910,0,0.000000,0.000000
1.5010,0,0.000000,0.000000
1.5110,0,0.000000,0.000000
1.5210,0,0.000000,0.000000
1.5310,0,0.000000,0.000000
1.5410,0,0.000000,0.000000
1.5510,0,0.000000,0.000000
1.5610,0,0.000000,0.000000
1.5710,0,0.000000,0.000000
1.5810,0,0.000000,0.000000
1.5910,0,0.000000,0.000000
1.6010,0,0.000000,0.000000
1.6110,0,0.000000,0.000000
1.6210,0,0.000000,0.000000
1.6310,0,0.000000,0.000000
1.6410,0,0.000000,0.000000
1.6510,0,0.000000,0.000000
1.6610,0,0.000000,0.000000
1.6710,0,0.000000,0.000000
1.6810,0,0.000000,0.000000
1.6910,0,0.000000,0.000000
1.7010,0,0.000000,0.000000
1.7110,0,0.000000,0.000000
1.7210,0,0.000000,0.000000
1.7310,0,0.000000,0.000000
1.7410,0,0.000000,0.000000
1.7510,0,0.000000,0.000000
1.7610,0,0.000000,0.000000
1.7710,0,0.000000,0.000000
1.7810,0,0.000000,0.000000
1.7910,0,0.000000,0.000000
1.8010,0,0.000000,0.000000
1.8110,0,0.000000,0.000000
1.8210,0,0.000000,0.000000
1.8310,0,0.000000,0.000000
1.8410,0,0.000000,0.000000
1.8510,0,0.000000,0.000000
1.8610,0,0.000000,0.000000
1.8710,0,0.000000,0.000000
1.8810,0,0.000000,0.000000
1.8910,0,0.000000,0.000000
1.9010,0,0.000000,0.000000
1.9110,0,0.000000,0.000000
1.9210,0,0.000000,0.000000
1.9310,0,0.000000,0.000000
1.9410,0,0.000000,0.000000
1.9510,0,0.000000,0.000000
1.9610,0,0.000000,0.000000
1.9710,0,0.000000,0.000000
1.9810,0,0.000000,0.000000
1.9910,0,0.000000,0.000000
2.0010,0,0.000000,0.000000
2.0120,0,0.000000,0.000000
2.0210,0,0.000000,0.000000
2.0310,0,0.000000,0.000000
2.0410,0,0.000000,0.000000
2.0510,0,0.000000,0.000000
2.0610,0,0.000000,0.000000
2.0710,0,0.000000,0.000000
2.0810,0,0.000000,0.000000
2.0910,0,0.000000,0.000000
2.1010,0,0.000000,0.000000
2.1110,0,0.000000,0.000000
2.1210,0,0.000000,0.000000
2.1310,0,0.000000,0.000000
2.1410,0,0.000000,0.000000
2.1510,0,0.000000,0.000000
2.1610,0,0.000000,0.000000
2.1710,0,0.000000,0.000000
2.1810,0,0.000000,0.000000
2.1910,0,0.000000,0.000000
2.2010,0,0.000000,0.000000
2.2110,0,0.000000,0.000000
2.2210,0,0.000000,0.000000
2.2310,0,0.000000,0.000000
2.2410,0,0.000000,0.000000
2.2510,0,0.000000,0.000000
2.2610,0,0.000000,0.000000
2.2710,0,0.000000,0.000000
2.2810,0,0.000000,0.000000
2.2910,0,0.000000,0.000000
2.3010,0,0.000000,0.000000
2.3110,0,0.000000,0.000000
2.3210,0,0.000000,0.000000
2.3310,0,0.000000,0.000000
2.3410,0,0.000000,0.000000
2.3510,0,0.000000,0.000000
2.3610,0,0.000000,0.000000
2.3710,0,0.000000,0.000000
2.3810,0,0.000000,0.000000
2.3910,0,0.000000,0.000000
2.4010,0,0.000000,0.000000
2.4110,0,0.000000,0.000000
2.4210,0,0.000000,0.000000
2.4310,0,0.000000,0.000000
2.4410,0,0.000000,0.000000
2.4510,0,0.000000,0.000000
2.4610,0,0.000000,0.000000
2.4710,0,0.000000,0.000000
2.4810,0,0.000000,0.000000
2.4910,0,0.000000,0.000000
2.5010,0,0.000000,0.000000
2.5110,0,0.000000,0.000000
2.5210,0,0.000000,0.000000
2.5310,0,0.000000,0.000000
2.5410,0,0.000000,0.000000
2.5510,0,0.000000,0.000000
2.5610,0,0.000000,0.000000
2.5710,0,0.000000,0.000000
2.5810,0,0.000000,0.000000
2.5910,0,0.000000,0.000000
2.6010,0,0.000000,0.000000
2.6110,0,0.000000,0.000000
2.6210,0,0.000000,0.000000
2.6310,0,0.000000,0.000000
2.6410,0,0.000000,0.000000
2.6520,0,0.000000,0.000000
2.6610,0,0.000000,0.000000
2.6710,0,0.000000,0.000000
2.6810,0,0.000000,0.000000
2.6910,0,0.000000,0.000000
2.7010,0,0.000000,0.000000
2.7110,0,0.000000,0.000000
2.7210,0,0.000000,0.000000
2.7310,0,0.000000,0.000000
2.7410,0,0.000000,0.000000
2.7510,0,0.000000,0.000000
2.7610,0,0.000000,0.000000
2.7710,0,0.000000,0.000000
2.7810,0,0.000000,0.000000
2.7910,0,0.000000,0.000000
2.8010,0,0.000000,0.000000
2.8110,0,0.000000,0.000000
2.8210,0,0.000000,0.000000
2.8310,0,0.000000,0.000000
2.8410,0,0.000000,0.000000
2.8510,0,0.000000,0.000000
2.8610,0,0.000000,0.000000
2.8710,0,0.000000,0.000000
2.8810,0,0.000000,0.000000
2.8910,0,0.000000,0.000000
2.9010,0,0.000000,0.000000
2.9110,0,0.000000,0.000000
2.9210,0,0.000000,0.000000
2.9310,0,0.000000,0.000000
2.9410,0,0.000000,0.000000
2.9510,0,0.000000,0.000000
2.9610,0,0.000000,0.000000
2.9710,0,0.000000,0.000000
2.9810,0,0.000000,0.000000
2.9910,0,0.000000,0.000000
3.0010,0,0.000000,0.000000
3.0110,0,0.000000,0.000000
3.0210,0,0.000000,0.000000
3.0310,0,0.000000,0.000000
3.0410,0,0.000000,0.000000
3.0510,0,0.000000,0.000000
3.0610,0,0.000000,0.000000
3.0710,0,0.000000,0.000000
3.0810,0,0.000000,0.000000
3.0910,0,0.000000,0.000000
3.1010,0,0.000000,0.000000
3.1110,0,0.000000,0.000000
3.1210,0,0.000000,0.000000
3.1310,0,0.000000,0.000000
3.1410,0,0.000000,0.000000
3.1510,0,0.000000,0.000000
3.1610,0,0.000000,0.000000
3.1710,0,0.000000,0.000000
3.1810,0,0.000000,0.000000
3.1910,0,0.000000,0.000000
3.2010,0,0.000000,0.000000
3.2110,0,0.000000,0.000000
3.2210,0,0.000000,0.000000
3.2310,0,0.000000,0.000000
3.2410,0,0.000000,0.000000
3.2510,0,0.000000,0.000000
3.2610,0,0.000000,0.000000
3.2710,0,0.000000,0.000000
3.2810,0,0.000000,0.000000
3.2920,0,0.000000,0.000000
3.3010,0,0.000000,0.000000
3.3110,0,0.000000,0.000000
3.3210,0,0.000000,0.000000
3.3310,0,0.000000,0.000000
3.3410,0,0.000000,0.000000
3.3510,0,0.000000,0.000000
3.3610,0,0.000000,0.000000
3.3710,0,0.000000,0.000000
3.3810,0,0.000000,0.000000
3.3910,0,0.000000,0.000000
3.4010,0,0.000000,0.000000
3.4110,0,0.000000,0.000000
3.4210,0,0.000000,0.000000
3.4310,0,0.000000,0.000000
3.4410,0,0.000000,0.000000
3.4510,0,0.000000,0.000000
3.4610,0,0.000000,0.000000
3.4710,0,0.000000,0.000000
3.4810,0,0.000000,0.000000
3.4910,0,0.000000,0.000000
3.5010,0,0.000000,0.000000
3.5110,0,0.000000,0.000000
3.5210,0,0.000000,0.000000
3.5310,0,0.000000,0.000000
3.5410,0,0.000000,0.000000
3.5510,0,0.000000,0.000000
3.5610,0,0.000000,0.000000
3.5710,0,0.000000,0.000000
3.5810,0,0.000000,0.000000
3.5910,0,0.000000,0.000000
3.6010,0,0.000000,0.000000
3.6110,0,0.000000,0.000000
3.6210,0,0.000000,0.000000
3.6310,0,0.000000,0.000000
3.6410,0,0.000000,0.000000
3.6510,0,0.000000,0.000000
3.6610,0,0.000000,0.000000
3.6710,0,0.000000,0.000000
3.6810,0,0.000000,0.000000
3.6910,0,0.000000,0.000000
3.7010,0,0.000000,0.000000
3.7110,0,0.000000,0.000000
3.7210,0,0.000000,0.000000
3.7310,0,0.000000,0.000000
3.7410,0,0.000000,0.000000
3.7510,0,0.000000,0.000000
3.7610,0,0.000000,0.000000
3.7710,0,0.000000,0.000000
3.7810,0,0.000000,0.000000
3.7910,0,0.000000,0.000000
3.8010,0,0.000000,0.000000
3.8110,0,0.000000,0.000000
3.8210,0,0.000000,0.000000
3.8310,0,0.000000,0.000000
3.8410,0,0.000000,0.000000
3.8510,0,0.000000,0.000000
3.8610,0,0.000000,0.000000
3.8710,0,0.000000,0.000000
3.8810,0,0.000000,0.000000
3.8910,0,0.000000,0.000000
3.9010,0,0.000000,0.000000
3.9110,0,0.000000,0.000000
3.9210,0,0.000000,0.000000
3.9320,0,0.000000,0.000000
3.9410,0,0.000000,0.000000
3.9510,0,0.000000,0.000000
3.9610,0,0.000000,0.000000
3.9710,0,0.000000,0.000000
3.9810,0,0.000000,0.000000
3.9910,0,0.000000,0.000000
4.0010,0,0.000000,0.000000
4.0110,0,0.000000,0.000000
4.0210,0,0.000000,0.000000
4.0310,0,0.000000,0.000000
4.0410,0,0.000000,0.000000
4.0510,0,0.000000,0.000000
4.0610,0,0.000000,0.000000
4.0710,0,0.000000,0.000000
4.0810,0,0.000000,0.000000
4.0910,0,0.000000,0.000000
4.1010,0,0.000000,0.000000
4.1110,0,0.000000,0.000000
4.1210,0,0.000000,0.000000
4.1310,0,0.000000,0.000000
4.1410,0,0.000000,0.000000
4.1510,0,0.000000,0.000000
4.1610,0,0.000000,0.000000
4.1710,0,0.000000,0.000000
4.1810,-1,-0.002618,-0.000033
4.1910,-1,-0.002618,-0.000033
4.2010,-1,-0.002618,-0.000033
4.2110,-1,-0.002618,-0.000033
4.2210,-1,-0.002618,-0.000033
4.2310,-1,-0.002618,-0.000033
4.2410,-1,-0.002618,-0.000033
4.2510,-1,-0.002618,-0.000033
4.2610,-1,-0.002618,-0.000033
4.2710,-1,-0.002618,-0.000033
4.2810,-1,-0.002618,-0.000033
4.2910,-1,-0.002618,-0.000033
4.3010,-1,-0.002618,-0.000033
4.3110,-1,-0.002618,-0.000033
4.3210,-2,-0.005236,-0.000065
4.3310,-1,-0.002618,-0.000033
4.3410,-2,-0.005236,-0.000065
4.3510,-2,-0.005236,-0.000065
4.3610,-2,-0.005236,-0.000065
4.3710,-2,-0.005236,-0.000065
4.3810,-2,-0.005236,-0.000065
4.3910,-2,-0.005236,-0.000065
4.4010,-2,-0.005236,-0.000065
4.4110,-2,-0.005236,-0.000065
4.4210,-2,-0.005236,-0.000065
4.4310,-2,-0.005236,-0.000065
4.4410,-2,-0.005236,-0.000065
4.4510,-2,-0.005236,-0.000065
4.4610,-2,-0.005236,-0.000065
4.4710,-2,-0.005236,-0.000065
4.4810,-2,-0.005236,-0.000065
4.4910,-2,-0.005236,-0.000065
4.5010,-2,-0.005236,-0.000065
4.5110,-2,-0.005236,-0.000065
4.5210,-2,-0.005236,-0.000065
4.5310,-2,-0.005236,-0.000065
4.5410,-2,-0.005236,-0.000065
4.5510,-2,-0.005236,-0.000065
4.5610,-2,-0.005236,-0.000065
4.5720,-2,-0.005236,-0.000065
4.5810,-2,-0.005236,-0.000065
4.5910,-2,-0.005236,-0.000065
4.6010,-2,-0.005236,-0.000065
4.6110,-2,-0.005236,-0.000065
4.6210,-3,-0.007854,-0.000098
4.6310,-2,-0.005236,-0.000065
4.6410,-3,-0.007854,-0.000098
4.6510,-3,-0.007854,-0.000098
4.6610,-3,-0.007854,-0.000098
4.6710,-2,-0.005236,-0.000065
4.6810,-3,-0.007854,-0.000098
4.6910,-3,-0.007854,-0.000098
4.7010,-3,-0.007854,-0.000098
4.7110,-3,-0.007854,-0.000098
4.7210,-3,-0.007854,-0.000098
4.7310,-3,-0.007854,-0.000098
4.7410,-3,-0.007854,-0.000098
4.7510,-3,-0.007854,-0.000098
4.7610,-3,-0.007854,-0.000098
4.7710,-3,-0.007854,-0.000098
4.7810,-3,-0.007854,-0.000098
4.7910,-3,-0.007854,-0.000098
4.8010,-3,-0.007854,-0.000098
4.8110,-3,-0.007854,-0.000098
4.8210,-3,-0.007854,-0.000098
4.8310,-3,-0.007854,-0.000098
4.8410,-3,-0.007854,-0.000098
4.8510,-3,-0.007854,-0.000098
4.8610,-3,-0.007854,-0.000098
4.8710,-3,-0.007854,-0.000098
4.8810,-3,-0.007854,-0.000098
4.8910,-3,-0.007854,-0.000098
4.9010,-3,-0.007854,-0.000098
4.9110,-3,-0.007854,-0.000098
4.9210,-3,-0.007854,-0.000098
4.9310,-3,-0.007854,-0.000098
4.9410,-3,-0.007854,-0.000098
4.9510,-3,-0.007854,-0.000098
4.9610,-3,-0.007854,-0.000098
4.9710,-3,-0.007854,-0.000098
4.9810,-4,-0.010472,-0.000131
4.9910,-4,-0.010472,-0.000131
5.0010,-4,-0.010472,-0.000131
5.0110,-4,-0.010472,-0.000131
5.0210,-4,-0.010472,-0.000131
5.0310,-4,-0.010472,-0.000131
5.0410,-4,-0.010472,-0.000131
5.0510,-4,-0.010472,-0.000131
5.0610,-4,-0.010472,-0.000131
5.0710,-4,-0.010472,-0.000131
5.0810,-4,-0.010472,-0.000131
5.0910,-4,-0.010472,-0.000131
5.1010,-4,-0.010472,-0.000131
5.1110,-4,-0.010472,-0.000131
5.1210,-4,-0.010472,-0.000131
5.1310,-4,-0.010472,-0.000131
5.1410,-4,-0.010472,-0.000131
5.1510,-4,-0.010472,-0.000131
5.1610,-4,-0.010472,-0.000131
5.1710,-4,-0.010472,-0.000131
5.1810,-4,-0.010472,-0.000131
5.1910,-4,-0.010472,-0.000131
5.2010,-4,-0.010472,-0.000131
5.2120,-4,-0.010472,-0.000131
5.2210,-4,-0.010472,-0.000131
5.2310,-4,-0.010472,-0.000131
5.2410,-4,-0.010472,-0.000131
5.2510,-4,-0.010472,-0.000131
5.2610,-4,-0.010472,-0.000131
5.2710,-4,-0.010472,-0.000131
5.2810,-4,-0.010472,-0.000131
5.2910,-4,-0.010472,-0.000131
5.3010,-4,-0.010472,-0.000131
5.3110,-4,-0.010472,-0.000131
5.3210,-4,-0.010472,-0.000131
5.3310,-4,-0.010472,-0.000131
5.3410,-4,-0.010472,-0.000131
5.3510,-4,-0.010472,-0.000131
5.3610,-4,-0.010472,-0.000131
5.3710,-5,-0.013090,-0.000164
5.3810,-4,-0.010472,-0.000131
5.3910,-4,-0.010472,-0.000131
5.4010,-4,-0.010472,-0.000131
5.4110,-5,-0.013090,-0.000164
5.4210,-5,-0.013090,-0.000164
5.4310,-5,-0.013090,-0.000164
5.4410,-5,-0.013090,-0.000164
5.4510,-5,-0.013090,-0.000164
5.4610,-4,-0.010472,-0.000131
5.4710,-5,-0.013090,-0.000164
5.4810,-5,-0.013090,-0.000164
5.4910,-5,-0.013090,-0.000164
5.5010,-5,-0.013090,-0.000164
5.5110,-5,-0.013090,-0.000164
5.5210,-5,-0.013090,-0.000164
5.5310,-5,-0.013090,-0.000164
5.5410,-5,-0.013090,-0.000164
5.5510,-5,-0.013090,-0.000164
5.5610,-5,-0.013090,-0.000164
5.5710,-5,-0.013090,-0.000164
5.5810,-5,-0.013090,-0.000164
5.5910,-5,-0.013090,-0.000164
5.6010,-5,-0.013090,-0.000164
5.6110,-5,-0.013090,-0.000164
5.6210,-5,-0.013090,-0.000164
5.6310,-5,-0.013090,-0.000164
5.6410,-5,-0.013090,-0.000164
5.6510,-5,-0.013090,-0.000164
5.6610,-5,-0.013090,-0.000164
5.6710,-5,-0.013090,-0.000164
5.6810,-5,-0.013090,-0.000164
5.6910,-5,-0.013090,-0.000164
5.7010,-5,-0.013090,-0.000164
5.7110,-5,-0.013090,-0.000164
5.7210,-5,-0.013090,-0.000164
5.7310,-5,-0.013090,-0.000164
5.7410,-5,-0.013090,-0.000164
5.7510,-5,-0.013090,-0.000164
5.7610,-5,-0.013090,-0.000164
5.7710,-5,-0.013090,-0.000164
5.7810,-5,-0.013090,-0.000164
5.7910,-5,-0.013090,-0.000164
5.8010,-5,-0.013090,-0.000164
5.8110,-5,-0.013090,-0.000164
5.8210,-5,-0.013090,-0.000164
5.8310,-5,-0.013090,-0.000164
5.8410,-5,-0.013090,-0.000164
5.8520,-5,-0.013090,-0.000164
5.8610,-5,-0.013090,-0.000164
5.8710,-5,-0.013090,-0.000164
5.8810,-5,-0.013090,-0.000164
5.8910,-5,-0.013090,-0.000164
5.9010,-5,-0.013090,-0.000164
5.9110,-6,-0.015708,-0.000196
5.9210,-5,-0.013090,-0.000164
5.9310,-6,-0.015708,-0.000196
5.9410,-6,-0.015708,-0.000196
5.9510,-6,-0.015708,-0.000196
5.9610,-5,-0.013090,-0.000164
5.9710,-6,-0.015708,-0.000196
5.9810,-6,-0.015708,-0.000196
5.9910,-6,-0.015708,-0.000196
6.0010,-6,-0.015708,-0.000196
6.0110,-6,-0.015708,-0.000196
6.0210,-6,-0.015708,-0.000196
6.0310,-6,-0.015708,-0.000196
6.0410,-6,-0.015708,-0.000196
6.0510,-6,-0.015708,-0.000196
6.0610,-6,-0.015708,-0.000196
6.0710,-6,-0.015708,-0.000196
6.0810,-6,-0.015708,-0.000196
6.0910,-6,-0.015708,-0.000196
6.1010,-6,-0.015708,-0.000196
6.1110,-6,-0.015708,-0.000196
6.1210,-6,-0.015708,-0.000196
6.1310,-6,-0.015708,-0.000196
6.1410,-6,-0.015708,-0.000196
6.1510,-6,-0.015708,-0.000196
6.1610,-6,-0.015708,-0.000196
6.1710,-6,-0.015708,-0.000196
6.1810,-6,-0.015708,-0.000196
6.1910,-6,-0.015708,-0.000196
6.2010,-6,-0.015708,-0.000196
6.2110,-6,-0.015708,-0.000196
6.2210,-6,-0.015708,-0.000196
6.2310,-6,-0.015708,-0.000196
6.2410,-6,-0.015708,-0.000196
6.2510,-6,-0.015708,-0.000196
6.2610,-6,-0.015708,-0.000196
6.2710,-6,-0.015708,-0.000196
6.2810,-6,-0.015708,-0.000196
6.2910,-6,-0.015708,-0.000196
6.3010,-6,-0.015708,-0.000196
6.3110,-6,-0.015708,-0.000196
6.3210,-6,-0.015708,-0.000196
6.3310,-6,-0.015708,-0.000196
6.3410,-6,-0.015708,-0.000196
6.3510,-6,-0.015708,-0.000196
6.3610,-7,-0.018326,-0.000229
6.3710,-6,-0.015708,-0.000196
6.3810,-6,-0.015708,-0.000196
6.3910,-6,-0.015708,-0.000196
6.4010,-7,-0.018326,-0.000229
6.4110,-7,-0.018326,-0.000229
6.4210,-7,-0.018326,-0.000229
6.4310,-7,-0.018326,-0.000229
6.4410,-7,-0.018326,-0.000229
6.4510,-7,-0.018326,-0.000229
6.4610,-7,-0.018326,-0.000229
6.4710,-7,-0.018326,-0.000229
6.4810,-7,-0.018326,-0.000229
6.4920,-7,-0.018326,-0.000229
6.5010,-7,-0.018326,-0.000229
6.5110,-7,-0.018326,-0.000229
6.5210,-7,-0.018326,-0.000229
6.5310,-7,-0.018326,-0.000229
6.5410,-7,-0.018326,-0.000229
6.5510,-7,-0.018326,-0.000229
6.5610,-7,-0.018326,-0.000229
6.5710,-7,-0.018326,-0.000229
6.5810,-7,-0.018326,-0.000229
6.5910,-7,-0.018326,-0.000229
6.6010,-7,-0.018326,-0.000229
6.6110,-7,-0.018326,-0.000229
6.6210,-7,-0.018326,-0.000229
6.6310,-7,-0.018326,-0.000229
6.6410,-7,-0.018326,-0.000229
6.6510,-7,-0.018326,-0.000229
6.6610,-7,-0.018326,-0.000229
6.6710,-7,-0.018326,-0.000229
6.6810,-7,-0.018326,-0.000229
6.6910,-7,-0.018326,-0.000229
6.7010,-7,-0.018326,-0.000229
6.7110,-7,-0.018326,-0.000229
6.7210,-7,-0.018326,-0.000229
6.7310,-7,-0.018326,-0.000229
6.7410,-7,-0.018326,-0.000229
6.7510,-7,-0.018326,-0.000229
6.7610,-8,-0.020944,-0.000262
6.7710,-7,-0.018326,-0.000229
6.7810,-7,-0.018326,-0.000229
6.7910,-7,-0.018326,-0.000229
6.8010,-8,-0.020944,-0.000262
6.8110,-7,-0.018326,-0.000229
6.8210,-8,-0.020944,-0.000262
6.8310,-8,-0.020944,-0.000262
6.8410,-8,-0.020944,-0.000262
6.8510,-7,-0.018326,-0.000229
6.8610,-8,-0.020944,-0.000262
6.8710,-7,-0.018326,-0.000229
6.8810,-8,-0.020944,-0.000262
6.8910,-8,-0.020944,-0.000262
6.9010,-8,-0.020944,-0.000262
6.9110,-8,-0.020944,-0.000262
6.9210,-8,-0.020944,-0.000262
6.9310,-8,-0.020944,-0.000262
6.9410,-8,-0.020944,-0.000262
6.9510,-8,-0.020944,-0.000262
6.9610,-8,-0.020944,-0.000262
6.9710,-8,-0.020944,-0.000262
6.9810,-8,-0.020944,-0.000262
6.9910,-8,-0.020944,-0.000262
7.0010,-8,-0.020944,-0.000262
7.0110,-8,-0.020944,-0.000262
7.0210,-8,-0.020944,-0.000262
7.0310,-8,-0.020944,-0.000262
7.0410,-8,-0.020944,-0.000262
7.0510,-8,-0.020944,-0.000262
7.0610,-8,-0.020944,-0.000262
7.0710,-8,-0.020944,-0.000262
7.0810,-8,-0.020944,-0.000262
7.0910,-8,-0.020944,-0.000262
7.1010,-8,-0.020944,-0.000262
7.1110,-8,-0.020944,-0.000262
7.1210,-8,-0.020944,-0.000262
7.1320,-8,-0.020944,-0.000262
7.1410,-8,-0.020944,-0.000262
7.1510,-8,-0.020944,-0.000262
7.1610,-8,-0.020944,-0.000262
7.1710,-8,-0.020944,-0.000262
7.1810,-8,-0.020944,-0.000262
7.1910,-8,-0.020944,-0.000262
7.2010,-8,-0.020944,-0.000262
7.2110,-8,-0.020944,-0.000262
7.2210,-8,-0.020944,-0.000262
7.2310,-8,-0.020944,-0.000262
7.2410,-8,-0.020944,-0.000262
7.2510,-8,-0.020944,-0.000262
7.2610,-8,-0.020944,-0.000262
7.2710,-8,-0.020944,-0.000262
7.2810,-8,-0.020944,-0.000262
7.2910,-8,-0.020944,-0.000262
7.3010,-8,-0.020944,-0.000262
7.3110,-8,-0.020944,-0.000262
7.3210,-8,-0.020944,-0.000262
7.3310,-8,-0.020944,-0.000262
7.3410,-8,-0.020944,-0.000262
7.3510,-8,-0.020944,-0.000262
7.3610,-8,-0.020944,-0.000262
7.3710,-8,-0.020944,-0.000262
7.3810,-8,-0.020944,-0.000262
7.3910,-8,-0.020944,-0.000262
7.4010,-8,-0.020944,-0.000262
7.4110,-9,-0.023562,-0.000295
7.4210,-9,-0.023562,-0.000295
7.4310,-9,-0.023562,-0.000295
7.4410,-9,-0.023562,-0.000295
7.4510,-9,-0.023562,-0.000295
7.4610,-9,-0.023562,-0.000295
7.4710,-9,-0.023562,-0.000295
7.4810,-9,-0.023562,-0.000295
7.4910,-9,-0.023562,-0.000295
7.5010,-9,-0.023562,-0.000295
7.5110,-9,-0.023562,-0.000295
7.5210,-9,-0.023562,-0.000295
7.5310,-9,-0.023562,-0.000295
7.5410,-9,-0.023562,-0.000295
7.5510,-9,-0.023562,-0.000295
7.5610,-9,-0.023562,-0.000295
7.5710,-9,-0.023562,-0.000295
7.5810,-9,-0.023562,-0.000295
7.5910,-9,-0.023562,-0.000295
7.6010,-9,-0.023562,-0.000295
7.6110,-9,-0.023562,-0.000295
7.6210,-9,-0.023562,-0.000295
7.6310,-9,-0.023562,-0.000295
7.6410,-9,-0.023562,-0.000295
7.6510,-9,-0.023562,-0.000295
7.6610,-9,-0.023562,-0.000295
7.6710,-9,-0.023562,-0.000295
7.6810,-9,-0.023562,-0.000295
7.6910,-9,-0.023562,-0.000295
7.7010,-9,-0.023562,-0.000295
7.7110,-9,-0.023562,-0.000295
7.7210,-9,-0.023562,-0.000295
7.7310,-9,-0.023562,-0.000295
7.7410,-9,-0.023562,-0.000295
7.7510,-10,-0.026180,-0.000327
7.7610,-9,-0.023562,-0.000295
7.7720,-9,-0.023562,-0.000295
7.7810,-9,-0.023562,-0.000295
7.7910,-10,-0.026180,-0.000327
7.8010,-10,-0.026180,-0.000327
7.8110,-10,-0.026180,-0.000327
7.8210,-10,-0.026180,-0.000327
7.8310,-10,-0.026180,-0.000327
7.8410,-10,-0.026180,-0.000327
7.8510,-10,-0.026180,-0.000327
7.8610,-10,-0.026180,-0.000327
7.8710,-10,-0.026180,-0.000327
7.8810,-10,-0.026180,-0.000327
7.8910,-10,-0.026180,-0.000327
7.9010,-10,-0.026180,-0.000327
7.9110,-10,-0.026180,-0.000327
7.9210,-10,-0.026180,-0.000327
7.9310,-10,-0.026180,-0.000327
7.9410,-10,-0.026180,-0.000327
7.9510,-10,-0.026180,-0.000327
7.9610,-10,-0.026180,-0.000327
7.9710,-10,-0.026180,-0.000327
7.9810,-10,-0.026180,-0.000327
7.9910,-10,-0.026180,-0.000327
8.0010,-10,-0.026180,-0.000327
8.0110,-10,-0.026180,-0.000327
8.0210,-10,-0.026180,-0.000327
8.0310,-10,-0.026180,-0.000327
8.0410,-10,-0.026180,-0.000327
8.0510,-10,-0.026180,-0.000327
8.0610,-10,-0.026180,-0.000327
8.0710,-10,-0.026180,-0.000327
8.0810,-10,-0.026180,-0.000327
8.0910,-11,-0.028798,-0.000360
8.1010,-10,-0.026180,-0.000327
8.1110,-11,-0.028798,-0.000360
8.1210,-11,-0.028798,-0.000360
8.1310,-11,-0.028798,-0.000360
8.1410,-10,-0.026180,-0.000327
8.1510,-11,-0.028798,-0.000360
8.1610,-11,-0.028798,-0.000360
8.1710,-11,-0.028798,-0.000360
8.1810,-11,-0.028798,-0.000360
8.1910,-11,-0.028798,-0.000360
8.2010,-11,-0.028798,-0.000360
8.2110,-11,-0.028798,-0.000360
8.2210,-11,-0.028798,-0.000360
8.2310,-11,-0.028798,-0.000360
8.2410,-11,-0.028798,-0.000360
8.2510,-11,-0.028798,-0.000360
8.2610,-11,-0.028798,-0.000360
8.2710,-11,-0.028798,-0.000360
8.2810,-11,-0.028798,-0.000360
8.2910,-11,-0.028798,-0.000360
8.3010,-11,-0.028798,-0.000360
8.3110,-11,-0.028798,-0.000360
8.3210,-11,-0.028798,-0.000360
8.3310,-11,-0.028798,-0.000360
8.3410,-11,-0.028798,-0.000360
8.3510,-12,-0.031416,-0.000393
8.3610,-12,-0.031416,-0.000393
8.3710,-12,-0.031416,-0.000393
8.3810,-12,-0.031416,-0.000393
8.3910,-12,-0.031416,-0.000393
8.4010,-13,-0.034034,-0.000425
8.4120,-13,-0.034034,-0.000425
8.4210,-13,-0.034034,-0.000425
8.4310,-13,-0.034034,-0.000425
8.4410,-13,-0.034034,-0.000425
8.4510,-13,-0.034034,-0.000425
8.4610,-13,-0.034034,-0.000425
8.4710,-13,-0.034034,-0.000425
8.4810,-13,-0.034034,-0.000425
8.4910,-13,-0.034034,-0.000425
8.5010,-13,-0.034034,-0.000425
8.5110,-13,-0.034034,-0.000425
8.5210,-14,-0.036652,-0.000458
8.5310,-14,-0.036652,-0.000458
8.5410,-14,-0.036652,-0.000458
8.5510,-14,-0.036652,-0.000458
8.5610,-14,-0.036652,-0.000458
8.5710,-14,-0.036652,-0.000458
8.5810,-14,-0.036652,-0.000458
8.5910,-14,-0.036652,-0.000458
8.6010,-14,-0.036652,-0.000458
8.6110,-14,-0.036652,-0.000458
8.6210,-14,-0.036652,-0.000458
8.6310,-14,-0.036652,-0.000458
8.6410,-14,-0.036652,-0.000458
8.6510,-14,-0.036652,-0.000458
8.6610,-14,-0.036652,-0.000458
8.6710,-14,-0.036652,-0.000458
8.6810,-14,-0.036652,-0.000458
8.6910,-14,-0.036652,-0.000458
8.7010,-14,-0.036652,-0.000458
8.7110,-14,-0.036652,-0.000458
8.7210,-14,-0.036652,-0.000458
8.7310,-14,-0.036652,-0.000458
8.7410,-15,-0.039270,-0.000491
8.7510,-14,-0.036652,-0.000458
8.7610,-14,-0.036652,-0.000458
8.7710,-14,-0.036652,-0.000458
8.7810,-15,-0.039270,-0.000491
8.7910,-15,-0.039270,-0.000491
8.8010,-15,-0.039270,-0.000491
8.8110,-15,-0.039270,-0.000491
8.8210,-15,-0.039270,-0.000491
8.8310,-15,-0.039270,-0.000491
8.8410,-15,-0.039270,-0.000491
8.8510,-15,-0.039270,-0.000491
8.8610,-15,-0.039270,-0.000491
8.8710,-15,-0.039270,-0.000491
8.8810,-15,-0.039270,-0.000491
8.8910,-15,-0.039270,-0.000491
8.9010,-15,-0.039270,-0.000491
8.9110,-15,-0.039270,-0.000491
8.9210,-15,-0.039270,-0.000491
8.9310,-15,-0.039270,-0.000491
8.9410,-15,-0.039270,-0.000491
8.9510,-15,-0.039270,-0.000491
8.9610,-15,-0.039270,-0.000491
8.9710,-15,-0.039270,-0.000491
8.9810,-15,-0.039270,-0.000491
8.9910,-15,-0.039270,-0.000491
9.0010,-16,-0.041888,-0.000524
9.0110,-16,-0.041888,-0.000524
9.0210,-16,-0.041888,-0.000524
9.0310,-15,-0.039270,-0.000491
9.0410,-16,-0.041888,-0.000524
9.0520,-16,-0.041888,-0.000524
9.0610,-16,-0.041888,-0.000524
9.0710,-16,-0.041888,-0.000524
9.0810,-16,-0.041888,-0.000524
9.0910,-16,-0.041888,-0.000524
9.1010,-16,-0.041888,-0.000524
9.1110,-16,-0.041888,-0.000524
9.1210,-16,-0.041888,-0.000524
9.1310,-16,-0.041888,-0.000524
9.1410,-16,-0.041888,-0.000524
9.1510,-16,-0.041888,-0.000524
9.1610,-16,-0.041888,-0.000524
9.1710,-16,-0.041888,-0.000524
9.1810,-16,-0.041888,-0.000524
9.1910,-16,-0.041888,-0.000524
9.2010,-16,-0.041888,-0.000524
9.2110,-16,-0.041888,-0.000524
9.2210,-16,-0.041888,-0.000524
9.2310,-16,-0.041888,-0.000524
9.2410,-17,-0.044506,-0.000556
9.2510,-16,-0.041888,-0.000524
9.2610,-16,-0.041888,-0.000524
9.2710,-16,-0.041888,-0.000524
9.2810,-17,-0.044506,-0.000556
9.2910,-17,-0.044506,-0.000556
9.3010,-17,-0.044506,-0.000556
9.3110,-17,-0.044506,-0.000556
9.3210,-17,-0.044506,-0.000556
9.3310,-17,-0.044506,-0.000556
9.3410,-17,-0.044506,-0.000556
9.3510,-17,-0.044506,-0.000556
9.3610,-17,-0.044506,-0.000556
9.3710,-17,-0.044506,-0.000556
9.3810,-17,-0.044506,-0.000556
9.3910,-17,-0.044506,-0.000556
9.4010,-17,-0.044506,-0.000556
9.4110,-17,-0.044506,-0.000556
9.4210,-17,-0.044506,-0.000556
9.4310,-17,-0.044506,-0.000556
9.4410,-17,-0.044506,-0.000556
9.4510,-17,-0.044506,-0.000556
9.4610,-17,-0.044506,-0.000556
9.4710,-17,-0.044506,-0.000556
9.4810,-18,-0.047124,-0.000589
9.4910,-18,-0.047124,-0.000589
9.5010,-18,-0.047124,-0.000589
9.5110,-18,-0.047124,-0.000589
9.5210,-18,-0.047124,-0.000589
9.5310,-18,-0.047124,-0.000589
9.5410,-18,-0.047124,-0.000589
9.5510,-18,-0.047124,-0.000589
9.5610,-18,-0.047124,-0.000589
9.5710,-18,-0.047124,-0.000589
9.5810,-18,-0.047124,-0.000589
9.5910,-18,-0.047124,-0.000589
9.6010,-18,-0.047124,-0.000589
9.6110,-18,-0.047124,-0.000589
9.6210,-18,-0.047124,-0.000589
9.6310,-18,-0.047124,-0.000589
9.6410,-18,-0.047124,-0.000589
9.6510,-18,-0.047124,-0.000589
9.6610,-18,-0.047124,-0.000589
9.6710,-18,-0.047124,-0.000589
9.6810,-18,-0.047124,-0.000589
9.6920,-18,-0.047124,-0.000589
9.7010,-18,-0.047124,-0.000589
9.7110,-18,-0.047124,-0.000589
9.7210,-18,-0.047124,-0.000589
9.7310,-18,-0.047124,-0.000589
9.7410,-18,-0.047124,-0.000589
9.7510,-18,-0.047124,-0.000589
9.7610,-18,-0.047124,-0.000589
9.7710,-19,-0.049742,-0.000622
9.7810,-18,-0.047124,-0.000589
9.7910,-19,-0.049742,-0.000622
9.8010,-19,-0.049742,-0.000622
9.8110,-19,-0.049742,-0.000622
9.8210,-19,-0.049742,-0.000622
9.8310,-19,-0.049742,-0.000622
9.8410,-19,-0.049742,-0.000622
9.8510,-19,-0.049742,-0.000622
9.8610,-19,-0.049742,-0.000622
9.8710,-19,-0.049742,-0.000622
9.8810,-19,-0.049742,-0.000622
9.8910,-19,-0.049742,-0.000622
9.9010,-19,-0.049742,-0.000622
9.9110,-19,-0.049742,-0.000622
9.9210,-19,-0.049742,-0.000622
9.9310,-19,-0.049742,-0.000622
9.9410,-19,-0.049742,-0.000622
9.9510,-19,-0.049742,-0.000622
9.9610,-19,-0.049742,-0.000622
9.9710,-19,-0.049742,-0.000622
9.9810,-19,-0.049742,-0.000622
9.9910,-19,-0.049742,-0.000622
10.0010,-19,-0.049742,-0.000622
10.0110,-19,-0.049742,-0.000622
10.0210,-19,-0.049742,-0.000622
10.0310,-19,-0.049742,-0.000622
10.0410,-19,-0.049742,-0.000622
10.0510,-19,-0.049742,-0.000622
10.0610,-19,-0.049742,-0.000622
10.0710,-19,-0.049742,-0.000622
10.0810,-19,-0.049742,-0.000622
10.0910,-19,-0.049742,-0.000622
10.1010,-19,-0.049742,-0.000622
10.1110,-19,-0.049742,-0.000622
10.1210,-19,-0.049742,-0.000622
10.1310,-20,-0.052360,-0.000654
10.1410,-20,-0.052360,-0.000654
10.1510,-20,-0.052360,-0.000654
10.1610,-20,-0.052360,-0.000654
10.1710,-20,-0.052360,-0.000654
10.1810,-20,-0.052360,-0.000654
10.1910,-20,-0.052360,-0.000654
10.2010,-20,-0.052360,-0.000654
10.2110,-20,-0.052360,-0.000654
10.2210,-20,-0.052360,-0.000654
10.2310,-20,-0.052360,-0.000654
10.2410,-20,-0.052360,-0.000654
10.2510,-20,-0.052360,-0.000654
10.2610,-20,-0.052360,-0.000654
10.2710,-20,-0.052360,-0.000654
10.2810,-20,-0.052360,-0.000654
10.2910,-21,-0.054978,-0.000687
10.3010,-21,-0.054978,-0.000687
10.3110,-21,-0.054978,-0.000687
10.3210,-20,-0.052360,-0.000654
10.3320,-21,-0.054978,-0.000687
10.3410,-21,-0.054978,-0.000687
10.3510,-21,-0.054978,-0.000687
10.3610,-21,-0.054978,-0.000687
10.3710,-21,-0.054978,-0.000687
10.3810,-21,-0.054978,-0.000687
10.3910,-22,-0.057596,-0.000720
10.4010,-22,-0.057596,-0.000720
10.4110,-22,-0.057596,-0.000720
10.4210,-22,-0.057596,-0.000720
10.4310,-22,-0.057596,-0.000720
10.4410,-22,-0.057596,-0.000720
10.4510,-22,-0.057596,-0.000720
10.4610,-22,-0.057596,-0.000720
10.4710,-22,-0.057596,-0.000720
10.4810,-22,-0.057596,-0.000720
10.4910,-22,-0.057596,-0.000720
10.5010,-22,-0.057596,-0.000720
10.5110,-22,-0.057596,-0.000720
10.5210,-23,-0.060214,-0.000753
10.5310,-23,-0.060214,-0.000753
10.5410,-23,-0.060214,-0.000753
10.5510,-23,-0.060214,-0.000753
10.5610,-23,-0.060214,-0.000753
10.5710,-23,-0.060214,-0.000753
10.5810,-24,-0.062832,-0.000785
10.5910,-24,-0.062832,-0.000785
10.6010,-24,-0.062832,-0.000785
10.6110,-24,-0.062832,-0.000785
10.6210,-24,-0.062832,-0.000785
10.6310,-24,-0.062832,-0.000785
10.6410,-25,-0.065450,-0.000818
10.6510,-25,-0.065450,-0.000818
10.6610,-26,-0.068068,-0.000851
10.6710,-26,-0.068068,-0.000851
10.6810,-26,-0.068068,-0.000851
10.6910,-26,-0.068068,-0.000851
10.7010,-26,-0.068068,-0.000851
10.7110,-26,-0.068068,-0.000851
10.7210,-26,-0.068068,-0.000851
10.7310,-27,-0.070686,-0.000884
10.7410,-28,-0.073304,-0.000916
10.7510,-28,-0.073304,-0.000916
10.7610,-30,-0.078540,-0.000982
10.7710,-32,-0.083776,-0.001047
10.7810,-36,-0.094248,-0.001178
10.7910,-41,-0.107338,-0.001342
10.8010,-48,-0.125664,-0.001571
10.8110,-59,-0.154462,-0.001931
10.8210,-73,-0.191114,-0.002389
10.8310,-88,-0.230383,-0.002880
10.8410,-101,-0.264417,-0.003305
10.8510,-113,-0.295833,-0.003698
10.8610,-125,-0.327249,-0.004091
10.8710,-135,-0.353429,-0.004418
10.8810,-143,-0.374373,-0.004680
10.8910,-149,-0.390081,-0.004876
10.9010,-156,-0.408407,-0.005105
10.9110,-163,-0.426733,-0.005334
10.9210,-172,-0.450295,-0.005629
10.9310,-179,-0.468621,-0.005858
10.9410,-189,-0.494801,-0.006185
10.9510,-198,-0.518363,-0.006480
10.9610,-208,-0.544543,-0.006807
10.9720,-218,-0.570723,-0.007134
10.9810,-224,-0.586431,-0.007330
10.9910,-228,-0.596903,-0.007461
11.0010,-229,-0.599521,-0.007494
11.0110,-228,-0.596903,-0.007461
11.0210,-224,-0.586431,-0.007330
11.0310,-220,-0.575959,-0.007199
11.0410,-217,-0.568105,-0.007101
11.0510,-216,-0.565487,-0.007069
11.0610,-216,-0.565487,-0.007069
11.0710,-221,-0.578577,-0.007232
11.0810,-228,-0.596903,-0.007461
11.0910,-239,-0.625701,-0.007821
11.1010,-250,-0.654498,-0.008181
11.1110,-266,-0.696386,-0.008705
11.1210,-285,-0.746128,-0.009327
11.1310,-306,-0.801106,-0.010014
11.1410,-328,-0.858702,-0.010734
11.1510,-350,-0.916298,-0.011454
11.1610,-381,-0.997456,-0.012468
11.1710,-414,-1.083850,-0.013548
11.1810,-444,-1.162389,-0.014530
11.1910,-465,-1.217367,-0.015217
11.2010,-483,-1.264491,-0.015806
11.2110,-499,-1.306379,-0.016330
11.2210,-508,-1.329941,-0.016624
11.2310,-509,-1.332559,-0.016657
11.2410,-506,-1.324705,-0.016559
11.2510,-497,-1.301143,-0.016264
11.2610,-487,-1.274963,-0.015937
11.2710,-478,-1.251401,-0.015643
11.2810,-472,-1.235693,-0.015446
11.2910,-469,-1.227839,-0.015348
11.3010,-470,-1.230457,-0.015381
11.3110,-474,-1.240929,-0.015512
11.3210,-481,-1.259255,-0.015741
11.3310,-489,-1.280199,-0.016002
11.3410,-497,-1.301143,-0.016264
11.3510,-502,-1.314233,-0.016428
11.3610,-503,-1.316851,-0.016461
11.3710,-502,-1.314233,-0.016428
11.3810,-498,-1.303761,-0.016297
11.3910,-492,-1.288053,-0.016101
11.4010,-487,-1.274963,-0.015937
11.4110,-483,-1.264491,-0.015806
11.4210,-480,-1.256637,-0.015708
11.4310,-480,-1.256637,-0.015708
11.4410,-482,-1.261873,-0.015773
11.4510,-487,-1.274963,-0.015937
11.4610,-492,-1.288053,-0.016101
11.4710,-497,-1.301143,-0.016264
11.4810,-500,-1.308997,-0.016362
11.4910,-501,-1.311615,-0.016395
11.5010,-501,-1.311615,-0.016395
11.5110,-499,-1.306379,-0.016330
11.5210,-495,-1.295907,-0.016199
11.5310,-492,-1.288053,-0.016101
11.5410,-489,-1.280199,-0.016002
11.5510,-487,-1.274963,-0.015937
11.5610,-487,-1.274963,-0.015937
11.5710,-489,-1.280199,-0.016002
11.5810,-492,-1.288053,-0.016101
11.5910,-495,-1.295907,-0.016199
11.6010,-498,-1.303761,-0.016297
11.6120,-500,-1.308997,-0.016362
11.6210,-500,-1.308997,-0.016362
11.6310,-500,-1.308997,-0.016362
11.6410,-498,-1.303761,-0.016297
11.6510,-496,-1.298525,-0.016232
11.6610,-494,-1.293289,-0.016166
11.6710,-492,-1.288053,-0.016101
11.6810,-491,-1.285435,-0.016068
11.6910,-491,-1.285435,-0.016068
11.7010,-492,-1.288053,-0.016101
11.7110,-494,-1.293289,-0.016166
11.7210,-496,-1.298525,-0.016232
11.7310,-498,-1.303761,-0.016297
11.7410,-499,-1.306379,-0.016330
11.7510,-500,-1.308997,-0.016362
11.7610,-499,-1.306379,-0.016330
11.7710,-498,-1.303761,-0.016297
11.7810,-496,-1.298525,-0.016232
11.7910,-494,-1.293289,-0.016166
11.8010,-493,-1.290671,-0.016133
11.8110,-493,-1.290671,-0.016133
11.8210,-493,-1.290671,-0.016133
11.8310,-494,-1.293289,-0.016166
11.8410,-495,-1.295907,-0.016199
11.8510,-497,-1.301143,-0.016264
11.8610,-498,-1.303761,-0.016297
11.8710,-499,-1.306379,-0.016330
11.8810,-499,-1.306379,-0.016330
11.8910,-498,-1.303761,-0.016297
11.9010,-497,-1.301143,-0.016264
11.9110,-496,-1.298525,-0.016232
11.9210,-495,-1.295907,-0.016199
11.9310,-494,-1.293289,-0.016166
11.9410,-494,-1.293289,-0.016166
11.9510,-495,-1.295907,-0.016199
11.9610,-496,-1.298525,-0.016232
11.9710,-497,-1.301143,-0.016264
11.9810,-498,-1.303761,-0.016297
11.9910,-498,-1.303761,-0.016297
12.0010,-499,-1.306379,-0.016330
12.0110,-499,-1.306379,-0.016330
12.0210,-498,-1.303761,-0.016297
12.0310,-498,-1.303761,-0.016297
12.0410,-497,-1.301143,-0.016264
12.0510,-496,-1.298525,-0.016232
12.0610,-496,-1.298525,-0.016232
12.0710,-496,-1.298525,-0.016232
12.0810,-496,-1.298525,-0.016232
12.0910,-497,-1.301143,-0.016264
12.1010,-498,-1.303761,-0.016297
12.1110,-498,-1.303761,-0.016297
12.1210,-499,-1.306379,-0.016330
12.1310,-499,-1.306379,-0.016330
12.1410,-499,-1.306379,-0.016330
12.1510,-498,-1.303761,-0.016297
12.1610,-498,-1.303761,-0.016297
12.1710,-498,-1.303761,-0.016297
12.1810,-497,-1.301143,-0.016264
12.1910,-497,-1.301143,-0.016264
12.2010,-498,-1.303761,-0.016297
12.2110,-498,-1.303761,-0.016297
12.2210,-498,-1.303761,-0.016297
12.2310,-499,-1.306379,-0.016330
12.2410,-499,-1.306379,-0.016330
12.2520,-499,-1.306379,-0.016330
12.2610,-499,-1.306379,-0.016330
12.2710,-499,-1.306379,-0.016330
12.2810,-499,-1.306379,-0.016330
12.2910,-499,-1.306379,-0.016330
12.3010,-499,-1.306379,-0.016330
12.3110,-499,-1.306379,-0.016330
12.3210,-499,-1.306379,-0.016330
12.3310,-499,-1.306379,-0.016330
12.3410,-499,-1.306379,-0.016330
12.3510,-499,-1.306379,-0.016330
12.3610,-500,-1.308997,-0.016362
12.3710,-500,-1.308997,-0.016362
12.3810,-500,-1.308997,-0.016362
12.3910,-500,-1.308997,-0.016362
12.4010,-500,-1.308997,-0.016362
12.4110,-500,-1.308997,-0.016362
12.4210,-500,-1.308997,-0.016362
12.4310,-499,-1.306379,-0.016330
12.4410,-499,-1.306379,-0.016330
12.4510,-499,-1.306379,-0.016330
12.4610,-500,-1.308997,-0.016362
12.4710,-500,-1.308997,-0.016362
12.4810,-500,-1.308997,-0.016362
12.4910,-500,-1.308997,-0.016362
12.5010,-500,-1.308997,-0.016362
12.5110,-500,-1.308997,-0.016362
12.5210,-500,-1.308997,-0.016362
12.5310,-500,-1.308997,-0.016362
12.5410,-500,-1.308997,-0.016362
12.5510,-500,-1.308997,-0.016362
12.5610,-500,-1.308997,-0.016362
12.5710,-500,-1.308997,-0.016362
12.5810,-500,-1.308997,-0.016362
12.5910,-500,-1.308997,-0.016362
12.6010,-501,-1.311615,-0.016395
12.6110,-501,-1.311615,-0.016395
12.6210,-501,-1.311615,-0.016395
12.6310,-501,-1.311615,-0.016395
12.6410,-501,-1.311615,-0.016395
12.6510,-501,-1.311615,-0.016395
12.6610,-501,-1.311615,-0.016395
12.6710,-501,-1.311615,-0.016395
12.6810,-501,-1.311615,-0.016395
12.6910,-501,-1.311615,-0.016395
12.7010,-501,-1.311615,-0.016395
12.7110,-501,-1.311615,-0.016395
12.7210,-501,-1.311615,-0.016395
12.7310,-502,-1.314233,-0.016428
12.7410,-502,-1.314233,-0.016428
12.7510,-502,-1.314233,-0.016428
12.7610,-502,-1.314233,-0.016428
12.7710,-502,-1.314233,-0.016428
12.7810,-502,-1.314233,-0.016428
12.7910,-502,-1.314233,-0.016428
12.8010,-502,-1.314233,-0.016428
12.8110,-502,-1.314233,-0.016428
12.8210,-502,-1.314233,-0.016428
12.8310,-502,-1.314233,-0.016428
12.8410,-502,-1.314233,-0.016428
12.8510,-502,-1.314233,-0.016428
12.8610,-502,-1.314233,-0.016428
12.8710,-502,-1.314233,-0.016428
12.8810,-502,-1.314233,-0.016428
12.8920,-502,-1.314233,-0.016428
12.9010,-502,-1.314233,-0.016428
12.9110,-502,-1.314233,-0.016428
12.9210,-502,-1.314233,-0.016428
12.9310,-503,-1.316851,-0.016461
12.9410,-503,-1.316851,-0.016461
12.9510,-503,-1.316851,-0.016461
12.9610,-503,-1.316851,-0.016461
12.9710,-503,-1.316851,-0.016461
12.9810,-503,-1.316851,-0.016461
12.9910,-503,-1.316851,-0.016461
13.0010,-503,-1.316851,-0.016461
13.0110,-503,-1.316851,-0.016461
13.0210,-503,-1.316851,-0.016461
13.0310,-503,-1.316851,-0.016461
13.0410,-503,-1.316851,-0.016461
13.0510,-504,-1.319469,-0.016493
13.0610,-504,-1.319469,-0.016493
13.0710,-504,-1.319469,-0.016493
13.0810,-504,-1.319469,-0.016493
13.0910,-504,-1.319469,-0.016493
13.1010,-504,-1.319469,-0.016493
13.1110,-504,-1.319469,-0.016493
13.1210,-504,-1.319469,-0.016493
13.1310,-504,-1.319469,-0.016493
13.1410,-504,-1.319469,-0.016493
13.1510,-504,-1.319469,-0.016493
13.1610,-504,-1.319469,-0.016493
13.1710,-504,-1.319469,-0.016493
13.1810,-505,-1.322087,-0.016526
13.1910,-505,-1.322087,-0.016526
13.2010,-505,-1.322087,-0.016526
13.2110,-505,-1.322087,-0.016526
13.2210,-505,-1.322087,-0.016526
13.2310,-505,-1.322087,-0.016526
13.2410,-505,-1.322087,-0.016526
13.2510,-505,-1.322087,-0.016526
13.2610,-505,-1.322087,-0.016526
13.2710,-505,-1.322087,-0.016526
13.2810,-505,-1.322087,-0.016526
13.2910,-505,-1.322087,-0.016526
13.3010,-505,-1.322087,-0.016526
13.3110,-505,-1.322087,-0.016526
13.3210,-505,-1.322087,-0.016526
13.3310,-505,-1.322087,-0.016526
13.3410,-506,-1.324705,-0.016559
13.3510,-506,-1.324705,-0.016559
13.3610,-506,-1.324705,-0.016559
13.3710,-506,-1.324705,-0.016559
13.3810,-506,-1.324705,-0.016559
13.3910,-506,-1.324705,-0.016559
13.4010,-506,-1.324705,-0.016559
13.4110,-506,-1.324705,-0.016559
13.4210,-506,-1.324705,-0.016559
13.4310,-506,-1.324705,-0.016559
13.4410,-506,-1.324705,-0.016559
13.4510,-506,-1.324705,-0.016559
13.4610,-506,-1.324705,-0.016559
13.4710,-506,-1.324705,-0.016559
13.4810,-507,-1.327323,-0.016592
13.4910,-507,-1.327323,-0.016592
13.5010,-507,-1.327323,-0.016592
13.5110,-507,-1.327323,-0.016592
13.5210,-507,-1.327323,-0.016592
13.5320,-507,-1.327323,-0.016592
13.5410,-507,-1.327323,-0.016592
13.5510,-507,-1.327323,-0.016592
13.5610,-507,-1.327323,-0.016592
13.5710,-507,-1.327323,-0.016592
13.5810,-507,-1.327323,-0.016592
13.5910,-508,-1.329941,-0.016624
13.6010,-508,-1.329941,-0.016624
13.6110,-508,-1.329941,-0.016624
13.6210,-508,-1.329941,-0.016624
13.6310,-508,-1.329941,-0.016624
13.6410,-508,-1.329941,-0.016624
13.6510,-508,-1.329941,-0.016624
13.6610,-508,-1.329941,-0.016624
13.6710,-508,-1.329941,-0.016624
13.6810,-508,-1.329941,-0.016624
13.6910,-508,-1.329941,-0.016624
13.7010,-508,-1.329941,-0.016624
13.7110,-508,-1.329941,-0.016624
13.7210,-509,-1.332559,-0.016657
13.7310,-509,-1.332559,-0.016657
13.7410,-509,-1.332559,-0.016657
13.7510,-509,-1.332559,-0.016657
13.7610,-509,-1.332559,-0.016657
13.7710,-509,-1.332559,-0.016657
13.7810,-509,-1.332559,-0.016657
13.7910,-509,-1.332559,-0.016657
13.8010,-509,-1.332559,-0.016657
13.8110,-510,-1.335177,-0.016690
13.8210,-510,-1.335177,-0.016690
13.8310,-510,-1.335177,-0.016690
13.8410,-510,-1.335177,-0.016690
13.8510,-510,-1.335177,-0.016690
13.8610,-510,-1.335177,-0.016690
13.8710,-510,-1.335177,-0.016690
13.8810,-510,-1.335177,-0.016690
13.8910,-510,-1.335177,-0.016690
13.9010,-510,-1.335177,-0.016690
13.9110,-510,-1.335177,-0.016690
13.9210,-511,-1.337795,-0.016722
13.9310,-511,-1.337795,-0.016722
13.9410,-511,-1.337795,-0.016722
13.9510,-511,-1.337795,-0.016722
13.9610,-511,-1.337795,-0.016722
13.9710,-511,-1.337795,-0.016722
13.9810,-511,-1.337795,-0.016722
13.9910,-511,-1.337795,-0.016722
14.0010,-511,-1.337795,-0.016722
14.0110,-511,-1.337795,-0.016722
14.0210,-511,-1.337795,-0.016722
14.0310,-512,-1.340413,-0.016755
14.0410,-512,-1.340413,-0.016755
14.0510,-512,-1.340413,-0.016755
14.0610,-512,-1.340413,-0.016755
14.0710,-512,-1.340413,-0.016755
14.0810,-512,-1.340413,-0.016755
14.0910,-512,-1.340413,-0.016755
14.1010,-512,-1.340413,-0.016755
14.1110,-512,-1.340413,-0.016755
14.1210,-512,-1.340413,-0.016755
14.1310,-513,-1.343031,-0.016788
14.1410,-513,-1.343031,-0.016788
14.1510,-513,-1.343031,-0.016788
14.1610,-513,-1.343031,-0.016788
14.1720,-513,-1.343031,-0.016788
14.1810,-513,-1.343031,-0.016788
14.1910,-513,-1.343031,-0.016788
14.2010,-513,-1.343031,-0.016788
14.2110,-513,-1.343031,-0.016788
14.2210,-514,-1.345649,-0.016821
14.2310,-514,-1.345649,-0.016821
14.2410,-514,-1.345649,-0.016821
14.2510,-514,-1.345649,-0.016821
14.2610,-514,-1.345649,-0.016821
14.2710,-514,-1.345649,-0.016821
14.2810,-514,-1.345649,-0.016821
14.2910,-514,-1.345649,-0.016821
14.3010,-514,-1.345649,-0.016821
14.3110,-514,-1.345649,-0.016821
14.3210,-514,-1.345649,-0.016821
14.3310,-515,-1.348267,-0.016853
14.3410,-515,-1.348267,-0.016853
14.3510,-515,-1.348267,-0.016853
14.3610,-516,-1.350885,-0.016886
14.3710,-516,-1.350885,-0.016886
14.3810,-516,-1.350885,-0.016886
14.3910,-516,-1.350885,-0.016886
14.4010,-516,-1.350885,-0.016886
14.4110,-516,-1.350885,-0.016886
14.4210,-516,-1.350885,-0.016886
14.4310,-517,-1.353503,-0.016919
14.4410,-517,-1.353503,-0.016919
14.4510,-517,-1.353503,-0.016919
14.4610,-517,-1.353503,-0.016919
14.4710,-517,-1.353503,-0.016919
14.4810,-517,-1.353503,-0.016919
14.4910,-517,-1.353503,-0.016919
14.5010,-517,-1.353503,-0.016919
14.5110,-518,-1.356121,-0.016952
14.5210,-518,-1.356121,-0.016952
14.5310,-518,-1.356121,-0.016952
14.5410,-518,-1.356121,-0.016952
14.5510,-519,-1.358739,-0.016984
14.5610,-519,-1.358739,-0.016984
14.5710,-519,-1.358739,-0.016984
14.5810,-519,-1.358739,-0.016984
14.5910,-519,-1.358739,-0.016984
14.6010,-519,-1.358739,-0.016984
14.6110,-519,-1.358739,-0.016984
14.6210,-519,-1.358739,-0.016984
14.6310,-520,-1.361357,-0.017017
14.6410,-520,-1.361357,-0.017017
14.6510,-520,-1.361357,-0.017017
14.6610,-520,-1.361357,-0.017017
14.6710,-520,-1.361357,-0.017017
14.6810,-520,-1.361357,-0.017017
14.6910,-521,-1.363975,-0.017050
14.7010,-521,-1.363975,-0.017050
14.7110,-521,-1.363975,-0.017050
14.7210,-521,-1.363975,-0.017050
14.7310,-521,-1.363975,-0.017050
14.7410,-521,-1.363975,-0.017050
14.7510,-521,-1.363975,-0.017050
14.7610,-521,-1.363975,-0.017050
14.7710,-522,-1.366593,-0.017082
14.7810,-522,-1.366593,-0.017082
14.7910,-522,-1.366593,-0.017082
14.8010,-522,-1.366593,-0.017082
14.8120,-522,-1.366593,-0.017082
14.8210,-522,-1.366593,-0.017082
14.8310,-523,-1.369211,-0.017115
14.8410,-523,-1.369211,-0.017115
14.8510,-523,-1.369211,-0.017115
14.8610,-524,-1.371829,-0.017148
14.8710,-524,-1.371829,-0.017148
14.8810,-525,-1.374447,-0.017181
14.8910,-525,-1.374447,-0.017181
14.9010,-525,-1.374447,-0.017181
14.9110,-525,-1.374447,-0.017181
14.9210,-525,-1.374447,-0.017181
14.9310,-525,-1.374447,-0.017181
14.9410,-526,-1.377065,-0.017213
14.9510,-526,-1.377065,-0.017213
14.9610,-526,-1.377065,-0.017213
14.9710,-526,-1.377065,-0.017213
14.9810,-527,-1.379683,-0.017246
14.9910,-527,-1.379683,-0.017246
15.0010,-527,-1.379683,-0.017246
15.0110,-528,-1.382301,-0.017279
15.0210,-528,-1.382301,-0.017279
15.0310,-528,-1.382301,-0.017279
15.0410,-528,-1.382301,-0.017279
15.0510,-528,-1.382301,-0.017279
15.0610,-528,-1.382301,-0.017279
15.0710,-529,-1.384919,-0.017311
15.0810,-530,-1.387537,-0.017344
15.0910,-530,-1.387537,-0.017344
15.1010,-531,-1.390155,-0.017377
15.1110,-531,-1.390155,-0.017377
15.1210,-532,-1.392773,-0.017410
15.1310,-532,-1.392773,-0.017410
15.1410,-532,-1.392773,-0.017410
15.1510,-533,-1.395391,-0.017442
15.1610,-534,-1.398009,-0.017475
15.1710,-534,-1.398009,-0.017475
15.1810,-534,-1.398009,-0.017475
15.1910,-535,-1.400627,-0.017508
15.2010,-536,-1.403245,-0.017541
15.2110,-537,-1.405863,-0.017573
15.2210,-537,-1.405863,-0.017573
15.2310,-537,-1.405863,-0.017573
15.2410,-537,-1.405863,-0.017573
15.2510,-537,-1.405863,-0.017573
15.2610,-538,-1.408481,-0.017606
15.2710,-539,-1.411099,-0.017639
15.2810,-539,-1.411099,-0.017639
15.2910,-540,-1.413717,-0.017671
15.3010,-541,-1.416335,-0.017704
15.3110,-542,-1.418953,-0.017737
15.3210,-543,-1.421571,-0.017770
15.3310,-543,-1.421571,-0.017770
15.3410,-544,-1.424189,-0.017802
15.3510,-544,-1.424189,-0.017802
15.3610,-544,-1.424189,-0.017802
15.3710,-544,-1.424189,-0.017802
15.3810,-544,-1.424189,-0.017802
15.3910,-544,-1.424189,-0.017802
15.4010,-544,-1.424189,-0.017802
15.4110,-544,-1.424189,-0.017802
15.4210,-545,-1.426807,-0.017835
15.4310,-545,-1.426807,-0.017835
15.4410,-546,-1.429425,-0.017868
15.4520,-546,-1.429425,-0.017868
15.4610,-546,-1.429425,-0.017868
15.4710,-546,-1.429425,-0.017868
15.4810,-546,-1.429425,-0.017868
15.4910,-546,-1.429425,-0.017868
15.5010,-546,-1.429425,-0.017868
15.5110,-546,-1.429425,-0.017868
15.5210,-546,-1.429425,-0.017868
15.5310,-547,-1.432043,-0.017901
15.5410,-547,-1.432043,-0.017901
15.5510,-547,-1.432043,-0.017901
15.5610,-547,-1.432043,-0.017901
15.5710,-548,-1.434661,-0.017933
15.5810,-548,-1.434661,-0.017933
15.5910,-548,-1.434661,-0.017933
15.6010,-548,-1.434661,-0.017933
15.6110,-548,-1.434661,-0.017933
15.6210,-548,-1.434661,-0.017933
15.6310,-548,-1.434661,-0.017933
15.6410,-548,-1.434661,-0.017933
15.6510,-548,-1.434661,-0.017933
15.6610,-549,-1.437279,-0.017966
15.6710,-549,-1.437279,-0.017966
15.6810,-549,-1.437279,-0.017966
15.6910,-549,-1.437279,-0.017966
15.7010,-549,-1.437279,-0.017966
15.7110,-549,-1.437279,-0.017966
15.7210,-549,-1.437279,-0.017966
15.7310,-549,-1.437279,-0.017966
15.7410,-550,-1.439897,-0.017999
15.7510,-550,-1.439897,-0.017999
15.7610,-550,-1.439897,-0.017999
15.7710,-550,-1.439897,-0.017999
15.7810,-550,-1.439897,-0.017999
15.7910,-550,-1.439897,-0.017999
15.8010,-550,-1.439897,-0.017999
15.8110,-550,-1.439897,-0.017999
15.8210,-550,-1.439897,-0.017999
15.8310,-550,-1.439897,-0.017999
15.8410,-550,-1.439897,-0.017999
15.8510,-551,-1.442515,-0.018031
15.8610,-551,-1.442515,-0.018031
15.8710,-551,-1.442515,-0.018031
15.8810,-551,-1.442515,-0.018031
15.8910,-551,-1.442515,-0.018031
15.9010,-551,-1.442515,-0.018031
15.9110,-551,-1.442515,-0.018031
15.9210,-551,-1.442515,-0.018031
15.9310,-551,-1.442515,-0.018031
15.9410,-552,-1.445133,-0.018064
15.9510,-552,-1.445133,-0.018064
15.9610,-552,-1.445133,-0.018064
15.9710,-552,-1.445133,-0.018064
15.9810,-552,-1.445133,-0.018064
15.9910,-552,-1.445133,-0.018064
16.0010,-552,-1.445133,-0.018064
16.0110,-552,-1.445133,-0.018064
16.0210,-553,-1.447751,-0.018097
16.0310,-553,-1.447751,-0.018097
16.0410,-554,-1.450369,-0.018130
16.0510,-554,-1.450369,-0.018130
16.0610,-555,-1.452987,-0.018162
16.0710,-555,-1.452987,-0.018162
16.0810,-556,-1.455605,-0.018195
16.0920,-556,-1.455605,-0.018195
16.1010,-556,-1.455605,-0.018195
16.1110,-556,-1.455605,-0.018195
16.1210,-556,-1.455605,-0.018195
16.1310,-557,-1.458223,-0.018228
16.1410,-557,-1.458223,-0.018228
16.1510,-557,-1.458223,-0.018228
16.1610,-558,-1.460841,-0.018261
16.1710,-558,-1.460841,-0.018261
16.1810,-559,-1.463459,-0.018293
16.1910,-559,-1.463459,-0.018293
16.2010,-559,-1.463459,-0.018293
16.2110,-559,-1.463459,-0.018293
16.2210,-559,-1.463459,-0.018293
16.2310,-559,-1.463459,-0.018293
16.2410,-560,-1.466077,-0.018326
16.2510,-560,-1.466077,-0.018326
16.2610,-560,-1.466077,-0.018326
16.2710,-560,-1.466077,-0.018326
16.2810,-561,-1.468695,-0.018359
16.2910,-561,-1.468695,-0.018359
16.3010,-562,-1.471313,-0.018391
16.3110,-562,-1.471313,-0.018391
16.3210,-562,-1.471313,-0.018391
16.3310,-563,-1.473931,-0.018424
16.3410,-564,-1.476549,-0.018457
16.3510,-565,-1.479167,-0.018490
16.3610,-569,-1.489639,-0.018620
16.3710,-573,-1.500111,-0.018751
16.3810,-578,-1.513200,-0.018915
16.3910,-586,-1.534144,-0.019177
16.4010,-593,-1.552470,-0.019406
16.4110,-602,-1.576032,-0.019700
16.4210,-610,-1.596976,-0.019962
16.4310,-618,-1.617920,-0.020224
16.4410,-627,-1.641482,-0.020519
16.4510,-638,-1.670280,-0.020879
16.4610,-652,-1.706932,-0.021337
16.4710,-676,-1.769764,-0.022122
16.4810,-705,-1.845686,-0.023071
16.4910,-744,-1.947788,-0.024347
16.5010,-790,-2.068215,-0.025853
16.5110,-838,-2.193879,-0.027423
16.5210,-882,-2.309071,-0.028863
16.5310,-931,-2.437352,-0.030467
16.5410,-983,-2.573488,-0.032169
16.5510,-1046,-2.738422,-0.034230
16.5610,-1102,-2.885029,-0.036063
16.5710,-1162,-3.042109,-0.038026
16.5810,-1219,-3.191335,-0.039892
16.5910,-1273,-3.332706,-0.041659
16.6010,-1322,-3.460988,-0.043262
16.6110,-1371,-3.589270,-0.044866
16.6210,-1427,-3.735877,-0.046698
16.6310,-1476,-3.864159,-0.048302
16.6410,-1529,-4.002913,-0.050036
16.6510,-1580,-4.136431,-0.051705
16.6610,-1643,-4.301364,-0.053767
16.6710,-1697,-4.442736,-0.055534
16.6810,-1734,-4.539602,-0.056745
16.6910,-1762,-4.612905,-0.057661
16.7010,-1790,-4.686209,-0.058578
16.7110,-1809,-4.735951,-0.059199
16.7210,-1817,-4.756895,-0.059461
16.7320,-1816,-4.754277,-0.059428
16.7410,-1806,-4.728097,-0.059101
16.7510,-1793,-4.694063,-0.058676
16.7610,-1778,-4.654793,-0.058185
16.7710,-1764,-4.618142,-0.057727
16.7810,-1757,-4.599815,-0.057498
16.7910,-1753,-4.589344,-0.057367
16.8010,-1754,-4.591961,-0.057400
16.8110,-1761,-4.610287,-0.057629
16.8210,-1770,-4.633849,-0.057923
16.8310,-1782,-4.665265,-0.058316
16.8410,-1793,-4.694063,-0.058676
16.8510,-1800,-4.712389,-0.058905
16.8610,-1804,-4.722861,-0.059036
16.8710,-1804,-4.722861,-0.059036
16.8810,-1799,-4.709771,-0.058872
16.8910,-1791,-4.688827,-0.058610
16.9010,-1784,-4.670501,-0.058381
16.9110,-1777,-4.652175,-0.058152
16.9210,-1773,-4.641703,-0.058021
16.9310,-1771,-4.636467,-0.057956
16.9410,-1773,-4.641703,-0.058021
16.9510,-1778,-4.654793,-0.058185
16.9610,-1784,-4.670501,-0.058381
16.9710,-1791,-4.688827,-0.058610
16.9810,-1796,-4.701917,-0.058774
16.9910,-1800,-4.712389,-0.058905
17.0010,-1800,-4.712389,-0.058905
17.0110,-1799,-4.709771,-0.058872
17.0210,-1795,-4.699299,-0.058741
17.0310,-1790,-4.686209,-0.058578
17.0410,-1785,-4.673119,-0.058414
17.0510,-1782,-4.665265,-0.058316
17.0610,-1780,-4.660029,-0.058250
17.0710,-1781,-4.662647,-0.058283
17.0810,-1782,-4.665265,-0.058316
17.0910,-1787,-4.678355,-0.058479
17.1010,-1791,-4.688827,-0.058610
17.1110,-1796,-4.701917,-0.058774
17.1210,-1798,-4.707153,-0.058839
17.1310,-1800,-4.712389,-0.058905
17.1410,-1799,-4.709771,-0.058872
17.1510,-1797,-4.704535,-0.058807
17.1610,-1794,-4.696681,-0.058709
17.1710,-1790,-4.686209,-0.058578
17.1810,-1787,-4.678355,-0.058479
17.1910,-1786,-4.675737,-0.058447
17.2010,-1786,-4.675737,-0.058447
17.2110,-1787,-4.678355,-0.058479
17.2210,-1789,-4.683591,-0.058545
17.2310,-1792,-4.691445,-0.058643
17.2410,-1795,-4.699299,-0.058741
17.2510,-1797,-4.704535,-0.058807
17.2610,-1798,-4.707153,-0.058839
17.2710,-1798,-4.707153,-0.058839
17.2810,-1797,-4.704535,-0.058807
17.2910,-1794,-4.696681,-0.058709
17.3010,-1793,-4.694063,-0.058676
17.3110,-1791,-4.688827,-0.058610
17.3210,-1790,-4.686209,-0.058578
17.3310,-1790,-4.686209,-0.058578
17.3410,-1791,-4.688827,-0.058610
17.3510,-1793,-4.694063,-0.058676
17.3610,-1795,-4.699299,-0.058741
17.3720,-1797,-4.704535,-0.058807
17.3810,-1798,-4.707153,-0.058839
17.3910,-1799,-4.709771,-0.058872
17.4010,-1799,-4.709771,-0.058872
17.4110,-1799,-4.709771,-0.058872
17.4210,-1799,-4.709771,-0.058872
17.4310,-1797,-4.704535,-0.058807
17.4410,-1796,-4.701917,-0.058774
17.4510,-1796,-4.701917,-0.058774
17.4610,-1797,-4.704535,-0.058807
17.4710,-1798,-4.707153,-0.058839
17.4810,-1799,-4.709771,-0.058872
17.4910,-1800,-4.712389,-0.058905
17.5010,-1801,-4.715007,-0.058938
17.5110,-1802,-4.717625,-0.058970
17.5210,-1803,-4.720243,-0.059003
17.5310,-1804,-4.722861,-0.059036
17.5410,-1804,-4.722861,-0.059036
17.5510,-1803,-4.720243,-0.059003
17.5610,-1803,-4.720243,-0.059003
17.5710,-1803,-4.720243,-0.059003
17.5810,-1803,-4.720243,-0.059003
17.5910,-1803,-4.720243,-0.059003
17.6010,-1803,-4.720243,-0.059003
17.6110,-1804,-4.722861,-0.059036
17.6210,-1805,-4.725479,-0.059068
17.6310,-1807,-4.730715,-0.059134
17.6410,-1808,-4.733333,-0.059167
17.6510,-1809,-4.735951,-0.059199
17.6610,-1809,-4.735951,-0.059199
17.6710,-1810,-4.738569,-0.059232
17.6810,-1810,-4.738569,-0.059232
17.6910,-1811,-4.741187,-0.059265
17.7010,-1811,-4.741187,-0.059265
17.7110,-1811,-4.741187,-0.059265
17.7210,-1810,-4.738569,-0.059232
17.7310,-1811,-4.741187,-0.059265
17.7410,-1813,-4.746423,-0.059330
17.7510,-1814,-4.749041,-0.059363
17.7610,-1816,-4.754277,-0.059428
17.7710,-1818,-4.759513,-0.059494
17.7810,-1820,-4.764749,-0.059559
17.7910,-1822,-4.769985,-0.059625
17.8010,-1824,-4.775221,-0.059690
17.8110,-1826,-4.780457,-0.059756
17.8210,-1827,-4.783075,-0.059788
17.8310,-1828,-4.785693,-0.059821
17.8410,-1829,-4.788311,-0.059854
17.8510,-1830,-4.790929,-0.059887
17.8610,-1831,-4.793547,-0.059919
17.8710,-1832,-4.796165,-0.059952
17.8810,-1832,-4.796165,-0.059952
17.8910,-1833,-4.798783,-0.059985
17.9010,-1834,-4.801401,-0.060018
17.9110,-1836,-4.806637,-0.060083
17.9210,-1836,-4.806637,-0.060083
17.9310,-1837,-4.809255,-0.060116
17.9410,-1838,-4.811873,-0.060148
17.9510,-1841,-4.819727,-0.060247
17.9610,-1844,-4.827581,-0.060345
17.9710,-1847,-4.835435,-0.060443
17.9810,-1851,-4.845907,-0.060574
17.9910,-1857,-4.861615,-0.060770
18.0010,-1862,-4.874704,-0.060934
18.0120,-1869,-4.893031,-0.061163
18.0210,-1877,-4.913975,-0.061425
18.0310,-1889,-4.945391,-0.061817
18.0410,-1907,-4.992515,-0.062406
18.0510,-1926,-5.042256,-0.063028
18.0610,-1948,-5.099852,-0.063748
18.0710,-1976,-5.173156,-0.064664
18.0810,-2011,-5.264786,-0.065810
18.0910,-2055,-5.379978,-0.067250
18.1010,-2092,-5.476843,-0.068461
18.1110,-2133,-5.584181,-0.069802
18.1210,-2178,-5.701991,-0.071275
18.1310,-2217,-5.804092,-0.072551
18.1410,-2249,-5.887868,-0.073598
18.1510,-2278,-5.963790,-0.074547
18.1610,-2303,-6.029240,-0.075366
18.1710,-2319,-6.071128,-0.075889
18.1810,-2326,-6.089454,-0.076118
18.1910,-2328,-6.094690,-0.076184
18.2010,-2327,-6.092072,-0.076151
18.2110,-2324,-6.084218,-0.076053
18.2210,-2321,-6.076364,-0.075955
18.2310,-2320,-6.073746,-0.075922
18.2410,-2319,-6.071128,-0.075889
18.2510,-2321,-6.076364,-0.075955
18.2610,-2324,-6.084218,-0.076053
18.2710,-2330,-6.099926,-0.076249
18.2810,-2338,-6.120870,-0.076511
18.2910,-2348,-6.147050,-0.076838
18.3010,-2358,-6.173230,-0.077165
18.3110,-2366,-6.194174,-0.077427
18.3210,-2375,-6.217735,-0.077722
18.3310,-2383,-6.238679,-0.077983
18.3410,-2392,-6.262241,-0.078278
18.3510,-2401,-6.285803,-0.078573
18.3610,-2412,-6.314601,-0.078933
18.3710,-2426,-6.351253,-0.079391
18.3810,-2445,-6.400995,-0.080012
18.3910,-2464,-6.450737,-0.080634
18.4010,-2483,-6.500479,-0.081256
18.4110,-2506,-6.560693,-0.082009
18.4210,-2528,-6.618288,-0.082729
18.4310,-2547,-6.668030,-0.083350
18.4410,-2562,-6.707301,-0.083841
18.4510,-2575,-6.741334,-0.084267
18.4610,-2584,-6.764897,-0.084561
18.4710,-2592,-6.785840,-0.084823
18.4810,-2598,-6.801548,-0.085019
18.4910,-2605,-6.819874,-0.085248
18.5010,-2613,-6.840818,-0.085510
18.5110,-2623,-6.866998,-0.085837
18.5210,-2634,-6.895796,-0.086197
18.5310,-2646,-6.927212,-0.086590
18.5410,-2665,-6.976954,-0.087212
18.5510,-2684,-7.026696,-0.087834
18.5610,-2702,-7.073820,-0.088423
18.5710,-2717,-7.113090,-0.088914
18.5810,-2733,-7.154977,-0.089437
18.5910,-2753,-7.207337,-0.090092
18.6010,-2776,-7.267551,-0.090844
18.6110,-2800,-7.330383,-0.091630
18.6210,-2830,-7.408923,-0.092612
18.6310,-2857,-7.479609,-0.093495
18.6410,-2879,-7.537204,-0.094215
18.6520,-2906,-7.607890,-0.095099
18.6610,-2936,-7.686430,-0.096080
18.6710,-2965,-7.762352,-0.097029
18.6810,-2985,-7.814712,-0.097684
18.6910,-2998,-7.848745,-0.098109
18.7010,-3005,-7.867072,-0.098338
18.7110,-3006,-7.869690,-0.098371
18.7210,-3003,-7.861836,-0.098273
18.7310,-2996,-7.843510,-0.098044
18.7410,-2988,-7.822566,-0.097782
18.7510,-2980,-7.801622,-0.097520
18.7610,-2975,-7.788532,-0.097357
18.7710,-2974,-7.785913,-0.097324
18.7810,-2974,-7.785913,-0.097324
18.7910,-2979,-7.799004,-0.097488
18.8010,-2987,-7.819948,-0.097749
18.8110,-2998,-7.848745,-0.098109
18.8210,-3008,-7.874926,-0.098437
18.8310,-3017,-7.898488,-0.098731
18.8410,-3026,-7.922050,-0.099026
18.8510,-3033,-7.940375,-0.099255
18.8610,-3041,-7.961319,-0.099516
18.8710,-3051,-7.987500,-0.099844
18.8810,-3068,-8.032006,-0.100400
18.8910,-3087,-8.081748,-0.101022
18.9010,-3107,-8.134108,-0.101676
18.9110,-3128,-8.189085,-0.102364
18.9210,-3156,-8.262390,-0.103280
18.9310,-3189,-8.348783,-0.104360
18.9410,-3223,-8.437794,-0.105472
18.9510,-3254,-8.518953,-0.106487
18.9610,-3287,-8.605347,-0.107567
18.9710,-3318,-8.686505,-0.108581
18.9810,-3347,-8.762426,-0.109530
18.9910,-3373,-8.830493,-0.110381
19.0010,-3391,-8.877618,-0.110970
19.0110,-3405,-8.914270,-0.111428
19.0210,-3415,-8.940450,-0.111756
19.0310,-3423,-8.961394,-0.112017
19.0410,-3429,-8.977102,-0.112214
19.0510,-3436,-8.995428,-0.112443
19.0610,-3441,-9.008518,-0.112606
19.0710,-3446,-9.021608,-0.112770
19.0810,-3452,-9.037316,-0.112966
19.0910,-3462,-9.063495,-0.113294
19.1010,-3474,-9.094911,-0.113686
19.1110,-3487,-9.128945,-0.114112
19.1210,-3498,-9.157743,-0.114472
19.1310,-3511,-9.191777,-0.114897
19.1410,-3523,-9.223193,-0.115290
19.1510,-3534,-9.251991,-0.115650
19.1610,-3544,-9.278171,-0.115977
19.1710,-3550,-9.293879,-0.116173
19.1810,-3553,-9.301733,-0.116272
19.1910,-3554,-9.304350,-0.116304
19.2010,-3555,-9.306969,-0.116337
19.2110,-3555,-9.306969,-0.116337
19.2210,-3555,-9.306969,-0.116337
19.2310,-3558,-9.314823,-0.116435
19.2410,-3562,-9.325295,-0.116566
19.2510,-3567,-9.338385,-0.116730
19.2610,-3574,-9.356711,-0.116959
19.2710,-3584,-9.382891,-0.117286
19.2810,-3594,-9.409070,-0.117613
19.2920,-3608,-9.445723,-0.118072
19.3010,-3624,-9.487610,-0.118595
19.3110,-3643,-9.537352,-0.119217
19.3210,-3665,-9.594948,-0.119937
19.3310,-3690,-9.660398,-0.120755
19.3410,-3719,-9.736320,-0.121704
19.3510,-3759,-9.841039,-0.123013
19.3610,-3801,-9.950996,-0.124387
19.3710,-3843,-10.060952,-0.125762
19.3810,-3879,-10.155200,-0.126940
19.3910,-3923,-10.270391,-0.128380
19.4010,-3967,-10.385582,-0.129820
19.4110,-4013,-10.506011,-0.131325
19.4210,-4048,-10.597640,-0.132470
19.4310,-4081,-10.684034,-0.133550
19.4410,-4106,-10.749484,-0.134369
19.4510,-4119,-10.783517,-0.134794
19.4610,-4126,-10.801843,-0.135023
19.4710,-4128,-10.807080,-0.135088
19.4810,-4128,-10.807080,-0.135088
19.4910,-4125,-10.799225,-0.134990
19.5010,-4119,-10.783517,-0.134794
19.5110,-4114,-10.770427,-0.134630
19.5210,-4110,-10.759956,-0.134499
19.5310,-4109,-10.757338,-0.134467
19.5410,-4110,-10.759956,-0.134499
19.5510,-4113,-10.767809,-0.134598
19.5610,-4119,-10.783517,-0.134794
19.5710,-4126,-10.801843,-0.135023
19.5810,-4134,-10.822787,-0.135285
19.5910,-4141,-10.841114,-0.135514
19.6010,-4146,-10.854203,-0.135678
19.6110,-4150,-10.864675,-0.135808
19.6210,-4153,-10.872529,-0.135907
19.6310,-4154,-10.875147,-0.135939
19.6410,-4153,-10.872529,-0.135907
19.6510,-4152,-10.869912,-0.135874
19.6610,-4151,-10.867294,-0.135841
19.6710,-4151,-10.867294,-0.135841
19.6810,-4151,-10.867294,-0.135841
19.6910,-4152,-10.869912,-0.135874
19.7010,-4153,-10.872529,-0.135907
19.7110,-4154,-10.875147,-0.135939
19.7210,-4156,-10.880383,-0.136005
19.7310,-4157,-10.883001,-0.136038
19.7410,-4158,-10.885619,-0.136070
19.7510,-4158,-10.885619,-0.136070
19.7610,-4158,-10.885619,-0.136070
19.7710,-4158,-10.885619,-0.136070
19.7810,-4157,-10.883001,-0.136038
19.7910,-4156,-10.880383,-0.136005
19.8010,-4156,-10.880383,-0.136005
19.8110,-4156,-10.880383,-0.136005
19.8210,-4156,-10.880383,-0.136005
19.8310,-4157,-10.883001,-0.136038
19.8410,-4158,-10.885619,-0.136070
19.8510,-4159,-10.888237,-0.136103
19.8610,-4160,-10.890855,-0.136136
19.8710,-4160,-10.890855,-0.136136
19.8810,-4161,-10.893473,-0.136168
19.8910,-4161,-10.893473,-0.136168
19.9010,-4161,-10.893473,-0.136168
19.9110,-4161,-10.893473,-0.136168
19.9210,-4160,-10.890855,-0.136136
19.9320,-4160,-10.890855,-0.136136
19.9410,-4160,-10.890855,-0.136136
19.9510,-4160,-10.890855,-0.136136
19.9610,-4160,-10.890855,-0.136136
19.9710,-4161,-10.893473,-0.136168
19.9810,-4161,-10.893473,-0.136168
19.9910,-4162,-10.896091,-0.136201
20.0010,-4163,-10.898710,-0.136234
20.0110,-4163,-10.898710,-0.136234
20.0210,-4163,-10.898710,-0.136234
20.0310,-4163,-10.898710,-0.136234
20.0410,-4163,-10.898710,-0.136234
20.0510,-4163,-10.898710,-0.136234
20.0610,-4162,-10.896091,-0.136201
20.0710,-4162,-10.896091,-0.136201
20.0810,-4162,-10.896091,-0.136201
20.0910,-4162,-10.896091,-0.136201
20.1010,-4163,-10.898710,-0.136234
20.1110,-4163,-10.898710,-0.136234
20.1210,-4164,-10.901328,-0.136267
20.1310,-4164,-10.901328,-0.136267
20.1410,-4164,-10.901328,-0.136267
20.1510,-4164,-10.901328,-0.136267
20.1610,-4164,-10.901328,-0.136267
20.1710,-4164,-10.901328,-0.136267
20.1810,-4164,-10.901328,-0.136267
20.1910,-4164,-10.901328,-0.136267
20.2010,-4164,-10.901328,-0.136267
20.2110,-4164,-10.901328,-0.136267
20.2210,-4164,-10.901328,-0.136267
20.2310,-4164,-10.901328,-0.136267
20.2410,-4164,-10.901328,-0.136267
20.2510,-4165,-10.903945,-0.136299
20.2610,-4165,-10.903945,-0.136299
20.2710,-4165,-10.903945,-0.136299
20.2810,-4166,-10.906563,-0.136332
20.2910,-4166,-10.906563,-0.136332
20.3010,-4165,-10.903945,-0.136299
20.3110,-4165,-10.903945,-0.136299
20.3210,-4165,-10.903945,-0.136299
20.3310,-4165,-10.903945,-0.136299
20.3410,-4165,-10.903945,-0.136299
20.3510,-4165,-10.903945,-0.136299
20.3610,-4166,-10.906563,-0.136332
20.3710,-4166,-10.906563,-0.136332
20.3810,-4166,-10.906563,-0.136332
20.3910,-4166,-10.906563,-0.136332
20.4010,-4166,-10.906563,-0.136332
20.4110,-4166,-10.906563,-0.136332
20.4210,-4167,-10.909181,-0.136365
20.4310,-4167,-10.909181,-0.136365
20.4410,-4167,-10.909181,-0.136365
20.4510,-4167,-10.909181,-0.136365
20.4610,-4167,-10.909181,-0.136365
20.4710,-4167,-10.909181,-0.136365
20.4810,-4167,-10.909181,-0.136365
20.4910,-4167,-10.909181,-0.136365
20.5010,-4167,-10.909181,-0.136365
20.5110,-4167,-10.909181,-0.136365
20.5210,-4168,-10.911799,-0.136397
20.5310,-4168,-10.911799,-0.136397
20.5410,-4168,-10.911799,-0.136397
20.5510,-4168,-10.911799,-0.136397
20.5610,-4168,-10.911799,-0.136397
20.5720,-4168,-10.911799,-0.136397
20.5810,-4168,-10.911799,-0.136397
20.5910,-4168,-10.911799,-0.136397
20.6010,-4168,-10.911799,-0.136397
20.6110,-4168,-10.911799,-0.136397
20.6210,-4168,-10.911799,-0.136397
20.6310,-4168,-10.911799,-0.136397
20.6410,-4168,-10.911799,-0.136397
20.6510,-4168,-10.911799,-0.136397
20.6610,-4169,-10.914417,-0.136430
20.6710,-4169,-10.914417,-0.136430
20.6810,-4169,-10.914417,-0.136430
20.6910,-4169,-10.914417,-0.136430
20.7010,-4169,-10.914417,-0.136430
20.7110,-4169,-10.914417,-0.136430
20.7210,-4169,-10.914417,-0.136430
20.7310,-4169,-10.914417,-0.136430
20.7410,-4169,-10.914417,-0.136430
20.7510,-4169,-10.914417,-0.136430
20.7610,-4169,-10.914417,-0.136430
20.7710,-4169,-10.914417,-0.136430
20.7810,-4170,-10.917035,-0.136463
20.7910,-4170,-10.917035,-0.136463
20.8010,-4170,-10.917035,-0.136463
20.8110,-4170,-10.917035,-0.136463
20.8210,-4170,-10.917035,-0.136463
20.8310,-4170,-10.917035,-0.136463
20.8410,-4170,-10.917035,-0.136463
20.8510,-4170,-10.917035,-0.136463
20.8610,-4170,-10.917035,-0.136463
20.8710,-4170,-10.917035,-0.136463
20.8810,-4170,-10.917035,-0.136463
20.8910,-4170,-10.917035,-0.136463
20.9010,-4170,-10.917035,-0.136463
20.9110,-4170,-10.917035,-0.136463
20.9210,-4171,-10.919653,-0.136496
20.9310,-4171,-10.919653,-0.136496
20.9410,-4171,-10.919653,-0.136496
20.9510,-4171,-10.919653,-0.136496
20.9610,-4171,-10.919653,-0.136496
20.9710,-4171,-10.919653,-0.136496
20.9810,-4171,-10.919653,-0.136496
20.9910,-4171,-10.919653,-0.136496
21.0010,-4171,-10.919653,-0.136496
21.0110,-4171,-10.919653,-0.136496
21.0210,-4171,-10.919653,-0.136496
21.0310,-4171,-10.919653,-0.136496
21.0410,-4171,-10.919653,-0.136496
21.0510,-4171,-10.919653,-0.136496
21.0610,-4172,-10.922271,-0.136528
21.0710,-4172,-10.922271,-0.136528
21.0810,-4172,-10.922271,-0.136528
21.0910,-4172,-10.922271,-0.136528
21.1010,-4172,-10.922271,-0.136528
21.1110,-4172,-10.922271,-0.136528
21.1210,-4172,-10.922271,-0.136528
21.1310,-4172,-10.922271,-0.136528
21.1410,-4172,-10.922271,-0.136528
21.1510,-4172,-10.922271,-0.136528
21.1610,-4172,-10.922271,-0.136528
21.1710,-4172,-10.922271,-0.136528
21.1810,-4172,-10.922271,-0.136528
21.1910,-4172,-10.922271,-0.136528
21.2010,-4172,-10.922271,-0.136528
21.2120,-4173,-10.924889,-0.136561
21.2210,-4173,-10.924889,-0.136561
21.2310,-4173,-10.924889,-0.136561
21.2410,-4173,-10.924889,-0.136561
21.2510,-4173,-10.924889,-0.136561
21.2610,-4173,-10.924889,-0.136561
21.2710,-4173,-10.924889,-0.136561
21.2810,-4173,-10.924889,-0.136561
21.2910,-4173,-10.924889,-0.136561
21.3010,-4173,-10.924889,-0.136561
21.3110,-4173,-10.924889,-0.136561
21.3210,-4173,-10.924889,-0.136561
21.3310,-4173,-10.924889,-0.136561
21.3410,-4173,-10.924889,-0.136561
21.3510,-4173,-10.924889,-0.136561
21.3610,-4173,-10.924889,-0.136561
21.3710,-4173,-10.924889,-0.136561
21.3810,-4174,-10.927507,-0.136594
21.3910,-4174,-10.927507,-0.136594
21.4010,-4174,-10.927507,-0.136594
21.4110,-4174,-10.927507,-0.136594
21.4210,-4174,-10.927507,-0.136594
21.4310,-4174,-10.927507,-0.136594
21.4410,-4174,-10.927507,-0.136594
21.4510,-4174,-10.927507,-0.136594
21.4610,-4174,-10.927507,-0.136594
21.4710,-4174,-10.927507,-0.136594
21.4810,-4174,-10.927507,-0.136594
21.4910,-4174,-10.927507,-0.136594
21.5010,-4174,-10.927507,-0.136594
21.5110,-4174,-10.927507,-0.136594
21.5210,-4174,-10.927507,-0.136594
21.5310,-4174,-10.927507,-0.136594
21.5410,-4174,-10.927507,-0.136594
21.5510,-4174,-10.927507,-0.136594
21.5610,-4174,-10.927507,-0.136594
21.5710,-4174,-10.927507,-0.136594
21.5810,-4174,-10.927507,-0.136594
21.5910,-4174,-10.927507,-0.136594
21.6010,-4175,-10.930126,-0.136627
21.6110,-4175,-10.930126,-0.136627
21.6210,-4175,-10.930126,-0.136627
21.6310,-4175,-10.930126,-0.136627
21.6410,-4175,-10.930126,-0.136627
21.6510,-4175,-10.930126,-0.136627
21.6610,-4175,-10.930126,-0.136627
21.6710,-4175,-10.930126,-0.136627
21.6810,-4175,-10.930126,-0.136627
21.6910,-4175,-10.930126,-0.136627
21.7010,-4175,-10.930126,-0.136627
21.7110,-4175,-10.930126,-0.136627
21.7210,-4175,-10.930126,-0.136627
21.7310,-4175,-10.930126,-0.136627
21.7410,-4175,-10.930126,-0.136627
21.7510,-4175,-10.930126,-0.136627
21.7610,-4175,-10.930126,-0.136627
21.7710,-4175,-10.930126,-0.136627
21.7810,-4176,-10.932744,-0.136659
21.7910,-4176,-10.932744,-0.136659
21.8010,-4176,-10.932744,-0.136659
21.8110,-4176,-10.932744,-0.136659
21.8210,-4176,-10.932744,-0.136659
21.8310,-4176,-10.932744,-0.136659
21.8410,-4176,-10.932744,-0.136659
21.8520,-4176,-10.932744,-0.136659
21.8610,-4176,-10.932744,-0.136659
21.8710,-4176,-10.932744,-0.136659
21.8810,-4176,-10.932744,-0.136659
21.8910,-4176,-10.932744,-0.136659
21.9010,-4176,-10.932744,-0.136659
21.9110,-4176,-10.932744,-0.136659
21.9210,-4176,-10.932744,-0.136659
21.9310,-4176,-10.932744,-0.136659
21.9410,-4176,-10.932744,-0.136659
21.9510,-4176,-10.932744,-0.136659
21.9610,-4176,-10.932744,-0.136659
21.9710,-4176,-10.932744,-0.136659
21.9810,-4177,-10.935361,-0.136692
21.9910,-4177,-10.935361,-0.136692
22.0010,-4177,-10.935361,-0.136692
22.0110,-4177,-10.935361,-0.136692
22.0210,-4177,-10.935361,-0.136692
22.0310,-4177,-10.935361,-0.136692
22.0410,-4177,-10.935361,-0.136692
22.0510,-4177,-10.935361,-0.136692
22.0610,-4177,-10.935361,-0.136692
22.0710,-4177,-10.935361,-0.136692
22.0810,-4177,-10.935361,-0.136692
22.0910,-4177,-10.935361,-0.136692
22.1010,-4177,-10.935361,-0.136692
22.1110,-4177,-10.935361,-0.136692
22.1210,-4177,-10.935361,-0.136692
22.1310,-4177,-10.935361,-0.136692
22.1410,-4177,-10.935361,-0.136692
22.1510,-4177,-10.935361,-0.136692
22.1610,-4177,-10.935361,-0.136692
22.1710,-4177,-10.935361,-0.136692
22.1810,-4177,-10.935361,-0.136692
22.1910,-4178,-10.937979,-0.136725
22.2010,-4178,-10.937979,-0.136725
22.2110,-4178,-10.937979,-0.136725
22.2210,-4178,-10.937979,-0.136725
22.2310,-4178,-10.937979,-0.136725
22.2410,-4178,-10.937979,-0.136725
22.2510,-4178,-10.937979,-0.136725
22.2610,-4178,-10.937979,-0.136725
22.2710,-4178,-10.937979,-0.136725
22.2810,-4178,-10.937979,-0.136725
22.2910,-4178,-10.937979,-0.136725
22.3010,-4178,-10.937979,-0.136725
22.3110,-4178,-10.937979,-0.136725
22.3210,-4178,-10.937979,-0.136725
22.3310,-4178,-10.937979,-0.136725
22.3410,-4178,-10.937979,-0.136725
22.3510,-4178,-10.937979,-0.136725
22.3610,-4178,-10.937979,-0.136725
22.3710,-4178,-10.937979,-0.136725
22.3810,-4178,-10.937979,-0.136725
22.3910,-4178,-10.937979,-0.136725
22.4010,-4178,-10.937979,-0.136725
22.4110,-4179,-10.940597,-0.136757
22.4210,-4179,-10.940597,-0.136757
22.4310,-4179,-10.940597,-0.136757
22.4410,-4179,-10.940597,-0.136757
22.4510,-4179,-10.940597,-0.136757
22.4610,-4179,-10.940597,-0.136757
22.4710,-4179,-10.940597,-0.136757
22.4810,-4179,-10.940597,-0.136757
22.4920,-4179,-10.940597,-0.136757
22.5010,-4179,-10.940597,-0.136757
22.5110,-4179,-10.940597,-0.136757
22.5210,-4179,-10.940597,-0.136757
22.5310,-4179,-10.940597,-0.136757
22.5410,-4179,-10.940597,-0.136757
22.5510,-4179,-10.940597,-0.136757
22.5610,-4179,-10.940597,-0.136757
22.5710,-4179,-10.940597,-0.136757
22.5810,-4179,-10.940597,-0.136757
22.5910,-4179,-10.940597,-0.136757
22.6010,-4180,-10.943215,-0.136790
22.6110,-4180,-10.943215,-0.136790
22.6210,-4180,-10.943215,-0.136790
22.6310,-4180,-10.943215,-0.136790
22.6410,-4180,-10.943215,-0.136790
22.6510,-4180,-10.943215,-0.136790
22.6610,-4180,-10.943215,-0.136790
22.6710,-4180,-10.943215,-0.136790
22.6810,-4180,-10.943215,-0.136790
22.6910,-4181,-10.945833,-0.136823
22.7010,-4181,-10.945833,-0.136823
22.7110,-4181,-10.945833,-0.136823
22.7210,-4181,-10.945833,-0.136823
22.7310,-4182,-10.948451,-0.136856
22.7410,-4182,-10.948451,-0.136856
22.7510,-4182,-10.948451,-0.136856
22.7610,-4182,-10.948451,-0.136856
22.7710,-4182,-10.948451,-0.136856
22.7810,-4182,-10.948451,-0.136856
22.7910,-4182,-10.948451,-0.136856
22.8010,-4182,-10.948451,-0.136856
22.8110,-4185,-10.956305,-0.136954
22.8210,-4189,-10.966777,-0.137085
22.8310,-4194,-10.979866,-0.137248
22.8410,-4201,-10.998193,-0.137477
22.8510,-4212,-11.026991,-0.137837
22.8610,-4226,-11.063643,-0.138296
22.8710,-4242,-11.105531,-0.138819
22.8810,-4255,-11.139565,-0.139245
22.8910,-4274,-11.189307,-0.139866
22.9010,-4297,-11.249521,-0.140619
22.9110,-4325,-11.322825,-0.141535
22.9210,-4357,-11.406600,-0.142583
22.9310,-4387,-11.485139,-0.143564
22.9410,-4409,-11.542736,-0.144284
22.9510,-4432,-11.602950,-0.145037
22.9610,-4455,-11.663164,-0.145790
22.9710,-4483,-11.736468,-0.146706
22.9810,-4509,-11.804535,-0.147557
22.9910,-4529,-11.856895,-0.148211
23.0010,-4551,-11.914491,-0.148931
23.0110,-4571,-11.966851,-0.149586
23.0210,-4591,-12.019210,-0.150240
23.0310,-4612,-12.074189,-0.150927
23.0410,-4639,-12.144874,-0.151811
23.0510,-4668,-12.220796,-0.152760
23.0610,-4696,-12.294100,-0.153676
23.0710,-4722,-12.362168,-0.154527
23.0810,-4750,-12.435471,-0.155443
23.0910,-4770,-12.487832,-0.156098
23.1010,-4786,-12.529719,-0.156621
23.1110,-4798,-12.561135,-0.157014
23.1210,-4805,-12.579462,-0.157243
23.1320,-4808,-12.587315,-0.157341
23.1410,-4808,-12.587315,-0.157341
23.1510,-4803,-12.574226,-0.157178
23.1610,-4797,-12.558517,-0.156981
23.1710,-4792,-12.545428,-0.156818
23.1810,-4789,-12.537573,-0.156720
23.1910,-4788,-12.534955,-0.156687
23.2010,-4789,-12.537573,-0.156720
23.2110,-4794,-12.550663,-0.156883
23.2210,-4798,-12.561135,-0.157014
23.2310,-4804,-12.576844,-0.157211
23.2410,-4810,-12.592551,-0.157407
23.2510,-4813,-12.600405,-0.157505
23.2610,-4815,-12.605641,-0.157571
23.2710,-4815,-12.605641,-0.157571
23.2810,-4813,-12.600405,-0.157505
23.2910,-4809,-12.589934,-0.157374
23.3010,-4805,-12.579462,-0.157243
23.3110,-4802,-12.571607,-0.157145
23.3210,-4800,-12.566371,-0.157080
23.3310,-4800,-12.566371,-0.157080
23.3410,-4801,-12.568990,-0.157112
23.3510,-4803,-12.574226,-0.157178
23.3610,-4806,-12.582079,-0.157276
23.3710,-4810,-12.592551,-0.157407
23.3810,-4813,-12.600405,-0.157505
23.3910,-4815,-12.605641,-0.157571
23.4010,-4815,-12.605641,-0.157571
23.4110,-4815,-12.605641,-0.157571
23.4210,-4814,-12.603024,-0.157538
23.4310,-4812,-12.597788,-0.157472
23.4410,-4810,-12.592551,-0.157407
23.4510,-4808,-12.587315,-0.157341
23.4610,-4807,-12.584697,-0.157309
23.4710,-4807,-12.584697,-0.157309
23.4810,-4808,-12.587315,-0.157341
23.4910,-4810,-12.592551,-0.157407
23.5010,-4812,-12.597788,-0.157472
23.5110,-4814,-12.603024,-0.157538
23.5210,-4816,-12.608260,-0.157603
23.5310,-4817,-12.610877,-0.157636
23.5410,-4817,-12.610877,-0.157636
23.5510,-4816,-12.608260,-0.157603
23.5610,-4816,-12.608260,-0.157603
23.5710,-4814,-12.603024,-0.157538
23.5810,-4813,-12.600405,-0.157505
23.5910,-4812,-12.597788,-0.157472
23.6010,-4812,-12.597788,-0.157472
23.6110,-4812,-12.597788,-0.157472
23.6210,-4813,-12.600405,-0.157505
23.6310,-4814,-12.603024,-0.157538
23.6410,-4816,-12.608260,-0.157603
23.6510,-4817,-12.610877,-0.157636
23.6610,-4817,-12.610877,-0.157636
23.6710,-4818,-12.613495,-0.157669
23.6810,-4818,-12.613495,-0.157669
23.6910,-4818,-12.613495,-0.157669
23.7010,-4817,-12.610877,-0.157636
23.7110,-4816,-12.608260,-0.157603
23.7210,-4815,-12.605641,-0.157571
23.7310,-4814,-12.603024,-0.157538
23.7410,-4814,-12.603024,-0.157538
23.7510,-4815,-12.605641,-0.157571
23.7610,-4815,-12.605641,-0.157571
23.7720,-4817,-12.610877,-0.157636
23.7810,-4817,-12.610877,-0.157636
23.7910,-4818,-12.613495,-0.157669
23.8010,-4818,-12.613495,-0.157669
23.8110,-4819,-12.616113,-0.157701
23.8210,-4818,-12.613495,-0.157669
23.8310,-4818,-12.613495,-0.157669
23.8410,-4817,-12.610877,-0.157636
23.8510,-4817,-12.610877,-0.157636
23.8610,-4817,-12.610877,-0.157636
23.8710,-4817,-12.610877,-0.157636
23.8810,-4817,-12.610877,-0.157636
23.8910,-4817,-12.610877,-0.157636
23.9010,-4818,-12.613495,-0.157669
23.9110,-4819,-12.616113,-0.157701
23.9210,-4819,-12.616113,-0.157701
23.9310,-4820,-12.618732,-0.157734
23.9410,-4820,-12.618732,-0.157734
23.9510,-4820,-12.618732,-0.157734
23.9610,-4820,-12.618732,-0.157734
23.9710,-4819,-12.616113,-0.157701
23.9810,-4819,-12.616113,-0.157701
23.9910,-4819,-12.616113,-0.157701
24.0010,-4819,-12.616113,-0.157701
24.0110,-4819,-12.616113,-0.157701
24.0210,-4820,-12.618732,-0.157734
24.0310,-4820,-12.618732,-0.157734
24.0410,-4821,-12.621349,-0.157767
24.0510,-4821,-12.621349,-0.157767
24.0610,-4821,-12.621349,-0.157767
24.0710,-4822,-12.623968,-0.157800
24.0810,-4822,-12.623968,-0.157800
24.0910,-4822,-12.623968,-0.157800
24.1010,-4822,-12.623968,-0.157800
24.1110,-4822,-12.623968,-0.157800
24.1210,-4822,-12.623968,-0.157800
24.1310,-4822,-12.623968,-0.157800
24.1410,-4822,-12.623968,-0.157800
24.1510,-4822,-12.623968,-0.157800
24.1610,-4822,-12.623968,-0.157800
24.1710,-4822,-12.623968,-0.157800
24.1810,-4825,-12.631822,-0.157898
24.1910,-4828,-12.639676,-0.157996
24.2010,-4830,-12.644911,-0.158061
24.2110,-4831,-12.647528,-0.158094
24.2210,-4832,-12.650147,-0.158127
24.2310,-4834,-12.655383,-0.158192
24.2410,-4835,-12.658001,-0.158225
24.2510,-4836,-12.660620,-0.158258
24.2610,-4836,-12.660620,-0.158258
24.2710,-4836,-12.660620,-0.158258
24.2810,-4835,-12.658001,-0.158225
24.2910,-4835,-12.658001,-0.158225
24.3010,-4835,-12.658001,-0.158225
24.3110,-4835,-12.658001,-0.158225
24.3210,-4835,-12.658001,-0.158225
24.3310,-4836,-12.660620,-0.158258
24.3410,-4836,-12.660620,-0.158258
24.3510,-4837,-12.663237,-0.158290
24.3610,-4838,-12.665856,-0.158323
24.3710,-4839,-12.668473,-0.158356
24.3810,-4839,-12.668473,-0.158356
24.3910,-4840,-12.671092,-0.158389
24.4010,-4841,-12.673709,-0.158421
24.4120,-4841,-12.673709,-0.158421
24.4210,-4841,-12.673709,-0.158421
24.4310,-4842,-12.676326,-0.158454
24.4410,-4842,-12.676326,-0.158454
24.4510,-4843,-12.678945,-0.158487
24.4610,-4844,-12.681564,-0.158520
24.4710,-4844,-12.681564,-0.158520
24.4810,-4845,-12.684181,-0.158552
24.4910,-4846,-12.686800,-0.158585
24.5010,-4849,-12.694654,-0.158683
24.5110,-4851,-12.699890,-0.158749
24.5210,-4855,-12.710360,-0.158880
24.5310,-4862,-12.728687,-0.159109
24.5410,-4869,-12.747013,-0.159338
24.5510,-4884,-12.786283,-0.159829
24.5610,-4904,-12.838643,-0.160483
24.5710,-4925,-12.893620,-0.161170
24.5810,-4948,-12.953835,-0.161923
24.5910,-4970,-13.011431,-0.162643
24.6010,-4997,-13.082116,-0.163526
24.6110,-5025,-13.155420,-0.164443
24.6210,-5053,-13.228725,-0.165359
24.6310,-5081,-13.302027,-0.166275
24.6410,-5115,-13.391039,-0.167388
24.6510,-5154,-13.493142,-0.168664
24.6610,-5189,-13.584772,-0.169810
24.6710,-5220,-13.665928,-0.170824
24.6810,-5256,-13.760177,-0.172002
24.6910,-5297,-13.867514,-0.173344
24.7010,-5343,-13.987941,-0.174849
24.7110,-5386,-14.100516,-0.176256
24.7210,-5437,-14.234033,-0.177925
24.7310,-5492,-14.378024,-0.179725
24.7410,-5534,-14.487979,-0.181100
24.7510,-5574,-14.592699,-0.182409
24.7610,-5609,-14.684329,-0.183554
24.7710,-5639,-14.762868,-0.184536
24.7810,-5660,-14.817847,-0.185223
24.7910,-5674,-14.854498,-0.185681
24.8010,-5680,-14.870205,-0.185878
24.8110,-5681,-14.872824,-0.185910
24.8210,-5678,-14.864970,-0.185812
24.8310,-5671,-14.846645,-0.185583
24.8410,-5664,-14.828317,-0.185354
24.8510,-5659,-14.815228,-0.185190
24.8610,-5656,-14.807374,-0.185092
24.8710,-5656,-14.807374,-0.185092
24.8810,-5658,-14.812611,-0.185158
24.8910,-5663,-14.825700,-0.185321
24.9010,-5669,-14.841409,-0.185518
24.9110,-5676,-14.859734,-0.185747
24.9210,-5683,-14.878060,-0.185976
24.9310,-5689,-14.893768,-0.186172
24.9410,-5692,-14.901622,-0.186270
24.9510,-5693,-14.904241,-0.186303
24.9610,-5692,-14.901622,-0.186270
24.9710,-5689,-14.893768,-0.186172
24.9810,-5686,-14.885913,-0.186074
24.9910,-5683,-14.878060,-0.185976
25.0010,-5682,-14.875443,-0.185943
25.0110,-5681,-14.872824,-0.185910
25.0210,-5682,-14.875443,-0.185943
25.0310,-5683,-14.878060,-0.185976
25.0410,-5687,-14.888532,-0.186107
25.0520,-5691,-14.899003,-0.186238
25.0610,-5694,-14.906858,-0.186336
25.0710,-5696,-14.912094,-0.186401
25.0810,-5698,-14.917330,-0.186467
25.0910,-5698,-14.917330,-0.186467
25.1010,-5698,-14.917330,-0.186467
25.1110,-5696,-14.912094,-0.186401
25.1210,-5694,-14.906858,-0.186336
25.1310,-5692,-14.901622,-0.186270
25.1410,-5691,-14.899003,-0.186238
25.1510,-5691,-14.899003,-0.186238
25.1610,-5691,-14.899003,-0.186238
25.1710,-5692,-14.901622,-0.186270
25.1810,-5693,-14.904241,-0.186303
25.1910,-5695,-14.909476,-0.186368
25.2010,-5697,-14.914711,-0.186434
25.2110,-5699,-14.919947,-0.186499
25.2210,-5700,-14.922566,-0.186532
25.2310,-5700,-14.922566,-0.186532
25.2410,-5700,-14.922566,-0.186532
25.2510,-5699,-14.919947,-0.186499
25.2610,-5700,-14.922566,-0.186532
25.2710,-5700,-14.922566,-0.186532
25.2810,-5700,-14.922566,-0.186532
25.2910,-5701,-14.925185,-0.186565
25.3010,-5703,-14.930420,-0.186630
25.3110,-5704,-14.933038,-0.186663
25.3210,-5706,-14.938274,-0.186728
25.3310,-5708,-14.943510,-0.186794
25.3410,-5710,-14.948745,-0.186859
25.3510,-5710,-14.948745,-0.186859
25.3610,-5712,-14.953983,-0.186925
25.3710,-5712,-14.953983,-0.186925
25.3810,-5712,-14.953983,-0.186925
25.3910,-5711,-14.951364,-0.186892
25.4010,-5711,-14.951364,-0.186892
25.4110,-5711,-14.951364,-0.186892
25.4210,-5711,-14.951364,-0.186892
25.4310,-5711,-14.951364,-0.186892
25.4410,-5712,-14.953983,-0.186925
25.4510,-5713,-14.956600,-0.186958
25.4610,-5713,-14.956600,-0.186958
25.4710,-5715,-14.961835,-0.187023
25.4810,-5717,-14.967072,-0.187088
25.4910,-5718,-14.969690,-0.187121
25.5010,-5719,-14.972308,-0.187154
25.5110,-5719,-14.972308,-0.187154
25.5210,-5720,-14.974926,-0.187187
25.5310,-5720,-14.974926,-0.187187
25.5410,-5720,-14.974926,-0.187187
25.5510,-5721,-14.977543,-0.187219
25.5610,-5721,-14.977543,-0.187219
25.5710,-5721,-14.977543,-0.187219
25.5810,-5722,-14.980162,-0.187252
25.5910,-5722,-14.980162,-0.187252
25.6010,-5722,-14.980162,-0.187252
25.6110,-5722,-14.980162,-0.187252
25.6210,-5723,-14.982779,-0.187285
25.6310,-5723,-14.982779,-0.187285
25.6410,-5724,-14.985398,-0.187317
25.6510,-5724,-14.985398,-0.187317
25.6610,-5724,-14.985398,-0.187317
25.6710,-5724,-14.985398,-0.187317
25.6810,-5725,-14.988017,-0.187350
25.6920,-5726,-14.990633,-0.187383
25.7010,-5726,-14.990633,-0.187383
25.7110,-5729,-14.998488,-0.187481
25.7210,-5731,-15.003724,-0.187547
25.7310,-5733,-15.008960,-0.187612
25.7410,-5735,-15.014196,-0.187677
25.7510,-5738,-15.022050,-0.187776
25.7610,-5741,-15.029904,-0.187874
25.7710,-5743,-15.035140,-0.187939
25.7810,-5745,-15.040375,-0.188005
25.7910,-5748,-15.048230,-0.188103
25.8010,-5752,-15.058702,-0.188234
25.8110,-5756,-15.069173,-0.188365
25.8210,-5761,-15.082263,-0.188528
25.8310,-5767,-15.097971,-0.188725
25.8410,-5772,-15.111062,-0.188888
25.8510,-5777,-15.124151,-0.189052
25.8610,-5785,-15.145095,-0.189314
25.8710,-5795,-15.171277,-0.189641
25.8810,-5809,-15.207927,-0.190099
25.8910,-5822,-15.241961,-0.190525
25.9010,-5842,-15.294322,-0.191179
25.9110,-5864,-15.351918,-0.191899
25.9210,-5890,-15.419984,-0.192750
25.9310,-5918,-15.493289,-0.193666
25.9410,-5949,-15.574446,-0.194681
25.9510,-5980,-15.655604,-0.195695
25.9610,-6016,-15.749852,-0.196873
25.9710,-6057,-15.857191,-0.198215
25.9810,-6091,-15.946202,-0.199328
25.9910,-6118,-16.016887,-0.200211
26.0010,-6148,-16.095426,-0.201193
26.0110,-6171,-16.155639,-0.201945
26.0210,-6187,-16.197528,-0.202469
26.0310,-6197,-16.223707,-0.202796
26.0410,-6202,-16.236799,-0.202960
26.0510,-6203,-16.239416,-0.202993
26.0610,-6199,-16.228944,-0.202862
26.0710,-6194,-16.215854,-0.202698
26.0810,-6190,-16.205383,-0.202567
26.0910,-6186,-16.194911,-0.202436
26.1010,-6183,-16.187057,-0.202338
26.1110,-6182,-16.184438,-0.202305
26.1210,-6183,-16.187057,-0.202338
26.1310,-6186,-16.194911,-0.202436
26.1410,-6191,-16.208000,-0.202600
26.1510,-6196,-16.221090,-0.202764
26.1610,-6202,-16.236799,-0.202960
26.1710,-6210,-16.257743,-0.203222
26.1810,-6220,-16.283922,-0.203549
26.1910,-6226,-16.299631,-0.203745
26.2010,-6230,-16.310102,-0.203876
26.2110,-6233,-16.317956,-0.203974
26.2210,-6236,-16.325811,-0.204073
26.2310,-6239,-16.333663,-0.204171
26.2410,-6241,-16.338899,-0.204236
26.2510,-6243,-16.344135,-0.204302
26.2610,-6244,-16.346754,-0.204334
26.2710,-6245,-16.349372,-0.204367
26.2810,-6246,-16.351989,-0.204400
26.2910,-6248,-16.357225,-0.204465
26.3010,-6248,-16.357225,-0.204465
26.3110,-6249,-16.359844,-0.204498
26.3210,-6249,-16.359844,-0.204498
26.3320,-6252,-16.367698,-0.204596
26.3410,-6256,-16.378170,-0.204727
26.3510,-6263,-16.396495,-0.204956
26.3610,-6272,-16.420057,-0.205251
26.3710,-6284,-16.451473,-0.205643
26.3810,-6301,-16.495981,-0.206200
26.3910,-6326,-16.561429,-0.207018
26.4010,-6356,-16.639968,-0.208000
26.4110,-6383,-16.710655,-0.208883
26.4210,-6406,-16.770868,-0.209636
26.4310,-6430,-16.833700,-0.210421
26.4410,-6454,-16.896533,-0.211207
26.4510,-6475,-16.951511,-0.211894
26.4610,-6489,-16.988162,-0.212352
26.4710,-6501,-17.019578,-0.212745
26.4810,-6505,-17.030050,-0.212876
26.4910,-6506,-17.032669,-0.212908
26.5010,-6504,-17.027433,-0.212843
26.5110,-6500,-17.016960,-0.212712
26.5210,-6495,-17.003870,-0.212548
26.5310,-6492,-16.996015,-0.212450
26.5410,-6491,-16.993398,-0.212417
26.5510,-6492,-16.996015,-0.212450
26.5610,-6494,-17.001253,-0.212516
26.5710,-6499,-17.014343,-0.212679
26.5810,-6504,-17.027433,-0.212843
26.5910,-6509,-17.040523,-0.213007
26.6010,-6514,-17.053611,-0.213170
26.6110,-6516,-17.058847,-0.213236
26.6210,-6519,-17.066701,-0.213334
26.6310,-6520,-17.069320,-0.213367
26.6410,-6521,-17.071937,-0.213399
26.6510,-6521,-17.071937,-0.213399
26.6610,-6523,-17.077175,-0.213465
26.6710,-6524,-17.079792,-0.213497
26.6810,-6526,-17.085029,-0.213563
26.6910,-6529,-17.092884,-0.213661
26.7010,-6534,-17.105972,-0.213825
26.7110,-6538,-17.116443,-0.213956
26.7210,-6544,-17.132152,-0.214152
26.7310,-6550,-17.147861,-0.214348
26.7410,-6554,-17.158332,-0.214479
26.7510,-6558,-17.168804,-0.214610
26.7610,-6562,-17.179275,-0.214741
26.7710,-6565,-17.187129,-0.214839
26.7810,-6566,-17.189748,-0.214872
26.7910,-6568,-17.194984,-0.214937
26.8010,-6570,-17.200220,-0.215003
26.8110,-6572,-17.205455,-0.215068
26.8210,-6574,-17.210693,-0.215134
26.8310,-6578,-17.221164,-0.215265
26.8410,-6582,-17.231636,-0.215395
26.8510,-6586,-17.242107,-0.215526
26.8610,-6590,-17.252580,-0.215657
26.8710,-6596,-17.268287,-0.215854
26.8810,-6603,-17.286613,-0.216083
26.8910,-6608,-17.299703,-0.216246
26.9010,-6613,-17.312793,-0.216410
26.9110,-6617,-17.323266,-0.216541
26.9210,-6620,-17.331121,-0.216639
26.9310,-6622,-17.336357,-0.216704
26.9410,-6623,-17.338973,-0.216737
26.9510,-6624,-17.341592,-0.216770
26.9610,-6625,-17.344209,-0.216803
26.9720,-6625,-17.344209,-0.216803
26.9810,-6626,-17.346826,-0.216835
26.9910,-6626,-17.346826,-0.216835
27.0010,-6627,-17.349445,-0.216868
27.0110,-6628,-17.352064,-0.216901
27.0210,-6630,-17.357299,-0.216966
27.0310,-6631,-17.359916,-0.216999
27.0410,-6634,-17.367771,-0.217097
27.0510,-6636,-17.373008,-0.217163
27.0610,-6638,-17.378244,-0.217228
27.0710,-6639,-17.380861,-0.217261
27.0810,-6642,-17.388715,-0.217359
27.0910,-6643,-17.391334,-0.217392
27.1010,-6644,-17.393953,-0.217424
27.1110,-6644,-17.393953,-0.217424
27.1210,-6645,-17.396570,-0.217457
27.1310,-6645,-17.396570,-0.217457
27.1410,-6645,-17.396570,-0.217457
27.1510,-6646,-17.399188,-0.217490
27.1610,-6646,-17.399188,-0.217490
27.1710,-6646,-17.399188,-0.217490
27.1810,-6647,-17.401805,-0.217523
27.1910,-6648,-17.404422,-0.217555
27.2010,-6648,-17.404422,-0.217555
27.2110,-6648,-17.404422,-0.217555
27.2210,-6649,-17.407041,-0.217588
27.2310,-6649,-17.407041,-0.217588
27.2410,-6649,-17.407041,-0.217588
27.2510,-6649,-17.407041,-0.217588
27.2610,-6649,-17.407041,-0.217588
27.2710,-6649,-17.407041,-0.217588
27.2810,-6649,-17.407041,-0.217588
27.2910,-6650,-17.409658,-0.217621
27.3010,-6650,-17.409658,-0.217621
27.3110,-6651,-17.412277,-0.217653
27.3210,-6651,-17.412277,-0.217653
27.3310,-6652,-17.414896,-0.217686
27.3410,-6652,-17.414896,-0.217686
27.3510,-6653,-17.417512,-0.217719
27.3610,-6654,-17.420131,-0.217752
27.3710,-6655,-17.422748,-0.217784
27.3810,-6655,-17.422748,-0.217784
27.3910,-6657,-17.427986,-0.217850
27.4010,-6660,-17.435840,-0.217948
27.4110,-6665,-17.448930,-0.218112
27.4210,-6677,-17.480344,-0.218504
27.4310,-6696,-17.530086,-0.219126
27.4410,-6718,-17.587682,-0.219846
27.4510,-6749,-17.668840,-0.220861
27.4610,-6783,-17.757852,-0.221973
27.4710,-6816,-17.844245,-0.223053
27.4810,-6852,-17.938493,-0.224231
27.4910,-6885,-18.024888,-0.225311
27.5010,-6923,-18.124370,-0.226555
27.5110,-6964,-18.231710,-0.227896
27.5210,-7000,-18.325958,-0.229074
27.5310,-7019,-18.375699,-0.229696
27.5410,-7034,-18.414970,-0.230187
27.5510,-7044,-18.441148,-0.230514
27.5610,-7050,-18.456857,-0.230711
27.5710,-7052,-18.462093,-0.230776
27.5810,-7053,-18.464712,-0.230809
27.5910,-7053,-18.464712,-0.230809
27.6010,-7053,-18.464712,-0.230809
27.6120,-7054,-18.467330,-0.230842
27.6210,-7058,-18.477800,-0.230973
27.6310,-7065,-18.496126,-0.231202
27.6410,-7071,-18.511835,-0.231398
27.6510,-7079,-18.532779,-0.231660
27.6610,-7088,-18.556341,-0.231954
27.6710,-7097,-18.579902,-0.232249
27.6810,-7104,-18.598228,-0.232478
27.6910,-7108,-18.608699,-0.232609
27.7010,-7109,-18.611318,-0.232641
27.7110,-7110,-18.613937,-0.232674
27.7210,-7108,-18.608699,-0.232609
27.7310,-7107,-18.606082,-0.232576
27.7410,-7105,-18.600847,-0.232511
27.7510,-7104,-18.598228,-0.232478
27.7610,-7104,-18.598228,-0.232478
27.7710,-7107,-18.606082,-0.232576
27.7810,-7111,-18.616554,-0.232707
27.7910,-7115,-18.627027,-0.232838
27.8010,-7122,-18.645353,-0.233067
27.8110,-7132,-18.671531,-0.233394
27.8210,-7145,-18.705568,-0.233820
27.8310,-7158,-18.739601,-0.234245
27.8410,-7173,-18.778869,-0.234736
27.8510,-7184,-18.807668,-0.235096
27.8610,-7198,-18.844320,-0.235554
27.8710,-7212,-18.880973,-0.236012
27.8810,-7230,-18.928096,-0.236601
27.8910,-7248,-18.975219,-0.237190
27.9010,-7274,-19.043287,-0.238041
27.9110,-7297,-19.103502,-0.238794
27.9210,-7319,-19.161098,-0.239514
27.9310,-7335,-19.202985,-0.240037
27.9410,-7352,-19.247491,-0.240594
27.9510,-7366,-19.284143,-0.241052
27.9610,-7376,-19.310323,-0.241379
27.9710,-7385,-19.333885,-0.241674
27.9810,-7391,-19.349594,-0.241870
27.9910,-7395,-19.360065,-0.242001
28.0010,-7395,-19.360065,-0.242001
28.0110,-7393,-19.354829,-0.241935
28.0210,-7392,-19.352210,-0.241903
28.0310,-7393,-19.354829,-0.241935
28.0410,-7394,-19.357448,-0.241968
28.0510,-7402,-19.378391,-0.242230
28.0610,-7414,-19.409807,-0.242623
28.0710,-7430,-19.451694,-0.243146
28.0810,-7447,-19.496200,-0.243703
28.0910,-7465,-19.543325,-0.244292
28.1010,-7482,-19.587831,-0.244848
28.1110,-7500,-19.634954,-0.245437
28.1210,-7518,-19.682077,-0.246026
28.1310,-7537,-19.731821,-0.246648
28.1410,-7564,-19.802505,-0.247531
28.1510,-7589,-19.867956,-0.248349
28.1610,-7612,-19.928169,-0.249102
28.1710,-7635,-19.988384,-0.249855
28.1810,-7660,-20.053833,-0.250673
28.1910,-7687,-20.124519,-0.251556
28.2010,-7717,-20.203060,-0.252538
28.2110,-7750,-20.289453,-0.253618
28.2210,-7790,-20.394172,-0.254927
28.2310,-7829,-20.496274,-0.256203
28.2410,-7858,-20.572195,-0.257152
28.2520,-7880,-20.629791,-0.257872
28.2610,-7904,-20.692623,-0.258658
28.2710,-7935,-20.773782,-0.259672
28.2810,-7966,-20.854940,-0.260687
28.2910,-7994,-20.928243,-0.261603
28.3010,-8022,-21.001546,-0.262519
28.3110,-8045,-21.061761,-0.263272
28.3210,-8065,-21.114120,-0.263927
28.3310,-8082,-21.158628,-0.264483
28.3410,-8098,-21.200515,-0.265006
28.3510,-8114,-21.242403,-0.265530
28.3610,-8125,-21.271202,-0.265890
28.3710,-8133,-21.292144,-0.266152
28.3810,-8138,-21.305234,-0.266315
28.3910,-8139,-21.307851,-0.266348
28.4010,-8139,-21.307851,-0.266348
28.4110,-8135,-21.297380,-0.266217
28.4210,-8131,-21.286909,-0.266086
28.4310,-8127,-21.276437,-0.265955
28.4410,-8126,-21.273818,-0.265923
28.4510,-8125,-21.271202,-0.265890
28.4610,-8126,-21.273818,-0.265923
28.4710,-8128,-21.279054,-0.265988
28.4810,-8132,-21.289525,-0.266119
28.4910,-8136,-21.299999,-0.266250
28.5010,-8140,-21.310470,-0.266381
28.5110,-8143,-21.318325,-0.266479
28.5210,-8144,-21.320943,-0.266512
28.5310,-8144,-21.320943,-0.266512
28.5410,-8144,-21.320943,-0.266512
28.5510,-8142,-21.315706,-0.266446
28.5610,-8139,-21.307851,-0.266348
28.5710,-8137,-21.302616,-0.266283
28.5810,-8136,-21.299999,-0.266250
28.5910,-8135,-21.297380,-0.266217
28.6010,-8135,-21.297380,-0.266217
28.6110,-8136,-21.299999,-0.266250
28.6210,-8138,-21.305234,-0.266315
28.6310,-8141,-21.313089,-0.266414
28.6410,-8142,-21.315706,-0.266446
28.6510,-8145,-21.323560,-0.266545
28.6610,-8146,-21.326179,-0.266577
28.6710,-8146,-21.326179,-0.266577
28.6810,-8146,-21.326179,-0.266577
28.6910,-8146,-21.326179,-0.266577
28.7010,-8144,-21.320943,-0.266512
28.7110,-8142,-21.315706,-0.266446
28.7210,-8142,-21.315706,-0.266446
28.7310,-8142,-21.315706,-0.266446
28.7410,-8142,-21.315706,-0.266446
28.7510,-8142,-21.315706,-0.266446
28.7610,-8143,-21.318325,-0.266479
28.7710,-8144,-21.320943,-0.266512
28.7810,-8146,-21.326179,-0.266577
28.7910,-8147,-21.328796,-0.266610
28.8010,-8148,-21.331415,-0.266643
28.8110,-8148,-21.331415,-0.266643
28.8210,-8148,-21.331415,-0.266643
28.8310,-8148,-21.331415,-0.266643
28.8410,-8147,-21.328796,-0.266610
28.8510,-8146,-21.326179,-0.266577
28.8610,-8146,-21.326179,-0.266577
28.8710,-8145,-21.323560,-0.266545
28.8810,-8145,-21.323560,-0.266545
28.8920,-8145,-21.323560,-0.266545
28.9010,-8146,-21.326179,-0.266577
28.9110,-8147,-21.328796,-0.266610
28.9210,-8148,-21.331415,-0.266643
28.9310,-8149,-21.334033,-0.266675
28.9410,-8149,-21.334033,-0.266675
28.9510,-8149,-21.334033,-0.266675
28.9610,-8149,-21.334033,-0.266675
28.9710,-8149,-21.334033,-0.266675
28.9810,-8148,-21.331415,-0.266643
28.9910,-8148,-21.331415,-0.266643
29.0010,-8148,-21.331415,-0.266643
29.0110,-8148,-21.331415,-0.266643
29.0210,-8148,-21.331415,-0.266643
29.0310,-8148,-21.331415,-0.266643
29.0410,-8148,-21.331415,-0.266643
29.0510,-8149,-21.334033,-0.266675
29.0610,-8149,-21.334033,-0.266675
29.0710,-8150,-21.336650,-0.266708
29.0810,-8150,-21.336650,-0.266708
29.0910,-8150,-21.336650,-0.266708
29.1010,-8150,-21.336650,-0.266708
29.1110,-8150,-21.336650,-0.266708
29.1210,-8150,-21.336650,-0.266708
29.1310,-8150,-21.336650,-0.266708
29.1410,-8149,-21.334033,-0.266675
29.1510,-8149,-21.334033,-0.266675
29.1610,-8149,-21.334033,-0.266675
29.1710,-8149,-21.334033,-0.266675
29.1810,-8150,-21.336650,-0.266708
29.1910,-8150,-21.336650,-0.266708
29.2010,-8150,-21.336650,-0.266708
29.2110,-8150,-21.336650,-0.266708
29.2210,-8150,-21.336650,-0.266708
29.2310,-8150,-21.336650,-0.266708
29.2410,-8150,-21.336650,-0.266708
29.2510,-8150,-21.336650,-0.266708
29.2610,-8150,-21.336650,-0.266708
29.2710,-8150,-21.336650,-0.266708
29.2810,-8150,-21.336650,-0.266708
29.2910,-8150,-21.336650,-0.266708
29.3010,-8150,-21.336650,-0.266708
29.3110,-8150,-21.336650,-0.266708
29.3210,-8151,-21.339269,-0.266741
29.3310,-8151,-21.339269,-0.266741
29.3410,-8151,-21.339269,-0.266741
29.3510,-8151,-21.339269,-0.266741
29.3610,-8151,-21.339269,-0.266741
29.3710,-8151,-21.339269,-0.266741
29.3810,-8151,-21.339269,-0.266741
29.3910,-8151,-21.339269,-0.266741
29.4010,-8151,-21.339269,-0.266741
29.4110,-8151,-21.339269,-0.266741
29.4210,-8151,-21.339269,-0.266741
29.4310,-8151,-21.339269,-0.266741
29.4410,-8151,-21.339269,-0.266741
29.4510,-8152,-21.341886,-0.266774
29.4610,-8152,-21.341886,-0.266774
29.4710,-8152,-21.341886,-0.266774
29.4810,-8152,-21.341886,-0.266774
29.4910,-8152,-21.341886,-0.266774
29.5010,-8152,-21.341886,-0.266774
29.5110,-8152,-21.341886,-0.266774
29.5210,-8152,-21.341886,-0.266774
29.5320,-8152,-21.341886,-0.266774
29.5410,-8152,-21.341886,-0.266774
29.5510,-8152,-21.341886,-0.266774
29.5610,-8152,-21.341886,-0.266774
29.5710,-8152,-21.341886,-0.266774
29.5810,-8152,-21.341886,-0.266774
29.5910,-8152,-21.341886,-0.266774
29.6010,-8152,-21.341886,-0.266774
29.6110,-8152,-21.341886,-0.266774
29.6210,-8152,-21.341886,-0.266774
29.6310,-8152,-21.341886,-0.266774
29.6410,-8152,-21.341886,-0.266774
29.6510,-8152,-21.341886,-0.266774
29.6610,-8152,-21.341886,-0.266774
29.6710,-8152,-21.341886,-0.266774
29.6810,-8152,-21.341886,-0.266774
29.6910,-8153,-21.344505,-0.266806
29.7010,-8153,-21.344505,-0.266806
29.7110,-8153,-21.344505,-0.266806
29.7210,-8153,-21.344505,-0.266806
29.7310,-8153,-21.344505,-0.266806
29.7410,-8153,-21.344505,-0.266806
29.7510,-8153,-21.344505,-0.266806
29.7610,-8153,-21.344505,-0.266806
29.7710,-8153,-21.344505,-0.266806
29.7810,-8153,-21.344505,-0.266806
29.7910,-8153,-21.344505,-0.266806
29.8010,-8153,-21.344505,-0.266806
29.8110,-8153,-21.344505,-0.266806
29.8210,-8153,-21.344505,-0.266806
29.8310,-8153,-21.344505,-0.266806
29.8410,-8153,-21.344505,-0.266806
29.8510,-8153,-21.344505,-0.266806
29.8610,-8153,-21.344505,-0.266806
29.8710,-8153,-21.344505,-0.266806
29.8810,-8154,-21.347122,-0.266839
29.8910,-8154,-21.347122,-0.266839
29.9010,-8154,-21.347122,-0.266839
29.9110,-8154,-21.347122,-0.266839
29.9210,-8154,-21.347122,-0.266839
29.9310,-8154,-21.347122,-0.266839
29.9410,-8154,-21.347122,-0.266839
29.9510,-8154,-21.347122,-0.266839
29.9610,-8154,-21.347122,-0.266839
29.9710,-8154,-21.347122,-0.266839
29.9810,-8154,-21.347122,-0.266839
29.9910,-8154,-21.347122,-0.266839
30.0010,-8154,-21.347122,-0.266839
30.0110,-8154,-21.347122,-0.266839
30.0210,-8154,-21.347122,-0.266839
30.0310,-8154,-21.347122,-0.266839
30.0410,-8154,-21.347122,-0.266839
30.0510,-8154,-21.347122,-0.266839
30.0610,-8154,-21.347122,-0.266839
30.0710,-8154,-21.347122,-0.266839
30.0810,-8154,-21.347122,-0.266839
30.0910,-8154,-21.347122,-0.266839
30.1010,-8154,-21.347122,-0.266839
30.1110,-8154,-21.347122,-0.266839
30.1210,-8154,-21.347122,-0.266839
30.1310,-8154,-21.347122,-0.266839
30.1410,-8154,-21.347122,-0.266839
30.1510,-8154,-21.347122,-0.266839
30.1610,-8154,-21.347122,-0.266839
30.1720,-8154,-21.347122,-0.266839
30.1810,-8154,-21.347122,-0.266839
30.1910,-8154,-21.347122,-0.266839
30.2010,-8155,-21.349739,-0.266872
30.2110,-8155,-21.349739,-0.266872
30.2210,-8155,-21.349739,-0.266872
30.2310,-8155,-21.349739,-0.266872
30.2410,-8155,-21.349739,-0.266872
30.2510,-8155,-21.349739,-0.266872
30.2610,-8155,-21.349739,-0.266872
30.2710,-8155,-21.349739,-0.266872
30.2810,-8155,-21.349739,-0.266872
30.2910,-8155,-21.349739,-0.266872
30.3010,-8155,-21.349739,-0.266872
30.3110,-8155,-21.349739,-0.266872
30.3210,-8155,-21.349739,-0.266872
30.3310,-8155,-21.349739,-0.266872
30.3410,-8155,-21.349739,-0.266872
30.3510,-8155,-21.349739,-0.266872
30.3610,-8155,-21.349739,-0.266872
30.3710,-8155,-21.349739,-0.266872
30.3810,-8155,-21.349739,-0.266872
30.3910,-8155,-21.349739,-0.266872
30.4010,-8155,-21.349739,-0.266872
30.4110,-8155,-21.349739,-0.266872
30.4210,-8155,-21.349739,-0.266872
30.4310,-8155,-21.349739,-0.266872
30.4410,-8155,-21.349739,-0.266872
30.4510,-8155,-21.349739,-0.266872
30.4610,-8155,-21.349739,-0.266872
30.4710,-8156,-21.352357,-0.266904
30.4810,-8156,-21.352357,-0.266904
30.4910,-8156,-21.352357,-0.266904
30.5010,-8156,-21.352357,-0.266904
30.5110,-8156,-21.352357,-0.266904
30.5210,-8156,-21.352357,-0.266904
30.5310,-8156,-21.352357,-0.266904
30.5410,-8156,-21.352357,-0.266904
30.5510,-8156,-21.352357,-0.266904
30.5610,-8156,-21.352357,-0.266904
30.5710,-8156,-21.352357,-0.266904
30.5810,-8156,-21.352357,-0.266904
30.5910,-8156,-21.352357,-0.266904
30.6010,-8156,-21.352357,-0.266904
30.6110,-8156,-21.352357,-0.266904
30.6210,-8156,-21.352357,-0.266904
30.6310,-8156,-21.352357,-0.266904
30.6410,-8156,-21.352357,-0.266904
30.6510,-8156,-21.352357,-0.266904
30.6610,-8156,-21.352357,-0.266904
30.6710,-8156,-21.352357,-0.266904
30.6810,-8156,-21.352357,-0.266904
30.6910,-8156,-21.352357,-0.266904
30.7010,-8156,-21.352357,-0.266904
30.7110,-8156,-21.352357,-0.266904
30.7210,-8156,-21.352357,-0.266904
30.7310,-8156,-21.352357,-0.266904
30.7410,-8156,-21.352357,-0.266904
30.7510,-8156,-21.352357,-0.266904
30.7610,-8156,-21.352357,-0.266904
30.7710,-8156,-21.352357,-0.266904
30.7810,-8156,-21.352357,-0.266904
30.7910,-8156,-21.352357,-0.266904
30.8010,-8156,-21.352357,-0.266904
30.8120,-8156,-21.352357,-0.266904
30.8210,-8156,-21.352357,-0.266904
30.8310,-8156,-21.352357,-0.266904
30.8410,-8157,-21.354976,-0.266937
30.8510,-8157,-21.354976,-0.266937
30.8610,-8157,-21.354976,-0.266937
30.8710,-8157,-21.354976,-0.266937
30.8810,-8157,-21.354976,-0.266937
30.8910,-8157,-21.354976,-0.266937
30.9010,-8157,-21.354976,-0.266937
30.9110,-8157,-21.354976,-0.266937
30.9210,-8157,-21.354976,-0.266937
30.9310,-8157,-21.354976,-0.266937
30.9410,-8157,-21.354976,-0.266937
30.9510,-8157,-21.354976,-0.266937
30.9610,-8157,-21.354976,-0.266937
30.9710,-8157,-21.354976,-0.266937
30.9810,-8157,-21.354976,-0.266937
30.9910,-8157,-21.354976,-0.266937
31.0010,-8157,-21.354976,-0.266937
31.0110,-8157,-21.354976,-0.266937
31.0210,-8157,-21.354976,-0.266937
31.0310,-8157,-21.354976,-0.266937
31.0410,-8157,-21.354976,-0.266937
31.0510,-8157,-21.354976,-0.266937
31.0610,-8157,-21.354976,-0.266937
31.0710,-8157,-21.354976,-0.266937
31.0810,-8157,-21.354976,-0.266937
31.0910,-8157,-21.354976,-0.266937
31.1010,-8157,-21.354976,-0.266937
31.1110,-8157,-21.354976,-0.266937
31.1210,-8158,-21.357593,-0.266970
31.1310,-8158,-21.357593,-0.266970
31.1410,-8158,-21.357593,-0.266970
31.1510,-8158,-21.357593,-0.266970
31.1610,-8158,-21.357593,-0.266970
31.1710,-8158,-21.357593,-0.266970
31.1810,-8158,-21.357593,-0.266970
31.1910,-8158,-21.357593,-0.266970
31.2010,-8158,-21.357593,-0.266970
31.2110,-8158,-21.357593,-0.266970
31.2210,-8158,-21.357593,-0.266970
31.2310,-8158,-21.357593,-0.266970
31.2410,-8158,-21.357593,-0.266970
31.2510,-8158,-21.357593,-0.266970
31.2610,-8158,-21.357593,-0.266970
31.2710,-8158,-21.357593,-0.266970
31.2810,-8158,-21.357593,-0.266970
31.2910,-8158,-21.357593,-0.266970
31.3010,-8158,-21.357593,-0.266970
31.3110,-8158,-21.357593,-0.266970
31.3210,-8158,-21.357593,-0.266970
31.3310,-8158,-21.357593,-0.266970
31.3410,-8158,-21.357593,-0.266970
31.3510,-8158,-21.357593,-0.266970
31.3610,-8158,-21.357593,-0.266970
31.3710,-8158,-21.357593,-0.266970
31.3810,-8158,-21.357593,-0.266970
31.3910,-8158,-21.357593,-0.266970
31.4010,-8158,-21.357593,-0.266970
31.4110,-8158,-21.357593,-0.266970
31.4210,-8158,-21.357593,-0.266970
31.4310,-8158,-21.357593,-0.266970
31.4410,-8158,-21.357593,-0.266970
31.4520,-8158,-21.357593,-0.266970
31.4610,-8158,-21.357593,-0.266970
31.4710,-8158,-21.357593,-0.266970
31.4810,-8158,-21.357593,-0.266970
31.4910,-8159,-21.360212,-0.267003
31.5010,-8159,-21.360212,-0.267003
31.5110,-8159,-21.360212,-0.267003
31.5210,-8159,-21.360212,-0.267003
31.5310,-8159,-21.360212,-0.267003
31.5410,-8159,-21.360212,-0.267003
31.5510,-8159,-21.360212,-0.267003
31.5610,-8159,-21.360212,-0.267003
31.5710,-8159,-21.360212,-0.267003
31.5810,-8159,-21.360212,-0.267003
31.5910,-8159,-21.360212,-0.267003
31.6010,-8159,-21.360212,-0.267003
31.6110,-8159,-21.360212,-0.267003
31.6210,-8159,-21.360212,-0.267003
31.6310,-8159,-21.360212,-0.267003
31.6410,-8159,-21.360212,-0.267003
31.6510,-8159,-21.360212,-0.267003
31.6610,-8159,-21.360212,-0.267003
31.6710,-8159,-21.360212,-0.267003
31.6810,-8159,-21.360212,-0.267003
31.6910,-8159,-21.360212,-0.267003
31.7010,-8159,-21.360212,-0.267003
31.7110,-8159,-21.360212,-0.267003
31.7210,-8159,-21.360212,-0.267003
31.7310,-8159,-21.360212,-0.267003
31.7410,-8159,-21.360212,-0.267003
31.7510,-8159,-21.360212,-0.267003
31.7610,-8159,-21.360212,-0.267003
31.7710,-8159,-21.360212,-0.267003
31.7810,-8159,-21.360212,-0.267003
31.7910,-8159,-21.360212,-0.267003
31.8010,-8159,-21.360212,-0.267003
31.8110,-8159,-21.360212,-0.267003
31.8210,-8159,-21.360212,-0.267003
31.8310,-8159,-21.360212,-0.267003
31.8410,-8160,-21.362831,-0.267035
31.8510,-8160,-21.362831,-0.267035
31.8610,-8160,-21.362831,-0.267035
31.8710,-8160,-21.362831,-0.267035
31.8810,-8160,-21.362831,-0.267035
31.8910,-8160,-21.362831,-0.267035
31.9010,-8160,-21.362831,-0.267035
31.9110,-8160,-21.362831,-0.267035
31.9210,-8160,-21.362831,-0.267035
31.9310,-8160,-21.362831,-0.267035
31.9410,-8160,-21.362831,-0.267035
31.9510,-8160,-21.362831,-0.267035
31.9610,-8160,-21.362831,-0.267035
31.9710,-8160,-21.362831,-0.267035
31.9810,-8160,-21.362831,-0.267035
31.9910,-8160,-21.362831,-0.267035
32.0010,-8160,-21.362831,-0.267035
32.0110,-8160,-21.362831,-0.267035
32.0210,-8160,-21.362831,-0.267035
32.0310,-8160,-21.362831,-0.267035
32.0410,-8160,-21.362831,-0.267035
32.0510,-8160,-21.362831,-0.267035
32.0610,-8160,-21.362831,-0.267035
32.0710,-8160,-21.362831,-0.267035
32.0810,-8160,-21.362831,-0.267035
32.0920,-8160,-21.362831,-0.267035
32.1010,-8160,-21.362831,-0.267035
32.1110,-8160,-21.362831,-0.267035
32.1210,-8160,-21.362831,-0.267035
32.1310,-8160,-21.362831,-0.267035
32.1410,-8160,-21.362831,-0.267035
32.1510,-8160,-21.362831,-0.267035
32.1610,-8160,-21.362831,-0.267035
32.1710,-8160,-21.362831,-0.267035
32.1810,-8160,-21.362831,-0.267035
32.1910,-8160,-21.362831,-0.267035
32.2010,-8160,-21.362831,-0.267035
32.2110,-8160,-21.362831,-0.267035
32.2210,-8160,-21.362831,-0.267035
32.2310,-8160,-21.362831,-0.267035
32.2410,-8161,-21.365447,-0.267068
32.2510,-8161,-21.365447,-0.267068
32.2610,-8161,-21.365447,-0.267068
32.2710,-8161,-21.365447,-0.267068
32.2810,-8161,-21.365447,-0.267068
32.2910,-8161,-21.365447,-0.267068
32.3010,-8161,-21.365447,-0.267068
32.3110,-8161,-21.365447,-0.267068
32.3210,-8161,-21.365447,-0.267068
32.3310,-8161,-21.365447,-0.267068
32.3410,-8161,-21.365447,-0.267068
32.3510,-8161,-21.365447,-0.267068
32.3610,-8161,-21.365447,-0.267068
32.3710,-8161,-21.365447,-0.267068
32.3810,-8161,-21.365447,-0.267068
32.3910,-8161,-21.365447,-0.267068
32.4010,-8161,-21.365447,-0.267068
32.4110,-8161,-21.365447,-0.267068
32.4210,-8161,-21.365447,-0.267068
32.4310,-8161,-21.365447,-0.267068
32.4410,-8161,-21.365447,-0.267068
32.4510,-8161,-21.365447,-0.267068
32.4610,-8161,-21.365447,-0.267068
32.4710,-8161,-21.365447,-0.267068
32.4810,-8161,-21.365447,-0.267068
32.4910,-8161,-21.365447,-0.267068
32.5010,-8161,-21.365447,-0.267068
32.5110,-8161,-21.365447,-0.267068
32.5210,-8161,-21.365447,-0.267068
32.5310,-8161,-21.365447,-0.267068
32.5410,-8161,-21.365447,-0.267068
32.5510,-8161,-21.365447,-0.267068
32.5610,-8162,-21.368066,-0.267101
32.5710,-8162,-21.368066,-0.267101
32.5810,-8162,-21.368066,-0.267101
32.5910,-8162,-21.368066,-0.267101
32.6010,-8162,-21.368066,-0.267101
32.6110,-8162,-21.368066,-0.267101
32.6210,-8162,-21.368066,-0.267101
32.6310,-8162,-21.368066,-0.267101
32.6410,-8162,-21.368066,-0.267101
32.6510,-8162,-21.368066,-0.267101
32.6610,-8162,-21.368066,-0.267101
32.6710,-8162,-21.368066,-0.267101
32.6810,-8162,-21.368066,-0.267101
32.6910,-8162,-21.368066,-0.267101
32.7010,-8162,-21.368066,-0.267101
32.7110,-8162,-21.368066,-0.267101
32.7210,-8162,-21.368066,-0.267101
32.7320,-8162,-21.368066,-0.267101
32.7410,-8162,-21.368066,-0.267101
32.7510,-8162,-21.368066,-0.267101
32.7610,-8162,-21.368066,-0.267101
32.7710,-8162,-21.368066,-0.267101
32.7810,-8162,-21.368066,-0.267101
32.7910,-8162,-21.368066,-0.267101
32.8010,-8162,-21.368066,-0.267101
32.8110,-8162,-21.368066,-0.267101
32.8210,-8162,-21.368066,-0.267101
32.8310,-8162,-21.368066,-0.267101
32.8410,-8162,-21.368066,-0.267101
32.8510,-8162,-21.368066,-0.267101
32.8610,-8162,-21.368066,-0.267101
32.8710,-8162,-21.368066,-0.267101
32.8810,-8162,-21.368066,-0.267101
32.8910,-8162,-21.368066,-0.267101
32.9010,-8162,-21.368066,-0.267101
32.9110,-8162,-21.368066,-0.267101
32.9210,-8162,-21.368066,-0.267101
32.9310,-8162,-21.368066,-0.267101
32.9410,-8163,-21.370683,-0.267134
32.9510,-8163,-21.370683,-0.267134
32.9610,-8163,-21.370683,-0.267134
32.9710,-8163,-21.370683,-0.267134
32.9810,-8163,-21.370683,-0.267134
32.9910,-8163,-21.370683,-0.267134
33.0010,-8163,-21.370683,-0.267134
33.0110,-8163,-21.370683,-0.267134
33.0210,-8163,-21.370683,-0.267134
33.0310,-8163,-21.370683,-0.267134
33.0410,-8163,-21.370683,-0.267134
33.0510,-8163,-21.370683,-0.267134
33.0610,-8163,-21.370683,-0.267134
33.0710,-8163,-21.370683,-0.267134
33.0810,-8163,-21.370683,-0.267134
33.0910,-8163,-21.370683,-0.267134
33.1010,-8163,-21.370683,-0.267134
33.1110,-8163,-21.370683,-0.267134
33.1210,-8163,-21.370683,-0.267134
33.1310,-8163,-21.370683,-0.267134
33.1410,-8163,-21.370683,-0.267134
33.1510,-8163,-21.370683,-0.267134
33.1610,-8163,-21.370683,-0.267134
33.1710,-8163,-21.370683,-0.267134
33.1810,-8163,-21.370683,-0.267134
33.1910,-8163,-21.370683,-0.267134
33.2010,-8163,-21.370683,-0.267134
33.2110,-8163,-21.370683,-0.267134
33.2210,-8163,-21.370683,-0.267134
33.2310,-8163,-21.370683,-0.267134
33.2410,-8163,-21.370683,-0.267134
33.2510,-8163,-21.370683,-0.267134
33.2610,-8164,-21.373302,-0.267166
33.2710,-8164,-21.373302,-0.267166
33.2810,-8164,-21.373302,-0.267166
33.2910,-8164,-21.373302,-0.267166
33.3010,-8164,-21.373302,-0.267166
33.3110,-8164,-21.373302,-0.267166
33.3210,-8164,-21.373302,-0.267166
33.3310,-8164,-21.373302,-0.267166
33.3410,-8164,-21.373302,-0.267166
33.3510,-8164,-21.373302,-0.267166
33.3610,-8164,-21.373302,-0.267166
33.3720,-8164,-21.373302,-0.267166
33.3810,-8164,-21.373302,-0.267166
33.3910,-8164,-21.373302,-0.267166
33.4010,-8164,-21.373302,-0.267166
33.4110,-8164,-21.373302,-0.267166
33.4210,-8164,-21.373302,-0.267166
33.4310,-8164,-21.373302,-0.267166
33.4410,-8164,-21.373302,-0.267166
33.4510,-8164,-21.373302,-0.267166
33.4610,-8164,-21.373302,-0.267166
33.4710,-8164,-21.373302,-0.267166
33.4810,-8164,-21.373302,-0.267166
33.4910,-8164,-21.373302,-0.267166
33.5010,-8164,-21.373302,-0.267166
33.5110,-8164,-21.373302,-0.267166
33.5210,-8164,-21.373302,-0.267166
33.5310,-8164,-21.373302,-0.267166
33.5410,-8164,-21.373302,-0.267166
33.5510,-8164,-21.373302,-0.267166
33.5610,-8164,-21.373302,-0.267166
33.5710,-8164,-21.373302,-0.267166
33.5810,-8164,-21.373302,-0.267166
33.5910,-8164,-21.373302,-0.267166
33.6010,-8164,-21.373302,-0.267166
33.6110,-8164,-21.373302,-0.267166
33.6210,-8164,-21.373302,-0.267166
33.6310,-8164,-21.373302,-0.267166
33.6410,-8164,-21.373302,-0.267166
33.6510,-8164,-21.373302,-0.267166
33.6610,-8164,-21.373302,-0.267166
33.6710,-8165,-21.375921,-0.267199
33.6810,-8165,-21.375921,-0.267199
33.6910,-8165,-21.375921,-0.267199
33.7010,-8165,-21.375921,-0.267199
33.7110,-8165,-21.375921,-0.267199
33.7210,-8165,-21.375921,-0.267199
33.7310,-8165,-21.375921,-0.267199
33.7410,-8165,-21.375921,-0.267199
33.7510,-8165,-21.375921,-0.267199
33.7610,-8165,-21.375921,-0.267199
33.7710,-8165,-21.375921,-0.267199
33.7810,-8165,-21.375921,-0.267199
33.7910,-8165,-21.375921,-0.267199
33.8010,-8165,-21.375921,-0.267199
33.8110,-8165,-21.375921,-0.267199
33.8210,-8165,-21.375921,-0.267199
33.8310,-8165,-21.375921,-0.267199
33.8410,-8165,-21.375921,-0.267199
33.8510,-8165,-21.375921,-0.267199
33.8610,-8165,-21.375921,-0.267199
33.8710,-8165,-21.375921,-0.267199
33.8810,-8165,-21.375921,-0.267199
33.8910,-8165,-21.375921,-0.267199
33.9010,-8165,-21.375921,-0.267199
33.9110,-8165,-21.375921,-0.267199
33.9210,-8165,-21.375921,-0.267199
33.9310,-8165,-21.375921,-0.267199
33.9410,-8165,-21.375921,-0.267199
33.9510,-8165,-21.375921,-0.267199
33.9610,-8165,-21.375921,-0.267199
33.9710,-8165,-21.375921,-0.267199
33.9810,-8165,-21.375921,-0.267199
33.9910,-8165,-21.375921,-0.267199
34.0010,-8165,-21.375921,-0.267199
34.0120,-8165,-21.375921,-0.267199
34.0210,-8165,-21.375921,-0.267199
34.0310,-8166,-21.378538,-0.267232
34.0410,-8166,-21.378538,-0.267232
34.0510,-8166,-21.378538,-0.267232
34.0610,-8166,-21.378538,-0.267232
34.0710,-8166,-21.378538,-0.267232
34.0810,-8166,-21.378538,-0.267232
34.0910,-8166,-21.378538,-0.267232
34.1010,-8166,-21.378538,-0.267232
34.1110,-8166,-21.378538,-0.267232
34.1210,-8166,-21.378538,-0.267232
34.1310,-8166,-21.378538,-0.267232
34.1410,-8166,-21.378538,-0.267232
34.1510,-8166,-21.378538,-0.267232
34.1610,-8166,-21.378538,-0.267232
34.1710,-8166,-21.378538,-0.267232
34.1810,-8166,-21.378538,-0.267232
34.1910,-8166,-21.378538,-0.267232
34.2010,-8166,-21.378538,-0.267232
34.2110,-8166,-21.378538,-0.267232
34.2210,-8166,-21.378538,-0.267232
34.2310,-8166,-21.378538,-0.267232
34.2410,-8166,-21.378538,-0.267232
34.2510,-8166,-21.378538,-0.267232
34.2610,-8166,-21.378538,-0.267232
34.2710,-8166,-21.378538,-0.267232
34.2810,-8166,-21.378538,-0.267232
34.2910,-8166,-21.378538,-0.267232
34.3010,-8166,-21.378538,-0.267232
34.3110,-8166,-21.378538,-0.267232
34.3210,-8166,-21.378538,-0.267232
34.3310,-8166,-21.378538,-0.267232
34.3410,-8166,-21.378538,-0.267232
34.3510,-8166,-21.378538,-0.267232
34.3610,-8166,-21.378538,-0.267232
34.3710,-8166,-21.378538,-0.267232
34.3810,-8166,-21.378538,-0.267232
34.3910,-8167,-21.381156,-0.267264
34.4010,-8167,-21.381156,-0.267264
34.4110,-8167,-21.381156,-0.267264
34.4210,-8167,-21.381156,-0.267264
34.4310,-8167,-21.381156,-0.267264
34.4410,-8167,-21.381156,-0.267264
34.4510,-8167,-21.381156,-0.267264
34.4610,-8167,-21.381156,-0.267264
34.4710,-8167,-21.381156,-0.267264
34.4810,-8167,-21.381156,-0.267264
34.4910,-8167,-21.381156,-0.267264
34.5010,-8167,-21.381156,-0.267264
34.5110,-8167,-21.381156,-0.267264
34.5210,-8167,-21.381156,-0.267264
34.5310,-8167,-21.381156,-0.267264
34.5410,-8167,-21.381156,-0.267264
34.5510,-8168,-21.383775,-0.267297
34.5610,-8168,-21.383775,-0.267297
34.5710,-8168,-21.383775,-0.267297
34.5810,-8168,-21.383775,-0.267297
34.5910,-8168,-21.383775,-0.267297
34.6010,-8168,-21.383775,-0.267297
34.6110,-8168,-21.383775,-0.267297
34.6210,-8168,-21.383775,-0.267297
34.6310,-8168,-21.383775,-0.267297
34.6410,-8168,-21.383775,-0.267297
34.6520,-8168,-21.383775,-0.267297
34.6610,-8168,-21.383775,-0.267297
34.6710,-8168,-21.383775,-0.267297
34.6810,-8168,-21.383775,-0.267297
34.6910,-8168,-21.383775,-0.267297
34.7010,-8168,-21.383775,-0.267297
34.7110,-8169,-21.386392,-0.267330
34.7210,-8169,-21.386392,-0.267330
34.7310,-8169,-21.386392,-0.267330
34.7410,-8169,-21.386392,-0.267330
34.7510,-8169,-21.386392,-0.267330
34.7610,-8169,-21.386392,-0.267330
34.7710,-8169,-21.386392,-0.267330
34.7810,-8169,-21.386392,-0.267330
34.7910,-8169,-21.386392,-0.267330
34.8010,-8169,-21.386392,-0.267330
34.8110,-8169,-21.386392,-0.267330
34.8210,-8169,-21.386392,-0.267330
34.8310,-8169,-21.386392,-0.267330
34.8410,-8169,-21.386392,-0.267330
34.8510,-8169,-21.386392,-0.267330
34.8610,-8169,-21.386392,-0.267330
34.8710,-8170,-21.389011,-0.267363
34.8810,-8170,-21.389011,-0.267363
34.8910,-8170,-21.389011,-0.267363
34.9010,-8170,-21.389011,-0.267363
34.9110,-8170,-21.389011,-0.267363
34.9210,-8170,-21.389011,-0.267363
34.9310,-8170,-21.389011,-0.267363
34.9410,-8170,-21.389011,-0.267363
34.9510,-8170,-21.389011,-0.267363
34.9610,-8170,-21.389011,-0.267363
34.9710,-8170,-21.389011,-0.267363
34.9810,-8170,-21.389011,-0.267363
34.9910,-8170,-21.389011,-0.267363
35.0010,-8170,-21.389011,-0.267363
35.0110,-8170,-21.389011,-0.267363
35.0210,-8170,-21.389011,-0.267363
35.0310,-8170,-21.389011,-0.267363
35.0410,-8170,-21.389011,-0.267363
35.0510,-8170,-21.389011,-0.267363
35.0610,-8170,-21.389011,-0.267363
35.0710,-8170,-21.389011,-0.267363
35.0810,-8170,-21.389011,-0.267363
35.0910,-8171,-21.391628,-0.267395
35.1010,-8171,-21.391628,-0.267395
35.1110,-8171,-21.391628,-0.267395
35.1210,-8171,-21.391628,-0.267395
35.1310,-8171,-21.391628,-0.267395
35.1410,-8171,-21.391628,-0.267395
35.1510,-8171,-21.391628,-0.267395
35.1610,-8171,-21.391628,-0.267395
35.1710,-8171,-21.391628,-0.267395
35.1810,-8171,-21.391628,-0.267395
35.1910,-8171,-21.391628,-0.267395
35.2010,-8171,-21.391628,-0.267395
35.2110,-8171,-21.391628,-0.267395
35.2210,-8171,-21.391628,-0.267395
35.2310,-8171,-21.391628,-0.267395
35.2410,-8171,-21.391628,-0.267395
35.2510,-8171,-21.391628,-0.267395
35.2610,-8171,-21.391628,-0.267395
35.2710,-8171,-21.391628,-0.267395
35.2810,-8171,-21.391628,-0.267395
35.2920,-8171,-21.391628,-0.267395
35.3010,-8172,-21.394247,-0.267428
35.3110,-8172,-21.394247,-0.267428
35.3210,-8172,-21.394247,-0.267428
35.3310,-8172,-21.394247,-0.267428
35.3410,-8172,-21.394247,-0.267428
35.3510,-8172,-21.394247,-0.267428
35.3610,-8172,-21.394247,-0.267428
35.3710,-8172,-21.394247,-0.267428
35.3810,-8172,-21.394247,-0.267428
35.3910,-8172,-21.394247,-0.267428
35.4010,-8172,-21.394247,-0.267428
35.4110,-8172,-21.394247,-0.267428
35.4210,-8172,-21.394247,-0.267428
35.4310,-8172,-21.394247,-0.267428
35.4410,-8172,-21.394247,-0.267428
35.4510,-8172,-21.394247,-0.267428
35.4610,-8172,-21.394247,-0.267428
35.4710,-8172,-21.394247,-0.267428
35.4810,-8172,-21.394247,-0.267428
35.4910,-8172,-21.394247,-0.267428
35.5010,-8172,-21.394247,-0.267428
35.5110,-8172,-21.394247,-0.267428
35.5210,-8172,-21.394247,-0.267428
35.5310,-8172,-21.394247,-0.267428
35.5410,-8172,-21.394247,-0.267428
35.5510,-8172,-21.394247,-0.267428
35.5610,-8172,-21.394247,-0.267428
35.5710,-8173,-21.396865,-0.267461
35.5810,-8173,-21.396865,-0.267461
35.5910,-8173,-21.396865,-0.267461
35.6010,-8173,-21.396865,-0.267461
35.6110,-8173,-21.396865,-0.267461
35.6210,-8173,-21.396865,-0.267461
35.6310,-8173,-21.396865,-0.267461
35.6410,-8173,-21.396865,-0.267461
35.6510,-8173,-21.396865,-0.267461
35.6610,-8173,-21.396865,-0.267461
35.6710,-8173,-21.396865,-0.267461
35.6810,-8173,-21.396865,-0.267461
35.6910,-8173,-21.396865,-0.267461
35.7010,-8173,-21.396865,-0.267461
35.7110,-8173,-21.396865,-0.267461
35.7210,-8173,-21.396865,-0.267461
35.7310,-8173,-21.396865,-0.267461
35.7410,-8173,-21.396865,-0.267461
35.7510,-8173,-21.396865,-0.267461
35.7610,-8173,-21.396865,-0.267461
35.7710,-8173,-21.396865,-0.267461
35.7810,-8173,-21.396865,-0.267461
35.7910,-8173,-21.396865,-0.267461
35.8010,-8173,-21.396865,-0.267461
35.8110,-8174,-21.399482,-0.267494
35.8210,-8174,-21.399482,-0.267494
35.8310,-8174,-21.399482,-0.267494
35.8410,-8174,-21.399482,-0.267494
35.8510,-8174,-21.399482,-0.267494
35.8610,-8174,-21.399482,-0.267494
35.8710,-8174,-21.399482,-0.267494
35.8810,-8174,-21.399482,-0.267494
35.8910,-8174,-21.399482,-0.267494
35.9010,-8174,-21.399482,-0.267494
35.9110,-8174,-21.399482,-0.267494
35.9210,-8174,-21.399482,-0.267494
35.9320,-8174,-21.399482,-0.267494
35.9410,-8174,-21.399482,-0.267494
35.9510,-8174,-21.399482,-0.267494
35.9610,-8174,-21.399482,-0.267494
35.9710,-8174,-21.399482,-0.267494
35.9810,-8174,-21.399482,-0.267494
35.9910,-8174,-21.399482,-0.267494
36.0010,-8174,-21.399482,-0.267494
36.0110,-8174,-21.399482,-0.267494
36.0210,-8174,-21.399482,-0.267494
36.0310,-8174,-21.399482,-0.267494
36.0410,-8174,-21.399482,-0.267494
36.0510,-8174,-21.399482,-0.267494
36.0610,-8174,-21.399482,-0.267494
36.0710,-8174,-21.399482,-0.267494
36.0810,-8174,-21.399482,-0.267494
36.0910,-8174,-21.399482,-0.267494
36.1010,-8174,-21.399482,-0.267494
36.1110,-8175,-21.402099,-0.267526
36.1210,-8175,-21.402099,-0.267526
36.1310,-8175,-21.402099,-0.267526
36.1410,-8175,-21.402099,-0.267526
36.1510,-8175,-21.402099,-0.267526
36.1610,-8175,-21.402099,-0.267526
36.1710,-8175,-21.402099,-0.267526
36.1810,-8175,-21.402099,-0.267526
36.1910,-8175,-21.402099,-0.267526
36.2010,-8175,-21.402099,-0.267526
36.2110,-8175,-21.402099,-0.267526
36.2210,-8175,-21.402099,-0.267526
36.2310,-8175,-21.402099,-0.267526
36.2410,-8175,-21.402099,-0.267526
36.2510,-8175,-21.402099,-0.267526
36.2610,-8175,-21.402099,-0.267526
36.2710,-8175,-21.402099,-0.267526
36.2810,-8175,-21.402099,-0.267526
36.2910,-8175,-21.402099,-0.267526
36.3010,-8175,-21.402099,-0.267526
36.3110,-8175,-21.402099,-0.267526
36.3210,-8176,-21.404718,-0.267559
36.3310,-8176,-21.404718,-0.267559
36.3410,-8176,-21.404718,-0.267559
36.3510,-8176,-21.404718,-0.267559
36.3610,-8176,-21.404718,-0.267559
36.3710,-8176,-21.404718,-0.267559
36.3810,-8176,-21.404718,-0.267559
36.3910,-8176,-21.404718,-0.267559
36.4010,-8176,-21.404718,-0.267559
36.4110,-8176,-21.404718,-0.267559
36.4210,-8176,-21.404718,-0.267559
36.4310,-8176,-21.404718,-0.267559
36.4410,-8176,-21.404718,-0.267559
36.4510,-8176,-21.404718,-0.267559
36.4610,-8176,-21.404718,-0.267559
36.4710,-8176,-21.404718,-0.267559
36.4810,-8176,-21.404718,-0.267559
36.4910,-8177,-21.407335,-0.267592
36.5010,-8177,-21.407335,-0.267592
36.5110,-8177,-21.407335,-0.267592
36.5210,-8177,-21.407335,-0.267592
36.5310,-8177,-21.407335,-0.267592
36.5410,-8177,-21.407335,-0.267592
36.5510,-8177,-21.407335,-0.267592
36.5610,-8177,-21.407335,-0.267592
36.5720,-8177,-21.407335,-0.267592
36.5810,-8177,-21.407335,-0.267592
36.5910,-8177,-21.407335,-0.267592
36.6010,-8177,-21.407335,-0.267592
36.6110,-8177,-21.407335,-0.267592
36.6210,-8177,-21.407335,-0.267592
36.6310,-8177,-21.407335,-0.267592
36.6410,-8177,-21.407335,-0.267592
36.6510,-8177,-21.407335,-0.267592
36.6610,-8177,-21.407335,-0.267592
36.6710,-8178,-21.409954,-0.267624
36.6810,-8178,-21.409954,-0.267624
36.6910,-8178,-21.409954,-0.267624
36.7010,-8178,-21.409954,-0.267624
36.7110,-8178,-21.409954,-0.267624
36.7210,-8178,-21.409954,-0.267624
36.7310,-8178,-21.409954,-0.267624
36.7410,-8178,-21.409954,-0.267624
36.7510,-8178,-21.409954,-0.267624
36.7610,-8178,-21.409954,-0.267624
36.7710,-8178,-21.409954,-0.267624
36.7810,-8178,-21.409954,-0.267624
36.7910,-8178,-21.409954,-0.267624
36.8010,-8178,-21.409954,-0.267624
36.8110,-8179,-21.412572,-0.267657
36.8210,-8179,-21.412572,-0.267657
36.8310,-8179,-21.412572,-0.267657
36.8410,-8179,-21.412572,-0.267657
36.8510,-8179,-21.412572,-0.267657
36.8610,-8179,-21.412572,-0.267657
36.8710,-8179,-21.412572,-0.267657
36.8810,-8179,-21.412572,-0.267657
36.8910,-8179,-21.412572,-0.267657
36.9010,-8179,-21.412572,-0.267657
36.9110,-8179,-21.412572,-0.267657
36.9210,-8179,-21.412572,-0.267657
36.9310,-8179,-21.412572,-0.267657
36.9410,-8179,-21.412572,-0.267657
36.9510,-8179,-21.412572,-0.267657
36.9610,-8179,-21.412572,-0.267657
36.9710,-8180,-21.415189,-0.267690
36.9810,-8180,-21.415189,-0.267690
36.9910,-8180,-21.415189,-0.267690
37.0010,-8180,-21.415189,-0.267690
37.0110,-8180,-21.415189,-0.267690
37.0210,-8180,-21.415189,-0.267690
37.0310,-8180,-21.415189,-0.267690
37.0410,-8180,-21.415189,-0.267690
37.0510,-8180,-21.415189,-0.267690
37.0610,-8180,-21.415189,-0.267690
37.0710,-8180,-21.415189,-0.267690
37.0810,-8180,-21.415189,-0.267690
37.0910,-8180,-21.415189,-0.267690
37.1010,-8180,-21.415189,-0.267690
37.1110,-8180,-21.415189,-0.267690
37.1210,-8180,-21.415189,-0.267690
37.1310,-8181,-21.417808,-0.267723
37.1410,-8181,-21.417808,-0.267723
37.1510,-8181,-21.417808,-0.267723
37.1610,-8181,-21.417808,-0.267723
37.1710,-8181,-21.417808,-0.267723
37.1810,-8181,-21.417808,-0.267723
37.1910,-8181,-21.417808,-0.267723
37.2010,-8181,-21.417808,-0.267723
37.2120,-8181,-21.417808,-0.267723
37.2210,-8181,-21.417808,-0.267723
37.2310,-8181,-21.417808,-0.267723
37.2410,-8181,-21.417808,-0.267723
37.2510,-8181,-21.417808,-0.267723
37.2610,-8181,-21.417808,-0.267723
37.2710,-8181,-21.417808,-0.267723
37.2810,-8181,-21.417808,-0.267723
37.2910,-8182,-21.420425,-0.267755
37.3010,-8182,-21.420425,-0.267755
37.3110,-8182,-21.420425,-0.267755
37.3210,-8182,-21.420425,-0.267755
37.3310,-8182,-21.420425,-0.267755
37.3410,-8182,-21.420425,-0.267755
37.3510,-8182,-21.420425,-0.267755
37.3610,-8182,-21.420425,-0.267755
37.3710,-8182,-21.420425,-0.267755
37.3810,-8182,-21.420425,-0.267755
37.3910,-8182,-21.420425,-0.267755
37.4010,-8182,-21.420425,-0.267755
37.4110,-8182,-21.420425,-0.267755
37.4210,-8182,-21.420425,-0.267755
37.4310,-8183,-21.423044,-0.267788
37.4410,-8183,-21.423044,-0.267788
37.4510,-8183,-21.423044,-0.267788
37.4610,-8183,-21.423044,-0.267788
37.4710,-8183,-21.423044,-0.267788
37.4810,-8183,-21.423044,-0.267788
37.4910,-8183,-21.423044,-0.267788
37.5010,-8183,-21.423044,-0.267788
37.5110,-8183,-21.423044,-0.267788
37.5210,-8183,-21.423044,-0.267788
37.5310,-8183,-21.423044,-0.267788
37.5410,-8183,-21.423044,-0.267788
37.5510,-8183,-21.423044,-0.267788
37.5610,-8184,-21.425662,-0.267821
37.5710,-8184,-21.425662,-0.267821
37.5810,-8184,-21.425662,-0.267821
37.5910,-8184,-21.425662,-0.267821
37.6010,-8184,-21.425662,-0.267821
37.6110,-8184,-21.425662,-0.267821
37.6210,-8184,-21.425662,-0.267821
37.6310,-8184,-21.425662,-0.267821
37.6410,-8184,-21.425662,-0.267821
37.6510,-8184,-21.425662,-0.267821
37.6610,-8184,-21.425662,-0.267821
37.6710,-8184,-21.425662,-0.267821
37.6810,-8184,-21.425662,-0.267821
37.6910,-8184,-21.425662,-0.267821
37.7010,-8184,-21.425662,-0.267821
37.7110,-8184,-21.425662,-0.267821
37.7210,-8185,-21.428279,-0.267853
37.7310,-8185,-21.428279,-0.267853
37.7410,-8185,-21.428279,-0.267853
37.7510,-8185,-21.428279,-0.267853
37.7610,-8185,-21.428279,-0.267853
37.7710,-8185,-21.428279,-0.267853
37.7810,-8185,-21.428279,-0.267853
37.7910,-8185,-21.428279,-0.267853
37.8010,-8185,-21.428279,-0.267853
37.8110,-8185,-21.428279,-0.267853
37.8210,-8185,-21.428279,-0.267853
37.8310,-8185,-21.428279,-0.267853
37.8410,-8185,-21.428279,-0.267853
37.8520,-8185,-21.428279,-0.267853
37.8610,-8185,-21.428279,-0.267853
37.8710,-8185,-21.428279,-0.267853
37.8810,-8185,-21.428279,-0.267853
37.8910,-8185,-21.428279,-0.267853
37.9010,-8185,-21.428279,-0.267853
37.9110,-8185,-21.428279,-0.267853
37.9210,-8185,-21.428279,-0.267853
37.9310,-8185,-21.428279,-0.267853
37.9410,-8185,-21.428279,-0.267853
37.9510,-8185,-21.428279,-0.267853
37.9610,-8185,-21.428279,-0.267853
37.9710,-8186,-21.430898,-0.267886
37.9810,-8186,-21.430898,-0.267886
37.9910,-8186,-21.430898,-0.267886
38.0010,-8186,-21.430898,-0.267886
38.0110,-8186,-21.430898,-0.267886
38.0210,-8186,-21.430898,-0.267886
38.0310,-8186,-21.430898,-0.267886
38.0410,-8186,-21.430898,-0.267886
38.0510,-8186,-21.430898,-0.267886
38.0610,-8186,-21.430898,-0.267886
38.0710,-8186,-21.430898,-0.267886
38.0810,-8186,-21.430898,-0.267886
38.0910,-8186,-21.430898,-0.267886
38.1010,-8186,-21.430898,-0.267886
38.1110,-8186,-21.430898,-0.267886
38.1210,-8186,-21.430898,-0.267886
38.1310,-8186,-21.430898,-0.267886
38.1410,-8186,-21.430898,-0.267886
38.1510,-8186,-21.430898,-0.267886
38.1610,-8186,-21.430898,-0.267886
38.1710,-8186,-21.430898,-0.267886
38.1810,-8186,-21.430898,-0.267886
38.1910,-8186,-21.430898,-0.267886
38.2010,-8186,-21.430898,-0.267886
38.2110,-8186,-21.430898,-0.267886
38.2210,-8186,-21.430898,-0.267886
38.2310,-8186,-21.430898,-0.267886
38.2410,-8186,-21.430898,-0.267886
38.2510,-8186,-21.430898,-0.267886
38.2610,-8187,-21.433517,-0.267919
38.2710,-8187,-21.433517,-0.267919
38.2810,-8187,-21.433517,-0.267919
38.2910,-8187,-21.433517,-0.267919
38.3010,-8187,-21.433517,-0.267919
38.3110,-8187,-21.433517,-0.267919
38.3210,-8187,-21.433517,-0.267919
38.3310,-8187,-21.433517,-0.267919
38.3410,-8187,-21.433517,-0.267919
38.3510,-8187,-21.433517,-0.267919
38.3610,-8187,-21.433517,-0.267919
38.3710,-8187,-21.433517,-0.267919
38.3810,-8187,-21.433517,-0.267919
38.3910,-8187,-21.433517,-0.267919
38.4010,-8187,-21.433517,-0.267919
38.4110,-8187,-21.433517,-0.267919
38.4210,-8187,-21.433517,-0.267919
38.4310,-8187,-21.433517,-0.267919
38.4410,-8187,-21.433517,-0.267919
38.4510,-8187,-21.433517,-0.267919
38.4610,-8187,-21.433517,-0.267919
38.4710,-8188,-21.436134,-0.267952
38.4810,-8188,-21.436134,-0.267952
38.4920,-8188,-21.436134,-0.267952
38.5010,-8188,-21.436134,-0.267952
38.5110,-8188,-21.436134,-0.267952
38.5210,-8188,-21.436134,-0.267952
38.5310,-8188,-21.436134,-0.267952
38.5410,-8188,-21.436134,-0.267952
38.5510,-8188,-21.436134,-0.267952
38.5610,-8188,-21.436134,-0.267952
38.5710,-8188,-21.436134,-0.267952
38.5810,-8188,-21.436134,-0.267952
38.5910,-8188,-21.436134,-0.267952
38.6010,-8188,-21.436134,-0.267952
38.6110,-8188,-21.436134,-0.267952
38.6210,-8188,-21.436134,-0.267952
38.6310,-8188,-21.436134,-0.267952
38.6410,-8188,-21.436134,-0.267952
38.6510,-8188,-21.436134,-0.267952
38.6610,-8188,-21.436134,-0.267952
38.6710,-8188,-21.436134,-0.267952
38.6810,-8188,-21.436134,-0.267952
38.6910,-8189,-21.438753,-0.267984
38.7010,-8189,-21.438753,-0.267984
38.7110,-8189,-21.438753,-0.267984
38.7210,-8189,-21.438753,-0.267984
38.7310,-8189,-21.438753,-0.267984
38.7410,-8189,-21.438753,-0.267984
38.7510,-8189,-21.438753,-0.267984
38.7610,-8189,-21.438753,-0.267984
38.7710,-8189,-21.438753,-0.267984
38.7810,-8189,-21.438753,-0.267984
38.7910,-8189,-21.438753,-0.267984
38.8010,-8189,-21.438753,-0.267984
38.8110,-8189,-21.438753,-0.267984
38.8210,-8189,-21.438753,-0.267984
38.8310,-8189,-21.438753,-0.267984
38.8410,-8189,-21.438753,-0.267984
38.8510,-8189,-21.438753,-0.267984
38.8610,-8189,-21.438753,-0.267984
38.8710,-8189,-21.438753,-0.267984
38.8810,-8189,-21.438753,-0.267984
38.8910,-8189,-21.438753,-0.267984
38.9010,-8190,-21.441370,-0.268017
38.9110,-8190,-21.441370,-0.268017
38.9210,-8190,-21.441370,-0.268017
38.9310,-8190,-21.441370,-0.268017
38.9410,-8190,-21.441370,-0.268017
38.9510,-8190,-21.441370,-0.268017
38.9610,-8190,-21.441370,-0.268017
38.9710,-8190,-21.441370,-0.268017
38.9810,-8190,-21.441370,-0.268017
38.9910,-8190,-21.441370,-0.268017
39.0010,-8190,-21.441370,-0.268017
39.0110,-8190,-21.441370,-0.268017
39.0210,-8190,-21.441370,-0.268017
39.0310,-8190,-21.441370,-0.268017
39.0410,-8190,-21.441370,-0.268017
39.0510,-8190,-21.441370,-0.268017
39.0610,-8191,-21.443988,-0.268050
39.0710,-8191,-21.443988,-0.268050
39.0810,-8191,-21.443988,-0.268050
39.0910,-8191,-21.443988,-0.268050
39.1010,-8191,-21.443988,-0.268050
39.1110,-8191,-21.443988,-0.268050
39.1210,-8191,-21.443988,-0.268050
39.1320,-8191,-21.443988,-0.268050
39.1410,-8191,-21.443988,-0.268050
39.1510,-8191,-21.443988,-0.268050
39.1610,-8191,-21.443988,-0.268050
39.1710,-8191,-21.443988,-0.268050
39.1810,-8191,-21.443988,-0.268050
39.1910,-8192,-21.446607,-0.268083
39.2010,-8192,-21.446607,-0.268083
39.2110,-8192,-21.446607,-0.268083
39.2210,-8192,-21.446607,-0.268083
39.2310,-8192,-21.446607,-0.268083
39.2410,-8192,-21.446607,-0.268083
39.2510,-8192,-21.446607,-0.268083
39.2610,-8192,-21.446607,-0.268083
39.2710,-8192,-21.446607,-0.268083
39.2810,-8192,-21.446607,-0.268083
39.2910,-8192,-21.446607,-0.268083
39.3010,-8192,-21.446607,-0.268083
39.3110,-8192,-21.446607,-0.268083
39.3210,-8192,-21.446607,-0.268083
39.3310,-8193,-21.449224,-0.268115
39.3410,-8193,-21.449224,-0.268115
39.3510,-8193,-21.449224,-0.268115
39.3610,-8193,-21.449224,-0.268115
39.3710,-8193,-21.449224,-0.268115
39.3810,-8193,-21.449224,-0.268115
39.3910,-8193,-21.449224,-0.268115
39.4010,-8193,-21.449224,-0.268115
39.4110,-8194,-21.451843,-0.268148
39.4210,-8194,-21.451843,-0.268148
39.4310,-8194,-21.451843,-0.268148
39.4410,-8194,-21.451843,-0.268148
39.4510,-8194,-21.451843,-0.268148
39.4610,-8194,-21.451843,-0.268148
39.4710,-8194,-21.451843,-0.268148
39.4810,-8194,-21.451843,-0.268148
39.4910,-8194,-21.451843,-0.268148
39.5010,-8194,-21.451843,-0.268148
39.5110,-8194,-21.451843,-0.268148
39.5210,-8194,-21.451843,-0.268148
39.5310,-8194,-21.451843,-0.268148
39.5410,-8194,-21.451843,-0.268148
39.5510,-8195,-21.454462,-0.268181
39.5610,-8195,-21.454462,-0.268181
39.5710,-8195,-21.454462,-0.268181
39.5810,-8195,-21.454462,-0.268181
39.5910,-8195,-21.454462,-0.268181
39.6010,-8195,-21.454462,-0.268181
39.6110,-8195,-21.454462,-0.268181
39.6210,-8195,-21.454462,-0.268181
39.6310,-8195,-21.454462,-0.268181
39.6410,-8195,-21.454462,-0.268181
39.6510,-8196,-21.457078,-0.268213
39.6610,-8196,-21.457078,-0.268213
39.6710,-8196,-21.457078,-0.268213
39.6810,-8196,-21.457078,-0.268213
39.6910,-8196,-21.457078,-0.268213
39.7010,-8196,-21.457078,-0.268213
39.7110,-8196,-21.457078,-0.268213
39.7210,-8196,-21.457078,-0.268213
39.7310,-8196,-21.457078,-0.268213
39.7410,-8196,-21.457078,-0.268213
39.7510,-8196,-21.457078,-0.268213
39.7610,-8197,-21.459695,-0.268246
39.7720,-8197,-21.459695,-0.268246
39.7810,-8197,-21.459695,-0.268246
39.7910,-8197,-21.459695,-0.268246
39.8010,-8197,-21.459695,-0.268246
39.8110,-8197,-21.459695,-0.268246
39.8210,-8197,-21.459695,-0.268246
39.8310,-8197,-21.459695,-0.268246
39.8410,-8198,-21.462314,-0.268279
39.8510,-8198,-21.462314,-0.268279
39.8610,-8198,-21.462314,-0.268279
39.8710,-8198,-21.462314,-0.268279
39.8810,-8198,-21.462314,-0.268279
39.8910,-8198,-21.462314,-0.268279
39.9010,-8198,-21.462314,-0.268279
39.9110,-8198,-21.462314,-0.268279
39.9210,-8198,-21.462314,-0.268279
39.9310,-8198,-21.462314,-0.268279
39.9410,-8198,-21.462314,-0.268279
39.9510,-8198,-21.462314,-0.268279
39.9610,-8198,-21.462314,-0.268279
39.9710,-8199,-21.464931,-0.268312
39.9810,-8199,-21.464931,-0.268312
39.9910,-8199,-21.464931,-0.268312
40.0010,-8199,-21.464931,-0.268312
40.0110,-8199,-21.464931,-0.268312
40.0210,-8199,-21.464931,-0.268312
40.0310,-8199,-21.464931,-0.268312
40.0410,-8199,-21.464931,-0.268312
40.0510,-8199,-21.464931,-0.268312
40.0610,-8199,-21.464931,-0.268312
40.0710,-8199,-21.464931,-0.268312
40.0810,-8200,-21.467550,-0.268344
40.0910,-8200,-21.467550,-0.268344
40.1010,-8200,-21.467550,-0.268344
40.1110,-8200,-21.467550,-0.268344
40.1210,-8200,-21.467550,-0.268344
40.1310,-8200,-21.467550,-0.268344
40.1410,-8200,-21.467550,-0.268344
40.1510,-8200,-21.467550,-0.268344
40.1610,-8200,-21.467550,-0.268344
40.1710,-8200,-21.467550,-0.268344
40.1810,-8200,-21.467550,-0.268344
40.1910,-8201,-21.470167,-0.268377
40.2010,-8201,-21.470167,-0.268377
40.2110,-8201,-21.470167,-0.268377
40.2210,-8201,-21.470167,-0.268377
40.2310,-8201,-21.470167,-0.268377
40.2410,-8201,-21.470167,-0.268377
40.2510,-8201,-21.470167,-0.268377
40.2610,-8201,-21.470167,-0.268377
40.2710,-8201,-21.470167,-0.268377
40.2810,-8201,-21.470167,-0.268377
40.2910,-8201,-21.470167,-0.268377
40.3010,-8202,-21.472785,-0.268410
40.3110,-8202,-21.472785,-0.268410
40.3210,-8202,-21.472785,-0.268410
40.3310,-8202,-21.472785,-0.268410
40.3410,-8202,-21.472785,-0.268410
40.3510,-8202,-21.472785,-0.268410
40.3610,-8202,-21.472785,-0.268410
40.3710,-8202,-21.472785,-0.268410
40.3810,-8202,-21.472785,-0.268410
40.3910,-8202,-21.472785,-0.268410
40.4010,-8202,-21.472785,-0.268410
40.4120,-8202,-21.472785,-0.268410
40.4210,-8202,-21.472785,-0.268410
40.4310,-8202,-21.472785,-0.268410
40.4410,-8202,-21.472785,-0.268410
40.4510,-8202,-21.472785,-0.268410
40.4610,-8202,-21.472785,-0.268410
40.4710,-8202,-21.472785,-0.268410
40.4810,-8202,-21.472785,-0.268410
40.4910,-8202,-21.472785,-0.268410
40.5010,-8202,-21.472785,-0.268410
40.5110,-8203,-21.475404,-0.268443
40.5210,-8203,-21.475404,-0.268443
40.5310,-8203,-21.475404,-0.268443
40.5410,-8203,-21.475404,-0.268443
40.5510,-8203,-21.475404,-0.268443
40.5610,-8203,-21.475404,-0.268443
40.5710,-8203,-21.475404,-0.268443
40.5810,-8203,-21.475404,-0.268443
40.5910,-8203,-21.475404,-0.268443
40.6010,-8203,-21.475404,-0.268443
40.6110,-8203,-21.475404,-0.268443
40.6210,-8204,-21.478021,-0.268475
40.6310,-8204,-21.478021,-0.268475
40.6410,-8204,-21.478021,-0.268475
40.6510,-8204,-21.478021,-0.268475
40.6610,-8204,-21.478021,-0.268475
40.6710,-8204,-21.478021,-0.268475
40.6810,-8204,-21.478021,-0.268475
40.6910,-8204,-21.478021,-0.268475
40.7010,-8204,-21.478021,-0.268475
40.7110,-8204,-21.478021,-0.268475
40.7210,-8204,-21.478021,-0.268475
40.7310,-8205,-21.480640,-0.268508
40.7410,-8205,-21.480640,-0.268508
40.7510,-8205,-21.480640,-0.268508
40.7610,-8205,-21.480640,-0.268508
40.7710,-8205,-21.480640,-0.268508
40.7810,-8205,-21.480640,-0.268508
40.7910,-8205,-21.480640,-0.268508
40.8010,-8205,-21.480640,-0.268508
40.8110,-8205,-21.480640,-0.268508
40.8210,-8205,-21.480640,-0.268508
40.8310,-8206,-21.483257,-0.268541
40.8410,-8206,-21.483257,-0.268541
40.8510,-8206,-21.483257,-0.268541
40.8610,-8206,-21.483257,-0.268541
40.8710,-8206,-21.483257,-0.268541
40.8810,-8206,-21.483257,-0.268541
40.8910,-8206,-21.483257,-0.268541
40.9010,-8206,-21.483257,-0.268541
40.9110,-8206,-21.483257,-0.268541
40.9210,-8206,-21.483257,-0.268541
40.9310,-8206,-21.483257,-0.268541
40.9410,-8207,-21.485876,-0.268573
40.9510,-8208,-21.488494,-0.268606
40.9610,-8208,-21.488494,-0.268606
40.9710,-8208,-21.488494,-0.268606
40.9810,-8208,-21.488494,-0.268606
40.9910,-8209,-21.491111,-0.268639
41.0010,-8209,-21.491111,-0.268639
41.0110,-8209,-21.491111,-0.268639
41.0210,-8209,-21.491111,-0.268639
41.0310,-8209,-21.491111,-0.268639
41.0410,-8209,-21.491111,-0.268639
41.0520,-8211,-21.496349,-0.268704
41.0610,-8211,-21.496349,-0.268704
41.0710,-8212,-21.498966,-0.268737
41.0810,-8212,-21.498966,-0.268737
41.0910,-8213,-21.501585,-0.268770
41.1010,-8214,-21.504201,-0.268803
41.1110,-8214,-21.504201,-0.268803
41.1210,-8216,-21.509439,-0.268868
41.1310,-8216,-21.509439,-0.268868
41.1410,-8217,-21.512056,-0.268901
41.1510,-8218,-21.514675,-0.268933
41.1610,-8220,-21.519910,-0.268999
41.1710,-8223,-21.527763,-0.269097
41.1810,-8229,-21.543472,-0.269293
41.1910,-8240,-21.572271,-0.269653
41.2010,-8252,-21.603685,-0.270046
41.2110,-8261,-21.627248,-0.270341
41.2210,-8271,-21.653427,-0.270668
41.2310,-8282,-21.682226,-0.271028
41.2410,-8294,-21.713642,-0.271421
41.2510,-8306,-21.745058,-0.271813
41.2610,-8315,-21.768619,-0.272108
41.2710,-8321,-21.784326,-0.272304
41.2810,-8325,-21.794799,-0.272435
41.2910,-8326,-21.797418,-0.272468
41.3010,-8325,-21.794799,-0.272435
41.3110,-8324,-21.792181,-0.272402
41.3210,-8321,-21.784326,-0.272304
41.3310,-8318,-21.776473,-0.272206
41.3410,-8316,-21.771236,-0.272140
41.3510,-8315,-21.768619,-0.272108
41.3610,-8314,-21.766000,-0.272075
41.3710,-8316,-21.771236,-0.272140
41.3810,-8318,-21.776473,-0.272206
41.3910,-8321,-21.784326,-0.272304
41.4010,-8324,-21.792181,-0.272402
41.4110,-8327,-21.800035,-0.272500
41.4210,-8329,-21.805273,-0.272566
41.4310,-8330,-21.807889,-0.272599
41.4410,-8330,-21.807889,-0.272599
41.4510,-8330,-21.807889,-0.272599
41.4610,-8328,-21.802654,-0.272533
41.4710,-8326,-21.797418,-0.272468
41.4810,-8326,-21.797418,-0.272468
41.4910,-8326,-21.797418,-0.272468
41.5010,-8326,-21.797418,-0.272468
41.5110,-8327,-21.800035,-0.272500
41.5210,-8328,-21.802654,-0.272533
41.5310,-8330,-21.807889,-0.272599
41.5410,-8332,-21.813125,-0.272664
41.5510,-8335,-21.820980,-0.272762
41.5610,-8336,-21.823596,-0.272795
41.5710,-8338,-21.828832,-0.272860
41.5810,-8339,-21.831451,-0.272893
41.5910,-8342,-21.839305,-0.272991
41.6010,-8346,-21.849777,-0.273122
41.6110,-8351,-21.862867,-0.273286
41.6210,-8363,-21.894283,-0.273679
41.6310,-8377,-21.930936,-0.274137
41.6410,-8392,-21.970205,-0.274628
41.6510,-8404,-22.001621,-0.275020
41.6610,-8424,-22.053981,-0.275675
41.6710,-8445,-22.108959,-0.276362
41.6810,-8466,-22.163936,-0.277049
41.6920,-8483,-22.208442,-0.277606
41.7010,-8494,-22.237239,-0.277966
41.7110,-8503,-22.260803,-0.278260
41.7210,-8509,-22.276510,-0.278456
41.7310,-8511,-22.281747,-0.278522
41.7410,-8511,-22.281747,-0.278522
41.7510,-8510,-22.279129,-0.278489
41.7610,-8507,-22.271274,-0.278391
41.7710,-8503,-22.260803,-0.278260
41.7810,-8500,-22.252948,-0.278162
41.7910,-8499,-22.250329,-0.278129
41.8010,-8500,-22.252948,-0.278162
41.8110,-8503,-22.260803,-0.278260
41.8210,-8506,-22.268655,-0.278358
41.8310,-8511,-22.281747,-0.278522
41.8410,-8516,-22.294836,-0.278685
41.8510,-8521,-22.307926,-0.278849
41.8610,-8523,-22.313161,-0.278915
41.8710,-8525,-22.318397,-0.278980
41.8810,-8526,-22.321016,-0.279013
41.8910,-8525,-22.318397,-0.278980
41.9010,-8525,-22.318397,-0.278980
41.9110,-8525,-22.318397,-0.278980
41.9210,-8526,-22.321016,-0.279013
41.9310,-8528,-22.326251,-0.279078
41.9410,-8534,-22.341960,-0.279275
41.9510,-8542,-22.362903,-0.279536
41.9610,-8552,-22.389083,-0.279864
41.9710,-8563,-22.417882,-0.280224
41.9810,-8577,-22.454534,-0.280682
41.9910,-8591,-22.491186,-0.281140
42.0010,-8609,-22.538309,-0.281729
42.0110,-8628,-22.588052,-0.282351
42.0210,-8651,-22.648265,-0.283103
42.0310,-8671,-22.700626,-0.283758
42.0410,-8684,-22.734659,-0.284183
42.0510,-8697,-22.768693,-0.284609
42.0610,-8708,-22.797491,-0.284969
42.0710,-8717,-22.821054,-0.285263
42.0810,-8725,-22.841997,-0.285525
42.0910,-8735,-22.868177,-0.285852
42.1010,-8743,-22.889122,-0.286114
42.1110,-8751,-22.910064,-0.286376
42.1210,-8757,-22.925773,-0.286572
42.1310,-8764,-22.944099,-0.286801
42.1410,-8773,-22.967660,-0.287096
42.1510,-8785,-22.999076,-0.287488
42.1610,-8800,-23.038347,-0.287979
42.1710,-8821,-23.093324,-0.288667
42.1810,-8840,-23.143066,-0.289288
42.1910,-8858,-23.190191,-0.289877
42.2010,-8872,-23.226842,-0.290336
42.2110,-8884,-23.258256,-0.290728
42.2210,-8895,-23.287055,-0.291088
42.2310,-8902,-23.305383,-0.291317
42.2410,-8907,-23.318471,-0.291481
42.2510,-8909,-23.323707,-0.291546
42.2610,-8908,-23.321088,-0.291514
42.2710,-8906,-23.315853,-0.291448
42.2810,-8902,-23.305383,-0.291317
42.2910,-8900,-23.300146,-0.291252
42.3010,-8898,-23.294910,-0.291186
42.3110,-8898,-23.294910,-0.291186
42.3210,-8900,-23.300146,-0.291252
42.3320,-8903,-23.308000,-0.291350
42.3410,-8908,-23.321088,-0.291514
42.3510,-8914,-23.336797,-0.291710
42.3610,-8919,-23.349887,-0.291874
42.3710,-8923,-23.360361,-0.292005
42.3810,-8926,-23.368213,-0.292103
42.3910,-8929,-23.376068,-0.292201
42.4010,-8930,-23.378684,-0.292234
42.4110,-8930,-23.378684,-0.292234
42.4210,-8928,-23.373449,-0.292168
42.4310,-8927,-23.370832,-0.292135
42.4410,-8926,-23.368213,-0.292103
42.4510,-8926,-23.368213,-0.292103
42.4610,-8926,-23.368213,-0.292103
42.4710,-8927,-23.370832,-0.292135
42.4810,-8929,-23.376068,-0.292201
42.4910,-8931,-23.381303,-0.292266
42.5010,-8934,-23.389158,-0.292364
42.5110,-8936,-23.394393,-0.292430
42.5210,-8938,-23.399629,-0.292495
42.5310,-8940,-23.404865,-0.292561
42.5410,-8942,-23.410102,-0.292626
42.5510,-8942,-23.410102,-0.292626
42.5610,-8944,-23.415338,-0.292692
42.5710,-8945,-23.417957,-0.292724
42.5810,-8946,-23.420574,-0.292757
42.5910,-8947,-23.423192,-0.292790
42.6010,-8948,-23.425809,-0.292823
42.6110,-8949,-23.428428,-0.292855
42.6210,-8951,-23.433664,-0.292921
42.6310,-8954,-23.441516,-0.293019
42.6410,-8958,-23.451990,-0.293150
42.6510,-8965,-23.470315,-0.293379
42.6610,-8974,-23.493877,-0.293673
42.6710,-8989,-23.533147,-0.294164
42.6810,-9002,-23.567180,-0.294590
42.6910,-9019,-23.611686,-0.295146
42.7010,-9037,-23.658811,-0.295735
42.7110,-9059,-23.716407,-0.296455
42.7210,-9079,-23.768768,-0.297110
42.7310,-9099,-23.821126,-0.297764
42.7410,-9118,-23.870868,-0.298386
42.7510,-9136,-23.917991,-0.298975
42.7610,-9149,-23.952026,-0.299400
42.7710,-9162,-23.986061,-0.299826
42.7810,-9174,-24.017477,-0.300218
42.7910,-9184,-24.043655,-0.300546
42.8010,-9191,-24.061983,-0.300775
42.8110,-9197,-24.077690,-0.300971
42.8210,-9204,-24.096015,-0.301200
42.8310,-9214,-24.122196,-0.301527
42.8410,-9227,-24.156229,-0.301953
42.8510,-9243,-24.198118,-0.302477
42.8610,-9262,-24.247859,-0.303098
42.8710,-9286,-24.310691,-0.303884
42.8810,-9316,-24.389230,-0.304865
42.8910,-9345,-24.465152,-0.305814
42.9010,-9386,-24.572490,-0.307156
42.9110,-9435,-24.700773,-0.308760
42.9210,-9490,-24.844762,-0.310560
42.9310,-9537,-24.967809,-0.312098
42.9410,-9583,-25.088235,-0.313603
42.9510,-9635,-25.224370,-0.315305
42.9610,-9687,-25.360507,-0.317006
42.9720,-9745,-25.512351,-0.318904
42.9810,-9790,-25.630161,-0.320377
42.9910,-9838,-25.755825,-0.321948
43.0010,-9890,-25.891960,-0.323650
43.0110,-9943,-26.030714,-0.325384
43.0210,-9986,-26.143287,-0.326791
43.0310,-10033,-26.266332,-0.328329
43.0410,-10073,-26.371053,-0.329638
43.0510,-10105,-26.454830,-0.330685
43.0610,-10130,-26.520278,-0.331503
43.0710,-10160,-26.598817,-0.332485
43.0810,-10184,-26.661649,-0.333271
43.0910,-10213,-26.737573,-0.334220
43.1010,-10242,-26.813493,-0.335169
43.1110,-10273,-26.894651,-0.336183
43.1210,-10300,-26.965335,-0.337067
43.1310,-10316,-27.007225,-0.337590
43.1410,-10330,-27.043878,-0.338048
43.1510,-10345,-27.083147,-0.338539
43.1610,-10361,-27.125036,-0.339063
43.1710,-10372,-27.153833,-0.339423
43.1810,-10381,-27.177394,-0.339717
43.1910,-10386,-27.190485,-0.339881
43.2010,-10391,-27.203573,-0.340045
43.2110,-10393,-27.208810,-0.340110
43.2210,-10391,-27.203573,-0.340045
43.2310,-10388,-27.195720,-0.339947
43.2410,-10384,-27.185249,-0.339816
43.2510,-10381,-27.177394,-0.339717
43.2610,-10380,-27.174776,-0.339685
43.2710,-10380,-27.174776,-0.339685
43.2810,-10382,-27.180013,-0.339750
43.2910,-10386,-27.190485,-0.339881
43.3010,-10390,-27.200958,-0.340012
43.3110,-10396,-27.216663,-0.340208
43.3210,-10401,-27.229753,-0.340372
43.3310,-10404,-27.237609,-0.340470
43.3410,-10407,-27.245462,-0.340568
43.3510,-10408,-27.248081,-0.340601
43.3610,-10408,-27.248081,-0.340601
43.3710,-10408,-27.248081,-0.340601
43.3810,-10407,-27.245462,-0.340568
43.3910,-10405,-27.240228,-0.340503
43.4010,-10404,-27.237609,-0.340470
43.4110,-10404,-27.237609,-0.340470
43.4210,-10404,-27.237609,-0.340470
43.4310,-10406,-27.242845,-0.340536
43.4410,-10408,-27.248081,-0.340601
43.4510,-10410,-27.253316,-0.340666
43.4610,-10413,-27.261169,-0.340765
43.4710,-10414,-27.263788,-0.340797
43.4810,-10416,-27.269025,-0.340863
43.4910,-10417,-27.271640,-0.340896
43.5010,-10417,-27.271640,-0.340896
43.5110,-10417,-27.271640,-0.340896
43.5210,-10416,-27.269025,-0.340863
43.5310,-10416,-27.269025,-0.340863
43.5410,-10414,-27.263788,-0.340797
43.5510,-10414,-27.263788,-0.340797
43.5610,-10414,-27.263788,-0.340797
43.5710,-10414,-27.263788,-0.340797
43.5810,-10415,-27.266407,-0.340830
43.5910,-10417,-27.271640,-0.340896
43.6010,-10418,-27.274259,-0.340928
43.6120,-10419,-27.276878,-0.340961
43.6210,-10420,-27.279497,-0.340994
43.6310,-10421,-27.282115,-0.341026
43.6410,-10421,-27.282115,-0.341026
43.6510,-10421,-27.282115,-0.341026
43.6610,-10420,-27.279497,-0.340994
43.6710,-10420,-27.279497,-0.340994
43.6810,-10419,-27.276878,-0.340961
43.6910,-10419,-27.276878,-0.340961
43.7010,-10419,-27.276878,-0.340961
43.7110,-10419,-27.276878,-0.340961
43.7210,-10419,-27.276878,-0.340961
43.7310,-10419,-27.276878,-0.340961
43.7410,-10420,-27.279497,-0.340994
43.7510,-10421,-27.282115,-0.341026
43.7610,-10422,-27.284734,-0.341059
43.7710,-10422,-27.284734,-0.341059
43.7810,-10422,-27.284734,-0.341059
43.7910,-10422,-27.284734,-0.341059
43.8010,-10422,-27.284734,-0.341059
43.8110,-10421,-27.282115,-0.341026
43.8210,-10421,-27.282115,-0.341026
43.8310,-10420,-27.279497,-0.340994
43.8410,-10420,-27.279497,-0.340994
43.8510,-10420,-27.279497,-0.340994
43.8610,-10420,-27.279497,-0.340994
43.8710,-10421,-27.282115,-0.341026
43.8810,-10421,-27.282115,-0.341026
43.8910,-10422,-27.284734,-0.341059
43.9010,-10422,-27.284734,-0.341059
43.9110,-10422,-27.284734,-0.341059
43.9210,-10422,-27.284734,-0.341059
43.9310,-10422,-27.284734,-0.341059
43.9410,-10422,-27.284734,-0.341059
43.9510,-10422,-27.284734,-0.341059
43.9610,-10422,-27.284734,-0.341059
43.9710,-10422,-27.284734,-0.341059
43.9810,-10422,-27.284734,-0.341059
43.9910,-10422,-27.284734,-0.341059
44.0010,-10422,-27.284734,-0.341059
44.0110,-10422,-27.284734,-0.341059
44.0210,-10422,-27.284734,-0.341059
44.0310,-10423,-27.287349,-0.341092
44.0410,-10423,-27.287349,-0.341092
44.0510,-10423,-27.287349,-0.341092
44.0610,-10424,-27.289968,-0.341125
44.0710,-10424,-27.289968,-0.341125
44.0810,-10424,-27.289968,-0.341125
44.0910,-10424,-27.289968,-0.341125
44.1010,-10423,-27.287349,-0.341092
44.1110,-10423,-27.287349,-0.341092
44.1210,-10423,-27.287349,-0.341092
44.1310,-10423,-27.287349,-0.341092
44.1410,-10423,-27.287349,-0.341092
44.1510,-10423,-27.287349,-0.341092
44.1610,-10424,-27.289968,-0.341125
44.1710,-10424,-27.289968,-0.341125
44.1810,-10424,-27.289968,-0.341125
44.1910,-10424,-27.289968,-0.341125
44.2010,-10424,-27.289968,-0.341125
44.2110,-10424,-27.289968,-0.341125
44.2210,-10424,-27.289968,-0.341125
44.2310,-10424,-27.289968,-0.341125
44.2410,-10424,-27.289968,-0.341125
44.2520,-10424,-27.289968,-0.341125
44.2610,-10424,-27.289968,-0.341125
44.2710,-10424,-27.289968,-0.341125
44.2810,-10424,-27.289968,-0.341125
44.2910,-10424,-27.289968,-0.341125
44.3010,-10424,-27.289968,-0.341125
44.3110,-10425,-27.292587,-0.341157
44.3210,-10425,-27.292587,-0.341157
44.3310,-10425,-27.292587,-0.341157
44.3410,-10425,-27.292587,-0.341157
44.3510,-10425,-27.292587,-0.341157
44.3610,-10425,-27.292587,-0.341157
44.3710,-10425,-27.292587,-0.341157
44.3810,-10425,-27.292587,-0.341157
44.3910,-10425,-27.292587,-0.341157
44.4010,-10425,-27.292587,-0.341157
44.4110,-10425,-27.292587,-0.341157
44.4210,-10425,-27.292587,-0.341157
44.4310,-10425,-27.292587,-0.341157
44.4410,-10425,-27.292587,-0.341157
44.4510,-10425,-27.292587,-0.341157
44.4610,-10425,-27.292587,-0.341157
44.4710,-10425,-27.292587,-0.341157
44.4810,-10425,-27.292587,-0.341157
44.4910,-10426,-27.295206,-0.341190
44.5010,-10426,-27.295206,-0.341190
44.5110,-10426,-27.295206,-0.341190
44.5210,-10426,-27.295206,-0.341190
44.5310,-10426,-27.295206,-0.341190
44.5410,-10426,-27.295206,-0.341190
44.5510,-10426,-27.295206,-0.341190
44.5610,-10426,-27.295206,-0.341190
44.5710,-10426,-27.295206,-0.341190
44.5810,-10426,-27.295206,-0.341190
44.5910,-10426,-27.295206,-0.341190
44.6010,-10426,-27.295206,-0.341190
44.6110,-10426,-27.295206,-0.341190
44.6210,-10426,-27.295206,-0.341190
44.6310,-10426,-27.295206,-0.341190
44.6410,-10426,-27.295206,-0.341190
44.6510,-10427,-27.297824,-0.341223
44.6610,-10427,-27.297824,-0.341223
44.6710,-10427,-27.297824,-0.341223
44.6810,-10427,-27.297824,-0.341223
44.6910,-10427,-27.297824,-0.341223
44.7010,-10427,-27.297824,-0.341223
44.7110,-10427,-27.297824,-0.341223
44.7210,-10427,-27.297824,-0.341223
44.7310,-10427,-27.297824,-0.341223
44.7410,-10427,-27.297824,-0.341223
44.7510,-10427,-27.297824,-0.341223
44.7610,-10427,-27.297824,-0.341223
44.7710,-10427,-27.297824,-0.341223
44.7810,-10427,-27.297824,-0.341223
44.7910,-10427,-27.297824,-0.341223
44.8010,-10427,-27.297824,-0.341223
44.8110,-10428,-27.300439,-0.341256
44.8210,-10428,-27.300439,-0.341256
44.8310,-10428,-27.300439,-0.341256
44.8410,-10428,-27.300439,-0.341256
44.8510,-10428,-27.300439,-0.341256
44.8610,-10428,-27.300439,-0.341256
44.8710,-10428,-27.300439,-0.341256
44.8810,-10428,-27.300439,-0.341256
44.8920,-10428,-27.300439,-0.341256
44.9010,-10428,-27.300439,-0.341256
44.9110,-10428,-27.300439,-0.341256
44.9210,-10428,-27.300439,-0.341256
44.9310,-10428,-27.300439,-0.341256
44.9410,-10428,-27.300439,-0.341256
44.9510,-10428,-27.300439,-0.341256
44.9610,-10429,-27.303058,-0.341288
44.9710,-10429,-27.303058,-0.341288
44.9810,-10429,-27.303058,-0.341288
44.9910,-10429,-27.303058,-0.341288
45.0010,-10429,-27.303058,-0.341288
45.0110,-10429,-27.303058,-0.341288
45.0210,-10429,-27.303058,-0.341288
45.0310,-10429,-27.303058,-0.341288
45.0410,-10429,-27.303058,-0.341288
45.0510,-10429,-27.303058,-0.341288
45.0610,-10429,-27.303058,-0.341288
45.0710,-10429,-27.303058,-0.341288
45.0810,-10429,-27.303058,-0.341288
45.0910,-10429,-27.303058,-0.341288
45.1010,-10429,-27.303058,-0.341288
45.1110,-10429,-27.303058,-0.341288
45.1210,-10429,-27.303058,-0.341288
45.1310,-10430,-27.305677,-0.341321
45.1410,-10430,-27.305677,-0.341321
45.1510,-10430,-27.305677,-0.341321
45.1610,-10430,-27.305677,-0.341321
45.1710,-10430,-27.305677,-0.341321
45.1810,-10430,-27.305677,-0.341321
45.1910,-10430,-27.305677,-0.341321
45.2010,-10430,-27.305677,-0.341321
45.2110,-10430,-27.305677,-0.341321
45.2210,-10430,-27.305677,-0.341321
45.2310,-10430,-27.305677,-0.341321
45.2410,-10430,-27.305677,-0.341321
45.2510,-10430,-27.305677,-0.341321
45.2610,-10430,-27.305677,-0.341321
45.2710,-10430,-27.305677,-0.341321
45.2810,-10430,-27.305677,-0.341321
45.2910,-10430,-27.305677,-0.341321
45.3010,-10430,-27.305677,-0.341321
45.3110,-10430,-27.305677,-0.341321
45.3210,-10430,-27.305677,-0.341321
45.3310,-10430,-27.305677,-0.341321
45.3410,-10430,-27.305677,-0.341321
45.3510,-10431,-27.308296,-0.341354
45.3610,-10431,-27.308296,-0.341354
45.3710,-10431,-27.308296,-0.341354
45.3810,-10431,-27.308296,-0.341354
45.3910,-10431,-27.308296,-0.341354
45.4010,-10431,-27.308296,-0.341354
45.4110,-10431,-27.308296,-0.341354
45.4210,-10431,-27.308296,-0.341354
45.4310,-10431,-27.308296,-0.341354
45.4410,-10431,-27.308296,-0.341354
45.4510,-10431,-27.308296,-0.341354
45.4610,-10431,-27.308296,-0.341354
45.4710,-10431,-27.308296,-0.341354
45.4810,-10431,-27.308296,-0.341354
45.4910,-10431,-27.308296,-0.341354
45.5010,-10431,-27.308296,-0.341354
45.5110,-10431,-27.308296,-0.341354
45.5210,-10431,-27.308296,-0.341354
45.5320,-10431,-27.308296,-0.341354
45.5410,-10431,-27.308296,-0.341354
45.5510,-10431,-27.308296,-0.341354
45.5610,-10432,-27.310913,-0.341386
45.5710,-10432,-27.310913,-0.341386
45.5810,-10432,-27.310913,-0.341386
45.5910,-10432,-27.310913,-0.341386
45.6010,-10432,-27.310913,-0.341386
45.6110,-10432,-27.310913,-0.341386
45.6210,-10432,-27.310913,-0.341386
45.6310,-10432,-27.310913,-0.341386
45.6410,-10432,-27.310913,-0.341386
45.6510,-10432,-27.310913,-0.341386
45.6610,-10432,-27.310913,-0.341386
45.6710,-10432,-27.310913,-0.341386
45.6810,-10432,-27.310913,-0.341386
45.6910,-10432,-27.310913,-0.341386
45.7010,-10432,-27.310913,-0.341386
45.7110,-10432,-27.310913,-0.341386
45.7210,-10432,-27.310913,-0.341386
45.7310,-10432,-27.310913,-0.341386
45.7410,-10432,-27.310913,-0.341386
45.7510,-10432,-27.310913,-0.341386
45.7610,-10432,-27.310913,-0.341386
45.7710,-10432,-27.310913,-0.341386
45.7810,-10433,-27.313531,-0.341419
45.7910,-10433,-27.313531,-0.341419
45.8010,-10433,-27.313531,-0.341419
45.8110,-10433,-27.313531,-0.341419
45.8210,-10433,-27.313531,-0.341419
45.8310,-10433,-27.313531,-0.341419
45.8410,-10433,-27.313531,-0.341419
45.8510,-10433,-27.313531,-0.341419
45.8610,-10433,-27.313531,-0.341419
45.8710,-10433,-27.313531,-0.341419
45.8810,-10433,-27.313531,-0.341419
45.8910,-10433,-27.313531,-0.341419
45.9010,-10433,-27.313531,-0.341419
45.9110,-10433,-27.313531,-0.341419
45.9210,-10433,-27.313531,-0.341419
45.9310,-10433,-27.313531,-0.341419
45.9410,-10433,-27.313531,-0.341419
45.9510,-10433,-27.313531,-0.341419
45.9610,-10433,-27.313531,-0.341419
45.9710,-10433,-27.313531,-0.341419
45.9810,-10433,-27.313531,-0.341419
45.9910,-10433,-27.313531,-0.341419
46.0010,-10433,-27.313531,-0.341419
46.0110,-10433,-27.313531,-0.341419
46.0210,-10433,-27.313531,-0.341419
46.0310,-10433,-27.313531,-0.341419
46.0410,-10433,-27.313531,-0.341419
46.0510,-10434,-27.316148,-0.341452
46.0610,-10434,-27.316148,-0.341452
46.0710,-10434,-27.316148,-0.341452
46.0810,-10434,-27.316148,-0.341452
46.0910,-10434,-27.316148,-0.341452
46.1010,-10434,-27.316148,-0.341452
46.1110,-10434,-27.316148,-0.341452
46.1210,-10434,-27.316148,-0.341452
46.1310,-10434,-27.316148,-0.341452
46.1410,-10434,-27.316148,-0.341452
46.1510,-10434,-27.316148,-0.341452
46.1610,-10434,-27.316148,-0.341452
46.1720,-10434,-27.316148,-0.341452
46.1810,-10434,-27.316148,-0.341452
46.1910,-10434,-27.316148,-0.341452
46.2010,-10434,-27.316148,-0.341452
46.2110,-10434,-27.316148,-0.341452
46.2210,-10434,-27.316148,-0.341452
46.2310,-10434,-27.316148,-0.341452
46.2410,-10434,-27.316148,-0.341452
46.2510,-10434,-27.316148,-0.341452
46.2610,-10434,-27.316148,-0.341452
46.2710,-10434,-27.316148,-0.341452
46.2810,-10434,-27.316148,-0.341452
46.2910,-10434,-27.316148,-0.341452
46.3010,-10434,-27.316148,-0.341452
46.3110,-10434,-27.316148,-0.341452
46.3210,-10435,-27.318765,-0.341485
46.3310,-10435,-27.318765,-0.341485
46.3410,-10435,-27.318765,-0.341485
46.3510,-10435,-27.318765,-0.341485
46.3610,-10435,-27.318765,-0.341485
46.3710,-10435,-27.318765,-0.341485
46.3810,-10435,-27.318765,-0.341485
46.3910,-10435,-27.318765,-0.341485
46.4010,-10435,-27.318765,-0.341485
46.4110,-10435,-27.318765,-0.341485
46.4210,-10435,-27.318765,-0.341485
46.4310,-10435,-27.318765,-0.341485
46.4410,-10435,-27.318765,-0.341485
46.4510,-10435,-27.318765,-0.341485
46.4610,-10435,-27.318765,-0.341485
46.4710,-10435,-27.318765,-0.341485
46.4810,-10435,-27.318765,-0.341485
46.4910,-10435,-27.318765,-0.341485
46.5010,-10435,-27.318765,-0.341485
46.5110,-10435,-27.318765,-0.341485
46.5210,-10435,-27.318765,-0.341485
46.5310,-10436,-27.321384,-0.341517
46.5410,-10436,-27.321384,-0.341517
46.5510,-10436,-27.321384,-0.341517
46.5610,-10436,-27.321384,-0.341517
46.5710,-10436,-27.321384,-0.341517
46.5810,-10436,-27.321384,-0.341517
46.5910,-10436,-27.321384,-0.341517
46.6010,-10436,-27.321384,-0.341517
46.6110,-10436,-27.321384,-0.341517
46.6210,-10436,-27.321384,-0.341517
46.6310,-10436,-27.321384,-0.341517
46.6410,-10436,-27.321384,-0.341517
46.6510,-10436,-27.321384,-0.341517
46.6610,-10436,-27.321384,-0.341517
46.6710,-10437,-27.324003,-0.341550
46.6810,-10437,-27.324003,-0.341550
46.6910,-10437,-27.324003,-0.341550
46.7010,-10437,-27.324003,-0.341550
46.7110,-10437,-27.324003,-0.341550
46.7210,-10437,-27.324003,-0.341550
46.7310,-10437,-27.324003,-0.341550
46.7410,-10437,-27.324003,-0.341550
46.7510,-10437,-27.324003,-0.341550
46.7610,-10437,-27.324003,-0.341550
46.7710,-10437,-27.324003,-0.341550
46.7810,-10437,-27.324003,-0.341550
46.7910,-10437,-27.324003,-0.341550
46.8010,-10438,-27.326622,-0.341583
46.8120,-10438,-27.326622,-0.341583
46.8210,-10438,-27.326622,-0.341583
46.8310,-10438,-27.326622,-0.341583
46.8410,-10438,-27.326622,-0.341583
46.8510,-10438,-27.326622,-0.341583
46.8610,-10438,-27.326622,-0.341583
46.8710,-10438,-27.326622,-0.341583
46.8810,-10438,-27.326622,-0.341583
46.8910,-10438,-27.326622,-0.341583
46.9010,-10438,-27.326622,-0.341583
46.9110,-10438,-27.326622,-0.341583
46.9210,-10438,-27.326622,-0.341583
46.9310,-10438,-27.326622,-0.341583
46.9410,-10438,-27.326622,-0.341583
46.9510,-10438,-27.326622,-0.341583
46.9610,-10439,-27.329236,-0.341615
46.9710,-10439,-27.329236,-0.341615
46.9810,-10439,-27.329236,-0.341615
46.9910,-10439,-27.329236,-0.341615
47.0010,-10439,-27.329236,-0.341615
47.0110,-10439,-27.329236,-0.341615
47.0210,-10439,-27.329236,-0.341615
47.0310,-10439,-27.329236,-0.341615
47.0410,-10439,-27.329236,-0.341615
47.0510,-10439,-27.329236,-0.341615
47.0610,-10439,-27.329236,-0.341615
47.0710,-10440,-27.331855,-0.341648
47.0810,-10440,-27.331855,-0.341648
47.0910,-10440,-27.331855,-0.341648
47.1010,-10440,-27.331855,-0.341648
47.1110,-10440,-27.331855,-0.341648
47.1210,-10440,-27.331855,-0.341648
47.1310,-10440,-27.331855,-0.341648
47.1410,-10440,-27.331855,-0.341648
47.1510,-10440,-27.331855,-0.341648
47.1610,-10440,-27.331855,-0.341648
47.1710,-10440,-27.331855,-0.341648
47.1810,-10440,-27.331855,-0.341648
47.1910,-10440,-27.331855,-0.341648
47.2010,-10440,-27.331855,-0.341648
47.2110,-10440,-27.331855,-0.341648
47.2210,-10441,-27.334474,-0.341681
47.2310,-10441,-27.334474,-0.341681
47.2410,-10441,-27.334474,-0.341681
47.2510,-10441,-27.334474,-0.341681
47.2610,-10441,-27.334474,-0.341681
47.2710,-10441,-27.334474,-0.341681
47.2810,-10441,-27.334474,-0.341681
47.2910,-10441,-27.334474,-0.341681
47.3010,-10441,-27.334474,-0.341681
47.3110,-10441,-27.334474,-0.341681
47.3210,-10441,-27.334474,-0.341681
47.3310,-10441,-27.334474,-0.341681
47.3410,-10441,-27.334474,-0.341681
47.3510,-10441,-27.334474,-0.341681
47.3610,-10441,-27.334474,-0.341681
47.3710,-10441,-27.334474,-0.341681
47.3810,-10441,-27.334474,-0.341681
47.3910,-10442,-27.337093,-0.341714
47.4010,-10442,-27.337093,-0.341714
47.4110,-10442,-27.337093,-0.341714
47.4210,-10442,-27.337093,-0.341714
47.4310,-10442,-27.337093,-0.341714
47.4410,-10442,-27.337093,-0.341714
47.4520,-10442,-27.337093,-0.341714
47.4610,-10442,-27.337093,-0.341714
47.4710,-10442,-27.337093,-0.341714
47.4810,-10442,-27.337093,-0.341714
47.4910,-10442,-27.337093,-0.341714
47.5010,-10442,-27.337093,-0.341714
47.5110,-10442,-27.337093,-0.341714
47.5210,-10442,-27.337093,-0.341714
47.5310,-10442,-27.337093,-0.341714
47.5410,-10442,-27.337093,-0.341714
47.5510,-10442,-27.337093,-0.341714
47.5610,-10442,-27.337093,-0.341714
47.5710,-10442,-27.337093,-0.341714
47.5810,-10442,-27.337093,-0.341714
47.5910,-10442,-27.337093,-0.341714
47.6010,-10443,-27.339712,-0.341746
47.6110,-10443,-27.339712,-0.341746
47.6210,-10443,-27.339712,-0.341746
47.6310,-10443,-27.339712,-0.341746
47.6410,-10443,-27.339712,-0.341746
47.6510,-10443,-27.339712,-0.341746
47.6610,-10443,-27.339712,-0.341746
47.6710,-10443,-27.339712,-0.341746
47.6810,-10443,-27.339712,-0.341746
47.6910,-10443,-27.339712,-0.341746
47.7010,-10443,-27.339712,-0.341746
47.7110,-10443,-27.339712,-0.341746
47.7210,-10443,-27.339712,-0.341746
47.7310,-10443,-27.339712,-0.341746
47.7410,-10443,-27.339712,-0.341746
47.7510,-10443,-27.339712,-0.341746
47.7610,-10443,-27.339712,-0.341746
47.7710,-10443,-27.339712,-0.341746
47.7810,-10443,-27.339712,-0.341746
47.7910,-10444,-27.342327,-0.341779
47.8010,-10444,-27.342327,-0.341779
47.8110,-10444,-27.342327,-0.341779
47.8210,-10444,-27.342327,-0.341779
47.8310,-10444,-27.342327,-0.341779
47.8410,-10444,-27.342327,-0.341779
47.8510,-10444,-27.342327,-0.341779
47.8610,-10444,-27.342327,-0.341779
47.8710,-10444,-27.342327,-0.341779
47.8810,-10444,-27.342327,-0.341779
47.8910,-10444,-27.342327,-0.341779
47.9010,-10444,-27.342327,-0.341779
47.9110,-10444,-27.342327,-0.341779
47.9210,-10444,-27.342327,-0.341779
47.9310,-10444,-27.342327,-0.341779
47.9410,-10444,-27.342327,-0.341779
47.9510,-10444,-27.342327,-0.341779
47.9610,-10444,-27.342327,-0.341779
47.9710,-10444,-27.342327,-0.341779
47.9810,-10444,-27.342327,-0.341779
47.9910,-10445,-27.344945,-0.341812
48.0010,-10445,-27.344945,-0.341812
48.0110,-10445,-27.344945,-0.341812
48.0210,-10445,-27.344945,-0.341812
48.0310,-10445,-27.344945,-0.341812
48.0410,-10445,-27.344945,-0.341812
48.0510,-10445,-27.344945,-0.341812
48.0610,-10445,-27.344945,-0.341812
48.0710,-10445,-27.344945,-0.341812
48.0810,-10445,-27.344945,-0.341812
48.0920,-10445,-27.344945,-0.341812
48.1010,-10445,-27.344945,-0.341812
48.1110,-10445,-27.344945,-0.341812
48.1210,-10445,-27.344945,-0.341812
48.1310,-10445,-27.344945,-0.341812
48.1410,-10445,-27.344945,-0.341812
48.1510,-10445,-27.344945,-0.341812
48.1610,-10445,-27.344945,-0.341812
48.1710,-10445,-27.344945,-0.341812
48.1810,-10445,-27.344945,-0.341812
48.1910,-10445,-27.344945,-0.341812
48.2010,-10445,-27.344945,-0.341812
48.2110,-10445,-27.344945,-0.341812
48.2210,-10446,-27.347564,-0.341845
48.2310,-10446,-27.347564,-0.341845
48.2410,-10446,-27.347564,-0.341845
48.2510,-10446,-27.347564,-0.341845
48.2610,-10446,-27.347564,-0.341845
48.2710,-10446,-27.347564,-0.341845
48.2810,-10446,-27.347564,-0.341845
48.2910,-10446,-27.347564,-0.341845
48.3010,-10446,-27.347564,-0.341845
48.3110,-10446,-27.347564,-0.341845
48.3210,-10446,-27.347564,-0.341845
48.3310,-10446,-27.347564,-0.341845
48.3410,-10446,-27.347564,-0.341845
48.3510,-10446,-27.347564,-0.341845
48.3610,-10446,-27.347564,-0.341845
48.3710,-10446,-27.347564,-0.341845
48.3810,-10446,-27.347564,-0.341845
48.3910,-10446,-27.347564,-0.341845
48.4010,-10446,-27.347564,-0.341845
48.4110,-10446,-27.347564,-0.341845
48.4210,-10446,-27.347564,-0.341845
48.4310,-10446,-27.347564,-0.341845
48.4410,-10446,-27.347564,-0.341845
48.4510,-10446,-27.347564,-0.341845
48.4610,-10446,-27.347564,-0.341845
48.4710,-10447,-27.350183,-0.341877
48.4810,-10447,-27.350183,-0.341877
48.4910,-10447,-27.350183,-0.341877
48.5010,-10447,-27.350183,-0.341877
48.5110,-10447,-27.350183,-0.341877
48.5210,-10447,-27.350183,-0.341877
48.5310,-10447,-27.350183,-0.341877
48.5410,-10447,-27.350183,-0.341877
48.5510,-10447,-27.350183,-0.341877
48.5610,-10447,-27.350183,-0.341877
48.5710,-10447,-27.350183,-0.341877
48.5810,-10447,-27.350183,-0.341877
48.5910,-10447,-27.350183,-0.341877
48.6010,-10447,-27.350183,-0.341877
48.6110,-10447,-27.350183,-0.341877
48.6210,-10447,-27.350183,-0.341877
48.6310,-10447,-27.350183,-0.341877
48.6410,-10447,-27.350183,-0.341877
48.6510,-10447,-27.350183,-0.341877
48.6610,-10447,-27.350183,-0.341877
48.6710,-10447,-27.350183,-0.341877
48.6810,-10448,-27.352802,-0.341910
48.6910,-10448,-27.352802,-0.341910
48.7010,-10448,-27.352802,-0.341910
48.7110,-10448,-27.352802,-0.341910
48.7210,-10448,-27.352802,-0.341910
48.7320,-10448,-27.352802,-0.341910
48.7410,-10448,-27.352802,-0.341910
48.7510,-10448,-27.352802,-0.341910
48.7610,-10448,-27.352802,-0.341910
48.7710,-10448,-27.352802,-0.341910
48.7810,-10448,-27.352802,-0.341910
48.7910,-10449,-27.355421,-0.341943
48.8010,-10449,-27.355421,-0.341943
48.8110,-10449,-27.355421,-0.341943
48.8210,-10449,-27.355421,-0.341943
48.8310,-10449,-27.355421,-0.341943
48.8410,-10449,-27.355421,-0.341943
48.8510,-10449,-27.355421,-0.341943
48.8610,-10449,-27.355421,-0.341943
48.8710,-10449,-27.355421,-0.341943
48.8810,-10449,-27.355421,-0.341943
48.8910,-10449,-27.355421,-0.341943
48.9010,-10450,-27.358036,-0.341975
48.9110,-10450,-27.358036,-0.341975
48.9210,-10450,-27.358036,-0.341975
48.9310,-10450,-27.358036,-0.341975
48.9410,-10450,-27.358036,-0.341975
48.9510,-10450,-27.358036,-0.341975
48.9610,-10450,-27.358036,-0.341975
48.9710,-10450,-27.358036,-0.341975
48.9810,-10450,-27.358036,-0.341975
48.9910,-10450,-27.358036,-0.341975
49.0010,-10450,-27.358036,-0.341975
49.0110,-10450,-27.358036,-0.341975
49.0210,-10450,-27.358036,-0.341975
49.0310,-10450,-27.358036,-0.341975
49.0410,-10450,-27.358036,-0.341975
49.0510,-10450,-27.358036,-0.341975
49.0610,-10450,-27.358036,-0.341975
49.0710,-10450,-27.358036,-0.341975
49.0810,-10450,-27.358036,-0.341975
49.0910,-10450,-27.358036,-0.341975
49.1010,-10450,-27.358036,-0.341975
49.1110,-10451,-27.360654,-0.342008
49.1210,-10451,-27.360654,-0.342008
49.1310,-10451,-27.360654,-0.342008
49.1410,-10451,-27.360654,-0.342008
49.1510,-10451,-27.360654,-0.342008
49.1610,-10451,-27.360654,-0.342008
49.1710,-10451,-27.360654,-0.342008
49.1810,-10451,-27.360654,-0.342008
49.1910,-10452,-27.363273,-0.342041
49.2010,-10452,-27.363273,-0.342041
49.2110,-10452,-27.363273,-0.342041
49.2210,-10452,-27.363273,-0.342041
49.2310,-10452,-27.363273,-0.342041
49.2410,-10452,-27.363273,-0.342041
49.2510,-10452,-27.363273,-0.342041
49.2610,-10452,-27.363273,-0.342041
49.2710,-10452,-27.363273,-0.342041
49.2810,-10452,-27.363273,-0.342041
49.2910,-10452,-27.363273,-0.342041
49.3010,-10452,-27.363273,-0.342041
49.3110,-10452,-27.363273,-0.342041
49.3210,-10453,-27.365890,-0.342074
49.3310,-10453,-27.365890,-0.342074
49.3410,-10453,-27.365890,-0.342074
49.3510,-10453,-27.365890,-0.342074
49.3610,-10453,-27.365890,-0.342074
49.3720,-10453,-27.365890,-0.342074
49.3810,-10453,-27.365890,-0.342074
49.3910,-10453,-27.365890,-0.342074
49.4010,-10453,-27.365890,-0.342074
49.4110,-10453,-27.365890,-0.342074
49.4210,-10453,-27.365890,-0.342074
49.4310,-10454,-27.368509,-0.342106
49.4410,-10454,-27.368509,-0.342106
49.4510,-10454,-27.368509,-0.342106
49.4610,-10454,-27.368509,-0.342106
49.4710,-10454,-27.368509,-0.342106
49.4810,-10454,-27.368509,-0.342106
49.4910,-10454,-27.368509,-0.342106
49.5010,-10454,-27.368509,-0.342106
49.5110,-10454,-27.368509,-0.342106
49.5210,-10454,-27.368509,-0.342106
49.5310,-10454,-27.368509,-0.342106
49.5410,-10455,-27.371126,-0.342139
49.5510,-10455,-27.371126,-0.342139
49.5610,-10455,-27.371126,-0.342139
49.5710,-10455,-27.371126,-0.342139
49.5810,-10456,-27.373744,-0.342172
49.5910,-10456,-27.373744,-0.342172
49.6010,-10456,-27.373744,-0.342172
49.6110,-10456,-27.373744,-0.342172
49.6210,-10456,-27.373744,-0.342172
49.6310,-10456,-27.373744,-0.342172
49.6410,-10456,-27.373744,-0.342172
49.6510,-10457,-27.376361,-0.342205
49.6610,-10457,-27.376361,-0.342205
49.6710,-10457,-27.376361,-0.342205
49.6810,-10457,-27.376361,-0.342205
49.6910,-10458,-27.378980,-0.342237
49.7010,-10458,-27.378980,-0.342237
49.7110,-10458,-27.378980,-0.342237
49.7210,-10458,-27.378980,-0.342237
49.7310,-10458,-27.378980,-0.342237
49.7410,-10458,-27.378980,-0.342237
49.7510,-10459,-27.381599,-0.342270
49.7610,-10460,-27.384214,-0.342303
49.7710,-10460,-27.384214,-0.342303
49.7810,-10460,-27.384214,-0.342303
49.7910,-10461,-27.386833,-0.342335
49.8010,-10461,-27.386833,-0.342335
49.8110,-10462,-27.389451,-0.342368
49.8210,-10463,-27.392070,-0.342401
49.8310,-10463,-27.392070,-0.342401
49.8410,-10464,-27.394689,-0.342434
49.8510,-10465,-27.397308,-0.342466
49.8610,-10466,-27.399923,-0.342499
49.8710,-10469,-27.407779,-0.342597
49.8810,-10471,-27.413013,-0.342663
49.8910,-10474,-27.420869,-0.342761
49.9010,-10477,-27.428722,-0.342859
49.9110,-10481,-27.439195,-0.342990
49.9210,-10486,-27.452285,-0.343154
49.9310,-10491,-27.465375,-0.343317
49.9410,-10498,-27.483699,-0.343546
49.9510,-10506,-27.504644,-0.343808
49.9610,-10515,-27.528205,-0.344103
49.9710,-10524,-27.551769,-0.344397
49.9810,-10534,-27.577949,-0.344724
49.9910,-10544,-27.604129,-0.345052
50.0010,-10553,-27.627689,-0.345346
50.0120,-10560,-27.646017,-0.345575
50.0210,-10565,-27.659107,-0.345739
50.0310,-10571,-27.674814,-0.345935
50.0410,-10579,-27.695756,-0.346197
50.0510,-10586,-27.714084,-0.346426
50.0610,-10592,-27.729791,-0.346622
50.0710,-10601,-27.753353,-0.346917
50.0810,-10615,-27.790006,-0.347375
50.0910,-10632,-27.834510,-0.347931
50.1010,-10653,-27.889488,-0.348619
50.1110,-10682,-27.965412,-0.349568
50.1210,-10722,-28.070133,-0.350877
50.1310,-10766,-28.185321,-0.352317
50.1410,-10801,-28.276952,-0.353462
50.1510,-10846,-28.394762,-0.354935
50.1610,-10890,-28.509954,-0.356374
50.1710,-10932,-28.619909,-0.357749
50.1810,-10973,-28.727249,-0.359091
50.1910,-11013,-28.831966,-0.360400
50.2010,-11053,-28.936687,-0.361709
50.2110,-11089,-29.030935,-0.362887
50.2210,-11125,-29.125181,-0.364065
50.2310,-11156,-29.206342,-0.365079
50.2410,-11187,-29.287498,-0.366094
50.2510,-11222,-29.379127,-0.367239
50.2610,-11261,-29.481229,-0.368515
50.2710,-11294,-29.567625,-0.369595
50.2810,-11337,-29.680198,-0.371003
50.2910,-11386,-29.808481,-0.372606
50.3010,-11432,-29.928907,-0.374111
50.3110,-11468,-30.023153,-0.375289
50.3210,-11505,-30.120019,-0.376500
50.3310,-11546,-30.227359,-0.377842
50.3410,-11580,-30.316368,-0.378955
50.3510,-11606,-30.384439,-0.379806
50.3610,-11610,-30.394910,-0.379936
50.3710,-11612,-30.400144,-0.380002
50.3810,-11609,-30.392292,-0.379904
50.3910,-11602,-30.373964,-0.379675
50.4010,-11595,-30.355640,-0.379446
50.4110,-11585,-30.329458,-0.379118
50.4210,-11575,-30.303279,-0.378791
50.4310,-11568,-30.284955,-0.378562
50.4410,-11564,-30.274480,-0.378431
50.4510,-11563,-30.271865,-0.378398
50.4610,-11566,-30.279718,-0.378497
50.4710,-11572,-30.295425,-0.378693
50.4810,-11579,-30.313753,-0.378922
50.4910,-11587,-30.334695,-0.379184
50.5010,-11595,-30.355640,-0.379446
50.5110,-11601,-30.371345,-0.379642
50.5210,-11604,-30.379201,-0.379740
50.5310,-11604,-30.379201,-0.379740
50.5410,-11601,-30.371345,-0.379642
50.5510,-11595,-30.355640,-0.379446
50.5610,-11589,-30.339933,-0.379249
50.5710,-11583,-30.324224,-0.379053
50.5810,-11578,-30.311134,-0.378889
50.5910,-11575,-30.303279,-0.378791
50.6010,-11574,-30.300662,-0.378758
50.6110,-11575,-30.303279,-0.378791
50.6210,-11578,-30.311134,-0.378889
50.6310,-11583,-30.324224,-0.379053
50.6410,-11589,-30.339933,-0.379249
50.6520,-11594,-30.353021,-0.379413
50.6610,-11597,-30.360876,-0.379511
50.6710,-11599,-30.366111,-0.379576
50.6810,-11599,-30.366111,-0.379576
50.6910,-11598,-30.363492,-0.379544
50.7010,-11594,-30.353021,-0.379413
50.7110,-11590,-30.342552,-0.379282
50.7210,-11586,-30.332077,-0.379151
50.7310,-11582,-30.321605,-0.379020
50.7410,-11580,-30.316368,-0.378955
50.7510,-11580,-30.316368,-0.378955
50.7610,-11580,-30.316368,-0.378955
50.7710,-11583,-30.324224,-0.379053
50.7810,-11586,-30.332077,-0.379151
50.7910,-11590,-30.342552,-0.379282
50.8010,-11593,-30.350404,-0.379380
50.8110,-11596,-30.358257,-0.379478
50.8210,-11597,-30.360876,-0.379511
50.8310,-11598,-30.363492,-0.379544
50.8410,-11596,-30.358257,-0.379478
50.8510,-11594,-30.353021,-0.379413
50.8610,-11591,-30.345167,-0.379315
50.8710,-11588,-30.337314,-0.379216
50.8810,-11586,-30.332077,-0.379151
50.8910,-11585,-30.329458,-0.379118
50.9010,-11584,-30.326843,-0.379086
50.9110,-11585,-30.329458,-0.379118
50.9210,-11587,-30.334695,-0.379184
50.9310,-11589,-30.339933,-0.379249
50.9410,-11592,-30.347785,-0.379347
50.9510,-11594,-30.353021,-0.379413
50.9610,-11596,-30.358257,-0.379478
50.9710,-11596,-30.358257,-0.379478
50.9810,-11596,-30.358257,-0.379478
50.9910,-11595,-30.355640,-0.379446
51.0010,-11593,-30.350404,-0.379380
51.0110,-11591,-30.345167,-0.379315
51.0210,-11589,-30.339933,-0.379249
51.0310,-11588,-30.337314,-0.379216
51.0410,-11587,-30.334695,-0.379184
51.0510,-11587,-30.334695,-0.379184
51.0610,-11587,-30.334695,-0.379184
51.0710,-11589,-30.339933,-0.379249
51.0810,-11590,-30.342552,-0.379282
51.0910,-11592,-30.347785,-0.379347
51.1010,-11594,-30.353021,-0.379413
51.1110,-11595,-30.355640,-0.379446
51.1210,-11595,-30.355640,-0.379446
51.1310,-11595,-30.355640,-0.379446
51.1410,-11594,-30.353021,-0.379413
51.1510,-11593,-30.350404,-0.379380
51.1610,-11591,-30.345167,-0.379315
51.1710,-11590,-30.342552,-0.379282
51.1810,-11589,-30.339933,-0.379249
51.1910,-11589,-30.339933,-0.379249
51.2010,-11589,-30.339933,-0.379249
51.2110,-11589,-30.339933,-0.379249
51.2210,-11590,-30.342552,-0.379282
51.2310,-11592,-30.347785,-0.379347
51.2410,-11593,-30.350404,-0.379380
51.2510,-11594,-30.353021,-0.379413
51.2610,-11595,-30.355640,-0.379446
51.2710,-11595,-30.355640,-0.379446
51.2810,-11595,-30.355640,-0.379446
51.2920,-11594,-30.353021,-0.379413
51.3010,-11593,-30.350404,-0.379380
51.3110,-11592,-30.347785,-0.379347
51.3210,-11591,-30.345167,-0.379315
51.3310,-11591,-30.345167,-0.379315
51.3410,-11591,-30.345167,-0.379315
51.3510,-11591,-30.345167,-0.379315
51.3610,-11591,-30.345167,-0.379315
51.3710,-11592,-30.347785,-0.379347
51.3810,-11593,-30.350404,-0.379380
51.3910,-11594,-30.353021,-0.379413
51.4010,-11595,-30.355640,-0.379446
51.4110,-11595,-30.355640,-0.379446
51.4210,-11595,-30.355640,-0.379446
51.4310,-11595,-30.355640,-0.379446
51.4410,-11594,-30.353021,-0.379413
51.4510,-11593,-30.350404,-0.379380
51.4610,-11593,-30.350404,-0.379380
51.4710,-11592,-30.347785,-0.379347
51.4810,-11592,-30.347785,-0.379347
51.4910,-11592,-30.347785,-0.379347
51.5010,-11592,-30.347785,-0.379347
51.5110,-11593,-30.350404,-0.379380
51.5210,-11593,-30.350404,-0.379380
51.5310,-11594,-30.353021,-0.379413
51.5410,-11594,-30.353021,-0.379413
51.5510,-11595,-30.355640,-0.379446
51.5610,-11595,-30.355640,-0.379446
51.5710,-11595,-30.355640,-0.379446
51.5810,-11595,-30.355640,-0.379446
51.5910,-11594,-30.353021,-0.379413
51.6010,-11594,-30.353021,-0.379413
51.6110,-11594,-30.353021,-0.379413
51.6210,-11593,-30.350404,-0.379380
51.6310,-11593,-30.350404,-0.379380
51.6410,-11593,-30.350404,-0.379380
51.6510,-11594,-30.353021,-0.379413
51.6610,-11594,-30.353021,-0.379413
51.6710,-11594,-30.353021,-0.379413
51.6810,-11595,-30.355640,-0.379446
51.6910,-11595,-30.355640,-0.379446
51.7010,-11595,-30.355640,-0.379446
51.7110,-11596,-30.358257,-0.379478
51.7210,-11596,-30.358257,-0.379478
51.7310,-11595,-30.355640,-0.379446
51.7410,-11595,-30.355640,-0.379446
51.7510,-11595,-30.355640,-0.379446
51.7610,-11595,-30.355640,-0.379446
51.7710,-11594,-30.353021,-0.379413
51.7810,-11594,-30.353021,-0.379413
51.7910,-11594,-30.353021,-0.379413
51.8010,-11595,-30.355640,-0.379446
51.8110,-11595,-30.355640,-0.379446
51.8210,-11596,-30.358257,-0.379478
51.8310,-11596,-30.358257,-0.379478
51.8410,-11596,-30.358257,-0.379478
51.8510,-11596,-30.358257,-0.379478
51.8610,-11596,-30.358257,-0.379478
51.8710,-11596,-30.358257,-0.379478
51.8810,-11596,-30.358257,-0.379478
51.8910,-11596,-30.358257,-0.379478
51.9010,-11595,-30.355640,-0.379446
51.9110,-11595,-30.355640,-0.379446
51.9210,-11595,-30.355640,-0.379446
51.9320,-11596,-30.358257,-0.379478
51.9410,-11596,-30.358257,-0.379478
51.9510,-11596,-30.358257,-0.379478
51.9610,-11596,-30.358257,-0.379478
51.9710,-11596,-30.358257,-0.379478
51.9810,-11597,-30.360876,-0.379511
51.9910,-11597,-30.360876,-0.379511
52.0010,-11597,-30.360876,-0.379511
52.0110,-11597,-30.360876,-0.379511
52.0210,-11597,-30.360876,-0.379511
52.0310,-11597,-30.360876,-0.379511
52.0410,-11597,-30.360876,-0.379511
52.0510,-11597,-30.360876,-0.379511
52.0610,-11597,-30.360876,-0.379511
52.0710,-11597,-30.360876,-0.379511
52.0810,-11597,-30.360876,-0.379511
52.0910,-11597,-30.360876,-0.379511
52.1010,-11597,-30.360876,-0.379511
52.1110,-11597,-30.360876,-0.379511
52.1210,-11598,-30.363492,-0.379544
52.1310,-11598,-30.363492,-0.379544
52.1410,-11598,-30.363492,-0.379544
52.1510,-11598,-30.363492,-0.379544
52.1610,-11598,-30.363492,-0.379544
52.1710,-11598,-30.363492,-0.379544
52.1810,-11598,-30.363492,-0.379544
52.1910,-11598,-30.363492,-0.379544
52.2010,-11598,-30.363492,-0.379544
52.2110,-11598,-30.363492,-0.379544
52.2210,-11598,-30.363492,-0.379544
52.2310,-11600,-30.368730,-0.379609
52.2410,-11600,-30.368730,-0.379609
52.2510,-11600,-30.368730,-0.379609
52.2610,-11600,-30.368730,-0.379609
52.2710,-11600,-30.368730,-0.379609
52.2810,-11600,-30.368730,-0.379609
52.2910,-11600,-30.368730,-0.379609
52.3010,-11601,-30.371345,-0.379642
52.3110,-11601,-30.371345,-0.379642
52.3210,-11601,-30.371345,-0.379642
52.3310,-11601,-30.371345,-0.379642
52.3410,-11601,-30.371345,-0.379642
52.3510,-11601,-30.371345,-0.379642
52.3610,-11601,-30.371345,-0.379642
52.3710,-11601,-30.371345,-0.379642
52.3810,-11601,-30.371345,-0.379642
52.3910,-11601,-30.371345,-0.379642
52.4010,-11602,-30.373964,-0.379675
52.4110,-11602,-30.373964,-0.379675
52.4210,-11602,-30.373964,-0.379675
52.4310,-11602,-30.373964,-0.379675
52.4410,-11603,-30.376583,-0.379707
52.4510,-11603,-30.376583,-0.379707
52.4610,-11603,-30.376583,-0.379707
52.4710,-11605,-30.381820,-0.379773
52.4810,-11608,-30.389673,-0.379871
52.4910,-11610,-30.394910,-0.379936
52.5010,-11611,-30.397529,-0.379969
52.5110,-11613,-30.402763,-0.380035
52.5210,-11614,-30.405382,-0.380067
52.5310,-11615,-30.408000,-0.380100
52.5410,-11616,-30.410617,-0.380133
52.5510,-11618,-30.415853,-0.380198
52.5610,-11619,-30.418472,-0.380231
52.5720,-11619,-30.418472,-0.380231
52.5810,-11619,-30.418472,-0.380231
52.5910,-11618,-30.415853,-0.380198
52.6010,-11618,-30.415853,-0.380198
52.6110,-11618,-30.415853,-0.380198
52.6210,-11618,-30.415853,-0.380198
52.6310,-11618,-30.415853,-0.380198
52.6410,-11618,-30.415853,-0.380198
52.6510,-11619,-30.418472,-0.380231
52.6610,-11620,-30.421089,-0.380264
52.6710,-11621,-30.423707,-0.380296
52.6810,-11622,-30.426326,-0.380329
52.6910,-11623,-30.428941,-0.380362
52.7010,-11623,-30.428941,-0.380362
52.7110,-11624,-30.431560,-0.380395
52.7210,-11625,-30.434179,-0.380427
52.7310,-11627,-30.439416,-0.380493
52.7410,-11629,-30.444650,-0.380558
52.7510,-11630,-30.447269,-0.380591
52.7610,-11632,-30.452507,-0.380656
52.7710,-11634,-30.457740,-0.380722
52.7810,-11636,-30.462978,-0.380787
52.7910,-11638,-30.468214,-0.380853
52.8010,-11640,-30.473449,-0.380918
52.8110,-11641,-30.476066,-0.380951
52.8210,-11642,-30.478685,-0.380984
52.8310,-11642,-30.478685,-0.380984
52.8410,-11642,-30.478685,-0.380984
52.8510,-11642,-30.478685,-0.380984
52.8610,-11641,-30.476066,-0.380951
52.8710,-11641,-30.476066,-0.380951
52.8810,-11641,-30.476066,-0.380951
52.8910,-11640,-30.473449,-0.380918
52.9010,-11640,-30.473449,-0.380918
52.9110,-11640,-30.473449,-0.380918
52.9210,-11641,-30.476066,-0.380951
52.9310,-11642,-30.478685,-0.380984
52.9410,-11643,-30.481304,-0.381016
52.9510,-11643,-30.481304,-0.381016
52.9610,-11644,-30.483921,-0.381049
52.9710,-11644,-30.483921,-0.381049
52.9810,-11645,-30.486537,-0.381082
52.9910,-11645,-30.486537,-0.381082
53.0010,-11645,-30.486537,-0.381082
53.0110,-11645,-30.486537,-0.381082
53.0210,-11644,-30.483921,-0.381049
53.0310,-11644,-30.483921,-0.381049
53.0410,-11644,-30.483921,-0.381049
53.0510,-11644,-30.483921,-0.381049
53.0610,-11644,-30.483921,-0.381049
53.0710,-11644,-30.483921,-0.381049
53.0810,-11645,-30.486537,-0.381082
53.0910,-11646,-30.489156,-0.381114
53.1010,-11646,-30.489156,-0.381114
53.1110,-11647,-30.491775,-0.381147
53.1210,-11647,-30.491775,-0.381147
53.1310,-11647,-30.491775,-0.381147
53.1410,-11647,-30.491775,-0.381147
53.1510,-11647,-30.491775,-0.381147
53.1610,-11647,-30.491775,-0.381147
53.1710,-11646,-30.489156,-0.381114
53.1810,-11646,-30.489156,-0.381114
53.1910,-11646,-30.489156,-0.381114
53.2010,-11647,-30.491775,-0.381147
53.2120,-11647,-30.491775,-0.381147
53.2210,-11647,-30.491775,-0.381147
53.2310,-11648,-30.494394,-0.381180
53.2410,-11648,-30.494394,-0.381180
53.2510,-11648,-30.494394,-0.381180
53.2610,-11649,-30.497013,-0.381213
53.2710,-11649,-30.497013,-0.381213
53.2810,-11649,-30.497013,-0.381213
53.2910,-11649,-30.497013,-0.381213
53.3010,-11649,-30.497013,-0.381213
53.3110,-11649,-30.497013,-0.381213
53.3210,-11649,-30.497013,-0.381213
53.3310,-11649,-30.497013,-0.381213
53.3410,-11649,-30.497013,-0.381213
53.3510,-11649,-30.497013,-0.381213
53.3610,-11650,-30.499628,-0.381245
53.3710,-11650,-30.499628,-0.381245
53.3810,-11650,-30.499628,-0.381245
53.3910,-11651,-30.502246,-0.381278
53.4010,-11651,-30.502246,-0.381278
53.4110,-11652,-30.504865,-0.381311
53.4210,-11652,-30.504865,-0.381311
53.4310,-11652,-30.504865,-0.381311
53.4410,-11652,-30.504865,-0.381311
53.4510,-11652,-30.504865,-0.381311
53.4610,-11652,-30.504865,-0.381311
53.4710,-11652,-30.504865,-0.381311
53.4810,-11652,-30.504865,-0.381311
53.4910,-11652,-30.504865,-0.381311
53.5010,-11653,-30.507484,-0.381344
53.5110,-11653,-30.507484,-0.381344
53.5210,-11654,-30.510103,-0.381376
53.5310,-11654,-30.510103,-0.381376
53.5410,-11654,-30.510103,-0.381376
53.5510,-11654,-30.510103,-0.381376
53.5610,-11654,-30.510103,-0.381376
53.5710,-11655,-30.512718,-0.381409
53.5810,-11655,-30.512718,-0.381409
53.5910,-11655,-30.512718,-0.381409
53.6010,-11655,-30.512718,-0.381409
53.6110,-11655,-30.512718,-0.381409
53.6210,-11655,-30.512718,-0.381409
53.6310,-11656,-30.515336,-0.381442
53.6410,-11656,-30.515336,-0.381442
53.6510,-11657,-30.517955,-0.381474
53.6610,-11657,-30.517955,-0.381474
53.6710,-11657,-30.517955,-0.381474
53.6810,-11658,-30.520574,-0.381507
53.6910,-11658,-30.520574,-0.381507
53.7010,-11658,-30.520574,-0.381507
53.7110,-11659,-30.523193,-0.381540
53.7210,-11659,-30.523193,-0.381540
53.7310,-11660,-30.525808,-0.381573
53.7410,-11661,-30.528427,-0.381605
53.7510,-11662,-30.531045,-0.381638
53.7610,-11664,-30.536281,-0.381704
53.7710,-11666,-30.541517,-0.381769
53.7810,-11668,-30.546752,-0.381834
53.7910,-11669,-30.549371,-0.381867
53.8010,-11671,-30.554605,-0.381933
53.8110,-11672,-30.557224,-0.381965
53.8210,-11673,-30.559843,-0.381998
53.8310,-11674,-30.562461,-0.382031
53.8410,-11676,-30.567695,-0.382096
53.8520,-11677,-30.570314,-0.382129
53.8610,-11677,-30.570314,-0.382129
53.8710,-11678,-30.572933,-0.382162
53.8810,-11678,-30.572933,-0.382162
53.8910,-11678,-30.572933,-0.382162
53.9010,-11678,-30.572933,-0.382162
53.9110,-11680,-30.578170,-0.382227
53.9210,-11680,-30.578170,-0.382227
53.9310,-11682,-30.583404,-0.382293
53.9410,-11683,-30.586023,-0.382325
53.9510,-11687,-30.596494,-0.382456
53.9610,-11690,-30.604349,-0.382554
53.9710,-11693,-30.612201,-0.382653
53.9810,-11695,-30.617439,-0.382718
53.9910,-11698,-30.625291,-0.382816
54.0010,-11701,-30.633148,-0.382914
54.0110,-11703,-30.638381,-0.382980
54.0210,-11705,-30.643619,-0.383045
54.0310,-11706,-30.646238,-0.383078
54.0410,-11708,-30.651473,-0.383143
54.0510,-11709,-30.654090,-0.383176
54.0610,-11709,-30.654090,-0.383176
54.0710,-11709,-30.654090,-0.383176
54.0810,-11709,-30.654090,-0.383176
54.0910,-11709,-30.654090,-0.383176
54.1010,-11709,-30.654090,-0.383176
54.1110,-11709,-30.654090,-0.383176
54.1210,-11709,-30.654090,-0.383176
54.1310,-11709,-30.654090,-0.383176
54.1410,-11709,-30.654090,-0.383176
54.1510,-11710,-30.656709,-0.383209
54.1610,-11711,-30.659326,-0.383242
54.1710,-11711,-30.659326,-0.383242
54.1810,-11711,-30.659326,-0.383242
54.1910,-11712,-30.661945,-0.383274
54.2010,-11712,-30.661945,-0.383274
54.2110,-11712,-30.661945,-0.383274
54.2210,-11712,-30.661945,-0.383274
54.2310,-11712,-30.661945,-0.383274
54.2410,-11712,-30.661945,-0.383274
54.2510,-11712,-30.661945,-0.383274
54.2610,-11712,-30.661945,-0.383274
54.2710,-11712,-30.661945,-0.383274
54.2810,-11712,-30.661945,-0.383274
54.2910,-11713,-30.664564,-0.383307
54.3010,-11713,-30.664564,-0.383307
54.3110,-11713,-30.664564,-0.383307
54.3210,-11714,-30.667179,-0.383340
54.3310,-11714,-30.667179,-0.383340
54.3410,-11714,-30.667179,-0.383340
54.3510,-11714,-30.667179,-0.383340
54.3610,-11714,-30.667179,-0.383340
54.3710,-11714,-30.667179,-0.383340
54.3810,-11714,-30.667179,-0.383340
54.3910,-11714,-30.667179,-0.383340
54.4010,-11714,-30.667179,-0.383340
54.4110,-11714,-30.667179,-0.383340
54.4210,-11714,-30.667179,-0.383340
54.4310,-11715,-30.669797,-0.383372
54.4410,-11715,-30.669797,-0.383372
54.4510,-11715,-30.669797,-0.383372
54.4610,-11715,-30.669797,-0.383372
54.4710,-11716,-30.672416,-0.383405
54.4810,-11716,-30.672416,-0.383405
54.4920,-11717,-30.675035,-0.383438
54.5010,-11717,-30.675035,-0.383438
54.5110,-11717,-30.675035,-0.383438
54.5210,-11717,-30.675035,-0.383438
54.5310,-11717,-30.675035,-0.383438
54.5410,-11717,-30.675035,-0.383438
54.5510,-11717,-30.675035,-0.383438
54.5610,-11717,-30.675035,-0.383438
54.5710,-11717,-30.675035,-0.383438
54.5810,-11717,-30.675035,-0.383438
54.5910,-11718,-30.677654,-0.383471
54.6010,-11718,-30.677654,-0.383471
54.6110,-11718,-30.677654,-0.383471
54.6210,-11718,-30.677654,-0.383471
54.6310,-11718,-30.677654,-0.383471
54.6410,-11718,-30.677654,-0.383471
54.6510,-11718,-30.677654,-0.383471
54.6610,-11718,-30.677654,-0.383471
54.6710,-11718,-30.677654,-0.383471
54.6810,-11718,-30.677654,-0.383471
54.6910,-11718,-30.677654,-0.383471
54.7010,-11719,-30.680269,-0.383503
54.7110,-11719,-30.680269,-0.383503
54.7210,-11719,-30.680269,-0.383503
54.7310,-11719,-30.680269,-0.383503
54.7410,-11719,-30.680269,-0.383503
54.7510,-11720,-30.682888,-0.383536
54.7610,-11720,-30.682888,-0.383536
54.7710,-11720,-30.682888,-0.383536
54.7810,-11720,-30.682888,-0.383536
54.7910,-11720,-30.682888,-0.383536
54.8010,-11720,-30.682888,-0.383536
54.8110,-11721,-30.685506,-0.383569
54.8210,-11721,-30.685506,-0.383569
54.8310,-11721,-30.685506,-0.383569
54.8410,-11721,-30.685506,-0.383569
54.8510,-11721,-30.685506,-0.383569
54.8610,-11721,-30.685506,-0.383569
54.8710,-11721,-30.685506,-0.383569
54.8810,-11721,-30.685506,-0.383569
54.8910,-11721,-30.685506,-0.383569
54.9010,-11721,-30.685506,-0.383569
54.9110,-11722,-30.688125,-0.383602
54.9210,-11722,-30.688125,-0.383602
54.9310,-11722,-30.688125,-0.383602
54.9410,-11722,-30.688125,-0.383602
54.9510,-11722,-30.688125,-0.383602
54.9610,-11722,-30.688125,-0.383602
54.9710,-11722,-30.688125,-0.383602
54.9810,-11722,-30.688125,-0.383602
54.9910,-11722,-30.688125,-0.383602
55.0010,-11722,-30.688125,-0.383602
55.0110,-11722,-30.688125,-0.383602
55.0210,-11723,-30.690744,-0.383634
55.0310,-11723,-30.690744,-0.383634
55.0410,-11723,-30.690744,-0.383634
55.0510,-11723,-30.690744,-0.383634
55.0610,-11723,-30.690744,-0.383634
55.0710,-11723,-30.690744,-0.383634
55.0810,-11724,-30.693363,-0.383667
55.0910,-11724,-30.693363,-0.383667
55.1010,-11724,-30.693363,-0.383667
55.1110,-11724,-30.693363,-0.383667
55.1210,-11724,-30.693363,-0.383667
55.1320,-11724,-30.693363,-0.383667
55.1410,-11724,-30.693363,-0.383667
55.1510,-11724,-30.693363,-0.383667
55.1610,-11724,-30.693363,-0.383667
55.1710,-11725,-30.695978,-0.383700
55.1810,-11725,-30.695978,-0.383700
55.1910,-11725,-30.695978,-0.383700
55.2010,-11725,-30.695978,-0.383700
55.2110,-11725,-30.695978,-0.383700
55.2210,-11725,-30.695978,-0.383700
55.2310,-11725,-30.695978,-0.383700
55.2410,-11726,-30.698596,-0.383732
55.2510,-11726,-30.698596,-0.383732
55.2610,-11726,-30.698596,-0.383732
55.2710,-11726,-30.698596,-0.383732
55.2810,-11726,-30.698596,-0.383732
55.2910,-11726,-30.698596,-0.383732
55.3010,-11726,-30.698596,-0.383732
55.3110,-11726,-30.698596,-0.383732
55.3210,-11726,-30.698596,-0.383732
55.3310,-11726,-30.698596,-0.383732
55.3410,-11727,-30.701215,-0.383765
55.3510,-11727,-30.701215,-0.383765
55.3610,-11727,-30.701215,-0.383765
55.3710,-11728,-30.703834,-0.383798
55.3810,-11728,-30.703834,-0.383798
55.3910,-11729,-30.706451,-0.383831
55.4010,-11730,-30.709068,-0.383863
55.4110,-11730,-30.709068,-0.383863
55.4210,-11732,-30.714305,-0.383929
55.4310,-11733,-30.716922,-0.383962
55.4410,-11735,-30.722158,-0.384027
55.4510,-11737,-30.727394,-0.384092
55.4610,-11738,-30.730012,-0.384125
55.4710,-11738,-30.730012,-0.384125
55.4810,-11739,-30.732631,-0.384158
55.4910,-11740,-30.735250,-0.384191
55.5010,-11740,-30.735250,-0.384191
55.5110,-11741,-30.737865,-0.384223
55.5210,-11741,-30.737865,-0.384223
55.5310,-11741,-30.737865,-0.384223
55.5410,-11740,-30.735250,-0.384191
55.5510,-11740,-30.735250,-0.384191
55.5610,-11740,-30.735250,-0.384191
55.5710,-11740,-30.735250,-0.384191
55.5810,-11740,-30.735250,-0.384191
55.5910,-11741,-30.737865,-0.384223
55.6010,-11741,-30.737865,-0.384223
55.6110,-11741,-30.737865,-0.384223
55.6210,-11742,-30.740484,-0.384256
55.6310,-11742,-30.740484,-0.384256
55.6410,-11742,-30.740484,-0.384256
55.6510,-11743,-30.743103,-0.384289
55.6610,-11743,-30.743103,-0.384289
55.6710,-11743,-30.743103,-0.384289
55.6810,-11743,-30.743103,-0.384289
55.6910,-11743,-30.743103,-0.384289
55.7010,-11743,-30.743103,-0.384289
55.7110,-11743,-30.743103,-0.384289
55.7210,-11743,-30.743103,-0.384289
55.7310,-11743,-30.743103,-0.384289
55.7410,-11743,-30.743103,-0.384289
55.7510,-11743,-30.743103,-0.384289
55.7610,-11744,-30.745721,-0.384322
55.7720,-11744,-30.745721,-0.384322
55.7810,-11745,-30.748340,-0.384354
55.7910,-11745,-30.748340,-0.384354
55.8010,-11745,-30.748340,-0.384354
55.8110,-11745,-30.748340,-0.384354
55.8210,-11745,-30.748340,-0.384354
55.8310,-11745,-30.748340,-0.384354
55.8410,-11745,-30.748340,-0.384354
55.8510,-11745,-30.748340,-0.384354
55.8610,-11745,-30.748340,-0.384354
55.8710,-11745,-30.748340,-0.384354
55.8810,-11746,-30.750955,-0.384387
55.8910,-11746,-30.750955,-0.384387
55.9010,-11746,-30.750955,-0.384387
55.9110,-11746,-30.750955,-0.384387
55.9210,-11746,-30.750955,-0.384387
55.9310,-11746,-30.750955,-0.384387
55.9410,-11747,-30.753574,-0.384420
55.9510,-11747,-30.753574,-0.384420
55.9610,-11747,-30.753574,-0.384420
55.9710,-11747,-30.753574,-0.384420
55.9810,-11747,-30.753574,-0.384420
55.9910,-11747,-30.753574,-0.384420
56.0010,-11747,-30.753574,-0.384420
56.0110,-11747,-30.753574,-0.384420
56.0210,-11747,-30.753574,-0.384420
56.0310,-11747,-30.753574,-0.384420
56.0410,-11747,-30.753574,-0.384420
56.0510,-11748,-30.756193,-0.384452
56.0610,-11748,-30.756193,-0.384452
56.0710,-11748,-30.756193,-0.384452
56.0810,-11748,-30.756193,-0.384452
56.0910,-11748,-30.756193,-0.384452
56.1010,-11749,-30.758811,-0.384485
56.1110,-11749,-30.758811,-0.384485
56.1210,-11749,-30.758811,-0.384485
56.1310,-11749,-30.758811,-0.384485
56.1410,-11749,-30.758811,-0.384485
56.1510,-11749,-30.758811,-0.384485
56.1610,-11749,-30.758811,-0.384485
56.1710,-11749,-30.758811,-0.384485
56.1810,-11749,-30.758811,-0.384485
56.1910,-11749,-30.758811,-0.384485
56.2010,-11750,-30.761430,-0.384518
56.2110,-11750,-30.761430,-0.384518
56.2210,-11750,-30.761430,-0.384518
56.2310,-11750,-30.761430,-0.384518
56.2410,-11750,-30.761430,-0.384518
56.2510,-11750,-30.761430,-0.384518
56.2610,-11750,-30.761430,-0.384518
56.2710,-11750,-30.761430,-0.384518
56.2810,-11750,-30.761430,-0.384518
56.2910,-11750,-30.761430,-0.384518
56.3010,-11750,-30.761430,-0.384518
56.3110,-11751,-30.764045,-0.384551
56.3210,-11751,-30.764045,-0.384551
56.3310,-11751,-30.764045,-0.384551
56.3410,-11751,-30.764045,-0.384551
56.3510,-11751,-30.764045,-0.384551
56.3610,-11752,-30.766664,-0.384583
56.3710,-11752,-30.766664,-0.384583
56.3810,-11752,-30.766664,-0.384583
56.3910,-11752,-30.766664,-0.384583
56.4010,-11752,-30.766664,-0.384583
56.4120,-11752,-30.766664,-0.384583
56.4210,-11753,-30.769283,-0.384616
56.4310,-11753,-30.769283,-0.384616
56.4410,-11753,-30.769283,-0.384616
56.4510,-11753,-30.769283,-0.384616
56.4610,-11753,-30.769283,-0.384616
56.4710,-11753,-30.769283,-0.384616
56.4810,-11753,-30.769283,-0.384616
56.4910,-11753,-30.769283,-0.384616
56.5010,-11753,-30.769283,-0.384616
56.5110,-11753,-30.769283,-0.384616
56.5210,-11753,-30.769283,-0.384616
56.5310,-11754,-30.771902,-0.384649
56.5410,-11754,-30.771902,-0.384649
56.5510,-11754,-30.771902,-0.384649
56.5610,-11754,-30.771902,-0.384649
56.5710,-11754,-30.771902,-0.384649
56.5810,-11754,-30.771902,-0.384649
56.5910,-11754,-30.771902,-0.384649
56.6010,-11754,-30.771902,-0.384649
56.6110,-11754,-30.771902,-0.384649
56.6210,-11754,-30.771902,-0.384649
56.6310,-11755,-30.774518,-0.384681
56.6410,-11755,-30.774518,-0.384681
56.6510,-11755,-30.774518,-0.384681
56.6610,-11755,-30.774518,-0.384681
56.6710,-11755,-30.774518,-0.384681
56.6810,-11756,-30.777137,-0.384714
56.6910,-11756,-30.777137,-0.384714
56.7010,-11756,-30.777137,-0.384714
56.7110,-11756,-30.777137,-0.384714
56.7210,-11756,-30.777137,-0.384714
56.7310,-11756,-30.777137,-0.384714
56.7410,-11757,-30.779754,-0.384747
56.7510,-11757,-30.779754,-0.384747
56.7610,-11757,-30.779754,-0.384747
56.7710,-11757,-30.779754,-0.384747
56.7810,-11757,-30.779754,-0.384747
56.7910,-11757,-30.779754,-0.384747
56.8010,-11757,-30.779754,-0.384747
56.8110,-11758,-30.782371,-0.384780
56.8210,-11758,-30.782371,-0.384780
56.8310,-11758,-30.782371,-0.384780
56.8410,-11758,-30.782371,-0.384780
56.8510,-11759,-30.784990,-0.384812
56.8610,-11759,-30.784990,-0.384812
56.8710,-11759,-30.784990,-0.384812
56.8810,-11759,-30.784990,-0.384812
56.8910,-11760,-30.787609,-0.384845
56.9010,-11760,-30.787609,-0.384845
56.9110,-11760,-30.787609,-0.384845
56.9210,-11761,-30.790227,-0.384878
56.9310,-11761,-30.790227,-0.384878
56.9410,-11761,-30.790227,-0.384878
56.9510,-11761,-30.790227,-0.384878
56.9610,-11762,-30.792842,-0.384911
56.9710,-11762,-30.792842,-0.384911
56.9810,-11762,-30.792842,-0.384911
56.9910,-11763,-30.795461,-0.384943
57.0010,-11763,-30.795461,-0.384943
57.0110,-11763,-30.795461,-0.384943
57.0210,-11763,-30.795461,-0.384943
57.0310,-11764,-30.798080,-0.384976
57.0410,-11764,-30.798080,-0.384976
57.0520,-11764,-30.798080,-0.384976
57.0610,-11765,-30.800699,-0.385009
57.0710,-11766,-30.803318,-0.385041
57.0810,-11766,-30.803318,-0.385041
57.0910,-11768,-30.808551,-0.385107
57.1010,-11769,-30.811170,-0.385140
57.1110,-11770,-30.813789,-0.385172
57.1210,-11772,-30.819026,-0.385238
57.1310,-11773,-30.821641,-0.385271
57.1410,-11775,-30.826879,-0.385336
57.1510,-11776,-30.829496,-0.385369
57.1610,-11778,-30.834732,-0.385434
57.1710,-11782,-30.845205,-0.385565
57.1810,-11784,-30.850439,-0.385630
57.1910,-11786,-30.855676,-0.385696
57.2010,-11787,-30.858295,-0.385729
57.2110,-11788,-30.860914,-0.385761
57.2210,-11790,-30.866147,-0.385827
57.2310,-11790,-30.866147,-0.385827
57.2410,-11791,-30.868766,-0.385860
57.2510,-11791,-30.868766,-0.385860
57.2610,-11791,-30.868766,-0.385860
57.2710,-11791,-30.868766,-0.385860
57.2810,-11792,-30.871385,-0.385892
57.2910,-11792,-30.871385,-0.385892
57.3010,-11792,-30.871385,-0.385892
57.3110,-11792,-30.871385,-0.385892
57.3210,-11792,-30.871385,-0.385892
57.3310,-11793,-30.874004,-0.385925
57.3410,-11794,-30.876619,-0.385958
57.3510,-11795,-30.879238,-0.385990
57.3610,-11795,-30.879238,-0.385990
57.3710,-11796,-30.881856,-0.386023
57.3810,-11797,-30.884475,-0.386056
57.3910,-11797,-30.884475,-0.386056
57.4010,-11798,-30.887092,-0.386089
57.4110,-11798,-30.887092,-0.386089
57.4210,-11798,-30.887092,-0.386089
57.4310,-11798,-30.887092,-0.386089
57.4410,-11798,-30.887092,-0.386089
57.4510,-11798,-30.887092,-0.386089
57.4610,-11798,-30.887092,-0.386089
57.4710,-11798,-30.887092,-0.386089
57.4810,-11798,-30.887092,-0.386089
57.4910,-11798,-30.887092,-0.386089
57.5010,-11799,-30.889711,-0.386121
57.5110,-11799,-30.889711,-0.386121
57.5210,-11800,-30.892328,-0.386154
57.5310,-11800,-30.892328,-0.386154
57.5410,-11800,-30.892328,-0.386154
57.5510,-11800,-30.892328,-0.386154
57.5610,-11800,-30.892328,-0.386154
57.5710,-11800,-30.892328,-0.386154
57.5810,-11800,-30.892328,-0.386154
57.5910,-11800,-30.892328,-0.386154
57.6010,-11800,-30.892328,-0.386154
57.6110,-11800,-30.892328,-0.386154
57.6210,-11800,-30.892328,-0.386154
57.6310,-11800,-30.892328,-0.386154
57.6410,-11800,-30.892328,-0.386154
57.6510,-11801,-30.894947,-0.386187
57.6610,-11801,-30.894947,-0.386187
57.6710,-11801,-30.894947,-0.386187
57.6810,-11801,-30.894947,-0.386187
57.6920,-11801,-30.894947,-0.386187
57.7010,-11801,-30.894947,-0.386187
57.7110,-11802,-30.897563,-0.386220
57.7210,-11802,-30.897563,-0.386220
57.7310,-11802,-30.897563,-0.386220
57.7410,-11802,-30.897563,-0.386220
57.7510,-11802,-30.897563,-0.386220
57.7610,-11802,-30.897563,-0.386220
57.7710,-11802,-30.897563,-0.386220
57.7810,-11802,-30.897563,-0.386220
57.7910,-11802,-30.897563,-0.386220
57.8010,-11802,-30.897563,-0.386220
57.8110,-11802,-30.897563,-0.386220
57.8210,-11803,-30.900182,-0.386252
57.8310,-11803,-30.900182,-0.386252
57.8410,-11803,-30.900182,-0.386252
57.8510,-11803,-30.900182,-0.386252
57.8610,-11803,-30.900182,-0.386252
57.8710,-11803,-30.900182,-0.386252
57.8810,-11803,-30.900182,-0.386252
57.8910,-11803,-30.900182,-0.386252
57.9010,-11803,-30.900182,-0.386252
57.9110,-11803,-30.900182,-0.386252
57.9210,-11803,-30.900182,-0.386252
57.9310,-11803,-30.900182,-0.386252
57.9410,-11803,-30.900182,-0.386252
57.9510,-11803,-30.900182,-0.386252
57.9610,-11803,-30.900182,-0.386252
57.9710,-11803,-30.900182,-0.386252
57.9810,-11803,-30.900182,-0.386252
57.9910,-11803,-30.900182,-0.386252
58.0010,-11803,-30.900182,-0.386252
58.0110,-11803,-30.900182,-0.386252
58.0210,-11803,-30.900182,-0.386252
58.0310,-11804,-30.902801,-0.386285
58.0410,-11804,-30.902801,-0.386285
58.0510,-11804,-30.902801,-0.386285
58.0610,-11804,-30.902801,-0.386285
58.0710,-11804,-30.902801,-0.386285
58.0810,-11804,-30.902801,-0.386285
58.0910,-11804,-30.902801,-0.386285
58.1010,-11804,-30.902801,-0.386285
58.1110,-11804,-30.902801,-0.386285
58.1210,-11804,-30.902801,-0.386285
58.1310,-11804,-30.902801,-0.386285
58.1410,-11805,-30.905416,-0.386318
58.1510,-11805,-30.905416,-0.386318
58.1610,-11805,-30.905416,-0.386318
58.1710,-11805,-30.905416,-0.386318
58.1810,-11805,-30.905416,-0.386318
58.1910,-11805,-30.905416,-0.386318
58.2010,-11805,-30.905416,-0.386318
58.2110,-11805,-30.905416,-0.386318
58.2210,-11805,-30.905416,-0.386318
58.2310,-11805,-30.905416,-0.386318
58.2410,-11805,-30.905416,-0.386318
58.2510,-11805,-30.905416,-0.386318
58.2610,-11805,-30.905416,-0.386318
58.2710,-11805,-30.905416,-0.386318
58.2810,-11805,-30.905416,-0.386318
58.2910,-11805,-30.905416,-0.386318
58.3010,-11805,-30.905416,-0.386318
58.3110,-11805,-30.905416,-0.386318
58.3210,-11806,-30.908035,-0.386350
58.3320,-11806,-30.908035,-0.386350
58.3410,-11806,-30.908035,-0.386350
58.3510,-11806,-30.908035,-0.386350
58.3610,-11806,-30.908035,-0.386350
58.3710,-11806,-30.908035,-0.386350
58.3810,-11806,-30.908035,-0.386350
58.3910,-11806,-30.908035,-0.386350
58.4010,-11806,-30.908035,-0.386350
58.4110,-11806,-30.908035,-0.386350
58.4210,-11806,-30.908035,-0.386350
58.4310,-11806,-30.908035,-0.386350
58.4410,-11806,-30.908035,-0.386350
58.4510,-11806,-30.908035,-0.386350
58.4610,-11807,-30.910654,-0.386383
58.4710,-11807,-30.910654,-0.386383
58.4810,-11807,-30.910654,-0.386383
58.4910,-11807,-30.910654,-0.386383
58.5010,-11807,-30.910654,-0.386383
58.5110,-11807,-30.910654,-0.386383
58.5210,-11807,-30.910654,-0.386383
58.5310,-11807,-30.910654,-0.386383
58.5410,-11807,-30.910654,-0.386383
58.5510,-11807,-30.910654,-0.386383
58.5610,-11807,-30.910654,-0.386383
58.5710,-11808,-30.913272,-0.386416
58.5810,-11808,-30.913272,-0.386416
58.5910,-11808,-30.913272,-0.386416
58.6010,-11808,-30.913272,-0.386416
58.6110,-11808,-30.913272,-0.386416
58.6210,-11808,-30.913272,-0.386416
58.6310,-11808,-30.913272,-0.386416
58.6410,-11808,-30.913272,-0.386416
58.6510,-11808,-30.913272,-0.386416
58.6610,-11808,-30.913272,-0.386416
58.6710,-11808,-30.913272,-0.386416
58.6810,-11809,-30.915891,-0.386449
58.6910,-11809,-30.915891,-0.386449
58.7010,-11809,-30.915891,-0.386449
58.7110,-11809,-30.915891,-0.386449
58.7210,-11809,-30.915891,-0.386449
58.7310,-11809,-30.915891,-0.386449
58.7410,-11809,-30.915891,-0.386449
58.7510,-11809,-30.915891,-0.386449
58.7610,-11809,-30.915891,-0.386449
58.7710,-11809,-30.915891,-0.386449
58.7810,-11809,-30.915891,-0.386449
58.7910,-11809,-30.915891,-0.386449
58.8010,-11809,-30.915891,-0.386449
58.8110,-11809,-30.915891,-0.386449
58.8210,-11809,-30.915891,-0.386449
58.8310,-11810,-30.918506,-0.386481
58.8410,-11810,-30.918506,-0.386481
58.8510,-11810,-30.918506,-0.386481
58.8610,-11810,-30.918506,-0.386481
58.8710,-11810,-30.918506,-0.386481
58.8810,-11810,-30.918506,-0.386481
58.8910,-11810,-30.918506,-0.386481
58.9010,-11810,-30.918506,-0.386481
58.9110,-11810,-30.918506,-0.386481
58.9210,-11810,-30.918506,-0.386481
58.9310,-11810,-30.918506,-0.386481
58.9410,-11810,-30.918506,-0.386481
58.9510,-11810,-30.918506,-0.386481
58.9610,-11810,-30.918506,-0.386481
58.9720,-11810,-30.918506,-0.386481
58.9810,-11810,-30.918506,-0.386481
58.9910,-11810,-30.918506,-0.386481
59.0010,-11811,-30.921125,-0.386514
59.0110,-11811,-30.921125,-0.386514
59.0210,-11811,-30.921125,-0.386514
59.0310,-11811,-30.921125,-0.386514
59.0410,-11811,-30.921125,-0.386514
59.0510,-11811,-30.921125,-0.386514
59.0610,-11811,-30.921125,-0.386514
59.0710,-11811,-30.921125,-0.386514
59.0810,-11811,-30.921125,-0.386514
59.0910,-11811,-30.921125,-0.386514
59.1010,-11811,-30.921125,-0.386514
59.1110,-11811,-30.921125,-0.386514
59.1210,-11811,-30.921125,-0.386514
59.1310,-11811,-30.921125,-0.386514
59.1410,-11811,-30.921125,-0.386514
59.1510,-11811,-30.921125,-0.386514
59.1610,-11812,-30.923744,-0.386547
59.1710,-11812,-30.923744,-0.386547
59.1810,-11812,-30.923744,-0.386547
59.1910,-11812,-30.923744,-0.386547
59.2010,-11812,-30.923744,-0.386547
59.2110,-11812,-30.923744,-0.386547
59.2210,-11812,-30.923744,-0.386547
59.2310,-11812,-30.923744,-0.386547
59.2410,-11812,-30.923744,-0.386547
59.2510,-11812,-30.923744,-0.386547
59.2610,-11812,-30.923744,-0.386547
59.2710,-11812,-30.923744,-0.386547
59.2810,-11812,-30.923744,-0.386547
59.2910,-11812,-30.923744,-0.386547
59.3010,-11812,-30.923744,-0.386547
59.3110,-11812,-30.923744,-0.386547
59.3210,-11813,-30.926362,-0.386580
59.3310,-11813,-30.926362,-0.386580
59.3410,-11813,-30.926362,-0.386580
59.3510,-11813,-30.926362,-0.386580
59.3610,-11813,-30.926362,-0.386580
59.3710,-11813,-30.926362,-0.386580
59.3810,-11813,-30.926362,-0.386580
59.3910,-11813,-30.926362,-0.386580
59.4010,-11813,-30.926362,-0.386580
59.4110,-11813,-30.926362,-0.386580
59.4210,-11813,-30.926362,-0.386580
59.4310,-11814,-30.928981,-0.386612
59.4410,-11814,-30.928981,-0.386612
59.4510,-11814,-30.928981,-0.386612
59.4610,-11814,-30.928981,-0.386612
59.4710,-11814,-30.928981,-0.386612
59.4810,-11814,-30.928981,-0.386612
59.4910,-11814,-30.928981,-0.386612
59.5010,-11815,-30.931600,-0.386645
59.5110,-11815,-30.931600,-0.386645
59.5210,-11815,-30.931600,-0.386645
59.5310,-11815,-30.931600,-0.386645
59.5410,-11815,-30.931600,-0.386645
59.5510,-11815,-30.931600,-0.386645
59.5610,-11815,-30.931600,-0.386645
59.5710,-11815,-30.931600,-0.386645
59.5810,-11815,-30.931600,-0.386645
59.5910,-11816,-30.934215,-0.386678
59.6010,-11816,-30.934215,-0.386678
59.6120,-11816,-30.934215,-0.386678
59.6210,-11816,-30.934215,-0.386678
59.6310,-11816,-30.934215,-0.386678
59.6410,-11816,-30.934215,-0.386678
59.6510,-11816,-30.934215,-0.386678
59.6610,-11816,-30.934215,-0.386678
59.6710,-11817,-30.936834,-0.386710
59.6810,-11817,-30.936834,-0.386710
59.6910,-11817,-30.936834,-0.386710
59.7010,-11817,-30.936834,-0.386710
59.7110,-11817,-30.936834,-0.386710
59.7210,-11817,-30.936834,-0.386710
59.7310,-11817,-30.936834,-0.386710
59.7410,-11817,-30.936834,-0.386710
59.7510,-11817,-30.936834,-0.386710
59.7610,-11817,-30.936834,-0.386710
59.7710,-11817,-30.936834,-0.386710
59.7810,-11818,-30.939453,-0.386743
59.7910,-11818,-30.939453,-0.386743
59.8010,-11818,-30.939453,-0.386743
59.8110,-11818,-30.939453,-0.386743
59.8210,-11818,-30.939453,-0.386743
59.8310,-11818,-30.939453,-0.386743
59.8410,-11818,-30.939453,-0.386743
59.8510,-11818,-30.939453,-0.386743
59.8610,-11818,-30.939453,-0.386743
59.8710,-11818,-30.939453,-0.386743
59.8810,-11818,-30.939453,-0.386743
59.8910,-11818,-30.939453,-0.386743
59.9010,-11818,-30.939453,-0.386743
59.9110,-11818,-30.939453,-0.386743
59.9210,-11819,-30.942071,-0.386776
59.9310,-11819,-30.942071,-0.386776
59.9410,-11819,-30.942071,-0.386776
59.9510,-11819,-30.942071,-0.386776
59.9610,-11819,-30.942071,-0.386776
59.9710,-11819,-30.942071,-0.386776
59.9810,-11819,-30.942071,-0.386776
59.9910,-11819,-30.942071,-0.386776
60.0010,-11819,-30.942071,-0.386776
60.0110,-11819,-30.942071,-0.386776
60.0210,-11820,-30.944688,-0.386809
60.0310,-11820,-30.944688,-0.386809
60.0410,-11820,-30.944688,-0.386809
60.0510,-11820,-30.944688,-0.386809
60.0610,-11820,-30.944688,-0.386809
60.0710,-11820,-30.944688,-0.386809
60.0810,-11820,-30.944688,-0.386809
60.0910,-11820,-30.944688,-0.386809
60.1010,-11820,-30.944688,-0.386809
60.1110,-11820,-30.944688,-0.386809
60.1210,-11820,-30.944688,-0.386809
60.1310,-11821,-30.947305,-0.386841
60.1410,-11821,-30.947305,-0.386841
60.1510,-11821,-30.947305,-0.386841
60.1610,-11821,-30.947305,-0.386841
60.1710,-11821,-30.947305,-0.386841
60.1810,-11821,-30.947305,-0.386841
60.1910,-11821,-30.947305,-0.386841
60.2010,-11821,-30.947305,-0.386841
60.2110,-11821,-30.947305,-0.386841
60.2210,-11821,-30.947305,-0.386841
60.2310,-11821,-30.947305,-0.386841
60.2410,-11822,-30.949924,-0.386874
60.2520,-11822,-30.949924,-0.386874
60.2610,-11822,-30.949924,-0.386874
60.2710,-11822,-30.949924,-0.386874
60.2810,-11822,-30.949924,-0.386874
60.2910,-11822,-30.949924,-0.386874
60.3010,-11822,-30.949924,-0.386874
60.3110,-11822,-30.949924,-0.386874
60.3210,-11822,-30.949924,-0.386874
60.3310,-11822,-30.949924,-0.386874
60.3410,-11823,-30.952543,-0.386907
60.3510,-11823,-30.952543,-0.386907
60.3610,-11823,-30.952543,-0.386907
60.3710,-11823,-30.952543,-0.386907
60.3810,-11823,-30.952543,-0.386907
60.3910,-11823,-30.952543,-0.386907
60.4010,-11824,-30.955160,-0.386940
60.4110,-11824,-30.955160,-0.386940
60.4210,-11824,-30.955160,-0.386940
60.4310,-11825,-30.957778,-0.386972
60.4410,-11825,-30.957778,-0.386972
60.4510,-11825,-30.957778,-0.386972
60.4610,-11825,-30.957778,-0.386972
60.4710,-11826,-30.960395,-0.387005
60.4810,-11826,-30.960395,-0.387005
60.4910,-11826,-30.960395,-0.387005
60.5010,-11826,-30.960395,-0.387005
60.5110,-11827,-30.963012,-0.387038
60.5210,-11827,-30.963012,-0.387038
60.5310,-11829,-30.968250,-0.387103
60.5410,-11830,-30.970869,-0.387136
60.5510,-11831,-30.973487,-0.387169
60.5610,-11833,-30.978721,-0.387234
60.5710,-11834,-30.981340,-0.387267
60.5810,-11834,-30.981340,-0.387267
60.5910,-11836,-30.986577,-0.387332
60.6010,-11836,-30.986577,-0.387332
60.6110,-11838,-30.991811,-0.387398
60.6210,-11838,-30.991811,-0.387398
60.6310,-11838,-30.991811,-0.387398
60.6410,-11839,-30.994430,-0.387430
60.6510,-11839,-30.994430,-0.387430
60.6610,-11839,-30.994430,-0.387430
60.6710,-11839,-30.994430,-0.387430
60.6810,-11839,-30.994430,-0.387430
60.6910,-11839,-30.994430,-0.387430
60.7010,-11839,-30.994430,-0.387430
60.7110,-11839,-30.994430,-0.387430
60.7210,-11840,-30.997049,-0.387463
60.7310,-11842,-31.002283,-0.387529
60.7410,-11843,-31.004901,-0.387561
60.7510,-11847,-31.015375,-0.387692
60.7610,-11853,-31.031080,-0.387889
60.7710,-11857,-31.041555,-0.388019
60.7810,-11860,-31.049407,-0.388118
60.7910,-11863,-31.057264,-0.388216
60.8010,-11866,-31.065116,-0.388314
60.8110,-11870,-31.075588,-0.388445
60.8210,-11873,-31.083442,-0.388543
60.8310,-11878,-31.096532,-0.388707
60.8410,-11881,-31.104385,-0.388805
60.8510,-11882,-31.107004,-0.388838
60.8610,-11883,-31.109622,-0.388870
60.8710,-11884,-31.112241,-0.388903
60.8810,-11884,-31.112241,-0.388903
60.8920,-11884,-31.112241,-0.388903
60.9010,-11884,-31.112241,-0.388903
60.9110,-11885,-31.114856,-0.388936
60.9210,-11885,-31.114856,-0.388936
60.9310,-11886,-31.117475,-0.388968
60.9410,-11888,-31.122713,-0.389034
60.9510,-11889,-31.125329,-0.389067
60.9610,-11890,-31.127948,-0.389099
60.9710,-11892,-31.133184,-0.389165
60.9810,-11893,-31.135801,-0.389198
60.9910,-11894,-31.138420,-0.389230
61.0010,-11895,-31.141038,-0.389263
61.0110,-11896,-31.143653,-0.389296
61.0210,-11896,-31.143653,-0.389296
61.0310,-11896,-31.143653,-0.389296
61.0410,-11897,-31.146272,-0.389328
61.0510,-11897,-31.146272,-0.389328
61.0610,-11897,-31.146272,-0.389328
61.0710,-11897,-31.146272,-0.389328
61.0810,-11897,-31.146272,-0.389328
61.0910,-11897,-31.146272,-0.389328
61.1010,-11897,-31.146272,-0.389328
61.1110,-11898,-31.148891,-0.389361
61.1210,-11898,-31.148891,-0.389361
61.1310,-11899,-31.151510,-0.389394
61.1410,-11899,-31.151510,-0.389394
61.1510,-11900,-31.154129,-0.389427
61.1610,-11900,-31.154129,-0.389427
61.1710,-11901,-31.156744,-0.389459
61.1810,-11901,-31.156744,-0.389459
61.1910,-11901,-31.156744,-0.389459
61.2010,-11901,-31.156744,-0.389459
61.2110,-11901,-31.156744,-0.389459
61.2210,-11901,-31.156744,-0.389459
61.2310,-11901,-31.156744,-0.389459
61.2410,-11901,-31.156744,-0.389459
61.2510,-11901,-31.156744,-0.389459
61.2610,-11901,-31.156744,-0.389459
61.2710,-11902,-31.159362,-0.389492
61.2810,-11902,-31.159362,-0.389492
61.2910,-11902,-31.159362,-0.389492
61.3010,-11902,-31.159362,-0.389492
61.3110,-11902,-31.159362,-0.389492
61.3210,-11902,-31.159362,-0.389492
61.3310,-11902,-31.159362,-0.389492
61.3410,-11902,-31.159362,-0.389492
61.3510,-11902,-31.159362,-0.389492
61.3610,-11902,-31.159362,-0.389492
61.3710,-11903,-31.161981,-0.389525
61.3810,-11903,-31.161981,-0.389525
61.3910,-11903,-31.161981,-0.389525
61.4010,-11903,-31.161981,-0.389525
61.4110,-11903,-31.161981,-0.389525
61.4210,-11903,-31.161981,-0.389525
61.4310,-11903,-31.161981,-0.389525
61.4410,-11904,-31.164600,-0.389558
61.4510,-11904,-31.164600,-0.389558
61.4610,-11904,-31.164600,-0.389558
61.4710,-11904,-31.164600,-0.389558
61.4810,-11904,-31.164600,-0.389558
61.4910,-11904,-31.164600,-0.389558
61.5010,-11904,-31.164600,-0.389558
61.5110,-11904,-31.164600,-0.389558
61.5210,-11904,-31.164600,-0.389558
61.5320,-11904,-31.164600,-0.389558
61.5410,-11904,-31.164600,-0.389558
61.5510,-11905,-31.167219,-0.389590
61.5610,-11905,-31.167219,-0.389590
61.5710,-11905,-31.167219,-0.389590
61.5810,-11905,-31.167219,-0.389590
61.5910,-11906,-31.169837,-0.389623
61.6010,-11906,-31.169837,-0.389623
61.6110,-11906,-31.169837,-0.389623
61.6210,-11906,-31.169837,-0.389623
61.6310,-11906,-31.169837,-0.389623
61.6410,-11906,-31.169837,-0.389623
61.6510,-11906,-31.169837,-0.389623
61.6610,-11906,-31.169837,-0.389623
61.6710,-11906,-31.169837,-0.389623
61.6810,-11906,-31.169837,-0.389623
61.6910,-11907,-31.172452,-0.389656
61.7010,-11907,-31.172452,-0.389656
61.7110,-11907,-31.172452,-0.389656
61.7210,-11907,-31.172452,-0.389656
61.7310,-11907,-31.172452,-0.389656
61.7410,-11907,-31.172452,-0.389656
61.7510,-11907,-31.172452,-0.389656
61.7610,-11907,-31.172452,-0.389656
61.7710,-11907,-31.172452,-0.389656
61.7810,-11907,-31.172452,-0.389656
61.7910,-11908,-31.175071,-0.389688
61.8010,-11908,-31.175071,-0.389688
61.8110,-11908,-31.175071,-0.389688
61.8210,-11908,-31.175071,-0.389688
61.8310,-11908,-31.175071,-0.389688
61.8410,-11908,-31.175071,-0.389688
61.8510,-11908,-31.175071,-0.389688
61.8610,-11909,-31.177690,-0.389721
61.8710,-11909,-31.177690,-0.389721
61.8810,-11909,-31.177690,-0.389721
61.8910,-11909,-31.177690,-0.389721
61.9010,-11909,-31.177690,-0.389721
61.9110,-11910,-31.180309,-0.389754
61.9210,-11910,-31.180309,-0.389754
61.9310,-11910,-31.180309,-0.389754
61.9410,-11910,-31.180309,-0.389754
61.9510,-11910,-31.180309,-0.389754
61.9610,-11910,-31.180309,-0.389754
61.9710,-11910,-31.180309,-0.389754
61.9810,-11910,-31.180309,-0.389754
61.9910,-11910,-31.180309,-0.389754
62.0010,-11910,-31.180309,-0.389754
62.0110,-11911,-31.182926,-0.389787
62.0210,-11911,-31.182926,-0.389787
62.0310,-11911,-31.182926,-0.389787
62.0410,-11911,-31.182926,-0.389787
62.0510,-11911,-31.182926,-0.389787
62.0610,-11911,-31.182926,-0.389787
62.0710,-11911,-31.182926,-0.389787
62.0810,-11912,-31.185543,-0.389819
62.0910,-11912,-31.185543,-0.389819
62.1010,-11912,-31.185543,-0.389819
62.1110,-11912,-31.185543,-0.389819
62.1210,-11912,-31.185543,-0.389819
62.1310,-11912,-31.185543,-0.389819
62.1410,-11912,-31.185543,-0.389819
62.1510,-11912,-31.185543,-0.389819
62.1610,-11912,-31.185543,-0.389819
62.1720,-11913,-31.188161,-0.389852
62.1810,-11913,-31.188161,-0.389852
62.1910,-11913,-31.188161,-0.389852
62.2010,-11913,-31.188161,-0.389852
62.2110,-11913,-31.188161,-0.389852
62.2210,-11913,-31.188161,-0.389852
62.2310,-11914,-31.190780,-0.389885
62.2410,-11914,-31.190780,-0.389885
62.2510,-11914,-31.190780,-0.389885
62.2610,-11914,-31.190780,-0.389885
62.2710,-11914,-31.190780,-0.389885
62.2810,-11914,-31.190780,-0.389885
62.2910,-11914,-31.190780,-0.389885
62.3010,-11914,-31.190780,-0.389885
62.3110,-11915,-31.193397,-0.389917
62.3210,-11915,-31.193397,-0.389917
62.3310,-11915,-31.193397,-0.389917
62.3410,-11915,-31.193397,-0.389917
62.3510,-11916,-31.196016,-0.389950
62.3610,-11916,-31.196016,-0.389950
62.3710,-11916,-31.196016,-0.389950
62.3810,-11916,-31.196016,-0.389950
62.3910,-11916,-31.196016,-0.389950
62.4010,-11916,-31.196016,-0.389950
62.4110,-11916,-31.196016,-0.389950
62.4210,-11917,-31.198633,-0.389983
62.4310,-11917,-31.198633,-0.389983
62.4410,-11917,-31.198633,-0.389983
62.4510,-11917,-31.198633,-0.389983
62.4610,-11917,-31.198633,-0.389983
62.4710,-11918,-31.201250,-0.390016
62.4810,-11918,-31.201250,-0.390016
62.4910,-11918,-31.201250,-0.390016
62.5010,-11918,-31.201250,-0.390016
62.5110,-11918,-31.201250,-0.390016
62.5210,-11918,-31.201250,-0.390016
62.5310,-11918,-31.201250,-0.390016
62.5410,-11918,-31.201250,-0.390016
62.5510,-11919,-31.203868,-0.390048
62.5610,-11919,-31.203868,-0.390048
62.5710,-11919,-31.203868,-0.390048
62.5810,-11919,-31.203868,-0.390048
62.5910,-11919,-31.203868,-0.390048
62.6010,-11919,-31.203868,-0.390048
62.6110,-11919,-31.203868,-0.390048
62.6210,-11919,-31.203868,-0.390048
62.6310,-11919,-31.203868,-0.390048
62.6410,-11919,-31.203868,-0.390048
62.6510,-11920,-31.206487,-0.390081
62.6610,-11920,-31.206487,-0.390081
62.6710,-11920,-31.206487,-0.390081
62.6810,-11920,-31.206487,-0.390081
62.6910,-11920,-31.206487,-0.390081
62.7010,-11920,-31.206487,-0.390081
62.7110,-11920,-31.206487,-0.390081
62.7210,-11921,-31.209106,-0.390114
62.7310,-11921,-31.209106,-0.390114
62.7410,-11921,-31.209106,-0.390114
62.7510,-11921,-31.209106,-0.390114
62.7610,-11921,-31.209106,-0.390114
62.7710,-11922,-31.211725,-0.390147
62.7810,-11922,-31.211725,-0.390147
62.7910,-11922,-31.211725,-0.390147
62.8010,-11922,-31.211725,-0.390147
62.8120,-11922,-31.211725,-0.390147
62.8210,-11922,-31.211725,-0.390147
62.8310,-11923,-31.214340,-0.390179
62.8410,-11923,-31.214340,-0.390179
62.8510,-11923,-31.214340,-0.390179
62.8610,-11923,-31.214340,-0.390179
62.8710,-11924,-31.216958,-0.390212
62.8810,-11924,-31.216958,-0.390212
62.8910,-11925,-31.219577,-0.390245
62.9010,-11925,-31.219577,-0.390245
62.9110,-11925,-31.219577,-0.390245
62.9210,-11926,-31.222196,-0.390277
62.9310,-11926,-31.222196,-0.390277
62.9410,-11926,-31.222196,-0.390277
62.9510,-11926,-31.222196,-0.390277
62.9610,-11926,-31.222196,-0.390277
62.9710,-11927,-31.224815,-0.390310
62.9810,-11928,-31.227430,-0.390343
62.9910,-11928,-31.227430,-0.390343
63.0010,-11929,-31.230049,-0.390376
63.0110,-11929,-31.230049,-0.390376
63.0210,-11929,-31.230049,-0.390376
63.0310,-11929,-31.230049,-0.390376
63.0410,-11930,-31.232667,-0.390408
63.0510,-11930,-31.232667,-0.390408
63.0610,-11930,-31.232667,-0.390408
63.0710,-11930,-31.232667,-0.390408
63.0810,-11931,-31.235286,-0.390441
63.0910,-11931,-31.235286,-0.390441
63.1010,-11931,-31.235286,-0.390441
63.1110,-11932,-31.237905,-0.390474
63.1210,-11932,-31.237905,-0.390474
63.1310,-11932,-31.237905,-0.390474
63.1410,-11932,-31.237905,-0.390474
63.1510,-11933,-31.240522,-0.390507
63.1610,-11933,-31.240522,-0.390507
63.1710,-11933,-31.240522,-0.390507
63.1810,-11934,-31.243139,-0.390539
63.1910,-11935,-31.245758,-0.390572
63.2010,-11935,-31.245758,-0.390572
63.2110,-11936,-31.248376,-0.390605
63.2210,-11936,-31.248376,-0.390605
63.2310,-11937,-31.250993,-0.390637
63.2410,-11938,-31.253612,-0.390670
63.2510,-11938,-31.253612,-0.390670
63.2610,-11939,-31.256229,-0.390703
63.2710,-11940,-31.258846,-0.390736
63.2810,-11941,-31.261465,-0.390768
63.2910,-11941,-31.261465,-0.390768
63.3010,-11943,-31.266702,-0.390834
63.3110,-11944,-31.269317,-0.390866
63.3210,-11945,-31.271936,-0.390899
63.3310,-11946,-31.274555,-0.390932
63.3410,-11946,-31.274555,-0.390932
63.3510,-11947,-31.277173,-0.390965
63.3610,-11947,-31.277173,-0.390965
63.3710,-11948,-31.279792,-0.390997
63.3810,-11948,-31.279792,-0.390997
63.3910,-11949,-31.282411,-0.391030
63.4010,-11950,-31.285026,-0.391063
63.4110,-11950,-31.285026,-0.391063
63.4210,-11951,-31.287645,-0.391096
63.4310,-11951,-31.287645,-0.391096
63.4410,-11952,-31.290264,-0.391128
63.4520,-11952,-31.290264,-0.391128
63.4610,-11953,-31.292882,-0.391161
63.4710,-11954,-31.295501,-0.391194
63.4810,-11954,-31.295501,-0.391194
63.4910,-11955,-31.298116,-0.391226
63.5010,-11956,-31.300735,-0.391259
63.5110,-11957,-31.303354,-0.391292
63.5210,-11957,-31.303354,-0.391292
63.5310,-11958,-31.305973,-0.391325
63.5410,-11958,-31.305973,-0.391325
63.5510,-11959,-31.308589,-0.391357
63.5610,-11960,-31.311206,-0.391390
63.5710,-11961,-31.313825,-0.391423
63.5810,-11961,-31.313825,-0.391423
63.5910,-11962,-31.316442,-0.391456
63.6010,-11962,-31.316442,-0.391456
63.6110,-11963,-31.319061,-0.391488
63.6210,-11964,-31.321680,-0.391521
63.6310,-11965,-31.324298,-0.391554
63.6410,-11966,-31.326913,-0.391586
63.6510,-11968,-31.332151,-0.391652
63.6610,-11969,-31.334770,-0.391685
63.6710,-11970,-31.337388,-0.391717
63.6810,-11971,-31.340003,-0.391750
63.6910,-11972,-31.342622,-0.391783
63.7010,-11973,-31.345241,-0.391816
63.7110,-11974,-31.347860,-0.391848
63.7210,-11974,-31.347860,-0.391848
63.7310,-11976,-31.353094,-0.391914
63.7410,-11976,-31.353094,-0.391914
63.7510,-11977,-31.355712,-0.391946
63.7610,-11978,-31.358331,-0.391979
63.7710,-11978,-31.358331,-0.391979
63.7810,-11979,-31.360950,-0.392012
63.7910,-11980,-31.363569,-0.392045
63.8010,-11980,-31.363569,-0.392045
63.8110,-11981,-31.366186,-0.392077
63.8210,-11982,-31.368803,-0.392110
63.8310,-11983,-31.371421,-0.392143
63.8410,-11984,-31.374038,-0.392176
63.8510,-11985,-31.376657,-0.392208
63.8610,-11985,-31.376657,-0.392208
63.8710,-11985,-31.376657,-0.392208
63.8810,-11986,-31.379276,-0.392241
63.8910,-11986,-31.379276,-0.392241
63.9010,-11986,-31.379276,-0.392241
63.9110,-11986,-31.379276,-0.392241
63.9210,-11986,-31.379276,-0.392241
63.9310,-11986,-31.379276,-0.392241
63.9410,-11986,-31.379276,-0.392241
63.9510,-11986,-31.379276,-0.392241
63.9610,-11987,-31.381893,-0.392274
63.9710,-11987,-31.381893,-0.392274
63.9810,-11988,-31.384510,-0.392306
63.9910,-11988,-31.384510,-0.392306
64.0010,-11988,-31.384510,-0.392306
64.0110,-11989,-31.387128,-0.392339
64.0210,-11989,-31.387128,-0.392339
64.0310,-11989,-31.387128,-0.392339
64.0410,-11989,-31.387128,-0.392339
64.0510,-11990,-31.389747,-0.392372
64.0610,-11991,-31.392366,-0.392405
64.0710,-11991,-31.392366,-0.392405
64.0810,-11992,-31.394981,-0.392437
64.0920,-11992,-31.394981,-0.392437
64.1010,-11993,-31.397600,-0.392470
64.1110,-11994,-31.400218,-0.392503
64.1210,-11995,-31.402837,-0.392535
64.1310,-11995,-31.402837,-0.392535
64.1410,-11996,-31.405456,-0.392568
64.1510,-11996,-31.405456,-0.392568
64.1610,-11998,-31.410690,-0.392634
64.1710,-11999,-31.413309,-0.392666
64.1810,-11999,-31.413309,-0.392666
64.1910,-12000,-31.415927,-0.392699
64.2010,-12000,-31.415927,-0.392699
64.2110,-12001,-31.418546,-0.392732
64.2210,-12003,-31.423780,-0.392797
64.2310,-12008,-31.436872,-0.392961
64.2410,-12010,-31.442106,-0.393026
64.2510,-12013,-31.449962,-0.393125
64.2610,-12015,-31.455196,-0.393190
64.2710,-12018,-31.463052,-0.393288
64.2810,-12021,-31.470905,-0.393386
64.2910,-12025,-31.481376,-0.393517
64.3010,-12027,-31.486614,-0.393583
64.3110,-12030,-31.494466,-0.393681
64.3210,-12032,-31.499702,-0.393746
64.3310,-12034,-31.504940,-0.393812
64.3410,-12038,-31.515411,-0.393943
64.3510,-12040,-31.520648,-0.394008
64.3610,-12044,-31.531120,-0.394139
64.3710,-12047,-31.538972,-0.394237
64.3810,-12050,-31.546827,-0.394335
64.3910,-12053,-31.554679,-0.394433
64.4010,-12056,-31.562536,-0.394532
64.4110,-12058,-31.567770,-0.394597
64.4210,-12061,-31.575626,-0.394695
64.4310,-12064,-31.583478,-0.394793
64.4410,-12066,-31.588716,-0.394859
64.4510,-12068,-31.593950,-0.394924
64.4610,-12071,-31.601806,-0.395023
64.4710,-12074,-31.609659,-0.395121
64.4810,-12078,-31.620130,-0.395252
64.4910,-12085,-31.638456,-0.395481
64.5010,-12092,-31.656784,-0.395710
64.5110,-12099,-31.675109,-0.395939
64.5210,-12107,-31.696052,-0.396201
64.5310,-12116,-31.719614,-0.396495
64.5410,-12128,-31.751029,-0.396888
64.5510,-12144,-31.792917,-0.397411
64.5610,-12159,-31.832187,-0.397902
64.5710,-12178,-31.881931,-0.398524
64.5810,-12202,-31.944761,-0.399310
64.5910,-12231,-32.020683,-0.400259
64.6010,-12267,-32.114933,-0.401437
64.6110,-12297,-32.193473,-0.402418
64.6210,-12328,-32.274631,-0.403433
64.6310,-12355,-32.345317,-0.404316
64.6410,-12382,-32.416000,-0.405200
64.6510,-12415,-32.502395,-0.406280
64.6610,-12453,-32.601879,-0.407524
64.6710,-12496,-32.714450,-0.408931
64.6810,-12535,-32.816555,-0.410207
64.6910,-12558,-32.876770,-0.410960
64.7010,-12575,-32.921276,-0.411516
64.7110,-12590,-32.960544,-0.412007
64.7210,-12604,-32.997196,-0.412465
64.7320,-12617,-33.031230,-0.412890
64.7410,-12627,-33.057411,-0.413218
64.7510,-12636,-33.080970,-0.413512
64.7610,-12642,-33.096679,-0.413709
64.7710,-12647,-33.109767,-0.413872
64.7810,-12653,-33.125476,-0.414068
64.7910,-12661,-33.146423,-0.414330
64.8010,-12671,-33.172603,-0.414658
64.8110,-12682,-33.201400,-0.415018
64.8210,-12692,-33.227581,-0.415345
64.8310,-12705,-33.261611,-0.415770
64.8410,-12718,-33.295646,-0.416196
64.8510,-12733,-33.334915,-0.416686
64.8610,-12750,-33.379421,-0.417243
64.8710,-12774,-33.442256,-0.418028
64.8810,-12801,-33.512939,-0.418912
64.8910,-12823,-33.570533,-0.419632
64.9010,-12847,-33.633369,-0.420417
64.9110,-12872,-33.698818,-0.421235
64.9210,-12899,-33.769504,-0.422119
64.9310,-12923,-33.832336,-0.422904
64.9410,-12948,-33.897785,-0.423722
64.9510,-12972,-33.960617,-0.424508
64.9610,-13007,-34.052246,-0.425653
64.9710,-13048,-34.159584,-0.426995
64.9810,-13094,-34.280014,-0.428500
64.9910,-13127,-34.366409,-0.429580
65.0010,-13165,-34.465892,-0.430824
65.0110,-13202,-34.562755,-0.432034
65.0210,-13242,-34.667476,-0.433343
65.0310,-13274,-34.751251,-0.434391
65.0410,-13304,-34.829792,-0.435372
65.0510,-13337,-34.916183,-0.436452
65.0610,-13368,-34.997344,-0.437467
65.0710,-13404,-35.091590,-0.438645
65.0810,-13433,-35.167514,-0.439594
65.0910,-13456,-35.227725,-0.440347
65.1010,-13474,-35.274852,-0.440936
65.1110,-13491,-35.319358,-0.441492
65.1210,-13507,-35.361244,-0.442016
65.1310,-13522,-35.400512,-0.442506
65.1410,-13539,-35.445022,-0.443063
65.1510,-13551,-35.476432,-0.443455
65.1610,-13562,-35.505233,-0.443815
65.1710,-13575,-35.539268,-0.444241
65.1810,-13588,-35.573303,-0.444666
65.1910,-13602,-35.609954,-0.445124
65.2010,-13613,-35.638751,-0.445484
65.2110,-13628,-35.678020,-0.445975
65.2210,-13646,-35.725147,-0.446564
65.2310,-13668,-35.782741,-0.447284
65.2410,-13694,-35.850811,-0.448135
65.2510,-13712,-35.897930,-0.448724
65.2610,-13734,-35.955528,-0.449444
65.2710,-13758,-36.018360,-0.450230
65.2810,-13782,-36.081192,-0.451015
65.2910,-13799,-36.125698,-0.451571
65.3010,-13814,-36.164966,-0.452062
65.3110,-13827,-36.199001,-0.452488
65.3210,-13835,-36.219944,-0.452749
65.3310,-13840,-36.233036,-0.452913
65.3410,-13844,-36.243507,-0.453044
65.3510,-13844,-36.243507,-0.453044
65.3610,-13841,-36.235652,-0.452946
65.3720,-13837,-36.225181,-0.452815
65.3810,-13834,-36.217330,-0.452717
65.3910,-13832,-36.212093,-0.452651
65.4010,-13832,-36.212093,-0.452651
65.4110,-13832,-36.212093,-0.452651
65.4210,-13834,-36.217330,-0.452717
65.4310,-13837,-36.225181,-0.452815
65.4410,-13842,-36.238273,-0.452978
65.4510,-13847,-36.251361,-0.453142
65.4610,-13851,-36.261833,-0.453273
65.4710,-13855,-36.272308,-0.453404
65.4810,-13858,-36.280158,-0.453502
65.4910,-13861,-36.288013,-0.453600
65.5010,-13864,-36.295867,-0.453698
65.5110,-13868,-36.306339,-0.453829
65.5210,-13871,-36.314193,-0.453927
65.5310,-13874,-36.322048,-0.454026
65.5410,-13877,-36.329902,-0.454124
65.5510,-13879,-36.335136,-0.454189
65.5610,-13885,-36.350845,-0.454386
65.5710,-13891,-36.366554,-0.454582
65.5810,-13897,-36.382263,-0.454778
65.5910,-13902,-36.395351,-0.454942
65.6010,-13908,-36.411060,-0.455138
65.6110,-13912,-36.421531,-0.455269
65.6210,-13914,-36.426769,-0.455335
65.6310,-13916,-36.432003,-0.455400
65.6410,-13916,-36.432003,-0.455400
65.6510,-13915,-36.429386,-0.455367
65.6610,-13915,-36.429386,-0.455367
65.6710,-13915,-36.429386,-0.455367
65.6810,-13914,-36.426769,-0.455335
65.6910,-13914,-36.426769,-0.455335
65.7010,-13914,-36.426769,-0.455335
65.7110,-13915,-36.429386,-0.455367
65.7210,-13916,-36.432003,-0.455400
65.7310,-13918,-36.437240,-0.455466
65.7410,-13920,-36.442478,-0.455531
65.7510,-13922,-36.447711,-0.455596
65.7610,-13924,-36.452949,-0.455662
65.7710,-13926,-36.458183,-0.455727
65.7810,-13927,-36.460800,-0.455760
65.7910,-13927,-36.460800,-0.455760
65.8010,-13927,-36.460800,-0.455760
65.8110,-13927,-36.460800,-0.455760
65.8210,-13926,-36.458183,-0.455727
65.8310,-13925,-36.455566,-0.455695
65.8410,-13925,-36.455566,-0.455695
65.8510,-13925,-36.455566,-0.455695
65.8610,-13925,-36.455566,-0.455695
65.8710,-13926,-36.458183,-0.455727
65.8810,-13927,-36.460800,-0.455760
65.8910,-13928,-36.463420,-0.455793
65.9010,-13930,-36.468654,-0.455858
65.9110,-13931,-36.471275,-0.455891
65.9210,-13931,-36.471275,-0.455891
65.9310,-13932,-36.473892,-0.455924
65.9410,-13932,-36.473892,-0.455924
65.9510,-13932,-36.473892,-0.455924
65.9610,-13932,-36.473892,-0.455924
65.9710,-13931,-36.471275,-0.455891
65.9810,-13931,-36.471275,-0.455891
65.9910,-13932,-36.473892,-0.455924
66.0010,-13932,-36.473892,-0.455924
66.0120,-13933,-36.476509,-0.455956
66.0210,-13934,-36.479125,-0.455989
66.0310,-13937,-36.486980,-0.456087
66.0410,-13940,-36.494834,-0.456185
66.0510,-13943,-36.502689,-0.456284
66.0610,-13946,-36.510543,-0.456382
66.0710,-13948,-36.515777,-0.456447
66.0810,-13951,-36.523635,-0.456545
66.0910,-13955,-36.534107,-0.456676
66.1010,-13958,-36.541961,-0.456775
66.1110,-13962,-36.552433,-0.456905
66.1210,-13965,-36.560283,-0.457004
66.1310,-13969,-36.570755,-0.457134
66.1410,-13973,-36.581230,-0.457265
66.1510,-13978,-36.594318,-0.457429
66.1610,-13985,-36.612644,-0.457658
66.1710,-13995,-36.638828,-0.457985
66.1810,-14010,-36.678096,-0.458476
66.1910,-14028,-36.725219,-0.459065
66.2010,-14048,-36.777580,-0.459720
66.2110,-14070,-36.835174,-0.460440
66.2210,-14095,-36.900623,-0.461258
66.2310,-14115,-36.952983,-0.461912
66.2410,-14138,-37.013198,-0.462665
66.2510,-14160,-37.070793,-0.463385
66.2610,-14180,-37.123153,-0.464039
66.2710,-14194,-37.159805,-0.464498
66.2810,-14206,-37.191223,-0.464890
66.2910,-14214,-37.212165,-0.465152
66.3010,-14219,-37.225257,-0.465316
66.3110,-14222,-37.233108,-0.465414
66.3210,-14222,-37.233108,-0.465414
66.3310,-14220,-37.227874,-0.465348
66.3410,-14216,-37.217399,-0.465218
66.3510,-14214,-37.212165,-0.465152
66.3610,-14212,-37.206928,-0.465087
66.3710,-14212,-37.206928,-0.465087
66.3810,-14213,-37.209548,-0.465119
66.3910,-14215,-37.214786,-0.465185
66.4010,-14217,-37.220020,-0.465250
66.4110,-14221,-37.230491,-0.465381
66.4210,-14225,-37.240966,-0.465512
66.4310,-14228,-37.248817,-0.465610
66.4410,-14230,-37.254055,-0.465676
66.4510,-14230,-37.254055,-0.465676
66.4610,-14230,-37.254055,-0.465676
66.4710,-14229,-37.251434,-0.465643
66.4810,-14227,-37.246200,-0.465578
66.4910,-14225,-37.240966,-0.465512
66.5010,-14223,-37.235729,-0.465447
66.5110,-14221,-37.230491,-0.465381
66.5210,-14221,-37.230491,-0.465381
66.5310,-14221,-37.230491,-0.465381
66.5410,-14222,-37.233108,-0.465414
66.5510,-14224,-37.238346,-0.465479
66.5610,-14226,-37.243579,-0.465545
66.5710,-14227,-37.246200,-0.465578
66.5810,-14229,-37.251434,-0.465643
66.5910,-14230,-37.254055,-0.465676
66.6010,-14231,-37.256671,-0.465708
66.6110,-14231,-37.256671,-0.465708
66.6210,-14230,-37.254055,-0.465676
66.6310,-14230,-37.254055,-0.465676
66.6410,-14228,-37.248817,-0.465610
66.6520,-14227,-37.246200,-0.465578
66.6610,-14226,-37.243579,-0.465545
66.6710,-14226,-37.243579,-0.465545
66.6810,-14226,-37.243579,-0.465545
66.6910,-14226,-37.243579,-0.465545
66.7010,-14227,-37.246200,-0.465578
66.7110,-14229,-37.251434,-0.465643
66.7210,-14230,-37.254055,-0.465676
66.7310,-14231,-37.256671,-0.465708
66.7410,-14232,-37.259288,-0.465741
66.7510,-14232,-37.259288,-0.465741
66.7610,-14232,-37.259288,-0.465741
66.7710,-14232,-37.259288,-0.465741
66.7810,-14231,-37.256671,-0.465708
66.7910,-14230,-37.254055,-0.465676
66.8010,-14229,-37.251434,-0.465643
66.8110,-14229,-37.251434,-0.465643
66.8210,-14228,-37.248817,-0.465610
66.8310,-14228,-37.248817,-0.465610
66.8410,-14229,-37.251434,-0.465643
66.8510,-14229,-37.251434,-0.465643
66.8610,-14230,-37.254055,-0.465676
66.8710,-14231,-37.256671,-0.465708
66.8810,-14232,-37.259288,-0.465741
66.8910,-14232,-37.259288,-0.465741
66.9010,-14233,-37.261905,-0.465774
66.9110,-14233,-37.261905,-0.465774
66.9210,-14232,-37.259288,-0.465741
66.9310,-14232,-37.259288,-0.465741
66.9410,-14231,-37.256671,-0.465708
66.9510,-14231,-37.256671,-0.465708
66.9610,-14230,-37.254055,-0.465676
66.9710,-14230,-37.254055,-0.465676
66.9810,-14230,-37.254055,-0.465676
66.9910,-14230,-37.254055,-0.465676
67.0010,-14231,-37.256671,-0.465708
67.0110,-14232,-37.259288,-0.465741
67.0210,-14232,-37.259288,-0.465741
67.0310,-14233,-37.261905,-0.465774
67.0410,-14233,-37.261905,-0.465774
67.0510,-14233,-37.261905,-0.465774
67.0610,-14234,-37.264526,-0.465807
67.0710,-14234,-37.264526,-0.465807
67.0810,-14234,-37.264526,-0.465807
67.0910,-14233,-37.261905,-0.465774
67.1010,-14233,-37.261905,-0.465774
67.1110,-14233,-37.261905,-0.465774
67.1210,-14232,-37.259288,-0.465741
67.1310,-14232,-37.259288,-0.465741
67.1410,-14233,-37.261905,-0.465774
67.1510,-14233,-37.261905,-0.465774
67.1610,-14234,-37.264526,-0.465807
67.1710,-14234,-37.264526,-0.465807
67.1810,-14235,-37.267143,-0.465839
67.1910,-14235,-37.267143,-0.465839
67.2010,-14235,-37.267143,-0.465839
67.2110,-14235,-37.267143,-0.465839
67.2210,-14235,-37.267143,-0.465839
67.2310,-14235,-37.267143,-0.465839
67.2410,-14234,-37.264526,-0.465807
67.2510,-14234,-37.264526,-0.465807
67.2610,-14234,-37.264526,-0.465807
67.2710,-14234,-37.264526,-0.465807
67.2810,-14234,-37.264526,-0.465807
67.2920,-14235,-37.267143,-0.465839
67.3010,-14235,-37.267143,-0.465839
67.3110,-14236,-37.269763,-0.465872
67.3210,-14236,-37.269763,-0.465872
67.3310,-14237,-37.272377,-0.465905
67.3410,-14237,-37.272377,-0.465905
67.3510,-14237,-37.272377,-0.465905
67.3610,-14237,-37.272377,-0.465905
67.3710,-14237,-37.272377,-0.465905
67.3810,-14238,-37.274997,-0.465937
67.3910,-14238,-37.274997,-0.465937
67.4010,-14238,-37.274997,-0.465937
67.4110,-14238,-37.274997,-0.465937
67.4210,-14238,-37.274997,-0.465937
67.4310,-14239,-37.277614,-0.465970
67.4410,-14239,-37.277614,-0.465970
67.4510,-14239,-37.277614,-0.465970
67.4610,-14240,-37.280235,-0.466003
67.4710,-14240,-37.280235,-0.466003
67.4810,-14240,-37.280235,-0.466003
67.4910,-14241,-37.282852,-0.466036
67.5010,-14241,-37.282852,-0.466036
67.5110,-14241,-37.282852,-0.466036
67.5210,-14241,-37.282852,-0.466036
67.5310,-14241,-37.282852,-0.466036
67.5410,-14241,-37.282852,-0.466036
67.5510,-14241,-37.282852,-0.466036
67.5610,-14241,-37.282852,-0.466036
67.5710,-14241,-37.282852,-0.466036
67.5810,-14241,-37.282852,-0.466036
67.5910,-14241,-37.282852,-0.466036
67.6010,-14242,-37.285469,-0.466068
67.6110,-14242,-37.285469,-0.466068
67.6210,-14242,-37.285469,-0.466068
67.6310,-14242,-37.285469,-0.466068
67.6410,-14242,-37.285469,-0.466068
67.6510,-14242,-37.285469,-0.466068
67.6610,-14242,-37.285469,-0.466068
67.6710,-14242,-37.285469,-0.466068
67.6810,-14242,-37.285469,-0.466068
67.6910,-14242,-37.285469,-0.466068
67.7010,-14243,-37.288085,-0.466101
67.7110,-14243,-37.288085,-0.466101
67.7210,-14243,-37.288085,-0.466101
67.7310,-14243,-37.288085,-0.466101
67.7410,-14243,-37.288085,-0.466101
67.7510,-14243,-37.288085,-0.466101
67.7610,-14243,-37.288085,-0.466101
67.7710,-14243,-37.288085,-0.466101
67.7810,-14243,-37.288085,-0.466101
67.7910,-14243,-37.288085,-0.466101
67.8010,-14243,-37.288085,-0.466101
67.8110,-14244,-37.290706,-0.466134
67.8210,-14244,-37.290706,-0.466134
67.8310,-14244,-37.290706,-0.466134
67.8410,-14244,-37.290706,-0.466134
67.8510,-14244,-37.290706,-0.466134
67.8610,-14244,-37.290706,-0.466134
67.8710,-14244,-37.290706,-0.466134
67.8810,-14244,-37.290706,-0.466134
67.8910,-14244,-37.290706,-0.466134
67.9010,-14244,-37.290706,-0.466134
67.9110,-14244,-37.290706,-0.466134
67.9210,-14245,-37.293323,-0.466167
67.9320,-14245,-37.293323,-0.466167
67.9410,-14245,-37.293323,-0.466167
67.9510,-14245,-37.293323,-0.466167
67.9610,-14245,-37.293323,-0.466167
67.9710,-14245,-37.293323,-0.466167
67.9810,-14245,-37.293323,-0.466167
67.9910,-14245,-37.293323,-0.466167
68.0010,-14245,-37.293323,-0.466167
68.0110,-14245,-37.293323,-0.466167
68.0210,-14245,-37.293323,-0.466167
68.0310,-14245,-37.293323,-0.466167
68.0410,-14245,-37.293323,-0.466167
68.0510,-14245,-37.293323,-0.466167
68.0610,-14245,-37.293323,-0.466167
68.0710,-14246,-37.295944,-0.466199
68.0810,-14246,-37.295944,-0.466199
68.0910,-14246,-37.295944,-0.466199
68.1010,-14246,-37.295944,-0.466199
68.1110,-14246,-37.295944,-0.466199
68.1210,-14246,-37.295944,-0.466199
68.1310,-14246,-37.295944,-0.466199
68.1410,-14246,-37.295944,-0.466199
68.1510,-14246,-37.295944,-0.466199
68.1610,-14246,-37.295944,-0.466199
68.1710,-14246,-37.295944,-0.466199
68.1810,-14246,-37.295944,-0.466199
68.1910,-14246,-37.295944,-0.466199
68.2010,-14246,-37.295944,-0.466199
68.2110,-14246,-37.295944,-0.466199
68.2210,-14246,-37.295944,-0.466199
68.2310,-14246,-37.295944,-0.466199
68.2410,-14247,-37.298561,-0.466232
68.2510,-14247,-37.298561,-0.466232
68.2610,-14247,-37.298561,-0.466232
68.2710,-14247,-37.298561,-0.466232
68.2810,-14247,-37.298561,-0.466232
68.2910,-14247,-37.298561,-0.466232
68.3010,-14247,-37.298561,-0.466232
68.3110,-14247,-37.298561,-0.466232
68.3210,-14247,-37.298561,-0.466232
68.3310,-14247,-37.298561,-0.466232
68.3410,-14247,-37.298561,-0.466232
68.3510,-14247,-37.298561,-0.466232
68.3610,-14247,-37.298561,-0.466232
68.3710,-14247,-37.298561,-0.466232
68.3810,-14247,-37.298561,-0.466232
68.3910,-14247,-37.298561,-0.466232
68.4010,-14248,-37.301177,-0.466265
68.4110,-14248,-37.301177,-0.466265
68.4210,-14248,-37.301177,-0.466265
68.4310,-14248,-37.301177,-0.466265
68.4410,-14248,-37.301177,-0.466265
68.4510,-14248,-37.301177,-0.466265
68.4610,-14248,-37.301177,-0.466265
68.4710,-14248,-37.301177,-0.466265
68.4810,-14248,-37.301177,-0.466265
68.4910,-14248,-37.301177,-0.466265
68.5010,-14248,-37.301177,-0.466265
68.5110,-14248,-37.301177,-0.466265
68.5210,-14248,-37.301177,-0.466265
68.5310,-14248,-37.301177,-0.466265
68.5410,-14248,-37.301177,-0.466265
68.5510,-14248,-37.301177,-0.466265
68.5610,-14249,-37.303794,-0.466297
68.5720,-14249,-37.303794,-0.466297
68.5810,-14249,-37.303794,-0.466297
68.5910,-14249,-37.303794,-0.466297
68.6010,-14249,-37.303794,-0.466297
68.6110,-14249,-37.303794,-0.466297
68.6210,-14249,-37.303794,-0.466297
68.6310,-14249,-37.303794,-0.466297
68.6410,-14249,-37.303794,-0.466297
68.6510,-14249,-37.303794,-0.466297
68.6610,-14249,-37.303794,-0.466297
68.6710,-14249,-37.303794,-0.466297
68.6810,-14249,-37.303794,-0.466297
68.6910,-14249,-37.303794,-0.466297
68.7010,-14249,-37.303794,-0.466297
68.7110,-14249,-37.303794,-0.466297
68.7210,-14249,-37.303794,-0.466297
68.7310,-14249,-37.303794,-0.466297
68.7410,-14249,-37.303794,-0.466297
68.7510,-14249,-37.303794,-0.466297
68.7610,-14249,-37.303794,-0.466297
68.7710,-14249,-37.303794,-0.466297
68.7810,-14250,-37.306415,-0.466330
68.7910,-14250,-37.306415,-0.466330
68.8010,-14250,-37.306415,-0.466330
68.8110,-14250,-37.306415,-0.466330
68.8210,-14250,-37.306415,-0.466330
68.8310,-14250,-37.306415,-0.466330
68.8410,-14250,-37.306415,-0.466330
68.8510,-14250,-37.306415,-0.466330
68.8610,-14250,-37.306415,-0.466330
68.8710,-14250,-37.306415,-0.466330
68.8810,-14250,-37.306415,-0.466330
68.8910,-14250,-37.306415,-0.466330
68.9010,-14250,-37.306415,-0.466330
68.9110,-14250,-37.306415,-0.466330
68.9210,-14250,-37.306415,-0.466330
68.9310,-14250,-37.306415,-0.466330
68.9410,-14250,-37.306415,-0.466330
68.9510,-14250,-37.306415,-0.466330
68.9610,-14250,-37.306415,-0.466330
68.9710,-14250,-37.306415,-0.466330
68.9810,-14250,-37.306415,-0.466330
68.9910,-14250,-37.306415,-0.466330
69.0010,-14250,-37.306415,-0.466330
69.0110,-14250,-37.306415,-0.466330
69.0210,-14250,-37.306415,-0.466330
69.0310,-14250,-37.306415,-0.466330
69.0410,-14250,-37.306415,-0.466330
69.0510,-14251,-37.309032,-0.466363
69.0610,-14251,-37.309032,-0.466363
69.0710,-14251,-37.309032,-0.466363
69.0810,-14251,-37.309032,-0.466363
69.0910,-14251,-37.309032,-0.466363
69.1010,-14251,-37.309032,-0.466363
69.1110,-14251,-37.309032,-0.466363
69.1210,-14251,-37.309032,-0.466363
69.1310,-14251,-37.309032,-0.466363
69.1410,-14251,-37.309032,-0.466363
69.1510,-14251,-37.309032,-0.466363
69.1610,-14251,-37.309032,-0.466363
69.1710,-14251,-37.309032,-0.466363
69.1810,-14251,-37.309032,-0.466363
69.1910,-14251,-37.309032,-0.466363
69.2010,-14251,-37.309032,-0.466363
69.2120,-14252,-37.311649,-0.466396
69.2210,-14252,-37.311649,-0.466396
69.2310,-14252,-37.311649,-0.466396
69.2410,-14252,-37.311649,-0.466396
69.2510,-14252,-37.311649,-0.466396
69.2610,-14252,-37.311649,-0.466396
69.2710,-14252,-37.311649,-0.466396
69.2810,-14252,-37.311649,-0.466396
69.2910,-14252,-37.311649,-0.466396
69.3010,-14252,-37.311649,-0.466396
69.3110,-14252,-37.311649,-0.466396
69.3210,-14252,-37.311649,-0.466396
69.3310,-14252,-37.311649,-0.466396
69.3410,-14252,-37.311649,-0.466396
69.3510,-14252,-37.311649,-0.466396
69.3610,-14252,-37.311649,-0.466396
69.3710,-14252,-37.311649,-0.466396
69.3810,-14252,-37.311649,-0.466396
69.3910,-14252,-37.311649,-0.466396
69.4010,-14252,-37.311649,-0.466396
69.4110,-14252,-37.311649,-0.466396
69.4210,-14253,-37.314266,-0.466428
69.4310,-14253,-37.314266,-0.466428
69.4410,-14253,-37.314266,-0.466428
69.4510,-14253,-37.314266,-0.466428
69.4610,-14253,-37.314266,-0.466428
69.4710,-14253,-37.314266,-0.466428
69.4810,-14253,-37.314266,-0.466428
69.4910,-14253,-37.314266,-0.466428
69.5010,-14253,-37.314266,-0.466428
69.5110,-14253,-37.314266,-0.466428
69.5210,-14253,-37.314266,-0.466428
69.5310,-14253,-37.314266,-0.466428
69.5410,-14253,-37.314266,-0.466428
69.5510,-14253,-37.314266,-0.466428
69.5610,-14253,-37.314266,-0.466428
69.5710,-14253,-37.314266,-0.466428
69.5810,-14253,-37.314266,-0.466428
69.5910,-14253,-37.314266,-0.466428
69.6010,-14253,-37.314266,-0.466428
69.6110,-14253,-37.314266,-0.466428
69.6210,-14253,-37.314266,-0.466428
69.6310,-14254,-37.316886,-0.466461
69.6410,-14254,-37.316886,-0.466461
69.6510,-14254,-37.316886,-0.466461
69.6610,-14254,-37.316886,-0.466461
69.6710,-14254,-37.316886,-0.466461
69.6810,-14254,-37.316886,-0.466461
69.6910,-14254,-37.316886,-0.466461
69.7010,-14254,-37.316886,-0.466461
69.7110,-14254,-37.316886,-0.466461
69.7210,-14254,-37.316886,-0.466461
69.7310,-14254,-37.316886,-0.466461
69.7410,-14254,-37.316886,-0.466461
69.7510,-14254,-37.316886,-0.466461
69.7610,-14254,-37.316886,-0.466461
69.7710,-14255,-37.319503,-0.466494
69.7810,-14255,-37.319503,-0.466494
69.7910,-14255,-37.319503,-0.466494
69.8010,-14255,-37.319503,-0.466494
69.8110,-14255,-37.319503,-0.466494
69.8210,-14255,-37.319503,-0.466494
69.8310,-14255,-37.319503,-0.466494
69.8410,-14255,-37.319503,-0.466494
69.8520,-14255,-37.319503,-0.466494
69.8610,-14255,-37.319503,-0.466494
69.8710,-14255,-37.319503,-0.466494
69.8810,-14256,-37.322120,-0.466527
69.8910,-14256,-37.322120,-0.466527
69.9010,-14256,-37.322120,-0.466527
69.9110,-14256,-37.322120,-0.466527
69.9210,-14256,-37.322120,-0.466527
69.9310,-14256,-37.322120,-0.466527
69.9410,-14256,-37.322120,-0.466527
69.9510,-14256,-37.322120,-0.466527
69.9610,-14256,-37.322120,-0.466527
69.9710,-14256,-37.322120,-0.466527
69.9810,-14257,-37.324741,-0.466559
69.9910,-14257,-37.324741,-0.466559
70.0010,-14257,-37.324741,-0.466559
70.0110,-14257,-37.324741,-0.466559
70.0210,-14257,-37.324741,-0.466559
70.0310,-14257,-37.324741,-0.466559
70.0410,-14257,-37.324741,-0.466559
70.0510,-14257,-37.324741,-0.466559
70.0610,-14258,-37.327358,-0.466592
70.0710,-14258,-37.327358,-0.466592
70.0810,-14259,-37.329975,-0.466625
70.0910,-14260,-37.332592,-0.466657
70.1010,-14261,-37.335212,-0.466690
70.1110,-14261,-37.335212,-0.466690
70.1210,-14262,-37.337829,-0.466723
70.1310,-14262,-37.337829,-0.466723
70.1410,-14263,-37.340450,-0.466756
70.1510,-14263,-37.340450,-0.466756
70.1610,-14263,-37.340450,-0.466756
70.1710,-14264,-37.343063,-0.466788
70.1810,-14266,-37.348300,-0.466854
70.1910,-14267,-37.350921,-0.466887
70.2010,-14267,-37.350921,-0.466887
70.2110,-14268,-37.353538,-0.466919
70.2210,-14268,-37.353538,-0.466919
70.2310,-14269,-37.356155,-0.466952
70.2410,-14269,-37.356155,-0.466952
70.2510,-14270,-37.358772,-0.466985
70.2610,-14270,-37.358772,-0.466985
70.2710,-14271,-37.361392,-0.467017
70.2810,-14272,-37.364009,-0.467050
70.2910,-14273,-37.366626,-0.467083
70.3010,-14273,-37.366626,-0.467083
70.3110,-14274,-37.369247,-0.467116
70.3210,-14274,-37.369247,-0.467116
70.3310,-14274,-37.369247,-0.467116
70.3410,-14275,-37.371864,-0.467148
70.3510,-14276,-37.374481,-0.467181
70.3610,-14277,-37.377098,-0.467214
70.3710,-14278,-37.379718,-0.467247
70.3810,-14281,-37.387569,-0.467345
70.3910,-14289,-37.408515,-0.467606
70.4010,-14304,-37.447784,-0.468097
70.4110,-14317,-37.481819,-0.468523
70.4210,-14327,-37.507999,-0.468850
70.4310,-14335,-37.528942,-0.469112
70.4410,-14345,-37.555122,-0.469439
70.4510,-14354,-37.578685,-0.469734
70.4610,-14364,-37.604866,-0.470061
70.4710,-14373,-37.628425,-0.470355
70.4810,-14382,-37.651988,-0.470650
70.4920,-14390,-37.672931,-0.470912
70.5010,-14397,-37.691261,-0.471141
70.5110,-14405,-37.712203,-0.471403
70.5210,-14409,-37.722675,-0.471533
70.5310,-14411,-37.727909,-0.471599
70.5410,-14412,-37.730529,-0.471632
70.5510,-14415,-37.738380,-0.471730
70.5610,-14417,-37.743618,-0.471795
70.5710,-14420,-37.751472,-0.471893
70.5810,-14422,-37.756710,-0.471959
70.5910,-14424,-37.761947,-0.472024
70.6010,-14425,-37.764560,-0.472057
70.6110,-14426,-37.767181,-0.472090
70.6210,-14426,-37.767181,-0.472090
70.6310,-14426,-37.767181,-0.472090
70.6410,-14425,-37.764560,-0.472057
70.6510,-14424,-37.761947,-0.472024
70.6610,-14424,-37.761947,-0.472024
70.6710,-14423,-37.759326,-0.471992
70.6810,-14423,-37.759326,-0.471992
70.6910,-14423,-37.759326,-0.471992
70.7010,-14424,-37.761947,-0.472024
70.7110,-14425,-37.764560,-0.472057
70.7210,-14426,-37.767181,-0.472090
70.7310,-14427,-37.769798,-0.472123
70.7410,-14428,-37.772418,-0.472155
70.7510,-14429,-37.775035,-0.472188
70.7610,-14429,-37.775035,-0.472188
70.7710,-14429,-37.775035,-0.472188
70.7810,-14428,-37.772418,-0.472155
70.7910,-14428,-37.772418,-0.472155
70.8010,-14427,-37.769798,-0.472123
70.8110,-14426,-37.767181,-0.472090
70.8210,-14426,-37.767181,-0.472090
70.8310,-14426,-37.767181,-0.472090
70.8410,-14426,-37.767181,-0.472090
70.8510,-14427,-37.769798,-0.472123
70.8610,-14427,-37.769798,-0.472123
70.8710,-14428,-37.772418,-0.472155
70.8810,-14429,-37.775035,-0.472188
70.8910,-14429,-37.775035,-0.472188
70.9010,-14429,-37.775035,-0.472188
70.9110,-14430,-37.777652,-0.472221
70.9210,-14430,-37.777652,-0.472221
70.9310,-14430,-37.777652,-0.472221
70.9410,-14429,-37.775035,-0.472188
70.9510,-14429,-37.775035,-0.472188
70.9610,-14429,-37.775035,-0.472188
70.9710,-14428,-37.772418,-0.472155
70.9810,-14428,-37.772418,-0.472155
70.9910,-14428,-37.772418,-0.472155
71.0010,-14429,-37.775035,-0.472188
71.0110,-14429,-37.775035,-0.472188
71.0210,-14430,-37.777652,-0.472221
71.0310,-14430,-37.777652,-0.472221
71.0410,-14431,-37.780269,-0.472253
71.0510,-14431,-37.780269,-0.472253
71.0610,-14431,-37.780269,-0.472253
71.0710,-14431,-37.780269,-0.472253
71.0810,-14431,-37.780269,-0.472253
71.0910,-14430,-37.777652,-0.472221
71.1010,-14430,-37.777652,-0.472221
71.1110,-14430,-37.777652,-0.472221
71.1210,-14430,-37.777652,-0.472221
71.1320,-14430,-37.777652,-0.472221
71.1410,-14430,-37.777652,-0.472221
71.1510,-14430,-37.777652,-0.472221
71.1610,-14430,-37.777652,-0.472221
71.1710,-14431,-37.780269,-0.472253
71.1810,-14431,-37.780269,-0.472253
71.1910,-14431,-37.780269,-0.472253
71.2010,-14431,-37.780269,-0.472253
71.2110,-14431,-37.780269,-0.472253
71.2210,-14431,-37.780269,-0.472253
71.2310,-14431,-37.780269,-0.472253
71.2410,-14431,-37.780269,-0.472253
71.2510,-14431,-37.780269,-0.472253
71.2610,-14431,-37.780269,-0.472253
71.2710,-14431,-37.780269,-0.472253
71.2810,-14431,-37.780269,-0.472253
71.2910,-14431,-37.780269,-0.472253
71.3010,-14431,-37.780269,-0.472253
71.3110,-14431,-37.780269,-0.472253
71.3210,-14432,-37.782890,-0.472286
71.3310,-14432,-37.782890,-0.472286
71.3410,-14432,-37.782890,-0.472286
71.3510,-14432,-37.782890,-0.472286
71.3610,-14432,-37.782890,-0.472286
71.3710,-14432,-37.782890,-0.472286
71.3810,-14432,-37.782890,-0.472286
71.3910,-14432,-37.782890,-0.472286
71.4010,-14432,-37.782890,-0.472286
71.4110,-14432,-37.782890,-0.472286
71.4210,-14432,-37.782890,-0.472286
71.4310,-14432,-37.782890,-0.472286
71.4410,-14432,-37.782890,-0.472286
71.4510,-14432,-37.782890,-0.472286
71.4610,-14433,-37.785507,-0.472319
71.4710,-14433,-37.785507,-0.472319
71.4810,-14433,-37.785507,-0.472319
71.4910,-14433,-37.785507,-0.472319
71.5010,-14433,-37.785507,-0.472319
71.5110,-14433,-37.785507,-0.472319
71.5210,-14433,-37.785507,-0.472319
71.5310,-14433,-37.785507,-0.472319
71.5410,-14433,-37.785507,-0.472319
71.5510,-14433,-37.785507,-0.472319
71.5610,-14433,-37.785507,-0.472319
71.5710,-14433,-37.785507,-0.472319
71.5810,-14433,-37.785507,-0.472319
71.5910,-14433,-37.785507,-0.472319
71.6010,-14433,-37.785507,-0.472319
71.6110,-14433,-37.785507,-0.472319
71.6210,-14433,-37.785507,-0.472319
71.6310,-14433,-37.785507,-0.472319
71.6410,-14433,-37.785507,-0.472319
71.6510,-14433,-37.785507,-0.472319
71.6610,-14433,-37.785507,-0.472319
71.6710,-14433,-37.785507,-0.472319
71.6810,-14434,-37.788124,-0.472352
71.6910,-14434,-37.788124,-0.472352
71.7010,-14434,-37.788124,-0.472352
71.7110,-14434,-37.788124,-0.472352
71.7210,-14434,-37.788124,-0.472352
71.7310,-14434,-37.788124,-0.472352
71.7410,-14434,-37.788124,-0.472352
71.7510,-14434,-37.788124,-0.472352
71.7610,-14434,-37.788124,-0.472352
71.7720,-14434,-37.788124,-0.472352
71.7810,-14434,-37.788124,-0.472352
71.7910,-14434,-37.788124,-0.472352
71.8010,-14434,-37.788124,-0.472352
71.8110,-14434,-37.788124,-0.472352
71.8210,-14434,-37.788124,-0.472352
71.8310,-14434,-37.788124,-0.472352
71.8410,-14434,-37.788124,-0.472352
71.8510,-14434,-37.788124,-0.472352
71.8610,-14434,-37.788124,-0.472352
71.8710,-14434,-37.788124,-0.472352
71.8810,-14434,-37.788124,-0.472352
71.8910,-14434,-37.788124,-0.472352
71.9010,-14434,-37.788124,-0.472352
71.9110,-14434,-37.788124,-0.472352
71.9210,-14434,-37.788124,-0.472352
71.9310,-14434,-37.788124,-0.472352
71.9410,-14434,-37.788124,-0.472352
71.9510,-14435,-37.790740,-0.472384
71.9610,-14435,-37.790740,-0.472384
71.9710,-14435,-37.790740,-0.472384
71.9810,-14435,-37.790740,-0.472384
71.9910,-14435,-37.790740,-0.472384
72.0010,-14435,-37.790740,-0.472384
72.0110,-14435,-37.790740,-0.472384
72.0210,-14435,-37.790740,-0.472384
72.0310,-14435,-37.790740,-0.472384
72.0410,-14435,-37.790740,-0.472384
72.0510,-14435,-37.790740,-0.472384
72.0610,-14435,-37.790740,-0.472384
72.0710,-14435,-37.790740,-0.472384
72.0810,-14435,-37.790740,-0.472384
72.0910,-14435,-37.790740,-0.472384
72.1010,-14435,-37.790740,-0.472384
72.1110,-14435,-37.790740,-0.472384
72.1210,-14435,-37.790740,-0.472384
72.1310,-14435,-37.790740,-0.472384
72.1410,-14435,-37.790740,-0.472384
72.1510,-14435,-37.790740,-0.472384
72.1610,-14435,-37.790740,-0.472384
72.1710,-14435,-37.790740,-0.472384
72.1810,-14435,-37.790740,-0.472384
72.1910,-14435,-37.790740,-0.472384
72.2010,-14435,-37.790740,-0.472384
72.2110,-14436,-37.793361,-0.472417
72.2210,-14436,-37.793361,-0.472417
72.2310,-14436,-37.793361,-0.472417
72.2410,-14436,-37.793361,-0.472417
72.2510,-14436,-37.793361,-0.472417
72.2610,-14436,-37.793361,-0.472417
72.2710,-14436,-37.793361,-0.472417
72.2810,-14436,-37.793361,-0.472417
72.2910,-14436,-37.793361,-0.472417
72.3010,-14436,-37.793361,-0.472417
72.3110,-14436,-37.793361,-0.472417
72.3210,-14436,-37.793361,-0.472417
72.3310,-14436,-37.793361,-0.472417
72.3410,-14436,-37.793361,-0.472417
72.3510,-14436,-37.793361,-0.472417
72.3610,-14436,-37.793361,-0.472417
72.3710,-14436,-37.793361,-0.472417
72.3810,-14436,-37.793361,-0.472417
72.3910,-14436,-37.793361,-0.472417
72.4010,-14436,-37.793361,-0.472417
72.4120,-14436,-37.793361,-0.472417
72.4210,-14436,-37.793361,-0.472417
72.4310,-14436,-37.793361,-0.472417
72.4410,-14436,-37.793361,-0.472417
72.4510,-14436,-37.793361,-0.472417
72.4610,-14436,-37.793361,-0.472417
72.4710,-14436,-37.793361,-0.472417
72.4810,-14436,-37.793361,-0.472417
72.4910,-14437,-37.795978,-0.472450
72.5010,-14437,-37.795978,-0.472450
72.5110,-14437,-37.795978,-0.472450
72.5210,-14437,-37.795978,-0.472450
72.5310,-14437,-37.795978,-0.472450
72.5410,-14437,-37.795978,-0.472450
72.5510,-14437,-37.795978,-0.472450
72.5610,-14437,-37.795978,-0.472450
72.5710,-14437,-37.795978,-0.472450
72.5810,-14437,-37.795978,-0.472450
72.5910,-14437,-37.795978,-0.472450
72.6010,-14437,-37.795978,-0.472450
72.6110,-14437,-37.795978,-0.472450
72.6210,-14437,-37.795978,-0.472450
72.6310,-14437,-37.795978,-0.472450
72.6410,-14437,-37.795978,-0.472450
72.6510,-14437,-37.795978,-0.472450
72.6610,-14437,-37.795978,-0.472450
72.6710,-14437,-37.795978,-0.472450
72.6810,-14437,-37.795978,-0.472450
72.6910,-14437,-37.795978,-0.472450
72.7010,-14437,-37.795978,-0.472450
72.7110,-14437,-37.795978,-0.472450
72.7210,-14437,-37.795978,-0.472450
72.7310,-14437,-37.795978,-0.472450
72.7410,-14437,-37.795978,-0.472450
72.7510,-14437,-37.795978,-0.472450
72.7610,-14437,-37.795978,-0.472450
72.7710,-14437,-37.795978,-0.472450
72.7810,-14437,-37.795978,-0.472450
72.7910,-14438,-37.798595,-0.472482
72.8010,-14438,-37.798595,-0.472482
72.8110,-14438,-37.798595,-0.472482
72.8210,-14438,-37.798595,-0.472482
72.8310,-14438,-37.798595,-0.472482
72.8410,-14438,-37.798595,-0.472482
72.8510,-14438,-37.798595,-0.472482
72.8610,-14438,-37.798595,-0.472482
72.8710,-14438,-37.798595,-0.472482
72.8810,-14438,-37.798595,-0.472482
72.8910,-14438,-37.798595,-0.472482
72.9010,-14438,-37.798595,-0.472482
72.9110,-14438,-37.798595,-0.472482
72.9210,-14438,-37.798595,-0.472482
72.9310,-14438,-37.798595,-0.472482
72.9410,-14438,-37.798595,-0.472482
72.9510,-14438,-37.798595,-0.472482
72.9610,-14438,-37.798595,-0.472482
72.9710,-14438,-37.798595,-0.472482
72.9810,-14438,-37.798595,-0.472482
72.9910,-14438,-37.798595,-0.472482
73.0010,-14438,-37.798595,-0.472482
73.0110,-14438,-37.798595,-0.472482
73.0210,-14438,-37.798595,-0.472482
73.0310,-14438,-37.798595,-0.472482
73.0410,-14438,-37.798595,-0.472482
73.0520,-14438,-37.798595,-0.472482
73.0610,-14438,-37.798595,-0.472482
73.0710,-14438,-37.798595,-0.472482
73.0810,-14438,-37.798595,-0.472482
73.0910,-14438,-37.798595,-0.472482
73.1010,-14438,-37.798595,-0.472482
73.1110,-14438,-37.798595,-0.472482
73.1210,-14438,-37.798595,-0.472482
73.1310,-14438,-37.798595,-0.472482
73.1410,-14438,-37.798595,-0.472482
73.1510,-14438,-37.798595,-0.472482
73.1610,-14438,-37.798595,-0.472482
73.1710,-14438,-37.798595,-0.472482
73.1810,-14439,-37.801216,-0.472515
73.1910,-14439,-37.801216,-0.472515
73.2010,-14439,-37.801216,-0.472515
73.2110,-14439,-37.801216,-0.472515
73.2210,-14439,-37.801216,-0.472515
73.2310,-14439,-37.801216,-0.472515
73.2410,-14439,-37.801216,-0.472515
73.2510,-14439,-37.801216,-0.472515
73.2610,-14439,-37.801216,-0.472515
73.2710,-14439,-37.801216,-0.472515
73.2810,-14439,-37.801216,-0.472515
73.2910,-14439,-37.801216,-0.472515
73.3010,-14439,-37.801216,-0.472515
73.3110,-14439,-37.801216,-0.472515
73.3210,-14439,-37.801216,-0.472515
73.3310,-14439,-37.801216,-0.472515
73.3410,-14439,-37.801216,-0.472515
73.3510,-14439,-37.801216,-0.472515
73.3610,-14439,-37.801216,-0.472515
73.3710,-14439,-37.801216,-0.472515
73.3810,-14439,-37.801216,-0.472515
73.3910,-14439,-37.801216,-0.472515
73.4010,-14439,-37.801216,-0.472515
73.4110,-14439,-37.801216,-0.472515
73.4210,-14439,-37.801216,-0.472515
73.4310,-14439,-37.801216,-0.472515
73.4410,-14439,-37.801216,-0.472515
73.4510,-14439,-37.801216,-0.472515
73.4610,-14439,-37.801216,-0.472515
73.4710,-14439,-37.801216,-0.472515
73.4810,-14439,-37.801216,-0.472515
73.4910,-14439,-37.801216,-0.472515
73.5010,-14439,-37.801216,-0.472515
73.5110,-14439,-37.801216,-0.472515
73.5210,-14439,-37.801216,-0.472515
73.5310,-14439,-37.801216,-0.472515
73.5410,-14440,-37.803833,-0.472548
73.5510,-14440,-37.803833,-0.472548
73.5610,-14440,-37.803833,-0.472548
73.5710,-14440,-37.803833,-0.472548
73.5810,-14440,-37.803833,-0.472548
73.5910,-14440,-37.803833,-0.472548
73.6010,-14440,-37.803833,-0.472548
73.6110,-14440,-37.803833,-0.472548
73.6210,-14440,-37.803833,-0.472548
73.6310,-14440,-37.803833,-0.472548
73.6410,-14440,-37.803833,-0.472548
73.6510,-14440,-37.803833,-0.472548
73.6610,-14440,-37.803833,-0.472548
73.6710,-14440,-37.803833,-0.472548
73.6810,-14440,-37.803833,-0.472548
73.6920,-14440,-37.803833,-0.472548
73.7010,-14440,-37.803833,-0.472548
73.7110,-14440,-37.803833,-0.472548
73.7210,-14440,-37.803833,-0.472548
73.7310,-14440,-37.803833,-0.472548
73.7410,-14440,-37.803833,-0.472548
73.7510,-14440,-37.803833,-0.472548
73.7610,-14440,-37.803833,-0.472548
73.7710,-14440,-37.803833,-0.472548
73.7810,-14440,-37.803833,-0.472548
73.7910,-14440,-37.803833,-0.472548
73.8010,-14440,-37.803833,-0.472548
73.8110,-14440,-37.803833,-0.472548
73.8210,-14440,-37.803833,-0.472548
73.8310,-14440,-37.803833,-0.472548
73.8410,-14440,-37.803833,-0.472548
73.8510,-14440,-37.803833,-0.472548
73.8610,-14440,-37.803833,-0.472548
73.8710,-14440,-37.803833,-0.472548
73.8810,-14440,-37.803833,-0.472548
73.8910,-14440,-37.803833,-0.472548
73.9010,-14440,-37.803833,-0.472548
73.9110,-14440,-37.803833,-0.472548
73.9210,-14440,-37.803833,-0.472548
73.9310,-14440,-37.803833,-0.472548
73.9410,-14441,-37.806449,-0.472581
73.9510,-14441,-37.806449,-0.472581
73.9610,-14441,-37.806449,-0.472581
73.9710,-14441,-37.806449,-0.472581
73.9810,-14441,-37.806449,-0.472581
73.9910,-14441,-37.806449,-0.472581
74.0010,-14441,-37.806449,-0.472581
74.0110,-14441,-37.806449,-0.472581
74.0210,-14441,-37.806449,-0.472581
74.0310,-14441,-37.806449,-0.472581
74.0410,-14441,-37.806449,-0.472581
74.0510,-14441,-37.806449,-0.472581
74.0610,-14441,-37.806449,-0.472581
74.0710,-14441,-37.806449,-0.472581
74.0810,-14441,-37.806449,-0.472581
74.0910,-14441,-37.806449,-0.472581
74.1010,-14441,-37.806449,-0.472581
74.1110,-14441,-37.806449,-0.472581
74.1210,-14441,-37.806449,-0.472581
74.1310,-14441,-37.806449,-0.472581
74.1410,-14441,-37.806449,-0.472581
74.1510,-14441,-37.806449,-0.472581
74.1610,-14441,-37.806449,-0.472581
74.1710,-14441,-37.806449,-0.472581
74.1810,-14441,-37.806449,-0.472581
74.1910,-14441,-37.806449,-0.472581
74.2010,-14441,-37.806449,-0.472581
74.2110,-14441,-37.806449,-0.472581
74.2210,-14441,-37.806449,-0.472581
74.2310,-14441,-37.806449,-0.472581
74.2410,-14441,-37.806449,-0.472581
74.2510,-14441,-37.806449,-0.472581
74.2610,-14441,-37.806449,-0.472581
74.2710,-14441,-37.806449,-0.472581
74.2810,-14441,-37.806449,-0.472581
74.2910,-14441,-37.806449,-0.472581
74.3010,-14441,-37.806449,-0.472581
74.3110,-14441,-37.806449,-0.472581
74.3210,-14441,-37.806449,-0.472581
74.3320,-14441,-37.806449,-0.472581
74.3410,-14441,-37.806449,-0.472581
74.3510,-14441,-37.806449,-0.472581
74.3610,-14442,-37.809066,-0.472613
74.3710,-14442,-37.809066,-0.472613
74.3810,-14442,-37.809066,-0.472613
74.3910,-14442,-37.809066,-0.472613
74.4010,-14442,-37.809066,-0.472613
74.4110,-14442,-37.809066,-0.472613
74.4210,-14442,-37.809066,-0.472613
74.4310,-14442,-37.809066,-0.472613
74.4410,-14442,-37.809066,-0.472613
74.4510,-14442,-37.809066,-0.472613
74.4610,-14442,-37.809066,-0.472613
74.4710,-14442,-37.809066,-0.472613
74.4810,-14442,-37.809066,-0.472613
74.4910,-14442,-37.809066,-0.472613
74.5010,-14442,-37.809066,-0.472613
74.5110,-14442,-37.809066,-0.472613
74.5210,-14442,-37.809066,-0.472613
74.5310,-14442,-37.809066,-0.472613
74.5410,-14442,-37.809066,-0.472613
74.5510,-14442,-37.809066,-0.472613
74.5610,-14442,-37.809066,-0.472613
74.5710,-14442,-37.809066,-0.472613
74.5810,-14442,-37.809066,-0.472613
74.5910,-14442,-37.809066,-0.472613
74.6010,-14442,-37.809066,-0.472613
74.6110,-14442,-37.809066,-0.472613
74.6210,-14442,-37.809066,-0.472613
74.6310,-14442,-37.809066,-0.472613
74.6410,-14442,-37.809066,-0.472613
74.6510,-14442,-37.809066,-0.472613
74.6610,-14442,-37.809066,-0.472613
74.6710,-14442,-37.809066,-0.472613
74.6810,-14442,-37.809066,-0.472613
74.6910,-14442,-37.809066,-0.472613
74.7010,-14442,-37.809066,-0.472613
74.7110,-14442,-37.809066,-0.472613
74.7210,-14442,-37.809066,-0.472613
74.7310,-14442,-37.809066,-0.472613
74.7410,-14442,-37.809066,-0.472613
74.7510,-14442,-37.809066,-0.472613
74.7610,-14442,-37.809066,-0.472613
74.7710,-14442,-37.809066,-0.472613
74.7810,-14442,-37.809066,-0.472613
74.7910,-14442,-37.809066,-0.472613
74.8010,-14442,-37.809066,-0.472613
74.8110,-14442,-37.809066,-0.472613
74.8210,-14442,-37.809066,-0.472613
74.8310,-14442,-37.809066,-0.472613
74.8410,-14442,-37.809066,-0.472613
74.8510,-14442,-37.809066,-0.472613
74.8610,-14442,-37.809066,-0.472613
74.8710,-14442,-37.809066,-0.472613
74.8810,-14442,-37.809066,-0.472613
74.8910,-14442,-37.809066,-0.472613
74.9010,-14443,-37.811687,-0.472646
74.9110,-14443,-37.811687,-0.472646
74.9210,-14443,-37.811687,-0.472646
74.9310,-14443,-37.811687,-0.472646
74.9410,-14443,-37.811687,-0.472646
74.9510,-14443,-37.811687,-0.472646
74.9610,-14443,-37.811687,-0.472646
74.9720,-14443,-37.811687,-0.472646
74.9810,-14443,-37.811687,-0.472646
74.9910,-14443,-37.811687,-0.472646
75.0010,-14443,-37.811687,-0.472646
75.0110,-14443,-37.811687,-0.472646
75.0210,-14443,-37.811687,-0.472646
75.0310,-14443,-37.811687,-0.472646
75.0410,-14443,-37.811687,-0.472646
75.0510,-14443,-37.811687,-0.472646
75.0610,-14443,-37.811687,-0.472646
75.0710,-14443,-37.811687,-0.472646
75.0810,-14443,-37.811687,-0.472646
75.0910,-14443,-37.811687,-0.472646
75.1010,-14443,-37.811687,-0.472646
75.1110,-14443,-37.811687,-0.472646
75.1210,-14443,-37.811687,-0.472646
75.1310,-14443,-37.811687,-0.472646
75.1410,-14443,-37.811687,-0.472646
75.1510,-14443,-37.811687,-0.472646
75.1610,-14443,-37.811687,-0.472646
75.1710,-14443,-37.811687,-0.472646
75.1810,-14443,-37.811687,-0.472646
75.1910,-14443,-37.811687,-0.472646
75.2010,-14443,-37.811687,-0.472646
75.2110,-14443,-37.811687,-0.472646
75.2210,-14443,-37.811687,-0.472646
75.2310,-14443,-37.811687,-0.472646
75.2410,-14443,-37.811687,-0.472646
75.2510,-14443,-37.811687,-0.472646
75.2610,-14443,-37.811687,-0.472646
75.2710,-14443,-37.811687,-0.472646
75.2810,-14443,-37.811687,-0.472646
75.2910,-14443,-37.811687,-0.472646
75.3010,-14443,-37.811687,-0.472646
75.3110,-14443,-37.811687,-0.472646
75.3210,-14443,-37.811687,-0.472646
75.3310,-14443,-37.811687,-0.472646
75.3410,-14443,-37.811687,-0.472646
75.3510,-14443,-37.811687,-0.472646
75.3610,-14443,-37.811687,-0.472646
75.3710,-14443,-37.811687,-0.472646
75.3810,-14443,-37.811687,-0.472646
75.3910,-14443,-37.811687,-0.472646
75.4010,-14443,-37.811687,-0.472646
75.4110,-14443,-37.811687,-0.472646
75.4210,-14443,-37.811687,-0.472646
75.4310,-14443,-37.811687,-0.472646
75.4410,-14444,-37.814304,-0.472679
75.4510,-14444,-37.814304,-0.472679
75.4610,-14444,-37.814304,-0.472679
75.4710,-14444,-37.814304,-0.472679
75.4810,-14444,-37.814304,-0.472679
75.4910,-14444,-37.814304,-0.472679
75.5010,-14444,-37.814304,-0.472679
75.5110,-14444,-37.814304,-0.472679
75.5210,-14444,-37.814304,-0.472679
75.5310,-14444,-37.814304,-0.472679
75.5410,-14444,-37.814304,-0.472679
75.5510,-14444,-37.814304,-0.472679
75.5610,-14444,-37.814304,-0.472679
75.5710,-14444,-37.814304,-0.472679
75.5810,-14444,-37.814304,-0.472679
75.5910,-14444,-37.814304,-0.472679
75.6010,-14444,-37.814304,-0.472679
75.6120,-14444,-37.814304,-0.472679
75.6210,-14444,-37.814304,-0.472679
75.6310,-14444,-37.814304,-0.472679
75.6410,-14444,-37.814304,-0.472679
75.6510,-14444,-37.814304,-0.472679
75.6610,-14444,-37.814304,-0.472679
75.6710,-14444,-37.814304,-0.472679
75.6810,-14444,-37.814304,-0.472679
75.6910,-14444,-37.814304,-0.472679
75.7010,-14444,-37.814304,-0.472679
75.7110,-14444,-37.814304,-0.472679
75.7210,-14444,-37.814304,-0.472679
75.7310,-14444,-37.814304,-0.472679
75.7410,-14444,-37.814304,-0.472679
75.7510,-14444,-37.814304,-0.472679
75.7610,-14444,-37.814304,-0.472679
75.7710,-14444,-37.814304,-0.472679
75.7810,-14444,-37.814304,-0.472679
75.7910,-14444,-37.814304,-0.472679
75.8010,-14444,-37.814304,-0.472679
75.8110,-14444,-37.814304,-0.472679
75.8210,-14444,-37.814304,-0.472679
75.8310,-14444,-37.814304,-0.472679
75.8410,-14444,-37.814304,-0.472679
75.8510,-14444,-37.814304,-0.472679
75.8610,-14444,-37.814304,-0.472679
75.8710,-14445,-37.816925,-0.472712
75.8810,-14445,-37.816925,-0.472712
75.8910,-14445,-37.816925,-0.472712
75.9010,-14445,-37.816925,-0.472712
75.9110,-14445,-37.816925,-0.472712
75.9210,-14445,-37.816925,-0.472712
75.9310,-14445,-37.816925,-0.472712
75.9410,-14445,-37.816925,-0.472712
75.9510,-14445,-37.816925,-0.472712
75.9610,-14445,-37.816925,-0.472712
75.9710,-14445,-37.816925,-0.472712
75.9810,-14445,-37.816925,-0.472712
75.9910,-14445,-37.816925,-0.472712
76.0010,-14445,-37.816925,-0.472712
76.0110,-14445,-37.816925,-0.472712
76.0210,-14445,-37.816925,-0.472712
76.0310,-14445,-37.816925,-0.472712
76.0410,-14445,-37.816925,-0.472712
76.0510,-14445,-37.816925,-0.472712
76.0610,-14445,-37.816925,-0.472712
76.0710,-14445,-37.816925,-0.472712
76.0810,-14445,-37.816925,-0.472712
76.0910,-14445,-37.816925,-0.472712
76.1010,-14445,-37.816925,-0.472712
76.1110,-14445,-37.816925,-0.472712
76.1210,-14445,-37.816925,-0.472712
76.1310,-14445,-37.816925,-0.472712
76.1410,-14445,-37.816925,-0.472712
76.1510,-14445,-37.816925,-0.472712
76.1610,-14445,-37.816925,-0.472712
76.1710,-14445,-37.816925,-0.472712
76.1810,-14445,-37.816925,-0.472712
76.1910,-14446,-37.819538,-0.472744
76.2010,-14446,-37.819538,-0.472744
76.2110,-14446,-37.819538,-0.472744
76.2210,-14446,-37.819538,-0.472744
76.2310,-14446,-37.819538,-0.472744
76.2410,-14446,-37.819538,-0.472744
76.2520,-14446,-37.819538,-0.472744
76.2610,-14446,-37.819538,-0.472744
76.2710,-14446,-37.819538,-0.472744
76.2810,-14446,-37.819538,-0.472744
76.2910,-14446,-37.819538,-0.472744
76.3010,-14446,-37.819538,-0.472744
76.3110,-14446,-37.819538,-0.472744
76.3210,-14446,-37.819538,-0.472744
76.3310,-14446,-37.819538,-0.472744
76.3410,-14446,-37.819538,-0.472744
76.3510,-14446,-37.819538,-0.472744
76.3610,-14446,-37.819538,-0.472744
76.3710,-14446,-37.819538,-0.472744
76.3810,-14446,-37.819538,-0.472744
76.3910,-14446,-37.819538,-0.472744
76.4010,-14446,-37.819538,-0.472744
76.4110,-14446,-37.819538,-0.472744
76.4210,-14446,-37.819538,-0.472744
76.4310,-14446,-37.819538,-0.472744
76.4410,-14446,-37.819538,-0.472744
76.4510,-14446,-37.819538,-0.472744
76.4610,-14446,-37.819538,-0.472744
76.4710,-14446,-37.819538,-0.472744
76.4810,-14446,-37.819538,-0.472744
76.4910,-14446,-37.819538,-0.472744
76.5010,-14446,-37.819538,-0.472744
76.5110,-14446,-37.819538,-0.472744
76.5210,-14446,-37.819538,-0.472744
76.5310,-14446,-37.819538,-0.472744
76.5410,-14446,-37.819538,-0.472744
76.5510,-14446,-37.819538,-0.472744
76.5610,-14446,-37.819538,-0.472744
76.5710,-14446,-37.819538,-0.472744
76.5810,-14446,-37.819538,-0.472744
76.5910,-14446,-37.819538,-0.472744
76.6010,-14446,-37.819538,-0.472744
76.6110,-14446,-37.819538,-0.472744
76.6210,-14447,-37.822158,-0.472777
76.6310,-14447,-37.822158,-0.472777
76.6410,-14447,-37.822158,-0.472777
76.6510,-14447,-37.822158,-0.472777
76.6610,-14447,-37.822158,-0.472777
76.6710,-14447,-37.822158,-0.472777
76.6810,-14447,-37.822158,-0.472777
76.6910,-14447,-37.822158,-0.472777
76.7010,-14447,-37.822158,-0.472777
76.7110,-14447,-37.822158,-0.472777
76.7210,-14447,-37.822158,-0.472777
76.7310,-14447,-37.822158,-0.472777
76.7410,-14447,-37.822158,-0.472777
76.7510,-14447,-37.822158,-0.472777
76.7610,-14447,-37.822158,-0.472777
76.7710,-14447,-37.822158,-0.472777
76.7810,-14447,-37.822158,-0.472777
76.7910,-14447,-37.822158,-0.472777
76.8010,-14447,-37.822158,-0.472777
76.8110,-14447,-37.822158,-0.472777
76.8210,-14447,-37.822158,-0.472777
76.8310,-14447,-37.822158,-0.472777
76.8410,-14447,-37.822158,-0.472777
76.8510,-14447,-37.822158,-0.472777
76.8610,-14447,-37.822158,-0.472777
76.8710,-14447,-37.822158,-0.472777
76.8810,-14447,-37.822158,-0.472777
76.8920,-14447,-37.822158,-0.472777
76.9010,-14447,-37.822158,-0.472777
76.9110,-14447,-37.822158,-0.472777
76.9210,-14447,-37.822158,-0.472777
76.9310,-14447,-37.822158,-0.472777
76.9410,-14447,-37.822158,-0.472777
76.9510,-14447,-37.822158,-0.472777
76.9610,-14447,-37.822158,-0.472777
76.9710,-14447,-37.822158,-0.472777
76.9810,-14447,-37.822158,-0.472777
76.9910,-14447,-37.822158,-0.472777
77.0010,-14447,-37.822158,-0.472777
77.0110,-14447,-37.822158,-0.472777
77.0210,-14447,-37.822158,-0.472777
77.0310,-14447,-37.822158,-0.472777
77.0410,-14447,-37.822158,-0.472777
77.0510,-14448,-37.824775,-0.472810
77.0610,-14448,-37.824775,-0.472810
77.0710,-14448,-37.824775,-0.472810
77.0810,-14448,-37.824775,-0.472810
77.0910,-14448,-37.824775,-0.472810
77.1010,-14448,-37.824775,-0.472810
77.1110,-14448,-37.824775,-0.472810
77.1210,-14448,-37.824775,-0.472810
77.1310,-14448,-37.824775,-0.472810
77.1410,-14448,-37.824775,-0.472810
77.1510,-14448,-37.824775,-0.472810
77.1610,-14448,-37.824775,-0.472810
77.1710,-14448,-37.824775,-0.472810
77.1810,-14448,-37.824775,-0.472810
77.1910,-14448,-37.824775,-0.472810
77.2010,-14448,-37.824775,-0.472810
77.2110,-14448,-37.824775,-0.472810
77.2210,-14448,-37.824775,-0.472810
77.2310,-14448,-37.824775,-0.472810
77.2410,-14448,-37.824775,-0.472810
77.2510,-14448,-37.824775,-0.472810
77.2610,-14448,-37.824775,-0.472810
77.2710,-14448,-37.824775,-0.472810
77.2810,-14448,-37.824775,-0.472810
77.2910,-14448,-37.824775,-0.472810
77.3010,-14448,-37.824775,-0.472810
77.3110,-14448,-37.824775,-0.472810
77.3210,-14448,-37.824775,-0.472810
77.3310,-14448,-37.824775,-0.472810
77.3410,-14448,-37.824775,-0.472810
77.3510,-14448,-37.824775,-0.472810
77.3610,-14448,-37.824775,-0.472810
77.3710,-14448,-37.824775,-0.472810
77.3810,-14448,-37.824775,-0.472810
77.3910,-14448,-37.824775,-0.472810
77.4010,-14448,-37.824775,-0.472810
77.4110,-14448,-37.824775,-0.472810
77.4210,-14448,-37.824775,-0.472810
77.4310,-14448,-37.824775,-0.472810
77.4410,-14448,-37.824775,-0.472810
77.4510,-14448,-37.824775,-0.472810
77.4610,-14448,-37.824775,-0.472810
77.4710,-14448,-37.824775,-0.472810
77.4810,-14449,-37.827396,-0.472842
77.4910,-14449,-37.827396,-0.472842
77.5010,-14449,-37.827396,-0.472842
77.5110,-14449,-37.827396,-0.472842
77.5210,-14449,-37.827396,-0.472842
77.5320,-14449,-37.827396,-0.472842
77.5410,-14449,-37.827396,-0.472842
77.5510,-14449,-37.827396,-0.472842
77.5610,-14449,-37.827396,-0.472842
77.5710,-14449,-37.827396,-0.472842
77.5810,-14449,-37.827396,-0.472842
77.5910,-14449,-37.827396,-0.472842
77.6010,-14449,-37.827396,-0.472842
77.6110,-14449,-37.827396,-0.472842
77.6210,-14449,-37.827396,-0.472842
77.6310,-14449,-37.827396,-0.472842
77.6410,-14449,-37.827396,-0.472842
77.6510,-14449,-37.827396,-0.472842
77.6610,-14449,-37.827396,-0.472842
77.6710,-14449,-37.827396,-0.472842
77.6810,-14449,-37.827396,-0.472842
77.6910,-14449,-37.827396,-0.472842
77.7010,-14449,-37.827396,-0.472842
77.7110,-14449,-37.827396,-0.472842
77.7210,-14449,-37.827396,-0.472842
77.7310,-14449,-37.827396,-0.472842
77.7410,-14449,-37.827396,-0.472842
77.7510,-14449,-37.827396,-0.472842
77.7610,-14449,-37.827396,-0.472842
77.7710,-14449,-37.827396,-0.472842
77.7810,-14449,-37.827396,-0.472842
77.7910,-14449,-37.827396,-0.472842
77.8010,-14450,-37.830013,-0.472875
77.8110,-14450,-37.830013,-0.472875
77.8210,-14450,-37.830013,-0.472875
77.8310,-14450,-37.830013,-0.472875
77.8410,-14450,-37.830013,-0.472875
77.8510,-14450,-37.830013,-0.472875
77.8610,-14450,-37.830013,-0.472875
77.8710,-14450,-37.830013,-0.472875
77.8810,-14450,-37.830013,-0.472875
77.8910,-14450,-37.830013,-0.472875
77.9010,-14450,-37.830013,-0.472875
77.9110,-14450,-37.830013,-0.472875
77.9210,-14450,-37.830013,-0.472875
77.9310,-14450,-37.830013,-0.472875
77.9410,-14450,-37.830013,-0.472875
77.9510,-14450,-37.830013,-0.472875
77.9610,-14450,-37.830013,-0.472875
77.9710,-14450,-37.830013,-0.472875
77.9810,-14450,-37.830013,-0.472875
77.9910,-14450,-37.830013,-0.472875
78.0010,-14450,-37.830013,-0.472875
78.0110,-14450,-37.830013,-0.472875
78.0210,-14450,-37.830013,-0.472875
78.0310,-14450,-37.830013,-0.472875
78.0410,-14450,-37.830013,-0.472875
78.0510,-14450,-37.830013,-0.472875
78.0610,-14450,-37.830013,-0.472875
78.0710,-14450,-37.830013,-0.472875
78.0810,-14450,-37.830013,-0.472875
78.0910,-14450,-37.830013,-0.472875
78.1010,-14450,-37.830013,-0.472875
78.1110,-14450,-37.830013,-0.472875
78.1210,-14451,-37.832630,-0.472908
78.1310,-14451,-37.832630,-0.472908
78.1410,-14451,-37.832630,-0.472908
78.1510,-14451,-37.832630,-0.472908
78.1610,-14451,-37.832630,-0.472908
78.1720,-14451,-37.832630,-0.472908
78.1810,-14451,-37.832630,-0.472908
78.1910,-14451,-37.832630,-0.472908
78.2010,-14451,-37.832630,-0.472908
78.2110,-14451,-37.832630,-0.472908
78.2210,-14451,-37.832630,-0.472908
78.2310,-14451,-37.832630,-0.472908
78.2410,-14451,-37.832630,-0.472908
78.2510,-14451,-37.832630,-0.472908
78.2610,-14451,-37.832630,-0.472908
78.2710,-14451,-37.832630,-0.472908
78.2810,-14451,-37.832630,-0.472908
78.2910,-14451,-37.832630,-0.472908
78.3010,-14451,-37.832630,-0.472908
78.3110,-14451,-37.832630,-0.472908
78.3210,-14451,-37.832630,-0.472908
78.3310,-14451,-37.832630,-0.472908
78.3410,-14451,-37.832630,-0.472908
78.3510,-14451,-37.832630,-0.472908
78.3610,-14451,-37.832630,-0.472908
78.3710,-14452,-37.835247,-0.472941
78.3810,-14452,-37.835247,-0.472941
78.3910,-14452,-37.835247,-0.472941
78.4010,-14452,-37.835247,-0.472941
78.4110,-14452,-37.835247,-0.472941
78.4210,-14452,-37.835247,-0.472941
78.4310,-14452,-37.835247,-0.472941
78.4410,-14452,-37.835247,-0.472941
78.4510,-14452,-37.835247,-0.472941
78.4610,-14452,-37.835247,-0.472941
78.4710,-14452,-37.835247,-0.472941
78.4810,-14452,-37.835247,-0.472941
78.4910,-14452,-37.835247,-0.472941
78.5010,-14452,-37.835247,-0.472941
78.5110,-14452,-37.835247,-0.472941
78.5210,-14452,-37.835247,-0.472941
78.5310,-14452,-37.835247,-0.472941
78.5410,-14452,-37.835247,-0.472941
78.5510,-14452,-37.835247,-0.472941
78.5610,-14452,-37.835247,-0.472941
78.5710,-14452,-37.835247,-0.472941
78.5810,-14452,-37.835247,-0.472941
78.5910,-14452,-37.835247,-0.472941
78.6010,-14452,-37.835247,-0.472941
78.6110,-14452,-37.835247,-0.472941
78.6210,-14452,-37.835247,-0.472941
78.6310,-14452,-37.835247,-0.472941
78.6410,-14452,-37.835247,-0.472941
78.6510,-14452,-37.835247,-0.472941
78.6610,-14452,-37.835247,-0.472941
78.6710,-14453,-37.837867,-0.472973
78.6810,-14453,-37.837867,-0.472973
78.6910,-14453,-37.837867,-0.472973
78.7010,-14453,-37.837867,-0.472973
78.7110,-14453,-37.837867,-0.472973
78.7210,-14453,-37.837867,-0.472973
78.7310,-14453,-37.837867,-0.472973
78.7410,-14453,-37.837867,-0.472973
78.7510,-14453,-37.837867,-0.472973
78.7610,-14453,-37.837867,-0.472973
78.7710,-14453,-37.837867,-0.472973
78.7810,-14453,-37.837867,-0.472973
78.7910,-14453,-37.837867,-0.472973
78.8010,-14453,-37.837867,-0.472973
78.8120,-14453,-37.837867,-0.472973
78.8210,-14453,-37.837867,-0.472973
78.8310,-14453,-37.837867,-0.472973
78.8410,-14453,-37.837867,-0.472973
78.8510,-14453,-37.837867,-0.472973
78.8610,-14453,-37.837867,-0.472973
78.8710,-14453,-37.837867,-0.472973
78.8810,-14453,-37.837867,-0.472973
78.8910,-14453,-37.837867,-0.472973
78.9010,-14453,-37.837867,-0.472973
78.9110,-14453,-37.837867,-0.472973
78.9210,-14453,-37.837867,-0.472973
78.9310,-14453,-37.837867,-0.472973
78.9410,-14453,-37.837867,-0.472973
78.9510,-14453,-37.837867,-0.472973
78.9610,-14453,-37.837867,-0.472973
78.9710,-14453,-37.837867,-0.472973
78.9810,-14453,-37.837867,-0.472973
78.9910,-14454,-37.840484,-0.473006
79.0010,-14454,-37.840484,-0.473006
79.0110,-14454,-37.840484,-0.473006
79.0210,-14454,-37.840484,-0.473006
79.0310,-14454,-37.840484,-0.473006
79.0410,-14454,-37.840484,-0.473006
79.0510,-14454,-37.840484,-0.473006
79.0610,-14454,-37.840484,-0.473006
79.0710,-14454,-37.840484,-0.473006
79.0810,-14454,-37.840484,-0.473006
79.0910,-14454,-37.840484,-0.473006
79.1010,-14454,-37.840484,-0.473006
79.1110,-14454,-37.840484,-0.473006
79.1210,-14454,-37.840484,-0.473006
79.1310,-14454,-37.840484,-0.473006
79.1410,-14454,-37.840484,-0.473006
79.1510,-14454,-37.840484,-0.473006
79.1610,-14454,-37.840484,-0.473006
79.1710,-14454,-37.840484,-0.473006
79.1810,-14454,-37.840484,-0.473006
79.1910,-14454,-37.840484,-0.473006
79.2010,-14454,-37.840484,-0.473006
79.2110,-14454,-37.840484,-0.473006
79.2210,-14454,-37.840484,-0.473006
79.2310,-14454,-37.840484,-0.473006
79.2410,-14454,-37.840484,-0.473006
79.2510,-14454,-37.840484,-0.473006
79.2610,-14454,-37.840484,-0.473006
79.2710,-14454,-37.840484,-0.473006
79.2810,-14454,-37.840484,-0.473006
79.2910,-14454,-37.840484,-0.473006
79.3010,-14454,-37.840484,-0.473006
79.3110,-14454,-37.840484,-0.473006
79.3210,-14454,-37.840484,-0.473006
79.3310,-14454,-37.840484,-0.473006
79.3410,-14454,-37.840484,-0.473006
79.3510,-14454,-37.840484,-0.473006
79.3610,-14454,-37.840484,-0.473006
79.3710,-14454,-37.840484,-0.473006
79.3810,-14454,-37.840484,-0.473006
79.3910,-14455,-37.843101,-0.473039
79.4010,-14455,-37.843101,-0.473039
79.4110,-14455,-37.843101,-0.473039
79.4210,-14455,-37.843101,-0.473039
79.4310,-14455,-37.843101,-0.473039
79.4410,-14455,-37.843101,-0.473039
79.4520,-14455,-37.843101,-0.473039
79.4610,-14455,-37.843101,-0.473039
79.4710,-14455,-37.843101,-0.473039
79.4810,-14455,-37.843101,-0.473039
79.4910,-14455,-37.843101,-0.473039
79.5010,-14455,-37.843101,-0.473039
79.5110,-14455,-37.843101,-0.473039
79.5210,-14455,-37.843101,-0.473039
79.5310,-14455,-37.843101,-0.473039
79.5410,-14455,-37.843101,-0.473039
79.5510,-14455,-37.843101,-0.473039
79.5610,-14455,-37.843101,-0.473039
79.5710,-14455,-37.843101,-0.473039
79.5810,-14455,-37.843101,-0.473039
79.5910,-14455,-37.843101,-0.473039
79.6010,-14455,-37.843101,-0.473039
79.6110,-14455,-37.843101,-0.473039
79.6210,-14455,-37.843101,-0.473039
79.6310,-14455,-37.843101,-0.473039
79.6410,-14455,-37.843101,-0.473039
79.6510,-14455,-37.843101,-0.473039
79.6610,-14455,-37.843101,-0.473039
79.6710,-14455,-37.843101,-0.473039
79.6810,-14455,-37.843101,-0.473039
79.6910,-14456,-37.845722,-0.473072
79.7010,-14456,-37.845722,-0.473072
79.7110,-14456,-37.845722,-0.473072
79.7210,-14456,-37.845722,-0.473072
79.7310,-14456,-37.845722,-0.473072
79.7410,-14456,-37.845722,-0.473072
79.7510,-14456,-37.845722,-0.473072
79.7610,-14456,-37.845722,-0.473072
79.7710,-14456,-37.845722,-0.473072
79.7810,-14456,-37.845722,-0.473072
79.7910,-14456,-37.845722,-0.473072
79.8010,-14456,-37.845722,-0.473072
79.8110,-14456,-37.845722,-0.473072
79.8210,-14456,-37.845722,-0.473072
79.8310,-14456,-37.845722,-0.473072
79.8410,-14456,-37.845722,-0.473072
79.8510,-14456,-37.845722,-0.473072
79.8610,-14456,-37.845722,-0.473072
79.8710,-14456,-37.845722,-0.473072
79.8810,-14456,-37.845722,-0.473072
79.8910,-14456,-37.845722,-0.473072
79.9010,-14456,-37.845722,-0.473072
79.9110,-14456,-37.845722,-0.473072
79.9210,-14456,-37.845722,-0.473072
79.9310,-14456,-37.845722,-0.473072
79.9410,-14456,-37.845722,-0.473072
79.9510,-14456,-37.845722,-0.473072
79.9610,-14456,-37.845722,-0.473072
79.9710,-14456,-37.845722,-0.473072
79.9810,-14456,-37.845722,-0.473072
79.9910,-14456,-37.845722,-0.473072
80.0010,-14456,-37.845722,-0.473072
80.0110,-14456,-37.845722,-0.473072
80.0210,-14456,-37.845722,-0.473072
80.0310,-14457,-37.848339,-0.473104
80.0410,-14457,-37.848339,-0.473104
80.0510,-14457,-37.848339,-0.473104
80.0610,-14457,-37.848339,-0.473104
80.0710,-14457,-37.848339,-0.473104
80.0810,-14457,-37.848339,-0.473104
80.0920,-14457,-37.848339,-0.473104
80.1010,-14457,-37.848339,-0.473104
80.1110,-14457,-37.848339,-0.473104
80.1210,-14457,-37.848339,-0.473104
80.1310,-14457,-37.848339,-0.473104
80.1410,-14457,-37.848339,-0.473104
80.1510,-14457,-37.848339,-0.473104
80.1610,-14457,-37.848339,-0.473104
80.1710,-14457,-37.848339,-0.473104
80.1810,-14457,-37.848339,-0.473104
80.1910,-14457,-37.848339,-0.473104
80.2010,-14457,-37.848339,-0.473104
80.2110,-14457,-37.848339,-0.473104
80.2210,-14457,-37.848339,-0.473104
80.2310,-14457,-37.848339,-0.473104
80.2410,-14457,-37.848339,-0.473104
80.2510,-14457,-37.848339,-0.473104
80.2610,-14457,-37.848339,-0.473104
80.2710,-14457,-37.848339,-0.473104
80.2810,-14457,-37.848339,-0.473104
80.2910,-14457,-37.848339,-0.473104
80.3010,-14457,-37.848339,-0.473104
80.3110,-14457,-37.848339,-0.473104
80.3210,-14457,-37.848339,-0.473104
80.3310,-14458,-37.850955,-0.473137
80.3410,-14458,-37.850955,-0.473137
80.3510,-14458,-37.850955,-0.473137
80.3610,-14458,-37.850955,-0.473137
80.3710,-14458,-37.850955,-0.473137
80.3810,-14458,-37.850955,-0.473137
80.3910,-14458,-37.850955,-0.473137
80.4010,-14458,-37.850955,-0.473137
80.4110,-14458,-37.850955,-0.473137
80.4210,-14458,-37.850955,-0.473137
80.4310,-14458,-37.850955,-0.473137
80.4410,-14458,-37.850955,-0.473137
80.4510,-14458,-37.850955,-0.473137
80.4610,-14458,-37.850955,-0.473137
80.4710,-14458,-37.850955,-0.473137
80.4810,-14458,-37.850955,-0.473137
80.4910,-14458,-37.850955,-0.473137
80.5010,-14458,-37.850955,-0.473137
80.5110,-14458,-37.850955,-0.473137
80.5210,-14458,-37.850955,-0.473137
80.5310,-14458,-37.850955,-0.473137
80.5410,-14458,-37.850955,-0.473137
80.5510,-14458,-37.850955,-0.473137
80.5610,-14458,-37.850955,-0.473137
80.5710,-14458,-37.850955,-0.473137
80.5810,-14458,-37.850955,-0.473137
80.5910,-14458,-37.850955,-0.473137
80.6010,-14458,-37.850955,-0.473137
80.6110,-14458,-37.850955,-0.473137
80.6210,-14458,-37.850955,-0.473137
80.6310,-14458,-37.850955,-0.473137
80.6410,-14458,-37.850955,-0.473137
80.6510,-14458,-37.850955,-0.473137
80.6610,-14459,-37.853572,-0.473170
80.6710,-14459,-37.853572,-0.473170
80.6810,-14459,-37.853572,-0.473170
80.6910,-14459,-37.853572,-0.473170
80.7010,-14459,-37.853572,-0.473170
80.7110,-14459,-37.853572,-0.473170
80.7210,-14459,-37.853572,-0.473170
80.7320,-14459,-37.853572,-0.473170
80.7410,-14459,-37.853572,-0.473170
80.7510,-14459,-37.853572,-0.473170
80.7610,-14459,-37.853572,-0.473170
80.7710,-14459,-37.853572,-0.473170
80.7810,-14459,-37.853572,-0.473170
80.7910,-14459,-37.853572,-0.473170
80.8010,-14459,-37.853572,-0.473170
80.8110,-14459,-37.853572,-0.473170
80.8210,-14459,-37.853572,-0.473170
80.8310,-14459,-37.853572,-0.473170
80.8410,-14459,-37.853572,-0.473170
80.8510,-14459,-37.853572,-0.473170
80.8610,-14459,-37.853572,-0.473170
80.8710,-14459,-37.853572,-0.473170
80.8810,-14459,-37.853572,-0.473170
80.8910,-14459,-37.853572,-0.473170
80.9010,-14459,-37.853572,-0.473170
80.9110,-14459,-37.853572,-0.473170
80.9210,-14460,-37.856193,-0.473202
80.9310,-14460,-37.856193,-0.473202
80.9410,-14460,-37.856193,-0.473202
80.9510,-14460,-37.856193,-0.473202
80.9610,-14460,-37.856193,-0.473202
80.9710,-14460,-37.856193,-0.473202
80.9810,-14460,-37.856193,-0.473202
80.9910,-14460,-37.856193,-0.473202
81.0010,-14460,-37.856193,-0.473202
81.0110,-14460,-37.856193,-0.473202
81.0210,-14460,-37.856193,-0.473202
81.0310,-14460,-37.856193,-0.473202
81.0410,-14460,-37.856193,-0.473202
81.0510,-14460,-37.856193,-0.473202
81.0610,-14460,-37.856193,-0.473202
81.0710,-14460,-37.856193,-0.473202
81.0810,-14460,-37.856193,-0.473202
81.0910,-14460,-37.856193,-0.473202
81.1010,-14460,-37.856193,-0.473202
81.1110,-14460,-37.856193,-0.473202
81.1210,-14460,-37.856193,-0.473202
81.1310,-14460,-37.856193,-0.473202
81.1410,-14460,-37.856193,-0.473202
81.1510,-14460,-37.856193,-0.473202
81.1610,-14460,-37.856193,-0.473202
81.1710,-14460,-37.856193,-0.473202
81.1810,-14460,-37.856193,-0.473202
81.1910,-14461,-37.858810,-0.473235
81.2010,-14461,-37.858810,-0.473235
81.2110,-14461,-37.858810,-0.473235
81.2210,-14461,-37.858810,-0.473235
81.2310,-14461,-37.858810,-0.473235
81.2410,-14461,-37.858810,-0.473235
81.2510,-14461,-37.858810,-0.473235
81.2610,-14461,-37.858810,-0.473235
81.2710,-14461,-37.858810,-0.473235
81.2810,-14461,-37.858810,-0.473235
81.2910,-14461,-37.858810,-0.473235
81.3010,-14461,-37.858810,-0.473235
81.3110,-14461,-37.858810,-0.473235
81.3210,-14461,-37.858810,-0.473235
81.3310,-14461,-37.858810,-0.473235
81.3410,-14461,-37.858810,-0.473235
81.3510,-14461,-37.858810,-0.473235
81.3610,-14461,-37.858810,-0.473235
81.3720,-14461,-37.858810,-0.473235
81.3810,-14461,-37.858810,-0.473235
81.3910,-14461,-37.858810,-0.473235
81.4010,-14461,-37.858810,-0.473235
81.4110,-14461,-37.858810,-0.473235
81.4210,-14461,-37.858810,-0.473235
81.4310,-14461,-37.858810,-0.473235
81.4410,-14461,-37.858810,-0.473235
81.4510,-14462,-37.861427,-0.473268
81.4610,-14462,-37.861427,-0.473268
81.4710,-14462,-37.861427,-0.473268
81.4810,-14462,-37.861427,-0.473268
81.4910,-14462,-37.861427,-0.473268
81.5010,-14462,-37.861427,-0.473268
81.5110,-14462,-37.861427,-0.473268
81.5210,-14462,-37.861427,-0.473268
81.5310,-14462,-37.861427,-0.473268
81.5410,-14462,-37.861427,-0.473268
81.5510,-14462,-37.861427,-0.473268
81.5610,-14462,-37.861427,-0.473268
81.5710,-14462,-37.861427,-0.473268
81.5810,-14462,-37.861427,-0.473268
81.5910,-14462,-37.861427,-0.473268
81.6010,-14462,-37.861427,-0.473268
81.6110,-14462,-37.861427,-0.473268
81.6210,-14462,-37.861427,-0.473268
81.6310,-14462,-37.861427,-0.473268
81.6410,-14462,-37.861427,-0.473268
81.6510,-14462,-37.861427,-0.473268
81.6610,-14462,-37.861427,-0.473268
81.6710,-14463,-37.864044,-0.473301
81.6810,-14463,-37.864044,-0.473301
81.6910,-14463,-37.864044,-0.473301
81.7010,-14463,-37.864044,-0.473301
81.7110,-14463,-37.864044,-0.473301
81.7210,-14463,-37.864044,-0.473301
81.7310,-14463,-37.864044,-0.473301
81.7410,-14463,-37.864044,-0.473301
81.7510,-14463,-37.864044,-0.473301
81.7610,-14463,-37.864044,-0.473301
81.7710,-14463,-37.864044,-0.473301
81.7810,-14463,-37.864044,-0.473301
81.7910,-14463,-37.864044,-0.473301
81.8010,-14463,-37.864044,-0.473301
81.8110,-14463,-37.864044,-0.473301
81.8210,-14463,-37.864044,-0.473301
81.8310,-14463,-37.864044,-0.473301
81.8410,-14464,-37.866664,-0.473333
81.8510,-14464,-37.866664,-0.473333
81.8610,-14464,-37.866664,-0.473333
81.8710,-14464,-37.866664,-0.473333
81.8810,-14464,-37.866664,-0.473333
81.8910,-14464,-37.866664,-0.473333
81.9010,-14464,-37.866664,-0.473333
81.9110,-14464,-37.866664,-0.473333
81.9210,-14464,-37.866664,-0.473333
81.9310,-14464,-37.866664,-0.473333
81.9410,-14464,-37.866664,-0.473333
81.9510,-14464,-37.866664,-0.473333
81.9610,-14464,-37.866664,-0.473333
81.9710,-14464,-37.866664,-0.473333
81.9810,-14464,-37.866664,-0.473333
81.9910,-14464,-37.866664,-0.473333
82.0010,-14464,-37.866664,-0.473333
82.0120,-14464,-37.866664,-0.473333
82.0210,-14464,-37.866664,-0.473333
82.0310,-14464,-37.866664,-0.473333
82.0410,-14465,-37.869281,-0.473366
82.0510,-14465,-37.869281,-0.473366
82.0610,-14465,-37.869281,-0.473366
82.0710,-14465,-37.869281,-0.473366
82.0810,-14465,-37.869281,-0.473366
82.0910,-14465,-37.869281,-0.473366
82.1010,-14465,-37.869281,-0.473366
82.1110,-14465,-37.869281,-0.473366
82.1210,-14465,-37.869281,-0.473366
82.1310,-14465,-37.869281,-0.473366
82.1410,-14465,-37.869281,-0.473366
82.1510,-14465,-37.869281,-0.473366
82.1610,-14465,-37.869281,-0.473366
82.1710,-14465,-37.869281,-0.473366
82.1810,-14465,-37.869281,-0.473366
82.1910,-14465,-37.869281,-0.473366
82.2010,-14465,-37.869281,-0.473366
82.2110,-14466,-37.871902,-0.473399
82.2210,-14466,-37.871902,-0.473399
82.2310,-14466,-37.871902,-0.473399
82.2410,-14466,-37.871902,-0.473399
82.2510,-14466,-37.871902,-0.473399
82.2610,-14466,-37.871902,-0.473399
82.2710,-14466,-37.871902,-0.473399
82.2810,-14466,-37.871902,-0.473399
82.2910,-14466,-37.871902,-0.473399
82.3010,-14466,-37.871902,-0.473399
82.3110,-14466,-37.871902,-0.473399
82.3210,-14466,-37.871902,-0.473399
82.3310,-14466,-37.871902,-0.473399
82.3410,-14466,-37.871902,-0.473399
82.3510,-14466,-37.871902,-0.473399
82.3610,-14466,-37.871902,-0.473399
82.3710,-14466,-37.871902,-0.473399
82.3810,-14466,-37.871902,-0.473399
82.3910,-14466,-37.871902,-0.473399
82.4010,-14466,-37.871902,-0.473399
82.4110,-14466,-37.871902,-0.473399
82.4210,-14467,-37.874515,-0.473431
82.4310,-14467,-37.874515,-0.473431
82.4410,-14467,-37.874515,-0.473431
82.4510,-14467,-37.874515,-0.473431
82.4610,-14467,-37.874515,-0.473431
82.4710,-14467,-37.874515,-0.473431
82.4810,-14467,-37.874515,-0.473431
82.4910,-14467,-37.874515,-0.473431
82.5010,-14467,-37.874515,-0.473431
82.5110,-14467,-37.874515,-0.473431
82.5210,-14467,-37.874515,-0.473431
82.5310,-14467,-37.874515,-0.473431
82.5410,-14467,-37.874515,-0.473431
82.5510,-14467,-37.874515,-0.473431
82.5610,-14468,-37.877136,-0.473464
82.5710,-14468,-37.877136,-0.473464
82.5810,-14468,-37.877136,-0.473464
82.5910,-14468,-37.877136,-0.473464
82.6010,-14468,-37.877136,-0.473464
82.6110,-14468,-37.877136,-0.473464
82.6210,-14468,-37.877136,-0.473464
82.6310,-14468,-37.877136,-0.473464
82.6410,-14468,-37.877136,-0.473464
82.6520,-14468,-37.877136,-0.473464
82.6610,-14468,-37.877136,-0.473464
82.6710,-14468,-37.877136,-0.473464
82.6810,-14468,-37.877136,-0.473464
82.6910,-14468,-37.877136,-0.473464
82.7010,-14468,-37.877136,-0.473464
82.7110,-14468,-37.877136,-0.473464
82.7210,-14468,-37.877136,-0.473464
82.7310,-14468,-37.877136,-0.473464
82.7410,-14468,-37.877136,-0.473464
82.7510,-14469,-37.879753,-0.473497
82.7610,-14469,-37.879753,-0.473497
82.7710,-14469,-37.879753,-0.473497
82.7810,-14469,-37.879753,-0.473497
82.7910,-14469,-37.879753,-0.473497
82.8010,-14469,-37.879753,-0.473497
82.8110,-14469,-37.879753,-0.473497
82.8210,-14469,-37.879753,-0.473497
82.8310,-14469,-37.879753,-0.473497
82.8410,-14469,-37.879753,-0.473497
82.8510,-14469,-37.879753,-0.473497
82.8610,-14469,-37.879753,-0.473497
82.8710,-14469,-37.879753,-0.473497
82.8810,-14469,-37.879753,-0.473497
82.8910,-14469,-37.879753,-0.473497
82.9010,-14470,-37.882373,-0.473530
82.9110,-14470,-37.882373,-0.473530
82.9210,-14470,-37.882373,-0.473530
82.9310,-14470,-37.882373,-0.473530
82.9410,-14470,-37.882373,-0.473530
82.9510,-14470,-37.882373,-0.473530
82.9610,-14470,-37.882373,-0.473530
82.9710,-14470,-37.882373,-0.473530
82.9810,-14470,-37.882373,-0.473530
82.9910,-14470,-37.882373,-0.473530
83.0010,-14470,-37.882373,-0.473530
83.0110,-14470,-37.882373,-0.473530
83.0210,-14470,-37.882373,-0.473530
83.0310,-14470,-37.882373,-0.473530
83.0410,-14470,-37.882373,-0.473530
83.0510,-14470,-37.882373,-0.473530
83.0610,-14470,-37.882373,-0.473530
83.0710,-14471,-37.884990,-0.473562
83.0810,-14471,-37.884990,-0.473562
83.0910,-14471,-37.884990,-0.473562
83.1010,-14471,-37.884990,-0.473562
83.1110,-14471,-37.884990,-0.473562
83.1210,-14471,-37.884990,-0.473562
83.1310,-14471,-37.884990,-0.473562
83.1410,-14471,-37.884990,-0.473562
83.1510,-14471,-37.884990,-0.473562
83.1610,-14471,-37.884990,-0.473562
83.1710,-14471,-37.884990,-0.473562
83.1810,-14472,-37.887611,-0.473595
83.1910,-14472,-37.887611,-0.473595
83.2010,-14472,-37.887611,-0.473595
83.2110,-14472,-37.887611,-0.473595
83.2210,-14472,-37.887611,-0.473595
83.2310,-14472,-37.887611,-0.473595
83.2410,-14472,-37.887611,-0.473595
83.2510,-14473,-37.890224,-0.473628
83.2610,-14473,-37.890224,-0.473628
83.2710,-14473,-37.890224,-0.473628
83.2810,-14473,-37.890224,-0.473628
83.2920,-14474,-37.892845,-0.473661
83.3010,-14474,-37.892845,-0.473661
83.3110,-14474,-37.892845,-0.473661
83.3210,-14474,-37.892845,-0.473661
83.3310,-14474,-37.892845,-0.473661
83.3410,-14474,-37.892845,-0.473661
83.3510,-14474,-37.892845,-0.473661
83.3610,-14474,-37.892845,-0.473661
83.3710,-14474,-37.892845,-0.473661
83.3810,-14474,-37.892845,-0.473661
83.3910,-14475,-37.895462,-0.473693
83.4010,-14475,-37.895462,-0.473693
83.4110,-14475,-37.895462,-0.473693
83.4210,-14476,-37.898082,-0.473726
83.4310,-14476,-37.898082,-0.473726
83.4410,-14476,-37.898082,-0.473726
83.4510,-14476,-37.898082,-0.473726
83.4610,-14476,-37.898082,-0.473726
83.4710,-14476,-37.898082,-0.473726
83.4810,-14476,-37.898082,-0.473726
83.4910,-14476,-37.898082,-0.473726
83.5010,-14477,-37.900699,-0.473759
83.5110,-14477,-37.900699,-0.473759
83.5210,-14477,-37.900699,-0.473759
83.5310,-14478,-37.903316,-0.473791
83.5410,-14478,-37.903316,-0.473791
83.5510,-14478,-37.903316,-0.473791
83.5610,-14478,-37.903316,-0.473791
83.5710,-14479,-37.905933,-0.473824
83.5810,-14479,-37.905933,-0.473824
83.5910,-14479,-37.905933,-0.473824
83.6010,-14480,-37.908554,-0.473857
83.6110,-14481,-37.911170,-0.473890
83.6210,-14481,-37.911170,-0.473890
83.6310,-14482,-37.913787,-0.473922
83.6410,-14482,-37.913787,-0.473922
83.6510,-14482,-37.913787,-0.473922
83.6610,-14483,-37.916408,-0.473955
83.6710,-14484,-37.919021,-0.473988
83.6810,-14484,-37.919021,-0.473988
83.6910,-14484,-37.919021,-0.473988
83.7010,-14485,-37.921642,-0.474021
83.7110,-14486,-37.924259,-0.474053
83.7210,-14490,-37.934730,-0.474184
83.7310,-14495,-37.947822,-0.474348
83.7410,-14502,-37.966148,-0.474577
83.7510,-14511,-37.989707,-0.474871
83.7610,-14523,-38.021125,-0.475264
83.7710,-14541,-38.068252,-0.475853
83.7810,-14560,-38.117992,-0.476475
83.7910,-14575,-38.157260,-0.476966
83.8010,-14587,-38.188678,-0.477359
83.8110,-14597,-38.214855,-0.477686
83.8210,-14607,-38.241035,-0.478013
83.8310,-14616,-38.264598,-0.478308
83.8410,-14621,-38.277690,-0.478471
83.8510,-14623,-38.282924,-0.478537
83.8610,-14623,-38.282924,-0.478537
83.8710,-14622,-38.280307,-0.478504
83.8810,-14619,-38.272453,-0.478406
83.8910,-14616,-38.264598,-0.478308
83.9010,-14614,-38.259365,-0.478242
83.9110,-14612,-38.254127,-0.478177
83.9210,-14612,-38.254127,-0.478177
83.9320,-14614,-38.259365,-0.478242
83.9410,-14618,-38.269836,-0.478373
83.9510,-14622,-38.280307,-0.478504
83.9610,-14628,-38.296012,-0.478700
83.9710,-14634,-38.311721,-0.478897
83.9810,-14640,-38.327430,-0.479093
83.9910,-14644,-38.337902,-0.479224
84.0010,-14647,-38.345756,-0.479322
84.0110,-14648,-38.348377,-0.479355
84.0210,-14649,-38.350994,-0.479387
84.0310,-14650,-38.353610,-0.479420
84.0410,-14654,-38.364086,-0.479551
84.0510,-14657,-38.371936,-0.479649
84.0610,-14660,-38.379791,-0.479747
84.0710,-14663,-38.387645,-0.479846
84.0810,-14666,-38.395496,-0.479944
84.0910,-14671,-38.408588,-0.480107
84.1010,-14677,-38.424297,-0.480304
84.1110,-14683,-38.440006,-0.480500
84.1210,-14687,-38.450477,-0.480631
84.1310,-14692,-38.463565,-0.480795
84.1410,-14694,-38.468803,-0.480860
84.1510,-14696,-38.474040,-0.480926
84.1610,-14697,-38.476657,-0.480958
84.1710,-14697,-38.476657,-0.480958
84.1810,-14697,-38.476657,-0.480958
84.1910,-14696,-38.474040,-0.480926
84.2010,-14696,-38.474040,-0.480926
84.2110,-14697,-38.476657,-0.480958
84.2210,-14698,-38.479274,-0.480991
84.2310,-14701,-38.487129,-0.481089
84.2410,-14706,-38.500221,-0.481253
84.2510,-14714,-38.521160,-0.481515
84.2610,-14723,-38.544727,-0.481809
84.2710,-14731,-38.565670,-0.482071
84.2810,-14738,-38.583995,-0.482300
84.2910,-14746,-38.604938,-0.482562
84.3010,-14753,-38.623264,-0.482791
84.3110,-14758,-38.636352,-0.482954
84.3210,-14762,-38.646823,-0.483085
84.3310,-14766,-38.657299,-0.483216
84.3410,-14769,-38.665153,-0.483314
84.3510,-14771,-38.670391,-0.483380
84.3610,-14775,-38.680862,-0.483511
84.3710,-14779,-38.691329,-0.483642
84.3810,-14784,-38.704421,-0.483805
84.3910,-14792,-38.725368,-0.484067
84.4010,-14802,-38.751544,-0.484394
84.4110,-14815,-38.785583,-0.484820
84.4210,-14826,-38.814376,-0.485180
84.4310,-14838,-38.845794,-0.485572
84.4410,-14850,-38.877208,-0.485965
84.4510,-14861,-38.906009,-0.486325
84.4610,-14874,-38.940044,-0.486751
84.4710,-14886,-38.971458,-0.487143
84.4810,-14895,-38.995021,-0.487438
84.4910,-14902,-39.013343,-0.487667
84.5010,-14908,-39.029052,-0.487863
84.5110,-14911,-39.036907,-0.487961
84.5210,-14912,-39.039524,-0.487994
84.5310,-14913,-39.042144,-0.488027
84.5410,-14914,-39.044761,-0.488060
84.5510,-14914,-39.044761,-0.488060
84.5610,-14915,-39.047378,-0.488092
84.5720,-14916,-39.049999,-0.488125
84.5810,-14919,-39.057849,-0.488223
84.5910,-14923,-39.068321,-0.488354
84.6010,-14927,-39.078796,-0.488485
84.6110,-14933,-39.094505,-0.488681
84.6210,-14940,-39.112827,-0.488910
84.6310,-14949,-39.136394,-0.489205
84.6410,-14961,-39.167808,-0.489598
84.6510,-14975,-39.204460,-0.490056
84.6610,-14989,-39.241111,-0.490514
84.6710,-15005,-39.282997,-0.491037
84.6810,-15022,-39.327507,-0.491594
84.6910,-15039,-39.372013,-0.492150
84.7010,-15050,-39.400810,-0.492510
84.7110,-15062,-39.432224,-0.492903
84.7210,-15073,-39.461021,-0.493263
84.7310,-15082,-39.484584,-0.493557
84.7410,-15089,-39.502910,-0.493786
84.7510,-15094,-39.515998,-0.493950
84.7610,-15096,-39.521236,-0.494015
84.7710,-15097,-39.523853,-0.494048
84.7810,-15097,-39.523853,-0.494048
84.7910,-15095,-39.518619,-0.493983
84.8010,-15093,-39.513381,-0.493917
84.8110,-15092,-39.510765,-0.493885
84.8210,-15092,-39.510765,-0.493885
84.8310,-15092,-39.510765,-0.493885
84.8410,-15093,-39.513381,-0.493917
84.8510,-15094,-39.515998,-0.493950
84.8610,-15097,-39.523853,-0.494048
84.8710,-15099,-39.529090,-0.494114
84.8810,-15101,-39.534324,-0.494179
84.8910,-15103,-39.539562,-0.494245
84.9010,-15104,-39.542182,-0.494277
84.9110,-15105,-39.544795,-0.494310
84.9210,-15105,-39.544795,-0.494310
84.9310,-15105,-39.544795,-0.494310
84.9410,-15104,-39.542182,-0.494277
84.9510,-15104,-39.542182,-0.494277
84.9610,-15103,-39.539562,-0.494245
84.9710,-15103,-39.539562,-0.494245
84.9810,-15103,-39.539562,-0.494245
84.9910,-15103,-39.539562,-0.494245
85.0010,-15105,-39.544795,-0.494310
85.0110,-15106,-39.547416,-0.494343
85.0210,-15108,-39.552654,-0.494408
85.0310,-15109,-39.555271,-0.494441
85.0410,-15110,-39.557888,-0.494474
85.0510,-15110,-39.557888,-0.494474
85.0610,-15110,-39.557888,-0.494474
85.0710,-15110,-39.557888,-0.494474
85.0810,-15110,-39.557888,-0.494474
85.0910,-15109,-39.555271,-0.494441
85.1010,-15109,-39.555271,-0.494441
85.1110,-15108,-39.552654,-0.494408
85.1210,-15109,-39.555271,-0.494441
85.1310,-15109,-39.555271,-0.494441
85.1410,-15109,-39.555271,-0.494441
85.1510,-15110,-39.557888,-0.494474
85.1610,-15111,-39.560504,-0.494506
85.1710,-15112,-39.563125,-0.494539
85.1810,-15113,-39.565742,-0.494572
85.1910,-15114,-39.568363,-0.494605
85.2010,-15114,-39.568363,-0.494605
85.2120,-15114,-39.568363,-0.494605
85.2210,-15115,-39.570980,-0.494637
85.2310,-15115,-39.570980,-0.494637
85.2410,-15115,-39.570980,-0.494637
85.2510,-15114,-39.568363,-0.494605
85.2610,-15114,-39.568363,-0.494605
85.2710,-15114,-39.568363,-0.494605
85.2810,-15114,-39.568363,-0.494605
85.2910,-15114,-39.568363,-0.494605
85.3010,-15115,-39.570980,-0.494637
85.3110,-15115,-39.570980,-0.494637
85.3210,-15116,-39.573596,-0.494670
85.3310,-15118,-39.578834,-0.494735
85.3410,-15118,-39.578834,-0.494735
85.3510,-15119,-39.581451,-0.494768
85.3610,-15119,-39.581451,-0.494768
85.3710,-15119,-39.581451,-0.494768
85.3810,-15119,-39.581451,-0.494768
85.3910,-15119,-39.581451,-0.494768
85.4010,-15119,-39.581451,-0.494768
85.4110,-15119,-39.581451,-0.494768
85.4210,-15119,-39.581451,-0.494768
85.4310,-15119,-39.581451,-0.494768
85.4410,-15120,-39.584068,-0.494801
85.4510,-15121,-39.586685,-0.494834
85.4610,-15122,-39.589302,-0.494866
85.4710,-15123,-39.591922,-0.494899
85.4810,-15124,-39.594539,-0.494932
85.4910,-15124,-39.594539,-0.494932
85.5010,-15125,-39.597160,-0.494965
85.5110,-15126,-39.599773,-0.494997
85.5210,-15126,-39.599773,-0.494997
85.5310,-15127,-39.602394,-0.495030
85.5410,-15128,-39.605010,-0.495063
85.5510,-15128,-39.605010,-0.495063
85.5610,-15128,-39.605010,-0.495063
85.5710,-15129,-39.607631,-0.495095
85.5810,-15129,-39.607631,-0.495095
85.5910,-15129,-39.607631,-0.495095
85.6010,-15130,-39.610248,-0.495128
85.6110,-15130,-39.610248,-0.495128
85.6210,-15130,-39.610248,-0.495128
85.6310,-15130,-39.610248,-0.495128
85.6410,-15130,-39.610248,-0.495128
85.6510,-15132,-39.615482,-0.495194
85.6610,-15132,-39.615482,-0.495194
85.6710,-15132,-39.615482,-0.495194
85.6810,-15132,-39.615482,-0.495194
85.6910,-15132,-39.615482,-0.495194
85.7010,-15133,-39.618103,-0.495226
85.7110,-15133,-39.618103,-0.495226
85.7210,-15133,-39.618103,-0.495226
85.7310,-15133,-39.618103,-0.495226
85.7410,-15133,-39.618103,-0.495226
85.7510,-15134,-39.620719,-0.495259
85.7610,-15134,-39.620719,-0.495259
85.7710,-15134,-39.620719,-0.495259
85.7810,-15134,-39.620719,-0.495259
85.7910,-15135,-39.623340,-0.495292
85.8010,-15135,-39.623340,-0.495292
85.8110,-15135,-39.623340,-0.495292
85.8210,-15135,-39.623340,-0.495292
85.8310,-15135,-39.623340,-0.495292
85.8410,-15135,-39.623340,-0.495292
85.8520,-15135,-39.623340,-0.495292
85.8610,-15136,-39.625957,-0.495324
85.8710,-15136,-39.625957,-0.495324
85.8810,-15136,-39.625957,-0.495324
85.8910,-15137,-39.628574,-0.495357
85.9010,-15137,-39.628574,-0.495357
85.9110,-15137,-39.628574,-0.495357
85.9210,-15137,-39.628574,-0.495357
85.9310,-15137,-39.628574,-0.495357
85.9410,-15138,-39.631191,-0.495390
85.9510,-15138,-39.631191,-0.495390
85.9610,-15138,-39.631191,-0.495390
85.9710,-15138,-39.631191,-0.495390
85.9810,-15138,-39.631191,-0.495390
85.9910,-15139,-39.633811,-0.495423
86.0010,-15139,-39.633811,-0.495423
86.0110,-15139,-39.633811,-0.495423
86.0210,-15139,-39.633811,-0.495423
86.0310,-15139,-39.633811,-0.495423
86.0410,-15139,-39.633811,-0.495423
86.0510,-15140,-39.636428,-0.495455
86.0610,-15140,-39.636428,-0.495455
86.0710,-15140,-39.636428,-0.495455
86.0810,-15141,-39.639045,-0.495488
86.0910,-15141,-39.639045,-0.495488
86.1010,-15141,-39.639045,-0.495488
86.1110,-15141,-39.639045,-0.495488
86.1210,-15141,-39.639045,-0.495488
86.1310,-15141,-39.639045,-0.495488
86.1410,-15142,-39.641662,-0.495521
86.1510,-15142,-39.641662,-0.495521
86.1610,-15142,-39.641662,-0.495521
86.1710,-15142,-39.641662,-0.495521
86.1810,-15142,-39.641662,-0.495521
86.1910,-15143,-39.644283,-0.495554
86.2010,-15143,-39.644283,-0.495554
86.2110,-15143,-39.644283,-0.495554
86.2210,-15143,-39.644283,-0.495554
86.2310,-15144,-39.646900,-0.495586
86.2410,-15144,-39.646900,-0.495586
86.2510,-15144,-39.646900,-0.495586
86.2610,-15144,-39.646900,-0.495586
86.2710,-15144,-39.646900,-0.495586
86.2810,-15144,-39.646900,-0.495586
86.2910,-15145,-39.649517,-0.495619
86.3010,-15146,-39.652137,-0.495652
86.3110,-15146,-39.652137,-0.495652
86.3210,-15146,-39.652137,-0.495652
86.3310,-15146,-39.652137,-0.495652
86.3410,-15146,-39.652137,-0.495652
86.3510,-15147,-39.654754,-0.495684
86.3610,-15147,-39.654754,-0.495684
86.3710,-15147,-39.654754,-0.495684
86.3810,-15147,-39.654754,-0.495684
86.3910,-15147,-39.654754,-0.495684
86.4010,-15149,-39.659988,-0.495750
86.4110,-15149,-39.659988,-0.495750
86.4210,-15150,-39.662609,-0.495783
86.4310,-15151,-39.665225,-0.495815
86.4410,-15154,-39.673080,-0.495914
86.4510,-15156,-39.678318,-0.495979
86.4610,-15160,-39.688789,-0.496110
86.4710,-15166,-39.704494,-0.496306
86.4810,-15172,-39.720203,-0.496503
86.4920,-15179,-39.738533,-0.496732
86.5010,-15186,-39.756855,-0.496961
86.5110,-15196,-39.783035,-0.497288
86.5210,-15208,-39.814453,-0.497681
86.5310,-15218,-39.840629,-0.498008
86.5410,-15227,-39.864196,-0.498302
86.5510,-15233,-39.879901,-0.498499
86.5610,-15238,-39.892993,-0.498662
86.5710,-15241,-39.900844,-0.498761
86.5810,-15243,-39.906082,-0.498826
86.5910,-15243,-39.906082,-0.498826
86.6010,-15243,-39.906082,-0.498826
86.6110,-15242,-39.903465,-0.498793
86.6210,-15242,-39.903465,-0.498793
86.6310,-15240,-39.898227,-0.498728
86.6410,-15238,-39.892993,-0.498662
86.6510,-15237,-39.890373,-0.498630
86.6610,-15237,-39.890373,-0.498630
86.6710,-15238,-39.892993,-0.498662
86.6810,-15239,-39.895606,-0.498695
86.6910,-15241,-39.900844,-0.498761
86.7010,-15244,-39.908699,-0.498859
86.7110,-15246,-39.913936,-0.498924
86.7210,-15250,-39.924407,-0.499055
86.7310,-15253,-39.932262,-0.499153
86.7410,-15255,-39.937496,-0.499219
86.7510,-15256,-39.940116,-0.499251
86.7610,-15256,-39.940116,-0.499251
86.7710,-15256,-39.940116,-0.499251
86.7810,-15255,-39.937496,-0.499219
86.7910,-15255,-39.937496,-0.499219
86.8010,-15255,-39.937496,-0.499219
86.8110,-15254,-39.934879,-0.499186
86.8210,-15254,-39.934879,-0.499186
86.8310,-15256,-39.940116,-0.499251
86.8410,-15257,-39.942733,-0.499284
86.8510,-15258,-39.945350,-0.499317
86.8610,-15259,-39.947971,-0.499350
86.8710,-15260,-39.950584,-0.499382
86.8810,-15261,-39.953205,-0.499415
86.8910,-15261,-39.953205,-0.499415
86.9010,-15261,-39.953205,-0.499415
86.9110,-15261,-39.953205,-0.499415
86.9210,-15261,-39.953205,-0.499415
86.9310,-15261,-39.953205,-0.499415
86.9410,-15261,-39.953205,-0.499415
86.9510,-15261,-39.953205,-0.499415
86.9610,-15261,-39.953205,-0.499415
86.9710,-15261,-39.953205,-0.499415
86.9810,-15261,-39.953205,-0.499415
86.9910,-15262,-39.955821,-0.499448
87.0010,-15262,-39.955821,-0.499448
87.0110,-15263,-39.958442,-0.499481
87.0210,-15264,-39.961059,-0.499513
87.0310,-15264,-39.961059,-0.499513
87.0410,-15265,-39.963680,-0.499546
87.0510,-15266,-39.966293,-0.499579
87.0610,-15266,-39.966293,-0.499579
87.0710,-15266,-39.966293,-0.499579
87.0810,-15266,-39.966293,-0.499579
87.0910,-15266,-39.966293,-0.499579
87.1010,-15266,-39.966293,-0.499579
87.1110,-15266,-39.966293,-0.499579
87.1210,-15266,-39.966293,-0.499579
87.1320,-15266,-39.966293,-0.499579
87.1410,-15266,-39.966293,-0.499579
87.1510,-15267,-39.968914,-0.499611
87.1610,-15268,-39.971530,-0.499644
87.1710,-15268,-39.971530,-0.499644
87.1810,-15269,-39.974151,-0.499677
87.1910,-15269,-39.974151,-0.499677
87.2010,-15269,-39.974151,-0.499677
87.2110,-15269,-39.974151,-0.499677
87.2210,-15269,-39.974151,-0.499677
87.2310,-15269,-39.974151,-0.499677
87.2410,-15269,-39.974151,-0.499677
87.2510,-15269,-39.974151,-0.499677
87.2610,-15269,-39.974151,-0.499677
87.2710,-15269,-39.974151,-0.499677
87.2810,-15269,-39.974151,-0.499677
87.2910,-15270,-39.976768,-0.499710
87.3010,-15270,-39.976768,-0.499710
87.3110,-15270,-39.976768,-0.499710
87.3210,-15270,-39.976768,-0.499710
87.3310,-15270,-39.976768,-0.499710
87.3410,-15271,-39.979385,-0.499742
87.3510,-15271,-39.979385,-0.499742
87.3610,-15271,-39.979385,-0.499742
87.3710,-15271,-39.979385,-0.499742
87.3810,-15271,-39.979385,-0.499742
87.3910,-15271,-39.979385,-0.499742
87.4010,-15272,-39.982002,-0.499775
87.4110,-15272,-39.982002,-0.499775
87.4210,-15272,-39.982002,-0.499775
87.4310,-15272,-39.982002,-0.499775
87.4410,-15273,-39.984622,-0.499808
87.4510,-15273,-39.984622,-0.499808
87.4610,-15274,-39.987239,-0.499841
87.4710,-15274,-39.987239,-0.499841
87.4810,-15276,-39.992473,-0.499906
87.4910,-15276,-39.992473,-0.499906
87.5010,-15276,-39.992473,-0.499906
87.5110,-15277,-39.995094,-0.499939
87.5210,-15277,-39.995094,-0.499939
87.5310,-15277,-39.995094,-0.499939
87.5410,-15277,-39.995094,-0.499939
87.5510,-15278,-39.997711,-0.499971
87.5610,-15278,-39.997711,-0.499971
87.5710,-15278,-39.997711,-0.499971
87.5810,-15279,-40.000328,-0.500004
87.5910,-15279,-40.000328,-0.500004
87.6010,-15280,-40.002948,-0.500037
87.6110,-15280,-40.002948,-0.500037
87.6210,-15280,-40.002948,-0.500037
87.6310,-15280,-40.002948,-0.500037
87.6410,-15281,-40.005565,-0.500070
87.6510,-15281,-40.005565,-0.500070
87.6610,-15281,-40.005565,-0.500070
87.6710,-15281,-40.005565,-0.500070
87.6810,-15281,-40.005565,-0.500070
87.6910,-15282,-40.008182,-0.500102
87.7010,-15283,-40.010799,-0.500135
87.7110,-15283,-40.010799,-0.500135
87.7210,-15283,-40.010799,-0.500135
87.7310,-15283,-40.010799,-0.500135
87.7410,-15284,-40.013420,-0.500168
87.7510,-15284,-40.013420,-0.500168
87.7610,-15284,-40.013420,-0.500168
87.7720,-15285,-40.016036,-0.500200
87.7810,-15285,-40.016036,-0.500200
87.7910,-15285,-40.016036,-0.500200
87.8010,-15286,-40.018657,-0.500233
87.8110,-15286,-40.018657,-0.500233
87.8210,-15286,-40.018657,-0.500233
87.8310,-15286,-40.018657,-0.500233
87.8410,-15286,-40.018657,-0.500233
87.8510,-15287,-40.021270,-0.500266
87.8610,-15287,-40.021270,-0.500266
87.8710,-15287,-40.021270,-0.500266
87.8810,-15287,-40.021270,-0.500266
87.8910,-15288,-40.023891,-0.500299
87.9010,-15288,-40.023891,-0.500299
87.9110,-15289,-40.026508,-0.500331
87.9210,-15289,-40.026508,-0.500331
87.9310,-15290,-40.029129,-0.500364
87.9410,-15290,-40.029129,-0.500364
87.9510,-15290,-40.029129,-0.500364
87.9610,-15290,-40.029129,-0.500364
87.9710,-15290,-40.029129,-0.500364
87.9810,-15291,-40.031745,-0.500397
87.9910,-15291,-40.031745,-0.500397
88.0010,-15291,-40.031745,-0.500397
88.0110,-15292,-40.034362,-0.500430
88.0210,-15292,-40.034362,-0.500430
88.0310,-15292,-40.034362,-0.500430
88.0410,-15292,-40.034362,-0.500430
88.0510,-15292,-40.034362,-0.500430
88.0610,-15293,-40.036979,-0.500462
88.0710,-15293,-40.036979,-0.500462
88.0810,-15293,-40.036979,-0.500462
88.0910,-15293,-40.036979,-0.500462
88.1010,-15293,-40.036979,-0.500462
88.1110,-15293,-40.036979,-0.500462
88.1210,-15294,-40.039600,-0.500495
88.1310,-15294,-40.039600,-0.500495
88.1410,-15294,-40.039600,-0.500495
88.1510,-15295,-40.042217,-0.500528
88.1610,-15295,-40.042217,-0.500528
88.1710,-15295,-40.042217,-0.500528
88.1810,-15295,-40.042217,-0.500528
88.1910,-15295,-40.042217,-0.500528
88.2010,-15295,-40.042217,-0.500528
88.2110,-15295,-40.042217,-0.500528
88.2210,-15296,-40.044837,-0.500560
88.2310,-15296,-40.044837,-0.500560
88.2410,-15296,-40.044837,-0.500560
88.2510,-15296,-40.044837,-0.500560
88.2610,-15297,-40.047454,-0.500593
88.2710,-15297,-40.047454,-0.500593
88.2810,-15297,-40.047454,-0.500593
88.2910,-15297,-40.047454,-0.500593
88.3010,-15297,-40.047454,-0.500593
88.3110,-15297,-40.047454,-0.500593
88.3210,-15297,-40.047454,-0.500593
88.3310,-15298,-40.050071,-0.500626
88.3410,-15298,-40.050071,-0.500626
88.3510,-15298,-40.050071,-0.500626
88.3610,-15298,-40.050071,-0.500626
88.3710,-15298,-40.050071,-0.500626
88.3810,-15298,-40.050071,-0.500626
88.3910,-15299,-40.052688,-0.500659
88.4010,-15299,-40.052688,-0.500659
88.4120,-15299,-40.052688,-0.500659
88.4210,-15299,-40.052688,-0.500659
88.4310,-15299,-40.052688,-0.500659
88.4410,-15300,-40.055309,-0.500691
88.4510,-15300,-40.055309,-0.500691
88.4610,-15300,-40.055309,-0.500691
88.4710,-15300,-40.055309,-0.500691
88.4810,-15300,-40.055309,-0.500691
88.4910,-15300,-40.055309,-0.500691
88.5010,-15301,-40.057926,-0.500724
88.5110,-15301,-40.057926,-0.500724
88.5210,-15301,-40.057926,-0.500724
88.5310,-15301,-40.057926,-0.500724
88.5410,-15301,-40.057926,-0.500724
88.5510,-15302,-40.060543,-0.500757
88.5610,-15302,-40.060543,-0.500757
88.5710,-15302,-40.060543,-0.500757
88.5810,-15302,-40.060543,-0.500757
88.5910,-15302,-40.060543,-0.500757
88.6010,-15302,-40.060543,-0.500757
88.6110,-15303,-40.063159,-0.500790
88.6210,-15303,-40.063159,-0.500790
88.6310,-15303,-40.063159,-0.500790
88.6410,-15303,-40.063159,-0.500790
88.6510,-15303,-40.063159,-0.500790
88.6610,-15304,-40.065776,-0.500822
88.6710,-15304,-40.065776,-0.500822
88.6810,-15304,-40.065776,-0.500822
88.6910,-15304,-40.065776,-0.500822
88.7010,-15304,-40.065776,-0.500822
88.7110,-15305,-40.068397,-0.500855
88.7210,-15305,-40.068397,-0.500855
88.7310,-15305,-40.068397,-0.500855
88.7410,-15305,-40.068397,-0.500855
88.7510,-15305,-40.068397,-0.500855
88.7610,-15306,-40.071014,-0.500888
88.7710,-15306,-40.071014,-0.500888
88.7810,-15306,-40.071014,-0.500888
88.7910,-15306,-40.071014,-0.500888
88.8010,-15307,-40.073635,-0.500920
88.8110,-15307,-40.073635,-0.500920
88.8210,-15307,-40.073635,-0.500920
88.8310,-15307,-40.073635,-0.500920
88.8410,-15307,-40.073635,-0.500920
88.8510,-15307,-40.073635,-0.500920
88.8610,-15308,-40.076251,-0.500953
88.8710,-15308,-40.076251,-0.500953
88.8810,-15309,-40.078868,-0.500986
88.8910,-15309,-40.078868,-0.500986
88.9010,-15310,-40.081485,-0.501019
88.9110,-15310,-40.081485,-0.501019
88.9210,-15310,-40.081485,-0.501019
88.9310,-15311,-40.084106,-0.501051
88.9410,-15311,-40.084106,-0.501051
88.9510,-15311,-40.084106,-0.501051
88.9610,-15312,-40.086723,-0.501084
88.9710,-15312,-40.086723,-0.501084
88.9810,-15315,-40.094577,-0.501182
88.9910,-15319,-40.105049,-0.501313
89.0010,-15324,-40.118141,-0.501477
89.0110,-15329,-40.131229,-0.501640
89.0210,-15332,-40.139083,-0.501739
89.0310,-15336,-40.149555,-0.501869
89.0410,-15339,-40.157409,-0.501968
89.0520,-15342,-40.165264,-0.502066
89.0610,-15344,-40.170501,-0.502131
89.0710,-15346,-40.175735,-0.502197
89.0810,-15348,-40.180969,-0.502262
89.0910,-15349,-40.183589,-0.502295
89.1010,-15349,-40.183589,-0.502295
89.1110,-15348,-40.180969,-0.502262
89.1210,-15347,-40.178352,-0.502229
89.1310,-15346,-40.175735,-0.502197
89.1410,-15346,-40.175735,-0.502197
89.1510,-15345,-40.173118,-0.502164
89.1610,-15345,-40.173118,-0.502164
89.1710,-15346,-40.175735,-0.502197
89.1810,-15346,-40.175735,-0.502197
89.1910,-15348,-40.180969,-0.502262
89.2010,-15349,-40.183589,-0.502295
89.2110,-15350,-40.186206,-0.502328
89.2210,-15351,-40.188823,-0.502360
89.2310,-15351,-40.188823,-0.502360
89.2410,-15351,-40.188823,-0.502360
89.2510,-15351,-40.188823,-0.502360
89.2610,-15350,-40.186206,-0.502328
89.2710,-15350,-40.186206,-0.502328
89.2810,-15349,-40.183589,-0.502295
89.2910,-15348,-40.180969,-0.502262
89.3010,-15348,-40.180969,-0.502262
89.3110,-15348,-40.180969,-0.502262
89.3210,-15348,-40.180969,-0.502262
89.3310,-15349,-40.183589,-0.502295
89.3410,-15349,-40.183589,-0.502295
89.3510,-15350,-40.186206,-0.502328
89.3610,-15351,-40.188823,-0.502360
89.3710,-15351,-40.188823,-0.502360
89.3810,-15351,-40.188823,-0.502360
89.3910,-15351,-40.188823,-0.502360
89.4010,-15351,-40.188823,-0.502360
89.4110,-15351,-40.188823,-0.502360
89.4210,-15351,-40.188823,-0.502360
89.4310,-15351,-40.188823,-0.502360
89.4410,-15350,-40.186206,-0.502328
89.4510,-15350,-40.186206,-0.502328
89.4610,-15350,-40.186206,-0.502328
89.4710,-15350,-40.186206,-0.502328
89.4810,-15351,-40.188823,-0.502360
89.4910,-15351,-40.188823,-0.502360
89.5010,-15351,-40.188823,-0.502360
89.5110,-15352,-40.191440,-0.502393
89.5210,-15353,-40.194061,-0.502426
89.5310,-15353,-40.194061,-0.502426
89.5410,-15353,-40.194061,-0.502426
89.5510,-15353,-40.194061,-0.502426
89.5610,-15353,-40.194061,-0.502426
89.5710,-15353,-40.194061,-0.502426
89.5810,-15352,-40.191440,-0.502393
89.5910,-15352,-40.191440,-0.502393
89.6010,-15352,-40.191440,-0.502393
89.6110,-15352,-40.191440,-0.502393
89.6210,-15352,-40.191440,-0.502393
89.6310,-15352,-40.191440,-0.502393
89.6410,-15353,-40.194061,-0.502426
89.6510,-15353,-40.194061,-0.502426
89.6610,-15353,-40.194061,-0.502426
89.6710,-15354,-40.196678,-0.502459
89.6810,-15354,-40.196678,-0.502459
89.6920,-15354,-40.196678,-0.502459
89.7010,-15354,-40.196678,-0.502459
89.7110,-15354,-40.196678,-0.502459
89.7210,-15353,-40.194061,-0.502426
89.7310,-15353,-40.194061,-0.502426
89.7410,-15353,-40.194061,-0.502426
89.7510,-15353,-40.194061,-0.502426
89.7610,-15353,-40.194061,-0.502426
89.7710,-15353,-40.194061,-0.502426
89.7810,-15354,-40.196678,-0.502459
89.7910,-15354,-40.196678,-0.502459
89.8010,-15354,-40.196678,-0.502459
89.8110,-15354,-40.196678,-0.502459
89.8210,-15354,-40.196678,-0.502459
89.8310,-15354,-40.196678,-0.502459
89.8410,-15355,-40.199298,-0.502491
89.8510,-15355,-40.199298,-0.502491
89.8610,-15355,-40.199298,-0.502491
89.8710,-15355,-40.199298,-0.502491
89.8810,-15355,-40.199298,-0.502491
89.8910,-15355,-40.199298,-0.502491
89.9010,-15355,-40.199298,-0.502491
89.9110,-15355,-40.199298,-0.502491
89.9210,-15355,-40.199298,-0.502491
89.9310,-15355,-40.199298,-0.502491
89.9410,-15355,-40.199298,-0.502491
89.9510,-15356,-40.201915,-0.502524
89.9610,-15356,-40.201915,-0.502524
89.9710,-15356,-40.201915,-0.502524
89.9810,-15356,-40.201915,-0.502524
89.9910,-15356,-40.201915,-0.502524
90.0010,-15356,-40.201915,-0.502524
90.0110,-15356,-40.201915,-0.502524
90.0210,-15356,-40.201915,-0.502524
90.0310,-15356,-40.201915,-0.502524
90.0410,-15356,-40.201915,-0.502524
90.0510,-15356,-40.201915,-0.502524
90.0610,-15357,-40.204532,-0.502557
90.0710,-15357,-40.204532,-0.502557
90.0810,-15357,-40.204532,-0.502557
90.0910,-15357,-40.204532,-0.502557
90.1010,-15357,-40.204532,-0.502557
90.1110,-15358,-40.207149,-0.502589
90.1210,-15358,-40.207149,-0.502589
90.1310,-15358,-40.207149,-0.502589
90.1410,-15358,-40.207149,-0.502589
90.1510,-15358,-40.207149,-0.502589
90.1610,-15358,-40.207149,-0.502589
90.1710,-15358,-40.207149,-0.502589
90.1810,-15358,-40.207149,-0.502589
90.1910,-15358,-40.207149,-0.502589
90.2010,-15358,-40.207149,-0.502589
90.2110,-15358,-40.207149,-0.502589
90.2210,-15359,-40.209770,-0.502622
90.2310,-15359,-40.209770,-0.502622
90.2410,-15359,-40.209770,-0.502622
90.2510,-15359,-40.209770,-0.502622
90.2610,-15359,-40.209770,-0.502622
90.2710,-15360,-40.212387,-0.502655
90.2810,-15360,-40.212387,-0.502655
90.2910,-15360,-40.212387,-0.502655
90.3010,-15360,-40.212387,-0.502655
90.3110,-15360,-40.212387,-0.502655
90.3210,-15360,-40.212387,-0.502655
90.3320,-15360,-40.212387,-0.502655
90.3410,-15361,-40.215007,-0.502688
90.3510,-15361,-40.215007,-0.502688
90.3610,-15361,-40.215007,-0.502688
90.3710,-15361,-40.215007,-0.502688
90.3810,-15362,-40.217620,-0.502720
90.3910,-15362,-40.217620,-0.502720
90.4010,-15362,-40.217620,-0.502720
90.4110,-15362,-40.217620,-0.502720
90.4210,-15362,-40.217620,-0.502720
90.4310,-15362,-40.217620,-0.502720
90.4410,-15362,-40.217620,-0.502720
90.4510,-15362,-40.217620,-0.502720
90.4610,-15362,-40.217620,-0.502720
90.4710,-15362,-40.217620,-0.502720
90.4810,-15363,-40.220241,-0.502753
90.4910,-15363,-40.220241,-0.502753
90.5010,-15363,-40.220241,-0.502753
90.5110,-15363,-40.220241,-0.502753
90.5210,-15363,-40.220241,-0.502753
90.5310,-15363,-40.220241,-0.502753
90.5410,-15364,-40.222858,-0.502786
90.5510,-15364,-40.222858,-0.502786
90.5610,-15364,-40.222858,-0.502786
90.5710,-15364,-40.222858,-0.502786
90.5810,-15364,-40.222858,-0.502786
90.5910,-15364,-40.222858,-0.502786
90.6010,-15365,-40.225479,-0.502819
90.6110,-15365,-40.225479,-0.502819
90.6210,-15366,-40.228096,-0.502851
90.6310,-15366,-40.228096,-0.502851
90.6410,-15367,-40.230712,-0.502884
90.6510,-15367,-40.230712,-0.502884
90.6610,-15368,-40.233329,-0.502917
90.6710,-15368,-40.233329,-0.502917
90.6810,-15369,-40.235950,-0.502949
90.6910,-15369,-40.235950,-0.502949
90.7010,-15370,-40.238567,-0.502982
90.7110,-15371,-40.241184,-0.503015
90.7210,-15371,-40.241184,-0.503015
90.7310,-15371,-40.241184,-0.503015
90.7410,-15372,-40.243804,-0.503048
90.7510,-15372,-40.243804,-0.503048
90.7610,-15372,-40.243804,-0.503048
90.7710,-15373,-40.246417,-0.503080
90.7810,-15374,-40.249038,-0.503113
90.7910,-15376,-40.254276,-0.503178
90.8010,-15378,-40.259510,-0.503244
90.8110,-15384,-40.275218,-0.503440
90.8210,-15389,-40.288307,-0.503604
90.8310,-15393,-40.298782,-0.503735
90.8410,-15398,-40.311870,-0.503898
90.8510,-15401,-40.319725,-0.503997
90.8610,-15405,-40.330196,-0.504127
90.8710,-15410,-40.343284,-0.504291
90.8810,-15416,-40.358993,-0.504487
90.8910,-15420,-40.369468,-0.504618
90.9010,-15426,-40.385173,-0.504815
90.9110,-15430,-40.395648,-0.504946
90.9210,-15437,-40.413970,-0.505175
90.9310,-15443,-40.429679,-0.505371
90.9410,-15449,-40.445388,-0.505567
90.9510,-15455,-40.461097,-0.505764
90.9610,-15462,-40.479423,-0.505993
90.9720,-15470,-40.500366,-0.506255
90.9810,-15480,-40.526546,-0.506582
90.9910,-15490,-40.552726,-0.506909
91.0010,-15498,-40.573669,-0.507171
91.0110,-15506,-40.594615,-0.507433
91.0210,-15514,-40.615558,-0.507694
91.0310,-15520,-40.631267,-0.507891
91.0410,-15526,-40.646976,-0.508087
91.0510,-15531,-40.660064,-0.508251
91.0610,-15534,-40.667915,-0.508349
91.0710,-15537,-40.675773,-0.508447
91.0810,-15539,-40.681007,-0.508513
91.0910,-15542,-40.688861,-0.508611
91.1010,-15544,-40.694095,-0.508676
91.1110,-15546,-40.699333,-0.508742
91.1210,-15549,-40.707187,-0.508840
91.1310,-15554,-40.720279,-0.509004
91.1410,-15561,-40.738601,-0.509232
91.1510,-15568,-40.756931,-0.509462
91.1610,-15581,-40.790966,-0.509887
91.1710,-15597,-40.832851,-0.510411
91.1810,-15615,-40.879974,-0.511000
91.1910,-15628,-40.914009,-0.511425
91.2010,-15643,-40.953277,-0.511916
91.2110,-15657,-40.989929,-0.512374
91.2210,-15673,-41.031818,-0.512898
91.2310,-15688,-41.071090,-0.513389
91.2410,-15707,-41.120830,-0.514010
91.2510,-15721,-41.157482,-0.514469
91.2610,-15732,-41.186279,-0.514828
91.2710,-15744,-41.217697,-0.515221
91.2810,-15758,-41.254348,-0.515679
91.2910,-15772,-41.291000,-0.516138
91.3010,-15783,-41.319797,-0.516497
91.3110,-15792,-41.343360,-0.516792
91.3210,-15798,-41.359069,-0.516988
91.3310,-15806,-41.380012,-0.517250
91.3410,-15814,-41.400955,-0.517512
91.3510,-15823,-41.424518,-0.517806
91.3610,-15830,-41.442844,-0.518036
91.3710,-15836,-41.458553,-0.518232
91.3810,-15845,-41.482112,-0.518526
91.3910,-15854,-41.505676,-0.518821
91.4010,-15863,-41.529239,-0.519115
91.4110,-15869,-41.544944,-0.519312
91.4210,-15876,-41.563270,-0.519541
91.4310,-15884,-41.584217,-0.519803
91.4410,-15891,-41.602542,-0.520032
91.4510,-15899,-41.623485,-0.520294
91.4610,-15909,-41.649665,-0.520621
91.4710,-15917,-41.670608,-0.520883
91.4810,-15927,-41.696788,-0.521210
91.4910,-15938,-41.725589,-0.521570
91.5010,-15950,-41.757003,-0.521963
91.5110,-15961,-41.785800,-0.522323
91.5210,-15973,-41.817214,-0.522715
91.5310,-15986,-41.851249,-0.523141
91.5410,-16002,-41.893138,-0.523664
91.5510,-16019,-41.937644,-0.524221
91.5610,-16038,-41.987384,-0.524842
91.5710,-16055,-42.031890,-0.525399
91.5810,-16073,-42.079017,-0.525988
91.5910,-16093,-42.131378,-0.526642
91.6010,-16112,-42.181118,-0.527264
91.6120,-16135,-42.241333,-0.528017
91.6210,-16156,-42.296310,-0.528704
91.6310,-16176,-42.348667,-0.529358
91.6410,-16194,-42.395793,-0.529947
91.6510,-16210,-42.437683,-0.530471
91.6610,-16221,-42.466480,-0.530831
91.6710,-16239,-42.513603,-0.531420
91.6810,-16249,-42.539783,-0.531747
91.6910,-16256,-42.558109,-0.531976
91.7010,-16265,-42.581672,-0.532271
91.7110,-16277,-42.613090,-0.532664
91.7210,-16290,-42.647121,-0.533089
91.7310,-16304,-42.683773,-0.533547
91.7410,-16315,-42.712574,-0.533907
91.7510,-16328,-42.746604,-0.534333
91.7610,-16343,-42.785873,-0.534823
91.7710,-16359,-42.827762,-0.535347
91.7810,-16378,-42.877506,-0.535969
91.7910,-16401,-42.937717,-0.536721
91.8010,-16430,-43.013641,-0.537671
91.8110,-16455,-43.079090,-0.538489
91.8210,-16478,-43.139305,-0.539241
91.8310,-16489,-43.168102,-0.539601
91.8410,-16498,-43.191661,-0.539896
91.8510,-16507,-43.215225,-0.540190
91.8610,-16511,-43.225696,-0.540321
91.8710,-16513,-43.230934,-0.540387
91.8810,-16513,-43.230934,-0.540387
91.8910,-16511,-43.225696,-0.540321
91.9010,-16506,-43.212608,-0.540158
91.9110,-16502,-43.202136,-0.540027
91.9210,-16497,-43.189048,-0.539863
91.9310,-16493,-43.178573,-0.539732
91.9410,-16492,-43.175952,-0.539699
91.9510,-16493,-43.178573,-0.539732
91.9610,-16495,-43.183811,-0.539798
91.9710,-16499,-43.194282,-0.539929
91.9810,-16504,-43.207370,-0.540092
91.9910,-16512,-43.228317,-0.540354
92.0010,-16518,-43.244026,-0.540550
92.0110,-16522,-43.254497,-0.540681
92.0210,-16525,-43.262348,-0.540779
92.0310,-16526,-43.264968,-0.540812
92.0410,-16525,-43.262348,-0.540779
92.0510,-16522,-43.254497,-0.540681
92.0610,-16519,-43.246639,-0.540583
92.0710,-16515,-43.236167,-0.540452
92.0810,-16513,-43.230934,-0.540387
92.0910,-16510,-43.223079,-0.540288
92.1010,-16510,-43.223079,-0.540288
92.1110,-16510,-43.223079,-0.540288
92.1210,-16511,-43.225696,-0.540321
92.1310,-16514,-43.233551,-0.540419
92.1410,-16517,-43.241405,-0.540518
92.1510,-16521,-43.251876,-0.540648
92.1610,-16524,-43.259735,-0.540747
92.1710,-16526,-43.264968,-0.540812
92.1810,-16527,-43.267585,-0.540845
92.1910,-16527,-43.267585,-0.540845
92.2010,-16527,-43.267585,-0.540845
92.2110,-16526,-43.264968,-0.540812
92.2210,-16524,-43.259735,-0.540747
92.2310,-16522,-43.254497,-0.540681
92.2410,-16521,-43.251876,-0.540648
92.2520,-16520,-43.249259,-0.540616
92.2610,-16520,-43.249259,-0.540616
92.2710,-16520,-43.249259,-0.540616
92.2810,-16522,-43.254497,-0.540681
92.2910,-16523,-43.257114,-0.540714
92.3010,-16525,-43.262348,-0.540779
92.3110,-16529,-43.272823,-0.540910
92.3210,-16531,-43.278057,-0.540976
92.3310,-16532,-43.280677,-0.541008
92.3410,-16532,-43.280677,-0.541008
92.3510,-16532,-43.280677,-0.541008
92.3610,-16532,-43.280677,-0.541008
92.3710,-16530,-43.275440,-0.540943
92.3810,-16529,-43.272823,-0.540910
92.3910,-16528,-43.270206,-0.540878
92.4010,-16527,-43.267585,-0.540845
92.4110,-16526,-43.264968,-0.540812
92.4210,-16528,-43.270206,-0.540878
92.4310,-16529,-43.272823,-0.540910
92.4410,-16531,-43.278057,-0.540976
92.4510,-16535,-43.288528,-0.541107
92.4610,-16539,-43.299003,-0.541238
92.4710,-16543,-43.309474,-0.541368
92.4810,-16548,-43.322563,-0.541532
92.4910,-16554,-43.338272,-0.541728
92.5010,-16559,-43.351360,-0.541892
92.5110,-16566,-43.369689,-0.542121
92.5210,-16576,-43.395866,-0.542448
92.5310,-16587,-43.424667,-0.542808
92.5410,-16598,-43.453464,-0.543168
92.5510,-16607,-43.477024,-0.543463
92.5610,-16615,-43.497970,-0.543725
92.5710,-16621,-43.513675,-0.543921
92.5810,-16627,-43.529384,-0.544117
92.5910,-16632,-43.542472,-0.544281
92.6010,-16636,-43.552947,-0.544412
92.6110,-16638,-43.558181,-0.544477
92.6210,-16639,-43.560802,-0.544510
92.6310,-16639,-43.560802,-0.544510
92.6410,-16639,-43.560802,-0.544510
92.6510,-16637,-43.555564,-0.544445
92.6610,-16635,-43.550331,-0.544379
92.6710,-16634,-43.547710,-0.544346
92.6810,-16633,-43.545093,-0.544314
92.6910,-16633,-43.545093,-0.544314
92.7010,-16634,-43.547710,-0.544346
92.7110,-16635,-43.550331,-0.544379
92.7210,-16637,-43.555564,-0.544445
92.7310,-16640,-43.563419,-0.544543
92.7410,-16643,-43.571273,-0.544641
92.7510,-16645,-43.576511,-0.544706
92.7610,-16646,-43.579128,-0.544739
92.7710,-16647,-43.581745,-0.544772
92.7810,-16647,-43.581745,-0.544772
92.7910,-16646,-43.579128,-0.544739
92.8010,-16645,-43.576511,-0.544706
92.8110,-16644,-43.573890,-0.544674
92.8210,-16643,-43.571273,-0.544641
92.8310,-16642,-43.568653,-0.544608
92.8410,-16642,-43.568653,-0.544608
92.8510,-16642,-43.568653,-0.544608
92.8610,-16644,-43.573890,-0.544674
92.8710,-16645,-43.576511,-0.544706
92.8810,-16647,-43.581745,-0.544772
92.8920,-16649,-43.586978,-0.544837
92.9010,-16651,-43.592216,-0.544903
92.9110,-16653,-43.597450,-0.544968
92.9210,-16654,-43.600070,-0.545001
92.9310,-16654,-43.600070,-0.545001
92.9410,-16654,-43.600070,-0.545001
92.9510,-16654,-43.600070,-0.545001
92.9610,-16655,-43.602687,-0.545034
92.9710,-16655,-43.602687,-0.545034
92.9810,-16654,-43.600070,-0.545001
92.9910,-16654,-43.600070,-0.545001
93.0010,-16654,-43.600070,-0.545001
93.0110,-16655,-43.602687,-0.545034
93.0210,-16656,-43.605308,-0.545066
93.0310,-16657,-43.607925,-0.545099
93.0410,-16659,-43.613159,-0.545165
93.0510,-16661,-43.618396,-0.545230
93.0610,-16663,-43.623634,-0.545295
93.0710,-16664,-43.626251,-0.545328
93.0810,-16665,-43.628868,-0.545361
93.0910,-16666,-43.631488,-0.545394
93.1010,-16666,-43.631488,-0.545394
93.1110,-16666,-43.631488,-0.545394
93.1210,-16666,-43.631488,-0.545394
93.1310,-16666,-43.631488,-0.545394
93.1410,-16666,-43.631488,-0.545394
93.1510,-16666,-43.631488,-0.545394
93.1610,-16667,-43.634105,-0.545426
93.1710,-16668,-43.636722,-0.545459
93.1810,-16669,-43.639339,-0.545492
93.1910,-16669,-43.639339,-0.545492
93.2010,-16670,-43.641960,-0.545525
93.2110,-16671,-43.644577,-0.545557
93.2210,-16672,-43.647193,-0.545590
93.2310,-16672,-43.647193,-0.545590
93.2410,-16673,-43.649814,-0.545623
93.2510,-16673,-43.649814,-0.545623
93.2610,-16673,-43.649814,-0.545623
93.2710,-16673,-43.649814,-0.545623
93.2810,-16674,-43.652431,-0.545655
93.2910,-16675,-43.655048,-0.545688
93.3010,-16675,-43.655048,-0.545688
93.3110,-16675,-43.655048,-0.545688
93.3210,-16676,-43.657665,-0.545721
93.3310,-16676,-43.657665,-0.545721
93.3410,-16677,-43.660285,-0.545754
93.3510,-16678,-43.662902,-0.545786
93.3610,-16678,-43.662902,-0.545786
93.3710,-16679,-43.665523,-0.545819
93.3810,-16680,-43.668136,-0.545852
93.3910,-16681,-43.670757,-0.545884
93.4010,-16682,-43.673374,-0.545917
93.4110,-16682,-43.673374,-0.545917
93.4210,-16683,-43.675994,-0.545950
93.4310,-16683,-43.675994,-0.545950
93.4410,-16684,-43.678611,-0.545983
93.4510,-16684,-43.678611,-0.545983
93.4610,-16685,-43.681228,-0.546015
93.4710,-16685,-43.681228,-0.546015
93.4810,-16686,-43.683845,-0.546048
93.4910,-16687,-43.686466,-0.546081
93.5010,-16689,-43.691699,-0.546146
93.5110,-16691,-43.696937,-0.546212
93.5210,-16693,-43.702171,-0.546277
93.5320,-16695,-43.707408,-0.546343
93.5410,-16697,-43.712642,-0.546408
93.5510,-16698,-43.715263,-0.546441
93.5610,-16700,-43.720500,-0.546506
93.5710,-16702,-43.725734,-0.546572
93.5810,-16703,-43.728351,-0.546604
93.5910,-16704,-43.730972,-0.546637
93.6010,-16707,-43.738822,-0.546735
93.6110,-16709,-43.744060,-0.546801
93.6210,-16711,-43.749298,-0.546866
93.6310,-16715,-43.759769,-0.546997
93.6410,-16719,-43.770240,-0.547128
93.6510,-16723,-43.780712,-0.547259
93.6610,-16726,-43.788566,-0.547357
93.6710,-16730,-43.799037,-0.547488
93.6810,-16733,-43.806892,-0.547586
93.6910,-16737,-43.817363,-0.547717
93.7010,-16742,-43.830455,-0.547881
93.7110,-16748,-43.846164,-0.548077
93.7210,-16754,-43.861873,-0.548273
93.7310,-16758,-43.872344,-0.548404
93.7410,-16762,-43.882812,-0.548535
93.7510,-16765,-43.890670,-0.548633
93.7610,-16768,-43.898521,-0.548731
93.7710,-16770,-43.903759,-0.548797
93.7810,-16771,-43.906375,-0.548830
93.7910,-16772,-43.908992,-0.548862
93.8010,-16773,-43.911613,-0.548895
93.8110,-16773,-43.911613,-0.548895
93.8210,-16774,-43.914230,-0.548928
93.8310,-16774,-43.914230,-0.548928
93.8410,-16774,-43.914230,-0.548928
93.8510,-16774,-43.914230,-0.548928
93.8610,-16774,-43.914230,-0.548928
93.8710,-16774,-43.914230,-0.548928
93.8810,-16774,-43.914230,-0.548928
93.8910,-16775,-43.916851,-0.548961
93.9010,-16775,-43.916851,-0.548961
93.9110,-16776,-43.919464,-0.548993
93.9210,-16777,-43.922084,-0.549026
93.9310,-16778,-43.924701,-0.549059
93.9410,-16778,-43.924701,-0.549059
93.9510,-16778,-43.924701,-0.549059
93.9610,-16778,-43.924701,-0.549059
93.9710,-16778,-43.924701,-0.549059
93.9810,-16778,-43.924701,-0.549059
93.9910,-16778,-43.924701,-0.549059
94.0010,-16778,-43.924701,-0.549059
94.0110,-16778,-43.924701,-0.549059
94.0210,-16778,-43.924701,-0.549059
94.0310,-16778,-43.924701,-0.549059
94.0410,-16778,-43.924701,-0.549059
94.0510,-16779,-43.927322,-0.549092
94.0610,-16779,-43.927322,-0.549092
94.0710,-16779,-43.927322,-0.549092
94.0810,-16779,-43.927322,-0.549092
94.0910,-16780,-43.929939,-0.549124
94.1010,-16780,-43.929939,-0.549124
94.1110,-16780,-43.929939,-0.549124
94.1210,-16780,-43.929939,-0.549124
94.1310,-16780,-43.929939,-0.549124
94.1410,-16780,-43.929939,-0.549124
94.1510,-16780,-43.929939,-0.549124
94.1610,-16780,-43.929939,-0.549124
94.1720,-16780,-43.929939,-0.549124
94.1810,-16781,-43.932556,-0.549157
94.1910,-16781,-43.932556,-0.549157
94.2010,-16781,-43.932556,-0.549157
94.2110,-16781,-43.932556,-0.549157
94.2210,-16781,-43.932556,-0.549157
94.2310,-16782,-43.935173,-0.549190
94.2410,-16782,-43.935173,-0.549190
94.2510,-16782,-43.935173,-0.549190
94.2610,-16782,-43.935173,-0.549190
94.2710,-16782,-43.935173,-0.549190
94.2810,-16782,-43.935173,-0.549190
94.2910,-16782,-43.935173,-0.549190
94.3010,-16782,-43.935173,-0.549190
94.3110,-16782,-43.935173,-0.549190
94.3210,-16782,-43.935173,-0.549190
94.3310,-16782,-43.935173,-0.549190
94.3410,-16782,-43.935173,-0.549190
94.3510,-16783,-43.937793,-0.549222
94.3610,-16783,-43.937793,-0.549222
94.3710,-16784,-43.940410,-0.549255
94.3810,-16784,-43.940410,-0.549255
94.3910,-16784,-43.940410,-0.549255
94.4010,-16784,-43.940410,-0.549255
94.4110,-16784,-43.940410,-0.549255
94.4210,-16784,-43.940410,-0.549255
94.4310,-16784,-43.940410,-0.549255
94.4410,-16784,-43.940410,-0.549255
94.4510,-16784,-43.940410,-0.549255
94.4610,-16784,-43.940410,-0.549255
94.4710,-16784,-43.940410,-0.549255
94.4810,-16785,-43.943027,-0.549288
94.4910,-16785,-43.943027,-0.549288
94.5010,-16785,-43.943027,-0.549288
94.5110,-16785,-43.943027,-0.549288
94.5210,-16785,-43.943027,-0.549288
94.5310,-16785,-43.943027,-0.549288
94.5410,-16785,-43.943027,-0.549288
94.5510,-16785,-43.943027,-0.549288
94.5610,-16785,-43.943027,-0.549288
94.5710,-16786,-43.945648,-0.549321
94.5810,-16786,-43.945648,-0.549321
94.5910,-16786,-43.945648,-0.549321
94.6010,-16786,-43.945648,-0.549321
94.6110,-16786,-43.945648,-0.549321
94.6210,-16786,-43.945648,-0.549321
94.6310,-16786,-43.945648,-0.549321
94.6410,-16786,-43.945648,-0.549321
94.6510,-16786,-43.945648,-0.549321
94.6610,-16786,-43.945648,-0.549321
94.6710,-16787,-43.948265,-0.549353
94.6810,-16787,-43.948265,-0.549353
94.6910,-16787,-43.948265,-0.549353
94.7010,-16787,-43.948265,-0.549353
94.7110,-16787,-43.948265,-0.549353
94.7210,-16787,-43.948265,-0.549353
94.7310,-16787,-43.948265,-0.549353
94.7410,-16787,-43.948265,-0.549353
94.7510,-16787,-43.948265,-0.549353
94.7610,-16787,-43.948265,-0.549353
94.7710,-16787,-43.948265,-0.549353
94.7810,-16788,-43.950881,-0.549386
94.7910,-16788,-43.950881,-0.549386
94.8010,-16788,-43.950881,-0.549386
94.8120,-16788,-43.950881,-0.549386
94.8210,-16788,-43.950881,-0.549386
94.8310,-16788,-43.950881,-0.549386
94.8410,-16788,-43.950881,-0.549386
94.8510,-16788,-43.950881,-0.549386
94.8610,-16788,-43.950881,-0.549386
94.8710,-16788,-43.950881,-0.549386
94.8810,-16788,-43.950881,-0.549386
94.8910,-16789,-43.953498,-0.549419
94.9010,-16789,-43.953498,-0.549419
94.9110,-16789,-43.953498,-0.549419
94.9210,-16789,-43.953498,-0.549419
94.9310,-16789,-43.953498,-0.549419
94.9410,-16789,-43.953498,-0.549419
94.9510,-16789,-43.953498,-0.549419
94.9610,-16789,-43.953498,-0.549419
94.9710,-16789,-43.953498,-0.549419
94.9810,-16789,-43.953498,-0.549419
94.9910,-16789,-43.953498,-0.549419
95.0010,-16790,-43.956119,-0.549452
95.0110,-16790,-43.956119,-0.549452
95.0210,-16790,-43.956119,-0.549452
95.0310,-16790,-43.956119,-0.549452
95.0410,-16790,-43.956119,-0.549452
95.0510,-16790,-43.956119,-0.549452
95.0610,-16790,-43.956119,-0.549452
95.0710,-16790,-43.956119,-0.549452
95.0810,-16790,-43.956119,-0.549452
95.0910,-16790,-43.956119,-0.549452
95.1010,-16790,-43.956119,-0.549452
95.1110,-16791,-43.958736,-0.549484
95.1210,-16791,-43.958736,-0.549484
95.1310,-16791,-43.958736,-0.549484
95.1410,-16791,-43.958736,-0.549484
95.1510,-16791,-43.958736,-0.549484
95.1610,-16791,-43.958736,-0.549484
95.1710,-16791,-43.958736,-0.549484
95.1810,-16791,-43.958736,-0.549484
95.1910,-16791,-43.958736,-0.549484
95.2010,-16791,-43.958736,-0.549484
95.2110,-16792,-43.961353,-0.549517
95.2210,-16792,-43.961353,-0.549517
95.2310,-16792,-43.961353,-0.549517
95.2410,-16792,-43.961353,-0.549517
95.2510,-16792,-43.961353,-0.549517
95.2610,-16792,-43.961353,-0.549517
95.2710,-16792,-43.961353,-0.549517
95.2810,-16792,-43.961353,-0.549517
95.2910,-16792,-43.961353,-0.549517
95.3010,-16792,-43.961353,-0.549517
95.3110,-16792,-43.961353,-0.549517
95.3210,-16793,-43.963970,-0.549550
95.3310,-16793,-43.963970,-0.549550
95.3410,-16793,-43.963970,-0.549550
95.3510,-16793,-43.963970,-0.549550
95.3610,-16793,-43.963970,-0.549550
95.3710,-16793,-43.963970,-0.549550
95.3810,-16793,-43.963970,-0.549550
95.3910,-16793,-43.963970,-0.549550
95.4010,-16793,-43.963970,-0.549550
95.4110,-16793,-43.963970,-0.549550
95.4210,-16794,-43.966590,-0.549582
95.4310,-16794,-43.966590,-0.549582
95.4410,-16794,-43.966590,-0.549582
95.4520,-16794,-43.966590,-0.549582
95.4610,-16794,-43.966590,-0.549582
95.4710,-16794,-43.966590,-0.549582
95.4810,-16794,-43.966590,-0.549582
95.4910,-16794,-43.966590,-0.549582
95.5010,-16794,-43.966590,-0.549582
95.5110,-16794,-43.966590,-0.549582
95.5210,-16794,-43.966590,-0.549582
95.5310,-16795,-43.969207,-0.549615
95.5410,-16795,-43.969207,-0.549615
95.5510,-16795,-43.969207,-0.549615
95.5610,-16795,-43.969207,-0.549615
95.5710,-16795,-43.969207,-0.549615
95.5810,-16795,-43.969207,-0.549615
95.5910,-16795,-43.969207,-0.549615
95.6010,-16795,-43.969207,-0.549615
95.6110,-16796,-43.971828,-0.549648
95.6210,-16796,-43.971828,-0.549648
95.6310,-16796,-43.971828,-0.549648
95.6410,-16796,-43.971828,-0.549648
95.6510,-16796,-43.971828,-0.549648
95.6610,-16796,-43.971828,-0.549648
95.6710,-16796,-43.971828,-0.549648
95.6810,-16796,-43.971828,-0.549648
95.6910,-16796,-43.971828,-0.549648
95.7010,-16797,-43.974445,-0.549681
95.7110,-16797,-43.974445,-0.549681
95.7210,-16797,-43.974445,-0.549681
95.7310,-16797,-43.974445,-0.549681
95.7410,-16797,-43.974445,-0.549681
95.7510,-16797,-43.974445,-0.549681
95.7610,-16797,-43.974445,-0.549681
95.7710,-16798,-43.977062,-0.549713
95.7810,-16798,-43.977062,-0.549713
95.7910,-16798,-43.977062,-0.549713
95.8010,-16798,-43.977062,-0.549713
95.8110,-16798,-43.977062,-0.549713
95.8210,-16798,-43.977062,-0.549713
95.8310,-16798,-43.977062,-0.549713
95.8410,-16798,-43.977062,-0.549713
95.8510,-16798,-43.977062,-0.549713
95.8610,-16798,-43.977062,-0.549713
95.8710,-16798,-43.977062,-0.549713
95.8810,-16798,-43.977062,-0.549713
95.8910,-16799,-43.979679,-0.549746
95.9010,-16799,-43.979679,-0.549746
95.9110,-16799,-43.979679,-0.549746
95.9210,-16799,-43.979679,-0.549746
95.9310,-16799,-43.979679,-0.549746
95.9410,-16799,-43.979679,-0.549746
95.9510,-16799,-43.979679,-0.549746
95.9610,-16799,-43.979679,-0.549746
95.9710,-16799,-43.979679,-0.549746
95.9810,-16800,-43.982299,-0.549779
95.9910,-16800,-43.982299,-0.549779
96.0010,-16800,-43.982299,-0.549779
96.0110,-16800,-43.982299,-0.549779
96.0210,-16800,-43.982299,-0.549779
96.0310,-16800,-43.982299,-0.549779
96.0410,-16800,-43.982299,-0.549779
96.0510,-16800,-43.982299,-0.549779
96.0610,-16800,-43.982299,-0.549779
96.0710,-16800,-43.982299,-0.549779
96.0810,-16800,-43.982299,-0.549779
96.0920,-16800,-43.982299,-0.549779
96.1010,-16801,-43.984916,-0.549811
96.1110,-16801,-43.984916,-0.549811
96.1210,-16801,-43.984916,-0.549811
96.1310,-16801,-43.984916,-0.549811
96.1410,-16801,-43.984916,-0.549811
96.1510,-16801,-43.984916,-0.549811
96.1610,-16801,-43.984916,-0.549811
96.1710,-16801,-43.984916,-0.549811
96.1810,-16801,-43.984916,-0.549811
96.1910,-16801,-43.984916,-0.549811
96.2010,-16801,-43.984916,-0.549811
96.2110,-16801,-43.984916,-0.549811
96.2210,-16801,-43.984916,-0.549811
96.2310,-16802,-43.987537,-0.549844
96.2410,-16802,-43.987537,-0.549844
96.2510,-16802,-43.987537,-0.549844
96.2610,-16802,-43.987537,-0.549844
96.2710,-16802,-43.987537,-0.549844
96.2810,-16802,-43.987537,-0.549844
96.2910,-16802,-43.987537,-0.549844
96.3010,-16802,-43.987537,-0.549844
96.3110,-16802,-43.987537,-0.549844
96.3210,-16802,-43.987537,-0.549844
96.3310,-16802,-43.987537,-0.549844
96.3410,-16802,-43.987537,-0.549844
96.3510,-16802,-43.987537,-0.549844
96.3610,-16802,-43.987537,-0.549844
96.3710,-16802,-43.987537,-0.549844
96.3810,-16802,-43.987537,-0.549844
96.3910,-16803,-43.990150,-0.549877
96.4010,-16803,-43.990150,-0.549877
96.4110,-16803,-43.990150,-0.549877
96.4210,-16803,-43.990150,-0.549877
96.4310,-16803,-43.990150,-0.549877
96.4410,-16803,-43.990150,-0.549877
96.4510,-16803,-43.990150,-0.549877
96.4610,-16803,-43.990150,-0.549877
96.4710,-16803,-43.990150,-0.549877
96.4810,-16803,-43.990150,-0.549877
96.4910,-16803,-43.990150,-0.549877
96.5010,-16803,-43.990150,-0.549877
96.5110,-16804,-43.992771,-0.549910
96.5210,-16804,-43.992771,-0.549910
96.5310,-16804,-43.992771,-0.549910
96.5410,-16804,-43.992771,-0.549910
96.5510,-16804,-43.992771,-0.549910
96.5610,-16804,-43.992771,-0.549910
96.5710,-16804,-43.992771,-0.549910
96.5810,-16804,-43.992771,-0.549910
96.5910,-16804,-43.992771,-0.549910
96.6010,-16804,-43.992771,-0.549910
96.6110,-16804,-43.992771,-0.549910
96.6210,-16804,-43.992771,-0.549910
96.6310,-16804,-43.992771,-0.549910
96.6410,-16804,-43.992771,-0.549910
96.6510,-16804,-43.992771,-0.549910
96.6610,-16804,-43.992771,-0.549910
96.6710,-16804,-43.992771,-0.549910
96.6810,-16804,-43.992771,-0.549910
96.6910,-16804,-43.992771,-0.549910
96.7010,-16804,-43.992771,-0.549910
96.7110,-16805,-43.995388,-0.549942
96.7210,-16805,-43.995388,-0.549942
96.7320,-16805,-43.995388,-0.549942
96.7410,-16805,-43.995388,-0.549942
96.7510,-16805,-43.995388,-0.549942
96.7610,-16805,-43.995388,-0.549942
96.7710,-16805,-43.995388,-0.549942
96.7810,-16805,-43.995388,-0.549942
96.7910,-16805,-43.995388,-0.549942
96.8010,-16805,-43.995388,-0.549942
96.8110,-16805,-43.995388,-0.549942
96.8210,-16805,-43.995388,-0.549942
96.8310,-16806,-43.998004,-0.549975
96.8410,-16806,-43.998004,-0.549975
96.8510,-16806,-43.998004,-0.549975
96.8610,-16806,-43.998004,-0.549975
96.8710,-16806,-43.998004,-0.549975
96.8810,-16806,-43.998004,-0.549975
96.8910,-16806,-43.998004,-0.549975
96.9010,-16806,-43.998004,-0.549975
96.9110,-16806,-43.998004,-0.549975
96.9210,-16806,-43.998004,-0.549975
96.9310,-16806,-43.998004,-0.549975
96.9410,-16806,-43.998004,-0.549975
96.9510,-16806,-43.998004,-0.549975
96.9610,-16806,-43.998004,-0.549975
96.9710,-16806,-43.998004,-0.549975
96.9810,-16806,-43.998004,-0.549975
96.9910,-16806,-43.998004,-0.549975
97.0010,-16806,-43.998004,-0.549975
97.0110,-16806,-43.998004,-0.549975
97.0210,-16806,-43.998004,-0.549975
97.0310,-16806,-43.998004,-0.549975
97.0410,-16807,-44.000625,-0.550008
97.0510,-16807,-44.000625,-0.550008
97.0610,-16807,-44.000625,-0.550008
97.0710,-16807,-44.000625,-0.550008
97.0810,-16807,-44.000625,-0.550008
97.0910,-16807,-44.000625,-0.550008
97.1010,-16807,-44.000625,-0.550008
97.1110,-16807,-44.000625,-0.550008
97.1210,-16807,-44.000625,-0.550008
97.1310,-16807,-44.000625,-0.550008
97.1410,-16807,-44.000625,-0.550008
97.1510,-16808,-44.003242,-0.550041
97.1610,-16808,-44.003242,-0.550041
97.1710,-16808,-44.003242,-0.550041
97.1810,-16808,-44.003242,-0.550041
97.1910,-16808,-44.003242,-0.550041
97.2010,-16808,-44.003242,-0.550041
97.2110,-16808,-44.003242,-0.550041
97.2210,-16808,-44.003242,-0.550041
97.2310,-16808,-44.003242,-0.550041
97.2410,-16808,-44.003242,-0.550041
97.2510,-16808,-44.003242,-0.550041
97.2610,-16808,-44.003242,-0.550041
97.2710,-16808,-44.003242,-0.550041
97.2810,-16808,-44.003242,-0.550041
97.2910,-16808,-44.003242,-0.550041
97.3010,-16808,-44.003242,-0.550041
97.3110,-16808,-44.003242,-0.550041
97.3210,-16808,-44.003242,-0.550041
97.3310,-16808,-44.003242,-0.550041
97.3410,-16808,-44.003242,-0.550041
97.3510,-16808,-44.003242,-0.550041
97.3610,-16809,-44.005859,-0.550073
97.3720,-16809,-44.005859,-0.550073
97.3810,-16809,-44.005859,-0.550073
97.3910,-16809,-44.005859,-0.550073
97.4010,-16809,-44.005859,-0.550073
97.4110,-16809,-44.005859,-0.550073
97.4210,-16809,-44.005859,-0.550073
97.4310,-16809,-44.005859,-0.550073
97.4410,-16809,-44.005859,-0.550073
97.4510,-16809,-44.005859,-0.550073
97.4610,-16809,-44.005859,-0.550073
97.4710,-16809,-44.005859,-0.550073
97.4810,-16809,-44.005859,-0.550073
97.4910,-16809,-44.005859,-0.550073
97.5010,-16810,-44.008476,-0.550106
97.5110,-16810,-44.008476,-0.550106
97.5210,-16810,-44.008476,-0.550106
97.5310,-16810,-44.008476,-0.550106
97.5410,-16810,-44.008476,-0.550106
97.5510,-16810,-44.008476,-0.550106
97.5610,-16810,-44.008476,-0.550106
97.5710,-16810,-44.008476,-0.550106
97.5810,-16810,-44.008476,-0.550106
97.5910,-16810,-44.008476,-0.550106
97.6010,-16810,-44.008476,-0.550106
97.6110,-16810,-44.008476,-0.550106
97.6210,-16810,-44.008476,-0.550106
97.6310,-16810,-44.008476,-0.550106
97.6410,-16810,-44.008476,-0.550106
97.6510,-16810,-44.008476,-0.550106
97.6610,-16810,-44.008476,-0.550106
97.6710,-16810,-44.008476,-0.550106
97.6810,-16810,-44.008476,-0.550106
97.6910,-16811,-44.011096,-0.550139
97.7010,-16811,-44.011096,-0.550139
97.7110,-16811,-44.011096,-0.550139
97.7210,-16811,-44.011096,-0.550139
97.7310,-16811,-44.011096,-0.550139
97.7410,-16811,-44.011096,-0.550139
97.7510,-16811,-44.011096,-0.550139
97.7610,-16811,-44.011096,-0.550139
97.7710,-16811,-44.011096,-0.550139
97.7810,-16811,-44.011096,-0.550139
97.7910,-16811,-44.011096,-0.550139
97.8010,-16811,-44.011096,-0.550139
97.8110,-16811,-44.011096,-0.550139
97.8210,-16811,-44.011096,-0.550139
97.8310,-16811,-44.011096,-0.550139
97.8410,-16811,-44.011096,-0.550139
97.8510,-16812,-44.013713,-0.550171
97.8610,-16812,-44.013713,-0.550171
97.8710,-16812,-44.013713,-0.550171
97.8810,-16812,-44.013713,-0.550171
97.8910,-16812,-44.013713,-0.550171
97.9010,-16812,-44.013713,-0.550171
97.9110,-16812,-44.013713,-0.550171
97.9210,-16812,-44.013713,-0.550171
97.9310,-16812,-44.013713,-0.550171
97.9410,-16812,-44.013713,-0.550171
97.9510,-16812,-44.013713,-0.550171
97.9610,-16812,-44.013713,-0.550171
97.9710,-16812,-44.013713,-0.550171
97.9810,-16812,-44.013713,-0.550171
97.9910,-16812,-44.013713,-0.550171
98.0010,-16812,-44.013713,-0.550171
98.0120,-16813,-44.016334,-0.550204
98.0210,-16813,-44.016334,-0.550204
98.0310,-16813,-44.016334,-0.550204
98.0410,-16813,-44.016334,-0.550204
98.0510,-16813,-44.016334,-0.550204
98.0610,-16813,-44.016334,-0.550204
98.0710,-16813,-44.016334,-0.550204
98.0810,-16813,-44.016334,-0.550204
98.0910,-16813,-44.016334,-0.550204
98.1010,-16813,-44.016334,-0.550204
98.1110,-16813,-44.016334,-0.550204
98.1210,-16813,-44.016334,-0.550204
98.1310,-16813,-44.016334,-0.550204
98.1410,-16813,-44.016334,-0.550204
98.1510,-16813,-44.016334,-0.550204
98.1610,-16814,-44.018947,-0.550237
98.1710,-16814,-44.018947,-0.550237
98.1810,-16814,-44.018947,-0.550237
98.1910,-16814,-44.018947,-0.550237
98.2010,-16814,-44.018947,-0.550237
98.2110,-16814,-44.018947,-0.550237
98.2210,-16814,-44.018947,-0.550237
98.2310,-16814,-44.018947,-0.550237
98.2410,-16814,-44.018947,-0.550237
98.2510,-16814,-44.018947,-0.550237
98.2610,-16814,-44.018947,-0.550237
98.2710,-16814,-44.018947,-0.550237
98.2810,-16814,-44.018947,-0.550237
98.2910,-16814,-44.018947,-0.550237
98.3010,-16814,-44.018947,-0.550237
98.3110,-16814,-44.018947,-0.550237
98.3210,-16815,-44.021568,-0.550270
98.3310,-16815,-44.021568,-0.550270
98.3410,-16816,-44.024185,-0.550302
98.3510,-16816,-44.024185,-0.550302
98.3610,-16816,-44.024185,-0.550302
98.3710,-16816,-44.024185,-0.550302
98.3810,-16816,-44.024185,-0.550302
98.3910,-16817,-44.026805,-0.550335
98.4010,-16817,-44.026805,-0.550335
98.4110,-16817,-44.026805,-0.550335
98.4210,-16817,-44.026805,-0.550335
98.4310,-16817,-44.026805,-0.550335
98.4410,-16818,-44.029422,-0.550368
98.4510,-16819,-44.032039,-0.550400
98.4610,-16821,-44.037277,-0.550466
98.4710,-16823,-44.042514,-0.550531
98.4810,-16825,-44.047748,-0.550597
98.4910,-16828,-44.055603,-0.550695
98.5010,-16833,-44.068691,-0.550859
98.5110,-16842,-44.092254,-0.551153
98.5210,-16852,-44.118434,-0.551480
98.5310,-16861,-44.141998,-0.551775
98.5410,-16872,-44.170795,-0.552135
98.5510,-16885,-44.204826,-0.552560
98.5610,-16900,-44.244098,-0.553051
98.5710,-16914,-44.280750,-0.553509
98.5810,-16932,-44.327873,-0.554098
98.5910,-16952,-44.380233,-0.554753
98.6010,-16972,-44.432594,-0.555407
98.6110,-16992,-44.484951,-0.556062
98.6210,-17016,-44.547786,-0.556847
98.6310,-17032,-44.589672,-0.557371
98.6410,-17047,-44.628944,-0.557862
98.6520,-17059,-44.660358,-0.558254
98.6610,-17068,-44.683921,-0.558549
98.6710,-17074,-44.699630,-0.558745
98.6810,-17079,-44.712718,-0.558909
98.6910,-17080,-44.715335,-0.558942
98.7010,-17080,-44.715335,-0.558942
98.7110,-17078,-44.710102,-0.558876
98.7210,-17075,-44.702247,-0.558778
98.7310,-17072,-44.694393,-0.558680
98.7410,-17069,-44.686538,-0.558582
98.7510,-17067,-44.681301,-0.558516
98.7610,-17067,-44.681301,-0.558516
98.7710,-17068,-44.683921,-0.558549
98.7810,-17070,-44.689159,-0.558614
98.7910,-17074,-44.699630,-0.558745
98.8010,-17080,-44.715335,-0.558942
98.8110,-17087,-44.733661,-0.559171
98.8210,-17096,-44.757225,-0.559465
98.8310,-17106,-44.783405,-0.559793
98.8410,-17115,-44.806964,-0.560087
98.8510,-17122,-44.825294,-0.560316
98.8610,-17129,-44.843620,-0.560545
98.8710,-17136,-44.861942,-0.560774
98.8810,-17144,-44.882888,-0.561036
98.8910,-17152,-44.903831,-0.561298
98.9010,-17160,-44.924777,-0.561560
98.9110,-17170,-44.950954,-0.561887
98.9210,-17187,-44.995464,-0.562443
98.9310,-17207,-45.047821,-0.563098
98.9410,-17233,-45.115890,-0.563949
98.9510,-17255,-45.173484,-0.564669
98.9610,-17284,-45.249408,-0.565618
98.9710,-17315,-45.330566,-0.566632
98.9810,-17350,-45.422195,-0.567777
98.9910,-17385,-45.513824,-0.568923
99.0010,-17415,-45.592365,-0.569905
99.0110,-17424,-45.615928,-0.570199
99.0210,-17435,-45.644721,-0.570559
99.0310,-17450,-45.683994,-0.571050
99.0410,-17462,-45.715408,-0.571443
99.0510,-17477,-45.754680,-0.571933
99.0610,-17494,-45.799186,-0.572490
99.0710,-17509,-45.838459,-0.572981
99.0810,-17513,-45.848926,-0.573112
99.0910,-17520,-45.867256,-0.573341
99.1010,-17534,-45.903907,-0.573799
99.1110,-17557,-45.964118,-0.574552
99.1210,-17567,-45.990299,-0.574879
99.1310,-17587,-46.042659,-0.575533
99.1410,-17612,-46.108108,-0.576351
99.1510,-17627,-46.147380,-0.576842
99.1610,-17650,-46.207592,-0.577595
99.1710,-17670,-46.259952,-0.578249
99.1810,-17685,-46.299224,-0.578740
99.1910,-17693,-46.320167,-0.579002
99.2010,-17701,-46.341110,-0.579264
99.2110,-17703,-46.346343,-0.579329
99.2210,-17706,-46.354202,-0.579428
99.2310,-17707,-46.356819,-0.579460
99.2410,-17709,-46.362052,-0.579526
99.2510,-17709,-46.362052,-0.579526
99.2610,-17710,-46.364673,-0.579558
99.2710,-17711,-46.367290,-0.579591
99.2810,-17711,-46.367290,-0.579591
99.2920,-17711,-46.367290,-0.579591
99.3010,-17712,-46.369911,-0.579624
99.3110,-17713,-46.372528,-0.579657
99.3210,-17713,-46.372528,-0.579657
99.3310,-17714,-46.375144,-0.579689
99.3410,-17714,-46.375144,-0.579689
99.3510,-17715,-46.377761,-0.579722
99.3610,-17715,-46.377761,-0.579722
99.3710,-17715,-46.377761,-0.579722
99.3810,-17715,-46.377761,-0.579722
99.3910,-17715,-46.377761,-0.579722
99.4010,-17715,-46.377761,-0.579722
99.4110,-17716,-46.380382,-0.579755
99.4210,-17716,-46.380382,-0.579755
99.4310,-17716,-46.380382,-0.579755
99.4410,-17716,-46.380382,-0.579755
99.4510,-17716,-46.380382,-0.579755
99.4610,-17717,-46.382999,-0.579787
99.4710,-17717,-46.382999,-0.579787
99.4810,-17717,-46.382999,-0.579787
99.4910,-17717,-46.382999,-0.579787
99.5010,-17717,-46.382999,-0.579787
99.5110,-17717,-46.382999,-0.579787
99.5210,-17718,-46.385616,-0.579820
99.5310,-17718,-46.385616,-0.579820
99.5410,-17718,-46.385616,-0.579820
99.5510,-17718,-46.385616,-0.579820
99.5610,-17718,-46.385616,-0.579820
99.5710,-17718,-46.385616,-0.579820
99.5810,-17718,-46.385616,-0.579820
99.5910,-17718,-46.385616,-0.579820
99.6010,-17718,-46.385616,-0.579820
99.6110,-17718,-46.385616,-0.579820
99.6210,-17718,-46.385616,-0.579820
99.6310,-17719,-46.388233,-0.579853
99.6410,-17719,-46.388233,-0.579853
99.6510,-17719,-46.388233,-0.579853
99.6610,-17719,-46.388233,-0.579853
99.6710,-17719,-46.388233,-0.579853
99.6810,-17719,-46.388233,-0.579853
99.6910,-17719,-46.388233,-0.579853
99.7010,-17719,-46.388233,-0.579853
99.7110,-17719,-46.388233,-0.579853
99.7210,-17719,-46.388233,-0.579853
99.7310,-17720,-46.390853,-0.579886
99.7410,-17720,-46.390853,-0.579886
99.7510,-17720,-46.390853,-0.579886
99.7610,-17720,-46.390853,-0.579886
99.7710,-17720,-46.390853,-0.579886
99.7810,-17720,-46.390853,-0.579886
99.7910,-17720,-46.390853,-0.579886
99.8010,-17720,-46.390853,-0.579886
99.8110,-17720,-46.390853,-0.579886
99.8210,-17720,-46.390853,-0.579886
99.8310,-17720,-46.390853,-0.579886
99.8410,-17721,-46.393470,-0.579918
99.8510,-17721,-46.393470,-0.579918
99.8610,-17721,-46.393470,-0.579918
99.8710,-17721,-46.393470,-0.579918
99.8810,-17721,-46.393470,-0.579918
99.8910,-17721,-46.393470,-0.579918
99.9010,-17721,-46.393470,-0.579918
99.9110,-17721,-46.393470,-0.579918
99.9210,-17721,-46.393470,-0.579918
99.9320,-17721,-46.393470,-0.579918
99.9410,-17721,-46.393470,-0.579918
99.9510,-17721,-46.393470,-0.579918
99.9610,-17722,-46.396087,-0.579951
99.9710,-17722,-46.396087,-0.579951
99.9810,-17722,-46.396087,-0.579951
99.9910,-17722,-46.396087,-0.579951
100.0010,-17722,-46.396087,-0.579951
100.0110,-17722,-46.396087,-0.579951
100.0210,-17722,-46.396087,-0.579951
100.0310,-17722,-46.396087,-0.579951
100.0410,-17722,-46.396087,-0.579951
100.0510,-17722,-46.396087,-0.579951
100.0610,-17722,-46.396087,-0.579951
100.0710,-17722,-46.396087,-0.579951
100.0810,-17722,-46.396087,-0.579951
100.0910,-17722,-46.396087,-0.579951
100.1010,-17722,-46.396087,-0.579951
100.1110,-17722,-46.396087,-0.579951
100.1210,-17722,-46.396087,-0.579951
100.1310,-17722,-46.396087,-0.579951
100.1410,-17722,-46.396087,-0.579951
100.1510,-17722,-46.396087,-0.579951
100.1610,-17722,-46.396087,-0.579951
100.1710,-17723,-46.398708,-0.579984
100.1810,-17723,-46.398708,-0.579984
100.1910,-17723,-46.398708,-0.579984
100.2010,-17723,-46.398708,-0.579984
100.2110,-17723,-46.398708,-0.579984
100.2210,-17723,-46.398708,-0.579984
100.2310,-17723,-46.398708,-0.579984
100.2410,-17723,-46.398708,-0.579984
100.2510,-17723,-46.398708,-0.579984
100.2610,-17723,-46.398708,-0.579984
100.2710,-17724,-46.401325,-0.580017
100.2810,-17724,-46.401325,-0.580017
100.2910,-17724,-46.401325,-0.580017
100.3010,-17724,-46.401325,-0.580017
100.3110,-17724,-46.401325,-0.580017
100.3210,-17725,-46.403942,-0.580049
100.3310,-17725,-46.403942,-0.580049
100.3410,-17725,-46.403942,-0.580049
100.3510,-17725,-46.403942,-0.580049
100.3610,-17725,-46.403942,-0.580049
100.3710,-17726,-46.406558,-0.580082
100.3810,-17727,-46.409179,-0.580115
100.3910,-17728,-46.411796,-0.580147
100.4010,-17729,-46.414417,-0.580180
100.4110,-17729,-46.414417,-0.580180
100.4210,-17729,-46.414417,-0.580180
100.4310,-17729,-46.414417,-0.580180
100.4410,-17729,-46.414417,-0.580180
100.4510,-17729,-46.414417,-0.580180
100.4610,-17729,-46.414417,-0.580180
100.4710,-17729,-46.414417,-0.580180
100.4810,-17730,-46.417030,-0.580213
100.4910,-17731,-46.419651,-0.580246
100.5010,-17732,-46.422267,-0.580278
100.5110,-17732,-46.422267,-0.580278
100.5210,-17733,-46.424888,-0.580311
100.5310,-17733,-46.424888,-0.580311
100.5410,-17734,-46.427505,-0.580344
100.5510,-17734,-46.427505,-0.580344
100.5610,-17734,-46.427505,-0.580344
100.5720,-17734,-46.427505,-0.580344
100.5810,-17734,-46.427505,-0.580344
100.5910,-17735,-46.430122,-0.580377
100.6010,-17736,-46.432739,-0.580409
100.6110,-17736,-46.432739,-0.580409
100.6210,-17736,-46.432739,-0.580409
100.6310,-17736,-46.432739,-0.580409
100.6410,-17737,-46.435359,-0.580442
100.6510,-17737,-46.435359,-0.580442
100.6610,-17737,-46.435359,-0.580442
100.6710,-17737,-46.435359,-0.580442
100.6810,-17737,-46.435359,-0.580442
100.6910,-17737,-46.435359,-0.580442
100.7010,-17738,-46.437976,-0.580475
100.7110,-17738,-46.437976,-0.580475
100.7210,-17738,-46.437976,-0.580475
100.7310,-17738,-46.437976,-0.580475
100.7410,-17738,-46.437976,-0.580475
100.7510,-17738,-46.437976,-0.580475
100.7610,-17738,-46.437976,-0.580475
100.7710,-17739,-46.440593,-0.580507
100.7810,-17739,-46.440593,-0.580507
100.7910,-17739,-46.440593,-0.580507
100.8010,-17739,-46.440593,-0.580507
100.8110,-17740,-46.443214,-0.580540
100.8210,-17740,-46.443214,-0.580540
100.8310,-17740,-46.443214,-0.580540
100.8410,-17740,-46.443214,-0.580540
100.8510,-17740,-46.443214,-0.580540
100.8610,-17740,-46.443214,-0.580540
100.8710,-17740,-46.443214,-0.580540
100.8810,-17740,-46.443214,-0.580540
100.8910,-17740,-46.443214,-0.580540
100.9010,-17740,-46.443214,-0.580540
100.9110,-17741,-46.445831,-0.580573
100.9210,-17742,-46.448448,-0.580606
100.9310,-17742,-46.448448,-0.580606
100.9410,-17742,-46.448448,-0.580606
100.9510,-17742,-46.448448,-0.580606
100.9610,-17742,-46.448448,-0.580606
100.9710,-17743,-46.451065,-0.580638
100.9810,-17743,-46.451065,-0.580638
100.9910,-17743,-46.451065,-0.580638
101.0010,-17743,-46.451065,-0.580638
101.0110,-17743,-46.451065,-0.580638
101.0210,-17743,-46.451065,-0.580638
101.0310,-17744,-46.453685,-0.580671
101.0410,-17744,-46.453685,-0.580671
101.0510,-17745,-46.456302,-0.580704
101.0610,-17745,-46.456302,-0.580704
101.0710,-17745,-46.456302,-0.580704
101.0810,-17745,-46.456302,-0.580704
101.0910,-17746,-46.458919,-0.580737
101.1010,-17746,-46.458919,-0.580737
101.1110,-17746,-46.458919,-0.580737
101.1210,-17746,-46.458919,-0.580737
101.1310,-17747,-46.461536,-0.580769
101.1410,-17747,-46.461536,-0.580769
101.1510,-17748,-46.464157,-0.580802
101.1610,-17748,-46.464157,-0.580802
101.1710,-17748,-46.464157,-0.580802
101.1810,-17748,-46.464157,-0.580802
101.1910,-17748,-46.464157,-0.580802
101.2010,-17748,-46.464157,-0.580802
101.2120,-17748,-46.464157,-0.580802
101.2210,-17748,-46.464157,-0.580802
101.2310,-17748,-46.464157,-0.580802
101.2410,-17749,-46.466773,-0.580835
101.2510,-17750,-46.469394,-0.580867
101.2610,-17750,-46.469394,-0.580867
101.2710,-17750,-46.469394,-0.580867
101.2810,-17750,-46.469394,-0.580867
101.2910,-17750,-46.469394,-0.580867
101.3010,-17750,-46.469394,-0.580867
101.3110,-17750,-46.469394,-0.580867
101.3210,-17750,-46.469394,-0.580867
101.3310,-17751,-46.472007,-0.580900
101.3410,-17751,-46.472007,-0.580900
101.3510,-17752,-46.474628,-0.580933
101.3610,-17752,-46.474628,-0.580933
101.3710,-17753,-46.477245,-0.580966
101.3810,-17753,-46.477245,-0.580966
101.3910,-17753,-46.477245,-0.580966
101.4010,-17753,-46.477245,-0.580966
101.4110,-17753,-46.477245,-0.580966
101.4210,-17753,-46.477245,-0.580966
101.4310,-17753,-46.477245,-0.580966
101.4410,-17753,-46.477245,-0.580966
101.4510,-17754,-46.479866,-0.580998
101.4610,-17755,-46.482482,-0.581031
101.4710,-17755,-46.482482,-0.581031
101.4810,-17754,-46.479866,-0.580998
101.4910,-17754,-46.479866,-0.580998
101.5010,-17754,-46.479866,-0.580998
101.5110,-17754,-46.479866,-0.580998
101.5210,-17754,-46.479866,-0.580998
101.5310,-17755,-46.482482,-0.581031
101.5410,-17755,-46.482482,-0.581031
101.5510,-17755,-46.482482,-0.581031
101.5610,-17756,-46.485103,-0.581064
101.5710,-17757,-46.487716,-0.581096
101.5810,-17757,-46.487716,-0.581096
101.5910,-17757,-46.487716,-0.581096
101.6010,-17757,-46.487716,-0.581096
101.6110,-17757,-46.487716,-0.581096
101.6210,-17757,-46.487716,-0.581096
101.6310,-17757,-46.487716,-0.581096
101.6410,-17757,-46.487716,-0.581096
101.6510,-17757,-46.487716,-0.581096
101.6610,-17758,-46.490337,-0.581129
101.6710,-17758,-46.490337,-0.581129
101.6810,-17759,-46.492954,-0.581162
101.6910,-17759,-46.492954,-0.581162
101.7010,-17759,-46.492954,-0.581162
101.7110,-17759,-46.492954,-0.581162
101.7210,-17759,-46.492954,-0.581162
101.7310,-17759,-46.492954,-0.581162
101.7410,-17759,-46.492954,-0.581162
101.7510,-17759,-46.492954,-0.581162
101.7610,-17759,-46.492954,-0.581162
101.7710,-17759,-46.492954,-0.581162
101.7810,-17760,-46.495574,-0.581195
101.7910,-17760,-46.495574,-0.581195
101.8010,-17760,-46.495574,-0.581195
101.8110,-17760,-46.495574,-0.581195
101.8210,-17760,-46.495574,-0.581195
101.8310,-17760,-46.495574,-0.581195
101.8410,-17760,-46.495574,-0.581195
101.8520,-17760,-46.495574,-0.581195
101.8610,-17760,-46.495574,-0.581195
101.8710,-17760,-46.495574,-0.581195
101.8810,-17761,-46.498191,-0.581227
101.8910,-17761,-46.498191,-0.581227
101.9010,-17761,-46.498191,-0.581227
101.9110,-17761,-46.498191,-0.581227
101.9210,-17761,-46.498191,-0.581227
101.9310,-17762,-46.500808,-0.581260
101.9410,-17762,-46.500808,-0.581260
101.9510,-17762,-46.500808,-0.581260
101.9610,-17762,-46.500808,-0.581260
101.9710,-17762,-46.500808,-0.581260
101.9810,-17762,-46.500808,-0.581260
101.9910,-17762,-46.500808,-0.581260
102.0010,-17762,-46.500808,-0.581260
102.0110,-17762,-46.500808,-0.581260
102.0210,-17762,-46.500808,-0.581260
102.0310,-17762,-46.500808,-0.581260
102.0410,-17763,-46.503425,-0.581293
102.0510,-17763,-46.503425,-0.581293
102.0610,-17763,-46.503425,-0.581293
102.0710,-17763,-46.503425,-0.581293
102.0810,-17763,-46.503425,-0.581293
102.0910,-17763,-46.503425,-0.581293
102.1010,-17763,-46.503425,-0.581293
102.1110,-17763,-46.503425,-0.581293
102.1210,-17763,-46.503425,-0.581293
102.1310,-17763,-46.503425,-0.581293
102.1410,-17764,-46.506042,-0.581326
102.1510,-17764,-46.506042,-0.581326
102.1610,-17764,-46.506042,-0.581326
102.1710,-17764,-46.506042,-0.581326
102.1810,-17764,-46.506042,-0.581326
102.1910,-17764,-46.506042,-0.581326
102.2010,-17764,-46.506042,-0.581326
102.2110,-17764,-46.506042,-0.581326
102.2210,-17764,-46.506042,-0.581326
102.2310,-17764,-46.506042,-0.581326
102.2410,-17764,-46.506042,-0.581326
102.2510,-17765,-46.508663,-0.581358
102.2610,-17765,-46.508663,-0.581358
102.2710,-17765,-46.508663,-0.581358
102.2810,-17765,-46.508663,-0.581358
102.2910,-17765,-46.508663,-0.581358
102.3010,-17765,-46.508663,-0.581358
102.3110,-17765,-46.508663,-0.581358
102.3210,-17765,-46.508663,-0.581358
102.3310,-17765,-46.508663,-0.581358
102.3410,-17765,-46.508663,-0.581358
102.3510,-17765,-46.508663,-0.581358
102.3610,-17766,-46.511280,-0.581391
102.3710,-17766,-46.511280,-0.581391
102.3810,-17766,-46.511280,-0.581391
102.3910,-17766,-46.511280,-0.581391
102.4010,-17766,-46.511280,-0.581391
102.4110,-17766,-46.511280,-0.581391
102.4210,-17766,-46.511280,-0.581391
102.4310,-17766,-46.511280,-0.581391
102.4410,-17766,-46.511280,-0.581391
102.4510,-17766,-46.511280,-0.581391
102.4610,-17766,-46.511280,-0.581391
102.4710,-17766,-46.511280,-0.581391
102.4810,-17766,-46.511280,-0.581391
102.4920,-17766,-46.511280,-0.581391
102.5010,-17766,-46.511280,-0.581391
102.5110,-17766,-46.511280,-0.581391
102.5210,-17766,-46.511280,-0.581391
102.5310,-17767,-46.513896,-0.581424
102.5410,-17767,-46.513896,-0.581424
102.5510,-17767,-46.513896,-0.581424
102.5610,-17767,-46.513896,-0.581424
102.5710,-17767,-46.513896,-0.581424
102.5810,-17767,-46.513896,-0.581424
102.5910,-17767,-46.513896,-0.581424
102.6010,-17767,-46.513896,-0.581424
102.6110,-17767,-46.513896,-0.581424
102.6210,-17767,-46.513896,-0.581424
102.6310,-17767,-46.513896,-0.581424
102.6410,-17767,-46.513896,-0.581424
102.6510,-17767,-46.513896,-0.581424
102.6610,-17767,-46.513896,-0.581424
102.6710,-17767,-46.513896,-0.581424
102.6810,-17767,-46.513896,-0.581424
102.6910,-17767,-46.513896,-0.581424
102.7010,-17767,-46.513896,-0.581424
102.7110,-17767,-46.513896,-0.581424
102.7210,-17767,-46.513896,-0.581424
102.7310,-17768,-46.516513,-0.581456
102.7410,-17768,-46.516513,-0.581456
102.7510,-17768,-46.516513,-0.581456
102.7610,-17768,-46.516513,-0.581456
102.7710,-17768,-46.516513,-0.581456
102.7810,-17768,-46.516513,-0.581456
102.7910,-17768,-46.516513,-0.581456
102.8010,-17768,-46.516513,-0.581456
102.8110,-17768,-46.516513,-0.581456
102.8210,-17768,-46.516513,-0.581456
102.8310,-17768,-46.516513,-0.581456
102.8410,-17768,-46.516513,-0.581456
102.8510,-17769,-46.519134,-0.581489
102.8610,-17769,-46.519134,-0.581489
102.8710,-17769,-46.519134,-0.581489
102.8810,-17769,-46.519134,-0.581489
102.8910,-17769,-46.519134,-0.581489
102.9010,-17769,-46.519134,-0.581489
102.9110,-17769,-46.519134,-0.581489
102.9210,-17769,-46.519134,-0.581489
102.9310,-17769,-46.519134,-0.581489
102.9410,-17769,-46.519134,-0.581489
102.9510,-17769,-46.519134,-0.581489
102.9610,-17770,-46.521751,-0.581522
102.9710,-17770,-46.521751,-0.581522
102.9810,-17770,-46.521751,-0.581522
102.9910,-17770,-46.521751,-0.581522
103.0010,-17770,-46.521751,-0.581522
103.0110,-17770,-46.521751,-0.581522
103.0210,-17770,-46.521751,-0.581522
103.0310,-17770,-46.521751,-0.581522
103.0410,-17770,-46.521751,-0.581522
103.0510,-17770,-46.521751,-0.581522
103.0610,-17770,-46.521751,-0.581522
103.0710,-17770,-46.521751,-0.581522
103.0810,-17770,-46.521751,-0.581522
103.0910,-17770,-46.521751,-0.581522
103.1010,-17770,-46.521751,-0.581522
103.1110,-17770,-46.521751,-0.581522
103.1210,-17770,-46.521751,-0.581522
103.1320,-17770,-46.521751,-0.581522
103.1410,-17770,-46.521751,-0.581522
103.1510,-17770,-46.521751,-0.581522
103.1610,-17770,-46.521751,-0.581522
103.1710,-17770,-46.521751,-0.581522
103.1810,-17771,-46.524372,-0.581555
103.1910,-17771,-46.524372,-0.581555
103.2010,-17771,-46.524372,-0.581555
103.2110,-17771,-46.524372,-0.581555
103.2210,-17771,-46.524372,-0.581555
103.2310,-17771,-46.524372,-0.581555
103.2410,-17771,-46.524372,-0.581555
103.2510,-17771,-46.524372,-0.581555
103.2610,-17771,-46.524372,-0.581555
103.2710,-17771,-46.524372,-0.581555
103.2810,-17771,-46.524372,-0.581555
103.2910,-17771,-46.524372,-0.581555
103.3010,-17771,-46.524372,-0.581555
103.3110,-17771,-46.524372,-0.581555
103.3210,-17771,-46.524372,-0.581555
103.3310,-17772,-46.526988,-0.581587
103.3410,-17772,-46.526988,-0.581587
103.3510,-17772,-46.526988,-0.581587
103.3610,-17772,-46.526988,-0.581587
103.3710,-17772,-46.526988,-0.581587
103.3810,-17772,-46.526988,-0.581587
103.3910,-17772,-46.526988,-0.581587
103.4010,-17772,-46.526988,-0.581587
103.4110,-17772,-46.526988,-0.581587
103.4210,-17772,-46.526988,-0.581587
103.4310,-17772,-46.526988,-0.581587
103.4410,-17772,-46.526988,-0.581587
103.4510,-17772,-46.526988,-0.581587
103.4610,-17772,-46.526988,-0.581587
103.4710,-17772,-46.526988,-0.581587
103.4810,-17772,-46.526988,-0.581587
103.4910,-17772,-46.526988,-0.581587
103.5010,-17772,-46.526988,-0.581587
103.5110,-17772,-46.526988,-0.581587
103.5210,-17772,-46.526988,-0.581587
103.5310,-17772,-46.526988,-0.581587
103.5410,-17772,-46.526988,-0.581587
103.5510,-17773,-46.529605,-0.581620
103.5610,-17773,-46.529605,-0.581620
103.5710,-17773,-46.529605,-0.581620
103.5810,-17773,-46.529605,-0.581620
103.5910,-17773,-46.529605,-0.581620
103.6010,-17773,-46.529605,-0.581620
103.6110,-17773,-46.529605,-0.581620
103.6210,-17773,-46.529605,-0.581620
103.6310,-17773,-46.529605,-0.581620
103.6410,-17773,-46.529605,-0.581620
103.6510,-17773,-46.529605,-0.581620
103.6610,-17773,-46.529605,-0.581620
103.6710,-17773,-46.529605,-0.581620
103.6810,-17773,-46.529605,-0.581620
103.6910,-17773,-46.529605,-0.581620
103.7010,-17773,-46.529605,-0.581620
103.7110,-17773,-46.529605,-0.581620
103.7210,-17773,-46.529605,-0.581620
103.7310,-17773,-46.529605,-0.581620
103.7410,-17773,-46.529605,-0.581620
103.7510,-17773,-46.529605,-0.581620
103.7610,-17774,-46.532222,-0.581653
103.7720,-17774,-46.532222,-0.581653
103.7810,-17774,-46.532222,-0.581653
103.7910,-17774,-46.532222,-0.581653
103.8010,-17774,-46.532222,-0.581653
103.8110,-17774,-46.532222,-0.581653
103.8210,-17774,-46.532222,-0.581653
103.8310,-17774,-46.532222,-0.581653
103.8410,-17774,-46.532222,-0.581653
103.8510,-17774,-46.532222,-0.581653
103.8610,-17774,-46.532222,-0.581653
103.8710,-17774,-46.532222,-0.581653
103.8810,-17774,-46.532222,-0.581653
103.8910,-17774,-46.532222,-0.581653
103.9010,-17774,-46.532222,-0.581653
103.9110,-17774,-46.532222,-0.581653
103.9210,-17774,-46.532222,-0.581653
103.9310,-17774,-46.532222,-0.581653
103.9410,-17774,-46.532222,-0.581653
103.9510,-17774,-46.532222,-0.581653
103.9610,-17774,-46.532222,-0.581653
103.9710,-17774,-46.532222,-0.581653
103.9810,-17774,-46.532222,-0.581653
103.9910,-17774,-46.532222,-0.581653
104.0010,-17775,-46.534843,-0.581686
104.0110,-17775,-46.534843,-0.581686
104.0210,-17775,-46.534843,-0.581686
104.0310,-17775,-46.534843,-0.581686
104.0410,-17775,-46.534843,-0.581686
104.0510,-17775,-46.534843,-0.581686
104.0610,-17775,-46.534843,-0.581686
104.0710,-17775,-46.534843,-0.581686
104.0810,-17775,-46.534843,-0.581686
104.0910,-17775,-46.534843,-0.581686
104.1010,-17775,-46.534843,-0.581686
104.1110,-17775,-46.534843,-0.581686
104.1210,-17775,-46.534843,-0.581686
104.1310,-17775,-46.534843,-0.581686
104.1410,-17775,-46.534843,-0.581686
104.1510,-17776,-46.537460,-0.581718
104.1610,-17776,-46.537460,-0.581718
104.1710,-17776,-46.537460,-0.581718
104.1810,-17776,-46.537460,-0.581718
104.1910,-17776,-46.537460,-0.581718
104.2010,-17776,-46.537460,-0.581718
104.2110,-17776,-46.537460,-0.581718
104.2210,-17776,-46.537460,-0.581718
104.2310,-17776,-46.537460,-0.581718
104.2410,-17776,-46.537460,-0.581718
104.2510,-17776,-46.537460,-0.581718
104.2610,-17776,-46.537460,-0.581718
104.2710,-17776,-46.537460,-0.581718
104.2810,-17776,-46.537460,-0.581718
104.2910,-17776,-46.537460,-0.581718
104.3010,-17776,-46.537460,-0.581718
104.3110,-17776,-46.537460,-0.581718
104.3210,-17776,-46.537460,-0.581718
104.3310,-17776,-46.537460,-0.581718
104.3410,-17776,-46.537460,-0.581718
104.3510,-17776,-46.537460,-0.581718
104.3610,-17777,-46.540081,-0.581751
104.3710,-17777,-46.540081,-0.581751
104.3810,-17777,-46.540081,-0.581751
104.3910,-17777,-46.540081,-0.581751
104.4010,-17777,-46.540081,-0.581751
104.4120,-17777,-46.540081,-0.581751
104.4210,-17777,-46.540081,-0.581751
104.4310,-17777,-46.540081,-0.581751
104.4410,-17777,-46.540081,-0.581751
104.4510,-17777,-46.540081,-0.581751
104.4610,-17777,-46.540081,-0.581751
104.4710,-17777,-46.540081,-0.581751
104.4810,-17777,-46.540081,-0.581751
104.4910,-17777,-46.540081,-0.581751
104.5010,-17778,-46.542694,-0.581784
104.5110,-17778,-46.542694,-0.581784
104.5210,-17778,-46.542694,-0.581784
104.5310,-17778,-46.542694,-0.581784
104.5410,-17778,-46.542694,-0.581784
104.5510,-17778,-46.542694,-0.581784
104.5610,-17778,-46.542694,-0.581784
104.5710,-17778,-46.542694,-0.581784
104.5810,-17778,-46.542694,-0.581784
104.5910,-17778,-46.542694,-0.581784
104.6010,-17778,-46.542694,-0.581784
104.6110,-17778,-46.542694,-0.581784
104.6210,-17778,-46.542694,-0.581784
104.6310,-17778,-46.542694,-0.581784
104.6410,-17778,-46.542694,-0.581784
104.6510,-17778,-46.542694,-0.581784
104.6610,-17778,-46.542694,-0.581784
104.6710,-17778,-46.542694,-0.581784
104.6810,-17778,-46.542694,-0.581784
104.6910,-17779,-46.545314,-0.581816
104.7010,-17779,-46.545314,-0.581816
104.7110,-17779,-46.545314,-0.581816
104.7210,-17779,-46.545314,-0.581816
104.7310,-17779,-46.545314,-0.581816
104.7410,-17779,-46.545314,-0.581816
104.7510,-17779,-46.545314,-0.581816
104.7610,-17779,-46.545314,-0.581816
104.7710,-17779,-46.545314,-0.581816
104.7810,-17779,-46.545314,-0.581816
104.7910,-17779,-46.545314,-0.581816
104.8010,-17779,-46.545314,-0.581816
104.8110,-17779,-46.545314,-0.581816
104.8210,-17779,-46.545314,-0.581816
104.8310,-17779,-46.545314,-0.581816
104.8410,-17779,-46.545314,-0.581816
104.8510,-17779,-46.545314,-0.581816
104.8610,-17779,-46.545314,-0.581816
104.8710,-17779,-46.545314,-0.581816
104.8810,-17779,-46.545314,-0.581816
104.8910,-17780,-46.547931,-0.581849
104.9010,-17780,-46.547931,-0.581849
104.9110,-17780,-46.547931,-0.581849
104.9210,-17780,-46.547931,-0.581849
104.9310,-17780,-46.547931,-0.581849
104.9410,-17780,-46.547931,-0.581849
104.9510,-17780,-46.547931,-0.581849
104.9610,-17780,-46.547931,-0.581849
104.9710,-17780,-46.547931,-0.581849
104.9810,-17780,-46.547931,-0.581849
104.9910,-17780,-46.547931,-0.581849
105.0010,-17780,-46.547931,-0.581849
105.0110,-17780,-46.547931,-0.581849
105.0210,-17780,-46.547931,-0.581849
105.0310,-17780,-46.547931,-0.581849
105.0410,-17781,-46.550552,-0.581882
105.0520,-17781,-46.550552,-0.581882
105.0610,-17781,-46.550552,-0.581882
105.0710,-17781,-46.550552,-0.581882
105.0810,-17781,-46.550552,-0.581882
105.0910,-17781,-46.550552,-0.581882
105.1010,-17781,-46.550552,-0.581882
105.1110,-17781,-46.550552,-0.581882
105.1210,-17781,-46.550552,-0.581882
105.1310,-17781,-46.550552,-0.581882
105.1410,-17781,-46.550552,-0.581882
105.1510,-17781,-46.550552,-0.581882
105.1610,-17781,-46.550552,-0.581882
105.1710,-17781,-46.550552,-0.581882
105.1810,-17781,-46.550552,-0.581882
105.1910,-17781,-46.550552,-0.581882
105.2010,-17781,-46.550552,-0.581882
105.2110,-17781,-46.550552,-0.581882
105.2210,-17782,-46.553169,-0.581915
105.2310,-17782,-46.553169,-0.581915
105.2410,-17782,-46.553169,-0.581915
105.2510,-17782,-46.553169,-0.581915
105.2610,-17782,-46.553169,-0.581915
105.2710,-17782,-46.553169,-0.581915
105.2810,-17782,-46.553169,-0.581915
105.2910,-17782,-46.553169,-0.581915
105.3010,-17782,-46.553169,-0.581915
105.3110,-17782,-46.553169,-0.581915
105.3210,-17782,-46.553169,-0.581915
105.3310,-17782,-46.553169,-0.581915
105.3410,-17782,-46.553169,-0.581915
105.3510,-17782,-46.553169,-0.581915
105.3610,-17782,-46.553169,-0.581915
105.3710,-17782,-46.553169,-0.581915
105.3810,-17782,-46.553169,-0.581915
105.3910,-17782,-46.553169,-0.581915
105.4010,-17782,-46.553169,-0.581915
105.4110,-17782,-46.553169,-0.581915
105.4210,-17782,-46.553169,-0.581915
105.4310,-17782,-46.553169,-0.581915
105.4410,-17783,-46.555786,-0.581947
105.4510,-17783,-46.555786,-0.581947
105.4610,-17783,-46.555786,-0.581947
105.4710,-17783,-46.555786,-0.581947
105.4810,-17783,-46.555786,-0.581947
105.4910,-17783,-46.555786,-0.581947
105.5010,-17783,-46.555786,-0.581947
105.5110,-17783,-46.555786,-0.581947
105.5210,-17783,-46.555786,-0.581947
105.5310,-17783,-46.555786,-0.581947
105.5410,-17783,-46.555786,-0.581947
105.5510,-17783,-46.555786,-0.581947
105.5610,-17783,-46.555786,-0.581947
105.5710,-17783,-46.555786,-0.581947
105.5810,-17783,-46.555786,-0.581947
105.5910,-17783,-46.555786,-0.581947
105.6010,-17783,-46.555786,-0.581947
105.6110,-17783,-46.555786,-0.581947
105.6210,-17783,-46.555786,-0.581947
105.6310,-17783,-46.555786,-0.581947
105.6410,-17783,-46.555786,-0.581947
105.6510,-17784,-46.558403,-0.581980
105.6610,-17784,-46.558403,-0.581980
105.6710,-17784,-46.558403,-0.581980
105.6810,-17784,-46.558403,-0.581980
105.6920,-17784,-46.558403,-0.581980
105.7010,-17784,-46.558403,-0.581980
105.7110,-17784,-46.558403,-0.581980
105.7210,-17784,-46.558403,-0.581980
105.7310,-17784,-46.558403,-0.581980
105.7410,-17784,-46.558403,-0.581980
105.7510,-17784,-46.558403,-0.581980
105.7610,-17784,-46.558403,-0.581980
105.7710,-17784,-46.558403,-0.581980
105.7810,-17784,-46.558403,-0.581980
105.7910,-17784,-46.558403,-0.581980
105.8010,-17784,-46.558403,-0.581980
105.8110,-17784,-46.558403,-0.581980
105.8210,-17784,-46.558403,-0.581980
105.8310,-17784,-46.558403,-0.581980
105.8410,-17784,-46.558403,-0.581980
105.8510,-17784,-46.558403,-0.581980
105.8610,-17785,-46.561023,-0.582013
105.8710,-17785,-46.561023,-0.582013
105.8810,-17785,-46.561023,-0.582013
105.8910,-17785,-46.561023,-0.582013
105.9010,-17785,-46.561023,-0.582013
105.9110,-17785,-46.561023,-0.582013
105.9210,-17785,-46.561023,-0.582013
105.9310,-17785,-46.561023,-0.582013
105.9410,-17785,-46.561023,-0.582013
105.9510,-17785,-46.561023,-0.582013
105.9610,-17785,-46.561023,-0.582013
105.9710,-17786,-46.563640,-0.582045
105.9810,-17786,-46.563640,-0.582045
105.9910,-17786,-46.563640,-0.582045
106.0010,-17786,-46.563640,-0.582045
106.0110,-17786,-46.563640,-0.582045
106.0210,-17786,-46.563640,-0.582045
106.0310,-17786,-46.563640,-0.582045
106.0410,-17786,-46.563640,-0.582045
106.0510,-17786,-46.563640,-0.582045
106.0610,-17786,-46.563640,-0.582045
106.0710,-17786,-46.563640,-0.582045
106.0810,-17786,-46.563640,-0.582045
106.0910,-17786,-46.563640,-0.582045
106.1010,-17786,-46.563640,-0.582045
106.1110,-17786,-46.563640,-0.582045
106.1210,-17786,-46.563640,-0.582045
106.1310,-17786,-46.563640,-0.582045
106.1410,-17786,-46.563640,-0.582045
106.1510,-17786,-46.563640,-0.582045
106.1610,-17786,-46.563640,-0.582045
106.1710,-17786,-46.563640,-0.582045
106.1810,-17786,-46.563640,-0.582045
106.1910,-17787,-46.566257,-0.582078
106.2010,-17787,-46.566257,-0.582078
106.2110,-17787,-46.566257,-0.582078
106.2210,-17787,-46.566257,-0.582078
106.2310,-17787,-46.566257,-0.582078
106.2410,-17787,-46.566257,-0.582078
106.2510,-17787,-46.566257,-0.582078
106.2610,-17787,-46.566257,-0.582078
106.2710,-17787,-46.566257,-0.582078
106.2810,-17787,-46.566257,-0.582078
106.2910,-17787,-46.566257,-0.582078
106.3010,-17787,-46.566257,-0.582078
106.3110,-17787,-46.566257,-0.582078
106.3210,-17787,-46.566257,-0.582078
106.3320,-17787,-46.566257,-0.582078
106.3410,-17788,-46.568878,-0.582111
106.3510,-17788,-46.568878,-0.582111
106.3610,-17788,-46.568878,-0.582111
106.3710,-17788,-46.568878,-0.582111
106.3810,-17788,-46.568878,-0.582111
106.3910,-17788,-46.568878,-0.582111
106.4010,-17788,-46.568878,-0.582111
106.4110,-17788,-46.568878,-0.582111
106.4210,-17788,-46.568878,-0.582111
106.4310,-17788,-46.568878,-0.582111
106.4410,-17788,-46.568878,-0.582111
106.4510,-17788,-46.568878,-0.582111
106.4610,-17788,-46.568878,-0.582111
106.4710,-17788,-46.568878,-0.582111
106.4810,-17788,-46.568878,-0.582111
106.4910,-17788,-46.568878,-0.582111
106.5010,-17788,-46.568878,-0.582111
106.5110,-17789,-46.571495,-0.582144
106.5210,-17789,-46.571495,-0.582144
106.5310,-17789,-46.571495,-0.582144
106.5410,-17789,-46.571495,-0.582144
106.5510,-17789,-46.571495,-0.582144
106.5610,-17789,-46.571495,-0.582144
106.5710,-17789,-46.571495,-0.582144
106.5810,-17789,-46.571495,-0.582144
106.5910,-17789,-46.571495,-0.582144
106.6010,-17789,-46.571495,-0.582144
106.6110,-17789,-46.571495,-0.582144
106.6210,-17789,-46.571495,-0.582144
106.6310,-17789,-46.571495,-0.582144
106.6410,-17789,-46.571495,-0.582144
106.6510,-17789,-46.571495,-0.582144
106.6610,-17789,-46.571495,-0.582144
106.6710,-17789,-46.571495,-0.582144
106.6810,-17789,-46.571495,-0.582144
106.6910,-17789,-46.571495,-0.582144
106.7010,-17789,-46.571495,-0.582144
106.7110,-17789,-46.571495,-0.582144
106.7210,-17789,-46.571495,-0.582144
106.7310,-17790,-46.574111,-0.582176
106.7410,-17790,-46.574111,-0.582176
106.7510,-17790,-46.574111,-0.582176
106.7610,-17790,-46.574111,-0.582176
106.7710,-17790,-46.574111,-0.582176
106.7810,-17790,-46.574111,-0.582176
106.7910,-17790,-46.574111,-0.582176
106.8010,-17790,-46.574111,-0.582176
106.8110,-17790,-46.574111,-0.582176
106.8210,-17790,-46.574111,-0.582176
106.8310,-17790,-46.574111,-0.582176
106.8410,-17790,-46.574111,-0.582176
106.8510,-17790,-46.574111,-0.582176
106.8610,-17790,-46.574111,-0.582176
106.8710,-17790,-46.574111,-0.582176
106.8810,-17790,-46.574111,-0.582176
106.8910,-17790,-46.574111,-0.582176
106.9010,-17790,-46.574111,-0.582176
106.9110,-17790,-46.574111,-0.582176
106.9210,-17790,-46.574111,-0.582176
106.9310,-17790,-46.574111,-0.582176
106.9410,-17790,-46.574111,-0.582176
106.9510,-17791,-46.576728,-0.582209
106.9610,-17791,-46.576728,-0.582209
106.9720,-17791,-46.576728,-0.582209
106.9810,-17791,-46.576728,-0.582209
106.9910,-17791,-46.576728,-0.582209
107.0010,-17791,-46.576728,-0.582209
107.0110,-17791,-46.576728,-0.582209
107.0210,-17791,-46.576728,-0.582209
107.0310,-17791,-46.576728,-0.582209
107.0410,-17791,-46.576728,-0.582209
107.0510,-17791,-46.576728,-0.582209
107.0610,-17791,-46.576728,-0.582209
107.0710,-17791,-46.576728,-0.582209
107.0810,-17791,-46.576728,-0.582209
107.0910,-17791,-46.576728,-0.582209
107.1010,-17791,-46.576728,-0.582209
107.1110,-17791,-46.576728,-0.582209
107.1210,-17791,-46.576728,-0.582209
107.1310,-17791,-46.576728,-0.582209
107.1410,-17791,-46.576728,-0.582209
107.1510,-17791,-46.576728,-0.582209
107.1610,-17791,-46.576728,-0.582209
107.1710,-17791,-46.576728,-0.582209
107.1810,-17791,-46.576728,-0.582209
107.1910,-17791,-46.576728,-0.582209
107.2010,-17791,-46.576728,-0.582209
107.2110,-17791,-46.576728,-0.582209
107.2210,-17791,-46.576728,-0.582209
107.2310,-17791,-46.576728,-0.582209
107.2410,-17791,-46.576728,-0.582209
107.2510,-17791,-46.576728,-0.582209
107.2610,-17792,-46.579349,-0.582242
107.2710,-17792,-46.579349,-0.582242
107.2810,-17792,-46.579349,-0.582242
107.2910,-17792,-46.579349,-0.582242
107.3010,-17792,-46.579349,-0.582242
107.3110,-17792,-46.579349,-0.582242
107.3210,-17792,-46.579349,-0.582242
107.3310,-17792,-46.579349,-0.582242
107.3410,-17792,-46.579349,-0.582242
107.3510,-17792,-46.579349,-0.582242
107.3610,-17792,-46.579349,-0.582242
107.3710,-17792,-46.579349,-0.582242
107.3810,-17792,-46.579349,-0.582242
107.3910,-17792,-46.579349,-0.582242
107.4010,-17792,-46.579349,-0.582242
107.4110,-17792,-46.579349,-0.582242
107.4210,-17792,-46.579349,-0.582242
107.4310,-17792,-46.579349,-0.582242
107.4410,-17792,-46.579349,-0.582242
107.4510,-17792,-46.579349,-0.582242
107.4610,-17792,-46.579349,-0.582242
107.4710,-17792,-46.579349,-0.582242
107.4810,-17793,-46.581966,-0.582275
107.4910,-17793,-46.581966,-0.582275
107.5010,-17793,-46.581966,-0.582275
107.5110,-17793,-46.581966,-0.582275
107.5210,-17793,-46.581966,-0.582275
107.5310,-17793,-46.581966,-0.582275
107.5410,-17793,-46.581966,-0.582275
107.5510,-17793,-46.581966,-0.582275
107.5610,-17793,-46.581966,-0.582275
107.5710,-17793,-46.581966,-0.582275
107.5810,-17793,-46.581966,-0.582275
107.5910,-17793,-46.581966,-0.582275
107.6010,-17793,-46.581966,-0.582275
107.6120,-17793,-46.581966,-0.582275
107.6210,-17793,-46.581966,-0.582275
107.6310,-17793,-46.581966,-0.582275
107.6410,-17793,-46.581966,-0.582275
107.6510,-17793,-46.581966,-0.582275
107.6610,-17793,-46.581966,-0.582275
107.6710,-17793,-46.581966,-0.582275
107.6810,-17793,-46.581966,-0.582275
107.6910,-17793,-46.581966,-0.582275
107.7010,-17793,-46.581966,-0.582275
107.7110,-17793,-46.581966,-0.582275
107.7210,-17793,-46.581966,-0.582275
107.7310,-17793,-46.581966,-0.582275
107.7410,-17793,-46.581966,-0.582275
107.7510,-17793,-46.581966,-0.582275
107.7610,-17793,-46.581966,-0.582275
107.7710,-17793,-46.581966,-0.582275
107.7810,-17793,-46.581966,-0.582275
107.7910,-17793,-46.581966,-0.582275
107.8010,-17793,-46.581966,-0.582275
107.8110,-17793,-46.581966,-0.582275
107.8210,-17793,-46.581966,-0.582275
107.8310,-17793,-46.581966,-0.582275
107.8410,-17793,-46.581966,-0.582275
107.8510,-17793,-46.581966,-0.582275
107.8610,-17793,-46.581966,-0.582275
107.8710,-17793,-46.581966,-0.582275
107.8810,-17793,-46.581966,-0.582275
107.8910,-17793,-46.581966,-0.582275
107.9010,-17793,-46.581966,-0.582275
107.9110,-17793,-46.581966,-0.582275
107.9210,-17793,-46.581966,-0.582275
107.9310,-17793,-46.581966,-0.582275
107.9410,-17793,-46.581966,-0.582275
107.9510,-17793,-46.581966,-0.582275
107.9610,-17793,-46.581966,-0.582275
107.9710,-17793,-46.581966,-0.582275
107.9810,-17793,-46.581966,-0.582275
107.9910,-17793,-46.581966,-0.582275
108.0010,-17793,-46.581966,-0.582275
108.0110,-17793,-46.581966,-0.582275
108.0210,-17793,-46.581966,-0.582275
108.0310,-17793,-46.581966,-0.582275
108.0410,-17793,-46.581966,-0.582275
108.0510,-17793,-46.581966,-0.582275
108.0610,-17793,-46.581966,-0.582275
108.0710,-17793,-46.581966,-0.582275
108.0810,-17793,-46.581966,-0.582275
108.0910,-17793,-46.581966,-0.582275
108.1010,-17793,-46.581966,-0.582275
108.1110,-17793,-46.581966,-0.582275
108.1210,-17793,-46.581966,-0.582275
108.1310,-17793,-46.581966,-0.582275
108.1410,-17793,-46.581966,-0.582275
108.1510,-17793,-46.581966,-0.582275
108.1610,-17793,-46.581966,-0.582275
108.1710,-17793,-46.581966,-0.582275
108.1810,-17793,-46.581966,-0.582275
108.1910,-17793,-46.581966,-0.582275
108.2010,-17793,-46.581966,-0.582275
108.2110,-17793,-46.581966,-0.582275
108.2210,-17793,-46.581966,-0.582275
108.2310,-17793,-46.581966,-0.582275
108.2410,-17793,-46.581966,-0.582275
108.2520,-17793,-46.581966,-0.582275
108.2610,-17793,-46.581966,-0.582275
108.2710,-17793,-46.581966,-0.582275
108.2810,-17793,-46.581966,-0.582275
108.2910,-17793,-46.581966,-0.582275
108.3010,-17793,-46.581966,-0.582275
108.3110,-17793,-46.581966,-0.582275
108.3210,-17793,-46.581966,-0.582275
108.3310,-17793,-46.581966,-0.582275
108.3410,-17793,-46.581966,-0.582275
108.3510,-17793,-46.581966,-0.582275
108.3610,-17793,-46.581966,-0.582275
108.3710,-17793,-46.581966,-0.582275
108.3810,-17793,-46.581966,-0.582275
108.3910,-17793,-46.581966,-0.582275
108.4010,-17793,-46.581966,-0.582275
108.4110,-17793,-46.581966,-0.582275
108.4210,-17793,-46.581966,-0.582275
108.4310,-17793,-46.581966,-0.582275
108.4410,-17793,-46.581966,-0.582275
108.4510,-17793,-46.581966,-0.582275
108.4610,-17793,-46.581966,-0.582275
108.4710,-17793,-46.581966,-0.582275
108.4810,-17793,-46.581966,-0.582275
108.4910,-17793,-46.581966,-0.582275
108.5010,-17793,-46.581966,-0.582275
108.5110,-17793,-46.581966,-0.582275
108.5210,-17793,-46.581966,-0.582275
108.5310,-17793,-46.581966,-0.582275
108.5410,-17793,-46.581966,-0.582275
108.5510,-17793,-46.581966,-0.582275
108.5610,-17793,-46.581966,-0.582275
108.5710,-17793,-46.581966,-0.582275
108.5810,-17793,-46.581966,-0.582275
108.5910,-17793,-46.581966,-0.582275
108.6010,-17793,-46.581966,-0.582275
108.6110,-17793,-46.581966,-0.582275
108.6210,-17793,-46.581966,-0.582275
108.6310,-17793,-46.581966,-0.582275
108.6410,-17793,-46.581966,-0.582275
108.6510,-17793,-46.581966,-0.582275
108.6610,-17793,-46.581966,-0.582275
108.6710,-17793,-46.581966,-0.582275
108.6810,-17793,-46.581966,-0.582275
108.6910,-17793,-46.581966,-0.582275
108.7010,-17793,-46.581966,-0.582275
108.7110,-17793,-46.581966,-0.582275
108.7210,-17793,-46.581966,-0.582275
108.7310,-17793,-46.581966,-0.582275
108.7410,-17793,-46.581966,-0.582275
108.7510,-17793,-46.581966,-0.582275
108.7610,-17793,-46.581966,-0.582275
108.7710,-17793,-46.581966,-0.582275
108.7810,-17793,-46.581966,-0.582275
108.7910,-17793,-46.581966,-0.582275
108.8010,-17793,-46.581966,-0.582275
108.8110,-17793,-46.581966,-0.582275
108.8210,-17793,-46.581966,-0.582275
108.8310,-17793,-46.581966,-0.582275
108.8410,-17793,-46.581966,-0.582275
108.8510,-17793,-46.581966,-0.582275
108.8610,-17793,-46.581966,-0.582275
108.8710,-17793,-46.581966,-0.582275
108.8810,-17793,-46.581966,-0.582275
108.8920,-17793,-46.581966,-0.582275
108.9010,-17793,-46.581966,-0.582275
108.9110,-17793,-46.581966,-0.582275
108.9210,-17793,-46.581966,-0.582275
108.9310,-17793,-46.581966,-0.582275
108.9410,-17793,-46.581966,-0.582275
108.9510,-17793,-46.581966,-0.582275
108.9610,-17793,-46.581966,-0.582275
108.9710,-17793,-46.581966,-0.582275
108.9810,-17793,-46.581966,-0.582275
108.9910,-17793,-46.581966,-0.582275
109.0010,-17793,-46.581966,-0.582275
109.0110,-17793,-46.581966,-0.582275
109.0210,-17793,-46.581966,-0.582275
109.0310,-17793,-46.581966,-0.582275
109.0410,-17793,-46.581966,-0.582275
109.0510,-17793,-46.581966,-0.582275
109.0610,-17793,-46.581966,-0.582275
109.0710,-17793,-46.581966,-0.582275
109.0810,-17793,-46.581966,-0.582275
109.0910,-17793,-46.581966,-0.582275
109.1010,-17793,-46.581966,-0.582275
109.1110,-17793,-46.581966,-0.582275
109.1210,-17793,-46.581966,-0.582275
109.1310,-17793,-46.581966,-0.582275
109.1410,-17793,-46.581966,-0.582275
109.1510,-17793,-46.581966,-0.582275
109.1610,-17793,-46.581966,-0.582275
109.1710,-17793,-46.581966,-0.582275
109.1810,-17793,-46.581966,-0.582275
109.1910,-17793,-46.581966,-0.582275
109.2010,-17793,-46.581966,-0.582275
109.2110,-17793,-46.581966,-0.582275
109.2210,-17793,-46.581966,-0.582275
109.2310,-17793,-46.581966,-0.582275
109.2410,-17793,-46.581966,-0.582275
109.2510,-17793,-46.581966,-0.582275
109.2610,-17793,-46.581966,-0.582275
109.2710,-17793,-46.581966,-0.582275
109.2810,-17793,-46.581966,-0.582275
109.2910,-17793,-46.581966,-0.582275
109.3010,-17793,-46.581966,-0.582275
109.3110,-17793,-46.581966,-0.582275
109.3210,-17793,-46.581966,-0.582275
109.3310,-17793,-46.581966,-0.582275
109.3410,-17793,-46.581966,-0.582275
109.3510,-17793,-46.581966,-0.582275
109.3610,-17793,-46.581966,-0.582275
109.3710,-17793,-46.581966,-0.582275
109.3810,-17793,-46.581966,-0.582275
109.3910,-17793,-46.581966,-0.582275
109.4010,-17793,-46.581966,-0.582275
109.4110,-17793,-46.581966,-0.582275
109.4210,-17793,-46.581966,-0.582275
109.4310,-17793,-46.581966,-0.582275
109.4410,-17793,-46.581966,-0.582275
109.4510,-17793,-46.581966,-0.582275
109.4610,-17793,-46.581966,-0.582275
109.4710,-17793,-46.581966,-0.582275
109.4810,-17793,-46.581966,-0.582275
109.4910,-17793,-46.581966,-0.582275
109.5010,-17793,-46.581966,-0.582275
109.5110,-17793,-46.581966,-0.582275
109.5210,-17793,-46.581966,-0.582275
109.5320,-17793,-46.581966,-0.582275
109.5410,-17793,-46.581966,-0.582275
109.5510,-17793,-46.581966,-0.582275
109.5610,-17793,-46.581966,-0.582275
109.5710,-17793,-46.581966,-0.582275
109.5810,-17793,-46.581966,-0.582275
109.5910,-17793,-46.581966,-0.582275
109.6010,-17793,-46.581966,-0.582275
109.6110,-17793,-46.581966,-0.582275
109.6210,-17793,-46.581966,-0.582275
109.6310,-17793,-46.581966,-0.582275
109.6410,-17793,-46.581966,-0.582275
109.6510,-17793,-46.581966,-0.582275
109.6610,-17793,-46.581966,-0.582275
109.6710,-17793,-46.581966,-0.582275
109.6810,-17793,-46.581966,-0.582275
109.6910,-17793,-46.581966,-0.582275
109.7010,-17793,-46.581966,-0.582275
109.7110,-17793,-46.581966,-0.582275
109.7210,-17793,-46.581966,-0.582275
109.7310,-17793,-46.581966,-0.582275
109.7410,-17793,-46.581966,-0.582275
109.7510,-17793,-46.581966,-0.582275
109.7610,-17793,-46.581966,-0.582275
109.7710,-17793,-46.581966,-0.582275
109.7810,-17793,-46.581966,-0.582275
109.7910,-17793,-46.581966,-0.582275
109.8010,-17793,-46.581966,-0.582275
109.8110,-17793,-46.581966,-0.582275
109.8210,-17793,-46.581966,-0.582275
109.8310,-17793,-46.581966,-0.582275
109.8410,-17793,-46.581966,-0.582275
109.8510,-17793,-46.581966,-0.582275
109.8610,-17793,-46.581966,-0.582275
109.8710,-17793,-46.581966,-0.582275
109.8810,-17793,-46.581966,-0.582275
109.8910,-17793,-46.581966,-0.582275
109.9010,-17793,-46.581966,-0.582275
109.9110,-17793,-46.581966,-0.582275
109.9210,-17793,-46.581966,-0.582275
109.9310,-17793,-46.581966,-0.582275
109.9410,-17793,-46.581966,-0.582275
109.9510,-17793,-46.581966,-0.582275
109.9610,-17793,-46.581966,-0.582275
109.9710,-17793,-46.581966,-0.582275
109.9810,-17793,-46.581966,-0.582275
109.9910,-17793,-46.581966,-0.582275
110.0010,-17793,-46.581966,-0.582275
110.0110,-17793,-46.581966,-0.582275
110.0210,-17793,-46.581966,-0.582275
110.0310,-17793,-46.581966,-0.582275
110.0410,-17793,-46.581966,-0.582275
110.0510,-17793,-46.581966,-0.582275
110.0610,-17793,-46.581966,-0.582275
110.0710,-17793,-46.581966,-0.582275
110.0810,-17793,-46.581966,-0.582275
110.0910,-17793,-46.581966,-0.582275
110.1010,-17793,-46.581966,-0.582275
110.1110,-17793,-46.581966,-0.582275
110.1210,-17793,-46.581966,-0.582275
110.1310,-17793,-46.581966,-0.582275
110.1410,-17793,-46.581966,-0.582275
110.1510,-17793,-46.581966,-0.582275
110.1610,-17793,-46.581966,-0.582275
110.1720,-17793,-46.581966,-0.582275
110.1810,-17793,-46.581966,-0.582275
110.1910,-17793,-46.581966,-0.582275
110.2010,-17793,-46.581966,-0.582275
110.2110,-17793,-46.581966,-0.582275
110.2210,-17793,-46.581966,-0.582275
110.2310,-17793,-46.581966,-0.582275
110.2410,-17793,-46.581966,-0.582275
110.2510,-17793,-46.581966,-0.582275
110.2610,-17793,-46.581966,-0.582275
110.2710,-17793,-46.581966,-0.582275
110.2810,-17793,-46.581966,-0.582275
110.2910,-17793,-46.581966,-0.582275
110.3010,-17793,-46.581966,-0.582275
110.3110,-17793,-46.581966,-0.582275
110.3210,-17793,-46.581966,-0.582275
110.3310,-17793,-46.581966,-0.582275
110.3410,-17793,-46.581966,-0.582275
110.3510,-17793,-46.581966,-0.582275
110.3610,-17793,-46.581966,-0.582275
110.3710,-17793,-46.581966,-0.582275
110.3810,-17793,-46.581966,-0.582275
110.3910,-17793,-46.581966,-0.582275
110.4010,-17793,-46.581966,-0.582275
110.4110,-17793,-46.581966,-0.582275
110.4210,-17793,-46.581966,-0.582275
110.4310,-17793,-46.581966,-0.582275
110.4410,-17793,-46.581966,-0.582275
110.4510,-17793,-46.581966,-0.582275
110.4610,-17793,-46.581966,-0.582275
110.4710,-17793,-46.581966,-0.582275
110.4810,-17793,-46.581966,-0.582275
110.4910,-17793,-46.581966,-0.582275
110.5010,-17793,-46.581966,-0.582275
110.5110,-17793,-46.581966,-0.582275
110.5210,-17793,-46.581966,-0.582275
110.5310,-17793,-46.581966,-0.582275
110.5410,-17793,-46.581966,-0.582275
110.5510,-17793,-46.581966,-0.582275
110.5610,-17793,-46.581966,-0.582275
110.5710,-17793,-46.581966,-0.582275
110.5810,-17793,-46.581966,-0.582275
110.5910,-17793,-46.581966,-0.582275
110.6010,-17793,-46.581966,-0.582275
110.6110,-17793,-46.581966,-0.582275
110.6210,-17793,-46.581966,-0.582275
110.6310,-17793,-46.581966,-0.582275
110.6410,-17793,-46.581966,-0.582275
110.6510,-17793,-46.581966,-0.582275
110.6610,-17793,-46.581966,-0.582275
110.6710,-17793,-46.581966,-0.582275
110.6810,-17793,-46.581966,-0.582275
110.6910,-17793,-46.581966,-0.582275
110.7010,-17793,-46.581966,-0.582275
110.7110,-17793,-46.581966,-0.582275
110.7210,-17793,-46.581966,-0.582275
110.7310,-17793,-46.581966,-0.582275
110.7410,-17793,-46.581966,-0.582275
110.7510,-17793,-46.581966,-0.582275
110.7610,-17793,-46.581966,-0.582275
110.7710,-17793,-46.581966,-0.582275
110.7810,-17793,-46.581966,-0.582275
110.7910,-17793,-46.581966,-0.582275
110.8010,-17793,-46.581966,-0.582275
110.8120,-17793,-46.581966,-0.582275
110.8210,-17793,-46.581966,-0.582275
110.8310,-17793,-46.581966,-0.582275
110.8410,-17793,-46.581966,-0.582275
110.8510,-17793,-46.581966,-0.582275
110.8610,-17793,-46.581966,-0.582275
110.8710,-17793,-46.581966,-0.582275
110.8810,-17793,-46.581966,-0.582275
110.8910,-17793,-46.581966,-0.582275
110.9010,-17793,-46.581966,-0.582275
110.9110,-17793,-46.581966,-0.582275
110.9210,-17793,-46.581966,-0.582275
110.9310,-17793,-46.581966,-0.582275
110.9410,-17793,-46.581966,-0.582275
110.9510,-17793,-46.581966,-0.582275
110.9610,-17793,-46.581966,-0.582275
110.9710,-17793,-46.581966,-0.582275
110.9810,-17793,-46.581966,-0.582275
110.9910,-17793,-46.581966,-0.582275
111.0010,-17793,-46.581966,-0.582275
111.0110,-17793,-46.581966,-0.582275
111.0210,-17793,-46.581966,-0.582275
111.0310,-17793,-46.581966,-0.582275
111.0410,-17793,-46.581966,-0.582275
111.0510,-17793,-46.581966,-0.582275
111.0610,-17793,-46.581966,-0.582275
111.0710,-17793,-46.581966,-0.582275
111.0810,-17793,-46.581966,-0.582275
111.0910,-17793,-46.581966,-0.582275
111.1010,-17793,-46.581966,-0.582275
111.1110,-17793,-46.581966,-0.582275
111.1210,-17793,-46.581966,-0.582275
111.1310,-17793,-46.581966,-0.582275
111.1410,-17793,-46.581966,-0.582275
111.1510,-17793,-46.581966,-0.582275
111.1610,-17793,-46.581966,-0.582275
111.1710,-17793,-46.581966,-0.582275
111.1810,-17793,-46.581966,-0.582275
111.1910,-17793,-46.581966,-0.582275
111.2010,-17793,-46.581966,-0.582275
111.2110,-17793,-46.581966,-0.582275
111.2210,-17793,-46.581966,-0.582275
111.2310,-17793,-46.581966,-0.582275
111.2410,-17793,-46.581966,-0.582275
111.2510,-17793,-46.581966,-0.582275
111.2610,-17793,-46.581966,-0.582275
111.2710,-17793,-46.581966,-0.582275
111.2810,-17793,-46.581966,-0.582275
111.2910,-17793,-46.581966,-0.582275
111.3010,-17793,-46.581966,-0.582275
111.3110,-17793,-46.581966,-0.582275
111.3210,-17793,-46.581966,-0.582275
111.3310,-17793,-46.581966,-0.582275
111.3410,-17793,-46.581966,-0.582275
111.3510,-17793,-46.581966,-0.582275
111.3610,-17793,-46.581966,-0.582275
111.3710,-17793,-46.581966,-0.582275
111.3810,-17793,-46.581966,-0.582275
111.3910,-17793,-46.581966,-0.582275
111.4010,-17793,-46.581966,-0.582275
111.4110,-17793,-46.581966,-0.582275
111.4210,-17793,-46.581966,-0.582275
111.4310,-17793,-46.581966,-0.582275
111.4410,-17793,-46.581966,-0.582275
111.4520,-17793,-46.581966,-0.582275
111.4610,-17793,-46.581966,-0.582275
111.4710,-17793,-46.581966,-0.582275
111.4810,-17793,-46.581966,-0.582275
111.4910,-17793,-46.581966,-0.582275
111.5010,-17793,-46.581966,-0.582275
111.5110,-17793,-46.581966,-0.582275
111.5210,-17793,-46.581966,-0.582275
111.5310,-17793,-46.581966,-0.582275
111.5410,-17793,-46.581966,-0.582275
111.5510,-17793,-46.581966,-0.582275
111.5610,-17793,-46.581966,-0.582275
111.5710,-17793,-46.581966,-0.582275
111.5810,-17793,-46.581966,-0.582275
111.5910,-17793,-46.581966,-0.582275
111.6010,-17793,-46.581966,-0.582275
111.6110,-17793,-46.581966,-0.582275
111.6210,-17793,-46.581966,-0.582275
111.6310,-17793,-46.581966,-0.582275
111.6410,-17793,-46.581966,-0.582275
111.6510,-17793,-46.581966,-0.582275
111.6610,-17793,-46.581966,-0.582275
111.6710,-17793,-46.581966,-0.582275
111.6810,-17793,-46.581966,-0.582275
111.6910,-17793,-46.581966,-0.582275
111.7010,-17793,-46.581966,-0.582275
111.7110,-17793,-46.581966,-0.582275
111.7210,-17793,-46.581966,-0.582275
111.7310,-17793,-46.581966,-0.582275
111.7410,-17793,-46.581966,-0.582275
111.7510,-17793,-46.581966,-0.582275
111.7610,-17793,-46.581966,-0.582275
111.7710,-17793,-46.581966,-0.582275
111.7810,-17793,-46.581966,-0.582275
111.7910,-17793,-46.581966,-0.582275
111.8010,-17793,-46.581966,-0.582275
111.8110,-17793,-46.581966,-0.582275
111.8210,-17793,-46.581966,-0.582275
111.8310,-17793,-46.581966,-0.582275
111.8410,-17793,-46.581966,-0.582275
111.8510,-17793,-46.581966,-0.582275
111.8610,-17793,-46.581966,-0.582275
111.8710,-17793,-46.581966,-0.582275
111.8810,-17793,-46.581966,-0.582275
111.8910,-17793,-46.581966,-0.582275
111.9010,-17793,-46.581966,-0.582275
111.9110,-17793,-46.581966,-0.582275
111.9210,-17793,-46.581966,-0.582275
111.9310,-17793,-46.581966,-0.582275
111.9410,-17793,-46.581966,-0.582275
111.9510,-17793,-46.581966,-0.582275
111.9610,-17793,-46.581966,-0.582275
111.9710,-17793,-46.581966,-0.582275
111.9810,-17793,-46.581966,-0.582275
111.9910,-17793,-46.581966,-0.582275
112.0010,-17793,-46.581966,-0.582275
112.0110,-17793,-46.581966,-0.582275
112.0210,-17793,-46.581966,-0.582275
112.0310,-17793,-46.581966,-0.582275
112.0410,-17793,-46.581966,-0.582275
112.0510,-17793,-46.581966,-0.582275
112.0610,-17793,-46.581966,-0.582275
112.0710,-17793,-46.581966,-0.582275
112.0810,-17793,-46.581966,-0.582275
112.0920,-17793,-46.581966,-0.582275
112.1010,-17793,-46.581966,-0.582275
112.1110,-17793,-46.581966,-0.582275
112.1210,-17793,-46.581966,-0.582275
112.1310,-17793,-46.581966,-0.582275
112.1410,-17793,-46.581966,-0.582275
112.1510,-17793,-46.581966,-0.582275
112.1610,-17793,-46.581966,-0.582275
112.1710,-17793,-46.581966,-0.582275
112.1810,-17793,-46.581966,-0.582275
112.1910,-17793,-46.581966,-0.582275
112.2010,-17793,-46.581966,-0.582275
112.2110,-17793,-46.581966,-0.582275
112.2210,-17793,-46.581966,-0.582275
112.2310,-17793,-46.581966,-0.582275
112.2410,-17793,-46.581966,-0.582275
112.2510,-17793,-46.581966,-0.582275
112.2610,-17793,-46.581966,-0.582275
112.2710,-17793,-46.581966,-0.582275
112.2810,-17793,-46.581966,-0.582275
112.2910,-17793,-46.581966,-0.582275
112.3010,-17793,-46.581966,-0.582275
112.3110,-17793,-46.581966,-0.582275
112.3210,-17793,-46.581966,-0.582275
112.3310,-17793,-46.581966,-0.582275
112.3410,-17793,-46.581966,-0.582275
112.3510,-17793,-46.581966,-0.582275
112.3610,-17793,-46.581966,-0.582275
112.3710,-17793,-46.581966,-0.582275
112.3810,-17793,-46.581966,-0.582275
112.3910,-17793,-46.581966,-0.582275
112.4010,-17793,-46.581966,-0.582275
112.4110,-17793,-46.581966,-0.582275
112.4210,-17793,-46.581966,-0.582275
112.4310,-17793,-46.581966,-0.582275
112.4410,-17793,-46.581966,-0.582275
112.4510,-17793,-46.581966,-0.582275
112.4610,-17793,-46.581966,-0.582275
112.4710,-17793,-46.581966,-0.582275
112.4810,-17793,-46.581966,-0.582275
112.4910,-17793,-46.581966,-0.582275
112.5010,-17793,-46.581966,-0.582275
112.5110,-17793,-46.581966,-0.582275
112.5210,-17793,-46.581966,-0.582275
112.5310,-17793,-46.581966,-0.582275
112.5410,-17793,-46.581966,-0.582275
112.5510,-17793,-46.581966,-0.582275
112.5610,-17793,-46.581966,-0.582275
112.5710,-17793,-46.581966,-0.582275
112.5810,-17793,-46.581966,-0.582275
112.5910,-17793,-46.581966,-0.582275
112.6010,-17793,-46.581966,-0.582275
112.6110,-17793,-46.581966,-0.582275
112.6210,-17793,-46.581966,-0.582275
112.6310,-17793,-46.581966,-0.582275
112.6410,-17793,-46.581966,-0.582275
112.6510,-17793,-46.581966,-0.582275
112.6610,-17793,-46.581966,-0.582275
112.6710,-17793,-46.581966,-0.582275
112.6810,-17793,-46.581966,-0.582275
112.6910,-17793,-46.581966,-0.582275
112.7010,-17793,-46.581966,-0.582275
112.7110,-17793,-46.581966,-0.582275
112.7210,-17793,-46.581966,-0.582275
112.7320,-17793,-46.581966,-0.582275
112.7410,-17793,-46.581966,-0.582275
112.7510,-17793,-46.581966,-0.582275
112.7610,-17793,-46.581966,-0.582275
112.7710,-17793,-46.581966,-0.582275
112.7810,-17793,-46.581966,-0.582275
112.7910,-17793,-46.581966,-0.582275
112.8010,-17793,-46.581966,-0.582275
112.8110,-17793,-46.581966,-0.582275
112.8210,-17793,-46.581966,-0.582275
112.8310,-17793,-46.581966,-0.582275
112.8410,-17793,-46.581966,-0.582275
112.8510,-17793,-46.581966,-0.582275
112.8610,-17793,-46.581966,-0.582275
112.8710,-17793,-46.581966,-0.582275
112.8810,-17793,-46.581966,-0.582275
112.8910,-17793,-46.581966,-0.582275
112.9010,-17793,-46.581966,-0.582275
112.9110,-17793,-46.581966,-0.582275
112.9210,-17793,-46.581966,-0.582275
112.9310,-17793,-46.581966,-0.582275
112.9410,-17793,-46.581966,-0.582275
112.9510,-17793,-46.581966,-0.582275
112.9610,-17793,-46.581966,-0.582275
112.9710,-17793,-46.581966,-0.582275
112.9810,-17793,-46.581966,-0.582275
112.9910,-17793,-46.581966,-0.582275
113.0010,-17793,-46.581966,-0.582275
113.0110,-17793,-46.581966,-0.582275
113.0210,-17793,-46.581966,-0.582275
113.0310,-17793,-46.581966,-0.582275
113.0410,-17793,-46.581966,-0.582275
113.0510,-17793,-46.581966,-0.582275
113.0610,-17793,-46.581966,-0.582275
113.0710,-17793,-46.581966,-0.582275
113.0810,-17793,-46.581966,-0.582275
113.0910,-17793,-46.581966,-0.582275
113.1010,-17793,-46.581966,-0.582275
113.1110,-17793,-46.581966,-0.582275
113.1210,-17793,-46.581966,-0.582275
113.1310,-17793,-46.581966,-0.582275
113.1410,-17793,-46.581966,-0.582275
113.1510,-17793,-46.581966,-0.582275
113.1610,-17793,-46.581966,-0.582275
113.1710,-17793,-46.581966,-0.582275
113.1810,-17793,-46.581966,-0.582275
113.1910,-17793,-46.581966,-0.582275
113.2010,-17793,-46.581966,-0.582275
113.2110,-17793,-46.581966,-0.582275
113.2210,-17793,-46.581966,-0.582275
113.2310,-17793,-46.581966,-0.582275
113.2410,-17793,-46.581966,-0.582275
113.2510,-17793,-46.581966,-0.582275
113.2610,-17793,-46.581966,-0.582275
113.2710,-17793,-46.581966,-0.582275
113.2810,-17793,-46.581966,-0.582275
113.2910,-17793,-46.581966,-0.582275
113.3010,-17793,-46.581966,-0.582275
113.3110,-17793,-46.581966,-0.582275
113.3210,-17793,-46.581966,-0.582275
113.3310,-17793,-46.581966,-0.582275
113.3410,-17793,-46.581966,-0.582275
113.3510,-17793,-46.581966,-0.582275
113.3610,-17793,-46.581966,-0.582275
113.3720,-17793,-46.581966,-0.582275
113.3810,-17793,-46.581966,-0.582275
113.3910,-17793,-46.581966,-0.582275
113.4010,-17793,-46.581966,-0.582275
113.4110,-17793,-46.581966,-0.582275
113.4210,-17793,-46.581966,-0.582275
113.4310,-17793,-46.581966,-0.582275
113.4410,-17793,-46.581966,-0.582275
113.4510,-17793,-46.581966,-0.582275
113.4610,-17793,-46.581966,-0.582275
113.4710,-17793,-46.581966,-0.582275
113.4810,-17793,-46.581966,-0.582275
113.4910,-17793,-46.581966,-0.582275
113.5010,-17793,-46.581966,-0.582275
113.5110,-17793,-46.581966,-0.582275
113.5210,-17793,-46.581966,-0.582275
113.5310,-17793,-46.581966,-0.582275
113.5410,-17793,-46.581966,-0.582275
113.5510,-17793,-46.581966,-0.582275
113.5610,-17793,-46.581966,-0.582275
113.5710,-17793,-46.581966,-0.582275
113.5810,-17793,-46.581966,-0.582275
113.5910,-17793,-46.581966,-0.582275
113.6010,-17793,-46.581966,-0.582275
113.6110,-17793,-46.581966,-0.582275
113.6210,-17793,-46.581966,-0.582275
113.6310,-17793,-46.581966,-0.582275
113.6410,-17793,-46.581966,-0.582275
113.6510,-17793,-46.581966,-0.582275
113.6610,-17793,-46.581966,-0.582275
113.6710,-17793,-46.581966,-0.582275
113.6810,-17793,-46.581966,-0.582275
113.6910,-17793,-46.581966,-0.582275
113.7010,-17793,-46.581966,-0.582275
113.7110,-17793,-46.581966,-0.582275
113.7210,-17793,-46.581966,-0.582275
113.7310,-17793,-46.581966,-0.582275
113.7410,-17793,-46.581966,-0.582275
113.7510,-17793,-46.581966,-0.582275
113.7610,-17793,-46.581966,-0.582275
113.7710,-17793,-46.581966,-0.582275
113.7810,-17793,-46.581966,-0.582275
113.7910,-17793,-46.581966,-0.582275
113.8010,-17793,-46.581966,-0.582275
113.8110,-17793,-46.581966,-0.582275
113.8210,-17793,-46.581966,-0.582275
113.8310,-17793,-46.581966,-0.582275
113.8410,-17793,-46.581966,-0.582275
113.8510,-17793,-46.581966,-0.582275
113.8610,-17793,-46.581966,-0.582275
113.8710,-17793,-46.581966,-0.582275
113.8810,-17793,-46.581966,-0.582275
113.8910,-17793,-46.581966,-0.582275
113.9010,-17793,-46.581966,-0.582275
113.9110,-17793,-46.581966,-0.582275
113.9210,-17793,-46.581966,-0.582275
113.9310,-17793,-46.581966,-0.582275
113.9410,-17793,-46.581966,-0.582275
113.9510,-17793,-46.581966,-0.582275
113.9610,-17793,-46.581966,-0.582275
113.9710,-17793,-46.581966,-0.582275
113.9810,-17793,-46.581966,-0.582275
113.9910,-17793,-46.581966,-0.582275
114.0010,-17793,-46.581966,-0.582275
114.0120,-17793,-46.581966,-0.582275
114.0210,-17793,-46.581966,-0.582275
114.0310,-17793,-46.581966,-0.582275
114.0410,-17793,-46.581966,-0.582275
114.0510,-17793,-46.581966,-0.582275
114.0610,-17793,-46.581966,-0.582275
114.0710,-17793,-46.581966,-0.582275
114.0810,-17793,-46.581966,-0.582275
114.0910,-17793,-46.581966,-0.582275
114.1010,-17793,-46.581966,-0.582275
114.1110,-17793,-46.581966,-0.582275
114.1210,-17793,-46.581966,-0.582275
114.1310,-17793,-46.581966,-0.582275
114.1410,-17793,-46.581966,-0.582275
114.1510,-17793,-46.581966,-0.582275
114.1610,-17793,-46.581966,-0.582275
114.1710,-17793,-46.581966,-0.582275
114.1810,-17793,-46.581966,-0.582275
114.1910,-17793,-46.581966,-0.582275
114.2010,-17793,-46.581966,-0.582275
114.2110,-17793,-46.581966,-0.582275
114.2210,-17793,-46.581966,-0.582275
114.2310,-17793,-46.581966,-0.582275
114.2410,-17793,-46.581966,-0.582275
114.2510,-17793,-46.581966,-0.582275
114.2610,-17793,-46.581966,-0.582275
114.2710,-17793,-46.581966,-0.582275
114.2810,-17793,-46.581966,-0.582275
114.2910,-17793,-46.581966,-0.582275
114.3010,-17793,-46.581966,-0.582275
114.3110,-17793,-46.581966,-0.582275
114.3210,-17793,-46.581966,-0.582275
114.3310,-17793,-46.581966,-0.582275
114.3410,-17793,-46.581966,-0.582275
114.3510,-17793,-46.581966,-0.582275
114.3610,-17793,-46.581966,-0.582275
114.3710,-17793,-46.581966,-0.582275
114.3810,-17793,-46.581966,-0.582275
114.3910,-17793,-46.581966,-0.582275
114.4010,-17793,-46.581966,-0.582275
114.4110,-17793,-46.581966,-0.582275
114.4210,-17793,-46.581966,-0.582275
114.4310,-17793,-46.581966,-0.582275
114.4410,-17793,-46.581966,-0.582275
114.4510,-17793,-46.581966,-0.582275
114.4610,-17793,-46.581966,-0.582275
114.4710,-17793,-46.581966,-0.582275
114.4810,-17793,-46.581966,-0.582275
114.4910,-17793,-46.581966,-0.582275
114.5010,-17793,-46.581966,-0.582275
114.5110,-17793,-46.581966,-0.582275
